trade_date,isin,symbol,series,open,high,low,close,last_price,prev_close,volume,turnover,trades
2026-07-20,IN0020200104,SGBJUN28,GB,13950.0,14045.0,13950.0,14026.66,14020.0,14025.25,120,1682458.71,40
2026-07-20,IN0020200286,SGBN28VIII,GB,13999.0,14094.99,13999.0,14031.0,14031.0,13999.98,288,4039012.52,31
2026-07-20,IN0020210053,SGBMAY29I,GB,14290.0,14290.0,14025.0,14050.73,14050.0,14059.82,199,2795198.18,49
2026-07-20,IN0020210061,SGBJUN29II,GB,14000.0,14100.0,14000.0,14067.31,14085.0,13969.09,147,2068070.08,29
2026-07-20,IN0020210087,SGBJU29III,GB,13994.25,14064.0,13994.25,14035.0,14035.0,13994.25,146,2048569.15,47
2026-07-20,IN0020210145,SGBSEP29VI,GB,14000.0,14268.0,14000.0,14060.5,14061.0,13979.3,181,2546130.4,35
2026-07-20,IN0020210178,SGBNV29VII,GB,14050.0,14089.99,14006.01,14030.71,14025.0,13999.0,158,2217459.36,43
2026-07-20,IN0020180249,SGBOCT26,GB,14200.0,14200.0,14200.0,14200.0,14200.0,14380.0,1,14200.0,1
2026-07-20,IN0020180314,SGBNOV26,GB,14098.05,14098.05,14098.05,14098.05,14098.05,14098.0,1,14098.05,1
2026-07-20,IN0020180389,SGBDEC26,GB,14230.0,14230.0,14230.0,14230.0,14230.0,13944.0,2,28460.0,1
2026-07-20,IN0020190073,SGBJUN27,GB,13905.01,14000.0,13905.01,13999.9,13999.9,13842.0,21,293204.19,6
2026-07-20,IN0020190081,SGBJUL27,GB,14039.99,14039.99,14039.99,14039.99,14039.99,13964.03,23,322919.77,3
2026-07-20,IN0020190107,SGBAUG27,GB,14050.0,14260.0,14001.0,14049.21,14050.0,14006.43,308,4320991.89,21
2026-07-20,IN0020190115,SGBSEP27,GB,13925.0,13925.0,13925.0,13925.0,13925.0,13865.03,8,111400.0,1
2026-07-20,IN0020180462,SGBJAN27,GB,14044.98,14050.0,13831.11,14050.0,14050.0,14044.98,9,125638.31,4
2026-07-20,IN0020190370,SGBOCT27,GB,13979.43,14099.98,13979.43,14046.01,14046.01,13979.43,26,363882.74,10
2026-07-20,IN0020180561,SGBFEB27,GB,14050.0,14050.0,14001.0,14050.0,14050.0,14050.0,6,84114.0,4
2026-07-20,IN0020190388,SGBOCT27VI,GB,13994.99,13994.99,13965.0,13965.0,13965.0,13994.99,2,27959.99,2
2026-07-20,IN0020190461,SGBDC27VII,GB,14125.0,14125.0,13951.01,14015.1,14039.0,14124.7,35,491078.1,10
2026-07-20,IN0020200062,SGBAPR28I,GB,13981.81,14298.0,13981.81,14049.99,14049.99,13981.81,161,2264742.01,44
2026-07-20,IN0020200088,SGBMAY28,GB,14000.0,14050.0,14000.0,14005.21,14005.21,13958.46,83,1165249.83,11
2026-07-20,IN0020200146,SGBJUL28IV,GB,13975.0,14050.0,13951.69,14000.71,14000.0,13973.69,715,10014917.57,63
2026-07-20,IN0020190545,SGBFEB28IX,GB,14000.0,14099.99,14000.0,14099.99,14099.99,14040.0,40,563199.68,6
2026-07-20,IN0020200161,SGBAUG28V,GB,14100.37,14110.0,14055.0,14106.6,14100.0,14009.37,1158,16309698.64,100
2026-07-20,IN0020200195,SGBSEP28VI,GB,14029.09,14045.0,14011.0,14041.2,14045.0,13990.0,205,2873611.35,25
2026-07-20,IN0020200203,SGBOC28VII,GB,14065.0,14065.0,14065.0,14065.0,14065.0,13996.33,20,281300.0,1
2026-07-20,IN0020210111,SGBJUL29IV,GB,13998.72,14068.71,13998.72,14019.25,14005.01,13998.72,362,5071722.33,48
2026-07-20,IN0020200377,SGBJAN29IX,GB,14001.34,14093.99,14000.0,14010.42,14000.01,13996.91,106,1485939.36,42
2026-07-20,IN0020210129,SGBAUG29V,GB,14076.3,14178.99,14051.0,14059.99,14051.0,14076.3,66,929330.22,30
2026-07-20,IN0020210228,SGBD29VIII,GB,14050.0,14098.33,14002.0,14083.33,14090.0,14018.85,110,1546362.31,35
2026-07-20,IN0020200385,SGBJAN29X,GB,13982.09,14128.0,13982.09,14029.19,14065.0,13982.09,77,1078940.85,35
2026-07-20,IN0020200393,SGBFEB29XI,GB,14025.0,14139.99,14025.0,14099.69,14099.99,14025.0,178,2506556.0,27
2026-07-20,IN0020200427,SGBMR29XII,GB,14031.95,14075.0,14025.0,14032.6,14032.03,13991.03,100,1403418.18,23
2026-07-20,IN0020220045,SGBJUN30,GB,14190.0,14191.75,14100.0,14152.34,14150.02,14191.75,82,1161008.1,32
2026-07-20,IN0020220078,SGBAUG30,GB,14180.0,14260.0,14153.0,14250.0,14200.0,14173.23,311,4418632.06,54
2026-07-20,IN0020220110,SGBDE30III,GB,14175.35,14398.95,14175.35,14348.83,14220.0,14175.35,258,3683769.77,107
2026-07-20,IN0020210236,SGBJAN30IX,GB,14098.06,14186.56,14033.53,14100.01,14100.0,14027.93,121,1704615.03,35
2026-07-20,IN0020210319,SGBMAR30X,GB,14150.0,14175.0,14150.0,14175.0,14175.0,14128.12,7,99075.01,5
2026-07-20,IN0020230069,SGBJUN31I,GB,14111.0,14499.85,14111.0,14361.76,14360.0,14301.68,897,12854718.4,188
2026-07-20,IN0020230093,SGBSEP31II,GB,14321.01,14439.99,14316.0,14354.85,14344.0,14320.7,1740,24979134.33,200
2026-07-20,IN0020230168,SGBDE31III,GB,14450.0,14499.99,14420.0,14422.73,14431.0,14443.07,1106,15980864.52,245
2026-07-20,IN0020220169,SGBMAR31IV,GB,14260.0,14449.0,14205.05,14336.25,14370.0,14260.31,432,6184286.89,74
2026-07-20,IN0020230184,SGBFEB32IV,GB,14416.2,14688.98,14244.06,14546.13,14550.0,14535.54,1218,17722732.44,281
2026-07-20,INE144J01027,20MICRONS,EQ,203.5,209.25,202.0,206.27,207.0,204.64,242306,50004322.01,5167
2026-07-20,INE253B01015,21STCENMGM,EQ,34.39,34.39,33.16,34.38,34.38,33.72,3115,106577.11,43
2026-07-20,INE466L01038,360ONE,EQ,1105.0,1128.9,1102.2,1126.5,1123.0,1113.7,881095,986833903.7,37395
2026-07-20,INF579M01BB5,GOLD360,EQ,137.95,138.5,136.65,138.25,138.5,136.45,8027,1106020.2,223
2026-07-20,INF579M01BP5,MSCI360,EQ,10.19,10.19,10.09,10.13,10.17,10.14,869,8800.87,21
2026-07-20,INF579M01BC3,SILVER360,EQ,213.97,214.7,212.61,213.74,213.6,210.78,15785,3376046.32,546
2026-07-20,INE994E01018,3BBLACKBIO,EQ,1241.0,1290.0,1222.2,1267.4,1281.0,1250.4,14764,18578530.6,1690
2026-07-20,INE748C01038,3IINFOLTD,EQ,18.65,18.94,18.33,18.72,18.65,18.3,477160,8911956.46,1740
2026-07-20,INE470A01017,3MINDIA,EQ,34940.0,35570.0,34710.0,35240.0,35150.0,34870.0,3974,139822445.0,2359
2026-07-20,INE105C01023,3PLAND,EQ,32.15,32.15,31.51,31.71,31.71,31.93,6193,198119.99,58
2026-07-20,INE618L01018,5PAISA,EQ,366.65,379.75,363.05,377.8,374.05,365.6,53969,20052956.1,2604
2026-07-20,INE111B01023,63MOONS,EQ,718.0,736.7,712.2,728.6,725.8,724.15,154463,111922009.1,7286
2026-07-20,INE787H07156,740IIFCL33,N1,1147.0,1147.0,1147.0,1147.0,1147.0,1140.0,1000,1147000.0,1
2026-07-20,INE031A07865,751HUDCO28,N5,1058.67,1058.67,1058.67,1058.67,1058.67,1059.52,20,21173.4,1
2026-07-20,INE134E07588,760PFCL35,N3,1201.25,1201.25,1201.25,1201.25,1201.25,1201.25,139,166973.75,1
2026-07-20,INE261F07032,764NABAR31,N2,1103.11,1103.11,1103.11,1103.11,1103.11,1105.01,100,110311.0,1
2026-07-20,INE031A07AO5,764HUDCO31,N8,1111.1,1111.1,1110.61,1110.61,1110.61,1116.0,250,277709.49,4
2026-07-20,INE020B07GH7,812REC27,NI,1020.0,1020.0,1020.0,1020.0,1020.0,1026.0,100,102000.0,1
2026-07-20,INE031A07840,82HUDCO27,N2,1049.79,1049.79,1042.75,1043.31,1043.31,1043.3,1206,1257892.47,11
2026-07-20,INE134E07208,830PFCL27,N5,1078.0,1078.0,1076.0,1076.0,1076.0,1077.0,195,210020.0,2
2026-07-20,INE906B07DF8,875NHAI29,N6,1108.4,1108.4,1105.05,1106.0,1106.0,1105.01,81,89641.0,6
2026-07-20,INE031A07949,876HUDCO28,ND,1131.0,1139.0,1130.21,1135.34,1135.06,1140.0,500,567043.59,9
2026-07-20,INE787H07370,891IIFCL34,N4,1248.3,1250.0,1243.0,1243.0,1243.0,1250.0,1000,1247770.75,11
2026-07-20,INE733E07JJ9,891NTPC33,N6,1271.1,1275.0,1271.1,1275.0,1275.0,1278.99,1660,2112600.0,16
2026-07-20,INE031A07AB2,901HUDCO34,NE,1271.0,1271.0,1265.0,1270.0,1270.0,1265.03,1379,1748298.5,16
2026-07-20,INE08PH01015,ABCOTS,EQ,205.9,205.9,200.73,202.47,202.1,202.9,8692,1757322.75,374
2026-07-20,INE00YB01025,ABINFRA,EQ,10.07,11.03,9.97,10.14,10.19,10.08,5403193,56249090.62,16257
2026-07-20,INE850B01026,ABMKNO,EQ,198.01,202.0,192.0,194.04,194.0,200.45,5738,1129677.84,146
2026-07-20,INE366C01021,ACSTECH,EQ,42.2,42.2,41.06,41.65,42.07,41.42,83123,3445806.72,805
2026-07-20,INE701G01012,AKCAPIT,EQ,1780.5,1847.9,1728.1,1829.7,1825.0,1781.6,5885,10501566.7,354
2026-07-20,INE619I01012,A2ZINFRA,EQ,13.0,13.09,12.5,12.58,12.56,12.84,141939,1798576.49,503
2026-07-20,INE0D0U01013,AAATECH,EQ,88.0,94.0,87.0,92.68,93.45,89.4,61869,5624073.82,1345
2026-07-20,INE883F01010,AADHARHFC,EQ,517.25,524.45,508.25,510.55,510.4,517.25,332074,170317767.8,13723
2026-07-20,INE1GYP01013,AAKAAR,SM,69.0,69.0,69.0,69.0,69.0,72.0,1600,110400.0,1
2026-07-20,INE087Z01024,AAKASH,EQ,9.13,9.15,8.95,8.98,8.96,8.95,55100,495951.76,224
2026-07-20,INE124401014,AARADHYA,SM,75.0,75.0,75.0,75.0,75.0,75.0,1200,90000.0,1
2026-07-20,INE198H01019,AAREYDRUGS,BE,73.41,76.01,73.41,76.01,76.01,74.9,63479,4763993.39,59
2026-07-20,INE750R01016,AARNAV,EQ,28.62,33.0,26.4,31.52,30.62,28.34,358176,10306513.27,2447
2026-07-20,INE721Z01010,AARON,EQ,115.05,117.74,115.05,115.98,117.5,117.74,8527,991640.05,283
2026-07-20,INE01C001026,AARTECH,BE,47.58,49.15,47.01,48.41,48.49,47.58,23064,1098013.4,91
2026-07-20,INE767A01016,AARTIDRUGS,EQ,417.05,422.5,410.0,418.0,419.35,422.3,196390,81811313.6,6810
2026-07-20,INE769A01020,AARTIIND,EQ,492.7,502.6,489.35,495.4,495.6,493.95,713939,354204512.55,18636
2026-07-20,INE0LRU01027,AARTIPHARM,EQ,707.0,713.4,693.0,697.95,700.0,707.9,104785,73529643.6,11227
2026-07-20,INE09EO01013,AARTISURF,EQ,389.0,397.75,389.0,391.75,394.85,392.3,4172,1636603.15,274
2026-07-20,INE754X01016,AARVI,EQ,148.4,159.7,147.4,156.5,158.3,148.87,89002,13809323.51,2460
2026-07-20,INE2FMX01012,AASTHA,EQ,115.0,122.0,105.33,107.55,107.0,116.14,4800833,538378461.32,17292
2026-07-20,INE0OB201016,AATMAJ,SM,18.25,18.25,18.25,18.25,18.25,18.5,2000,36500.0,1
2026-07-20,INE216P01012,AAVAS,EQ,1477.0,1515.0,1476.9,1497.4,1496.6,1481.4,34533,51774895.8,6938
2026-07-20,INE421A01028,ABAN,BE,14.66,15.35,14.21,14.99,15.0,14.62,43477,652592.13,268
2026-07-20,INE365O01028,ABANSENT,BE,27.01,28.24,27.01,28.21,28.21,28.24,2835,78608.62,21
2026-07-20,INE00ZE01026,AFSL,EQ,202.24,202.49,201.0,201.09,201.04,202.24,6053,1217617.09,92
2026-07-20,INE117A01022,ABB,EQ,7495.5,7574.0,7416.5,7517.0,7532.0,7506.0,272955,2044187843.5,30211
2026-07-20,INE358A01014,ABBOTINDIA,EQ,28055.0,28345.0,27910.0,28275.0,28260.0,28055.0,8865,249974740.0,3763
2026-07-20,INE0CAJ01017,AILIMITED,ST,39.75,39.75,39.75,39.75,39.75,37.9,10500,417375.0,7
2026-07-20,INE251C01025,ABMINTLLTD,EQ,44.17,44.17,41.2,42.82,43.98,40.16,163,7081.61,14
2026-07-20,INE0QRV01016,ABSMARINE,ST,226.6,231.0,220.15,227.2,225.5,226.4,23000,5252700.0,43
2026-07-20,INE012A01025,ACC,EQ,1375.0,1393.2,1361.0,1381.4,1384.5,1377.7,192858,265316413.1,15590
2026-07-20,INE793A01012,ACCELYA,EQ,1150.0,1168.4,1127.0,1158.9,1155.0,1150.8,11235,12955678.1,1234
2026-07-20,INE0Q5D01013,ACCENTMIC,SM,521.0,530.0,518.1,527.55,530.0,513.4,531500,277243800.0,281
2026-07-20,INE0T8T01010,ACCPL,ST,164.1,164.1,164.1,164.1,164.1,165.65,1200,196920.0,1
2026-07-20,INE648Z01023,ACCURACY,BE,4.87,5.0,4.84,4.9,4.97,4.87,64234,315690.23,176
2026-07-20,INE543V01017,ACEINTEG,EQ,20.12,20.21,19.94,19.99,20.0,20.31,4647,93221.79,41
2026-07-20,INE622W01025,ACMESOLAR,EQ,383.0,393.9,375.25,377.55,376.5,385.25,1381083,527792827.0,30010
2026-07-20,INE731H01025,ACE,EQ,987.4,1001.3,983.5,991.6,995.0,987.4,187267,185604266.8,11001
2026-07-20,INE0KLO01025,ACTIVEINFR,SM,179.8,179.8,179.8,179.8,179.8,179.8,600,107880.0,1
2026-07-20,INE00FF01025,ACUTAAS,EQ,3619.4,3671.7,3601.7,3656.2,3660.6,3619.4,189140,689620822.3,21194
2026-07-20,INE931S01010,ADANIENSOL,EQ,1725.0,1739.4,1704.5,1729.5,1730.0,1722.6,1234783,2131412262.0,40758
2026-07-20,INE423A01024,ADANIENT,EQ,3162.7,3189.0,3133.0,3183.3,3180.0,3160.7,994778,3150195299.3,47187
2026-07-20,INE364U01010,ADANIGREEN,EQ,1523.7,1539.8,1498.0,1530.0,1530.0,1513.9,2120925,3219932986.9,50686
2026-07-20,INE742F01042,ADANIPORTS,EQ,1836.1,1853.7,1828.0,1844.0,1842.0,1837.4,754950,1391125859.0,45483
2026-07-20,INE814H01029,ADANIPOWER,EQ,215.75,220.51,213.71,219.97,219.8,214.45,25750666,5607164597.65,105713
2026-07-20,INE399L01023,ATGL,EQ,711.0,717.6,707.55,712.9,713.3,706.6,763619,543920650.05,16848
2026-07-20,INE0RDH01021,ADDICTIVE,SM,38.05,39.55,38.05,39.55,39.55,37.7,21000,829725.0,30
2026-07-20,INE982B01027,ADFFOODS,EQ,297.0,302.45,295.95,300.5,300.0,299.1,77029,23101021.4,3623
2026-07-20,INE20PL01012,ADISOFT,SM,184.85,191.0,184.0,185.6,184.0,185.7,43200,8094680.0,38
2026-07-20,INE404A01024,ABSLAMC,EQ,1145.0,1167.3,1115.0,1118.6,1122.0,1150.6,416720,472822897.4,36739
2026-07-20,INE674K01013,ABCAPITAL,EQ,400.95,402.85,394.25,401.15,401.35,401.55,2087546,833767318.85,48398
2026-07-20,INE647O01011,ABFRL,EQ,57.81,58.3,56.94,57.28,57.4,57.85,2910357,166990009.81,13362
2026-07-20,INE14LE01019,ABLBL,EQ,94.23,95.9,94.22,95.36,95.5,94.88,311014,29548696.09,4105
2026-07-20,INE865C01022,BIRLAMONEY,EQ,136.02,140.0,134.68,135.65,136.3,136.02,59497,8146898.12,1306
2026-07-20,INE055A01016,ABREL,EQ,1431.7,1456.5,1419.2,1441.8,1441.0,1448.6,81565,117381415.5,6449
2026-07-20,INE819V01029,CPPLUS,EQ,3556.1,3661.0,3535.0,3565.9,3559.9,3614.4,141169,506712167.0,20691
2026-07-20,INE01YQ01013,AUSL,SM,25.15,25.15,24.9,24.9,24.9,24.65,4000,100100.0,2
2026-07-20,INE679V01027,AVL,EQ,635.0,640.0,630.6,637.3,640.0,634.3,56958,36246799.0,9560
2026-07-20,INF209KB18D3,BSLGOLDETF,EQ,123.97,124.99,123.73,124.16,124.03,123.3,174005,21565959.17,1845
2026-07-20,INF209KB19D1,BSLNIFTY,EQ,28.49,28.69,28.19,28.41,28.48,28.49,1025182,29113227.23,7414
2026-07-20,INE045A01017,ADOR,EQ,1386.0,1460.0,1376.5,1455.3,1458.0,1384.1,111326,160358547.6,14627
2026-07-20,INE737B01033,ADROITINFO,EQ,8.89,9.3,8.89,9.23,9.25,8.84,16950,155453.01,110
2026-07-20,INE0ALI01010,ADVAIT,EQ,2090.0,2248.0,2071.0,2232.8,2246.0,2085.4,89130,196243492.2,14633
2026-07-20,INE1B0W01010,ADVANCE,EQ,114.8,114.8,110.84,113.1,112.47,113.66,144721,16330058.34,2008
2026-07-20,INE837H01020,ADVENZYMES,EQ,319.0,323.65,317.05,319.05,319.0,320.6,99200,31682634.7,2979
2026-07-20,INE199C01026,ADVANIHOTR,EQ,51.81,52.59,51.6,51.75,51.61,51.9,11314,587791.38,335
2026-07-20,INE28GN01010,ADVENTHTL,EQ,148.5,150.07,147.1,148.46,148.22,149.23,49748,7376459.52,1179
2026-07-20,INE1SJO01012,RAMBHAJO,EQ,214.11,219.8,209.21,213.51,217.5,214.11,547430,117492998.91,9653
2026-07-20,INE208C01025,AEGISLOG,EQ,1344.0,1434.5,1339.4,1383.9,1383.0,1349.1,3704330,5216197182.7,130612
2026-07-20,INE0INX01018,AEGISVOPAK,EQ,272.8,282.5,270.52,281.02,281.0,271.24,2212225,616495237.58,35806
2026-07-20,INE423A07500,AEL12126,NI,1040.0,1040.0,1040.0,1040.0,1040.0,1038.0,20,20800.0,1
2026-07-20,INE423A07559,AEL120126,NL,1011.11,1021.0,1011.11,1021.0,1021.0,1011.0,22,22402.66,4
2026-07-20,INE423A07492,848AEL29,NJ,1016.0,1025.0,1016.0,1025.0,1025.0,1008.0,118,120555.0,7
2026-07-20,INE423A07484,860AEL28,NH,1039.5,1039.5,1039.5,1039.5,1039.5,1043.0,6,6237.0,1
2026-07-20,INE423A07518,862AEL31,NM,1012.0,1012.0,1012.0,1012.0,1012.0,1011.87,40,40480.0,1
2026-07-20,INE423A07526,890AEL31,NN,1042.52,1046.5,1042.52,1045.17,1045.0,1042.5,659,688832.62,10
2026-07-20,INE423A07450,895AEL27,N9,1015.0,1015.0,1015.0,1015.0,1015.0,1005.0,50,50750.0,4
2026-07-20,INE423A07435,915AEL28,NC,1035.0,1035.0,1018.01,1018.14,1018.01,1020.0,926,956556.29,4
2026-07-20,INE423A07393,930AEL30,NF,1030.0,1049.0,1030.0,1043.27,1040.0,1030.0,1049,1090337.78,17
2026-07-20,INE947N01017,AEQUS,EQ,227.95,245.4,226.58,240.37,240.4,228.38,6822694,1640499616.17,62323
2026-07-20,INE065D01027,AEROENTER,EQ,117.46,122.2,117.2,120.34,120.77,117.46,296696,35740909.36,3326
2026-07-20,INE024001021,AEROFLEX,EQ,406.0,417.95,405.0,406.25,406.75,410.6,520796,213696350.65,11007
2026-07-20,INE035801013,AERONEU,EQ,90.41,93.45,87.23,89.34,87.79,89.46,74959,6737438.81,2091
2026-07-20,INE0WL801011,AERON,SM,81.0,81.15,80.35,80.9,80.35,83.0,8000,647600.0,5
2026-07-20,INE0TSF01011,AESTHETIK,SM,70.2,73.0,70.2,73.0,73.0,75.0,7000,502300.0,6
2026-07-20,INE0BWX01014,AETHER,EQ,1475.3,1475.9,1443.2,1450.6,1448.0,1475.3,95907,139226963.3,9112
2026-07-20,INE101I01011,AFCONS,EQ,298.0,298.0,291.5,295.95,296.0,299.75,1283422,378330944.75,18667
2026-07-20,INE00WC01027,AFFLE,EQ,1520.0,1526.2,1498.0,1518.3,1510.0,1532.5,217933,329645990.2,15415
2026-07-20,INE692Z01013,AFFORDABLE,BE,201.51,201.51,191.44,191.44,191.44,201.51,15366,2970804.04,300
2026-07-20,INE916Y07073,1150AFIL29,N0,9189.0,9205.1,9189.0,9205.1,9205.1,9189.0,32,294473.82,6
2026-07-20,INE916Y07040,12AFIL27A,N0,10020.0,10045.0,10020.0,10045.0,10045.0,9976.0,183,1834733.95,9
2026-07-20,INE916Y07032,12AFIL27,N0,9896.32,9896.32,9896.32,9896.32,9896.32,9896.32,2,19792.64,2
2026-07-20,INE916Y07057,12AFIL28,N0,9974.0,9974.0,9974.0,9974.0,9974.0,9972.0,5,49870.0,1
2026-07-20,INE204E01012,AGARIND,EQ,495.0,508.6,483.75,502.65,504.8,495.4,38597,19135624.25,2332
2026-07-20,INE0P8X01016,AGARWALTUF,SM,135.15,142.95,135.15,142.25,142.95,136.05,38400,5376780.0,30
2026-07-20,INE415A01038,AGI,EQ,693.0,701.3,684.55,695.65,699.4,696.2,47711,33081282.0,3569
2026-07-20,INE976R01033,AGIIL,EQ,337.25,340.2,332.0,334.25,334.6,337.4,903823,302915679.15,9006
2026-07-20,INE0LF301013,AGNI,SM,17.0,18.0,17.0,17.95,17.95,17.35,15000,267000.0,4
2026-07-20,INE449G01018,AGRITECH,BE,110.0,111.0,107.2,109.13,108.7,110.0,1882,205348.64,82
2026-07-20,INE740V01019,AGROPHOS,EQ,30.25,30.25,29.06,29.86,29.88,29.5,6960,207665.93,94
2026-07-20,INE583L01014,AGSTRA,BZ,2.21,2.21,2.21,2.21,2.21,2.32,196600,434486.0,176
2026-07-20,INE00PV01013,AHLADA,EQ,37.8,38.95,37.22,38.67,38.85,38.18,6167,235407.22,131
2026-07-20,INE758C01029,AHLUCONT,EQ,853.25,862.0,842.7,844.7,843.1,853.25,16059,13654800.8,3588
2026-07-20,INE212H01026,AIAENG,EQ,4628.0,4710.0,4622.0,4657.5,4652.0,4647.5,35891,167195194.5,10651
2026-07-20,INE0RUV01018,AIMTRON,SM,1347.0,1357.9,1330.0,1343.6,1338.0,1345.5,18200,24429830.0,87
2026-07-20,INE805A01014,GOLDTECH,BE,56.09,56.09,54.01,54.58,54.88,56.37,22875,1253441.39,162
2026-07-20,INE645W01026,AIRAN,EQ,15.45,15.59,15.01,15.29,15.3,15.36,18492,282593.25,169
2026-07-20,INE801L01010,AIROLAM,EQ,90.82,90.82,86.4,89.91,90.0,90.82,3628,322575.2,96
2026-07-20,INE031B01049,AJANTPHARM,EQ,3440.0,3481.0,3419.6,3469.0,3466.5,3419.4,54972,190452737.1,9228
2026-07-20,INE274Y01021,AJAXENGG,EQ,595.0,600.05,587.0,593.85,590.5,594.7,39718,23578957.95,3649
2026-07-20,INE298G01035,AJMERA,EQ,126.0,130.5,125.61,129.89,129.89,126.8,319381,40965211.07,4247
2026-07-20,INE820Y01021,AJOONI,EQ,4.22,4.25,4.1,4.2,4.18,4.14,384411,1606944.7,452
2026-07-20,INE0PCY01014,AKANKSHA,ST,87.75,91.8,87.75,91.0,91.0,89.7,10000,900050.0,7
2026-07-20,INE737W01013,AKASH,EQ,27.7,27.9,26.89,27.82,27.9,27.04,6861,188643.87,55
2026-07-20,INE00Y801016,AKG,EQ,9.98,10.25,9.9,9.99,9.94,9.91,2240,22369.66,78
2026-07-20,INE642Z01026,AKI,EQ,4.65,4.73,4.48,4.67,4.68,4.47,195090,888038.28,250
2026-07-20,INE0PMR01017,AKIKO,ST,320.05,336.05,320.0,336.05,336.05,320.05,33600,11203560.0,36
2026-07-20,INE916Y01027,AFIL,EQ,9.59,9.74,9.03,9.7,9.68,9.41,1092402,10389001.15,1138
2026-07-20,INE523B01011,AKSHOPTFBR,BE,5.56,5.56,5.55,5.55,5.55,5.66,217131,1206014.87,160
2026-07-20,INE256Z01025,AKSHAR,EQ,0.43,0.44,0.42,0.42,0.43,0.42,309467,131756.65,240
2026-07-20,INE542B01011,AKSHARCHEM,BE,235.0,241.0,223.25,235.03,235.0,235.0,2272,523890.62,72
2026-07-20,INE09XN01023,AKUMS,EQ,667.25,680.9,666.25,676.55,676.8,664.95,187244,126673175.0,10144
2026-07-20,INE914E01040,ALANKIT,EQ,7.94,8.25,7.82,7.9,7.9,7.88,66563,529568.83,401
2026-07-20,INE155C01010,ALBERTDAVD,EQ,692.15,705.0,690.05,698.0,700.0,700.3,4064,2827602.9,177
2026-07-20,INE426A01027,ALEMBICLTD,EQ,88.12,90.99,88.12,90.27,90.54,88.42,144325,12936309.18,1581
2026-07-20,INE901L01018,APLLTD,EQ,827.0,849.9,825.35,842.65,849.9,825.1,81589,68236923.7,7967
2026-07-20,INE598D01035,ALGOQUANT,EQ,64.05,64.75,62.72,64.34,64.42,64.55,1000149,63621562.61,4217
2026-07-20,INE062D01024,ALICON,EQ,639.9,639.9,620.0,623.75,624.45,633.45,11324,7083716.45,801
2026-07-20,INE03Q201024,ALIVUS,EQ,1138.9,1144.8,1129.0,1132.3,1139.0,1133.3,40180,45625273.8,5239
2026-07-20,INE773I01017,ALKALI,BE,82.99,87.0,80.0,84.95,85.03,82.88,4583,385351.63,64
2026-07-20,INE540L01014,ALKEM,EQ,5595.0,5689.0,5564.0,5653.5,5652.5,5563.0,108861,615990150.5,19507
2026-07-20,INE150B01039,ALKYLAMINE,EQ,1826.9,1849.9,1819.6,1831.0,1834.0,1826.9,26332,48241073.8,3999
2026-07-20,INE0M2X01012,ALLETEC,ST,138.35,139.0,137.0,138.0,138.0,139.0,4000,552620.0,9
2026-07-20,INE0GV601021,ALLTIME,EQ,245.97,245.97,238.0,241.52,240.1,245.97,34517,8316443.91,975
2026-07-20,INE1YPB01014,AGL,EQ,12.6,13.18,12.25,12.9,13.14,12.59,6825818,87556423.38,14852
2026-07-20,INE418H01029,ALLCARGO,EQ,7.91,8.13,7.81,8.06,8.11,7.91,3018157,24116917.13,4051
2026-07-20,INE0NN701020,ATL,EQ,22.5,23.54,22.5,23.44,23.5,23.0,78226,1816227.83,441
2026-07-20,INE835G01018,ALLDIGI,EQ,816.8,861.0,816.8,837.8,840.8,812.75,18864,15864272.35,1245
2026-07-20,INE552Z01027,ABDL,EQ,622.35,629.35,616.05,626.35,625.0,616.55,170346,106056184.95,8572
2026-07-20,INE102I01027,ADSL,EQ,118.92,120.2,117.12,118.58,118.1,119.54,86142,10195008.28,2028
2026-07-20,INE326B01035,ALMONDZ,EQ,13.25,13.39,12.97,13.04,13.21,13.28,31752,415397.2,204
2026-07-20,INE270A01029,ALOKINDS,EQ,12.39,12.39,12.11,12.22,12.23,12.32,4184842,51202819.79,6369
2026-07-20,INE385I01010,ALPA,EQ,69.0,69.76,67.2,68.55,69.5,68.49,5634,385154.26,184
2026-07-20,INE0R4701017,ALPEXSOLAR,SM,860.0,902.0,850.0,899.3,900.0,856.55,46400,40849595.0,342
2026-07-20,INE137C01018,ALPHAGEO,EQ,204.0,204.0,198.0,200.25,200.9,197.49,2687,535335.44,74
2026-07-20,INE0STM01017,ALUWIND,SM,46.4,46.4,44.1,46.3,46.3,46.0,9000,405825.0,6
2026-07-20,INE121R01077,AMAGI,EQ,558.0,605.0,551.0,593.2,593.0,562.8,390921,230874816.2,19882
2026-07-20,INE084K01015,AMANTA,BE,168.84,168.84,164.64,164.64,164.64,168.0,69986,11621384.7,234
2026-07-20,INE885A01032,ARE&M,EQ,908.0,929.8,903.85,911.3,913.75,907.4,1212551,1114341869.35,44594
2026-07-20,INE293601014,AMBAAUTO,SM,83.0,83.0,81.05,81.35,82.0,81.7,38000,3106000.0,16
2026-07-20,INE432A01017,AMBALALSA,EQ,31.13,31.29,30.78,30.94,30.83,30.89,12929,400749.95,120
2026-07-20,INE371P01015,AMBER,EQ,7765.5,7879.5,7670.0,7859.0,7836.5,7804.5,138160,1078749885.0,15772
2026-07-20,INE792B01012,AMBICAAGAR,EQ,24.5,24.99,24.07,24.56,24.6,24.89,377,9302.1,23
2026-07-20,INE540G01014,AMBIKCO,EQ,1722.1,1739.9,1705.0,1710.2,1705.2,1728.2,7957,13664522.9,752
2026-07-20,INE079A01024,AMBUJACEM,EQ,436.8,442.35,432.0,437.8,435.1,438.5,1504285,658491818.2,25123
2026-07-20,INE005I01014,AMDIND,EQ,43.1,46.3,43.1,45.94,46.3,43.84,15154,688098.76,158
2026-07-20,INE275D01022,AMNPLST,EQ,199.93,202.4,190.5,192.75,192.95,201.0,13905,2703977.04,704
2026-07-20,INE05TO01019,AEROPLANE,EQ,184.1,194.36,181.8,193.07,194.36,185.11,1030038,196470875.29,6847
2026-07-20,INE606A01024,AMJLAND,EQ,37.0,37.99,36.52,37.48,37.15,37.16,2910,108532.62,116
2026-07-20,INE098F01031,AMRUTANJAN,EQ,535.0,551.5,534.0,546.65,549.0,538.2,63994,34827024.4,3126
2026-07-20,INE549H01021,ARSSBL,EQ,533.0,534.05,522.95,525.5,523.95,533.9,173546,91644732.8,3974
2026-07-20,INE463V01026,ANANDRATHI,EQ,2073.0,2104.9,2060.0,2082.7,2090.0,2072.7,122508,256036433.1,8407
2026-07-20,INE242C01024,ANANTRAJ,EQ,595.0,603.0,582.5,600.8,602.5,592.1,3798674,2259161500.0,68601
2026-07-20,INE1UA823019,ANANTAM,IV,105.5,105.5,104.22,105.0,105.0,104.32,10884,1145022.22,105
2026-07-20,INE0VG001016,AMCL,SM,434.0,434.0,415.0,424.65,424.65,416.0,8400,3590840.0,10
2026-07-20,INE666E01020,ACL,EQ,49.8,49.8,48.15,49.02,49.2,49.01,25772,1261987.04,281
2026-07-20,INE435A01051,ANDHRAPAP,EQ,60.75,61.99,60.16,60.87,61.02,60.77,53381,3250370.98,822
2026-07-20,INE715B01021,ANDHRSUGAR,EQ,82.76,83.7,80.61,81.89,82.45,82.76,295994,24371555.31,2932
2026-07-20,INE732I01021,ANGELONE,EQ,328.05,329.8,323.55,324.35,324.4,328.95,6434814,2097081587.25,45315
2026-07-20,INE635Y01015,AISL,SM,54.1,57.9,54.0,55.95,54.0,56.7,3600,199200.0,4
2026-07-20,INE087B01017,ANIKINDS,BE,43.3,43.64,42.09,42.25,43.46,43.3,3026,127875.91,46
2026-07-20,INE071F01012,APCL,EQ,104.9,106.7,101.02,101.49,101.42,101.48,3232,333644.01,103
2026-07-20,INE106I01010,ANKITMETAL,BZ,1.52,1.52,1.43,1.46,1.52,1.45,113364,171299.57,83
2026-07-20,INE0Y8W01025,AHCL,EQ,14.73,15.15,14.61,15.0,15.01,14.73,2505634,37355026.19,3909
2026-07-20,INE0LR101013,ANLON,ST,626.05,677.0,626.05,668.0,668.0,654.2,5200,3455600.0,11
2026-07-20,INE02AR01019,ANMOL,EQ,10.83,10.83,10.26,10.64,10.57,10.68,12756,135201.12,130
2026-07-20,INE0MGM01017,ANNAPURNA,SM,129.05,135.05,129.05,131.55,131.55,133.55,41750,5513762.5,64
2026-07-20,INE0VTV01012,ANONDITA,SM,1130.15,1130.15,1110.0,1113.5,1113.0,1130.15,16000,17888680.0,44
2026-07-20,INE436A01026,ANSALAPI,BZ,2.83,2.83,2.83,2.83,2.83,2.78,152,430.16,8
2026-07-20,INE414B01021,ANTGRAPHIC,EQ,0.77,0.78,0.75,0.75,0.77,0.76,112880,86247.4,189
2026-07-20,INE818A01017,ANTELOPUS,EQ,835.1,861.8,835.1,861.8,861.8,820.8,77843,66656695.1,2008
2026-07-20,INE0CZ201020,ANTHEM,EQ,777.0,807.25,777.0,791.55,789.3,777.0,1254996,997786145.25,57753
2026-07-20,INE01BK01022,AWHCL,EQ,445.15,449.9,442.05,449.05,449.8,445.15,38099,17003135.85,2204
2026-07-20,INE489G01022,ANUHPHR,EQ,78.26,81.75,78.2,80.61,80.99,79.01,57139,4581104.33,924
2026-07-20,INE930P01018,ANURAS,EQ,1263.6,1273.8,1263.6,1267.9,1266.0,1267.5,473915,601826951.1,4941
2026-07-20,INE0SI601032,ANYA,SM,15.55,15.6,15.3,15.4,15.4,15.55,45000,696250.0,7
2026-07-20,INF1J2R01114,AONEGOLD,EQ,12.94,13.29,12.94,13.22,13.2,13.1,411032,5424588.52,1374
2026-07-20,INF1J2R01056,AONELIQUID,EQ,1068.93,1068.93,1068.91,1068.93,1068.93,1068.77,11919,12740476.53,56
2026-07-20,INF1J2R01064,AONENIFTY,EQ,10.27,10.37,9.82,9.99,10.0,10.02,145242,1447712.37,1284
2026-07-20,INF1J2R01171,AONESILVER,EQ,8.26,8.4,8.23,8.33,8.32,8.19,520043,4320290.07,977
2026-07-20,INF1J2R01148,AONETMMQ50,EQ,10.03,10.16,9.89,10.09,10.1,9.99,48446,487929.56,304
2026-07-20,INF1J2R01015,AONETOTAL,EQ,11.87,11.95,11.51,11.88,11.88,11.87,104580,1241114.08,1836
2026-07-20,INE372A01015,APARINDS,EQ,13680.0,14062.0,13572.0,13883.0,13870.0,13836.0,78109,1080290968.0,23699
2026-07-20,INE116A01032,APCOTEXIND,EQ,526.0,554.5,526.0,552.1,552.6,529.1,154911,84463654.05,6481
2026-07-20,INE0T4V01015,APEXECO,ST,264.8,264.8,250.05,250.05,250.05,252.3,6400,1646200.0,8
2026-07-20,INE346W01013,APEX,EQ,400.5,407.95,394.0,403.8,404.2,400.25,94759,38135096.25,4225
2026-07-20,INE702C01027,APLAPOLLO,EQ,1795.4,1821.8,1789.3,1814.3,1813.0,1795.4,410486,744074476.2,26664
2026-07-20,INE437A01024,APOLLOHOSP,EQ,8825.0,9000.0,8771.5,8905.0,8925.0,8826.0,317613,2824706584.5,41149
2026-07-20,INE713T01028,APOLLO,EQ,393.0,396.15,389.5,392.8,391.35,397.8,3635432,1428478689.8,37079
2026-07-20,INE126J01016,APOLLOPIPE,EQ,502.0,502.0,489.95,493.35,494.5,499.5,95805,47312133.5,3517
2026-07-20,INE451F01024,APOLSINHOT,EQ,1245.6,1245.6,1150.0,1203.7,1211.9,1245.6,4312,5129459.9,479
2026-07-20,INE438A01022,APOLLOTYRE,EQ,428.0,431.25,426.25,428.7,428.9,430.65,379115,162431450.05,12124
2026-07-20,INE0LQG01010,APRAMEYA,SM,150.0,153.8,150.0,153.8,153.8,147.0,1000,151900.0,2
2026-07-20,INE0M2307404,915APSBC33,N0,104828.63,104828.63,104828.63,104828.63,104828.63,103800.0,10,1048286.3,1
2026-07-20,INE1OOJ01011,APSISAERO,ST,393.6,393.65,393.6,393.65,393.65,385.95,18000,7084980.0,14
2026-07-20,INE266F01018,APTECHT,BE,96.0,97.0,92.0,95.05,95.5,95.99,116289,11023206.9,837
2026-07-20,INE852O01025,APTUS,EQ,307.95,308.85,304.15,305.45,304.5,306.85,837847,256675949.1,23455
2026-07-20,INE416A01051,AQYLON,EQ,31.77,31.77,31.77,31.77,31.77,33.44,58336,1853334.72,398
2026-07-20,INE0YDV01010,ARCIIL,ST,40.0,40.9,40.0,40.9,40.9,40.0,6000,241750.0,4
2026-07-20,INE128X01021,ACI,EQ,550.5,575.45,546.15,566.9,565.1,550.4,706311,397620610.95,32674
2026-07-20,INE0CHO01012,ADL,EQ,69.99,72.4,69.11,72.25,71.62,69.84,36,2590.18,11
2026-07-20,INE877I01016,ARCHIDPLY,EQ,79.01,81.58,78.51,80.91,81.57,79.8,23146,1873861.66,86
2026-07-20,INE731A01020,ARCHIES,EQ,14.49,14.49,13.9,14.0,14.0,14.45,12775,179620.97,85
2026-07-20,INE784R01023,ARFIN,EQ,84.52,87.43,84.52,86.02,85.35,85.92,1981986,171276922.79,6920
2026-07-20,INE0L2Y01011,ARHAM,SM,136.0,148.9,135.3,141.55,144.0,137.85,45000,6286800.0,37
2026-07-20,INE298I01015,ARIES,EQ,344.9,346.95,340.1,345.45,345.0,344.9,8069,2774837.0,386
2026-07-20,INE420B01036,ARIHANTCAP,EQ,71.8,77.49,71.8,75.54,75.1,72.64,539025,40802550.55,4829
2026-07-20,INE413D01011,ARIHANT,EQ,819.15,872.0,794.55,860.7,870.0,802.8,9024,7629083.2,618
2026-07-20,INE643K01018,ARIHANTSUP,EQ,269.4,269.4,253.1,262.2,260.0,262.1,95375,24747980.1,547
2026-07-20,INE0H9P01028,ARIS,EQ,112.28,116.0,110.39,114.86,114.05,110.39,588962,67075444.28,7087
2026-07-20,INE082101010,ARISTO,ST,115.0,115.0,115.0,115.0,115.0,115.0,1600,184000.0,2
2026-07-20,INE0QRL01017,ARKADE,EQ,141.2,141.28,137.1,138.06,138.8,139.66,279824,38973684.87,3084
2026-07-20,INE109C01017,ARMANFIN,EQ,1964.0,1973.4,1924.2,1943.7,1960.0,1958.2,19908,38763979.1,3154
2026-07-20,INE0TZX01019,ARMOUR,ST,18.6,18.6,18.1,18.1,18.1,18.65,4000,73400.0,2
2026-07-20,INE210C01013,AROGRANITE,EQ,25.26,25.26,24.7,25.08,25.26,25.0,1523,38134.75,31
2026-07-20,INE570D01018,ARROWGREEN,BE,670.5,689.0,645.0,667.3,667.15,670.0,14654,9732125.35,291
2026-07-20,INE968D01022,ARSHIYA,BZ,0.97,1.0,0.97,0.98,0.99,0.99,108133,105773.31,64
2026-07-20,INE738V01013,ARTNIRMAN,EQ,40.2,40.2,39.96,39.96,39.96,40.0,15,600.78,5
2026-07-20,INE757T01025,AEPL,EQ,16.29,16.37,15.71,15.93,16.23,16.29,9123,147332.42,88
2026-07-20,INE025R01021,ARTEMISMED,EQ,267.3,277.45,267.2,270.75,270.4,269.35,137434,37548511.15,4868
2026-07-20,INE0TTG01017,ARUNAYA,ST,15.5,15.7,15.5,15.7,15.7,15.5,8000,124400.0,4
2026-07-20,INE006Z01016,ARVEE,EQ,158.11,159.8,158.0,158.0,158.0,158.01,341,53888.21,20
2026-07-20,INE955V01021,ARVINDFASN,EQ,470.5,479.05,464.75,474.75,474.1,466.05,273425,129556041.5,12875
2026-07-20,INE034A01011,ARVIND,EQ,537.45,542.1,530.05,530.75,530.5,535.95,247967,132667178.95,12887
2026-07-20,INE0P4T01013,ARVINDPORT,ST,29.0,29.0,29.0,29.0,29.0,28.9,3000,87000.0,1
2026-07-20,INE034S01021,ARVSMART,EQ,605.3,605.7,595.0,597.7,595.0,602.3,11387,6827864.2,904
2026-07-20,INE439A01020,ASAHIINDIA,EQ,882.1,895.7,866.6,889.85,895.0,881.2,54855,48192002.0,6335
2026-07-20,INE228I01012,ASAHISONG,EQ,266.75,279.9,264.0,270.9,274.75,266.5,7884,2140275.5,1026
2026-07-20,INE0LAA01017,ASHALOG,SM,52.05,52.5,52.05,52.5,52.5,54.0,2000,104550.0,2
2026-07-20,INE348A01023,ASHAPURMIN,EQ,694.8,694.9,680.1,688.45,690.8,689.65,205274,141250727.0,8180
2026-07-20,INE365D01021,ASHIANA,EQ,371.0,375.1,368.6,373.6,371.15,374.8,19176,7130835.9,1147
2026-07-20,INE094B01013,ASHIKA,EQ,396.0,402.1,396.0,399.7,399.9,399.3,287357,114892892.15,853
2026-07-20,INE440A01010,ASHIMASYN,EQ,15.29,17.23,15.0,17.22,17.23,14.36,2423428,39933415.74,7213
2026-07-20,INE208A01029,ASHOKLEY,EQ,154.46,155.5,152.83,154.8,154.92,155.23,9115147,1405446741.81,54606
2026-07-20,INE442H01029,ASHOKA,EQ,124.0,125.33,122.42,123.59,123.3,123.93,627279,77575466.21,5887
2026-07-20,INE760Y01011,ASHOKAMET,EQ,14.37,14.5,14.13,14.41,14.5,14.37,9550,137223.9,109
2026-07-20,INE1A6Q01010,ASHWINI,SM,200.0,211.0,200.0,206.5,206.5,197.0,41000,8519550.0,38
2026-07-20,INE276G01015,ASIANENE,EQ,359.9,367.0,350.1,355.6,353.0,356.65,147286,52682088.35,4899
2026-07-20,INE022I01019,ASIANTILES,EQ,46.15,46.8,46.0,46.3,46.4,46.36,325069,15078659.34,1860
2026-07-20,INE926K01017,AHLEAST,EQ,147.0,159.0,143.7,151.5,149.15,147.32,13301,2015389.7,223
2026-07-20,INE363A01022,ASIANHOTNR,EQ,295.8,307.45,293.25,296.1,297.1,295.25,12352,3684919.15,647
2026-07-20,INE915K01010,AHLWEST,BE,571.95,571.95,548.0,560.0,560.0,573.85,565,318918.1,28
2026-07-20,INE021A01026,ASIANPAINT,EQ,2689.0,2708.5,2666.7,2691.4,2688.0,2689.0,571087,1534371537.1,36321
2026-07-20,INE194D01017,ASTAR,EQ,620.0,639.0,610.0,622.85,610.0,599.0,358,225764.55,21
2026-07-20,INE491J01022,ASKAUTOLTD,EQ,485.0,485.95,474.45,477.35,477.75,482.1,81353,39040764.1,6212
2026-07-20,INE991I01015,ASPINWALL,EQ,250.35,257.1,250.35,251.5,251.5,249.11,835,210436.04,37
2026-07-20,INE0S7801010,ASPIRE,SM,13.5,13.5,13.5,13.5,13.5,13.5,2000,27000.0,1
2026-07-20,INE073G01016,ASALCBR,EQ,817.8,823.1,811.05,817.15,816.0,815.8,14199,11602133.8,1658
2026-07-20,INE563J01010,ASTEC,EQ,693.5,695.6,675.0,685.85,691.0,690.75,11906,8172382.0,965
2026-07-20,INE914M01019,ASTERDM,EQ,820.0,821.95,810.35,815.15,817.55,819.9,170084,138499251.85,11581
2026-07-20,INE386C01029,ASTRAMICRO,EQ,1717.0,1758.0,1705.2,1751.0,1750.5,1720.8,231267,401654235.0,17239
2026-07-20,INE006I01046,ASTRAL,EQ,1368.0,1403.8,1367.8,1396.1,1395.0,1377.8,704689,982623183.0,37964
2026-07-20,INE203A01020,ASTRAZEN,EQ,8075.0,8104.5,8000.0,8054.5,8050.0,8023.5,6014,48498166.0,2228
2026-07-20,INE646X01014,ASTRON,BE,3.7,3.86,3.7,3.74,3.74,3.74,11639,43913.15,64
2026-07-20,INE0ALR01029,ATALREAL,EQ,30.11,30.65,29.9,30.38,30.65,30.36,6158746,186788165.85,4057
2026-07-20,INE09KD01013,ATAM,EQ,67.27,67.75,66.94,67.39,67.39,66.94,3416,229192.1,54
2026-07-20,INE0V0Q01019,ATCENERGY,ST,23.05,23.05,23.05,23.05,23.05,23.5,1200,27660.0,1
2026-07-20,INE0LEZ01016,ATHERENERG,EQ,1282.2,1333.9,1272.6,1296.7,1297.5,1282.2,5275779,6832135258.2,142094
2026-07-20,IN90NN701011,ATLPP,E1,8.78,9.23,8.7,9.08,9.23,8.78,1886,16855.45,18
2026-07-20,INE0Z4F01028,ATLANTAELE,EQ,1679.0,1764.7,1679.0,1737.8,1744.0,1698.3,87489,151510103.8,9049
2026-07-20,INE285H01022,ATLANTAA,EQ,37.5,38.7,37.2,38.17,38.7,37.42,18850,709940.83,797
2026-07-20,INE446A01025,ATLASCYCLE,EQ,99.0,102.29,95.72,100.38,101.87,96.72,19450,1951234.4,365
2026-07-20,INE05DH01017,ATMASTCO,ST,159.0,159.9,156.0,157.3,159.9,158.35,4800,756260.0,12
2026-07-20,INE951D01028,ATULAUTO,EQ,478.05,486.75,476.05,480.95,479.5,483.45,59857,28736275.25,3085
2026-07-20,INE100A01010,ATUL,EQ,6138.0,6218.0,6080.0,6091.5,6092.0,6149.5,20856,128044574.0,7795
2026-07-20,INE949L01017,AUBANK,EQ,1036.0,1038.6,989.6,993.3,994.0,1030.2,3385647,3385512040.0,102644
2026-07-20,INE132H01018,AURIONPRO,EQ,848.0,850.65,835.55,839.75,839.3,847.45,49677,41751855.8,3550
2026-07-20,INE0NUL01018,AUROIMPEX,SM,25.45,25.45,25.0,25.3,25.3,25.45,11200,283200.0,7
2026-07-20,INE406A01037,AUROPHARMA,EQ,1533.4,1574.8,1533.4,1559.6,1558.5,1533.4,1260115,1962315000.5,32702
2026-07-20,INE898S01029,AURUM,EQ,240.0,249.8,230.0,234.8,234.75,239.28,2184292,525459990.8,40797
2026-07-20,INE142K01011,AURUS,EQ,4.92,4.92,4.55,4.74,4.71,4.74,6339,29942.78,116
2026-07-20,INE218C01016,AUSOMENT,BE,124.2,134.0,123.1,131.84,133.0,128.05,8395,1078417.68,67
2026-07-20,INE0P0001010,APS,SM,290.55,293.95,282.0,285.75,285.25,292.0,15250,4406687.5,59
2026-07-20,INE206F01022,AIIL,EQ,564.4,564.4,548.0,551.95,549.5,571.0,505499,279586385.4,22518
2026-07-20,INE718H01014,AUTOIND,BE,90.25,93.4,88.05,88.93,88.89,92.31,61436,5500495.92,604
2026-07-20,INE449A01011,AUTOAXLES,EQ,1827.6,1889.0,1822.1,1838.5,1837.0,1821.1,18559,34321727.7,1564
2026-07-20,INE900C01027,ASAL,EQ,522.3,535.1,516.55,533.7,527.3,522.3,22258,11788348.45,1638
2026-07-20,INE349W01017,AVADHSUGAR,BE,534.0,540.8,525.0,531.4,532.0,533.9,19853,10535697.5,287
2026-07-20,INE0LCL01028,AVALON,EQ,1723.0,1773.4,1711.0,1716.5,1719.7,1724.0,139477,241405239.0,14783
2026-07-20,INE1KU201016,AVANA,ST,156.95,160.1,156.95,160.1,160.1,152.5,62000,9892500.0,30
2026-07-20,INE005B01027,AVANTEL,EQ,171.9,174.76,170.6,172.53,172.04,170.14,1848620,318753703.38,16780
2026-07-20,INE871C01038,AVANTIFEED,EQ,1024.85,1055.7,1016.0,1034.2,1030.0,1024.85,626053,652311421.55,35037
2026-07-20,INE192R01011,DMART,EQ,3950.0,3997.8,3930.4,3975.5,3979.7,3951.9,273447,1086243836.9,20455
2026-07-20,INE483S01020,CCAVENUE,EQ,17.04,17.34,16.91,17.23,17.22,17.06,7314919,125451162.99,11221
2026-07-20,INE680Z01018,AVG,BE,200.0,209.3,200.0,206.6,206.0,201.59,12325,2511034.55,80
2026-07-20,INE0TFB01017,AVIANSH,SM,102.5,103.75,100.05,102.35,101.0,100.85,10000,1023300.0,9
2026-07-20,INE0V9I01017,AVIENCE,SM,225.95,267.4,225.95,261.85,258.0,222.85,335400,85078350.0,438
2026-07-20,INE855F01042,ASMS,BE,7.3,7.33,7.11,7.21,7.14,7.23,54004,388487.44,373
2026-07-20,INE323B01024,AVONMORE,EQ,9.91,10.0,9.7,9.76,9.8,9.76,99127,974779.65,625
2026-07-20,INE0R9401019,AVPINFRA,SM,58.0,60.55,58.0,60.45,60.55,57.7,74400,4427440.0,66
2026-07-20,INE652Z01025,AVROIND,EQ,9.34,9.5,8.61,9.33,9.27,9.17,451742,4119832.65,1841
2026-07-20,INE488D01021,AVTNPL,EQ,69.3,70.1,69.3,69.66,69.72,70.1,51624,3595824.88,397
2026-07-20,INE108V01019,AWFIS,EQ,288.0,291.85,286.0,287.5,288.0,288.3,133448,38523858.5,4864
2026-07-20,INE699H01024,AWL,EQ,188.0,190.8,187.01,189.37,190.5,188.66,1408368,266645637.6,20136
2026-07-20,INE238A01034,AXISBANK,EQ,1275.0,1284.0,1249.1,1256.0,1257.1,1328.5,25314148,31934824001.9,520105
2026-07-20,INF846K01X63,BNKETFAXIS,EQ,597.6,599.96,594.86,598.58,598.58,602.18,288,171618.25,38
2026-07-20,INF846K016C7,CONSUMAXIS,EQ,121.0,121.11,120.24,120.73,120.73,120.78,1310,157737.93,27
2026-07-20,INF846K01W80,GOLDAXIS,EQ,118.08,118.08,116.89,117.83,117.85,116.57,695131,81754757.09,3200
2026-07-20,INF846K01Z12,HEALTHAXIS,EQ,167.12,168.45,166.2,167.48,166.69,165.47,5158,863790.16,133
2026-07-20,INF846K01Y96,ITAXIS,EQ,323.58,324.9,319.72,322.04,324.9,320.7,8323,2686675.88,123
2026-07-20,INF846K01W98,NIFTYAXIS,EQ,272.62,272.62,266.91,267.72,268.54,268.64,105821,28382610.24,269
2026-07-20,INF846K010Q0,SENSEXAXIS,EQ,82.06,82.06,79.78,80.56,80.7,80.93,1328,107008.45,73
2026-07-20,INF846K011K1,SILVERAXIS,EQ,215.14,216.78,215.03,215.99,216.3,213.14,143353,30928647.6,3093
2026-07-20,INF846KA1119,VALUEAXIS,EQ,33.27,33.47,32.71,32.92,33.05,32.62,68001,2238365.73,346
2026-07-20,INE555B01013,AXISCADES,EQ,1555.7,1597.0,1521.5,1583.8,1586.0,1548.0,117189,183586812.7,10085
2026-07-20,INE02EZ01022,AXITA,EQ,7.43,7.49,7.35,7.35,7.35,7.4,166312,1226748.56,630
2026-07-20,INE501X01029,AYE,EQ,169.7,175.55,169.45,171.47,171.61,168.12,1357511,233661430.51,9898
2026-07-20,INE193B01039,AYMSYNTEX,EQ,243.91,249.13,239.0,240.77,240.51,244.91,9379,2267181.37,513
2026-07-20,INE02IJ01035,AZAD,EQ,2333.3,2377.3,2296.5,2345.7,2352.0,2329.7,243452,567962846.6,21753
2026-07-20,INE489D01011,BNALTD,EQ,515.1,535.0,493.0,527.0,534.5,527.25,4491,2323702.7,299
2026-07-20,INE01EE01011,BBTCL,EQ,212.0,214.75,211.18,211.86,211.18,215.52,379,80367.94,35
2026-07-20,INE116D01028,BAGFILMS,EQ,4.6,4.6,4.5,4.53,4.56,4.57,43997,199636.66,153
2026-07-20,INE17CQ01015,BAGDIGITAL,SM,108.75,109.0,107.5,108.25,109.0,108.75,54400,5914400.0,6
2026-07-20,INE350H01032,BLKASHYAP,EQ,57.75,58.33,57.0,58.0,57.8,57.92,235713,13583305.82,1599
2026-07-20,INE01FR01028,STYLEBAAZA,BE,293.7,293.7,282.8,290.0,292.0,297.65,203080,58026124.3,1388
2026-07-20,INE878I01022,BAFNAPH,BE,225.0,229.5,225.0,229.0,229.0,225.88,13632,3100314.0,74
2026-07-20,INE2OVN25015,BAGMANE,RR,104.5,104.88,104.2,104.63,104.74,104.24,1170450,122413162.3,29691
2026-07-20,INE029Q01017,BAHETI,SM,704.95,716.0,704.7,711.85,712.8,698.5,11625,8251556.25,26
2026-07-20,INE020D01022,BAIDFIN,EQ,10.32,10.32,10.1,10.11,10.1,10.23,37522,380417.93,109
2026-07-20,INE917I01010,BAJAJ-AUTO,EQ,10443.0,10535.0,10401.5,10522.5,10515.0,10443.0,335474,3516611086.0,51544
2026-07-20,INE933K01021,BAJAJCON,EQ,525.9,552.0,525.9,538.95,540.0,525.65,1094256,593728682.55,32306
2026-07-20,INE193E01025,BAJAJELEC,EQ,331.45,335.0,328.3,334.25,334.5,331.45,61975,20546462.8,1956
2026-07-20,INE296A01032,BAJFINANCE,EQ,1057.0,1067.7,1038.2,1064.0,1061.4,1056.3,9348760,9822167258.2,102171
2026-07-20,INE918I01026,BAJAJFINSV,EQ,1852.1,1871.6,1838.8,1861.5,1855.0,1854.0,1397352,2597450909.0,49103
2026-07-20,INE411U01027,BAJAJHCARE,EQ,378.9,394.0,375.1,386.55,391.0,373.95,1012257,389483242.15,21817
2026-07-20,INE306A01021,BAJAJHIND,EQ,17.48,17.48,17.2,17.24,17.25,17.38,2641626,45683949.06,4558
2026-07-20,INE118A01012,BAJAJHLDNG,EQ,10369.0,10446.0,10285.0,10299.0,10292.0,10398.0,67812,699977842.0,15390
2026-07-20,INE377Y01014,BAJAJHFL,EQ,86.0,86.25,85.64,86.03,86.24,86.34,1968324,169214695.88,17741
2026-07-20,INE704G01024,BAJAJST,EQ,395.05,405.0,395.05,402.4,404.95,399.7,8177,3282783.25,445
2026-07-20,INE0KQN01018,BAJEL,EQ,179.99,180.4,177.31,179.33,180.4,177.56,78861,14098636.84,1625
2026-07-20,INE083D01012,BALPHARMA,EQ,86.97,91.8,85.98,90.67,90.8,86.97,103766,9322489.43,1759
2026-07-20,INE050E01027,BALAMINES,EQ,2289.1,2339.0,2228.6,2275.8,2270.1,2289.1,117363,268264233.8,14031
2026-07-20,INE0PQ601019,BALAJIPHOS,SM,90.0,91.5,90.0,90.0,90.0,89.1,111000,10099600.0,10
2026-07-20,INE794B01026,BALAJITELE,EQ,89.24,89.24,87.55,87.65,87.89,88.34,79032,6956917.62,751
2026-07-20,INE618N01022,BALAXI,BE,23.59,24.19,23.58,24.02,24.18,23.67,14576,349657.72,79
2026-07-20,INE787D01026,BALKRISIND,EQ,2079.0,2081.1,2047.1,2055.2,2059.0,2065.3,187139,385056331.6,13481
2026-07-20,INE875R01011,BALKRISHNA,EQ,17.86,18.99,17.3,18.06,18.06,17.69,5449,96897.95,115
2026-07-20,INE164A01016,BALMLAWRIE,EQ,178.25,180.6,178.0,179.28,180.0,178.25,93299,16721420.57,2188
2026-07-20,INE525F01025,BLIL,EQ,69.6,70.41,69.5,69.7,69.68,69.99,83543,5821279.06,1272
2026-07-20,INE119A01028,BALRAMCHIN,EQ,600.0,606.25,594.0,600.05,599.0,604.45,295077,176924927.35,15226
2026-07-20,INE011E01029,BALUFORGE,EQ,445.0,449.9,444.0,446.45,446.9,448.95,166432,74391404.2,5391
2026-07-20,INE655B01011,BANARBEADS,EQ,115.35,120.1,115.35,117.71,118.0,118.74,2072,243487.89,262
2026-07-20,INE213C01025,BANCOINDIA,EQ,657.1,664.45,656.1,661.65,660.2,659.6,54129,35775756.2,5059
2026-07-20,INE545U01014,BANDHANBNK,EQ,213.6,213.88,209.57,211.34,211.99,213.25,7759701,1642186622.65,52334
2026-07-20,INF194KB1KJ7,GOLDBND,EQ,142.89,142.89,140.5,141.48,141.71,140.15,11193,1582323.21,134
2026-07-20,INF194KA1U07,IDFNIFTYET,EQ,266.0,268.0,266.0,268.0,268.0,268.06,177,47296.63,32
2026-07-20,INF194KB1KI9,SILVERBND,EQ,218.59,219.0,217.16,218.74,218.76,215.15,16684,3641965.22,193
2026-07-20,INE863I01016,BANG,EQ,29.44,29.48,28.61,28.71,28.65,29.06,18514,541392.12,300
2026-07-20,INE028A01039,BANKBARODA,EQ,247.5,256.15,246.05,254.85,254.4,246.8,15040259,3804356395.45,156059
2026-07-20,INE084A01016,BANKINDIA,EQ,143.0,147.78,142.66,146.95,147.0,143.17,13068497,1907674658.2,61684
2026-07-20,INE457A01014,MAHABANK,EQ,79.89,80.7,79.55,80.52,80.6,79.9,13436452,1077495642.59,48738
2026-07-20,INE862Y01015,BANKA,BE,93.0,93.0,89.01,89.25,89.25,93.4,652,58492.81,18
2026-07-20,INE186H01022,BASML,BE,26.85,27.3,26.25,26.42,26.5,26.71,65406,1754231.81,134
2026-07-20,INE459A01010,BANARISUG,EQ,3469.2,3487.5,3465.2,3477.6,3475.0,3469.0,940,3266615.2,44
2026-07-20,INE0B9K01025,BANSALWIRE,EQ,313.7,320.65,312.0,317.6,318.8,313.7,87385,27691359.45,2857
2026-07-20,INE629D01020,BANSWRAS,EQ,132.0,134.52,130.02,131.36,130.75,131.35,26895,3571095.82,328
2026-07-20,INE139I01011,BVCL,EQ,41.0,42.45,40.52,42.03,42.29,41.57,8735,362274.33,99
2026-07-20,INE0QX401014,BARFLEX,SM,52.0,52.0,50.05,50.05,50.05,51.0,10000,508700.0,5
2026-07-20,INF251K01TL6,BBNPNBETF,EQ,60.18,60.18,57.91,58.41,58.41,59.0,2998,174279.53,55
2026-07-20,INF251K01SU9,BBNPPGOLD,EQ,135.9,139.9,135.9,136.7,136.65,135.9,1515,206628.35,67
2026-07-20,INE373A01013,BASF,EQ,3700.0,3740.0,3670.0,3686.7,3699.0,3723.0,15298,56731222.9,3211
2026-07-20,INE0OCC01013,BASILIC,SM,198.8,200.0,193.0,198.5,199.25,199.75,9900,1957065.0,31
2026-07-20,INE176A01028,BATAINDIA,EQ,698.0,717.5,692.7,700.5,700.0,693.4,807293,569316837.25,35095
2026-07-20,INE177C01022,BATLIBOI,EQ,82.6,83.25,81.21,81.69,81.69,81.75,7525,614495.23,188
2026-07-20,INE0JFJ01011,BAWEJA,ST,27.65,28.95,27.6,28.95,28.95,28.7,11200,316480.0,12
2026-07-20,INE462A01022,BAYERCROP,EQ,4234.1,4274.9,4225.4,4260.9,4269.0,4234.1,41078,174646461.1,5943
2026-07-20,INE412G01024,BCLIND,EQ,36.53,36.56,35.02,35.24,35.15,36.47,898022,31985315.62,4171
2026-07-20,INE00SW01015,BCPL,EQ,69.1,71.5,69.1,70.63,70.99,70.38,5612,396751.79,202
2026-07-20,INE639X01027,BEACON,ST,95.85,95.85,91.35,93.15,93.15,95.85,8000,750650.0,7
2026-07-20,INE520H01022,BEARDSELL,EQ,27.97,27.97,27.05,27.54,27.35,27.54,13741,378028.43,138
2026-07-20,INE844K01012,BEDMUTHA,EQ,109.95,109.95,107.0,107.0,107.0,109.04,829,89033.7,41
2026-07-20,INE213D01015,BEEKAY,EQ,411.0,415.0,395.15,405.0,405.0,406.45,278,113257.95,22
2026-07-20,INE344T01014,BELLACASA,EQ,246.7,247.6,242.5,243.6,243.9,245.45,5454,1329497.05,483
2026-07-20,INE894V01022,BELRISE,EQ,226.91,234.55,226.62,233.92,233.5,226.91,3545422,823744101.07,34048
2026-07-20,INE0N7W01012,BLAL,EQ,181.61,184.17,180.0,180.86,180.4,180.83,9117,1649587.75,266
2026-07-20,INE258A01024,BEML,EQ,1800.0,1810.5,1766.7,1770.5,1770.0,1812.4,125133,223169743.6,10859
2026-07-20,INE083K01017,BENGALASM,EQ,6202.0,6274.5,6200.5,6245.5,6212.0,6277.0,76,473457.5,22
2026-07-20,INE463A01038,BERGEPAINT,EQ,494.7,498.7,489.1,490.7,490.8,493.7,242880,119687203.35,17747
2026-07-20,INE052T01021,BESTAGRO,EQ,15.61,15.66,15.31,15.46,15.58,15.45,226803,3511929.86,725
2026-07-20,INE351Y01019,BETA,EQ,2299.0,2674.0,2299.0,2439.4,2421.0,2229.1,515803,1295291141.2,50477
2026-07-20,INE0HQI01014,BEWLTD,SM,59.5,60.0,58.55,59.0,58.8,59.5,8500,506775.0,16
2026-07-20,INE878K01010,BFINVEST,EQ,471.0,476.0,467.55,472.25,473.9,473.7,35519,16757453.25,1762
2026-07-20,INE243D01012,BFUTILITIE,EQ,618.8,624.9,601.0,607.8,608.0,617.1,63234,38561861.35,3556
2026-07-20,INF0QA701714,BANKBETF,EQ,59.04,59.16,58.51,59.0,59.04,59.4,14761,868346.53,332
2026-07-20,INF0QA701854,LIQUIDBETF,EQ,1090.97,1090.98,1090.96,1090.97,1090.97,1090.81,376283,410513775.1,403
2026-07-20,INF0QA701722,NIFTYBETF,EQ,249.65,249.65,247.97,249.55,248.84,249.65,1861,462085.54,63
2026-07-20,INE661I01014,BGRENERGY,BE,292.2,298.0,285.0,288.75,288.0,293.5,21115,6107495.0,373
2026-07-20,INE0ZRC01017,BHADORA,ST,92.0,92.25,90.0,91.0,91.0,89.75,9600,878880.0,8
2026-07-20,INE354C01027,BHAGERIA,BE,207.5,213.0,206.0,211.56,212.85,203.49,28818,6070284.44,339
2026-07-20,INE414D01027,BHAGCHEM,EQ,270.5,276.9,268.15,275.25,272.1,270.5,42313,11588277.45,1494
2026-07-20,INE458B01036,BHAGYANGR,BE,400.95,400.95,381.0,382.7,381.0,401.05,63182,24487341.5,1179
2026-07-20,INE474E01029,BHANDARI,BE,2.9,2.94,2.88,2.91,2.91,2.9,78931,230389.3,151
2026-07-20,INE922A01025,BEPL,EQ,115.75,132.88,111.37,127.77,126.75,113.1,102860780,13087508875.27,460282
2026-07-20,INE464A01036,BBL,EQ,2679.0,2692.9,2637.0,2676.2,2685.1,2668.2,10175,27099192.8,1449
2026-07-20,INE05XR01022,BHARATCOAL,EQ,36.28,37.5,36.25,37.25,37.31,36.52,6728684,248156711.79,15172
2026-07-20,INE171Z01026,BDL,EQ,1254.3,1264.4,1247.4,1257.6,1256.0,1254.8,435008,546451132.4,19813
2026-07-20,INE263A01024,BEL,EQ,408.55,409.5,406.1,408.15,408.4,409.45,5382967,2194019739.2,103603
2026-07-20,INE465A01025,BHARATFORG,EQ,2194.7,2215.4,2169.1,2209.0,2208.1,2190.5,864497,1895075951.6,41246
2026-07-20,INE561C01019,BHARATGEAR,BE,118.76,119.0,116.0,118.4,118.45,118.76,9580,1133806.4,158
2026-07-20,INE029A01011,BPCL,EQ,311.0,320.25,309.0,317.6,317.5,315.55,11702075,3688790221.75,71897
2026-07-20,INE838B01021,BHARATRAS,EQ,1339.9,1345.3,1309.0,1313.2,1313.2,1333.6,9868,13031937.3,1613
2026-07-20,INE727S01012,BRNL,EQ,17.7,18.24,17.4,17.51,17.43,17.7,29957,526551.16,326
2026-07-20,INE415D01024,BHARATSE,EQ,224.32,226.19,216.93,221.1,221.9,225.09,210600,46516091.32,6102
2026-07-20,INE316L01019,BHARATWIRE,EQ,200.98,203.38,199.0,200.74,201.65,200.38,179336,36128368.46,2635
2026-07-20,INE224M01013,BGLOBAL,BZ,3.07,3.22,3.03,3.21,3.2,3.07,4477,14143.31,21
2026-07-20,INE397D01024,BHARTIARTL,EQ,1901.2,1942.5,1901.2,1940.1,1939.9,1908.8,6437294,12451764175.8,111661
2026-07-20,INE343G01021,BHARTIHEXA,EQ,1616.0,1632.0,1575.0,1617.2,1621.8,1605.5,225696,362717650.3,15895
2026-07-20,INE828A01016,BIL,EQ,721.0,764.2,721.0,745.55,748.0,724.75,5074,3793514.85,480
2026-07-20,INE257A01026,BHEL,EQ,422.4,427.25,414.4,417.5,417.15,422.0,12038780,5042074129.55,98957
2026-07-20,INE274K01012,BTTL,BE,51.77,51.77,49.19,49.26,49.19,51.77,16058,799463.43,83
2026-07-20,INE412U01025,BIGBLOC,EQ,46.66,47.85,46.21,47.56,47.7,46.66,49135,2313263.19,619
2026-07-20,INE00E101023,BIKAJI,EQ,635.05,647.6,635.05,641.95,643.7,638.4,46624,30026964.55,7260
2026-07-20,INE0SQH01013,BIKEWO,ST,52.7,54.0,50.6,53.95,54.0,51.45,64000,3399000.0,31
2026-07-20,INE071A01013,BILVYAPAR,BE,4.2,4.38,3.99,4.24,4.24,4.2,8382,35220.97,36
2026-07-20,INE986A01012,BI,EQ,61.0,62.35,61.0,62.02,62.0,61.3,723,44706.53,25
2026-07-20,INE0HOQ01053,GROWW,EQ,208.28,208.45,202.5,203.43,203.9,208.3,27735881,5670939062.94,205031
2026-07-20,INE469A01019,BIMETAL,EQ,663.95,664.45,644.05,655.0,655.1,664.45,531,347502.3,40
2026-07-20,INE1BKA01015,BMLL,SM,131.0,140.0,130.0,139.75,139.0,131.15,35000,4785550.0,25
2026-07-20,INE376G01013,BIOCON,EQ,440.4,442.6,435.45,436.5,436.2,437.2,3615759,1583555651.15,39522
2026-07-20,INE829A01014,BIOFILCHEM,EQ,33.31,33.87,33.0,33.17,33.02,33.3,5811,193120.3,117
2026-07-20,INE0XW001014,BIOPOL,SM,97.4,102.7,97.3,101.3,101.3,96.0,22800,2273220.0,13
2026-07-20,INE800A01015,BIRLACABLE,BE,182.57,187.99,177.0,180.44,179.0,182.57,32540,5884431.48,594
2026-07-20,INE340A01012,BIRLACORPN,EQ,1006.8,1022.5,1003.0,1017.0,1016.2,1015.15,43981,44641335.25,5826
2026-07-20,INE372E01025,BIRLAPREC,EQ,35.52,35.98,33.82,34.68,34.92,35.52,46538,1612354.97,818
2026-07-20,INE557A01011,BIRLANU,EQ,1266.1,1299.0,1262.3,1289.6,1278.0,1275.8,7064,9057357.3,980
2026-07-20,INF209KC1134,ABGSEC,EQ,113.7,114.77,113.63,114.77,114.77,114.78,1711,194519.75,5
2026-07-20,INF209KC1670,ABSL10BANK,EQ,177.2,177.2,171.85,172.96,173.24,177.27,15987,2761960.84,100
2026-07-20,INF209KB17D5,ABSLBANETF,EQ,59.6,59.68,59.01,59.49,59.68,59.9,1042212,62005597.4,1487
2026-07-20,INF209KB18T9,ABSLLIQUID,EQ,1000.0,1000.01,999.99,1000.0,1000.0,1000.0,1016,1015999.39,24
2026-07-20,INF209KC1662,ABSLMSCIN,EQ,29.55,29.62,29.55,29.61,29.61,29.48,127,3759.72,6
2026-07-20,INF209KB16D7,ABSLNN50ET,EQ,75.65,76.12,75.25,76.06,76.12,75.65,4063,308072.11,195
2026-07-20,INF209KB10E8,BSLSENETFG,EQ,80.56,80.56,77.48,78.45,78.5,78.6,4859,380061.76,221
2026-07-20,INF209KB10C2,HEALTHY,EQ,17.13,17.13,16.72,16.96,16.99,16.72,220738,3740332.84,1127
2026-07-20,INF209KB14K7,MOMENTUM,EQ,30.4,30.95,30.4,30.84,30.95,30.47,37994,1168720.39,261
2026-07-20,INF209KB15K4,NIFTYQLITY,EQ,20.76,21.18,20.76,21.16,21.17,21.05,80924,1703277.94,219
2026-07-20,INF209KB19F6,SILVER,EQ,216.11,217.59,215.78,217.02,217.05,213.9,664629,144065789.08,6601
2026-07-20,INF209KB11D8,TECH,EQ,32.29,32.36,31.87,31.97,31.87,31.91,134623,4301895.25,260
2026-07-20,INF209KB19Z4,ABSLPSE,EQ,10.36,10.4,10.2,10.38,10.4,10.31,62051,643624.33,353
2026-07-20,INE836A01035,BSOFT,EQ,288.05,294.15,287.25,291.35,291.5,288.05,1150056,335181707.0,22097
2026-07-20,INE676A01027,BBOX,EQ,816.0,860.0,812.75,837.65,834.0,825.5,244643,205654327.45,12831
2026-07-20,INE761G01016,BLACKROSE,BE,100.39,100.39,95.2,97.22,97.0,99.12,25024,2427550.61,300
2026-07-20,INE0UIZ01018,BLACKBUCK,EQ,577.0,582.95,563.6,573.8,573.1,579.6,417363,238562212.25,27399
2026-07-20,INE791A01024,BLBLIMITED,EQ,15.82,16.5,15.45,16.1,16.1,15.89,45182,733766.61,203
2026-07-20,INE416D01022,BLISSGVS,BE,496.0,500.25,466.1,482.7,490.0,483.5,389186,188729287.5,14158
2026-07-20,INE0NLT01010,BLSE,EQ,275.0,277.0,271.27,272.86,274.95,274.37,352040,96548760.9,5616
2026-07-20,INE153T01027,BLS,EQ,236.9,236.9,233.1,235.85,235.8,235.7,604890,142250168.85,13628
2026-07-20,INE657B01025,BLUECHIP,BE,2.05,2.05,2.05,2.05,2.05,2.09,232,475.6,10
2026-07-20,INE472B01011,BLUECOAST,BE,27.4,28.52,26.05,28.28,28.28,27.4,660,17639.52,21
2026-07-20,INE233B01017,BLUEDART,EQ,4926.4,4943.8,4870.0,4883.0,4880.0,4926.4,5258,25720224.6,1595
2026-07-20,INE0KBH01020,BLUEJET,EQ,580.1,600.5,575.0,589.5,588.6,584.55,448920,263348237.15,14516
2026-07-20,INE0SAK01011,BLUEPEBBLE,SM,71.0,71.0,70.0,70.0,70.0,74.0,1200,84400.0,3
2026-07-20,INE472A01039,BLUESTARCO,EQ,1674.9,1718.4,1660.0,1714.3,1718.4,1686.9,239639,406366697.2,20046
2026-07-20,INE0X3M01010,BLUEWATER,ST,403.8,411.0,403.6,407.3,403.6,424.8,8000,3239750.0,8
2026-07-20,INE304W01038,BLUESTONE,EQ,603.55,625.0,601.05,610.4,613.9,599.05,678215,415473583.7,28087
2026-07-20,INE0U4101014,BLUSPRING,EQ,111.0,114.84,108.0,109.67,109.0,111.33,682325,75328354.79,7418
2026-07-20,INE965W01036,BMWVENTLTD,EQ,57.83,57.84,57.0,57.1,57.43,57.82,44636,2555179.71,859
2026-07-20,INE00HZ01011,BNAGROCHEM,BE,270.35,294.4,268.0,273.25,277.9,281.5,19279,5359795.65,48
2026-07-20,INE338D01028,BODALCHEM,BE,63.9,67.36,63.84,65.83,66.02,64.16,177654,11732923.3,702
2026-07-20,INE0EEJ01023,BTML,EQ,6.19,6.2,5.9,6.11,6.13,6.02,78898,478598.58,182
2026-07-20,INE802W01023,BOHRAIND,EQ,12.95,13.39,12.95,13.12,13.12,13.37,2085,27295.42,25
2026-07-20,INE050A01025,BBTC,EQ,1501.1,1506.1,1490.0,1497.2,1500.0,1493.6,26696,39948059.0,3362
2026-07-20,INE032A01023,BOMDYEING,EQ,125.0,127.75,122.0,123.23,123.07,125.56,914617,114128025.57,9118
2026-07-20,INE032Z01020,BSHSL,BE,89.2,89.2,86.15,86.52,86.95,89.0,3622,316171.07,44
2026-07-20,INE906B07CB9,830NHAI27,N2,1078.97,1080.0,1077.0,1077.9,1077.5,1078.97,1435,1547308.2,18
2026-07-20,INE053F07660,840IRFC29,N8,1090.01,1091.23,1090.01,1091.23,1091.23,1085.0,1500,1636235.0,2
2026-07-20,INE053F07686,865IRFC29,,1100.0,1100.0,1099.0,1099.0,1099.0,1099.0,355,390196.62,8
2026-07-20,INE020B07HS2,871REC28,N9,1117.5,1117.5,1112.25,1114.4,1114.5,1116.5,2883,3211380.4,25
2026-07-20,INE053F07744,888IRFC29,NE,1140.0,1140.0,1140.0,1140.0,1140.0,1111.2,45,51300.0,1
2026-07-20,INE557F07132,901NHB34,N6,6305.0,6305.0,6305.0,6305.0,6305.0,6309.0,143,901615.0,7
2026-07-20,INE020B07IH3,886REC34,NG,1270.01,1270.01,1270.01,1270.01,1270.01,1275.0,300,381003.0,1
2026-07-20,INE0B9A01018,BONLON,EQ,41.57,43.38,40.3,41.38,40.7,41.57,3477,143153.36,56
2026-07-20,INE16SF01016,BORANA,EQ,317.5,334.9,314.1,332.05,332.8,317.25,56277,18469568.05,1628
2026-07-20,INE02PY01013,BOROLTD,EQ,237.0,239.59,234.06,235.27,236.9,238.84,50998,12050882.04,1837
2026-07-20,INE666D01022,BORORENEW,EQ,604.1,604.25,588.4,595.65,595.3,604.55,433231,258248792.4,13065
2026-07-20,INE02L001032,BOROSCI,EQ,161.25,166.0,160.75,162.37,161.53,160.75,76805,12510319.86,1636
2026-07-20,INE782A01015,BOSCH-HCIL,EQ,1320.0,1342.0,1310.5,1337.6,1335.1,1322.4,10422,13882269.4,1090
2026-07-20,INE323A01026,BOSCHLTD,EQ,40800.0,41120.0,40400.0,40960.0,41120.0,40855.0,26595,1082157685.0,11369
2026-07-20,INE110A01019,BPL,EQ,55.28,56.63,55.15,56.15,55.57,55.28,32113,1789772.74,648
2026-07-20,INE0R4Z01018,BRACEPORT,SM,60.0,62.15,60.0,61.1,61.1,62.0,8000,490160.0,4
2026-07-20,INE02RE01045,FIRSTCRY,EQ,210.8,212.53,209.83,210.84,210.6,211.57,348061,73459009.34,7724
2026-07-20,INE977Y01011,BCONCEPTS,EQ,203.0,203.0,188.35,189.78,188.35,196.91,11755,2252456.25,541
2026-07-20,INE0XUD01014,BRANDMAN,ST,182.1,186.9,182.1,186.9,186.9,182.05,7200,1327720.0,8
2026-07-20,INE791I01019,BRIGADE,EQ,567.2,567.8,553.1,563.8,562.0,566.65,285807,160240265.8,14871
2026-07-20,INE03NU01014,BRIGHOTEL,EQ,61.52,62.49,61.2,61.79,62.49,61.49,33862,2082389.83,461
2026-07-20,INE425B01027,BCG,EQ,9.5,9.77,9.5,9.57,9.59,9.68,2325594,22275935.09,3466
2026-07-20,INE216A01030,BRITANNIA,EQ,5412.5,5485.5,5391.5,5470.0,5466.0,5412.5,227434,1242128444.0,23186
2026-07-20,INE0FDU25010,BIRET,RR,340.99,344.0,339.51,340.99,341.0,339.89,182902,62473105.17,9267
2026-07-20,INE650L01011,BROOKS,BE,70.99,70.99,67.5,67.75,68.01,69.46,28948,1972050.74,97
2026-07-20,INE118H01025,BSE,EQ,3575.0,3665.0,3550.0,3647.9,3651.0,3581.8,2332733,8444125192.6,121290
2026-07-20,INE594B01012,BSL,EQ,125.8,128.32,124.6,127.1,127.18,126.54,2639,332964.53,100
2026-07-20,INE295F01017,BUTTERFLY,EQ,775.95,776.55,750.1,758.2,756.0,775.95,37694,28854800.8,2808
2026-07-20,INE0SZ301012,BULKCORP,SM,57.2,57.2,57.0,57.0,57.0,55.0,2400,137040.0,2
2026-07-20,INE0SMX01019,CKKRETAIL,SM,130.1,130.1,130.1,130.1,130.1,130.0,800,104080.0,1
2026-07-20,INE0QBU01012,CPS,SM,990.0,990.0,990.0,990.0,990.0,1010.1,150,148500.0,1
2026-07-20,INE0BV301023,MAPMYINDIA,EQ,1173.0,1181.4,1080.0,1097.0,1105.0,1173.05,472446,527098458.95,33928
2026-07-20,INE0U7V01015,C2C,SM,335.15,335.15,335.15,335.15,335.15,418.9,100350,33632302.5,438
2026-07-20,INE526B01014,CALSOFT,BE,22.3,23.19,22.17,23.05,23.08,22.12,139362,3200225.63,337
2026-07-20,INE627H01017,CTE,EQ,29.57,31.48,29.57,30.8,30.7,30.39,4038,125605.9,61
2026-07-20,INE052I01032,CAMLINFINE,EQ,123.0,125.5,122.25,123.96,124.25,122.69,468458,58085032.62,5715
2026-07-20,INE278Y01022,CAMPUS,EQ,232.8,232.8,220.84,225.21,224.5,235.97,4806244,1082533582.28,48605
2026-07-20,INE477A01020,CANFINHOME,EQ,895.0,902.25,848.0,857.15,861.0,889.45,575212,499531836.45,32845
2026-07-20,INE476A01022,CANBK,EQ,125.15,129.6,125.06,128.82,128.7,125.01,44159205,5658627575.85,117833
2026-07-20,INE01TY01017,CANHLIFE,EQ,149.0,150.9,148.76,149.77,150.0,149.74,240442,36060695.09,6185
2026-07-20,INE218I01013,CRAMC,EQ,259.6,260.0,254.46,255.8,256.0,258.85,210027,53794603.27,6495
2026-07-20,INE0QG301017,CANARYS,SM,18.5,19.1,17.6,19.1,19.1,18.15,36000,659000.0,9
2026-07-20,INE068L01024,CANTABIL,EQ,255.1,259.0,247.62,254.73,253.7,254.56,118129,29867669.2,3967
2026-07-20,INE264T01014,CAPACITE,EQ,225.1,226.45,221.25,221.9,222.9,225.1,347579,77568409.45,7321
2026-07-20,INE0ILV01024,CAPILLARY,EQ,480.0,491.4,471.0,483.3,482.25,491.55,15372,7444705.5,1128
2026-07-20,INE345H01024,CIFL,EQ,21.84,21.84,20.69,20.95,21.02,21.48,54563,1149687.63,379
2026-07-20,INE0Z8Z23013,CAPINVIT,IV,73.8,74.6,73.65,73.92,73.8,73.8,1386232,102472835.3,20125
2026-07-20,INE646H01017,CAPITALSFB,EQ,305.0,306.6,295.6,305.25,305.0,303.95,63177,19128933.25,2551
2026-07-20,INE707C01018,CAPTRUST,EQ,13.59,13.99,12.87,13.98,13.99,13.33,130265,1794638.37,178
2026-07-20,INE475E01026,CAPLIPOINT,EQ,2614.0,2684.2,2601.1,2649.2,2655.0,2614.2,68227,181532628.8,12050
2026-07-20,INE180C01042,CGCL,EQ,256.38,258.7,248.52,250.02,249.41,256.38,2118242,533715151.43,18672
2026-07-20,INE120A01034,CARBORUNIV,EQ,1055.0,1091.0,1044.0,1087.2,1076.4,1059.8,208476,223146306.3,28009
2026-07-20,INE752H01013,CARERATING,EQ,1666.4,1690.0,1661.4,1671.4,1666.6,1669.4,14766,24788306.2,2140
2026-07-20,INE0P6P01016,CPEDU,EQ,188.56,192.77,186.5,187.51,187.4,187.11,3690,697349.44,157
2026-07-20,INE0V7W01012,CARRARO,EQ,561.25,568.8,557.3,562.05,557.5,567.55,54284,30551507.8,3593
2026-07-20,INE290S01011,CARTRADE,EQ,2705.9,2798.9,2697.1,2755.4,2748.2,2699.4,339567,940177431.6,33259
2026-07-20,INE482D01024,CARYSIL,EQ,1159.1,1184.0,1159.1,1177.8,1176.9,1170.4,44998,52818071.8,4473
2026-07-20,INE0WL201014,CUDML,ST,158.55,158.55,157.7,157.7,157.7,166.0,5000,791450.0,5
2026-07-20,INE172A01027,CASTROLIND,EQ,184.0,184.69,183.65,184.27,184.25,184.45,834800,153757592.56,9358
2026-07-20,INE421D01022,CCL,EQ,1184.3,1209.6,1183.6,1201.1,1202.0,1191.4,111798,134152192.7,12405
2026-07-20,INE482A01020,CEATLTD,EQ,3576.5,3585.0,3393.0,3407.3,3410.0,3549.9,346975,1204275249.3,36881
2026-07-20,INE11J101017,CEDAAR,ST,18.55,18.8,18.5,18.8,18.8,19.05,3000,55850.0,3
2026-07-20,INE0AG901020,CEIGALL,EQ,341.35,343.3,333.45,341.35,343.3,341.4,401293,135936737.0,13237
2026-07-20,INE016Q01014,CEINSYS,EQ,898.0,911.0,898.0,899.75,902.0,905.15,27604,24892687.05,1754
2026-07-20,INE185H01016,CELEBRITY,EQ,7.3,7.3,7.0,7.14,7.02,7.1,4103,29250.52,79
2026-07-20,INE0OMO01025,CELLECOR,ST,35.5,35.9,35.15,35.5,35.5,36.0,51000,1806600.0,17
2026-07-20,INE0LMW01024,CELLO,EQ,365.85,368.5,358.05,365.8,364.75,364.85,182960,66455416.9,11151
2026-07-20,INE686A01026,CEMPRO,EQ,1620.0,1640.0,1595.0,1627.0,1615.0,1615.0,986966,1602164034.2,24741
2026-07-20,INE483A01010,CENTRALBK,EQ,31.79,32.22,31.41,32.05,32.0,31.66,15122013,481044768.87,26367
2026-07-20,INE736A01011,CDSL,EQ,1415.0,1415.0,1383.1,1385.2,1387.0,1418.2,1381921,1926419680.1,45069
2026-07-20,INE05HV01027,CMPDI,EQ,256.0,257.7,251.86,253.46,255.13,254.91,1211808,308789482.84,17349
2026-07-20,INE660C01027,CENTRUM,EQ,24.19,24.21,23.22,23.74,24.18,24.19,190055,4530557.2,952
2026-07-20,INE320B01020,CENTUM,EQ,3700.0,3748.0,3663.0,3714.6,3710.0,3711.4,18074,67018991.3,3806
2026-07-20,INE485A01015,CENTENKA,EQ,541.4,556.65,541.4,549.4,553.0,541.4,38690,21229133.4,2231
2026-07-20,INE281A01026,CENTEXT,EQ,19.65,19.65,18.63,18.89,19.0,19.41,76360,1453926.4,592
2026-07-20,INE348B01021,CENTURYPLY,EQ,784.8,804.75,783.65,796.4,795.0,796.05,58651,46730070.8,4253
2026-07-20,INE739E01017,CERA,EQ,6054.5,6199.0,6035.5,6183.0,6193.5,6047.0,6702,41252521.0,2273
2026-07-20,INE345B01019,CEREBRAINT,BZ,3.1,3.1,3.0,3.02,3.03,3.01,69754,210616.76,91
2026-07-20,INE486A01021,CESC,EQ,165.0,167.09,164.29,165.61,165.05,165.1,960309,159158111.64,23141
2026-07-20,INE067A01029,CGPOWER,EQ,904.0,915.0,895.05,912.45,912.0,905.0,2246166,2045425812.15,53308
2026-07-20,INE427F01016,CHALET,EQ,864.8,864.8,848.0,856.0,855.0,862.6,97284,83123909.4,8014
2026-07-20,INE419D01026,CLSEL,EQ,271.4,272.0,259.05,266.45,267.15,271.4,117405,31070439.35,3936
2026-07-20,INE085A01013,CHAMBLFERT,EQ,453.9,453.9,442.0,443.2,443.05,454.3,644678,287112910.6,20220
2026-07-20,INE11HG01018,CHAMUNDA,SM,46.8,46.8,43.55,44.65,45.2,44.75,30000,1344300.0,10
2026-07-20,INE0B2N01016,CHANDAN,SM,231.0,246.0,231.0,242.65,242.0,231.4,33600,8113400.0,42
2026-07-20,INE0PT101017,CHAVDA,SM,105.35,123.6,105.1,119.25,119.05,105.0,354000,40451650.0,177
2026-07-20,INE0TGX01019,CHEMBONDCH,BE,236.0,253.62,229.48,253.62,253.62,241.55,22830,5383720.45,323
2026-07-20,INE995D01025,CHEMBOND,BE,182.0,186.25,178.0,184.34,184.45,177.4,9919,1818015.66,95
2026-07-20,INE03YM01018,CHEMCON,BE,180.0,184.99,180.0,182.14,182.0,181.4,3469,632296.43,108
2026-07-20,INE783X01023,CHEMFAB,BE,373.3,373.3,358.2,373.0,373.0,373.3,1541,567436.5,42
2026-07-20,INE488A01050,CHEMPLASTS,EQ,195.79,205.98,194.33,201.63,200.86,195.79,540710,108994904.4,11154
2026-07-20,INE178A01016,CHENNPETRO,EQ,1209.6,1226.0,1195.0,1214.0,1214.0,1200.6,1133032,1374737272.9,37012
2026-07-20,INE0U1T01012,CHETANA,ST,48.0,48.0,47.25,47.25,47.25,48.0,3200,152400.0,2
2026-07-20,INE974B01016,CHEVIOT,EQ,1131.5,1133.5,1118.0,1124.7,1129.8,1131.0,2154,2422686.3,165
2026-07-20,INE102B01014,CHOICEIN,EQ,808.0,819.9,804.0,815.05,814.0,808.8,642534,521755679.7,11321
2026-07-20,INF2KCX01012,CHOICEGOLD,EQ,139.31,142.31,139.31,140.46,140.79,139.31,1464,204909.99,110
2026-07-20,INE149A01033,CHOLAHLDNG,EQ,1575.0,1575.0,1540.3,1553.3,1554.5,1573.6,134355,208605367.7,19349
2026-07-20,INE121A01024,CHOLAFIN,EQ,1789.9,1789.9,1756.1,1782.8,1780.0,1804.9,884308,1571539707.6,37272
2026-07-20,INE536H01010,CIEINDIA,EQ,475.95,481.0,471.0,473.8,475.0,473.7,333080,158870838.8,14178
2026-07-20,INE704H01022,CINELINE,EQ,76.96,84.99,75.7,77.67,77.51,76.65,86079,6838022.74,1363
2026-07-20,INE039B01026,CINEVISTA,EQ,15.06,15.38,15.06,15.1,15.1,15.15,13255,201376.61,34
2026-07-20,INE059A01026,CIPLA,EQ,1425.7,1466.6,1419.5,1441.6,1436.5,1418.7,1494196,2165179429.5,63800
2026-07-20,INE2Q7823014,CITIUSINVT,IV,109.91,110.79,109.5,110.32,109.75,109.91,85224,9400889.65,925
2026-07-20,INE491A01021,CUB,EQ,224.63,227.49,221.8,224.98,225.11,224.63,1092039,245059541.32,26009
2026-07-20,INE201M01029,CLEDUCATE,BE,57.01,58.99,57.0,58.0,58.0,58.13,13345,773372.75,52
2026-07-20,INE0UQ601012,CLASSICEIL,ST,57.15,62.6,57.1,61.95,62.6,60.0,44800,2700960.0,28
2026-07-20,INE1QGM01024,CLAYCRAFT,SM,163.9,166.3,149.0,153.9,153.2,162.9,211200,32341170.0,289
2026-07-20,INE376C01038,CLCIND,BE,54.05,54.05,52.61,54.05,54.05,51.48,60610,3275270.64,114
2026-07-20,INE647U01026,CLEANMAX,EQ,1276.0,1348.9,1265.5,1336.5,1337.3,1262.2,153237,201463721.2,16344
2026-07-20,INE227W01023,CLEAN,EQ,748.0,748.0,715.5,729.8,730.0,744.4,447081,324365395.55,29941
2026-07-20,INE1EF801010,CSSL,SM,103.0,107.0,100.0,101.0,100.0,102.0,38000,3904000.0,35
2026-07-20,INE981B01011,CMICABLES,BZ,2.8,2.99,2.76,2.98,2.98,2.9,7736,22399.78,29
2026-07-20,INE00WV01027,CMRGREEN,EQ,216.95,219.05,213.3,216.4,216.7,216.95,667725,144149742.2,8922
2026-07-20,INE925R01014,CMSINFO,EQ,276.5,280.3,272.25,279.0,279.0,275.65,447832,124706158.75,12425
2026-07-20,INE522F01014,COALINDIA,EQ,428.15,433.5,428.15,429.4,429.4,427.65,5363624,2307177173.4,52626
2026-07-20,INE377E01024,COASTCORP,EQ,52.36,53.8,52.36,52.82,53.1,52.62,32691,1728920.34,480
2026-07-20,INE704P01025,COCHINSHIP,EQ,1401.0,1410.0,1392.9,1407.6,1406.1,1402.2,618105,866615515.7,22081
2026-07-20,INE335K01011,COFFEEDAY,BE,31.75,32.07,31.2,31.43,31.4,31.77,234121,7365625.38,789
2026-07-20,INE591G01025,COFORGE,EQ,1504.8,1530.0,1491.0,1507.4,1509.0,1508.4,1208116,1819082322.6,68415
2026-07-20,INE03QK01018,COHANCE,EQ,445.0,457.25,435.0,450.7,449.15,441.9,751455,338465825.95,28612
2026-07-20,INE259A01022,COLPAL,EQ,2040.0,2124.0,2024.5,2113.1,2115.0,2042.4,726077,1527181376.1,43893
2026-07-20,INE819A01049,COMFINTE,EQ,5.42,5.78,5.31,5.55,5.6,5.54,201447,1105314.87,524
2026-07-20,INE073V01015,COMSYN,EQ,186.4,224.6,186.11,209.35,210.0,189.27,3871782,812653562.65,62218
2026-07-20,INE597Z01014,COMMITTED,ST,301.0,329.15,297.85,328.6,329.0,313.5,16000,5193080.0,13
2026-07-20,INE070C01037,COMPINFO,BZ,1.14,1.2,1.14,1.14,1.14,1.19,18410,21082.5,32
2026-07-20,INE453B01029,COMPUSOFT,EQ,13.35,13.35,13.0,13.01,13.02,13.07,10636,140076.01,126
2026-07-20,INE596I01020,CAMS,EQ,750.0,772.0,742.0,770.65,771.75,751.1,1021324,780796205.15,40978
2026-07-20,INE338H01029,CONCORDBIO,EQ,1335.0,1363.3,1327.6,1335.0,1336.2,1342.8,75342,100906502.0,9487
2026-07-20,INE037Z01029,CEWATER,EQ,309.2,316.45,307.2,311.3,310.0,309.2,121680,37916350.45,5538
2026-07-20,INE552D01024,CONFIPET,EQ,73.54,77.0,72.39,76.66,76.42,73.12,3877073,290587810.83,17564
2026-07-20,INE0EAS01014,CONNPLEX,SM,205.0,205.0,199.0,199.0,199.0,206.8,19200,3891960.0,15
2026-07-20,INE429I01024,CCCL,EQ,16.02,16.26,15.8,16.05,16.09,16.16,234528,3775777.03,643
2026-07-20,INE025A01027,CONSOFINVT,EQ,275.05,284.4,272.0,283.05,284.3,279.01,18058,5017897.48,560
2026-07-20,INE111A01025,CONCOR,EQ,490.0,500.0,485.05,499.0,498.2,486.9,1904746,943862050.9,31604
2026-07-20,INE663B01015,CONTROLPR,EQ,650.25,651.85,638.0,640.35,639.0,650.25,17674,11416473.75,885
2026-07-20,INE0HS001028,COOLCAPS,ST,21.8,21.8,21.0,21.05,21.25,21.0,208750,4390250.0,74
2026-07-20,INE558D01021,CORALFINAC,EQ,32.9,32.9,30.0,31.22,31.17,31.74,20839,645083.16,343
2026-07-20,INE792I01017,CORDSCABLE,BE,198.51,208.0,198.51,207.02,207.0,203.05,9008,1852373.31,158
2026-07-20,INE169A01031,COROMANDEL,EQ,2022.2,2047.0,2015.0,2020.4,2017.9,2034.3,57934,117599897.1,8971
2026-07-20,INE02ZQ01018,CORONA,EQ,2078.0,2080.0,2033.0,2046.1,2041.0,2062.2,10186,20900468.9,1953
2026-07-20,INE757A01017,COSMOFIRST,EQ,835.05,843.15,818.6,832.9,831.0,835.05,94450,78643344.55,5349
2026-07-20,INE652F01027,CCHHL,EQ,12.7,12.89,12.33,12.5,12.62,12.7,26082,329953.62,134
2026-07-20,INE695B01025,COUNCODOS,EQ,6.23,6.68,6.18,6.6,6.61,6.12,208650,1350474.63,621
2026-07-20,INE521J01018,CPCAP,BE,110.0,111.0,108.0,108.54,109.95,110.01,6400,697216.89,75
2026-07-20,INF457M01133,CPSEETF,EQ,95.69,96.95,95.69,96.77,96.85,95.69,715011,69071257.58,14831
2026-07-20,INE00LO01017,CRAFTSMAN,EQ,9201.0,9432.0,9140.0,9393.5,9418.0,9105.0,125358,1171039261.0,34991
2026-07-20,INE0OFK01019,CRAYONS,SM,26.65,26.65,26.6,26.6,26.6,28.0,4000,106500.0,4
2026-07-20,INE230B01021,CREATIVEYE,EQ,6.1,6.1,5.72,6.02,6.09,5.9,5050,29768.18,59
2026-07-20,INE0R7401011,CGRAPHICS,SM,131.0,132.9,129.5,130.1,129.5,130.35,24800,3246440.0,28
2026-07-20,INE985W01018,CNL,EQ,916.55,945.0,909.0,930.9,935.0,916.55,51997,48413895.9,2798
2026-07-20,INE741K01010,CREDITACC,EQ,1478.5,1510.0,1468.2,1498.0,1496.0,1478.5,227297,340207351.4,20936
2026-07-20,INE220Q01020,MUFTI,EQ,84.66,86.0,84.5,84.98,84.57,84.63,34597,2933825.57,819
2026-07-20,INE559D01011,CREST,EQ,378.0,379.95,371.2,377.25,376.05,376.6,1796,675398.25,90
2026-07-20,INE007A01025,CRISIL,EQ,4240.5,4247.1,4200.0,4233.8,4235.0,4245.7,22387,94645770.5,7145
2026-07-20,INE0S4R01014,CRIZAC,EQ,185.0,187.43,184.4,186.03,187.04,185.73,294412,54662768.1,10627
2026-07-20,INE299U01018,CROMPTON,EQ,256.7,266.95,254.8,262.1,261.85,256.5,4001031,1049144986.4,38777
2026-07-20,INE00NH01017,CLSL,SM,60.0,60.5,60.0,60.1,60.1,60.95,10000,602400.0,5
2026-07-20,INE491V01019,CROWN,EQ,114.7,114.7,110.25,112.58,112.8,112.93,4405,492510.69,94
2026-07-20,INE679A01013,CSBBANK,EQ,368.75,372.5,359.85,360.95,361.0,368.75,395286,143848446.3,11354
2026-07-20,INE718F01018,CSLFINANCE,EQ,210.0,214.9,210.0,214.23,213.2,211.86,112601,24002699.41,366
2026-07-20,INE0ZK601013,CSM,EQ,102.8,103.92,98.76,99.33,99.57,103.92,644722,65141021.22,3566
2026-07-20,INE144D01012,CUBEXTUB,EQ,78.0,79.5,77.5,78.89,79.34,78.03,19121,1505815.78,435
2026-07-20,INE298A01020,CUMMINSIND,EQ,5438.0,5531.5,5397.0,5506.0,5525.0,5448.0,312030,1715979125.5,27125
2026-07-20,INE509F01029,CUPID,EQ,214.4,216.8,201.0,207.27,208.5,214.78,62639495,12931259108.93,281782
2026-07-20,INE117B01020,CURAA,EQ,78.0,78.0,73.26,74.01,74.01,78.0,808,60182.16,41
2026-07-20,INE1BZN01016,CURIS,SM,112.0,112.0,112.0,112.0,112.0,109.0,1000,112000.0,1
2026-07-20,INE1CRQ01014,CURRENT,SM,106.0,108.95,102.0,106.0,106.0,109.0,8000,849520.0,5
2026-07-20,INE278G01037,CYBERMEDIA,BE,14.94,15.59,14.94,15.52,15.52,14.94,2562,39547.51,21
2026-07-20,INE075Z01011,CMRSL,SM,62.75,62.75,62.75,62.75,62.75,62.75,9600,602400.0,4
2026-07-20,INE214A01019,CYBERTECH,BE,143.9,143.99,141.0,142.06,142.99,142.53,10536,1502581.17,168
2026-07-20,INE055S01018,CYIENTDLM,EQ,572.0,602.95,570.2,596.05,594.0,578.65,684761,405743997.4,22643
2026-07-20,INE136B01020,CYIENT,EQ,848.0,855.4,844.5,849.35,847.6,853.9,148483,126149645.9,12875
2026-07-20,INE864X01013,DPWIRES,BE,173.76,174.0,173.01,173.52,173.65,174.86,4428,768666.32,101
2026-07-20,INE250K01012,DLINKINDIA,EQ,450.0,454.85,438.0,448.55,449.0,450.2,134521,60018547.25,4566
2026-07-20,INE266Y01019,DPABHUSHAN,EQ,1336.0,1548.0,1272.0,1434.35,1453.45,1336.0,1525407,2233742798.65,103273
2026-07-20,INE950I01011,DBCORP,EQ,214.85,218.5,211.31,214.44,215.0,213.49,533397,114960402.88,9187
2026-07-20,INE016A01026,DABUR,EQ,427.2,430.95,424.1,426.5,425.8,427.2,1048161,447764349.1,20713
2026-07-20,INE928C01010,DAICHI,BE,301.4,311.0,298.2,309.65,311.0,312.4,2180,667580.05,41
2026-07-20,INE00R701025,DALBHARAT,EQ,1829.5,1859.4,1811.4,1847.8,1849.1,1823.2,266210,491450875.0,24548
2026-07-20,INE495A01022,DALMIASUG,EQ,369.0,370.9,361.5,362.6,363.0,367.4,73179,26670052.6,2243
2026-07-20,INE284H01025,DAMCAPITAL,EQ,166.73,168.5,161.2,162.85,162.35,165.41,268949,43993715.11,3418
2026-07-20,INE497D01022,DAMODARIND,BE,29.0,29.9,28.6,29.2,29.2,29.79,2169,62298.7,12
2026-07-20,INE688Y01022,DANGEE,EQ,3.13,3.17,3.06,3.08,3.13,3.13,35825,111332.7,114
2026-07-20,INE0YU901016,DANISH,SM,873.0,890.0,860.0,885.4,881.0,873.65,13350,11703690.0,76
2026-07-20,INE04Q901010,DCCL,SM,47.0,47.0,47.0,47.0,47.0,49.0,2000,94000.0,1
2026-07-20,INE0IX101010,DATAPATTNS,EQ,4072.0,4127.9,3976.0,3990.7,3990.0,4085.8,599371,2421799259.7,58099
2026-07-20,INE365B01017,DATAMATICS,EQ,846.0,847.45,833.4,837.75,841.0,846.0,45756,38403167.85,2722
2026-07-20,INE179G01029,DAVANGERE,EQ,3.52,3.56,3.35,3.38,3.38,3.49,13762863,47143273.75,12076
2026-07-20,INE921B01025,DBSTOCKBRO,BE,37.71,37.99,36.59,36.7,36.59,38.51,8447,313016.69,96
2026-07-20,INE0A1101019,DCI,EQ,268.85,273.4,265.1,270.85,271.0,268.85,35274,9495203.05,722
2026-07-20,INE503A01015,DCBBANK,EQ,189.0,190.89,187.0,189.85,189.61,189.93,508875,96318179.72,11223
2026-07-20,INE0S8401018,DCG,SM,50.75,53.25,50.75,52.0,52.0,53.5,4800,249000.0,4
2026-07-20,INE891B01012,DCMFINSERV,BE,4.91,5.33,4.91,5.16,5.16,5.15,14672,73490.13,22
2026-07-20,INE498A01018,DCM,BE,96.4,98.62,93.9,97.5,94.99,93.93,28482,2750781.72,203
2026-07-20,INE08KP01019,DCMNVL,BE,155.95,155.95,143.5,147.1,147.1,150.0,1171,173470.7,23
2026-07-20,INE0OFM01015,DSFCL,BE,25.05,25.59,23.8,25.51,25.59,24.38,80998,2037359.54,238
2026-07-20,INE843D01027,DCMSRIND,EQ,40.4,45.0,40.4,41.51,41.26,39.99,837833,36203800.06,4798
2026-07-20,INE0OU201013,DCMSIL,BE,86.46,86.46,86.46,86.46,86.46,84.77,5585,482879.1,31
2026-07-20,INE499A01024,DCMSHRIRAM,EQ,1027.0,1035.0,1015.7,1031.2,1034.0,1022.9,29096,29929209.7,5240
2026-07-20,INE500A01029,DCW,EQ,46.48,46.85,45.9,46.63,46.6,46.38,539841,25049971.14,2541
2026-07-20,INE0KL801015,DCXINDIA,EQ,185.51,188.04,184.12,185.43,185.8,187.36,340474,63283765.6,5357
2026-07-20,INE0HR601026,DDEVPLSTIK,EQ,288.55,294.95,286.05,288.2,287.0,288.55,63103,18299956.3,3311
2026-07-20,INE0JWV01011,DENEERS,SM,197.95,198.5,192.0,198.5,198.5,199.0,4800,940740.0,8
2026-07-20,INE244A01016,DENORA,EQ,866.65,887.9,862.55,880.9,882.9,871.1,4826,4239221.8,592
2026-07-20,INE411Y01011,DIL,BZ,0.8,0.83,0.78,0.8,0.82,0.82,572096,456474.16,298
2026-07-20,INE583C01021,DECCANCE,EQ,575.8,577.4,563.85,569.25,574.15,575.8,29988,17053800.65,555
2026-07-20,INE945F01025,DECNGOLD,EQ,193.75,194.7,186.5,190.09,190.9,192.75,1157707,220039543.39,11274
2026-07-20,INE0S7C01019,DECCANTRAN,SM,21.3,21.9,21.3,21.9,21.9,20.85,2400,51840.0,2
2026-07-20,INE841L01016,DEEDEV,BE,673.0,701.9,673.0,695.4,695.0,691.75,31751,21930335.25,990
2026-07-20,INE586O01011,DEEM,ST,53.2,55.4,53.15,55.4,55.4,55.9,5000,269950.0,5
2026-07-20,INE0FHS01024,DEEPINDS,EQ,474.4,487.0,471.1,476.05,474.8,476.0,112723,53988179.8,5071
2026-07-20,INE0OPA01027,DBEIL,BE,7.66,7.96,7.5,7.7,7.75,7.69,162649,1239215.96,416
2026-07-20,INE501A01019,DEEPAKFERT,EQ,1598.0,1619.0,1576.5,1605.1,1613.0,1594.0,146849,233943022.2,7007
2026-07-20,INE288B01029,DEEPAKNTR,EQ,1702.0,1715.0,1683.0,1689.7,1693.0,1708.0,78757,133622348.6,10945
2026-07-20,INE0SK801018,DELAPLEX,SM,98.0,98.0,98.0,98.0,98.0,98.0,1200,117600.0,1
2026-07-20,INE148O01028,DELHIVERY,EQ,487.0,493.35,479.85,486.85,487.0,492.15,7146053,3468291795.75,59193
2026-07-20,INE726L01027,DELPHIFX,BE,6.87,6.87,6.87,6.87,6.87,7.23,90987,625080.69,176
2026-07-20,INE0XRN01019,DELTIC,ST,34.6,34.6,33.0,33.6,33.6,33.1,8000,268750.0,7
2026-07-20,INE124G01033,DELTACORP,EQ,64.54,64.68,63.6,63.92,63.71,64.37,683641,43691508.83,3852
2026-07-20,INE393A01011,DELTAMAGNT,EQ,58.24,58.99,57.35,58.61,58.63,58.24,452,26363.38,26
2026-07-20,INE947J01015,DEN,EQ,27.35,27.35,26.92,27.01,26.95,27.32,482028,13039424.68,2503
2026-07-20,INE0R4L01018,DENTA,EQ,328.3,343.6,322.9,340.75,341.2,327.6,322250,108209063.7,10176
2026-07-20,INE0VOV01021,DEVX,EQ,34.71,34.71,33.98,34.01,34.02,34.37,14714,502385.64,232
2026-07-20,INE060X01034,DEVIT,EQ,27.49,27.59,26.5,26.95,27.1,27.26,25349,684022.77,350
2026-07-20,INE872J01023,DEVYANI,EQ,111.4,111.71,110.35,110.92,110.96,112.0,366980,40703546.47,4545
2026-07-20,INE0I3401014,DBOL,EQ,111.78,112.89,107.1,107.51,107.1,111.78,71283,7776783.97,889
2026-07-20,INE041A01016,DHAMPURSUG,EQ,142.7,148.95,142.07,145.42,144.9,142.44,297514,43033474.53,2521
2026-07-20,INE680A01011,DHANBANK,EQ,33.86,34.52,33.57,33.8,33.89,33.86,947706,32208086.17,2762
2026-07-20,INE0V9V01010,DHANLAXMI,SM,23.6,23.6,23.2,23.35,23.2,23.25,6000,140100.0,3
2026-07-20,INE0M3I01029,DHANSA,ST,21.15,21.15,20.8,21.0,21.0,21.85,20000,419100.0,9
2026-07-20,INE435G01025,DHANUKA,EQ,1018.2,1034.5,1011.0,1013.4,1017.4,1017.4,11185,11354268.7,1340
2026-07-20,INE2HJL01019,DHARARAIL,ST,134.0,134.0,130.55,130.55,130.55,133.9,3000,398550.0,3
2026-07-20,INE278R01034,DHARAN,BZ,0.15,0.16,0.15,0.15,0.16,0.15,7509897,1155864.5,896
2026-07-20,INE0YRN01025,DHARIWAL,SM,33.05,34.7,33.05,33.5,33.5,34.25,126000,4249200.0,22
2026-07-20,INE00OQ01016,DHARMAJ,EQ,258.6,261.0,255.35,259.9,260.0,258.6,40538,10518835.1,1870
2026-07-20,INE506Z01015,DHRUV,BE,25.33,26.2,24.55,25.95,25.95,25.33,5227,135127.11,38
2026-07-20,INE320L01011,DHUNINV,EQ,987.0,988.0,943.0,944.15,943.0,962.3,281,267852.7,53
2026-07-20,INE341R01014,DTIL,EQ,137.15,138.7,135.0,137.88,138.0,134.53,2462,339374.55,72
2026-07-20,INE477B01010,DVL,EQ,243.0,245.45,237.51,244.78,245.0,241.88,18607,4489678.28,360
2026-07-20,INE591D01014,DIAMINESQ,EQ,260.0,264.34,248.0,252.32,248.0,262.93,4977,1268384.06,233
2026-07-20,INE989C01038,DIACABS,EQ,220.0,244.61,219.99,244.61,244.61,222.38,9896865,2348577915.31,66410
2026-07-20,INE303A01010,DICIND,EQ,527.75,527.9,508.0,508.25,508.0,514.2,731,374141.55,117
2026-07-20,INE0JRD01019,DTL,SM,125.0,127.0,123.0,127.0,127.0,127.0,7200,904080.0,6
2026-07-20,INE184O01015,DIFFNKG,EQ,384.9,389.2,380.45,386.15,388.55,380.25,64014,24632915.8,2680
2026-07-20,INE03JI01017,DGCONTENT,EQ,26.1,26.1,25.15,25.31,25.31,26.06,39818,1022846.9,47
2026-07-20,INE0PSC01024,DIGIDRIVE,EQ,18.66,18.8,18.25,18.48,18.48,18.66,6864,126963.8,115
2026-07-20,INE0QJ901011,DIGIKORE,SM,52.35,52.35,49.75,51.1,51.5,51.4,139600,7068460.0,192
2026-07-20,INE927C01020,DIGISPICE,BE,19.25,19.62,19.0,19.22,19.25,19.08,55885,1079671.7,177
2026-07-20,INE0U4701011,DIGITIDE,EQ,103.0,103.0,96.65,99.5,99.02,101.02,463211,45664058.57,4410
2026-07-20,INE731U01028,DIGJAMLMTD,EQ,43.3,45.69,43.3,44.34,44.34,44.75,4764,213382.66,76
2026-07-20,INE016M01021,DNAMEDIA,EQ,2.75,2.86,2.75,2.78,2.76,2.81,18046,50472.98,96
2026-07-20,INE917M01012,DBL,EQ,410.0,410.0,403.1,405.55,404.25,408.4,47439,19256934.45,2661
2026-07-20,INE131C01011,DISAQ,EQ,12000.0,12081.0,11751.0,11873.0,11796.0,11816.0,316,3775155.0,264
2026-07-20,INE836F01026,DISHTV,BE,2.93,2.97,2.92,2.94,2.94,2.92,431384,1269409.67,713
2026-07-20,INE385W01011,DCAL,EQ,190.0,192.82,189.57,190.83,190.25,191.46,90193,17208999.12,2304
2026-07-20,INE753U01022,DIVGIITTS,EQ,924.4,935.0,905.9,913.9,919.9,913.5,29838,27389037.8,3311
2026-07-20,INE361B01024,DIVISLAB,EQ,7260.0,7438.5,7237.5,7318.0,7315.0,7247.5,434480,3196661833.5,41619
2026-07-20,INE0NA501011,DIVINEHIRA,ST,114.5,114.5,108.5,110.0,110.0,111.95,16800,1849200.0,14
2026-07-20,INE0SCO01019,DPEL,SM,581.2,581.3,566.9,579.95,577.0,580.4,49500,28500850.0,79
2026-07-20,INE0QYI01019,DIVYADHAN,ST,53.75,53.75,53.75,53.75,53.75,53.75,4000,215000.0,1
2026-07-20,INE935N01020,DIXON,EQ,14300.0,14614.0,14165.0,14589.0,14590.0,14329.0,407451,5895620007.0,61082
2026-07-20,INE0B1K01014,DJML,EQ,108.9,108.9,105.0,106.66,106.5,106.68,477069,51226233.86,3159
2026-07-20,INE271C01023,DLF,EQ,665.0,669.8,654.15,668.6,666.8,667.8,2754612,1823075081.75,82666
2026-07-20,INE505A01010,DMCC,EQ,263.75,269.45,263.35,266.75,267.7,265.25,19539,5189411.25,445
2026-07-20,INE021O01019,DODLA,EQ,1090.8,1090.8,1063.0,1073.6,1074.7,1083.7,13918,14893914.2,1880
2026-07-20,INE966A01022,DOLATALGO,EQ,69.2,69.74,68.47,68.72,68.6,69.68,82177,5672615.06,1363
2026-07-20,INE325C01035,DOLLAR,EQ,261.9,263.0,258.0,261.9,262.0,261.4,70646,18418142.2,3942
2026-07-20,INE920A01037,DOLPHIN,EQ,380.0,393.95,373.0,378.0,386.2,377.0,5723,2178688.8,419
2026-07-20,INE321T01012,DOMS,EQ,2250.0,2288.7,2249.0,2266.2,2268.0,2265.5,49679,112678970.2,7194
2026-07-20,INE668D01028,DONEAR,EQ,84.0,86.25,83.01,85.17,84.81,83.34,13698,1161475.66,239
2026-07-20,INE360C01024,DPSCLTD,BE,7.46,7.6,7.3,7.37,7.46,7.41,75991,563450.6,456
2026-07-20,INE943P01029,AGARWALEYE,EQ,489.9,491.1,481.15,484.7,487.25,485.9,24064,11713962.2,2325
2026-07-20,INE934C01018,DRAGARWQ,EQ,4990.5,5059.0,4915.0,5006.5,5020.0,5015.5,474,2363560.0,223
2026-07-20,INE600L01024,LALPATHLAB,EQ,1675.7,1723.2,1675.0,1693.3,1697.8,1687.4,209192,355706425.4,22249
2026-07-20,INE089A01031,DRREDDY,EQ,1213.3,1231.3,1209.6,1223.1,1224.0,1211.2,2212191,2699208815.3,55749
2026-07-20,INE03RS01027,DRCSYSTEMS,EQ,13.46,13.8,12.96,13.3,13.28,13.68,87157,1166073.14,403
2026-07-20,INE0JS101016,DREAMFOLKS,EQ,68.73,68.73,67.5,68.1,68.25,68.73,29221,1988206.09,1149
2026-07-20,INE506A01018,DREDGECORP,EQ,993.5,1029.0,991.8,1019.6,1020.8,1003.1,72396,73182102.3,5503
2026-07-20,INE0P7201019,DRONE,ST,39.85,39.85,38.6,38.9,38.8,38.55,9000,351675.0,18
2026-07-20,INE055C01020,KEEPLEARN,EQ,1.9,1.92,1.8,1.84,1.86,1.8,11843,22260.39,63
2026-07-20,INF740KA1EU7,LIQUIDETF,EQ,1000.0,1000.01,999.99,1000.0,1000.0,1000.0,188578,188577946.6,453
2026-07-20,INF740KA1YH2,BANK10ADD,EQ,17.45,17.49,17.19,17.32,17.49,17.61,235960,4081081.86,289
2026-07-20,INF740KA1RX3,BANKADD,EQ,59.51,59.52,59.0,59.44,59.52,59.82,15000,888115.33,156
2026-07-20,INF740KA1SW3,GOLDADD,EQ,137.06,137.87,136.77,137.43,137.87,136.12,133112,18278565.44,1616
2026-07-20,INF740KA1SX1,ITADD,EQ,31.03,31.27,30.91,30.95,30.97,30.98,25871,802323.7,124
2026-07-20,INF740KA1QK2,EQUAL50ADD,EQ,342.22,344.36,341.02,343.54,344.34,342.12,27886,9562448.3,362
2026-07-20,INF740KA1CL0,NIFTYADD,EQ,253.15,255.53,253.15,254.98,254.85,255.71,7886,2009255.52,220
2026-07-20,INF740KA1SY9,PSUBANKADD,EQ,85.29,87.34,83.77,87.03,86.94,84.6,333998,28803627.84,487
2026-07-20,INF740KA1TA7,PVTBANKADD,EQ,28.24,28.58,28.13,28.21,28.22,28.97,1530546,43263010.83,636
2026-07-20,INF740KA1ZF3,MIDQ50ADD,EQ,24.96,25.0,24.58,24.95,24.98,24.72,25150,625161.34,95
2026-07-20,INF740KA1SZ6,SENSEXADD,EQ,80.18,80.22,79.7,79.92,80.06,80.49,967,77325.34,23
2026-07-20,INF740KA1RE3,SILVERADD,EQ,208.57,210.0,208.13,209.49,209.51,206.28,80413,16823088.62,2215
2026-07-20,INF740KA1WU9,FLEXIADD,EQ,9.98,10.0,9.9,9.97,10.0,9.93,77584,773454.21,242
2026-07-20,INF740KA1ZA4,FMCGADD,EQ,49.03,50.5,48.89,50.02,50.5,49.03,3239,160068.11,17
2026-07-20,INF740KA1ZG1,HEALTHADD,EQ,16.01,16.8,16.01,16.62,16.62,16.43,25643,425389.49,102
2026-07-20,INF740KA1UM0,LIQUIDADD,EQ,1136.45,1136.68,1136.43,1136.44,1136.44,1136.28,204147,232002198.81,316
2026-07-20,INF740KA1WW5,MIDCAPADD,EQ,23.0,23.19,23.0,23.13,23.07,23.03,7376,170739.87,38
2026-07-20,INF740KA1WV7,MSCIADD,EQ,29.59,29.7,29.51,29.68,29.56,29.57,1047,30972.75,11
2026-07-20,INF740KA1VE5,NEXT30ADD,EQ,42.14,42.4,42.03,42.37,42.4,42.16,4818,203745.52,57
2026-07-20,INF740KA1XU7,NEXT50ADD,EQ,72.12,72.86,72.11,72.85,72.86,72.26,2107,153156.17,32
2026-07-20,INF740KA1WX3,SMALLADD,EQ,18.47,18.47,18.03,18.14,18.14,18.08,17636,319913.02,99
2026-07-20,INF740KA1UR9,TOP10ADD,EQ,88.25,88.39,87.46,87.89,88.39,88.52,156918,13785211.98,792
2026-07-20,INE0LZO01015,DUCOL,SM,106.1,106.1,106.1,106.1,106.1,106.85,800,84880.0,1
2026-07-20,INE741L01018,DUCON,EQ,3.08,3.08,3.01,3.02,3.04,3.03,174832,531973.04,219
2026-07-20,INE0HPK01020,DUGLOBAL,ST,28.4,28.4,27.0,27.15,27.2,27.9,47500,1298500.0,18
2026-07-20,INE0OUW01013,DURLAX,ST,47.15,47.15,46.45,46.45,46.45,48.0,8000,375400.0,4
2026-07-20,INE366A01041,DWARKESH,EQ,44.34,44.42,42.97,43.38,43.42,44.08,554256,24149693.08,3230
2026-07-20,INE417B01040,DSSL,EQ,1217.8,1217.8,1199.0,1208.4,1214.0,1214.8,27829,33537006.9,2661
2026-07-20,INE221B01012,DYNAMATECH,EQ,10270.0,10362.0,10222.0,10285.0,10291.0,10309.0,4533,46609724.0,1915
2026-07-20,INE600Y01019,DYCL,EQ,389.4,457.8,379.1,445.65,447.6,386.5,19862249,8581825553.2,302356
2026-07-20,INE0DZ701010,DYNAMIC,ST,157.8,159.5,157.0,159.5,159.5,157.9,2000,316075.0,4
2026-07-20,INE256H01015,DYNPRO,EQ,235.5,235.5,228.59,229.52,229.1,230.63,5034,1157481.72,278
2026-07-20,INE1CEJ01017,E2ERAIL,ST,269.95,269.95,258.0,260.3,260.0,270.0,19200,5032320.0,24
2026-07-20,INE255Z01027,E2E,EQ,400.0,425.15,399.2,425.15,425.15,404.95,2515611,1064551527.75,17660
2026-07-20,INE962C01035,EASTSILK,BE,48.61,48.61,48.37,48.61,48.61,46.3,404,19587.69,14
2026-07-20,INE07O001026,EASEMYTRIP,EQ,6.8,6.87,6.73,6.85,6.86,6.81,10802217,73713896.67,7868
2026-07-20,INE528S07128,925ECL28,N2,1003.01,1003.06,1003.01,1003.06,1003.06,1006.0,30,30090.9,3
2026-07-20,INE738I01010,ECLERX,EQ,1926.0,1976.0,1803.2,1877.5,1884.0,1979.8,1618496,3051175081.4,103759
2026-07-20,INE0VBS01016,ECOLINE,ST,195.2,198.0,192.0,192.0,192.0,193.2,6000,1177100.0,6
2026-07-20,INE06HJ01020,ECOSMOBLTY,BE,132.74,133.9,130.0,131.46,132.11,132.74,9458,1246256.87,152
2026-07-20,INF754K01OB1,BBETF0432,EQ,1354.98,1355.65,1344.9,1349.92,1351.0,1351.66,950,1283255.97,65
2026-07-20,INF754K01TE4,EBANKNIFTY,EQ,58.17,58.55,57.92,58.4,58.4,58.85,1132,65812.62,31
2026-07-20,INF754K01KO2,EBBETF0430,EQ,1614.0,1614.0,1590.2,1602.39,1604.3,1603.82,7510,12033028.64,449
2026-07-20,INF754K01LE1,EBBETF0431,EQ,1443.32,1443.32,1434.0,1435.48,1434.35,1436.4,1072,1538934.75,87
2026-07-20,INF754K01QX0,EBBETF0433,EQ,1316.0,1316.0,1311.1,1311.94,1311.85,1314.43,1344,1764260.73,97
2026-07-20,INF754K01TX4,ECAPINSURE,EQ,24.45,24.45,23.81,24.14,24.25,23.94,30754,739540.56,328
2026-07-20,INF754K01SE6,EGOLD,EQ,141.5,141.5,140.4,141.35,141.2,140.1,17072,2409153.55,284
2026-07-20,INF754K01VW2,ELIQUID,EQ,1040.09,1040.09,1040.07,1040.09,1040.09,1039.95,17158,17845758.07,10
2026-07-20,INF754K01VV4,ELM250,EQ,16.67,16.98,16.28,16.57,16.71,16.65,30723,508970.44,163
2026-07-20,INF754K01TF1,EMULTIMQ,EQ,41.16,41.37,40.99,41.21,41.09,40.95,21003,863660.03,201
2026-07-20,INF754K01XF3,ENEXT50,EQ,71.95,72.66,71.78,72.41,72.41,71.24,1150,82915.96,22
2026-07-20,INF754K01VX0,ENIFTY,EQ,25.06,25.06,23.83,24.37,24.39,24.45,9340,227533.46,71
2026-07-20,INF754K01VY8,ESENSEX,EQ,77.03,78.53,77.03,77.95,77.95,78.37,398,30960.61,13
2026-07-20,INF754K01SF3,ESILVER,EQ,220.84,220.84,216.15,217.65,218.56,214.41,331505,72130616.84,2673
2026-07-20,INE532F01054,EDELWEISS,EQ,118.8,122.74,117.3,122.1,121.7,118.85,2570900,310068358.51,20186
2026-07-20,INE216H01027,EDUCOMP,BZ,0.9,0.95,0.88,0.91,0.94,0.92,64864,58633.57,109
2026-07-20,INE886D01026,EFCIL,EQ,188.0,192.4,184.2,191.1,190.55,188.62,247722,46477965.83,4921
2026-07-20,INE0U9101019,EFFWA,ST,366.0,368.0,360.0,366.7,366.0,365.0,12800,4656560.0,24
2026-07-20,INE066A01021,EICHERMOT,EQ,7569.0,7582.0,7478.0,7563.5,7580.0,7563.5,266324,2007169138.5,28862
2026-07-20,INE126A01031,EIDPARRY,EQ,751.05,765.0,746.0,762.25,764.55,751.0,195141,147945214.5,13768
2026-07-20,INE276C01014,EIHAHOTELS,EQ,320.55,320.55,314.7,316.1,316.0,321.4,19486,6175700.85,717
2026-07-20,INE230A01023,EIHOTEL,EQ,339.7,342.0,335.0,340.2,340.0,338.75,135243,45937382.9,6017
2026-07-20,INE158B01016,EIMCOELECO,EQ,1860.0,1860.0,1813.0,1822.3,1821.0,1833.4,26708,48955807.4,2427
2026-07-20,INE280B01018,ELANTAS,EQ,9279.0,9712.0,9200.0,9532.0,9640.0,9280.0,1560,14655695.0,738
2026-07-20,INE927X01018,ELCIDIN,EQ,112150.0,112500.0,110895.0,112025.0,111100.0,112480.0,13,1451620.0,12
2026-07-20,INE668G01021,ELDEHSG,EQ,782.15,794.2,758.15,768.85,771.05,786.05,1260,985020.15,80
2026-07-20,INE205B01031,ELECON,EQ,464.35,473.85,453.35,455.0,455.0,464.35,401769,185465987.6,19636
2026-07-20,INE0Q1W01012,EFORCE,SM,22.0,22.0,21.3,21.35,21.35,22.1,7200,154260.0,5
2026-07-20,INE02YR01019,EMIL,EQ,129.0,131.4,127.98,129.88,129.35,128.77,391615,50733633.74,5868
2026-07-20,INE086A01029,ELECTCAST,EQ,74.2,74.45,73.35,73.83,73.96,74.59,927809,68529585.49,7275
2026-07-20,INE822G01016,ELECTHERM,EQ,1052.1,1075.8,1045.1,1068.5,1065.0,1052.1,12390,13188799.9,956
2026-07-20,INE0R9101015,ELGNZ,SM,97.0,104.0,97.0,102.2,101.9,97.25,91000,9186900.0,53
2026-07-20,INE285A01027,ELGIEQUIP,EQ,584.0,590.0,575.3,588.0,589.0,581.7,267783,156439600.1,19679
2026-07-20,INE819L01012,ELGIRUBCO,EQ,61.15,62.48,58.0,58.53,58.21,61.84,56248,3365455.76,1322
2026-07-20,INE050401020,ELIN,EQ,109.33,109.38,103.7,105.24,104.95,108.3,282569,29835493.99,4228
2026-07-20,INE669R01026,ELITECON,EQ,18.0,19.86,17.42,17.87,18.1,17.87,7215306,134142493.98,21382
2026-07-20,INE236E01022,ELLEN,EQ,285.1,292.0,284.1,287.25,288.45,287.25,143971,41498018.2,3837
2026-07-20,INE579B01039,ELPROINTL,EQ,174.0,175.35,174.0,174.86,175.0,174.63,7708,1347020.29,110
2026-07-20,INE0ZOL01023,EMAPARTNER,SM,79.15,82.0,78.0,82.0,82.0,80.75,20000,1597100.0,13
2026-07-20,INE548C01032,EMAMILTD,EQ,410.0,415.0,404.1,405.15,405.0,409.45,283507,115438354.1,12879
2026-07-20,INE830C01026,EMAMIPAP,EQ,92.5,95.79,92.3,94.58,94.95,90.7,98149,9229364.92,1718
2026-07-20,INE778K01012,EMAMIREAL,BE,79.7,79.7,76.1,76.6,76.11,77.36,5899,454191.68,63
2026-07-20,INE069I01010,EMBDL,EQ,62.9,64.2,61.55,63.75,63.31,63.04,2081850,130100211.04,11620
2026-07-20,INE041025011,EMBASSY,RR,454.0,454.85,448.0,449.3,449.0,452.55,536703,242116280.83,10751
2026-07-20,INE168P01015,EMCURE,EQ,1780.0,1870.8,1776.5,1861.2,1862.0,1783.2,195372,359839563.1,15443
2026-07-20,INE0RHD01013,ETML,SM,92.0,92.0,78.3,82.75,82.15,88.8,39600,3262020.0,27
2026-07-20,INE296H01011,EMKAY,EQ,254.0,254.0,241.1,242.5,243.8,250.55,47348,11677793.55,1745
2026-07-20,INE332S01011,EMKAYTOOLS,SM,93.2,93.25,92.85,93.05,93.05,95.0,1050,97755.0,6
2026-07-20,INE0PXC01024,ETL,SM,1043.95,1080.0,1043.95,1055.0,1055.0,1000.0,2400,2542942.5,8
2026-07-20,INE753K01015,EMMBI,BE,89.65,93.0,89.65,92.61,92.5,90.1,2241,206087.14,20
2026-07-20,INE1C6T01020,EMMVEE,EQ,341.55,344.7,334.05,336.15,336.5,345.05,2436414,823652409.8,29635
2026-07-20,INE507F01023,EMPOWER,BE,2.33,2.35,2.3,2.3,2.31,2.3,6353466,14773237.37,1472
2026-07-20,INE0OV601013,EMSLIMITED,EQ,414.7,434.45,410.65,430.4,431.55,417.05,700355,297998631.3,15873
2026-07-20,INE01QM01018,EMUDHRA,EQ,448.1,460.4,445.0,458.25,460.0,448.1,65982,30013503.7,2970
2026-07-20,INE433T01015,ENCOMPAS,SM,245.3,245.3,238.25,244.25,244.5,245.3,6000,1448680.0,14
2026-07-20,INE913H01037,ENDURANCE,EQ,2733.0,2757.3,2714.8,2741.5,2733.5,2733.0,61998,169767419.9,12769
2026-07-20,INE306C01019,ENERGYDEV,EQ,16.85,17.22,16.83,17.04,17.1,17.06,19646,334581.43,141
2026-07-20,INE0S1L01013,EMMIL,SM,127.0,131.0,127.0,130.0,130.0,124.0,2500,320125.0,7
2026-07-20,INE0S3X01014,ENFUSE,SM,153.0,164.45,153.0,164.45,164.45,162.35,3000,473100.0,5
2026-07-20,INE510A01028,ENGINERSIN,EQ,227.45,231.57,226.75,229.78,229.1,227.66,1065087,244644255.56,20412
2026-07-20,INE0R9I01021,ENSER,SM,11.6,13.3,11.25,12.65,13.3,12.45,215000,2600000.0,39
2026-07-20,INE010601016,ENTERO,EQ,1174.0,1200.0,1170.1,1189.7,1200.0,1174.0,63677,75401137.8,6137
2026-07-20,INE265F01028,ENIL,EQ,108.0,109.64,107.0,108.49,108.9,107.64,7274,786652.91,358
2026-07-20,INE0LLY01014,EIEL,EQ,219.5,231.5,218.15,229.35,229.5,220.23,2460009,557842317.12,27889
2026-07-20,INE0SUH01015,ENVIRO,SM,77.0,77.3,76.3,76.5,76.7,77.9,35000,2692300.0,28
2026-07-20,INE0G5901015,EPACK,EQ,242.0,242.99,238.1,240.82,240.5,241.53,247421,59319281.79,3814
2026-07-20,INE0MLS01022,EPACKPEB,EQ,242.0,249.18,232.6,247.36,246.8,244.11,996205,240351458.81,20423
2026-07-20,INE071N01016,EPIGRAL,EQ,1042.3,1088.9,1042.2,1083.2,1082.0,1051.9,54395,58468482.5,4610
2026-07-20,INE255A01020,EPL,EQ,239.52,241.11,235.52,239.75,240.0,239.52,446969,106935015.29,9777
2026-07-20,INE11HF01010,EEPL,SM,112.0,112.0,101.05,101.8,101.15,110.0,216000,22468900.0,184
2026-07-20,INE1KEC01023,EPWINDIA,ST,265.5,277.95,265.5,276.7,277.0,265.5,4800,1316220.0,4
2026-07-20,INE217G01035,EQUIPPP,BE,24.54,24.91,24.0,24.4,24.4,24.54,59850,1478496.62,59
2026-07-20,INE063P01018,EQUITASBNK,EQ,77.72,79.88,77.46,79.28,79.41,77.72,2704523,212766371.21,23005
2026-07-20,INE406M01024,ERIS,EQ,1455.4,1472.8,1432.1,1463.3,1464.0,1455.4,99159,144970095.1,12952
2026-07-20,INE284A01012,ESABINDIA,EQ,5687.0,5983.0,5687.0,5895.0,5910.0,5653.0,11667,68491082.5,3715
2026-07-20,INE818W01011,ESAFSFB,EQ,35.4,35.89,34.51,35.41,35.65,35.2,520577,18221409.05,2526
2026-07-20,INE0RQZ01017,ESCONET,SM,136.1,136.1,131.0,131.95,133.3,133.1,10400,1386000.0,24
2026-07-20,INE042A01014,ESCORTS,EQ,2916.0,3037.0,2916.0,2981.4,2985.3,2937.0,352348,1057768528.5,30214
2026-07-20,INE0SBP01018,ESPRIT,SM,59.5,64.9,59.5,60.7,59.75,60.5,65600,4058160.0,38
2026-07-20,INE122M01019,ESSARSHPNG,EQ,20.11,20.7,20.01,20.35,20.4,20.51,97657,1979827.54,721
2026-07-20,INE0ITO01014,ESFL,SM,112.0,115.0,112.0,112.7,113.0,111.8,10440,1182042.0,26
2026-07-20,INE778B01029,ESTER,EQ,89.0,91.88,87.71,88.7,89.2,88.73,130501,11697098.6,1347
2026-07-20,INE758T01015,ETERNAL,EQ,284.65,289.45,284.4,286.95,287.0,286.6,16701880,4792279157.8,113525
2026-07-20,INE04TZ01018,ETHOSLTD,EQ,2656.0,2719.7,2623.1,2653.8,2635.0,2663.1,17119,45732432.9,4626
2026-07-20,INE0KCE01017,EUREKAFORB,EQ,456.9,463.7,448.15,461.95,463.45,458.2,101665,46299689.8,7046
2026-07-20,INE546V01010,EIFFL,BE,331.5,331.5,313.45,320.5,320.0,329.9,6751,2159862.9,72
2026-07-20,INE505V01016,EUROBOND,EQ,170.97,173.0,162.5,163.56,163.95,164.97,7251,1203359.68,256
2026-07-20,INE198501012,EUROPRATIK,EQ,305.9,313.45,305.9,308.2,310.0,308.75,151873,46969981.25,1658
2026-07-20,INE022C01012,EUROTEXIND,BE,13.44,13.44,12.79,12.82,12.82,13.44,663,8859.54,11
2026-07-20,INE128A01029,EVEREADY,EQ,340.55,345.65,338.55,343.0,342.1,343.55,77857,26622010.95,3527
2026-07-20,INE295A01018,EVERESTIND,BE,485.0,499.1,480.0,489.3,488.55,487.55,5972,2917677.65,115
2026-07-20,INE184H01027,EKC,EQ,113.0,114.0,111.0,112.68,112.6,113.05,139527,15709466.85,2388
2026-07-20,INE369A01029,EXCELINDUS,EQ,885.2,910.4,885.2,899.8,897.0,898.7,5721,5149775.1,546
2026-07-20,INE606N01019,EXCELSOFT,EQ,77.53,78.34,76.0,76.3,76.46,77.14,353693,27140712.01,2819
2026-07-20,INE777F01014,EXICOM,EQ,161.52,170.0,159.1,168.22,168.04,161.51,2001940,333502707.48,18721
2026-07-20,INE302A01020,EXIDEIND,EQ,435.0,443.25,433.7,436.65,436.15,435.2,4985145,2186231627.8,64370
2026-07-20,INE19I001020,EXIMROUTES,SM,114.0,114.0,110.0,110.0,110.0,113.0,13600,1547200.0,2
2026-07-20,INE201K01015,EXPLEOSOL,EQ,795.55,847.0,790.0,824.65,832.0,792.4,30080,24441949.15,1683
2026-07-20,INE0GFE01026,EXXARO,EQ,6.42,6.42,6.27,6.34,6.31,6.45,101116,641212.8,424
2026-07-20,INE0HF201011,FABTECH,EQ,153.71,155.67,150.8,151.4,151.89,153.71,79563,12126571.14,1929
2026-07-20,INE188A01015,FACT,EQ,838.0,838.35,825.55,831.2,832.0,833.6,65805,54697284.7,5041
2026-07-20,INE0DNW01011,FAIRCHEMOR,BE,681.5,728.6,681.5,700.7,714.95,704.2,44804,31884853.55,503
2026-07-20,INE0PQK01013,FALCONTECH,SM,10.6,10.85,10.5,10.6,10.6,10.3,6000,63780.0,5
2026-07-20,INE963C01033,FAZE3Q,EQ,555.1,585.0,550.1,564.2,585.0,560.6,14101,7922223.55,687
2026-07-20,INE512B01022,FCSSOFT,BE,1.63,1.64,1.51,1.55,1.55,1.58,917680,1437159.93,1112
2026-07-20,INE258B01022,FDC,EQ,421.4,426.0,415.5,417.9,416.4,420.1,74183,31069057.7,5132
2026-07-20,INE007N01010,FEDFINA,EQ,157.48,159.79,154.97,157.76,158.16,158.6,1007168,158247743.05,11634
2026-07-20,INE417D01020,FEDDERSHOL,EQ,45.2,48.43,45.2,48.36,48.34,44.19,6122783,293309194.56,11247
2026-07-20,INE171A01029,FEDERALBNK,EQ,341.5,352.2,341.5,350.75,351.5,349.0,10483345,3655446719.3,99353
2026-07-20,INE529A01010,FMGOETZE,EQ,486.0,493.9,481.8,488.8,486.2,487.8,43754,21405264.55,1992
2026-07-20,INE901X01013,FELIX,SM,184.15,188.0,184.15,187.9,188.0,188.0,7500,1399850.0,15
2026-07-20,INE225B01021,FERMENTA,EQ,434.6,449.95,421.0,443.9,442.85,432.65,151112,65707084.5,6156
2026-07-20,INE296C01020,FIBERWEB,EQ,32.29,32.3,31.2,31.88,31.88,31.61,13334,421658.26,76
2026-07-20,INE0LQQ01019,FIDEL,SM,151.25,151.25,150.1,151.25,151.25,151.25,8000,1205200.0,7
2026-07-20,INE737H01014,FIEMIND,EQ,2270.0,2327.1,2259.0,2305.5,2307.8,2272.2,38997,89833935.6,7801
2026-07-20,INE185E01021,FILATFASH,BE,0.19,0.2,0.18,0.18,0.19,0.19,12082138,2261959.35,2039
2026-07-20,INE816B01035,FILATEX,EQ,69.3,73.4,69.3,72.47,72.2,71.57,3860661,277996372.82,18281
2026-07-20,INE0EDU01014,FINBUD,SM,122.05,125.7,122.0,122.2,122.2,121.9,7000,858700.0,7
2026-07-20,INE686Y01026,FINEORG,EQ,5058.0,5059.0,4916.5,4933.0,4925.0,5056.0,6431,32018641.5,1838
2026-07-20,INE045J01034,FCL,EQ,39.69,39.92,38.25,39.39,39.24,38.75,13903646,543813664.52,24463
2026-07-20,INE734I01027,FINKURVE,EQ,64.01,64.58,62.5,62.91,63.0,62.37,26784,1699929.5,556
2026-07-20,INE02NC01014,FINOPB,EQ,177.5,177.5,166.0,168.49,166.6,174.21,5229618,884635431.71,37061
2026-07-20,INE235A01022,FINCABLES,EQ,1018.0,1025.0,1009.5,1015.4,1015.0,1017.3,158377,160906945.0,16262
2026-07-20,INE183A01024,FINPIPE,EQ,164.66,166.95,164.27,165.08,164.98,164.66,313729,51882722.84,9815
2026-07-20,INE684F01012,FSL,EQ,263.7,269.0,262.9,266.65,267.0,266.38,731559,194672590.65,27249
2026-07-20,INE771F01041,FISCHER,EQ,40.25,40.25,39.0,39.92,39.5,39.27,3857681,152993548.75,7764
2026-07-20,INE128S01021,FIVESTAR,EQ,555.0,575.6,547.35,570.5,573.95,557.75,760064,430096452.0,22932
2026-07-20,INE00Y201027,FLAIR,EQ,260.0,260.15,252.85,253.4,254.8,259.95,121150,30877952.2,3053
2026-07-20,INE060J01017,FLEXITUFF,BE,5.05,5.09,4.71,4.98,4.99,4.95,56713,273219.83,89
2026-07-20,INE0VCK01011,FLYSBS,SM,476.25,476.25,462.1,468.2,470.65,484.45,23800,11124920.0,80
2026-07-20,INE0SQZ01015,FWSTC,SM,190.0,190.0,190.0,190.0,190.0,195.0,600,114000.0,1
2026-07-20,INE593W01028,FOCUS,BE,78.75,79.0,75.05,75.27,75.05,79.0,30572,2318882.37,169
2026-07-20,INE0Q4701019,FONEBOX,SM,73.0,76.65,70.5,76.65,76.65,73.0,7000,514250.0,6
2026-07-20,INE976E01023,FOODSIN,EQ,58.9,59.23,57.02,57.68,57.98,58.61,65588,3806317.84,1767
2026-07-20,INE0U2501017,FORCAS,SM,142.25,145.0,140.0,144.6,145.0,141.8,27200,3904240.0,17
2026-07-20,INE451A01017,FORCEMOT,EQ,18280.0,18334.0,17880.0,17910.0,17920.0,18244.0,47411,857054880.0,15898
2026-07-20,INE061F01013,FORTIS,EQ,950.2,960.1,948.8,951.2,958.0,952.45,532831,508375101.45,20130
2026-07-20,INE519A01011,FOSECOIND,EQ,5094.0,5190.0,5045.5,5137.0,5105.0,5058.0,1466,7479173.5,318
2026-07-20,INE212S01015,FRACTAL,EQ,863.7,874.35,835.0,842.05,840.0,867.0,279192,238084552.4,16829
2026-07-20,INF090I01VX3,FICRF3GP,MF,300.0,300.0,300.0,300.0,300.0,284.75,1,300.0,1
2026-07-20,INE0SFW01015,FRESHARA,SM,307.95,310.75,297.2,309.8,310.75,310.7,25200,7715040.0,37
2026-07-20,INE385O01018,FROG,ST,179.45,184.55,179.45,184.55,184.55,175.8,25200,4625660.0,39
2026-07-20,INE572D01014,FRONTSP,EQ,1424.9,1424.9,1393.6,1402.7,1400.0,1407.0,10234,14382684.0,1225
2026-07-20,INE388Y01029,NYKAA,EQ,322.4,329.6,322.4,323.5,323.1,323.05,5976462,1941948798.1,58325
2026-07-20,INE12UR01024,UTLSOLAR,EQ,366.95,380.0,362.1,376.6,374.8,365.15,425042,159496509.55,16290
2026-07-20,INE139R01012,FUSION,EQ,224.25,233.0,223.62,225.98,225.96,225.89,390640,88850469.69,9283
2026-07-20,INE452O01016,FLFL,BZ,1.29,1.33,1.22,1.32,1.33,1.27,37965,48988.96,64
2026-07-20,INE220J01025,FCONSUMER,BZ,0.28,0.29,0.28,0.28,0.28,0.29,1159816,324948.58,604
2026-07-20,INE623B01027,FEL,BZ,0.38,0.38,0.38,0.38,0.38,0.37,31811,12088.18,62
2026-07-20,IN9623B01058,FELDVR,BZ,2.51,2.51,2.39,2.5,2.5,2.51,478,1156.12,18
2026-07-20,INE360L01017,FMNL,BE,9.45,9.45,8.98,9.37,9.43,9.45,26429,238269.48,80
2026-07-20,INE075D01018,GMBREW,EQ,895.1,924.9,894.05,922.5,923.0,899.6,82588,74925937.55,4420
2026-07-20,INE201P01022,GRINFRA,EQ,899.95,929.0,888.05,922.65,922.0,891.75,42887,39180853.8,2935
2026-07-20,INE586X01012,GTECJAINX,BE,27.54,27.54,27.54,27.54,27.54,27.0,12131,334087.74,22
2026-07-20,INE524A01029,GABRIEL,EQ,1340.0,1453.0,1331.1,1398.0,1396.0,1336.6,3715082,5243671810.0,155924
2026-07-20,INE224E01028,GATECH,EQ,0.48,0.49,0.47,0.47,0.49,0.48,2205668,1061049.1,835
2026-07-20,INE224E01036,GATECHDVR,EQ,0.44,0.45,0.43,0.43,0.44,0.44,140901,61808.16,165
2026-07-20,INE129A01019,GAIL,EQ,171.19,173.56,169.7,173.01,172.9,171.2,4986847,860022058.45,37817
2026-07-20,INE0QTE01018,GAJANAND,SM,8.25,8.6,8.15,8.6,8.6,8.65,9000,75000.0,3
2026-07-20,INE0RE001014,GALAPREC,EQ,1170.6,1245.9,1155.0,1215.0,1210.0,1182.0,62971,75229913.2,7919
2026-07-20,INE600K01018,GALAXYSURF,EQ,1920.0,1971.0,1920.0,1955.6,1936.0,1926.2,13088,25417810.9,1786
2026-07-20,INE297H01019,GALLANTT,EQ,635.0,642.5,619.15,620.15,619.15,651.7,345145,215666358.95,7427
2026-07-20,INE717W01049,GANDHAR,EQ,209.48,231.0,209.1,228.32,230.0,207.93,3211670,713564718.25,32094
2026-07-20,INE524B01027,GANDHITUBE,EQ,865.6,877.4,863.65,865.2,865.65,865.25,1619,1403184.4,196
2026-07-20,INE388A01029,GANESHBE,EQ,103.07,107.9,103.07,107.02,107.8,104.41,180920,19186163.65,2673
2026-07-20,INE652V01016,GANESHCP,EQ,179.0,179.01,163.0,172.89,172.2,177.86,521988,87757524.42,18694
2026-07-20,INE0R8C01018,GGBL,SM,274.0,276.0,266.7,268.85,268.25,272.5,31500,8520435.0,86
2026-07-20,INE460C01014,GANESHHOU,EQ,822.7,832.25,815.0,817.6,825.0,822.7,16213,13294036.05,1327
2026-07-20,INE0TVT01024,GANESHIN,ST,92.45,94.4,91.0,94.0,94.0,93.0,16000,1486400.0,19
2026-07-20,INE845D01014,GANECOS,EQ,1197.15,1212.3,1178.05,1192.1,1190.25,1203.15,118137,140950716.0,6570
2026-07-20,INE0ZI101018,GANGABATH,SM,23.05,23.05,21.65,22.65,22.65,22.2,30000,672450.0,10
2026-07-20,INE691Z01023,GANGAFORGE,BE,1.99,2.01,1.91,1.92,1.91,1.99,306990,603396.86,285
2026-07-20,INE335W01016,GANGESSECU,EQ,118.6,118.6,115.6,115.91,116.0,116.7,553,65006.83,28
2026-07-20,INE382Z01011,GRSE,EQ,2570.0,2606.0,2553.0,2561.7,2565.0,2581.2,280972,722753104.0,20180
2026-07-20,INE0JVO01026,GARUDA,EQ,174.7,177.17,172.37,174.48,174.0,174.83,205718,35948667.87,4473
2026-07-20,INE291A01017,GRWRHITECH,EQ,6990.0,7053.0,6902.0,6923.0,6918.0,6970.5,30715,214188356.0,6094
2026-07-20,INE276A01018,GARFIBRES,EQ,765.5,778.2,757.7,774.1,775.0,765.5,39727,30719880.0,3577
2026-07-20,INE079J01017,GATEWAY,EQ,58.05,59.19,57.6,58.26,58.01,58.07,493838,28744899.22,6353
2026-07-20,INE0P8B01020,GAUDIUMIVF,BE,140.8,150.96,136.6,148.02,149.15,143.78,566811,82990761.25,4208
2026-07-20,INE287Z01012,GAYAHWS,EQ,1.94,2.0,1.9,1.9,1.9,1.94,152703,293702.89,296
2026-07-20,INE336H01023,GAYAPROJ,BE,22.39,22.39,21.02,21.14,21.39,22.12,555680,12090578.9,1571
2026-07-20,INE878A01011,GVPIL,EQ,792.95,832.55,786.9,832.55,832.55,792.95,222885,182069231.15,8570
2026-07-20,INE200A01026,GVT&D,EQ,4390.0,4506.8,4352.1,4444.9,4467.3,4387.4,611051,2720873092.0,60803
2026-07-20,INE916G01016,GEECEE,BE,342.7,352.9,342.7,344.9,352.0,342.3,3159,1099813.6,46
2026-07-20,INE669X01032,GEEKAYWIRE,EQ,23.58,23.98,23.55,23.67,23.66,23.58,30918,733140.77,275
2026-07-20,INE06XZ01023,GEMAROMA,EQ,184.28,188.43,183.8,184.88,186.5,185.92,65280,12107209.94,1160
2026-07-20,INE481Y01014,GICRE,EQ,362.0,363.0,359.25,360.25,359.8,362.0,346586,125111115.2,13154
2026-07-20,INE854S01022,GENCON,EQ,40.78,40.78,39.56,40.0,40.72,40.33,228921,9183406.39,537
2026-07-20,INE727B01026,GENESYS,EQ,324.35,327.85,318.0,321.15,321.75,324.35,125603,40405994.4,3256
2026-07-20,INE06H201014,GENSOL,BZ,18.46,18.92,18.35,18.35,18.35,19.31,50501,929519.84,567
2026-07-20,INE949P01018,GENUSPAPER,EQ,11.1,11.34,11.01,11.08,11.17,11.29,85898,953505.38,269
2026-07-20,INE955D01029,GENUSPOWER,EQ,316.5,317.5,309.0,314.25,314.8,317.05,1210252,379171655.45,19066
2026-07-20,INE1W0N01014,GENXAI,SM,79.35,79.35,74.0,75.85,76.9,79.4,66000,4991940.0,52
2026-07-20,INE007B01023,GEOJITFSL,EQ,81.98,83.92,80.7,82.92,82.75,81.08,491188,40635004.0,4782
2026-07-20,INE538A01037,GFLLIMITED,EQ,44.5,47.94,44.5,46.12,46.7,44.96,87376,4060709.41,1848
2026-07-20,INE539A01019,GHCL,EQ,436.75,439.85,431.8,434.5,435.0,433.75,73095,31830272.1,3354
2026-07-20,INE0PA801013,GHCLTEXTIL,EQ,114.5,115.0,110.48,114.17,113.65,113.7,424604,48000846.14,4418
2026-07-20,INE289B01019,GICHSGFIN,EQ,151.3,151.3,148.31,150.35,150.06,151.45,64832,9730215.52,1300
2026-07-20,INE047B01011,GILLANDERS,EQ,91.78,91.78,86.41,89.18,88.5,89.98,2360,208444.11,59
2026-07-20,INE322A01010,GILLETTE,EQ,7820.0,7878.0,7786.0,7816.0,7820.0,7810.0,18854,147755758.0,3021
2026-07-20,INE424C01010,GINNIFILA,BE,50.0,50.7,48.55,50.44,50.7,48.53,37950,1895846.91,128
2026-07-20,INE614Z01017,GIRIRAJ,SM,119.45,119.45,109.7,110.9,109.7,121.85,20250,2276737.5,59
2026-07-20,INE1AG301022,GKENERGY,EQ,143.68,149.8,141.0,142.79,143.0,137.3,2177717,316828596.38,21262
2026-07-20,INE528A01020,GKWLIMITED,EQ,1656.8,1700.0,1656.8,1699.8,1699.8,1674.2,237,402374.5,14
2026-07-20,INE068V01023,GLAND,EQ,2449.9,2492.0,2445.0,2459.1,2458.2,2449.0,324971,800637054.6,31700
2026-07-20,INE159A01016,GLAXO,EQ,2454.5,2500.0,2445.4,2483.1,2499.0,2454.8,56883,140611660.8,10163
2026-07-20,INE935A01035,GLENMARK,EQ,2235.0,2270.0,2225.3,2239.5,2242.2,2235.5,914679,2050749666.9,27300
2026-07-20,INE291W01037,GLOBAL,EQ,101.0,101.59,99.0,100.16,100.99,99.21,43591,4362068.16,311
2026-07-20,INE474Q01031,MEDANTA,EQ,1325.9,1340.0,1305.0,1331.4,1340.0,1316.9,61192,81282010.1,7717
2026-07-20,INE0PS501019,GLOBALPET,ST,150.5,151.0,150.5,151.0,151.0,151.15,30000,4517850.0,4
2026-07-20,INE0JSX01015,GSLSU,EQ,26.55,27.72,25.47,25.47,25.47,26.81,364262,9360691.92,969
2026-07-20,INE792H01019,GLOBALVECT,EQ,155.0,155.0,148.3,151.07,150.49,153.18,5835,886983.67,278
2026-07-20,INE0URU01010,GLOBALE,BE,11.2,11.2,10.7,11.18,11.18,11.25,1280,14235.96,16
2026-07-20,INE0V3U01015,GLOBECIVIL,BE,41.79,41.79,40.0,40.12,40.21,40.84,17090,690260.41,138
2026-07-20,INE581X01021,GLOBE,EQ,2.12,2.16,2.11,2.14,2.15,2.15,148180,316556.28,200
2026-07-20,INE947T01022,GICL,EQ,16.89,17.0,16.5,16.74,16.5,16.71,45051,761450.21,210
2026-07-20,INE00WS01056,GSTL,SM,17.75,17.85,17.75,17.85,17.85,17.0,7000,124800.0,6
2026-07-20,INE615I01010,GLOBUSSPR,EQ,928.0,932.9,905.0,917.1,914.9,932.2,185806,170820389.8,10405
2026-07-20,INE350Z01018,GLOSTERLTD,EQ,671.5,683.9,660.1,669.0,673.9,683.9,2331,1573262.9,233
2026-07-20,INE0TQE01026,GLOTTIS,BE,65.52,67.9,65.0,66.2,65.99,67.2,27603,1840614.99,283
2026-07-20,INE541A01023,GMMPFAUDLR,EQ,788.9,806.0,786.05,802.5,803.0,797.1,60773,48644567.1,3152
2026-07-20,INE776C01039,GMRAIRPORT,EQ,110.29,111.7,109.69,111.54,111.61,110.54,26130679,2899519631.85,30622
2026-07-20,INE0CU601026,GMRP&UI,EQ,97.35,97.8,96.55,97.13,97.07,97.21,347777,33739669.2,3450
2026-07-20,INE934S01014,GNA,EQ,568.8,576.8,502.2,508.0,513.0,567.05,2003844,1065256060.0,46689
2026-07-20,INE18JU01028,EBGNG,EQ,559.0,564.7,544.0,558.4,559.0,543.0,223701,124291244.05,8487
2026-07-20,INE03JT01014,GODIGIT,EQ,281.0,286.25,277.8,280.9,281.0,281.9,2131594,602785513.25,28647
2026-07-20,INE0BJS01011,GOCOLORS,EQ,348.0,348.0,339.35,344.35,344.0,349.3,129531,44423159.95,3227
2026-07-20,INE426D01013,GOACARBON,EQ,370.75,374.85,365.1,366.35,366.0,370.75,6186,2283025.8,432
2026-07-20,INE077F01035,GOCLCORP,EQ,403.7,404.9,399.1,401.1,404.5,403.7,31351,12577262.65,1587
2026-07-20,INE497S01012,GODAVARIB,EQ,256.6,268.45,253.8,263.7,264.9,256.4,128189,33648816.55,2969
2026-07-20,INE177H01039,GPIL,EQ,244.0,247.6,242.6,244.1,244.5,244.35,718764,175899510.85,12965
2026-07-20,INE260B01028,GODFRYPHLP,EQ,2104.0,2148.9,2090.9,2133.5,2137.2,2109.9,169932,361758923.5,15036
2026-07-20,INE850D01014,GODREJAGRO,EQ,567.8,574.45,563.6,571.9,573.5,567.8,105966,60420670.75,6466
2026-07-20,INE102D01028,GODREJCP,EQ,1068.3,1069.5,1055.8,1064.8,1066.8,1071.9,190080,201986602.9,11536
2026-07-20,INE233A01035,GODREJIND,EQ,1334.0,1379.0,1327.3,1364.8,1367.0,1334.7,233114,317997970.6,23277
2026-07-20,INE484J01027,GODREJPROP,EQ,2090.0,2127.0,2065.5,2118.7,2120.0,2102.1,362804,760638532.6,17952
2026-07-20,IN0020240100,697GR2034,GS,101.85,101.85,101.85,101.85,101.85,101.85,649,66100.65,1
2026-07-20,IN0020240142,709GS2074,GS,96.0,96.34,94.2,95.26,95.5,96.38,24398,2328734.78,48
2026-07-20,IN0020210186,574GS2026,GS,100.7,100.79,100.7,100.79,100.79,100.48,2526,254463.98,6
2026-07-20,IN0020250034,591GS2028,GS,100.0,100.0,100.0,100.0,100.0,101.5,100,10000.0,1
2026-07-20,IN0020250125,603GS2029,GS,101.6,101.6,101.6,101.6,101.6,101.7,100,10160.0,1
2026-07-20,IN0020210095,610GS2031,GS,99.75,99.75,99.75,99.75,99.75,99.75,1,99.75,1
2026-07-20,IN0020250141,636GS2031,GS,100.4,100.4,100.4,100.4,100.4,102.0,450,45180.0,5
2026-07-20,IN0020250091,648GS2035,GS,99.5,99.5,99.5,99.5,99.5,99.5,76,7562.0,2
2026-07-20,IN0020210152,667GS2035,GS,98.5,98.5,98.5,98.5,98.5,98.62,1000,98500.0,1
2026-07-20,IN0020200252,667GS2050,GS,94.3,94.3,94.0,94.0,94.0,93.0,500,47090.0,4
2026-07-20,IN0020250042,668GS2040,GS,99.15,99.15,99.15,99.15,99.15,99.25,2000,198300.0,2
2026-07-20,IN0020200401,676GS2061,GS,93.2,93.38,93.1,93.34,93.35,93.3,19808,1848322.6,33
2026-07-20,IN0020240126,679GS2034,GS,101.0,101.0,100.55,100.55,100.55,101.0,3190,322104.5,2
2026-07-20,IN0020200187,68GS2060,GS,93.9,93.9,93.83,93.83,93.83,93.9,1810,169887.92,12
2026-07-20,IN0020250018,690GS2065,GS,94.19,94.19,93.15,93.27,94.06,94.0,22216,2079461.53,25
2026-07-20,IN0020260025,694GS2036,GS,101.85,101.85,101.85,101.85,101.85,101.85,200,20370.0,2
2026-07-20,IN0020210202,695GS2061,GS,94.5,94.5,94.5,94.5,94.5,94.5,1900,179550.0,2
2026-07-20,IN0020210194,699GS2051,GS,96.5,96.5,96.5,96.5,96.5,97.93,50,4825.0,2
2026-07-20,IN0020240043,702GS2027,GS,101.1,101.2,101.1,101.2,101.2,101.25,1922,194504.4,3
2026-07-20,IN0020240076,702GS2031,GS,101.56,101.56,101.56,101.56,101.56,101.56,100,10156.0,1
2026-07-20,IN0020240118,709GS2054,GS,99.85,99.85,99.6,99.7,99.7,99.79,6822,680624.2,6
2026-07-20,IN0020240019,71GS2034,GS,103.2,103.2,103.2,103.2,103.2,103.2,100,10320.0,1
2026-07-20,IN0020230036,717GS2030,GS,104.4,104.4,103.05,103.25,103.25,104.3,3225,332811.25,4
2026-07-20,IN0020230077,718GS2037,GS,105.9,105.9,105.9,105.9,105.9,106.39,1000,105900.0,2
2026-07-20,IN0020250075,724GS2055,GS,101.25,101.25,100.7,100.71,100.71,101.02,63534,6415637.63,18
2026-07-20,IN0020230044,725GS2063,GS,98.15,98.15,97.67,97.86,97.86,98.02,160363,15695334.8,106
2026-07-20,IN0020220060,726GS2032,GS,105.5,105.75,105.5,105.75,105.75,106.2,24890,2629117.5,5
2026-07-20,IN0020220151,726GS2033,GS,106.3,106.3,106.3,106.3,106.3,106.3,17111,1818899.3,3
2026-07-20,IN0020230051,73GS2053,GS,99.6,99.9,99.59,99.9,99.9,99.59,94317,9396948.7,19
2026-07-20,IN0020230119,733GS2026,GS,101.33,101.33,101.33,101.33,101.33,101.26,96,9727.68,1
2026-07-20,IN0020240035,734GS2064,GS,100.0,100.0,99.61,99.79,99.75,100.0,226853,22624811.75,72
2026-07-20,IN0020220086,736GS2052,GS,101.05,101.05,101.05,101.05,101.05,100.81,80,8084.0,2
2026-07-20,IN0020230101,737GS2028,GS,104.0,104.5,103.1,104.42,104.5,104.39,6570,684830.0,7
2026-07-20,IN0020220094,74GS2062,GS,101.99,101.99,100.53,100.53,100.53,101.5,177,17801.09,6
2026-07-20,IN0020220102,741GS2036,GS,104.9,104.9,104.5,104.7,104.7,105.7,34600,3624155.0,30
2026-07-20,IN0020250117,743GS2076,GS,101.0,101.01,98.1,100.5,100.5,101.49,7800,785800.55,18
2026-07-20,IN0020220029,754GS2036,GS,106.52,106.7,106.21,106.3,106.3,106.73,745891,79357985.91,209
2026-07-20,IN0020260033,771GS2066,GS,105.0,105.0,104.89,104.89,104.89,105.45,1006,105525.0,5
2026-07-20,IN0020010081,1018GS2026,GS,101.63,104.17,101.63,103.52,103.52,104.24,770,79712.75,6
2026-07-20,IN0020020247,601GS2028,GS,100.4,100.4,100.4,100.4,100.4,100.5,3000,301200.0,2
2026-07-20,IN0020220011,710GS2029,GS,103.56,103.56,103.56,103.56,103.56,103.56,1029,106563.24,2
2026-07-20,IN0020220037,738GS2027,GS,101.5,103.0,101.5,101.75,101.75,101.92,27047,2756468.85,26
2026-07-20,IN0020040039,75GS2034,GS,105.86,105.86,105.86,105.86,105.86,105.85,2,211.72,2
2026-07-20,IN0020060078,824GS2027,GS,105.33,105.35,105.29,105.29,105.35,105.0,3010,316935.97,4
2026-07-20,IN0020110055,897GS2030,GS,110.0,110.5,110.0,110.31,110.1,110.5,11122,1224288.9,16
2026-07-20,IN0020130053,92GS2030,GS,115.5,115.5,114.11,114.16,114.16,114.8,1023,117432.62,8
2026-07-20,IN002025Y438,182D300726,TB,99.3,99.5,99.3,99.5,99.5,99.69,200,19880.0,2
2026-07-20,IN002026Z102,364D100627,TB,95.1,95.1,95.1,95.1,95.1,94.0,1200,114120.0,1
2026-07-20,IN002025Z450,364D110227,TB,95.92,96.25,95.92,96.25,96.25,95.6,200,19217.0,2
2026-07-20,IN002025Z179,364D230726,TB,99.8,99.8,99.8,99.8,99.8,99.35,5000,499000.0,1
2026-07-20,IN002026Z128,364D240627,TB,94.0,94.0,94.0,94.0,94.0,94.0,4700,441800.0,1
2026-07-20,IN002026X156,91D151026,TB,98.02,98.5,98.02,98.05,98.05,97.93,900,88334.0,5
2026-07-20,IN002026X032,91D230726,TB,99.81,99.81,99.5,99.5,99.5,99.15,2000,199062.0,2
2026-07-20,IN002026X123,91D240926,TB,98.86,98.86,98.86,98.86,98.86,98.51,200,19772.0,1
2026-07-20,IN002026X081,91D280826,TB,99.24,99.35,99.1,99.35,99.35,99.35,2100,208539.0,5
2026-07-20,IN002026X040,91D300726,TB,99.79,99.79,99.75,99.79,99.79,99.76,1700,169632.0,6
2026-07-20,INE887G01027,GOKEX,EQ,822.4,849.65,822.0,845.35,844.0,827.8,186145,156551693.35,8607
2026-07-20,INE314T01033,GOKULAGRO,EQ,213.89,217.99,209.65,211.27,210.1,211.74,238333,50890587.78,8288
2026-07-20,INE020J01029,GOKUL,EQ,40.04,40.5,39.67,40.15,40.15,40.04,145172,5808047.72,420
2026-07-20,INE973A01010,GOLDENTOBC,BZ,25.17,26.2,25.17,25.9,25.94,26.49,2781,70627.0,63
2026-07-20,INE025B01025,GOLDIAM,EQ,345.4,353.8,338.15,343.95,343.9,345.4,502232,173382252.5,10201
2026-07-20,INE06MH01016,GOLDKART,SM,135.0,135.0,135.0,135.0,135.0,136.9,625,84375.0,1
2026-07-20,INE405Y01021,GOLDSTAR,SM,7.3,7.3,6.95,7.05,7.05,7.3,67500,477562.5,6
2026-07-20,INE127I01024,GOODLUCK,EQ,1545.0,1597.0,1540.0,1560.4,1564.8,1546.6,110955,174384365.2,10517
2026-07-20,INE533A01012,GOODYEAR,EQ,819.9,823.9,815.0,821.2,823.9,817.4,10679,8734754.7,687
2026-07-20,INE0L9R01028,GOPAL,EQ,265.0,266.95,260.85,263.9,263.9,265.55,74311,19537640.85,4003
2026-07-20,INE705X01026,GOYALALUM,EQ,6.67,6.74,6.54,6.58,6.6,6.68,34297,226336.95,332
2026-07-20,INE0QFE01017,GOYALSALT,SM,115.2,115.2,115.0,115.0,115.0,115.0,4200,483150.0,7
2026-07-20,INE0S7E01015,GPECO,ST,431.8,431.8,412.7,419.9,423.0,424.9,25000,10584950.0,90
2026-07-20,INE586G01017,GULFPETRO,BE,37.09,37.79,35.75,36.54,36.55,37.09,45997,1695506.6,150
2026-07-20,INE486R01017,GPTHEALTH,EQ,153.0,153.0,147.94,149.05,148.5,152.54,91929,13789815.0,1429
2026-07-20,INE390G01014,GPTINFRA,EQ,116.0,119.0,115.02,116.86,119.0,116.14,64708,7563731.42,1706
2026-07-20,INE361K01017,GRADIENTE,BE,3.11,3.11,3.11,3.11,3.11,3.27,157888,491031.68,84
2026-07-20,INE12E301017,GCHOTELS,ST,114.25,114.25,107.0,111.95,111.95,112.0,29400,3244440.0,38
2026-07-20,INE534A01028,GFSTEELS,BE,14.29,14.29,14.29,14.29,14.29,14.29,2921,41741.09,10
2026-07-20,INE926B01016,GRANDOAK,EQ,46.42,46.42,42.2,42.56,42.5,44.21,20222,909014.79,320
2026-07-20,INE101D01020,GRANULES,EQ,880.8,901.0,872.0,876.1,878.65,880.8,545107,482325658.4,38303
2026-07-20,INE0POU01017,GRAPHISAD,SM,27.0,27.5,27.0,27.5,27.5,28.0,2400,65400.0,2
2026-07-20,INE371A01025,GRAPHITE,EQ,635.0,640.0,627.35,637.0,635.0,644.65,500389,316888975.1,22026
2026-07-20,INE047A01021,GRASIM,EQ,3135.0,3155.9,3085.0,3143.8,3136.5,3109.7,349776,1095250897.2,26502
2026-07-20,INE266D01021,GRAUWEIL,EQ,78.65,78.65,75.11,75.61,75.35,77.92,244479,18685830.55,2576
2026-07-20,INE214F01026,GRAVISSHO,EQ,29.66,30.89,29.05,30.36,30.4,29.66,408,12348.66,15
2026-07-20,INE024L01027,GRAVITA,EQ,1805.5,1825.0,1800.5,1809.6,1809.0,1818.2,116981,212050406.3,12700
2026-07-20,INE224A01026,GREAVESCOT,EQ,248.3,253.7,244.44,245.72,247.0,249.46,1078008,267733654.31,15092
2026-07-20,INE0O7P01015,GREENCHEF,SM,48.0,48.85,48.0,48.8,48.85,47.25,4000,194560.0,4
2026-07-20,INE544R01021,GREENLAM,EQ,246.45,255.0,246.45,252.6,251.0,249.35,71405,17920411.7,1847
2026-07-20,INE0PLX01017,GREENLEAF,ST,101.1,102.9,101.1,101.1,101.1,106.4,18000,1824100.0,17
2026-07-20,INE08ZM01014,GREENPANEL,EQ,195.95,199.43,191.51,192.86,197.0,195.21,180961,35452067.71,5801
2026-07-20,INE461C01038,GREENPLY,EQ,313.8,329.0,312.9,321.55,323.0,315.35,263120,85168950.75,7666
2026-07-20,INE199P01028,GCSL,EQ,528.3,538.1,516.0,519.4,517.5,525.7,817661,428790897.4,8891
2026-07-20,INE536A01023,GRINDWELL,EQ,2090.0,2169.4,2080.4,2128.1,2128.0,2086.7,186773,397834587.4,31723
2026-07-20,INE192H01020,GRMOVER,EQ,90.5,92.56,90.3,90.99,90.75,92.05,698066,63718129.22,25386
2026-07-20,INE1TY801010,GJL,ST,165.0,165.25,155.0,160.0,155.0,157.4,4000,648200.0,5
2026-07-20,INF666M01MM4,GROWWCAPM,EQ,11.55,11.55,11.25,11.45,11.46,11.4,320418,3652046.48,753
2026-07-20,INF666M01NP5,GROWWCHEM,EQ,30.0,30.7,29.54,30.59,30.7,30.25,192583,5875685.99,397
2026-07-20,INF666M01IO8,GROWWDEFNC,EQ,92.99,94.0,92.67,93.52,93.63,92.99,145023,13523631.04,2713
2026-07-20,INF666M01IH2,GROWWEV,EQ,31.54,31.68,31.25,31.51,31.65,31.47,276580,8718519.44,1975
2026-07-20,INF666M01OE7,GROWWGOLD,EQ,13.76,13.85,13.74,13.81,13.82,13.69,1036327,14287823.32,3942
2026-07-20,INF666M01OD9,GROWWHOSPI,EQ,54.15,54.5,53.5,54.06,54.5,53.89,352132,18999085.97,1174
2026-07-20,INF666M01IP5,GROWWLIQID,EQ,109.51,110.09,109.51,109.98,109.99,109.97,396630,43621906.41,272
2026-07-20,INF666M01LB9,GROWWLOVOL,EQ,10.33,10.48,10.15,10.44,10.46,10.33,11990,125087.89,160
2026-07-20,INF666M01MV5,GROWWMC150,EQ,234.88,234.88,228.85,231.0,231.0,231.0,439,101404.42,40
2026-07-20,INF666M01NI0,GROWWMETAL,EQ,12.08,12.25,11.84,11.92,11.9,11.84,433991,5186454.47,3027
2026-07-20,INF666M01KJ4,GROWWMOM50,EQ,10.9,10.9,10.5,10.64,10.65,10.56,192302,2046688.59,515
2026-07-20,INF666M01JV1,GROWWN200,EQ,11.49,11.49,11.13,11.39,11.41,11.33,93944,1066621.27,354
2026-07-20,INF666M01LI4,GROWWNET,EQ,9.97,10.15,9.9,9.91,9.93,9.97,358098,3562016.13,592
2026-07-20,INF666M01LL8,GROWWNIFTY,EQ,9.81,10.05,9.75,9.76,9.78,9.81,775990,7595426.78,10883
2026-07-20,INF666M01LZ8,GROWWNXT50,EQ,72.24,72.79,71.78,72.76,72.5,72.11,4778,345709.42,112
2026-07-20,INF666M01LM6,GROWWPOWER,EQ,11.89,11.95,11.66,11.91,11.95,11.69,1955531,23189684.41,2710
2026-07-20,INF666M01NQ3,GROWWPSE,EQ,99.25,100.57,99.25,100.14,100.14,99.25,4083,408549.25,39
2026-07-20,INF666M01OG2,GROWWPSUBK,EQ,83.83,86.85,82.04,86.47,86.15,83.83,35183,3020844.31,204
2026-07-20,INF666M01JJ6,GROWWRAIL,EQ,29.08,29.15,28.75,29.08,29.15,28.96,576062,16683356.9,2005
2026-07-20,INF666M01MN2,GROWWRLTY,EQ,10.4,10.4,10.14,10.28,10.35,10.3,131262,1343714.82,583
2026-07-20,INF666M01MO0,GROWWSC250,EQ,10.12,10.45,10.12,10.42,10.44,10.33,186696,1940548.71,566
2026-07-20,INF666M01OF4,GROWWSLVR,EQ,21.28,21.39,21.21,21.32,21.31,21.01,1190552,25344258.31,2535
2026-07-20,INF666M01OT5,PVTBKGROWW,EQ,28.4,28.58,27.76,28.04,28.06,28.44,38564,1077594.04,218
2026-07-20,INF666M01PG9,SMALLGROWW,EQ,46.31,47.68,46.31,47.61,47.65,47.01,20782,982305.98,91
2026-07-20,INE137I01015,GRPLTD,EQ,1826.0,1899.0,1826.0,1896.2,1899.0,1880.7,586,1097972.2,120
2026-07-20,INE0SQY01018,GSMFOILS,SM,262.0,287.0,262.0,278.65,280.0,261.0,208000,57876175.0,377
2026-07-20,INE713R01022,GSPCROP,EQ,492.2,506.4,487.0,489.9,494.0,492.2,225177,111630806.05,7782
2026-07-20,INE871H01011,GSS,EQ,12.98,12.98,12.13,12.47,12.48,12.32,13657,169359.14,132
2026-07-20,INE221H01019,GTLINFRA,EQ,1.24,1.28,1.23,1.25,1.26,1.24,51908967,65013392.0,20356
2026-07-20,INE043A01012,GTL,EQ,7.13,7.26,7.12,7.19,7.25,7.13,102961,739131.37,537
2026-07-20,INE869I01013,GTPL,EQ,63.0,63.8,62.0,62.43,62.2,63.39,24041,1512198.04,644
2026-07-20,INE742B01025,GUFICBIO,EQ,378.5,395.0,378.45,393.75,392.25,381.9,80287,31070872.5,3961
2026-07-20,INE162A01010,GIPCL,EQ,162.0,163.9,161.24,163.17,163.49,162.11,165203,26897325.84,1892
2026-07-20,INE113A01013,GNFC,EQ,502.0,510.5,499.9,506.6,507.0,502.7,140426,71189013.7,8822
2026-07-20,INE026A01025,GSFC,EQ,159.0,159.79,158.25,159.23,159.39,159.15,205238,32660436.7,5731
2026-07-20,INE826C01016,GUJAPOLLO,EQ,351.0,360.1,347.9,348.35,348.3,349.15,3449,1209658.0,158
2026-07-20,INE186A01019,GUJALKALI,EQ,589.1,609.95,584.05,605.85,602.0,586.2,53661,32132239.75,2839
2026-07-20,INE036B01030,GAEL,EQ,145.0,147.18,143.2,143.88,144.0,145.9,414816,60061232.58,8123
2026-07-20,INE844O01030,GUJENERGY,EQ,281.9,282.2,269.15,271.65,272.5,280.35,826466,226741636.8,30142
2026-07-20,INE09N301011,FLUOROCHEM,EQ,4160.0,4329.2,4120.4,4316.2,4315.0,4144.9,308264,1314146073.0,36659
2026-07-20,INE0V0W01025,GKSL,EQ,128.36,128.78,126.55,127.03,127.0,128.36,71078,9041237.46,796
2026-07-20,INE540A01017,GLFL,BE,5.3,5.3,5.29,5.29,5.29,5.39,1261,6678.17,9
2026-07-20,INE131A01031,GMDCLTD,EQ,578.5,588.0,573.6,577.35,575.95,581.5,516384,299880094.1,14875
2026-07-20,INE207H01018,GNRL,EQ,99.3,102.8,97.28,99.08,98.6,99.37,216061,21542451.53,5596
2026-07-20,INE517F01014,GPPL,EQ,151.0,151.85,150.37,151.48,151.6,151.22,425768,64410422.42,13559
2026-07-20,INE610B01024,GUJRAFFIA,EQ,38.42,39.89,38.0,39.69,39.69,38.42,2477,96436.03,48
2026-07-20,INE942C01045,GUJTHEM,EQ,365.2,374.65,362.4,363.95,363.0,369.6,36166,13234765.9,1156
2026-07-20,INE635Q01029,GULFOILLUB,EQ,1013.0,1022.3,996.0,999.8,996.2,1012.8,52445,52668918.3,3747
2026-07-20,INE255D01024,GULPOLY,EQ,175.0,184.0,175.0,182.56,183.99,176.73,241994,43766375.51,4000
2026-07-20,INE1CCX01012,GURUNANAK,ST,42.1,42.1,41.0,41.8,41.8,42.85,6400,267040.0,4
2026-07-20,INE251H01024,GVKPIL,BE,2.54,2.56,2.46,2.54,2.56,2.51,677310,1708715.41,913
2026-07-20,INE382T01030,GVPTECH,EQ,6.83,6.92,6.7,6.81,6.81,6.7,52056,355487.7,320
2026-07-20,INE724A01017,GYFTR,EQ,164.0,167.19,153.3,156.03,153.3,161.72,46518,7478914.67,2467
2026-07-20,INE640B01021,HBESD,EQ,77.05,77.05,75.0,75.06,75.0,74.51,803,60289.18,13
2026-07-20,INE926X01010,HGINFRA,EQ,548.55,565.0,545.15,559.85,561.0,549.85,48833,27083796.5,3133
2026-07-20,INE115S01010,HALDER,EQ,229.62,232.0,225.24,228.21,229.62,231.2,28270,6508395.39,373
2026-07-20,INE506D01020,HALDYNGL,BE,118.58,120.95,118.0,118.11,118.75,120.03,7987,948115.22,80
2026-07-20,INE320X01016,HALEOSLABS,EQ,1575.2,1599.0,1575.0,1589.1,1575.1,1571.1,416,660668.8,60
2026-07-20,INE596H01014,HGM,EQ,49.1,49.4,48.0,48.89,48.5,49.82,3492,170051.89,62
2026-07-20,INE419U01012,HAPPSTMNDS,EQ,379.65,388.7,377.85,382.45,382.9,379.65,669902,257203081.3,16781
2026-07-20,INE330T01021,HAPPYFORGE,EQ,1582.0,1632.7,1582.0,1608.0,1617.5,1595.3,58815,94612323.1,8958
2026-07-20,INE0TLP01015,WHITEFORCE,ST,46.4,46.5,46.4,46.5,46.5,44.3,3200,148640.0,2
2026-07-20,INE1GFG01011,HAPPY,ST,63.0,66.0,63.0,64.95,65.5,66.1,218000,14226400.0,81
2026-07-20,INE626Z01029,HARDWYN,EQ,15.9,16.38,15.21,15.61,15.38,15.8,2504681,39815675.65,6046
2026-07-20,INE00EV01017,HARIOMPIPE,EQ,403.55,405.15,398.0,399.85,398.0,403.55,91085,36535245.95,2352
2026-07-20,INE544A01019,HARRMALAYA,EQ,221.0,222.99,214.4,217.43,215.21,219.08,12706,2783399.48,400
2026-07-20,INE0JUS01029,HARSHA,EQ,420.75,424.0,414.3,421.15,421.0,419.9,75318,31511618.25,3080
2026-07-20,INE982F01036,HATHWAY,EQ,11.0,11.15,10.99,11.08,11.1,11.06,1319902,14583629.45,2247
2026-07-20,INE473B01035,HATSUN,EQ,938.0,939.7,925.0,930.45,927.7,927.7,13960,13003951.05,1800
2026-07-20,INE176B01034,HAVELLS,EQ,1165.6,1209.7,1165.6,1200.3,1202.7,1187.3,1893253,2266245402.6,71621
2026-07-20,INE979B01015,HAWKINCOOK,EQ,9190.0,9290.0,9075.5,9253.5,9239.5,9081.0,2867,26415905.0,866
2026-07-20,INE550B01022,HBSL,BE,50.0,50.93,47.62,48.26,49.0,49.92,1286,63173.54,106
2026-07-20,INE292B01021,HBLENGINE,EQ,737.0,744.55,722.75,730.65,731.3,741.9,890084,652474847.35,31607
2026-07-20,INE236A01020,HCL-INSYS,EQ,11.8,11.97,11.72,11.83,11.85,11.79,62558,740685.2,479
2026-07-20,INE860A01027,HCLTECH,EQ,1205.0,1224.7,1200.1,1221.3,1220.0,1203.9,3612829,4393468231.4,104425
2026-07-20,INE756I01012,HDBFS,EQ,736.9,736.9,720.4,728.1,728.0,732.5,317617,230299135.1,17271
2026-07-20,INE127D01025,HDFCAMC,EQ,2655.4,2659.0,2603.0,2644.9,2647.0,2651.2,655096,1720160586.1,48398
2026-07-20,INE040A01034,HDFCBANK,EQ,790.0,790.0,774.55,777.6,777.95,819.6,56061789,43763898766.6,979171
2026-07-20,INF179KC1981,HDFCGOLD,EQ,121.15,121.15,120.01,120.79,120.83,119.72,2343878,282539865.29,10724
2026-07-20,INE795G01014,HDFCLIFE,EQ,567.3,567.3,560.25,564.65,564.9,563.65,1252168,705560540.55,22427
2026-07-20,INF179KC1EZ4,HDFCBSE500,EQ,38.36,38.36,37.29,37.63,37.81,37.61,154004,5778442.4,352
2026-07-20,INF179KC1DJ0,HDFCGROWTH,EQ,116.49,117.19,116.01,116.26,116.3,116.49,12073,1404683.06,176
2026-07-20,INF179KC1JG3,HDFCLIQUID,EQ,1069.95,1070.07,1069.95,1070.06,1070.07,1069.92,27182,29086128.01,47
2026-07-20,INF179KC1HU8,HDFCLOWVOL,EQ,20.95,20.95,20.62,20.67,20.72,20.6,2759,57044.34,101
2026-07-20,INF179KC1HT0,HDFCMID150,EQ,23.11,23.41,23.11,23.35,23.4,23.22,397202,9261954.65,1535
2026-07-20,INF179KC1HV6,HDFCMOMENT,EQ,31.12,31.12,29.9,30.77,30.86,30.51,165279,5076673.68,678
2026-07-20,INF179KC1HS2,HDFCNEXT50,EQ,72.72,73.98,72.72,73.85,73.87,73.24,506656,37214758.34,759
2026-07-20,INF179KC1HR4,HDFCNIF100,EQ,26.9,26.9,26.01,26.12,26.18,26.11,43683,1139301.28,390
2026-07-20,INF179KC1HY0,HDFCNIFBAN,EQ,59.83,59.83,59.32,59.71,59.74,60.18,119622,7118700.75,706
2026-07-20,INF179KC1IA8,HDFCNIFIT,EQ,31.43,31.51,31.1,31.21,31.1,31.17,209462,6545343.5,407
2026-07-20,INF179KC1965,HDFCNIFTY,EQ,271.6,273.61,271.6,272.83,273.61,273.61,182659,49811436.13,2363
2026-07-20,INF179KC1HZ7,HDFCPVTBAN,EQ,29.77,29.77,28.27,28.44,28.44,29.05,553049,15701183.8,821
2026-07-20,INF179KC1DL6,HDFCQUAL,EQ,57.58,57.78,57.4,57.59,57.78,57.57,56442,3256758.97,174
2026-07-20,INF179KC1HX2,HDFCSENSEX,EQ,91.02,91.02,87.6,87.93,88.0,88.37,29547,2599743.31,898
2026-07-20,INF179KC1DI2,HDFCSILVER,EQ,207.17,208.68,207.01,208.27,208.35,204.79,1771785,368472287.37,10874
2026-07-20,INF179KC1FB2,HDFCSML250,EQ,181.55,181.87,180.31,181.41,181.5,181.3,1438601,260857111.69,9833
2026-07-20,INF179KC1DK8,HDFCVALUE,EQ,128.23,128.23,127.31,127.82,127.85,128.23,3687,470958.0,88
2026-07-20,INF179KC1HW4,HDFCPSUBK,EQ,84.54,87.44,84.36,87.09,86.04,84.54,1972148,170326190.06,1140
2026-07-20,INE759V01019,HEADSUP,EQ,6.79,6.99,6.64,6.75,6.76,6.78,35220,237056.87,73
2026-07-20,INE019J01013,HEALTHX,EQ,316.05,320.85,312.0,318.15,319.7,317.6,2918,924817.15,255
2026-07-20,INE075I01017,HCG,EQ,658.8,662.6,649.0,653.7,654.1,655.85,66032,43298667.3,6719
2026-07-20,INE558R01013,HECPROJECT,EQ,118.49,120.98,112.25,115.6,114.4,118.49,17094,1998060.48,449
2026-07-20,INE545A01024,HEG,EQ,585.0,596.6,582.7,594.3,590.25,587.35,1036397,610877144.15,26197
2026-07-20,INE578A01017,HEIDELBERG,EQ,157.5,160.9,156.91,159.49,160.9,157.69,44492,7053736.69,971
2026-07-20,INE0AJG01018,HEMIPROP,EQ,137.0,137.0,135.44,135.66,135.9,137.18,143690,19528617.09,1439
2026-07-20,INE694N01015,HERANBA,EQ,180.81,182.69,178.4,179.25,178.5,180.81,17465,3150675.2,800
2026-07-20,INE978A01027,HERITGFOOD,EQ,320.0,338.2,320.0,332.6,333.5,331.3,535291,177337767.55,8903
2026-07-20,INE158A01026,HEROMOTOCO,EQ,4908.0,4985.0,4900.0,4977.7,4981.4,4909.9,352274,1741720000.7,42310
2026-07-20,INE782E01017,HESTERBIO,EQ,2464.9,2600.0,2455.0,2523.4,2507.0,2447.8,49148,125207515.9,6777
2026-07-20,INE750M01017,HEXATRADEX,EQ,157.0,159.99,155.5,158.79,158.78,157.63,2968,468704.47,52
2026-07-20,INE0JUI01012,HEXAGON,BE,69.9,72.5,66.11,71.39,71.06,69.54,920699,65408903.21,1848
2026-07-20,INE093A01041,HEXT,EQ,570.2,574.3,547.9,555.65,557.2,570.2,252198,141223185.0,11153
2026-07-20,INE548A01028,HFCL,EQ,208.25,213.7,203.16,208.03,208.16,213.17,18348510,3797669002.59,103122
2026-07-20,INE0PIC01017,HIGREEN,SM,144.7,144.7,139.4,139.55,139.55,145.4,21600,3059600.0,27
2026-07-20,INE106T01025,HITECH,EQ,86.0,88.25,85.07,87.28,87.32,86.03,264708,23022877.07,2949
2026-07-20,INE00RL01028,HILINFRA,BE,44.79,44.79,43.0,43.66,43.65,43.91,27568,1199546.25,339
2026-07-20,INE475B01022,HIKAL,EQ,229.15,235.9,225.61,227.26,228.09,228.83,308759,70728682.63,6776
2026-07-20,INE788H01017,HILTON,BE,22.94,22.94,22.94,22.94,22.94,24.14,99996,2293908.24,149
2026-07-20,INE019C01026,HSCL,EQ,742.05,786.85,741.1,769.9,771.0,741.55,18133649,13871899572.45,201791
2026-07-20,INE049A01027,HIMATSEIDE,EQ,85.0,86.49,84.46,85.36,85.31,84.79,369214,31584044.05,3870
2026-07-20,INE835D01023,HIRECT,EQ,1244.0,1266.0,1216.8,1252.1,1264.0,1244.5,85099,105992160.4,8262
2026-07-20,INE038A01020,HINDALCO,EQ,944.35,957.75,944.15,947.8,949.0,944.15,3996887,3799812508.6,81769
2026-07-20,INE642Y01029,HINDCON,BE,21.96,21.96,20.61,21.45,21.44,21.0,8434,176216.26,111
2026-07-20,INE05X901010,HPIL,EQ,123.09,128.9,122.4,124.58,122.7,124.65,4664,580262.94,73
2026-07-20,INE170I01016,HGS,EQ,430.0,440.85,427.0,429.75,430.8,431.55,19228,8320960.4,1060
2026-07-20,INE066F01020,HAL,EQ,4500.0,4515.0,4461.0,4491.0,4489.0,4500.7,344703,1546888585.5,28380
2026-07-20,INE310C01029,HINDCOMPOS,EQ,434.85,449.9,434.85,441.25,443.75,434.85,1945,858804.55,225
2026-07-20,INE549A01026,HCC,EQ,22.4,22.99,22.11,22.7,22.72,22.37,25643030,577733743.51,28767
2026-07-20,INE531E01026,HINDCOPPER,EQ,484.95,491.25,480.3,482.05,482.3,486.15,2259935,1094553747.4,38190
2026-07-20,INE254N01026,HNDFDS,EQ,558.4,577.4,555.1,572.95,575.0,558.4,172179,98467149.3,11839
2026-07-20,INE871K01015,HMVL,EQ,91.5,92.5,89.55,91.62,92.5,89.11,58004,5305723.64,648
2026-07-20,INE345A01011,HINDOILEXP,EQ,156.6,162.88,156.0,161.94,162.0,155.53,912080,146236616.04,10118
2026-07-20,INE094A01015,HINDPETRO,EQ,396.3,407.7,392.7,405.4,404.8,400.4,8657829,3466051209.55,75777
2026-07-20,INE030A01027,HINDUNILVR,EQ,2153.8,2153.8,2128.4,2139.7,2140.0,2143.8,689849,1474438907.3,44426
2026-07-20,INE267A01025,HINDZINC,EQ,519.0,530.25,518.35,522.65,522.6,518.35,2385114,1251058106.65,35282
2026-07-20,INE05AN01011,HINDWAREAP,EQ,227.3,229.55,216.05,222.25,222.8,227.3,217056,47764740.35,6867
2026-07-20,INE598C01011,HISARMETAL,EQ,153.7,155.9,152.0,152.47,152.25,154.41,1048,160425.08,25
2026-07-20,INE07Y701011,POWERINDIA,EQ,32190.0,32705.0,31745.0,32440.0,32435.0,32075.0,81022,2624263605.0,26911
2026-07-20,INE120D01012,HITECHCORP,BE,325.0,325.0,316.45,322.85,322.05,322.2,5842,1876560.75,112
2026-07-20,INE461D01028,HLEGLAS,EQ,420.0,427.4,407.9,419.0,416.1,422.0,186005,77597255.45,8359
2026-07-20,INE102A01024,HLVLTD,EQ,7.2,7.26,7.06,7.14,7.06,7.17,111303,797312.7,583
2026-07-20,INE0ECP01024,HMAAGRO,EQ,21.65,22.5,21.55,21.72,21.7,21.96,364359,7983067.93,1144
2026-07-20,INE2T2Q07287,850HMDA34,N0,102264.38,102264.38,102264.38,102264.38,102264.38,101660.62,79,8078886.02,2
2026-07-20,INE2T2Q07212,850HMDA43,N0,102981.1,102981.1,102981.1,102981.1,102981.1,102871.23,102,10504072.2,2
2026-07-20,INE262A01018,HMT,BZ,60.0,61.82,60.0,60.75,60.42,62.92,9465,577140.08,140
2026-07-20,INE0S6S01017,HOACFOODS,ST,684.0,689.95,680.6,686.95,689.95,682.45,2250,1537556.25,6
2026-07-20,INE0LXA01019,HOLMARC,SM,112.95,112.95,110.0,110.0,110.0,109.0,1500,167212.5,2
2026-07-20,INE481N01025,HOMEFIRST,EQ,1241.0,1289.6,1235.1,1273.2,1286.1,1241.8,226569,285727339.8,15565
2026-07-20,INE0J5401028,HONASA,EQ,465.45,475.0,450.55,457.55,458.35,466.95,1008664,465529252.4,27341
2026-07-20,INE634A01018,HONDAPOWER,EQ,2115.0,2132.9,2083.2,2101.0,2092.2,2123.9,3657,7694068.5,461
2026-07-20,INE671A01010,HONAUT,EQ,39120.0,39120.0,38090.0,38215.0,38100.0,38955.0,2963,113653670.0,1487
2026-07-20,INE191I01012,HDIL,BZ,1.65,1.71,1.63,1.68,1.7,1.69,61507,102304.66,204
2026-07-20,INE0GSL01024,HPAL,EQ,34.35,35.0,33.36,34.29,34.8,34.03,98708,3360357.67,2351
2026-07-20,INE0VA601019,HPTL,SM,291.2,299.75,291.2,299.75,299.75,285.5,7200,2147970.0,12
2026-07-20,INE495S01016,HPL,EQ,343.65,344.4,339.1,340.8,340.25,344.35,79489,27110154.8,2481
2026-07-20,INE0R3501012,HRHNEXT,SM,28.95,28.95,28.95,28.95,28.95,27.6,1500,43425.0,1
2026-07-20,INF336L01RX2,HSBCGOLD,EQ,122.19,123.31,122.19,122.67,122.72,122.19,8219,1010294.18,45
2026-07-20,INE031A01017,HUDCO,EQ,202.93,203.0,200.8,201.92,202.0,202.93,930485,187747696.36,11796
2026-07-20,INE501G01024,HTMEDIA,EQ,26.6,26.7,26.15,26.31,26.29,26.15,90239,2381356.67,558
2026-07-20,INE703H01016,HUBTOWN,EQ,201.4,201.6,197.9,199.44,199.99,202.02,222358,44367341.07,3279
2026-07-20,INE275B01026,HUHTAMAKI,EQ,242.7,251.98,240.98,249.79,251.5,237.44,1476349,362789782.26,18670
2026-07-20,INE965B01022,HYBRIDFIN,BE,17.95,18.59,17.95,18.05,18.05,18.03,2319,42336.23,37
2026-07-20,INE0V6F01027,HYUNDAI,EQ,1990.0,2004.9,1970.0,1972.3,1970.0,1993.3,329722,653308351.6,31824
2026-07-20,INE204A01010,IGPL,EQ,420.55,436.9,420.55,428.75,430.25,427.85,22264,9559877.15,1304
2026-07-20,INE0XE501015,ICELCO,ST,160.0,164.5,154.4,157.15,157.85,161.65,111600,17591100.0,86
2026-07-20,INE613B01010,ICDSLTD,EQ,39.79,40.99,37.51,38.7,37.91,39.79,333,13082.38,32
2026-07-20,INE520Y01019,ICEMAKE,EQ,810.0,842.9,804.8,837.35,831.0,800.8,89228,74110962.9,4743
2026-07-20,INE090A01021,ICICIBANK,EQ,1444.5,1480.0,1439.5,1460.2,1461.0,1444.3,22236415,32409455230.5,293168
2026-07-20,INE765G01017,ICICIGI,EQ,1618.0,1626.9,1604.1,1621.6,1616.0,1612.2,528912,855847431.0,31033
2026-07-20,INF109KC19U5,LOWVOLIETF,EQ,22.32,22.32,22.01,22.22,22.2,22.11,780328,17296860.53,1225
2026-07-20,INE726G01019,ICICIPRULI,EQ,497.15,502.35,494.35,498.4,498.0,497.15,1139231,567984086.05,18321
2026-07-20,INF109KC10W0,MIDSELIETF,EQ,19.8,19.8,19.26,19.41,19.42,19.38,297342,5770061.11,840
2026-07-20,INF109KC16V9,NIF100IETF,EQ,28.12,28.54,28.04,28.23,28.1,28.3,105626,2972078.22,2309
2026-07-20,INF109K012R6,NIFTYIETF,EQ,274.7,274.79,272.64,274.15,274.11,275.06,666125,182655593.83,18759
2026-07-20,INF346A01034,SENSEXIETF,EQ,886.03,896.56,886.03,892.3,893.9,896.58,6038,5384358.6,426
2026-07-20,INE346A01027,ICICIAMC,EQ,3196.0,3196.0,3089.6,3117.4,3120.0,3182.8,406852,1269391069.6,31609
2026-07-20,INF109KC1NT3,GOLDIETF,EQ,121.45,121.45,120.15,121.06,121.11,119.89,6031636,728488068.06,35267
2026-07-20,INF109KC11V0,NV20IETF,EQ,13.95,14.05,13.7,13.85,13.9,13.9,516018,7129877.88,2733
2026-07-20,INF109KB15Y7,ICICIB22,EQ,117.0,117.0,114.78,116.47,116.55,115.98,443830,51450085.6,3960
2026-07-20,INF109K1A021,CASHIETF,EQ,1071.58,1071.6,1071.58,1071.58,1071.58,1071.45,58889,63105230.48,104
2026-07-20,INF109K1A153,EVIETF,EQ,31.5,31.79,31.5,31.66,31.68,31.73,59869,1892878.46,702
2026-07-20,INF109KC18O0,GSEC10IETF,EQ,258.0,265.73,257.95,263.0,263.0,263.1,550,144665.08,87
2026-07-20,INF109KC1V59,BSE500IETF,EQ,39.29,39.48,39.16,39.41,39.37,39.29,90835,3572254.7,1784
2026-07-20,INF109KC14A8,GSEC5IETF,EQ,66.36,66.49,65.95,66.49,66.49,66.52,7409,489449.57,32
2026-07-20,INF109KC17V7,ALPL30IETF,EQ,27.88,27.98,27.57,27.93,27.93,27.58,1884897,52470769.31,1299
2026-07-20,INF109KC10V2,AUTOIETF,EQ,28.11,28.11,27.73,27.92,27.95,27.99,631059,17593526.27,2061
2026-07-20,INF109KC18U7,PVTBANIETF,EQ,28.81,28.94,27.96,28.13,28.18,28.81,13251244,372319112.31,6032
2026-07-20,INF109KC19O8,COMMOIETF,EQ,100.5,101.27,100.02,101.03,101.27,100.0,31698,3198012.84,1085
2026-07-20,INF109KC1V42,CONSUMIETF,EQ,121.39,122.0,120.65,121.58,122.0,121.39,5086,617957.47,228
2026-07-20,INF109KC19V3,FMCGIETF,EQ,52.5,52.71,52.18,52.62,52.63,52.31,388342,20389592.86,2843
2026-07-20,INF109KC16E5,INFRAIETF,EQ,96.53,97.36,96.16,97.25,97.3,96.53,152528,14808142.5,11972
2026-07-20,INF109KC1KT9,LIQUIDIETF,EQ,1000.01,1000.01,999.99,999.99,1000.0,999.99,478934,478933676.31,164
2026-07-20,INF109KC11W8,MIDCAPIETF,EQ,24.26,24.26,23.67,23.83,23.82,23.78,4962246,118332225.14,3756
2026-07-20,INF109KC17C7,MOM30IETF,EQ,30.72,31.1,30.69,31.02,31.1,30.71,477640,14759498.14,3642
2026-07-20,INF109KC1NS5,NEXT50IETF,EQ,75.18,76.33,75.18,76.22,76.22,75.58,789566,59963809.51,5147
2026-07-20,INF109KC1Q72,HEALTHIETF,EQ,168.34,170.5,166.89,169.38,170.5,166.87,117400,19856020.14,1760
2026-07-20,INF109KC18V5,QUAL30IETF,EQ,21.5,21.5,20.74,20.94,20.94,20.87,40038,837338.0,231
2026-07-20,INF109KC1Y56,SILVERIETF,EQ,213.94,217.59,213.94,216.9,217.0,213.94,2477025,536756600.44,17995
2026-07-20,INF109KC16I6,ITIETF,EQ,32.44,32.78,32.37,32.42,32.42,32.45,1064054,34591722.88,1904
2026-07-20,INF109KC15I8,BANKIETF,EQ,60.0,60.0,59.11,59.53,59.55,59.99,354761,21055091.57,2180
2026-07-20,INF109KC19W1,METALIETF,EQ,12.61,12.67,12.51,12.62,12.63,12.5,6073104,76644263.89,10663
2026-07-20,INF109KC18W3,OILIETF,EQ,11.72,11.72,11.26,11.51,11.52,11.44,2692484,31021476.07,2602
2026-07-20,INF109KC10S8,PSUBNKIETF,EQ,85.19,87.6,85.15,87.3,85.99,84.93,742575,64308977.63,1508
2026-07-20,INF109K1A476,SMALLIETF,EQ,18.07,18.24,17.99,18.01,18.09,18.04,34313,619181.25,130
2026-07-20,INF109K1A344,TOP15IETF,EQ,9.73,9.97,9.73,9.89,9.9,9.94,117357,1157702.93,232
2026-07-20,INF109KC16X5,VAL30IETF,EQ,15.29,15.5,15.25,15.47,15.43,15.29,278935,4297671.01,556
2026-07-20,INF109KC17L8,FINIETF,EQ,32.53,32.71,32.3,32.64,32.59,32.53,337771,10987767.27,1294
2026-07-20,INE725G01011,ICRA,EQ,5228.0,5255.0,5190.0,5210.0,5205.0,5197.0,50647,264244233.5,9332
2026-07-20,INE008A01015,IDBI,EQ,87.02,87.61,84.8,85.03,85.19,87.02,13665967,1173427066.54,34667
2026-07-20,INE349Y01013,IDEAFORGE,BE,851.8,874.0,845.0,857.3,855.0,843.75,133276,114884013.4,9342
2026-07-20,INE092T01019,IDFCFIRSTB,EQ,79.99,82.18,79.7,81.78,81.75,80.35,24353186,1973028835.0,65394
2026-07-20,INE076C01018,IFBAGRO,BE,989.4,989.4,950.1,974.75,970.0,970.0,2498,2436995.75,119
2026-07-20,INE559A01017,IFBIND,EQ,1332.0,1359.5,1318.0,1343.7,1355.0,1326.2,46077,61936711.4,5421
2026-07-20,INE039A01010,IFCI,EQ,72.0,73.6,71.7,73.13,73.36,72.17,14518217,1057910029.7,43263
2026-07-20,INE133Y01011,IFGLEXPOR,EQ,212.63,214.97,204.41,207.93,210.75,212.63,56553,11806203.65,1843
2026-07-20,INE01XO07025,1225IFL28,N0,7700.0,7700.0,7700.0,7700.0,7700.0,7750.0,2,15400.0,2
2026-07-20,INE188B01013,IGARASHI,EQ,455.5,459.0,450.0,452.4,451.0,457.3,41060,18639772.2,1986
2026-07-20,INE530B07658,837IIFL28,Y4,995.0,995.0,981.2,981.2,981.2,988.8,72,70674.0,4
2026-07-20,INE530B07633,865IIFL31,Y6,999.0,999.0,999.0,999.0,999.0,998.0,10,9990.0,1
2026-07-20,INE530B07609,9IIFL31,Y9,996.0,1005.0,996.0,1005.0,1005.0,995.01,70,70260.0,2
2026-07-20,INE489L01022,IIFLCAPS,EQ,336.95,339.75,332.05,338.3,339.0,336.95,173594,58539742.65,6986
2026-07-20,INE530B01024,IIFL,EQ,554.0,563.9,552.3,557.7,557.0,555.2,1501476,838307893.7,38734
2026-07-20,INE530B07583,IIFL060326,YA,995.0,996.0,995.0,995.11,995.11,1000.0,40,39804.19,3
2026-07-20,INE0LOJ01019,IKIO,EQ,213.0,216.9,211.55,214.37,214.0,219.37,841567,180552599.14,13941
2026-07-20,INE369I01014,IL&FSENGG,BZ,27.57,28.05,27.08,28.05,28.05,27.57,27600,749869.7,24
2026-07-20,INE050B01023,IVC,EQ,8.26,8.44,8.26,8.29,8.34,8.4,188199,1565800.43,627
2026-07-20,INE975G01012,IL&FSTRANS,BZ,2.1,2.16,2.1,2.14,2.16,2.14,13419,28427.69,54
2026-07-20,INE172N01012,IMAGICAA,EQ,47.05,47.79,46.0,46.19,46.11,47.62,306912,14286721.18,2107
2026-07-20,INE691G01015,IMPEXFERRO,BZ,2.39,2.39,2.39,2.39,2.39,2.28,280326,669979.14,56
2026-07-20,INE452L01012,INCREDIBLE,EQ,33.23,33.99,32.2,32.43,33.48,33.18,4469,146638.95,102
2026-07-20,INE547E01014,IMPAL,EQ,1104.4,1122.0,1093.9,1114.0,1105.0,1098.8,1144,1266737.0,175
2026-07-20,INE915B01019,INDSWFTLAB,EQ,227.02,238.3,227.02,233.99,234.25,231.47,438766,103007734.52,7050
2026-07-20,INE611L01021,INDTERRAIN,EQ,29.66,30.14,29.2,29.49,29.8,30.13,8247,244809.96,111
2026-07-20,INE841B01017,INDBANK,EQ,33.1,33.69,33.01,33.43,33.3,33.08,26795,891530.79,343
2026-07-20,INE0O9T01021,BAJAJINDEF,EQ,239.7,245.0,233.6,234.8,234.1,235.0,26104,6180361.1,815
2026-07-20,INE065X01017,INDGN,EQ,507.1,512.9,504.4,509.1,509.15,510.9,91317,46507232.75,8411
2026-07-20,INE560A01023,INDIAGLYCO,EQ,1175.0,1193.0,1136.0,1143.2,1142.0,1159.3,224297,261509712.85,12671
2026-07-20,INE092B01025,INDNIPPON,EQ,1222.4,1239.2,1190.1,1209.4,1230.0,1213.4,33794,40727074.5,3220
2026-07-20,INE0D6701023,IPL,EQ,152.7,152.7,148.52,149.74,149.4,151.66,257786,38768748.12,3647
2026-07-20,INE922K01024,INDIASHLTR,EQ,815.35,821.85,808.5,815.15,815.7,815.35,153480,125159640.8,11901
2026-07-20,INE353K01014,ITDC,EQ,741.55,822.0,734.2,773.9,768.95,743.95,9216052,7277299122.1,234850
2026-07-20,INE126M01010,IBULLSLTD,BE,29.1,30.14,28.6,29.39,29.05,28.99,3091159,91224364.72,4774
2026-07-20,INE933S01016,INDIAMART,EQ,1910.1,1955.0,1893.4,1932.9,1935.0,1910.1,151384,292475510.2,20685
2026-07-20,INE562A01011,INDIANB,EQ,832.4,861.4,830.55,858.5,856.45,832.4,4753723,4045500712.05,70391
2026-07-20,INE061A01014,INDIANCARD,EQ,221.12,229.99,220.25,223.02,223.04,222.22,2610,586446.06,85
2026-07-20,INE0RRU01016,IEML,SM,40.45,42.45,40.3,42.45,42.45,40.45,57000,2407950.0,67
2026-07-20,INE022Q01020,IEX,EQ,122.0,125.98,120.91,125.7,125.2,122.8,7997069,993068310.41,37614
2026-07-20,INE323C01030,INDIANHUME,EQ,398.05,406.8,388.85,403.45,401.5,398.05,61700,24577058.05,2947
2026-07-20,INE919H01018,IMFA,EQ,1354.5,1359.9,1342.1,1346.9,1343.9,1361.3,30988,41847221.0,6146
2026-07-20,INE242A01010,IOC,EQ,140.19,143.15,139.77,142.41,142.6,141.69,13180933,1869764684.06,64330
2026-07-20,INE565A01014,IOB,EQ,34.0,35.5,33.92,35.0,35.06,33.85,30727238,1071782009.5,60294
2026-07-20,INE0DHF01018,IPHL,SM,54.0,55.7,54.0,55.7,55.7,53.4,15600,858300.0,13
2026-07-20,INE335Y01020,IRCTC,EQ,507.0,507.0,499.7,504.75,504.1,507.0,519486,261863458.7,20781
2026-07-20,INE053F01010,IRFC,EQ,88.38,89.15,87.64,88.72,88.78,88.41,5972073,528464925.71,39735
2026-07-20,INE202E01016,IREDA,EQ,120.5,122.58,120.3,121.83,121.52,121.64,3374957,410357114.51,20047
2026-07-20,INE586E01020,IWP,EQ,33.17,33.5,31.5,32.34,32.31,33.0,12166,400228.93,79
2026-07-20,INE09VQ01012,INDIGOPNTS,EQ,1059.0,1081.1,1045.5,1078.0,1075.0,1065.1,45968,48996938.6,7014
2026-07-20,INE219X23014,INDIGRID,IV,179.0,179.52,178.49,178.56,178.95,178.8,538629,96316275.95,5428
2026-07-20,INE06ST01018,INDIQUBE,EQ,166.0,167.96,162.5,163.27,163.99,166.82,37342,6156177.8,914
2026-07-20,INE760F01028,INDOAMIN,BE,124.98,124.98,119.0,120.7,120.6,122.91,54632,6618982.73,488
2026-07-20,INE803D01021,INDOBORAX,EQ,465.0,484.8,462.0,481.05,484.0,465.7,935063,445624647.8,21692
2026-07-20,INE483B01026,ICIL,EQ,386.0,399.95,385.95,392.45,396.0,389.3,287790,113244517.45,11152
2026-07-20,INE622H01018,INDOFARM,EQ,158.62,158.99,155.26,157.04,157.65,158.62,123168,19371066.89,2984
2026-07-20,INE156A01020,INDORAMA,EQ,50.56,51.71,49.0,49.21,49.0,50.07,98003,4872142.92,1018
2026-07-20,INE332H01014,INDOTECH,BE,3286.0,3451.0,3286.0,3407.9,3419.0,3400.9,10055,34185980.0,821
2026-07-20,INE337M01021,INDOTHAI,EQ,221.48,228.08,217.01,219.06,220.0,219.84,2394418,529940029.78,19132
2026-07-20,INE250Z01010,INDOUS,EQ,85.5,89.94,85.5,87.36,89.39,87.28,40594,3564611.18,363
2026-07-20,INE567A01028,NIPPOBATRY,EQ,332.7,334.9,325.6,327.35,329.5,333.6,1487,489576.05,126
2026-07-20,INE873D01024,INDOCO,EQ,247.0,248.49,243.41,244.55,244.85,247.45,56220,13812150.49,1724
2026-07-20,INE05J901018,IGCL,EQ,69.78,71.42,69.36,70.54,70.8,70.72,64754,4543313.09,1311
2026-07-20,INE866K01023,WAAREEINDO,EQ,388.5,388.5,377.65,381.5,382.8,381.45,30402,11617552.6,1656
2026-07-20,INE896L01010,INDOSTAR,EQ,267.65,268.45,261.6,266.65,266.45,269.45,29361,7789003.65,1080
2026-07-20,INE227G01018,INDOWIND,BE,9.35,9.35,9.0,9.21,9.13,9.35,137546,1253611.38,334
2026-07-20,INE203G01027,IGL,EQ,152.95,155.0,151.7,154.66,154.6,153.11,836529,128523715.36,12945
2026-07-20,INE681B01017,INDRAMEDCO,EQ,368.0,376.0,368.0,374.55,374.5,370.8,133331,49643689.9,4782
2026-07-20,INE0NHL23019,INDUSINVIT,IV,130.66,130.84,129.02,129.97,130.0,129.99,124551,16188933.78,4490
2026-07-20,INE121J01017,INDUSTOWER,EQ,401.55,407.75,401.4,402.0,401.6,403.5,3065022,1239269236.9,44174
2026-07-20,INE095A01012,INDUSINDBK,EQ,1029.0,1034.65,1017.15,1032.85,1034.0,1027.2,1686017,1730775022.6,78747
2026-07-20,INE620D01011,INDPRUD,EQ,6500.0,6569.5,6381.0,6569.5,6569.5,6500.0,26,170012.0,9
2026-07-20,INE886A01014,IITL,EQ,129.5,130.22,126.88,128.14,127.5,128.73,92049,11883920.34,697
2026-07-20,INE0MRE01011,INFINIUM,SM,216.5,216.5,205.0,210.7,210.7,209.5,4000,835000.0,8
2026-07-20,INE0MYZ01012,INFLUX,SM,271.05,290.0,269.0,287.8,288.0,282.15,33000,9240840.0,53
2026-07-20,INE663F01032,NAUKRI,EQ,1185.0,1205.65,1181.55,1191.5,1190.8,1187.25,3300086,3945499363.7,73583
2026-07-20,INE344S01016,INFOBEAN,EQ,164.0,172.52,164.0,169.51,169.0,165.93,426078,72228701.55,5883
2026-07-20,INE0NNZ01013,INFOLLION,SM,169.8,177.95,168.55,168.95,168.55,169.8,12000,2043280.0,26
2026-07-20,INE669A01022,INFOMEDIA,EQ,5.68,6.0,5.5,5.89,6.0,5.53,16099,92673.4,58
2026-07-20,INE009A01021,INFY,EQ,1102.0,1103.8,1083.2,1087.1,1087.6,1096.5,6372645,6957162725.0,155749
2026-07-20,INE177A01018,INGERRAND,EQ,4571.2,4616.7,4549.6,4562.9,4570.0,4571.2,8244,37756055.7,1441
2026-07-20,INE0S1D01010,INNOMET,ST,177.15,177.15,177.15,177.15,177.15,173.7,17400,3082410.0,16
2026-07-20,INE0DUT01020,INNOVACAP,EQ,962.0,976.0,953.05,973.25,975.0,962.7,38631,37594908.05,4780
2026-07-20,INE403Y01018,INNOVANA,EQ,336.95,337.4,328.35,334.2,337.3,333.3,996,333463.4,196
2026-07-20,INE0ADB01012,INNOVISION,EQ,291.0,292.25,287.0,288.85,289.0,287.6,11821,3414459.9,845
2026-07-20,INE510W01014,INOXGREEN,EQ,184.89,197.0,183.45,195.33,194.0,186.0,1565560,301188109.34,18492
2026-07-20,INE616N01034,INOXINDIA,EQ,1970.0,2088.0,1965.2,2003.4,1998.3,1980.2,466071,939991535.7,39722
2026-07-20,INE066P01011,INOXWIND,EQ,78.0,79.94,77.4,79.22,79.3,78.12,7787106,615166751.55,32095
2026-07-20,INE070I01018,INSECTICID,EQ,654.9,655.0,631.0,635.15,631.6,653.4,19870,12752293.85,2734
2026-07-20,INE0LGX01024,INA,EQ,119.01,120.12,115.55,119.11,117.9,118.34,650922,76640679.96,6773
2026-07-20,INE020G01017,INSPIRISYS,BE,102.2,102.2,98.0,100.14,101.38,100.15,1352,134141.12,19
2026-07-20,INE418N01035,ESSENTIA,BE,1.17,1.19,1.15,1.16,1.17,1.19,725956,851069.64,717
2026-07-20,INE0YSH01017,INTEGRITY,ST,159.5,162.0,159.0,159.0,159.0,162.0,30000,4844400.0,6
2026-07-20,INE306R01017,INTELLECT,EQ,762.0,766.45,744.55,751.45,751.7,760.0,286367,215364949.35,21763
2026-07-20,INE781A01025,INTENTECH,EQ,90.04,93.99,89.09,91.71,91.3,90.72,114909,10355255.66,317
2026-07-20,INE00M901018,INTERARCH,EQ,1843.0,1870.0,1829.4,1849.7,1850.0,1842.2,22923,42371104.0,4584
2026-07-20,INE646L01027,INDIGO,EQ,5189.5,5261.5,5120.5,5229.0,5233.5,5248.5,1230583,6401518474.0,61169
2026-07-20,INE0OPC01015,INM,SM,170.05,170.05,167.0,167.05,167.0,171.0,7200,1206120.0,6
2026-07-20,INE575C01027,INTLCONV,EQ,77.01,78.99,77.01,78.72,78.99,77.8,24355,1911084.62,568
2026-07-20,INE0Q9301021,IGIL,EQ,346.35,346.35,341.05,342.15,341.2,346.35,271196,92911103.3,13367
2026-07-20,INE566K01011,ISFT,EQ,75.9,75.9,72.05,72.67,72.46,74.45,2188,159825.0,112
2026-07-20,INE878H01024,INVENTURE,EQ,0.9,0.92,0.89,0.9,0.91,0.9,952102,858857.94,448
2026-07-20,INE115Q01022,IKS,EQ,1897.1,1915.6,1855.0,1901.9,1896.0,1897.1,161948,307275431.5,11678
2026-07-20,INF205KA1BP1,IVZINGOLD,EQ,122.4,123.3,122.15,123.2,123.25,121.75,19064,2337936.35,181
2026-07-20,INF205K01DA9,IVZINNIFTY,EQ,2782.22,2782.22,2769.04,2777.35,2777.58,2782.22,71,197048.66,25
2026-07-20,INE155E01016,INVPRECQ,EQ,829.7,835.0,823.05,832.35,835.0,830.9,729,605900.75,107
2026-07-20,INE485C01029,IOLCP,EQ,147.1,161.6,147.1,155.43,155.42,148.33,6212291,972592860.88,40429
2026-07-20,INE570A01022,IONEXCHANG,EQ,438.65,443.25,427.2,434.05,437.5,435.4,1056333,459167262.55,31632
2026-07-20,INE571A01038,IPCALAB,EQ,1901.0,1928.3,1821.5,1838.6,1830.0,1900.6,301713,561792763.9,30376
2026-07-20,INE821I01022,IRB,EQ,20.0,20.02,19.85,19.91,19.94,20.01,6305752,125588886.23,13324
2026-07-20,INE183W23014,IRBINVIT,IV,61.7,62.19,61.65,62.12,62.19,61.97,589246,36516399.02,4815
2026-07-20,INE962Y01021,IRCON,EQ,129.3,130.47,128.17,129.64,129.58,129.33,981056,126880759.48,12098
2026-07-20,INE202E07153,880IREDA34,N6,1255.0,1255.0,1255.0,1255.0,1255.0,1255.0,3,3765.0,1
2026-07-20,INE01GN01025,IRISDOREME,EQ,46.95,47.79,45.52,46.31,46.2,46.54,253715,11834649.5,2455
2026-07-20,INE864K01010,IRIS,EQ,244.1,244.1,240.1,241.5,241.5,244.1,9641,2332204.65,555
2026-07-20,INE07U701015,IRMENERGY,EQ,263.0,263.0,259.8,260.45,260.0,261.25,30109,7847544.2,1240
2026-07-20,INE413U07392,950ISF27A,N0,99650.0,99650.0,99650.0,99650.0,99650.0,99619.49,2,199300.0,1
2026-07-20,INE413U07434,965ISF28,N0,99785.0,99890.0,99785.0,99890.0,99890.0,99201.0,3,299565.0,3
2026-07-20,INE858B01029,ISGEC,EQ,898.85,898.85,880.1,881.6,880.2,895.9,23919,21163006.7,6674
2026-07-20,INE561M01018,ISHANCH,EQ,54.88,54.88,52.5,52.58,52.85,53.08,9077,478445.82,41
2026-07-20,INE0LCW01025,ISHAN,SM,0.5,0.5,0.45,0.5,0.5,0.45,384000,187200.0,8
2026-07-20,INE0R7R01018,ITALIANE,SM,35.0,35.0,34.95,35.0,35.0,35.0,6000,209900.0,3
2026-07-20,INE379A01028,ITCHOTELS,EQ,171.9,171.9,165.54,167.05,166.94,172.41,5526041,923828498.51,90681
2026-07-20,INE154A01025,ITC,EQ,280.7,283.7,279.5,282.7,283.0,280.7,9913943,2796875062.95,265540
2026-07-20,INE248A01017,ITI,EQ,283.0,284.1,280.05,281.8,282.75,284.5,210659,59375842.45,5521
2026-07-20,INE056801025,IVALUE,EQ,297.2,303.4,295.5,298.25,300.0,300.1,167765,50251645.75,3866
2026-07-20,INE043C01018,IVP,BE,158.61,159.8,155.2,157.42,156.85,158.61,1455,230848.63,41
2026-07-20,INE1AII01014,IWARE,ST,524.9,525.0,504.3,504.3,504.3,530.8,16200,8233140.0,27
2026-07-20,INE848A01014,IZMO,EQ,1119.8,1120.0,1070.8,1080.4,1086.0,1124.0,92574,100276407.3,6380
2026-07-20,INE168A01041,J&KBANK,EQ,183.0,186.84,181.11,182.25,182.0,182.69,4482958,827285697.37,45093
2026-07-20,INE0MB501011,JGCHEM,EQ,452.7,505.0,447.3,489.2,496.0,445.45,2554447,1240867035.1,57470
2026-07-20,INE199G01027,JAGRAN,EQ,63.21,63.39,62.8,62.91,63.13,63.21,159340,10031858.96,2362
2026-07-20,INE048B01035,JAGSNPHARM,EQ,224.5,229.24,221.01,223.02,223.0,224.08,54585,12294688.58,1808
2026-07-20,INE091G01026,JAIBALAJI,BE,64.4,65.4,63.0,63.69,63.8,64.4,266924,16964402.98,752
2026-07-20,INE070D01027,JAICORPLTD,EQ,106.89,107.6,105.75,107.15,107.0,106.89,236053,25221646.39,2723
2026-07-20,IN9175A01010,JISLDVREQS,EQ,22.0,22.81,21.8,22.1,21.99,22.31,9131,201608.56,158
2026-07-20,INE175A01038,JISLJALEQS,EQ,30.43,30.9,30.2,30.7,30.66,30.56,978964,29887726.87,3513
2026-07-20,INE0YD401026,JAINREC,EQ,327.9,332.0,325.4,327.85,326.8,328.8,670224,220510266.3,16899
2026-07-20,INE0XIL01012,JAINIK,SM,168.0,180.75,165.05,180.75,180.75,164.35,86400,15469320.0,49
2026-07-20,INE351F01018,JPPOWER,EQ,16.86,17.27,16.68,16.89,16.94,16.87,63141609,1069769445.8,32573
2026-07-20,INE349X01015,JALAN,ST,1.75,1.8,1.75,1.8,1.8,1.75,6000,10650.0,2
2026-07-20,INE039C01032,JAMNAAUTO,EQ,131.4,134.99,130.4,134.46,134.7,131.75,994962,132710902.0,20417
2026-07-20,INE953L01027,JSFB,EQ,496.7,536.0,493.25,531.6,529.0,493.0,4230317,2227616088.3,86088
2026-07-20,INE00YJ01010,JARO,EQ,496.5,501.0,491.0,493.75,493.95,492.65,85879,42617854.65,1788
2026-07-20,INE039O01029,JASH,EQ,515.6,531.7,515.6,528.5,531.6,520.45,62740,32875815.6,3911
2026-07-20,INE0SMY01017,JAYBEE,SM,90.25,93.5,89.7,90.75,90.4,91.8,13000,1186400.0,21
2026-07-20,INE571B01036,JAYBARMARU,EQ,164.0,178.45,164.0,168.36,171.0,170.79,1546262,262823655.14,18430
2026-07-20,INE0J6801010,KORE,SM,159.65,166.7,153.5,153.5,153.5,159.65,3500,560625.0,10
2026-07-20,INE785A01026,JAYAGROGN,EQ,219.5,229.5,219.5,225.91,224.22,220.26,14903,3382220.24,858
2026-07-20,INE854B01010,JAYNECOIND,EQ,90.0,90.0,82.8,84.03,84.1,90.28,12932717,1106754325.43,56520
2026-07-20,INE1AE401014,JAYESH,SM,132.1,135.9,132.1,133.95,134.5,133.7,29000,3908400.0,29
2026-07-20,INE903A01025,JAYKAY,EQ,168.13,170.0,165.6,167.71,169.0,169.11,110059,18419820.1,2268
2026-07-20,INE364A01020,JAYSREETEA,EQ,82.88,84.79,79.27,81.54,81.25,81.86,62742,5141456.62,1068
2026-07-20,INE927D01051,JBMA,EQ,665.45,672.9,661.5,670.8,670.6,670.35,173682,115945641.2,9203
2026-07-20,INE0J5801029,JSLL,EQ,560.0,588.65,560.0,575.05,573.0,565.65,468970,270659290.0,14988
2026-07-20,INE982V01025,JETFREIGHT,EQ,23.96,24.19,23.4,23.5,23.41,23.68,445978,10624755.09,832
2026-07-20,INE0RXB01022,JEYYAM,ST,28.5,28.5,25.8,25.85,25.8,27.15,66000,1770400.0,30
2026-07-20,INE0LA901015,JFLLIFE,SM,11.0,11.0,11.0,11.0,11.0,10.5,66000,726000.0,11
2026-07-20,INE544H01014,JHS,EQ,7.72,7.72,7.0,7.26,7.26,7.39,61076,440769.53,323
2026-07-20,INE03DD01011,RETAIL,EQ,16.5,17.15,16.5,16.83,16.65,17.13,2600,44043.02,74
2026-07-20,INE147P01019,JPOLYINVST,EQ,1085.0,1096.4,1075.0,1089.1,1088.0,1087.7,2015,2192109.1,332
2026-07-20,INE742C01031,JINDRILL,EQ,597.9,619.45,596.1,601.4,601.0,588.7,347148,209740379.8,10721
2026-07-20,INE796G01012,JINDALPHOT,EQ,1119.7,1119.7,1100.0,1102.7,1102.1,1111.9,2663,2938542.5,348
2026-07-20,INE197D01010,JINDALPOLY,EQ,665.05,675.95,660.6,666.25,667.05,659.05,15780,10527867.05,1121
2026-07-20,INE324A01032,JINDALSAW,EQ,265.35,267.1,262.25,265.95,266.5,269.45,1258760,332929852.9,22132
2026-07-20,INE220G01021,JSL,EQ,733.9,740.75,726.1,730.75,726.2,737.5,588710,434185113.15,18649
2026-07-20,INE749A01030,JINDALSTEL,EQ,1025.0,1044.0,1020.0,1033.3,1030.3,1025.0,1212343,1251924072.2,31791
2026-07-20,INE247D01039,JINDWORLD,EQ,31.9,32.1,31.01,31.55,31.5,32.2,3580407,112758978.93,9508
2026-07-20,INE1FF001016,JKIPL,BE,94.9,99.99,91.2,92.74,93.0,95.26,53281,4987862.87,222
2026-07-20,INE758E01017,JIOFIN,EQ,243.0,243.11,238.1,238.92,238.95,242.98,19257829,4614668378.87,133690
2026-07-20,INE863T01013,JITFINFRA,EQ,376.0,386.05,372.25,386.05,386.05,367.7,76863,29370890.8,1715
2026-07-20,INE823G01014,JKCEMENT,EQ,5261.5,5552.5,5249.0,5453.0,5495.0,5391.0,97191,531350390.0,20004
2026-07-20,INE786A01032,JKLAKSHMI,EQ,568.0,575.2,567.6,571.5,574.0,572.15,61323,35009933.05,5838
2026-07-20,INE789E01012,JKPAPER,EQ,368.0,380.35,365.35,371.95,372.65,369.55,441951,165813415.1,15012
2026-07-20,INE573A01042,JKTYRE,EQ,399.95,403.0,397.5,402.0,401.7,403.2,860547,344062945.25,14153
2026-07-20,INE576I01022,JKIL,EQ,499.4,500.85,493.0,496.35,496.5,499.4,47234,23449095.5,2265
2026-07-20,INE780C01023,JMFINANCIL,EQ,124.1,124.85,123.05,123.78,123.75,124.25,1457348,180393307.42,18664
2026-07-20,INE0OAF01028,JNKINDIA,EQ,473.0,480.95,465.15,468.75,469.45,477.15,305036,143519655.4,7412
2026-07-20,INE839G01010,JOCIL,BE,140.05,143.0,140.0,140.15,140.15,142.77,3805,538710.86,34
2026-07-20,INE515A01019,COCKERILL,EQ,8854.0,9280.0,8854.0,9185.5,9280.0,8959.0,4552,41516975.5,1321
2026-07-20,INE718I01012,JSWCEMENT,EQ,139.9,141.48,139.21,140.59,140.6,139.93,720611,101286213.3,8346
2026-07-20,INE133A01011,JSWDULUX,EQ,3046.2,3046.2,2982.9,3003.5,3001.0,3034.1,14313,43070579.1,4115
2026-07-20,INE121E01018,JSWENERGY,EQ,540.55,568.65,539.3,567.7,566.3,541.2,5700128,3203583380.85,91492
2026-07-20,INE824G01012,JSWHL,EQ,10981.0,11149.0,10926.0,11051.0,11050.0,10981.0,2196,24262238.0,1298
2026-07-20,INE880J01026,JSWINFRA,EQ,342.15,349.9,339.0,348.45,349.45,342.15,3996064,1379609878.05,39336
2026-07-20,INE019A01038,JSWSTEEL,EQ,1252.7,1266.6,1247.2,1257.0,1253.4,1237.3,2686712,3376913498.0,64717
2026-07-20,INE643A01035,JTEKTINDIA,EQ,135.0,135.61,132.6,134.51,134.99,136.26,148780,19979488.82,2500
2026-07-20,INE391J01032,JTLIND,EQ,74.33,75.89,73.87,75.03,74.31,74.7,1000054,74887425.09,7651
2026-07-20,INE03CC01015,JUBLCPL,EQ,1995.0,2000.9,1960.3,1968.4,1979.0,2002.6,2760,5461047.7,329
2026-07-20,INE797F01020,JUBLFOOD,EQ,418.45,426.05,415.2,424.85,424.8,417.15,1530259,646598060.35,19296
2026-07-20,INE0BY001018,JUBLINGREA,EQ,739.0,746.95,730.15,736.85,737.1,739.05,415302,306414812.25,18425
2026-07-20,INE700A01033,JUBLPHARMA,EQ,1022.6,1029.0,1010.05,1023.85,1024.95,1022.6,78839,80371893.05,8282
2026-07-20,INE412C01023,JMA,EQ,89.68,90.25,87.5,89.08,88.6,89.32,7884,703137.77,174
2026-07-20,INE696F01016,JUNIPER,EQ,199.2,199.8,194.05,195.4,195.5,195.31,1414910,276825222.75,3376
2026-07-20,INE682M01012,JLHL,EQ,1561.0,1567.8,1533.2,1558.1,1558.0,1553.0,39652,61743661.0,7792
2026-07-20,INE209L01016,JWL,EQ,251.0,253.45,249.45,251.55,252.4,254.3,537086,135041384.0,13078
2026-07-20,INE599M01018,JUSTDIAL,EQ,766.0,786.5,737.85,747.35,759.0,767.3,1750804,1336187226.95,39174
2026-07-20,INE668F01031,JYOTHYLAB,EQ,200.3,201.88,199.01,201.07,200.7,200.3,231375,46458480.34,5396
2026-07-20,INE980O01024,JYOTICNC,EQ,775.0,814.0,770.65,803.05,805.0,781.5,1129885,908751937.6,38557
2026-07-20,INE1M3T01017,JYOTIGLOBL,SM,40.6,40.6,40.6,40.6,40.6,42.7,2000,81200.0,1
2026-07-20,INE197A01024,JYOTISTRUC,EQ,11.01,11.22,11.01,11.17,11.18,11.17,3025185,33687195.12,2957
2026-07-20,INE157H01023,KMSUGAR,EQ,29.32,29.4,28.2,28.57,28.2,29.18,142766,4119112.17,740
2026-07-20,INE127T01021,KPEL,EQ,322.6,322.6,310.5,316.85,318.0,319.1,201850,63514886.4,7736
2026-07-20,INE0DEZ01013,K2INFRA,ST,56.65,57.05,54.35,57.05,57.05,54.35,11400,646350.0,18
2026-07-20,INE900B01029,KABRAEXTRU,EQ,332.0,355.0,327.1,351.65,354.0,330.7,355854,123427903.7,13882
2026-07-20,INE0XOW01017,KKJEWELS,SM,99.9,99.9,99.9,99.9,99.9,99.9,2000,199800.0,2
2026-07-20,INE217B01036,KAJARIACER,EQ,1239.0,1254.5,1236.1,1242.2,1243.5,1239.5,162510,202319580.6,14243
2026-07-20,INE437B01014,KAKATCEM,BE,119.99,122.98,118.0,121.93,122.0,118.0,2615,315422.51,43
2026-07-20,INE0T0L01014,KALANA,SM,17.75,19.0,17.75,19.0,19.0,19.65,6000,109000.0,3
2026-07-20,INE227J01012,KALPATARU,EQ,275.0,275.0,270.1,272.2,274.9,272.9,28772,7822590.6,1405
2026-07-20,INE220B01022,KPIL,EQ,1303.5,1326.0,1292.5,1323.4,1315.3,1310.0,85888,112897353.5,10292
2026-07-20,INE303R01014,KALYANKJIL,EQ,573.9,576.7,563.1,570.0,569.95,574.4,22893886,13053962422.0,191468
2026-07-20,INE314G01014,KALYANIFRG,EQ,616.95,630.0,591.0,600.65,604.4,611.4,2164,1313997.3,377
2026-07-20,INE029L01018,KICL,EQ,5498.5,5560.0,5451.0,5537.0,5529.0,5518.5,2571,14194533.5,490
2026-07-20,INE907A01026,KSL,EQ,923.95,929.5,911.0,921.7,927.0,926.05,24706,22755922.5,2842
2026-07-20,INE411F01010,KAMAHOLD,EQ,2604.4,2640.0,2596.0,2620.4,2630.0,2611.5,1846,4829160.4,283
2026-07-20,INE967C01018,KAMATHOTEL,EQ,176.75,178.48,172.27,174.76,173.5,176.93,45209,7912043.81,1688
2026-07-20,INE390H01020,KAMDHENU,BE,33.59,34.7,32.8,33.66,33.99,33.54,713787,24243716.88,1188
2026-07-20,INE0BTI01037,KAMOPAINTS,EQ,4.65,4.65,4.42,4.54,4.59,4.58,151794,692816.62,530
2026-07-20,INE879E01037,KANANIIND,EQ,1.51,1.53,1.48,1.48,1.5,1.5,97293,144976.14,167
2026-07-20,INE081G01019,KANCHI,BE,359.1,365.0,353.45,358.5,360.0,367.0,1031,370423.7,69
2026-07-20,INE0MOT01016,KANDARP,SM,99.5,99.5,95.0,95.0,95.0,104.0,21000,2020350.0,20
2026-07-20,INE138C01024,KANORICHEM,BE,143.5,147.0,137.0,146.34,146.5,141.64,64202,9225739.43,468
2026-07-20,INE694E01014,KANPRPLA,EQ,199.49,209.0,197.1,203.99,205.14,199.49,11055,2253367.99,382
2026-07-20,INE531A01024,KANSAINER,EQ,200.88,203.83,198.0,201.2,201.0,201.28,176235,35354323.35,5135
2026-07-20,INE542Z01028,KAPSTON,EQ,430.35,435.0,422.55,432.25,434.0,422.75,49663,21262041.65,2396
2026-07-20,INE725L01011,KARMAENG,EQ,39.0,39.0,37.82,37.84,37.83,38.72,2103,80315.64,67
2026-07-20,INE614B01018,KTKBANK,EQ,274.0,276.95,271.15,275.25,275.95,273.15,978081,268114142.5,14390
2026-07-20,INE0MGA01012,KARNIKA,SM,120.0,120.95,114.05,115.4,114.95,121.75,77000,9042100.0,73
2026-07-20,INE036D01028,KARURVYSYA,EQ,311.3,312.5,296.15,301.0,302.85,309.8,7930143,2412301070.3,89449
2026-07-20,INE0SVY01018,KATARIA,SM,102.1,102.1,102.1,102.1,102.1,101.9,1800,183780.0,3
2026-07-20,INE234I01028,KAUSHALYA,BE,912.3,914.0,871.0,883.6,893.95,912.3,1072,944957.8,102
2026-07-20,INE0Q2V01012,KLL,SM,27.5,30.4,27.5,29.85,30.0,28.7,14400,421720.0,16
2026-07-20,INE455I01029,KSCL,EQ,845.0,848.95,832.05,845.05,844.1,843.4,36796,30934239.6,2282
2026-07-20,INE641C01019,KAVDEFENCE,EQ,59.95,59.95,57.41,58.58,58.45,59.63,103936,6075871.89,1363
2026-07-20,INE0RCG01017,KCEIL,ST,92.0,92.0,90.0,90.1,90.1,93.3,9000,815300.0,16
2026-07-20,INE587G01015,KAYA,EQ,242.85,251.0,241.5,248.34,249.8,242.83,6049,1494012.98,230
2026-07-20,INE918Z01012,KAYNES,EQ,3369.5,3384.0,3318.3,3328.8,3339.0,3385.8,508326,1703384335.7,32791
2026-07-20,INE13ZD01013,KAYTEX,SM,58.7,58.7,58.7,58.7,58.7,58.95,800,46960.0,1
2026-07-20,INE0J1E01027,KCK,SM,16.0,16.95,16.0,16.75,16.9,16.3,562500,9280875.0,116
2026-07-20,INE805C01028,KCP,EQ,166.01,171.5,164.6,170.58,171.4,166.64,94534,15879084.2,1391
2026-07-20,INE790B01024,KCPSUGIND,EQ,21.8,21.89,21.53,21.71,21.73,21.63,74863,1622755.83,295
2026-07-20,INE291D01011,KDDL,EQ,3186.8,3260.0,3166.5,3191.0,3213.0,3186.8,9942,31950632.8,2415
2026-07-20,INE389H01022,KEC,EQ,492.4,493.15,484.1,487.75,487.5,495.4,627516,305960212.7,22745
2026-07-20,INE878B01027,KEI,EQ,4870.0,4949.0,4861.5,4928.5,4945.0,4906.5,205653,1011526590.5,29819
2026-07-20,INE164B01030,KELLTONTEC,EQ,14.91,14.91,14.7,14.75,14.74,14.81,658002,9709752.22,2004
2026-07-20,INE15DO01012,KEN,SM,37.75,37.9,36.05,36.05,36.05,37.6,4800,178440.0,4
2026-07-20,INE717A01029,KENNAMET,EQ,2799.0,2810.7,2748.5,2783.7,2780.5,2798.0,5103,14183160.3,1452
2026-07-20,INE202H01019,KERNEX,EQ,2040.0,2147.8,2021.8,2120.1,2123.0,2039.3,133234,282267529.6,12945
2026-07-20,INE087A01019,KESORAMIND,BE,11.63,11.63,11.63,11.63,11.63,11.41,180106,2094632.78,124
2026-07-20,INE401H01017,KKCL,EQ,494.8,507.6,491.0,505.0,505.9,494.8,36192,18146540.45,1717
2026-07-20,INE681C01015,KEYFINSERV,EQ,264.76,266.95,257.0,265.4,266.95,260.64,571,150908.04,25
2026-07-20,INE263M01029,RUSTOMJEE,EQ,421.95,421.95,410.0,413.85,412.0,417.15,22664,9358966.7,1477
2026-07-20,INE138Y01010,KFINTECH,EQ,889.95,889.95,874.0,881.8,881.7,887.9,565439,497862193.65,20430
2026-07-20,INE834I01025,KHADIM,BE,100.8,100.8,97.0,98.02,99.89,99.24,25632,2533921.1,769
2026-07-20,INE731C01018,KHAITANLTD,BE,126.3,126.3,123.5,124.1,123.8,126.27,1191,148353.8,28
2026-07-20,INE745B01028,KHAICHEM,BE,49.89,49.89,48.3,48.93,49.0,48.96,66292,3252515.77,298
2026-07-20,INE060B01014,KHANDSE,EQ,17.21,17.87,16.52,17.41,17.5,17.4,2356,40733.7,58
2026-07-20,INE00UG01014,KHFM,SM,48.15,48.95,48.1,48.95,48.95,48.75,4650,225060.0,3
2026-07-20,INE338F01015,KLBRENG-B,EQ,440.1,446.0,437.15,440.85,439.1,443.15,65553,28960349.45,2810
2026-07-20,INE729D01010,KILITCH,BE,184.95,184.95,175.6,178.15,177.05,182.19,17760,3190748.65,187
2026-07-20,INE473D01015,KINGFA,EQ,5045.5,5094.0,5007.0,5050.0,5007.0,5037.5,3230,16271973.0,898
2026-07-20,INE880L01014,KIOCL,EQ,370.1,374.4,369.45,371.8,371.3,370.4,34592,12856811.85,1771
2026-07-20,INE555P01013,KIRANVYPAR,EQ,194.85,196.99,190.0,194.15,196.5,192.64,2169,420880.88,44
2026-07-20,INE415I01015,KIRIINDUS,EQ,399.7,413.0,395.8,408.25,410.0,397.55,347104,140932246.95,6747
2026-07-20,INE732A01036,KIRLOSBROS,EQ,1863.4,1921.0,1846.0,1899.2,1902.1,1868.2,66355,125699037.8,9750
2026-07-20,INE134B01017,KECL,BE,119.11,124.3,115.15,121.63,121.2,119.11,125725,15094445.49,642
2026-07-20,INE884B01025,KIRLFER,EQ,470.0,485.0,465.0,480.3,483.35,470.9,111603,53386643.0,7190
2026-07-20,INE250A01039,KIRLOSIND,EQ,3824.8,3890.0,3790.0,3866.8,3890.0,3824.8,4806,18428696.2,926
2026-07-20,INE146L01010,KIRLOSENG,EQ,2255.7,2314.8,2212.9,2221.7,2230.0,2255.7,414713,928011877.7,33924
2026-07-20,INE811A01020,KIRLPNU,EQ,1681.0,1759.6,1681.0,1720.3,1730.0,1696.0,110748,191610089.2,16662
2026-07-20,INE602G01020,KITEX,EQ,149.2,151.18,149.02,150.64,149.7,150.52,202612,30415821.13,2834
2026-07-20,INE0KNW01016,KNAGRI,EQ,198.5,198.5,194.36,196.02,195.97,195.63,2239,440082.77,164
2026-07-20,INE17QZ01016,KNACK,EQ,191.0,197.99,188.05,188.63,188.1,190.76,1677550,322100575.99,13566
2026-07-20,INE0CJD01029,KMEW,EQ,2400.0,2477.4,2370.0,2445.3,2434.8,2404.9,52499,127080699.6,8450
2026-07-20,INE1JAR25012,KRT,RR,115.2,115.9,115.2,115.79,115.75,115.37,136035,15749420.8,1568
2026-07-20,INE634I01029,KNRCON,EQ,121.9,124.49,121.66,123.94,123.99,122.57,447859,55181496.98,6042
2026-07-20,INE0Q7P01013,KODYTECH,SM,1244.0,1244.0,1201.2,1233.4,1230.0,1244.0,12400,15212430.0,100
2026-07-20,INE080B01012,KOHINOOR,EQ,23.6,24.23,23.47,23.92,23.94,23.76,148115,3538538.22,2198
2026-07-20,INE760A01029,KOKUYOCMLN,EQ,85.0,85.03,83.42,84.22,83.95,83.69,13738,1159272.23,366
2026-07-20,INE094I01018,KOLTEPATIL,EQ,390.65,399.0,373.5,374.95,375.95,387.45,162235,62795565.65,3793
2026-07-20,INE0QEI01011,KONSTELEC,ST,61.3,63.0,61.3,62.75,62.75,64.5,19000,1169750.0,11
2026-07-20,INE082A01010,KOPRAN,BE,202.0,210.0,202.0,203.13,203.01,203.63,133445,27527221.62,976
2026-07-20,INE0O4R01018,KDL,SM,117.1,118.45,111.15,115.0,114.9,116.55,9450,1093095.0,38
2026-07-20,INF174KA1HJ8,GOLD1,EQ,117.0,118.15,117.0,118.04,118.0,116.95,2439619,287561432.13,10412
2026-07-20,INE237A01036,KOTAKBANK,EQ,382.0,383.75,376.1,382.05,382.3,389.95,32539419,12385659151.65,277488
2026-07-20,INF174K014P6,NIFTY1,EQ,269.4,269.4,266.7,269.09,269.35,269.4,143213,38502518.02,1917
2026-07-20,INF174KA1A86,PSUBANK,EQ,82.2,86.66,82.2,86.47,86.4,84.14,2223997,191108470.08,1387
2026-07-20,INF174KA1XV0,CHEMICAL,EQ,30.5,30.61,30.23,30.52,30.5,30.34,685624,20898578.08,1232
2026-07-20,INF174KA1IA5,ALPHA,EQ,51.25,51.8,51.17,51.65,51.67,51.44,705775,36398593.19,2133
2026-07-20,INF174KA1ZF8,CONS,EQ,12.29,12.29,12.03,12.07,12.12,12.05,49557,597862.99,147
2026-07-20,INF174KA1GC5,IT,EQ,33.21,33.21,32.0,32.45,32.44,32.4,564189,18331272.92,1176
2026-07-20,INF174KA1LV5,LIQUID1,EQ,1111.68,1114.49,1111.68,1114.3,1114.29,1114.14,745052,830204917.47,585
2026-07-20,INF174KA1IY5,LOWVOL1,EQ,20.64,21.59,20.64,21.18,21.58,21.17,620137,13134588.49,213
2026-07-20,INF174KA1ZC5,MIDCAP,EQ,18.64,18.64,17.9,18.47,18.55,18.27,215446,3965705.03,893
2026-07-20,INF174KA1JF2,MNC,EQ,33.47,33.54,33.12,33.46,33.41,33.39,37378,1250248.24,305
2026-07-20,INF174KA1ZD3,SILVER1,EQ,21.3,21.3,20.98,21.11,21.16,20.79,5324926,112262538.18,7103
2026-07-20,INF174KA1ZE1,NV20,EQ,14.48,14.48,14.11,14.17,14.18,14.28,66339,939728.48,312
2026-07-20,INF174KA1VW2,MID150,EQ,23.88,23.88,23.28,23.49,23.44,23.3,40286,942920.17,232
2026-07-20,INF174KA1XS6,MOMENTUM30,EQ,30.18,30.6,30.12,30.44,30.46,30.12,115445,3513207.76,117
2026-07-20,INF174KA1VD2,MSCIINDIA,EQ,29.92,30.06,29.77,29.91,30.06,29.92,16064,479871.46,83
2026-07-20,INF174KA1YO3,NEXT50ETF,EQ,72.77,72.85,72.23,72.84,72.84,72.3,8052,583749.98,74
2026-07-20,INF174KA1UW4,NIFTY100EW,EQ,34.77,35.0,34.7,34.94,35.0,34.76,18261,636723.53,213
2026-07-20,INF174KA1WT6,QUALITY30,EQ,20.66,20.66,20.39,20.52,20.52,20.46,19791,406354.46,42
2026-07-20,INF174KA1ZB7,BANKNIFTY1,EQ,62.22,62.22,59.8,60.18,60.12,60.71,1379930,82913901.38,1249
2026-07-20,INE972A01020,KOTIC,EQ,171.4,176.92,168.0,169.73,168.0,174.45,7601,1301962.27,446
2026-07-20,INE720A01015,KOTHARIPET,EQ,128.66,131.0,128.0,130.11,131.0,129.82,21935,2835611.4,580
2026-07-20,INE823A01017,KOTHARIPRO,EQ,68.1,69.35,66.26,68.29,67.7,68.1,3073,209368.88,85
2026-07-20,INE419A01022,KOTARISUG,EQ,25.0,25.5,24.51,25.33,25.2,25.05,19521,488720.27,207
2026-07-20,INE0J0B01017,KOTYARK,BE,34.6,35.17,33.6,34.56,34.6,34.55,33414,1147100.0,226
2026-07-20,INE177F01017,KOVAI,EQ,5986.0,6014.5,5916.5,5926.0,5941.5,5986.0,3478,20735864.5,1076
2026-07-20,INE542W01025,KPIGREEN,EQ,405.5,415.15,401.6,412.95,413.85,409.6,718370,294376069.95,18103
2026-07-20,INE04I401011,KPITTECH,EQ,555.0,565.9,552.45,561.2,564.4,554.05,1589210,888363824.0,31212
2026-07-20,INE930H01031,KPRMILL,EQ,1147.8,1157.5,1110.1,1113.3,1115.0,1140.3,288023,325628497.7,22120
2026-07-20,INE001B01026,KRBL,EQ,358.5,359.0,353.15,355.45,356.35,358.5,355608,126541962.25,9421
2026-07-20,INE268B01013,KREBSBIO,EQ,54.0,54.97,52.01,54.3,53.96,53.69,8570,458926.59,344
2026-07-20,INE524L01026,KRIDHANINF,BE,2.64,2.64,2.44,2.52,2.6,2.54,22660,57360.36,51
2026-07-20,INE506W01020,KRISHANA,EQ,140.95,148.0,139.55,145.3,145.05,140.45,1705574,247948493.3,10759
2026-07-20,INE0NR701018,KRISHCA,SM,170.0,171.0,164.0,165.1,164.0,171.0,9000,1508375.0,18
2026-07-20,INE0GGO01015,KRISHIVAL,EQ,402.3,402.3,397.0,398.45,397.0,399.55,2530,1009802.1,141
2026-07-20,INE0J5601015,KRISHNADEF,EQ,1281.1,1318.0,1276.1,1302.5,1304.0,1281.1,65927,85431502.2,6332
2026-07-20,INE967H01025,KIMS,EQ,799.05,802.45,787.0,788.6,791.4,802.95,354159,280782732.7,23674
2026-07-20,INE479D01038,KRITI,BE,67.8,68.8,66.0,67.2,67.87,67.65,3287,218770.44,80
2026-07-20,INE798K01010,KRITINUT,BE,75.11,78.9,75.11,77.34,77.8,76.86,6875,531919.81,53
2026-07-20,INE00Z501029,KRITIKA,EQ,5.59,5.7,5.57,5.62,5.65,5.58,46145,259603.11,296
2026-07-20,INE1MTV01019,KRMAYURVED,ST,242.5,250.25,242.0,249.25,250.0,238.95,23000,5672200.0,18
2026-07-20,INE0Q3J01015,KRN,BE,1230.0,1280.0,1222.3,1269.4,1257.7,1249.9,80129,99577057.2,4302
2026-07-20,INE0ATZ01017,KRONOX,EQ,153.5,154.89,150.41,153.37,154.89,151.94,54993,8392873.94,1345
2026-07-20,INE0O6601022,KROSS,EQ,194.4,224.0,194.0,208.32,208.05,192.25,25351624,5490727519.55,192908
2026-07-20,INE08LI01020,KRSNAA,EQ,542.15,551.0,525.5,546.65,548.8,540.0,68580,36855959.75,3909
2026-07-20,INE0QN801017,KRYSTAL,EQ,601.0,603.1,600.0,600.4,600.05,600.2,7079,4250680.95,142
2026-07-20,INE999A01023,KSB,EQ,903.6,936.0,891.3,907.2,916.0,903.6,83171,76265040.05,8702
2026-07-20,INE987S01020,KSHINTL,EQ,863.0,897.45,860.45,893.9,897.45,864.75,178848,158273742.75,12736
2026-07-20,INE013801027,KSHITIJPOL,BE,2.37,2.37,2.37,2.37,2.37,2.49,981169,2325370.53,1060
2026-07-20,INE0D6I01023,KSOLVES,EQ,296.15,306.35,292.6,299.4,299.0,296.85,44327,13154210.7,1760
2026-07-20,INE1SPP01016,KSR,EQ,32.79,32.79,29.7,29.98,30.98,31.24,15537,470077.0,151
2026-07-20,INE529I01021,KUANTUM,EQ,76.5,76.5,74.11,75.09,75.25,76.29,38273,2876611.82,549
2026-07-20,INE0ISX01025,KUSUMGAR,EQ,570.0,572.2,555.05,565.8,564.0,575.7,1117280,629987353.5,29146
2026-07-20,INE552U01010,KPL,EQ,2688.5,2787.4,2628.0,2743.0,2735.1,2702.0,16659,44876616.3,2999
2026-07-20,INE2KCE01013,KWIL,EQ,32.51,34.3,32.15,34.05,34.15,32.75,14552649,488989775.12,31035
2026-07-20,INE498L01015,LTF,EQ,307.05,308.45,302.55,305.85,305.75,310.05,6797847,2075099370.2,56270
2026-07-20,INE010V01017,LTTS,EQ,3390.0,3453.6,3341.2,3349.5,3360.7,3415.3,128095,433278432.4,16148
2026-07-20,INE059D01020,LAOPALA,EQ,187.8,187.8,182.41,185.87,184.95,187.86,129016,23865936.02,2998
2026-07-20,INE548Z01017,LAGNAM,EQ,87.86,92.0,85.35,88.9,89.0,87.86,17037,1512933.45,214
2026-07-20,INE515C01023,LAHOTIOV,EQ,43.95,43.95,42.04,42.59,42.16,42.36,1871,80082.08,28
2026-07-20,INE850E01012,LFIC,EQ,139.42,144.99,135.55,143.23,144.99,138.73,1187,166104.89,51
2026-07-20,INE651C01018,LAKPRE,BZ,5.1,5.28,4.94,5.25,5.28,5.1,1182,6200.03,7
2026-07-20,INE0VZS01015,LAKSHYA,ST,98.0,100.0,98.0,100.0,100.0,101.75,5600,557200.0,7
2026-07-20,INE112F01022,LAMBODHARA,EQ,117.4,118.8,113.51,115.83,115.9,115.99,14766,1711262.13,312
2026-07-20,INE0R0201012,LAMOSAIC,ST,47.3,47.3,45.0,46.85,46.7,45.6,118200,5333970.0,24
2026-07-20,INE572G01025,LANCORHOL,EQ,25.73,25.73,24.31,24.69,24.7,25.22,76566,1894024.9,439
2026-07-20,INE559R01029,LANDMARK,EQ,550.0,550.0,518.55,535.35,529.85,526.25,1612140,859170828.75,31624
2026-07-20,INE197J01017,LPDC,EQ,6.35,6.74,5.97,6.24,6.28,6.41,336296,2058135.24,906
2026-07-20,INE688J01023,LANDSMILL,EQ,0.75,0.76,0.73,0.74,0.75,0.75,2949716,2184417.72,1026
2026-07-20,INE018A01030,LT,EQ,3815.0,3850.0,3807.0,3838.8,3838.1,3814.5,1450930,5556911683.0,86235
2026-07-20,INE670X01014,LASA,EQ,7.12,7.33,7.12,7.13,7.25,7.11,13511,97602.4,83
2026-07-20,INE17IR01028,LASERPOWER,EQ,297.15,304.4,271.2,274.53,275.0,288.66,12859438,3667291978.93,201774
2026-07-20,INE0I7C01011,LATENTVIEW,EQ,305.0,312.85,301.05,310.7,311.15,303.85,577089,177276819.45,12257
2026-07-20,INE262Z01023,LATTEYS,BE,19.4,20.76,19.4,20.73,20.63,19.78,33136,674661.3,138
2026-07-20,INE947Q01028,LAURUSLABS,EQ,1534.9,1572.2,1527.2,1558.9,1559.3,1529.8,1235837,1920595859.3,48468
2026-07-20,INE801V01019,LAXMICOT,EQ,14.65,15.4,14.23,14.9,14.7,14.65,3609,53205.32,64
2026-07-20,INE0WO601020,LAXMIDENTL,EQ,220.44,225.4,218.1,224.21,225.4,221.54,88681,19776546.3,3204
2026-07-20,INE258Y01016,LGHL,EQ,207.91,215.0,199.0,211.94,207.0,207.91,28810,5919244.53,525
2026-07-20,INE06WU01026,LAXMIINDIA,BE,113.0,117.75,112.79,117.75,117.75,112.15,143846,16855074.76,871
2026-07-20,INE576O01020,LXCHEM,EQ,170.5,179.66,168.79,176.55,176.15,171.76,4277798,754478905.47,37926
2026-07-20,INE938A01021,LCCINFOTEC,EQ,4.47,4.72,4.47,4.63,4.69,4.58,27804,128747.9,73
2026-07-20,INE0G1L01025,LEMERITE,EQ,20.74,21.29,19.52,20.96,20.95,20.39,491839,10100921.68,1458
2026-07-20,INE0HV901016,IXIGO,EQ,198.8,201.0,193.74,199.94,200.0,199.91,2359636,470525183.26,26875
2026-07-20,INE0H4B01011,LRRPL,SM,94.5,94.5,90.1,90.1,90.1,94.05,9000,817725.0,3
2026-07-20,INE0AQ201015,THELEELA,EQ,481.3,494.8,481.3,492.55,492.0,485.65,166420,81355014.55,8849
2026-07-20,INE970X01018,LEMONTREE,EQ,111.41,111.94,110.1,111.63,111.89,111.97,2519645,279837754.16,35319
2026-07-20,INE956O01016,LENSKART,EQ,536.85,545.8,536.0,541.7,540.85,537.2,7257725,3931016630.25,86925
2026-07-20,INE500X01013,LEXUS,EQ,16.8,16.8,15.5,15.96,15.81,16.12,78027,1267581.82,621
2026-07-20,INE337A01034,LGBBROSLTD,EQ,1545.0,1561.4,1533.1,1551.1,1559.0,1548.0,14551,22536114.7,2244
2026-07-20,INE324D01010,LGEINDIA,EQ,1572.0,1581.1,1562.1,1576.4,1571.0,1581.8,332417,523826996.8,13942
2026-07-20,INE908V01012,LIBAS,EQ,10.85,10.98,10.06,10.33,10.65,10.63,45015,465056.18,226
2026-07-20,INE557B01019,LIBERTSHOE,EQ,268.35,272.6,265.15,269.8,272.3,276.1,146629,39341640.1,4895
2026-07-20,INE115A01026,LICHSGFIN,EQ,548.0,554.45,546.55,552.45,551.55,549.9,2352852,1295864910.55,32775
2026-07-20,INF767K01SM1,LICMFGOLD,EQ,126.5,127.65,126.5,127.55,127.55,126.2,21308,2713745.9,340
2026-07-20,INF767K01OS7,LICNETFN50,EQ,274.35,274.35,269.97,272.45,272.45,272.99,3417,927918.11,45
2026-07-20,INF767K01OT5,LICNETFSEN,EQ,879.62,880.31,879.42,880.31,880.31,880.0,18,15836.9,3
2026-07-20,INF767K01PC8,LICNFNHGP,EQ,276.76,277.73,276.04,277.72,277.73,276.49,32,8878.3,10
2026-07-20,INF767K01MV5,LICNETFGSC,EQ,29.62,29.62,29.15,29.4,29.4,29.44,18765,550424.9,103
2026-07-20,INF767K01RN1,LICNMID100,EQ,62.0,63.42,62.0,63.14,63.0,63.23,2475,155861.88,99
2026-07-20,INE0J1Y01017,LICI,EQ,433.1,434.8,430.0,433.0,432.9,433.1,828660,358567131.55,15378
2026-07-20,INE060901027,LIKHITHA,EQ,238.2,238.9,231.0,235.35,237.0,240.6,57441,13473836.55,803
2026-07-20,INE802B01027,LINC,EQ,108.01,108.51,106.21,107.21,106.5,108.01,13303,1425254.82,501
2026-07-20,INE405C01035,LINCOLN,EQ,602.95,603.65,592.45,597.4,594.1,597.0,18137,10871829.5,1109
2026-07-20,INE473A01011,LINDEINDIA,EQ,7070.0,7130.5,6983.0,6996.5,6998.5,7114.5,20645,145055034.5,6008
2026-07-20,INE093R01011,LLOYDSENGG,EQ,88.55,91.5,87.53,90.71,91.3,88.56,13073873,1181381539.94,46804
2026-07-20,INE080I01025,LLOYDSENT,EQ,77.9,83.8,77.05,82.23,82.95,77.9,17344517,1426253120.53,55096
2026-07-20,INE0DTQ01028,LLOYDS,ST,74.5,74.5,74.5,74.5,74.5,74.5,2000,149000.0,1
2026-07-20,INE281B01032,LLOYDSME,EQ,1864.0,1914.8,1855.8,1907.9,1910.0,1865.4,679335,1285210126.9,27741
2026-07-20,INE269B01029,LMW,EQ,16095.0,16230.0,15950.0,16099.0,16092.0,16062.0,1851,29840905.0,967
2026-07-20,INE670K01029,LODHA,EQ,1188.6,1195.0,1180.0,1188.4,1186.0,1188.75,899790,1069842717.2,27648
2026-07-20,INE397H01017,LOKESHMACH,BE,336.4,336.4,336.4,336.4,336.4,329.85,15623,5255577.2,95
2026-07-20,INE846D01012,LORDSCHLO,EQ,144.57,146.99,140.1,142.37,144.5,144.57,10304,1464769.08,440
2026-07-20,INE740X01023,LAL,EQ,8.5,8.98,8.47,8.75,8.77,8.54,16739,145815.47,102
2026-07-20,INE947I01017,LOTUSEYE,EQ,123.08,123.91,118.05,121.42,119.99,122.04,5571,679758.53,155
2026-07-20,INE597L01014,LOVABLE,EQ,75.02,75.26,73.65,74.62,74.5,75.18,7433,553467.37,215
2026-07-20,INE970D01010,LOYALTEX,EQ,201.9,202.0,201.0,201.0,201.0,200.0,108,21813.5,6
2026-07-20,INE818H01020,LTFOODS,EQ,382.95,386.45,381.0,385.35,386.0,382.95,284642,109262755.9,13532
2026-07-20,INE214T01019,LTM,EQ,4075.6,4148.0,4066.0,4083.9,4090.0,4075.6,141054,577188926.2,15279
2026-07-20,INE872H01027,LUMAXTECH,EQ,1410.0,1464.7,1410.0,1456.2,1461.5,1419.6,98702,143077783.2,11144
2026-07-20,INE162B01018,LUMAXIND,EQ,5240.0,5240.0,5126.0,5184.0,5201.0,5186.5,6853,35458645.5,1455
2026-07-20,INE326A01037,LUPIN,EQ,2431.2,2494.8,2424.0,2478.5,2486.7,2443.2,688779,1706423817.8,50995
2026-07-20,INE150G01020,LUXIND,EQ,1280.4,1287.9,1265.0,1279.5,1281.0,1278.2,11994,15330426.0,1200
2026-07-20,INE933A01014,LYKALABS,BE,70.13,70.13,68.37,68.73,68.5,70.13,3374,232826.91,45
2026-07-20,INE08N601015,MBEL,EQ,321.0,321.05,315.0,317.4,316.4,321.35,75499,23979330.05,5085
2026-07-20,INE964W01021,MKPL,EQ,4.56,4.56,4.2,4.29,4.3,4.48,570213,2457862.85,1303
2026-07-20,INE813V01022,MCL,EQ,51.15,53.49,51.15,52.64,53.45,52.78,22491,1170346.63,630
2026-07-20,INE774D01024,M&MFIN,EQ,325.0,325.0,317.6,322.55,322.55,324.2,1644456,527871026.2,25734
2026-07-20,INE0SGC01015,MVKAGRO,SM,419.9,424.0,400.0,400.9,410.0,411.05,37500,15143505.0,39
2026-07-20,INE215I01027,MAANALU,EQ,119.0,119.0,112.65,113.29,113.1,116.94,91667,10463425.94,1429
2026-07-20,INE435D01014,MCCHRLS-B,EQ,680.0,705.0,665.0,701.5,701.5,689.75,48,32765.35,14
2026-07-20,INE0R0J01010,MACOBSTECH,SM,209.0,209.0,207.0,207.0,207.0,211.85,4000,832400.0,5
2026-07-20,INE155Z01011,MACPOWER,EQ,1325.0,1359.0,1299.0,1302.3,1312.1,1326.7,8589,11376669.9,1136
2026-07-20,INE631R01026,MADHAVIPL,EQ,8.12,8.29,7.68,8.07,8.15,8.12,172128,1387863.04,570
2026-07-20,INE925C01016,MADHAV,EQ,36.2,36.21,34.1,34.4,35.0,35.03,6832,240299.67,74
2026-07-20,INE378D01032,MADHUCON,BE,5.49,5.67,5.19,5.19,5.19,5.46,83101,435068.61,98
2026-07-20,INE0P6701019,MADHUSUDAN,ST,245.0,247.7,229.05,231.05,240.5,241.1,95000,22354200.0,83
2026-07-20,INE900L01028,MBAPL,EQ,138.85,147.7,137.3,145.55,145.9,136.2,3421257,495045944.4,31455
2026-07-20,INE414A01015,MADRASFERT,EQ,67.3,68.36,67.12,67.49,67.7,68.02,27793,1879391.92,728
2026-07-20,INE270B01035,MAFATIND,EQ,132.88,135.72,131.35,134.44,134.77,132.88,32270,4302637.49,668
2026-07-20,INE347W01011,MAGADSUGAR,EQ,500.0,505.9,491.4,494.0,491.55,500.4,9070,4493555.15,626
2026-07-20,INE613C01026,MCLOUD,EQ,28.3,28.84,27.87,28.49,28.65,28.37,2154554,61083280.8,5187
2026-07-20,INE387I01016,MAGNUM,EQ,18.77,19.33,18.25,18.65,18.5,18.77,74122,1403218.7,142
2026-07-20,INE0O1S01012,MAGSON,SM,181.5,185.0,181.5,182.0,182.0,181.7,3000,548500.0,3
2026-07-20,INE843B01013,MAHAPEXLTD,EQ,45.0,45.0,43.5,43.97,44.1,44.44,1283,56639.28,34
2026-07-20,INE0US801024,MFML,EQ,18.8,19.29,17.3,18.15,18.12,18.97,2814,51144.33,89
2026-07-20,INE112D01035,MHLXMIRU,EQ,138.8,138.9,135.61,137.03,138.86,137.96,13770,1892356.65,200
2026-07-20,INE451L01014,MAHASTEEL,EQ,812.6,823.5,784.0,819.35,812.95,812.6,15120,12162081.0,432
2026-07-20,INE002S01010,MGL,EQ,1095.0,1100.4,1085.1,1090.9,1091.2,1100.4,165710,181132903.8,16712
2026-07-20,INE153A01019,MTNL,EQ,27.9,28.29,27.8,28.12,28.16,28.09,667637,18761399.18,3601
2026-07-20,INE288A01013,MAHSCOOTER,EQ,13098.0,13098.0,12925.0,13004.0,13010.0,13003.0,1874,24373152.0,835
2026-07-20,INE271B01025,MAHSEAMLES,EQ,577.55,587.0,576.2,584.7,586.5,580.45,67945,39695584.55,6547
2026-07-20,INE632Q01018,MRIL,ST,70.0,70.0,70.0,70.0,70.0,71.85,1600,112000.0,1
2026-07-20,INE263W01010,MAHESHWARI,BE,73.1,73.3,71.53,73.0,73.0,73.0,9654,703418.68,35
2026-07-20,INE961Y01015,MAHICKRA,SM,269.0,269.0,241.0,245.75,248.0,245.0,6000,1501650.0,8
2026-07-20,INE101A01026,M&M,EQ,3179.2,3183.5,3140.5,3165.5,3166.0,3179.2,1768417,5594572486.9,91664
2026-07-20,INE215D01010,MAHEPC,EQ,110.5,111.55,109.25,110.62,111.24,111.46,25173,2778207.65,733
2026-07-20,INE998I01010,MHRIL,EQ,224.0,227.76,222.75,226.56,226.55,224.34,97945,22092287.92,3198
2026-07-20,INE813A01018,MAHLIFE,EQ,371.35,376.85,366.05,373.2,375.0,373.5,61321,22835300.75,5662
2026-07-20,INE766P01016,MAHLOG,EQ,390.3,420.0,386.5,393.05,397.0,387.35,3167103,1286719461.4,64170
2026-07-20,INE683C01011,MAITHANALL,EQ,1003.5,1019.0,984.2,1012.5,1010.9,999.5,30885,30909915.7,2214
2026-07-20,INE0PLQ01011,MAITREYA,SM,124.4,124.4,123.95,124.0,124.0,118.1,1600,198540.0,4
2026-07-20,INE201B01022,MAJESAUT,EQ,403.95,429.75,399.0,421.2,422.0,397.75,29062,11946621.25,1232
2026-07-20,INE0CDK01019,MAKS,SM,18.1,18.1,18.05,18.05,18.05,18.95,6000,108375.0,3
2026-07-20,INE389C01015,MALLCOM,EQ,1045.0,1076.8,1030.0,1034.1,1035.0,1055.2,2226,2332777.5,225
2026-07-20,INE383H01017,MALUPAPER,EQ,29.91,30.63,28.2,28.9,28.82,29.89,19305,564768.39,251
2026-07-20,INE0TO701015,MAMATA,EQ,388.8,398.5,380.3,396.15,395.9,386.3,79654,31321751.1,2891
2026-07-20,INE830Q01018,MANAKCOAT,EQ,130.48,130.48,126.12,128.34,129.0,129.08,510322,65619335.25,5231
2026-07-20,INE993A01026,MANINDS,EQ,529.55,542.9,525.4,535.75,534.4,529.55,188040,100686740.95,7106
2026-07-20,INE949H01023,MANINFRA,EQ,102.59,102.59,100.25,100.54,100.35,101.28,436084,44035228.16,3895
2026-07-20,INE859Q01017,MANAKALUCO,EQ,36.95,38.8,36.41,36.83,36.8,36.79,196815,7355269.08,1472
2026-07-20,INE015D01022,MANAKSIA,EQ,56.9,60.84,56.9,57.94,57.59,57.18,19725,1152375.02,215
2026-07-20,INE824Q01011,MANAKSTEEL,BE,75.65,77.89,75.65,76.08,75.77,76.58,10907,830847.92,67
2026-07-20,INE201A01024,MANALIPETC,EQ,62.41,64.4,61.44,63.87,64.0,61.77,649185,41018821.8,4921
2026-07-20,INE522D01027,MANAPPURAM,EQ,326.7,339.6,324.15,337.1,337.5,325.45,5049814,1689321508.3,44847
2026-07-20,INE939X01013,MANBA,EQ,135.5,141.0,135.5,137.82,137.76,136.79,127016,17514296.45,1084
2026-07-20,INE545L01039,MANCREDIT,EQ,235.0,237.17,222.06,224.21,223.15,233.39,241770,55272346.29,2776
2026-07-20,INE0PKD01011,MEIL,BE,297.2,303.0,293.05,301.45,300.6,297.65,8395,2502928.5,225
2026-07-20,INE00C401011,MAL,SM,33.75,33.75,31.05,32.95,32.95,32.2,20800,670800.0,12
2026-07-20,INE347A01017,MANGLMCEM,EQ,989.95,989.95,978.1,980.15,982.3,986.6,30571,29987732.85,701
2026-07-20,INE584F01014,MANGALAM,EQ,27.99,27.99,27.01,27.29,27.3,27.59,10073,277182.16,94
2026-07-20,INE0APB01032,MGEL,BE,16.5,16.8,16.0,16.4,16.74,16.5,101616,1679725.46,203
2026-07-20,INE370D01013,MANORG,BE,557.6,575.0,545.0,567.6,567.6,557.6,6530,3723233.65,94
2026-07-20,INE0JYY01029,MWL,EQ,37.7,37.7,36.5,36.8,36.9,37.15,123623,4566561.1,676
2026-07-20,INE634S01028,MANKIND,EQ,2489.5,2590.6,2481.5,2565.8,2575.0,2484.2,587022,1491946723.0,32348
2026-07-20,INE0KNT01012,MVGJL,EQ,157.0,160.0,154.3,157.28,160.0,155.65,42746,6676572.89,1495
2026-07-20,INE784W01015,MANOMAY,EQ,189.0,199.0,183.5,196.27,197.44,190.43,118697,23246749.75,2371
2026-07-20,INE00VM01036,MANORAMA,EQ,1591.5,1636.4,1588.9,1601.1,1595.3,1591.5,144253,232358438.4,10548
2026-07-20,INE867A01022,MANUGRAPH,BE,15.0,15.0,14.83,14.83,14.83,14.97,1205,17962.42,17
2026-07-20,INE882A01013,MARALOVER,BE,53.92,55.44,52.8,55.0,55.0,53.39,3498,191909.88,39
2026-07-20,INE182D01020,MARATHON,EQ,392.0,399.75,383.3,396.75,397.0,390.85,86582,33883286.15,2081
2026-07-20,INE0TD401015,MARC,SM,97.45,111.0,95.5,107.8,110.9,95.05,93600,9695940.0,72
2026-07-20,INE0QP001012,MARCO,SM,32.0,33.5,32.0,32.8,33.5,32.0,9000,295050.0,5
2026-07-20,INE196A01026,MARICO,EQ,839.5,857.1,837.2,855.3,854.95,844.0,1575899,1342710517.35,38572
2026-07-20,INE01JE01028,MARINE,EQ,247.05,255.35,246.1,254.6,254.9,249.75,326062,81967782.25,6497
2026-07-20,INE0FW001016,MARKOLINES,EQ,164.4,173.0,160.23,172.6,172.45,164.72,635372,106617578.72,4342
2026-07-20,INE750C01026,MARKSANS,EQ,265.0,271.55,264.8,266.95,266.5,267.1,755810,202697386.7,32013
2026-07-20,INE415B01044,MARSONS,EQ,113.0,115.25,112.5,113.07,114.2,112.78,599774,67932558.66,4528
2026-07-20,INE585B01010,MARUTI,EQ,13824.0,13832.0,13377.0,13514.0,13519.0,13803.0,517730,7014977915.0,72204
2026-07-20,INE575Z01010,MDL,ST,70.0,70.0,69.6,70.0,70.0,70.0,111000,7769600.0,6
2026-07-20,INE348L01012,MASFIN,EQ,315.05,319.9,310.45,318.25,319.85,313.8,41756,13215418.05,2460
2026-07-20,INE0SH001010,MASON,SM,122.0,122.0,119.5,120.85,120.8,124.0,12000,1451950.0,17
2026-07-20,INE759A01021,MASTEK,EQ,1745.4,1774.0,1735.0,1744.2,1741.0,1772.6,88174,154288780.6,9517
2026-07-20,INE0OJM01017,MASTER,SM,470.0,470.0,464.0,465.0,465.0,466.95,2000,932000.0,4
2026-07-20,INE677D01037,MASTERTR,EQ,85.76,87.0,84.84,86.22,86.35,86.22,403824,34742192.3,2394
2026-07-20,INE866R01028,MATRIMONY,EQ,425.25,448.0,423.65,439.7,431.0,429.7,3508,1507846.3,252
2026-07-20,INE132901013,MGSL,SM,62.55,62.55,60.5,60.75,60.5,60.0,19200,1184340.0,15
2026-07-20,INE636A01039,MAWANASUG,BE,113.0,114.9,108.0,112.05,112.0,113.27,77190,8555114.46,250
2026-07-20,INE03EI01018,MAXESTATES,EQ,410.0,411.75,400.0,402.3,402.15,409.7,70877,28690450.25,3510
2026-07-20,INE180A01020,MFSL,EQ,1538.0,1560.8,1528.7,1543.1,1546.1,1538.0,513632,792614968.6,50370
2026-07-20,INE027H01010,MAXHEALTH,EQ,1090.6,1107.1,1088.6,1102.4,1104.7,1089.9,991001,1087982449.9,33396
2026-07-20,INE0CG601016,MAXIND,EQ,162.6,167.9,161.55,163.86,162.62,164.24,20086,3279242.13,762
2026-07-20,INE0ECC01022,MAXPOSURE,SM,34.1,35.0,34.0,35.0,35.0,35.0,11000,379950.0,10
2026-07-20,INE10A501018,MAXVOLT,ST,369.0,375.0,360.55,361.85,364.0,367.55,20800,7603180.0,43
2026-07-20,INE0ZTO01018,MAYASHEEL,SM,39.9,39.9,39.9,39.9,39.9,40.0,3000,119700.0,1
2026-07-20,INE040D01038,MAYURUNIQ,EQ,780.0,807.5,780.0,794.55,790.05,785.25,99633,79125197.65,6789
2026-07-20,INE249Z01020,MAZDOCK,EQ,2335.0,2355.0,2323.0,2346.5,2353.0,2342.8,322086,753774519.3,18640
2026-07-20,INE885E01042,MAZDA,BE,226.41,227.6,219.21,222.97,222.1,228.7,12551,2786483.95,279
2026-07-20,INE912H01013,MBLINFRA,BE,25.1,26.4,25.06,25.17,25.2,25.45,18153,457174.83,61
2026-07-20,INE942G01012,MCLEODRUSS,BE,55.64,56.0,53.19,53.52,53.69,55.64,95728,5178436.19,355
2026-07-20,INE0O4M01019,MCON,SM,44.45,44.5,44.45,44.5,44.5,44.8,3000,133450.0,2
2026-07-20,INE456Z01021,MEDIASSIST,EQ,357.0,362.0,354.3,359.3,358.4,356.45,225471,81008214.5,5504
2026-07-20,INE200D01020,MMWL,BE,14.82,14.82,14.02,14.28,14.05,14.13,22255,319267.95,128
2026-07-20,INE646B01010,MEDICAMEQ,EQ,235.0,240.8,234.6,236.5,235.5,238.7,7219,1709409.3,313
2026-07-20,INE630Y01024,MEDICO,EQ,38.51,39.47,38.15,38.23,38.15,38.81,26300,1012211.26,257
2026-07-20,INE0UOY01019,MEDISTEP,SM,19.25,19.3,19.25,19.3,19.3,19.35,9000,173550.0,3
2026-07-20,INE804L01022,MEDPLUS,EQ,800.0,808.75,795.1,801.3,801.0,801.1,32566,26139756.8,3979
2026-07-20,INE0VDM01015,MEESHO,EQ,187.87,193.2,184.21,185.67,185.69,187.87,11939826,2248266044.03,62559
2026-07-20,INE00EM01016,MEGASTAR,EQ,340.15,342.5,335.25,339.0,336.35,337.35,5166,1753395.15,408
2026-07-20,INE531R01010,MEGATHERM,SM,224.0,224.95,221.65,224.9,224.9,223.35,4400,983600.0,11
2026-07-20,INE0CT101020,MOL,EQ,47.0,51.9,46.5,50.73,51.35,46.9,2620570,131900505.26,10988
2026-07-20,INE071D01033,MENONBE,BE,209.65,209.65,201.67,209.65,209.65,199.67,249408,52084283.66,1530
2026-07-20,INE650G01029,MENNPIS,EQ,70.45,72.0,69.15,70.19,69.16,70.55,57321,4052132.3,1025
2026-07-20,INE776I01010,MEP,BZ,0.58,0.6,0.58,0.59,0.6,0.59,214675,127317.76,139
2026-07-20,INE689O01013,MERCANTILE,EQ,24.04,24.04,23.25,23.7,23.64,24.53,1801,42987.52,28
2026-07-20,INE763M01028,MERCURYEV,BE,35.5,36.9,35.0,35.32,35.17,36.2,127181,4505071.73,436
2026-07-20,INE317I01021,METROBRAND,EQ,1061.0,1081.9,1061.0,1068.9,1073.8,1071.3,22777,24382623.1,3553
2026-07-20,INE085D01033,METROGLOBL,EQ,133.52,136.95,130.1,133.35,132.99,133.52,1971,262576.78,108
2026-07-20,INE112L01020,METROPOLIS,EQ,542.9,577.0,542.85,573.75,570.0,545.3,367019,207513253.45,19393
2026-07-20,INE287C01037,MICEL,BE,37.75,37.94,36.9,37.35,37.05,37.94,183477,6875339.6,1294
2026-07-20,INE0PZK01014,MICROPRO,SM,19.8,19.8,19.45,19.45,19.45,20.2,4800,94000.0,3
2026-07-20,INE0XAD01024,MIDWESTLTD,EQ,1275.0,1306.7,1260.0,1271.3,1290.0,1281.5,13070,16766899.4,1253
2026-07-20,INE842C01021,MINDACORP,EQ,675.0,680.95,670.1,676.25,678.5,678.3,83385,56315259.25,8425
2026-07-20,INE0CCU25019,MINDSPACE,RR,494.75,495.6,493.1,495.01,494.99,492.69,75287,37271897.99,3018
2026-07-20,INE110B01017,MINDTECK,EQ,202.43,205.48,199.41,200.79,200.01,202.43,74501,15037185.22,2296
2026-07-20,INF769K01KU7,ALPHAETF,EQ,25.86,26.08,25.82,26.05,26.06,25.85,127514,3312745.64,669
2026-07-20,INF769K01KR3,BANKETF,EQ,592.11,592.67,586.7,591.23,591.3,595.56,26127,15387724.4,3153
2026-07-20,INF769K01LZ4,BANKPSU,EQ,85.07,87.22,85.0,86.85,86.78,84.65,78159,6779887.75,151
2026-07-20,INF769K01NS5,CONSUMER,EQ,11.77,11.82,11.72,11.81,11.78,11.77,251040,2960652.12,399
2026-07-20,INF769K01QC2,DEFENCE,EQ,75.95,78.67,75.95,78.19,78.13,77.9,153817,11983718.69,631
2026-07-20,INF769K01PY8,DIVIDEND,EQ,35.28,35.48,35.19,35.45,35.45,35.15,12397,437565.51,77
2026-07-20,INF769K01PR2,ENERGY,EQ,39.68,39.92,39.39,39.88,39.89,39.38,293881,11708641.51,816
2026-07-20,INF769K01OA1,EQUAL200,EQ,13.75,13.82,13.73,13.82,13.82,13.73,6266,86336.78,46
2026-07-20,INF769K01OO2,EQUAL50,EQ,331.52,332.61,330.48,332.61,332.61,330.75,1190,394167.16,23
2026-07-20,INF769K01LQ3,EVINDIA,EQ,32.45,32.45,31.54,31.67,31.68,31.66,162779,5152401.22,2007
2026-07-20,INF769K01QA6,HEALTHCARE,EQ,20.95,21.97,20.9,21.35,21.35,21.13,150321,3209776.17,181
2026-07-20,INF769K01QB4,INFRA,EQ,12.27,12.77,12.17,12.38,12.31,12.21,80203,991555.45,171
2026-07-20,INF769K01PB6,INTERNET,EQ,13.44,13.5,13.37,13.43,13.43,13.44,107294,1441237.58,210
2026-07-20,INF769K01KV5,ITETF,EQ,31.17,31.25,30.85,30.86,30.91,30.92,327836,10149913.51,785
2026-07-20,INF769K01KS1,LIQUID,EQ,999.99,1000.0,999.99,999.99,999.99,999.99,125864,125863056.47,147
2026-07-20,INF769K01MY5,LIQUIDPLUS,EQ,1096.13,1096.13,1095.14,1095.15,1095.16,1095.02,321434,352016320.58,220
2026-07-20,INF769K01GS9,ESG,EQ,42.77,42.77,41.62,41.71,41.85,41.93,27981,1167867.55,89
2026-07-20,INF769K01HF4,MAFANG,EQ,198.67,198.67,198.67,198.67,198.67,200.2,157188,31228539.96,7018
2026-07-20,INF769K01HI8,BFSI,EQ,27.67,27.84,27.41,27.65,27.64,27.97,1055216,29115838.91,2251
2026-07-20,INF769K01JP9,GOLDETF,EQ,137.14,137.65,136.64,137.45,137.5,136.27,717475,98488273.23,3853
2026-07-20,INF769K01KF8,GSEC10YEAR,EQ,30.57,30.57,30.29,30.35,30.35,30.41,2040,61905.3,13
2026-07-20,INF769K01HS7,MAHKTECH,EQ,23.12,23.94,23.12,23.42,23.42,23.44,1532022,36159882.45,7323
2026-07-20,INF769K01IC9,MIDCAPETF,EQ,23.41,23.62,23.3,23.58,23.6,23.41,1242736,29263724.52,8644
2026-07-20,INF769K01IB1,MAKEINDIA,EQ,165.0,165.0,161.76,162.88,163.0,161.76,25417,4135048.73,371
2026-07-20,INF769K01EG9,NIFTYETF,EQ,264.7,272.57,262.29,264.41,263.4,264.7,356304,94015945.63,1693
2026-07-20,INF769K01JU9,LOWVOL,EQ,205.27,207.65,205.27,207.1,207.65,206.12,269,55677.64,9
2026-07-20,INF769K01FN2,NEXT50,EQ,738.75,747.0,738.75,746.04,745.77,738.76,15099,11235228.64,3293
2026-07-20,INF769K01KG6,SILVERAG,EQ,211.98,212.11,210.53,211.73,211.7,208.18,148506,31409052.08,2501
2026-07-20,INF769K01HP3,MASPTOP50,EQ,79.66,79.66,79.25,79.66,79.66,80.54,60224,4797277.46,857
2026-07-20,INF769K01LY7,METAL,EQ,12.59,12.72,12.53,12.65,12.68,12.54,1402873,17772659.12,9199
2026-07-20,INF769K01LJ8,MIDSMALL,EQ,50.36,50.99,50.36,50.88,50.82,50.37,228771,11608856.52,666
2026-07-20,INF769K01LX9,MULTICAP,EQ,16.69,16.74,16.61,16.69,16.73,16.69,164894,2746872.46,569
2026-07-20,INF769K01ON4,SELECTIPO,EQ,46.6,46.7,46.25,46.54,46.47,46.56,58374,2715115.78,110
2026-07-20,INF769K01KT9,SENSEXETF,EQ,82.02,82.02,79.8,80.13,80.22,80.41,33666,2693447.93,307
2026-07-20,INF769K01PQ4,SMALL250,EQ,18.04,18.3,17.87,18.07,18.08,18.04,693792,12513599.11,942
2026-07-20,INF769K01LC3,SMALLCAP,EQ,46.6,47.6,46.4,47.33,47.34,47.1,2387050,112916243.11,2951
2026-07-20,INF769K01PZ5,TOP20,EQ,9.08,9.08,8.8,8.82,8.84,8.86,82748,730183.06,155
2026-07-20,INF769K01QV2,VALUE,EQ,16.06,16.22,16.05,16.2,16.22,16.01,22127,357271.45,97
2026-07-20,INE771A01026,MIRZAINT,EQ,38.45,38.45,37.5,38.12,37.95,38.74,434968,16522867.17,3232
2026-07-20,INE099Z01011,MIDHANI,EQ,405.65,411.0,403.9,409.55,408.1,408.0,326425,133026082.5,9890
2026-07-20,INE828O01033,MITCON,BE,71.66,73.45,71.21,72.66,72.66,74.95,1074,78110.67,24
2026-07-20,INE997Y01027,MITTAL,EQ,0.95,0.95,0.93,0.93,0.94,0.93,257220,241141.36,195
2026-07-20,INE227C01017,MMFL,EQ,520.3,538.4,515.05,533.7,532.8,527.6,152260,80953680.2,5933
2026-07-20,INE511Y01018,MMP,EQ,283.4,291.75,279.55,284.45,282.45,282.45,68780,19687460.9,2414
2026-07-20,INE123F01029,MMTC,EQ,63.0,63.99,62.75,63.66,63.7,63.52,1250495,79486581.38,7796
2026-07-20,INE1YNB01019,MOBILISE,ST,112.8,112.8,112.75,112.75,112.75,118.65,3200,360880.0,2
2026-07-20,INE794W01014,MODTHREAD,EQ,50.01,50.01,47.05,47.52,47.4,47.69,59,2811.3,23
2026-07-20,INE537F01012,MODINATUR,BE,422.5,422.5,406.1,410.75,409.5,418.3,1181,485921.25,37
2026-07-20,INE832A01018,MODIRUBBER,EQ,125.12,130.79,125.12,130.23,130.78,127.13,1417,183315.77,46
2026-07-20,INE0L0L01012,MODIS,EQ,341.2,377.75,341.2,367.05,377.5,341.95,121148,43778961.75,2745
2026-07-20,INE737D01021,MODISONLTD,BE,297.0,304.1,292.0,296.1,298.95,295.4,42013,12559243.0,426
2026-07-20,INE450S01011,MHHL,SM,36.9,36.9,36.9,36.9,36.9,37.0,1500,55350.0,1
2026-07-20,INE954E01012,MOHITIND,EQ,22.75,23.3,22.05,22.58,22.32,22.75,2092,46840.89,60
2026-07-20,INE490G01020,MOIL,EQ,269.6,272.2,268.4,271.3,270.6,269.75,199321,53939409.75,4729
2026-07-20,INE514Y01020,MOKSH,EQ,11.78,11.9,11.24,11.51,11.63,11.4,112794,1313658.76,172
2026-07-20,INE893J01029,MOLDTKPAC,EQ,699.6,710.0,690.0,701.9,701.05,695.6,33479,23516958.15,2453
2026-07-20,INE835B01035,MOLDTECH,EQ,124.84,125.87,122.38,125.29,125.5,124.84,20824,2590601.97,510
2026-07-20,INE903D01011,MONARCH,EQ,362.0,364.9,354.05,357.85,357.0,360.55,82018,29336136.5,2112
2026-07-20,INE296Q01012,MONEYBOXX,EQ,61.7,64.1,58.02,58.2,58.8,60.71,44111,2630347.31,659
2026-07-20,INE1DV401010,MONOLITH,SM,752.0,770.8,752.0,755.9,752.0,753.2,11750,8973000.0,43
2026-07-20,INE950M01013,MONTECARLO,EQ,537.7,542.0,533.0,534.95,533.2,537.7,27552,14779873.05,1231
2026-07-20,INE161G01027,MORARJEE,BZ,11.5,12.41,11.23,12.4,12.41,11.82,29177,358669.0,66
2026-07-20,INE083A01026,MOREPENLAB,EQ,58.89,59.97,57.75,58.23,58.18,58.9,4674638,274487618.3,14958
2026-07-20,INE0N7S01028,MOS,ST,12.0,12.6,12.0,12.0,12.0,12.6,232000,2786400.0,36
2026-07-20,INE935B01025,MOSCHIP,EQ,238.6,240.36,232.85,233.79,234.75,240.1,2011347,473321393.86,21106
2026-07-20,INE0FS801015,MSUMI,EQ,40.5,40.5,39.5,39.68,39.7,40.34,4781924,190002454.22,26399
2026-07-20,INF247L01023,MOM100,EQ,66.74,67.96,66.0,67.85,67.88,67.41,339070,22955038.21,2720
2026-07-20,INF247L01AP3,MON100,EQ,327.96,327.96,327.96,327.96,327.96,332.9,225370,73912345.2,1413
2026-07-20,INE338I01027,MOTILALOFS,EQ,972.0,978.8,952.55,973.15,967.55,967.1,545634,527202781.55,22581
2026-07-20,INF247L01536,MOM50,EQ,257.0,259.97,252.49,253.54,256.0,254.06,4143,1054835.3,167
2026-07-20,INF247L01AK4,MOGSEC,EQ,66.73,66.73,64.86,64.93,64.9,65.11,748,48766.9,96
2026-07-20,INF247L01FR8,MOALPHA50,EQ,53.54,53.98,52.23,53.58,53.93,53.54,62485,3331451.61,98
2026-07-20,INF247L01GV8,MOBANK10,EQ,17.67,17.96,17.17,17.33,17.77,17.67,26388,457621.26,155
2026-07-20,INF247L01EV3,MOCAPITAL,EQ,54.74,54.74,53.61,54.48,54.56,54.19,663392,36025599.3,2718
2026-07-20,INF247L01DJ0,MODEFENCE,EQ,101.86,103.0,101.85,102.62,102.65,102.41,1224085,125319452.37,8285
2026-07-20,INF247L01GH7,MOENERGY,EQ,39.5,39.79,39.31,39.76,39.64,39.29,141437,5612838.79,691
2026-07-20,INF247L01FY4,MOGOLD,EQ,139.1,140.05,139.05,139.9,140.05,138.85,12830,1793604.1,359
2026-07-20,INF247L01BB1,MOHEALTH,EQ,50.99,51.4,49.52,51.26,51.19,50.39,58340,2974779.94,691
2026-07-20,INF247L01FL1,MOINFRA,EQ,62.27,62.9,60.05,61.68,61.48,61.05,5853,360149.98,72
2026-07-20,INF247L01GI5,MOIPO,EQ,47.14,47.14,46.41,46.59,46.59,46.68,2891,134523.38,35
2026-07-20,INF247L01BL0,MOLOWVOL,EQ,37.04,37.15,36.93,37.04,37.04,37.0,2925,108627.95,32
2026-07-20,INF247L01DK8,MOMENTUM50,EQ,52.87,52.93,52.16,52.71,52.93,52.41,334466,17600279.27,1708
2026-07-20,INF247L01FK3,MOMGF,EQ,156.1,160.08,156.1,160.08,160.08,159.28,1860,296289.92,32
2026-07-20,INF247L01FQ0,MOMIDMTM,EQ,63.55,63.55,62.86,63.28,63.0,63.2,44941,2843141.8,298
2026-07-20,INF247L01GK1,MOMNC,EQ,32.69,32.69,32.41,32.67,32.67,32.37,1180,38381.49,17
2026-07-20,INF247L01BK2,MOMOMENTUM,EQ,60.05,61.97,60.05,61.62,61.62,61.26,50160,3087331.12,495
2026-07-20,INF247L01FC0,MON50EQUAL,EQ,33.37,33.4,33.02,33.05,33.02,33.37,10415,345356.41,48
2026-07-20,INF247L01FD8,MONEXT50,EQ,71.7,72.4,71.69,72.4,72.4,71.58,4018,290619.57,56
2026-07-20,INF247L01GG9,MONIFTY100,EQ,25.66,25.8,25.29,25.48,25.8,25.41,11499,292255.13,68
2026-07-20,INF247L01BU1,MONIFTY500,EQ,23.22,24.31,23.22,23.79,23.84,23.82,3566146,84744088.88,1730
2026-07-20,INF247L01AU3,MONQ50,EQ,141.12,141.12,141.12,141.12,141.12,142.92,20988,2961826.56,181
2026-07-20,INF247L01FO5,MOPSE,EQ,101.36,101.97,101.12,101.97,101.97,100.43,419,42643.9,6
2026-07-20,INF247L01BH8,MOQUALITY,EQ,201.1,202.59,200.82,201.7,201.7,200.62,9009,1823819.33,29
2026-07-20,INF247L01CI4,MOREALTY,EQ,92.01,92.01,90.55,91.68,91.76,91.6,478692,43687719.9,2065
2026-07-20,INF247L01GJ3,MOSERVICE,EQ,31.83,32.69,31.15,31.39,31.4,31.52,13992,438309.88,63
2026-07-20,INF247L01FZ1,MOSILVER,EQ,214.1,217.78,213.31,214.73,215.0,211.68,59505,12769312.13,1214
2026-07-20,INF247L01CH6,MOSMALL250,EQ,18.23,18.23,17.86,18.13,18.18,18.03,1205247,21823661.22,2498
2026-07-20,INF247L01FP2,MOTOUR,EQ,77.74,80.8,77.74,79.09,78.97,79.33,29266,2305374.53,287
2026-07-20,INF247L01BE5,MOVALUE,EQ,113.0,115.49,113.0,115.33,115.15,113.91,63459,7277630.15,718
2026-07-20,INE0FRK01020,MOTISONS,EQ,14.02,14.14,13.78,13.99,13.96,13.99,8166239,113748452.81,6355
2026-07-20,INE861B01023,MOTOGENFIN,BE,27.85,27.85,26.56,27.25,27.25,27.34,3745,101106.82,28
2026-07-20,INE0XM301010,MMEL,ST,28.35,28.35,28.35,28.35,28.35,29.8,2000,56700.0,1
2026-07-20,INE0N6D01014,MOXSH,ST,100.0,105.0,100.0,102.15,105.0,105.0,32000,3265600.0,3
2026-07-20,INE356A01018,MPHASIS,EQ,2402.1,2458.6,2398.0,2413.4,2405.7,2394.2,662456,1609647695.0,42707
2026-07-20,INE943D01017,MPSLTD,EQ,2096.0,2120.0,2050.0,2061.6,2072.0,2096.8,19675,41056759.3,2149
2026-07-20,INE883A01011,MRF,EQ,130550.0,132990.0,130500.0,132800.0,132800.0,130695.0,5985,791647950.0,4241
2026-07-20,INE103A01014,MRPL,EQ,172.0,176.72,170.25,170.92,171.3,174.49,14972830,2587598286.45,76857
2026-07-20,INE495P01020,BECTORFOOD,EQ,187.0,215.95,185.1,210.08,209.95,188.63,85300289,17821445542.83,491647
2026-07-20,INE752G01015,MSPL,EQ,36.51,36.8,36.22,36.5,36.45,36.51,288007,10539523.13,2439
2026-07-20,INE255X01014,MSTCLTD,EQ,587.35,632.7,587.35,614.85,616.7,594.55,700217,432973493.45,19850
2026-07-20,INE472M01018,MTEDUCARE,BE,1.98,1.98,1.8,1.81,1.81,1.89,11457,21049.75,75
2026-07-20,INE864I01014,MTARTECH,BE,5744.0,5744.0,5744.0,5744.0,5744.0,6046.0,67263,386358672.0,7055
2026-07-20,INE08KJ01020,MUFIN,EQ,129.2,130.08,127.4,128.64,128.36,129.26,774455,99694113.14,4979
2026-07-20,INE304A01026,MUKANDLTD,EQ,144.88,145.8,142.01,143.86,143.75,145.69,121315,17448923.69,1866
2026-07-20,INE0CG401037,MUKKA,EQ,22.9,23.8,22.51,23.5,23.68,22.88,202338,4677639.43,1101
2026-07-20,INE374B01019,MUKTAARTS,BE,51.03,53.3,49.0,53.3,53.3,50.78,14444,759125.63,62
2026-07-20,INE745G01043,MCX,EQ,2749.0,2845.0,2739.3,2818.0,2810.3,2747.5,1718268,4820742157.3,84822
2026-07-20,INE1K8Y01018,MUNISH,ST,73.55,73.9,73.55,73.9,73.9,70.4,8400,619500.0,7
2026-07-20,INE672B01032,MUNJALAU,EQ,103.1,103.7,101.15,102.38,102.3,103.79,264530,27063745.05,3144
2026-07-20,INE577A01027,MUNJALSHOW,EQ,136.0,136.01,134.05,135.11,135.25,135.64,20343,2747461.23,450
2026-07-20,INE692B01014,MURUDCERA,EQ,30.8,30.8,30.25,30.39,30.25,30.8,26195,801212.33,222
2026-07-20,INE919I01024,RADIOCITY,EQ,5.98,6.04,5.82,5.96,5.95,5.98,17821,106091.63,123
2026-07-20,INE296G01013,MUTHOOTCAP,EQ,227.9,227.9,212.96,214.84,217.4,223.07,21891,4801677.35,806
2026-07-20,INE414G01012,MUTHOOTFIN,EQ,2995.0,3019.9,2964.6,2982.8,2977.5,2989.5,470922,1407226590.3,35195
2026-07-20,INE046W01019,MUTHOOTMF,EQ,235.83,255.0,235.83,253.29,252.6,240.06,1239974,310786371.06,17216
2026-07-20,INE0JYY07026,10MWL29,N0,98000.0,98000.0,98000.0,98000.0,98000.0,99060.55,2,196000.0,2
2026-07-20,INE0RVQ01016,MYMUDRA,SM,70.0,70.0,67.1,67.1,67.1,70.95,15600,1082760.0,6
2026-07-20,INE740D01017,NRAIL,EQ,437.35,440.95,423.05,428.55,431.0,427.75,1777,762021.5,172
2026-07-20,INE104101014,NRVANDANA,ST,67.75,69.4,67.5,69.4,69.4,70.05,21000,1432200.0,7
2026-07-20,INE365I01020,NBIFIN,EQ,2180.0,2180.0,2065.0,2106.2,2109.8,2129.2,1124,2380784.8,107
2026-07-20,INE295D01020,NACLIND,EQ,213.45,213.9,206.81,209.29,211.0,213.45,491154,102942105.73,11900
2026-07-20,INE756C01015,NDGL,EQ,2756.0,2756.0,2756.0,2756.0,2756.0,2769.8,1,2756.0,1
2026-07-20,INE454M01024,NAGAFERT,BZ,2.75,2.75,2.75,2.75,2.75,2.89,265616,730444.0,352
2026-07-20,INE245I01016,NAGREEKCAP,BE,22.25,23.95,22.25,23.04,23.0,23.08,3775,88224.05,34
2026-07-20,INE123B01028,NAGREEKEXP,EQ,23.15,24.57,23.05,23.96,23.99,23.86,4921,116328.54,106
2026-07-20,INE049I01012,NAHARCAP,EQ,249.5,256.16,246.51,251.42,254.0,246.51,491,123082.41,40
2026-07-20,INE289A01011,NAHARINDUS,EQ,115.84,117.97,115.82,116.37,116.95,115.84,5302,619110.95,180
2026-07-20,INE308A01027,NAHARPOLY,EQ,252.0,269.2,251.3,262.0,261.0,250.8,56877,14792259.1,1904
2026-07-20,INE290A01027,NAHARSPING,BE,276.75,283.95,276.75,280.5,279.0,276.75,11025,3091539.05,104
2026-07-20,INE236Y01012,NGIL,BE,39.0,40.5,38.5,39.98,39.0,39.02,10484,418560.07,32
2026-07-20,INE023A01030,NSIL,EQ,5400.0,5480.5,5400.0,5449.5,5407.0,5410.5,1560,8491118.5,507
2026-07-20,INE08NZ01012,NAMOEWASTE,ST,276.0,281.5,276.0,278.0,278.0,276.0,18400,5146520.0,22
2026-07-20,INE875G01048,NDL,EQ,2.36,2.42,2.33,2.35,2.36,2.36,954410,2257511.24,1351
2026-07-20,INE696V01013,JAIPURKURT,EQ,27.2,28.35,26.0,26.52,26.4,27.91,84367,2258095.37,505
2026-07-20,INE410P01011,NH,EQ,2020.0,2047.5,2010.0,2025.9,2021.2,2029.5,163839,333350535.0,21674
2026-07-20,INE117Z01011,NARMADA,EQ,40.0,40.04,38.0,38.75,38.37,39.18,1470535,57552288.24,5889
2026-07-20,INE987B01026,NATCOPHARM,EQ,952.05,987.55,948.0,950.65,953.65,945.0,985701,949655025.35,47293
2026-07-20,INE448G01010,NATHBIOGEN,EQ,158.0,164.33,158.0,163.56,163.5,160.04,10351,1686060.55,227
2026-07-20,INE139A01034,NATIONALUM,EQ,340.6,349.6,340.55,342.9,342.8,339.9,6171072,2125943198.3,61340
2026-07-20,INE870D01012,NFL,EQ,72.45,72.45,71.8,72.19,72.3,72.56,456516,32930619.57,2469
2026-07-20,INE166R01015,NATIONSTD,EQ,392.9,392.9,392.9,392.9,392.9,413.5,3936,1546454.4,251
2026-07-20,INE936B01015,NATCAPSUQ,EQ,141.85,145.0,137.25,140.04,139.5,142.55,13375,1892950.24,310
2026-07-20,INE725A01030,NAVA,EQ,583.85,590.0,574.5,576.75,577.2,586.8,183919,106782799.9,9897
2026-07-20,INE048G01026,NAVINFLUOR,EQ,7509.0,7900.0,7475.0,7861.5,7880.0,7579.0,228991,1780684256.5,33509
2026-07-20,INE278M01019,NAVKARCORP,EQ,106.66,109.0,103.2,104.31,104.5,105.08,1876794,198264311.45,16648
2026-07-20,INE268H01044,NAVKARURB,BE,1.21,1.21,1.12,1.15,1.19,1.16,1911671,2266835.02,745
2026-07-20,INE060A01024,NAVNETEDUL,EQ,149.0,150.38,146.98,147.57,148.0,145.63,75410,11172445.87,2246
2026-07-20,INE418L01047,NAZARA,EQ,304.0,309.95,302.5,309.25,308.9,304.65,1212308,372061774.65,8373
2026-07-20,INE095N01031,NBCC,EQ,97.5,98.3,96.42,98.11,98.3,97.25,5331792,520232879.94,22319
2026-07-20,INE868B01028,NCC,EQ,139.1,141.7,138.75,139.86,141.0,139.6,1671138,233725334.4,20569
2026-07-20,INE732C01016,NCLIND,EQ,185.5,187.0,182.61,186.3,187.0,184.44,32597,6030725.33,1353
2026-07-20,INE353A01023,NDLVENTURE,EQ,131.9,131.9,127.29,127.93,128.0,128.18,3815,489570.77,122
2026-07-20,INE07OG01012,NDRAUTO,EQ,830.15,843.15,815.05,820.4,820.95,830.15,9215,7578640.5,1053
2026-07-20,INE0Q7Q23015,NDRINVIT,IV,145.9,145.9,145.9,145.9,145.9,135.05,25000,3647500.0,1
2026-07-20,INE155G01029,NDTV,EQ,80.4,80.88,79.45,80.04,80.01,80.23,93567,7481982.4,1169
2026-07-20,INE023H01027,NECLIFE,BE,10.65,11.03,10.6,10.8,10.79,10.85,70264,758354.99,333
2026-07-20,INE189I01024,NELCAST,EQ,128.85,130.85,126.43,127.95,128.0,128.43,163786,21045562.09,2533
2026-07-20,INE045B01015,NELCO,EQ,860.0,915.8,857.05,889.6,889.45,867.15,296445,264193036.1,14412
2026-07-20,INE21UM01018,NEOCHEM,ST,92.0,92.0,92.0,92.0,92.0,93.15,1200,110400.0,1
2026-07-20,INE136S01016,NEOGEN,EQ,2157.5,2241.9,2122.1,2182.6,2170.0,2175.6,124804,272551748.6,20301
2026-07-20,INE0SUN01013,NEPHROCARE,ST,65.45,65.45,62.2,65.25,65.25,65.45,13600,856380.0,31
2026-07-20,INE428V01029,NEPHROPLUS,EQ,623.5,646.85,623.5,628.8,630.5,635.7,76150,48039444.65,8814
2026-07-20,INE156901014,NEPTUNE,SM,172.3,187.0,171.1,180.75,179.0,185.65,10500,1895050.0,20
2026-07-20,INE317F01035,NESCO,EQ,1082.1,1096.0,1078.7,1085.0,1082.0,1094.0,21020,22810708.5,2462
2026-07-20,INE239A01024,NESTLEIND,EQ,1436.0,1456.0,1420.6,1446.3,1453.0,1427.2,1689777,2439399348.0,45113
2026-07-20,INE518X01015,CBAZAAR,ST,6.15,6.45,6.15,6.45,6.45,6.35,24000,152400.0,3
2026-07-20,INE0NT901020,NETWEB,EQ,4211.0,4220.0,4129.3,4178.1,4193.0,4244.3,470046,1963193661.3,45971
2026-07-20,INE0FFK01017,NPST,EQ,1595.0,1596.0,1505.1,1530.3,1530.0,1579.9,46781,72867590.7,3675
2026-07-20,INE870H01013,NETWORK18,EQ,30.0,30.04,29.61,29.89,29.86,30.0,2276235,67856867.1,6260
2026-07-20,INE333I01044,NEUEON,BE,14.92,14.92,14.92,14.92,14.92,14.21,24419,364331.48,31
2026-07-20,INE794A01010,NEULANDLAB,EQ,18442.0,19170.0,18442.0,18949.0,19040.0,18434.0,30500,577900055.0,12990
2026-07-20,INE619B01017,NEWGEN,EQ,547.2,570.0,541.25,559.45,559.0,547.55,2945628,1649490413.25,60730
2026-07-20,INE0PW501021,NEWJAISA,ST,16.35,16.35,16.35,16.35,16.35,16.65,3000,49050.0,2
2026-07-20,INE747B01016,NEXTMEDIA,EQ,3.86,3.93,3.8,3.92,3.93,3.86,534,2067.33,14
2026-07-20,INE0NDH25011,NXST,RR,167.25,168.9,166.37,167.54,167.0,166.63,229578,38435439.12,2989
2026-07-20,INE0T1501010,NFPSAMPOOR,SM,23.0,23.95,22.9,23.7,23.9,24.1,54000,1255400.0,27
2026-07-20,INE887E01022,NGLFINE,EQ,3150.0,3176.4,2953.7,3010.0,2988.0,3131.9,9326,28532761.3,1776
2026-07-20,INE557F07181,893NHB29,N6,5565.0,5565.0,5550.0,5550.0,5550.0,5535.0,19,105495.0,2
2026-07-20,INE848E01016,NHPC,EQ,79.0,81.18,78.63,81.0,81.01,79.2,12119668,976133651.01,43748
2026-07-20,INE149O01018,NIBE,EQ,1504.9,1569.7,1498.8,1558.1,1561.6,1505.4,67125,103779457.2,5724
2026-07-20,INE0J6L01013,NIDAN,SM,12.7,13.0,12.7,12.95,13.0,13.05,7000,90350.0,4
2026-07-20,INE342G01023,NIITMTS,EQ,245.0,245.0,233.13,234.98,235.94,239.06,157530,37234100.1,4513
2026-07-20,INE161A01038,NIITLTD,EQ,96.8,99.7,96.22,98.55,98.5,97.17,340272,33240341.27,3033
2026-07-20,INE937C01029,NILAINFRA,EQ,7.35,7.35,7.11,7.12,7.17,7.25,142729,1027466.52,486
2026-07-20,INE00S901012,NILASPACES,EQ,12.35,12.4,12.1,12.22,12.29,12.33,206748,2525450.75,800
2026-07-20,INE445D01013,NILE,EQ,1888.0,1950.1,1851.0,1861.6,1869.9,1852.9,2091,3932881.3,356
2026-07-20,INE310A01015,NILKAMAL,EQ,1480.0,1519.0,1467.0,1476.4,1480.0,1473.5,282758,422120944.4,17265
2026-07-20,INE875B01015,NIMBSPROJ,BE,197.01,201.96,191.0,196.0,196.0,198.0,390,75662.72,13
2026-07-20,INE395U01014,NINSYS,BE,905.0,915.0,871.6,898.2,900.0,893.6,8514,7655961.75,240
2026-07-20,INF204KB15I9,BANKBEES,EQ,599.59,603.88,595.0,600.21,600.2,604.9,1266129,757903323.22,11795
2026-07-20,INF204KA1LD7,CONSUMBEES,EQ,130.15,130.85,129.82,130.7,130.85,130.15,69603,9073619.02,915
2026-07-20,INF204KA1MS3,DIVOPPBEES,EQ,78.13,78.13,75.5,77.53,77.6,76.8,51863,4007778.95,1000
2026-07-20,INF204KB18I3,NV20BEES,EQ,142.46,142.46,141.26,141.51,141.86,142.52,49778,7048149.9,307
2026-07-20,INF204KB17I5,GOLDBEES,EQ,116.03,116.94,116.03,116.84,116.86,115.79,13869503,1617677290.63,84709
2026-07-20,INF204KB19I1,HNGSNGBEES,EQ,484.8,485.85,480.25,484.85,484.0,479.81,87291,42254540.32,3871
2026-07-20,INF732E01268,INFRABEES,EQ,967.49,975.0,967.31,974.05,975.0,967.31,20014,19480544.44,619
2026-07-20,INF204KB15V2,ITBEES,EQ,32.54,32.8,32.33,32.38,32.39,32.44,13774555,447203955.83,18158
2026-07-20,INF732E01045,JUNIORBEES,EQ,777.5,782.0,772.04,781.49,781.0,776.11,309091,240804522.02,9494
2026-07-20,INF732E01037,LIQUIDBEES,EQ,980.0,1002.98,980.0,1000.0,999.99,1000.0,3677960,3677960629.09,4519
2026-07-20,INF204KB1882,LTGILTBEES,EQ,29.94,30.1,29.83,29.89,29.9,29.95,1375909,41111618.48,771
2026-07-20,INF204KB1V68,MID150BEES,EQ,236.23,239.31,236.23,238.93,238.96,237.75,567703,135426415.12,7480
2026-07-20,INF204K014N5,NIF100BEES,EQ,267.98,269.75,265.83,268.1,267.48,268.0,85583,22879480.14,994
2026-07-20,INF204KB14I2,NIFTYBEES,EQ,276.11,276.19,274.01,275.58,275.6,276.46,5182257,1427030731.19,50271
2026-07-20,INF204KB16I7,PSUBNKBEES,EQ,93.76,96.5,93.38,96.16,96.3,93.58,6522285,621100028.38,12565
2026-07-20,INF732E01128,SHARIABEES,EQ,460.0,462.22,457.91,459.2,460.0,457.91,3691,1694360.1,505
2026-07-20,INE298J01013,NAM-INDIA,EQ,1184.0,1192.5,1164.2,1183.2,1177.0,1186.5,861939,1015541908.5,27464
2026-07-20,INF204KC1FU1,LIQGRWBEES,EQ,1048.25,1048.27,1048.25,1048.26,1048.27,1048.13,33827,35459355.96,130
2026-07-20,INF204KC1GH6,MANUFGBEES,EQ,160.32,161.2,159.9,161.19,161.2,159.53,5458,874901.94,90
2026-07-20,INF204KC1337,AUTOBEES,EQ,280.64,280.64,276.62,279.0,279.14,279.46,153627,42717939.19,2327
2026-07-20,INF204KC1089,PHARMABEES,EQ,26.39,27.0,26.33,26.77,26.81,26.39,6541028,174795016.13,12554
2026-07-20,INF204KC1402,SILVERBEES,EQ,206.68,208.59,206.68,207.89,208.0,204.92,18491420,3837322090.89,63449
2026-07-20,INF204KC1EZ3,SNXT30BEES,EQ,42.38,42.38,42.0,42.15,42.11,41.91,1494,62898.45,68
2026-07-20,INE368I01016,NIRAJ,BE,29.85,29.85,28.52,28.87,28.7,29.38,3678,105920.32,33
2026-07-20,INE910A01012,NIRLON,EQ,628.7,630.2,619.95,620.1,626.95,621.6,6966,4324796.8,616
2026-07-20,INE0OK701014,NIRMAN,SM,41.0,43.5,39.1,40.45,41.0,41.05,51900,2103615.0,122
2026-07-20,INE858F01012,NITCO,EQ,110.7,111.65,107.16,108.78,109.4,110.86,490764,53410919.83,4309
2026-07-20,INE229H01012,NITINSPIN,EQ,551.0,558.4,541.0,549.7,551.5,550.35,63946,35208345.05,2844
2026-07-20,INE439T01012,NITIRAJ,EQ,217.8,227.0,212.01,222.72,226.5,217.85,15363,3388399.24,370
2026-07-20,INE265B01019,NITTAGELA,EQ,1875.0,1887.1,1850.0,1864.3,1865.0,1880.0,10674,19878155.9,1559
2026-07-20,INE995S01015,NIVABUPA,EQ,86.06,86.39,85.66,86.08,86.0,86.06,268963,23150647.71,5726
2026-07-20,INE542C01019,NKIND,EQ,60.0,60.8,60.0,60.8,60.8,58.68,54,3268.5,4
2026-07-20,INE589A01014,NLCINDIA,EQ,296.0,300.3,294.0,296.4,297.5,295.6,2344862,696547316.15,37532
2026-07-20,INE584A01023,NMDC,EQ,83.75,84.9,83.27,83.85,83.84,83.22,22347504,1879508746.56,56160
2026-07-20,INE0NNS01018,NSLNISP,EQ,42.8,43.3,42.65,42.98,43.15,42.99,1683760,72305018.71,8389
2026-07-20,INE163A01018,NOCIL,EQ,163.0,170.24,160.36,164.91,164.96,162.7,795544,132107110.53,12192
2026-07-20,INE781B01015,NOIDATOLL,BE,4.51,4.75,4.48,4.62,4.53,4.7,296480,1343126.66,368
2026-07-20,INE369C01017,NORBTEAEXP,EQ,68.5,70.9,68.5,68.55,68.5,70.4,2492,171015.63,39
2026-07-20,INE553C01016,NECCLTD,BE,15.63,15.63,15.02,15.14,15.25,15.63,25500,387387.53,153
2026-07-20,INE850M01015,NORTHARC,EQ,300.0,307.95,298.55,305.3,305.0,301.6,849784,259000850.5,11786
2026-07-20,INE02H701025,NOVAAGRI,BE,23.53,23.53,22.5,22.9,22.89,23.53,59569,1361198.93,317
2026-07-20,INE234A01025,NOVARTIND,EQ,1552.0,1676.9,1552.0,1667.9,1671.0,1570.1,42789,69829380.4,5434
2026-07-20,INE349A01021,NRBBEARING,EQ,407.4,413.45,401.1,404.75,405.8,407.4,164132,66445422.25,5942
2026-07-20,INE047O01014,NIBL,EQ,35.59,35.59,33.84,34.97,34.98,34.93,57083,1982881.24,12502
2026-07-20,INE0ONG01011,NTPCGREEN,EQ,92.24,93.9,91.2,91.98,91.97,91.97,3702405,341387568.77,24374
2026-07-20,INE733E01010,NTPC,EQ,343.0,349.3,341.1,347.25,347.5,341.85,14463484,5012916567.15,86934
2026-07-20,INE096B01018,NUCLEUS,EQ,753.25,758.5,745.3,748.3,746.0,753.25,16004,12021043.8,1013
2026-07-20,INE0JM501013,NRL,BE,107.84,111.85,102.45,110.1,110.5,107.84,189807,20576791.82,521
2026-07-20,INE0DSF01015,NURECA,EQ,279.0,284.0,275.55,282.46,282.15,279.79,34036,9506584.39,1336
2026-07-20,INE531F01023,NUVAMA,EQ,1845.0,1878.7,1831.7,1854.0,1860.0,1863.1,169432,314915421.0,11897
2026-07-20,INE118D01016,NUVOCO,EQ,349.0,359.1,343.95,345.9,346.0,348.75,1377489,485338489.95,27567
2026-07-20,INE426Z01016,OBCL,EQ,52.8,53.79,52.8,53.04,53.05,53.45,1442,76222.28,14
2026-07-20,INE093I01010,OBEROIRLTY,EQ,1865.0,1911.0,1841.0,1882.7,1889.5,1894.8,307109,573470306.7,18642
2026-07-20,INE0YHV01011,OBSCP,SM,618.05,629.4,563.6,586.3,588.0,617.4,141200,82990100.0,339
2026-07-20,INE0PK601023,OCCLLTD,BE,137.99,139.0,135.0,135.74,137.0,135.27,30974,4221473.44,222
2026-07-20,INE054301028,ODIGMA,BE,23.3,23.3,22.46,22.71,22.89,23.3,9365,212272.03,213
2026-07-20,INE213A01029,ONGC,EQ,248.43,252.4,248.1,249.58,249.88,247.29,10627783,2664407523.29,83437
2026-07-20,INE591A01010,OILCOUNTUB,BE,52.58,55.48,52.5,55.48,55.48,52.84,101989,5648242.99,109
2026-07-20,INE274J01014,OIL,EQ,438.25,456.7,437.15,453.55,451.4,435.35,9434807,4262219296.65,92838
2026-07-20,INE0LXG01040,OLAELEC,EQ,39.97,40.19,38.82,39.18,39.14,40.17,40933862,1614890179.46,93555
2026-07-20,INE260D01016,OLECTRA,EQ,1340.0,1360.2,1331.1,1345.7,1352.0,1346.7,267248,358883517.2,15450
2026-07-20,INE1BZC01019,OMFREIGHT,BE,90.95,95.0,89.9,92.87,93.98,91.4,11241,1042007.09,93
2026-07-20,INE239D01028,OMINFRAL,EQ,88.8,90.45,87.1,87.8,87.7,87.67,166492,14737342.09,3773
2026-07-20,INE25E901019,OMPOWER,EQ,172.0,172.9,169.0,169.92,170.0,169.99,97687,16592468.27,1470
2026-07-20,INE090B01011,OMAXAUTO,BE,226.0,236.0,226.0,233.72,234.9,228.38,14610,3399571.64,256
2026-07-20,INE800H01010,OMAXE,EQ,93.24,93.74,91.5,92.57,92.58,93.5,336946,31172751.17,3643
2026-07-20,INE0UH301010,OMNI,EQ,563.9,573.65,550.35,554.0,556.05,565.6,194560,108837789.85,10812
2026-07-20,INE00ER01015,ONDOOR,SM,213.5,247.0,213.5,228.0,228.0,207.35,24000,5543310.0,59
2026-07-20,INE982J01020,PAYTM,EQ,1350.0,1357.4,1335.5,1347.5,1348.5,1348.0,2401684,3232632806.0,64894
2026-07-20,INE0HLU01028,MOBIKWIK,EQ,215.0,218.53,212.51,214.13,214.54,216.77,591941,127050735.07,7798
2026-07-20,INE840Y01029,ONEPOINT,EQ,54.45,54.71,53.5,53.85,53.77,54.49,227730,12287654.97,1257
2026-07-20,INE0OPS01011,OLIL,ST,419.0,428.0,415.0,428.0,428.0,419.0,7600,3177200.0,13
2026-07-20,INE912L01015,ONELIFECAP,BE,36.7,37.99,35.1,36.17,36.35,36.88,23276,829246.55,135
2026-07-20,INE12F801023,KISSHT,EQ,309.0,320.75,308.3,316.7,315.05,310.65,833481,262835336.65,14156
2026-07-20,INE013P01021,ONESOURCE,EQ,1664.0,1720.0,1638.2,1693.9,1685.0,1653.2,372698,629841158.0,25226
2026-07-20,INE831A01028,ONIDA,BE,39.19,40.0,38.0,39.02,39.75,39.19,217922,8426463.9,795
2026-07-20,INE809I01019,ONMOBILE,BE,63.8,63.98,59.95,60.68,60.4,62.71,155314,9532682.97,931
2026-07-20,INE229A01017,ONWARDTEC,EQ,280.35,282.9,269.35,273.35,274.2,285.8,146338,40011787.7,3553
2026-07-20,INE0WVU01018,ONYX,ST,38.0,38.0,38.0,38.0,38.0,37.6,2000,76000.0,1
2026-07-20,INE350C01017,OPTIEMUS,EQ,585.0,617.95,582.7,607.0,608.8,588.95,465420,280908168.9,17905
2026-07-20,INE15B101011,OPTIVALUE,SM,89.45,92.0,89.45,90.0,90.0,89.4,16000,1457360.0,10
2026-07-20,INE881D01027,OFSS,EQ,11800.0,11979.0,11544.0,11620.0,11606.0,11771.0,395465,4613887004.0,44688
2026-07-20,INE231G01010,ORBTEXP,BE,222.9,228.99,220.0,220.31,220.3,220.71,3497,776399.89,84
2026-07-20,INE215B01022,ORCHASP,EQ,1.74,1.74,1.64,1.66,1.67,1.71,212379,356707.5,242
2026-07-20,INE191A01027,ORCHPHARMA,EQ,1049.0,1066.5,1042.4,1046.6,1047.0,1041.35,56310,59416603.6,6613
2026-07-20,INE0OUT01019,ORIANA,SM,1460.7,1460.7,1431.05,1440.05,1440.75,1468.4,33600,48446377.5,376
2026-07-20,INE730A01022,ORICONENT,EQ,59.66,60.1,58.36,58.75,59.0,59.95,26462,1564091.53,336
2026-07-20,INE607D01018,ORIENTBELL,EQ,313.05,318.7,308.2,311.75,308.2,311.3,4008,1257335.0,178
2026-07-20,INE876N01018,ORIENTCEM,EQ,138.0,139.99,136.4,138.64,139.09,137.45,348272,48100247.5,3705
2026-07-20,INE569C01020,ORIENTCER,EQ,40.7,41.79,40.64,41.63,41.79,41.08,21628,895622.17,184
2026-07-20,INE142Z01019,ORIENTELEC,EQ,172.35,174.79,170.81,173.42,173.48,172.88,57878,10027961.7,1899
2026-07-20,INE999K01014,GREENPOWER,EQ,9.95,10.3,9.95,10.2,10.21,9.95,3606777,36576490.87,4094
2026-07-20,INE750A01020,ORIENTHOT,EQ,125.1,148.8,125.1,143.68,140.4,126.61,9634175,1355045806.59,68499
2026-07-20,INE592A01026,ORIENTPPR,EQ,16.82,17.14,16.6,16.67,16.69,16.91,137042,2298618.2,630
2026-07-20,INE609C01024,ORIENTLTD,EQ,69.8,73.6,69.8,70.46,70.32,71.8,1744,123086.26,61
2026-07-20,INE0PPK01015,ORIENTTECH,EQ,278.0,278.0,265.0,267.41,267.0,276.88,246609,66410952.55,5826
2026-07-20,INE959C01023,OAL,EQ,353.95,358.95,345.0,350.85,350.2,358.75,12049,4220623.45,559
2026-07-20,INE998H01012,ORIENTALTL,EQ,5.45,5.5,5.4,5.42,5.42,5.44,65520,357611.66,186
2026-07-20,INE725E01024,ORISSAMINE,EQ,3708.0,3720.0,3668.1,3703.1,3696.0,3698.2,2551,9435193.9,718
2026-07-20,INE16NZ01023,ORKLAINDIA,EQ,584.0,589.45,580.4,585.95,582.15,586.05,23917,14001502.1,3004
2026-07-20,INE849L01019,ORTEL,BZ,1.82,1.82,1.72,1.8,1.8,1.81,2866,4999.74,30
2026-07-20,INE749B01020,ORTINGLOBE,BE,15.11,15.78,15.0,15.17,15.2,15.51,9677,147761.55,155
2026-07-20,INE0RMF01018,OSELDEVICE,SM,452.0,455.0,440.0,442.95,441.1,448.65,12000,5323210.0,54
2026-07-20,INE06IR01021,OSIAHYPER,BE,2.96,3.12,2.9,2.98,2.99,3.02,380119,1126985.38,458
2026-07-20,INE142A01012,OSWALAGRO,BE,39.05,40.33,39.05,39.3,39.15,39.81,11221,442046.04,140
2026-07-20,INE143A01010,OSWALGREEN,EQ,21.67,21.79,21.35,21.58,21.43,21.62,79856,1721332.81,677
2026-07-20,INE0BYP01024,OSWALPUMPS,EQ,398.0,398.0,386.4,389.6,389.95,398.85,312825,122080358.0,7287
2026-07-20,INE0R8M01017,OWAIS,ST,100.75,102.9,96.95,98.3,97.2,100.7,11200,1104425.0,81
2026-07-20,INE953R01016,PNGJL,EQ,588.8,596.2,585.0,590.1,592.5,591.75,93876,55395621.7,4399
2026-07-20,INE179A01014,PGHH,EQ,8730.0,8742.5,8680.0,8723.5,8710.0,8720.5,9258,80587733.0,2046
2026-07-20,INE0S3G01027,PACEDIGITK,EQ,200.1,205.94,195.0,202.43,203.0,201.98,1069870,217971575.34,12393
2026-07-20,INE761H01022,PAGEIND,EQ,40080.0,40380.0,39700.0,40325.0,40350.0,39900.0,15805,635496325.0,8152
2026-07-20,INE420C01059,PAISALO,EQ,72.0,72.8,67.31,71.41,70.86,71.75,27003541,1910438784.89,59809
2026-07-20,INE551D01018,PAKKA,EQ,71.1,72.7,70.0,71.9,72.0,70.05,25016,1779849.65,425
2026-07-20,INE471W01019,PALASHSECU,EQ,90.11,93.7,88.2,89.32,90.99,90.49,3814,344448.91,111
2026-07-20,INE218G01033,PALREDTEC,BE,48.55,48.55,48.55,48.55,48.55,49.54,175,8496.25,13
2026-07-20,INE922B01023,PANACEABIO,EQ,552.0,553.0,538.85,548.85,551.95,548.85,110968,60657651.2,3625
2026-07-20,INE895W01019,PANACHE,BE,431.0,449.8,411.35,431.25,431.0,431.0,23282,10031832.3,179
2026-07-20,INE305C01029,PANAMAPET,EQ,418.0,459.0,417.1,453.3,453.8,418.05,689555,310885937.75,17087
2026-07-20,INE697V01011,PANSARI,EQ,362.15,362.15,350.1,356.6,356.0,360.65,2812,998214.2,149
2026-07-20,INE04LG01015,PAR,EQ,104.92,106.99,101.01,102.57,102.0,104.93,30130,3111652.28,925
2026-07-20,INE088F01024,PARADEEP,EQ,140.0,141.0,137.8,138.23,138.4,140.26,1959428,272624862.08,19437
2026-07-20,INE883N01014,PARAGMILK,EQ,223.29,227.01,222.3,225.23,225.5,223.73,270610,60776993.37,3351
2026-07-20,INE0S2W01018,PARAMATRIX,SM,58.0,58.0,58.0,58.0,58.0,61.9,1200,69600.0,1
2026-07-20,INE074B01023,PARACABLES,EQ,64.0,65.4,63.02,64.85,65.11,64.35,1172535,75169538.8,6657
2026-07-20,INE045601023,PARAS,EQ,1175.0,1215.0,1169.7,1206.6,1208.0,1176.3,1333449,1593839223.6,44343
2026-07-20,INE162C01024,PARASPETRO,EQ,2.08,2.08,2.0,2.0,2.01,2.03,79818,160382.94,223
2026-07-20,INE00U801010,PARIN,SM,715.45,732.0,709.0,730.0,728.05,711.9,11250,8053412.5,12
2026-07-20,INE119201023,PARKHOSPS,EQ,279.15,287.0,274.45,279.0,281.0,273.95,1448491,408123769.05,18041
2026-07-20,INE988S01028,PARKHOTELS,EQ,125.0,126.79,124.61,125.78,126.11,125.9,62333,7836004.31,1282
2026-07-20,INE561H01026,PARSVNATH,BE,2.1,2.1,2.1,2.1,2.1,2.14,123968,260332.8,159
2026-07-20,INE1H7V01011,PARTH,SM,439.0,445.0,437.0,444.95,445.0,422.6,32400,14379520.0,67
2026-07-20,INE06ZX01015,PARTYCRUS,SM,87.0,87.0,87.0,87.0,87.0,87.0,1000,87000.0,1
2026-07-20,INE124Y01028,PASHUPATI,EQ,89.6,89.6,85.85,87.22,87.0,88.45,27009,2360431.35,1829
2026-07-20,INE818B01023,PASUPTAC,BE,57.95,60.38,57.4,58.89,58.95,58.55,24403,1431108.3,216
2026-07-20,INE619A01035,PATANJALI,EQ,339.9,342.6,335.05,339.2,338.5,337.7,6763591,2295070400.3,53346
2026-07-20,INE244B01030,PATELENG,EQ,29.9,30.55,29.74,30.15,30.12,29.59,3614930,108682176.46,9301
2026-07-20,INE529D01014,PATINTLOG,BE,14.3,14.9,14.0,14.62,14.88,14.39,106658,1540456.72,293
2026-07-20,INE0R8B01010,PATELRMART,EQ,219.9,220.9,215.0,215.26,215.0,217.93,33967,7373193.3,1046
2026-07-20,INE17GV01016,PATILAUTOM,ST,191.0,195.0,189.0,190.0,190.0,195.0,35400,6788220.0,42
2026-07-20,INE291E01019,PML,EQ,488.7,488.7,476.4,479.65,478.1,488.7,1348,647312.5,39
2026-07-20,INE111F01024,PAUSHAKLTD,EQ,563.0,575.95,545.0,565.75,569.0,551.15,18964,10668120.8,1343
2026-07-20,INE07S101038,PAVNAIND,EQ,17.5,17.5,16.61,16.87,16.95,16.9,59002,1006743.38,246
2026-07-20,INE417T01026,POLICYBZR,EQ,1576.0,1593.2,1566.6,1584.6,1583.9,1574.0,696667,1101350125.3,27599
2026-07-20,INE785M01021,PCJEWELLER,EQ,9.75,10.27,9.63,9.84,9.85,9.7,376893054,3763271093.75,260452
2026-07-20,INE602A01031,PCBL,EQ,318.6,334.25,318.6,325.55,325.2,320.8,3035462,999962592.05,47346
2026-07-20,INE111Q01021,PDSL,EQ,360.25,368.0,358.0,364.35,363.0,361.85,162637,59259159.4,11803
2026-07-20,INE940H01022,PGIL,EQ,2037.0,2144.2,2013.1,2094.7,2102.0,2041.3,196034,407997980.0,22382
2026-07-20,INE844A01013,PEARLPOLY,BE,17.87,17.87,16.76,17.56,17.58,17.46,4905,86124.82,21
2026-07-20,INE0VG601013,PELATRO,SM,267.75,268.0,255.0,259.15,260.0,255.0,2700,706995.0,7
2026-07-20,INE138A01028,PENINLAND,BE,17.42,17.47,17.42,17.42,17.42,17.77,7629,132897.23,33
2026-07-20,INE932A01024,PENIND,EQ,166.01,170.77,165.98,169.16,168.51,167.5,166493,28064929.64,3127
2026-07-20,INE0ORS01017,PENTAGON,SM,53.1,53.9,53.1,53.9,53.9,53.1,3000,160100.0,3
2026-07-20,INE925S01012,PERFECT,SZ,2.8,2.8,2.8,2.8,2.8,2.9,3000,8400.0,1
2026-07-20,INE262H01021,PERSISTENT,EQ,5183.9,5238.0,5166.0,5188.7,5187.4,5183.9,367933,1911624511.8,31562
2026-07-20,INE998U01015,PCCL,SM,259.2,260.0,254.0,257.95,257.95,258.95,5200,1334020.0,12
2026-07-20,INE347G01014,PETRONET,EQ,273.0,277.0,271.0,275.05,274.1,273.8,2056164,564773359.15,39519
2026-07-20,INE134E07DP0,7PFCL31,N3,995.0,995.0,995.0,995.0,995.0,995.0,55,54725.0,4
2026-07-20,INE134E07DO3,720PFCL36,N6,825.0,900.0,825.0,900.0,900.0,1020.95,12,10350.0,2
2026-07-20,INE134E07DU0,730PFCL41,NC,984.1,984.1,984.1,984.1,984.1,984.1,1,984.1,1
2026-07-20,INE182A01018,PFIZER,EQ,4545.0,4590.0,4545.0,4577.9,4574.0,4566.9,9994,45681685.0,3028
2026-07-20,INE140A07740,905PFL26,N1,1139.0,1139.0,1139.0,1139.0,1139.0,1052.5,800,911200.0,1
2026-07-20,INE457L01029,PGEL,EQ,611.7,625.9,606.25,620.9,624.0,617.65,1867048,1151496883.8,29691
2026-07-20,INE0MLZ01019,PHANTOMFX,SM,181.25,188.0,179.25,183.95,188.0,181.25,14700,2686815.0,35
2026-07-20,INE0FPO01018,PHOGLOBAL,SM,15.55,15.7,15.25,15.45,15.45,15.95,30000,463700.0,14
2026-07-20,INE0LP301011,PWL,EQ,136.05,137.3,132.01,133.03,133.99,136.05,4356588,585644355.63,27234
2026-07-20,INE603J01030,PIIND,EQ,2632.0,2682.9,2628.0,2657.4,2662.2,2623.8,159266,424260390.6,14854
2026-07-20,INE546C01010,PICCADIL,EQ,732.1,756.45,729.9,751.6,750.0,729.55,364199,271977333.1,14321
2026-07-20,INE0YAL01017,PPSL,ST,2.2,2.3,2.1,2.3,2.3,2.2,444000,952350.0,55
2026-07-20,INE318A01026,PIDILITIND,EQ,1560.0,1576.9,1555.1,1565.8,1569.9,1566.1,848188,1327251196.0,24335
2026-07-20,INE600A01035,PILITA,BE,8.66,9.17,8.65,8.99,9.0,8.9,118342,1061163.51,157
2026-07-20,INE417C01014,PILANIINVS,EQ,4397.6,4399.8,4353.7,4368.5,4375.0,4385.6,923,4029369.2,136
2026-07-20,INE15B701018,PINELABS,EQ,153.49,153.64,149.3,149.74,149.7,153.17,5956769,896821908.7,39374
2026-07-20,INE156C01018,PIONEEREMB,EQ,23.0,23.39,22.26,23.2,22.6,22.6,3729,85023.06,53
2026-07-20,INE746D01014,PIONRINV,EQ,99.01,100.75,93.02,99.02,97.51,100.32,31112,3035841.6,729
2026-07-20,INE202B01038,PIRAMALFIN,EQ,2144.5,2174.3,2112.8,2157.6,2158.0,2144.3,275028,590458600.4,23118
2026-07-20,INE0DK501011,PPLPHARMA,EQ,180.0,182.0,175.1,178.87,179.35,179.42,4197930,747906279.34,34452
2026-07-20,INE450D01021,PITTIENG,EQ,943.65,947.0,926.1,933.55,929.1,943.65,18753,17560547.15,1781
2026-07-20,INE751B01018,PIXTRANS,EQ,1795.0,1876.9,1771.9,1857.3,1860.0,1798.0,18543,33752262.0,3392
2026-07-20,INE0PXD01014,PLADAINFO,SM,11.45,11.45,11.45,11.45,11.45,10.95,3000,34350.0,1
2026-07-20,INE083C01022,PLASTIBLEN,EQ,200.8,203.5,197.23,199.86,199.86,198.57,103179,20662373.5,1921
2026-07-20,INE0PT501018,PLATIND,EQ,225.7,229.9,225.7,228.92,229.2,229.36,18153,4136182.47,614
2026-07-20,INE0INJ01017,PLAZACABLE,BE,43.29,43.7,41.8,43.14,42.75,42.58,6879,295525.97,121
2026-07-20,INE859A01011,PNBGILTS,EQ,87.8,88.44,86.0,86.86,86.5,87.84,547722,47535480.83,4717
2026-07-20,INE572E01012,PNBHOUSING,EQ,1101.8,1107.1,1088.2,1098.4,1098.8,1099.8,653245,717100863.5,32134
2026-07-20,INE195J01029,PNCINFRA,EQ,247.0,248.39,241.84,246.78,245.56,245.27,355467,87308898.35,10030
2026-07-20,INE1RDG01013,PNGSREVA,EQ,398.1,426.1,394.55,401.15,405.2,398.1,101290,41409969.35,3523
2026-07-20,INE371C01013,PODDARMENT,EQ,231.99,256.6,230.0,251.1,256.0,225.52,35698,8754463.22,761
2026-07-20,INE637C01025,POKARNA,EQ,958.6,982.9,958.6,971.3,975.0,967.3,32629,31694913.4,3809
2026-07-20,INE205C01021,POLYMED,EQ,1670.0,1730.4,1663.2,1720.9,1710.1,1680.5,101148,172257195.1,12070
2026-07-20,INE455K01017,POLYCAB,EQ,8847.0,8937.5,8791.0,8885.0,8890.0,8862.0,262460,2330737827.0,34076
2026-07-20,INE633B01018,POLYPLEX,EQ,1067.5,1100.0,1067.5,1075.35,1080.0,1077.55,81453,88610944.4,7725
2026-07-20,INE517M01028,POLYSIL,SM,122.0,123.0,116.65,120.45,123.0,127.0,10000,1197275.0,17
2026-07-20,INE063E01053,POCL,EQ,1368.0,1415.0,1368.0,1401.8,1410.0,1368.0,236152,330164067.7,14867
2026-07-20,INE838E01017,PONNIERODE,EQ,328.75,328.75,323.0,324.45,326.3,325.45,2301,748778.85,207
2026-07-20,INE511C01022,POONAWALLA,EQ,489.0,489.0,457.6,467.25,466.55,477.3,5963064,2808384591.5,111492
2026-07-20,INE772T01024,PVSL,EQ,99.9,109.29,98.96,105.72,104.3,97.11,795628,84122787.82,7938
2026-07-20,INE0S3H01017,POSITRON,ST,180.5,182.0,172.35,172.35,172.35,181.15,2700,483465.0,9
2026-07-20,INE134E01011,PFC,EQ,403.25,415.0,401.45,413.85,413.6,404.85,4574238,1880403790.7,45555
2026-07-20,INE752E01010,POWERGRID,EQ,284.7,289.55,283.35,288.7,289.25,283.55,11380170,3270273656.3,74653
2026-07-20,INE557Z01018,PIGL,EQ,110.31,112.23,110.1,111.16,111.9,111.4,30670,3412015.59,639
2026-07-20,INE211R01019,POWERMECH,EQ,2548.9,2576.9,2516.6,2568.5,2568.9,2554.7,23743,60774381.6,5886
2026-07-20,INE0GGX23010,PGINVIT,IV,97.25,98.8,97.16,98.52,98.5,97.16,1687554,165634554.47,8702
2026-07-20,INE921L01032,POWERICA,EQ,570.0,574.55,561.75,567.15,566.5,572.65,135151,76723092.0,5476
2026-07-20,INE095I01015,PPAP,BE,285.1,298.5,282.1,288.49,289.0,296.52,35870,10387966.6,726
2026-07-20,INE0I0M01023,PRABHA,EQ,147.22,150.34,144.5,145.3,145.05,147.15,24297,3535526.3,313
2026-07-20,INE770A01010,PRADPME,BE,566.0,566.0,528.0,539.5,532.0,546.7,4276,2308352.75,137
2026-07-20,INE074A01025,PRAJIND,EQ,346.95,347.0,336.5,337.6,337.8,346.95,508000,172350042.45,20425
2026-07-20,INE505C01016,PRAENG,EQ,20.49,20.5,19.51,20.28,20.5,19.79,19912,399364.21,100
2026-07-20,INE603A01013,PRAKASH,EQ,124.06,126.3,123.92,124.31,124.35,124.05,161360,20138562.27,2226
2026-07-20,INE050001010,PPL,BE,254.8,265.0,250.1,255.25,261.95,255.9,24713,6326595.8,455
2026-07-20,INE696K01024,PRAKASHSTL,EQ,4.07,4.13,4.01,4.04,4.06,4.09,104938,424449.51,280
2026-07-20,INE0O7A01017,PRAMARA,SM,136.25,136.25,132.95,135.3,136.0,136.5,13500,1827525.0,13
2026-07-20,INE0VJG01014,PRANIK,SM,44.0,44.0,44.0,44.0,44.0,44.0,1600,70400.0,1
2026-07-20,INE393P01035,DIAMONDYD,EQ,1176.9,1182.9,1147.5,1155.7,1149.2,1176.9,11806,13775700.1,818
2026-07-20,INE0QA601016,PRATHAM,SM,115.0,117.8,111.15,116.9,117.8,115.2,4800,553840.0,12
2026-07-20,INE722B01019,PRAVEG,EQ,265.5,278.79,265.5,275.46,276.15,264.62,180511,49544808.25,5851
2026-07-20,INE546Y01022,PRAXIS,BE,7.3,7.7,7.23,7.37,7.4,7.56,91605,677867.63,70
2026-07-20,INE484I01029,PRECAM,EQ,142.0,144.0,140.4,142.04,141.45,141.54,59709,8499162.79,1662
2026-07-20,INE372C01037,PRECWIRE,EQ,359.75,372.55,356.45,364.9,367.9,361.65,150852,55250521.3,8915
2026-07-20,INE283A01014,PRECOT,EQ,825.3,841.95,784.05,830.85,829.5,825.3,12788,10236535.95,582
2026-07-20,INE001E01012,PREMCO,EQ,381.0,381.0,368.0,371.15,379.0,370.6,428,160103.35,45
2026-07-20,INE0BS701011,PREMIERENE,EQ,1063.0,1096.2,1020.5,1086.4,1081.9,1086.2,2526545,2693107430.7,62008
2026-07-20,INE863B01029,PREMEXPLN,EQ,664.1,674.8,660.95,661.6,664.5,664.1,478958,317971405.9,6844
2026-07-20,INE342A01018,PREMIER,BE,2.85,2.99,2.85,2.88,2.88,2.94,5557,16011.34,40
2026-07-20,INE309M01020,PREMIERPOL,EQ,75.15,78.4,72.17,73.99,75.0,73.75,1384379,103884439.02,11121
2026-07-20,INE0CFG01012,PRLIND,SM,45.2,48.0,45.0,45.25,45.35,45.75,79000,3636650.0,68
2026-07-20,INE0R1601012,PRESSTONIC,SM,26.75,26.75,25.05,25.5,26.0,26.35,30400,781400.0,34
2026-07-20,INE811K01011,PRESTIGE,EQ,1690.7,1691.4,1660.0,1669.1,1668.0,1693.0,371030,620536695.1,20171
2026-07-20,INE726V01018,PRICOLLTD,EQ,615.0,616.95,605.05,613.6,613.8,615.3,196237,120163079.05,12859
2026-07-20,INE0CQA01020,PRIMECAB,ST,179.55,179.55,170.6,170.9,170.6,179.55,80000,13699120.0,47
2026-07-20,INE367G01038,PFOCUS,EQ,292.8,292.8,283.85,284.11,283.93,289.47,676888,194411787.48,5575
2026-07-20,INE032B01021,PRIMESECU,EQ,281.8,283.3,278.0,281.3,278.7,281.6,15972,4478899.6,568
2026-07-20,INE607A01022,PRIMO,EQ,23.01,23.49,22.96,23.4,23.2,23.35,98881,2294984.29,476
2026-07-20,INE689W01016,PRINCEPIPE,EQ,269.15,269.75,264.55,267.5,267.9,269.15,116375,31077167.05,3945
2026-07-20,INE010A01011,PRSMJOHNSN,EQ,109.86,111.0,108.5,109.76,110.0,109.85,90165,9868996.68,2616
2026-07-20,INE974Z01015,PRITI,BE,38.54,38.65,37.5,37.65,37.61,38.65,9094,343837.79,96
2026-07-20,INE583R01029,PRITIKAUTO,BE,17.6,18.4,17.6,17.99,18.38,18.29,100123,1803538.04,331
2026-07-20,INE392B01011,PNC,EQ,19.51,19.99,19.3,19.3,19.3,19.51,2757,54232.57,44
2026-07-20,INE959A01019,PRIVISCL,EQ,3667.0,3707.9,3644.2,3675.6,3676.2,3676.5,28124,103473629.9,5329
2026-07-20,INE0V9N01017,PRIZOR,ST,819.0,819.0,810.05,812.0,812.0,819.0,12400,10072700.0,28
2026-07-20,INE199A01012,PGHL,EQ,6762.0,6890.0,6762.0,6852.5,6833.5,6799.5,10023,68766482.5,4332
2026-07-20,INE0BX301013,PROSTARM,EQ,127.25,128.48,125.9,126.27,126.9,127.32,150541,19093701.73,1989
2026-07-20,INE004A01022,PROTEAN,EQ,579.0,590.0,575.45,585.7,587.15,581.9,111574,64975374.65,3992
2026-07-20,INE0ONE01016,PROV,SM,1749.2,1749.2,1699.0,1703.0,1710.0,1698.8,880,1508492.0,11
2026-07-20,INE195N01013,PROZONER,EQ,43.81,45.45,42.51,43.02,43.04,43.56,77891,3364196.08,844
2026-07-20,INE00F201020,PRUDENT,EQ,2948.0,2948.0,2821.8,2830.8,2829.0,2893.4,11670,33330157.4,3771
2026-07-20,INE024D01016,PRUDMOULI,BE,13.79,13.79,12.9,13.35,13.36,13.5,7042,94355.96,22
2026-07-20,INE488V01015,PSPPROJECT,EQ,1040.0,1086.7,1036.1,1072.3,1074.0,1046.3,76900,81930934.9,6843
2026-07-20,INE560K01014,PFS,EQ,29.85,30.09,29.42,29.99,30.09,29.79,478521,14261673.19,1894
2026-07-20,INE877F01012,PTC,EQ,169.08,173.95,168.74,172.99,173.3,169.08,515991,88725764.84,9083
2026-07-20,INE596F01018,PTCIL,EQ,17978.0,18078.0,17800.0,18030.0,18042.0,17941.0,10343,185814553.0,4186
2026-07-20,INE034D01049,PTL,EQ,39.58,39.89,39.5,39.57,39.68,39.59,35926,1422622.38,537
2026-07-20,INE865T01018,PDMJEPAPER,EQ,84.29,86.0,82.35,84.82,86.0,83.06,72957,6113676.47,911
2026-07-20,INE608A01012,PSB,EQ,25.15,25.22,24.61,24.84,24.82,24.77,4282569,106554959.56,10356
2026-07-20,INE277B01014,PUNJABCHEM,EQ,1163.6,1174.9,1135.0,1143.4,1135.0,1157.8,7884,9138004.2,1016
2026-07-20,INE160A01022,PNB,EQ,108.26,111.95,107.4,111.76,111.7,105.77,118992976,13170232181.0,275963
2026-07-20,INE323I01011,PURVA,EQ,222.0,222.0,219.0,219.73,220.1,222.26,96860,21321111.3,3146
2026-07-20,INE0P5R01014,PURPLEUTED,ST,391.15,395.5,388.95,388.95,388.95,409.4,16750,6542450.0,57
2026-07-20,INE154801018,PUSHPA,SM,119.0,119.9,116.9,118.35,116.9,118.1,63000,7464000.0,15
2026-07-20,INE362A01016,PVP,EQ,28.77,29.15,27.36,28.57,28.74,29.16,291454,8267086.06,1762
2026-07-20,INE191H01014,PVRINOX,EQ,1005.0,1024.0,998.0,1019.25,1017.0,999.25,300247,304874109.4,24543
2026-07-20,INE0MIS01010,PYRAMID,EQ,160.93,164.0,160.13,162.71,162.99,160.93,8767,1422243.08,425
2026-07-20,INE1G2W01011,QLINE,SM,537.0,546.5,525.0,531.4,535.4,537.85,78000,41802940.0,131
2026-07-20,INE0FMW01018,QMSMEDI,EQ,108.95,113.4,107.03,108.16,110.99,109.81,16689,1837245.18,1072
2026-07-20,INE0LRY01011,QUADFUTURE,EQ,406.7,411.8,398.7,408.25,407.7,405.0,181180,73462709.35,4920
2026-07-20,INE0SII01026,QPOWER,BE,1161.0,1163.0,1120.0,1139.0,1142.9,1163.0,92916,105992570.2,3164
2026-07-20,INF082J01408,QGOLDHALF,EQ,113.46,117.53,113.46,117.19,117.25,116.37,140562,16451913.09,1021
2026-07-20,INF082J01499,QNIFTY,EQ,267.72,267.72,265.9,266.7,266.7,267.72,6196,1652220.6,89
2026-07-20,INE615P01015,QUESS,EQ,290.95,297.7,290.0,294.95,295.0,290.95,185344,54643524.05,6679
2026-07-20,INE0TNW01017,QUESTLAB,SM,96.6,98.75,96.0,97.1,97.0,94.5,21600,2098620.0,18
2026-07-20,INE306L01010,QUICKHEAL,BE,164.79,164.79,157.6,161.03,162.0,162.87,39768,6444161.2,696
2026-07-20,INE0K4D01020,QUICKTOUCH,SM,24.05,24.15,23.05,23.15,23.15,24.15,4500,106525.0,7
2026-07-20,INE641R01017,QUINT,EQ,39.54,39.99,37.58,39.1,38.99,38.76,5037,191911.39,43
2026-07-20,INE033B01011,QUINTEGRA,BE,1.42,1.42,1.3,1.39,1.39,1.36,58437,79468.18,35
2026-07-20,INE0KZF01015,QVCEL,SM,23.6,24.25,23.0,24.25,24.25,24.2,11200,261520.0,7
2026-07-20,INE0NQ801033,RKSWAMY,EQ,102.27,102.42,99.0,101.0,100.8,102.27,423033,42861308.4,1664
2026-07-20,INE219Y01026,RMDRIP,EQ,19.0,19.47,18.54,18.97,19.0,18.94,1452044,27410855.18,2970
2026-07-20,INE951M01037,RRIL,EQ,17.6,17.6,17.01,17.18,17.29,17.14,6794,116659.76,59
2026-07-20,INE777K01022,RRKABEL,EQ,2295.9,2342.0,2246.3,2332.9,2332.0,2293.3,253035,582657216.5,22491
2026-07-20,INE616F01022,RSDFIN,EQ,83.97,88.94,82.74,88.38,83.25,81.93,1276,107332.97,18
2026-07-20,INE411H01032,RSYSTEMS,EQ,255.7,257.0,248.05,250.43,250.54,255.09,404913,102288069.29,6541
2026-07-20,INE012Q01039,RNBDENIMS,EQ,9.7,9.8,9.57,9.59,9.59,9.76,257152,2483777.69,677
2026-07-20,INE165B01029,RSSOFTWARE,BE,33.68,33.68,33.13,33.13,33.13,33.8,3116,103345.83,31
2026-07-20,INE324L01013,RPPINFRA,EQ,61.75,64.8,61.6,63.31,62.6,63.64,40927,2578611.58,593
2026-07-20,INE2PB023011,RIIT,IV,116.89,118.5,116.51,116.81,116.7,116.89,76353,8925480.53,5763
2026-07-20,INE084Q01012,RACE,EQ,109.0,111.25,109.0,109.91,111.19,109.88,4266,468589.69,60
2026-07-20,INE02OY01016,RILINFRA,SM,37.75,38.35,36.75,38.0,38.3,37.75,12800,481410.0,81
2026-07-20,INE704B01017,RACLGEAR,EQ,1341.1,1344.2,1315.0,1324.6,1324.0,1341.1,9389,12436883.9,1075
2026-07-20,INE874F01027,RADAAN,EQ,2.98,2.98,2.92,2.94,2.94,2.99,4932,14524.72,53
2026-07-20,INE583V01021,RADHIKAJWE,EQ,65.08,66.9,64.1,64.63,64.9,65.88,384672,25079728.75,3332
2026-07-20,INE855R01021,RADIANTCMS,EQ,38.06,38.7,37.4,37.87,38.58,38.06,112720,4260400.35,790
2026-07-20,INE944F01028,RADICO,EQ,4107.5,4193.0,4088.0,4132.4,4130.0,4097.9,574582,2381100652.9,47081
2026-07-20,INE430U01019,RADIOWALLA,ST,29.4,29.4,29.4,29.4,29.4,28.45,1600,47040.0,1
2026-07-20,INE912T01018,RPEL,EQ,1313.0,1313.8,1280.8,1283.1,1285.3,1313.8,31338,40431895.9,3861
2026-07-20,INE415G01027,RVNL,EQ,225.44,227.5,223.5,226.87,227.1,225.44,3555757,802661885.38,31858
2026-07-20,INE0DD101019,RAILTEL,EQ,297.0,297.85,293.55,294.7,295.95,298.0,440731,130093991.7,12804
2026-07-20,INE855B01025,RAIN,EQ,205.5,217.0,205.01,212.02,211.41,206.77,4363607,929830322.55,38349
2026-07-20,INE961O01016,RAINBOW,EQ,1493.4,1499.0,1475.0,1492.3,1489.0,1493.4,49692,74074180.7,9472
2026-07-20,INE294G01026,ROML,EQ,44.42,45.74,44.15,45.02,45.0,44.42,6034,271346.36,56
2026-07-20,INE533D01032,RAJRILTD,BE,21.8,21.8,21.13,21.4,21.4,21.54,4036,85778.44,63
2026-07-20,INE952H01027,RAJTV,EQ,11.99,12.05,11.71,11.98,12.0,11.92,16543,197578.28,106
2026-07-20,INE296E01026,RAJPALAYAM,EQ,825.0,839.0,821.7,825.0,825.0,839.9,101,83636.25,19
2026-07-20,INE610C01014,ARENTERP,EQ,36.99,37.0,34.22,34.74,34.27,37.24,951,33847.7,66
2026-07-20,INE343B01030,RAJESHEXPO,BZ,85.0,87.9,84.0,87.42,87.25,85.97,103094,8923912.02,1977
2026-07-20,INE0BZQ01011,RCDL,SM,25.1,25.1,25.1,25.1,25.1,26.6,6000,150600.0,2
2026-07-20,INE00KV01022,RAJMET,EQ,3.36,3.47,3.3,3.34,3.35,3.37,197282,662181.12,653
2026-07-20,INE535F01024,RAJOOENG,BE,50.19,51.85,49.5,51.06,51.48,50.19,212993,10774200.01,650
2026-07-20,INE0VHU01019,RAJPUTANA,SM,193.05,193.05,192.55,192.55,192.55,192.55,1500,289300.0,3
2026-07-20,INE0PCU01012,RAJINDLTD,SM,88.0,89.1,80.0,83.8,83.8,83.8,25500,2126025.0,16
2026-07-20,INE313L01016,RSL,EQ,128.5,128.88,125.79,128.02,128.49,128.66,82692,10566911.49,1044
2026-07-20,INE451D01029,RAJRATAN,EQ,483.0,495.0,476.0,483.6,485.3,485.85,96740,46805462.8,3915
2026-07-20,INE760W01023,RPPL,EQ,22.69,22.69,21.5,22.04,22.05,22.26,50016,1088030.97,468
2026-07-20,INE562B01019,RAJSREESUG,EQ,32.6,33.3,31.8,32.92,32.85,32.03,57580,1872777.0,421
2026-07-20,INE011H01014,RAJVIR,BZ,6.23,6.31,6.23,6.23,6.23,6.55,2478,15455.55,12
2026-07-20,INE613A01020,RALLIS,EQ,240.0,241.34,233.1,239.87,240.0,233.94,3268352,779208227.17,49366
2026-07-20,INE207E01023,RAMRAT,EQ,410.75,428.1,406.05,425.7,425.2,410.75,193832,81761797.1,5157
2026-07-20,INE809A01032,RAMAPHO,EQ,122.09,125.07,121.81,124.22,123.28,122.61,8200,1015345.42,251
2026-07-20,INE230R01035,RAMASTEEL,BE,4.27,4.34,4.27,4.3,4.32,4.33,1564577,6727412.93,3577
2026-07-20,INE14W901010,RTL,SM,80.0,80.0,80.0,80.0,80.0,82.8,60000,4800000.0,17
2026-07-20,INE614A01028,RAMCOIND,EQ,353.0,357.55,348.1,354.35,354.95,353.45,110435,38953349.05,4342
2026-07-20,INE246B01019,RAMCOSYS,EQ,783.0,819.95,781.25,803.6,806.0,789.05,977938,784194106.9,26324
2026-07-20,INE0RJH01010,RBS,ST,76.1,76.1,74.0,74.0,74.0,76.15,10400,777960.0,9
2026-07-20,INE399G01023,RKFORGE,EQ,566.9,568.6,553.25,562.15,562.5,568.25,937352,524715721.4,20801
2026-07-20,INE874I01013,RAMKY,EQ,384.05,388.85,381.0,384.85,383.05,384.05,45613,17523717.35,1180
2026-07-20,INE625B01014,RANASUG,EQ,11.91,11.98,11.73,11.87,11.86,11.87,99936,1187135.66,310
2026-07-20,INE050H01012,RML,EQ,1179.2,1196.7,1167.6,1178.0,1175.9,1179.2,12320,14525730.7,1783
2026-07-20,INE384A01010,RANEHOLDIN,EQ,1718.0,1757.9,1715.0,1744.9,1741.5,1729.2,7026,12194990.8,1129
2026-07-20,INE0MVO01012,RAPPID,SM,353.95,375.0,353.95,372.85,371.0,348.4,28800,10684620.0,43
2026-07-20,INE0J1F01024,RPTECH,EQ,734.45,777.0,732.1,756.7,752.0,734.45,280947,211609438.9,11164
2026-07-20,INE027A01015,RCF,EQ,127.83,127.83,126.15,127.23,127.3,127.83,671589,85351765.45,8844
2026-07-20,INE0CLI01024,RATEGAIN,EQ,944.9,969.45,936.0,948.45,949.0,950.7,248897,236221435.9,18552
2026-07-20,INE703B01027,RATNAMANI,EQ,2585.0,2616.5,2544.1,2552.5,2565.0,2582.8,22394,57312267.3,5175
2026-07-20,INE05CZ01011,RATNAVEER,EQ,180.0,184.5,177.39,180.25,179.0,180.66,3290397,595186973.22,17369
2026-07-20,INE834M01019,RTNINDIA,EQ,31.8,32.31,31.6,32.08,32.0,31.8,658528,21097468.47,3687
2026-07-20,INE399K01017,RTNPOWER,EQ,8.72,8.82,8.6,8.77,8.8,8.71,10929469,95309818.17,13916
2026-07-20,INE722J01012,RKDL,EQ,19.0,19.38,18.63,19.26,19.3,18.9,4109,77722.52,97
2026-07-20,INE09E501017,RVHL,EQ,46.5,46.5,44.7,45.51,45.7,45.15,7676,347827.0,513
2026-07-20,INE206N01018,RELTD,EQ,177.7,178.75,174.5,175.86,176.0,177.56,364047,64477880.93,8892
2026-07-20,INE02ID01020,RAYMONDLSL,EQ,724.3,731.0,721.0,726.6,727.95,724.3,39532,28682612.5,2037
2026-07-20,INE301A01014,RAYMOND,EQ,607.2,617.2,601.05,612.85,615.0,604.75,615151,373891257.15,11508
2026-07-20,INE1SY401010,RAYMONDREL,EQ,684.0,708.9,678.1,703.5,703.6,683.3,324266,224480117.4,11037
2026-07-20,INE976G01028,RBLBANK,EQ,360.55,373.75,358.6,368.45,368.8,368.1,11000604,4044360065.65,78048
2026-07-20,INE0NA301016,RBMINFRA,SM,260.4,263.95,257.0,258.25,259.0,260.4,15000,3893760.0,57
2026-07-20,INE0PEQ01016,RBZJEWEL,EQ,152.0,153.38,146.0,146.6,146.0,150.74,68862,10271417.44,1703
2026-07-20,INE10QL01011,READYMIX,SM,105.8,105.8,103.3,104.45,104.45,103.35,15000,1568700.0,12
2026-07-20,INE020B01018,RECLTD,EQ,353.0,364.7,352.0,363.5,362.05,355.1,6786498,2449247702.0,55826
2026-07-20,INE891D01026,REDINGTON,EQ,273.9,276.9,268.9,269.5,269.75,275.05,1055341,286570381.75,17562
2026-07-20,INE0LXT01019,REDTAPE,EQ,134.04,134.74,132.11,132.57,132.85,134.04,330066,43960309.93,5059
2026-07-20,INE056I01025,REFEX,EQ,306.8,314.3,301.0,311.55,312.65,306.8,472231,145425448.9,8904
2026-07-20,INE0TNX01015,REFRACTORY,SM,26.5,28.6,25.9,26.85,26.95,27.25,20000,539650.0,16
2026-07-20,INE0MHO01029,REGAAL,BE,79.22,80.44,77.95,78.34,78.0,79.22,78697,6161826.8,399
2026-07-20,INE277C01012,REGENCERAM,EQ,38.39,40.0,35.51,36.09,35.54,37.12,19873,725629.53,147
2026-07-20,INE131B01039,RELAXO,EQ,448.3,454.7,421.2,437.05,439.8,439.95,11061459,4825947585.15,156151
2026-07-20,INF204KC1030,GILT5YBEES,EQ,65.58,66.04,65.58,65.86,65.9,65.9,143619,9455302.02,533
2026-07-20,INE375Y01018,RELIABLE,EQ,150.41,150.41,147.07,148.33,150.0,148.9,1961,290313.63,93
2026-07-20,INE750D01016,RELCHEMQ,EQ,134.9,134.9,128.28,130.0,128.28,130.59,6765,887867.64,162
2026-07-20,INE330H01018,RCOM,BE,0.86,0.87,0.85,0.85,0.85,0.86,2659228,2272065.84,1988
2026-07-20,INE217K01011,RHFL,BZ,1.99,2.06,1.96,1.99,2.02,2.01,583265,1178426.25,806
2026-07-20,INE046A01015,RIIL,EQ,779.9,787.85,774.0,780.9,781.0,779.15,34896,27206008.5,1953
2026-07-20,INE002A01018,RELIANCE,EQ,1317.2,1345.9,1314.9,1323.1,1321.9,1327.2,14305844,19029041193.9,221661
2026-07-20,INE036A01016,RELINFRA,BE,63.12,67.88,63.12,63.19,63.12,66.44,2332100,148425646.17,5030
2026-07-20,INE614G01033,RPOWER,EQ,24.3,24.58,24.13,24.32,24.38,24.44,16576667,403426652.55,24025
2026-07-20,INE621H01010,RELIGARE,EQ,256.25,259.1,252.2,257.0,257.85,256.3,1782024,454284952.85,15680
2026-07-20,INE474C01023,REMSONSIND,EQ,79.0,82.0,78.22,81.24,81.2,78.22,144908,11648383.95,2172
2026-07-20,INE0O5T01011,REMUS,SM,714.05,732.7,713.0,718.75,718.1,734.1,1200,862830.0,12
2026-07-20,INE722H01024,RGL,EQ,118.58,121.0,118.58,119.82,119.31,120.5,124832,14967496.71,1346
2026-07-20,INE0VZX01015,RNPL,SM,78.0,78.0,78.0,78.0,78.0,77.25,1200,93600.0,1
2026-07-20,INE612J01015,REPCOHOME,EQ,401.15,407.9,394.5,405.3,407.9,401.15,84899,34091009.45,3225
2026-07-20,INE461B01014,REPRO,EQ,374.95,375.95,370.95,372.55,370.95,370.35,2525,943587.5,180
2026-07-20,INE688D01026,RESPONIND,EQ,232.9,240.9,187.35,192.77,189.25,220.6,16439333,3579619818.78,150668
2026-07-20,INE07T201019,RBA,EQ,66.72,67.99,66.33,66.75,67.4,66.48,3367295,225287595.18,10344
2026-07-20,INE0DAB01012,RVTH,EQ,703.05,714.9,666.0,698.0,692.0,718.8,817,569232.0,75
2026-07-20,INE0V2V01015,RFBL,ST,75.05,82.85,75.05,82.85,82.85,78.95,12000,970650.0,4
2026-07-20,INE0KKN01029,RHETAN,EQ,27.86,28.9,27.19,28.48,28.41,28.04,7741971,217048153.82,9486
2026-07-20,INE743M01012,RHIM,EQ,409.0,423.2,407.3,408.7,409.15,409.0,763489,317520473.05,19652
2026-07-20,INE0J1P01015,RICHA,ST,93.0,93.0,93.0,93.0,93.0,95.0,25000,2325000.0,14
2026-07-20,INE209B01025,RICOAUTO,EQ,126.99,140.4,125.6,138.36,138.8,127.47,6334090,857981922.68,55223
2026-07-20,INE302D01024,RIR,EQ,162.0,162.0,159.41,160.51,160.52,157.76,64158,10307489.01,1504
2026-07-20,INE0N2P01017,RISHABH,EQ,666.0,688.0,650.0,657.15,658.75,656.1,803709,535845956.8,38130
2026-07-20,INE01EG01016,RITCO,EQ,276.75,278.95,267.3,277.55,278.9,273.95,30844,8453259.9,914
2026-07-20,INE320J01015,RITES,EQ,216.0,220.53,216.0,219.94,220.2,218.09,520553,113717774.63,10253
2026-07-20,INE786W01010,RKEC,EQ,26.36,26.69,26.01,26.29,26.05,26.74,8391,220866.77,188
2026-07-20,INE655V01019,RMC,EQ,295.55,295.55,276.2,279.35,278.8,291.65,32551,9194242.4,1261
2026-07-20,INE0SA001017,RNFI,SM,250.0,250.0,246.7,247.6,247.6,250.0,16200,4031040.0,26
2026-07-20,INE508K01013,RHL,EQ,172.34,175.72,170.26,170.81,170.5,171.46,13468,2321340.29,201
2026-07-20,INE0PTR01012,ROCKINGDCE,SM,162.75,185.75,162.75,175.65,180.0,175.0,6250,1071262.5,21
2026-07-20,INE645S01024,ROLEXRINGS,EQ,157.1,158.65,154.1,155.25,155.3,157.89,885790,138901850.27,9942
2026-07-20,INE927A01040,ROLLT,BE,2.17,2.27,2.07,2.1,2.08,2.17,285332,611854.4,200
2026-07-20,INE02A801020,ROSSARI,EQ,514.55,528.65,514.55,518.55,516.75,531.45,71015,36991594.75,4669
2026-07-20,INE847C01020,ROSSELLIND,EQ,60.5,64.59,60.5,62.42,62.8,61.83,114915,7258449.5,1521
2026-07-20,INE0OJW01016,ROSSTECH,EQ,1000.0,1012.95,970.0,978.6,980.0,990.9,102652,101663413.05,6976
2026-07-20,INE535D01037,ROTO,EQ,65.0,70.0,64.6,69.27,70.0,65.05,1663655,113620137.08,9808
2026-07-20,INE450U01017,ROUTE,EQ,561.3,568.4,555.0,562.2,562.7,561.3,100237,56434301.65,3501
2026-07-20,INE0PDJ01013,ROXHITECH,ST,39.65,39.65,39.65,39.65,39.65,37.8,8000,317200.0,5
2026-07-20,INE283H01019,ROHLTD,EQ,322.0,322.6,310.35,318.05,318.0,321.35,45339,14339808.0,884
2026-07-20,INE105J01010,RPGLIFE,EQ,2854.5,3063.6,2822.9,3017.1,3030.0,2859.8,116123,348303279.8,16187
2026-07-20,INE425Y01011,RPSGVENT,EQ,889.2,930.45,885.55,908.8,914.8,895.3,37381,33988238.4,1746
2026-07-20,INE611A01016,RSWM,BE,212.1,216.0,209.0,212.35,212.2,212.68,40841,8756545.53,267
2026-07-20,INE642C01025,RUBFILA,EQ,75.95,75.95,72.06,72.98,72.3,73.67,11683,861785.98,341
2026-07-20,INE506V01022,RUBICON,EQ,1442.0,1525.0,1425.2,1511.8,1520.1,1439.6,350627,522807451.6,22382
2026-07-20,INE413B01023,RUCHINFRA,EQ,5.81,5.85,5.71,5.8,5.85,5.75,30452,176276.17,131
2026-07-20,INE803H01014,RUCHIRA,EQ,102.51,104.99,102.51,103.73,103.51,103.7,16966,1761469.42,482
2026-07-20,INE027T01023,RUDRA,BE,17.21,17.24,17.02,17.12,17.24,17.21,15868,272199.36,71
2026-07-20,INE364Z01019,REPL,BE,65.01,66.01,64.02,64.83,64.99,66.34,21914,1408784.35,46
2026-07-20,INE895B01021,RUPA,EQ,165.0,167.0,162.8,166.39,166.91,165.14,62121,10287060.44,2439
2026-07-20,INE573K01025,RUSHIL,EQ,15.25,16.49,15.24,16.16,16.0,15.33,861159,13683704.47,2893
2026-07-20,INE0BSN01013,SATECH,SM,32.7,34.75,32.7,34.25,34.7,33.5,15000,511600.0,14
2026-07-20,INE807K01035,SCHAND,EQ,147.62,150.25,146.47,148.94,148.0,149.33,27528,4082917.96,535
2026-07-20,INE0X6F01017,SDREAMS,SM,90.0,90.0,90.0,90.0,90.0,90.0,1000,90000.0,1
2026-07-20,INE500L01026,SHK,EQ,128.68,131.74,126.45,130.19,130.0,128.07,218018,28330396.04,3054
2026-07-20,INE0F3301020,SJLOGISTIC,SM,330.0,332.0,319.0,319.9,319.0,328.3,28750,9264512.5,90
2026-07-20,INE902B01017,S&SPOWER,EQ,329.0,333.5,310.0,318.3,315.15,317.7,3269,1073498.65,142
2026-07-20,INE212I01016,SPAL,EQ,980.0,1082.0,980.0,1057.1,1075.0,992.2,272929,285919599.5,19114
2026-07-20,INE658G01014,SALSTEEL,BE,51.55,53.4,51.26,52.17,52.25,53.12,57102,2974815.26,343
2026-07-20,INE0PSK01027,SAAKSHI,ST,299.95,299.95,290.0,294.55,290.15,293.35,3600,1064100.0,6
2026-07-20,INE13B501022,SAATVIKGL,EQ,469.5,478.8,458.4,463.95,464.5,466.4,207363,97100422.25,8035
2026-07-20,INE860T01019,SABEVENTS,EQ,7.51,8.28,7.51,7.93,8.22,7.89,48839,384776.95,92
2026-07-20,INE1ARD01016,SACHEEROME,SM,454.2,478.0,454.2,472.15,469.1,454.2,46500,21825060.0,121
2026-07-20,INE226H01026,SADBHAV,EQ,7.94,8.16,7.91,8.06,8.07,7.93,99773,803025.42,259
2026-07-20,INE764L01010,SADBHIN,BE,2.48,2.49,2.36,2.36,2.42,2.48,290806,691820.07,302
2026-07-20,INE888C01040,SADHNANIQ,BE,2.64,2.64,2.59,2.64,2.64,2.63,1078004,2818151.49,341
2026-07-20,INE0K5H01010,SADHAV,SM,114.45,115.0,113.55,113.85,113.85,117.9,5400,618060.0,9
2026-07-20,INE429E01023,SAFARI,EQ,1640.0,1661.5,1623.1,1636.9,1638.3,1640.5,11401,18731771.5,1995
2026-07-20,INE17D601016,SAFEENTP,SM,262.2,266.0,256.1,257.45,256.8,262.95,59500,15438925.0,56
2026-07-20,INE229C01021,SAGCEM,EQ,180.43,183.99,179.28,181.43,182.18,180.43,60101,10947531.88,1383
2026-07-20,INE976T01013,SAGARDEEP,EQ,24.5,24.5,23.35,23.79,23.76,24.02,3429,82534.06,56
2026-07-20,INE0W2G01015,SAGILITY,EQ,41.76,41.81,41.02,41.31,41.49,41.75,9957579,411867355.12,25694
2026-07-20,INE0P4701011,SAHAJSOLAR,SM,120.1,124.5,120.1,121.5,121.5,126.2,7200,884300.0,18
2026-07-20,INE0LEX01011,SAHANA,SM,919.55,930.0,914.0,927.9,915.0,919.55,11125,10289043.75,72
2026-07-20,INE0RBQ01018,SAHASRA,ST,325.6,325.6,325.6,325.6,325.6,319.25,22400,7293440.0,28
2026-07-20,INE280H01015,SAHYADRI,EQ,276.65,288.6,276.65,283.05,283.35,281.85,4421,1258336.65,121
2026-07-20,INE570L01029,SAILIFE,EQ,1278.0,1299.9,1270.0,1297.0,1296.0,1272.0,311355,402052868.1,25628
2026-07-20,INE0H9F01037,SAIPARENT,EQ,558.85,575.0,558.0,567.9,567.5,556.1,67492,38294332.45,3687
2026-07-20,INE438K01021,KALAMANDIR,EQ,92.02,92.68,90.78,91.28,91.3,91.97,571494,52384334.57,7482
2026-07-20,INE00MT01022,SAJHOTELS,SM,40.4,40.8,39.45,40.0,40.0,42.1,18000,724300.0,8
2026-07-20,INE732S01012,SAKAR,EQ,872.3,906.6,865.65,898.8,904.0,877.7,72908,65136015.9,5555
2026-07-20,INE667G01023,SAKSOFT,EQ,179.06,179.94,174.5,177.65,176.8,179.06,841143,148686723.51,8178
2026-07-20,INE623A01011,SAKHTISUG,EQ,17.1,17.1,16.82,16.89,16.92,17.0,54679,926039.24,259
2026-07-20,INE190H01024,SAKUMA,BE,1.73,1.75,1.68,1.69,1.68,1.73,479071,820547.36,791
2026-07-20,INE170V01027,SALASAR,EQ,6.02,6.04,5.88,5.99,6.03,6.03,5443834,32437802.76,4134
2026-07-20,INE498E01010,SALONA,EQ,255.95,255.95,249.1,255.9,255.9,254.7,4,1016.9,4
2026-07-20,INE457F01013,SALZERELEC,EQ,587.4,591.1,575.1,587.45,585.9,584.25,23666,13851813.1,2086
2026-07-20,INE699B01027,SAMBHAAV,EQ,6.11,6.29,6.04,6.11,6.11,6.11,10142,61869.96,64
2026-07-20,INE12NJ01018,SAMBHV,EQ,118.0,119.9,117.8,118.88,118.51,118.96,628471,74734917.84,2872
2026-07-20,INE0PZA01015,SAIFL,SM,5.2,5.25,5.1,5.1,5.1,5.15,180000,930800.0,40
2026-07-20,INE08U801020,SAMHI,EQ,164.0,164.36,161.56,163.14,163.65,165.1,689946,112328830.9,17882
2026-07-20,INE148I01020,SAMMAANCAP,EQ,163.0,164.85,162.85,163.75,163.84,163.62,6911100,1132558020.16,18969
2026-07-20,INE735M01018,SAMPANN,EQ,27.11,27.49,26.94,26.95,26.95,26.95,7548,204355.23,138
2026-07-20,INE775A01035,MOTHERSON,EQ,144.0,144.04,142.11,143.25,143.4,144.17,9919421,1417935292.03,50073
2026-07-20,INE0JPD01013,SANATHAN,EQ,437.8,447.8,437.8,443.8,444.0,442.25,19269,8545233.6,724
2026-07-20,INE583B01015,SANDESH,EQ,970.6,989.0,970.4,981.35,986.95,970.6,73,71417.65,24
2026-07-20,INE278H01035,SANDHAR,EQ,586.3,606.0,575.0,601.45,600.0,609.05,389900,230512428.85,16565
2026-07-20,INE149K01016,SANDUMA,EQ,195.9,198.7,192.21,193.84,194.25,195.9,892126,172979899.87,16191
2026-07-20,INE495C01010,SANGAMIND,EQ,654.95,672.5,615.15,621.1,622.0,636.95,721827,462815343.45,26138
2026-07-20,INE989A01032,SANGHVIMOV,EQ,418.3,438.1,417.65,436.65,436.9,421.2,229203,98980713.1,6438
2026-07-20,INE753W01010,SANGINITA,BE,56.96,56.96,56.96,56.96,56.96,55.85,33702,1919665.92,78
2026-07-20,INE0UOS01011,SANOFICONR,EQ,4658.0,4658.0,4520.0,4528.8,4520.0,4567.2,1662,7539341.2,710
2026-07-20,INE058A01010,SANOFI,EQ,3411.0,3421.2,3375.0,3391.8,3387.0,3414.2,10954,37146570.2,3010
2026-07-20,INE953O01021,SANSERA,EQ,3259.5,3457.5,3251.0,3335.2,3345.0,3218.8,545321,1832511254.1,47326
2026-07-20,INE08NE01025,SANSTAR,EQ,107.4,109.5,106.54,109.03,109.49,107.63,112728,12192377.08,2064
2026-07-20,INE890C01046,SANWARIA,BZ,0.22,0.22,0.2,0.21,0.21,0.21,875045,185830.94,210
2026-07-20,INE806T01020,SAPPHIRE,EQ,182.2,183.94,179.8,181.15,182.98,182.08,346279,62780261.53,7409
2026-07-20,INE0PUC01020,SARTELE,SM,124.0,124.0,120.05,121.45,121.0,123.5,25000,3045575.0,46
2026-07-20,INE967G01019,ZSARACOM,EQ,12798.5,12900.0,12408.5,12883.5,12900.0,12735.0,58,745431.0,30
2026-07-20,INE0PQ101010,SSDL,EQ,53.7,54.4,53.0,53.27,53.15,53.62,18965,1019730.53,579
2026-07-20,INE385C01021,SARDAEN,EQ,498.25,509.0,496.0,502.25,504.8,499.5,166394,83780907.0,8877
2026-07-20,INE979A01025,SAREGAMA,EQ,493.0,518.55,491.35,514.15,511.85,494.85,2403122,1228219046.1,58250
2026-07-20,INE453D01025,SARLAPOLY,EQ,100.0,100.98,98.0,99.87,100.0,100.18,41291,4116220.64,1332
2026-07-20,INE0PCL01011,SAROJA,SM,30.0,30.0,29.85,30.0,30.0,28.6,6400,191760.0,4
2026-07-20,INE017W01010,SMLT,EQ,67.85,67.85,66.0,66.57,67.25,66.86,3455,230287.98,85
2026-07-20,INE324X01026,SARVESHWAR,BE,3.49,3.5,3.41,3.46,3.49,3.5,549466,1900968.42,1242
2026-07-20,INE231F01020,SASKEN,EQ,1901.0,1965.0,1899.5,1907.0,1902.0,1886.2,26033,49980144.8,2825
2026-07-20,INE0NB801022,SATKARTAR,ST,131.9,132.85,129.0,131.9,132.85,126.6,24800,3243960.0,25
2026-07-20,INE0RFP01011,SSEGL,SM,317.85,318.95,310.55,314.55,315.0,312.0,20200,6375470.0,88
2026-07-20,INE0RPM01017,SATIPOLY,ST,41.1,41.1,40.0,41.1,41.1,39.15,14000,573800.0,17
2026-07-20,INE170E01023,SATIA,EQ,60.16,60.8,58.54,59.46,60.7,60.16,202520,12103448.25,1780
2026-07-20,INE836B01017,SATIN,EQ,253.5,258.19,251.11,256.07,257.0,255.07,237426,60599315.12,4791
2026-07-20,INE14DW01018,SATTVAENGG,SM,87.7,87.7,84.0,84.55,84.55,87.45,9600,820480.0,6
2026-07-20,INE626A01014,SAURASHCEM,EQ,62.39,63.49,59.72,60.41,59.76,62.45,194338,11836246.03,1675
2026-07-20,INE035D01020,SOTL,EQ,573.5,598.0,562.65,589.65,595.0,580.25,232633,134529691.85,9405
2026-07-20,INE0UCN01017,SAVY,SM,120.0,120.0,113.0,114.25,113.0,120.0,21600,2500200.0,18
2026-07-20,INE10VS01016,SAWALIYA,SM,301.0,301.0,298.0,298.0,298.0,295.0,3600,1077030.0,6
2026-07-20,INE04AK01028,SBC,EQ,42.2,42.4,42.12,42.24,42.2,42.27,4989526,210971217.66,2696
2026-07-20,INE423Y01016,SBFC,EQ,94.0,94.25,92.84,93.5,94.07,94.09,376857,35183826.87,4591
2026-07-20,INE018E01016,SBICARD,EQ,658.0,658.0,638.05,644.95,640.25,654.7,1836012,1190460590.6,36978
2026-07-20,INE123W01016,SBILIFE,EQ,1831.0,1835.0,1803.4,1824.5,1825.5,1829.4,597865,1085918326.2,20978
2026-07-20,INF200KA16D8,SETFGOLD,EQ,119.67,120.93,119.67,120.59,120.61,119.41,3421262,412122115.72,13110
2026-07-20,INF200KA1FS1,SETFNIF50,EQ,260.96,261.37,259.1,260.4,260.69,261.43,1377255,358613158.83,9446
2026-07-20,INF200KA1580,SETFNIFBK,EQ,615.14,615.14,592.09,595.84,596.5,600.14,60106,35734308.89,971
2026-07-20,INF200KA1598,SETFNN50,EQ,770.98,775.84,765.73,774.19,773.95,769.57,24296,18724384.14,1241
2026-07-20,INF200KA13Z8,LIQUIDSBI,EQ,1000.0,1000.01,999.99,1000.01,1000.01,1000.0,1262,1261994.62,25
2026-07-20,INF200KB1712,SBIBPB,EQ,48.41,50.04,48.41,49.74,49.5,48.4,197309,9739341.72,825
2026-07-20,INF200KA1X17,SBIETFCON,EQ,123.48,123.48,120.3,121.2,121.16,120.47,5630,680080.9,141
2026-07-20,INF200KA1S14,SBIETFIT,EQ,324.33,327.95,323.2,323.41,323.5,324.33,6740,2184947.71,218
2026-07-20,INF200KA1S22,SBIETFPB,EQ,294.05,294.05,283.0,284.72,290.0,291.23,11430,3252650.52,230
2026-07-20,INF200KA1WX6,SBIETFQLTY,EQ,219.76,222.0,219.29,220.32,222.0,218.67,1653,364193.39,48
2026-07-20,INF200KB1969,SBILIQETF,EQ,1048.22,1048.22,1048.2,1048.21,1048.22,1048.09,20923,21931643.79,35
2026-07-20,INF200KB1AJ0,SBIMIDMOM,EQ,62.63,63.46,62.2,62.77,63.46,62.32,14593,910458.46,142
2026-07-20,INF200KB1282,SBINEQWETF,EQ,33.85,34.33,33.06,33.42,34.33,33.9,129840,4344552.15,2909
2026-07-20,INF200KB1AK8,SBINMID150,EQ,23.05,23.24,23.0,23.19,23.17,23.07,9768,225548.86,122
2026-07-20,INF200KB1217,SBISILVER,EQ,210.1,213.79,210.1,213.15,213.17,209.91,713218,151836192.52,6862
2026-07-20,INF200KB1AY9,SBISMLETF,EQ,18.15,18.35,17.92,18.08,18.35,18.06,20503,370118.97,160
2026-07-20,INF200KB1AX1,SBIVALETF,EQ,14.9,15.08,14.69,15.05,15.07,14.81,11398,170703.05,59
2026-07-20,INF200KA1JT1,SETF10GILT,EQ,267.44,267.44,263.62,263.73,263.69,265.35,2067,546963.74,51
2026-07-20,INE099G01011,SCANSTL,EQ,47.85,49.09,46.1,46.88,46.75,48.3,129481,6143846.73,1644
2026-07-20,INE513A01022,SCHAEFFLER,EQ,4152.0,4219.0,4120.5,4155.2,4160.0,4146.1,46676,194887056.1,9176
2026-07-20,INE839M01018,SCHNEIDER,EQ,1271.5,1348.7,1263.1,1341.0,1336.9,1278.5,321000,426781472.2,28725
2026-07-20,INE148I07XX3,SCL01825,N6,1065.0,1065.0,1065.0,1065.0,1065.0,1065.0,216,230040.0,1
2026-07-20,INE148I07VL2,925SCL26W,N1,990.0,990.0,990.0,990.0,990.0,1000.0,2,1980.0,1
2026-07-20,INE148I07WP1,971SCL30,N1,1011.28,1029.0,1011.28,1029.0,1029.0,1027.4,21,21254.6,2
2026-07-20,INE090501011,SCODATUBES,EQ,145.1,146.29,144.0,145.16,145.01,144.65,132857,19266850.92,2494
2026-07-20,IN1520250037,669GJ34,SG,93.28,93.28,93.28,93.28,93.28,93.7,100,9328.0,1
2026-07-20,IN2420220021,778ML31,SG,100.0,100.0,100.0,100.0,100.0,100.0,100,10000.0,1
2026-07-20,IN3320260042,782UP46,SG,99.0,99.0,99.0,99.0,99.0,100.0,100,9900.0,1
2026-07-20,INE027E07972,935LTF29,N5,1094.0,1094.0,1094.0,1094.0,1094.0,1110.0,100,109400.0,4
2026-07-20,INE497B01018,SEAMECLTD,EQ,1378.0,1378.0,1323.6,1360.9,1365.0,1380.4,52713,71617893.6,5098
2026-07-20,INE530B07369,IIFLZC28B,Y1,1269.75,1270.0,1269.75,1270.0,1270.0,1270.0,416,528246.5,5
2026-07-20,INE741K07496,10CAGL27,N5,1001.01,1001.01,1001.01,1001.01,1001.01,1024.5,10,10010.1,1
2026-07-20,INE413U07269,1003ISFL28,N4,1015.0,1015.0,1005.5,1015.0,1015.0,1005.11,29,29283.0,4
2026-07-20,INE413U07301,1003IIFL29,NC,1039.0,1040.0,1039.0,1040.0,1040.0,1040.0,29,30145.0,3
2026-07-20,INE148I07QR9,1015SCL28,NR,888.0,900.0,888.0,900.0,900.0,889.0,88,78360.0,2
2026-07-20,INE583D07521,1025UCL26A,N1,997.23,1030.0,993.01,995.54,993.55,997.23,454,452162.14,21
2026-07-20,INE148I07SQ7,1025SCL34,Z8,1040.0,1040.0,1040.0,1040.0,1040.0,1020.0,7,7280.0,3
2026-07-20,INE148I07RZ0,835SCL23B,YM,1000.0,1016.0,1000.0,1016.0,1016.0,1050.0,101,101016.0,2
2026-07-20,INE342T07460,1065NFL27,NC,1015.0,1034.95,1015.0,1029.0,1029.0,1015.85,87,89318.75,5
2026-07-20,INE148I07UW1,1075SCL34C,N1,1100.0,1100.0,1100.0,1100.0,1100.0,1136.0,20,22000.0,1
2026-07-20,INE219X07223,79IGT28,NF,1005.0,1005.0,1005.0,1005.0,1005.0,1000.1,1,1005.0,1
2026-07-20,INE0H7R07017,79NHIT35,N1,308.48,309.98,306.1,308.91,308.91,306.02,5436,1676370.84,18
2026-07-20,INE0H7R07025,79NHIT40,N2,312.0,313.0,310.0,312.97,313.0,310.0,368,114417.95,6
2026-07-20,INE0H7R07033,79NHIT47,N3,415.0,417.0,415.0,416.0,416.0,416.0,501,208317.0,6
2026-07-20,INE477L07AN9,820IIFL27,N9,995.0,995.0,990.0,990.0,990.0,995.01,200,198500.0,3
2026-07-20,INE219X07264,82IGT31,NJ,1020.01,1020.01,1020.01,1020.01,1020.01,1020.0,1,1020.01,1
2026-07-20,INE530B07161,842IIFL26,NL,991.6,994.0,991.6,993.5,993.5,991.55,36,35755.6,3
2026-07-20,INE477L07AQ2,843IHFL29,NC,990.0,990.0,990.0,990.0,990.0,1000.0,319,315810.0,2
2026-07-20,INE530B07385,865IFL28,NZ,982.69,987.0,982.69,985.0,985.0,982.69,97,95629.56,4
2026-07-20,INE530B07310,865IIFL28,NS,989.99,990.99,987.5,988.34,988.25,986.52,531,525224.99,12
2026-07-20,INE530B07377,9IIFL28,Y0,999.0,999.8,980.0,981.11,981.11,999.8,73,72193.2,5
2026-07-20,INE530B07260,9IIFL28A,NT,1029.0,1029.0,1029.0,1029.0,1029.0,1029.0,105,108045.0,3
2026-07-20,INE338I07149,91MOFSL27,N2,1024.0,1024.0,1024.0,1024.0,1024.0,1023.0,10,10240.0,1
2026-07-20,INE148I07ML1,905SC24B,Z9,988.0,988.0,988.0,988.0,988.0,988.0,20,19760.0,1
2026-07-20,INE423A07351,925AEL26,N1,1073.0,1076.8,1073.0,1076.8,1076.8,1074.83,66,71034.6,3
2026-07-20,INE148I07KN1,889SCL26,NS,1070.75,1070.75,1070.75,1070.75,1070.75,1066.0,10,10707.5,2
2026-07-20,INE148I07ND6,965SCL25C,N0,498.0,498.0,498.0,498.0,498.0,520.0,1,498.0,1
2026-07-20,INE148I07TL6,948SCL27A,ZJ,1000.0,1000.0,1000.0,1000.0,1000.0,990.0,250,250000.0,5
2026-07-20,INE148I07UC3,948SCL27D,N1,1025.0,1025.0,1025.0,1025.0,1025.0,1025.0,5,5125.0,1
2026-07-20,INE413U07236,957ISFL26,N2,1000.0,1000.0,1000.0,1000.0,1000.0,1000.0,200,200000.0,4
2026-07-20,INE741K07579,970CAGL28,ND,1027.0,1027.0,1020.0,1020.81,1020.25,1016.03,702,716933.95,28
2026-07-20,INE148I07NV8,971SCL28,AN,460.8,460.8,460.8,460.8,460.8,432.0,1,460.8,1
2026-07-20,INE148I07NG9,894SCL27,ZY,660.0,660.0,660.0,660.0,660.0,580.8,30,19800.0,1
2026-07-20,INE423A07344,99AEL29,N7,1107.0,1107.0,1107.0,1107.0,1107.0,1107.12,25,27675.0,25
2026-07-20,INE121A07RN0,CIFCZC28,NH,1245.0,1245.0,1245.0,1245.0,1245.0,1236.0,103,128235.0,1
2026-07-20,INE741K07546,CAGL28,NE,1270.0,1270.0,1270.0,1270.0,1270.0,1270.0,100,127000.0,1
2026-07-20,INE00QS24043,IMC1,N1,256.0,256.0,256.0,256.0,256.0,253.07,250,64000.0,2
2026-07-20,INE804IA7014,1015ECL29,NR,1020.54,1020.54,1012.5,1020.5,1020.5,1019.98,1442,1469254.99,23
2026-07-20,INE033L07GS6,81TCHF28,N8,1008.0,1008.0,1003.0,1003.0,1003.0,1008.0,2243,2251127.85,43
2026-07-20,INE148I07GJ7,865SCL26,N8,1005.0,1005.0,996.14,996.14,996.14,1001.82,502,500150.88,11
2026-07-20,INE721A07PK7,875SFL27,ZF,1010.0,1010.0,1010.0,1010.0,1010.0,1010.0,1,1010.0,1
2026-07-20,INE148I07GL3,9SCL26BA,,1066.0,1066.0,1063.13,1066.0,1066.0,1064.0,1104,1176463.69,15
2026-07-20,INE721A07OC7,930SFL28,YP,1031.0,1035.0,1022.0,1035.0,1035.0,1031.0,242,249042.0,9
2026-07-20,INE721A07ON4,957ICCL25,YW,1053.0,1053.0,1050.0,1050.0,1050.0,1055.0,106,111411.0,3
2026-07-20,INE721A07NX5,94SFL28,YL,1044.0,1044.0,1038.12,1040.0,1040.0,1044.0,290,301937.7,6
2026-07-20,INE804I078Y8,943ECL28,NJ,1010.0,1010.0,1001.0,1004.0,1004.0,1001.3,598,600931.17,13
2026-07-20,INE721A07OF0,97SFL28,YS,1102.0,1102.0,1102.0,1102.0,1102.0,1100.98,95,104690.0,2
2026-07-20,INE721A07OQ7,97SFL29,YZ,1070.3,1070.6,1070.3,1070.6,1070.6,1098.99,120,128454.0,2
2026-07-20,INE804I079Y6,985ECL28,NK,1080.02,1082.0,1080.02,1082.0,1082.0,1084.7,180,194581.2,4
2026-07-20,INE148I07GN9,SCLZC26,NB,2314.0,2314.0,2314.0,2314.0,2314.0,2314.0,50,115700.0,1
2026-07-20,INE721A07PH3,SFLZC26A,ZC,1902.0,1902.0,1891.25,1891.25,1891.25,1891.25,59,112075.5,3
2026-07-20,INE650K01021,SECURKLOUD,EQ,18.69,18.69,17.52,17.65,18.08,18.16,23690,421018.97,159
2026-07-20,INE00XB01019,SEDEMAC,EQ,2729.2,2729.2,2656.1,2678.0,2673.0,2712.3,59403,159377182.0,8935
2026-07-20,INE955I01044,SEJALLTD,BE,748.9,748.9,693.0,732.75,735.0,729.45,5021,3598883.3,110
2026-07-20,INE105I01020,SELMC,EQ,28.25,29.39,28.25,28.71,29.0,28.69,2012,58298.37,41
2026-07-20,INE617A01013,SEMAC,BE,309.0,312.95,297.1,305.25,311.95,309.0,452,140549.7,16
2026-07-20,INE602W01027,SENCO,EQ,364.0,373.8,362.95,366.0,367.0,364.55,810390,297895410.45,17804
2026-07-20,INE0RB801010,SENORES,EQ,1395.0,1414.3,1380.4,1385.0,1387.5,1405.1,169037,235879955.8,19501
2026-07-20,INE964H01014,SEPC,EQ,6.2,6.2,6.0,6.12,6.11,6.12,10044703,61219513.3,5009
2026-07-20,INE027E07BC8,865LTF26,NN,1022.77,1022.77,1022.77,1022.77,1022.77,1049.0,30,30683.1,2
2026-07-20,INE027E07AN7,87LTF27,NH,1001.0,1001.0,1001.0,1001.0,1001.0,1029.99,50,50050.0,1
2026-07-20,INE027E07AL1,905LTF27,NF,1039.5,1039.5,1039.5,1039.5,1039.5,1036.0,20,20790.0,1
2026-07-20,INE306N07LM5,865TCAPS27,N8,1150.5,1150.5,1099.99,1099.99,1099.99,1055.0,627,715889.28,12
2026-07-20,INE244L07184,92SFIL28,ND,1048.8,1048.8,1048.8,1048.8,1048.8,1040.2,134,140539.2,3
2026-07-20,INE0P1Q01015,SERVICE,SM,58.0,63.75,58.0,63.1,63.6,60.75,50000,3000700.0,11
2026-07-20,INE782X01033,SERVOTECH,EQ,100.77,100.9,97.68,99.94,100.45,99.8,689731,68250196.82,7551
2026-07-20,INE04VU01023,STYL,EQ,399.0,399.0,372.2,373.95,373.1,399.95,280775,107031476.95,9435
2026-07-20,INE630A01024,SESHAPAPER,EQ,223.69,225.0,219.91,222.74,223.4,222.34,33130,7374007.86,905
2026-07-20,INE878E01021,SETCO,BE,18.37,18.37,18.37,18.37,18.37,18.01,18364,337346.68,50
2026-07-20,INE023M01027,SETUINFRA,BZ,0.46,0.46,0.42,0.46,0.46,0.44,78447,34754.42,51
2026-07-20,INE573R01012,SEYAIND,BE,12.95,13.11,12.64,12.65,12.65,12.89,2357,30024.0,27
2026-07-20,INE618R01015,SGFIN,EQ,626.0,693.7,626.0,671.9,671.0,631.15,1662462,1121417174.9,47638
2026-07-20,INE385F01024,SGMART,EQ,640.05,697.0,636.95,677.85,664.0,635.85,3847481,2599106470.35,111459
2026-07-20,INE12UN01015,SHADOWFAX,EQ,214.0,225.0,209.9,221.46,224.25,223.25,3187743,696615139.48,54465
2026-07-20,INE640C01011,SHAHALLOYS,EQ,66.11,68.9,66.11,67.4,68.24,68.93,3345,226490.14,418
2026-07-20,INE482J01021,SHAH,EQ,4.53,4.55,4.32,4.43,4.35,4.53,8355949,37582286.23,4137
2026-07-20,INE151G01028,SHAILY,EQ,2735.0,2884.6,2735.0,2857.8,2873.0,2760.6,225587,637227373.2,22419
2026-07-20,INE908D01010,SHAKTIPUMP,EQ,546.65,546.85,541.0,544.65,546.0,546.65,283642,154262996.55,10127
2026-07-20,INE597J01018,SHALBY,EQ,164.99,165.95,163.11,164.88,165.95,163.99,59442,9776989.03,1710
2026-07-20,INE861D01011,SAHLIBHFI,EQ,79.75,79.75,77.0,79.1,79.1,79.18,57242,4468348.29,50
2026-07-20,INE849C01026,SHALPAINTS,EQ,49.4,58.78,49.4,58.78,58.78,48.99,802391,45736135.32,4449
2026-07-20,INE01NE01012,SRD,EQ,38.5,39.78,38.0,38.28,38.01,38.69,15157,584330.36,151
2026-07-20,INE274V01019,SHANKARA,EQ,140.89,140.89,138.15,138.39,138.2,139.65,131242,18178130.03,438
2026-07-20,INE24OJ01011,BUILDPRO,EQ,1233.0,1263.9,1212.3,1226.3,1220.0,1233.4,20417,25370119.4,2477
2026-07-20,INE631A01022,SHANTIGEAR,EQ,422.0,431.0,419.4,420.75,421.9,423.6,24615,10432364.75,1849
2026-07-20,INE440T01028,SEIL,EQ,204.45,215.97,201.72,211.82,212.5,204.83,337026,71483267.68,6900
2026-07-20,INE06ZD01017,SHANTIGOLD,EQ,211.89,217.89,211.0,212.32,211.6,212.62,1258682,269966057.66,10023
2026-07-20,INE933X01016,SHANTI,EQ,7.09,7.26,6.9,7.0,7.0,7.06,16142,112875.31,64
2026-07-20,INE220Z01013,SHINDL,EQ,164.02,165.25,160.0,161.28,160.0,161.19,140264,22699353.29,1318
2026-07-20,INE221J01015,SHARDACROP,EQ,899.0,899.0,883.0,885.5,885.4,899.1,105886,94159765.0,5696
2026-07-20,INE597I01028,SHARDAMOTR,EQ,872.7,875.7,860.05,861.9,862.0,870.55,16023,13877790.7,1804
2026-07-20,INE037B01020,SHARDUL,BE,53.8,53.88,53.8,53.88,53.88,51.32,23912,1288284.4,80
2026-07-20,INE932X01026,SHAREINDIA,EQ,177.9,182.8,174.0,181.13,182.29,177.24,1093848,195112221.87,8940
2026-07-20,INE460Q01014,SCML,SM,79.1,79.1,79.1,79.1,79.1,79.25,1000,79100.0,1
2026-07-20,INE916U01025,SFL,EQ,765.0,770.9,747.95,760.55,762.0,761.1,177862,134964323.5,12058
2026-07-20,INE501Y01019,SCPL,EQ,491.5,504.45,471.3,483.3,485.5,490.15,47005,22872777.05,1707
2026-07-20,INE04VX01019,SHEETAL,SM,296.5,296.5,293.5,293.6,293.8,296.0,3500,1030550.0,7
2026-07-20,INE268L01046,SHEKHAWATI,BE,12.57,12.98,12.24,12.72,12.72,12.63,19158,239223.36,84
2026-07-20,INE363M01019,SHEMAROO,BE,122.87,124.98,120.55,120.75,120.55,121.65,3851,471276.15,37
2026-07-20,INE0MM001019,SHERA,ST,179.9,179.9,173.0,174.0,174.0,171.35,54000,9530250.0,51
2026-07-20,INE03KJ01013,SHIGAN,SM,64.95,66.5,63.15,63.15,63.15,64.95,6000,391575.0,4
2026-07-20,INE024F01011,SHILCTECH,EQ,4413.9,4517.8,4352.1,4488.5,4510.0,4413.9,17343,76991737.7,4159
2026-07-20,INE790G01031,SHILPAMED,EQ,620.8,636.25,618.1,625.45,626.0,620.25,413962,260331706.25,18396
2026-07-20,INE0PB301013,SCILAL,EQ,41.66,42.12,41.36,41.88,42.08,41.66,182101,7602156.53,1338
2026-07-20,INE109A01011,SCI,EQ,281.8,283.95,278.55,280.65,280.5,281.75,977307,274842757.1,16087
2026-07-20,INE719F01016,SHIVAUM,EQ,414.0,417.0,405.0,405.0,405.0,416.65,1035,427295.35,26
2026-07-20,INE644Y01017,SHIVAMILLS,BE,59.3,61.49,59.3,59.36,59.36,61.5,59,3502.65,5
2026-07-20,INE705C01020,SHIVATEX,EQ,147.21,150.0,145.1,146.54,145.1,148.28,1836,271605.85,55
2026-07-20,INE0T7B01010,SPCL,SM,67.1,68.2,67.05,67.25,67.05,67.85,18600,1253880.0,30
2026-07-20,INE386D01027,SBCL,EQ,733.0,754.8,730.0,747.0,746.0,737.35,260875,194626929.05,17216
2026-07-20,INE788J01021,SHIVALIK,BE,220.0,222.98,215.0,219.81,218.0,219.52,18484,4048556.34,163
2026-07-20,INE637H01024,SHIVAMAUTO,BE,17.08,17.08,17.08,17.08,17.08,17.42,2800,47824.0,20
2026-07-20,INE498B01024,SHOPERSTOP,EQ,393.2,394.0,385.55,392.3,393.95,390.75,83507,32671878.9,3626
2026-07-20,INE715Y01031,SHRADHA,EQ,37.71,39.0,36.3,37.37,37.12,37.14,122605,4580886.66,645
2026-07-20,INE712K01011,SHREEPUSHK,EQ,408.7,417.0,398.55,411.75,413.95,407.9,32363,13190061.2,1435
2026-07-20,INE185C01017,SAPPL,EQ,305.0,305.0,300.0,305.0,305.0,305.1,4,1215.0,4
2026-07-20,INE070A01015,SHREECEM,EQ,26515.0,27125.0,26400.0,26850.0,26905.0,26515.0,7046,188973780.0,4034
2026-07-20,INE232A01011,SHREDIGCEM,EQ,73.32,74.58,73.0,73.82,74.1,73.32,80077,5916513.6,782
2026-07-20,INE02S501018,SHREEOSFM,SM,63.95,65.0,60.6,62.5,62.0,63.7,30000,1917800.0,21
2026-07-20,INE008Z01020,SRPL,BZ,0.35,0.36,0.34,0.34,0.34,0.35,620150,213021.2,158
2026-07-20,INE19GK01015,SRTL,EQ,41.8,42.2,41.01,41.85,41.89,41.82,49367,2062472.96,461
2026-07-20,INE879A01019,SHREERAMA,EQ,42.25,42.46,41.02,41.87,41.6,42.04,39149,1633140.97,403
2026-07-20,INE278B01020,RAMANEWS,EQ,28.84,28.99,28.41,28.85,28.55,28.84,5477,157826.97,69
2026-07-20,INE087H01022,RENUKA,EQ,22.35,22.46,22.09,22.17,22.12,22.37,2737512,60903781.9,6652
2026-07-20,INE0S2G01011,BALAJEE,EQ,28.99,28.99,28.17,28.39,28.47,28.46,63233,1789610.52,170
2026-07-20,INE00CE01017,SVLL,BE,769.0,782.55,756.0,782.55,782.55,745.3,18293,14145688.35,198
2026-07-20,INE0K3301012,SHREEDHAR,SM,80.0,82.0,74.0,81.0,78.5,77.7,124000,9748500.0,41
2026-07-20,INE1FL101016,SHETHJI,ST,149.0,150.5,149.0,150.25,150.1,149.0,11000,1651100.0,11
2026-07-20,INE1B6101010,SHREEJISPG,EQ,597.9,621.9,597.0,615.85,613.2,596.3,1473268,905722099.5,19779
2026-07-20,INE00IK01029,OSWALSEEDS,EQ,10.4,10.64,10.4,10.59,10.53,10.5,13263,139715.73,74
2026-07-20,INE632X01030,SHRENIK,BZ,0.36,0.36,0.35,0.36,0.36,0.35,297338,106910.54,133
2026-07-20,INE231C01019,SHREYANIND,EQ,136.82,137.51,135.6,136.04,137.51,136.13,2142,292460.42,54
2026-07-20,INE0DM401012,SHRIAHIMSA,ST,398.0,398.0,373.0,384.5,383.0,392.25,13200,5063160.0,21
2026-07-20,INE402H01015,SHBAJRG,EQ,184.95,198.99,183.06,192.28,192.5,179.81,32208,6215803.51,888
2026-07-20,INE0NON01025,SHKSIL,SM,41.85,41.85,41.85,41.85,41.85,41.7,2000,83700.0,1
2026-07-20,INE1V4601019,SHRIKANHA,ST,23.8,23.8,23.05,23.1,23.1,24.25,8000,186080.0,5
2026-07-20,INE997I01012,SHRIKRISH,EQ,40.13,42.28,40.1,40.13,41.01,40.76,587,23559.42,8
2026-07-20,INE1B3L01017,SHRINGARMS,EQ,224.88,226.0,221.5,224.29,223.08,224.56,338064,75626967.28,2066
2026-07-20,INF680P01422,LIQUIDSHRI,EQ,1113.7,1113.72,1113.7,1113.7,1113.7,1113.57,1760,1960114.75,22
2026-07-20,INE721A01047,SHRIRAMFIN,EQ,1040.0,1040.0,1018.0,1035.4,1036.0,1034.9,3238784,3328901263.2,63866
2026-07-20,INE217L01019,SHRIRAMPPS,EQ,87.4,90.0,86.13,88.71,88.75,87.18,818003,72349514.4,6819
2026-07-20,INE01Z401013,SHUBHLAXMI,SM,20.85,20.85,19.95,19.95,19.95,21.0,12000,240800.0,10
2026-07-20,INE0UL701015,SHUBHSHREE,SM,325.05,341.0,325.05,341.0,341.0,341.0,600,199815.0,2
2026-07-20,INE979R01011,SHYAMCENT,BE,5.16,5.34,5.16,5.21,5.2,5.36,28264,147538.35,101
2026-07-20,INE810G01011,SHYAMMETL,EQ,1030.0,1090.0,1020.5,1055.0,1069.0,1022.5,2630447,2817815712.1,90175
2026-07-20,INE635A01023,SHYAMTEL,BE,15.55,15.55,15.55,15.55,15.55,15.86,1112,17291.6,10
2026-07-20,INE176J01011,SICAGEN,EQ,52.97,52.97,51.0,51.65,51.63,52.08,3801,197603.43,43
2026-07-20,INE075B01020,SICALLOG,EQ,90.1,95.0,90.1,94.53,95.0,92.04,73240,6869405.63,349
2026-07-20,INE0SVO01019,SIDDHICOTS,SM,29.1,30.8,29.1,30.8,30.8,29.2,4800,142740.0,4
2026-07-20,INE0A1E01018,SIDDHIKA,SM,217.15,217.15,207.15,209.55,209.5,217.05,5000,1049575.0,7
2026-07-20,INE1NPP01017,ENRIN,EQ,3379.0,3424.7,3286.8,3394.3,3410.0,3385.5,333391,1126191918.3,30886
2026-07-20,INE003A01024,SIEMENS,EQ,3651.0,3700.0,3617.0,3678.4,3682.0,3658.8,157367,576942286.0,16940
2026-07-20,INE0D0K01022,SIGACHI,BE,25.52,25.52,25.52,25.52,25.52,25.02,2466386,62942170.72,655
2026-07-20,INE933B01012,SIGMAADV,BE,557.8,557.8,530.5,533.4,535.0,557.8,194607,104869032.15,3287
2026-07-20,INE0A0S01028,SIGMA,EQ,37.74,38.68,37.02,38.11,38.4,37.37,41424,1566063.19,1312
2026-07-20,INE903U01023,SIGNATURE,EQ,805.0,813.0,796.2,799.35,797.0,809.7,265592,213616756.4,7234
2026-07-20,INE529F01035,SIGIND,EQ,47.39,47.39,45.45,46.04,46.0,46.23,5336,244781.86,85
2026-07-20,INE0RDE01010,SIGNORIA,ST,130.0,130.0,130.0,130.0,130.0,134.2,1000,130000.0,1
2026-07-20,INE0KGZ01021,SIGNPOST,EQ,326.9,328.2,318.0,319.9,318.5,326.9,81468,26221646.85,2167
2026-07-20,INE438E01032,SIKA,EQ,1154.0,1154.0,1090.5,1112.6,1125.0,1128.3,34150,38073527.9,4106
2026-07-20,INE112X01025,SIKKO,EQ,4.1,4.9,4.06,4.84,4.89,4.1,5728549,26371822.8,2479
2026-07-20,INE923A01015,SILINV,EQ,430.0,433.0,420.0,422.2,421.05,421.8,160,67811.3,26
2026-07-20,INE01II01013,SILGO,EQ,75.17,75.49,74.21,74.39,74.37,75.17,143017,10672676.4,438
2026-07-20,INE0STN01015,SILKFLEX,ST,195.0,195.0,188.75,194.0,194.0,198.65,16000,3033800.0,16
2026-07-20,INE0SN801015,SILKY,SM,75.0,80.9,70.0,76.05,75.0,77.6,116800,8832880.0,109
2026-07-20,INE203Y01012,SILLYMONKS,EQ,16.2,17.0,15.72,16.52,16.7,15.63,12364,205726.35,123
2026-07-20,INE625X01026,SILVERTUC,EQ,198.8,202.49,190.6,194.24,195.4,197.72,361515,71254447.26,6166
2026-07-20,INE748T01016,SIMBHALS,BZ,7.18,7.18,6.6,6.89,6.9,6.87,11849,80583.54,76
2026-07-20,INE1K4J01018,SIMCA,SM,193.6,194.0,191.5,193.35,193.0,193.1,110400,21306360.0,80
2026-07-20,INE059B01024,SIMPLEXINF,EQ,255.25,265.0,251.05,252.45,253.0,256.85,52781,13650744.2,1782
2026-07-20,INE985A01022,SINCLAIR,EQ,75.11,75.79,73.41,74.07,74.7,74.64,24187,1798760.73,314
2026-07-20,INE325D01025,SINDHUTRAD,EQ,24.58,26.0,24.43,25.65,25.36,24.75,783303,19701681.78,1976
2026-07-20,INE638A01035,SINGERIND,EQ,65.31,67.85,65.31,66.88,66.95,66.09,15213,1011610.07,315
2026-07-20,INE129Z01016,SINTERCOM,EQ,79.89,82.0,79.05,81.93,81.99,78.11,8474,686828.72,84
2026-07-20,INE792Z01011,SIRCA,EQ,390.55,393.9,388.5,392.9,392.25,391.0,198556,77781018.05,4735
2026-07-20,INE285J01028,SIS,EQ,436.0,442.8,430.35,436.05,434.15,433.6,282279,123102668.6,15264
2026-07-20,INE965H01011,SITINET,BZ,0.34,0.34,0.32,0.32,0.32,0.33,131747,43340.93,181
2026-07-20,INE076B01028,SIYSIL,EQ,632.0,659.5,629.8,644.8,643.55,631.45,113530,73649098.1,6351
2026-07-20,INE284S01014,SJS,EQ,2177.0,2187.3,2155.0,2174.3,2174.4,2175.3,35477,76936093.5,5517
2026-07-20,INE002L01015,SJVN,EQ,69.3,69.73,68.67,69.1,69.05,69.13,2393600,165680234.52,13390
2026-07-20,INE2J8701016,SKFINDUS,EQ,2621.0,2665.0,2578.1,2636.2,2663.0,2627.9,35069,91524074.0,7448
2026-07-20,INE640A01023,SKFINDIA,EQ,1494.7,1497.5,1462.2,1482.3,1475.0,1472.0,27149,40290163.8,3739
2026-07-20,INE429F01012,SKIL,BZ,0.88,0.92,0.88,0.92,0.92,0.88,15752,14404.99,29
2026-07-20,INE439E01022,SKIPPER,EQ,539.05,547.0,534.55,544.9,545.9,538.8,357164,192851881.25,13547
2026-07-20,INE411D01023,SKMEGGPROD,EQ,318.0,326.9,315.8,319.35,318.95,318.95,273440,87772575.55,5900
2026-07-20,INE0KZA01016,SKP,SM,154.0,161.4,154.0,155.55,155.55,155.0,5500,865925.0,11
2026-07-20,INE01IU01018,SKYGOLD,EQ,622.0,666.0,620.05,658.35,660.65,621.3,1579631,1025227336.3,34018
2026-07-20,INE0SMA01017,SLONE,ST,119.7,119.7,119.7,119.7,119.7,117.65,400,47880.0,1
2026-07-20,INE14GK01016,SMARTEN,ST,60.0,60.5,60.0,60.0,60.0,60.0,6000,360600.0,5
2026-07-20,INE178C01020,SMARTLINK,BE,211.49,218.56,202.0,215.22,216.5,208.16,23737,5132372.15,226
2026-07-20,INE0NAZ01010,SMARTWORKS,EQ,458.0,488.75,452.55,486.05,486.0,455.5,140611,67153005.6,6886
2026-07-20,INE103C01036,SMCGLOBAL,EQ,81.15,83.0,79.66,80.54,80.59,81.67,427997,34569942.12,4385
2026-07-20,INE294B01019,SMLMAH,EQ,4084.0,4129.5,3944.8,3985.6,3985.0,4085.2,88589,354666832.5,12653
2026-07-20,INE812G01025,SMSPHARMA,EQ,389.4,393.35,383.45,384.45,384.0,387.75,60828,23501888.55,1902
2026-07-20,INE1OIC01018,SNEHAA,ST,48.4,49.25,47.6,49.25,49.25,48.45,8000,387250.0,6
2026-07-20,INE734N01019,SNOWMAN,EQ,37.01,37.75,36.7,36.91,37.04,37.51,97965,3628064.57,1028
2026-07-20,INE671H01015,SOBHA,EQ,1468.7,1470.0,1450.3,1455.7,1455.0,1462.0,170875,249417914.0,78451
2026-07-20,INE728Z01015,SOFTTECH,BE,413.1,415.4,403.0,414.0,414.0,423.85,3238,1329918.15,39
2026-07-20,INE343H01029,SOLARINDS,EQ,18500.0,19125.0,18500.0,19028.0,19069.0,18467.0,239259,4522228417.0,51628
2026-07-20,INE624Z01016,SOLARA,EQ,571.95,585.0,568.0,570.15,572.0,570.8,62736,35944594.15,4126
2026-07-20,INE0TY101024,SOLARWORLD,EQ,206.2,207.1,200.75,201.67,201.0,206.46,175957,35718109.56,3075
2026-07-20,INE880Y01017,SOLEX,EQ,1012.0,1020.0,975.0,981.9,983.0,983.9,39633,39618628.6,4345
2026-07-20,INE480C01038,SDBL,EQ,65.09,78.18,64.1,76.88,78.18,65.15,29757855,2204294506.44,110288
2026-07-20,INE314C01013,SOMATEX,EQ,105.0,107.95,101.1,101.6,101.12,106.29,6926,725514.12,222
2026-07-20,INE355A01028,SOMANYCERA,EQ,522.0,523.45,515.0,516.45,517.0,522.55,48425,25070617.1,2998
2026-07-20,INE323J01019,SOMICONVEY,EQ,101.0,101.0,97.57,99.96,99.99,99.61,57167,5688315.18,2534
2026-07-20,INE073K01018,SONACOMS,EQ,705.0,718.65,701.15,714.55,717.0,704.85,2929307,2080772931.8,64186
2026-07-20,INE00LM01029,SONAMLTD,EQ,58.0,58.0,54.05,55.14,54.05,56.13,23333,1309548.74,263
2026-07-20,INE269A01021,SONATSOFTW,EQ,306.0,313.95,305.0,309.8,307.35,307.45,1195939,371256221.1,19334
2026-07-20,INE0JZA01018,SONUINFRA,ST,42.75,42.75,42.75,42.75,42.75,45.0,1500,64125.0,1
2026-07-20,INE980Y01015,SOUTHWEST,EQ,226.05,239.25,226.05,235.9,236.01,226.74,380034,89064935.47,6618
2026-07-20,INE970N01027,SPCENET,EQ,3.72,3.76,3.62,3.64,3.69,3.65,278731,1025416.27,399
2026-07-20,IN9572J01019,SSFLPP,E1,160.55,160.55,153.2,153.9,154.2,160.9,20417,3148709.55,1346
2026-07-20,INE572J01011,SPANDANA,EQ,295.0,296.9,284.0,285.7,285.9,296.9,313557,90434627.2,10614
2026-07-20,INE247M01014,SPECIALITY,EQ,128.06,141.0,128.01,135.49,135.5,129.06,186681,25595645.33,3101
2026-07-20,INE01EO01010,SPECTRUM,EQ,1959.1,1978.0,1882.7,1932.0,1949.0,1959.3,20672,40104696.0,1930
2026-07-20,INE0OL001018,SPECTSTM,ST,61.0,61.0,61.0,61.0,61.0,61.95,800,48800.0,1
2026-07-20,INE020801028,SPENCERS,EQ,34.82,35.69,34.4,35.46,35.11,34.82,35422,1247421.72,677
2026-07-20,INE147A01011,SPIC,EQ,66.0,66.9,65.87,66.56,66.9,66.29,139611,9254142.97,1487
2026-07-20,INE978G01016,SPLIL,EQ,32.68,34.5,30.16,32.66,33.5,32.68,11928,389033.26,199
2026-07-20,INE937A01023,SPMLINFRA,EQ,204.0,208.8,202.0,206.97,206.48,205.8,196804,40356508.64,3918
2026-07-20,INE885H01029,SPORTKING,EQ,199.0,200.49,194.0,197.55,199.0,197.21,205106,40378859.25,3643
2026-07-20,INE526E01018,SHRIPISTON,EQ,4169.9,4250.0,4130.8,4233.8,4230.0,4169.9,173971,726862726.9,11364
2026-07-20,INE19QH01010,SPUNWEB,SM,104.5,104.5,104.1,104.3,104.1,104.0,2400,250320.0,2
2026-07-20,INE917H01012,SRHHYPOLTD,EQ,485.25,492.0,483.0,486.05,486.2,490.95,4666,2274739.4,337
2026-07-20,INE099F01013,SREEL,EQ,210.09,214.0,207.01,212.9,211.5,212.76,9358,1969036.12,372
2026-07-20,INE647A01010,SRF,EQ,2869.9,2894.6,2845.9,2871.7,2874.0,2874.7,302818,870181950.2,39201
2026-07-20,INE559N01010,SRGHFL,EQ,307.0,314.8,300.0,305.0,305.0,312.7,5758,1751950.5,155
2026-07-20,INE293B01029,HAVISHA,EQ,1.24,1.24,1.21,1.23,1.23,1.21,9211,11355.16,75
2026-07-20,INE0V9Q01010,LOTUSDEV,EQ,139.55,143.1,137.01,140.99,142.8,139.95,490023,68398290.08,6376
2026-07-20,INE0TPJ01019,SPCON,SM,134.95,134.95,134.95,134.95,134.95,133.0,10800,1457460.0,1
2026-07-20,INE0ON201012,SSFL,ST,283.0,283.0,272.0,275.25,272.0,282.7,14500,4024025.0,29
2026-07-20,INE0NPI01014,SRIVASAVI,ST,89.95,89.95,85.5,85.75,85.5,89.95,5000,433450.0,5
2026-07-20,INE0R6Z01013,SRM,EQ,488.2,501.0,487.35,499.8,498.0,493.2,50654,25092023.8,2059
2026-07-20,INE0RYC01010,STALLION,EQ,214.76,221.0,212.9,217.1,217.0,214.76,1792243,390057313.29,22016
2026-07-20,INE0M4D01010,SETL,EQ,279.75,292.0,275.0,288.05,287.5,281.1,486073,138167259.5,8006
2026-07-20,INE173A01025,SIL,EQ,16.19,16.37,16.0,16.26,16.35,16.19,11576,186756.14,163
2026-07-20,INE01A001028,STANLEY,EQ,157.85,160.19,154.71,156.43,155.9,157.85,169727,26585064.52,3083
2026-07-20,INE460H01021,STARCEMENT,EQ,206.35,212.92,204.46,208.95,208.8,205.45,637102,133262186.25,13613
2026-07-20,INE575P01011,STARHEALTH,EQ,582.95,592.45,577.05,581.2,584.0,582.95,395116,230073460.05,22088
2026-07-20,INE733A01018,STARPAPER,EQ,137.65,151.0,137.55,147.06,147.0,139.04,87383,12844095.88,1366
2026-07-20,INE992I01013,STARTECK,EQ,264.0,275.0,262.0,266.75,264.05,270.65,12095,3240994.9,235
2026-07-20,INE062A01020,SBIN,EQ,1041.6,1065.0,1038.3,1060.0,1060.6,1044.3,16540411,17381554607.9,236033
2026-07-20,INE114A01011,SAIL,EQ,162.9,165.33,162.14,162.64,162.6,163.04,8871859,1449869040.58,48789
2026-07-20,INE395H01011,STEELCITY,EQ,77.0,77.0,75.89,76.73,76.74,75.49,4203,321213.45,104
2026-07-20,INE503B01021,STEELXIND,EQ,12.03,12.45,11.7,12.0,11.72,12.03,3609237,43331553.99,6050
2026-07-20,INE802C01033,SSWL,EQ,267.5,277.0,264.65,276.33,276.91,266.21,1802062,491250986.09,23899
2026-07-20,INE124E01038,STEELCAS,EQ,305.45,307.95,298.5,305.1,305.0,301.6,52376,15876286.0,2359
2026-07-20,INE577L01016,STEL,EQ,555.2,556.95,540.05,552.7,547.05,555.5,3708,2036398.9,367
2026-07-20,INE334A01023,STERTOOLS,BE,244.18,248.0,239.0,245.11,247.0,245.51,13314,3249507.07,260
2026-07-20,INE089C01029,STLTECH,BE,506.4,517.8,495.05,503.6,500.0,520.4,1490726,750455057.7,21197
2026-07-20,INE353H01010,SGL,EQ,10.08,10.43,9.85,9.93,9.86,10.08,21045,211234.94,105
2026-07-20,INE1VXE01018,STLNETWORK,BE,24.7,24.7,24.15,24.33,24.37,24.46,266668,6478764.72,640
2026-07-20,INE00IN01015,STOVEKRAFT,EQ,773.25,785.0,769.55,777.75,776.3,773.25,73514,57166764.0,6810
2026-07-20,INE1XWN01017,STRIDERS,SM,60.0,60.75,60.0,60.2,60.75,58.75,6400,385200.0,3
2026-07-20,INE939A01011,STAR,EQ,1074.0,1077.9,1051.0,1059.5,1055.0,1074.9,129338,137634461.5,11556
2026-07-20,INE00M201021,SWSOLAR,EQ,221.11,222.97,213.03,214.44,214.0,222.19,2003600,432061405.85,20798
2026-07-20,INE00Q601028,STUDDS,EQ,451.25,452.65,447.1,449.9,450.0,451.25,21917,9856519.7,1200
2026-07-20,INE17VO01028,STUDIOLSD,SM,9.3,10.0,9.3,9.8,9.8,9.1,36000,349500.0,17
2026-07-20,INE239C01020,STYLAMIND,EQ,3260.0,3462.0,3260.0,3414.3,3411.0,3250.4,62999,213016163.3,9202
2026-07-20,INE189B01011,STYRENIX,EQ,2252.1,2385.0,2252.1,2365.1,2374.8,2235.4,219868,511485820.9,16568
2026-07-20,INE0RYR01018,SUBAHOTELS,SM,111.0,111.85,108.25,110.0,110.0,110.15,21600,2372040.0,15
2026-07-20,INE754A01055,SUBEXLTD,BE,13.12,13.35,12.78,12.93,12.96,13.27,619787,8008429.96,1149
2026-07-20,INE287B01021,SUBROS,EQ,804.0,810.0,792.0,805.1,803.0,804.1,25101,20056887.1,2125
2026-07-20,INE659A01023,SUDARSCHEM,EQ,1030.0,1060.0,1030.0,1054.65,1048.0,1037.65,185054,193932679.4,8831
2026-07-20,INE492A01029,SUDARCOLOR,EQ,374.0,379.85,358.9,364.8,359.05,373.85,11439,4251812.95,1399
2026-07-20,INE0QPI01025,SUDEEPPHRM,EQ,870.0,880.0,860.7,866.45,867.55,862.75,62548,54388060.35,5100
2026-07-20,INE450E01029,SUKHJITS,EQ,162.0,163.85,160.0,162.26,160.6,160.76,6133,992166.61,231
2026-07-20,INE142Q01026,SULA,EQ,149.62,151.49,148.12,150.01,149.99,149.62,176631,26438718.81,4494
2026-07-20,INE235C01036,SUMEETINDS,EQ,33.98,35.67,33.56,35.3,35.23,33.98,11787415,413796880.07,7890
2026-07-20,INE748Z01013,SUMIT,BE,49.9,51.9,48.21,49.86,50.5,50.74,26177,1281975.63,60
2026-07-20,INE258G01013,SUMICHEM,EQ,542.6,546.3,531.6,540.65,540.5,538.55,351413,190164320.4,10534
2026-07-20,INE519C01017,SUMMITSEC,EQ,1505.0,1507.3,1472.1,1497.5,1490.5,1498.5,2582,3855037.4,622
2026-07-20,INE232I01014,SPARC,EQ,234.89,238.39,226.66,227.51,228.0,235.2,1368779,315235251.48,22150
2026-07-20,INE044A01036,SUNPHARMA,EQ,1942.0,1958.8,1935.0,1956.4,1958.0,1932.6,1676034,3271908145.1,95470
2026-07-20,INE424H01027,SUNTV,EQ,495.0,499.55,488.0,489.9,490.0,498.8,369126,181241752.6,23444
2026-07-20,INE0Q3R01026,SUNCLAY,EQ,1399.0,1399.0,1370.1,1387.4,1389.0,1380.2,6692,9286133.0,691
2026-07-20,INE660A01013,SUNDARMFIN,EQ,4410.0,4450.0,4398.9,4425.2,4450.0,4430.8,23744,105053917.2,7616
2026-07-20,INE108E01023,SUNDARAM,EQ,1.27,1.28,1.25,1.26,1.28,1.28,346648,439793.93,304
2026-07-20,INE073D01013,SUNDRMBRAK,BE,814.0,828.0,796.6,818.25,810.05,813.2,314,254454.2,27
2026-07-20,INE387A01021,SUNDRMFAST,EQ,965.0,966.0,953.0,955.65,958.0,965.35,24312,23281500.7,3388
2026-07-20,INE0CTB01014,SOCL,ST,29.95,29.95,28.5,28.5,28.5,30.0,3200,93520.0,2
2026-07-20,INE209A01019,SUNDROP,EQ,647.0,654.65,634.0,635.15,634.0,648.0,27218,17484296.0,1094
2026-07-20,INE947A01014,SUNFLAG,EQ,346.0,354.2,342.4,351.1,350.5,344.65,136153,47636552.95,3272
2026-07-20,INE0O3O01017,SEL,SM,235.0,235.0,233.5,233.5,233.5,233.6,2200,514000.0,7
2026-07-20,INE0U2N01013,SUNLITE,ST,423.0,428.8,413.55,425.0,425.0,425.6,9300,3923625.0,23
2026-07-20,INE0SGZ01016,SUNTECH,ST,31.3,31.3,30.2,30.6,30.6,31.75,52800,1612080.0,12
2026-07-20,INE805D01034,SUNTECK,EQ,315.95,319.15,310.6,317.0,316.0,314.05,224431,70699524.8,9163
2026-07-20,INE662A01027,SUPERSPIN,BE,5.1,5.14,5.1,5.14,5.14,5.1,11588,59462.27,8
2026-07-20,INE712B01010,SUPERHOUSE,EQ,181.65,182.7,171.2,172.95,171.2,179.13,73805,12982769.4,2169
2026-07-20,INE399C01030,SUPRAJIT,EQ,488.0,494.95,481.3,491.15,489.0,490.05,38134,18586297.1,2670
2026-07-20,INE319Z01021,SUPREMEENG,BZ,1.8,1.8,1.8,1.8,1.8,1.77,48220,86796.0,33
2026-07-20,INE0U6N01014,SFML,SM,24.7,24.7,24.7,24.7,24.7,24.85,1600,39520.0,1
2026-07-20,INE822E01011,SUPREME,EQ,45.54,45.79,45.24,45.54,45.67,45.24,9703,441256.02,187
2026-07-20,INE195A01028,SUPREMEIND,EQ,3433.7,3479.5,3424.3,3436.7,3445.0,3433.7,49530,170611608.3,8275
2026-07-20,INE550H01011,SUPREMEINF,EQ,81.67,81.91,77.15,78.81,79.49,80.01,17079,1365961.98,354
2026-07-20,INE663A01033,SPLPETRO,EQ,693.9,744.0,685.0,705.35,702.95,693.9,1237977,891617119.5,41426
2026-07-20,INE0QHG01026,SUPREMEPWR,ST,219.05,222.9,215.1,218.35,216.5,219.05,24000,5226675.0,45
2026-07-20,INE07RO01027,SUPRIYA,EQ,821.5,847.5,821.5,837.3,836.6,828.7,103137,86324299.2,7418
2026-07-20,INE843S01025,SURAJEST,EQ,199.18,200.56,198.0,198.6,199.5,199.18,44698,8887180.92,898
2026-07-20,INE713C01016,SURAJLTD,EQ,220.25,230.0,220.25,228.5,229.0,224.91,190,43279.95,18
2026-07-20,INE877V01027,SURAKSHA,EQ,259.0,260.0,256.1,258.1,257.05,259.0,14894,3839905.7,1079
2026-07-20,INE272L01022,SURANASOL,EQ,25.9,26.88,25.9,26.21,26.1,26.13,35501,927182.81,388
2026-07-20,INE130B01031,SURANAT&P,EQ,18.19,18.19,17.63,17.77,17.67,17.98,43928,784005.77,282
2026-07-20,INE01ZJ01015,SURANI,SM,102.9,106.0,102.9,106.0,106.0,100.7,2600,268820.0,8
2026-07-20,INE05ST01028,SBGLP,EQ,25.02,25.88,25.01,25.67,25.67,25.01,19870,509137.16,76
2026-07-20,INE335A01020,SURYAROSNI,EQ,245.0,245.95,241.0,241.9,241.8,246.65,240274,58369164.9,5333
2026-07-20,INE713B01026,SURYALAXMI,EQ,56.6,58.19,56.6,57.0,56.8,56.93,7298,416886.65,64
2026-07-20,INE132C01027,SURYALA,EQ,422.05,425.0,415.0,418.05,418.1,422.5,2007,839259.7,68
2026-07-20,INE428Q01011,SURYODAY,EQ,180.04,183.9,178.21,183.05,183.65,179.79,140233,25372599.6,2547
2026-07-20,INE645H01027,SUTLEJTEX,BE,38.0,39.4,38.0,39.05,39.05,39.25,10955,423234.58,97
2026-07-20,INE495B01038,SUVEN,EQ,325.9,344.25,323.4,338.5,338.0,325.9,1119625,377113803.65,24274
2026-07-20,INE018401013,SUVIDHAA,EQ,2.59,2.61,2.55,2.55,2.55,2.58,36255,93375.65,120
2026-07-20,INE442P01014,SUYOG,EQ,852.9,858.0,828.0,843.85,840.0,849.85,18263,15459908.25,1512
2026-07-20,INE040H01021,SUZLON,EQ,52.07,53.29,51.61,53.09,53.2,51.99,51555144,2720225945.03,88056
2026-07-20,INE308E01029,SVPGLOB,BE,4.0,4.0,3.71,3.96,3.97,3.89,26432,104462.0,37
2026-07-20,INE665A01038,SWANCORP,EQ,308.2,317.25,308.2,311.45,311.65,310.55,718568,224381167.15,11906
2026-07-20,INE542F01020,SWANDEF,BE,2216.9,2273.0,2189.0,2261.9,2265.0,2229.6,16691,37242783.5,491
2026-07-20,INE277A01016,SWARAJENG,EQ,3724.1,3830.0,3651.9,3676.1,3674.2,3709.3,147850,552461242.4,20217
2026-07-20,INE0GMR01016,SWARAJ,SM,356.0,362.0,336.0,359.9,357.5,362.45,213500,75553800.0,147
2026-07-20,INE0DGC01025,SWASTIK,ST,18.3,18.3,18.3,18.3,18.3,17.95,1200,21960.0,1
2026-07-20,INE409B01013,SWELECTES,EQ,612.9,625.3,609.05,617.75,614.75,617.85,9192,5662740.8,876
2026-07-20,INE00H001014,SWIGGY,EQ,275.99,276.28,270.0,270.53,270.4,276.87,9205767,2511888161.96,59502
2026-07-20,INE01IH01015,SYLVANPLY,SM,56.15,58.0,56.15,58.0,58.0,58.5,22000,1272300.0,3
2026-07-20,INE225D01027,SYMPHONY,EQ,700.0,710.0,696.0,706.7,708.95,699.45,63964,44985312.55,3753
2026-07-20,INE312C01025,SYNCOMF,EQ,13.39,13.78,13.39,13.57,13.69,13.47,972161,13114994.69,2441
2026-07-20,INE00QT01015,SGIL,EQ,596.05,614.0,595.0,610.35,609.0,595.4,6975,4212209.5,346
2026-07-20,INE398R01022,SYNGENE,EQ,417.45,420.0,410.8,417.6,416.05,417.45,1075027,448251085.6,43247
2026-07-20,INE0BTR01012,SYNOPTICS,ST,73.5,77.0,73.5,76.35,77.0,73.65,4200,320700.0,6
2026-07-20,INE0DYJ01015,SYRMA,EQ,1349.8,1357.8,1330.1,1340.8,1340.6,1359.1,345535,464971761.8,23265
2026-07-20,INE0O7R01011,SYSTANGO,SM,223.0,232.0,222.0,224.15,225.7,222.0,12000,2711820.0,27
2026-07-20,INE356B01024,SYSTMTXC,BE,63.9,64.9,61.0,62.55,64.5,63.85,9312,581112.69,92
2026-07-20,INE592B01024,TTL,EQ,6.88,6.88,6.42,6.46,6.43,6.56,105251,685227.97,170
2026-07-20,INE524T01011,TAALTECH,EQ,3911.2,3911.2,3794.2,3850.8,3900.0,3933.0,2372,9120186.8,531
2026-07-20,INE0SOY01013,TAC,SM,470.0,491.65,470.0,483.05,484.9,468.25,142600,69264190.0,467
2026-07-20,INE123C01018,TAINWALCHM,EQ,220.0,224.77,210.2,211.81,211.35,215.64,14311,3076261.1,631
2026-07-20,INE586B01026,TAJGVK,EQ,363.0,364.95,356.85,361.15,359.1,360.95,106217,38245542.15,3742
2026-07-20,INE142I01023,TAKE,EQ,19.24,20.0,18.57,19.98,19.99,19.05,1204445,24043012.89,1133
2026-07-20,INE187D01029,TALBROAUTO,EQ,406.45,425.0,404.65,416.55,416.1,405.1,204365,84741072.95,7641
2026-07-20,INE864J01012,TAMBOLIIN,BE,226.0,226.0,213.6,216.32,213.6,218.36,1042,226390.49,20
2026-07-20,INE668A01016,TMB,EQ,789.0,812.95,786.0,806.05,808.5,797.35,116181,92880390.35,10412
2026-07-20,INE107A01015,TNPL,EQ,145.25,148.0,143.8,145.94,145.1,145.25,94091,13694608.28,2204
2026-07-20,INE148A01019,TNPETRO,EQ,94.3,95.19,93.21,94.18,94.0,95.0,35538,3350375.39,1109
2026-07-20,INE141D01018,TNTELE,EQ,9.02,9.14,8.3,9.02,8.91,9.1,47011,416358.44,180
2026-07-20,INE0Z7N01017,TANKUP,ST,1170.0,1170.0,1170.0,1170.0,1170.0,1157.9,500,585000.0,2
2026-07-20,INE483C01032,TANLA,EQ,582.8,586.35,569.1,572.9,571.9,584.55,500893,288853886.75,16962
2026-07-20,INE555Z01020,TARACHAND,EQ,55.35,56.97,55.35,55.89,55.7,56.05,44723,2519152.67,1363
2026-07-20,INE747K01017,TARAPUR,EQ,17.53,18.17,16.96,17.09,17.2,17.85,21737,376233.41,183
2026-07-20,INE0EK901012,TARC,EQ,118.38,118.56,116.22,117.01,117.0,118.38,155317,18168004.75,1878
2026-07-20,INE924H01018,TARMAT,EQ,48.0,51.8,48.0,50.26,49.71,48.3,15285,765437.24,215
2026-07-20,INE144Z01023,TARSONS,EQ,285.0,293.2,278.0,281.35,282.1,287.45,86602,24584545.25,2647
2026-07-20,INE488B01017,TASTYBITE,EQ,8746.5,9054.5,8682.0,8790.5,8719.5,8746.5,7220,64456854.0,2318
2026-07-20,INE976I01016,TATACAP,EQ,353.8,354.0,346.65,353.0,353.0,354.2,718398,251797357.1,20881
2026-07-20,INE092A01019,TATACHEM,EQ,698.45,698.45,691.3,693.6,693.0,698.45,161924,112378254.5,8465
2026-07-20,INE151A01013,TATACOMM,EQ,1815.0,1862.6,1815.0,1822.6,1823.0,1817.1,106024,193826790.5,9853
2026-07-20,INE467B01029,TCS,EQ,2280.1,2283.4,2245.1,2251.1,2251.0,2269.0,2202693,4971623639.2,81615
2026-07-20,INE192A01025,TATACONSUM,EQ,1089.0,1097.9,1085.3,1091.9,1093.0,1088.6,1003699,1094720049.2,25278
2026-07-20,INE670A01012,TATAELXSI,EQ,3505.0,3565.8,3486.0,3536.7,3529.0,3503.2,337983,1190478139.8,28966
2026-07-20,INE672A01026,TATAINVEST,EQ,662.3,664.85,657.5,662.0,662.85,662.3,123464,81577953.8,7589
2026-07-20,INE1TAE01010,TMCV,EQ,413.0,414.65,406.1,409.35,410.0,414.65,8282450,3392153724.1,135719
2026-07-20,INE155A01022,TMPV,EQ,335.5,337.6,332.45,336.45,336.1,335.6,7562963,2536256210.65,78982
2026-07-20,INE245A01021,TATAPOWER,EQ,377.0,385.5,375.55,384.3,384.5,377.25,4957842,1897368191.45,63603
2026-07-20,INE081A01020,TATASTEEL,EQ,186.68,187.19,185.76,186.41,186.5,185.89,11188887,2086313974.46,105867
2026-07-20,INE142M01025,TATATECH,EQ,764.7,775.0,732.05,748.7,744.75,758.05,1511592,1131076587.3,51612
2026-07-20,INE517B01013,TTML,EQ,41.25,41.25,39.02,40.24,40.28,40.28,1395593,56369396.19,6945
2026-07-20,INF277K015R5,NETF,EQ,257.22,266.0,257.22,263.34,262.82,263.82,1024,269079.41,159
2026-07-20,INF277K010X4,NPBET,EQ,288.0,289.33,285.88,289.05,289.05,294.67,6698,1932380.32,53
2026-07-20,INF277KA1364,TNIDETF,EQ,85.27,85.9,85.21,85.28,85.4,85.27,35241,3010599.2,532
2026-07-20,INF277KA1976,TATAGOLD,EQ,13.65,13.79,13.65,13.73,13.74,13.61,36937534,506362341.39,79097
2026-07-20,INF277KA1984,TATSILV,EQ,20.85,21.2,20.85,21.11,21.14,20.81,33542248,708112924.01,54451
2026-07-20,INE0GK401011,TATVA,EQ,1525.0,1713.7,1520.0,1713.7,1713.7,1428.1,3293772,5510336543.9,115191
2026-07-20,INE0XWS01018,TAURIAN,SM,393.8,417.0,384.0,389.55,385.0,396.95,77600,31275480.0,89
2026-07-20,INE053F07835,753IRFC30,NJ,1124.18,1124.77,1124.18,1124.76,1124.76,1126.29,179,201289.54,3
2026-07-20,INE906B07EP5,769NHAI31,NE,1150.0,1150.0,1146.06,1146.06,1146.06,1151.0,517,594490.88,4
2026-07-20,INE906B07EI0,735NHAI31,N9,1110.0,1110.0,1110.0,1110.0,1110.0,1108.0,50,55500.0,1
2026-07-20,INE906B07EJ8,76NHAI31,,1107.0,1108.0,1105.2,1108.0,1108.0,1107.0,1702,1884322.2,9
2026-07-20,INE0N2D01013,TBI,SM,66.0,67.2,64.55,65.95,65.8,66.0,24600,1621410.0,36
2026-07-20,INE673O01025,TBOTEK,EQ,1440.0,1458.1,1427.6,1444.6,1435.0,1459.0,81473,117586413.2,7609
2026-07-20,INE887D01016,TCC,EQ,294.9,299.0,281.0,284.65,288.0,292.8,19842,5664238.5,1682
2026-07-20,INE586V01016,TCIEXP,EQ,580.6,589.0,561.05,577.65,588.0,580.4,53379,30555350.85,2894
2026-07-20,INE911B01018,TCIFINANCE,BE,15.7,16.2,15.15,15.43,15.29,15.7,37538,590071.94,144
2026-07-20,INE822C01015,TCPLPACK,EQ,3173.2,3235.0,3135.1,3143.7,3164.0,3215.8,3515,11099304.4,808
2026-07-20,INE419M01027,TDPOWERSYS,EQ,1125.0,1157.0,1120.5,1141.1,1144.3,1127.7,359907,411049401.8,21308
2026-07-20,INE289C01025,TEAMGTY,EQ,229.65,229.65,211.1,223.12,222.0,222.25,1423,309402.59,273
2026-07-20,INE985S01024,TEAMLEASE,EQ,1428.5,1461.0,1375.0,1382.4,1383.2,1428.6,37315,52878774.2,7522
2026-07-20,INE065J01024,TPHQ,EQ,0.44,0.44,0.42,0.43,0.44,0.42,935654,403711.72,339
2026-07-20,INE2OL601013,TEAMTECH,SM,126.0,136.0,125.25,132.35,130.0,118.9,212000,27365000.0,98
2026-07-20,INE669C01036,TECHM,EQ,1577.6,1608.0,1572.4,1576.4,1576.5,1572.9,2324331,3687229141.6,78337
2026-07-20,INE0Y5H01014,TECHD,ST,635.05,649.0,621.0,630.3,623.2,649.1,6900,4373505.0,22
2026-07-20,INE0JQS01019,TECHERA,SM,162.45,163.3,154.05,154.3,154.1,159.75,62400,9794440.0,69
2026-07-20,INE285K01026,TECHNOE,EQ,1030.0,1030.0,1008.0,1013.6,1014.0,1034.1,138797,140909339.4,10844
2026-07-20,INE545H01011,TIIL,EQ,2558.0,2579.7,2542.1,2567.1,2573.0,2538.3,5290,13545617.2,793
2026-07-20,INE314H01012,TECHNVISN,EQ,3301.0,3310.0,3222.8,3292.6,3250.0,3301.0,660,2170264.4,124
2026-07-20,INE014B01011,TECILCHEM,EQ,10.65,10.65,9.5,9.82,9.65,10.38,25855,257397.95,103
2026-07-20,INE0K6601012,TGL,SM,23.8,23.8,22.8,22.8,22.8,23.95,52800,1207010.0,92
2026-07-20,INE011K01018,TEGA,EQ,1620.0,1630.2,1603.1,1619.6,1630.0,1622.2,23392,37838277.7,3014
2026-07-20,INE0R1301019,TEJA,ST,570.0,580.0,545.3,580.0,580.0,574.0,6600,3686760.0,11
2026-07-20,INE17WC01013,TEJASCARGO,SM,365.75,365.75,365.75,365.75,365.75,385.0,400,146300.0,1
2026-07-20,INE010J01012,TEJASNET,EQ,538.0,549.5,532.0,543.4,541.5,538.9,1033521,558810223.95,23769
2026-07-20,INE869Y01010,TEMBO,EQ,547.2,557.95,545.6,547.0,549.95,547.2,114242,62967778.7,2703
2026-07-20,INE19RI01016,TENNIND,EQ,554.0,560.85,550.2,557.25,558.9,554.4,473613,263654000.15,16507
2026-07-20,INE482B01010,TERASOFT,EQ,409.85,409.85,396.15,399.8,399.65,399.0,3245,1301050.15,335
2026-07-20,INE435C01024,TEXINFRA,EQ,114.27,114.55,112.62,114.01,113.5,113.56,85020,9657623.52,683
2026-07-20,INE621L01012,TEXRAIL,EQ,114.1,115.5,113.71,114.86,115.18,115.28,971257,111387400.02,8546
2026-07-20,INE141K01013,TEXMOPIPES,EQ,42.0,43.75,42.0,43.34,43.5,43.06,7847,339825.82,209
2026-07-20,INE733E07JW2,762NTPC35F,ND,1234.0,1234.0,1234.0,1234.0,1234.0,1215.0,3,3702.0,1
2026-07-20,INE797H01018,TGBHOTELS,EQ,8.84,8.84,8.5,8.55,8.55,8.67,15270,132224.0,119
2026-07-20,INE0QJL01014,TCL,SM,130.1,130.1,123.0,125.0,125.0,129.5,12800,1601440.0,15
2026-07-20,INE077P01034,THACKER,BE,1089.9,1089.9,1089.9,1089.9,1089.9,1089.9,1,1089.9,1
2026-07-20,INE403F01017,THAKDEV,EQ,146.65,146.65,143.29,146.47,146.65,142.58,472,69165.0,23
2026-07-20,INE085J01014,THANGAMAYL,EQ,6454.5,6564.0,6315.5,6385.5,6399.0,6436.0,113603,729708673.0,18893
2026-07-20,INE294Z01018,ANUP,EQ,2166.3,2186.0,2117.2,2165.2,2179.0,2166.3,7733,16733899.1,2055
2026-07-20,INE319B01014,BYKE,BE,32.42,33.95,32.41,32.95,33.85,33.41,22415,733635.31,94
2026-07-20,INE017A01032,GESHIP,EQ,1344.0,1414.9,1340.0,1387.1,1384.2,1345.4,917062,1279407750.2,53855
2026-07-20,INE646C01018,GROBTEA,EQ,905.0,910.0,903.4,909.4,909.5,904.6,163,147624.8,18
2026-07-20,INE127B01011,HITECHGEAR,BE,629.45,634.95,615.05,627.95,627.0,626.35,811,509302.85,67
2026-07-20,INE383A01012,INDIACEM,EQ,398.0,399.95,383.15,392.5,390.8,410.3,1559839,613376024.45,32478
2026-07-20,INE053A01029,INDHOTEL,EQ,726.0,727.15,718.0,725.05,726.0,727.9,1821379,1317345621.2,28718
2026-07-20,INE924D01017,THEINVEST,EQ,98.8,98.8,95.21,97.12,96.2,97.35,4267,412045.98,110
2026-07-20,INE470Y01017,NIACL,EQ,175.1,177.29,174.23,176.8,176.99,174.82,559112,98418919.28,8049
2026-07-20,INE431F01018,PKTEA,EQ,712.7,718.9,705.55,718.9,718.9,712.7,390,275530.95,17
2026-07-20,INE211B01039,PHOENIXLTD,EQ,2080.0,2092.8,2052.1,2074.0,2070.1,2075.8,215029,445859490.7,22351
2026-07-20,INE331A01037,RAMCOCEM,EQ,920.0,934.2,913.15,925.8,933.05,919.8,60093,55439711.75,5002
2026-07-20,INE301D01026,RUBYMILLS,BE,401.8,419.0,392.95,392.95,392.95,413.6,20207,8034062.25,467
2026-07-20,INE683A01023,SOUTHBANK,EQ,44.6,46.5,44.1,46.18,46.21,44.6,25625417,1158274743.42,41066
2026-07-20,INE655A01013,STCINDIA,EQ,120.9,121.99,119.0,119.36,119.45,120.2,47310,5706744.57,1253
2026-07-20,INE071E01023,UGARSUGAR,EQ,40.29,40.5,39.41,39.56,39.82,39.99,67647,2687950.3,965
2026-07-20,INE215F01023,WIPL,EQ,166.13,169.9,165.0,168.55,166.13,166.13,123,20639.36,25
2026-07-20,INE121N01019,THEJO,EQ,1869.3,1925.0,1855.1,1910.4,1908.0,1880.3,15015,28428501.0,724
2026-07-20,INE083B01024,THEMISMED,EQ,108.82,116.97,108.82,113.21,112.4,109.9,252149,28873839.67,5164
2026-07-20,INE152A01029,THERMAX,EQ,4632.0,4734.0,4611.0,4710.5,4711.0,4662.0,152461,716998322.5,23505
2026-07-20,INE0SHE01019,THESL,ST,19.7,20.45,19.7,20.05,20.05,19.5,15000,303300.0,5
2026-07-20,INE338A01024,TIRUMALCHM,EQ,164.7,164.7,161.0,162.42,162.5,165.21,245195,39845295.98,3221
2026-07-20,INE332A01027,THOMASCOOK,EQ,102.1,103.75,101.21,103.14,102.4,102.68,520076,53536813.48,3991
2026-07-20,INE480M01011,THOMASCOTT,EQ,306.65,313.05,299.4,307.1,306.25,311.15,21397,6571772.8,1104
2026-07-20,INE594H01019,THYROCARE,EQ,520.0,563.0,515.35,555.5,554.25,520.6,1185038,655158179.4,50868
2026-07-20,INE906O01029,TIGERLOGS,BE,32.84,32.93,31.5,32.14,32.5,32.55,20976,670360.77,127
2026-07-20,INE440L01017,TIJARIA,EQ,4.68,4.68,4.14,4.52,4.58,4.31,153361,697310.83,237
2026-07-20,INE806C01018,TIL,EQ,216.7,226.0,215.05,221.11,222.0,217.49,198145,44003870.97,3387
2026-07-20,INE133E01013,TI,EQ,441.9,445.1,439.4,442.85,443.5,442.2,310951,137490755.0,10592
2026-07-20,INE508G01029,TIMETECHNO,EQ,203.98,214.0,203.2,213.11,213.7,204.03,8168659,1705969440.79,60886
2026-07-20,INE0IJY01014,TIMESCAN,SM,40.25,40.25,40.25,40.25,40.25,42.35,2000,80500.0,1
2026-07-20,INE064A01026,TIMEX,EQ,530.0,573.35,527.3,567.45,568.5,534.0,375240,209844236.6,18258
2026-07-20,INE325A01013,TIMKEN,EQ,3145.0,3168.2,3115.0,3129.5,3129.0,3142.2,20673,64816978.7,9430
2026-07-20,INE015C01016,TINNARUBR,EQ,989.2,1189.9,973.3,1189.9,1189.9,991.6,1222578,1352203988.0,56420
2026-07-20,INE0LQS01015,TIPSFILMS,EQ,330.05,332.6,315.9,325.95,323.8,330.05,6140,2010323.75,253
2026-07-20,INE716B01029,TIPSMUSIC,EQ,700.0,741.0,689.15,710.55,713.5,669.0,3348599,2403396699.4,117489
2026-07-20,INE319Y01024,TIRUPATIFL,EQ,68.0,70.98,66.61,69.96,70.98,68.17,460812,31741344.73,2286
2026-07-20,INE615H01020,TITAGARH,EQ,852.0,873.0,839.7,867.2,872.0,859.85,356137,304398381.55,20356
2026-07-20,INE280A01028,TITAN,EQ,4638.1,4660.0,4625.3,4643.4,4639.5,4638.1,274158,1273363865.8,43332
2026-07-20,INE932C01012,TOKYOPLAST,BE,82.85,82.85,80.0,82.2,82.2,81.05,847,68444.5,17
2026-07-20,INE0RWQ01014,TOLINS,EQ,102.61,105.83,102.1,104.91,105.01,102.83,51916,5388648.74,796
2026-07-20,INE685A01028,TORNTPHARM,EQ,4750.0,5030.0,4735.1,5005.4,4980.0,4763.0,959571,4747850656.0,73212
2026-07-20,INE813H01021,TORNTPOWER,EQ,1391.5,1447.0,1391.5,1433.3,1435.2,1390.5,552651,791195485.1,24229
2026-07-20,INE336X01012,TOTAL,EQ,53.16,55.3,51.52,51.89,51.57,53.42,21598,1142504.45,129
2026-07-20,INE486Y01013,TOUCHWOOD,EQ,68.16,68.36,66.81,67.51,67.51,68.32,540,36355.13,45
2026-07-20,INE305A01023,TFCILTD,EQ,85.47,86.5,80.88,82.74,83.14,85.03,10342968,864950328.42,48940
2026-07-20,INE413G01022,TPLPLASTEH,EQ,80.2,84.1,80.2,82.93,82.5,79.63,221290,18230136.78,2383
2026-07-20,INE0HMF01019,TRACXN,EQ,30.32,30.49,29.01,30.01,30.0,30.17,125709,3756000.88,985
2026-07-20,INE763I01026,TARIL,EQ,332.0,334.55,320.85,333.6,333.8,332.5,1859312,612073336.35,28679
2026-07-20,INE0O3901029,TREL,EQ,24.65,24.89,23.92,24.73,24.65,24.12,64794,1579088.74,424
2026-07-20,INE687A01016,TRANSPEK,EQ,1004.6,1071.0,1004.6,1033.5,1041.1,1015.6,16255,16971831.1,2226
2026-07-20,INE688A01022,TCI,EQ,937.95,937.95,923.1,930.15,932.0,930.85,52627,48959525.3,3054
2026-07-20,INE454P01035,TRANSRAILL,EQ,497.4,500.9,494.45,496.0,495.7,501.3,142081,70630949.55,5524
2026-07-20,INE0NVI01020,TRANSTEEL,SM,119.95,119.95,115.0,116.35,115.9,117.8,29000,3415800.0,25
2026-07-20,INE804H01012,TFL,EQ,11.0,11.49,10.3,10.71,10.65,11.27,26134,277394.67,286
2026-07-20,INE757B01015,TRANSWORLD,BE,161.5,164.91,157.0,164.49,164.91,157.06,13803,2237948.44,95
2026-07-20,INE103V01028,TRAVELFOOD,EQ,1293.5,1316.8,1281.3,1304.2,1304.0,1293.6,10172,13239720.1,1697
2026-07-20,INE040M01013,TREEHOUSE,EQ,6.18,6.68,5.52,6.11,6.09,6.08,86244,522366.25,195
2026-07-20,INE00CA01015,TREJHARA,EQ,143.89,143.89,134.24,135.02,136.0,137.99,131070,17712443.93,548
2026-07-20,INE849A01020,TRENT,EQ,2840.0,2935.0,2837.0,2925.9,2928.9,2842.4,1557787,4540193074.7,73227
2026-07-20,INE391D01019,TRF,EQ,246.2,249.89,239.0,243.36,243.54,241.77,19448,4777775.95,770
2026-07-20,INE760L01018,TBZ,EQ,258.9,261.79,250.89,255.62,256.0,258.13,938424,240005080.29,16668
2026-07-20,INE064C01022,TRIDENT,EQ,25.5,25.66,25.15,25.31,25.29,25.21,4926568,124989615.35,14316
2026-07-20,INE0QD201012,TECHLABS,ST,134.9,142.55,134.9,142.3,142.0,135.8,20875,2959150.0,78
2026-07-20,INE948A01012,TRIGYN,EQ,55.9,55.94,53.3,53.79,53.66,55.53,20882,1134140.92,494
2026-07-20,INE256C01024,TRIVENI,EQ,472.2,481.0,468.35,470.35,469.65,472.15,643789,305988225.5,21949
2026-07-20,INE152M01016,TRITURBINE,EQ,613.05,623.7,612.25,614.2,615.25,615.25,376472,232231102.6,24876
2026-07-20,INE0SYV01018,TROM,ST,60.0,60.0,57.0,57.1,57.1,60.0,6000,352290.0,8
2026-07-20,INE0MWH01014,TRUALT,EQ,414.55,424.6,411.0,420.1,420.45,417.2,204574,85586738.6,8093
2026-07-20,INE615R01029,TRU,EQ,5.06,5.09,4.81,4.89,4.9,5.0,156079,766240.93,249
2026-07-20,INE0SWN01019,TRUST,SM,30.0,30.0,28.25,29.0,29.0,30.0,4800,140940.0,7
2026-07-20,INE16VK01010,TSC,SM,29.95,30.1,28.75,30.0,30.1,29.7,16000,473000.0,8
2026-07-20,INE202Z01029,TSFINV,EQ,468.1,480.0,466.0,477.55,475.1,470.4,91716,43573655.8,6923
2026-07-20,INE910C01018,TTKHLTCARE,EQ,975.3,1070.0,956.1,1015.9,1005.1,980.45,61523,62603888.25,3808
2026-07-20,INE690A01028,TTKPRESTIG,EQ,679.0,679.95,663.1,665.45,665.3,672.5,45294,30462572.65,3821
2026-07-20,INE974X01010,TIINDIA,EQ,2892.0,2905.2,2842.2,2886.9,2893.0,2888.6,201583,579083407.9,26518
2026-07-20,INE0OXV01027,TUNWAL,SM,25.75,26.85,25.75,26.6,26.6,25.75,116000,3057900.0,49
2026-07-20,INE0OC301013,TURTLEMINT,EQ,142.0,154.3,140.32,144.29,143.51,136.06,10269119,1521957512.25,93359
2026-07-20,INE038F01029,TVTODAY,EQ,123.0,123.99,121.0,122.04,121.9,122.51,15913,1943848.01,697
2026-07-20,INE871L01013,TVVISION,EQ,5.03,5.03,4.7,4.75,4.72,4.93,15148,72118.45,106
2026-07-20,INE236G01019,TVSELECT,EQ,507.0,518.5,504.0,512.95,513.0,506.1,38470,19748033.95,2475
2026-07-20,INE105A01035,TVSHLTD,EQ,13980.0,14086.0,13835.0,14031.0,14034.0,13942.0,3160,44146297.0,1729
2026-07-20,INE494B01023,TVSMOTOR,EQ,3619.8,3619.8,3550.1,3590.2,3587.9,3618.2,438353,1570239696.1,31776
2026-07-20,INE494B04019,TVSMNCRPS,P1,10.45,11.0,10.35,10.4,10.4,10.4,2309181,24056108.9,487
2026-07-20,INE421C01016,TVSSRICHAK,EQ,4128.5,4149.1,4069.6,4088.5,4100.0,4128.5,3239,13277989.1,788
2026-07-20,INE395N01027,TVSSCS,EQ,135.54,136.99,135.0,136.15,136.99,135.54,266214,36265059.29,3958
2026-07-20,INE388G01026,TICL,EQ,10.2,10.45,9.77,9.77,9.77,10.28,357668,3527282.04,729
2026-07-20,INE152C01025,UYFINCORP,EQ,16.8,17.2,16.74,17.06,17.0,16.75,432111,7332959.69,848
2026-07-20,INE139B01016,UCAL,EQ,120.55,120.55,117.01,118.27,117.9,120.55,8003,948963.12,416
2026-07-20,INE583D07604,1015UCL27,NF,1049.0,1049.0,1049.0,1049.0,1049.0,999.0,6,6294.0,2
2026-07-20,INE691A01018,UCOBANK,EQ,26.0,26.73,25.93,26.64,26.65,26.06,5949497,157006502.45,14307
2026-07-20,INE0N0Y01013,USK,EQ,22.58,22.58,21.72,21.96,21.9,22.06,9969,219118.03,137
2026-07-20,INE516A01017,UFLEX,EQ,440.8,443.4,435.45,437.45,437.2,438.8,24546,10774057.1,1334
2026-07-20,INE527H01019,UFO,EQ,68.49,68.49,66.23,67.51,67.3,67.17,41823,2813999.16,1201
2026-07-20,INE583D01011,UGROCAP,EQ,97.01,98.63,96.02,97.81,98.5,96.73,73653,7145225.95,1049
2026-07-20,INE899L01030,UEL,EQ,124.4,126.95,123.1,123.96,123.98,125.7,3591,446033.09,228
2026-07-20,INE551W01018,UJJIVANSFB,EQ,64.69,65.9,64.51,65.61,65.61,64.88,6983041,455540387.49,25806
2026-07-20,INE405A01021,ULTRAMAR,EQ,380.35,380.35,375.3,378.4,378.3,378.3,13981,5277507.95,1681
2026-07-20,INE481G01011,ULTRACEMCO,EQ,11768.0,12001.0,11652.0,11903.0,11900.0,11727.0,456048,5418781390.0,47280
2026-07-20,INE0GIU01018,UMAEXPORTS,BE,21.0,21.2,19.95,19.96,19.96,21.0,171902,3481864.24,338
2026-07-20,INE398B01018,UMIYA-MRO,EQ,87.03,89.98,87.03,89.68,89.0,88.79,2809,250020.43,134
2026-07-20,INE351A01035,UNICHEMLAB,EQ,583.0,615.15,583.0,595.6,593.5,589.05,104166,62617580.3,5491
2026-07-20,INE00U401027,UNIECOM,EQ,85.59,86.74,85.25,86.25,86.5,86.79,115636,9957815.35,1563
2026-07-20,INE0PRF01011,UNIHEALTH,SM,698.0,719.95,697.0,717.0,717.0,704.95,8500,6037750.0,16
2026-07-20,INE481Z01011,UNIINFO,BE,12.5,12.5,11.95,12.34,12.44,12.5,432,5357.32,13
2026-07-20,INE0B2801011,UNILEX,SM,26.15,26.15,26.0,26.0,26.0,26.15,8000,208240.0,4
2026-07-20,INE0U3I01011,UNIMECH,EQ,1289.0,1304.0,1243.0,1274.5,1273.0,1282.8,201428,256094885.1,13641
2026-07-20,INE692A01016,UNIONBANK,EQ,168.0,177.29,167.77,175.93,175.81,168.46,36352077,6330524629.46,185417
2026-07-20,INF582M01KS4,UNIONGOLD,EQ,140.5,140.5,136.5,138.5,138.35,137.5,2366,327857.8,48
2026-07-20,INE244O01017,UNIPARTS,EQ,675.0,697.0,672.0,691.45,697.0,676.0,63283,43534759.95,4600
2026-07-20,INE037A01022,UNIENTER,EQ,103.45,104.89,101.1,101.71,101.63,103.45,12694,1299519.2,307
2026-07-20,INE694A01020,UNITECH,EQ,4.56,4.65,4.52,4.6,4.6,4.58,1946555,8898154.53,1786
2026-07-20,INE686F01025,UBL,EQ,1353.0,1361.0,1339.3,1350.9,1349.0,1339.7,83589,112790046.7,7077
2026-07-20,INE961D01019,UNIDT,BE,223.54,229.5,216.26,223.98,224.0,223.54,880,195861.48,24
2026-07-20,INE382M01027,UFBL,EQ,667.0,696.4,666.85,666.85,666.85,701.9,114095,76892793.7,4000
2026-07-20,INE0SMR01011,UHTL,ST,99.95,101.9,99.95,101.9,101.9,99.95,60000,6059900.0,30
2026-07-20,INE458F01011,UNITEDTEA,EQ,465.05,466.1,461.1,462.75,462.0,462.0,428,197954.8,93
2026-07-20,INE368U01029,UNITEDPOLY,BE,28.7,30.4,28.21,29.31,29.39,29.69,56472,1620226.97,202
2026-07-20,INE854D01024,UNITDSPR,EQ,1367.0,1399.0,1363.5,1395.3,1397.0,1375.8,656234,910420464.4,38313
2026-07-20,INE562X01013,UNIVASTU,BE,116.23,119.0,112.3,117.17,119.0,116.23,154857,18052793.61,599
2026-07-20,INE279A01012,UNIVCABLES,EQ,1170.0,1207.2,1130.5,1200.8,1203.6,1166.7,74433,87076991.6,7323
2026-07-20,INE03V001013,UNIVPHOTO,BE,457.8,458.1,420.7,438.45,438.0,436.3,1446,636189.2,67
2026-07-20,INE405E01023,UNOMINDA,EQ,1155.0,1163.5,1132.9,1154.4,1152.0,1154.8,431621,496189293.0,21661
2026-07-20,INE148I08272,SCLZC26A,NF,2350.0,2350.0,2350.0,2350.0,2350.0,2350.0,153,359550.0,2
2026-07-20,INE530B08094,10IIFL28A,NE,1026.5,1097.0,1025.1,1025.1,1025.1,1027.92,551,565343.0,6
2026-07-20,INE530B08102,96IIFL28A,NF,1001.0,1001.99,1000.13,1000.13,1000.13,1001.5,442,442595.79,9
2026-07-20,INE477L08147,10IIFL28,N4,1000.0,1000.0,998.79,998.79,998.79,997.74,332,331657.95,11
2026-07-20,INE477L08154,96IIFL28,N5,999.99,1000.8,999.99,1000.0,1000.0,999.99,1238,1238142.9,13
2026-07-20,INE866I08279,10IIFL29,N6,1024.99,1040.0,1023.75,1036.52,1040.0,1016.0,51,52851.24,4
2026-07-20,INE306N08292,910TCAP28,,1104.01,1106.0,1102.0,1106.0,1106.0,1102.62,35,38642.01,6
2026-07-20,INE851I01011,UDS,EQ,198.0,202.4,193.1,193.52,193.32,194.21,205485,40444406.6,4231
2026-07-20,INE628A01036,UPL,EQ,613.5,613.85,605.0,606.05,605.55,616.6,1748870,1063363737.1,39115
2026-07-20,INE568Z01015,URAVIDEF,BE,113.99,119.1,113.99,115.44,115.4,113.63,10504,1235649.43,81
2026-07-20,INE0CAZ01013,URBANCO,EQ,130.35,134.29,129.46,133.6,133.78,130.35,1724676,228285493.09,21134
2026-07-20,INE0O0201019,URBAN,SM,125.25,127.05,123.0,124.85,127.05,127.25,16800,2088320.0,21
2026-07-20,INE550C01020,URJA,EQ,9.34,9.35,9.17,9.25,9.3,9.31,637054,5882164.07,2809
2026-07-20,INE240C01028,UMESLTD,EQ,5.57,5.57,5.2,5.32,5.33,5.4,2122,11276.31,29
2026-07-20,INE228A01035,USHAMART,EQ,494.95,510.4,492.85,508.4,506.0,494.95,404640,204187866.55,11832
2026-07-20,INE00NI01015,UCL,ST,172.5,172.5,172.5,172.5,172.5,176.0,2000,345000.0,1
2026-07-20,INE094J01016,UTIAMC,EQ,940.1,940.1,928.0,929.85,928.6,940.1,107105,99769280.1,9469
2026-07-20,INF789F1AUV1,BANKBETA,EQ,60.98,60.98,59.56,59.98,60.12,60.44,91628,5475765.74,813
2026-07-20,INF789F1AZF3,GILT10BETA,EQ,26.7,26.89,26.57,26.81,26.81,26.44,8239,220284.94,27
2026-07-20,INF789F1AZD8,ITBETA,EQ,313.45,313.45,305.57,309.88,313.36,307.29,6729,2070202.9,36
2026-07-20,INF789F1AYX9,MIDCAPBETA,EQ,231.94,233.93,229.84,232.71,232.71,231.84,511,118747.3,44
2026-07-20,INF789F1AUW9,NEXT50BETA,EQ,75.74,78.23,75.74,78.15,78.15,77.69,427065,33252448.07,682
2026-07-20,INF789F1AZC0,NIFTYBETA,EQ,269.04,269.09,267.22,268.66,269.09,269.04,14489,3887407.91,609
2026-07-20,INF789FB1X58,SENSEXBETA,EQ,868.28,872.78,854.81,858.77,858.7,863.97,2336,2008833.64,305
2026-07-20,INF789F1AYK6,SILVERBETA,EQ,209.55,210.41,208.94,209.98,209.98,207.1,445626,93365541.56,3358
2026-07-20,INF789F1AUU3,SNXT50BETA,EQ,93.37,94.36,92.5,94.27,94.27,93.37,2949,276212.22,102
2026-07-20,INF789F1AUX7,GOLDBETA,EQ,118.0,118.95,118.0,118.85,118.85,117.95,379012,44957142.15,2972
2026-07-20,INE1V1R01014,UTKAL,SM,31.65,31.65,31.65,31.65,31.65,30.15,18000,569700.0,8
2026-07-20,INE735W01017,UTKARSHBNK,EQ,14.85,15.16,14.76,15.01,14.97,14.99,3862092,58023421.6,5112
2026-07-20,INE06IJ01010,UTSSAV,ST,540.0,541.0,526.1,537.85,538.0,544.55,15000,7985910.0,21
2026-07-20,INE786F01031,UTTAMSUGAR,EQ,236.3,237.79,233.5,234.72,234.01,236.46,43910,10342453.51,1095
2026-07-20,INE0GXK01018,VMARCIND,SM,278.0,290.0,278.0,285.0,285.0,276.65,270000,77094450.0,160
2026-07-20,INE951I01027,VGUARD,EQ,300.6,302.9,299.7,300.95,302.7,300.15,212621,63923821.05,9829
2026-07-20,INE945H01021,V2RETAIL,EQ,221.13,230.07,220.88,225.92,226.0,221.13,960610,217825487.71,16505
2026-07-20,INE956G01038,WABAG,EQ,2040.4,2124.9,2040.4,2117.0,2119.0,1991.1,1527169,3187291474.7,83095
2026-07-20,INE694D01016,VADILALIND,EQ,6716.0,6864.0,6715.5,6790.5,6775.0,6716.0,8569,58188055.0,1990
2026-07-20,INE884A01027,VAIBHAVGBL,EQ,262.07,262.5,253.2,254.9,254.18,262.07,387596,99771138.12,9350
2026-07-20,INE0JR301013,MADHAVBAUG,ST,203.0,207.0,202.25,207.0,207.0,204.85,1200,244900.0,3
2026-07-20,INE972X01022,VAISHALI,BE,8.05,8.05,7.75,7.82,7.89,7.84,25460,200913.61,101
2026-07-20,INE051B01021,VAKRANGEE,EQ,5.95,5.99,5.91,5.93,5.93,5.95,658552,3910808.08,1332
2026-07-20,INE0JWS01017,VALIANTLAB,BE,63.44,64.88,62.0,64.01,64.08,63.44,8448,535937.92,75
2026-07-20,INE565V01010,VALIANTORG,BE,271.0,272.0,265.3,267.15,267.3,271.95,3630,974869.15,140
2026-07-20,INE879I01012,DBREALTY,BE,118.85,120.5,113.95,114.85,115.5,119.5,323192,37801263.31,1613
2026-07-20,INE1E7Y01018,VALUE360,SM,77.25,80.6,77.15,77.75,77.75,80.25,19200,1508280.0,15
2026-07-20,INE116G01013,VARDHACRLC,BE,43.79,44.0,42.8,43.38,43.39,42.93,7093,305675.18,134
2026-07-20,INE701A01023,VHL,EQ,3449.0,3575.0,3449.0,3548.0,3575.0,3508.2,1087,3851276.6,103
2026-07-20,INE835A01029,VARDMNPOLY,EQ,6.3,6.5,6.3,6.35,6.34,6.39,80729,516822.77,324
2026-07-20,INE050M01012,VSSL,EQ,298.95,310.95,290.8,308.8,310.1,298.35,119689,36234092.7,3218
2026-07-20,INE825A01020,VTL,EQ,636.3,645.45,628.0,631.05,628.0,636.55,124181,78806991.3,8549
2026-07-20,INE665L01035,VARROC,EQ,650.0,651.45,638.6,642.0,640.2,648.2,158756,101936490.6,12969
2026-07-20,INE200M01039,VBL,EQ,462.9,469.7,460.0,468.0,469.3,463.35,4348073,2021100038.5,66418
2026-07-20,INE273D01027,VGL,EQ,61.17,63.4,61.17,62.09,62.74,60.87,23060,1444840.97,712
2026-07-20,INE0N5801013,DENTALKART,SM,435.0,439.0,412.0,420.25,412.0,432.3,12250,5276725.0,38
2026-07-20,INE893I01013,VASCONEQ,BE,34.4,34.5,33.0,33.25,33.0,34.4,124089,4161372.46,636
2026-07-20,INE590L01019,VASWANI,EQ,52.2,53.8,52.0,52.82,53.0,53.07,20559,1089882.46,199
2026-07-20,INE098201036,VCL,EQ,1.17,1.2,1.1,1.1,1.1,1.17,566346,646385.31,402
2026-07-20,INE04HY07294,1025VCCL28,N0,93019.11,96099.0,93019.11,96099.0,96099.0,96000.0,4,378618.11,4
2026-07-20,INE04HY07302,118VCCL27A,N0,100000.0,100000.0,100000.0,100000.0,100000.0,98000.0,1,100000.0,1
2026-07-20,INE04HY07179,12VCCL27A,N0,99949.99,99949.99,99949.99,99949.99,99949.99,99999.99,1,99949.99,1
2026-07-20,INE04HY07344,12VCCL28,N0,99500.0,99500.0,97001.11,97001.11,97001.11,99500.0,2,196501.11,2
2026-07-20,INE04HY08011,125VCCL31,N0,97000.0,97000.0,97000.0,97000.0,97000.0,97000.0,4,388000.0,2
2026-07-20,INE0U2M01015,VDEAL,SM,158.9,158.9,154.0,154.0,154.0,155.15,1200,187740.0,2
2026-07-20,INE825V01034,MANYAVAR,EQ,398.0,416.6,396.05,413.95,416.0,399.2,363096,148956333.55,24240
2026-07-20,INE1CDF01017,VAML,EQ,442.0,445.2,433.2,436.6,436.75,442.0,5685137,2499801586.05,90353
2026-07-20,INE1CLE01013,VISL,EQ,33.8,33.92,32.51,32.92,32.92,33.87,30240347,998666376.77,48941
2026-07-20,INE205A01025,VEDL,EQ,253.05,262.95,252.8,261.85,262.25,253.05,13725150,3566436528.95,104040
2026-07-20,INE704J01044,VOGL,EQ,36.02,36.29,34.91,35.55,35.64,35.66,27109792,965947421.51,53966
2026-07-20,INE694L01019,VEDPOWER,EQ,38.0,38.55,37.22,38.31,38.55,37.9,21099591,799786019.23,55684
2026-07-20,INE484C01030,VEEDOL,EQ,1411.1,1416.7,1386.6,1396.6,1398.0,1408.7,9093,12719331.8,928
2026-07-20,INE0KTW01013,VEEKAYEM,ST,128.0,128.0,128.0,128.0,128.0,130.0,500,64000.0,1
2026-07-20,INE232E01013,VELJAN,BE,1763.1,1779.8,1700.1,1709.4,1705.0,1754.3,259,443590.7,38
2026-07-20,INE398A01010,VENKEYS,EQ,1455.5,1533.5,1447.2,1522.3,1513.0,1450.9,56502,84655786.3,4123
2026-07-20,INE781S01027,VENTIVE,EQ,635.0,646.9,614.0,620.85,620.0,622.15,9448,5892252.3,798
2026-07-20,INE0JA001018,VENUSPIPES,EQ,1699.0,1729.7,1679.1,1701.6,1690.0,1708.8,59570,101609075.1,5869
2026-07-20,INE411B01019,VENUSREM,BE,1740.3,1770.0,1681.5,1693.9,1682.2,1770.0,67333,113985332.2,2405
2026-07-20,INE709Z01015,VERA,SM,65.6,65.6,65.6,65.6,65.6,65.55,21000,1377600.0,3
2026-07-20,INE0IQ001011,VERANDA,EQ,224.0,231.0,220.0,224.07,224.9,224.77,201959,45766129.47,3472
2026-07-20,INE188Y01031,VERTOZ,BE,38.1,38.1,36.2,36.79,36.61,36.97,15049,553125.63,253
2026-07-20,INE386A01023,VESUVIUS,EQ,467.8,473.95,463.85,467.3,467.85,465.9,58849,27590820.65,3944
2026-07-20,INE918N01018,VETO,BE,130.41,132.0,125.65,127.63,126.41,130.41,16912,2180150.3,175
2026-07-20,INE0QTF01015,VSTL,EQ,111.9,115.0,111.2,111.94,111.99,111.91,11042,1235633.41,256
2026-07-20,INE048C01025,VHLTD,BE,130.0,132.99,129.4,131.42,131.49,130.36,18391,2400987.74,72
2026-07-20,INE0F8901022,VICTORYEV,ST,16.45,16.45,16.45,16.45,16.45,16.45,6000,98700.0,2
2026-07-20,INE632C01026,VIDHIING,EQ,311.0,311.0,300.25,306.15,305.0,306.7,14475,4407437.5,732
2026-07-20,INE14UN01029,VIDYAWIRES,EQ,94.82,95.53,92.1,92.66,92.4,94.82,590276,55017010.76,4622
2026-07-20,INE1DM601016,VIGOR,ST,113.7,113.7,107.45,108.9,109.0,113.1,24000,2623760.0,15
2026-07-20,INE043W01024,VIJAYA,EQ,1341.1,1379.4,1327.5,1334.7,1339.7,1341.3,176202,238474399.0,16031
2026-07-20,INE0WL901019,VIJAYPD,SM,72.0,72.0,66.55,67.3,68.5,70.2,42000,2872700.0,20
2026-07-20,INE159N01027,VIJIFIN,BE,8.58,8.58,8.58,8.58,8.58,8.42,81527,699501.66,48
2026-07-20,INE806A01020,VIKASECO,EQ,1.15,1.16,1.12,1.13,1.14,1.15,1923535,2197110.69,1213
2026-07-20,INE161L01027,VIKASLIFE,EQ,1.34,1.37,1.33,1.33,1.33,1.34,1809180,2426557.36,9396
2026-07-20,INE078V01014,VIKRAMSOLR,EQ,192.49,193.7,189.25,191.18,191.7,192.22,1060785,203209301.4,11119
2026-07-20,INE01R501028,VIKRAN,EQ,72.0,72.73,71.41,72.36,72.25,72.13,714672,51575881.18,3889
2026-07-20,INE0AZY01017,VILAS,SM,370.05,376.0,367.35,370.05,369.95,370.3,9500,3528825.0,34
2026-07-20,INE0L4V01013,VILINBIO,SM,43.0,44.35,43.0,44.35,44.35,42.25,40000,1752200.0,8
2026-07-20,INE579C01029,VIMTALABS,EQ,564.0,578.4,526.75,530.25,529.0,559.2,956750,520885284.25,38852
2026-07-20,INE410B01037,VINATIORGA,EQ,1321.0,1329.9,1311.6,1318.8,1322.1,1320.8,27933,36872593.6,3103
2026-07-20,INE707A01012,VINDHYATEL,EQ,1821.4,1838.2,1752.0,1795.1,1773.0,1806.5,30080,53785725.2,4630
2026-07-20,INE505Y01010,VINEETLAB,BE,37.5,38.82,36.25,37.55,37.65,36.98,25255,955863.49,111
2026-07-20,INE27V201011,VMOBILE,ST,93.0,93.0,93.0,93.0,93.0,97.85,49600,4612800.0,11
2026-07-20,INE01KI01027,VINNY,EQ,1.06,1.07,1.05,1.05,1.06,1.06,280687,296624.9,136
2026-07-20,INE0OSJ01014,VINSYS,ST,506.0,511.0,505.0,505.85,507.0,505.35,17000,8602525.0,47
2026-07-20,INE498Q01014,VINCOFE,EQ,160.09,161.99,157.44,158.93,159.0,159.05,1546871,245757515.38,10970
2026-07-20,INE0OLS01010,VINYAS,SM,1330.0,1338.15,1280.0,1286.85,1287.0,1326.15,6700,8737300.0,48
2026-07-20,INE250B01029,VINYLINDIA,EQ,247.35,249.9,245.0,246.65,249.0,246.15,4238,1048611.7,257
2026-07-20,INE450G01024,VIPCLOTHNG,BE,22.0,22.34,21.16,21.84,21.85,22.07,27908,612299.87,146
2026-07-20,INE054A01027,VIPIND,EQ,297.45,302.05,294.0,300.4,300.0,297.45,97227,29085753.75,2607
2026-07-20,INE946H01037,VIPULLTD,BE,14.86,14.86,14.86,14.86,14.86,15.64,41134,611251.24,97
2026-07-20,INE539B01017,VIRINCHI,EQ,15.2,16.92,15.2,16.24,16.1,15.39,84911,1372241.02,313
2026-07-20,INE0VRH01015,VGINFOTECH,SM,148.05,151.0,145.05,145.55,145.2,146.6,30000,4423600.0,29
2026-07-20,INE0I0T01010,VOEPL,EQ,518.0,533.9,498.15,511.2,508.5,509.1,591983,307680497.8,11544
2026-07-20,INE286H01012,VISACHROME,BE,39.63,40.6,39.63,40.49,40.6,39.63,6484,261919.73,44
2026-07-20,INE370E01029,VIVIDHA,EQ,0.51,0.53,0.5,0.52,0.52,0.51,92294,47500.12,153
2026-07-20,INE392A01021,VISAKAIND,EQ,80.95,82.5,79.49,81.1,82.5,80.95,112261,9029354.59,1243
2026-07-20,INE01EA01019,VMM,EQ,110.25,112.5,109.8,111.21,111.28,110.33,5624420,627324830.1,27491
2026-07-20,INE270I01022,VISHNU,EQ,605.75,644.9,605.0,640.1,643.0,605.75,177281,112061375.7,7199
2026-07-20,INE0AE001013,VPRPL,BE,25.04,25.9,25.04,25.9,25.9,25.4,232262,5984633.54,427
2026-07-20,INE0PQ001012,VISHNUINFR,SM,162.0,162.0,162.0,162.0,162.0,162.0,26000,4212000.0,3
2026-07-20,INE430N01022,VISHWARAJ,EQ,5.25,5.38,5.22,5.24,5.27,5.28,155013,815882.44,341
2026-07-20,INE0TR001017,VIESL,SM,316.0,316.0,301.0,303.25,301.0,318.2,24800,7638080.0,28
2026-07-20,INE0L4K01016,VITAL,BE,50.0,50.0,49.76,49.76,49.76,50.77,500,24952.0,2
2026-07-20,INE0MEG01014,VIVIANA,BE,735.3,735.3,699.0,702.95,705.9,730.4,32601,23232641.75,723
2026-07-20,INE24H301028,VIVIDEL,ST,1276.7,1299.0,1260.0,1263.1,1260.0,1276.7,7440,9469500.0,27
2026-07-20,INE526G01021,VIVIMEDLAB,BE,5.45,5.45,5.02,5.26,5.3,5.23,50502,261636.42,105
2026-07-20,INE807F01027,VIYASH,EQ,266.75,271.9,262.25,264.55,264.7,268.65,1618461,433723557.3,28803
2026-07-20,INE03HW01020,VLEGOV,BE,11.35,11.35,11.35,11.35,11.35,11.58,4859,55149.65,52
2026-07-20,INE709A01018,VLSFINANCE,EQ,257.15,262.5,255.55,260.6,261.0,257.15,27376,7102802.75,1018
2026-07-20,INE665J01013,VMART,EQ,743.1,798.0,737.4,785.1,778.7,746.2,185874,145157394.45,15511
2026-07-20,INE0SJA01013,VMSTMT,BE,45.2,45.49,43.55,44.91,44.5,45.12,11032,492284.43,119
2026-07-20,INE669E01016,IDEA,EQ,13.71,13.78,13.42,13.51,13.48,13.74,324121150,4409758809.26,433598
2026-07-20,INE241X01014,VOLERCAR,SM,218.0,227.95,218.0,227.95,227.95,223.9,3200,716520.0,4
2026-07-20,INE540H01012,VOLTAMP,EQ,9521.0,9635.0,9461.0,9530.0,9549.0,9522.0,11922,113774459.0,5146
2026-07-20,INE226A01021,VOLTAS,EQ,1328.5,1361.7,1326.8,1357.4,1359.5,1342.4,272364,367293923.6,12447
2026-07-20,INE0S2V01010,VRAJ,EQ,136.49,136.49,129.75,132.04,131.21,135.16,19978,2651164.02,547
2026-07-20,INE366I01010,VRLLOG,EQ,231.96,233.98,228.15,229.56,230.5,231.96,1160581,266573342.22,13407
2026-07-20,INE710A01016,VSTIND,EQ,233.0,233.0,230.3,231.35,231.85,233.0,219348,50826685.25,3671
2026-07-20,INE764D01017,VSTTILLERS,EQ,4534.9,4534.9,4464.0,4491.1,4499.0,4525.3,4167,18717773.9,1020
2026-07-20,INE765D01022,WPIL,EQ,462.1,468.6,448.4,458.2,455.0,462.1,28467,13004789.2,2128
2026-07-20,INE100D01014,WSI,EQ,62.73,64.35,61.1,61.84,62.0,62.44,57206,3546882.01,741
2026-07-20,INE377N01017,WAAREEENER,EQ,2819.0,2847.5,2733.0,2826.2,2823.2,2840.7,921417,2580752411.6,54036
2026-07-20,INE299N01021,WAAREERTL,EQ,1008.0,1022.8,998.1,1020.4,1022.5,999.2,247158,250483847.7,10978
2026-07-20,INE0E7301029,WAKEFIT,EQ,130.1,131.96,127.0,127.76,127.6,130.09,412747,53523316.17,6504
2026-07-20,INE711A01022,WALCHANNAG,EQ,244.5,253.5,241.05,250.35,249.05,245.9,684245,169683241.4,10075
2026-07-20,INE0G2G01015,WALPAR,SM,34.85,34.85,34.85,34.85,34.85,34.5,2000,69700.0,1
2026-07-20,INE107F01022,WANBURY,EQ,335.0,346.0,331.35,339.9,340.95,332.2,445577,151684237.65,9935
2026-07-20,INE0LZF01013,CORDELIA,EQ,829.0,849.0,818.1,841.5,845.0,825.65,224730,187378756.6,7043
2026-07-20,INE0A3007065,1075WCA28,N0,9750.55,9750.55,9750.55,9750.55,9750.55,9700.0,9,87754.95,4
2026-07-20,INE082W01014,WEWIN,BE,46.21,47.0,44.15,45.35,46.85,46.21,377,17240.48,16
2026-07-20,INF2F0001370,TWCGOLDETF,EQ,146.8,146.8,140.19,141.26,141.3,139.9,8211,1157863.53,308
2026-07-20,INE658T01017,WEALTH,EQ,942.55,964.9,942.55,959.05,962.0,945.5,1260,1201722.45,279
2026-07-20,INE855C01023,WEBELSOLAR,EQ,106.0,106.4,101.02,102.35,102.0,104.29,3042874,315607975.09,15275
2026-07-20,INE080A01014,WEIZMANIND,EQ,80.01,80.01,78.5,78.92,78.65,79.2,1847,145459.99,61
2026-07-20,INE191B01025,WELCORP,EQ,1585.0,1643.6,1582.7,1615.8,1628.8,1581.5,946324,1536284842.9,44971
2026-07-20,INE625G01013,WELENT,EQ,627.0,633.75,622.05,625.55,625.0,626.3,65721,41300972.25,3206
2026-07-20,INE192B01031,WELSPUNLIV,EQ,164.22,166.9,162.5,163.38,163.0,164.4,759706,124918125.96,12086
2026-07-20,INE731F01037,WELSPLSOL,EQ,53.0,53.26,51.69,52.9,52.9,53.21,304246,15964895.23,1695
2026-07-20,INE274C01019,WENDT,EQ,7649.5,7654.5,7541.0,7579.0,7595.0,7583.5,3006,22813525.5,962
2026-07-20,INE976A01021,WSTCSTPAPR,EQ,515.0,523.45,513.1,516.9,516.05,520.4,64243,33299984.3,2173
2026-07-20,INE0CJF01024,WCIL,EQ,94.65,94.79,93.2,93.32,93.2,94.67,27238,2552934.91,667
2026-07-20,INE274F01020,WESTLIFE,EQ,459.1,459.8,443.75,450.1,451.9,459.1,197413,88654591.5,10584
2026-07-20,INE085001019,WEWORK,EQ,678.3,698.2,657.0,681.15,680.0,677.95,837638,569971101.2,51481
2026-07-20,INE715A01015,WHEELS,EQ,1461.0,1473.5,1447.1,1461.3,1456.0,1472.1,38871,56797062.2,4416
2026-07-20,INE716A01013,WHIRLPOOL,EQ,771.8,782.9,768.8,773.55,774.0,771.8,262052,202917695.85,19524
2026-07-20,INE210A01017,WILLAMAGOR,EQ,27.0,27.0,25.9,26.01,25.9,26.32,658,17505.09,22
2026-07-20,INE0H5O01029,WINDLAS,EQ,840.0,876.4,840.0,871.55,873.0,844.25,52133,45162543.55,3901
2026-07-20,INE052A01021,WINDMACHIN,EQ,301.95,301.95,292.0,294.0,293.1,299.5,34051,10083634.95,1262
2026-07-20,INE0S3D01016,WINSOL,SM,120.0,120.7,117.0,117.25,117.0,117.45,10000,1185220.0,21
2026-07-20,INE784B01035,WINSOME,BZ,2.25,2.25,2.25,2.25,2.25,2.21,35059,78882.75,8
2026-07-20,INE075A01022,WIPRO,EQ,177.0,177.8,175.85,176.38,176.55,176.0,10183661,1796392962.93,58124
2026-07-20,INE623Y01011,WTICAB,SM,135.9,135.9,128.5,129.6,130.6,130.65,8000,1051425.0,16
2026-07-20,INE049B01025,WOCKPHARMA,EQ,1902.9,1950.0,1882.0,1923.4,1923.0,1900.7,959200,1842662042.4,43213
2026-07-20,INE0OO201011,WOL3D,ST,139.95,140.85,139.95,140.85,140.85,134.15,5000,702450.0,5
2026-07-20,INE0Q9601016,WOMANCART,SM,98.75,99.85,88.0,90.1,88.0,99.7,96800,8900860.0,176
2026-07-20,INE02WG01024,WEL,EQ,101.26,102.5,101.26,101.95,101.5,101.26,46973,4788745.55,559
2026-07-20,INE066O01014,WONDERLA,EQ,473.7,473.7,461.0,470.8,469.35,469.7,26952,12640890.6,1629
2026-07-20,INE196Y01018,WORTHPERI,EQ,145.99,148.25,139.5,147.31,148.25,145.38,7609,1109093.16,97
2026-07-20,INE692G01013,XCHANGING,EQ,65.0,66.25,63.81,64.87,65.48,65.65,105749,6849734.28,1666
2026-07-20,INE01P501012,XELPMOC,EQ,84.0,84.0,80.0,82.17,82.68,81.22,7745,628514.25,290
2026-07-20,INE445C01015,XPROINDIA,EQ,1390.0,1404.9,1372.0,1387.1,1395.0,1397.3,20226,28069200.3,1681
2026-07-20,INE547B01028,XTGLOBAL,EQ,28.46,28.46,27.8,28.0,28.34,28.49,28033,793890.8,316
2026-07-20,INE0U0J01015,YAAP,ST,169.5,169.5,162.05,169.25,169.25,164.1,10000,1659200.0,10
2026-07-20,INE0TO601017,YASHOPTICS,SM,114.95,114.95,114.95,114.95,114.95,114.95,2400,275880.0,3
2026-07-20,INE616Z01012,YASHO,EQ,2974.0,3100.0,2951.0,3071.5,3030.0,3010.7,27544,83231681.8,3829
2026-07-20,INE08S201019,YCCL,SM,9.75,9.75,9.75,9.75,9.75,9.8,3000,29250.0,1
2026-07-20,INE0JO301016,YATHARTH,EQ,844.0,862.0,840.05,848.9,853.05,844.0,96442,82207625.35,6034
2026-07-20,INE0JR601024,YATRA,EQ,106.6,108.9,106.6,108.41,108.5,108.84,579707,62509871.09,4827
2026-07-20,INE528G01035,YESBANK,EQ,23.65,23.65,22.71,22.93,22.95,23.61,133383727,3068875952.69,121714
2026-07-20,INE09FA01019,YUDIZ,SM,23.25,24.0,23.25,24.0,24.0,24.25,10400,243000.0,2
2026-07-20,INE384C01016,YUKEN,EQ,725.0,749.75,697.0,712.35,717.15,739.45,30137,21446940.95,1429
2026-07-20,INE116C01012,ZFSTEERING,EQ,676.4,687.8,660.1,665.3,660.2,686.7,2896,1941216.2,217
2026-07-20,INE0ISZ01012,ZTECH,SM,566.0,571.0,560.0,569.0,570.0,551.15,3600,2041725.0,12
2026-07-20,INE07K301024,ZAGGLE,EQ,209.05,210.6,204.96,207.79,207.0,209.61,595861,123490212.61,7435
2026-07-20,INE0PPS01018,ZEAL,SM,65.9,66.0,65.9,66.0,66.0,65.6,2400,158340.0,4
2026-07-20,INE256A01028,ZEEL,EQ,107.0,109.6,106.05,107.34,107.25,107.4,19249362,2074837797.55,60368
2026-07-20,INE565L01011,ZEELEARN,BE,8.39,8.69,8.23,8.39,8.35,8.59,221562,1858105.66,420
2026-07-20,INE966H01019,ZEEMEDIA,EQ,8.21,8.21,8.07,8.08,8.1,8.17,868787,7051363.21,1056
2026-07-20,INE251B01027,ZENTEC,EQ,1767.0,1784.0,1730.0,1749.8,1751.0,1769.7,244697,428072329.1,19289
2026-07-20,INE0QWN01013,ZENITHDRUG,SM,48.6,48.6,48.6,48.6,48.6,51.0,2400,116640.0,2
2026-07-20,INE058B01018,ZENITHEXPO,EQ,198.0,198.0,193.4,195.08,195.04,198.0,47,9157.32,12
2026-07-20,INE318D01020,ZENITHSTL,EQ,5.51,5.66,5.22,5.37,5.4,5.51,291032,1551164.48,347
2026-07-20,INE520A01027,ZENSARTECH,EQ,520.7,533.45,516.1,526.35,527.0,518.15,3048065,1602574248.35,54470
2026-07-20,INF0R8F01042,GOLDCASE,EQ,21.85,22.26,21.58,22.22,22.2,22.02,9507789,210980219.59,11668
2026-07-20,INF0R8F01034,LIQUIDCASE,EQ,115.07,115.09,115.07,115.07,115.08,115.07,12556049,1444901633.98,8357
2026-07-20,INF0R8F01133,LTGILTCASE,EQ,30.5,30.97,30.39,30.47,30.48,30.5,46994,1430969.16,286
2026-07-20,INF0R8F01059,MID150CASE,EQ,11.54,11.69,11.39,11.61,11.62,11.54,906129,10496094.53,4721
2026-07-20,INF0R8F01166,NIFTYCASE,EQ,9.97,9.97,9.67,9.7,9.72,9.73,254088,2464717.81,1725
2026-07-20,INF0R8F01091,SILVERCASE,EQ,21.96,22.25,21.91,22.02,22.08,21.71,5841640,128504490.82,8569
2026-07-20,INF0R8F01141,SML100CASE,EQ,10.93,11.27,10.85,10.97,10.99,10.93,2638374,28931625.25,1654
2026-07-20,INF0R8F01067,TOP100CASE,EQ,10.51,10.74,10.46,10.61,10.62,10.61,1047446,11092942.69,1389
2026-07-20,INE342J01019,ZFCVINDIA,EQ,2360.0,2410.0,2324.9,2338.6,2350.0,2410.3,363586,854338526.7,46713
2026-07-20,INE518E01015,ZIMLAB,BE,123.0,123.42,121.0,121.0,121.0,121.0,41636,5052620.92,58
2026-07-20,INE206B01013,ZODIACLOTH,EQ,77.51,77.51,75.72,76.71,76.99,79.15,5249,402409.88,164
2026-07-20,INE761Y01019,ZODIAC,BE,264.0,264.0,251.25,259.4,259.0,261.45,3275,850334.6,167
2026-07-20,INE358U01012,ZOTA,EQ,1338.7,1370.4,1327.0,1331.2,1332.0,1349.7,28928,38717835.8,2904
2026-07-20,INE840M01016,ZUARI,EQ,232.58,232.98,228.98,230.36,231.47,232.58,47062,10857116.89,1404
2026-07-20,INE217A01012,ZUARIIND,EQ,260.4,262.7,259.1,261.05,262.5,262.95,17745,4628112.2,768
2026-07-20,INE010B01027,ZYDUSLIFE,EQ,1140.7,1166.7,1140.7,1149.0,1150.0,1143.7,920664,1062608201.0,32222
2026-07-20,INE768C01028,ZYDUSWELL,EQ,595.0,611.85,589.45,602.5,601.5,586.45,1117244,671544601.05,34888
