trade_date,isin,symbol,series,open,high,low,close,last_price,prev_close,volume,turnover,trades
2026-06-11,IN0020200104,SGBJUN28,GB,14217.0,14401.0,14217.0,14378.9,14378.0,14582.0,83,1193409.81,32
2026-06-11,IN0020200286,SGBN28VIII,GB,14799.0,14799.0,14216.0,14360.0,14360.0,14545.0,255,3655181.54,62
2026-06-11,IN0020210053,SGBMAY29I,GB,14426.0,14426.0,14206.56,14352.61,14335.0,14573.97,416,5962867.7,136
2026-06-11,IN0020210061,SGBJUN29II,GB,14547.69,14547.69,14270.0,14346.15,14350.0,14557.14,374,5361117.27,76
2026-06-11,IN0020210087,SGBJU29III,GB,14349.0,14377.0,14320.0,14364.97,14350.0,14555.92,405,5807263.76,43
2026-06-11,IN0020210145,SGBSEP29VI,GB,14434.94,14434.94,14220.0,14330.84,14325.0,14600.0,752,10783727.29,128
2026-06-11,IN0020210178,SGBNV29VII,GB,14217.0,14498.99,14217.0,14353.83,14380.0,14568.37,407,5838292.26,88
2026-06-11,IN0020180314,SGBNOV26,GB,14374.99,14595.34,14303.12,14307.16,14307.16,14542.01,52,745506.68,9
2026-06-11,IN0020180389,SGBDEC26,GB,14669.0,14669.0,14400.0,14415.3,14415.3,14790.0,24,348458.3,4
2026-06-11,IN0020190073,SGBJUN27,GB,14550.0,14550.0,14170.01,14299.0,14299.0,14589.99,49,699420.18,10
2026-06-11,IN0020190081,SGBJUL27,GB,14449.0,14449.0,14399.99,14400.0,14400.0,14607.0,26,374448.97,6
2026-06-11,IN0020190107,SGBAUG27,GB,14238.57,14400.0,14238.57,14397.99,14397.99,14587.57,16,229744.26,11
2026-06-11,IN0020190115,SGBSEP27,GB,14350.0,14350.0,14350.0,14350.0,14350.0,14579.8,8,114800.0,1
2026-06-11,IN0020180462,SGBJAN27,GB,14447.0,14660.0,14400.0,14581.33,14400.0,14587.93,24,347114.96,11
2026-06-11,IN0020190370,SGBOCT27,GB,14349.0,14349.0,14166.01,14335.0,14335.0,14639.93,38,542267.04,16
2026-06-11,IN0020180561,SGBFEB27,GB,14626.71,14626.71,14181.0,14400.01,14400.01,14481.9,44,631692.77,18
2026-06-11,IN0020190388,SGBOCT27VI,GB,14349.0,14349.0,14325.0,14349.0,14349.0,14553.75,9,129102.0,6
2026-06-11,IN0020190461,SGBDC27VII,GB,14530.0,14530.0,14350.0,14499.0,14499.0,14530.0,33,476398.08,12
2026-06-11,IN0020200062,SGBAPR28I,GB,14400.0,14450.0,14222.0,14320.83,14330.0,14576.76,193,2768116.85,71
2026-06-11,IN0020200088,SGBMAY28,GB,14330.0,14393.79,14316.01,14349.99,14349.99,14561.03,594,8514557.46,52
2026-06-11,IN0020200146,SGBJUL28IV,GB,14320.0,14436.98,14316.02,14399.2,14400.0,14611.19,1926,27668628.55,81
2026-06-11,IN0020190545,SGBFEB28IX,GB,14480.0,14511.0,14201.0,14321.0,14321.0,14567.31,25,361533.0,10
2026-06-11,IN0020200161,SGBAUG28V,GB,14399.0,14400.0,14301.0,14343.66,14376.0,14585.49,927,13303434.9,216
2026-06-11,IN0020200195,SGBSEP28VI,GB,14400.0,14400.0,14250.01,14390.0,14390.0,14562.88,154,2202054.91,46
2026-06-11,IN0020200203,SGBOC28VII,GB,14547.69,14547.69,14225.0,14350.0,14350.0,14560.0,168,2406357.96,40
2026-06-11,IN0020190537,SGBJ28VIII,GB,14400.0,14500.0,14400.0,14400.0,14400.0,14600.0,5,72100.0,3
2026-06-11,IN0020190552,SGBMAR28X,GB,14420.0,14420.0,14100.0,14320.01,14320.01,14559.35,24,344789.0,10
2026-06-11,IN0020210111,SGBJUL29IV,GB,14400.0,14410.0,14310.02,14400.03,14400.0,14615.42,211,3036456.43,33
2026-06-11,IN0020200377,SGBJAN29IX,GB,14315.01,14479.0,14315.01,14409.3,14402.0,14609.39,701,10108800.9,75
2026-06-11,IN0020210129,SGBAUG29V,GB,14546.0,14546.0,14390.25,14406.1,14400.01,14645.89,98,1413796.92,45
2026-06-11,IN0020210228,SGBD29VIII,GB,14271.0,14400.0,14102.0,14339.03,14350.0,14557.69,269,3855165.68,76
2026-06-11,IN0020200385,SGBJAN29X,GB,14500.0,14500.0,14330.01,14400.58,14400.0,14610.8,201,2895989.78,29
2026-06-11,IN0020200393,SGBFEB29XI,GB,14570.0,14736.56,14351.01,14353.85,14352.0,14583.55,124,1793657.3,27
2026-06-11,IN0020200427,SGBMR29XII,GB,14397.0,14399.98,14210.0,14366.16,14380.0,14594.49,149,2130780.66,42
2026-06-11,IN0020220045,SGBJUN30,GB,14450.0,14998.0,14361.0,14453.24,14405.1,14719.54,230,3333585.55,75
2026-06-11,IN0020220078,SGBAUG30,GB,14400.0,14487.49,14321.01,14455.46,14475.0,14666.38,144,2076998.49,57
2026-06-11,IN0020220110,SGBDE30III,GB,14589.9,14589.9,14312.03,14406.59,14360.02,14642.47,276,3983564.52,102
2026-06-11,IN0020210236,SGBJAN30IX,GB,14669.6,14669.6,14351.0,14363.62,14362.0,14669.6,114,1641393.71,23
2026-06-11,IN0020210319,SGBMAR30X,GB,14920.0,14920.0,14500.0,14724.01,14724.01,14920.0,9,131443.06,7
2026-06-11,IN0020230069,SGBJUN31I,GB,14688.5,14700.42,14422.99,14596.17,14625.0,14688.65,808,11760268.51,259
2026-06-11,IN0020230093,SGBSEP31II,GB,14422.86,14674.99,14422.86,14586.55,14620.0,14717.2,1761,25649621.97,279
2026-06-11,IN0020230168,SGBDE31III,GB,14698.7,14750.99,14401.0,14632.49,14650.0,14781.69,1917,28011782.96,462
2026-06-11,IN0020220169,SGBMAR31IV,GB,14625.0,14625.0,14460.1,14556.46,14560.0,14725.46,204,2967231.91,90
2026-06-11,IN0020230184,SGBFEB32IV,GB,14995.0,14996.0,14500.0,14881.96,14900.0,15157.5,3471,51200216.35,753
2026-06-11,INE144J01027,20MICRONS,EQ,184.0,188.66,178.0,178.88,178.55,184.98,142137,25910909.71,3563
2026-06-11,INE253B01015,21STCENMGM,EQ,32.99,32.99,31.76,31.85,32.9,32.37,1822,59088.96,48
2026-06-11,INE466L01038,360ONE,EQ,1041.7,1071.7,1031.3,1064.1,1063.0,1052.0,690962,726423809.0,31582
2026-06-11,INF579M01BB5,GOLD360,EQ,142.35,142.35,140.25,141.3,140.6,142.7,30977,4376218.5,504
2026-06-11,INF579M01BP5,MSCI360,EQ,9.69,9.72,9.6,9.65,9.67,9.71,416,4029.17,15
2026-06-11,INF579M01BC3,SILVER360,EQ,227.16,229.43,226.4,228.01,228.21,227.16,28122,6405997.07,776
2026-06-11,INE994E01018,3BBLACKBIO,EQ,1234.7,1269.0,1225.0,1254.1,1254.0,1253.4,12997,16150288.7,1374
2026-06-11,INE748C01038,3IINFOLTD,EQ,17.0,17.34,16.61,17.03,17.09,16.43,709837,12067711.04,2312
2026-06-11,INE470A01017,3MINDIA,EQ,31600.0,31985.0,31010.0,31165.0,31220.0,31580.0,1740,54680110.0,1167
2026-06-11,INE105C01023,3PLAND,EQ,33.6,33.6,30.0,31.56,31.75,32.5,3800,119323.44,90
2026-06-11,INE618L01018,5PAISA,EQ,302.15,308.0,299.0,303.5,303.95,302.7,16852,5102000.2,871
2026-06-11,INE111B01023,63MOONS,EQ,639.25,651.95,629.15,642.4,643.0,642.45,124039,79386364.65,5416
2026-06-11,INE134E07588,760PFCL35,N3,1192.01,1192.01,1192.01,1192.01,1192.01,1185.01,417,497068.17,3
2026-06-11,INE261F07032,764NABAR31,N2,1095.51,1098.0,1095.51,1095.53,1098.0,1094.1,94,102980.43,3
2026-06-11,INE031A07AO5,764HUDCO31,N8,1124.0,1124.0,1124.0,1124.0,1124.0,1119.9,1,1124.0,1
2026-06-11,INE031A07840,82HUDCO27,N2,1038.0,1039.0,1038.0,1038.8,1038.8,1039.0,1043,1082735.85,14
2026-06-11,INE906B07DF8,875NHAI29,N6,1109.01,1115.0,1105.5,1107.18,1107.0,1113.95,1462,1619539.27,47
2026-06-11,INE031A07949,876HUDCO28,ND,1121.3,1126.0,1121.25,1123.48,1123.0,1121.25,883,992083.66,15
2026-06-11,INE787H07370,891IIFCL34,N4,1245.0,1245.0,1240.0,1240.0,1240.0,1252.19,100,124020.0,3
2026-06-11,INE733E07JJ9,891NTPC33,N6,1260.01,1264.01,1255.55,1263.5,1263.5,1261.0,666,839107.64,10
2026-06-11,INE134E07463,892PFCL33,N8,1288.98,1288.98,1262.5,1267.35,1268.0,1272.0,625,792151.61,29
2026-06-11,INE031A07AB2,901HUDCO34,NE,1262.0,1265.0,1260.09,1265.0,1265.0,1265.5,109,137420.29,4
2026-06-11,INE08PH01015,ABCOTS,EQ,201.27,202.65,198.0,198.38,199.7,199.78,123986,24870939.07,1221
2026-06-11,INE00YB01025,ABINFRA,EQ,9.89,10.25,8.82,9.07,9.04,9.8,1735931,16472783.84,4743
2026-06-11,INE850B01026,ABMKNO,EQ,219.55,219.96,203.0,209.1,203.0,219.55,7202,1547303.28,66
2026-06-11,INE366C01021,ACSTECH,EQ,39.0,39.8,36.91,39.8,39.8,37.91,289722,11450732.8,276
2026-06-11,INE701G01012,AKCAPIT,EQ,1680.3,1761.9,1680.0,1703.0,1690.1,1712.5,375,639026.8,79
2026-06-11,INE619I01012,A2ZINFRA,EQ,14.32,15.02,13.8,14.11,14.05,14.32,329509,4691578.7,553
2026-06-11,INE0D0U01013,AAATECH,EQ,93.99,99.0,93.99,98.14,98.0,94.71,31470,3062255.89,635
2026-06-11,INE883F01010,AADHARHFC,EQ,466.1,468.9,449.8,453.05,457.0,469.85,729979,331737550.25,19731
2026-06-11,INE1GYP01013,AAKAAR,SM,65.0,65.0,63.7,63.7,63.7,64.75,4800,309920.0,3
2026-06-11,INE087Z01024,AAKASH,BE,9.82,10.2,9.82,10.0,10.03,9.87,375316,3785610.12,453
2026-06-11,INE124401014,AARADHYA,SM,81.1,81.1,80.0,80.0,80.0,81.75,32400,2595300.0,13
2026-06-11,INE198H01019,AAREYDRUGS,BE,78.0,78.15,74.31,76.1,77.0,78.22,33327,2540891.48,182
2026-06-11,INE750R01016,AARNAV,EQ,24.7,25.43,24.6,24.88,24.99,24.93,30432,756859.72,173
2026-06-11,INE721Z01010,AARON,EQ,114.5,115.19,112.0,114.75,114.92,114.64,8744,990911.4,323
2026-06-11,INE01C001026,AARTECH,EQ,41.0,41.57,40.1,40.68,40.2,40.71,28538,1160828.4,1185
2026-06-11,INE767A01016,AARTIDRUGS,EQ,372.0,373.45,365.3,367.75,367.0,371.9,57191,21121924.05,2066
2026-06-11,INE769A01020,AARTIIND,EQ,433.65,433.95,424.0,427.85,428.0,433.65,387454,165610576.45,14596
2026-06-11,INE0LRU01027,AARTIPHARM,EQ,620.0,634.45,616.65,622.35,620.0,622.25,140495,87925106.65,8922
2026-06-11,INE09EO01013,AARTISURF,EQ,365.1,365.9,358.05,359.55,360.0,362.15,6032,2178722.95,321
2026-06-11,INE754X01016,AARVI,EQ,135.92,147.5,135.85,142.31,141.0,135.92,161692,22894334.61,2469
2026-06-11,INE216P01012,AAVAS,EQ,1293.1,1368.0,1281.0,1328.2,1360.0,1299.6,872894,1143045396.6,48431
2026-06-11,INE365O01028,ABANSENT,BE,25.9,27.1,25.21,27.0,27.05,25.84,7884,205827.54,50
2026-06-11,INE00ZE01026,AFSL,EQ,201.31,201.59,201.0,201.01,201.37,201.03,14138,2842301.23,109
2026-06-11,INE117A01022,ABB,EQ,6782.0,6815.5,6653.0,6719.0,6735.5,6801.0,262862,1767035148.5,46101
2026-06-11,INE358A01014,ABBOTINDIA,EQ,26455.0,26485.0,25960.0,26065.0,26120.0,26455.0,7015,183976250.0,4645
2026-06-11,INE0UYG01015,ABHAPOWER,SM,26.7,27.7,26.0,27.7,27.7,27.0,14400,382240.0,9
2026-06-11,INE251C01025,ABMINTLLTD,EQ,42.94,42.94,41.88,42.94,42.94,42.31,180,7724.56,10
2026-06-11,INE0QRV01016,ABSMARINE,ST,222.5,230.0,218.05,228.75,229.0,229.5,115000,25545800.0,206
2026-06-11,INE012A01025,ACC,EQ,1313.1,1313.1,1297.0,1303.7,1307.9,1316.2,211581,275856821.8,14881
2026-06-11,INE793A01012,ACCELYA,EQ,1105.0,1148.8,1103.3,1109.2,1106.4,1120.1,2786,3096754.8,612
2026-06-11,INE0Q5D01013,ACCENTMIC,SM,452.0,457.4,445.0,449.9,449.95,460.95,28500,12850525.0,53
2026-06-11,INE113X01015,ACCORD,ST,82.0,82.0,82.0,82.0,82.0,78.1,4000,328000.0,2
2026-06-11,INE0T8T01010,ACCPL,ST,139.2,140.0,135.3,135.3,135.3,140.35,14400,1973820.0,8
2026-06-11,INE648Z01023,ACCURACY,EQ,5.12,5.7,5.1,5.47,5.7,5.23,69214,360595.0,295
2026-06-11,INE543V01017,ACEINTEG,EQ,19.5,20.5,19.16,20.02,20.45,19.55,1210,23572.49,45
2026-06-11,INE622W01025,ACMESOLAR,EQ,335.5,346.55,333.0,334.45,335.0,336.9,1977508,668318389.6,32685
2026-06-11,INE731H01025,ACE,EQ,877.8,904.25,862.0,891.95,891.35,877.8,425521,378267035.6,24323
2026-06-11,INE0KLO01025,ACTIVEINFR,SM,172.0,172.0,172.0,172.0,172.0,172.0,1200,206400.0,2
2026-06-11,INE00FF01025,ACUTAAS,EQ,3230.0,3230.0,3070.0,3128.1,3145.0,3207.0,427084,1337840497.8,36413
2026-06-11,INE931S01010,ADANIENSOL,EQ,1532.9,1541.5,1460.8,1466.7,1468.0,1535.6,2013886,3019164523.4,54763
2026-06-11,INE423A01024,ADANIENT,EQ,2895.1,2966.8,2895.1,2908.8,2913.4,2931.1,1204115,3534497029.6,51934
2026-06-11,INE364U01010,ADANIGREEN,EQ,1482.4,1494.7,1450.4,1454.5,1458.2,1483.0,2371420,3489453001.9,64884
2026-06-11,INE742F01042,ADANIPORTS,EQ,1814.6,1820.4,1781.7,1787.1,1792.1,1821.2,2229041,4013602801.5,81285
2026-06-11,INE814H01029,ADANIPOWER,EQ,219.24,222.34,214.8,215.51,216.6,220.58,30938415,6760577168.8,137497
2026-06-11,INE399L01023,ATGL,EQ,726.0,753.65,714.0,716.15,716.0,728.4,6820772,4982892622.8,105296
2026-06-11,INE0RDH01021,ADDICTIVE,SM,56.0,58.35,56.0,58.35,58.35,58.9,18000,1013950.0,23
2026-06-11,INE982B01027,ADFFOODS,EQ,278.95,280.5,267.3,273.6,275.5,280.2,156334,42747089.45,5216
2026-06-11,INE20PL01012,ADISOFT,SM,201.05,207.9,196.55,198.05,197.0,202.35,48000,9726040.0,60
2026-06-11,INE404A01024,ABSLAMC,EQ,1113.6,1119.7,1060.0,1068.6,1067.0,1110.3,425095,460939579.8,43479
2026-06-11,INE674K01013,ABCAPITAL,EQ,342.7,343.65,334.8,336.6,338.45,342.7,1926052,651306640.85,29828
2026-06-11,INE647O01011,ABFRL,EQ,58.79,59.28,58.1,58.24,58.1,58.76,1680934,98611242.48,11650
2026-06-11,INE14LE01019,ABLBL,EQ,96.91,98.0,95.12,95.38,95.55,97.37,376421,36131306.87,4794
2026-06-11,INE865C01022,BIRLAMONEY,EQ,126.01,136.0,123.1,124.61,125.19,128.35,52489,6636442.12,843
2026-06-11,INE055A01016,ABREL,EQ,1184.5,1189.8,1155.0,1180.8,1178.0,1194.3,137626,161665983.2,13623
2026-06-11,INE819V01029,CPPLUS,EQ,3428.2,3490.0,3265.2,3343.5,3350.0,3437.0,416525,1397009115.4,58900
2026-06-11,INE01YQ01013,AUSL,SM,19.85,19.85,19.85,19.85,19.85,20.85,6000,119100.0,3
2026-06-11,INE679V01027,AVL,EQ,538.9,551.45,516.1,521.35,516.1,535.35,183534,97122463.2,12905
2026-06-11,INF209KB18D3,BSLGOLDETF,EQ,128.87,128.87,123.0,127.42,126.97,129.44,978492,124509057.37,4133
2026-06-11,INF209KB19D1,BSLNIFTY,EQ,27.72,27.72,26.7,27.02,27.03,27.05,222802,6027244.06,4354
2026-06-11,INE045A01017,ADOR,EQ,1118.0,1122.0,1092.6,1109.0,1104.0,1116.9,12735,14095404.1,1038
2026-06-11,INE737B01033,ADROITINFO,EQ,9.46,9.46,9.1,9.38,9.4,9.27,26899,248984.12,67
2026-06-11,INE0ALI01010,ADVAIT,EQ,2239.1,2309.9,2189.0,2224.3,2219.0,2245.8,59465,133362766.6,8362
2026-06-11,INE1B0W01010,ADVANCE,EQ,100.98,100.98,95.15,95.92,95.7,99.1,68810,6681548.6,1406
2026-06-11,INE837H01020,ADVENZYMES,EQ,362.0,369.1,358.1,361.4,362.6,371.3,97361,35322461.95,4106
2026-06-11,INE199C01026,ADVANIHOTR,EQ,52.03,52.78,50.0,50.31,50.55,52.03,65478,3340613.01,1137
2026-06-11,INE28GN01010,ADVENTHTL,EQ,124.7,125.49,120.02,120.9,121.0,124.73,127229,15490273.28,1703
2026-06-11,INE208C01025,AEGISLOG,EQ,805.0,960.0,800.15,925.9,942.0,801.0,40729363,36433435216.2,699073
2026-06-11,INE0INX01018,AEGISVOPAK,EQ,197.7,210.4,193.41,199.14,198.5,197.85,1403062,285348098.58,30663
2026-06-11,INE423A07468,AEL170725A,NG,1041.21,1041.21,1041.21,1041.21,1041.21,1060.0,7,7288.47,1
2026-06-11,INE423A07484,860AEL28,NH,1022.0,1025.0,1022.0,1025.0,1025.0,1018.2,15,15357.0,2
2026-06-11,INE423A07518,862AEL31,NM,1005.0,1025.0,1005.0,1015.0,1015.0,1004.1,118,119691.0,13
2026-06-11,INE423A07534,875AEL29,NK,1040.0,1040.0,1036.5,1036.5,1036.5,1036.0,107,111203.0,3
2026-06-11,INE423A07427,885AEL28,NB,1018.99,1019.95,1015.0,1018.73,1019.95,1014.0,223,227141.5,5
2026-06-11,INE423A07526,890AEL31,NN,1040.11,1060.0,1040.11,1060.0,1060.0,1040.1,16,16780.99,2
2026-06-11,INE423A07450,895AEL27,N9,1061.21,1061.21,1061.21,1061.21,1061.21,1073.78,1,1061.21,1
2026-06-11,INE423A07435,915AEL28,NC,1065.0,1084.5,1065.0,1082.19,1082.01,1070.0,639,690332.63,11
2026-06-11,INE423A07393,930AEL30,NF,1115.0,1115.0,1109.0,1109.3,1109.3,1113.93,192,213610.5,9
2026-06-11,INE947N01017,AEQUS,EQ,173.6,183.6,173.6,176.15,175.96,175.42,1672295,298253751.29,28195
2026-06-11,INE065D01027,AEROENTER,EQ,105.25,107.35,102.5,102.84,102.55,105.25,497519,52348700.64,3355
2026-06-11,INE024001021,AEROFLEX,EQ,409.1,432.5,405.3,408.55,410.9,414.1,1552333,648739991.4,27198
2026-06-11,INE035801013,AERONEU,EQ,87.91,88.15,83.15,85.92,83.15,85.96,59003,5138248.97,1299
2026-06-11,INE0WL801011,AERON,SM,81.0,81.0,80.7,81.0,81.0,81.25,3000,242700.0,3
2026-06-11,INE0TSF01011,AESTHETIK,SM,72.0,72.0,72.0,72.0,72.0,71.65,1000,72000.0,1
2026-06-11,INE0BWX01014,AETHER,EQ,1124.5,1154.7,1110.0,1128.8,1130.1,1124.6,185639,211070280.5,21106
2026-06-11,INE101I01011,AFCONS,EQ,325.0,325.95,315.0,316.75,316.0,330.05,1388020,442491007.7,20960
2026-06-11,INE00WC01027,AFFLE,EQ,1462.0,1464.0,1425.2,1436.2,1433.0,1462.1,140973,203041542.1,22576
2026-06-11,INE692Z01013,AFFORDABLE,BE,181.0,181.0,172.61,173.43,174.9,178.44,10896,1910489.94,133
2026-06-11,INE916Y07057,12AFIL28,N0,9900.0,9900.0,9900.0,9900.0,9900.0,9900.0,3,29700.0,1
2026-06-11,INE204E01012,AGARIND,EQ,463.35,463.35,446.0,448.95,446.2,462.4,75309,34263403.8,2772
2026-06-11,INE0P8X01016,AGARWALTUF,SM,122.1,125.1,121.0,124.8,125.1,122.75,94800,11794500.0,25
2026-06-11,INE415A01038,AGI,EQ,608.55,623.8,607.75,617.75,617.4,615.2,128102,78828188.3,7507
2026-06-11,INE976R01033,AGIIL,EQ,368.0,377.0,366.15,368.9,369.5,370.3,1928616,717561394.4,8753
2026-06-11,INE0LF301013,AGNI,SM,17.5,17.95,17.15,17.95,17.95,17.8,22500,394500.0,9
2026-06-11,INE449G01018,AGRITECH,BE,117.25,126.7,117.1,117.1,117.1,123.26,19456,2343001.72,229
2026-06-11,INE740V01019,AGROPHOS,EQ,30.0,30.7,29.85,30.04,29.86,30.22,13102,394945.36,154
2026-06-11,INE00PV01013,AHLADA,EQ,38.25,40.29,38.15,39.84,40.0,39.85,6850,270444.56,80
2026-06-11,INE758C01029,AHLUCONT,EQ,779.9,799.8,769.55,785.85,782.0,788.25,26216,20604032.45,3433
2026-06-11,INE212H01026,AIAENG,EQ,4400.0,4463.7,4292.5,4318.5,4320.0,4439.0,63685,278647294.4,11246
2026-06-11,INE0RUV01018,AIMTRON,SM,1266.0,1314.0,1225.05,1241.3,1270.0,1280.05,30600,38537590.0,146
2026-06-11,INE805A01014,GOLDTECH,EQ,42.98,42.98,40.65,41.07,41.0,41.72,40202,1677246.75,629
2026-06-11,INE645W01026,AIRAN,EQ,16.02,16.46,15.9,15.98,15.95,16.39,76398,1229444.2,436
2026-06-11,INE801L01010,AIROLAM,EQ,87.6,87.6,84.0,84.97,86.39,87.48,562,47841.8,35
2026-06-11,INE031B01049,AJANTPHARM,EQ,3075.4,3158.4,3061.8,3143.4,3143.0,3074.9,192433,599738570.6,26712
2026-06-11,INE274Y01021,AJAXENGG,EQ,566.0,567.2,545.0,548.35,550.0,563.5,30889,17138583.6,1783
2026-06-11,INE298G01035,AJMERA,EQ,114.06,114.83,111.01,111.47,111.26,114.78,409071,46058130.85,4645
2026-06-11,INE820Y01021,AJOONI,EQ,3.98,3.98,3.75,3.8,3.81,3.95,399075,1537407.59,535
2026-06-11,INE0PCY01014,AKANKSHA,ST,86.7,86.95,86.7,86.95,86.95,86.95,3000,260600.0,2
2026-06-11,INE737W01013,AKASH,EQ,26.5,26.89,25.76,26.03,25.76,26.95,25011,659779.02,101
2026-06-11,INE00Y801016,AKG,EQ,10.68,10.94,10.62,10.72,10.85,10.68,8944,96137.98,94
2026-06-11,INE642Z01026,AKI,EQ,5.17,5.17,4.65,4.71,4.76,4.81,96332,459501.3,267
2026-06-11,INE0PMR01017,AKIKO,ST,248.0,248.0,246.0,246.0,246.0,252.0,2400,592000.0,3
2026-06-11,INE916Y01027,AFIL,BE,9.65,10.05,9.2,9.83,10.04,9.68,3476017,33995243.16,2204
2026-06-11,INE523B01011,AKSHOPTFBR,BE,7.1,7.1,6.96,6.96,6.96,7.1,324605,2278812.72,265
2026-06-11,INE256Z01025,AKSHAR,EQ,0.46,0.47,0.45,0.45,0.46,0.45,988809,451988.74,263
2026-06-11,INE542B01011,AKSHARCHEM,EQ,207.0,209.97,200.0,202.26,202.28,210.46,6412,1306358.91,643
2026-06-11,INE09XN01023,AKUMS,EQ,593.9,621.0,587.5,609.1,608.0,592.1,1988455,1210359785.05,56000
2026-06-11,INE914E01040,ALANKIT,EQ,8.02,8.38,8.02,8.15,8.2,8.15,113230,920417.43,682
2026-06-11,INE155C01010,ALBERTDAVD,EQ,719.5,719.5,686.5,694.85,690.0,700.4,2851,1973183.85,166
2026-06-11,INE448V01019,ALCODIS,ST,73.5,73.5,73.5,73.5,73.5,70.0,1875,137812.5,2
2026-06-11,INE426A01027,ALEMBICLTD,EQ,86.25,86.3,85.05,85.36,85.8,86.16,61573,5275850.69,1174
2026-06-11,INE901L01018,APLLTD,EQ,737.2,759.2,729.5,734.65,735.15,737.2,311704,232251275.75,16511
2026-06-11,INE598D01035,ALGOQUANT,EQ,53.35,54.83,52.2,53.88,54.19,53.09,1942133,103178457.79,9794
2026-06-11,INE062D01024,ALICON,EQ,646.0,649.65,630.0,632.0,632.15,644.55,6112,3886864.15,704
2026-06-11,INE03Q201024,ALIVUS,EQ,1031.4,1047.0,1009.0,1017.2,1021.5,1031.4,88586,90991235.1,8707
2026-06-11,INE773I01017,ALKALI,BE,85.0,85.0,82.67,84.7,84.99,87.02,11404,950138.96,197
2026-06-11,INE540L01014,ALKEM,EQ,5324.0,5334.5,5262.0,5301.5,5305.0,5299.5,120184,637700367.5,16472
2026-06-11,INE150B01039,ALKYLAMINE,EQ,1799.5,1816.9,1770.0,1808.9,1802.0,1796.9,68696,123344656.7,9275
2026-06-11,INE0M2X01012,ALLETEC,ST,137.0,141.95,137.0,137.55,137.15,141.5,13200,1834720.0,27
2026-06-11,INE0GV601021,ALLTIME,EQ,224.89,225.63,214.81,217.61,216.85,223.42,30058,6566307.86,1038
2026-06-11,INE418H01029,ALLCARGO,EQ,8.8,8.81,8.6,8.7,8.73,8.87,1976494,17197314.5,3461
2026-06-11,INE0NN701020,ATL,EQ,24.66,24.66,23.51,23.65,23.74,24.29,51309,1226563.23,384
2026-06-11,INE835G01018,ALLDIGI,EQ,830.0,830.0,815.1,817.7,815.75,826.6,1269,1041739.5,210
2026-06-11,INE552Z01027,ABDL,EQ,569.0,612.0,560.0,608.45,611.9,571.7,1306233,782207178.8,39122
2026-06-11,INE102I01027,ADSL,EQ,116.0,116.01,112.77,114.14,114.57,117.07,119226,13558745.44,2673
2026-06-11,INE326B01035,ALMONDZ,EQ,13.99,13.99,13.15,13.51,13.64,13.58,44459,596309.09,246
2026-06-11,INE270A01029,ALOKINDS,EQ,11.86,11.98,11.7,11.88,11.98,11.94,7090548,83813922.85,11365
2026-06-11,INE385I01010,ALPA,EQ,68.0,68.74,67.0,67.08,67.0,68.0,6060,409455.42,151
2026-06-11,INE0R4701017,ALPEXSOLAR,SM,936.0,945.0,915.05,920.65,923.95,945.55,23700,21996935.0,193
2026-06-11,INE137C01018,ALPHAGEO,EQ,196.0,204.0,196.0,202.05,204.0,195.71,3123,627820.91,176
2026-06-11,INE0STM01017,ALUWIND,SM,50.0,51.0,50.0,50.05,50.0,49.85,12000,603000.0,8
2026-06-11,INE121R01077,AMAGI,EQ,414.35,430.8,405.0,426.15,425.95,414.35,183530,78105569.1,12854
2026-06-11,INE084K01015,AMANTA,EQ,141.25,164.0,139.95,148.62,148.6,140.92,6014010,942228129.29,42668
2026-06-11,INE885A01032,ARE&M,EQ,811.05,814.75,793.85,796.3,798.0,811.05,411209,329313023.8,24928
2026-06-11,INE293601014,AMBAAUTO,SM,78.7,78.7,74.0,77.75,77.75,78.75,14000,1066150.0,13
2026-06-11,INE432A01017,AMBALALSA,EQ,33.0,33.07,30.61,31.25,31.09,33.05,139346,4455075.39,1054
2026-06-11,INE371P01015,AMBER,EQ,7550.0,7575.5,7257.0,7290.0,7292.5,7625.0,340216,2525269593.5,39549
2026-06-11,INE792B01012,AMBICAAGAR,EQ,24.5,24.7,24.14,24.18,24.15,24.5,5698,138231.41,36
2026-06-11,INE540G01014,AMBIKCO,EQ,1577.1,1621.9,1556.1,1594.7,1600.0,1571.4,8311,13282816.6,1358
2026-06-11,INE079A01024,AMBUJACEM,EQ,407.55,410.15,404.8,406.05,406.5,409.8,1605560,653496605.6,29453
2026-06-11,INE005I01014,AMDIND,EQ,47.25,47.43,45.6,46.26,46.18,46.28,5683,264378.03,125
2026-06-11,INE275D01022,AMNPLST,EQ,194.41,201.0,186.01,187.55,186.99,192.26,15856,3059465.75,719
2026-06-11,INE05TO01019,AMIRCHAND,EQ,119.69,120.5,117.2,117.45,117.48,119.7,116718,13846881.53,1843
2026-06-11,INE606A01024,AMJLAND,EQ,36.5,36.79,35.0,35.41,35.7,36.06,18853,673121.85,191
2026-06-11,INE098F01031,AMRUTANJAN,EQ,561.0,570.5,557.05,562.3,559.45,569.0,38032,21461797.65,2250
2026-06-11,INE549H01021,ARSSBL,EQ,506.0,516.1,505.0,510.65,511.5,515.4,119099,60840314.2,4727
2026-06-11,INE463V01026,ANANDRATHI,EQ,1731.0,1754.0,1729.2,1743.9,1750.0,1737.5,250526,436273575.3,14528
2026-06-11,INE242C01024,ANANTRAJ,EQ,514.0,528.2,510.3,513.25,513.8,519.35,1727954,894141759.55,34732
2026-06-11,INE1UA823019,ANANTAM,IV,103.96,104.0,103.8,103.99,103.99,103.96,37909,3942240.43,71
2026-06-11,INE0VG001016,AMCL,SM,499.95,499.95,499.95,499.95,499.95,494.65,400,199980.0,1
2026-06-11,INE666E01020,ACL,EQ,52.91,54.0,52.21,52.85,52.76,52.91,5120,272337.47,136
2026-06-11,INE435A01051,ANDHRAPAP,EQ,61.0,61.52,60.15,60.52,60.8,61.57,18068,1098213.82,456
2026-06-11,INE715B01021,ANDHRSUGAR,EQ,82.0,84.99,81.29,83.4,83.98,81.86,558455,46751068.92,5548
2026-06-11,INE732I01021,ANGELONE,EQ,328.0,334.85,321.65,323.75,324.15,329.85,3670471,1203781664.0,38340
2026-06-11,INE087B01017,ANIKINDS,BE,43.95,43.95,42.52,42.54,43.0,42.56,1603,70254.46,24
2026-06-11,INE071F01012,APCL,EQ,115.5,122.99,104.0,104.56,104.11,116.44,58508,6323921.8,838
2026-06-11,INE106I01010,ANKITMETAL,BZ,1.56,1.6,1.52,1.55,1.55,1.56,6951,10905.49,28
2026-06-11,INE0Y8W01025,AHCL,EQ,14.55,15.25,14.07,15.01,15.04,14.42,11863140,176117541.24,15801
2026-06-11,INE0LR101013,ANLON,ST,670.1,699.65,664.4,683.0,683.0,699.35,4800,3250240.0,12
2026-06-11,INE02AR01019,ANMOL,EQ,11.24,11.3,10.7,10.81,10.72,11.05,65758,720433.73,229
2026-06-11,INE0MGM01017,ANNAPURNA,SM,137.0,138.0,134.6,136.05,136.5,137.3,24750,3376987.5,66
2026-06-11,INE0VTV01012,ANONDITA,SM,1145.0,1164.9,1095.0,1134.0,1135.0,1148.05,18600,20965810.0,87
2026-06-11,INE436A01026,ANSALAPI,BZ,3.53,3.53,3.47,3.47,3.47,3.54,525,1836.75,5
2026-06-11,INE414B01021,ANTGRAPHIC,EQ,0.8,0.82,0.78,0.79,0.8,0.8,75431,59852.36,139
2026-06-11,INE818A01017,ANTELOPUS,EQ,846.95,859.7,835.0,859.65,859.7,818.8,145234,124171807.9,3465
2026-06-11,INE0CZ201020,ANTHEM,EQ,760.0,787.0,756.8,780.05,780.0,766.05,343422,267670887.15,24196
2026-06-11,INE01BK01022,AWHCL,EQ,437.0,440.55,432.75,434.35,435.0,442.85,48738,21255126.3,3090
2026-06-11,INE489G01022,ANUHPHR,EQ,76.94,78.99,75.5,76.28,76.6,75.87,66616,5152621.16,1251
2026-06-11,INE930P01018,ANURAS,EQ,1260.1,1288.3,1248.0,1258.0,1254.0,1272.3,163342,207511558.4,5148
2026-06-11,INE0SI601032,ANYA,SM,16.0,16.95,15.8,16.4,16.7,15.95,40000,647500.0,8
2026-06-11,INE0MIZ23019,ANZEN,IV,127.0,129.0,127.0,129.0,129.0,126.0,75000,9625000.0,2
2026-06-11,INF1J2R01114,AONEGOLD,EQ,13.69,13.69,13.44,13.46,13.5,13.71,422060,5701246.88,1815
2026-06-11,INF1J2R01056,AONELIQUID,EQ,1063.27,1063.29,1063.27,1063.28,1063.27,1063.14,23235,24705390.79,363
2026-06-11,INF1J2R01064,AONENIFTY,EQ,9.79,9.79,9.49,9.52,9.55,9.56,175171,1669666.38,1242
2026-06-11,INF1J2R01171,AONESILVER,EQ,8.88,8.92,8.79,8.86,8.9,8.84,563521,4987300.67,1235
2026-06-11,INF1J2R01148,AONETMMQ50,EQ,10.02,10.08,9.85,9.89,9.9,9.98,57203,568679.42,312
2026-06-11,INF1J2R01015,AONETOTAL,EQ,11.58,11.58,11.23,11.24,11.3,11.3,149091,1681235.71,1170
2026-06-11,INE372A01015,APARINDS,EQ,14065.0,14970.0,14025.0,14551.0,14525.0,14085.0,424301,6215451561.0,105588
2026-06-11,INE116A01032,APCOTEXIND,EQ,539.1,544.4,514.05,521.75,521.8,534.85,88913,46936255.45,5154
2026-06-11,INE0T4V01015,APEXECO,ST,182.1,185.0,182.05,184.0,185.0,186.95,5600,1024240.0,7
2026-06-11,INE346W01013,APEX,EQ,398.0,408.75,392.5,399.2,396.8,404.2,244740,98012950.5,8104
2026-06-11,INE702C01027,APLAPOLLO,EQ,1750.0,1776.5,1743.7,1764.1,1767.0,1762.4,473764,833243771.7,30420
2026-06-11,INE0TLC07093,930APMD28,N0,101600.0,101600.0,101600.0,101600.0,101600.0,101888.0,1,101600.0,1
2026-06-11,INE0TLC07069,930APMD29,N0,102101.37,102615.78,102101.37,102400.0,102400.0,101900.0,9,921268.6,4
2026-06-11,INE0TLC07051,930APMD31,N0,102800.0,102850.0,102800.0,102827.77,102850.0,102251.0,9,925450.0,2
2026-06-11,INE0TLC07044,930APMD34,N0,106000.0,106000.0,106000.0,106000.0,106000.0,105290.82,4,424000.0,1
2026-06-11,INE437A01024,APOLLOHOSP,EQ,8478.0,8531.0,8425.0,8493.0,8521.0,8488.5,314597,2668878290.0,32500
2026-06-11,INE713T01028,APOLLO,EQ,396.9,403.35,377.25,381.75,382.0,398.05,19931494,7760518315.9,188356
2026-06-11,INE126J01016,APOLLOPIPE,EQ,487.5,488.6,476.2,478.65,482.95,491.0,64264,30893748.5,2939
2026-06-11,INE451F01024,APOLSINHOT,EQ,1300.0,1323.4,1285.6,1294.2,1295.0,1323.4,238,309461.6,49
2026-06-11,INE438A01022,APOLLOTYRE,EQ,383.95,383.95,378.05,380.3,381.0,385.85,393802,149923223.45,14371
2026-06-11,INE0LQG01010,APRAMEYA,SM,160.0,161.5,154.55,156.95,158.9,160.0,28500,4500900.0,45
2026-06-11,INE0M2307412,915APSBC34,N0,103000.0,103000.0,103000.0,103000.0,103000.0,103000.0,10,1030000.0,1
2026-06-11,INE1OOJ01011,APSISAERO,ST,305.55,305.55,305.55,305.55,305.55,299.6,8400,2566620.0,4
2026-06-11,INE266F01018,APTECHT,EQ,106.9,109.39,104.5,106.74,108.2,106.91,520167,55707644.48,6396
2026-06-11,INE852O01025,APTUS,EQ,252.55,260.1,249.15,258.45,259.3,252.55,1254111,322862914.55,19495
2026-06-11,INE416A01051,AQYLON,EQ,56.1,57.41,55.4,55.75,55.6,56.99,988440,55782003.29,4898
2026-06-11,INE08NJ01024,ARABIAN,SM,64.2,64.2,64.2,64.2,64.2,68.0,2000,128400.0,1
2026-06-11,INE0YDV01010,ARCIIL,ST,42.85,44.0,42.75,44.0,44.0,45.0,15000,648250.0,14
2026-06-11,INE128X01021,ACI,EQ,537.4,537.5,526.4,529.9,529.0,536.95,160465,85161063.3,8944
2026-06-11,INE0CHO01012,ADL,EQ,71.0,71.8,68.31,71.8,71.8,72.29,387,26794.11,15
2026-06-11,INE877I01016,ARCHIDPLY,EQ,78.0,84.4,76.7,80.52,79.5,78.82,95880,7589416.58,574
2026-06-11,INE731A01020,ARCHIES,EQ,13.8,13.99,13.6,13.67,13.67,13.85,6486,89199.04,68
2026-06-11,INE784R01023,ARFIN,EQ,81.4,85.0,80.0,83.14,84.8,82.06,2475007,203206943.01,8021
2026-06-11,INE0L2Y01011,ARHAM,SM,120.1,139.0,120.1,133.65,139.0,137.85,6000,802000.0,5
2026-06-11,INE298I01015,ARIES,EQ,329.95,331.8,322.1,326.4,323.05,326.65,15065,4910401.0,731
2026-06-11,INE420B01036,ARIHANTCAP,EQ,63.69,68.72,61.15,61.95,62.2,63.86,732576,47032017.67,5332
2026-06-11,INE413D01011,ARIHANT,EQ,891.8,982.0,842.5,861.65,855.0,882.95,74064,69184716.35,5261
2026-06-11,INE643K01018,ARIHANTSUP,EQ,249.0,257.5,247.0,251.0,257.5,250.6,14603,3656199.2,524
2026-06-11,INE0H9P01028,ARIS,EQ,112.21,113.73,111.3,112.65,112.4,113.4,149967,16894187.72,1894
2026-06-11,INE082101010,ARISTO,ST,91.05,91.05,91.05,91.05,91.05,91.0,800,72840.0,1
2026-06-11,INE0QRL01017,ARKADE,EQ,113.0,114.01,110.5,111.22,111.0,111.73,137006,15368672.59,1449
2026-06-11,INE109C01017,ARMANFIN,EQ,1603.5,1609.7,1566.2,1581.2,1584.8,1603.5,13239,20979226.0,1981
2026-06-11,INE210C01013,AROGRANITE,EQ,24.83,25.29,24.55,24.57,24.55,24.83,641,15807.16,23
2026-06-11,INE570D01018,ARROWGREEN,EQ,584.0,587.95,565.1,573.05,572.3,591.0,37606,21647434.9,2052
2026-06-11,INE968D01022,ARSHIYA,BZ,1.12,1.14,1.07,1.07,1.07,1.12,159503,173164.6,107
2026-06-11,INE738V01013,ARTNIRMAN,EQ,39.31,39.36,39.31,39.35,39.35,39.31,714,28085.52,10
2026-06-11,INE757T01025,AEPL,EQ,15.81,16.24,15.81,15.88,15.81,16.38,16755,266353.9,108
2026-06-11,INE025R01021,ARTEMISMED,EQ,257.8,259.4,253.2,254.75,253.9,258.25,69554,17788697.95,2594
2026-06-11,INE0TTG01017,ARUNAYA,ST,18.95,18.95,17.15,17.35,17.8,18.05,58000,1005200.0,28
2026-06-11,INE006Z01016,ARVEE,EQ,162.31,184.99,159.95,170.25,170.0,162.31,34260,6023079.88,669
2026-06-11,INE955V01021,ARVINDFASN,EQ,449.75,453.3,440.5,445.95,442.75,447.35,162319,72532293.35,10358
2026-06-11,INE034A01011,ARVIND,EQ,490.55,507.55,485.8,493.25,494.0,493.4,582651,289377356.75,22991
2026-06-11,INE0P4T01013,ARVINDPORT,ST,26.45,28.0,26.45,26.9,26.5,27.8,22500,601950.0,14
2026-06-11,INE034S01021,ARVSMART,EQ,573.0,574.85,560.0,561.85,560.75,574.35,16205,9145404.35,1089
2026-06-11,INE439A01020,ASAHIINDIA,EQ,869.05,871.45,857.35,860.55,862.45,873.2,30408,26273531.2,4692
2026-06-11,INE228I01012,ASAHISONG,EQ,259.0,259.0,250.0,251.65,250.5,257.72,9872,2513846.28,576
2026-06-11,INE0LAA01017,ASHALOG,SM,54.5,54.5,54.45,54.45,54.45,53.55,3000,163450.0,3
2026-06-11,INE348A01023,ASHAPURMIN,EQ,660.0,697.65,650.1,678.25,680.0,663.0,706672,481440366.25,27734
2026-06-11,INE365D01021,ASHIANA,EQ,356.05,361.9,354.25,357.2,360.0,355.7,28043,10004015.2,2004
2026-06-11,INE094B01013,ASHIKA,EQ,376.05,376.65,367.1,371.45,371.9,375.8,74878,27821202.2,1130
2026-06-11,INE440A01010,ASHIMASYN,EQ,16.1,16.45,15.51,15.99,15.71,16.07,26811,426235.92,267
2026-06-11,INE208A01029,ASHOKLEY,EQ,140.9,140.9,138.03,138.58,139.01,141.54,20433240,2839853506.76,99594
2026-06-11,INE442H01029,ASHOKA,EQ,116.05,116.94,114.46,115.15,115.0,117.81,566556,65575883.09,7446
2026-06-11,INE760Y01011,ASHOKAMET,EQ,15.31,15.45,15.15,15.16,15.16,15.29,7512,114016.9,40
2026-06-11,INE1A6Q01010,ASHWINI,SM,137.1,137.1,137.0,137.0,137.0,137.0,2000,274100.0,2
2026-06-11,INE276G01015,ASIANENE,EQ,370.0,372.65,352.8,362.0,364.0,368.0,295926,107520221.45,9246
2026-06-11,INE022I01019,ASIANTILES,EQ,58.61,60.12,57.44,59.13,58.3,58.61,6707764,395257401.84,19827
2026-06-11,INE926K01017,AHLEAST,EQ,154.08,154.08,152.35,152.96,153.0,154.08,685,105014.52,27
2026-06-11,INE363A01022,ASIANHOTNR,EQ,295.0,303.0,294.0,296.6,295.0,300.35,10371,3102978.05,1029
2026-06-11,INE915K01010,AHLWEST,BE,566.9,572.0,560.15,562.0,562.0,566.9,772,435543.0,13
2026-06-11,INE021A01026,ASIANPAINT,EQ,2693.9,2706.7,2671.0,2690.9,2690.0,2715.1,771558,2075018957.4,70098
2026-06-11,INE194D01017,ASTAR,EQ,606.0,639.95,583.0,630.0,630.0,606.0,68,41047.7,18
2026-06-11,INE491J01022,ASKAUTOLTD,EQ,427.85,427.85,421.5,422.9,423.0,427.95,51696,21902979.95,3528
2026-06-11,INE991I01015,ASPINWALL,EQ,238.98,240.14,233.0,240.14,240.14,236.0,739,175743.0,15
2026-06-11,INE073G01016,ASALCBR,EQ,814.0,829.5,804.9,816.8,829.5,814.2,16149,13123800.1,1061
2026-06-11,INE563J01010,ASTEC,EQ,778.7,784.3,761.0,771.5,768.0,775.95,31487,24300953.25,2960
2026-06-11,INE914M01019,ASTERDM,EQ,814.0,825.0,806.45,813.75,814.75,812.9,967137,786919219.1,37873
2026-06-11,INE386C01029,ASTRAMICRO,EQ,1415.0,1453.0,1385.4,1396.3,1398.9,1424.4,711713,1007737094.1,35157
2026-06-11,INE006I01046,ASTRAL,EQ,1500.0,1516.3,1485.5,1490.2,1493.7,1501.5,297403,445697120.8,21432
2026-06-11,INE203A01020,ASTRAZEN,EQ,8332.0,8409.5,8170.5,8228.5,8217.5,8288.5,10100,83902632.5,4327
2026-06-11,INE646X01014,ASTRON,BE,3.96,3.96,3.74,3.82,3.87,3.86,7792,30090.09,78
2026-06-11,INE0ALR01029,ATALREAL,EQ,29.99,31.44,27.5,28.79,28.75,29.65,12861172,385667893.69,15614
2026-06-11,INE09KD01013,ATAM,EQ,70.1,71.88,70.02,70.02,71.3,70.56,4823,338198.14,77
2026-06-11,INE0V0Q01019,ATCENERGY,ST,24.6,24.6,23.65,23.65,23.65,24.6,19200,471180.0,7
2026-06-11,INE0LEZ01016,ATHERENERG,EQ,1038.05,1054.85,1016.75,1027.4,1030.0,1042.0,2576978,2674206472.15,73151
2026-06-11,IN90NN701011,ATLPP,E1,10.89,10.89,8.52,9.74,9.75,9.42,5523,50968.22,69
2026-06-11,INE0Z4F01028,ATLANTAELE,BE,1846.2,1940.0,1801.2,1825.2,1845.0,1855.5,48541,90562560.8,3943
2026-06-11,INE285H01022,ATLANTAA,EQ,40.47,40.65,39.5,39.58,39.95,40.47,44313,1769817.21,409
2026-06-11,INE446A01025,ATLASCYCLE,EQ,97.39,99.98,97.0,97.58,98.2,97.39,2840,276607.54,64
2026-06-11,INE05DH01017,ATMASTCO,ST,174.5,178.0,170.3,173.35,174.0,173.9,21600,3785560.0,39
2026-06-11,INE951D01028,ATULAUTO,EQ,450.5,450.5,435.2,437.65,437.05,449.6,86257,38044376.0,4026
2026-06-11,INE100A01010,ATUL,EQ,6640.0,6640.0,6477.0,6496.5,6490.0,6641.5,7073,46240123.0,2206
2026-06-11,INE949L01017,AUBANK,EQ,952.0,972.4,947.25,963.3,968.25,959.2,1515822,1461852318.1,49208
2026-06-11,INE925Y01036,AURIGROW,EQ,0.36,0.36,0.36,0.36,0.36,0.37,3237712,1165576.32,629
2026-06-11,INE132H01018,AURIONPRO,EQ,746.6,775.9,739.25,752.5,748.0,746.6,123736,93989170.45,8343
2026-06-11,INE0NUL01018,AUROIMPEX,SM,28.0,28.0,28.0,28.0,28.0,28.0,1600,44800.0,1
2026-06-11,INE406A01037,AUROPHARMA,EQ,1458.0,1473.7,1457.1,1464.1,1466.0,1453.6,625882,918008916.3,31050
2026-06-11,INE898S01029,AURUM,EQ,182.5,185.76,180.01,182.12,183.0,183.48,55470,10100465.97,1309
2026-06-11,INE218C01016,AUSOMENT,BE,112.5,120.0,111.0,116.24,119.42,116.71,4421,497935.61,52
2026-06-11,INE0P0001010,APS,SM,303.25,307.95,301.5,302.1,301.5,303.2,14750,4473662.5,54
2026-06-11,INE206F01022,AIIL,EQ,465.15,471.0,455.9,459.95,462.0,465.15,149607,69233455.4,13857
2026-06-11,INE718H01014,AUTOIND,BE,73.7,74.0,69.99,71.15,72.39,73.67,128644,9156130.46,439
2026-06-11,INE449A01011,AUTOAXLES,EQ,1667.5,1687.5,1633.9,1639.2,1638.0,1679.0,8081,13354624.9,945
2026-06-11,INE900C01027,ASAL,EQ,483.25,499.8,483.25,486.4,487.9,490.6,10398,5089708.2,799
2026-06-11,INE349W01017,AVADHSUGAR,BE,455.7,462.0,451.0,454.55,454.65,455.8,4239,1942453.05,158
2026-06-11,INE0LCL01028,AVALON,EQ,1532.5,1600.0,1532.5,1568.2,1580.0,1532.5,523120,824123946.4,47050
2026-06-11,INE1KU201016,AVANA,ST,123.6,125.0,122.75,122.75,122.75,129.2,20000,2461600.0,10
2026-06-11,INE005B01027,AVANTEL,EQ,161.0,161.48,155.52,157.16,157.0,161.97,1459031,231019524.53,13013
2026-06-11,INE871C01038,AVANTIFEED,EQ,1001.0,1056.8,996.8,1034.1,1032.0,1005.3,1005883,1045907689.0,55695
2026-06-11,INE192R01011,DMART,EQ,4043.4,4089.0,3975.0,3987.0,3999.0,4043.4,279379,1123753151.7,32456
2026-06-11,INE483S01020,CCAVENUE,EQ,13.54,13.57,13.2,13.24,13.29,13.58,7799396,103924849.72,13286
2026-06-11,INE680Z01018,AVG,EQ,154.0,180.0,153.94,168.22,168.1,156.76,443245,74939791.52,7326
2026-06-11,INE0TFB01017,AVIANSH,SM,111.5,112.0,111.5,112.0,112.0,112.0,3000,335500.0,2
2026-06-11,INE323B01024,AVONMORE,EQ,10.0,10.14,9.8,10.08,10.14,9.78,232581,2340169.49,529
2026-06-11,INE0R9401019,AVPINFRA,SM,72.9,73.8,70.0,72.05,72.5,73.1,31200,2241600.0,34
2026-06-11,INE652Z01025,AVROIND,EQ,10.75,10.98,10.53,10.58,10.56,10.77,99872,1067080.14,447
2026-06-11,INE488D01021,AVTNPL,EQ,69.7,70.78,69.01,69.03,69.01,70.57,43706,3045782.66,1563
2026-06-11,INE108V01019,AWFIS,EQ,285.25,290.8,281.4,288.7,288.1,291.35,301442,86152538.1,7878
2026-06-11,INE699H01024,AWL,EQ,186.0,189.9,184.56,185.42,185.9,187.14,2384058,446474328.05,28417
2026-06-11,INE238A01034,AXISBANK,EQ,1308.8,1339.5,1307.3,1317.3,1317.0,1314.5,8196686,10855829048.2,171626
2026-06-11,INF846K01W80,AXISGOLD,EQ,120.43,120.54,116.79,119.82,120.04,121.52,3958559,474346046.96,8334
2026-06-11,INF846K01X63,AXISBNKETF,EQ,566.5,570.12,566.0,566.38,567.05,566.56,8219,4658567.14,56
2026-06-11,INF846K016C7,AXISCETF,EQ,113.7,114.53,112.94,113.65,113.91,114.53,355,40369.77,34
2026-06-11,INF846K01Z12,AXISHCETF,EQ,157.83,158.68,157.15,157.75,158.0,157.14,2216,350721.9,53
2026-06-11,INF846K011K1,AXISILVER,EQ,232.5,232.5,227.68,229.74,230.27,229.41,661012,151722858.31,4207
2026-06-11,INF846K01W98,AXISNIFTY,EQ,255.25,257.39,254.09,255.57,256.15,255.23,44945,11504076.85,221
2026-06-11,INF846K01Y96,AXISTECETF,EQ,308.77,308.77,303.49,306.92,307.95,308.87,2667,814278.18,72
2026-06-11,INF846KA1119,AXISVALUE,EQ,32.6,33.5,32.6,32.9,33.35,33.08,50480,1662321.35,436
2026-06-11,INF846K010Q0,AXSENSEX,EQ,76.95,77.6,75.91,76.34,77.6,76.53,6742,515290.96,57
2026-06-11,INE555B01013,AXISCADES,EQ,1915.1,1972.0,1857.3,1873.8,1880.1,1924.1,99924,191088100.8,8147
2026-06-11,INE02EZ01022,AXITA,EQ,7.66,7.92,7.6,7.66,7.76,7.6,327799,2520448.5,1065
2026-06-11,INE501X01029,AYE,EQ,142.95,145.69,137.71,140.23,140.4,142.94,733672,103977376.03,10503
2026-06-11,INE193B01039,AYMSYNTEX,EQ,219.9,219.9,214.01,215.11,215.38,218.67,10105,2189534.4,468
2026-06-11,INE02IJ01035,AZAD,EQ,2159.0,2159.0,2082.5,2105.7,2102.5,2159.5,350644,739225182.5,29423
2026-06-11,INE489D01011,BNALTD,EQ,341.0,341.0,340.0,340.0,340.0,337.0,10,3401.0,2
2026-06-11,INE01EE01011,BBTCL,EQ,230.0,230.01,224.0,225.08,224.01,230.01,9562,2155100.38,156
2026-06-11,INE116D01028,BAGFILMS,EQ,5.04,5.04,4.85,4.91,4.98,4.97,40834,200566.13,159
2026-06-11,INE17CQ01015,BAGDIGITAL,SM,108.0,108.0,108.0,108.0,108.0,107.6,1600,172800.0,1
2026-06-11,INE350H01032,BLKASHYAP,EQ,53.33,53.75,50.71,51.29,51.7,53.63,369319,19160352.38,2352
2026-06-11,INE01FR01028,STYLEBAAZA,BE,327.0,333.3,327.0,327.85,327.0,330.9,69807,23015547.35,500
2026-06-11,INE0QW501012,BABAFP,SM,22.55,22.75,22.55,22.7,22.7,23.5,8000,180960.0,5
2026-06-11,INE878I01022,BAFNAPH,BE,157.57,174.15,157.57,174.15,174.15,165.86,135160,21884087.41,306
2026-06-11,INE2OVN25015,BAGMANE,RR,103.49,103.68,103.29,103.39,103.35,103.29,312656,32340575.3,1931
2026-06-11,INE029Q01017,BAHETI,SM,609.0,609.0,595.0,598.25,599.45,599.25,20625,12381000.0,46
2026-06-11,INE020D01022,BAIDFIN,EQ,10.2,10.2,9.11,9.79,9.77,10.06,191559,1855384.78,534
2026-06-11,INE917I01010,BAJAJ-AUTO,EQ,10127.0,10255.0,10081.0,10114.0,10125.0,10144.0,191419,1940003104.0,41790
2026-06-11,INE933K01021,BAJAJCON,EQ,563.0,591.0,562.1,566.25,573.7,562.8,1031076,594784295.0,29682
2026-06-11,INE193E01025,BAJAJELEC,EQ,306.2,306.6,301.0,304.95,305.0,309.0,127861,38918572.7,5215
2026-06-11,INE296A01032,BAJFINANCE,EQ,880.0,886.95,868.5,870.55,872.0,884.1,5191085,4540743676.85,102348
2026-06-11,INE918I01026,BAJAJFINSV,EQ,1656.1,1658.6,1640.5,1645.1,1648.0,1664.2,589370,972468645.2,63918
2026-06-11,INE411U01027,BAJAJHCARE,EQ,291.15,293.5,281.1,282.6,281.9,291.15,128656,36931816.95,2409
2026-06-11,INE306A01021,BAJAJHIND,EQ,18.93,19.27,18.43,18.51,18.55,18.79,8039272,151261980.4,15631
2026-06-11,INE118A01012,BAJAJHLDNG,EQ,9976.0,10021.0,9850.0,9863.0,9872.0,10035.0,29918,296548545.0,6217
2026-06-11,INE377Y01014,BAJAJHFL,EQ,82.55,83.2,82.3,82.84,83.0,82.74,2915521,241345201.18,27451
2026-06-11,INE704G01024,BAJAJST,EQ,369.85,373.75,357.1,360.95,362.2,369.85,19305,6973076.3,1016
2026-06-11,INE0KQN01018,BAJEL,EQ,198.0,198.0,192.96,194.3,193.8,201.27,237353,46383568.08,4513
2026-06-11,INE083D01012,BALPHARMA,EQ,85.37,88.99,83.57,84.12,84.2,86.15,35044,3014269.17,1772
2026-06-11,INE050E01027,BALAMINES,EQ,2115.0,2173.7,2033.1,2054.0,2064.0,2131.1,319584,670500498.6,27620
2026-06-11,INE0PQ601019,BALAJIPHOS,SM,90.0,90.05,89.0,90.0,90.0,92.35,541000,48549100.0,177
2026-06-11,INE794B01026,BALAJITELE,EQ,85.16,86.98,84.01,84.91,85.5,85.04,94816,8115723.6,2145
2026-06-11,INE618N01022,BALAXI,BE,24.0,24.7,23.1,23.24,23.1,24.31,53516,1255805.08,204
2026-06-11,INE787D01026,BALKRISIND,EQ,2079.2,2080.4,1970.0,1974.0,1976.0,2083.2,233996,469129518.0,29083
2026-06-11,INE875R01011,BALKRISHNA,EQ,17.98,18.41,17.36,17.72,18.05,17.98,6951,123941.1,104
2026-06-11,INE164A01016,BALMLAWRIE,EQ,171.01,172.83,167.0,170.39,171.46,172.33,121496,20713139.31,3359
2026-06-11,INE525F01025,BLIL,EQ,70.8,70.8,70.04,70.14,70.04,70.48,32532,2287185.87,844
2026-06-11,INE119A01028,BALRAMCHIN,EQ,542.0,551.75,538.0,548.55,546.45,536.55,1060977,579600111.55,30388
2026-06-11,INE011E01029,BALUFORGE,EQ,436.0,438.45,424.25,427.6,427.0,439.55,473372,203795103.8,15892
2026-06-11,INE655B01011,BANARBEADS,EQ,101.0,105.0,98.0,101.67,99.6,98.3,3687,366439.37,130
2026-06-11,INE213C01025,BANCOINDIA,EQ,658.5,681.7,636.6,668.95,671.65,656.6,705322,469555072.0,35520
2026-06-11,INE545U01014,BANDHANBNK,EQ,199.38,201.7,193.51,193.9,194.1,199.76,7607741,1500903338.27,48949
2026-06-11,INF194KB1KJ7,GOLDBND,EQ,144.0,145.05,143.72,144.09,144.38,146.34,19938,2871478.54,169
2026-06-11,INF194KA1U07,IDFNIFTYET,EQ,256.4,256.54,253.83,255.2,255.41,255.13,130,33192.7,25
2026-06-11,INF194KB1KI9,SILVERBND,EQ,230.65,233.5,229.99,231.6,231.51,231.27,148473,34385991.89,568
2026-06-11,INE863I01016,BANG,EQ,38.5,38.5,30.21,33.67,33.28,37.25,174893,5870505.77,1053
2026-06-11,INE028A01039,BANKBARODA,EQ,266.2,268.6,262.1,267.6,267.45,269.3,21062711,5594496262.55,64930
2026-06-11,INE084A01016,BANKINDIA,EQ,144.4,144.4,140.21,141.38,141.73,144.86,11181743,1585394615.59,47245
2026-06-11,INE457A01014,MAHABANK,EQ,83.9,84.4,82.83,83.08,83.29,84.18,13551944,1132624673.15,51710
2026-06-11,INE862Y01015,BANKA,BE,92.42,92.42,92.42,92.42,92.42,90.61,8641,798601.22,27
2026-06-11,INE186H01022,BASML,EQ,25.4,25.58,24.56,24.89,24.77,25.11,96950,2432121.61,1956
2026-06-11,INE459A01010,BANARISUG,EQ,3629.9,3629.9,3600.0,3603.9,3615.0,3600.3,324,1167639.0,66
2026-06-11,INE0B9K01025,BANSALWIRE,EQ,290.0,293.65,286.2,289.1,289.0,293.5,16046,4651817.5,748
2026-06-11,INE629D01020,BANSWRAS,EQ,129.29,131.93,125.15,127.02,125.5,129.29,23307,2981174.29,452
2026-06-11,INE139I01011,BVCL,EQ,41.5,41.69,39.66,40.01,39.66,41.45,7436,299243.66,97
2026-06-11,INE0QX401014,BARFLEX,SM,57.0,57.2,57.0,57.2,57.2,56.95,6000,342400.0,3
2026-06-11,INF251K01TL6,BBNPNBETF,EQ,55.56,55.76,55.09,55.65,55.65,55.56,1778,98662.58,20
2026-06-11,INF251K01SU9,BBNPPGOLD,EQ,140.7,141.15,138.0,140.4,140.45,142.05,4329,605840.2,86
2026-06-11,INE855F01042,ASMS,EQ,7.2,7.2,6.95,7.08,7.12,7.23,592057,4189634.25,1577
2026-06-11,INE373A01013,BASF,EQ,3250.0,3298.9,3242.5,3252.0,3250.0,3286.0,7894,25779487.8,2137
2026-06-11,INE0OCC01013,BASILIC,SM,213.4,213.4,204.0,205.35,208.5,209.0,9000,1879305.0,28
2026-06-11,INE176A01028,BATAINDIA,EQ,664.0,665.45,655.5,657.85,660.0,664.05,51320,33860365.9,6940
2026-06-11,INE177C01022,BATLIBOI,EQ,76.08,76.08,73.1,74.48,73.1,76.63,17284,1294489.43,649
2026-06-11,INE0JFJ01011,BAWEJA,ST,29.9,30.1,28.7,29.7,29.7,29.05,16000,471000.0,14
2026-06-11,INE462A01022,BAYERCROP,EQ,4280.0,4284.5,4202.2,4218.8,4207.0,4298.4,14591,61702061.7,3161
2026-06-11,INE412G01024,BCLIND,EQ,37.01,39.98,37.01,38.14,38.0,37.14,5487377,212912533.27,22560
2026-06-11,INE00SW01015,BCPL,EQ,77.51,78.35,75.0,75.64,75.4,77.51,10735,821335.8,421
2026-06-11,INE639X01027,BEACON,ST,86.5,86.5,82.8,84.05,84.05,86.95,4000,336150.0,4
2026-06-11,INE520H01022,BEARDSELL,EQ,27.9,28.55,26.8,27.0,27.49,28.13,26645,727371.33,562
2026-06-11,INE844K01012,BEDMUTHA,EQ,107.01,109.45,106.5,108.41,108.1,108.1,1091,117254.93,48
2026-06-11,INE213D01015,BEEKAY,EQ,420.0,420.0,395.15,399.0,399.0,415.3,713,291869.65,60
2026-06-11,INE344T01014,BELLACASA,EQ,225.1,231.91,225.0,225.48,225.0,229.9,3180,722911.91,199
2026-06-11,INE894V01022,BELRISE,EQ,225.5,226.8,218.42,220.39,222.63,227.13,3951921,877564911.19,46183
2026-06-11,INE0N7W01012,BLAL,EQ,183.82,185.95,180.01,182.48,184.29,183.88,13416,2453612.63,357
2026-06-11,INE258A01024,BEML,EQ,1775.0,1797.0,1725.0,1727.4,1729.7,1770.6,119334,207824569.3,11314
2026-06-11,INE083K01017,BENGALASM,EQ,6504.0,6521.5,6400.5,6404.5,6401.0,6512.5,45,291324.0,34
2026-06-11,INE463A01038,BERGEPAINT,EQ,514.95,522.2,504.5,513.95,517.0,516.7,344492,177610775.8,19810
2026-06-11,INE052T01021,BESTAGRO,EQ,15.46,15.95,15.25,15.33,15.55,15.75,287859,4445195.11,1601
2026-06-11,INE351Y01019,BETA,EQ,1505.3,1525.9,1460.0,1476.0,1460.0,1503.3,8073,12003523.6,1070
2026-06-11,INE0HQI01014,BEWLTD,SM,63.6,66.55,63.6,66.55,66.55,60.5,41000,2696125.0,60
2026-06-11,INE878K01010,BFINVEST,EQ,422.0,428.9,419.6,423.75,428.9,424.65,27827,11792380.6,987
2026-06-11,INE243D01012,BFUTILITIE,EQ,592.2,606.0,575.0,578.5,578.75,596.2,54794,32193885.45,2677
2026-06-11,INF0QA701714,BANKBETF,EQ,55.83,56.3,55.5,55.98,56.1,55.76,46385,2596571.66,275
2026-06-11,INF0QA701854,LIQUIDBETF,EQ,1085.34,1085.35,1085.33,1085.34,1085.34,1085.21,525448,570286732.2,156
2026-06-11,INF0QA701722,NIFTYBETF,EQ,238.51,238.7,236.49,237.17,237.15,237.8,1814,430182.29,44
2026-06-11,INE661I01014,BGRENERGY,BE,333.0,333.0,317.3,320.05,320.85,334.0,71064,22854045.85,927
2026-06-11,INE0ZRC01017,BHADORA,SM,57.0,57.4,57.0,57.4,57.4,58.4,2400,137280.0,2
2026-06-11,INE354C01027,BHAGERIA,EQ,205.25,209.12,202.6,205.37,206.05,207.85,72518,14882352.9,1092
2026-06-11,INE414D01027,BHAGCHEM,EQ,265.79,268.74,255.37,257.34,257.25,267.69,102748,26659800.06,1971
2026-06-11,INE458B01036,BHAGYANGR,BE,329.0,329.0,299.5,304.8,304.6,315.2,109591,34160318.1,1280
2026-06-11,INE474E01029,BHANDARI,BE,3.02,3.07,2.87,2.99,3.0,3.02,119914,357973.99,283
2026-06-11,INE922A01025,BEPL,EQ,95.71,95.71,93.31,94.21,93.79,95.71,290506,27394457.65,3356
2026-06-11,INE464A01036,BBL,EQ,2730.0,2761.9,2681.5,2695.3,2703.0,2743.1,19639,53321528.5,2623
2026-06-11,INE05XR01022,BHARATCOAL,EQ,37.6,38.15,36.4,36.65,36.59,37.99,29125734,1078051585.95,59360
2026-06-11,INE171Z01026,BDL,EQ,1175.0,1183.6,1155.2,1160.3,1158.0,1183.8,714074,834953997.3,29376
2026-06-11,INE263A01024,BEL,EQ,407.35,407.35,401.75,402.3,403.0,408.35,6994969,2823887125.65,110332
2026-06-11,INE465A01025,BHARATFORG,EQ,1947.2,1965.0,1928.8,1942.9,1948.0,1949.2,801831,1563143009.6,41188
2026-06-11,INE561C01019,BHARATGEAR,EQ,110.31,112.0,109.01,109.54,110.0,110.86,13958,1537316.29,737
2026-06-11,INE029A01011,BPCL,EQ,285.0,287.4,280.25,286.35,286.9,288.0,12991146,3698365233.55,76086
2026-06-11,INE838B01021,BHARATRAS,EQ,1375.0,1391.6,1358.1,1368.6,1372.0,1384.4,5106,7017304.0,886
2026-06-11,INE727S01012,BRNL,EQ,18.99,18.99,18.65,18.83,18.95,18.99,18199,342519.99,196
2026-06-11,INE415D01024,BHARATSE,EQ,177.61,178.8,171.0,172.54,171.5,180.6,192180,33509645.94,4160
2026-06-11,INE316L01019,BHARATWIRE,EQ,203.54,205.0,193.02,198.07,198.5,206.64,235510,46833309.39,5193
2026-06-11,INE397D01024,BHARTIARTL,EQ,1773.0,1796.0,1768.6,1782.6,1786.8,1775.2,5020731,8966168021.7,138560
2026-06-11,INE343G01021,BHARTIHEXA,EQ,1457.2,1486.9,1434.2,1478.5,1477.0,1457.2,119578,176291291.0,13790
2026-06-11,INE828A01016,BIL,EQ,671.0,700.1,665.0,673.15,686.4,681.8,1274,863182.0,155
2026-06-11,INE257A01026,BHEL,EQ,376.55,379.5,367.6,370.65,371.0,377.3,11173287,4160014996.1,124254
2026-06-11,INE274K01012,BTTL,EQ,34.5,35.0,33.99,34.9,34.9,34.5,1985,68328.88,36
2026-06-11,INE412U01025,BIGBLOC,EQ,48.81,49.69,47.2,47.68,48.5,48.78,43647,2109904.04,860
2026-06-11,INE00E101023,BIKAJI,EQ,670.15,679.7,661.55,671.65,670.0,670.15,164373,110244459.25,6574
2026-06-11,INE071A01013,BILVYAPAR,BE,4.0,4.0,3.9,3.92,3.91,4.02,8310,32960.64,59
2026-06-11,INE986A01012,BI,EQ,61.46,61.99,59.3,59.74,59.7,61.52,6269,377198.29,159
2026-06-11,INE0HOQ01053,GROWW,EQ,190.0,193.06,189.02,191.92,191.55,191.6,15217457,2915294577.41,94507
2026-06-11,INE469A01019,BIMETAL,EQ,629.0,651.95,622.1,640.25,640.0,640.0,538,344863.7,65
2026-06-11,INE1BKA01015,BMLL,ST,120.0,123.9,118.6,119.2,123.5,124.8,453000,53879150.0,52
2026-06-11,INE376G01013,BIOCON,EQ,414.65,419.8,412.15,415.95,416.5,414.6,1772908,738603016.3,31281
2026-06-11,INE829A01014,BIOFILCHEM,EQ,36.4,39.0,35.01,35.4,35.89,36.39,351437,12876191.34,1813
2026-06-11,INE0XW001014,BIOPOL,SM,94.0,96.0,90.0,92.4,93.85,94.6,112800,10382160.0,88
2026-06-11,INE800A01015,BIRLACABLE,BE,186.6,192.98,183.85,184.89,185.1,193.52,95785,17935027.59,1442
2026-06-11,INE340A01012,BIRLACORPN,EQ,927.4,931.3,904.05,928.3,928.9,932.35,153911,141163167.55,12429
2026-06-11,INE372E01025,BIRLAPREC,EQ,37.0,37.7,35.75,35.86,35.75,36.81,33597,1220143.24,512
2026-06-11,INE557A01011,BIRLANU,EQ,1258.2,1275.5,1246.0,1255.5,1275.0,1248.2,13068,16401041.7,902
2026-06-11,INF209KC1134,ABGSEC,EQ,113.56,113.87,111.23,112.62,111.23,113.82,392,44135.84,16
2026-06-11,INF209KC1670,ABSL10BANK,EQ,162.5,165.5,160.03,161.68,160.5,162.5,370551,61194292.03,74
2026-06-11,INF209KB17D5,ABSLBANETF,EQ,56.03,56.79,56.01,56.32,56.34,56.24,17900,1009685.23,238
2026-06-11,INF209KB18T9,ABSLLIQUID,EQ,999.99,1000.01,999.99,999.99,1000.0,1000.0,983,983000.14,19
2026-06-11,INF209KC1662,ABSLMSCIN,EQ,28.38,28.38,28.16,28.18,28.18,28.37,55,1554.18,6
2026-06-11,INF209KB16D7,ABSLNN50ET,EQ,71.69,72.8,70.85,71.67,71.09,72.8,169720,12230247.84,268
2026-06-11,INF209KB10E8,BSLSENETFG,EQ,74.99,74.99,73.51,74.22,74.03,74.4,823,61158.64,89
2026-06-11,INF209KC1142,GSEC10ABSL,EQ,111.62,111.62,111.54,111.54,111.54,109.44,2,223.16,2
2026-06-11,INF209KB10C2,HEALTHY,EQ,15.75,16.15,15.65,16.0,16.08,15.9,315358,5038007.66,920
2026-06-11,INF209KB14K7,MOMENTUM,EQ,30.03,30.16,29.81,29.85,29.9,30.17,18844,563808.88,217
2026-06-11,INF209KB15K4,NIFTYQLITY,EQ,21.09,21.09,20.32,20.44,20.51,20.68,20260,414764.38,238
2026-06-11,INF209KB19F6,SILVER,EQ,230.65,232.79,227.01,231.0,231.1,230.65,1490025,343774636.38,13294
2026-06-11,INF209KB11D8,TECH,EQ,32.05,32.05,30.11,30.48,31.42,31.07,54671,1658817.92,313
2026-06-11,INF209KB19Z4,ABSLPSE,EQ,10.3,10.4,10.12,10.18,10.35,10.27,415239,4222970.54,826
2026-06-11,INE836A01035,BSOFT,EQ,310.1,313.0,306.9,310.85,312.0,315.55,620281,192239343.8,16302
2026-06-11,INE676A01027,BBOX,EQ,1015.0,1029.3,981.0,988.5,991.0,1012.7,469954,470973586.9,19685
2026-06-11,INE761G01016,BLACKROSE,EQ,93.01,93.78,88.65,90.48,91.9,93.4,10885,993096.47,299
2026-06-11,INE0UIZ01018,BLACKBUCK,EQ,525.0,538.3,522.7,532.4,534.0,530.45,570236,303531913.8,21148
2026-06-11,INE791A01024,BLBLIMITED,EQ,16.3,16.3,15.74,15.76,15.74,16.17,99140,1572944.32,193
2026-06-11,INE416D01022,BLISSGVS,EQ,427.0,440.0,424.0,436.55,438.0,424.65,1122515,488458777.3,15738
2026-06-11,INE0NLT01010,BLSE,EQ,225.01,229.0,221.97,225.19,225.0,225.9,145133,32736527.14,2479
2026-06-11,INE153T01027,BLS,EQ,252.0,255.4,248.2,250.85,251.0,253.65,1115433,279543713.05,30533
2026-06-11,INE472B01011,BLUECOAST,BE,30.0,30.0,28.98,29.99,29.99,30.5,3426,101013.22,19
2026-06-11,INE233B01017,BLUEDART,EQ,4711.0,4750.9,4666.4,4710.1,4700.0,4756.6,9062,42717053.2,2925
2026-06-11,INE0KBH01020,BLUEJET,EQ,467.1,516.7,465.75,498.45,499.2,469.75,5912431,2997214308.4,99200
2026-06-11,INE0SAK01011,BLUEPEBBLE,SM,74.1,81.8,68.0,72.1,73.0,77.9,14400,1038860.0,36
2026-06-11,INE472A01039,BLUESTARCO,EQ,1560.1,1576.7,1551.5,1556.8,1559.0,1581.7,218476,341284203.4,13857
2026-06-11,INE0X3M01010,BLUEWATER,ST,307.3,307.3,300.0,300.0,300.0,302.95,4000,1213300.0,4
2026-06-11,INE304W01038,BLUESTONE,EQ,525.0,525.0,512.95,515.3,514.9,521.95,112690,58305137.75,5263
2026-06-11,INE0U4101014,BLUSPRING,EQ,85.22,90.8,83.01,83.77,83.8,86.08,314576,27123645.8,3786
2026-06-11,INE965W01036,BMWVENTLTD,EQ,58.37,61.09,58.37,59.16,59.02,59.64,72249,4296604.7,3156
2026-06-11,INE00HZ01011,BNAGROCHEM,BE,267.1,283.0,262.0,283.0,283.0,273.75,2763,751848.8,18
2026-06-11,INE338D01028,BODALCHEM,BE,69.7,71.58,66.2,66.85,67.1,68.98,109161,7457055.39,419
2026-06-11,INE0EEJ01023,BTML,EQ,6.48,6.66,6.48,6.6,6.66,6.61,166272,1094139.67,223
2026-06-11,INE802W01023,BOHRAIND,EQ,18.44,18.44,16.91,16.91,16.91,17.79,4502,77420.69,62
2026-06-11,INE050A01025,BBTC,EQ,1510.0,1510.0,1480.5,1490.0,1491.2,1520.2,31356,46744057.5,4602
2026-06-11,INE032A01023,BOMDYEING,EQ,124.1,124.5,121.53,122.34,122.38,124.85,515053,63247287.84,5146
2026-06-11,INE0I3Y01014,BMETRICS,SM,35.2,35.2,35.2,35.2,35.2,35.15,800,28160.0,1
2026-06-11,INE032Z01020,BSHSL,BE,95.5,95.5,89.31,94.4,94.4,94.01,5093,469619.81,60
2026-06-11,INE031A07881,719HUDCO28,N7,1054.0,1054.0,1054.0,1054.0,1054.0,1040.0,10,10540.0,1
2026-06-11,INE053F07538,810IRFC27,N2,1065.55,1066.31,1065.5,1066.31,1066.31,1067.27,509,542347.24,3
2026-06-11,INE906B07CB9,830NHAI27,N2,1078.0,1078.0,1077.9,1077.9,1077.9,1073.55,10,10779.9,2
2026-06-11,INE053F07686,865IRFC29,,1090.0,1094.9,1087.0,1090.05,1090.05,1090.0,2147,2346692.2,46
2026-06-11,INE020B07HS2,871REC28,N9,1117.0,1117.0,1111.1,1117.0,1117.0,1117.0,1401,1559829.18,23
2026-06-11,INE053F07744,888IRFC29,NE,1115.0,1120.0,1105.15,1115.0,1115.0,1109.09,501,556662.54,8
2026-06-11,INE020B07IG5,888REC29,NF,1127.1,1134.99,1127.1,1131.0,1131.0,1132.0,49,55463.7,3
2026-06-11,INE0B9A01018,BONLON,EQ,42.79,42.79,40.02,40.81,41.0,41.16,3963,162103.84,121
2026-06-11,INE16SF01016,BORANA,EQ,319.95,325.0,313.35,323.7,325.0,319.9,22487,7210582.4,650
2026-06-11,INE02PY01013,BOROLTD,EQ,218.1,219.43,217.0,217.56,219.0,219.83,34376,7491598.84,1940
2026-06-11,INE666D01022,BORORENEW,EQ,530.0,530.0,512.3,516.7,515.5,531.05,798730,413285601.2,16898
2026-06-11,INE02L001032,BOROSCI,EQ,150.02,154.9,150.02,151.88,152.0,151.65,264802,40317576.88,1838
2026-06-11,INE782A01015,BOSCH-HCIL,EQ,1350.1,1351.0,1321.0,1321.8,1321.4,1350.1,5831,7746514.0,566
2026-06-11,INE323A01026,BOSCHLTD,EQ,37800.0,38350.0,37470.0,37565.0,37545.0,37790.0,34810,1317327895.0,16400
2026-06-11,INE0QNI01012,BOSS,SM,34.0,34.0,34.0,34.0,34.0,35.7,2000,68000.0,1
2026-06-11,INE110A01019,BPL,EQ,51.5,51.53,50.5,50.93,51.28,51.56,21413,1095139.07,661
2026-06-11,INE02RE01045,FIRSTCRY,EQ,214.51,215.49,211.5,212.39,212.3,215.92,711195,151703449.17,15720
2026-06-11,INE977Y01011,BCONCEPTS,EQ,190.08,190.08,175.8,178.05,176.3,187.38,17230,3161468.81,1579
2026-06-11,INE0XUD01014,BRANDMAN,ST,159.0,160.0,155.0,160.0,160.0,156.65,12800,2032760.0,13
2026-06-11,INE791I01019,BRIGADE,EQ,644.0,652.45,643.65,648.45,650.0,648.2,121291,78631591.8,8632
2026-06-11,INE03NU01014,BRIGHOTEL,EQ,62.65,62.65,61.12,62.06,62.5,62.65,85076,5264612.54,3386
2026-06-11,INE425B01027,BCG,EQ,10.25,10.74,10.05,10.23,10.25,10.3,11027959,114429527.52,10378
2026-06-11,INE216A01030,BRITANNIA,EQ,5160.0,5190.5,5096.5,5113.0,5130.0,5171.0,295275,1517816642.0,40573
2026-06-11,INE0FDU25010,BIRET,RR,319.7,320.39,318.82,319.46,319.45,319.2,172867,55218759.91,12175
2026-06-11,INE650L01011,BROOKS,BE,68.25,68.25,64.55,65.05,65.8,67.74,14893,980991.93,138
2026-06-11,INE118H01025,BSE,EQ,3909.9,3954.1,3865.0,3888.3,3895.1,3929.5,2199536,8610572170.5,97126
2026-06-11,INE594B01012,BSL,EQ,120.01,125.99,120.01,122.63,122.52,122.92,3422,421747.82,104
2026-06-11,INE295F01017,BUTTERFLY,EQ,629.95,633.8,620.0,625.65,629.75,630.85,10169,6371033.35,1245
2026-06-11,INE0SZ301012,BULKCORP,SM,38.95,38.95,38.95,38.95,38.95,41.0,4800,186960.0,4
2026-06-11,INE0SMX01019,CKKRETAIL,SM,143.5,143.5,140.0,140.0,140.0,140.0,76800,10771960.0,46
2026-06-11,INE0QBU01012,CPS,SM,978.0,985.0,952.0,985.0,985.0,940.0,450,437250.0,3
2026-06-11,INE0BV301023,MAPMYINDIA,EQ,855.2,856.05,836.6,842.65,843.0,860.35,124291,104957191.6,10491
2026-06-11,INE0U7V01015,C2C,SM,347.4,348.35,340.1,341.7,342.8,352.0,55500,19060800.0,321
2026-06-11,INE526B01014,CALSOFT,BE,20.37,20.53,19.8,20.11,20.11,20.37,22590,454051.16,155
2026-06-11,INE627H01017,CTE,EQ,34.39,34.39,30.0,31.22,31.49,31.67,13642,428382.43,88
2026-06-11,INE052I01032,CAMLINFINE,EQ,127.0,130.9,123.59,124.72,125.5,127.41,1268786,160760592.47,13171
2026-06-11,INE278Y01022,CAMPUS,EQ,233.0,235.95,230.7,231.85,232.8,235.15,139175,32437562.2,6516
2026-06-11,INE477A01020,CANFINHOME,EQ,845.9,854.75,836.6,844.5,848.0,845.9,246766,208840109.1,30978
2026-06-11,INE476A01022,CANBK,EQ,132.7,133.78,130.6,131.52,131.97,133.46,46246010,6103180105.13,107746
2026-06-11,INE01TY01017,CANHLIFE,EQ,139.79,140.89,136.82,139.33,139.01,140.95,280230,38875414.8,6858
2026-06-11,INE218I01013,CRAMC,EQ,241.0,244.45,238.72,240.69,241.71,241.72,147846,35778991.51,4315
2026-06-11,INE0QG301017,CANARYS,SM,19.0,19.2,19.0,19.0,19.0,19.1,48000,914600.0,12
2026-06-11,INE068L01024,CANTABIL,EQ,217.02,218.51,213.0,214.09,214.0,219.96,47099,10125642.56,1533
2026-06-11,INE264T01014,CAPACITE,EQ,214.7,215.83,211.0,211.61,211.0,215.78,97971,20850226.29,2397
2026-06-11,INE0ILV01024,CAPILLARY,EQ,500.4,509.85,483.6,497.5,498.0,504.35,299883,149304913.8,2403
2026-06-11,INE345H01024,CIFL,EQ,23.45,23.95,23.0,23.1,23.01,23.24,24738,578427.72,294
2026-06-11,INE0Z8Z23013,CAPINVIT,IV,71.5,72.1,71.15,71.75,71.8,71.64,134304,9614462.93,1122
2026-06-11,INE646H01017,CAPITALSFB,EQ,275.15,278.5,271.1,277.95,278.0,275.2,12751,3532504.05,567
2026-06-11,INE707C01018,CAPTRUST,BE,12.96,13.4,12.45,12.97,13.4,13.1,15031,189982.23,50
2026-06-11,INE475E01026,CAPLIPOINT,EQ,2309.4,2375.0,2291.1,2331.0,2338.0,2309.4,286180,670458891.3,27680
2026-06-11,INE180C01042,CGCL,EQ,199.5,201.28,198.0,199.29,198.0,201.72,1883079,376256247.41,12630
2026-06-11,INE120A01034,CARBORUNIV,EQ,1021.7,1030.0,993.2,997.8,1000.0,1016.4,212046,215239223.2,15086
2026-06-11,INE752H01013,CARERATING,EQ,1615.0,1633.9,1587.7,1598.9,1604.9,1629.0,18940,30426737.8,2483
2026-06-11,INE0P6P01016,CPEDU,EQ,174.46,177.0,170.25,173.55,173.5,174.46,472,82355.53,34
2026-06-11,INE0V7W01012,CARRARO,EQ,513.25,513.85,500.25,502.4,502.7,515.75,48101,24333312.2,3708
2026-06-11,INE290S01011,CARTRADE,EQ,2401.6,2485.2,2318.0,2385.4,2385.0,2451.4,2085028,4953077888.4,125341
2026-06-11,INE482D01024,CARYSIL,EQ,1205.0,1222.9,1158.1,1163.8,1160.0,1191.9,440529,524427766.6,25293
2026-06-11,INE0WL201014,CUDML,ST,191.0,191.0,182.7,183.25,182.7,182.7,72000,13309550.0,68
2026-06-11,INE172A01027,CASTROLIND,EQ,182.01,182.59,181.21,182.11,182.03,182.59,448727,81687167.19,8144
2026-06-11,INE421D01022,CCL,EQ,1185.1,1190.2,1122.2,1133.1,1128.0,1193.4,709130,812185872.7,37316
2026-06-11,INE482A01020,CEATLTD,EQ,3110.4,3165.8,3061.2,3149.0,3157.0,3117.6,174072,545817251.1,13986
2026-06-11,INE11J101017,CEDAAR,SM,24.0,24.0,22.2,22.2,22.2,23.0,2000,46200.0,2
2026-06-11,INE0AG901020,CEIGALL,EQ,363.0,381.7,349.0,369.95,367.5,360.85,1201400,437627904.55,23719
2026-06-11,INE016Q01014,CEINSYS,EQ,915.05,919.9,901.05,905.9,906.0,920.8,35983,32725536.5,2057
2026-06-11,INE185H01016,CELEBRITY,EQ,7.43,7.7,7.21,7.35,7.59,7.46,12764,94613.26,161
2026-06-11,INE0O0001013,CELLPOINT,SM,15.9,15.95,15.9,15.95,15.95,15.4,2400,38220.0,2
2026-06-11,INE0OMO01025,CELLECOR,ST,35.5,35.5,34.7,34.75,34.7,35.75,33000,1156950.0,11
2026-06-11,INE0LMW01024,CELLO,EQ,379.05,379.05,370.1,371.1,370.6,376.6,113798,42430324.6,7697
2026-06-11,INE686A01026,CEMPRO,EQ,1218.9,1218.9,1175.3,1175.3,1175.3,1237.1,699687,831565984.9,16885
2026-06-11,INE483A01010,CENTRALBK,EQ,30.5,30.59,30.1,30.17,30.23,30.76,7535368,228176676.89,18715
2026-06-11,INE736A01011,CDSL,EQ,1193.9,1197.5,1183.0,1190.2,1192.0,1200.9,1050788,1250715705.6,38620
2026-06-11,INE05HV01027,CMPDI,EQ,229.71,232.4,220.86,223.0,224.3,230.39,2683151,608328733.19,26359
2026-06-11,INE660C01027,CENTRUM,EQ,21.96,22.0,21.41,21.5,21.6,21.75,75879,1641598.34,497
2026-06-11,INE320B01020,CENTUM,EQ,3297.0,3529.6,3260.1,3389.8,3395.0,3304.0,87006,298899116.4,14685
2026-06-11,INE485A01015,CENTENKA,EQ,502.5,502.65,483.9,489.85,494.0,502.5,41080,20134954.25,2267
2026-06-11,INE281A01026,CENTEXT,EQ,19.5,19.74,19.3,19.56,19.6,19.53,47038,918922.49,417
2026-06-11,INE348B01021,CENTURYPLY,EQ,746.9,746.9,713.0,733.25,735.95,743.0,18847,13856501.1,1997
2026-06-11,INE739E01017,CERA,EQ,5870.0,5899.5,5789.5,5854.5,5850.0,5869.5,6739,39350896.0,2475
2026-06-11,INE345B01019,CEREBRAINT,BZ,3.85,3.85,3.51,3.56,3.56,3.67,72335,264538.22,191
2026-06-11,INE486A01021,CESC,EQ,167.31,168.5,165.2,167.99,167.5,168.2,1675003,280295577.11,26282
2026-06-11,INE067A01029,CGPOWER,EQ,900.5,926.5,898.95,901.35,903.2,908.1,2755854,2510603921.3,69214
2026-06-11,INE427F01016,CHALET,EQ,736.45,743.6,723.7,725.25,725.1,743.9,85386,62416601.7,6438
2026-06-11,INE419D01026,CLSEL,EQ,267.0,268.6,264.0,265.1,265.85,267.9,11595,3083923.1,596
2026-06-11,INE06PV01010,CMNL,SM,106.0,106.0,105.0,105.0,105.0,106.0,1500,158250.0,2
2026-06-11,INE085A01013,CHAMBLFERT,EQ,475.35,478.65,462.0,465.3,464.0,477.65,1022853,480875844.8,29534
2026-06-11,INE11HG01018,CHAMUNDA,SM,40.4,40.4,39.75,39.75,39.75,39.05,6000,240450.0,2
2026-06-11,INE0B2N01016,CHANDAN,SM,226.35,230.0,223.7,224.15,223.7,228.65,21600,4889240.0,27
2026-06-11,INE0PT101017,CHAVDA,SM,86.0,88.45,86.0,86.0,86.0,86.8,8000,694250.0,8
2026-06-11,INE0TGX01019,CHEMBONDCH,BE,179.49,179.49,171.15,174.05,174.8,174.72,3148,543628.81,32
2026-06-11,INE995D01025,CHEMBOND,BE,154.04,155.98,150.0,153.11,152.01,154.04,1082,166180.74,52
2026-06-11,INE03YM01018,CHEMCON,EQ,195.78,195.79,188.91,189.47,190.0,195.78,44099,8454885.06,1717
2026-06-11,INE783X01023,CHEMFAB,BE,419.4,419.4,384.75,387.35,387.0,404.95,1577,615589.3,64
2026-06-11,INE488A01050,CHEMPLASTS,EQ,198.3,200.35,193.11,196.51,196.7,200.22,231116,45388872.63,6075
2026-06-11,INE178A01016,CHENNPETRO,EQ,1184.0,1193.8,1136.0,1140.1,1143.9,1184.3,835535,971291859.3,29526
2026-06-11,INE0U1T01012,CHETANA,ST,44.25,44.25,44.25,44.25,44.25,46.55,11200,495600.0,5
2026-06-11,INE974B01016,CHEVIOT,EQ,1087.4,1099.0,1070.0,1073.7,1070.0,1083.5,1612,1753881.9,165
2026-06-11,INE102B01014,CHOICEIN,EQ,639.5,663.85,632.05,656.1,655.0,640.8,844822,551530463.85,19716
2026-06-11,INF2KCX01012,CHOICEGOLD,EQ,141.15,143.98,140.5,142.81,143.0,145.64,16903,2412611.02,199
2026-06-11,INE149A01033,CHOLAHLDNG,EQ,1434.0,1434.0,1398.6,1425.6,1427.0,1431.3,109503,154979072.4,9481
2026-06-11,INE121A01024,CHOLAFIN,EQ,1459.0,1473.3,1449.3,1454.9,1465.0,1472.6,1160022,1693995676.7,35053
2026-06-11,INE536H01010,CIEINDIA,EQ,432.0,438.7,426.25,436.1,436.1,435.25,205908,89429609.35,10266
2026-06-11,INE704H01022,CINELINE,EQ,78.02,79.5,77.51,78.31,78.02,78.37,6977,547856.93,93
2026-06-11,INE039B01026,CINEVISTA,EQ,15.71,15.75,15.01,15.18,15.32,15.71,44220,675867.41,228
2026-06-11,INE059A01026,CIPLA,EQ,1376.1,1391.0,1373.9,1383.3,1385.8,1377.0,654474,906034601.6,30478
2026-06-11,INE2Q7823014,CITIUSINVT,IV,106.98,106.98,106.02,106.47,106.5,106.2,63272,6738687.15,330
2026-06-11,INE491A01021,CUB,EQ,254.0,260.95,253.75,256.8,259.0,253.15,3145166,811742879.95,46557
2026-06-11,INE201M01029,CLEDUCATE,BE,56.0,56.0,54.88,54.88,54.88,56.0,5805,318628.42,31
2026-06-11,INE0UQ601012,CLASSICEIL,ST,43.3,43.3,43.3,43.3,43.3,43.3,1600,69280.0,1
2026-06-11,INE647U01026,CLEANMAX,EQ,1350.0,1395.3,1263.6,1284.6,1280.0,1335.5,913211,1213885071.8,61201
2026-06-11,INE227W01023,CLEAN,EQ,745.0,749.75,736.0,741.1,743.0,752.55,96089,71325308.8,9608
2026-06-11,INE1EF801010,CSSL,SM,99.0,99.0,97.5,98.0,98.0,100.1,6000,588650.0,6
2026-06-11,INE00WV01027,CMRGREEN,EQ,241.5,251.0,240.33,243.89,246.1,241.2,11214436,2753111895.4,136808
2026-06-11,INE925R01014,CMSINFO,EQ,290.0,293.45,287.1,288.9,292.0,290.85,361215,104850918.25,13758
2026-06-11,INE522F01014,COALINDIA,EQ,451.0,452.0,445.05,446.2,446.0,451.0,6034733,2700490376.65,67944
2026-06-11,INE377E01024,COASTCORP,EQ,46.5,46.65,44.05,45.2,45.2,46.41,227155,10222327.01,3846
2026-06-11,INE704P01025,COCHINSHIP,EQ,1400.0,1400.0,1368.1,1387.8,1385.0,1404.2,907447,1256439813.4,40165
2026-06-11,INE335K01011,COFFEEDAY,BE,32.0,34.78,31.51,34.66,34.75,33.13,1763959,58481662.32,2934
2026-06-11,INE591G01025,COFORGE,EQ,1387.2,1409.2,1356.2,1393.8,1396.0,1402.7,1646487,2282888468.1,65506
2026-06-11,INE03QK01018,COHANCE,EQ,428.0,428.0,421.05,423.45,426.0,430.5,411443,174315467.75,36729
2026-06-11,INE259A01022,COLPAL,EQ,2050.0,2064.8,2022.4,2028.6,2034.9,2056.3,397135,810145603.0,26416
2026-06-11,INE819A01049,COMFINTE,EQ,5.97,6.17,5.62,5.82,5.85,5.97,362434,2124218.94,672
2026-06-11,INE073V01015,COMSYN,EQ,169.05,173.39,166.96,169.38,168.78,169.05,47511,8078807.05,748
2026-06-11,INE070C01037,COMPINFO,BZ,1.35,1.38,1.3,1.33,1.33,1.32,16251,22232.23,17
2026-06-11,INE453B01029,COMPUSOFT,EQ,13.63,13.89,13.3,13.58,13.89,13.63,19756,268125.14,141
2026-06-11,INE596I01020,CAMS,EQ,727.0,738.1,720.0,722.65,725.0,741.1,671414,488361612.95,27414
2026-06-11,INE338H01029,CONCORDBIO,EQ,1323.0,1349.0,1297.7,1343.3,1340.9,1330.7,298195,397655870.9,23074
2026-06-11,INE037Z01029,CEWATER,EQ,254.95,257.95,249.0,250.8,249.0,257.0,47055,11893432.35,2276
2026-06-11,INE552D01024,CONFIPET,EQ,72.92,76.0,71.7,72.56,72.38,72.92,1851024,136828576.78,11818
2026-06-11,INE0EAS01014,CONNPLEX,SM,222.95,226.0,221.0,223.8,224.8,221.55,23200,5188600.0,25
2026-06-11,INE429I01024,CCCL,EQ,15.05,15.05,14.46,14.68,14.64,14.86,177848,2623236.83,460
2026-06-11,INE025A01027,CONSOFINVT,EQ,220.95,226.57,220.95,225.05,225.0,221.27,10152,2279897.88,210
2026-06-11,INE111A01025,CONCOR,EQ,442.8,443.9,437.45,440.25,441.4,445.5,1235614,543695454.55,25539
2026-06-11,INE663B01015,CONTROLPR,EQ,600.05,602.45,594.9,595.85,595.95,606.55,10858,6488956.45,1399
2026-06-11,INE0HS001028,COOLCAPS,SM,25.75,27.6,24.8,26.4,27.0,25.45,206250,5343000.0,116
2026-06-11,INE558D01021,CORALFINAC,EQ,32.15,32.15,31.09,31.3,31.95,31.5,2028,63554.46,50
2026-06-11,INE792I01017,CORDSCABLE,BE,203.54,207.9,200.5,201.89,200.5,203.54,16373,3340832.86,287
2026-06-11,INE169A01031,COROMANDEL,EQ,1876.8,1888.9,1840.0,1865.6,1875.0,1880.7,347574,648188952.5,28079
2026-06-11,INE02ZQ01018,CORONA,EQ,1680.0,1745.0,1658.1,1683.2,1680.0,1734.4,73152,123550465.2,6822
2026-06-11,INE757A01017,COSMOFIRST,EQ,746.15,747.2,708.55,719.1,715.0,747.0,81688,58806486.0,3810
2026-06-11,INE652F01027,CCHHL,EQ,13.04,13.34,12.66,12.91,12.9,13.05,7322,95055.58,149
2026-06-11,INE695B01025,COUNCODOS,EQ,4.7,5.0,4.7,4.97,4.97,4.85,26599,129182.19,103
2026-06-11,INE521J01018,CPCAP,BE,90.55,94.95,90.55,93.21,92.9,91.68,99509,9097685.69,198
2026-06-11,INF457M01133,CPSEETF,EQ,97.69,98.66,96.86,97.05,97.15,97.69,886056,86205127.27,10361
2026-06-11,INE00LO01017,CRAFTSMAN,EQ,8922.0,8948.0,8683.5,8792.5,8835.0,8986.5,85657,752371796.0,17256
2026-06-11,INE0OFK01019,CRAYONS,SM,30.95,30.95,30.95,30.95,30.95,30.65,1000,30950.0,1
2026-06-11,INE230B01021,CREATIVEYE,EQ,6.07,6.55,6.07,6.43,6.41,6.04,3947,25033.32,66
2026-06-11,INE0R7401011,CGRAPHICS,SM,149.0,149.5,145.0,145.35,145.0,147.65,20800,3050440.0,24
2026-06-11,INE985W01018,CNL,EQ,715.0,715.0,685.2,699.4,693.45,693.95,17641,12290410.85,1149
2026-06-11,INE741K01010,CREDITACC,EQ,1277.0,1290.0,1247.0,1266.4,1273.0,1267.8,506499,640227014.7,51599
2026-06-11,INE220Q01020,MUFTI,EQ,85.99,86.5,84.0,84.32,84.0,85.99,47771,4056267.8,1179
2026-06-11,INE559D01011,CREST,EQ,377.6,377.6,364.0,368.95,364.0,379.7,17163,6350670.0,353
2026-06-11,INE007A01025,CRISIL,EQ,3983.3,4024.2,3875.0,3898.0,3899.9,4003.3,29200,115087119.4,9270
2026-06-11,INE0S4R01014,CRIZAC,EQ,207.0,209.8,203.23,206.93,209.8,207.89,148908,30708072.42,4597
2026-06-11,INE299U01018,CROMPTON,EQ,254.65,257.15,251.75,253.0,255.0,254.65,1842660,467410804.6,24050
2026-06-11,INE00NH01017,CLSL,SM,42.0,42.0,42.0,42.0,42.0,44.0,2000,84000.0,1
2026-06-11,INE491V01019,CROWN,EQ,107.5,110.38,107.5,108.3,108.1,109.14,7805,849215.06,211
2026-06-11,INE679A01013,CSBBANK,EQ,361.1,361.55,352.6,354.1,353.45,362.05,216929,77306328.25,8245
2026-06-11,INE718F01018,CSLFINANCE,EQ,220.31,228.65,220.31,226.58,226.0,223.36,23118,5222460.99,421
2026-06-11,INE0NR623014,CUBEINVIT,IV,150.0,150.0,149.0,149.0,149.0,148.25,50000,7475000.0,2
2026-06-11,INE144D01012,CUBEXTUB,EQ,83.11,84.3,81.3,81.98,82.0,84.74,55405,4566481.41,1383
2026-06-11,INE298A01020,CUMMINSIND,EQ,5590.5,5709.5,5541.0,5557.0,5569.0,5609.5,249688,1403540659.0,31791
2026-06-11,INE509F01029,CUPID,EQ,151.3,156.6,142.49,155.18,155.9,150.59,46400839,7121670818.47,207926
2026-06-11,INE117B01020,CURAA,EQ,79.0,79.1,74.1,77.58,78.9,79.17,184,14522.17,15
2026-06-11,INE278G01037,CYBERMEDIA,BE,16.96,17.04,16.22,16.4,16.4,16.96,8551,142652.82,28
2026-06-11,INE075Z01011,CMRSL,SM,71.65,71.65,70.0,70.0,70.0,68.25,10400,743840.0,12
2026-06-11,INE214A01019,CYBERTECH,EQ,136.15,137.11,132.0,133.68,136.51,136.12,20941,2817260.22,783
2026-06-11,INE055S01018,CYIENTDLM,EQ,439.6,440.0,426.5,431.85,433.2,436.55,158263,68574525.35,7754
2026-06-11,INE136B01020,CYIENT,EQ,853.0,857.2,840.1,846.65,848.2,848.9,692295,586393651.85,44303
2026-06-11,INE864X01013,DPWIRES,EQ,176.31,177.0,171.0,171.34,171.01,176.09,5161,889260.92,231
2026-06-11,INE250K01012,DLINKINDIA,EQ,500.0,506.9,488.0,490.9,492.4,501.45,172574,85658421.95,6863
2026-06-11,INE266Y01019,DPABHUSHAN,EQ,898.25,899.9,880.0,887.5,880.0,896.95,8783,7811243.45,988
2026-06-11,INE950I01011,DBCORP,EQ,199.1,201.75,199.01,199.37,199.01,201.57,22629,4521414.19,1222
2026-06-11,INE016A01026,DABUR,EQ,427.75,430.4,420.0,421.7,423.0,427.9,1689034,716258148.0,31212
2026-06-11,INE928C01010,DAICHI,EQ,233.0,235.79,232.5,233.0,233.99,232.5,865,201591.87,33
2026-06-11,INE00R701025,DALBHARAT,EQ,1625.0,1632.9,1605.0,1610.2,1610.0,1637.9,534865,863380424.9,28820
2026-06-11,INE495A01022,DALMIASUG,EQ,331.5,339.2,322.0,323.6,323.0,330.65,145031,47957245.55,4323
2026-06-11,INE284H01025,DAMCAPITAL,EQ,143.9,144.18,139.5,140.09,140.48,144.59,250582,35655896.37,29303
2026-06-11,INE497D01022,DAMODARIND,EQ,30.0,30.25,29.1,29.36,29.1,30.28,5221,153409.25,121
2026-06-11,INE688Y01022,DANGEE,EQ,3.28,3.28,3.12,3.13,3.16,3.23,99196,313290.58,134
2026-06-11,INE0YU901016,DANISH,SM,841.0,861.95,807.5,818.75,827.9,852.75,50100,41486752.5,266
2026-06-11,INE04Q901010,DCCL,SM,41.2,41.45,40.6,40.6,40.6,43.4,12000,493500.0,6
2026-06-11,INE0IX101010,DATAPATTNS,EQ,4344.0,4431.0,4165.0,4205.0,4230.0,4353.8,1465894,6263388043.9,126261
2026-06-11,INE365B01017,DATAMATICS,EQ,761.0,774.9,750.5,753.5,750.5,766.2,54323,41244471.35,2892
2026-06-11,INE179G01029,DAVANGERE,EQ,3.6,3.65,3.54,3.61,3.63,3.56,7309365,26324017.35,2099
2026-06-11,INE921B01025,DBSTOCKBRO,EQ,32.49,32.49,30.5,30.6,30.59,31.42,6724,208545.61,100
2026-06-11,INE0A1101019,DCI,BE,269.05,271.9,261.2,267.6,267.6,267.75,3329,891358.0,60
2026-06-11,INE503A01015,DCBBANK,EQ,175.55,178.5,173.8,174.38,174.54,177.02,696471,122703645.11,17762
2026-06-11,INE0S8401018,DCG,SM,59.0,59.2,59.0,59.2,59.2,59.8,4800,283680.0,4
2026-06-11,INE891B01012,DCMFINSERV,BE,5.62,5.62,5.51,5.58,5.58,5.62,129,713.18,8
2026-06-11,INE498A01018,DCM,EQ,92.2,93.92,91.1,92.96,93.0,92.85,5236,483708.05,65
2026-06-11,INE08KP01019,DCMNVL,BE,162.1,163.0,157.05,162.9,162.9,163.96,3414,544691.35,36
2026-06-11,INE0OFM01015,DSFCL,EQ,23.4,24.6,23.4,23.57,23.94,23.67,54033,1290970.32,196
2026-06-11,INE843D01027,DCMSRIND,EQ,38.2,38.56,37.0,37.61,37.9,38.13,95666,3616543.79,789
2026-06-11,INE0OU201013,DCMSIL,BE,66.12,66.12,66.12,66.12,66.12,67.46,1295,85625.4,16
2026-06-11,INE499A01024,DCMSHRIRAM,EQ,1029.9,1035.5,1012.9,1030.9,1033.0,1032.5,34469,35502014.4,6787
2026-06-11,INE500A01029,DCW,EQ,46.11,46.11,44.71,44.96,45.22,46.02,711972,32254573.92,3314
2026-06-11,INE0KL801015,DCXINDIA,EQ,180.9,182.97,173.1,174.52,174.8,181.87,850628,150404453.54,12213
2026-06-11,INE0HR601026,DDEVPLSTIK,EQ,250.6,251.4,245.0,247.52,246.2,250.85,182346,45113201.6,2206
2026-06-11,INE0JWV01011,DENEERS,SM,223.05,227.5,220.0,220.0,220.0,226.0,11400,2535150.0,19
2026-06-11,INE244A01016,DENORA,EQ,756.2,756.2,727.45,732.65,734.85,757.15,5503,4064571.3,476
2026-06-11,INE583C01021,DECCANCE,EQ,575.9,575.9,570.0,572.25,573.75,572.95,1579,903030.75,160
2026-06-11,INE945F01025,DECNGOLD,EQ,159.39,160.87,152.25,153.09,153.65,158.56,1179791,184006278.21,12554
2026-06-11,INE0S7C01019,DECCANTRAN,SM,24.8,24.9,24.8,24.9,24.9,23.8,3600,89460.0,3
2026-06-11,INE841L01016,DEEDEV,BE,629.8,686.3,621.6,625.45,634.0,654.3,361464,230410410.9,4113
2026-06-11,INE586O01011,DEEM,SM,48.0,48.0,45.85,46.9,45.85,50.25,2000,93850.0,2
2026-06-11,INE0FHS01024,DEEPINDS,EQ,498.0,509.0,492.35,503.6,504.0,497.55,165896,83330901.25,6361
2026-06-11,INE0OPA01019,DBEIL,BE,81.37,81.37,78.1,78.28,78.4,79.43,13483,1058166.32,104
2026-06-11,INE501A01019,DEEPAKFERT,EQ,1494.9,1539.9,1468.0,1501.6,1508.3,1494.9,394869,596196459.3,28684
2026-06-11,INE288B01029,DEEPAKNTR,EQ,1651.1,1664.7,1608.0,1612.4,1610.0,1664.7,49274,80309788.7,7244
2026-06-11,INE0SK801018,DELAPLEX,SM,99.2,99.2,99.2,99.2,99.2,97.85,600,59520.0,1
2026-06-11,INE148O01028,DELHIVERY,EQ,430.9,436.75,428.1,432.25,431.65,431.1,2390549,1034633190.8,23371
2026-06-11,INE726L01027,DELPHIFX,EQ,8.6,8.98,8.25,8.54,8.5,8.19,164968,1411325.05,463
2026-06-11,INE0XRN01019,DELTIC,ST,39.0,39.0,38.0,38.0,38.0,39.55,11000,423600.0,7
2026-06-11,INE124G01033,DELTACORP,EQ,63.51,64.18,62.87,63.28,63.25,64.0,1446753,91700808.01,8061
2026-06-11,INE393A01011,DELTAMAGNT,EQ,59.98,59.98,58.5,58.5,58.5,58.6,689,40386.74,20
2026-06-11,INE947J01015,DEN,EQ,26.91,26.91,26.17,26.41,26.68,26.91,216252,5725926.2,1390
2026-06-11,INE0R4L01018,DENTA,EQ,241.05,242.55,239.5,240.65,241.0,243.45,69700,16778368.5,1287
2026-06-11,INE0VOV01021,DEVX,EQ,36.56,37.99,35.5,35.79,35.75,36.71,101842,3662231.55,623
2026-06-11,INE060X01034,DEVIT,EQ,27.25,28.35,27.25,27.44,27.35,27.89,27537,766401.94,488
2026-06-11,INE872J01023,DEVYANI,EQ,108.8,108.8,105.42,106.49,106.77,109.47,4192570,447813682.28,23358
2026-06-11,INE0I3401014,DBOL,BE,107.07,112.42,106.0,112.42,112.42,107.07,78000,8688885.26,346
2026-06-11,INE041A01016,DHAMPURSUG,EQ,142.18,147.5,141.4,143.17,143.79,141.33,731142,105791418.48,7600
2026-06-11,INE680A01011,DHANBANK,EQ,32.06,32.21,31.02,31.24,31.5,32.06,880914,27802652.0,3686
2026-06-11,INE0V9V01010,DHANLAXMI,SM,28.05,28.05,28.0,28.0,28.0,29.45,8000,224100.0,4
2026-06-11,INE0M3I01029,DHANSA,ST,21.65,21.75,21.5,21.5,21.5,21.7,14000,302600.0,6
2026-06-11,INE435G01025,DHANUKA,EQ,1062.5,1062.5,1040.1,1051.2,1054.0,1062.5,15077,15853331.7,1770
2026-06-11,INE704V01015,DIRL,SM,12.35,12.35,12.35,12.35,12.35,11.85,18000,222300.0,1
2026-06-11,INE2HJL01019,DHARARAIL,SM,156.0,162.0,156.0,161.2,162.0,156.05,41000,6516500.0,36
2026-06-11,INE278R01034,DHARAN,BZ,0.15,0.15,0.14,0.15,0.15,0.14,16482446,2452892.43,1134
2026-06-11,INE0YRN01025,DHARIWAL,SM,30.8,32.0,30.8,30.95,30.95,31.95,21000,655800.0,7
2026-06-11,INE00OQ01016,DHARMAJ,EQ,275.2,277.8,271.55,275.45,276.05,275.05,14889,4088467.35,868
2026-06-11,INE506Z01015,DHRUV,BE,27.5,28.87,27.5,28.59,28.59,27.5,9627,275696.7,74
2026-06-11,INE320L01011,DHUNINV,EQ,781.5,781.5,760.0,773.65,781.5,781.5,301,231026.8,73
2026-06-11,INE341R01014,DTIL,EQ,133.0,133.99,130.0,132.24,130.2,131.06,1725,228822.04,100
2026-06-11,INE477B01010,DVL,EQ,241.0,241.0,231.0,233.55,231.0,239.89,10919,2581784.26,583
2026-06-11,INE591D01014,DIAMINESQ,EQ,242.21,248.9,241.0,244.75,244.2,247.71,2526,617239.16,126
2026-06-11,INE989C01038,DIACABS,EQ,198.0,200.27,191.11,193.73,194.4,197.0,2665110,520233617.46,23021
2026-06-11,INE303A01010,DICIND,EQ,511.0,511.0,485.0,490.1,500.0,494.8,12,5966.65,11
2026-06-11,INE184O01015,DIFFNKG,EQ,349.2,365.55,343.0,362.4,365.0,346.5,346172,123947595.2,8164
2026-06-11,INE03JI01017,DGCONTENT,EQ,25.0,25.0,24.4,24.91,24.99,25.53,8652,214525.9,91
2026-06-11,INE0PSC01024,DIGIDRIVE,EQ,18.02,18.7,17.6,17.89,17.95,18.47,63706,1148991.94,264
2026-06-11,INE0QJ901011,DIGIKORE,SM,55.55,55.55,49.6,50.9,50.6,56.25,95200,4892420.0,184
2026-06-11,INE927C01020,DIGISPICE,BE,20.69,20.69,19.75,20.32,20.0,20.34,22406,452130.14,131
2026-06-11,INE0U4701011,DIGITIDE,EQ,84.0,84.65,80.52,81.38,81.67,83.9,130069,10720008.98,1888
2026-06-11,INE731U01028,DIGJAMLMTD,EQ,45.88,45.88,43.61,43.64,43.61,44.9,801,35147.83,39
2026-06-11,INE016M01021,DNAMEDIA,EQ,2.85,2.93,2.8,2.89,2.9,2.85,28193,81445.98,139
2026-06-11,INE917M01012,DBL,EQ,432.0,432.0,419.5,424.2,428.0,432.15,98374,41703816.2,7561
2026-06-11,INE131C01011,DISAQ,EQ,11351.0,11503.0,11146.0,11219.0,11146.0,11154.0,684,7745773.0,574
2026-06-11,INE836F01026,DISHTV,BE,2.85,3.01,2.73,2.99,3.01,2.87,6968360,20177631.98,2376
2026-06-11,INE385W01011,DCAL,EQ,180.5,180.85,175.31,176.44,176.11,181.41,235105,41762947.17,4386
2026-06-11,INE753U01022,DIVGIITTS,EQ,775.0,809.85,764.05,801.7,809.8,778.55,41279,32377949.25,2649
2026-06-11,INE361B01024,DIVISLAB,EQ,6635.0,6720.0,6625.0,6655.5,6676.0,6638.5,228572,1527132680.0,32780
2026-06-11,INE0NA501011,DIVINEHIRA,ST,325.0,327.9,310.0,321.0,321.0,323.9,8400,2652080.0,19
2026-06-11,INE0SCO01019,DPEL,SM,493.2,493.2,480.0,488.15,481.1,490.0,23500,11463900.0,31
2026-06-11,INE0QYI01019,DIVYADHAN,ST,33.85,37.0,33.6,37.0,37.0,35.35,16000,557900.0,8
2026-06-11,INE935N01020,DIXON,EQ,11470.0,11535.0,11285.0,11371.0,11382.0,11487.0,387928,4429994401.0,51839
2026-06-11,INE0B1K01014,DJML,EQ,112.0,112.0,106.6,108.32,109.25,109.32,356842,39030666.59,4006
2026-06-11,INE271C01023,DLF,EQ,560.9,565.8,555.5,563.0,564.25,563.2,1602495,901046009.1,24048
2026-06-11,INE505A01010,DMCC,EQ,242.0,246.3,237.5,239.3,237.5,245.3,22451,5420655.25,744
2026-06-11,INE0OGG01015,DHTL,SM,41.6,41.7,41.6,41.6,41.6,43.75,7200,299920.0,5
2026-06-11,INE021O01019,DODLA,EQ,1055.6,1072.7,1009.9,1067.2,1070.0,1071.7,11356,12082291.2,1484
2026-06-11,INE966A01022,DOLATALGO,EQ,72.37,73.23,71.54,72.47,72.5,72.37,74406,5395671.41,930
2026-06-11,INE325C01035,DOLLAR,EQ,247.0,247.0,243.05,244.05,244.0,248.65,49574,12116899.2,2156
2026-06-11,INE0JHH01011,DOLLEX,SM,31.75,31.75,31.75,31.75,31.75,30.55,4000,127000.0,1
2026-06-11,INE920A01037,DOLPHIN,EQ,394.0,395.95,384.0,387.55,384.0,392.65,10327,4013637.4,547
2026-06-11,INE321T01012,DOMS,EQ,2111.0,2279.0,2103.1,2255.4,2256.0,2118.6,826941,1853824315.2,69243
2026-06-11,INE668D01028,DONEAR,EQ,89.48,89.68,87.5,87.84,88.0,89.24,12331,1094587.54,643
2026-06-11,INE360C01024,DPSCLTD,BE,7.81,7.81,7.36,7.56,7.6,7.74,188427,1417183.99,599
2026-06-11,INE943P01029,AGARWALEYE,EQ,444.0,448.7,437.65,439.4,438.0,449.0,61476,27336798.6,2679
2026-06-11,INE934C01018,DRAGARWQ,EQ,4949.7,4950.0,4881.0,4895.6,4881.0,4938.4,342,1682749.7,232
2026-06-11,INE600L01024,LALPATHLAB,EQ,1555.0,1624.8,1555.0,1593.5,1599.9,1568.7,369662,590682436.0,36429
2026-06-11,INE089A01031,DRREDDY,EQ,1271.1,1285.7,1266.4,1276.0,1277.7,1271.7,1057772,1351504722.4,37079
2026-06-11,INE03RS01027,DRCSYSTEMS,EQ,14.38,14.5,13.85,14.16,14.12,14.34,18136,258665.45,217
2026-06-11,INE0JS101016,DREAMFOLKS,EQ,68.11,68.95,66.5,66.78,67.7,67.95,47182,3165515.72,1249
2026-06-11,INE506A01018,DREDGECORP,EQ,1074.0,1098.0,1036.0,1040.3,1039.9,1083.3,262295,279400218.9,12076
2026-06-11,INE0P7201019,DRONE,ST,40.3,41.5,39.5,40.5,40.5,41.5,32500,1312675.0,42
2026-06-11,INE055C01020,KEEPLEARN,EQ,1.97,2.03,1.95,1.99,1.99,1.97,21559,42812.54,42
2026-06-11,INF740KA1EU7,LIQUIDETF,EQ,1000.0,1000.01,999.99,1000.0,1000.0,999.99,143926,143926143.46,324
2026-06-11,INF740KA1YH2,BANK10ADD,EQ,16.29,16.53,16.2,16.42,16.52,16.29,10389251,169822149.78,397
2026-06-11,INF740KA1RX3,BANKADD,EQ,56.09,56.71,56.01,56.29,56.4,56.2,164659,9262236.77,305
2026-06-11,INF740KA1SW3,GOLDADD,EQ,137.1,140.78,137.1,140.21,140.5,142.57,163376,22875320.17,1905
2026-06-11,INF740KA1SX1,ITADD,EQ,29.53,30.0,29.15,29.61,30.0,29.99,46368,1364503.76,210
2026-06-11,INF740KA1QK2,EQUAL50ADD,EQ,328.42,329.76,327.36,327.77,328.73,330.51,8634,2835221.61,313
2026-06-11,INF740KA1CL0,NIFTYADD,EQ,243.38,244.45,241.88,242.8,243.22,243.38,33318,8110275.24,225
2026-06-11,INF740KA1SY9,PSUBANKADD,EQ,84.12,84.56,83.68,84.18,84.3,84.73,18463,1552837.28,236
2026-06-11,INF740KA1TA7,PVTBANKADD,EQ,26.92,27.51,26.9,27.22,27.4,27.07,851440,23226962.2,441
2026-06-11,INF740KA1QL0,MIDQ50ADD,EQ,240.0,241.07,238.43,238.9,239.0,243.19,3737,895340.1,146
2026-06-11,INF740KA1SZ6,SENSEXADD,EQ,75.9,76.43,75.62,75.93,75.62,75.9,5315,403763.8,40
2026-06-11,INF740KA1RE3,SILVERADD,EQ,221.74,224.86,221.17,223.23,223.0,222.01,848997,189405065.89,7966
2026-06-11,INF740KA1WU9,FLEXIADD,EQ,9.56,9.56,9.4,9.43,9.4,9.56,212006,2010976.34,521
2026-06-11,INF740KA1ZA4,FMCGADD,EQ,48.68,48.93,48.38,48.39,48.45,48.27,3613,175822.07,37
2026-06-11,INF740KA1UF4,HEALTHADD,EQ,156.19,157.42,155.66,156.64,156.93,156.19,3462,542391.58,39
2026-06-11,INF740KA1UM0,LIQUIDADD,EQ,1130.51,1130.53,1130.51,1130.51,1130.53,1130.37,311956,352671773.63,957
2026-06-11,INF740KA1WW5,MIDCAPADD,EQ,21.73,21.96,21.73,21.79,21.81,22.03,3242,70877.1,34
2026-06-11,INF740KA1WV7,MSCIADD,EQ,28.15,28.22,28.12,28.19,28.19,28.35,366,10295.31,9
2026-06-11,INF740KA1VE5,NEXT30ADD,EQ,41.09,41.38,41.01,41.15,41.17,41.47,5023,206376.98,50
2026-06-11,INF740KA1XU7,NEXT50ADD,EQ,68.68,71.1,68.56,68.66,71.1,69.26,2452,168913.2,36
2026-06-11,INF740KA1WX3,SMALLADD,EQ,16.95,16.95,16.65,16.7,16.71,16.97,41362,692665.88,123
2026-06-11,INF740KA1UR9,TOP10ADD,EQ,86.01,86.01,84.91,85.37,85.74,85.57,27748,2368888.44,406
2026-06-11,INE0LZO01015,DUCOL,SM,114.9,114.9,110.4,110.4,110.4,107.0,2400,272160.0,3
2026-06-11,INE741L01018,DUCON,BE,3.7,3.75,3.47,3.59,3.63,3.65,272871,965098.3,283
2026-06-11,INE0OUW01013,DURLAX,ST,50.55,50.55,48.35,48.35,48.35,50.85,434000,21014300.0,69
2026-06-11,INE366A01041,DWARKESH,EQ,43.84,45.68,43.69,45.06,44.92,43.58,1527212,68517856.36,7179
2026-06-11,INE417B01040,DSSL,EQ,1380.0,1382.6,1306.0,1307.3,1306.0,1374.7,179282,237422963.6,7550
2026-06-11,INE221B01012,DYNAMATECH,EQ,9943.0,10114.0,9769.0,9882.0,9935.0,9943.0,17986,178756117.0,8292
2026-06-11,INE600Y01019,DYCL,EQ,306.45,309.9,300.6,303.3,309.0,307.95,93269,28332195.0,2699
2026-06-11,INE0DZ701010,DYNAMIC,SM,155.0,155.0,141.0,142.0,143.0,155.0,19000,2731500.0,25
2026-06-11,INE256H01015,DYNPRO,EQ,246.25,248.45,230.6,232.4,232.0,246.25,11133,2637336.35,503
2026-06-11,INE0KFF01017,EFACTOR,SM,184.95,185.0,184.95,185.0,185.0,186.0,1600,295980.0,4
2026-06-11,INE1CEJ01017,E2ERAIL,ST,270.0,280.0,270.0,280.0,280.0,274.0,8800,2430440.0,10
2026-06-11,INE255Z01027,E2E,EQ,369.0,369.0,369.0,369.0,369.0,388.4,220311,81294759.0,3683
2026-06-11,INE962C01035,EASTSILK,BE,53.69,53.69,53.69,53.69,53.69,53.69,61,3275.09,4
2026-06-11,INE07O001026,EASEMYTRIP,EQ,8.72,8.72,8.2,8.31,8.26,8.82,61140201,517121660.42,28784
2026-06-11,INE738I01010,ECLERX,EQ,1361.9,1369.0,1321.0,1336.9,1344.8,1359.8,164063,220432068.9,17909
2026-06-11,INE0VBS01016,ECOLINE,SM,175.65,179.0,173.1,176.85,177.0,175.55,25000,4414050.0,20
2026-06-11,INE06HJ01020,ECOSMOBLTY,BE,126.19,126.19,122.0,123.6,124.0,125.82,25080,3099198.82,306
2026-06-11,INF754K01OB1,BBETF0432,EQ,1327.72,1334.8,1327.72,1332.3,1329.7,1329.76,3656,4868545.74,91
2026-06-11,INF754K01TE4,EBANKNIFTY,EQ,55.26,55.79,55.13,55.5,55.5,55.21,8936,497330.31,39
2026-06-11,INF754K01KO2,EBBETF0430,EQ,1594.39,1596.07,1589.1,1590.03,1590.0,1591.38,71101,113063512.28,442
2026-06-11,INF754K01LE1,EBBETF0431,EQ,1418.81,1421.49,1417.69,1418.91,1418.32,1418.81,2069,2937032.42,66
2026-06-11,INF754K01QX0,EBBETF0433,EQ,1288.5,1294.0,1288.49,1290.05,1294.0,1285.88,2690,3470126.72,67
2026-06-11,INF754K01TX4,ECAPINSURE,EQ,23.1,23.3,22.74,22.88,23.2,23.1,44340,1017938.66,384
2026-06-11,INF754K01SE6,EGOLD,EQ,140.9,146.0,140.9,143.95,143.8,146.4,112775,16257923.8,961
2026-06-11,INF754K01VW2,ELIQUID,EQ,1034.54,1034.54,1034.52,1034.52,1034.52,1034.39,6009,6216443.62,21
2026-06-11,INF754K01VV4,ELM250,EQ,15.86,15.89,15.68,15.76,15.74,15.86,22353,353527.68,626
2026-06-11,INF754K01TF1,EMULTIMQ,EQ,41.27,41.36,40.89,41.05,41.26,41.41,43328,1783569.65,217
2026-06-11,INF754K01XF3,ENEXT50,EQ,69.16,69.29,68.59,68.74,68.74,69.32,844,58140.3,14
2026-06-11,INF754K01VX0,ENIFTY,EQ,22.7,23.35,22.7,23.18,23.18,23.29,2955,68512.7,45
2026-06-11,INF754K01VY8,ESENSEX,EQ,75.54,75.54,73.44,74.08,74.27,74.06,96,7126.63,27
2026-06-11,INF754K01SF3,ESILVER,EQ,230.95,233.89,229.14,230.97,230.61,230.95,174507,40328248.49,1921
2026-06-11,INE532F01054,EDELWEISS,EQ,106.8,107.44,103.7,105.46,105.19,107.18,3322842,349622272.26,23783
2026-06-11,INE886D01026,EFCIL,EQ,185.0,189.0,184.51,186.95,188.0,185.72,1101651,204968721.17,5379
2026-06-11,INE0U9101019,EFFWA,ST,305.25,313.0,303.05,308.15,306.2,310.0,15200,4671520.0,32
2026-06-11,INE066A01021,EICHERMOT,EQ,7130.0,7227.0,7078.0,7179.5,7182.0,7219.5,425248,3047873926.0,46299
2026-06-11,INE126A01031,EIDPARRY,EQ,723.25,725.5,704.75,710.2,711.0,723.25,357270,254249051.25,22033
2026-06-11,INE276C01014,EIHAHOTELS,EQ,295.0,298.25,292.2,294.6,294.85,296.7,11892,3500113.9,511
2026-06-11,INE230A01023,EIHOTEL,EQ,292.1,293.05,288.0,289.6,289.0,293.3,63187,18382801.2,3513
2026-06-11,INE158B01016,EIMCOELECO,EQ,1550.1,1566.1,1505.0,1527.2,1548.9,1546.3,8908,13634441.2,1053
2026-06-11,INE280B01018,ELANTAS,EQ,9558.5,9636.5,9303.0,9330.5,9321.5,9475.5,888,8401154.5,652
2026-06-11,INE927X01018,ELCIDIN,EQ,117240.0,117400.0,114145.0,114970.0,114970.0,117245.0,11,1279325.0,10
2026-06-11,INE668G01021,ELDEHSG,EQ,829.0,829.55,785.0,819.25,823.0,829.55,731,595604.35,109
2026-06-11,INE205B01031,ELECON,EQ,521.6,537.9,512.0,528.1,528.65,522.95,777197,409566925.5,20285
2026-06-11,INE0Q1W01012,EFORCE,SM,24.2,24.2,22.8,22.8,22.8,24.2,2400,56400.0,2
2026-06-11,INE02YR01019,EMIL,EQ,104.84,105.66,100.45,101.56,102.0,104.96,724968,74154362.31,24540
2026-06-11,INE086A01029,ELECTCAST,EQ,70.35,71.0,69.0,69.35,69.38,70.74,1428040,99607283.32,10622
2026-06-11,INE822G01016,ELECTHERM,EQ,1125.0,1231.0,1102.0,1182.65,1185.0,1146.8,533410,630933490.35,23401
2026-06-11,INE0R9101015,ELGNZ,SM,72.4,75.75,70.3,73.7,73.7,75.9,28000,2029550.0,27
2026-06-11,INE285A01027,ELGIEQUIP,EQ,601.05,609.0,591.0,593.45,594.45,602.85,245973,147504282.95,19542
2026-06-11,INE819L01012,ELGIRUBCO,EQ,49.2,51.48,49.02,50.27,49.78,48.92,53804,2703876.16,876
2026-06-11,INE050401020,ELIN,EQ,106.94,107.72,100.5,101.68,101.17,106.94,149229,15376375.83,2633
2026-06-11,INE669R01026,ELITECON,EQ,32.7,36.0,28.0,30.11,30.0,32.19,19465759,633942593.9,66033
2026-06-11,INE236E01022,ELLEN,EQ,265.1,267.4,256.55,258.05,258.9,266.7,198321,51975916.95,4687
2026-06-11,INE579B01039,ELPROINTL,EQ,166.44,167.95,166.0,166.71,166.0,166.05,30919,5153401.04,316
2026-06-11,INE0ZOL01023,EMAPARTNER,SM,87.5,88.5,84.9,85.35,85.35,88.0,7000,604350.0,7
2026-06-11,INE548C01032,EMAMILTD,EQ,392.2,394.9,381.05,386.45,385.9,394.85,304143,118453752.85,12932
2026-06-11,INE830C01026,EMAMIPAP,EQ,87.0,87.0,77.35,80.54,80.45,85.01,83432,6748201.14,1013
2026-06-11,INE778K01012,EMAMIREAL,BE,84.16,84.16,83.0,83.2,83.2,84.16,869,72380.03,11
2026-06-11,INE069I01010,EMBDL,EQ,57.3,58.32,56.0,56.38,56.4,58.2,1498322,85762325.31,10634
2026-06-11,INE041025011,EMBASSY,RR,430.9,433.8,428.33,431.59,433.13,429.53,208640,90004831.78,10266
2026-06-11,INE168P01015,EMCURE,EQ,1740.0,1747.5,1680.0,1683.3,1681.0,1731.2,172728,295015628.3,21300
2026-06-11,INE0RHD01013,ETML,SM,82.0,82.0,77.2,77.2,77.2,82.0,54000,4209000.0,19
2026-06-11,INE296H01011,EMKAY,EQ,261.0,279.9,256.0,264.9,265.0,264.6,103423,27797826.45,2667
2026-06-11,INE332S01011,EMKAYTOOLS,SM,95.95,95.95,90.1,95.0,95.0,97.8,3150,290805.0,18
2026-06-11,INE0PXC01024,ETL,SM,955.0,955.0,925.0,925.0,925.0,955.0,450,422250.0,3
2026-06-11,INE753K01015,EMMBI,EQ,83.5,84.38,82.0,82.35,83.0,83.66,6108,504510.56,114
2026-06-11,INE1C6T01020,EMMVEE,EQ,327.0,333.0,320.05,321.6,321.6,330.4,1967789,642533066.4,31127
2026-06-11,INE507F01023,EMPOWER,BE,1.95,1.95,1.95,1.95,1.95,1.98,484977,945705.15,213
2026-06-11,INE0OV601013,EMSLIMITED,EQ,301.5,308.0,294.5,297.1,299.8,301.85,192351,57646548.75,6538
2026-06-11,INE01QM01018,EMUDHRA,EQ,468.0,475.75,463.3,469.4,470.0,469.4,73111,34362772.55,4149
2026-06-11,INE433T01015,ENCOMPAS,SM,229.0,233.0,219.05,219.6,220.0,228.55,70400,15473340.0,19
2026-06-11,INE913H01037,ENDURANCE,EQ,2490.0,2533.9,2472.0,2480.2,2483.5,2502.5,53049,132796013.3,16062
2026-06-11,INE306C01019,ENERGYDEV,EQ,16.21,16.9,16.21,16.39,16.43,16.58,26705,440334.19,259
2026-06-11,INE0S1L01013,EMMIL,SM,124.0,127.0,121.4,127.0,127.0,125.0,2250,281350.0,7
2026-06-11,INE510A01028,ENGINERSIN,EQ,231.8,233.0,220.0,223.95,224.9,232.05,1775617,402656164.92,25672
2026-06-11,INE0R9I01021,ENSER,ST,15.6,15.85,14.45,15.5,15.5,15.2,145000,2153250.0,27
2026-06-11,INE010601016,ENTERO,EQ,1140.0,1140.0,1111.5,1116.3,1119.0,1135.4,46043,51649342.8,5235
2026-06-11,INE265F01028,ENIL,EQ,111.9,112.89,108.2,108.59,108.2,112.17,10083,1102193.79,672
2026-06-11,INE0LLY01014,EIEL,EQ,179.55,179.93,175.5,177.2,176.2,181.21,574508,101852541.77,8454
2026-06-11,INE0SUH01015,ENVIRO,SM,77.9,80.0,75.1,77.4,78.5,74.35,37000,2864700.0,31
2026-06-11,INE0G5901015,EPACK,EQ,220.0,224.49,217.61,221.95,222.6,222.31,906071,200668830.0,14231
2026-06-11,INE0MLS01022,EPACKPEB,EQ,207.0,234.3,206.5,227.27,232.0,208.12,27029276,6149144974.1,242659
2026-06-11,INE071N01016,EPIGRAL,EQ,1101.1,1101.2,1051.9,1063.4,1065.8,1113.8,46859,50780775.6,4079
2026-06-11,INE255A01020,EPL,EQ,212.0,217.77,209.0,217.01,217.5,214.22,1054648,222470454.48,11702
2026-06-11,INE11HF01010,EEPL,SM,96.0,98.9,96.0,98.9,98.9,96.75,9000,869200.0,7
2026-06-11,INE1KEC01023,EPWINDIA,ST,149.95,149.95,149.95,149.95,149.95,144.0,2400,359880.0,2
2026-06-11,INE217G01035,EQUIPPP,BE,17.6,18.03,17.3,17.99,18.0,17.19,21974,389577.08,49
2026-06-11,INE063P01018,EQUITASBNK,EQ,73.0,73.74,71.0,71.39,71.21,73.52,3614041,261027407.37,33028
2026-06-11,INE406M01024,ERIS,EQ,1365.0,1400.0,1337.6,1365.6,1366.1,1366.9,62932,86363959.8,10119
2026-06-11,INE284A01012,ESABINDIA,EQ,5580.0,5754.0,5550.5,5612.0,5640.0,5620.5,2851,16088548.0,1016
2026-06-11,INE818W01011,ESAFSFB,EQ,27.49,27.49,26.35,26.58,26.99,27.3,502121,13454220.92,1888
2026-06-11,INE0RQZ01017,ESCONET,ST,109.5,109.5,106.15,108.45,108.05,111.3,12000,1293740.0,29
2026-06-11,INE042A01014,ESCORTS,EQ,2740.6,2769.3,2707.8,2724.7,2729.0,2740.6,180017,494007740.7,16826
2026-06-11,INE818W08149,113ESFB31,N0,99999.0,99999.0,99999.0,99999.0,99999.0,99999.0,1,99999.0,1
2026-06-11,INE818W08164,1165ESFB32,N0,101001.0,101001.0,101001.0,101001.0,101001.0,100000.0,2,202002.0,1
2026-06-11,INE0SBP01018,ESPRIT,SM,68.0,68.0,67.0,67.0,67.0,67.5,3200,216000.0,2
2026-06-11,INE122M01019,ESSARSHPNG,EQ,22.99,22.99,21.65,22.3,22.79,22.85,161317,3614070.75,822
2026-06-11,INE0ITO01014,ESFL,ST,122.45,122.45,118.1,119.3,119.05,119.25,8280,988074.0,18
2026-06-11,INE778B01029,ESTER,EQ,88.38,88.38,84.5,85.28,85.5,87.53,81114,6968819.5,1833
2026-06-11,INE758T01015,ETERNAL,EQ,238.0,238.3,234.25,235.2,236.0,239.8,36265366,8562925657.2,269936
2026-06-11,INE04TZ01018,ETHOSLTD,EQ,2351.1,2389.7,2340.1,2358.4,2360.0,2384.8,7237,17042491.1,1623
2026-06-11,INE0KCE01017,EUREKAFORB,EQ,433.85,439.9,426.0,436.85,435.0,431.65,157244,68490931.35,7152
2026-06-11,INE546V01010,EIFFL,EQ,231.42,233.0,225.61,230.89,231.0,228.55,39782,9153404.39,499
2026-06-11,INE505V01016,EUROBOND,EQ,175.7,178.0,168.35,169.55,169.0,173.15,6307,1094255.11,237
2026-06-11,INE198501012,EUROPRATIK,EQ,255.9,257.7,252.05,253.35,253.75,258.7,191160,48585384.3,3146
2026-06-11,INE022C01012,EUROTEXIND,EQ,23.8,23.8,20.11,20.54,20.55,22.34,222268,4671503.95,1281
2026-06-11,INE128A01029,EVEREADY,EQ,336.8,342.0,329.0,334.85,335.0,334.15,204131,68413984.3,6874
2026-06-11,INE295A01018,EVERESTIND,EQ,338.55,347.05,326.4,331.4,328.35,341.0,12517,4184466.2,580
2026-06-11,INE184H01027,EKC,EQ,106.0,108.0,104.31,104.8,105.19,106.75,141000,14898662.34,2131
2026-06-11,INE369A01029,EXCELINDUS,EQ,918.5,920.0,901.05,907.65,918.5,909.1,4251,3862909.05,786
2026-06-11,INE0Y4801011,EXCELLENT,ST,180.5,186.0,180.5,186.0,186.0,183.0,8000,1479200.0,5
2026-06-11,INE606N01019,EXCELSOFT,EQ,80.79,81.25,77.5,78.42,78.5,80.8,518044,41068542.71,4803
2026-06-11,INE777F01014,EXICOM,EQ,149.58,150.54,134.55,135.77,135.51,149.53,6753433,967906803.97,44564
2026-06-11,INE302A01020,EXIDEIND,EQ,384.95,387.8,380.35,385.65,385.7,386.35,1023382,393920571.2,21837
2026-06-11,INE19I001020,EXIMROUTES,SM,105.0,105.0,100.0,100.45,101.0,111.2,12000,1210400.0,15
2026-06-11,INE201K01015,EXPLEOSOL,EQ,793.4,802.45,771.05,775.95,780.0,793.4,21321,16687854.7,2199
2026-06-11,INE0GFE01026,EXXARO,EQ,6.59,6.59,6.31,6.4,6.45,6.53,133658,861931.44,373
2026-06-11,INE0HF201011,FABTECH,EQ,144.5,145.99,141.61,143.6,144.8,144.8,64665,9289725.94,2120
2026-06-11,INE188A01015,FACT,EQ,900.1,900.8,881.1,889.2,893.65,901.35,158020,140240655.55,8713
2026-06-11,INE0DNW01011,FAIRCHEMOR,EQ,570.0,580.15,563.35,569.9,572.0,572.55,5018,2851218.25,935
2026-06-11,INE0PQK01013,FALCONTECH,SM,13.0,13.0,12.0,12.6,12.6,13.15,12000,149640.0,10
2026-06-11,INE963C01033,FAZE3Q,EQ,527.0,540.55,516.0,519.35,516.0,542.4,11379,6032254.65,757
2026-06-11,INE512B01022,FCSSOFT,BE,1.68,1.68,1.68,1.68,1.68,1.71,262334,440721.12,273
2026-06-11,INE258B01022,FDC,EQ,379.6,383.45,376.1,378.9,378.1,380.75,138837,52642116.7,9474
2026-06-11,INE007N01010,FEDFINA,EQ,148.5,151.53,146.87,148.96,149.3,149.18,539860,80593130.31,9188
2026-06-11,INE417D01020,FEDDERSHOL,EQ,34.72,35.0,33.52,34.08,34.5,34.64,162283,5552746.25,642
2026-06-11,INE171A01029,FEDERALBNK,EQ,309.0,311.7,307.05,309.75,310.8,311.1,7619065,2358702360.05,74639
2026-06-11,INE529A01010,FMGOETZE,EQ,422.6,449.6,419.45,440.6,436.0,424.7,113174,49468995.85,3430
2026-06-11,INE901X01013,FELIX,SM,185.55,187.0,182.15,183.6,187.0,185.55,14500,2666700.0,28
2026-06-11,INE225B01021,FERMENTA,EQ,323.05,337.8,321.05,330.05,330.15,327.95,27026,8976754.1,810
2026-06-11,INE296C01020,FIBERWEB,EQ,28.6,28.6,26.85,27.53,27.8,27.99,15660,435355.26,127
2026-06-11,INE0LQQ01019,FIDEL,SM,171.95,174.75,164.1,165.25,165.25,164.7,6000,1012950.0,6
2026-06-11,INE737H01014,FIEMIND,EQ,2216.2,2272.0,2209.6,2246.9,2250.0,2238.0,67758,152639642.4,8240
2026-06-11,INE185E01021,FILATFASH,BE,0.2,0.2,0.19,0.19,0.2,0.19,16915680,3325990.85,1992
2026-06-11,INE816B01035,FILATEX,EQ,50.0,50.93,48.78,49.14,49.3,50.5,872427,43328280.38,4816
2026-06-11,INE0EDU01014,FINBUD,SM,123.75,124.3,123.75,124.1,124.0,119.95,8000,991750.0,8
2026-06-11,INE686Y01026,FINEORG,EQ,4707.0,4736.6,4664.0,4677.1,4687.0,4716.4,3437,16129784.1,1328
2026-06-11,INE045J01034,FCL,EQ,38.08,39.27,36.8,37.03,37.1,38.1,11671065,441200275.92,22806
2026-06-11,INE734I01027,FINKURVE,EQ,66.6,66.6,62.42,63.71,63.8,64.36,13483,867587.64,477
2026-06-11,INE02NC01014,FINOPB,EQ,132.0,133.1,130.11,131.32,130.51,132.98,159967,21017307.18,3216
2026-06-11,INE235A01022,FINCABLES,EQ,993.0,1034.4,975.5,1012.9,1017.6,994.5,474174,482264650.3,30243
2026-06-11,INE183A01024,FINPIPE,EQ,171.0,171.0,168.0,168.66,168.62,171.0,223227,37756504.6,5710
2026-06-11,INE684F01012,FSL,EQ,249.0,250.9,243.35,247.0,247.55,250.25,776428,192071700.95,15838
2026-06-11,INE771F01041,FISCHER,EQ,31.44,35.0,31.44,34.83,34.9,31.82,2069636,70239948.33,4336
2026-06-11,INE128S01021,FIVESTAR,EQ,431.0,431.0,415.35,423.4,430.5,430.15,609804,256575308.4,24054
2026-06-11,INE00Y201027,FLAIR,EQ,282.4,286.45,263.15,268.45,270.0,282.4,457026,123064238.55,7124
2026-06-11,INE060J01017,FLEXITUFF,EQ,6.97,7.09,6.78,6.97,6.99,6.98,4817,33209.59,41
2026-06-11,INE0VCK01011,FLYSBS,SM,397.0,406.7,396.0,402.8,403.9,401.25,8600,3448820.0,43
2026-06-11,INE0SQZ01015,FWSTC,SM,160.0,163.9,160.0,163.25,163.9,164.0,19800,3228840.0,4
2026-06-11,INE0I7D01019,FOCE,SM,601.0,602.0,598.0,600.0,602.0,603.0,2160,1296720.0,3
2026-06-11,INE593W01028,FOCUS,EQ,93.21,93.21,89.0,89.69,90.18,93.21,153985,13951245.63,1927
2026-06-11,INE0Q4701019,FONEBOX,SM,80.0,80.0,79.8,79.8,79.8,84.0,3000,239600.0,3
2026-06-11,INE976E01023,FOODSIN,EQ,53.5,54.49,53.5,53.93,53.52,53.99,42473,2295309.69,393
2026-06-11,INE0U2501017,FORCAS,SM,92.0,93.95,92.0,93.7,93.5,93.25,8000,742160.0,5
2026-06-11,INE451A01017,FORCEMOT,EQ,17196.0,17248.0,16900.0,17094.0,17125.0,17363.0,110019,1875945841.0,26029
2026-06-11,INE0YKW01013,FORGEAUTO,SM,98.0,98.0,98.0,98.0,98.0,97.0,1200,117600.0,1
2026-06-11,INE061F01013,FORTIS,EQ,983.15,998.5,977.8,989.0,989.9,989.0,784738,775344696.7,36428
2026-06-11,INE519A01011,FOSECOIND,EQ,4650.0,4686.9,4612.5,4646.6,4660.0,4699.8,1914,8896754.0,706
2026-06-11,INE212S01015,FRACTAL,EQ,920.0,948.0,918.2,941.2,945.0,930.2,346445,325321058.3,18391
2026-06-11,INE0SFW01015,FRESHARA,SM,232.2,232.2,223.0,224.95,224.0,232.2,34200,7734090.0,45
2026-06-11,INE385O01018,FROG,ST,174.0,176.0,168.0,172.15,176.0,174.0,12800,2181640.0,27
2026-06-11,INE572D01014,FRONTSP,EQ,1489.0,1489.0,1395.0,1406.4,1404.0,1476.8,26697,38091205.4,4065
2026-06-11,INE388Y01029,NYKAA,EQ,261.0,263.45,259.35,260.25,260.3,262.4,4793109,1249652975.45,62005
2026-06-11,INE12UR01024,UTLSOLAR,BE,316.5,316.5,304.4,304.4,304.45,320.4,334450,102192509.15,3723
2026-06-11,INE139R01012,FUSION,EQ,164.5,166.99,162.76,163.08,162.76,167.24,238493,39213943.9,4429
2026-06-11,INE452O01016,FLFL,BZ,1.26,1.32,1.26,1.3,1.32,1.32,65729,83643.18,76
2026-06-11,INE623B01027,FEL,BZ,0.43,0.43,0.41,0.42,0.43,0.42,86349,36078.42,90
2026-06-11,IN9623B01058,FELDVR,BZ,2.51,2.58,2.46,2.55,2.55,2.46,1507,3714.91,7
2026-06-11,INE360L01017,FMNL,BE,10.48,10.48,9.86,10.29,10.05,10.01,38306,393712.64,97
2026-06-11,INE075D01018,GMBREW,EQ,876.0,883.4,862.0,871.3,882.0,879.8,23264,20339211.45,2141
2026-06-11,INE201P01022,GRINFRA,EQ,859.05,859.05,837.0,840.05,837.0,859.55,13977,11801978.55,2401
2026-06-11,INE586X01012,GTECJAINX,BE,32.89,32.89,32.89,32.89,32.89,34.62,1077,35422.53,20
2026-06-11,INE524A01029,GABRIEL,EQ,1008.2,1030.0,990.0,1008.8,1030.0,1014.6,200486,200998286.4,15571
2026-06-11,INE224E01028,GATECH,EQ,0.52,0.53,0.5,0.51,0.51,0.52,4118355,2115144.22,829
2026-06-11,INE224E01036,GATECHDVR,EQ,0.48,0.48,0.47,0.47,0.48,0.48,146976,69916.45,91
2026-06-11,INE129A01019,GAIL,EQ,167.9,167.9,165.01,166.09,166.04,168.01,10176344,1690627781.55,114867
2026-06-11,INE0RE001014,GALAPREC,EQ,894.6,933.95,890.0,920.8,922.0,894.6,26140,24004392.75,2787
2026-06-11,INE600K01018,GALAXYSURF,EQ,1696.1,1696.4,1661.0,1675.8,1675.0,1696.0,23153,38744973.2,2819
2026-06-11,INE297H01019,GALLANTT,EQ,644.0,669.6,630.25,652.65,648.1,640.8,205499,134599990.5,8874
2026-06-11,INE717W01049,GANDHAR,EQ,156.0,156.51,153.5,155.43,156.0,156.08,164637,25548233.3,2829
2026-06-11,INE524B01027,GANDHITUBE,EQ,854.6,854.6,840.0,840.4,841.0,849.25,7194,6065665.4,370
2026-06-11,INE388A01029,GANESHBE,EQ,107.0,111.03,105.2,108.23,107.99,106.77,620999,67468178.86,6491
2026-06-11,INE652V01016,GANESHCP,EQ,201.99,204.09,197.54,198.18,198.36,200.85,42953,8601874.29,1327
2026-06-11,INE0R8C01018,GGBL,SM,301.5,305.0,298.0,300.6,298.05,303.65,34500,10414305.0,79
2026-06-11,INE460C01014,GANESHHOU,EQ,761.0,762.2,752.0,755.65,755.9,766.75,29064,21989746.55,1723
2026-06-11,INE0TVT01024,GANESHIN,ST,84.4,89.3,84.3,89.3,89.3,85.05,107200,9466400.0,90
2026-06-11,INE845D01014,GANECOS,EQ,914.7,922.4,888.0,909.25,909.7,912.25,149536,135722814.55,6967
2026-06-11,INE0ZI101018,GANGABATH,SM,22.7,23.1,22.2,23.1,23.1,23.7,12000,271950.0,4
2026-06-11,INE691Z01023,GANGAFORGE,EQ,2.42,2.47,2.2,2.43,2.45,2.42,451421,1074226.2,343
2026-06-11,INE335W01016,GANGESSECU,EQ,122.25,122.25,117.4,118.63,118.5,122.91,622,73879.75,52
2026-06-11,INE382Z01011,GRSE,EQ,2575.0,2585.8,2530.0,2536.1,2540.0,2604.0,635680,1621594249.8,45943
2026-06-11,INE0JVO01026,GARUDA,EQ,163.0,163.0,158.76,159.53,160.91,164.25,223246,35788017.41,4521
2026-06-11,INE291A01017,GRWRHITECH,EQ,6176.0,6320.0,6051.0,6241.0,6191.0,6208.0,78032,488989731.0,13779
2026-06-11,INE276A01018,GARFIBRES,EQ,686.75,692.0,665.0,689.7,690.0,689.9,52574,35958456.05,6473
2026-06-11,INE079J01017,GATEWAY,EQ,57.15,57.87,56.4,56.91,57.5,57.7,405373,23102296.09,3949
2026-06-11,INE0P8B01020,GAUDIUMIVF,BE,101.57,101.57,101.57,101.57,101.57,103.64,22797,2315491.29,164
2026-06-11,INE287Z01012,GAYAHWS,EQ,2.29,2.29,2.11,2.17,2.17,2.13,123135,267467.66,258
2026-06-11,INE336H01023,GAYAPROJ,BE,22.39,22.39,20.72,20.98,20.95,21.75,545030,11859968.26,777
2026-06-11,INE0LVM01018,GRCL,ST,535.0,535.0,510.0,510.0,510.0,535.0,1250,652512.5,5
2026-06-11,INE878A01011,GVPIL,EQ,920.0,924.0,878.0,885.3,888.0,909.6,367120,330577153.35,9717
2026-06-11,INE200A01026,GVT&D,EQ,4833.0,4880.0,4710.0,4735.0,4761.0,4866.0,447216,2137718551.5,59441
2026-06-11,INE916G01016,GEECEE,EQ,330.5,334.9,322.0,324.05,322.0,330.2,1773,580152.15,130
2026-06-11,INE669X01032,GEEKAYWIRE,EQ,21.72,22.79,21.0,21.22,21.89,22.18,160266,3489682.02,2486
2026-06-11,INE06XZ01023,GEMAROMA,BE,164.0,164.9,160.0,163.58,164.08,164.66,56232,9147006.14,337
2026-06-11,INE481Y01014,GICRE,EQ,378.0,379.0,369.3,370.4,370.95,380.05,330252,122974086.85,11409
2026-06-11,INE854S01022,GENCON,EQ,39.0,39.54,36.35,36.77,37.0,39.33,286897,11070284.81,1588
2026-06-11,INE727B01026,GENESYS,EQ,327.55,342.35,319.4,331.4,333.55,329.55,5717058,1889280603.1,95530
2026-06-11,INE949P01018,GENUSPAPER,EQ,12.01,12.05,11.6,11.7,11.67,12.11,50464,596814.17,256
2026-06-11,INE955D01029,GENUSPOWER,EQ,307.5,316.95,300.15,309.7,309.8,308.3,786770,243812785.65,19444
2026-06-11,INE007B01023,GEOJITFSL,EQ,71.53,73.51,71.18,73.11,73.2,72.24,231320,16831102.66,1394
2026-06-11,INE538A01037,GFLLIMITED,EQ,46.9,47.06,45.61,46.29,46.45,46.38,39911,1856175.84,510
2026-06-11,INE539A01019,GHCL,EQ,433.1,435.7,416.6,419.4,417.25,432.95,618468,261928729.55,20696
2026-06-11,INE0PA801013,GHCLTEXTIL,EQ,93.0,94.96,91.06,91.98,92.15,94.1,280856,26126024.03,4502
2026-06-11,INE289B01019,GICHSGFIN,EQ,153.0,158.06,151.6,155.57,156.0,154.29,227092,35374561.86,3880
2026-06-11,INE047B01011,GILLANDERS,EQ,87.61,90.0,87.61,89.53,90.0,88.06,3114,277832.01,24
2026-06-11,INE322A01010,GILLETTE,EQ,7693.0,7764.0,7635.0,7668.5,7652.0,7701.5,20783,159681940.5,6953
2026-06-11,INE424C01010,GINNIFILA,EQ,42.05,43.44,41.7,42.37,43.0,42.96,65846,2809746.13,1058
2026-06-11,INE614Z01017,GIRIRAJ,ST,138.55,138.55,133.0,133.0,133.0,140.0,750,101137.5,3
2026-06-11,INE1AG301022,GKENERGY,EQ,138.95,140.9,133.5,134.42,135.99,137.01,553482,75817533.0,8883
2026-06-11,INE528A01020,GKWLIMITED,EQ,1855.0,1855.0,1799.0,1829.2,1810.0,1824.4,706,1289335.0,110
2026-06-11,INE068V01023,GLAND,EQ,2243.0,2395.0,2215.4,2306.5,2306.2,2267.8,2420500,5663508797.9,172037
2026-06-11,INE159A01016,GLAXO,EQ,2165.0,2170.0,2096.0,2103.2,2099.8,2174.9,238350,506249359.6,32896
2026-06-11,INE935A01035,GLENMARK,EQ,2144.6,2170.3,2140.4,2144.5,2149.0,2144.4,353598,761293747.6,21123
2026-06-11,INE291W01037,GLOBAL,EQ,102.53,102.79,100.02,100.87,101.01,102.53,80663,8173203.23,1112
2026-06-11,INE474Q01031,MEDANTA,EQ,1226.0,1239.0,1212.2,1229.1,1224.8,1225.5,124511,153007830.8,14468
2026-06-11,INE0PS501019,GLOBALPET,ST,158.0,158.0,153.0,153.0,153.0,158.5,4500,698250.0,6
2026-06-11,INE0JSX01015,GSLSU,EQ,54.02,56.5,47.37,48.05,47.88,52.59,1011693,52749219.99,3080
2026-06-11,INE792H01019,GLOBALVECT,EQ,160.0,168.99,157.0,158.14,159.0,162.53,9324,1504799.96,485
2026-06-11,INE0URU01010,GLOBALE,BE,11.99,12.1,11.29,11.56,11.7,11.88,9724,111445.84,33
2026-06-11,INE0V3U01015,GLOBECIVIL,BE,39.03,39.5,38.0,38.46,38.8,39.53,25737,991231.01,248
2026-06-11,INE581X01021,GLOBE,EQ,2.34,2.34,2.26,2.27,2.27,2.29,129164,293120.18,151
2026-06-11,INE947T01022,GICL,EQ,22.11,22.48,21.67,22.06,22.29,22.18,220060,4852304.59,1062
2026-06-11,INE615I01010,GLOBUSSPR,EQ,838.9,861.0,828.7,836.15,836.9,838.9,52988,44632567.1,2817
2026-06-11,INE350Z01018,GLOSTERLTD,EQ,673.15,673.85,654.35,656.9,655.55,668.8,2208,1459782.65,206
2026-06-11,INE0TQE01026,GLOTTIS,BE,67.25,68.4,65.63,67.48,67.51,66.59,117883,7917302.39,556
2026-06-11,INE541A01023,GMMPFAUDLR,EQ,751.0,757.55,735.0,738.2,739.95,757.6,79381,59105607.4,6113
2026-06-11,INE776C01039,GMRAIRPORT,EQ,100.25,101.21,99.1,100.1,100.0,100.92,20140330,2018429127.8,72874
2026-06-11,INE0CU601026,GMRP&UI,EQ,104.53,104.75,101.6,101.99,102.05,104.85,986289,101582318.53,8786
2026-06-11,INE934S01014,GNA,EQ,353.7,360.95,351.0,354.1,358.0,357.25,55050,19596907.2,2642
2026-06-11,INE18JU01028,EBGNG,BL,390.0,390.0,390.0,390.0,390.0,237.0,4487203,1750009170.0,7
2026-06-11,INE18JU01028,EBGNG,EQ,400.0,431.85,400.0,418.55,418.6,392.6,1441233,605462986.2,25810
2026-06-11,INE03JT01014,GODIGIT,EQ,291.1,299.9,291.1,296.6,297.9,293.65,315228,93278321.35,13810
2026-06-11,INE0BJS01011,GOCOLORS,EQ,362.1,369.9,340.0,343.05,345.0,362.1,1787459,633046221.75,19205
2026-06-11,INE426D01013,GOACARBON,EQ,384.2,387.35,370.55,375.85,370.7,389.75,6914,2619368.9,625
2026-06-11,INE077F01035,GOCLCORP,EQ,383.05,388.15,379.55,381.95,384.0,386.25,37419,14334464.6,2207
2026-06-11,INE497S01012,GODAVARIB,EQ,276.95,278.5,274.0,276.8,277.05,276.95,40134,11094582.15,1190
2026-06-11,INE177H01039,GPIL,EQ,276.4,280.8,275.65,277.9,278.5,277.1,1211267,337422435.3,25200
2026-06-11,INE260B01028,GODFRYPHLP,EQ,2219.9,2235.6,2185.0,2193.2,2202.9,2234.6,250616,553696010.0,15053
2026-06-11,INE850D01014,GODREJAGRO,EQ,556.35,568.0,554.1,557.9,557.0,560.65,63080,35269723.45,4702
2026-06-11,INE102D01028,GODREJCP,EQ,1028.0,1028.0,1005.8,1008.9,1008.8,1027.6,525095,532585242.9,21723
2026-06-11,INE233A01035,GODREJIND,EQ,1021.0,1029.5,1005.0,1009.2,1006.0,1033.0,50476,51200133.8,4705
2026-06-11,INE484J01027,GODREJPROP,EQ,1635.9,1639.0,1610.1,1618.0,1624.0,1641.5,418358,678661604.3,18994
2026-06-11,IN0020240134,692GS2039,GS,96.67,96.67,96.67,96.67,96.67,96.66,49,4736.83,1
2026-06-11,IN0020240142,709GS2074,GS,94.0,94.0,93.46,93.54,93.5,94.0,31780,2973754.74,49
2026-06-11,IN0020210186,574GS2026,GS,100.0,100.0,100.0,100.0,100.0,100.05,4900,490000.0,1
2026-06-11,IN0020210095,610GS2031,GS,102.0,102.0,102.0,102.0,102.0,102.0,1,102.0,1
2026-06-11,IN0020200245,622GS2035,GS,95.01,95.01,95.01,95.01,95.01,94.0,1048,99570.48,1
2026-06-11,IN0020250091,648GS2035,GS,97.4,99.4,97.4,99.4,99.4,97.4,415,40451.0,2
2026-06-11,IN0020200252,667GS2050,GS,94.0,94.0,92.0,92.0,92.0,94.3,229,21268.0,4
2026-06-11,IN0020250133,668GS2033,GS,100.4,100.4,100.4,100.4,100.4,100.4,1,100.4,1
2026-06-11,IN0020250042,668GS2040,GS,97.5,98.0,97.5,98.0,98.0,97.45,1581,154713.0,10
2026-06-11,IN0020200401,676GS2061,GS,90.79,90.79,90.23,90.32,90.55,90.78,113560,10269805.25,54
2026-06-11,IN0020240126,679GS2034,GS,99.05,99.8,99.05,99.71,99.8,99.74,1100,109690.0,3
2026-06-11,IN0020200187,68GS2060,GS,93.95,93.95,93.69,93.7,93.7,93.8,36,3375.58,5
2026-06-11,IN0020250018,690GS2065,GS,92.1,92.1,91.51,91.98,91.98,92.2,7748,711284.16,23
2026-06-11,IN0020260025,694GS2036,GS,99.5,99.5,99.5,99.5,99.5,99.5,100,9950.0,1
2026-06-11,IN0020210202,695GS2061,GS,95.95,95.95,95.95,95.95,95.95,95.5,271,26002.45,1
2026-06-11,IN0020210194,699GS2051,GS,96.0,98.9,96.0,98.9,98.9,99.5,109,10490.1,2
2026-06-11,IN0020240043,702GS2027,GS,100.0,100.84,100.0,100.84,100.84,100.85,4014,402932.4,4
2026-06-11,IN0020240076,702GS2031,GS,100.2,100.2,100.1,100.1,100.1,103.31,7000,700800.0,2
2026-06-11,IN0020240050,704GS2029,GS,100.26,100.26,100.26,100.26,100.26,101.5,2400,240624.0,1
2026-06-11,IN0020230010,706GS2028,GS,101.8,102.0,101.6,101.75,102.0,101.55,2500,254405.0,5
2026-06-11,IN0020240118,709GS2054,GS,96.07,97.0,96.07,96.5,96.5,96.05,432,41707.42,14
2026-06-11,IN0020240019,71GS2034,GS,100.7,100.7,100.0,100.0,100.0,100.7,53500,5358635.0,10
2026-06-11,IN0020230077,718GS2037,GS,103.5,103.5,103.25,103.45,103.25,103.67,12000,1241500.0,3
2026-06-11,IN0020240027,723GS2039,GS,101.5,101.5,100.0,101.45,101.45,100.03,55900,5591805.0,13
2026-06-11,IN0020250075,724GS2055,GS,99.09,99.09,98.45,98.59,98.6,98.48,10079,994001.77,30
2026-06-11,IN0020230044,725GS2063,GS,96.5,96.5,95.0,95.19,95.2,98.93,495667,47228737.71,301
2026-06-11,IN0020220060,726GS2032,GS,103.69,103.69,103.25,103.25,103.25,103.7,12011,1240165.59,5
2026-06-11,IN0020230051,73GS2053,GS,101.2,101.2,99.92,101.0,101.0,101.47,1323,133173.02,7
2026-06-11,IN0020230119,733GS2026,GS,100.65,100.65,100.65,100.65,100.65,100.65,2000,201300.0,1
2026-06-11,IN0020240035,734GS2064,GS,97.5,97.5,97.49,97.49,97.5,97.5,2925,285182.5,12
2026-06-11,IN0020230101,737GS2028,GS,102.68,102.75,102.68,102.74,102.75,102.75,2100,215758.75,5
2026-06-11,IN0020220094,74GS2062,GS,100.8,100.8,99.8,99.89,100.0,100.0,2415,241406.4,15
2026-06-11,IN0020220102,741GS2036,GS,105.7,105.7,105.7,105.7,105.7,105.75,101,10675.7,2
2026-06-11,IN0020250117,743GS2076,GS,100.01,100.5,100.01,100.5,100.5,101.0,1200,120551.0,4
2026-06-11,IN0020230127,746GS2073,GS,99.9,99.9,99.49,99.49,99.49,98.65,29,2888.9,3
2026-06-11,IN0020220029,754GS2036,GS,104.64,104.64,104.35,104.4,104.45,104.52,564515,58989131.81,110
2026-06-11,IN0020260033,771GS2066,GS,102.99,102.99,102.4,102.46,102.4,103.09,8032,824468.04,23
2026-06-11,IN0020010081,1018GS2026,GS,108.1,108.1,102.6,102.99,102.6,103.48,426,44311.02,12
2026-06-11,IN0020190362,645GS2029,GS,99.75,99.75,99.75,99.75,99.75,99.73,2,199.5,1
2026-06-11,IN0020170174,717GS2028,GS,103.49,103.49,103.49,103.49,103.49,103.93,438,45328.62,1
2026-06-11,IN0020220037,738GS2027,GS,104.4,104.75,104.35,104.55,104.55,104.69,38027,3971605.86,30
2026-06-11,IN0020060086,828GS2032,GS,108.6,108.6,108.6,108.6,108.6,106.51,300,32580.0,1
2026-06-11,IN0020110063,883GS2041,GS,109.0,109.0,109.0,109.0,109.0,112.4,50,5450.0,1
2026-06-11,IN0020110055,897GS2030,GS,109.8,109.8,109.77,109.78,109.78,110.0,12097,1328026.66,8
2026-06-11,IN0020130053,92GS2030,GS,108.21,111.58,107.13,111.05,111.0,110.99,18374,2026930.15,40
2026-06-11,IN002026Y055,182D051126,TB,97.85,97.85,97.85,97.85,97.85,96.56,6900,675165.0,1
2026-06-11,IN002026Y014,182D081026,TB,98.2,98.2,98.2,98.2,98.2,97.33,2300,225860.0,1
2026-06-11,IN002025Z377,364D101226,TB,96.75,97.35,96.75,97.0,97.0,96.25,23200,2249425.0,5
2026-06-11,IN002026X024,91D160726,TB,99.33,99.33,99.33,99.33,99.33,99.31,100,9933.0,1
2026-06-11,IN002025X505,91D190626,TB,99.8,99.8,99.8,99.8,99.8,99.66,100,9980.0,1
2026-06-11,INE887G01027,GOKEX,EQ,666.0,666.65,650.25,655.55,657.0,667.05,185070,121809270.45,7419
2026-06-11,INE314T01033,GOKULAGRO,EQ,233.7,239.0,229.5,230.54,231.0,232.97,456278,106975475.02,9898
2026-06-11,INE020J01029,GOKUL,EQ,41.47,41.92,39.51,39.99,40.2,40.94,180578,7399053.65,1412
2026-06-11,INE973A01010,GOLDENTOBC,BZ,25.48,26.0,24.71,25.14,25.98,26.0,2675,68282.97,28
2026-06-11,INE025B01025,GOLDIAM,EQ,426.1,437.7,418.75,423.8,425.4,431.6,596911,255456135.05,14718
2026-06-11,INE405Y01021,GOLDSTAR,SM,7.6,7.7,7.6,7.7,7.7,7.6,45000,345375.0,4
2026-06-11,INE127I01024,GOODLUCK,EQ,1296.0,1316.5,1270.7,1289.1,1298.2,1302.3,77347,99940873.0,6227
2026-06-11,INE533A01012,GOODYEAR,EQ,725.55,734.25,722.15,723.4,723.95,734.8,4948,3582634.8,605
2026-06-11,INE0L9R01028,GOPAL,EQ,277.8,288.0,274.2,281.2,287.0,278.35,81038,22549314.4,1373
2026-06-11,INE705X01026,GOYALALUM,EQ,6.95,7.06,6.52,6.62,6.56,6.92,119443,804394.82,601
2026-06-11,INE0S7E01015,GPECO,ST,439.3,452.3,439.3,439.3,439.3,462.4,33200,14684440.0,115
2026-06-11,INE586G01017,GULFPETRO,BE,38.0,39.5,36.5,38.02,38.0,38.25,34032,1287932.8,315
2026-06-11,INE486R01017,GPTHEALTH,EQ,146.82,150.0,144.1,144.51,144.7,148.25,53415,7849209.59,1167
2026-06-11,INE390G01014,GPTINFRA,EQ,111.2,114.2,110.3,112.59,114.0,112.35,81750,9212097.73,1738
2026-06-11,INE361K01017,GRADIENTE,EQ,2.4,2.6,2.4,2.4,2.4,2.52,3292730,8029346.77,668
2026-06-11,INE12E301017,GCHOTELS,SM,130.0,130.95,119.0,123.8,124.5,130.65,66000,8170770.0,101
2026-06-11,INE926B01016,GRANDOAK,EQ,37.69,37.69,34.14,34.7,34.14,37.93,494112,17557459.95,1751
2026-06-11,INE101D01020,GRANULES,EQ,756.5,780.9,751.0,763.15,762.9,760.8,877372,674660766.05,27159
2026-06-11,INE0POU01017,GRAPHISAD,SM,30.6,30.6,30.0,30.0,30.0,29.2,2400,72720.0,2
2026-06-11,INE371A01025,GRAPHITE,EQ,632.9,642.85,620.6,624.4,624.8,637.05,713261,448216811.9,21693
2026-06-11,INE047A01021,GRASIM,EQ,3058.0,3109.0,3045.8,3089.5,3090.0,3071.2,613443,1896818543.6,35024
2026-06-11,INE266D01021,GRAUWEIL,EQ,72.6,73.9,70.3,71.45,71.0,71.88,104234,7533713.79,2543
2026-06-11,INE214F01026,GRAVISSHO,EQ,29.0,30.0,28.01,28.32,28.36,29.11,9012,257226.67,82
2026-06-11,INE024L01027,GRAVITA,EQ,1555.5,1583.0,1545.9,1570.9,1567.7,1579.9,115770,181587022.9,14028
2026-06-11,INE224A01026,GREAVESCOT,EQ,178.98,182.62,175.4,176.29,175.99,180.03,984793,176042062.17,12466
2026-06-11,INE0O7P01015,GREENCHEF,SM,51.0,52.0,47.7,47.7,47.7,50.15,16800,838200.0,18
2026-06-11,INE544R01021,GREENLAM,EQ,241.0,248.7,238.41,241.52,241.5,239.68,358665,87344894.49,9520
2026-06-11,INE0PLX01017,GREENLEAF,SM,54.65,56.35,54.65,55.25,55.1,57.45,23000,1269450.0,19
2026-06-11,INE08ZM01014,GREENPANEL,EQ,190.41,204.28,188.1,190.67,191.0,189.93,779221,153160250.58,16284
2026-06-11,INE461C01038,GREENPLY,EQ,280.5,298.8,276.95,292.5,293.4,281.21,731685,213952028.47,18743
2026-06-11,INE199P01028,GCSL,EQ,415.0,431.95,408.0,426.95,428.45,413.3,734824,306831572.7,6595
2026-06-11,INE536A01023,GRINDWELL,EQ,1911.7,1953.0,1886.4,1895.2,1895.0,1914.8,65353,125338395.5,7500
2026-06-11,INE192H01020,GRMOVER,EQ,89.55,91.15,81.95,87.6,88.55,91.05,13567700,1151943051.09,46677
2026-06-11,INE1TY801010,GJL,ST,145.0,145.0,134.0,134.6,134.6,138.1,120000,16185440.0,34
2026-06-11,INF666M01MM4,GROWWCAPM,EQ,11.23,11.23,10.71,10.92,11.07,10.96,710356,7776850.71,793
2026-06-11,INF666M01NP5,GROWWCHEM,EQ,28.9,29.12,28.43,28.75,28.81,28.95,30581,880915.94,239
2026-06-11,INF666M01IO8,GROWWDEFNC,EQ,89.84,89.84,87.42,87.56,87.54,89.9,596007,52395292.18,2971
2026-06-11,INF666M01IH2,GROWWEV,EQ,30.9,30.9,29.7,30.11,30.21,30.29,106094,3200625.8,1358
2026-06-11,INF666M01OE7,GROWWGOLD,EQ,13.85,14.49,13.85,14.18,14.1,14.34,3748792,52867179.8,5580
2026-06-11,INF666M01OD9,GROWWHOSPI,EQ,51.88,52.15,51.51,51.97,52.1,51.89,139848,7252853.39,1083
2026-06-11,INF666M01IP5,GROWWLIQID,EQ,109.43,109.43,109.42,109.42,109.43,109.41,327213,35805272.63,178
2026-06-11,INF666M01LB9,GROWWLOVOL,EQ,9.86,10.12,9.86,9.93,10.02,10.0,89433,891992.19,141
2026-06-11,INF666M01MV5,GROWWMC150,EQ,219.3,219.3,215.91,218.22,218.22,219.39,586,127737.83,31
2026-06-11,INF666M01NI0,GROWWMETAL,EQ,12.09,12.2,11.85,12.07,12.2,12.09,507630,6135435.04,1414
2026-06-11,INF666M01KJ4,GROWWMOM50,EQ,10.35,10.48,10.2,10.27,10.48,10.35,73031,751212.07,500
2026-06-11,INF666M01JV1,GROWWN200,EQ,10.89,10.95,10.78,10.82,10.78,10.89,23178,251220.47,305
2026-06-11,INF666M01LI4,GROWWNET,EQ,8.71,8.71,8.54,8.56,8.61,8.71,170774,1466358.43,674
2026-06-11,INF666M01LL8,GROWWNIFTY,EQ,9.32,9.38,9.25,9.34,9.34,9.32,326021,3047140.57,1411
2026-06-11,INF666M01LZ8,GROWWNXT50,EQ,68.07,69.5,68.07,68.78,68.82,69.46,14936,1029601.25,155
2026-06-11,INF666M01LM6,GROWWPOWER,EQ,11.85,11.97,11.7,11.74,11.79,11.85,2325724,27381907.45,3314
2026-06-11,INF666M01NQ3,GROWWPSE,EQ,99.49,99.49,98.0,98.46,98.51,99.49,5438,535926.81,124
2026-06-11,INF666M01OG2,GROWWPSUBK,EQ,83.75,84.28,82.08,83.68,83.73,83.76,5714,477033.96,105
2026-06-11,INF666M01JJ6,GROWWRAIL,EQ,29.68,29.68,28.54,28.65,28.74,28.96,444961,12781816.69,3519
2026-06-11,INF666M01MN2,GROWWRLTY,EQ,8.54,8.54,8.3,8.32,8.37,8.38,125865,1048661.72,491
2026-06-11,INF666M01MO0,GROWWSC250,EQ,9.7,9.7,9.53,9.55,9.6,9.66,64651,621905.91,449
2026-06-11,INF666M01OF4,GROWWSLVR,EQ,22.56,22.88,22.5,22.69,22.66,22.58,2639587,59854394.87,5526
2026-06-11,INF666M01OT5,PVTBKGROWW,EQ,26.9,27.29,26.12,26.91,26.95,26.6,68584,1849404.16,650
2026-06-11,INE137I01015,GRPLTD,EQ,1666.0,1675.0,1649.3,1653.7,1666.2,1667.1,680,1128763.2,168
2026-06-11,INE0SQY01018,GSMFOILS,SM,204.0,205.0,200.0,202.95,202.95,203.0,30500,6183700.0,44
2026-06-11,INE713R01022,GSPCROP,EQ,433.25,438.95,421.0,434.3,433.0,428.95,169840,72835974.2,2199
2026-06-11,INE871H01011,GSS,BE,12.56,12.56,12.1,12.25,12.5,12.62,21920,269147.85,89
2026-06-11,INE221H01019,GTLINFRA,EQ,1.45,1.5,1.41,1.44,1.45,1.44,109196013,158860644.65,16982
2026-06-11,INE043A01012,GTL,EQ,8.19,9.09,8.01,8.2,8.16,8.3,1729249,14795639.9,2563
2026-06-11,INE869I01013,GTPL,EQ,63.55,64.59,63.38,64.09,63.6,63.62,7585,484332.51,362
2026-06-11,INE742B01025,GUFICBIO,EQ,364.1,372.0,348.6,353.2,355.0,364.05,121559,43620623.45,4689
2026-06-11,INE162A01010,GIPCL,EQ,160.3,162.07,153.44,155.64,155.27,160.21,426198,66967261.3,9816
2026-06-11,INE113A01013,GNFC,EQ,487.0,497.0,484.0,491.4,493.05,493.6,246335,121093090.05,11878
2026-06-11,INE026A01025,GSFC,EQ,163.0,163.03,160.59,162.23,162.13,163.04,388586,62782819.84,4916
2026-06-11,INE826C01016,GUJAPOLLO,EQ,370.0,370.15,360.0,362.25,363.15,369.65,6405,2329818.75,449
2026-06-11,INE186A01019,GUJALKALI,EQ,615.5,625.0,609.55,617.8,621.0,619.65,29694,18252522.3,1580
2026-06-11,INE036B01030,GAEL,EQ,157.0,157.01,154.26,155.34,155.03,156.94,530064,82412473.05,11371
2026-06-11,INE09N301011,FLUOROCHEM,EQ,3605.0,3699.0,3605.0,3680.5,3655.0,3641.0,49485,181376601.1,10514
2026-06-11,INE844O01030,GUJGASLTD,EQ,380.0,386.5,375.3,376.8,376.3,381.3,363755,138138837.25,22049
2026-06-11,INE0V0W01025,GKSL,EQ,124.0,128.24,123.21,125.94,125.75,124.27,499543,63412887.82,3162
2026-06-11,INE540A01017,GLFL,BE,6.14,6.32,5.86,6.32,6.32,6.02,4098,25170.11,36
2026-06-11,INE131A01031,GMDCLTD,EQ,600.9,606.9,585.55,588.75,589.9,604.3,1748607,1042536508.3,36875
2026-06-11,INE207H01018,GNRL,EQ,92.0,93.5,91.7,92.96,93.25,93.31,50299,4657176.93,706
2026-06-11,INE517F01014,GPPL,EQ,152.1,152.72,149.0,149.2,149.4,152.1,1034143,155591766.06,19027
2026-06-11,INE610B01024,GUJRAFFIA,EQ,41.76,42.48,39.68,40.62,42.48,41.76,4390,178011.93,75
2026-06-11,INE942C01045,GUJTHEM,EQ,384.9,387.1,377.0,383.3,379.2,384.05,41720,15948226.35,1813
2026-06-11,INE635Q01029,GULFOILLUB,EQ,910.0,921.65,902.0,910.15,915.0,917.95,52672,47982846.7,4961
2026-06-11,INE255D01024,GULPOLY,EQ,206.16,214.64,202.1,204.59,206.05,204.85,564581,117902393.74,9174
2026-06-11,INE1CCX01012,GURUNANAK,ST,36.3,37.8,36.3,37.7,37.7,36.0,9600,359840.0,6
2026-06-11,INE251H01024,GVKPIL,BE,2.88,2.89,2.85,2.85,2.85,2.9,519364,1483829.53,800
2026-06-11,INE382T01030,GVPTECH,EQ,6.32,6.55,6.21,6.34,6.3,6.35,22453,142910.72,107
2026-06-11,IN9382T01012,GVPTECHPP,E1,3.39,3.39,2.35,2.76,2.81,2.83,16068,47860.93,41
2026-06-11,INE640B01021,HBESD,EQ,74.1,76.0,72.0,76.0,76.0,74.84,1115,83358.24,35
2026-06-11,INE926X01010,HGINFRA,EQ,555.0,557.05,542.7,545.05,546.45,557.25,90851,49712670.6,5303
2026-06-11,INE115S01010,HALDER,EQ,230.5,245.0,227.0,240.68,243.45,227.5,27191,6428262.72,134
2026-06-11,INE506D01020,HALDYNGL,EQ,123.89,123.89,117.0,118.0,118.0,123.7,85885,10334423.83,2449
2026-06-11,INE320X01016,HALEOSLABS,EQ,1327.0,1439.9,1325.0,1403.1,1396.8,1400.5,250,344901.2,37
2026-06-11,INE596H01014,HGM,EQ,55.01,55.78,51.0,51.98,52.0,55.69,11386,604894.88,162
2026-06-11,INE419U01012,HAPPSTMNDS,EQ,346.0,349.2,341.5,345.0,346.9,348.85,401662,138500250.2,12850
2026-06-11,INE330T01021,HAPPYFORGE,EQ,1351.4,1369.9,1326.4,1348.2,1337.0,1351.4,34561,46712460.0,5672
2026-06-11,INE0TLP01015,WHITEFORCE,ST,35.15,35.15,35.15,35.15,35.15,33.5,1600,56240.0,1
2026-06-11,INE626Z01029,HARDWYN,EQ,23.98,24.4,23.64,24.15,24.13,24.02,3943982,94754671.27,2916
2026-06-11,INE00EV01017,HARIOMPIPE,EQ,395.1,401.9,376.55,379.9,381.5,395.1,437986,170571680.95,13639
2026-06-11,INE544A01019,HARRMALAYA,EQ,201.9,206.1,199.52,201.85,201.05,202.41,7976,1612263.27,376
2026-06-11,INE0JUS01029,HARSHA,EQ,400.0,403.75,390.85,394.7,392.55,401.0,149392,59321098.4,5024
2026-06-11,INE982F01036,HATHWAY,EQ,10.5,10.6,10.3,10.35,10.37,10.66,1398228,14567861.19,2467
2026-06-11,INE473B01035,HATSUN,EQ,892.1,909.2,889.85,900.5,902.35,892.1,16829,15123579.4,1858
2026-06-11,INE176B01034,HAVELLS,EQ,1154.2,1154.2,1125.5,1129.0,1136.0,1155.5,559810,636662320.6,24769
2026-06-11,INE979B01015,HAWKINCOOK,EQ,7719.0,7719.0,7551.0,7658.5,7674.0,7708.5,643,4904367.5,429
2026-06-11,INE550B01022,HBSL,BE,52.7,52.7,51.88,51.94,51.94,52.7,1166,60791.57,26
2026-06-11,INE292B01021,HBLENGINE,EQ,746.0,762.6,732.1,746.0,746.55,753.95,951583,709498888.7,35083
2026-06-11,INE236A01020,HCL-INSYS,EQ,12.15,12.27,11.5,11.75,11.69,12.16,446625,5312635.35,1405
2026-06-11,INE860A01027,HCLTECH,EQ,1112.9,1114.0,1089.5,1110.2,1113.9,1132.1,3435236,3792735148.2,117700
2026-06-11,INE756I01012,HDBFS,EQ,619.1,638.7,619.1,623.2,625.5,620.1,433690,272092414.85,29623
2026-06-11,INE127D01025,HDFCAMC,EQ,2438.0,2450.0,2384.2,2389.8,2398.9,2447.8,1069770,2577232544.4,52845
2026-06-11,INE040A01034,HDFCBANK,EQ,743.0,756.0,740.1,744.6,745.3,746.85,32632007,24370845118.65,262963
2026-06-11,INF179KC1981,HDFCGOLD,EQ,124.5,124.5,118.32,123.24,123.21,125.31,5418154,667981174.77,17765
2026-06-11,INE795G01014,HDFCLIFE,EQ,546.25,550.45,543.0,545.25,545.0,549.55,3861386,2109202670.15,56518
2026-06-11,INF179KC1EZ4,HDFCBSE500,EQ,36.1,36.24,35.05,35.6,35.47,35.74,1266175,45195053.59,413
2026-06-11,INF179KC1DJ0,HDFCGROWTH,EQ,111.01,111.43,109.97,110.73,111.43,111.16,12771,1412343.92,311
2026-06-11,INF179KC1JG3,HDFCLIQUID,EQ,1069.57,1069.57,1064.38,1064.39,1064.4,1064.25,3907,4158634.95,37
2026-06-11,INF179KC1HU8,HDFCLOWVOL,EQ,19.77,19.8,19.61,19.66,19.78,19.77,3783,74349.87,67
2026-06-11,INF179KC1HT0,HDFCMID150,EQ,22.2,22.21,21.94,22.01,22.21,22.19,478986,10574832.53,1585
2026-06-11,INF179KC1HV6,HDFCMOMENT,EQ,29.92,29.96,29.65,29.71,29.7,29.96,289510,8616871.92,828
2026-06-11,INF179KC1HS2,HDFCNEXT50,EQ,70.45,70.47,69.01,69.72,69.85,70.73,634215,44250026.53,1080
2026-06-11,INF179KC1HR4,HDFCNIF100,EQ,25.45,25.45,24.8,24.87,24.8,24.95,21081,524700.36,253
2026-06-11,INF179KC1HY0,HDFCNIFBAN,EQ,56.4,57.03,56.18,56.57,56.78,56.45,2368988,134785532.56,963
2026-06-11,INF179KC1IA8,HDFCNIFIT,EQ,30.27,30.4,29.39,29.74,30.4,30.12,219234,6491558.71,652
2026-06-11,INF179KC1965,HDFCNIFTY,EQ,265.0,265.0,259.16,259.96,260.03,260.54,87875,22859029.46,941
2026-06-11,INF179KC1HZ7,HDFCPVTBAN,EQ,27.29,27.61,27.11,27.26,27.2,27.14,2291264,63034758.82,500
2026-06-11,INF179KC1DL6,HDFCQUAL,EQ,56.04,56.2,55.71,55.84,55.94,56.13,5886,329052.72,80
2026-06-11,INF179KC1HX2,HDFCSENSEX,EQ,83.2,84.4,82.89,83.58,83.72,83.8,41039,3428202.4,677
2026-06-11,INF179KC1DI2,HDFCSILVER,EQ,220.52,223.15,219.13,221.52,221.6,220.26,3486593,770646704.07,18598
2026-06-11,INF179KC1FB2,HDFCSML250,EQ,170.4,170.4,166.96,167.52,167.99,168.66,637530,107002639.19,8697
2026-06-11,INF179KC1DK8,HDFCVALUE,EQ,125.75,126.86,125.37,126.0,126.1,126.37,1133,142800.93,53
2026-06-11,INF179KC1HW4,HDFCPSUBK,EQ,84.98,85.45,83.79,83.91,84.57,84.98,34829,2928186.34,234
2026-06-11,INE759V01019,HEADSUP,EQ,7.24,7.24,6.81,7.0,7.1,7.01,8047,55848.71,126
2026-06-11,INE019J01013,HEALTHX,EQ,286.5,286.5,274.2,278.4,276.0,286.5,12637,3543170.45,494
2026-06-11,INE075I01017,HCG,EQ,636.65,640.45,625.25,629.4,627.0,636.0,60147,38105762.1,3882
2026-06-11,INE558R01013,HECPROJECT,EQ,121.5,121.5,114.07,116.24,116.5,120.15,10400,1229423.28,396
2026-06-11,INE545A01024,HEG,EQ,516.5,517.65,505.0,512.0,513.0,518.35,686010,350218816.25,23713
2026-06-11,INE578A01017,HEIDELBERG,EQ,148.07,148.99,145.1,146.43,145.98,148.07,97487,14358519.02,1759
2026-06-11,INE0AJG01018,HEMIPROP,EQ,137.0,137.87,135.36,135.76,135.9,138.27,336400,45887662.4,3123
2026-06-11,INE694N01015,HERANBA,EQ,185.8,186.0,176.5,181.53,183.15,187.08,93264,17071528.53,3163
2026-06-11,INE978A01027,HERITGFOOD,EQ,319.8,319.8,311.6,314.95,315.5,317.4,131749,41549697.9,3237
2026-06-11,INE158A01026,HEROMOTOCO,EQ,4840.6,4875.0,4810.2,4836.2,4839.3,4856.7,365084,1768070976.6,39791
2026-06-11,INE782E01017,HESTERBIO,EQ,1935.6,2018.8,1924.0,1959.9,1990.0,1939.2,6207,12210495.1,989
2026-06-11,INE750M01017,HEXATRADEX,EQ,162.0,164.6,153.7,156.01,155.0,162.35,4939,780562.2,94
2026-06-11,INE093A01041,HEXT,EQ,512.85,521.1,498.0,502.25,502.7,515.45,307889,155477255.8,16803
2026-06-11,INE548A01028,HFCL,EQ,160.66,170.7,160.66,163.68,164.95,169.11,52686036,8627254829.96,155174
2026-06-11,INE0PIC01017,HIGREEN,SM,115.85,119.75,115.85,117.1,117.0,115.7,24800,2923560.0,30
2026-06-11,INE106T01025,HITECH,EQ,85.65,86.85,84.81,85.3,85.04,86.9,413003,35250520.95,3550
2026-06-11,INE00RL01028,HILINFRA,BE,47.9,47.9,46.55,46.8,46.6,47.55,21985,1035525.64,351
2026-06-11,INE475B01022,HIKAL,EQ,178.31,180.0,174.97,176.15,176.23,178.31,139778,24772225.52,3040
2026-06-11,INE788H01017,HILTON,BE,19.21,19.25,18.5,18.63,18.5,19.21,116852,2214876.71,323
2026-06-11,INE019C01026,HSCL,EQ,687.5,704.5,673.15,680.05,677.0,693.0,12918718,8890051775.8,108773
2026-06-11,INE049A01027,HIMATSEIDE,EQ,75.6,75.86,73.55,73.99,74.16,75.6,421621,31315838.23,3166
2026-06-11,INE835D01023,HIRECT,EQ,1053.3,1169.0,1043.2,1111.8,1105.0,1053.3,568515,640690727.8,32614
2026-06-11,INE038A01020,HINDALCO,EQ,1029.8,1038.6,1022.8,1024.3,1025.9,1039.3,6664493,6861904198.8,149335
2026-06-11,INE642Y01029,HINDCON,BE,21.98,21.98,20.1,20.24,20.35,21.15,13853,284834.17,154
2026-06-11,INE05X901010,HPIL,EQ,130.91,130.91,126.0,127.01,127.01,128.41,516,65828.15,20
2026-06-11,INE170I01016,HGS,EQ,453.1,453.1,425.1,427.2,426.5,450.35,104587,45511543.55,5322
2026-06-11,INE066F01020,HAL,EQ,4185.0,4223.4,4160.0,4172.3,4167.1,4219.2,555963,2328143519.1,44549
2026-06-11,INE310C01029,HINDCOMPOS,EQ,412.0,412.0,400.1,402.5,400.1,412.25,1795,728586.15,243
2026-06-11,INE549A01026,HCC,EQ,22.15,22.6,21.55,21.68,21.84,22.35,23651762,520153597.78,27606
2026-06-11,INE531E01026,HINDCOPPER,EQ,503.0,509.8,497.5,499.25,499.95,510.7,3387916,1702522783.6,59330
2026-06-11,INE254N01026,HNDFDS,EQ,523.0,536.0,518.0,529.3,529.7,523.85,42747,22626993.35,3475
2026-06-11,INE871K01015,HMVL,EQ,84.7,84.7,77.56,78.84,78.01,83.88,181007,14364229.8,1398
2026-06-11,INE345A01011,HINDOILEXP,EQ,180.49,180.49,163.1,167.7,167.91,178.45,2206473,375782723.52,25401
2026-06-11,INE094A01015,HINDPETRO,EQ,370.05,372.25,361.1,365.7,367.2,374.4,10518376,3834470351.0,76548
2026-06-11,INE030A01027,HINDUNILVR,EQ,2164.0,2165.0,2135.3,2139.8,2141.0,2169.5,1178896,2531414787.0,70242
2026-06-11,INE267A01025,HINDZINC,EQ,534.5,554.4,534.45,545.0,545.9,547.55,3678148,2010419004.3,49211
2026-06-11,INE05AN01011,HINDWAREAP,EQ,215.89,222.59,210.1,213.01,211.9,218.07,89194,19201476.12,1779
2026-06-11,INE598C01011,HISARMETAL,EQ,146.0,156.0,144.0,152.91,156.0,146.0,13614,2068436.15,149
2026-06-11,INE07Y701011,POWERINDIA,EQ,33300.0,34100.0,33010.0,33250.0,33315.0,33265.0,197087,6588038045.0,53417
2026-06-11,INE120D01012,HITECHCORP,BE,308.5,313.97,305.16,310.74,311.0,314.65,21169,6555791.41,226
2026-06-11,INE461D01028,HLEGLAS,EQ,366.95,370.75,356.3,360.35,357.8,367.5,98785,35891423.7,4559
2026-06-11,INE102A01024,HLVLTD,EQ,7.73,7.86,7.66,7.66,7.7,7.73,86197,664824.27,381
2026-06-11,INE0ECP01024,HMAAGRO,EQ,22.47,22.95,21.9,22.03,21.9,22.7,170348,3796987.07,926
2026-06-11,INE262A01018,HMT,BZ,55.86,55.86,53.21,53.71,54.0,55.87,5139,279616.89,67
2026-06-11,INE0S6S01017,HOACFOODS,ST,618.05,618.05,588.0,599.65,617.0,618.05,3375,2023537.5,9
2026-06-11,INE0LXA01019,HOLMARC,SM,110.9,110.9,101.4,101.4,101.4,106.7,6000,617325.0,6
2026-06-11,INE481N01025,HOMEFIRST,EQ,1046.0,1049.0,1018.5,1029.7,1034.4,1049.1,133398,137224415.7,13015
2026-06-11,INE0N7F01017,HOMESFY,SM,112.0,112.0,112.0,112.0,112.0,112.0,3300,369600.0,6
2026-06-11,INE0J5401028,HONASA,EQ,431.25,438.35,412.55,417.65,416.0,414.6,11807055,4978718795.15,159849
2026-06-11,INE634A01018,HONDAPOWER,EQ,2188.9,2235.9,2164.0,2181.4,2210.0,2182.0,3618,7922749.4,746
2026-06-11,INE671A01010,HONAUT,EQ,36130.0,36420.0,35025.0,35230.0,35455.0,36130.0,5455,193918330.0,3086
2026-06-11,INE191I01012,HDIL,BZ,1.97,1.97,1.81,1.84,1.88,1.89,176386,324913.71,198
2026-06-11,INE0GSL01024,HPAL,EQ,34.75,35.27,34.72,34.96,34.8,35.07,33657,1177862.59,366
2026-06-11,INE0VA601019,HPTL,SM,269.85,269.85,269.8,269.8,269.8,284.0,1200,323790.0,2
2026-06-11,INE495S01016,HPL,EQ,350.7,351.5,338.8,340.8,341.0,350.7,128679,44239393.45,4333
2026-06-11,INE0R3501012,HRHNEXT,SM,27.45,27.5,27.1,27.15,27.15,28.5,30000,820200.0,20
2026-06-11,INF336L01RX2,HSBCGOLD,EQ,126.67,126.67,123.2,125.31,125.02,126.63,1217,153214.73,48
2026-06-11,INE031A01017,HUDCO,EQ,202.5,206.33,199.02,203.33,203.29,205.56,1879558,379587620.41,23934
2026-06-11,INE501G01024,HTMEDIA,EQ,22.05,22.66,22.05,22.5,22.37,22.3,31771,712168.49,131
2026-06-11,INE703H01016,HUBTOWN,EQ,189.0,190.14,178.2,180.45,179.55,189.16,500035,91487169.63,6192
2026-06-11,INE275B01026,HUHTAMAKI,EQ,170.92,172.38,167.86,168.96,169.0,170.91,112321,19013226.58,3172
2026-06-11,INE965B01022,HYBRIDFIN,EQ,16.6,16.6,15.76,16.0,16.0,16.04,2781,44516.49,63
2026-06-11,INE0V6F01027,HYUNDAI,EQ,1885.0,1951.0,1863.0,1940.1,1937.4,1891.0,933453,1799122970.1,62361
2026-06-11,INE204A01010,IGPL,EQ,438.4,438.4,426.0,429.2,432.55,438.4,8358,3593441.75,719
2026-06-11,INE613B01010,ICDSLTD,EQ,43.99,44.75,42.2,42.6,42.6,42.13,598,25773.37,13
2026-06-11,INE520Y01019,ICEMAKE,EQ,750.05,780.0,742.5,777.45,780.0,761.5,33977,26237371.4,2049
2026-06-11,INE090A01021,ICICIBANK,EQ,1286.5,1333.0,1286.5,1317.0,1313.9,1293.3,35919374,47294430919.8,462944
2026-06-11,INE765G01017,ICICIGI,EQ,1732.2,1735.8,1707.7,1712.4,1720.0,1732.2,260159,447226439.0,28635
2026-06-11,INF109KC19U5,LOWVOLIETF,EQ,21.23,21.28,21.08,21.17,21.19,21.16,370487,7850937.54,929
2026-06-11,INE726G01019,ICICIPRULI,EQ,465.4,466.35,459.5,460.4,460.5,465.8,1358506,627579998.85,32270
2026-06-11,INF109KC10W0,MIDSELIETF,EQ,17.66,18.03,17.66,17.82,18.0,17.96,465642,8345670.92,10105
2026-06-11,INF109KC16V9,NIF100IETF,EQ,27.09,27.09,26.78,26.83,26.95,26.93,59835,1608405.91,1435
2026-06-11,INF109K012R6,NIFTYIETF,EQ,261.28,262.94,260.51,261.36,261.5,261.75,394460,103140595.54,11329
2026-06-11,INF346A01034,SENSEXIETF,EQ,846.01,851.32,841.72,845.02,845.99,846.01,17077,14467848.05,640
2026-06-11,INE346A01027,ICICIAMC,EQ,3229.7,3266.4,3196.0,3206.2,3209.4,3203.8,320686,1035340119.3,34589
2026-06-11,INF109KC1NT3,GOLDIETF,EQ,128.58,128.58,122.45,123.68,123.66,125.45,9077140,1122035214.38,42797
2026-06-11,INF109KC11V0,NV20IETF,EQ,13.33,13.95,13.33,13.65,13.62,13.68,170890,2332395.39,1503
2026-06-11,INF109KB15Y7,ICICIB22,EQ,117.16,117.31,116.41,116.52,116.69,117.36,500872,58411026.53,3200
2026-06-11,INF109K1A021,CASHIETF,EQ,1065.91,1065.93,1065.91,1065.92,1065.92,1065.77,82916,88381784.67,70
2026-06-11,INF109K1A153,EVIETF,EQ,30.26,30.38,30.0,30.22,30.3,30.35,141806,4286792.46,504
2026-06-11,INF109KC18O0,GSEC10IETF,EQ,258.77,260.35,258.77,260.34,260.34,260.07,119,30802.71,6
2026-06-11,INF109KC1V59,BSE500IETF,EQ,37.4,37.56,37.11,37.32,37.38,37.53,70778,2645591.84,1245
2026-06-11,INF109KC14A8,GSEC5IETF,EQ,65.69,65.71,65.07,65.29,65.27,65.34,14791,968081.29,37
2026-06-11,INF109KC17V7,ALPL30IETF,EQ,25.9,26.42,25.75,26.23,26.26,26.28,124145,3256252.62,674
2026-06-11,INF109KC10V2,AUTOIETF,EQ,26.86,26.86,26.27,26.55,26.52,26.56,436619,11556893.25,1454
2026-06-11,INF109KC18U7,PVTBANIETF,EQ,26.24,27.42,26.24,27.1,27.12,26.92,27626793,754140792.46,4566
2026-06-11,INF109KC19O8,COMMOIETF,EQ,99.75,99.95,98.87,99.16,99.29,99.81,44671,4443421.88,922
2026-06-11,INF109KC1V42,CONSUMIETF,EQ,114.05,123.82,113.86,114.25,117.0,114.58,20991,2401012.91,279
2026-06-11,INF109KC19V3,FMCGIETF,EQ,53.06,53.06,51.9,51.98,52.04,52.46,522416,27251807.44,2882
2026-06-11,INF109KC16E5,INFRAIETF,EQ,93.26,94.56,92.61,92.93,94.56,93.26,137020,12751275.66,8159
2026-06-11,INF109KC1KT9,LIQUIDIETF,EQ,999.99,1000.01,999.99,999.99,999.99,999.99,560210,560209756.75,235
2026-06-11,INF109KC11W8,MIDCAPIETF,EQ,22.5,22.93,22.11,22.48,22.54,22.68,813129,18340070.58,2449
2026-06-11,INF109KC17C7,MOM30IETF,EQ,30.49,30.49,30.0,30.03,30.09,30.26,500639,15060765.22,2048
2026-06-11,INF109KC1NS5,NEXT50IETF,EQ,72.98,72.98,72.03,72.15,72.31,72.98,829277,60028876.6,6000
2026-06-11,INF109KC1Q72,HEALTHIETF,EQ,160.0,160.0,158.0,158.69,158.0,158.4,87511,13910565.58,1378
2026-06-11,INF109KC18V5,QUAL30IETF,EQ,20.4,20.4,20.14,20.16,20.21,20.4,55646,1124728.75,320
2026-06-11,INF109KC1Y56,SILVERIETF,EQ,230.0,232.84,225.04,231.04,231.0,230.82,4412848,1017996563.95,24604
2026-06-11,INF109KC16I6,ITIETF,EQ,32.19,32.19,30.56,30.95,30.96,31.41,1356348,41836353.7,2516
2026-06-11,INF109KC15I8,BANKIETF,EQ,55.9,56.84,55.9,56.46,56.42,56.32,894817,50554775.23,1588
2026-06-11,INF109KC19W1,METALIETF,EQ,12.99,12.99,12.67,12.78,12.83,12.8,8048235,103104379.61,9530
2026-06-11,INF109KC18W3,OILIETF,EQ,11.26,11.26,10.86,10.96,11.0,10.99,1244191,13633105.93,2654
2026-06-11,INF109KC10S8,PSUBNKIETF,EQ,84.5,84.88,83.83,84.24,84.36,84.93,143937,12131383.69,970
2026-06-11,INF109K1A344,TOP15IETF,EQ,9.49,9.54,9.42,9.48,9.44,9.48,57906,548825.95,181
2026-06-11,INF109KC16X5,VAL30IETF,EQ,15.4,15.7,15.23,15.27,15.42,15.4,323019,4936985.69,1513
2026-06-11,INF109KC17L8,FINIETF,EQ,31.03,31.03,29.82,29.9,30.19,30.28,610074,18270507.35,1805
2026-06-11,INE725G01011,ICRA,EQ,5140.0,5168.5,5035.0,5059.0,5035.0,5147.5,4938,25254492.0,1307
2026-06-11,INE008A01015,IDBI,EQ,74.25,74.5,72.15,72.31,72.6,74.93,6801209,496182643.07,32731
2026-06-11,INE349Y01013,IDEAFORGE,BE,870.9,910.4,870.9,870.9,870.9,916.7,375205,330173901.75,9054
2026-06-11,INE092T01019,IDFCFIRSTB,EQ,72.51,73.55,72.22,72.95,73.16,72.99,22321129,1626597228.54,49384
2026-06-11,INE076C01018,IFBAGRO,BE,945.9,945.9,884.1,905.2,908.0,929.5,3541,3223482.7,275
2026-06-11,INE559A01017,IFBIND,EQ,1245.4,1270.0,1222.6,1238.3,1251.7,1251.6,75268,93542331.6,6772
2026-06-11,INE039A01010,IFCI,EQ,70.98,73.27,70.01,70.48,70.59,71.83,40030897,2863215769.26,93166
2026-06-11,INE133Y01011,IFGLEXPOR,EQ,191.0,193.0,182.59,183.92,183.15,191.37,27946,5227867.84,957
2026-06-11,INE01XO07017,1225IFL27,N0,9499.0,9499.0,8700.0,8700.0,8700.0,9001.0,7,61699.0,2
2026-06-11,INE01XO07025,1225IFL28,N0,9799.0,9799.0,9799.0,9799.0,9799.0,8818.0,1,9799.0,1
2026-06-11,INE188B01013,IGARASHI,EQ,370.4,370.4,360.35,365.75,368.0,370.25,26530,9709465.5,1194
2026-06-11,INE530B07492,1025IIFL30,Y3,1025.01,1025.01,1025.0,1025.0,1025.0,1040.0,220,225500.2,6
2026-06-11,INE530B07658,837IIFL28,Y4,980.52,980.52,980.52,980.52,980.52,980.52,201,197084.52,4
2026-06-11,INE530B07617,870IIFL28,Y7,991.5,991.5,991.5,991.5,991.5,1007.1,62,61473.0,3
2026-06-11,INE530B07476,975IIFL28,Y0,1023.82,1023.82,1023.82,1023.82,1023.82,1023.34,71,72691.22,1
2026-06-11,INE489L01022,IIFLCAPS,EQ,341.15,343.2,340.1,342.3,342.2,343.5,307477,105071542.9,5703
2026-06-11,INE530B01024,IIFL,EQ,486.15,499.3,485.2,491.1,491.5,496.3,1473884,725398073.95,32760
2026-06-11,INE530B07641,IIFL06326,YC,980.0,981.1,980.0,981.0,981.0,1010.0,82,80420.0,4
2026-06-11,INE0LOJ01019,IKIO,EQ,151.93,154.23,147.62,150.63,149.9,154.24,64925,9752158.1,1707
2026-06-11,INE369I01014,IL&FSENGG,BZ,29.0,29.99,28.01,29.04,29.72,29.06,59027,1711391.1,28
2026-06-11,INE050B01023,IVC,EQ,8.21,8.47,8.21,8.27,8.29,8.44,135959,1128508.55,594
2026-06-11,INE975G01012,IL&FSTRANS,BZ,2.39,2.39,2.26,2.36,2.37,2.3,15627,36539.86,42
2026-06-11,INE172N01012,IMAGICAA,EQ,41.85,42.0,40.5,40.63,40.57,42.06,375752,15477676.75,1948
2026-06-11,INE452L01012,INCREDIBLE,EQ,34.95,37.0,34.0,34.33,34.5,34.31,3625,126335.56,67
2026-06-11,INE547E01014,IMPAL,EQ,1060.5,1077.3,1035.0,1046.4,1037.1,1054.1,1102,1165920.8,201
2026-06-11,INE915B01019,INDSWFTLAB,EQ,162.28,164.8,158.0,158.63,158.85,162.86,566933,90975295.39,7060
2026-06-11,INE611L01021,INDTERRAIN,EQ,31.79,31.85,31.0,31.02,31.0,31.7,9206,286469.21,187
2026-06-11,INE841B01017,INDBANK,EQ,33.05,33.5,32.52,32.97,33.1,33.39,18093,599051.42,271
2026-06-11,INE0O9T01021,BAJAJINDEF,EQ,233.2,239.9,231.6,236.35,235.3,233.75,9271,2186059.0,300
2026-06-11,INE065X01017,INDGN,EQ,516.0,523.6,504.6,506.75,505.0,518.5,151081,77271704.3,9921
2026-06-11,INE560A01023,INDIAGLYCO,EQ,960.0,963.9,940.5,944.7,948.85,961.4,44665,42534434.05,3469
2026-06-11,INE092B01025,INDNIPPON,EQ,870.15,872.45,855.55,861.0,860.2,876.0,15842,13680617.85,1460
2026-06-11,INE0D6701023,IPL,EQ,158.05,160.9,155.61,157.07,157.08,159.69,82393,12925257.43,2545
2026-06-11,INE922K01024,INDIASHLTR,EQ,744.0,744.0,723.0,728.15,726.15,737.35,30783,22549705.75,3793
2026-06-11,INE353K01014,ITDC,EQ,599.0,599.0,566.05,578.9,576.1,600.75,494469,285575151.35,27408
2026-06-11,INE126M01010,IBULLSLTD,BE,24.72,24.89,23.45,23.48,23.45,24.68,3967095,94584860.78,4055
2026-06-11,INE933S01016,INDIAMART,EQ,2010.0,2016.1,1961.0,1968.2,1970.0,2010.0,86696,172682767.3,10212
2026-06-11,INE562A01011,INDIANB,EQ,824.95,833.4,817.45,825.65,827.1,833.45,2585374,2135750100.3,47568
2026-06-11,INE061A01014,INDIANCARD,EQ,214.9,220.99,210.01,214.46,213.55,214.9,531,114685.49,42
2026-06-11,INE0RRU01016,IEML,SM,45.0,45.0,43.3,43.3,43.3,45.55,235500,10219375.0,124
2026-06-11,INE022Q01020,IEX,EQ,118.51,118.98,116.8,117.07,117.3,118.75,3001894,353354011.52,27897
2026-06-11,INE323C01030,INDIANHUME,EQ,285.6,291.15,279.8,282.0,280.5,286.05,84186,23976355.1,2540
2026-06-11,INE919H01018,IMFA,EQ,1357.0,1394.4,1333.8,1378.2,1377.0,1351.1,101003,138684510.4,9800
2026-06-11,INE242A01010,IOC,EQ,135.0,135.65,133.55,134.24,134.6,136.88,11817601,1588011067.34,118621
2026-06-11,INE565A01014,IOB,EQ,33.24,33.24,32.26,32.42,32.49,33.26,3598675,117502072.86,12954
2026-06-11,INE0DHF01018,IPHL,SM,56.4,56.4,54.55,54.55,54.55,56.5,18000,990240.0,15
2026-06-11,INE335Y01020,IRCTC,EQ,510.0,531.7,507.4,521.05,521.25,512.35,1845215,961993879.95,77602
2026-06-11,INE053F01010,IRFC,EQ,94.29,94.3,92.67,93.33,93.45,94.8,9304606,869530162.01,49481
2026-06-11,INE202E01016,IREDA,EQ,119.4,119.4,117.75,118.3,118.4,120.58,4294296,509102448.64,32712
2026-06-11,INE586E01020,IWP,EQ,34.0,34.82,33.51,33.6,33.75,34.37,1120,37751.16,39
2026-06-11,INE0PS301014,INDIFRA,SM,13.8,13.8,13.75,13.75,13.75,13.25,4000,55100.0,2
2026-06-11,INE09VQ01012,INDIGOPNTS,EQ,970.0,972.25,942.0,952.55,948.25,976.55,61707,59162806.3,9461
2026-06-11,INE219X23014,INDIGRID,IV,172.3,172.44,170.7,170.89,170.8,172.07,465758,79752919.33,11245
2026-06-11,INE06ST01018,INDIQUBE,EQ,155.03,155.87,148.95,150.19,148.95,153.07,11497,1752210.03,460
2026-06-11,INE760F01028,INDOAMIN,EQ,130.5,130.5,125.7,126.95,127.9,131.0,94946,12141674.24,2011
2026-06-11,INE803D01021,INDOBORAX,EQ,360.0,364.95,355.15,358.95,357.8,361.35,28417,10237501.7,1141
2026-06-11,INE483B01026,ICIL,EQ,323.25,326.65,317.15,324.1,320.15,325.85,242954,78274366.9,10843
2026-06-11,INE622H01018,INDOFARM,EQ,127.5,128.45,126.12,127.76,127.12,127.56,39517,5027791.74,1220
2026-06-11,INE156A01020,INDORAMA,EQ,45.68,45.99,44.12,44.27,44.2,45.68,65415,2946277.09,776
2026-06-11,INE332H01014,INDOTECH,BE,2556.0,2600.0,2489.9,2523.3,2542.0,2569.9,6804,17217601.7,558
2026-06-11,INE337M01021,INDOTHAI,EQ,229.5,243.35,227.01,235.7,236.0,229.7,1242149,290735438.52,12097
2026-06-11,INE250Z01010,INDOUS,EQ,90.1,92.98,89.0,90.57,91.0,92.76,22978,2076391.16,408
2026-06-11,INE567A01028,NIPPOBATRY,EQ,350.4,351.85,331.0,333.5,334.5,347.5,2705,919662.35,326
2026-06-11,INE873D01024,INDOCO,EQ,207.0,245.95,205.0,243.0,245.95,204.96,10972328,2570406617.39,89385
2026-06-11,INE05J901018,IGCL,EQ,58.05,58.05,55.13,55.85,56.29,58.05,88026,4965108.38,1471
2026-06-11,INE866K01023,WAAREEINDO,EQ,387.95,387.95,371.6,373.95,376.0,378.15,30971,11680091.8,1389
2026-06-11,INE896L01010,INDOSTAR,EQ,242.0,247.97,230.55,234.0,234.0,240.92,122170,29114547.61,3425
2026-06-11,INE227G01018,INDOWIND,BE,9.39,9.4,8.9,9.01,9.04,9.25,184212,1661535.94,371
2026-06-11,INE203G01027,IGL,EQ,161.85,162.0,159.21,160.8,161.2,162.17,1772209,284884435.02,34523
2026-06-11,INE681B01017,INDRAMEDCO,EQ,383.05,385.3,374.25,376.8,378.3,380.8,202487,76625826.55,6392
2026-06-11,INE0NHL23019,INDUSINVIT,IV,125.79,126.35,125.02,125.47,125.49,125.17,119678,15015556.76,7733
2026-06-11,INE121J01017,INDUSTOWER,EQ,411.5,418.75,409.9,413.0,413.95,413.15,4804711,1992444230.2,111405
2026-06-11,INE095A01012,INDUSINDBK,EQ,883.85,897.6,881.75,888.95,891.6,883.95,1768283,1575882191.9,53162
2026-06-11,INE886A01014,IITL,EQ,143.05,143.05,135.2,139.31,136.0,141.34,92126,13047593.06,859
2026-06-11,INE0MRE01011,INFINIUM,SM,209.5,209.5,200.0,200.0,200.0,210.5,4000,806250.0,8
2026-06-11,INE0MYZ01012,INFLUX,SM,229.0,245.0,227.0,240.6,241.5,228.45,67800,16136190.0,79
2026-06-11,INE663F01032,NAUKRI,EQ,960.5,970.9,949.05,963.8,964.95,971.25,878016,845416133.7,30452
2026-06-11,INE344S01016,INFOBEAN,EQ,167.99,168.74,162.32,164.45,164.0,169.15,308145,50794781.19,5311
2026-06-11,INE0NNZ01013,INFOLLION,SM,175.95,176.0,172.05,174.0,174.0,175.95,4000,696640.0,10
2026-06-11,INE669A01022,INFOMEDIA,EQ,5.78,5.79,5.58,5.63,5.63,5.61,3161,18140.23,43
2026-06-11,INE009A01021,INFY,EQ,1129.7,1133.7,1109.0,1114.6,1119.5,1145.3,9372176,10466292643.1,245811
2026-06-11,INE177A01018,INGERRAND,EQ,3921.0,4025.6,3881.3,4001.0,4000.0,3921.6,63952,254473245.2,4366
2026-06-11,INE0S1D01010,INNOMET,ST,96.55,101.35,96.55,100.5,100.5,96.55,13200,1326570.0,17
2026-06-11,INE0DUT01020,INNOVACAP,EQ,913.0,973.3,913.0,950.75,947.8,910.1,396483,378746915.85,29809
2026-06-11,INE403Y01018,INNOVANA,EQ,324.0,333.0,315.5,319.15,315.5,335.4,7324,2367790.75,413
2026-06-11,INE070Y01023,ITTL,ST,76.95,76.95,75.5,75.5,75.5,76.95,315,23934.75,3
2026-06-11,INE0ADB01012,INNOVISION,EQ,283.05,290.35,281.05,286.9,290.0,287.35,41454,11842430.2,1662
2026-06-11,INE510W01014,INOXGREEN,EQ,178.0,181.9,175.7,179.75,178.0,178.31,907110,162419286.61,10912
2026-06-11,INE616N01034,INOXINDIA,EQ,1843.6,1895.0,1791.0,1848.8,1855.0,1891.6,914863,1672407293.3,50649
2026-06-11,INE066P01011,INOXWIND,EQ,82.1,83.12,80.75,81.1,81.35,82.73,10900617,888793827.17,56174
2026-06-11,INE070I01018,INSECTICID,EQ,707.45,715.0,701.0,706.85,715.0,707.45,7200,5098898.7,705
2026-06-11,INE0LGX01024,INA,EQ,116.57,117.99,113.24,114.07,114.68,115.42,348862,40158884.86,3684
2026-06-11,INE020G01017,INSPIRISYS,BE,115.0,119.79,109.35,110.23,109.8,115.1,14003,1537742.73,104
2026-06-11,INE418N01035,ESSENTIA,BE,1.63,1.63,1.55,1.55,1.57,1.63,1150883,1802323.71,653
2026-06-11,INE306R01017,INTELLECT,EQ,741.0,749.7,726.15,729.7,730.0,746.45,289067,212474684.9,17257
2026-06-11,INE781A01025,INTENTECH,EQ,106.76,106.76,97.2,98.27,98.45,102.63,41849,4201251.74,921
2026-06-11,INE00M901018,INTERARCH,EQ,1694.2,1740.0,1680.2,1721.8,1728.0,1683.7,52043,89461821.2,5119
2026-06-11,INE646L01027,INDIGO,EQ,4481.0,4550.0,4470.0,4502.4,4496.5,4524.9,600900,2711737297.3,52039
2026-06-11,INE575C01027,INTLCONV,EQ,78.6,78.6,77.11,78.0,77.11,78.7,22092,1719611.18,975
2026-06-11,INE0Q9301021,IGIL,EQ,356.0,360.65,350.75,353.95,353.0,360.2,246824,87709663.95,10888
2026-06-11,INE566K01011,ISFT,EQ,85.7,86.0,81.06,83.55,85.98,85.73,13642,1147678.7,318
2026-06-11,INE878H01024,INVENTURE,EQ,0.93,0.95,0.92,0.93,0.93,0.93,938597,874848.02,318
2026-06-11,INE115Q01022,IKS,EQ,1678.1,1678.1,1642.4,1649.0,1654.5,1678.5,45388,75108860.2,5941
2026-06-11,INF205KA1BP1,IVZINGOLD,EQ,123.0,126.05,123.0,125.7,125.8,126.75,273902,34413886.35,319
2026-06-11,INF205K01DA9,IVZINNIFTY,EQ,2641.33,2652.0,2641.33,2648.65,2648.65,2649.24,779,2058526.04,11
2026-06-11,INE155E01016,INVPRECQ,EQ,604.8,623.95,602.05,617.2,623.9,602.4,629,386138.95,75
2026-06-11,INE0XJ501010,INVICTA,ST,60.4,62.1,59.9,61.0,62.0,62.0,20800,1258320.0,13
2026-06-11,INE485C01029,IOLCP,EQ,129.02,134.9,126.0,127.84,128.09,129.54,2336730,305001556.79,17770
2026-06-11,INE570A01022,IONEXCHANG,EQ,334.6,340.4,327.3,329.6,331.0,336.65,254901,84973178.25,9662
2026-06-11,INE571A01038,IPCALAB,EQ,1630.2,1642.0,1606.2,1613.6,1622.0,1630.2,86082,139723676.6,10861
2026-06-11,INE821I01022,IRB,EQ,20.35,20.46,20.12,20.21,20.22,20.52,7980938,161783032.77,19323
2026-06-11,INE183W23014,IRBINVIT,IV,60.45,60.64,60.1,60.31,60.3,60.45,452439,27330299.91,5300
2026-06-11,INE962Y01021,IRCON,EQ,131.7,131.7,130.0,130.26,130.1,133.01,1181132,154447657.88,17810
2026-06-11,INE202E07153,880IREDA34,N6,1248.0,1249.96,1248.0,1249.96,1249.96,1249.97,41,51217.0,5
2026-06-11,INE01GN01025,IRISDOREME,EQ,35.71,37.0,34.91,35.89,36.5,35.71,265773,9419040.97,1382
2026-06-11,INE864K01010,IRIS,EQ,233.1,234.0,221.85,223.65,224.5,232.85,22226,5034637.6,529
2026-06-11,INE07U701015,IRMENERGY,EQ,252.55,254.0,242.0,244.8,243.0,252.55,184775,45859522.2,3545
2026-06-11,INE413U07434,965ISF28,N0,99980.0,99980.0,99980.0,99980.0,99980.0,100969.2,5,499900.0,2
2026-06-11,INE858B01029,ISGEC,EQ,871.0,895.0,865.55,878.05,871.05,882.6,43432,37962820.35,6502
2026-06-11,INE561M01018,ISHANCH,EQ,59.48,59.88,57.5,59.4,59.4,59.0,6382,372885.72,154
2026-06-11,INE379A01028,ITCHOTELS,EQ,149.51,150.95,148.45,149.29,149.45,150.48,1772047,264968017.23,35265
2026-06-11,INE154A01025,ITC,EQ,283.0,283.25,281.2,282.4,282.65,283.65,12603100,3557822045.95,268703
2026-06-11,INE248A01017,ITI,EQ,293.0,293.5,287.25,288.8,289.6,293.75,234982,68140160.05,8639
2026-06-11,INE056801025,IVALUE,EQ,231.0,234.9,226.98,230.23,230.0,232.69,252129,57979258.25,4847
2026-06-11,INE043C01018,IVP,EQ,166.57,167.02,161.1,161.95,161.15,166.34,5734,940656.91,264
2026-06-11,INE1AII01014,IWARE,ST,344.0,344.0,343.95,344.0,344.0,345.0,1800,619170.0,3
2026-06-11,INE848A01014,IZMO,EQ,937.85,989.0,896.15,936.45,932.0,943.3,206149,195746059.35,8150
2026-06-11,INE168A01041,J&KBANK,EQ,153.1,155.95,151.4,153.07,153.5,154.31,2502629,384029041.91,25885
2026-06-11,INE572A01036,JBCHEPHARM,EQ,2191.1,2273.9,2181.1,2252.7,2260.0,2201.5,395798,891371636.9,21384
2026-06-11,INE0MB501011,JGCHEM,EQ,429.95,433.0,420.05,424.15,429.85,430.1,41322,17573949.1,2468
2026-06-11,INE199G01027,JAGRAN,EQ,62.4,62.49,61.35,61.53,61.5,62.62,416574,25774964.23,5309
2026-06-11,INE048B01035,JAGSNPHARM,EQ,205.0,211.4,205.0,209.63,209.1,204.53,103566,21546962.0,2668
2026-06-11,INE091G01026,JAIBALAJI,BE,66.89,67.6,64.0,64.2,64.32,66.05,176055,11427223.99,1159
2026-06-11,INE070D01027,JAICORPLTD,EQ,110.7,111.9,107.5,108.21,108.35,111.19,279024,30329725.65,3836
2026-06-11,IN9175A01010,JISLDVREQS,EQ,22.95,23.69,22.7,22.78,22.9,22.95,5367,123994.76,71
2026-06-11,INE175A01038,JISLJALEQS,EQ,29.9,30.18,29.45,29.62,29.65,30.08,1137359,33802838.87,3766
2026-06-11,INE0YD401026,JAINREC,EQ,337.5,337.7,302.0,305.25,305.8,337.95,7416235,2333799034.55,131244
2026-06-11,INE02KC01010,JAINAM,SM,275.0,276.0,264.95,264.95,264.95,262.95,17000,4665975.0,5
2026-06-11,INE0XIL01012,JAINIK,SM,140.0,140.0,130.0,132.0,132.0,133.9,9600,1262520.0,7
2026-06-11,INE351F01018,JPPOWER,EQ,17.81,18.1,17.58,17.74,17.83,18.0,73086745,1301584921.55,52185
2026-06-11,INE039C01032,JAMNAAUTO,EQ,117.65,118.6,113.94,114.64,115.28,119.25,1357866,157969901.12,11860
2026-06-11,INE953L01027,JSFB,EQ,462.65,469.85,456.4,462.8,460.0,466.8,208029,96200983.35,6012
2026-06-11,INE00YJ01010,JARO,EQ,543.85,560.0,538.5,545.1,544.3,541.15,136173,74697312.55,3837
2026-06-11,INE039O01029,JASH,EQ,447.25,453.1,438.0,444.5,445.5,447.25,109614,48875869.2,4425
2026-06-11,INE0SMY01017,JAYBEE,ST,82.05,85.0,82.05,82.8,82.8,84.05,5500,462050.0,10
2026-06-11,INE571B01036,JAYBARMARU,EQ,133.17,138.0,130.1,131.51,131.2,133.17,1029571,137719076.9,14588
2026-06-11,INE0J6801010,KORE,SM,128.55,132.0,128.55,132.0,132.0,142.8,500,65137.5,2
2026-06-11,INE785A01026,JAYAGROGN,EQ,222.7,225.97,213.95,216.31,213.95,222.06,5752,1260671.34,249
2026-06-11,INE854B01010,JAYNECOIND,EQ,88.89,88.89,85.85,87.31,88.25,88.89,3863713,336991302.6,22559
2026-06-11,INE1AE401014,JAYESH,SM,163.0,163.0,163.0,163.0,163.0,165.0,20000,3260000.0,1
2026-06-11,INE903A01025,JAYKAY,EQ,173.41,174.6,169.0,169.85,170.6,173.79,127531,21830355.62,2358
2026-06-11,INE364A01020,JAYSREETEA,EQ,82.75,83.59,81.9,81.99,81.9,82.72,12565,1033224.91,469
2026-06-11,INE927D01051,JBMA,EQ,658.0,663.9,642.25,644.85,644.95,666.9,481117,313867499.85,16507
2026-06-11,INE0J5801029,JSLL,EQ,583.0,598.0,567.55,593.7,596.0,581.85,1057756,616992924.3,29482
2026-06-11,INE982V01025,JETFREIGHT,EQ,21.64,22.44,21.64,21.79,21.66,21.86,58203,1273482.51,256
2026-06-11,INE0RXB01022,JEYYAM,SM,29.7,29.7,28.0,28.0,28.0,29.65,12000,341300.0,6
2026-06-11,INE0LA901015,JFLLIFE,SM,9.5,9.5,9.45,9.45,9.45,9.9,18000,170700.0,3
2026-06-11,INE544H01014,JHS,EQ,8.1,8.17,7.87,7.97,8.15,7.92,24013,192631.63,217
2026-06-11,INE03DD01011,RETAIL,EQ,17.43,19.35,16.6,18.01,18.15,17.43,44764,838815.47,739
2026-06-11,INE147P01019,JPOLYINVST,EQ,1102.8,1102.8,1048.1,1056.7,1059.5,1105.2,6713,7208040.3,836
2026-06-11,INE742C01031,JINDRILL,EQ,605.3,618.4,600.75,609.25,609.0,604.45,495092,302368471.2,13087
2026-06-11,INE796G01012,JINDALPHOT,EQ,1116.7,1116.7,1081.0,1095.9,1103.9,1117.1,3641,3998799.4,459
2026-06-11,INE197D01010,JINDALPOLY,EQ,694.5,735.4,689.95,731.75,734.0,700.4,132243,96477250.65,4438
2026-06-11,INE324A01032,JINDALSAW,EQ,226.28,229.7,221.7,223.49,225.78,225.16,1246811,281799229.04,20304
2026-06-11,INE220G01021,JSL,EQ,661.5,683.85,652.25,679.35,677.3,661.9,658450,445272694.6,45330
2026-06-11,INE749A01030,JINDALSTEL,EQ,1119.0,1137.3,1109.5,1121.3,1125.0,1121.1,914820,1030372078.0,25865
2026-06-11,INE247D01039,JINDWORLD,EQ,28.12,28.12,27.11,27.6,27.92,28.12,414932,11419359.49,2431
2026-06-11,INE1FF001016,JKIPL,BE,96.0,99.03,95.0,97.73,98.1,97.99,45716,4475209.05,140
2026-06-11,INE758E01017,JIOFIN,EQ,229.65,229.88,227.0,228.02,228.2,230.17,11664899,2663131937.56,77685
2026-06-11,INE863T01013,JITFINFRA,EQ,291.3,296.05,291.2,293.6,294.0,293.9,7320,2153005.1,231
2026-06-11,INE823G01014,JKCEMENT,EQ,4800.0,4811.5,4680.0,4701.0,4703.5,4815.0,55168,261960323.0,10919
2026-06-11,INE786A01032,JKLAKSHMI,EQ,588.85,589.5,580.2,583.6,584.0,589.3,106627,62417280.4,8344
2026-06-11,INE789E01012,JKPAPER,EQ,348.0,350.85,343.35,346.2,346.0,348.2,163270,56564571.3,5365
2026-06-11,INE573A01042,JKTYRE,EQ,360.8,361.55,351.0,352.45,352.0,363.7,1094282,388162482.35,27337
2026-06-11,INE576I01022,JKIL,EQ,468.0,468.0,457.05,461.0,460.0,468.95,53969,24893373.2,3154
2026-06-11,INE780C01023,JMFINANCIL,EQ,117.5,118.26,115.0,115.69,116.15,117.95,2201819,255318330.01,25944
2026-06-11,INE0OAF01028,JNKINDIA,EQ,482.5,491.3,463.1,470.0,470.4,498.0,2536583,1214719646.3,46430
2026-06-11,INE839G01010,JOCIL,BE,150.85,154.86,147.2,154.0,154.0,148.24,3937,603388.42,62
2026-06-11,INE515A01019,COCKERILL,EQ,10290.0,10599.5,9306.5,9605.0,9750.0,10290.5,59060,587515889.0,16208
2026-06-11,INE718I01012,JSWCEMENT,EQ,126.49,126.49,122.8,124.64,124.2,126.82,1807702,225112024.78,23875
2026-06-11,INE133A01011,JSWDULUX,EQ,3165.0,3287.0,3150.0,3187.8,3171.0,3175.6,35237,113036719.2,8224
2026-06-11,INE121E01018,JSWENERGY,EQ,561.5,568.65,548.3,552.25,554.4,560.65,2994970,1665815852.45,45377
2026-06-11,INE824G01012,JSWHL,EQ,12177.0,12181.0,11990.0,12062.0,12000.0,12177.0,1712,20661664.0,765
2026-06-11,INE880J01026,JSWINFRA,EQ,277.0,278.8,272.2,275.45,276.25,278.6,3747226,1030921897.15,32533
2026-06-11,INE019A01038,JSWSTEEL,EQ,1266.0,1293.4,1261.0,1282.3,1280.0,1269.8,1915489,2454040341.1,86344
2026-06-11,INE643A01035,JTEKTINDIA,EQ,124.81,124.81,119.76,120.77,121.15,123.87,150873,18273552.28,2147
2026-06-11,INE391J01032,JTLIND,EQ,70.1,72.28,68.01,71.32,71.5,70.94,3201678,225964690.61,22808
2026-06-11,INE03CC01015,JUBLCPL,EQ,1831.9,1855.0,1795.0,1825.6,1819.0,1823.3,3280,6009913.6,488
2026-06-11,INE797F01020,JUBLFOOD,EQ,422.9,422.9,412.2,413.6,415.0,425.05,1395716,580228072.8,31035
2026-06-11,INE0BY001018,JUBLINGREA,EQ,625.6,628.95,615.0,617.35,617.5,619.6,248929,154589354.5,22694
2026-06-11,INE700A01033,JUBLPHARMA,EQ,950.45,965.85,940.6,945.85,949.0,964.45,53553,51066278.05,5452
2026-06-11,INE412C01023,JMA,EQ,94.0,98.0,93.25,94.45,93.82,93.91,108960,10433101.24,808
2026-06-11,INE696F01016,JUNIPER,EQ,199.88,199.88,192.0,192.93,192.23,198.38,85041,16493873.35,2736
2026-06-11,INE682M01012,JLHL,EQ,1290.0,1319.2,1290.0,1314.0,1318.0,1313.3,10148,13283781.1,2474
2026-06-11,INE209L01016,JWL,EQ,269.0,270.45,263.45,264.4,264.65,270.85,596304,159188095.1,14380
2026-06-11,INE599M01018,JUSTDIAL,EQ,534.95,534.95,525.05,529.9,531.5,535.15,42890,22716917.55,2242
2026-06-11,INE668F01031,JYOTHYLAB,EQ,198.5,202.95,196.31,199.99,199.51,198.7,588038,117596987.9,11201
2026-06-11,INE980O01024,JYOTICNC,EQ,635.0,647.0,624.4,632.9,631.9,639.85,696790,444932583.9,23887
2026-06-11,INE1M3T01017,JYOTIGLOBL,ST,39.95,39.95,38.0,39.0,39.0,40.0,20000,770000.0,9
2026-06-11,INE197A01024,JYOTISTRUC,EQ,12.2,12.2,11.57,11.63,11.69,12.24,13346911,157597450.1,10603
2026-06-11,INE157H01023,KMSUGAR,EQ,27.03,27.85,26.2,26.38,26.58,26.85,112256,3022963.65,824
2026-06-11,INE127T01021,KPEL,EQ,335.0,337.3,325.8,327.9,328.0,340.9,214333,70814451.35,5809
2026-06-11,INE0DEZ01013,K2INFRA,SM,47.05,49.4,47.05,48.95,48.95,47.95,9600,464100.0,15
2026-06-11,INE900B01029,KABRAEXTRU,EQ,230.3,236.14,225.23,227.91,227.42,234.36,27705,6364651.07,844
2026-06-11,INE0XOW01017,KKJEWELS,SM,115.95,116.05,109.5,110.15,110.0,116.05,14000,1569100.0,14
2026-06-11,INE217B01036,KAJARIACER,EQ,1065.0,1100.0,1060.1,1077.0,1075.0,1067.4,170290,184810969.6,13126
2026-06-11,INE437B01014,KAKATCEM,BE,123.9,123.9,118.05,121.7,121.7,124.04,966,114507.58,23
2026-06-11,INE227J01012,KALPATARU,EQ,304.0,321.0,304.0,310.3,310.2,311.6,20697,6393126.7,767
2026-06-11,INE220B01022,KPIL,EQ,1265.7,1282.7,1241.0,1252.6,1241.0,1273.3,135962,172114296.9,14808
2026-06-11,INE303R01014,KALYANKJIL,EQ,338.0,338.05,327.05,330.8,331.25,338.7,6518000,2169764008.95,83239
2026-06-11,INE314G01014,KALYANIFRG,EQ,599.3,603.85,584.05,600.05,600.0,596.55,691,411987.1,71
2026-06-11,INE029L01018,KICL,EQ,4951.5,5009.5,4949.5,4979.5,4967.5,4983.0,1202,5979580.5,164
2026-06-11,INE907A01026,KSL,EQ,777.0,797.3,770.1,780.2,778.0,784.4,17288,13576276.5,1401
2026-06-11,INE411F01010,KAMAHOLD,EQ,2599.9,2600.0,2541.1,2553.0,2576.2,2592.8,904,2320695.5,212
2026-06-11,INE967C01018,KAMATHOTEL,EQ,162.76,164.48,156.35,158.15,157.6,163.89,62869,10067248.78,2110
2026-06-11,INE390H01020,KAMDHENU,EQ,27.0,28.4,26.37,28.2,28.25,27.22,5622547,155474245.41,7891
2026-06-11,INE0BTI01037,KAMOPAINTS,EQ,5.18,5.18,4.98,5.12,5.16,5.09,167866,853143.68,632
2026-06-11,INE879E01037,KANANIIND,EQ,1.53,1.6,1.52,1.55,1.55,1.55,143795,223267.31,203
2026-06-11,INE081G01019,KANCHI,BE,352.2,356.75,334.7,339.9,339.0,352.2,1400,474248.9,54
2026-06-11,INE0MOT01016,KANDARP,SM,100.0,104.95,98.0,99.4,98.0,99.7,20000,2030950.0,19
2026-06-11,INE138C01024,KANORICHEM,BE,88.51,93.5,88.51,92.34,93.0,90.0,15762,1446661.21,71
2026-06-11,INE694E01014,KANPRPLA,EQ,194.06,194.98,189.0,189.14,189.94,192.7,7482,1425209.41,339
2026-06-11,INE531A01024,KANSAINER,EQ,214.3,216.9,211.12,216.04,215.6,214.4,261708,56170472.4,8397
2026-06-11,INE542Z01028,KAPSTON,EQ,337.0,339.3,333.3,334.45,334.1,335.75,7355,2473090.5,365
2026-06-11,INE725L01011,KARMAENG,EQ,41.5,41.99,40.61,40.77,40.66,41.45,543,22344.32,34
2026-06-11,INE614B01018,KTKBANK,EQ,262.0,273.0,261.0,265.05,265.35,265.15,2312655,617011537.3,24696
2026-06-11,INE036D01028,KARURVYSYA,EQ,274.05,278.75,268.95,275.85,276.55,272.7,4022236,1104717546.85,56264
2026-06-11,INE0SVY01018,KATARIA,SM,94.05,96.0,94.0,95.9,95.9,96.25,6600,627510.0,9
2026-06-11,INE234I01028,KAUSHALYA,EQ,838.4,849.35,832.05,835.75,835.0,838.1,67,56037.0,21
2026-06-11,INE0Q2V01012,KLL,SM,35.0,35.0,35.0,35.0,35.0,35.0,800,28000.0,1
2026-06-11,INE455I01029,KSCL,EQ,879.0,883.1,860.05,870.1,880.0,876.1,48184,41854287.25,3399
2026-06-11,INE641C01019,KAVDEFENCE,EQ,59.44,60.45,58.43,59.09,59.3,59.15,55375,3288643.42,886
2026-06-11,INE0RCG01017,KCEIL,ST,86.3,89.75,86.2,88.55,88.85,89.8,22000,1943500.0,24
2026-06-11,INE587G01015,KAYA,EQ,238.8,243.94,234.0,235.63,243.4,236.81,6174,1463948.36,247
2026-06-11,INE918Z01012,KAYNES,EQ,3051.0,3109.6,3018.1,3026.9,3033.9,3073.0,533637,1627237540.3,38807
2026-06-11,INE13ZD01013,KAYTEX,SM,58.7,60.0,58.7,60.0,60.0,62.0,3200,190960.0,3
2026-06-11,INE0J1E01027,KCK,SM,13.75,14.15,13.65,13.65,13.65,13.6,72500,996750.0,10
2026-06-11,INE805C01028,KCP,EQ,160.69,162.6,158.62,160.67,162.6,161.49,63259,10175237.62,1145
2026-06-11,INE790B01024,KCPSUGIND,EQ,23.39,23.39,22.11,22.53,22.94,22.88,149096,3383389.41,798
2026-06-11,INE291D01011,KDDL,EQ,2880.0,2880.0,2803.0,2811.9,2803.0,2868.8,13096,37144020.5,2995
2026-06-11,INE389H01022,KEC,EQ,488.0,491.5,481.2,488.2,486.1,494.75,389275,189467967.45,16982
2026-06-11,INE878B01027,KEI,EQ,5159.0,5235.0,5118.0,5181.5,5173.0,5166.5,275475,1427622484.0,35442
2026-06-11,INE164B01030,KELLTONTEC,EQ,15.3,15.3,14.9,15.01,15.12,15.23,1780350,26796905.45,3792
2026-06-11,INE15DO01012,KEN,SM,34.0,34.0,31.5,32.7,32.7,33.45,27600,895380.0,15
2026-06-11,INE717A01029,KENNAMET,EQ,2730.3,2811.7,2730.3,2754.6,2790.0,2744.0,7163,19762122.3,1085
2026-06-11,INE202H01019,KERNEX,EQ,1913.7,1987.0,1876.2,1893.7,1900.0,1924.9,337363,651210862.2,23593
2026-06-11,INE087A01019,KESORAMIND,BE,10.8,10.96,10.4,10.46,10.45,10.87,889088,9402256.36,1202
2026-06-11,INE401H01017,KKCL,EQ,434.85,435.0,425.9,430.1,430.0,434.85,33679,14484834.75,1000
2026-06-11,INE681C01015,KEYFINSERV,EQ,252.55,252.55,243.3,248.15,249.7,251.3,1703,423039.3,59
2026-06-11,INE263M01029,RUSTOMJEE,EQ,382.35,388.0,375.3,380.25,378.0,381.05,14519,5503385.35,1079
2026-06-11,INE138Y01010,KFINTECH,EQ,814.2,814.95,800.05,805.6,805.9,819.2,788455,636743731.5,27350
2026-06-11,INE834I01025,KHADIM,EQ,98.89,98.9,95.2,95.53,95.3,97.92,41654,4045127.86,999
2026-06-11,INE731C01018,KHAITANLTD,BE,131.5,134.0,131.06,132.52,132.52,132.21,245,32411.89,10
2026-06-11,INE745B01028,KHAICHEM,BE,53.71,55.27,53.58,54.59,55.27,54.82,57163,3109559.98,204
2026-06-11,INE060B01014,KHANDSE,EQ,18.75,18.75,17.86,18.01,18.0,18.35,2007,36302.09,51
2026-06-11,INE00UG01014,KHFM,SM,58.0,62.8,56.2,58.95,61.7,62.9,9300,554435.0,6
2026-06-11,INE338F01015,KLBRENG-B,EQ,460.95,471.95,455.5,468.7,470.0,463.55,40620,18857407.55,1889
2026-06-11,INE729D01010,KILITCH,EQ,180.67,189.5,179.27,181.79,180.4,183.42,126978,23427824.85,2736
2026-06-11,INE473D01015,KINGFA,EQ,5000.0,5104.0,4931.0,5071.0,5080.0,5060.0,4075,20418244.5,1697
2026-06-11,INE880L01014,KIOCL,EQ,396.9,397.0,385.0,386.4,386.2,398.2,144889,56625001.5,6860
2026-06-11,INE555P01013,KIRANVYPAR,EQ,191.83,195.0,186.06,192.16,190.0,191.83,2384,452136.7,317
2026-06-11,INE415I01015,KIRIINDUS,EQ,396.05,398.15,389.0,392.2,389.9,396.7,115794,45553715.0,3368
2026-06-11,INE732A01036,KIRLOSBROS,EQ,1725.0,1745.0,1654.0,1664.1,1666.6,1724.8,57850,97840704.2,9984
2026-06-11,INE134B01017,KECL,BE,101.0,101.0,99.5,99.5,99.5,101.53,24675,2466997.48,185
2026-06-11,INE884B01025,KIRLFER,EQ,412.65,434.75,408.0,413.85,410.0,416.8,55136,22907559.4,2627
2026-06-11,INE250A01039,KIRLOSIND,EQ,3081.0,3093.9,3026.0,3056.4,3051.6,3108.1,2234,6843292.9,647
2026-06-11,INE146L01010,KIRLOSENG,EQ,1810.0,1847.0,1791.1,1797.9,1798.0,1817.8,267599,483890805.2,33300
2026-06-11,INE811A01020,KIRLPNU,EQ,1611.0,1616.0,1561.7,1574.9,1581.0,1625.7,117271,186771456.2,15314
2026-06-11,INE602G01020,KITEX,EQ,143.0,144.38,141.17,142.5,143.1,142.79,1035561,147746559.93,6750
2026-06-11,INE0KNW01016,KNAGRI,EQ,192.0,192.7,189.5,191.78,192.5,190.61,3771,717571.16,82
2026-06-11,INE0CJD01029,KMEW,EQ,1858.0,1911.0,1800.6,1867.7,1898.0,1863.2,69845,128880303.5,7088
2026-06-11,INE1JAR25012,KRT,RR,117.65,118.0,116.97,117.48,117.5,117.37,358469,42171098.7,14429
2026-06-11,INE634I01029,KNRCON,EQ,121.03,121.38,117.01,117.85,118.0,122.3,1340758,159163297.75,22468
2026-06-11,INE0Q7P01013,KODYTECH,SM,861.0,910.0,835.0,904.2,901.0,887.85,17400,15312365.0,123
2026-06-11,INE080B01012,KOHINOOR,EQ,23.4,24.27,23.06,23.55,23.34,23.52,84793,2013425.76,2696
2026-06-11,INE760A01029,KOKUYOCMLN,EQ,84.0,84.0,82.22,82.51,83.2,83.87,15070,1251227.1,505
2026-06-11,INE094I01018,KOLTEPATIL,EQ,352.7,358.75,343.0,345.1,345.4,355.9,44248,15442127.85,1509
2026-06-11,INE0KZ301010,KONTOR,SM,59.95,59.95,59.95,59.95,59.95,59.05,1200,71940.0,2
2026-06-11,INE082A01010,KOPRAN,BE,180.0,183.19,175.0,177.8,179.49,181.79,68953,12310698.53,778
2026-06-11,INE0O4R01018,KDL,SM,119.9,119.9,119.9,119.9,119.9,114.2,8550,1025145.0,22
2026-06-11,INF174KA1HJ8,GOLD1,EQ,120.0,120.89,114.65,120.3,120.4,121.99,3417008,410409626.39,10158
2026-06-11,INE237A01036,KOTAKBANK,EQ,386.0,399.9,384.55,393.35,392.6,388.1,16135289,6367262715.9,167780
2026-06-11,INF174K014P6,NIFTY1,EQ,256.83,257.3,254.51,256.19,256.68,256.83,43458,11139005.91,1180
2026-06-11,INF373I01023,PSUBANK,EQ,832.03,838.02,819.0,829.35,819.3,840.06,18839,15662520.84,677
2026-06-11,INF174KA1XV0,CHEMICAL,EQ,29.26,29.26,28.7,28.76,28.98,29.12,201244,5812610.63,1052
2026-06-11,INF174KA1IA5,ALPHA,EQ,49.1,50.17,48.58,48.7,48.89,49.07,1322935,64616775.85,2527
2026-06-11,INF174KA1ZF8,CONS,EQ,11.69,11.69,11.28,11.35,11.49,11.41,16479,187249.69,114
2026-06-11,INF174KA1GC5,IT,EQ,31.09,31.1,30.51,30.86,30.93,31.29,521409,16046484.77,1665
2026-06-11,INF174KA1LV5,LIQUID1,EQ,1106.56,1108.36,1106.56,1108.35,1108.34,1108.19,1029134,1140639876.52,627
2026-06-11,INF174KA1IY5,LOWVOL1,EQ,19.66,20.97,19.66,20.12,20.13,20.17,28654,577323.65,130
2026-06-11,INF174KA1ZC5,MIDCAP,EQ,17.41,17.42,17.2,17.22,17.27,17.41,454252,7851423.67,896
2026-06-11,INF174KA1JF2,MNC,EQ,31.9,32.58,31.8,31.91,32.08,32.16,68401,2190419.24,365
2026-06-11,INF174KA1ZD3,SILVER1,EQ,22.9,22.9,22.25,22.43,22.48,22.35,9536078,213612614.23,6557
2026-06-11,INF174KA1ZE1,NV20,EQ,13.97,14.09,13.9,13.95,14.08,13.97,54094,756429.4,155
2026-06-11,INF174KA1VW2,MID150,EQ,22.47,22.55,22.03,22.09,22.44,22.27,31905,706454.05,201
2026-06-11,INF174KA1XS6,MOMENTUM30,EQ,29.71,29.71,29.5,29.58,29.71,29.81,15557,460480.75,111
2026-06-11,INF174KA1VD2,MSCIINDIA,EQ,28.74,28.74,28.4,28.45,28.46,28.49,3390,96583.22,69
2026-06-11,INF174KA1YO3,NEXT50ETF,EQ,70.19,71.01,68.57,68.92,71.01,69.62,199359,13836629.98,209
2026-06-11,INF174KA1UW4,NIFTY100EW,EQ,34.09,34.09,33.02,33.13,33.02,33.42,51959,1732197.02,235
2026-06-11,INF174KA1WT6,QUALITY30,EQ,19.94,19.95,19.79,19.79,19.84,20.06,28535,567175.32,76
2026-06-11,INF174KA1ZB7,BANKNIFTY1,EQ,57.13,57.47,56.68,57.13,57.01,57.17,708434,40480718.02,566
2026-06-11,INE972A01020,KOTIC,EQ,157.95,161.93,152.0,159.12,161.93,157.56,3093,485380.69,145
2026-06-11,INE720A01015,KOTHARIPET,EQ,115.44,119.3,114.31,116.06,116.6,116.61,25346,2971576.3,596
2026-06-11,INE823A01017,KOTHARIPRO,EQ,70.2,71.99,67.91,68.5,69.99,70.15,4703,326691.91,118
2026-06-11,INE419A01022,KOTARISUG,EQ,24.75,25.35,24.0,25.07,25.14,24.72,64417,1603156.1,462
2026-06-11,INE0J0B01017,KOTYARK,EQ,408.2,408.35,392.6,402.6,398.95,407.0,43502,17416499.3,833
2026-06-11,INE177F01017,KOVAI,EQ,5856.5,5913.5,5765.5,5794.5,5800.0,5856.5,5630,32712865.0,1489
2026-06-11,INE542W01025,KPIGREEN,EQ,385.0,386.7,378.9,381.7,382.95,388.45,522077,199443221.7,18329
2026-06-11,INE04I401011,KPITTECH,EQ,726.0,742.45,718.2,736.9,739.2,732.95,764143,558955605.1,25366
2026-06-11,INE930H01031,KPRMILL,EQ,1040.0,1069.5,1036.55,1054.7,1046.1,1045.55,211716,223770288.25,25276
2026-06-11,INE001B01026,KRBL,EQ,340.8,347.5,336.4,345.4,343.1,341.85,436690,149738846.6,13383
2026-06-11,INE268B01013,KREBSBIO,EQ,65.5,65.88,62.11,63.48,63.4,66.01,1529,97901.72,69
2026-06-11,INE524L01026,KRIDHANINF,BE,2.98,3.04,2.81,2.85,2.85,2.95,68386,194227.23,54
2026-06-11,INE506W01012,KRISHANA,EQ,661.0,680.0,658.0,666.65,664.8,665.5,124735,83399076.95,4608
2026-06-11,INE0NR701018,KRISHCA,SM,176.55,178.95,173.15,174.4,174.0,179.45,22500,3950525.0,40
2026-06-11,INE0GGO01015,KRISHIVAL,EQ,408.0,408.5,403.75,405.0,403.75,406.95,4593,1866684.7,181
2026-06-11,IN90GGO01013,KRISHPP,E1,128.95,128.95,125.0,125.0,125.0,128.95,1108,138527.65,3
2026-06-11,INE0J5601015,KRISHNADEF,EQ,1220.0,1274.0,1157.9,1164.7,1170.0,1217.3,196569,237107095.8,16975
2026-06-11,INE967H01025,KIMS,EQ,770.0,782.5,760.6,765.4,769.0,763.15,470896,363314711.5,23532
2026-06-11,INE479D01038,KRITI,BE,74.0,74.0,70.0,70.0,72.88,72.59,6877,491010.42,64
2026-06-11,INE798K01010,KRITINUT,BE,84.18,84.42,80.1,81.5,81.5,83.77,11804,960174.76,126
2026-06-11,INE00Z501029,KRITIKA,EQ,5.96,6.12,5.91,5.95,6.0,6.0,104924,629055.87,320
2026-06-11,INE1MTV01019,KRMAYURVED,ST,221.0,238.95,221.0,236.3,231.15,228.0,27000,6256800.0,21
2026-06-11,INE0Q3J01015,KRN,BE,1220.0,1250.5,1193.0,1201.2,1207.9,1255.7,167257,203468917.5,6516
2026-06-11,INE0ATZ01017,KRONOX,EQ,131.0,133.8,130.2,131.65,130.5,132.91,62452,8237888.91,802
2026-06-11,INE0O6601022,KROSS,EQ,180.0,180.54,175.43,176.55,177.5,180.04,189586,33665726.76,3621
2026-06-11,INE08LI01020,KRSNAA,EQ,534.8,543.45,531.0,533.1,531.0,534.8,42620,22881579.0,2432
2026-06-11,INE0QN801017,KRYSTAL,EQ,583.9,600.95,575.0,575.4,576.0,575.1,81308,47269597.45,2135
2026-06-11,INE999A01023,KSB,EQ,816.0,818.45,800.2,807.3,807.15,819.9,101299,81988863.45,9737
2026-06-11,INE987S01020,KSHINTL,EQ,829.9,834.3,800.0,818.35,817.0,826.05,297452,243296829.75,20207
2026-06-11,INE013801027,KSHITIJPOL,BE,7.2,7.2,7.19,7.19,7.2,6.86,15005843,108028839.88,12306
2026-06-11,INE0D6I01023,KSOLVES,EQ,282.6,282.7,277.0,278.6,277.1,283.35,26615,7418009.65,1372
2026-06-11,INE1SPP01016,KSR,BE,31.15,31.8,31.0,31.07,31.49,32.43,27490,854828.92,94
2026-06-11,INE529I01021,KUANTUM,EQ,74.0,75.5,72.52,73.23,73.5,73.68,43085,3177174.56,705
2026-06-11,INE552U01010,KPL,EQ,2544.0,2548.9,2325.0,2362.4,2365.0,2506.6,46724,114600979.8,6016
2026-06-11,INE2KCE01013,KWIL,EQ,32.85,36.4,32.6,34.86,34.85,33.01,64649063,2283918100.56,112372
2026-06-11,INE498L01015,LTF,EQ,260.0,260.75,256.1,256.9,257.6,260.35,2283784,589482289.5,24690
2026-06-11,INE010V01017,LTTS,EQ,3300.9,3375.1,3280.7,3291.1,3291.6,3328.0,57748,191756442.6,11779
2026-06-11,INE059D01020,LAOPALA,EQ,176.8,181.9,173.0,174.84,174.85,176.97,66529,11688601.62,1781
2026-06-11,INE548Z01017,LAGNAM,EQ,79.9,82.5,77.1,79.5,79.59,79.19,7387,593650.71,93
2026-06-11,INE515C01023,LAHOTIOV,EQ,45.9,47.7,44.0,44.74,44.08,44.91,105065,4848956.8,737
2026-06-11,INE850E01012,LFIC,EQ,142.9,142.9,138.3,140.84,140.85,142.93,168,23594.8,21
2026-06-11,INE651C01018,LAKPRE,BZ,5.1,5.1,5.05,5.05,5.05,4.9,69,351.15,7
2026-06-11,INE0VZS01015,LAKSHYA,ST,118.85,118.85,110.55,110.55,110.55,115.5,4800,542760.0,6
2026-06-11,INE112F01022,LAMBODHARA,EQ,102.0,104.87,101.02,102.3,102.2,103.14,6783,696884.43,253
2026-06-11,INE0R0201012,LAMOSAIC,SM,29.0,29.0,29.0,29.0,29.0,28.2,600,17400.0,1
2026-06-11,INE572G01025,LANCORHOL,EQ,24.91,25.15,23.62,24.13,24.4,24.91,60271,1473348.02,193
2026-06-11,INE559R01029,LANDMARK,EQ,420.0,429.25,405.8,419.65,413.7,420.4,116111,48377860.55,6681
2026-06-11,INE197J01017,LPDC,EQ,6.64,6.79,6.36,6.42,6.45,6.62,15074,98444.2,76
2026-06-11,INE688J01023,LANDSMILL,EQ,0.89,0.89,0.85,0.86,0.85,0.88,3490800,3025543.61,893
2026-06-11,INE018A01030,LT,EQ,3900.0,3909.8,3854.4,3862.0,3871.7,3917.5,2224659,8620661661.1,144434
2026-06-11,INE670X01014,LASA,EQ,7.98,7.98,7.1,7.18,7.48,7.6,40928,299663.15,181
2026-06-11,INE0I7C01011,LATENTVIEW,EQ,288.95,290.6,282.65,286.0,286.35,293.35,509530,146174288.05,13714
2026-06-11,INE262Z01023,LATTEYS,BE,21.9,22.73,21.4,21.89,22.0,22.02,24645,537986.48,148
2026-06-11,INE947Q01028,LAURUSLABS,EQ,1385.0,1408.9,1376.6,1390.8,1393.0,1385.7,1505571,2102775778.2,48596
2026-06-11,INE801V01019,LAXMICOT,EQ,14.98,14.98,14.0,14.55,14.25,14.87,1573,22701.33,53
2026-06-11,INE0WO601020,LAXMIDENTL,EQ,218.64,218.8,211.42,213.53,214.4,218.13,85943,18430829.37,2525
2026-06-11,INE258Y01016,LGHL,EQ,228.69,230.2,220.35,224.85,225.99,228.55,21694,4899796.31,363
2026-06-11,INE06WU01026,LAXMIINDIA,BE,102.11,104.99,98.2,99.83,101.13,102.11,46911,4750525.38,293
2026-06-11,INE576O01020,LXCHEM,EQ,150.0,150.77,146.71,147.78,147.87,149.95,547568,81447007.85,7270
2026-06-11,INE938A01021,LCCINFOTEC,EQ,4.9,4.9,4.48,4.7,4.7,4.71,91623,427944.36,167
2026-06-11,INE0G1L01025,LEMERITE,EQ,24.01,26.25,24.01,24.92,25.44,25.27,2843418,69822363.29,3214
2026-06-11,INE0HV901016,IXIGO,EQ,155.57,159.7,154.61,158.84,158.8,155.83,1172086,184602127.26,22781
2026-06-11,INE0H4B01011,LRRPL,SM,80.0,86.0,80.0,86.0,86.0,82.0,9000,739500.0,6
2026-06-11,INE0AQ201015,THELEELA,EQ,402.1,410.0,402.1,406.65,406.0,409.95,456763,186747603.95,8477
2026-06-11,INE970X01018,LEMONTREE,EQ,106.34,106.59,103.5,103.68,104.0,106.83,2885324,301462904.63,21896
2026-06-11,INE956O01016,LENSKART,BL,490.0,490.0,490.0,490.0,490.0,508.55,40000000,19600000000.0,21
2026-06-11,INE956O01016,LENSKART,EQ,496.6,508.7,496.6,502.25,502.0,500.15,6658514,3348683811.65,95766
2026-06-11,INE500X01013,LEXUS,EQ,15.06,15.79,14.17,14.61,14.5,15.06,26269,389524.66,169
2026-06-11,INE337A01034,LGBBROSLTD,EQ,1450.1,1485.0,1445.0,1475.3,1470.0,1458.1,16380,24062480.2,2371
2026-06-11,INE324D01010,LGEINDIA,EQ,1540.4,1546.0,1516.7,1520.9,1520.0,1540.4,350719,535243478.1,30683
2026-06-11,INE908V01012,LIBAS,EQ,12.0,12.28,11.77,11.92,11.77,12.3,13948,167125.92,98
2026-06-11,INE557B01019,LIBERTSHOE,EQ,232.07,233.8,230.0,232.83,232.9,233.17,9523,2206735.84,318
2026-06-11,INE115A01026,LICHSGFIN,EQ,541.3,544.95,533.4,535.9,538.0,541.0,851702,458884627.0,15624
2026-06-11,INF767K01SM1,LICMFGOLD,EQ,131.75,131.75,128.35,129.5,130.05,132.55,154236,20022357.25,8142
2026-06-11,INF767K01OS7,LICNETFN50,EQ,258.65,260.75,257.64,258.73,259.6,258.69,917,236960.22,38
2026-06-11,INF767K01OT5,LICNETFSEN,EQ,830.4,833.47,828.06,828.54,828.06,834.4,27,22424.69,8
2026-06-11,INF767K01PC8,LICNFNHGP,EQ,263.51,265.37,262.26,262.37,262.26,264.83,307,80955.17,16
2026-06-11,INF767K01MV5,LICNETFGSC,EQ,29.0,29.0,28.9,28.91,28.95,28.98,28453,822855.88,64
2026-06-11,INF767K01RN1,LICNMID100,EQ,60.04,60.23,59.65,59.68,59.9,60.13,1422,85240.26,55
2026-06-11,INE0J1Y01017,LICI,EQ,393.2,396.1,391.55,393.2,393.4,395.95,2234212,879202449.95,39293
2026-06-11,INE060901027,LIKHITHA,BE,228.8,229.0,223.45,227.53,226.5,228.16,47414,10780523.58,365
2026-06-11,INE802B01027,LINC,EQ,99.69,100.15,98.0,98.6,98.45,99.68,9496,939772.28,194
2026-06-11,INE405C01035,LINCOLN,EQ,633.0,637.45,625.0,629.65,631.1,633.3,17844,11253983.0,1152
2026-06-11,INE473A01011,LINDEINDIA,EQ,6700.0,6794.0,6675.0,6716.0,6705.0,6750.5,21959,147646204.0,7183
2026-06-11,INE093R01011,LLOYDSENGG,EQ,69.0,69.21,66.51,66.73,66.9,69.27,4932468,334536196.3,23430
2026-06-11,INE080I01025,LLOYDSENT,EQ,65.15,66.99,64.2,64.46,64.22,66.38,1782017,116756016.09,11644
2026-06-11,INE0DTQ01028,LLOYDS,ST,84.1,84.1,84.1,84.1,84.1,88.5,1000,84100.0,1
2026-06-11,INE281B01032,LLOYDSME,EQ,1700.0,1708.9,1670.0,1674.2,1679.0,1703.8,249878,421957769.7,20234
2026-06-11,INE269B01029,LMW,EQ,15450.0,15699.0,15400.0,15582.0,15609.0,15562.0,757,11791998.0,380
2026-06-11,INE670K01029,LODHA,EQ,861.55,871.55,848.0,868.05,868.0,862.0,893056,771590333.4,30010
2026-06-11,INE397H01017,LOKESHMACH,BE,260.5,263.95,255.2,256.0,256.0,263.45,16106,4165304.3,188
2026-06-11,INE846D01012,LORDSCHLO,EQ,130.0,139.75,130.0,133.87,134.21,128.57,35220,4791380.19,1099
2026-06-11,INE740X01023,LAL,EQ,7.31,7.55,7.13,7.21,7.32,7.31,60205,438291.42,107
2026-06-11,INE947I01017,LOTUSEYE,EQ,120.1,136.5,118.0,134.23,133.3,122.42,379302,50419068.5,4649
2026-06-11,INE597L01014,LOVABLE,EQ,71.95,71.95,68.7,69.54,69.15,69.74,6055,423642.17,196
2026-06-11,INE970D01010,LOYALTEX,BE,204.0,204.0,204.0,204.0,204.0,204.5,1,204.0,1
2026-06-11,INE818H01020,LTFOODS,EQ,367.3,375.75,364.05,374.15,373.0,367.9,362767,134617883.95,20586
2026-06-11,INE214T01019,LTM,EQ,3899.8,3920.0,3806.2,3824.9,3842.0,3944.1,735144,2820135976.8,68626
2026-06-11,INE872H01027,LUMAXTECH,EQ,1606.8,1614.0,1578.0,1603.5,1606.0,1612.8,91928,146548785.6,15131
2026-06-11,INE162B01018,LUMAXIND,EQ,5170.5,5170.5,5050.0,5121.0,5151.0,5169.5,11496,58601911.0,3386
2026-06-11,INE326A01037,LUPIN,EQ,2247.2,2286.0,2246.2,2273.3,2274.0,2247.2,1038391,2357837664.3,49921
2026-06-11,INE150G01020,LUXIND,EQ,1289.7,1302.0,1252.0,1259.4,1258.3,1286.0,19638,24873675.4,2571
2026-06-11,INE933A01014,LYKALABS,EQ,71.0,75.3,68.25,69.0,69.3,71.94,110120,7979852.53,1274
2026-06-11,INE142K01011,LYPSAGEMS,EQ,4.93,4.93,4.82,4.86,4.86,4.93,16263,79405.7,105
2026-06-11,INE08N601015,MBEL,EQ,269.9,285.0,265.0,283.3,283.0,269.55,232247,64642401.8,8918
2026-06-11,INE964W01021,MKPL,EQ,4.81,4.81,4.65,4.67,4.65,4.81,110125,517266.49,572
2026-06-11,INE813V01022,MCL,EQ,55.55,58.77,51.77,54.74,55.0,57.52,49749,2806181.42,839
2026-06-11,INE774D01024,M&MFIN,EQ,277.3,280.3,274.35,275.7,276.0,277.25,1200499,332045088.45,30484
2026-06-11,INE0SGC01015,MVKAGRO,SM,461.8,461.8,448.0,452.2,452.2,457.5,2400,1086210.0,8
2026-06-11,INE215I01027,MAANALU,EQ,122.05,123.55,119.22,121.27,120.55,122.92,85286,10350904.37,1462
2026-06-11,INE435D01014,MCCHRLS-B,EQ,697.95,697.95,697.95,697.95,697.95,690.1,10,6979.5,1
2026-06-11,INE0R0J01010,MACOBSTECH,SM,213.1,213.1,212.0,212.0,212.0,224.0,2400,510480.0,3
2026-06-11,INE155Z01011,MACPOWER,EQ,970.0,976.65,958.0,963.15,963.0,974.15,13021,12565602.8,1521
2026-06-11,INE631R01026,MADHAVIPL,EQ,8.99,9.29,8.58,8.69,8.66,8.75,209405,1852146.38,656
2026-06-11,INE925C01016,MADHAV,EQ,37.39,37.9,36.26,37.37,36.8,36.45,5136,192048.22,64
2026-06-11,INE378D01032,MADHUCON,EQ,5.31,5.8,5.31,5.43,5.36,5.64,14553,79220.18,95
2026-06-11,INE0P6701019,MADHUSUDAN,SM,144.0,149.9,143.05,149.9,149.9,148.5,5000,724500.0,5
2026-06-11,INE900L01010,MBAPL,EQ,551.65,565.0,551.65,559.5,560.0,556.9,164237,91941813.25,3480
2026-06-11,INE414A01015,MADRASFERT,EQ,67.99,67.99,66.16,66.87,66.85,67.93,48936,3284157.9,737
2026-06-11,INE270B01035,MAFATIND,EQ,127.0,128.21,125.0,125.5,126.4,126.85,11560,1462997.85,718
2026-06-11,INE347W01011,MAGADSUGAR,EQ,459.5,460.0,448.0,450.95,452.0,448.1,13633,6188005.6,887
2026-06-11,INE613C01026,MCLOUD,EQ,24.33,24.33,22.0,22.39,22.3,24.33,3792727,87016601.57,11725
2026-06-11,INE387I01016,MAGNUM,EQ,19.99,19.99,19.4,19.55,19.75,19.72,1454,28582.47,40
2026-06-11,INE843B01013,MAHAPEXLTD,EQ,50.48,50.98,47.23,47.66,48.49,48.8,16791,832664.56,202
2026-06-11,INE0US801024,MFML,EQ,24.59,24.59,23.15,23.2,23.2,23.8,1396,33397.86,15
2026-06-11,INE112D01035,MHLXMIRU,EQ,174.06,200.0,172.6,176.35,176.5,174.06,6325,1177473.51,146
2026-06-11,INE451L01014,MAHASTEEL,BE,919.75,919.75,854.15,871.25,854.15,899.1,2681,2330809.35,89
2026-06-11,INE002S01010,MGL,EQ,1076.1,1076.1,1054.1,1061.0,1069.8,1080.5,90713,96246823.5,8785
2026-06-11,INE153A01019,MTNL,EQ,29.07,29.15,28.4,28.56,28.5,29.15,818853,23543193.3,4295
2026-06-11,INE288A01013,MAHSCOOTER,EQ,12220.0,12264.0,12000.0,12047.0,12108.0,12172.0,2014,24355894.0,795
2026-06-11,INE271B01025,MAHSEAMLES,EQ,602.0,603.7,590.0,594.65,597.5,598.6,82146,49023511.85,7581
2026-06-11,INE632Q01018,MRIL,SM,45.65,45.7,45.5,45.7,45.7,43.55,12800,584240.0,8
2026-06-11,INE263W01010,MAHESHWARI,BE,67.85,71.0,67.85,70.28,70.5,69.23,55952,3939086.72,155
2026-06-11,INE961Y01015,MAHICKRA,ST,238.0,238.0,238.0,238.0,238.0,243.0,750,178500.0,1
2026-06-11,INE101A01026,M&M,EQ,2930.0,3012.2,2900.4,3000.9,3006.7,2952.5,3177902,9447626564.8,148654
2026-06-11,INE215D01010,MAHEPC,EQ,107.22,109.5,104.35,105.91,104.6,107.23,112608,12029951.13,1478
2026-06-11,INE998I01010,MHRIL,EQ,232.52,233.95,223.76,230.69,228.9,235.49,330910,75178788.2,10634
2026-06-11,INE813A01018,MAHLIFE,EQ,320.0,328.7,317.55,318.95,318.6,324.25,42089,13467369.35,3204
2026-06-11,INE766P01016,MAHLOG,EQ,335.5,341.05,330.55,332.1,335.45,338.45,88664,29610409.55,2493
2026-06-11,INE683C01011,MAITHANALL,EQ,967.2,981.4,942.5,949.8,950.0,967.2,51420,49192855.8,4933
2026-06-11,INE201B01022,MAJESAUT,EQ,335.0,336.4,325.8,334.0,334.0,335.0,750,250324.75,32
2026-06-11,INE389C01015,MALLCOM,EQ,974.8,988.95,950.0,960.9,965.0,975.55,1282,1238536.3,199
2026-06-11,INE383H01017,MALUPAPER,EQ,30.9,31.79,30.37,30.95,30.97,31.03,3660,112657.12,51
2026-06-11,INE0TO701015,MAMATA,EQ,358.25,360.55,345.0,346.0,345.0,356.5,51875,18134609.15,2293
2026-06-11,INE830Q01018,MANAKCOAT,EQ,104.38,105.11,103.19,103.61,103.8,104.38,104806,10898645.97,987
2026-06-11,INE993A01026,MANINDS,EQ,531.95,531.95,506.6,509.05,508.5,528.75,339778,175481441.9,9475
2026-06-11,INE949H01023,MANINFRA,EQ,113.0,113.95,109.4,110.18,110.5,112.97,1753293,193877774.06,7793
2026-06-11,INE859Q01017,MANAKALUCO,EQ,42.54,44.0,38.11,38.6,38.52,41.21,248655,10059984.77,3141
2026-06-11,INE015D01022,MANAKSIA,EQ,57.65,58.48,56.8,56.93,56.8,57.62,11471,658429.84,169
2026-06-11,INE824Q01011,MANAKSTEEL,BE,67.0,69.2,65.5,66.15,66.9,67.33,18333,1216983.89,96
2026-06-11,INE201A01024,MANALIPETC,EQ,60.49,60.49,58.8,59.22,58.8,60.53,154885,9218604.97,1680
2026-06-11,INE522D01027,MANAPPURAM,EQ,285.25,293.45,282.55,292.05,291.8,288.25,6526468,1879063387.25,51482
2026-06-11,INE0U4H01011,MPEL,SM,40.2,40.2,39.9,39.9,39.9,42.0,32000,1277760.0,20
2026-06-11,INE939X01013,MANBA,EQ,115.43,120.38,115.0,119.33,119.02,115.43,307717,36518450.96,1002
2026-06-11,INE0R3T01013,MANDEEP,SM,18.1,18.1,17.95,17.95,17.95,18.85,6000,108300.0,3
2026-06-11,INE545L01039,MANCREDIT,EQ,208.32,218.85,206.24,214.85,214.85,207.84,261181,56173976.99,1874
2026-06-11,INE0PKD01011,MEIL,BE,305.2,308.0,295.0,301.6,302.6,306.25,21639,6485014.7,421
2026-06-11,INE00C401011,MAL,SM,30.0,30.0,28.95,29.05,28.95,30.45,92800,2696480.0,51
2026-06-11,INE347A01017,MANGLMCEM,EQ,835.55,840.0,816.2,834.45,836.0,833.65,35331,29469550.6,2958
2026-06-11,INE584F01014,MANGALAM,EQ,28.79,28.79,27.56,27.91,27.87,28.3,13712,384660.9,115
2026-06-11,INE0APB01032,MGEL,BE,16.8,16.84,15.71,16.02,16.19,16.51,182282,2927198.42,341
2026-06-11,INE370D01013,MANORG,BE,451.5,453.75,435.15,448.1,445.55,449.75,6516,2899704.1,135
2026-06-11,INE0JYY01011,MWL,EQ,373.75,377.5,373.0,375.95,377.5,375.05,6472,2427383.9,288
2026-06-11,INE0R3101011,MIEL,SM,13.7,14.35,13.55,14.1,14.1,14.25,28000,383100.0,14
2026-06-11,INE634S01028,MANKIND,EQ,2351.1,2409.0,2350.5,2372.7,2375.1,2376.2,275897,658902570.3,20334
2026-06-11,INE0KNT01012,MVGJL,EQ,146.0,147.39,142.85,143.91,144.4,147.64,50231,7257041.57,1555
2026-06-11,INE784W01015,MANOMAY,EQ,199.7,199.7,185.11,192.38,187.1,195.73,52622,9972822.99,2180
2026-06-11,INE00VM01036,MANORAMA,EQ,1545.0,1585.0,1515.0,1534.2,1540.0,1540.7,186926,288632437.9,14431
2026-06-11,INE867A01022,MANUGRAPH,EQ,16.64,16.99,16.0,16.23,16.05,16.71,38966,642434.5,231
2026-06-11,INE882A01013,MARALOVER,BE,54.52,56.85,54.51,54.85,54.75,55.09,3533,193892.0,20
2026-06-11,INE182D01020,MARATHON,EQ,395.0,395.0,385.0,388.3,386.65,395.45,40630,15825197.45,2115
2026-06-11,INE196A01026,MARICO,EQ,819.9,823.25,807.5,810.8,810.6,819.9,2187472,1778705941.3,46502
2026-06-11,INE01JE01028,MARINE,EQ,239.05,241.85,231.0,232.8,233.5,239.1,381732,89735602.15,6007
2026-06-11,INE0P1P01017,MARINETRAN,SM,16.0,16.0,16.0,16.0,16.0,15.9,4000,64000.0,1
2026-06-11,INE0FW001016,MARKOLINES,EQ,168.22,168.22,163.51,164.52,164.49,166.59,153799,25523133.3,1579
2026-06-11,INE750C01026,MARKSANS,EQ,245.4,257.97,242.88,249.83,250.7,246.92,3679249,932071325.75,46521
2026-06-11,INE415B01044,MARSONS,EQ,119.91,122.3,109.25,111.09,113.3,119.91,3245791,377829308.55,18784
2026-06-11,INE585B01010,MARUTI,EQ,13070.0,13217.0,12968.0,13098.0,13134.0,13073.0,308710,4047235452.0,51117
2026-06-11,INE575Z01010,MDL,ST,72.2,72.2,72.2,72.2,72.2,75.95,6000,433200.0,2
2026-06-11,INE348L01012,MASFIN,EQ,297.05,300.9,290.1,291.2,291.65,297.0,77900,22798008.8,5004
2026-06-11,INE885F01015,MASKINVEST,BE,148.0,148.0,148.0,148.0,148.0,148.03,239,35372.0,4
2026-06-11,INE0SH001010,MASON,SM,119.4,123.75,111.1,115.1,115.1,124.35,8500,1009025.0,17
2026-06-11,INE759A01021,MASTEK,EQ,1575.0,1605.0,1554.1,1574.5,1577.0,1583.6,24542,38760340.1,4263
2026-06-11,INE677D01037,MASTERTR,EQ,75.99,78.66,72.21,75.18,74.6,75.17,4959612,373829161.32,26738
2026-06-11,INE866R01028,MATRIMONY,EQ,399.75,404.95,385.2,387.1,393.0,395.05,26552,10484076.05,2166
2026-06-11,INE132901013,MGSL,SM,63.7,69.8,63.7,64.5,64.5,65.0,8400,545700.0,7
2026-06-11,INE636A01039,MAWANASUG,BE,104.0,104.8,100.5,101.1,102.4,101.97,45240,4633524.25,317
2026-06-11,INE03EI01018,MAXESTATES,EQ,436.0,438.2,417.7,429.3,429.0,442.35,38159,16332155.0,2458
2026-06-11,INE180A01020,MFSL,EQ,1603.1,1604.9,1554.5,1562.1,1569.8,1598.3,301033,473381993.3,31177
2026-06-11,INE027H01010,MAXHEALTH,EQ,1005.35,1019.65,1003.15,1009.6,1010.8,1010.1,1834045,1856265739.9,56794
2026-06-11,INE0CG601016,MAXIND,EQ,158.95,159.4,153.1,154.37,155.4,157.79,16566,2592350.29,785
2026-06-11,INE0ECC01022,MAXPOSURE,SM,31.25,32.75,31.25,31.8,31.8,31.6,7000,224600.0,7
2026-06-11,INE10A501018,MAXVOLT,ST,390.0,394.4,379.0,381.0,381.0,394.35,13200,5089020.0,32
2026-06-11,INE040D01038,MAYURUNIQ,EQ,811.25,831.15,784.05,793.1,791.0,811.25,269721,216644853.7,13283
2026-06-11,INE249Z01020,MAZDOCK,EQ,2348.0,2380.1,2315.1,2347.5,2349.0,2367.6,743703,1747813961.6,35466
2026-06-11,INE885E01042,MAZDA,EQ,224.0,227.48,222.41,223.24,223.88,228.1,9430,2112882.34,324
2026-06-11,INE912H01013,MBLINFRA,BE,26.0,26.8,24.69,26.64,26.79,25.98,72416,1863573.91,236
2026-06-11,INE942G01012,MCLEODRUSS,BE,65.42,65.42,65.42,65.42,65.42,66.75,52110,3409036.2,82
2026-06-11,INE0O4M01019,MCON,SM,45.3,48.9,45.3,48.9,48.9,47.35,2000,94200.0,2
2026-06-11,INE2UHF07015,11MCS27,N0,10399.0,10399.0,10398.0,10398.0,10398.0,10400.0,7,72789.0,2
2026-06-11,INE456Z01021,MEDIASSIST,EQ,347.6,354.8,343.0,346.9,350.0,346.7,71047,24852818.0,2524
2026-06-11,INE200D01020,MMWL,BE,12.7,13.29,12.13,12.75,13.16,12.7,43180,554326.41,67
2026-06-11,INE646B01010,MEDICAMEQ,EQ,230.0,231.0,219.0,223.9,220.25,230.1,15159,3429942.0,674
2026-06-11,INE0PE401018,MEDIORG,SM,19.85,19.85,19.85,19.85,19.85,20.85,6000,119100.0,3
2026-06-11,INE630Y01024,MEDICO,EQ,42.91,43.7,40.8,41.47,41.12,43.34,394128,16360369.38,2061
2026-06-11,INE0UOY01019,MEDISTEP,SM,18.05,18.05,18.05,18.05,18.05,19.5,3000,54150.0,1
2026-06-11,INE804L01022,MEDPLUS,EQ,852.6,878.5,848.4,875.85,877.0,859.45,384453,334773238.3,25236
2026-06-11,INE0VDM01015,MEESHO,EQ,164.85,170.1,164.38,168.34,168.5,166.06,16931515,2848201246.46,106267
2026-06-11,INE00EM01016,MEGASTAR,EQ,306.15,325.0,300.45,306.45,302.0,306.15,377808,119179206.4,3465
2026-06-11,INE531R01010,MEGATHERM,SM,200.0,201.3,190.0,190.4,190.95,201.35,46400,8981140.0,102
2026-06-11,INE0CT101020,MOL,EQ,46.88,47.0,45.95,46.11,46.0,46.64,267619,12380021.25,2126
2026-06-11,INE071D01033,MENONBE,EQ,162.0,169.9,161.9,166.26,166.25,163.2,328024,54296856.89,7994
2026-06-11,INE650G01029,MENNPIS,EQ,56.75,56.75,54.51,55.61,55.22,55.34,12202,676679.17,436
2026-06-11,INE776I01010,MEP,BZ,0.85,0.85,0.83,0.83,0.83,0.84,96190,80088.04,80
2026-06-11,INE689O01013,MERCANTILE,EQ,26.0,26.75,23.53,23.73,23.53,25.47,4687,118937.22,56
2026-06-11,INE763M01028,MERCURYEV,BE,31.39,31.39,31.39,31.39,31.39,32.03,11308,354958.12,101
2026-06-11,INE317I01021,METROBRAND,EQ,983.0,993.9,975.0,977.4,977.8,988.8,13650,13414203.1,3108
2026-06-11,INE085D01033,METROGLOBL,EQ,125.0,127.99,123.0,126.88,127.98,130.0,1050,129920.74,42
2026-06-11,INE112L01020,METROPOLIS,EQ,522.1,537.3,515.0,520.15,516.4,524.45,122888,64439926.9,10909
2026-06-11,INE287C01037,MICEL,EQ,41.9,42.5,40.1,41.53,42.5,42.01,1757873,72935299.76,3170
2026-06-11,INE0XAD01024,MIDWESTLTD,EQ,1232.0,1232.9,1199.0,1211.7,1215.0,1229.4,13880,16839251.3,957
2026-06-11,INE842C01021,MINDACORP,EQ,650.0,650.0,627.1,632.9,631.15,648.1,287265,183570261.25,18761
2026-06-11,INE0CCU25019,MINDSPACE,RR,461.0,462.98,458.6,460.04,460.0,462.33,207904,95669606.46,8892
2026-06-11,INE110B01017,MINDTECK,EQ,207.0,207.09,200.01,200.83,202.12,206.78,81241,16513125.83,2057
2026-06-11,INF769K01KU7,ALPHAETF,EQ,25.1,25.14,24.85,24.89,24.96,25.1,665750,16609708.48,795
2026-06-11,INF769K01KR3,BANKETF,EQ,558.65,564.47,557.73,559.96,561.0,559.17,42821,24035959.02,273
2026-06-11,INF769K01LZ4,BANKPSU,EQ,83.75,84.39,83.55,83.89,83.77,84.49,13264,1111657.66,131
2026-06-11,INF769K01NS5,CONSUMER,EQ,10.6,10.71,10.6,10.64,10.65,10.72,138265,1474081.37,332
2026-06-11,INF769K01QC2,DEFENCE,EQ,75.35,75.35,73.08,73.14,73.25,74.98,257473,18890797.61,1004
2026-06-11,INF769K01PY8,DIVIDEND,EQ,34.62,34.63,34.36,34.43,34.51,34.83,13501,464951.4,141
2026-06-11,INF769K01PR2,ENERGY,EQ,39.1,39.2,38.69,38.75,38.9,39.02,316414,12318645.7,1229
2026-06-11,INF769K01OA1,EQUAL200,EQ,13.03,13.11,13.0,13.0,13.03,13.14,5995,78162.27,81
2026-06-11,INF769K01OO2,EQUAL50,EQ,318.1,318.63,316.67,317.45,318.01,321.1,1496,475960.66,31
2026-06-11,INF769K01LQ3,EVINDIA,EQ,30.33,30.45,30.03,30.22,30.18,30.33,598471,18158302.94,1252
2026-06-11,INF769K01QA6,HEALTHCARE,EQ,20.02,20.15,19.96,20.07,20.08,19.97,25037,502822.34,114
2026-06-11,INF769K01QB4,INFRA,EQ,11.7,11.75,11.62,11.64,11.66,11.75,37329,435960.24,151
2026-06-11,INF769K01PB6,INTERNET,EQ,11.95,11.95,11.57,11.59,11.61,11.74,316802,3697199.89,320
2026-06-11,INF769K01KV5,ITETF,EQ,29.82,29.9,29.13,29.43,29.52,29.92,375945,11039373.52,1260
2026-06-11,INF769K01KS1,LIQUID,EQ,999.99,1000.0,999.99,999.99,999.99,999.99,381123,381122372.72,153
2026-06-11,INF769K01MY5,LIQUIDPLUS,EQ,1089.3,1089.38,1089.3,1089.31,1089.32,1089.17,1893764,2062911039.33,304
2026-06-11,INF769K01GS9,ESG,EQ,39.38,39.78,39.38,39.51,39.53,39.64,3310,130756.91,88
2026-06-11,INF769K01HF4,MAFANG,EQ,191.72,191.72,191.72,191.72,191.72,194.26,214769,41175512.68,6891
2026-06-11,INF769K01HI8,BFSI,EQ,26.1,26.29,25.94,26.03,26.06,26.08,118107,3082136.96,636
2026-06-11,INF769K01JP9,GOLDETF,EQ,136.75,140.99,136.74,140.31,140.65,142.24,2522601,354336152.2,10401
2026-06-11,INF769K01KF8,GSEC10YEAR,EQ,29.99,30.25,29.9,30.22,30.25,29.99,6689,201042.37,27
2026-06-11,INF769K01HS7,MAHKTECH,EQ,23.34,23.34,23.01,23.34,23.34,23.36,193685,4516614.31,2215
2026-06-11,INF769K01IC9,MIDCAPETF,EQ,22.39,22.39,22.15,22.22,22.26,22.4,1968282,43829712.88,9390
2026-06-11,INF769K01IB1,MAKEINDIA,EQ,156.07,157.29,156.0,156.46,156.74,157.03,53258,8335501.42,503
2026-06-11,INF769K01EG9,NIFTYETF,EQ,251.32,252.49,250.01,251.18,251.32,251.32,86606,21765756.2,914
2026-06-11,INF769K01JU9,LOWVOL,EQ,196.88,197.58,196.51,196.85,196.85,197.91,435,85868.61,9
2026-06-11,INF769K01FN2,NEXT50,EQ,716.49,716.49,704.01,704.75,706.19,712.93,70700,49913361.81,1051
2026-06-11,INF769K01KG6,SILVERAG,EQ,225.1,232.4,223.22,225.8,225.0,224.77,686388,154614542.17,7288
2026-06-11,INF769K01HP3,MASPTOP50,EQ,79.36,79.36,78.11,79.21,79.36,79.99,329465,26121932.37,4575
2026-06-11,INF769K01LY7,METAL,EQ,12.84,12.91,12.51,12.8,12.83,12.84,4227702,54185718.8,8524
2026-06-11,INF769K01LJ8,MIDSMALL,EQ,49.2,49.3,48.85,48.99,49.1,49.37,854465,42019800.35,1155
2026-06-11,INF769K01LX9,MULTICAP,EQ,15.7,15.83,15.65,15.71,15.75,15.82,165762,2611047.99,570
2026-06-11,INF769K01ON4,SELECTIPO,EQ,42.66,42.66,41.84,41.86,42.01,42.41,32742,1377181.73,126
2026-06-11,INF769K01KT9,SENSEXETF,EQ,75.77,76.51,75.6,75.92,75.82,75.95,20354,1550761.5,239
2026-06-11,INF769K01PQ4,SMALL250,EQ,17.15,17.15,16.5,16.68,16.71,16.81,212539,3552259.95,598
2026-06-11,INF769K01LC3,SMALLCAP,EQ,44.2,44.21,43.65,43.7,43.87,44.03,740219,32472766.15,3160
2026-06-11,INF769K01PZ5,TOP20,EQ,8.35,8.37,8.29,8.32,8.33,8.35,25497,212262.92,145
2026-06-11,INF769K01QV2,VALUE,EQ,16.16,16.2,16.08,16.13,16.14,16.23,30178,487071.45,94
2026-06-11,INE831A01028,MIRCELECTR,BE,35.55,36.74,35.0,35.75,36.0,36.37,502545,17994806.12,1176
2026-06-11,INE771A01026,MIRZAINT,EQ,29.48,29.9,28.57,28.8,29.0,29.71,89226,2593104.2,1205
2026-06-11,INE099Z01011,MIDHANI,EQ,430.4,439.6,420.2,422.05,420.2,433.4,1066831,456360071.75,26984
2026-06-11,INE828O01033,MITCON,BE,81.25,82.6,78.6,80.43,78.6,82.6,2678,216924.11,30
2026-06-11,INE997Y01027,MITTAL,EQ,1.04,1.04,1.01,1.01,1.02,1.02,250582,256193.1,222
2026-06-11,INE227C01017,MMFL,EQ,433.9,447.8,433.9,445.5,446.0,440.5,37409,16522885.0,2095
2026-06-11,INE511Y01018,MMP,EQ,261.0,261.0,250.6,251.75,251.05,260.65,25102,6396183.65,987
2026-06-11,INE123F01029,MMTC,EQ,64.61,64.61,62.9,63.07,63.02,64.69,1470121,93363504.99,9259
2026-06-11,INE1YNB01019,MOBILISE,ST,100.0,100.0,97.5,97.5,97.5,102.6,51200,5036000.0,10
2026-06-11,INE794W01014,MODTHREAD,EQ,45.56,45.56,44.11,44.13,44.13,45.56,340,15404.0,5
2026-06-11,INE537F01012,MODINATUR,BE,406.5,422.75,395.0,419.1,414.9,406.95,2024,831927.25,82
2026-06-11,INE832A01018,MODIRUBBER,EQ,131.1,131.1,123.1,123.89,125.94,126.63,1900,237651.66,75
2026-06-11,INE0L0L01012,MODIS,EQ,345.0,349.9,343.0,345.75,347.5,345.05,10852,3768749.3,261
2026-06-11,INE737D01021,MODISONLTD,BE,295.5,326.6,295.5,320.95,320.0,311.05,559387,173754896.15,3539
2026-06-11,INE450S01011,MHHL,SM,32.5,34.0,32.5,34.0,34.0,34.2,7500,250425.0,4
2026-06-11,INE954E01012,MOHITIND,EQ,22.3,22.3,21.77,22.3,22.3,22.36,449,9953.33,25
2026-06-11,INE490G01020,MOIL,EQ,284.8,286.6,279.35,282.65,282.7,285.35,314072,88942248.85,10684
2026-06-11,INE514Y01020,MOKSH,EQ,11.46,12.3,11.46,12.14,12.13,11.54,135926,1629499.44,265
2026-06-11,INE893J01029,MOLDTKPAC,EQ,659.0,680.0,646.0,672.1,664.0,658.2,117476,78693633.55,7235
2026-06-11,INE835B01035,MOLDTECH,EQ,124.14,125.48,122.61,123.94,123.6,126.45,31568,3915073.52,1028
2026-06-11,INE903D01011,MONARCH,EQ,336.0,337.9,326.1,330.05,326.5,335.7,62685,20843479.75,2252
2026-06-11,INE296Q01012,MONEYBOXX,EQ,70.5,70.53,68.12,68.92,68.4,70.12,59330,4115541.51,199
2026-06-11,INE0OIP01012,MONOPHARMA,SM,11.5,11.8,11.5,11.65,11.5,11.25,14000,162200.0,7
2026-06-11,INE1DV401010,MONOLITH,SM,683.0,710.0,681.4,683.15,681.4,697.9,30500,21081987.5,104
2026-06-11,INE950M01013,MONTECARLO,EQ,537.05,537.05,517.2,520.4,520.05,535.6,53897,28192148.8,2379
2026-06-11,INE161G01027,MORARJEE,BZ,7.1,7.16,7.1,7.16,7.16,6.85,3500,25000.0,29
2026-06-11,INE083A01026,MOREPENLAB,EQ,49.25,49.6,46.94,47.29,47.5,49.37,11276503,543354566.66,28444
2026-06-11,INE0N7S01028,MOS,SM,16.35,16.85,15.9,16.45,16.5,16.45,308000,5017400.0,58
2026-06-11,INE935B01025,MOSCHIP,EQ,204.72,204.72,198.61,201.07,201.1,204.72,1825044,367497454.88,22223
2026-06-11,INE0FS801015,MSUMI,EQ,37.34,37.34,36.32,36.38,36.39,37.38,12335148,452786832.94,42051
2026-06-11,INF247L01023,MOM100,EQ,64.78,64.78,63.9,64.01,64.19,64.53,320134,20542096.51,2477
2026-06-11,INF247L01AP3,MON100,EQ,324.75,324.75,316.69,321.64,321.2,324.4,1132666,363534596.12,27809
2026-06-11,INE338I01027,MOTILALOFS,EQ,843.8,843.8,829.0,831.6,832.85,841.0,379205,316885363.5,22132
2026-06-11,INF247L01536,MOM50,EQ,244.0,254.0,240.88,244.83,252.0,244.48,336219,81843269.01,218
2026-06-11,INF247L01AK4,MOGSEC,EQ,64.1,64.55,64.05,64.06,64.05,64.11,44263,2846985.92,84
2026-06-11,INF247L01FR8,MOALPHA50,EQ,52.06,52.06,50.49,50.64,50.64,51.04,34459,1751372.16,70
2026-06-11,INF247L01GV8,MOBANK10,EQ,16.26,16.53,16.23,16.36,16.34,16.26,1537,25196.92,55
2026-06-11,INF247L01EV3,MOCAPITAL,EQ,52.24,52.47,51.76,51.83,52.1,52.31,603274,31398150.39,2762
2026-06-11,INF247L01DJ0,MODEFENCE,EQ,98.88,98.99,96.63,96.77,96.94,98.87,1903401,185299927.78,10299
2026-06-11,INF247L01GH7,MOENERGY,EQ,39.69,39.69,38.43,38.69,38.76,38.97,356971,13869173.1,1106
2026-06-11,INF247L01FY4,MOGOLD,EQ,145.65,145.65,142.45,143.5,143.6,145.65,46456,6651900.65,738
2026-06-11,INF247L01BB1,MOHEALTH,EQ,47.61,48.03,46.5,47.78,47.79,47.61,45585,2178984.18,448
2026-06-11,INF247L01FL1,MOINFRA,EQ,60.95,60.95,60.05,60.18,60.33,60.95,2774,167418.56,82
2026-06-11,INF247L01GI5,MOIPO,EQ,42.35,42.41,41.93,42.06,42.06,42.41,847,35687.62,26
2026-06-11,INF247L01BL0,MOLOWVOL,EQ,35.38,35.72,35.38,35.58,35.58,35.55,63818,2277384.12,34
2026-06-11,INF247L01DK8,MOMENTUM50,EQ,51.08,51.15,50.7,50.84,50.98,51.12,436402,22240507.85,1628
2026-06-11,INF247L01FK3,MOMGF,EQ,153.87,154.65,153.79,154.0,154.0,154.14,177,27343.05,18
2026-06-11,INF247L01FQ0,MOMIDMTM,EQ,61.93,62.14,61.25,61.48,62.0,62.32,46955,2896771.07,393
2026-06-11,INF247L01GK1,MOMNC,EQ,31.98,31.98,30.97,31.02,30.97,31.35,1179,36714.53,12
2026-06-11,INF247L01BK2,MOMOMENTUM,EQ,60.44,60.44,59.17,59.69,59.67,60.26,35793,2140706.67,427
2026-06-11,INF247L01FC0,MON50EQUAL,EQ,31.95,32.0,31.81,31.94,31.99,32.01,1948,62280.24,40
2026-06-11,INF247L01FD8,MONEXT50,EQ,68.63,68.74,68.0,68.21,68.27,68.94,2268,155516.95,63
2026-06-11,INF247L01GG9,MONIFTY100,EQ,24.18,24.39,24.13,24.24,24.25,24.27,5008,121416.4,56
2026-06-11,INF247L01BU1,MONIFTY500,EQ,22.63,22.75,22.58,22.63,22.7,22.72,310488,7035675.31,1328
2026-06-11,INF247L01AU3,MONQ50,EQ,140.6,140.6,140.6,140.6,140.6,141.0,45090,6339654.0,1222
2026-06-11,INF247L01FO5,MOPSE,EQ,100.21,100.21,99.37,99.43,99.37,100.37,270,26885.75,17
2026-06-11,INF247L01BH8,MOQUALITY,EQ,196.9,197.03,196.0,196.34,196.34,197.06,10632,2091287.23,15
2026-06-11,INF247L01CI4,MOREALTY,EQ,74.76,74.84,73.88,74.08,74.22,74.75,234094,17390792.96,1758
2026-06-11,INF247L01GJ3,MOSERVICE,EQ,29.72,29.72,29.41,29.42,29.41,29.58,12312,362587.72,35
2026-06-11,INF247L01FZ1,MOSILVER,EQ,229.2,230.52,226.64,229.0,229.35,229.19,28380,6486891.83,1026
2026-06-11,INF247L01CH6,MOSMALL250,EQ,16.86,16.96,16.68,16.75,16.81,16.86,559046,9376560.45,2066
2026-06-11,INF247L01FP2,MOTOUR,EQ,72.5,72.98,71.51,71.75,71.9,72.5,15286,1102847.13,165
2026-06-11,INF247L01BE5,MOVALUE,EQ,114.82,115.57,113.3,113.5,113.64,115.12,117608,13374894.22,1242
2026-06-11,INE0FRK01020,MOTISONS,EQ,12.2,14.1,12.17,13.22,13.35,12.29,116205516,1583126171.89,76016
2026-06-11,INE861B01023,MOTOGENFIN,BE,29.5,29.65,28.7,29.25,29.25,30.0,23242,680561.19,61
2026-06-11,INE0XM301010,MMEL,ST,35.1,35.1,35.05,35.05,35.05,36.85,8000,280500.0,4
2026-06-11,INE0N6D01014,MOXSH,ST,114.0,114.0,114.0,114.0,114.0,119.85,1600,182400.0,1
2026-06-11,INE356A01018,MPHASIS,EQ,2287.2,2291.0,2234.0,2277.8,2283.8,2297.8,443663,1005497820.8,22658
2026-06-11,INE943D01017,MPSLTD,EQ,1790.0,1801.4,1740.0,1766.9,1780.0,1806.7,7981,14117277.9,1523
2026-06-11,INE883A01011,MRF,EQ,122550.0,123500.0,122050.0,122935.0,122800.0,122595.0,4096,503514165.0,3024
2026-06-11,INE103A01014,MRPL,EQ,162.95,162.95,155.11,155.7,155.7,163.62,6935374,1094107057.4,47865
2026-06-11,INE495P01020,BECTORFOOD,EQ,178.39,179.4,173.98,177.46,176.8,178.47,683988,121291947.99,19004
2026-06-11,INE752G01015,MSPL,EQ,40.02,40.99,39.5,39.98,40.5,40.01,4906645,197648330.83,19540
2026-06-11,INE255X01014,MSTCLTD,EQ,552.0,576.8,543.05,560.75,558.8,555.75,2177930,1233590818.1,48115
2026-06-11,INE472M01018,MTEDUCARE,BE,1.79,1.87,1.71,1.8,1.8,1.79,10320,19001.35,30
2026-06-11,INE864I01014,MTARTECH,EQ,7100.0,7154.0,6180.0,6306.0,6325.5,7106.5,4669917,30433163889.5,473327
2026-06-11,INE08KJ01020,MUFIN,EQ,120.0,120.25,117.15,118.47,118.01,120.03,852650,101156368.21,3791
2026-06-11,INE304A01026,MUKANDLTD,EQ,135.4,136.51,130.11,132.04,133.55,135.37,122627,16285059.46,2134
2026-06-11,INE0CG401037,MUKKA,EQ,21.24,21.39,21.0,21.05,21.25,21.24,102241,2160603.95,825
2026-06-11,INE374B01019,MUKTAARTS,EQ,61.0,62.0,59.1,60.29,59.1,60.14,1422,86432.7,52
2026-06-11,INE745G01043,MCX,EQ,2715.0,2795.0,2709.9,2778.8,2794.0,2743.8,1827023,5068524634.9,98215
2026-06-11,INE1K8Y01018,MUNISH,ST,55.3,59.0,55.25,59.0,59.0,58.1,22800,1330740.0,6
2026-06-11,INE672B01032,MUNJALAU,EQ,98.05,100.45,95.02,95.51,95.5,98.46,496415,48516216.44,7787
2026-06-11,INE577A01027,MUNJALSHOW,EQ,130.44,130.79,126.33,128.07,127.7,130.22,45498,5839035.2,693
2026-06-11,INE692B01014,MURUDCERA,EQ,30.01,30.9,29.8,30.45,30.22,30.74,18577,563712.3,229
2026-06-11,INE919I01024,RADIOCITY,EQ,6.22,6.22,6.05,6.14,6.16,6.1,30275,185423.4,96
2026-06-11,INE296G01013,MUTHOOTCAP,EQ,192.21,197.79,191.5,194.72,191.5,193.51,10401,2016985.86,656
2026-06-11,INE414G01012,MUTHOOTFIN,EQ,2846.0,2917.9,2822.6,2890.0,2898.0,2898.8,932660,2689644309.6,55808
2026-06-11,INE046W01019,MUTHOOTMF,EQ,187.98,188.0,179.0,180.63,180.0,186.31,166496,30454646.9,3566
2026-06-11,INE0RVQ01016,MYMUDRA,SM,72.7,74.0,72.7,73.45,73.5,72.7,307200,22518240.0,26
2026-06-11,INE740D01017,NRAIL,EQ,457.6,457.6,441.0,443.95,442.0,453.85,1546,688484.95,74
2026-06-11,INE104101014,NRVANDANA,ST,73.7,73.9,70.8,71.0,71.0,72.0,111000,7905900.0,27
2026-06-11,INE365I01020,NBIFIN,EQ,1811.0,1833.0,1810.0,1810.3,1810.0,1804.4,39,70623.0,8
2026-06-11,INE295D01020,NACLIND,EQ,164.0,164.9,158.52,159.36,159.9,164.99,225327,36351782.57,4777
2026-06-11,INE756C01015,NDGL,EQ,2415.1,2475.0,2415.0,2467.2,2475.0,2408.8,35,85439.7,17
2026-06-11,INE245I01016,NAGREEKCAP,BE,27.1,29.0,27.1,27.3,27.1,28.49,55948,1588666.62,46
2026-06-11,INE123B01028,NAGREEKEXP,EQ,26.02,27.66,26.02,26.78,26.72,27.01,5523,146600.54,72
2026-06-11,INE049I01012,NAHARCAP,EQ,250.3,251.1,244.0,245.7,244.9,248.4,534,131239.2,68
2026-06-11,INE289A01011,NAHARINDUS,EQ,116.16,118.68,114.2,115.9,117.4,116.2,14510,1687095.84,1292
2026-06-11,INE308A01027,NAHARPOLY,EQ,244.0,244.95,238.0,242.7,241.2,239.7,4526,1092551.95,187
2026-06-11,INE290A01027,NAHARSPING,BE,259.3,259.3,259.3,259.3,259.3,264.55,16876,4375946.8,35
2026-06-11,INE236Y01012,NGIL,BE,39.25,39.99,38.0,39.79,39.79,39.28,945,36568.5,18
2026-06-11,INE023A01030,NSIL,EQ,5450.0,5454.0,5384.0,5409.5,5400.5,5462.0,2207,11933114.0,504
2026-06-11,INE08NZ01012,NAMOEWASTE,SM,237.95,242.0,230.3,234.1,237.4,234.2,40800,9603400.0,47
2026-06-11,INE875G01048,NDL,EQ,2.54,2.55,2.47,2.49,2.51,2.54,952483,2388247.8,1199
2026-06-11,INE696V01013,JAIPURKURT,EQ,29.95,29.95,28.11,28.22,28.84,29.0,32924,947278.72,100
2026-06-11,INE410P01011,NH,EQ,1886.1,1907.1,1850.0,1858.5,1855.0,1906.8,407695,765786407.4,42158
2026-06-11,INE117Z01011,NARMADA,EQ,44.89,44.99,34.85,35.31,34.85,43.56,5647385,218414749.84,20085
2026-06-11,INE987B01026,NATCOPHARM,EQ,850.0,875.1,839.0,842.2,842.5,854.6,801456,682045402.1,41495
2026-06-11,INE448G01010,NATHBIOGEN,EQ,168.07,169.0,164.55,165.43,164.6,169.61,4624,771461.63,155
2026-06-11,INE139A01034,NATIONALUM,EQ,369.0,382.75,368.1,370.6,372.05,376.15,7008922,2624836192.1,74086
2026-06-11,INE870D01012,NFL,EQ,74.8,74.94,73.25,73.91,73.95,75.41,630761,46669776.43,5462
2026-06-11,INE0H7R23014,NHIT,IV,167.0,169.0,167.0,169.0,169.0,166.3,50000,8400000.0,2
2026-06-11,INE166R01015,NATIONSTD,EQ,1190.0,1220.0,1190.0,1190.0,1190.0,1190.0,13,15640.0,7
2026-06-11,INE936B01015,NATCAPSUQ,EQ,155.75,155.75,152.16,153.54,152.17,154.2,950,145804.95,25
2026-06-11,INE725A01030,NAVA,EQ,571.0,577.55,563.95,565.95,566.0,570.35,241592,137816686.65,10074
2026-06-11,INE048G01026,NAVINFLUOR,EQ,7020.0,7224.0,6987.5,7157.0,7184.0,7046.5,149175,1060929179.0,23221
2026-06-11,INE278M01019,NAVKARCORP,EQ,94.98,96.0,93.51,95.23,95.02,94.32,254734,24171516.96,2496
2026-06-11,INE268H01044,NAVKARURB,EQ,0.93,0.97,0.93,0.97,0.97,0.93,3930157,3728176.37,429
2026-06-11,INE060A01024,NAVNETEDUL,EQ,140.75,141.66,138.4,139.69,140.0,141.9,147444,20590568.82,1523
2026-06-11,INE418L01047,NAZARA,EQ,279.95,283.35,274.5,281.55,283.0,279.95,764622,215008790.15,11727
2026-06-11,INE095N01031,NBCC,EQ,102.48,103.94,99.54,100.52,100.7,103.0,14774026,1498591996.24,62012
2026-06-11,INE868B01028,NCC,EQ,143.3,146.0,141.25,145.03,145.48,144.74,2571354,369218657.24,23523
2026-06-11,INE732C01016,NCLIND,EQ,183.19,183.59,179.11,180.03,179.11,182.7,37243,6744571.97,887
2026-06-11,INE353A01023,NDLVENTURE,EQ,125.19,130.86,125.0,126.69,126.0,128.11,4856,617163.32,131
2026-06-11,INE07OG01012,NDRAUTO,EQ,784.65,795.95,771.9,785.5,788.0,784.65,14648,11491393.2,1358
2026-06-11,INE0Q7Q23015,NDRINVIT,IV,137.0,137.0,137.0,137.0,137.0,136.0,25000,3425000.0,1
2026-06-11,INE155G01029,NDTV,EQ,78.0,79.77,77.31,78.53,78.36,78.35,269156,21159278.3,2808
2026-06-11,INE023H01027,NECLIFE,BE,11.5,11.5,11.05,11.39,11.4,11.51,74749,841500.21,247
2026-06-11,INE0N1401016,NEELAM,SM,11.35,11.35,11.25,11.25,11.25,11.8,18000,203100.0,3
2026-06-11,INE605D01012,NEAGI,EQ,3026.0,3075.0,3026.0,3075.0,3075.0,3080.0,33,100850.0,8
2026-06-11,INE189I01024,NELCAST,EQ,137.5,140.3,133.5,135.52,135.0,137.74,93550,12870859.33,1433
2026-06-11,INE045B01015,NELCO,EQ,709.95,735.9,701.5,705.4,706.45,712.4,173090,124231272.35,7704
2026-06-11,INE21UM01018,NEOCHEM,ST,98.0,102.9,98.0,101.05,99.2,98.0,33600,3374520.0,10
2026-06-11,INE136S01016,NEOGEN,EQ,1987.0,2075.0,1945.1,2028.7,2022.9,1995.3,173367,352792088.1,19172
2026-06-11,INE0SUN01013,NEPHROCARE,ST,72.0,72.0,68.35,69.0,69.0,71.05,6800,472020.0,17
2026-06-11,INE428V01029,NEPHROPLUS,EQ,731.25,760.0,705.35,751.3,759.0,723.15,221379,163126012.35,13516
2026-06-11,INE156901014,NEPTUNE,SM,182.0,185.0,165.0,182.25,180.0,184.8,14000,2511500.0,26
2026-06-11,INE317F01035,NESCO,EQ,1084.5,1095.0,1071.1,1089.1,1092.0,1084.5,30153,32811782.7,4535
2026-06-11,INE239A01024,NESTLEIND,EQ,1437.8,1445.0,1419.9,1422.5,1420.0,1438.3,1538190,2201980120.2,72277
2026-06-11,INE518X01015,CBAZAAR,SM,4.15,4.15,4.15,4.15,4.15,4.05,8000,33200.0,1
2026-06-11,INE0NT901020,NETWEB,EQ,4245.1,4360.0,4050.0,4191.4,4219.0,4295.6,2274319,9586765117.7,170766
2026-06-11,INE0FFK01017,NPST,EQ,1650.7,1679.8,1525.0,1531.0,1526.4,1650.7,58308,92921653.4,6876
2026-06-11,INE870H01013,NETWORK18,EQ,30.55,30.58,29.3,29.72,29.9,30.4,8447135,252278218.36,21927
2026-06-11,INE794A01010,NEULANDLAB,EQ,16800.0,17239.0,16711.0,16973.0,16911.0,16946.0,50931,869262035.0,16320
2026-06-11,INE619B01017,NEWGEN,EQ,467.0,467.0,452.9,455.25,454.95,471.1,676073,310246225.55,23422
2026-06-11,INE0PW501021,NEWJAISA,ST,15.4,15.4,14.65,14.7,14.7,15.4,24000,356550.0,15
2026-06-11,INE0TP801012,NMSTEEL,SM,25.0,25.0,23.5,23.5,23.5,25.5,3200,77600.0,2
2026-06-11,INE747B01016,NEXTMEDIA,EQ,4.0,4.0,3.76,3.78,3.78,3.86,14992,57685.57,87
2026-06-11,INE0NDH25011,NXST,RR,154.21,155.63,154.21,155.03,154.88,154.84,116818,18109802.39,2343
2026-06-11,INE0T1501010,NFPSAMPOOR,SM,22.9,25.05,22.9,25.0,25.05,22.8,346000,8494800.0,157
2026-06-11,INE887E01022,NGLFINE,EQ,2813.9,2843.0,2678.4,2716.5,2774.9,2811.8,10705,29560722.6,1720
2026-06-11,INE557F07181,893NHB29,N6,5500.1,5530.0,5500.1,5516.77,5510.0,5521.0,38,209304.0,7
2026-06-11,INE848E01016,NHPC,EQ,72.72,72.8,71.62,72.13,72.25,72.67,14035849,1014556894.0,54649
2026-06-11,INE149O01018,NIBE,EQ,1494.0,1494.0,1413.0,1435.1,1439.0,1502.7,158585,229863765.4,8881
2026-06-11,INE0J6L01013,NIDAN,SM,14.0,14.0,13.7,13.7,13.7,13.65,9000,123900.0,6
2026-06-11,INE342G01023,NIITMTS,EQ,217.07,217.14,210.03,211.96,211.2,216.78,243101,51876841.48,8918
2026-06-11,INE161A01038,NIITLTD,EQ,91.12,92.47,83.3,85.05,85.79,93.52,1820655,159032073.74,14851
2026-06-11,INE0FLF01015,NIKITA,SM,78.0,78.0,77.05,78.0,78.0,79.25,4800,373260.0,3
2026-06-11,INE937C01029,NILAINFRA,EQ,7.89,7.89,7.74,7.77,7.84,7.81,141355,1103181.2,349
2026-06-11,INE00S901012,NILASPACES,EQ,12.28,12.28,11.66,11.92,12.14,11.9,581593,6909253.59,1321
2026-06-11,INE445D01013,NILE,EQ,1683.6,1704.8,1650.0,1675.6,1682.0,1682.6,951,1595255.9,274
2026-06-11,INE310A01015,NILKAMAL,EQ,1253.0,1267.7,1250.2,1256.4,1252.0,1252.3,565,709394.0,117
2026-06-11,INE875B01015,NIMBSPROJ,BE,206.0,207.0,196.04,201.06,201.5,206.35,851,170100.61,83
2026-06-11,INE395U01014,NINSYS,BE,709.0,724.3,683.5,689.9,693.9,709.45,2211,1529770.75,137
2026-06-11,INF204KB15I9,BANKBEES,EQ,564.99,573.2,564.01,569.24,569.5,567.99,1050078,597982942.7,8616
2026-06-11,INF204KA1LD7,CONSUMBEES,EQ,126.31,126.31,122.24,122.66,122.82,123.23,47973,5889677.88,930
2026-06-11,INF204KA1MS3,DIVOPPBEES,EQ,76.36,76.36,75.05,75.23,76.0,76.42,62350,4690831.43,1191
2026-06-11,INF204KB18I3,NV20BEES,EQ,139.77,140.88,138.92,139.74,140.19,139.77,8052,1126475.59,150
2026-06-11,INF204KB17I5,GOLDBEES,EQ,114.4,119.92,113.33,119.28,119.25,121.15,42321173,5050889616.32,149244
2026-06-11,INF204KB19I1,HNGSNGBEES,EQ,482.4,484.9,475.52,481.23,483.5,484.07,126404,60763435.44,6379
2026-06-11,INF732E01268,INFRABEES,EQ,932.19,936.87,928.87,930.67,932.49,936.87,6399,5966600.44,631
2026-06-11,INF204KB15V2,ITBEES,EQ,32.2,32.2,30.58,30.88,30.99,31.42,18847667,580881532.73,31168
2026-06-11,INF732E01045,JUNIORBEES,EQ,757.63,757.63,737.56,738.48,739.34,746.62,291787,216197024.06,9843
2026-06-11,INF732E01037,LIQUIDBEES,EQ,997.0,1000.01,997.0,1000.0,999.99,999.99,2570991,2570999656.84,4021
2026-06-11,INF204KB1882,LTGILTBEES,EQ,29.51,29.51,29.41,29.42,29.44,29.46,806958,23755199.11,599
2026-06-11,INF204KB1V68,MID150BEES,EQ,226.26,226.4,224.15,224.73,224.96,226.03,673780,151760080.17,8304
2026-06-11,INF204K014N5,NIF100BEES,EQ,256.34,259.34,254.59,255.51,258.0,256.34,14126,3614388.45,506
2026-06-11,INF204KB14I2,NIFTYBEES,EQ,263.08,264.35,261.35,262.63,262.94,263.08,6089765,1601165681.66,47425
2026-06-11,INF204KB16I7,PSUBNKBEES,EQ,93.76,93.76,92.27,92.73,92.89,93.76,4597373,426070888.74,7009
2026-06-11,INF732E01128,SHARIABEES,EQ,465.88,465.88,448.41,449.86,454.62,454.52,7302,3286085.51,657
2026-06-11,INE298J01013,NAM-INDIA,EQ,1055.1,1061.3,1037.9,1041.6,1049.0,1061.5,505732,529260897.1,18927
2026-06-11,INF204KC1FU1,LIQGRWBEES,EQ,1043.15,1043.15,1043.0,1043.01,1043.02,1042.86,64860,67650247.22,152
2026-06-11,INF204KC1GH6,MANUFGBEES,EQ,154.37,156.5,154.21,154.75,156.5,155.13,4949,767074.84,78
2026-06-11,INF204KC1337,AUTOBEES,EQ,259.13,267.05,259.13,265.38,266.35,265.78,70352,18635132.45,1868
2026-06-11,INF204KC1089,PHARMABEES,EQ,24.17,25.4,24.17,24.98,24.98,24.79,8240703,205537355.78,8655
2026-06-11,INF204KC1402,SILVERBEES,EQ,220.98,223.15,219.22,221.38,221.45,220.59,27047408,5980544653.08,91560
2026-06-11,INF204KC1EZ3,SNXT30BEES,EQ,41.38,41.38,41.0,41.0,41.0,41.38,4800,197277.58,65
2026-06-11,INE368I01016,NIRAJ,BE,28.4,29.0,27.9,28.6,28.6,28.4,22064,623322.79,61
2026-06-11,INE910A01012,NIRLON,EQ,625.7,625.7,618.7,619.85,619.1,620.05,4183,2593647.55,241
2026-06-11,INE0OK701014,NIRMAN,SM,43.7,43.7,43.0,43.15,43.15,46.1,13200,573015.0,32
2026-06-11,INE858F01012,NITCO,EQ,97.99,98.48,92.41,93.75,93.5,97.25,358479,34239032.27,3547
2026-06-11,INE229H01012,NITINSPIN,EQ,523.0,556.0,521.5,533.75,535.0,524.1,276328,150240052.75,11109
2026-06-11,INE439T01012,NITIRAJ,EQ,190.0,202.0,184.0,196.55,196.09,184.63,43916,8492720.37,1025
2026-06-11,INE265B01019,NITTAGELA,EQ,1454.6,1484.5,1299.9,1323.8,1322.0,1456.0,20261,27732426.6,2227
2026-06-11,INE995S01015,NIVABUPA,EQ,83.35,85.66,82.41,82.97,82.64,84.19,1074888,90331851.73,13443
2026-06-11,INE542C01019,NKIND,EQ,64.2,68.0,63.5,65.75,63.5,64.2,6,391.4,5
2026-06-11,INE589A01014,NLCINDIA,EQ,308.0,314.1,305.1,310.35,311.75,309.6,12107535,3749129084.85,83705
2026-06-11,INE579F24032,805NMC31,N3,126.25,126.25,126.25,126.25,126.25,127.8,100,12625.0,1
2026-06-11,INE579F24057,805NMC32,N4,126.9,126.9,126.9,126.9,126.9,126.9,501,63576.9,3
2026-06-11,INE579F24081,805NMC34,N6,126.5,126.5,126.5,126.5,126.5,126.5,100,12650.0,1
2026-06-11,INE579F24073,805NMC35,N7,127.8,127.8,127.8,127.8,127.8,127.8,1990,254322.0,2
2026-06-11,INE584A01023,NMDC,EQ,87.86,88.99,87.45,88.47,88.75,88.45,20240371,1787730047.57,60171
2026-06-11,INE0NNS01018,NSLNISP,EQ,46.9,47.35,45.25,45.51,45.74,47.36,8324325,383806844.45,25112
2026-06-11,INE163A01018,NOCIL,EQ,162.36,163.0,155.64,156.62,156.8,161.55,308344,48900325.51,4355
2026-06-11,INE781B01015,NOIDATOLL,BE,4.97,4.98,4.76,4.98,4.98,4.75,183839,902429.19,327
2026-06-11,INE369C01017,NORBTEAEXP,EQ,78.6,78.6,74.0,74.06,74.0,76.7,742,55888.45,31
2026-06-11,INE553C01016,NECCLTD,EQ,18.84,19.5,16.38,16.85,16.38,18.01,1464672,26793662.3,3889
2026-06-11,INE850M01015,NORTHARC,EQ,285.25,287.4,275.95,277.65,278.4,287.4,334302,93762439.15,8736
2026-06-11,INE02H701025,NOVAAGRI,EQ,28.3,28.47,27.21,27.54,27.6,28.14,84889,2367373.41,526
2026-06-11,INE234A01025,NOVARTIND,EQ,1324.5,1347.5,1310.0,1329.7,1336.0,1321.1,11516,15268444.0,1034
2026-06-11,INE349A01021,NRBBEARING,EQ,435.0,446.4,429.6,435.7,438.1,436.2,874828,383123082.25,18052
2026-06-11,INE047O01014,NIBL,EQ,32.0,32.0,30.21,30.57,30.21,31.12,6595,204090.59,121
2026-06-11,INE0ONG01011,NTPCGREEN,EQ,98.32,98.38,96.9,97.07,97.08,98.32,1850458,180261207.48,25377
2026-06-11,INE733E01010,NTPC,EQ,352.0,353.35,348.8,351.85,352.0,351.65,15079402,5302366308.3,103531
2026-06-11,INE096B01018,NUCLEUS,EQ,778.0,797.6,742.5,751.15,750.1,802.85,377794,290735439.35,21292
2026-06-11,INE0JM501013,NRL,EQ,75.56,76.24,73.61,75.12,75.0,75.27,127776,9627324.61,949
2026-06-11,INE0DSF01015,NURECA,EQ,228.05,232.2,226.55,230.5,230.05,229.7,7756,1771115.35,385
2026-06-11,INE531F01023,NUVAMA,EQ,1506.1,1538.7,1497.6,1510.2,1517.6,1522.2,581421,884240254.5,25519
2026-06-11,INE118D01016,NUVOCO,EQ,306.6,308.6,300.2,301.3,300.5,309.7,392505,118938813.55,11794
2026-06-11,INE093I01010,OBEROIRLTY,EQ,1594.0,1597.9,1575.1,1582.7,1592.3,1591.6,162537,257412127.3,11850
2026-06-11,INE0YHV01011,OBSCP,SM,522.55,537.95,505.0,510.2,511.0,514.8,69200,36250440.0,169
2026-06-11,INE0PK601023,OCCLLTD,BE,122.2,128.0,122.02,122.86,122.05,128.44,111919,13775875.99,447
2026-06-11,INE054301028,ODIGMA,EQ,20.89,21.2,20.0,20.91,20.99,20.5,26807,557685.97,330
2026-06-11,INE213A01029,ONGC,EQ,252.95,256.5,250.05,252.6,252.5,251.9,13516341,3423209565.45,103992
2026-06-11,INE591A01010,OILCOUNTUB,BE,55.81,56.99,55.8,56.1,56.1,56.15,9083,510103.14,102
2026-06-11,INE274J01014,OIL,EQ,429.65,438.0,426.15,429.35,430.0,427.35,9429122,4064487177.4,104343
2026-06-11,INE0LXG01040,OLAELEC,EQ,46.75,48.19,43.42,45.54,45.37,47.32,384407728,17500910986.41,407125
2026-06-11,INE260D01016,OLECTRA,EQ,1264.5,1281.9,1243.6,1252.4,1246.0,1276.4,417873,527288599.7,22662
2026-06-11,INE1BZC01019,OMFREIGHT,EQ,82.45,83.5,76.3,82.1,81.15,82.45,41744,3321129.89,788
2026-06-11,INE239D01028,OMINFRAL,EQ,81.37,82.19,78.79,80.44,80.0,81.37,39509,3191143.91,815
2026-06-11,INE25E901019,OMPOWER,EQ,177.0,183.49,172.18,175.31,175.1,175.09,310678,55532654.53,4431
2026-06-11,INE090B01011,OMAXAUTO,BE,227.62,227.62,216.24,216.24,216.24,227.62,41835,9148381.6,607
2026-06-11,INE800H01010,OMAXE,EQ,74.56,80.99,73.6,74.3,74.96,74.58,5234017,404551635.47,20935
2026-06-11,INE338Y01016,OMFURN,ST,53.05,56.55,53.05,53.65,53.65,54.95,15600,833160.0,6
2026-06-11,INE0UH301010,OMNI,EQ,493.05,502.45,445.0,453.0,453.35,492.3,683057,321378867.45,25843
2026-06-11,INE00ER01015,ONDOOR,ST,172.0,174.8,170.0,174.0,174.0,174.15,10500,1814100.0,16
2026-06-11,INE982J01020,PAYTM,EQ,1061.7,1063.2,1014.0,1023.1,1025.6,1066.3,2148487,2214933129.3,46156
2026-06-11,INE0HLU01028,MOBIKWIK,EQ,191.0,192.36,188.0,189.14,188.75,192.36,774006,147335295.1,8541
2026-06-11,INE840Y01029,ONEPOINT,EQ,55.7,57.4,54.93,56.08,55.69,55.98,1359821,76168895.71,6573
2026-06-11,INE0OPS01011,OLIL,ST,449.4,449.4,449.0,449.0,449.0,437.5,800,359360.0,2
2026-06-11,INE912L01015,ONELIFECAP,BE,26.03,26.1,25.05,25.21,25.21,26.03,39197,1007757.46,98
2026-06-11,INE12F801023,KISSHT,EQ,269.0,272.35,257.0,259.7,260.8,269.65,2441150,642074717.0,25301
2026-06-11,INE013P01021,ONESOURCE,EQ,1681.2,1697.3,1634.9,1651.4,1641.1,1699.6,100140,166922251.9,15183
2026-06-11,INE809I01019,ONMOBILE,EQ,50.0,50.11,48.06,48.46,48.5,49.55,100150,4900031.5,1358
2026-06-11,INE229A01017,ONWARDTEC,EQ,248.55,253.45,247.3,250.2,250.0,252.95,30736,7700087.9,1190
2026-06-11,INE350C01017,OPTIEMUS,EQ,422.3,424.9,410.8,413.35,413.7,421.9,65597,27385759.3,3197
2026-06-11,INE15B101011,OPTIVALUE,SM,80.0,81.0,77.6,78.0,78.0,78.95,24000,1907920.0,13
2026-06-11,INE881D01027,OFSS,EQ,9349.5,9439.0,9050.0,9265.5,9293.0,9470.0,385982,3568270869.0,55099
2026-06-11,INE231G01010,ORBTEXP,EQ,197.9,203.12,191.0,192.18,191.0,194.96,7758,1537855.56,317
2026-06-11,INE215B01022,ORCHASP,EQ,2.0,2.0,1.94,1.96,1.98,1.97,191217,374121.27,187
2026-06-11,INE191A01027,ORCHPHARMA,EQ,845.0,875.95,827.9,845.95,838.4,850.95,166387,141760967.7,11766
2026-06-11,INE0OUT01019,ORIANA,SM,1585.25,1611.9,1545.05,1570.0,1588.85,1616.3,115350,181552068.75,1154
2026-06-11,INE730A01022,ORICONENT,EQ,54.11,56.5,54.11,55.9,56.5,55.28,89741,4971855.4,1198
2026-06-11,INE607D01018,ORIENTBELL,EQ,322.5,322.5,310.55,316.15,313.6,320.7,3531,1127496.7,346
2026-06-11,INE876N01018,ORIENTCEM,EQ,130.83,130.97,129.07,129.89,130.3,130.84,104301,13550884.41,1957
2026-06-11,INE569C01020,ORIENTCER,EQ,38.5,38.5,37.25,37.46,37.3,38.19,28556,1077876.77,254
2026-06-11,INE142Z01019,ORIENTELEC,EQ,174.82,175.76,171.25,174.15,173.5,173.4,53624,9327935.6,1564
2026-06-11,INE999K01014,GREENPOWER,EQ,10.92,10.99,10.75,10.82,10.82,11.09,2707410,29297561.59,4662
2026-06-11,INE750A01020,ORIENTHOT,EQ,101.0,105.9,98.64,103.32,103.2,101.5,308094,31616083.84,2751
2026-06-11,INE592A01026,ORIENTPPR,EQ,17.3,17.42,16.5,16.86,16.99,17.27,254731,4293797.39,995
2026-06-11,INE609C01024,ORIENTLTD,EQ,58.3,59.49,57.1,57.99,58.0,59.04,1459,84202.96,56
2026-06-11,INE0PPK01015,ORIENTTECH,EQ,249.0,249.0,242.1,245.1,247.0,249.15,91841,22436796.7,3165
2026-06-11,INE959C01023,OAL,EQ,341.95,342.0,318.35,322.4,323.0,339.35,17291,5686980.65,827
2026-06-11,INE998H01012,ORIENTALTL,EQ,6.26,7.65,6.07,6.31,6.31,6.38,183385,1191108.24,421
2026-06-11,INE426Z01016,OBCL,EQ,57.2,62.0,56.92,58.77,58.8,57.37,32772,1944407.92,407
2026-06-11,INE725E01024,ORISSAMINE,EQ,3948.1,3948.5,3840.0,3854.1,3841.0,3948.5,3937,15290843.6,1049
2026-06-11,INE16NZ01023,ORKLAINDIA,EQ,609.3,620.05,603.3,610.4,604.5,613.45,60799,37087970.55,4049
2026-06-11,INE849L01019,ORTEL,BZ,1.62,1.77,1.62,1.69,1.69,1.7,11530,19112.27,29
2026-06-11,INE749B01020,ORTINGLOBE,BE,18.0,18.0,17.12,17.78,17.78,18.02,3978,69751.81,58
2026-06-11,INE0RMF01018,OSELDEVICE,SM,451.0,455.8,411.6,449.15,449.0,451.0,29200,12735090.0,137
2026-06-11,INE06IR01021,OSIAHYPER,BE,2.85,3.05,2.85,2.97,2.99,2.95,1488459,4435388.88,1070
2026-06-11,INE142A01012,OSWALAGRO,BE,42.49,44.57,42.03,42.53,42.5,42.45,30773,1331166.48,144
2026-06-11,INE143A01010,OSWALGREEN,EQ,23.0,23.45,22.55,22.81,22.7,22.75,172352,3941982.82,918
2026-06-11,INE0BYP01024,OSWALPUMPS,EQ,385.85,387.05,371.2,372.65,374.65,387.35,587452,221936627.55,14033
2026-06-11,INE0R8M01017,OWAIS,SM,93.9,93.95,89.45,90.25,90.5,94.15,55400,5062775.0,275
2026-06-11,INE953R01016,PNGJL,EQ,535.0,542.9,528.55,537.35,536.1,537.7,129381,69334032.6,5433
2026-06-11,INE0XUS01012,PSRAJ,ST,415.0,415.0,404.7,405.0,405.0,426.0,8500,3447825.0,13
2026-06-11,INE179A01014,PGHH,EQ,9032.0,9054.0,8955.0,9024.5,9030.0,9030.5,10869,97944034.5,3066
2026-06-11,INE0S3G01027,PACEDIGITK,EQ,183.39,186.26,182.2,184.37,184.42,187.34,706343,130310071.84,7871
2026-06-11,INE761H01022,PAGEIND,EQ,37890.0,38420.0,37545.0,37740.0,37800.0,37955.0,24551,930897635.0,9412
2026-06-11,INE420C01059,PAISALO,EQ,59.0,59.7,58.1,58.51,58.4,59.51,8560549,506207628.18,19594
2026-06-11,INE551D01018,PAKKA,EQ,79.06,80.39,76.55,77.44,78.0,80.19,38025,2979332.98,721
2026-06-11,INE471W01019,PALASHSECU,EQ,93.5,94.4,91.6,93.46,94.4,92.57,330,30788.32,36
2026-06-11,INE218G01033,PALREDTEC,BE,45.0,45.0,42.75,43.06,43.06,45.0,7419,324650.97,42
2026-06-11,INE922B01023,PANACEABIO,EQ,545.0,565.0,515.0,522.3,527.5,547.0,1294388,696760312.55,37998
2026-06-11,INE895W01019,PANACHE,EQ,374.95,374.95,359.6,366.0,365.95,370.1,14613,5332469.35,2869
2026-06-11,INE305C01029,PANAMAPET,EQ,369.85,384.7,367.35,375.85,375.0,381.55,1050304,395015694.75,21703
2026-06-11,INE697V01011,PANSARI,EQ,270.0,279.4,270.0,279.4,279.4,277.3,5,1387.6,4
2026-06-11,INE04LG01015,PAR,EQ,87.0,88.77,85.01,85.85,85.85,87.81,2261,194290.91,75
2026-06-11,INE088F01024,PARADEEP,EQ,123.5,123.7,120.49,121.51,121.59,123.81,2252117,273968495.95,17825
2026-06-11,INE883N01014,PARAGMILK,EQ,236.9,236.9,228.1,230.69,229.15,237.74,416022,96443684.71,7280
2026-06-11,INE0N4G01012,PARAGON,SM,47.0,47.0,44.1,45.7,45.7,46.0,6000,272760.0,5
2026-06-11,INE074B01023,PARACABLES,EQ,62.56,64.48,59.8,60.85,60.7,62.66,2728744,169838852.36,12800
2026-06-11,INE0TG801013,PARAMOUNT,ST,40.5,40.5,40.5,40.5,40.5,42.25,1200,48600.0,1
2026-06-11,INE0Q6001012,PSFL,SM,29.5,29.5,29.5,29.5,29.5,29.5,2000,59000.0,1
2026-06-11,INE045601023,PARAS,EQ,1028.0,1044.85,968.1,989.1,992.0,1040.5,3765768,3772902576.55,103700
2026-06-11,INE162C01024,PARASPETRO,EQ,2.03,2.03,1.86,1.88,1.89,1.89,62898,119778.32,262
2026-06-11,INE00U801010,PARIN,SM,713.0,729.55,710.05,720.15,724.95,716.5,34250,24669412.5,120
2026-06-11,INE119201023,PARKHOSPS,EQ,279.5,285.35,270.0,273.25,275.5,280.1,571230,157932657.7,10992
2026-06-11,INE988S01028,PARKHOTELS,EQ,115.5,116.0,111.59,112.63,111.9,115.56,475069,53911872.74,3496
2026-06-11,INE561H01026,PARSVNATH,BE,3.38,3.38,3.38,3.38,3.38,3.44,52705,178142.9,125
2026-06-11,INE1H7V01011,PARTH,ST,427.0,445.0,427.0,430.0,430.0,427.1,6000,2624960.0,12
2026-06-11,INE06ZX01015,PARTYCRUS,SM,99.0,99.0,99.0,99.0,99.0,100.0,1000,99000.0,1
2026-06-11,INE124Y01028,PASHUPATI,EQ,90.6,90.6,86.0,87.88,87.9,87.9,569303,49953928.8,3868
2026-06-11,INE818B01023,PASUPTAC,BE,70.05,71.25,67.48,67.48,67.48,71.03,179117,12340325.9,690
2026-06-11,INE619A01035,PATANJALI,EQ,419.6,423.5,413.75,419.1,418.5,419.6,4924164,2060535297.7,80455
2026-06-11,INE244B07243,1025PATE28,N0,99341.55,99341.55,99341.0,99341.0,99341.0,99300.0,17,1688805.8,2
2026-06-11,INE244B01030,PATELENG,EQ,26.5,26.9,26.13,26.2,26.26,26.92,2432161,64361751.87,7691
2026-06-11,INE529D01014,PATINTLOG,EQ,13.7,13.7,12.76,12.87,12.89,13.43,102536,1332984.18,432
2026-06-11,INE0R8B01010,PATELRMART,EQ,206.0,216.78,202.41,208.82,207.61,205.92,285955,60274612.29,6836
2026-06-11,INE17GV01016,PATILAUTOM,ST,180.0,185.0,180.0,180.0,180.0,181.15,10200,1851240.0,16
2026-06-11,INE291E01019,PML,EQ,500.0,518.4,491.5,518.4,518.4,506.95,59,29183.8,8
2026-06-11,INE111F01024,PAUSHAKLTD,EQ,451.0,464.4,443.6,452.05,452.2,453.85,7332,3333993.2,590
2026-06-11,INE07S101038,PAVNAIND,BE,16.25,16.6,15.77,16.15,16.39,16.25,90621,1464387.53,162
2026-06-11,INE417T01026,POLICYBZR,EQ,1503.9,1531.6,1490.5,1504.2,1509.0,1509.6,1054191,1590330574.6,38415
2026-06-11,INE785M01021,PCJEWELLER,EQ,8.63,8.9,8.47,8.74,8.7,8.65,63711610,554013509.32,21513
2026-06-11,INE602A01031,PCBL,EQ,284.0,284.0,275.7,277.75,276.3,287.15,498358,139262033.5,11781
2026-06-11,INE389Z07062,PCPL27,N0,100665.8,100665.8,100665.8,100665.8,100665.8,100607.78,1,100665.8,1
2026-06-11,INE111Q01021,PDSL,EQ,302.25,302.25,296.15,300.35,301.3,302.25,56232,16852677.6,7758
2026-06-11,INE940H01022,PGIL,EQ,1640.0,1641.7,1606.5,1622.5,1640.0,1641.7,22010,35713498.9,3587
2026-06-11,INE844A01013,PEARLPOLY,BE,18.5,18.5,18.0,18.1,18.1,18.49,1193,22001.6,14
2026-06-11,INE0VG601013,PELATRO,SM,256.5,259.0,256.5,258.1,258.1,256.5,1800,464280.0,6
2026-06-11,INE138A01028,PENINLAND,BE,14.86,14.87,14.35,14.59,14.55,14.88,117647,1713874.34,302
2026-06-11,INE932A01024,PENIND,EQ,151.36,151.36,147.5,147.83,147.8,151.8,248833,37070810.41,3853
2026-06-11,INE0ORS01017,PENTAGON,SM,59.75,59.85,55.55,55.55,55.55,58.1,4000,235000.0,3
2026-06-11,INE262H01021,PERSISTENT,EQ,4805.5,4932.0,4732.5,4874.0,4885.0,4928.0,746944,3617303220.5,76726
2026-06-11,INE998U01015,PCCL,SM,285.8,285.8,263.1,271.55,263.1,279.0,1200,331560.0,3
2026-06-11,INE347G01014,PETRONET,EQ,267.5,267.85,261.15,263.05,263.2,268.3,9984416,2619290233.75,35605
2026-06-11,INE134E07DP0,7PFCL31,N3,805.0,996.99,805.0,974.0,974.0,997.0,20,17812.99,4
2026-06-11,INE134E07DS4,705PFCL41,,999.98,999.98,999.98,999.98,999.98,994.99,200,199996.0,8
2026-06-11,INE134E07DU0,730PFCL41,NC,975.0,975.0,970.0,970.0,970.0,970.0,330,320750.0,4
2026-06-11,INE182A01018,PFIZER,EQ,4537.8,4610.2,4445.0,4572.9,4520.0,4537.8,40742,184438989.6,13519
2026-06-11,INE140A07765,920PFL28,N2,1065.25,1065.25,1065.25,1065.25,1065.25,1018.0,20,21305.0,1
2026-06-11,INE457L01029,PGEL,EQ,462.95,469.95,457.0,459.0,460.45,465.9,2181841,1011631307.4,30796
2026-06-11,INE0MLZ01019,PHANTOMFX,SM,167.5,169.95,165.0,165.0,165.0,167.35,2100,351885.0,7
2026-06-11,INE0LP301011,PWL,EQ,105.8,107.28,104.33,105.95,106.65,107.1,4386059,463478210.54,30439
2026-06-11,INE603J01030,PIIND,EQ,2800.0,2819.7,2772.2,2801.2,2806.6,2807.7,250645,700381240.0,23188
2026-06-11,INE546C01010,PICCADIL,EQ,579.95,579.95,570.45,575.8,574.8,576.3,69813,40127278.4,4455
2026-06-11,INE0YAL01017,PPSL,ST,5.6,5.6,5.6,5.6,5.6,5.85,24000,134400.0,8
2026-06-11,INE318A01026,PIDILITIND,EQ,1505.7,1508.7,1490.0,1498.8,1501.0,1506.5,613282,920270962.8,39583
2026-06-11,INE600A01035,PILITA,BE,8.09,8.34,7.9,7.98,8.0,8.25,45553,363147.19,134
2026-06-11,INE417C01014,PILANIINVS,EQ,4240.0,4249.7,4200.0,4208.7,4200.0,4248.7,921,3888821.4,312
2026-06-11,INE15B701018,PINELABS,EQ,148.4,151.65,144.35,145.18,145.99,150.32,18145903,2673477807.98,79048
2026-06-11,INE156C01018,PIONEEREMB,EQ,24.72,24.97,23.54,24.83,24.89,24.2,3919,96511.71,53
2026-06-11,INE746D01014,PIONRINV,EQ,99.5,99.5,98.7,98.7,98.7,99.35,293,29094.6,8
2026-06-11,INE202B01038,PIRAMALFIN,EQ,1983.5,1997.0,1912.0,1950.2,1951.0,1983.5,216944,422045819.3,17418
2026-06-11,INE0DK501011,PPLPHARMA,EQ,164.21,165.17,160.7,161.31,161.49,164.07,2353297,382496324.86,32551
2026-06-11,INE450D01021,PITTIENG,EQ,923.4,936.5,910.25,930.25,930.0,928.0,19558,18100660.05,1923
2026-06-11,INE751B01018,PIXTRANS,EQ,1571.8,1610.0,1563.9,1594.6,1610.0,1591.9,10695,16952926.1,1232
2026-06-11,INE083C01022,PLASTIBLEN,EQ,169.1,171.57,163.98,168.17,168.2,170.13,9202,1548937.13,452
2026-06-11,INE0PT501018,PLATIND,EQ,210.27,218.8,207.02,215.82,215.0,210.27,108329,23228253.41,2343
2026-06-11,INE0INJ01017,PLAZACABLE,BE,46.82,47.29,44.65,46.22,46.0,46.82,14734,683694.56,160
2026-06-11,INE859A01011,PNBGILTS,EQ,87.75,89.0,85.02,85.47,86.3,89.05,1170892,101613147.34,8680
2026-06-11,INE572E01012,PNBHOUSING,EQ,966.7,969.8,950.0,953.9,961.0,968.5,804966,772232685.6,41230
2026-06-11,INE195J01029,PNCINFRA,EQ,199.0,201.0,196.15,197.94,198.39,200.97,290917,57558024.68,7484
2026-06-11,INE1RDG01013,PNGSREVA,EQ,380.0,380.05,363.1,364.55,367.5,381.05,96151,35592054.3,3662
2026-06-11,INE371C01013,PODDARMENT,EQ,251.55,293.3,247.0,256.9,255.0,251.0,20891,5583165.65,469
2026-06-11,INE637C01025,POKARNA,EQ,815.0,843.05,804.4,818.5,815.35,812.6,80120,66158764.25,4737
2026-06-11,INE205C01021,POLYMED,EQ,1410.0,1491.0,1403.5,1478.9,1484.9,1417.5,465362,679796311.9,34105
2026-06-11,INE455K01017,POLYCAB,EQ,9480.0,9525.0,9352.5,9372.0,9366.0,9523.5,187312,1765897981.0,29268
2026-06-11,INE633B01018,POLYPLEX,EQ,886.1,897.8,884.9,887.25,885.0,889.6,32934,29216653.9,1523
2026-06-11,INE517M01028,POLYSIL,ST,131.1,135.0,131.1,131.25,131.1,138.0,21500,2829850.0,21
2026-06-11,INE063E01053,POCL,EQ,1206.0,1214.9,1177.2,1183.4,1184.9,1215.1,155603,185453575.5,9135
2026-06-11,INE838E01017,PONNIERODE,EQ,314.3,324.6,311.5,314.9,315.0,314.2,11520,3647357.5,578
2026-06-11,INE511C01022,POONAWALLA,EQ,380.0,380.6,370.05,372.5,371.0,380.2,787522,295365849.65,20894
2026-06-11,INE772T01024,PVSL,EQ,93.2,95.87,92.75,93.07,92.84,95.35,39350,3697111.73,1873
2026-06-11,INE0S3H01017,POSITRON,ST,192.0,195.0,185.75,192.3,193.0,192.0,2400,458340.0,8
2026-06-11,INE134E01011,PFC,EQ,429.9,429.9,412.5,413.55,414.35,431.3,9264298,3866027300.05,81859
2026-06-11,INE752E01010,POWERGRID,EQ,289.25,290.45,286.0,286.65,287.0,287.2,12064071,3475677104.05,82930
2026-06-11,INE557Z01018,PIGL,EQ,96.05,102.36,96.05,100.99,100.1,98.01,56401,5669796.97,978
2026-06-11,INE211R01019,POWERMECH,EQ,2525.4,2629.9,2517.8,2598.4,2604.8,2546.0,114256,296263297.1,21341
2026-06-11,INE0GGX23010,PGINVIT,IV,93.93,93.93,93.7,93.78,93.79,93.79,1005073,94264796.12,4783
2026-06-11,INE921L01032,POWERICA,EQ,466.0,468.9,433.2,440.95,447.0,466.8,920869,411153478.65,21943
2026-06-11,INE095I01015,PPAP,EQ,215.85,246.91,215.85,244.82,246.91,205.76,1470286,352106148.55,19429
2026-06-11,INE0I0M01023,PRABHA,EQ,155.55,159.0,154.7,155.47,155.02,157.12,15953,2490611.81,473
2026-06-11,INE770A01010,PRADPME,EQ,490.3,494.9,470.05,480.8,483.9,497.75,27322,13197148.85,1872
2026-06-11,INE074A01025,PRAJIND,EQ,345.5,350.55,326.0,328.5,328.8,343.75,2064744,694934155.7,47250
2026-06-11,INE505C01016,PRAENG,EQ,20.16,20.9,20.1,20.24,20.11,20.5,24423,495337.14,124
2026-06-11,INE603A01013,PRAKASH,EQ,139.07,140.19,135.37,136.13,135.51,140.47,243439,33399890.26,3786
2026-06-11,INE050001010,PPL,EQ,233.1,242.1,223.6,236.84,234.71,236.49,186713,44098606.41,4177
2026-06-11,INE696K01024,PRAKASHSTL,EQ,4.41,4.41,4.27,4.31,4.33,4.37,62253,268282.12,235
2026-06-11,INE0O7A01017,PRAMARA,SM,135.5,138.7,130.4,136.75,133.0,137.25,78000,10356475.0,125
2026-06-11,INE393P01035,DIAMONDYD,EQ,1128.9,1132.8,1105.0,1121.3,1125.0,1126.3,32836,36729102.8,2664
2026-06-11,INE0QA601016,PRATHAM,SM,116.4,118.25,114.5,115.2,114.5,118.3,21200,2458560.0,38
2026-06-11,INE722B01019,PRAVEG,EQ,221.6,225.0,210.4,212.35,211.0,220.5,186467,40256249.3,2998
2026-06-11,INE546Y01022,PRAXIS,BE,7.61,7.79,7.09,7.18,7.09,7.46,53488,386450.51,75
2026-06-11,INE484I01029,PRECAM,EQ,140.3,142.89,135.35,136.75,136.0,140.66,133728,18440489.8,2778
2026-06-11,INE0HKW01018,PRECISION,SM,7.75,7.75,7.75,7.75,7.75,8.15,4000,31000.0,2
2026-06-11,INE372C01037,PRECWIRE,EQ,391.0,403.35,386.1,388.0,391.5,393.7,260181,102527095.9,11934
2026-06-11,INE283A01014,PRECOT,EQ,664.0,671.95,642.05,664.15,660.0,670.75,13149,8625758.55,572
2026-06-11,INE001E01012,PREMCO,EQ,372.1,372.1,361.1,368.05,372.0,373.6,114,41427.3,23
2026-06-11,INE0BS701011,PREMIERENE,EQ,1065.9,1076.0,1046.2,1058.0,1062.6,1065.9,854495,908696043.3,30084
2026-06-11,INE863B01029,PREMEXPLN,EQ,678.0,703.0,650.0,654.85,658.0,685.5,801624,540371368.35,25113
2026-06-11,INE342A01018,PREMIER,BE,2.9,2.95,2.89,2.94,2.94,2.9,3881,11257.82,26
2026-06-11,INE309M01020,PREMIERPOL,BE,55.94,56.0,54.01,55.07,55.5,55.24,35336,1948129.51,141
2026-06-11,INE0CFG01012,PRLIND,SM,46.0,47.35,45.5,46.75,47.35,46.7,8000,370250.0,8
2026-06-11,INE0M1F01011,PREMIUM,SM,35.95,38.0,35.95,37.05,38.0,36.05,27000,1000350.0,7
2026-06-11,INE0R1601012,PRESSTONIC,SM,30.9,31.95,29.65,29.95,29.9,30.85,72800,2201480.0,52
2026-06-11,INE811K01011,PRESTIGE,EQ,1312.6,1335.9,1311.0,1325.3,1325.0,1328.0,700746,928378436.3,25857
2026-06-11,INE726V01018,PRICOLLTD,EQ,541.0,555.85,532.6,550.5,545.5,543.05,383812,207723919.45,17797
2026-06-11,INE0CQA01020,PRIMECAB,ST,110.0,115.0,110.0,115.0,115.0,110.0,8000,894400.0,5
2026-06-11,INE367G01038,PFOCUS,BE,221.0,234.0,221.0,227.88,227.25,227.28,372888,84700018.42,3153
2026-06-11,INE032B01021,PRIMESECU,EQ,280.5,291.5,278.05,285.7,289.0,281.85,34347,9921380.95,564
2026-06-11,INE607A01022,PRIMO,EQ,23.75,24.81,23.75,24.19,24.2,24.26,225057,5424676.4,1147
2026-06-11,INE689W01016,PRINCEPIPE,EQ,270.0,273.0,266.85,270.5,270.65,272.25,242522,65387355.9,6238
2026-06-11,INE010A01011,PRSMJOHNSN,EQ,118.0,118.44,117.45,117.59,117.5,118.04,107648,12665398.74,4105
2026-06-11,INE974Z01015,PRITI,BE,39.9,39.9,38.01,38.38,39.0,39.06,3498,135765.04,64
2026-06-11,INE583R01029,PRITIKAUTO,EQ,14.01,14.55,13.95,14.04,14.3,14.28,214224,3045544.48,845
2026-06-11,INE392B01011,PNC,EQ,19.61,20.72,19.61,20.0,20.0,19.8,1348,27029.19,123
2026-06-11,INE959A01019,PRIVISCL,EQ,3150.1,3251.8,3110.6,3243.2,3245.0,3131.6,166979,538105805.1,19375
2026-06-11,INE0V9N01017,PRIZOR,ST,862.5,866.8,785.45,830.55,850.0,826.75,51600,42888640.0,119
2026-06-11,INE0VJT01017,PROFX,SM,76.55,76.55,69.8,75.95,75.95,80.0,11200,843600.0,7
2026-06-11,INE199A01012,PGHL,EQ,6234.0,6267.5,6172.0,6207.0,6179.0,6235.0,19120,118821652.5,3606
2026-06-11,INE0BX301013,PROSTARM,EQ,139.0,140.0,137.5,138.19,137.95,140.35,190715,26348984.58,1298
2026-06-11,INE004A01022,PROTEAN,EQ,605.0,605.0,585.4,587.65,588.0,602.8,151439,89690243.2,7540
2026-06-11,INE0ONE01016,PROV,SM,1481.0,1481.0,1481.0,1481.0,1481.0,1480.0,160,236960.0,2
2026-06-11,INE195N01013,PROZONER,EQ,49.37,50.0,47.0,47.78,47.65,49.37,167955,8152674.82,1523
2026-06-11,INE00F201020,PRUDENT,EQ,2719.1,2838.0,2668.1,2816.9,2790.0,2722.4,33494,92688497.8,4685
2026-06-11,INE024D01016,PRUDMOULI,BE,15.4,15.85,14.7,14.87,14.81,15.4,2020,31412.14,20
2026-06-11,INE488V01015,PSPPROJECT,EQ,886.45,919.75,873.35,877.9,876.0,888.1,118280,105784826.05,8074
2026-06-11,INE560K01014,PFS,EQ,30.6,31.29,29.6,29.86,29.87,30.62,1174110,35737664.08,4177
2026-06-11,INE877F01012,PTC,EQ,182.0,184.85,181.02,183.16,182.5,181.49,1345904,246370191.67,19818
2026-06-11,INE596F01018,PTCIL,EQ,18500.0,18598.0,18128.0,18180.0,18138.0,18571.0,9468,173745411.0,3352
2026-06-11,INE034D01049,PTL,EQ,40.24,40.41,39.87,40.02,40.05,40.24,19112,766469.06,792
2026-06-11,INE865T01018,PDMJEPAPER,EQ,81.64,82.39,78.17,79.38,79.52,80.61,53214,4244846.34,1325
2026-06-11,INE608A01012,PSB,EQ,23.74,23.89,23.24,23.4,23.38,23.74,1722233,40440190.88,5088
2026-06-11,INE277B01014,PUNJABCHEM,EQ,988.9,1007.7,975.0,998.4,1000.0,999.2,12468,12340882.6,1058
2026-06-11,INE160A01022,PNB,EQ,106.1,106.84,105.12,106.17,106.43,107.17,27004122,2859762206.42,54258
2026-06-11,INE323I01011,PURVA,EQ,204.97,206.95,198.0,203.39,206.44,205.43,108447,22054586.79,2487
2026-06-11,INE0P5R01014,PURPLEUTED,SM,391.1,391.1,375.55,380.25,382.0,394.45,21000,8058687.5,70
2026-06-11,INE154801018,PUSHPA,SM,108.0,110.95,108.0,109.95,108.0,108.0,9000,977900.0,9
2026-06-11,INE362A01016,PVP,EQ,32.69,32.75,30.25,30.87,30.37,32.61,529141,16752868.31,2085
2026-06-11,INE191H01014,PVRINOX,EQ,953.2,958.5,934.2,945.15,950.0,957.7,148083,139918629.1,13707
2026-06-11,INE0MIS01010,PYRAMID,EQ,165.0,165.0,160.32,161.9,161.7,163.27,14970,2430259.36,612
2026-06-11,INE1G2W01011,QLINE,ST,474.05,507.5,462.2,504.35,506.9,483.35,194400,95046860.0,379
2026-06-11,INE0FMW01018,QMSMEDI,SM,95.9,95.9,90.0,90.4,90.0,91.9,7000,640450.0,7
2026-06-11,INE0GOJ01027,QUADPRO,SM,2.35,2.35,2.15,2.15,2.15,2.25,36000,82200.0,3
2026-06-11,INE0LRY01011,QUADFUTURE,EQ,335.0,343.85,331.0,333.4,332.0,338.4,266427,89727387.0,6534
2026-06-11,INE0O1M01015,QFIL,SM,50.8,50.8,50.7,50.8,50.8,48.4,3000,152300.0,3
2026-06-11,INE0SII01026,QPOWER,BE,1147.0,1172.0,1114.0,1163.0,1170.0,1147.9,204615,235964857.3,5171
2026-06-11,INF082J01408,QGOLDHALF,EQ,119.87,124.8,119.12,119.73,119.65,121.37,140567,16826472.12,1192
2026-06-11,INF082J01499,QNIFTY,EQ,253.4,255.4,253.4,254.0,254.0,254.6,1370,348451.9,38
2026-06-11,INE615P01015,QUESS,EQ,239.99,246.95,238.32,242.12,243.0,238.11,946454,230655805.08,16380
2026-06-11,INE0TNW01017,QUESTLAB,SM,97.55,102.2,97.55,99.75,99.0,100.0,64800,6481500.0,23
2026-06-11,INE306L01010,QUICKHEAL,BE,175.6,175.6,165.15,166.77,167.0,173.04,47739,8047096.13,1005
2026-06-11,INE0K4D01020,QUICKTOUCH,SM,26.25,26.25,25.0,25.6,26.25,25.0,6500,169875.0,13
2026-06-11,INE641R01017,QUINT,EQ,41.85,43.9,41.85,43.55,43.5,42.95,4584,195744.53,19
2026-06-11,INE0KZF01015,QVCEL,SM,24.65,24.65,24.35,24.4,24.65,23.5,54400,1328400.0,6
2026-06-11,INE0NQ801033,RKSWAMY,EQ,97.75,100.89,97.2,98.08,99.0,98.24,18935,1866922.02,475
2026-06-11,INE219Y01026,RMDRIP,EQ,17.15,17.69,16.6,17.69,17.69,16.85,934555,16187317.38,1920
2026-06-11,INE951M01037,RRIL,EQ,20.24,20.46,19.2,20.18,20.0,20.24,38746,781251.89,75
2026-06-11,INE777K01022,RRKABEL,EQ,2168.0,2171.9,2063.9,2128.1,2130.0,2167.5,591539,1254305717.3,49537
2026-06-11,INE616F01022,RSDFIN,EQ,81.0,81.0,80.0,80.0,80.0,79.8,51,4081.0,4
2026-06-11,INE411H01032,RSYSTEMS,EQ,241.1,244.8,234.9,243.15,244.0,240.65,180927,43475809.0,5421
2026-06-11,INE012Q01039,RNBDENIMS,EQ,10.23,10.23,10.0,10.23,10.23,9.75,416984,4261800.82,316
2026-06-11,INE165B01029,RSSOFTWARE,BE,32.45,32.45,31.0,31.27,31.26,31.84,5012,158138.07,57
2026-06-11,INE324L01013,RPPINFRA,EQ,60.75,61.0,59.0,59.46,59.12,60.15,27505,1640219.16,487
2026-06-11,INE2PB023011,RIIT,IV,111.46,112.0,110.8,111.87,111.75,111.46,385811,43175401.91,11317
2026-06-11,INE084Q01012,RACE,BE,115.2,115.2,107.0,107.0,107.0,110.0,581,62912.3,14
2026-06-11,INE02OY01016,RILINFRA,SM,35.3,35.3,34.3,34.75,34.3,35.3,9000,313115.0,38
2026-06-11,INE704B01017,RACLGEAR,EQ,1223.6,1253.8,1216.4,1230.1,1253.8,1238.8,7261,8919760.5,1154
2026-06-11,INE874F01027,RADAAN,EQ,3.2,3.2,3.0,3.07,3.07,3.07,12984,39560.86,91
2026-06-11,INE583V01021,RADHIKAJWE,EQ,55.5,56.2,54.26,55.34,55.95,55.55,135208,7496612.94,1772
2026-06-11,INE855R01021,RADIANTCMS,EQ,38.38,39.85,37.87,39.16,39.25,38.23,148071,5799349.99,1401
2026-06-11,INE944F01028,RADICO,EQ,3470.0,3476.1,3436.5,3449.9,3450.0,3477.1,95250,329190553.3,15838
2026-06-11,INE912T01018,RPEL,EQ,1150.6,1203.0,1110.6,1155.6,1136.5,1150.6,254165,300590291.55,18473
2026-06-11,INE415G01027,RVNL,EQ,226.99,226.99,221.55,222.19,222.8,228.17,5624143,1257769500.24,64590
2026-06-11,INE0DD101019,RAILTEL,EQ,299.7,299.95,293.1,294.5,294.15,302.75,621473,184117169.8,16077
2026-06-11,INE855B01025,RAIN,EQ,197.0,198.0,193.74,194.69,194.7,198.33,3095546,605213283.33,20308
2026-06-11,INE961O01016,RAINBOW,EQ,1326.8,1350.1,1326.8,1339.9,1340.0,1340.6,40681,54533679.5,5937
2026-06-11,INE294G01026,ROML,EQ,44.7,45.4,43.5,44.59,43.9,45.61,6492,288133.22,96
2026-06-11,INE533D01032,RAJRILTD,BE,19.76,20.55,19.76,20.35,20.35,20.15,24148,492633.62,157
2026-06-11,INE952H01027,RAJTV,EQ,12.36,12.36,11.93,12.12,12.03,11.99,28494,343595.46,185
2026-06-11,INE296E01026,RAJPALAYAM,EQ,819.85,819.85,802.2,811.45,803.1,804.15,595,483260.3,70
2026-06-11,INE610C01014,ARENTERP,EQ,36.11,37.0,36.11,36.15,36.15,36.1,214,7755.74,12
2026-06-11,INE343B01030,RAJESHEXPO,BZ,80.43,80.43,80.43,80.43,80.43,84.66,109725,8825181.75,1451
2026-06-11,INE00KV01022,RAJMET,EQ,3.76,4.07,3.42,3.67,3.69,3.79,827874,2989170.46,1155
2026-06-11,INE535F01024,RAJOOENG,EQ,53.5,54.11,53.0,53.25,53.58,53.74,163999,8753352.84,1945
2026-06-11,INE0VHU01019,RAJPUTANA,SM,206.55,206.55,205.0,205.0,205.0,208.75,8000,1644750.0,10
2026-06-11,INE313L01016,RSL,EQ,127.31,128.39,125.26,128.17,127.31,128.02,269586,34411189.29,1840
2026-06-11,INE451D01029,RAJRATAN,EQ,440.7,448.3,435.0,437.5,435.0,441.45,64454,28420889.6,3274
2026-06-11,INE760W01023,RPPL,EQ,18.1,18.1,17.4,17.79,17.8,17.85,26021,463694.67,129
2026-06-11,INE562B01019,RAJSREESUG,EQ,32.54,32.9,31.0,31.41,31.48,32.41,82774,2647766.77,494
2026-06-11,INE613A01020,RALLIS,EQ,226.75,227.02,222.12,222.83,222.8,226.99,218336,48922540.69,10353
2026-06-11,INE207E01023,RAMRAT,EQ,354.0,374.95,354.0,366.8,371.0,359.6,212085,77627423.25,6976
2026-06-11,INE809A01032,RAMAPHO,EQ,121.0,122.9,119.1,121.02,121.84,121.01,15501,1877651.28,466
2026-06-11,INE230R01035,RAMASTEEL,EQ,5.19,5.24,5.14,5.15,5.18,5.21,2088247,10803999.67,3570
2026-06-11,INE14W901010,RTL,ST,87.7,87.7,87.5,87.7,87.7,84.75,6000,525800.0,3
2026-06-11,INE614A01028,RAMCOIND,EQ,287.55,289.95,274.75,279.2,278.0,287.55,136025,38387171.8,3423
2026-06-11,INE246B01019,RAMCOSYS,EQ,541.0,567.6,535.8,549.8,553.95,542.8,398158,219148715.7,19714
2026-06-11,INE0RJH01010,RBS,ST,88.1,88.1,88.1,88.1,88.1,87.6,800,70480.0,1
2026-06-11,INE399G01023,RKFORGE,EQ,555.0,569.05,552.85,561.95,561.0,556.1,391120,220132986.25,13736
2026-06-11,INE874I01013,RAMKY,EQ,431.75,431.8,410.05,415.05,418.0,430.65,123120,51703485.3,2212
2026-06-11,INE625B01014,RANASUG,EQ,12.42,13.03,12.42,12.58,12.6,12.55,238366,3037569.83,717
2026-06-11,INE050H01012,RML,EQ,914.0,914.0,885.0,891.3,891.05,907.7,10378,9335648.15,789
2026-06-11,INE384A01010,RANEHOLDIN,EQ,1383.4,1395.5,1366.0,1371.0,1366.0,1383.4,4816,6637179.5,776
2026-06-11,INE0MVO01012,RAPPID,SM,230.1,230.1,230.1,230.1,230.1,230.35,1200,276120.0,1
2026-06-11,INE0J1F01024,RPTECH,EQ,529.0,540.3,518.85,531.15,537.0,529.15,96117,50913420.5,5343
2026-06-11,INE027A01015,RCF,EQ,124.84,125.29,122.21,124.63,124.99,125.66,1323356,163565364.69,11439
2026-06-11,INE0CLI01024,RATEGAIN,EQ,785.0,797.65,764.3,772.75,768.0,783.6,612451,480255733.4,21326
2026-06-11,INE703B01027,RATNAMANI,EQ,2516.9,2550.0,2500.0,2532.3,2550.0,2516.7,8838,22238727.2,1902
2026-06-11,INE05CZ01011,RATNAVEER,EQ,162.6,170.74,158.56,159.9,160.44,163.0,1974495,327074887.76,16234
2026-06-11,INE834M01019,RTNINDIA,EQ,35.41,35.89,34.69,35.0,35.27,35.57,2160734,76075885.57,8160
2026-06-11,INE399K01017,RTNPOWER,EQ,9.15,9.19,8.96,8.98,9.02,9.19,10690220,96693752.11,11605
2026-06-11,INE722J01012,RKDL,EQ,19.2,19.2,17.3,18.03,18.0,19.15,72410,1306018.9,489
2026-06-11,INE09E501017,RVHL,EQ,51.79,51.79,46.11,47.02,46.11,48.64,91511,4396134.51,614
2026-06-11,INE206N01018,RELTD,EQ,127.0,134.42,125.0,131.87,133.0,126.93,747946,97695192.07,9198
2026-06-11,INE02ID01020,RAYMONDLSL,EQ,744.0,775.4,744.0,769.5,775.4,756.2,176377,134061108.8,7617
2026-06-11,INE301A01014,RAYMOND,EQ,555.0,572.9,551.7,555.05,556.25,552.9,917888,516514906.1,19587
2026-06-11,INE1SY401010,RAYMONDREL,EQ,579.95,586.45,560.0,562.6,566.0,577.05,379632,216923890.35,11080
2026-06-11,INE976G01028,RBLBANK,EQ,355.0,366.4,352.8,359.1,359.4,356.95,6472883,2334660661.7,58161
2026-06-11,INE0NA301016,RBMINFRA,SM,311.0,311.05,301.0,305.0,305.0,307.85,5400,1659630.0,23
2026-06-11,INE0PEQ01016,RBZJEWEL,EQ,134.44,134.44,127.75,128.91,128.86,134.44,45674,5952832.89,1194
2026-06-11,INE10QL01011,READYMIX,SM,75.0,75.0,73.0,73.0,73.0,78.0,3000,221000.0,3
2026-06-11,INE020B01018,RECLTD,EQ,348.5,349.55,335.7,336.85,337.2,348.8,5830091,1981572563.25,64331
2026-06-11,INE891D01026,REDINGTON,EQ,229.6,235.7,227.1,231.04,231.6,229.74,2494814,579894545.92,47906
2026-06-11,INE0LXT01019,REDTAPE,EQ,131.5,132.72,129.5,131.91,132.0,130.85,373631,49051425.35,7984
2026-06-11,INE056I01025,REFEX,EQ,301.15,306.15,295.0,296.05,296.95,303.3,423253,126659467.6,7991
2026-06-11,INE0TNX01015,REFRACTORY,SM,31.0,31.0,31.0,31.0,31.0,32.0,1000,31000.0,1
2026-06-11,INE0MHO01029,REGAAL,BE,81.23,82.7,77.99,80.92,79.1,81.23,79298,6348808.46,362
2026-06-11,INE277C01012,REGENCERAM,EQ,40.95,41.4,39.0,39.87,40.98,40.75,1071,42746.18,57
2026-06-11,INE131B01039,RELAXO,EQ,342.8,354.0,334.0,336.7,337.65,344.6,328607,113040067.45,18507
2026-06-11,INF204KC1030,GILT5YBEES,EQ,65.16,65.24,64.75,65.15,65.15,65.2,1003346,65300251.11,1206
2026-06-11,INE375Y01018,RELIABLE,EQ,145.0,148.98,140.16,144.79,146.0,142.54,79577,11452920.69,1596
2026-06-11,INE750D01016,RELCHEMQ,EQ,122.99,122.99,118.2,119.21,119.01,121.79,2821,337675.82,87
2026-06-11,INE330H01018,RCOM,BE,0.93,0.94,0.91,0.92,0.93,0.94,2447394,2251712.96,1513
2026-06-11,INE217K01011,RHFL,BZ,2.21,2.22,2.11,2.15,2.15,2.18,543526,1183941.36,620
2026-06-11,INE046A01015,RIIL,EQ,779.8,785.85,768.0,772.1,770.15,792.1,54472,42280597.05,2860
2026-06-11,INE002A01018,RELIANCE,EQ,1258.0,1276.0,1253.2,1263.0,1264.5,1258.8,13117486,16603791532.6,208052
2026-06-11,INE614G01033,RPOWER,EQ,26.45,26.48,25.51,25.72,25.76,26.67,36563357,951605426.21,46207
2026-06-11,INE621H01010,RELIGARE,EQ,226.0,231.9,225.02,231.09,230.85,228.17,607919,139877327.09,9626
2026-06-11,INE474C01023,REMSONSIND,EQ,81.58,86.89,80.3,84.47,86.75,81.93,105585,8788032.42,1675
2026-06-11,INE0O5T01011,REMUS,SM,679.0,684.95,679.0,682.8,684.95,680.5,1700,1157695.0,17
2026-06-11,INE722H01024,RGL,EQ,96.37,107.0,95.44,102.67,102.9,96.14,3951547,407567776.38,31413
2026-06-11,INE0VZX01015,RNPL,SM,77.45,77.5,77.35,77.5,77.5,81.4,4800,371640.0,4
2026-06-11,INE612J01015,REPCOHOME,EQ,371.25,374.2,362.4,368.8,370.0,374.1,86342,31726702.2,5788
2026-06-11,INE461B01014,REPRO,EQ,352.0,362.95,340.5,350.8,347.05,354.3,13174,4605077.75,681
2026-06-11,INE688D01026,RESPONIND,EQ,164.99,166.65,160.2,164.43,164.0,164.99,32326,5320806.12,1277
2026-06-11,INE07T201019,RBA,EQ,68.05,68.49,67.71,68.05,68.01,68.2,2061776,140260947.05,7013
2026-06-11,INE0DAB01012,RVTH,EQ,688.25,695.1,686.0,687.15,686.0,688.25,147,101110.8,14
2026-06-11,INE0V2V01015,RFBL,SM,74.25,77.9,74.25,76.8,77.9,73.15,66000,5035350.0,22
2026-06-11,INE0KKN01029,RHETAN,EQ,30.83,31.5,28.84,31.44,31.49,30.83,7851052,237230077.97,7880
2026-06-11,INE743M01012,RHIM,EQ,370.7,370.7,356.4,358.2,360.0,368.85,240034,86676653.2,9969
2026-06-11,INE0J1P01015,RICHA,ST,90.1,92.0,90.1,92.0,92.0,92.65,111000,10208200.0,31
2026-06-11,INE209B01025,RICOAUTO,EQ,133.82,134.58,126.88,127.42,127.95,134.76,3185697,414067788.08,21613
2026-06-11,INE0N2P01017,RISHABH,EQ,524.0,544.95,521.05,536.4,536.0,533.8,102424,54665100.6,4764
2026-06-11,INE01EG01016,RITCO,EQ,246.0,251.0,243.6,247.0,245.15,249.0,82298,20328769.35,776
2026-06-11,INE320J01015,RITES,EQ,201.9,202.15,199.09,200.51,200.5,202.78,299163,59887027.51,10062
2026-06-11,INE786W01010,RKEC,EQ,30.1,30.1,27.09,27.1,27.38,30.1,148610,4054056.48,776
2026-06-11,INE655V01019,RMC,BE,296.55,301.0,285.0,288.7,289.8,300.0,52422,15218536.85,644
2026-06-11,INE0SA001017,RNFI,SM,245.05,245.05,240.0,242.3,242.0,249.0,39600,9582900.0,53
2026-06-11,INE508K01013,RHL,EQ,178.0,180.1,175.25,177.01,176.7,178.16,500,88563.8,14
2026-06-11,INE0PTR01012,ROCKINGDCE,SM,201.0,201.0,162.35,184.25,180.5,201.5,8250,1451525.0,28
2026-06-11,INE645S01024,ROLEXRINGS,EQ,139.9,139.92,136.1,136.78,136.95,139.53,972862,133368856.67,10125
2026-06-11,INE927A01040,ROLLT,BE,2.67,2.67,2.43,2.6,2.63,2.55,879384,2251751.63,512
2026-06-11,INE02A801020,ROSSARI,EQ,508.0,510.4,482.3,488.65,488.1,510.4,84432,41665411.9,3984
2026-06-11,INE847C01020,ROSSELLIND,EQ,54.16,54.91,53.63,53.92,54.06,54.55,9670,523025.85,269
2026-06-11,INE0OJW01016,ROSSTECH,EQ,1022.1,1022.1,956.1,970.8,970.0,1017.2,93372,91314808.3,8641
2026-06-11,INE535D01037,ROTO,EQ,60.12,60.56,57.8,58.16,58.31,60.32,294881,17326453.52,3046
2026-06-11,INE450U01017,ROUTE,EQ,518.35,518.7,507.15,509.55,510.8,518.35,79947,40847801.95,3930
2026-06-11,INE0PDJ01013,ROXHITECH,ST,33.5,33.5,33.0,33.0,33.0,34.7,6400,212240.0,4
2026-06-11,INE0EO401019,ROYALARC,SM,148.0,148.0,148.0,148.0,148.0,149.0,1200,177600.0,1
2026-06-11,INE283H01019,ROHLTD,EQ,311.95,317.55,306.6,308.35,312.0,312.35,12656,3940206.95,587
2026-06-11,INE105J01010,RPGLIFE,EQ,2115.0,2314.7,2108.7,2199.6,2193.0,2108.2,125079,281444643.6,14364
2026-06-11,INE425Y01011,RPSGVENT,EQ,851.1,876.0,850.55,870.15,864.15,868.5,12083,10481106.25,1063
2026-06-11,INE611A01016,RSWM,EQ,203.79,213.0,202.0,205.03,202.0,205.85,308929,64131961.56,6187
2026-06-11,INE642C01025,RUBFILA,EQ,71.01,71.97,70.01,70.16,70.01,71.04,4721,334598.48,170
2026-06-11,INE506V01022,RUBICON,EQ,1184.5,1312.7,1180.0,1285.3,1271.9,1188.1,2539079,3222512971.1,156086
2026-06-11,INE413B01023,RUCHINFRA,EQ,6.11,6.32,6.0,6.05,6.1,6.15,90495,553451.39,161
2026-06-11,INE803H01014,RUCHIRA,EQ,112.94,113.11,107.34,107.97,108.0,112.38,86866,9464537.99,1131
2026-06-11,INE027T01023,RUDRA,BE,17.5,17.72,17.35,17.5,17.72,17.73,11457,200086.68,80
2026-06-11,INE364Z01019,REPL,EQ,73.84,73.84,67.35,69.53,67.35,73.84,10853,770335.51,156
2026-06-11,INE0R7301013,RULKA,SM,92.0,96.95,90.5,96.95,96.95,91.7,4800,447045.0,16
2026-06-11,INE895B01021,RUPA,EQ,146.0,147.29,144.0,144.6,144.0,146.62,41491,6033997.03,1242
2026-06-11,INE573K01025,RUSHIL,EQ,14.88,14.94,14.45,14.59,14.52,14.73,334972,4922104.92,664
2026-06-11,INE0BSN01013,SATECH,SM,39.85,40.5,39.85,40.5,40.5,39.85,2000,80350.0,2
2026-06-11,INE807K01035,SCHAND,EQ,145.29,146.13,142.21,142.87,144.9,146.06,21761,3132708.24,652
2026-06-11,INE500L01026,SHK,EQ,123.07,124.99,120.61,122.08,123.99,122.49,528754,64944456.61,6393
2026-06-11,INE0F3301020,SJLOGISTIC,SM,356.0,356.0,340.0,341.8,340.0,353.75,20500,7096887.5,78
2026-06-11,INE902B01017,S&SPOWER,BE,401.2,428.0,395.65,397.2,395.65,416.45,4316,1740825.35,84
2026-06-11,INE212I01016,SPAL,EQ,802.45,802.45,785.35,794.65,798.0,798.45,8000,6359069.65,1390
2026-06-11,INE658G01014,SALSTEEL,BE,60.0,60.0,56.25,57.84,58.0,59.21,115066,6640533.68,550
2026-06-11,INE0PSK01027,SAAKSHI,SM,244.0,259.0,237.1,256.0,256.0,245.0,28800,7227810.0,37
2026-06-11,INE13B501022,SAATVIKGL,EQ,462.6,483.55,453.6,462.9,462.65,468.3,210102,98601711.3,8058
2026-06-11,INE860T01019,SABEVENTS,BE,6.84,7.19,6.84,6.95,6.95,6.86,7518,52628.91,38
2026-06-11,INE0DZ101013,SABAR,SM,6.05,6.05,5.7,5.9,6.05,5.8,55000,325000.0,10
2026-06-11,INE1ARD01016,SACHEEROME,SM,335.9,346.9,330.05,343.75,345.9,335.9,9600,3243465.0,30
2026-06-11,INE226H01026,SADBHAV,EQ,9.79,9.79,9.11,9.24,9.4,9.4,62031,581492.13,203
2026-06-11,INE764L01010,SADBHIN,EQ,3.15,3.17,3.01,3.01,3.01,3.16,253898,777464.3,306
2026-06-11,INE888C01040,SADHNANIQ,BE,2.23,2.23,2.23,2.23,2.23,2.27,498612,1111904.76,307
2026-06-11,INE0K5H01010,SADHAV,SM,120.0,123.0,120.0,122.95,122.95,120.0,10200,1234650.0,13
2026-06-11,INE429E01023,SAFARI,EQ,1555.0,1555.0,1510.0,1517.6,1515.0,1555.1,80089,123149808.4,4662
2026-06-11,INE17D601016,SAFEENTP,SM,268.6,274.95,255.0,257.65,255.0,272.95,77000,20311975.0,116
2026-06-11,INE229C01021,SAGCEM,EQ,172.12,172.12,166.01,167.53,168.0,171.95,71854,12063791.76,1368
2026-06-11,INE976T01013,SAGARDEEP,EQ,24.88,25.49,24.5,24.5,24.5,24.82,4448,110872.28,61
2026-06-11,INE0W2G01015,SAGILITY,EQ,39.7,39.94,39.05,39.26,39.39,40.14,7778937,307460523.32,36671
2026-06-11,INE0P4701011,SAHAJSOLAR,SM,129.15,132.95,128.0,128.95,128.5,129.15,15200,1979240.0,33
2026-06-11,INE0LEX01011,SAHANA,SM,726.0,726.0,712.9,713.85,716.0,731.05,8750,6296381.25,44
2026-06-11,INE0RBQ01018,SAHASRA,ST,282.0,291.0,271.55,271.95,271.6,285.8,58800,16118660.0,126
2026-06-11,INE280H01015,SAHYADRI,EQ,270.0,270.0,265.15,266.3,267.8,268.65,2288,611779.9,134
2026-06-11,INE570L01029,SAILIFE,EQ,1178.0,1205.0,1177.7,1181.2,1190.0,1188.1,222202,264422608.0,13002
2026-06-11,INE0H9F01037,SAIPARENT,EQ,558.85,579.45,551.15,558.35,560.0,550.65,281705,159567466.85,9787
2026-06-11,INE438K01021,KALAMANDIR,EQ,104.55,105.37,103.01,103.3,103.5,104.86,225175,23385977.85,3035
2026-06-11,INE732S01012,SAKAR,EQ,844.0,870.0,782.0,803.05,811.0,839.0,200688,167171301.15,7729
2026-06-11,INE667G01023,SAKSOFT,EQ,141.68,141.68,137.03,138.17,138.45,142.28,138579,19280724.2,2556
2026-06-11,INE623A01011,SAKHTISUG,EQ,17.47,17.87,17.22,17.62,17.8,17.3,98555,1731698.27,604
2026-06-11,INE190H01024,SAKUMA,BE,1.95,1.95,1.84,1.87,1.88,1.91,670300,1252579.3,796
2026-06-11,INE170V01027,SALASAR,EQ,6.78,6.78,6.3,6.42,6.41,6.77,12144848,78586866.42,7456
2026-06-11,INE498E01010,SALONA,EQ,261.0,272.9,257.15,266.3,272.7,266.65,450,118888.45,58
2026-06-11,INE457F01013,SALZERELEC,EQ,630.5,633.95,615.55,619.4,618.0,634.15,33064,20655254.0,1832
2026-06-11,INE124101010,SAMAY,SM,40.5,40.5,38.95,38.95,38.95,41.0,12000,473800.0,3
2026-06-11,INE699B01027,SAMBHAAV,EQ,6.27,6.43,6.17,6.24,6.21,6.26,18640,116343.85,55
2026-06-11,INE12NJ01018,SAMBHV,EQ,104.75,106.09,102.75,103.79,104.29,104.75,636850,66309995.66,5746
2026-06-11,INE0PZA01015,SAIFL,SM,5.1,5.1,4.95,5.0,5.0,5.05,160000,804000.0,36
2026-06-11,INE08U801020,SAMHI,EQ,158.8,161.12,158.5,159.72,160.0,159.94,644575,103078397.06,14928
2026-06-11,INE148I01020,SAMMAANCAP,EQ,172.66,174.5,167.27,167.97,168.13,174.02,15063544,2571172455.14,49829
2026-06-11,INE735M01018,SAMPANN,EQ,27.0,27.24,26.52,26.88,27.0,26.8,484354,13003466.08,189
2026-06-11,INE775A01035,MOTHERSON,EQ,141.1,141.4,139.27,140.74,140.99,142.21,15466606,2173254143.65,68105
2026-06-11,INE0JPD01013,SANATHAN,EQ,407.0,414.4,403.0,409.05,411.5,414.3,5565,2269731.4,913
2026-06-11,INE583B01015,SANDESH,EQ,930.0,936.4,916.5,930.1,936.0,928.7,58,53987.9,28
2026-06-11,INE278H01035,SANDHAR,EQ,718.6,744.95,711.0,734.65,738.55,718.45,787513,579906636.05,21363
2026-06-11,INE149K01016,SANDUMA,EQ,208.86,210.89,205.2,207.0,207.8,210.05,655624,136121821.73,11396
2026-06-11,INE495C01010,SANGAMIND,EQ,528.7,540.0,516.55,529.35,533.0,528.15,19046,10100844.15,1551
2026-06-11,INE989A01032,SANGHVIMOV,EQ,372.05,378.7,366.65,371.3,372.5,376.35,152270,56642754.6,5861
2026-06-11,INE753W01010,SANGINITA,BE,34.15,34.15,34.15,34.15,34.15,33.49,63317,2162275.55,123
2026-06-11,INE0UOS01011,SANOFICONR,EQ,4730.0,4750.0,4570.0,4601.6,4582.1,4675.0,2351,10863185.6,789
2026-06-11,INE058A01010,SANOFI,EQ,3170.5,3174.6,3140.0,3145.5,3155.0,3176.6,8084,25498379.2,2169
2026-06-11,INE953O01021,SANSERA,EQ,2872.7,2914.8,2843.0,2861.5,2860.0,2881.3,155158,446968838.4,24443
2026-06-11,INE08NE01025,SANSTAR,EQ,114.94,115.79,111.5,111.84,111.5,115.52,153160,17342950.39,2188
2026-06-11,INE890C01046,SANWARIA,BZ,0.23,0.23,0.21,0.22,0.22,0.22,371424,81965.71,128
2026-06-11,INE806T01020,SAPPHIRE,EQ,175.0,175.28,162.37,166.91,166.35,174.9,2344656,391217413.33,36258
2026-06-11,INE0PUC01020,SARTELE,SM,113.05,116.0,106.95,107.55,107.0,115.95,147500,16167450.0,162
2026-06-11,INE967G01019,ZSARACOM,EQ,9304.5,9304.5,9304.0,9304.0,9304.0,9304.5,17,158170.5,8
2026-06-11,INE0PQ101010,SSDL,EQ,54.3,55.7,53.53,54.36,54.45,54.22,11514,625057.12,339
2026-06-11,INE385C01021,SARDAEN,EQ,524.3,526.5,517.1,522.1,523.25,524.3,175317,91325423.3,9707
2026-06-11,INE979A01025,SAREGAMA,EQ,438.05,457.2,433.25,452.3,453.6,438.05,1201669,539248688.5,26556
2026-06-11,INE453D01025,SARLAPOLY,EQ,98.8,99.81,95.0,95.82,96.99,98.97,139652,13618812.61,2218
2026-06-11,INE0PCL01011,SAROJA,SM,32.4,33.0,32.3,32.3,32.3,33.95,8000,259680.0,5
2026-06-11,INE017W01010,SMLT,EQ,72.22,72.22,67.65,68.82,69.26,71.87,15929,1103977.94,305
2026-06-11,INE324X01026,SARVESHWAR,BE,3.51,3.51,3.36,3.43,3.45,3.52,965073,3297215.99,1619
2026-06-11,INE231F01020,SASKEN,EQ,2225.0,2249.9,2035.5,2072.9,2096.4,2261.6,112524,236910253.1,8815
2026-06-11,INE0NB801022,SATKARTAR,ST,164.9,164.9,156.75,157.25,157.0,165.0,12800,2033040.0,16
2026-06-11,INE0RFP01011,SSEGL,SM,327.2,338.0,321.05,327.3,329.75,331.9,26200,8660110.0,104
2026-06-11,INE0RPM01017,SATIPOLY,SM,39.0,39.0,38.95,38.95,38.95,40.95,2500,97450.0,5
2026-06-11,INE170E01023,SATIA,EQ,53.6,54.22,52.2,52.6,52.99,53.49,181040,9521547.19,1585
2026-06-11,INE836B01017,SATIN,EQ,233.0,236.5,216.36,219.69,218.25,233.83,573960,128881755.87,11910
2026-06-11,INE14DW01018,SATTVAENGG,SM,64.75,64.75,61.0,61.0,61.0,64.95,9600,609680.0,4
2026-06-11,INE626A01014,SAURASHCEM,EQ,57.61,58.57,56.73,56.89,57.12,57.61,35338,2020333.31,437
2026-06-11,INE035D01020,SOTL,EQ,551.5,566.85,540.5,543.6,540.5,550.55,157606,87237372.6,6885
2026-06-11,INE0UCN01017,SAVY,SM,135.0,135.0,132.0,133.1,132.5,139.95,9600,1284660.0,8
2026-06-11,INE10VS01016,SAWALIYA,SM,288.8,288.8,273.1,279.4,280.0,282.75,63600,17798040.0,43
2026-06-11,INE318C01014,SAYAJIHOTL,EQ,282.0,282.0,282.0,282.0,282.0,290.0,4,1128.0,2
2026-06-11,INE04AK01028,SBC,EQ,36.98,37.26,36.61,36.97,36.94,36.83,11013329,407750441.59,3702
2026-06-11,INE423Y01016,SBFC,EQ,90.74,91.49,89.53,89.86,89.85,91.63,329981,29808641.95,6338
2026-06-11,INE018E01016,SBICARD,EQ,579.0,579.0,565.45,568.25,569.0,580.7,630981,360683599.35,18097
2026-06-11,INE123W01016,SBILIFE,EQ,1727.0,1740.0,1704.2,1719.1,1740.0,1728.7,965035,1658264132.7,52263
2026-06-11,INF200KA16D8,SETFGOLD,EQ,124.0,125.0,116.32,123.0,123.0,125.0,6341334,779996073.48,18345
2026-06-11,INF200KA1FS1,SETFNIF50,EQ,248.61,249.79,247.51,248.34,248.99,248.65,535824,133194733.02,4840
2026-06-11,INF200KA1580,SETFNIFBK,EQ,558.75,568.99,558.75,564.69,564.53,563.61,66498,37636235.52,768
2026-06-11,INF200KA1598,SETFNN50,EQ,742.49,770.0,729.52,731.19,731.15,738.85,30691,22575375.79,1289
2026-06-11,INF200KA13Z8,LIQUIDSBI,EQ,999.99,1000.01,999.99,999.99,999.99,999.99,3441,3440990.57,20
2026-06-11,INF200KB1712,SBIBPB,EQ,47.88,48.86,47.88,48.34,48.85,48.86,86475,4180474.69,586
2026-06-11,INF200KA1X17,SBIETFCON,EQ,115.98,115.98,113.39,113.86,114.15,114.48,3600,410699.0,214
2026-06-11,INF200KA1S14,SBIETFIT,EQ,313.18,313.18,305.05,308.58,311.0,313.18,13348,4107706.05,511
2026-06-11,INF200KA1S22,SBIETFPB,EQ,274.82,276.2,272.32,274.22,276.0,272.67,44565,12229903.27,419
2026-06-11,INF200KA1WX6,SBIETFQLTY,EQ,215.06,215.06,211.84,212.78,213.03,215.06,15241,3261550.81,5927
2026-06-11,INF200KB1969,SBILIQETF,EQ,1042.59,1042.61,1042.59,1042.6,1042.61,1042.47,16899,17619047.19,36
2026-06-11,INF200KB1AJ0,SBIMIDMOM,EQ,61.2,61.67,60.5,60.5,60.8,61.32,25247,1536346.05,126
2026-06-11,INF200KB1282,SBINEQWETF,EQ,32.28,32.28,31.86,31.9,32.16,32.12,27295,873207.71,249
2026-06-11,INF200KB1AK8,SBINMID150,EQ,21.89,22.28,21.7,21.86,21.82,21.98,18217,399828.77,152
2026-06-11,INF200KB1217,SBISILVER,EQ,225.35,228.51,224.57,226.78,226.81,226.25,1543817,349683451.06,10807
2026-06-11,INF200KB1AY9,SBISMLETF,EQ,16.81,17.2,16.53,16.6,16.53,16.81,46569,777203.09,130
2026-06-11,INF200KB1AX1,SBIVALETF,EQ,15.23,15.23,14.92,14.94,14.95,15.03,6107,91523.83,57
2026-06-11,INF200KA1JT1,SETF10GILT,EQ,258.52,260.55,258.52,260.0,260.0,260.09,8274,2150933.64,46
2026-06-11,INE099G01011,SCANSTL,EQ,35.7,35.7,32.51,33.49,32.99,34.97,52711,1787309.31,375
2026-06-11,INE513A01022,SCHAEFFLER,EQ,3965.0,4013.8,3811.1,3860.2,3857.1,4009.9,37718,147317252.8,10292
2026-06-11,INE839M01018,SCHNEIDER,EQ,1071.5,1105.3,1071.0,1089.3,1089.0,1082.9,846094,922513636.1,28795
2026-06-11,INE148I07VN8,SCL271224A,N1,1122.0,1122.0,1122.0,1122.0,1122.0,1125.0,1,1122.0,1
2026-06-11,INE148I07XG8,865SCL27,N4,999.99,999.99,999.99,999.99,999.99,999.99,88,87999.12,2
2026-06-11,INE148I07XL8,965SCL30,ND,1063.38,1075.0,1063.38,1075.0,1075.0,1065.0,156,165910.52,3
2026-06-11,INE090501011,SCODATUBES,EQ,121.15,121.95,118.0,118.61,118.5,121.12,216971,26013343.58,2707
2026-06-11,IN1520250037,669GJ34,SG,93.28,93.28,93.28,93.28,93.28,91.65,100,9328.0,1
2026-06-11,IN3120230377,756TN54,SG,96.6,96.6,96.6,96.6,96.6,92.0,100,9660.0,1
2026-06-11,INE027E07972,935LTF29,N5,1098.99,1098.99,1080.0,1093.0,1093.0,1139.98,37,40238.07,7
2026-06-11,INE497B01018,SEAMECLTD,EQ,1594.3,1630.0,1570.1,1588.5,1585.0,1584.8,20888,33492169.9,2180
2026-06-11,INE413U07269,1003ISFL28,N4,1000.01,1006.0,1000.01,1006.0,1006.0,1021.3,40,40060.3,4
2026-06-11,INE244L07523,890SFIL23A,NZ,440.0,440.0,440.0,440.0,440.0,440.0,10,4400.0,1
2026-06-11,INE148I07PL4,925SCL28C,BS,640.2,640.2,640.2,640.2,640.2,640.2,60,38412.0,2
2026-06-11,INE148I07TK8,1050SCL31,ZP,1001.5,1001.5,1001.5,1001.5,1001.5,1000.0,30,30045.0,1
2026-06-11,INE342T07403,1102NFL26,N8,1107.0,1107.0,1107.0,1107.0,1107.0,1090.0,3,3321.0,1
2026-06-11,INE0H7R07017,79NHIT35,N1,305.3,306.98,305.3,306.63,306.7,305.3,3109,953994.47,24
2026-06-11,INE0H7R07025,79NHIT40,N2,309.0,309.0,308.0,308.0,308.0,307.02,1666,513627.75,7
2026-06-11,INE0H7R07033,79NHIT47,N3,410.33,412.99,409.5,411.0,411.7,410.79,8288,3402089.38,58
2026-06-11,INE219X07280,797IGT31,NL,1100.0,1100.0,1100.0,1100.0,1100.0,1110.0,2,2200.0,1
2026-06-11,INE219X07264,82IGT31,NJ,1023.5,1023.5,1023.5,1023.5,1023.5,1019.1,250,255875.0,18
2026-06-11,INE121A07QY9,840CIFCL28,N4,1015.0,1039.0,1015.0,1020.0,1020.0,1015.0,500,511700.0,5
2026-06-11,INE530B07161,842IIFL26,NL,997.11,999.9,997.03,999.77,999.9,999.9,294,293157.97,5
2026-06-11,INE477L07AO7,850IIFL27,,1030.0,1030.0,1030.0,1030.0,1030.0,1029.8,100,103000.0,1
2026-06-11,INE530B07385,865IFL28,NZ,983.0,983.0,983.0,983.0,983.0,983.0,276,271308.0,1
2026-06-11,INE530B07310,865IIFL28,NS,987.0,991.66,985.5,990.0,990.0,989.75,651,642761.16,7
2026-06-11,INE148I07LE8,889SCFL27,YC,994.59,994.59,994.59,994.59,994.59,986.2,196,194939.64,4
2026-06-11,INE477L07BG1,89IHFL29,N1,994.0,994.0,994.0,994.0,994.0,992.0,25,24850.0,1
2026-06-11,INE338I07164,897MOFSL29,N4,1017.0,1017.0,1015.0,1015.0,1015.0,1020.0,510,517670.0,11
2026-06-11,INE530B07260,9IIFL28A,NT,1008.0,1008.0,1005.0,1005.0,1005.0,1005.8,2008,2019025.0,19
2026-06-11,INE148I07ML1,905SC24B,Z9,955.55,955.55,955.55,955.55,955.55,999.0,5,4777.75,1
2026-06-11,INE148I07ND6,965SCL25C,N0,600.0,600.0,402.3,570.0,570.0,500.0,41,22443.0,4
2026-06-11,INE148I07UC3,948SCL27D,N1,1005.5,1005.5,1005.5,1005.5,1005.5,1010.0,2,2011.0,1
2026-06-11,INE148I07MV0,915SCL27A,ZL,1036.8,1042.0,1036.8,1042.0,1042.0,950.65,380,394972.0,2
2026-06-11,INE413U07236,957ISFL26,N2,998.0,998.0,998.0,998.0,998.0,985.35,1,998.0,1
2026-06-11,INE423A07328,965AEL27,N4,1080.0,1080.0,1080.0,1080.0,1080.0,1080.0,76,82080.0,11
2026-06-11,INE741K07579,970CAGL28,ND,1031.0,1031.0,1031.0,1031.0,1031.0,1031.0,206,212386.0,11
2026-06-11,INE338I07123,97MOFSL34,N7,1139.9,1139.9,1139.9,1139.9,1139.9,1138.2,35,39896.5,1
2026-06-11,INE148I07NV8,971SCL28,AN,400.0,538.0,400.0,480.0,480.0,456.12,7,3375.0,4
2026-06-11,INE244L07416,985SFIL28,NO,390.01,390.01,390.01,390.01,390.01,383.1,3,1170.03,1
2026-06-11,INE148I07UG4,SCL25924A,N1,1160.0,1160.0,1160.0,1160.0,1160.0,1170.0,100,116000.0,4
2026-06-11,INE148I07OS2,SCLZC26B,AY,1307.97,1307.97,1307.97,1307.97,1307.97,1307.97,5,6539.85,2
2026-06-11,INE00QS24043,IMC1,N1,256.0,256.0,255.99,255.99,256.0,254.5,62,15871.5,3
2026-06-11,INE530L07228,10NIDO26,N6,1084.9,1084.9,1060.02,1084.9,1084.9,1084.2,329,356201.12,15
2026-06-11,INE804IA7022,1060ECL29,NS,1055.0,1055.0,1055.0,1055.0,1055.0,1049.94,10,10550.0,1
2026-06-11,INE033L07GU2,84TCHF28,,1065.0,1065.0,1065.0,1065.0,1065.0,1051.0,10,10650.0,1
2026-06-11,INE148I07GK5,885SCL26,N9,1056.55,1056.55,1056.55,1056.55,1056.55,1056.99,5,5282.75,1
2026-06-11,INE148I07GL3,9SCL26BA,,1059.0,1059.0,1052.8,1057.5,1057.5,1059.71,376,396704.4,17
2026-06-11,INE721A07NU1,903SFL28,YI,1036.0,1036.0,1036.0,1036.0,1036.0,1040.0,50,51800.0,1
2026-06-11,INE721A07OC7,930SFL28,YP,1040.1,1064.0,1040.1,1064.0,1064.0,1057.0,232,245883.2,6
2026-06-11,INE721A07ON4,957ICCL25,YW,1052.0,1052.0,1052.0,1052.0,1052.0,1041.22,220,231440.0,5
2026-06-11,INE721A07NX5,94SFL28,YL,1130.0,1130.0,1130.0,1130.0,1130.0,1127.8,50,56500.0,1
2026-06-11,INE804I078Y8,943ECL28,NJ,1002.15,1003.15,1002.15,1003.15,1003.15,1002.15,114,114291.85,6
2026-06-11,INE530L07210,957NIDO26,N5,995.0,995.0,994.0,994.6,994.0,1002.0,5,4973.0,2
2026-06-11,INE721A07PE0,97SFL26,Z9,1078.0,1078.0,1078.0,1078.0,1078.0,1067.1,60,64680.0,2
2026-06-11,INE721A07OQ7,97SFL29,YZ,1100.0,1110.0,1100.0,1100.0,1100.0,1067.5,100,110500.0,4
2026-06-11,INE530L07236,NIDOZC26,N7,2551.0,2551.0,2540.12,2540.12,2540.12,2555.0,120,305467.2,8
2026-06-11,INE721A07PH3,SFLZC26A,ZC,1879.0,1879.0,1879.0,1879.0,1879.0,1875.0,61,114619.0,3
2026-06-11,INE0BTM01013,SECMARK,EQ,135.45,135.45,123.1,128.13,128.0,127.71,1372,177648.21,58
2026-06-11,INE650K01021,SECURKLOUD,EQ,20.5,20.77,19.8,19.84,20.28,20.41,11589,230811.77,108
2026-06-11,INE00XB01019,SEDEMAC,EQ,2544.7,2664.9,2525.5,2642.5,2629.9,2544.7,176494,462804962.8,18280
2026-06-11,INE955I01044,SEJALLTD,BE,679.7,679.7,653.05,661.25,669.8,686.25,30388,20315770.0,312
2026-06-11,INE105I01020,SELMC,EQ,30.5,30.5,29.3,29.38,29.58,29.85,5647,167249.44,84
2026-06-11,INE0IJF01013,SELLOWRAP,SM,66.5,66.5,66.5,66.5,66.5,66.5,1600,106400.0,1
2026-06-11,INE617A01013,SEMAC,BE,303.8,331.3,303.8,309.5,309.5,318.1,236,75650.65,22
2026-06-11,INE602W01027,SENCO,EQ,331.0,332.0,323.9,328.05,329.75,330.2,215787,70697748.6,9848
2026-06-11,INE0RB801010,SENORES,EQ,1126.2,1194.9,1115.4,1160.7,1180.0,1112.6,780945,914553516.1,44026
2026-06-11,INE964H01014,SEPC,EQ,6.36,6.43,6.12,6.18,6.25,6.43,30009193,188428110.83,12176
2026-06-11,INE027E07BC8,865LTF26,NN,1050.0,1050.0,1050.0,1050.0,1050.0,1049.1,6,6300.0,2
2026-06-11,INE027E07AN7,87LTF27,NH,1013.0,1013.0,1013.0,1013.0,1013.0,1000.0,75,75975.0,3
2026-06-11,INE027E07998,898LTF29,N7,1097.0,1097.0,1065.0,1080.0,1080.0,1056.68,163,177276.25,12
2026-06-11,INE027E07AL1,905LTF27,NF,1030.9,1030.9,1030.9,1030.9,1030.9,1030.9,1,1030.9,1
2026-06-11,INE306N07LM5,865TCAPS27,N8,1079.0,1079.0,1075.0,1075.19,1075.0,1084.9,21,22579.0,2
2026-06-11,INE782X01033,SERVOTECH,EQ,99.7,99.7,95.51,96.19,97.0,99.82,1329887,129413783.23,11036
2026-06-11,INE04VU01023,STYL,EQ,266.9,267.55,258.35,260.45,259.75,262.45,58285,15302611.4,2127
2026-06-11,INE630A01024,SESHAPAPER,EQ,227.41,228.88,224.11,225.05,225.0,227.32,13855,3129851.38,543
2026-06-11,INE878E01021,SETCO,BE,18.26,18.26,18.26,18.26,18.26,17.91,88172,1610020.72,32
2026-06-11,INE023M01027,SETUINFRA,BZ,0.42,0.42,0.4,0.4,0.4,0.42,250015,100807.73,50
2026-06-11,INE573R01012,SEYAIND,BE,13.05,13.05,13.05,13.05,13.05,13.31,1887,24625.35,20
2026-06-11,INE618R01015,SGFIN,EQ,585.1,593.7,562.6,570.15,573.6,589.95,163695,94715450.7,7362
2026-06-11,INE385F01024,SGMART,EQ,594.8,598.0,574.6,577.6,579.8,594.8,66939,39129624.7,3955
2026-06-11,INE12UN01015,SHADOWFAX,EQ,211.51,220.18,209.01,209.99,209.5,212.22,2197562,471473235.83,33674
2026-06-11,INE640C01011,SHAHALLOYS,EQ,67.0,67.9,65.5,66.56,66.25,68.27,5086,338141.19,60
2026-06-11,INE482J01021,SHAH,EQ,4.7,4.71,4.64,4.65,4.69,4.65,2495409,11663609.86,1301
2026-06-11,INE482J20021,SHAH-RE1,BE,0.02,0.02,0.02,0.02,0.02,0.01,76034,1520.68,144
2026-06-11,INE151G01028,SHAILY,EQ,3000.0,3058.2,2896.9,2939.3,2924.0,3018.2,239997,711625383.5,32566
2026-06-11,INE908D01010,SHAKTIPUMP,EQ,512.75,512.75,504.0,507.05,507.5,516.15,335962,170536654.9,11930
2026-06-11,INE597J01018,SHALBY,EQ,165.87,166.59,162.03,164.52,164.0,165.87,90068,14786494.04,2191
2026-06-11,INE861D01011,SAHLIBHFI,EQ,76.39,77.0,73.31,74.69,74.25,76.39,2080,156558.28,77
2026-06-11,INE849C01026,SHALPAINTS,EQ,52.8,52.8,50.8,51.23,51.0,53.28,47180,2446906.08,527
2026-06-11,INE01NE01012,SRD,EQ,40.45,41.5,39.37,40.1,40.6,39.54,48152,1938445.43,540
2026-06-11,INE274V01019,SHANKARA,BE,114.99,114.99,112.0,112.0,112.0,112.76,10472,1199398.0,35
2026-06-11,INE24OJ01011,BUILDPRO,EQ,1087.5,1087.6,1025.0,1028.3,1025.0,1085.4,18884,19757409.3,1459
2026-06-11,INE0Q9Q01017,SHANTHALA,SM,23.6,23.6,23.6,23.6,23.6,25.5,1200,28320.0,1
2026-06-11,INE631A01022,SHANTIGEAR,EQ,440.1,441.95,440.0,440.25,441.5,440.05,4187,1843446.25,173
2026-06-11,INE440T01028,SEIL,EQ,197.21,200.98,188.07,191.6,191.2,197.2,429832,83938256.03,14155
2026-06-11,INE06ZD01017,SHANTIGOLD,EQ,223.6,228.01,220.0,221.28,220.7,223.19,1015741,227307777.24,5861
2026-06-11,INE933X01016,SHANTI,EQ,6.21,6.59,6.21,6.44,6.45,6.47,24983,158361.07,102
2026-06-11,INE220Z01013,SHINDL,EQ,157.48,158.0,154.55,156.41,154.89,157.25,117707,18446664.27,617
2026-06-11,INE221J01015,SHARDACROP,EQ,900.0,900.0,873.0,875.7,875.4,902.85,165560,146307658.35,11868
2026-06-11,INE597I01028,SHARDAMOTR,EQ,783.0,783.0,764.5,766.6,767.0,783.1,23557,18116953.3,2704
2026-06-11,INE037B01020,SHARDUL,EQ,29.37,29.37,26.59,29.33,29.33,29.37,5477,158871.35,28
2026-06-11,INE932X01026,SHAREINDIA,EQ,130.5,131.09,124.91,126.96,128.42,130.83,369140,47452400.73,2998
2026-06-11,INE460Q01014,SCML,SM,76.3,76.3,76.3,76.3,76.3,77.25,2000,152600.0,1
2026-06-11,INE0YJV01017,SHEEL,SM,57.15,57.15,57.15,57.15,57.15,54.45,2000,114300.0,1
2026-06-11,INE916U01025,SFL,EQ,696.55,696.55,673.25,680.35,678.3,696.55,636248,433807428.25,18881
2026-06-11,INE501Y01019,SCPL,BE,447.0,467.35,430.1,467.35,467.35,445.1,18775,8630839.6,299
2026-06-11,INE04VX01019,SHEETAL,SM,290.0,294.0,289.0,291.0,291.0,295.05,42500,12366875.0,43
2026-06-11,INE268L01046,SHEKHAWATI,BE,14.23,14.87,14.0,14.52,14.74,14.23,13163,190447.16,61
2026-06-11,INE363M01019,SHEMAROO,EQ,113.0,117.24,112.0,114.6,115.0,114.19,34104,3928801.53,318
2026-06-11,INE0MM001019,SHERA,ST,157.0,157.0,147.5,152.0,152.0,154.2,22000,3353250.0,21
2026-06-11,INE03KJ01013,SHIGAN,ST,67.65,67.65,67.65,67.65,67.65,69.0,1500,101475.0,1
2026-06-11,INE024F01011,SHILCTECH,EQ,3811.8,3899.8,3769.6,3822.9,3854.0,3821.8,22870,87638038.2,5243
2026-06-11,INE790G01031,SHILPAMED,EQ,553.0,568.8,535.95,538.85,542.95,558.8,695284,382901398.6,24329
2026-06-11,INE0PB301013,SCILAL,EQ,44.43,44.43,43.31,43.49,43.47,44.06,186644,8149624.87,1439
2026-06-11,INE109A01011,SCI,EQ,286.65,300.5,284.3,287.05,291.15,287.5,7156336,2093146756.5,64992
2026-06-11,INE719F01016,SHIVAUM,EQ,355.75,355.75,355.75,355.75,355.75,355.75,1,355.75,1
2026-06-11,INE644Y01017,SHIVAMILLS,BE,62.59,64.57,62.58,62.59,62.58,65.87,3157,197689.08,33
2026-06-11,INE705C01020,SHIVATEX,EQ,154.3,154.3,147.15,147.86,147.36,151.5,701,104591.56,57
2026-06-11,INE0T7B01010,SPCL,SM,66.1,68.3,66.0,66.15,66.15,67.5,19800,1329660.0,26
2026-06-11,INE386D01027,SBCL,EQ,718.0,718.0,662.5,668.35,666.0,714.5,563030,384515271.3,23041
2026-06-11,INE788J01021,SHIVALIK,BE,237.0,240.0,227.85,228.2,227.85,239.8,28205,6534322.9,421
2026-06-11,INE637H01024,SHIVAMAUTO,BE,17.5,17.5,16.55,16.8,17.03,17.13,9923,168181.2,112
2026-06-11,INE1DLF01018,SHIVASHRIT,SM,118.0,119.4,112.5,118.15,119.4,116.65,72000,8451550.0,37
2026-06-11,INE498B01024,SHOPERSTOP,EQ,354.9,365.5,347.05,364.45,365.4,356.75,39245,14110598.75,1521
2026-06-11,INE715Y01031,SHRADHA,EQ,33.17,34.0,32.61,33.48,33.5,33.17,2918,97952.48,48
2026-06-11,INE712K01011,SHREEPUSHK,EQ,353.8,355.55,349.55,353.4,350.15,355.55,14202,5008278.25,766
2026-06-11,INE185C01017,SAPPL,EQ,274.15,274.15,270.2,270.45,270.45,287.0,46,12451.3,7
2026-06-11,INE070A01015,SHREECEM,EQ,23685.0,23830.0,23510.0,23700.0,23740.0,23850.0,20405,483495620.0,5473
2026-06-11,INE232A01011,SHREDIGCEM,EQ,69.5,70.0,68.52,68.98,69.0,69.65,48364,3354177.12,581
2026-06-11,INE0S4Y01010,SHREEKARNI,SM,418.8,421.0,416.0,421.0,421.0,415.05,1800,754320.0,6
2026-06-11,INE02S501018,SHREEOSFM,SM,51.0,52.4,51.0,52.1,52.1,50.35,8000,415600.0,8
2026-06-11,INE19GK01015,SRTL,EQ,42.19,42.19,40.0,40.22,40.34,41.35,46396,1882269.27,726
2026-06-11,INE879A01019,SHREERAMA,EQ,41.0,42.35,40.51,40.81,40.66,41.0,148636,6111662.05,802
2026-06-11,INE278B01020,RAMANEWS,EQ,29.5,30.23,28.6,28.99,29.0,29.54,19459,568052.75,121
2026-06-11,INE087H01022,RENUKA,EQ,22.15,22.27,21.51,21.68,21.7,21.84,9060042,198611028.54,16446
2026-06-11,INE0S2G01011,BALAJEE,EQ,29.24,29.24,27.8,28.32,28.12,28.32,15382,437197.07,255
2026-06-11,INE00CE01017,SVLL,BE,703.05,726.0,703.05,703.05,703.05,740.05,1081,764897.65,61
2026-06-11,INE1FL101016,SHETHJI,ST,158.1,161.0,157.0,161.0,161.0,159.1,28000,4474700.0,9
2026-06-11,INE1B6101010,SHREEJISPG,EQ,453.0,459.75,449.0,453.0,451.1,450.7,2273750,1027217732.1,11804
2026-06-11,INE00IK01029,OSWALSEEDS,EQ,10.96,11.1,10.62,10.84,10.88,10.92,46115,499255.87,140
2026-06-11,INE0GTI23014,SHREMINVIT,IV,100.0,102.0,100.0,102.0,102.0,100.0,75000,7600000.0,3
2026-06-11,INE632X01030,SHRENIK,BZ,0.38,0.38,0.36,0.37,0.38,0.37,214996,79682.1,127
2026-06-11,INE231C01019,SHREYANIND,EQ,136.0,138.2,131.5,137.46,138.2,135.73,8958,1195109.9,143
2026-06-11,INE0DM401012,SHRIAHIMSA,ST,373.0,373.0,355.0,355.35,355.1,372.05,22200,7997580.0,35
2026-06-11,INE402H01015,SHBAJRG,EQ,205.0,207.35,193.42,200.97,201.48,200.68,13850,2786941.95,221
2026-06-11,INE1V4601019,SHRIKANHA,ST,27.2,27.75,26.0,26.0,26.0,26.85,4800,129520.0,3
2026-06-11,INE0OMF01015,SHRITECH,SM,60.0,60.0,60.0,60.0,60.0,63.0,4000,240000.0,1
2026-06-11,INE1B3L01017,SHRINGARMS,EQ,203.03,205.03,199.0,201.23,201.0,204.2,641207,129554610.61,4165
2026-06-11,INF680P01422,LIQUIDSHRI,EQ,1108.13,1108.15,1108.13,1108.14,1108.13,1107.99,7918,8774285.61,30
2026-06-11,INE721A01047,SHRIRAMFIN,EQ,893.95,896.3,879.1,886.25,889.05,897.35,4640157,4117019176.4,74157
2026-06-11,INE526E01018,SHRIPISTON,EQ,3425.0,3535.0,3367.8,3501.2,3515.0,3424.8,84713,294943803.5,11721
2026-06-11,INE217L01019,SHRIRAMPPS,EQ,83.7,84.02,81.37,81.95,81.97,84.35,469308,38778606.76,3857
2026-06-11,INE01Z401013,SHUBHLAXMI,SM,25.45,25.8,24.05,25.8,25.8,25.3,14000,344550.0,14
2026-06-11,INE0UL701015,SHUBHSHREE,SM,300.0,300.0,300.0,300.0,300.0,300.0,1200,360000.0,4
2026-06-11,INE979R01011,SHYAMCENT,EQ,4.82,5.05,4.62,5.01,5.05,4.82,202842,982992.3,445
2026-06-11,INE1CRP01016,SHYAMDHANI,SM,65.0,65.0,65.0,65.0,65.0,68.0,2000,130000.0,1
2026-06-11,INE810G01011,SHYAMMETL,EQ,970.0,972.75,961.25,969.45,971.3,968.85,121712,117765135.55,4692
2026-06-11,INE635A01023,SHYAMTEL,BE,15.21,15.21,15.21,15.21,15.21,15.52,994,15118.74,12
2026-06-11,INE176J01011,SICAGEN,EQ,54.0,56.95,52.31,53.36,52.31,53.68,22254,1213726.09,274
2026-06-11,INE075B01020,SICALLOG,BE,79.9,81.0,76.5,79.52,78.25,79.61,28539,2259459.62,144
2026-06-11,INE0SVO01019,SIDDHICOTS,SM,26.95,26.95,26.6,26.8,26.8,26.95,6000,160620.0,5
2026-06-11,INE0A1E01018,SIDDHIKA,SM,196.3,196.6,195.3,196.1,195.35,205.0,6000,1176275.0,8
2026-06-11,INE1NPP01017,ENRIN,EQ,3424.8,3498.5,3373.7,3412.5,3420.0,3424.8,353133,1212324171.7,49097
2026-06-11,INE003A01024,SIEMENS,EQ,3555.8,3586.0,3501.0,3522.0,3528.0,3582.7,249193,879834671.2,28110
2026-06-11,INE0D0K01022,SIGACHI,BE,21.1,21.1,20.33,20.63,20.7,21.12,493662,10219383.98,1068
2026-06-11,INE933B01012,SIGMAADV,BE,457.0,482.25,436.35,482.25,482.25,459.3,830361,389135845.85,7428
2026-06-11,INE0A0S01028,SIGMA,EQ,40.8,40.8,39.0,40.43,40.5,40.58,70434,2823120.0,982
2026-06-11,INE903U01023,SIGNATURE,EQ,775.6,780.85,770.0,777.75,772.1,779.0,174327,135052443.0,3629
2026-06-11,INE529F01035,SIGIND,EQ,49.5,49.5,46.41,46.7,47.38,48.12,4737,224019.64,145
2026-06-11,INE0RDE01010,SIGNORIA,SM,69.15,69.15,69.15,69.15,69.15,65.9,2000,138300.0,2
2026-06-11,INE0KGZ01021,SIGNPOST,EQ,262.6,285.0,259.8,278.4,275.1,265.05,265849,73105265.65,5952
2026-06-11,INE438E01032,SIKA,EQ,914.0,915.0,885.0,888.45,888.0,904.75,8276,7434231.3,1142
2026-06-11,INE112X01025,SIKKO,EQ,3.97,3.97,3.56,3.87,3.89,3.96,555289,2050203.29,619
2026-06-11,INE923A01015,SILINV,EQ,413.2,423.15,410.05,411.2,410.05,413.2,1707,705745.9,75
2026-06-11,INE01II01013,SILGO,EQ,74.42,77.4,74.0,76.68,74.0,74.43,369923,28111896.48,2065
2026-06-11,INE0STN01015,SILKFLEX,ST,216.9,216.9,201.0,213.5,213.5,209.45,26000,5432850.0,26
2026-06-11,INE0SN801015,SILKY,SM,118.5,120.5,118.5,120.5,120.5,126.2,1600,191200.0,2
2026-06-11,INE203Y01012,SILLYMONKS,EQ,19.85,22.05,18.05,18.34,18.26,18.38,267165,5295166.39,894
2026-06-11,INE625X01026,SILVERTUC,EQ,185.0,193.1,181.23,189.37,190.5,184.93,591438,110206047.88,6411
2026-06-11,INE748T01016,SIMBHALS,BZ,6.99,7.09,6.7,6.91,6.92,6.89,6425,44085.32,48
2026-06-11,INE1K4J01018,SIMCA,SM,138.0,141.75,135.15,135.95,136.2,138.05,79200,10879470.0,56
2026-06-11,INE059B01024,SIMPLEXINF,EQ,259.5,259.5,244.1,248.45,252.0,260.25,132140,33342520.75,2474
2026-06-11,INE985A01022,SINCLAIR,EQ,75.61,77.0,74.2,75.48,75.3,74.97,47401,3588828.17,581
2026-06-11,INE325D01025,SINDHUTRAD,EQ,24.8,24.92,24.12,24.35,24.4,24.83,232580,5705661.32,680
2026-06-11,INE638A01035,SINGERIND,EQ,69.99,69.99,67.26,67.54,67.5,69.48,47350,3217774.11,981
2026-06-11,INE129Z01016,SINTERCOM,EQ,71.53,74.9,68.25,72.03,74.9,71.7,3982,285647.91,78
2026-06-11,INE792Z01011,SIRCA,EQ,416.0,418.0,412.9,415.4,414.7,415.45,155588,64648423.3,2009
2026-06-11,INE285J01028,SIS,EQ,419.25,444.3,415.45,428.65,429.4,415.45,376563,162382820.9,31209
2026-06-11,INE965H01011,SITINET,BZ,0.37,0.37,0.35,0.35,0.35,0.36,241893,87971.06,150
2026-06-11,INE076B01028,SIYSIL,EQ,605.9,616.45,594.05,600.85,602.0,606.35,44869,27125141.35,3016
2026-06-11,INE284S01014,SJS,EQ,2088.0,2117.9,2025.0,2094.1,2098.5,2077.8,60528,125210417.8,8844
2026-06-11,INE002L01015,SJVN,EQ,71.46,71.73,70.05,70.32,70.61,71.81,1734123,122719842.14,15911
2026-06-11,INE2J8701016,SKFINDUS,EQ,2390.2,2435.9,2374.0,2384.0,2394.3,2419.6,9453,22659226.9,2478
2026-06-11,INE640A01023,SKFINDIA,EQ,1573.6,1573.7,1542.4,1562.6,1568.0,1573.6,26770,41665856.8,4555
2026-06-11,INE439E01022,SKIPPER,EQ,531.2,543.65,518.5,520.8,520.45,535.0,687992,363635459.9,23798
2026-06-11,INE411D01023,SKMEGGPROD,EQ,238.0,244.0,225.15,228.53,228.68,241.24,548761,128497775.73,8609
2026-06-11,INE0KZA01016,SKP,SM,150.0,150.0,147.05,148.0,148.0,150.0,2000,296275.0,4
2026-06-11,INE01IU01018,SKYGOLD,EQ,498.0,505.6,489.0,490.75,490.65,502.6,470006,232488903.65,11988
2026-06-11,INE0SMA01017,SLONE,SM,130.8,136.25,120.05,120.35,120.05,130.0,2800,353260.0,7
2026-06-11,INE14GK01016,SMARTEN,SM,48.6,49.3,45.3,48.55,49.3,46.25,32400,1548360.0,27
2026-06-11,INE178C01020,SMARTLINK,BE,160.0,162.01,160.0,160.3,160.3,163.02,1825,294178.75,18
2026-06-11,INE0NAZ01010,SMARTWORKS,EQ,445.0,450.7,439.0,440.35,439.5,448.7,16586,7374119.9,668
2026-06-11,INE103C01036,SMCGLOBAL,EQ,68.01,73.5,66.17,71.12,71.4,68.01,2522843,179839431.28,11903
2026-06-11,INE294B01019,SMLMAH,EQ,3765.4,3775.0,3680.0,3687.1,3699.0,3765.4,29362,108999650.4,6570
2026-06-11,INE812G01025,SMSPHARMA,EQ,380.35,386.15,376.3,379.2,380.6,381.55,127947,48825509.5,3495
2026-06-11,INE1OIC01018,SNEHAA,ST,44.0,44.0,44.0,44.0,44.0,45.0,1000,44000.0,1
2026-06-11,INE734N01019,SNOWMAN,EQ,36.97,37.5,36.2,36.43,36.49,37.09,126887,4656846.26,1014
2026-06-11,INE671H01015,SOBHA,EQ,1288.8,1306.2,1265.0,1275.3,1270.0,1296.8,57568,73965709.6,6130
2026-06-11,INE728Z01015,SOFTTECH,BE,423.0,423.0,417.95,417.95,417.95,425.1,101,42517.2,3
2026-06-11,INE343H01029,SOLARINDS,EQ,17700.0,18012.0,17063.0,17141.0,17129.0,17697.0,175899,3071187541.0,39608
2026-06-11,INE624Z01016,SOLARA,EQ,565.5,616.0,565.5,580.7,578.8,572.8,982658,588294375.25,34117
2026-06-11,INE0TY101024,SOLARWORLD,EQ,188.0,189.45,183.7,186.4,187.0,186.96,117821,22004187.47,2959
2026-06-11,INE880Y01017,SOLEX,EQ,1040.5,1051.6,1012.1,1032.0,1038.0,1040.5,22364,23111337.6,2306
2026-06-11,INE480C01038,SDBL,EQ,71.69,76.35,70.55,74.17,75.03,71.53,613177,44684892.47,5356
2026-06-11,INE314C01013,SOMATEX,EQ,96.0,97.0,90.0,94.16,94.78,93.53,11392,1062158.83,367
2026-06-11,INE355A01028,SOMANYCERA,EQ,496.65,506.45,493.0,496.65,496.6,501.05,27226,13615468.0,2280
2026-06-11,INE323J01019,SOMICONVEY,EQ,96.0,97.0,95.0,96.93,96.95,96.25,4058,389325.79,92
2026-06-11,INE073K01018,SONACOMS,EQ,584.65,595.55,582.1,585.1,586.7,589.25,2093237,1235117758.75,24729
2026-06-11,INE0Q6H01012,SONAMAC,ST,33.4,35.4,33.25,33.6,33.6,35.0,6000,202250.0,6
2026-06-11,INE321M01017,SONAL,EQ,88.05,88.05,88.05,88.05,88.05,88.05,8,704.4,1
2026-06-11,INE00LM01029,SONAMLTD,EQ,52.5,54.73,52.5,53.99,54.0,53.71,71380,3845080.42,711
2026-06-11,INE269A01021,SONATSOFTW,EQ,259.0,260.45,251.5,254.85,253.2,261.0,632558,161989549.55,13680
2026-06-11,INE0JZA01018,SONUINFRA,SM,42.75,42.75,42.0,42.1,42.1,42.75,7500,316350.0,5
2026-06-11,INE980Y01015,SOUTHWEST,EQ,269.9,273.0,235.1,240.15,243.2,267.75,2322637,599098436.0,30626
2026-06-11,INE0JW501011,SPRL,SM,83.0,83.0,83.0,83.0,83.0,83.0,800,66400.0,1
2026-06-11,INE970N01027,SPCENET,EQ,3.41,3.41,3.23,3.25,3.29,3.36,633978,2093283.12,619
2026-06-11,IN9572J01019,SSFLPP,E1,117.9,117.9,112.4,113.25,113.8,118.0,4489,513256.15,82
2026-06-11,INE572J01011,SPANDANA,EQ,231.0,239.8,225.0,225.9,226.0,233.7,423033,97013765.5,11988
2026-06-11,INE1CW901027,SPEB,ST,92.05,92.05,89.5,90.7,91.95,93.8,14000,1277100.0,7
2026-06-11,INE247M01014,SPECIALITY,EQ,107.99,107.99,102.15,103.42,103.2,106.4,23807,2480400.56,328
2026-06-11,INE01EO01010,SPECTRUM,EQ,1604.8,1625.1,1545.0,1588.4,1610.0,1621.0,17460,27606476.4,1738
2026-06-11,INE0OL001018,SPECTSTM,ST,62.05,62.05,59.2,59.2,59.2,62.3,19200,1139760.0,19
2026-06-11,INE020801028,SPENCERS,EQ,35.51,35.95,34.4,34.7,34.9,35.95,32678,1151854.22,600
2026-06-11,INE147A01011,SPIC,EQ,67.48,67.66,66.5,67.08,67.1,67.42,404935,27108978.87,3453
2026-06-11,INE978G01016,SPLIL,EQ,28.75,29.9,28.72,28.88,28.72,28.72,2807,82293.03,73
2026-06-11,INE937A01023,SPMLINFRA,EQ,186.3,188.47,182.16,183.82,183.89,186.01,190328,35211023.21,3170
2026-06-11,INE885H01029,SPORTKING,EQ,168.59,176.95,167.55,173.61,174.3,170.03,234255,40548051.05,5337
2026-06-11,INE19QH01010,SPUNWEB,SM,109.0,110.0,103.85,104.55,104.55,108.0,19200,2057280.0,10
2026-06-11,INE917H01012,SRHHYPOLTD,EQ,498.3,498.3,481.55,486.65,492.0,494.25,5156,2525937.2,368
2026-06-11,INE099F01013,SREEL,EQ,200.9,200.9,192.0,193.86,193.04,197.16,4307,837023.91,159
2026-06-11,INE647A01010,SRF,EQ,2734.0,2734.0,2650.0,2658.4,2654.9,2734.1,552102,1483154528.8,29756
2026-06-11,INE559N01010,SRGHFL,EQ,272.2,279.6,270.0,278.85,278.8,280.0,2479,686357.45,48
2026-06-11,INE293B01029,HAVISHA,EQ,1.47,1.48,1.31,1.38,1.38,1.45,65994,90699.58,110
2026-06-11,INE0V9Q01010,LOTUSDEV,EQ,133.66,134.87,128.3,129.27,129.43,135.54,362763,47560475.84,4082
2026-06-11,INE0TPJ01019,SPCON,SM,140.0,140.5,140.0,140.5,140.5,135.0,9600,1345800.0,2
2026-06-11,INE0ON201012,SSFL,ST,226.0,234.2,213.0,218.0,218.0,223.2,58500,13249550.0,92
2026-06-11,INE0NPI01014,SRIVASAVI,SM,52.0,52.0,52.0,52.0,52.0,51.0,1000,52000.0,1
2026-06-11,INE0R6Z01013,SRM,EQ,470.4,478.75,458.05,463.65,463.0,476.85,82748,38621742.0,3818
2026-06-11,INE0RYC01010,STALLION,EQ,179.88,184.75,170.58,172.51,173.0,180.68,1727739,305442641.36,20504
2026-06-11,INE0M4D01010,SETL,EQ,153.0,157.88,150.05,153.85,154.4,154.08,338304,52107253.54,3595
2026-06-11,INE173A01025,SIL,EQ,14.91,15.17,14.37,14.82,14.5,14.91,43737,657145.94,183
2026-06-11,INE01A001028,STANLEY,EQ,139.55,142.0,136.9,137.36,137.0,140.33,171900,23790717.9,4477
2026-06-11,INE460H01021,STARCEMENT,EQ,207.84,210.48,206.0,207.67,208.0,207.84,906405,188769318.9,8507
2026-06-11,INE575P01011,STARHEALTH,EQ,520.0,535.0,518.25,519.95,519.5,524.4,626947,329714898.35,22693
2026-06-11,INE733A01018,STARPAPER,EQ,133.07,134.73,132.2,132.56,132.5,132.86,1551,206414.96,100
2026-06-11,INE992I01013,STARTECK,EQ,268.55,268.55,262.1,263.95,263.95,264.0,5291,1412946.15,66
2026-06-11,INE062A01020,SBIN,EQ,998.1,1009.4,993.0,1000.7,1001.1,1003.25,13773978,13820494684.5,195579
2026-06-11,INE114A01011,SAIL,EQ,179.97,183.04,178.71,181.36,182.4,181.72,14061909,2544036632.75,63719
2026-06-11,INE395H01011,STEELCITY,EQ,76.44,76.5,74.66,75.09,74.7,75.88,2253,169728.65,121
2026-06-11,INE503B01021,STEELXIND,EQ,11.6,11.67,10.22,10.99,10.97,11.72,5778152,65004160.01,5711
2026-06-11,INE802C01033,SSWL,EQ,227.0,234.0,225.0,225.83,225.2,227.09,674970,154313668.65,10190
2026-06-11,INE124E01038,STEELCAS,EQ,285.0,290.0,273.05,282.0,284.9,284.9,36632,10424627.9,1729
2026-06-11,INE577L01016,STEL,EQ,535.85,550.0,521.1,543.8,550.0,533.75,17400,9405216.0,970
2026-06-11,INE334A01023,STERTOOLS,EQ,209.0,209.01,204.0,204.54,204.4,208.57,26684,5501606.88,1202
2026-06-11,INE089C01029,STLTECH,BE,553.25,598.3,553.25,568.4,589.0,582.35,4451301,2513273297.15,38428
2026-06-11,INE353H01010,SGL,EQ,10.83,11.15,10.5,10.63,10.71,10.83,10716,115829.6,90
2026-06-11,INE1VXE01018,STLNETWORK,BE,27.5,28.2,26.1,26.25,26.5,27.29,1089063,29103876.28,1786
2026-06-11,INE00IN01015,STOVEKRAFT,EQ,646.1,681.0,645.3,651.6,648.0,652.05,182351,121131980.3,7938
2026-06-11,INE939A01011,STAR,EQ,969.0,1008.9,965.5,989.2,990.9,978.2,197416,196719946.0,15931
2026-06-11,INE00M201021,SWSOLAR,EQ,199.0,203.2,191.2,193.14,193.0,199.53,1637729,324478111.58,19228
2026-06-11,INE00Q601028,STUDDS,EQ,521.4,535.0,500.1,506.9,504.7,525.4,418447,216845171.45,12569
2026-06-11,INE17VO01028,STUDIOLSD,ST,10.2,10.2,9.85,9.9,9.9,10.2,30000,299700.0,14
2026-06-11,INE239C01020,STYLAMIND,EQ,3120.0,3161.0,3017.8,3056.6,3061.0,3117.0,36666,112816476.0,9809
2026-06-11,INE189B01011,STYRENIX,EQ,2152.6,2157.5,2105.0,2116.4,2108.0,2172.3,18259,38881652.0,1467
2026-06-11,INE0RYR01018,SUBAHOTELS,SM,121.0,124.25,121.0,122.0,122.0,121.05,43200,5287620.0,27
2026-06-11,INE754A01055,SUBEXLTD,BE,10.1,10.39,9.71,10.01,10.15,10.08,443122,4471408.98,861
2026-06-11,INE287B01021,SUBROS,EQ,708.15,708.4,695.1,702.15,700.05,709.85,31453,22080318.3,2465
2026-06-11,INE659A01023,SUDARSCHEM,EQ,887.7,890.85,855.05,856.75,855.05,854.05,270488,234924179.95,14292
2026-06-11,INE492A01029,SUDARCOLOR,EQ,361.05,369.85,354.0,356.95,354.3,365.55,4303,1549155.5,352
2026-06-11,INE0QPI01025,SUDEEPPHRM,EQ,731.4,739.5,722.5,729.8,727.25,731.4,191983,140480858.7,10619
2026-06-11,INE450E01029,SUKHJITS,EQ,170.48,172.19,167.96,169.58,169.7,167.33,7258,1232679.83,207
2026-06-11,INE142Q01026,SULA,EQ,153.1,153.45,151.0,151.16,151.4,154.09,137696,20908243.16,2874
2026-06-11,INE235C01036,SUMEETINDS,EQ,28.1,28.12,26.74,27.53,27.38,27.44,916739,25048176.97,2123
2026-06-11,INE748Z01013,SUMIT,BE,40.56,41.98,39.84,39.84,39.84,41.93,266643,10642284.37,243
2026-06-11,INE258G01013,SUMICHEM,EQ,449.7,460.0,444.5,448.5,447.65,456.65,148369,66544350.9,8858
2026-06-11,INE519C01017,SUMMITSEC,EQ,1471.1,1484.8,1420.0,1433.4,1444.0,1471.1,5257,7625477.4,423
2026-06-11,INE232I01014,SPARC,EQ,204.99,213.0,202.19,204.11,205.9,205.92,2262997,470012144.28,21673
2026-06-11,INE044A01036,SUNPHARMA,EQ,1780.0,1805.0,1778.7,1794.2,1799.0,1786.4,1858093,3334423000.5,77428
2026-06-11,INE424H01027,SUNTV,EQ,509.1,509.1,499.45,501.4,503.1,506.05,167384,84114604.4,14163
2026-06-11,INE073D01013,SUNDRMBRAK,EQ,718.2,725.0,707.3,712.85,710.1,732.15,955,682685.6,115
2026-06-11,INE0Q3R01026,SUNCLAY,EQ,1292.3,1330.0,1284.1,1320.3,1320.0,1292.1,4796,6313949.2,1139
2026-06-11,INE660A01013,SUNDARMFIN,EQ,4175.0,4193.9,4100.0,4112.3,4118.2,4203.2,90548,374113346.2,19868
2026-06-11,INE108E01023,SUNDARAM,EQ,1.38,1.4,1.35,1.39,1.39,1.37,208683,288651.12,985
2026-06-11,INE387A01021,SUNDRMFAST,EQ,822.9,838.9,819.8,835.85,835.6,830.4,28635,23847151.65,4780
2026-06-11,INE209A01019,SUNDROP,EQ,658.2,663.65,650.0,652.55,650.0,658.2,6106,4001410.85,540
2026-06-11,INE947A01014,SUNFLAG,EQ,341.0,350.65,333.55,335.2,336.05,343.85,263261,90191763.75,5964
2026-06-11,INE0O3O01017,SEL,ST,185.0,185.0,184.95,184.95,184.95,194.65,400,73990.0,2
2026-06-11,INE0U2N01013,SUNLITE,ST,407.65,408.85,395.0,407.75,408.2,402.85,9000,3647520.0,29
2026-06-11,INE0PLZ01012,SUNREST,SM,33.1,33.1,33.1,33.1,33.1,32.15,1600,52960.0,1
2026-06-11,INE0SGZ01016,SUNTECH,ST,33.4,33.4,33.4,33.4,33.4,35.15,1600,53440.0,1
2026-06-11,INE805D01034,SUNTECK,EQ,275.5,278.3,272.5,273.7,274.0,279.15,206500,56741506.3,5931
2026-06-11,INE662A01027,SUPERSPIN,EQ,4.92,5.45,4.75,5.12,5.12,4.92,35619,183568.43,107
2026-06-11,INE712B01010,SUPERHOUSE,EQ,153.69,155.69,150.4,151.33,151.4,153.69,1289,197743.27,60
2026-06-11,INE399C01030,SUPRAJIT,EQ,458.0,458.9,446.0,447.1,446.0,459.15,86504,39232730.35,4294
2026-06-11,INE319Z01021,SUPREMEENG,BZ,1.18,1.18,1.08,1.18,1.18,1.13,167511,196168.64,64
2026-06-11,INE0U6N01014,SFML,SM,23.0,23.0,23.0,23.0,23.0,22.5,1600,36800.0,1
2026-06-11,INE822E01011,SUPREME,EQ,44.44,45.17,43.58,44.13,44.45,44.91,10910,483525.66,174
2026-06-11,INE195A01028,SUPREMEIND,EQ,3468.0,3507.0,3429.7,3443.8,3437.9,3488.5,52870,182626323.0,11106
2026-06-11,INE550H01011,SUPREMEINF,EQ,71.88,83.0,71.88,80.19,80.95,72.61,964324,78289579.55,5455
2026-06-11,INE663A01033,SPLPETRO,EQ,668.0,682.45,663.1,667.2,668.95,675.9,59387,39831034.75,2789
2026-06-11,INE0QHG01026,SUPREMEPWR,ST,231.1,239.9,231.1,234.95,237.85,241.75,18000,4249050.0,36
2026-06-11,INE07RO01027,SUPRIYA,EQ,957.2,981.0,931.0,937.0,941.0,952.4,357173,341945595.75,22408
2026-06-11,INE843S01025,SURAJEST,EQ,189.67,189.67,185.05,186.78,187.9,189.19,51376,9593808.67,1151
2026-06-11,INE713C01016,SURAJLTD,EQ,228.0,233.79,224.0,225.22,225.0,227.0,547,123899.08,43
2026-06-11,INE877V01027,SURAKSHA,EQ,266.7,275.95,265.55,268.05,267.0,270.8,11860,3188609.6,563
2026-06-11,INE272L01022,SURANASOL,EQ,27.0,27.05,26.26,26.65,26.6,27.03,35104,937449.51,590
2026-06-11,INE130B01031,SURANAT&P,EQ,18.0,18.39,17.5,18.01,18.1,18.07,41900,751608.6,289
2026-06-11,INE01ZJ01015,SURANI,ST,119.2,124.0,118.0,124.0,124.0,123.5,3400,410110.0,9
2026-06-11,INE05ST01028,SBGLP,EQ,26.49,26.49,25.8,25.86,25.8,26.3,15917,416649.45,217
2026-06-11,INE335A01020,SURYAROSNI,EQ,245.2,252.05,241.41,250.03,251.7,247.61,791311,195564669.33,16019
2026-06-11,INE713B01026,SURYALAXMI,EQ,57.8,57.8,55.0,55.16,55.16,56.01,2280,128113.97,47
2026-06-11,INE132C01027,SURYALA,EQ,426.0,436.3,420.5,422.3,422.25,426.45,1129,477322.95,65
2026-06-11,INE428Q01011,SURYODAY,EQ,173.0,173.0,164.1,164.85,166.95,170.0,164587,27469518.39,3241
2026-06-11,INE645H01027,SUTLEJTEX,EQ,36.05,36.65,35.0,35.14,35.03,36.93,40805,1456902.89,936
2026-06-11,INE495B01038,SUVEN,EQ,265.15,270.35,260.05,263.15,264.6,268.8,825579,218127513.4,15012
2026-06-11,INE018401013,SUVIDHAA,EQ,2.63,2.71,2.6,2.65,2.61,2.63,36237,95973.75,136
2026-06-11,INE442P01014,SUYOG,EQ,695.0,695.0,666.1,673.2,678.9,698.45,13035,8828670.95,1598
2026-06-11,INE040H01021,SUZLON,EQ,53.79,54.12,53.07,53.29,53.4,54.08,41907259,2244557015.56,68274
2026-06-11,INE308E01029,SVPGLOB,BE,3.82,3.92,3.66,3.75,3.8,3.8,19451,72736.61,35
2026-06-11,INE665A01038,SWANCORP,EQ,311.0,314.9,303.45,312.45,310.95,311.5,699763,216365880.5,25737
2026-06-11,INE542F01020,SWANDEF,BE,2000.0,2017.0,1930.0,1973.3,1971.0,1997.9,13050,25689634.2,405
2026-06-11,INE277A01016,SWARAJENG,EQ,3781.7,3781.7,3680.0,3686.8,3682.0,3777.9,18472,68539054.9,1715
2026-06-11,INE0GMR01016,SWARAJ,SM,244.0,253.9,243.25,249.6,247.0,240.6,79500,19615900.0,83
2026-06-11,INE409B01013,SWELECTES,EQ,630.8,633.25,611.3,619.75,612.0,627.65,11511,7181564.55,1143
2026-06-11,INE00H001014,SWIGGY,EQ,240.95,243.0,236.8,240.2,240.2,242.3,5994672,1441917723.4,46122
2026-06-11,INE01IH01015,SYLVANPLY,SM,52.0,52.0,52.0,52.0,52.0,52.0,2000,104000.0,1
2026-06-11,INE225D01027,SYMPHONY,EQ,679.0,680.3,656.0,661.4,665.0,682.1,67589,45036930.15,4471
2026-06-11,INE312C01025,SYNCOMF,EQ,14.13,14.13,13.74,13.91,14.0,14.12,1989631,27751469.75,3288
2026-06-11,INE00QT01015,SGIL,EQ,550.0,560.0,542.55,551.25,554.0,550.7,11306,6241999.7,622
2026-06-11,INE398R01022,SYNGENE,EQ,452.0,459.35,446.4,447.95,449.3,454.65,713325,323435160.0,31046
2026-06-11,INE0BTR01012,SYNOPTICS,SM,64.2,64.2,64.2,64.2,64.2,64.2,600,38520.0,1
2026-06-11,INE0DYJ01015,SYRMA,EQ,1225.0,1290.9,1220.1,1235.6,1249.3,1225.8,1660600,2085320410.7,74110
2026-06-11,INE0O7R01011,SYSTANGO,SM,223.95,223.95,217.4,218.6,218.7,222.7,22800,5025440.0,42
2026-06-11,INE356B01024,SYSTMTXC,EQ,66.14,66.14,63.02,63.45,63.26,66.01,60968,3983677.91,445
2026-06-11,INE592B01024,TTL,EQ,7.25,7.39,6.93,7.04,6.95,7.0,94192,661937.79,200
2026-06-11,INE524T01011,TAALTECH,EQ,3377.9,3445.0,3361.0,3379.3,3361.0,3379.0,955,3244283.9,192
2026-06-11,INE0SOY01013,TAC,SM,361.0,364.9,347.4,348.4,347.4,365.65,105400,37050010.0,381
2026-06-11,INE123C01018,TAINWALCHM,EQ,198.99,199.0,195.0,198.94,195.0,195.75,3187,630449.08,44
2026-06-11,INE586B01026,TAJGVK,EQ,322.0,322.85,313.0,315.55,315.65,324.05,72236,22890210.0,3060
2026-06-11,INE142I01023,TAKE,BE,29.5,29.9,28.8,29.58,29.9,29.57,140176,4139353.51,7254
2026-06-11,INE187D01029,TALBROAUTO,EQ,348.8,360.0,334.45,356.85,358.0,351.7,179471,63073527.25,5097
2026-06-11,INE864J01012,TAMBOLIIN,EQ,176.9,185.0,172.0,172.67,172.02,184.69,5724,1021856.7,95
2026-06-11,INE668A01016,TMB,EQ,778.5,781.75,756.0,767.4,768.7,774.6,159786,122765490.45,9720
2026-06-11,INE107A01015,TNPL,EQ,143.2,144.89,142.34,143.63,143.51,144.33,17429,2504698.74,459
2026-06-11,INE148A01019,TNPETRO,EQ,85.62,91.0,84.4,89.87,90.07,85.36,374250,33325651.87,4594
2026-06-11,INE141D01018,TNTELE,EQ,9.3,9.3,8.6,9.09,9.15,9.05,12765,115334.18,83
2026-06-11,INE0Z7N01017,TANKUP,ST,1065.0,1065.0,1050.0,1050.0,1050.0,1071.4,500,528750.0,2
2026-06-11,INE483C01032,TANLA,EQ,507.8,516.4,499.0,500.65,500.0,510.6,243887,123641931.05,9496
2026-06-11,INE555Z01020,TARACHAND,EQ,55.12,55.66,53.1,53.83,54.08,55.66,166946,9067022.66,1876
2026-06-11,INE747K01017,TARAPUR,EQ,18.95,19.37,18.25,18.34,18.5,19.0,32515,606884.99,148
2026-06-11,INE0EK901012,TARC,EQ,124.99,124.99,120.1,121.22,120.74,123.8,160828,19572404.82,1887
2026-06-11,INE924H01018,TARMAT,EQ,52.14,52.84,50.6,51.84,51.89,51.45,1074,55160.55,62
2026-06-11,INE144Z01023,TARSONS,EQ,207.01,213.19,199.41,201.0,201.11,206.71,74111,15138918.01,1925
2026-06-11,INE488B01017,TASTYBITE,EQ,8149.5,8539.0,7990.0,8010.0,8015.0,8149.5,5550,46018022.5,1932
2026-06-11,INE976I01016,TATACAP,EQ,320.0,323.45,318.1,321.35,321.9,321.3,1220092,390751896.6,25691
2026-06-11,INE092A01019,TATACHEM,EQ,720.4,762.35,715.15,741.2,745.5,720.4,2660072,1974915456.8,60047
2026-06-11,INE151A01013,TATACOMM,EQ,1966.0,1985.6,1915.0,1966.0,1950.3,1978.6,445629,871196492.9,37639
2026-06-11,INE467B01029,TCS,EQ,2127.0,2154.6,2110.0,2135.6,2136.7,2153.9,3079815,6566243978.9,146700
2026-06-11,INE192A01025,TATACONSUM,EQ,1108.0,1119.0,1105.0,1108.6,1108.3,1108.0,737748,819520294.3,30408
2026-06-11,INE670A01012,TATAELXSI,EQ,4080.0,4080.0,3981.0,4009.1,4010.0,4092.2,209559,841998367.4,26593
2026-06-11,INE672A01026,TATAINVEST,EQ,645.0,649.25,633.9,635.65,637.15,649.7,221654,141936464.2,11743
2026-06-11,INE1TAE01010,TMCV,EQ,363.8,363.8,357.05,358.35,358.65,364.9,4811418,1728398774.9,102178
2026-06-11,INE155A01022,TMPV,EQ,375.0,378.4,372.35,375.9,376.3,381.0,6508792,2447952159.25,70920
2026-06-11,INE245A01021,TATAPOWER,EQ,391.95,396.5,388.3,390.25,390.9,394.75,5580234,2181590063.0,65762
2026-06-11,INE081A01020,TATASTEEL,EQ,197.44,199.35,196.05,197.96,198.4,199.31,38292223,7583633581.28,194370
2026-06-11,INE142M01025,TATATECH,EQ,753.9,754.3,725.85,731.45,738.0,758.2,1022033,755795721.6,34344
2026-06-11,INE517B01013,TTML,EQ,42.43,42.97,41.55,42.15,41.89,42.5,3044064,128579092.68,14185
2026-06-11,INF277K015R5,NETF,EQ,258.46,258.46,248.16,251.39,251.42,252.16,1692,425344.77,124
2026-06-11,INF277K010X4,NPBET,EQ,276.06,283.5,275.19,278.45,281.8,276.63,551,152776.17,33
2026-06-11,INF277KA1364,TNIDETF,EQ,79.31,79.31,77.64,78.18,78.34,79.18,72748,5686903.23,759
2026-06-11,INF277KA1976,TATAGOLD,EQ,13.76,14.09,13.34,14.02,14.05,14.25,93214252,1307524967.99,90527
2026-06-11,INF277KA1984,TATSILV,EQ,22.3,22.9,22.21,22.48,22.49,22.38,57735237,1297322286.67,67472
2026-06-11,INE0GK401011,TATVA,EQ,1122.5,1157.8,1111.5,1153.1,1153.0,1113.7,39444,44991264.1,3677
2026-06-11,INE0XWS01018,TAURIAN,SM,274.0,276.0,264.0,269.8,269.8,271.45,7200,1952240.0,9
2026-06-11,INE053F07835,753IRFC30,NJ,1132.7,1132.7,1129.29,1129.29,1129.29,1128.82,51,57764.29,2
2026-06-11,INE906B07EP5,769NHAI31,NE,1142.0,1142.0,1142.0,1142.0,1142.0,1138.0,1,1142.0,1
2026-06-11,INE906B07EI0,735NHAI31,N9,1095.0,1098.95,1095.0,1098.95,1098.95,1097.0,1094,1198633.25,7
2026-06-11,INE053F07843,750IRFC35,NK,1230.0,1235.0,1230.0,1234.99,1235.0,1225.0,202,248969.89,5
2026-06-11,INE906B07EJ8,76NHAI31,,1100.0,1101.0,1098.0,1098.0,1098.0,1098.0,2774,3046884.5,8
2026-06-11,INE0N2D01013,TBI,SM,68.75,70.0,64.0,65.35,65.4,71.95,101400,6771930.0,106
2026-06-11,INE673O01025,TBOTEK,EQ,1234.0,1264.9,1193.0,1255.6,1259.0,1228.2,116777,144679445.0,9345
2026-06-11,INE887D01016,TCC,EQ,373.0,373.0,355.25,357.65,355.25,368.45,4306,1560695.1,343
2026-06-11,INE586V01016,TCIEXP,EQ,515.0,520.4,500.75,504.15,503.0,515.85,8281,4228458.75,727
2026-06-11,INE911B01018,TCIFINANCE,EQ,24.33,25.3,23.6,25.3,25.3,23.0,409730,10132258.82,1307
2026-06-11,INE822C01015,TCPLPACK,EQ,2488.0,2505.0,2428.9,2455.0,2489.3,2488.7,1406,3475028.0,409
2026-06-11,INE419M01027,TDPOWERSYS,EQ,1145.2,1185.5,1115.0,1126.0,1128.0,1153.3,1494841,1716014913.3,78726
2026-06-11,INE289C01025,TEAMGTY,EQ,239.3,246.95,234.25,238.45,241.0,243.0,680,161904.35,25
2026-06-11,INE985S01024,TEAMLEASE,EQ,1378.0,1434.0,1374.5,1413.8,1428.0,1384.8,36685,51359426.3,1678
2026-06-11,INE065J01024,TPHQ,EQ,0.51,0.51,0.48,0.49,0.5,0.5,1173230,580004.08,376
2026-06-11,INE2OL601013,TEAMTECH,SM,82.8,87.75,82.55,86.7,86.8,82.55,128000,10996700.0,62
2026-06-11,INE669C01036,TECHM,EQ,1456.8,1481.9,1437.7,1465.1,1467.0,1478.9,2088978,3053413648.9,108572
2026-06-11,INE0Y5H01014,TECHD,ST,590.95,590.95,565.0,572.8,573.0,591.8,8700,4989615.0,27
2026-06-11,INE0JQS01019,TECHERA,SM,139.6,143.5,136.0,139.85,139.05,136.7,135200,19087800.0,155
2026-06-11,INE285K01026,TECHNOE,EQ,991.7,1018.4,983.6,1009.5,1012.0,991.7,182909,184030701.7,13553
2026-06-11,INE545H01011,TIIL,EQ,2451.0,2530.9,2450.3,2515.5,2500.0,2484.1,10622,26595827.9,1282
2026-06-11,INE314H01012,TECHNVISN,EQ,5200.0,5368.5,5200.0,5368.5,5368.5,5420.0,51,267335.0,27
2026-06-11,INE014B01011,TECILCHEM,EQ,10.98,11.34,10.98,11.05,11.0,11.03,5546,61350.93,59
2026-06-11,INE0K6601012,TGL,SM,21.15,21.15,20.1,20.4,20.5,21.05,10800,222010.0,32
2026-06-11,INE011K01018,TEGA,EQ,1716.2,1753.5,1680.0,1688.1,1685.0,1738.9,34627,59100279.6,4044
2026-06-11,INE17WC01013,TEJASCARGO,SM,390.0,390.0,390.0,390.0,390.0,390.0,400,156000.0,1
2026-06-11,INE010J01012,TEJASNET,EQ,549.0,584.7,541.1,573.5,574.1,550.8,15848914,9031772683.6,218780
2026-06-11,INE869Y01010,TEMBO,EQ,540.0,559.0,535.5,544.7,547.75,545.6,160869,87993021.55,4180
2026-06-11,INE19RI01016,TENNIND,EQ,578.0,578.0,558.0,561.55,560.0,578.35,820845,462183520.0,50133
2026-06-11,INE482B01010,TERASOFT,EQ,428.6,443.6,415.5,416.8,418.85,437.35,17836,7581702.0,950
2026-06-11,INE435C01024,TEXINFRA,EQ,98.95,99.74,98.05,98.19,99.0,98.95,57114,5618562.35,727
2026-06-11,INE621L01012,TEXRAIL,EQ,101.95,101.95,100.46,100.95,101.0,102.85,1555004,157242221.72,12017
2026-06-11,INE141K01013,TEXMOPIPES,EQ,45.57,45.94,43.0,43.3,43.2,45.57,62744,2758486.05,821
2026-06-11,INE733E07JW2,762NTPC35F,ND,1224.99,1224.99,1215.0,1224.65,1224.6,1208.0,121,148213.12,4
2026-06-11,INE797H01018,TGBHOTELS,EQ,9.01,9.13,8.8,8.9,9.11,9.05,24668,221609.46,126
2026-06-11,INE0QJL01014,TCL,SM,95.1,95.1,94.1,94.1,94.1,95.1,2400,227440.0,3
2026-06-11,INE077P01034,THACKER,BE,1138.5,1143.4,1137.8,1137.8,1137.8,1197.6,248,282242.6,36
2026-06-11,INE085J01014,THANGAMAYL,EQ,5420.0,5461.3,5212.5,5415.4,5427.0,5444.1,130587,698443462.2,22407
2026-06-11,INE294Z01018,ANUP,EQ,1810.0,1830.5,1786.2,1798.7,1800.0,1816.2,14564,26296379.4,3255
2026-06-11,INE319B01014,BYKE,EQ,34.48,34.59,33.18,33.38,33.89,34.49,23788,802058.45,259
2026-06-11,INE017A01032,GESHIP,EQ,1353.0,1420.0,1352.1,1389.5,1388.0,1367.8,840778,1171974049.9,54081
2026-06-11,INE646C01018,GROBTEA,EQ,949.0,949.0,891.0,894.0,899.95,926.4,34,30653.95,15
2026-06-11,INE127B01011,HITECHGEAR,BE,580.5,590.0,575.0,578.1,578.0,580.55,12331,7148739.85,77
2026-06-11,INE383A01012,INDIACEM,EQ,376.8,389.85,373.5,384.65,386.0,375.9,427975,164041187.3,14385
2026-06-11,INE053A01029,INDHOTEL,EQ,663.0,665.65,654.05,655.7,657.15,665.85,3037980,2000358979.3,66984
2026-06-11,INE924D01017,THEINVEST,EQ,93.5,94.0,92.0,92.8,94.0,91.54,5927,551170.03,205
2026-06-11,INE470Y01017,NIACL,EQ,149.85,149.85,146.41,146.93,147.49,150.19,296423,43788497.05,8681
2026-06-11,INE431F01018,PKTEA,EQ,785.0,785.0,760.0,780.0,780.0,791.0,240,182774.0,13
2026-06-11,INE211B01039,PHOENIXLTD,EQ,1752.4,1759.2,1724.5,1732.8,1742.0,1765.7,158859,276422840.5,21473
2026-06-11,INE331A01037,RAMCOCEM,EQ,845.05,854.0,841.0,851.0,850.0,851.45,171286,144914487.55,5865
2026-06-11,INE301D01026,RUBYMILLS,BE,341.8,353.0,335.6,342.9,347.6,353.25,33903,11636598.2,333
2026-06-11,INE683A01023,SOUTHBANK,EQ,44.9,45.75,44.86,45.32,45.41,45.13,13705352,620579741.54,35146
2026-06-11,INE655A01013,STCINDIA,EQ,117.92,118.01,112.11,112.95,112.8,117.75,86848,9909366.1,1195
2026-06-11,INE071E01023,UGARSUGAR,EQ,40.0,40.98,38.75,39.0,39.25,39.9,159024,6322255.14,1549
2026-06-11,INE215F01023,WIPL,EQ,154.9,154.9,145.0,145.28,145.0,148.0,404,60579.21,23
2026-06-11,INE121N01019,THEJO,EQ,1522.1,1526.0,1472.1,1491.5,1495.0,1522.7,5175,7767685.9,540
2026-06-11,INE083B01024,THEMISMED,EQ,103.11,103.9,100.0,100.31,100.69,103.14,43644,4434045.95,917
2026-06-11,INE152A01029,THERMAX,EQ,4688.0,4701.6,4533.3,4571.3,4580.0,4698.8,180285,829589306.2,27916
2026-06-11,INE0SHE01019,THESL,SM,12.7,13.1,12.7,13.05,13.1,13.1,18000,234300.0,6
2026-06-11,INE338A01024,TIRUMALCHM,EQ,166.0,166.98,162.8,163.31,163.2,167.19,166860,27461060.53,2804
2026-06-11,INE332A01027,THOMASCOOK,EQ,112.94,113.0,106.76,108.16,108.25,115.08,5753087,629881069.24,36010
2026-06-11,INE480M01011,THOMASCOTT,EQ,258.1,258.1,250.0,251.65,250.1,255.5,18933,4797624.9,823
2026-06-11,INE594H01019,THYROCARE,EQ,532.85,537.75,517.25,519.4,523.0,532.8,259715,136504791.4,12273
2026-06-11,INE906O01029,TIGERLOGS,BE,35.6,36.4,34.59,34.98,34.59,36.41,121055,4234804.94,212
2026-06-11,INE440L01017,TIJARIA,EQ,4.65,4.65,4.25,4.52,4.54,4.43,6792,30407.11,52
2026-06-11,INE806C01018,TIL,EQ,184.28,184.28,177.35,179.68,179.4,182.83,35319,6357206.71,872
2026-06-11,INE133E01013,TI,EQ,430.0,431.1,423.55,428.0,427.15,433.9,202110,86365974.55,7313
2026-06-11,INE508G01029,TIMETECHNO,EQ,167.0,168.49,162.5,163.15,163.61,168.69,2152800,356243920.22,23867
2026-06-11,INE064A01026,TIMEX,EQ,458.1,474.4,450.55,455.95,452.55,460.85,510721,236862883.2,14220
2026-06-11,INE325A01013,TIMKEN,EQ,3574.0,3574.0,3500.0,3511.5,3500.1,3549.6,20214,71291589.3,5541
2026-06-11,INE015C01016,TINNARUBR,EQ,848.5,882.3,848.5,868.65,858.5,867.9,38342,33363395.75,2273
2026-06-11,INE0LQS01015,TIPSFILMS,EQ,350.0,353.8,342.0,342.45,342.1,350.75,871,302765.5,89
2026-06-11,INE716B01029,TIPSMUSIC,EQ,646.7,649.0,631.65,635.5,641.0,642.7,149224,95549398.0,7265
2026-06-11,INE319Y01024,TIRUPATIFL,BE,43.44,44.5,42.2,43.57,43.8,43.41,130842,5625795.13,440
2026-06-11,INE615H01020,TITAGARH,EQ,825.5,843.5,814.15,822.7,821.1,833.75,597124,494912616.5,27714
2026-06-11,INE280A01028,TITAN,EQ,4020.1,4069.7,3962.8,4025.2,4031.0,4042.1,767665,3097443849.8,66915
2026-06-11,INE932C01012,TOKYOPLAST,BE,81.9,84.89,81.59,82.8,82.8,82.0,364,30059.22,13
2026-06-11,INE0RWQ01014,TOLINS,EQ,98.9,99.38,97.35,98.24,98.29,99.38,23857,2343062.9,893
2026-06-11,INE685A01028,TORNTPHARM,EQ,4471.6,4611.5,4431.1,4572.2,4588.3,4463.7,830928,3797898319.2,59141
2026-06-11,INE813H01021,TORNTPOWER,EQ,1404.8,1409.1,1368.0,1376.3,1380.0,1399.1,268267,369876105.2,34690
2026-06-11,INE336X01012,TOTAL,EQ,49.44,49.99,49.0,49.83,49.99,48.57,324,15936.86,21
2026-06-11,INE486Y01013,TOUCHWOOD,EQ,69.04,70.98,67.0,69.25,69.0,69.04,449,31113.91,41
2026-06-11,INE305A01023,TFCILTD,EQ,74.0,74.44,71.7,73.96,73.8,74.2,3979045,290696725.13,7355
2026-06-11,INE413G01022,TPLPLASTEH,EQ,65.2,66.39,64.01,65.06,64.93,64.91,46695,3037642.69,797
2026-06-11,INE0HMF01019,TRACXN,EQ,31.38,31.45,30.57,30.81,31.0,31.38,74133,2299639.47,2142
2026-06-11,INE763I01026,TARIL,EQ,308.0,309.4,299.7,300.5,300.8,309.5,1428696,434505318.3,25357
2026-06-11,INE0O3901029,TREL,EQ,26.15,26.15,25.5,25.63,25.79,25.84,19286,496197.49,408
2026-06-11,INE687A01016,TRANSPEK,EQ,980.3,995.9,961.0,972.7,990.0,980.5,1275,1245388.0,207
2026-06-11,INE688A01022,TCI,EQ,945.05,954.95,920.0,923.6,925.0,945.05,25593,23799336.95,3425
2026-06-11,INE454P01035,TRANSRAILL,EQ,476.0,476.0,465.5,466.5,466.95,478.25,498616,233542143.0,11369
2026-06-11,INE0NVI01020,TRANSTEEL,SM,117.1,127.4,115.8,118.65,116.05,119.45,106000,12963300.0,95
2026-06-11,INE804H01012,TFL,EQ,12.37,12.37,11.42,11.92,12.2,11.94,7070,83851.49,71
2026-06-11,INE757B01015,TRANSWORLD,EQ,165.0,166.3,155.2,157.54,159.49,165.72,18494,2959070.15,563
2026-06-11,INE103V01028,TRAVELFOOD,EQ,1230.5,1235.7,1186.8,1216.4,1224.9,1235.7,160396,193165237.4,12464
2026-06-11,INE040M01013,TREEHOUSE,EQ,6.62,7.09,6.62,6.94,7.09,6.62,13308,91440.76,108
2026-06-11,INE00CA01015,TREJHARA,EQ,136.35,141.92,130.99,135.06,137.0,133.79,55504,7437329.54,619
2026-06-11,INE849A01020,TRENT,EQ,2748.0,2750.0,2680.0,2710.9,2721.0,2754.7,980802,2657175214.9,79672
2026-06-11,INE391D01019,TRF,EQ,221.24,229.8,220.0,222.39,224.0,222.35,8418,1881408.08,633
2026-06-11,INE760L01018,TBZ,EQ,166.5,171.36,164.52,166.09,167.23,167.9,182338,30280104.42,2775
2026-06-11,INE064C01022,TRIDENT,EQ,23.88,23.99,23.51,23.57,23.57,23.88,2874584,67968529.61,11430
2026-06-11,INE0QD201012,TECHLABS,ST,135.65,146.35,135.65,135.65,135.65,142.75,92625,12681593.75,298
2026-06-11,INE0LWY01029,TRIDHYA,SM,9.65,9.65,9.65,9.65,9.65,9.2,9000,86850.0,3
2026-06-11,INE948A01012,TRIGYN,EQ,55.88,55.88,53.35,54.26,54.0,54.93,28644,1559880.52,677
2026-06-11,INE256C01024,TRIVENI,EQ,375.6,388.5,371.85,382.6,382.0,373.25,810437,309342077.2,24177
2026-06-11,INE152M01016,TRITURBINE,EQ,650.0,660.8,637.65,640.7,641.0,652.05,427465,276142888.95,18464
2026-06-11,INE0SYV01018,TROM,ST,56.0,56.0,55.95,55.95,55.95,55.85,1200,67170.0,2
2026-06-11,INE0MWH01014,TRUALT,EQ,512.8,519.8,495.1,498.65,500.5,510.25,482635,245561495.35,12171
2026-06-11,INE615R01029,TRU,EQ,5.68,5.96,5.47,5.89,5.92,5.68,122108,716685.49,363
2026-06-11,INE0SWN01019,TRUST,SM,32.5,32.5,31.0,31.0,31.0,32.5,3600,113250.0,6
2026-06-11,INE202Z01029,TSFINV,EQ,391.4,397.4,381.25,385.6,382.2,388.6,49749,19408613.7,2152
2026-06-11,INE1C3207040,935TSI31,N0,105470.0,105470.0,105470.0,105470.0,105470.0,105444.38,4,421880.0,1
2026-06-11,INE1C3207081,935TSIIC28,N0,102575.0,102575.0,102575.0,102575.0,102575.0,102113.84,11,1128325.0,6
2026-06-11,INE910C01018,TTKHLTCARE,EQ,877.2,908.45,875.1,889.9,896.0,881.4,1671,1489332.95,277
2026-06-11,INE690A01028,TTKPRESTIG,EQ,544.7,544.7,527.35,532.05,530.05,544.7,29554,15810672.4,2563
2026-06-11,INE974X01010,TIINDIA,EQ,3060.3,3074.7,2962.0,2975.3,2981.1,3062.3,250989,762769845.9,17243
2026-06-11,INE0OXV01027,TUNWAL,SM,27.9,28.2,27.8,27.85,27.9,27.9,62000,1732300.0,27
2026-06-11,INE038F01029,TVTODAY,EQ,109.33,109.33,103.56,103.88,103.7,109.4,119312,12615825.57,1830
2026-06-11,INE871L01013,TVVISION,EQ,5.21,5.21,4.92,5.0,5.14,5.19,6284,31600.77,72
2026-06-11,INE236G01019,TVSELECT,EQ,446.2,448.5,433.3,438.1,442.9,446.2,52458,23016411.05,2210
2026-06-11,INE105A01035,TVSHLTD,EQ,13401.0,13479.0,13251.0,13315.0,13252.0,13500.0,2005,26725089.0,1255
2026-06-11,INE494B01023,TVSMOTOR,EQ,3300.0,3333.9,3278.7,3287.4,3291.8,3334.9,913252,3012730003.2,72723
2026-06-11,INE494B04019,TVSMNCRPS,P1,10.3,10.35,10.3,10.3,10.35,10.3,1906020,19632197.05,110
2026-06-11,INE421C01016,TVSSRICHAK,EQ,3940.1,3955.0,3860.0,3877.2,3893.0,3938.6,2233,8714423.5,541
2026-06-11,INE395N01027,TVSSCS,EQ,122.0,125.1,119.34,120.24,119.65,124.14,462291,56364267.4,5249
2026-06-11,INE388G01026,TICL,EQ,21.01,21.49,20.2,20.8,20.75,21.08,1897272,39722687.98,2199
2026-06-11,INE152C01025,UYFINCORP,EQ,14.33,14.45,14.02,14.18,14.15,14.11,18791,266047.31,82
2026-06-11,INE139B01016,UCAL,EQ,100.07,100.13,97.6,98.1,98.9,99.31,4241,417598.59,89
2026-06-11,INE691A01018,UCOBANK,EQ,25.6,25.63,25.01,25.12,25.13,25.75,4664380,117970367.03,13201
2026-06-11,INE0N0Y01013,USK,EQ,24.8,24.8,23.6,23.87,23.86,24.6,12589,302092.05,171
2026-06-11,INE516A01017,UFLEX,EQ,413.0,417.2,404.0,406.15,408.0,413.5,37065,15153402.95,1221
2026-06-11,INE527H01019,UFO,EQ,73.0,73.0,71.08,71.97,72.0,71.98,41663,3001966.65,723
2026-06-11,INE583D01011,UGROCAP,EQ,93.69,93.69,91.8,92.6,92.98,93.69,85656,7936172.25,1026
2026-06-11,INE899L01030,UEL,EQ,145.79,155.75,142.82,143.54,143.92,143.21,13215,1956442.38,855
2026-06-11,INE551W01018,UJJIVANSFB,EQ,52.71,53.61,52.51,53.26,53.5,52.94,5875125,312148202.65,42130
2026-06-11,INE405A01021,ULTRAMAR,EQ,383.9,389.7,374.1,375.9,374.1,383.65,3297,1258128.35,290
2026-06-11,INE481G01011,ULTRACEMCO,EQ,10798.0,10938.0,10706.0,10830.0,10850.0,10866.0,236130,2562581254.0,40499
2026-06-11,INE0GIU01018,UMAEXPORTS,BE,21.21,22.89,21.2,21.69,21.97,21.98,23805,520163.1,141
2026-06-11,INE398B01018,UMIYA-MRO,EQ,86.0,87.7,85.0,87.12,85.55,87.56,12725,1097010.64,161
2026-06-11,INE351A01035,UNICHEMLAB,EQ,456.0,515.95,442.2,462.6,447.0,437.4,24849976,12112263758.35,430836
2026-06-11,INE00U401027,UNIECOM,EQ,84.88,98.35,83.1,90.83,89.92,84.67,38212044,3598469207.47,148337
2026-06-11,INE0PRF01011,UNIHEALTH,ST,466.65,469.7,450.1,465.75,460.15,466.55,14500,6683000.0,25
2026-06-11,INE481Z01011,UNIINFO,BE,11.67,11.67,10.59,11.0,11.0,11.14,1081,11784.68,29
2026-06-11,INE0U3I01011,UNIMECH,EQ,1143.2,1145.0,1065.0,1076.8,1080.0,1148.9,118727,130238119.05,9833
2026-06-11,INE692A01016,UNIONBANK,EQ,164.1,165.68,162.92,164.54,164.7,166.45,12145117,1993530970.75,39168
2026-06-11,INF582M01KS4,UNIONGOLD,EQ,142.5,142.5,140.4,140.65,140.65,143.35,706412,99695250.85,108
2026-06-11,INE244O01017,UNIPARTS,EQ,643.0,654.0,626.0,637.15,640.0,641.95,142990,91288614.0,8509
2026-06-11,INE037A01022,UNIENTER,EQ,102.02,107.0,101.21,101.73,101.21,102.89,2125,217503.2,65
2026-06-11,INE694A01020,UNITECH,EQ,4.81,4.85,4.63,4.66,4.71,4.81,2860354,13536367.67,2563
2026-06-11,INE686F01025,UBL,EQ,1328.9,1345.2,1315.8,1320.7,1325.0,1327.3,52418,69792580.8,6117
2026-06-11,INE961D01019,UNIDT,BE,240.0,242.4,230.3,236.41,239.1,240.0,4264,1012176.82,65
2026-06-11,INE382M01027,UFBL,EQ,549.0,563.45,530.0,556.55,560.0,560.4,120256,66687394.4,3235
2026-06-11,INE0SMR01011,UHTL,ST,98.8,98.8,96.5,98.8,98.8,94.1,192000,18958900.0,87
2026-06-11,INE458F01011,UNITEDTEA,EQ,506.7,513.0,506.7,510.2,511.0,507.35,576,292891.1,66
2026-06-11,INE368U01029,UNITEDPOLY,BE,33.22,33.75,32.7,33.29,33.35,33.22,8458,279082.38,89
2026-06-11,INE854D01024,UNITDSPR,EQ,1259.9,1275.6,1252.5,1257.8,1257.4,1259.9,638516,806417485.7,31796
2026-06-11,INE562X01013,UNIVASTU,EQ,79.33,79.88,77.55,78.31,79.0,78.31,47801,3765173.35,424
2026-06-11,INE279A01012,UNIVCABLES,EQ,1190.0,1220.0,1121.3,1134.3,1148.0,1190.9,270716,315448149.9,17348
2026-06-11,INE03V001013,UNIVPHOTO,BE,359.0,365.85,359.0,365.85,365.85,358.7,773,279083.75,14
2026-06-11,INE405E01023,UNOMINDA,EQ,1071.6,1077.5,1053.0,1067.3,1071.0,1080.5,627702,668062089.3,37781
2026-06-11,INE148I08256,915SCL26,NE,1060.0,1060.0,1060.0,1060.0,1060.0,1060.0,508,538480.0,6
2026-06-11,INE530B08110,IIFLZC28,NG,1627.75,1627.75,1626.0,1626.0,1626.0,1627.34,68,110622.25,2
2026-06-11,INE530B08102,96IIFL28A,NF,1001.71,1002.9,1001.0,1002.05,1002.9,1001.71,3196,3201840.54,34
2026-06-11,INE477L08147,10IIFL28,N4,1075.3,1075.3,1075.3,1075.3,1075.3,1075.24,110,118283.0,3
2026-06-11,INE477L08154,96IIFL28,N5,1001.0,1004.95,1000.0,1001.0,1001.01,1000.97,3096,3098229.26,27
2026-06-11,INE306N08342,885TCAPS29,NC,1080.0,1080.0,1080.0,1080.0,1080.0,1080.0,50,54000.0,1
2026-06-11,INE306N08292,910TCAP28,,1098.0,1098.0,1094.0,1094.0,1094.0,1090.1,439,480510.86,15
2026-06-11,INE851I01011,UDS,EQ,180.19,185.49,177.77,184.12,183.03,181.34,332832,60652212.34,5378
2026-06-11,INE628A01036,UPL,EQ,606.0,609.4,592.25,593.75,594.9,611.0,1253041,748708859.95,32287
2026-06-11,INE568Z01015,URAVIDEF,EQ,118.99,118.99,110.0,114.38,112.75,115.3,213917,24871684.13,489
2026-06-11,INE0CAZ01013,URBANCO,EQ,122.5,123.65,121.16,122.98,123.0,122.67,2010441,247062707.54,14852
2026-06-11,INE0O0201019,URBAN,SM,130.3,132.0,126.25,128.1,128.1,130.3,14400,1863000.0,12
2026-06-11,INE550C01020,URJA,EQ,10.32,10.32,10.05,10.13,10.15,10.26,617783,6273762.6,2372
2026-06-11,INE0LS001014,USHAFIN,SM,35.5,35.5,34.9,34.9,34.9,37.0,6400,225200.0,4
2026-06-11,INE240C01028,UMESLTD,BE,5.55,5.64,5.23,5.64,5.64,5.5,68637,373040.49,40
2026-06-11,INE228A01035,USHAMART,EQ,476.1,488.0,473.45,480.1,480.75,480.65,220569,105917884.2,12332
2026-06-11,INE094J01016,UTIAMC,EQ,926.0,926.95,912.0,914.4,916.0,930.1,46091,42170080.75,5147
2026-06-11,INF789F1AUV1,BANKBETA,EQ,56.78,57.29,56.19,56.93,57.03,56.78,74191,4224145.65,505
2026-06-11,INF789F1AZF3,GILT10BETA,EQ,25.92,26.17,25.89,25.97,25.97,25.92,868,22513.34,21
2026-06-11,INF789F1AZE6,GILT5BETA,EQ,65.51,66.03,64.74,65.82,65.82,65.19,218,14269.65,15
2026-06-11,INF789F1AZD8,ITBETA,EQ,291.61,293.19,289.72,292.73,293.0,297.41,1418,413650.21,47
2026-06-11,INF789F1AYX9,MIDCAPBETA,EQ,220.67,221.38,219.0,219.6,219.9,221.54,1564,343436.82,33
2026-06-11,INF789F1AUW9,NEXT50BETA,EQ,74.63,74.64,73.55,73.76,74.49,74.66,59289,4388820.73,668
2026-06-11,INF789F1AZC0,NIFTYBETA,EQ,256.05,257.43,254.81,255.97,255.8,256.06,329776,84587422.58,906
2026-06-11,INF789FB1X58,SENSEXBETA,EQ,821.9,821.9,807.93,814.87,819.0,820.47,4970,4054740.26,163
2026-06-11,INF789F1AYK6,SILVERBETA,EQ,221.98,225.29,221.27,223.52,223.77,222.64,428478,95664186.23,4927
2026-06-11,INF789F1AUU3,SNXT50BETA,EQ,89.59,90.4,87.97,88.33,88.71,89.59,5234,466593.25,145
2026-06-11,INF789F1AUX7,GOLDBETA,EQ,120.55,122.05,118.0,121.5,121.75,123.55,406077,49314336.4,4465
2026-06-11,INE735W01017,UTKARSHBNK,EQ,12.65,12.65,12.31,12.38,12.45,12.54,2730895,33923110.51,4425
2026-06-11,INE06IJ01010,UTSSAV,ST,315.0,317.0,300.7,300.7,300.7,316.5,60000,18166440.0,65
2026-06-11,INE786F01031,UTTAMSUGAR,EQ,232.8,236.0,228.2,231.21,230.51,232.13,100532,23456276.62,2177
2026-06-11,INE0GXK01018,VMARCIND,SM,1411.7,1411.7,1349.0,1363.0,1370.0,1397.25,29250,40095575.0,109
2026-06-11,INE951I01027,VGUARD,EQ,297.4,299.0,292.55,293.45,294.05,297.4,110134,32492630.05,5043
2026-06-11,INE0QXL01015,VLINFRA,ST,29.5,30.55,29.5,30.55,30.55,29.5,3000,90075.0,2
2026-06-11,INE945H01021,V2RETAIL,EQ,224.0,226.92,214.0,215.27,216.05,224.94,1484922,325109763.31,25786
2026-06-11,INE956G01038,WABAG,EQ,1550.0,1556.0,1510.0,1524.0,1525.0,1550.0,135105,206829890.1,11268
2026-06-11,INE694D01016,VADILALIND,EQ,5926.0,6098.0,5836.2,5940.9,5935.0,5926.8,36437,217297402.5,7134
2026-06-11,INE551Q01028,VSCL,ST,27.0,27.0,27.0,27.0,27.0,26.5,9000,243000.0,2
2026-06-11,INE884A01027,VAIBHAVGBL,EQ,222.0,228.79,219.32,223.58,225.0,223.59,268765,60389351.88,5739
2026-06-11,INE0JR301013,MADHAVBAUG,SM,183.45,183.9,183.3,183.9,183.9,182.55,2800,514160.0,6
2026-06-11,INE972X01022,VAISHALI,BE,7.02,7.44,7.02,7.18,7.27,7.13,96359,698555.0,153
2026-06-11,INE051B01021,VAKRANGEE,EQ,6.04,6.14,5.97,6.05,6.06,6.11,1536979,9262471.34,1944
2026-06-11,INE0JWS01017,VALIANTLAB,BE,69.99,71.79,66.5,67.03,69.1,69.18,16417,1120884.16,145
2026-06-11,INE565V01010,VALIANTORG,EQ,270.0,272.0,264.05,265.85,266.0,270.45,28412,7596850.95,1546
2026-06-11,INE879I01012,DBREALTY,BE,104.0,110.75,102.0,109.3,109.0,105.8,3214810,337511478.95,2887
2026-06-11,INE1E7Y01018,VALUE360,SM,69.0,78.0,69.0,72.9,72.45,69.0,154800,11416560.0,55
2026-06-11,INE116G01013,VARDHACRLC,EQ,45.7,45.7,43.1,43.37,43.11,44.17,39744,1738541.54,437
2026-06-11,INE701A01023,VHL,EQ,3375.0,3437.0,3305.8,3388.6,3425.0,3378.0,363,1227679.1,92
2026-06-11,INE835A01029,VARDMNPOLY,EQ,7.21,7.23,6.85,6.87,7.0,7.06,179284,1249108.17,268
2026-06-11,INE050M01012,VSSL,EQ,264.6,269.45,260.05,267.95,269.45,264.6,38002,10045260.45,1209
2026-06-11,INE825A01020,VTL,EQ,609.0,638.0,607.9,614.45,612.5,613.45,427918,265236896.75,19679
2026-06-11,INE665L01035,VARROC,EQ,569.05,576.95,560.0,561.5,561.5,575.1,47985,27240820.0,3751
2026-06-11,INE200M01039,VBL,EQ,521.1,532.3,518.5,519.9,520.0,526.25,2704464,1417318709.8,51503
2026-06-11,INE273D01027,VGL,EQ,71.25,71.25,68.5,68.74,68.5,70.9,50999,3549247.97,1133
2026-06-11,INE0N5801013,DENTALKART,SM,395.0,397.85,383.4,386.15,385.9,386.3,9750,3775375.0,29
2026-06-11,INE893I01013,VASCONEQ,BE,34.73,34.73,34.5,34.69,34.73,33.08,1148203,39865565.6,1744
2026-06-11,INE590L01019,VASWANI,EQ,60.7,60.7,56.7,58.02,57.92,59.52,40279,2365420.67,1016
2026-06-11,INE098201036,VCL,EQ,1.38,1.41,1.32,1.34,1.39,1.4,462466,626117.7,990
2026-06-11,INE04HY07294,1025VCCL28,N0,97090.0,97162.53,97090.0,97162.53,97162.53,97097.43,4,388577.59,2
2026-06-11,INE04HY07278,12VCCL29C,N0,99000.0,99000.0,99000.0,99000.0,99000.0,99000.0,1,99000.0,1
2026-06-11,INE04HY07203,12VCCL29A,N0,99998.0,99998.0,99998.0,99998.0,99998.0,99998.0,1,99998.0,1
2026-06-11,INE04HY07385,115VCCL28A,N0,98124.63,98124.63,98124.63,98124.63,98124.63,98300.0,1,98124.63,1
2026-06-11,INE04HY07401,115VCCL31A,N0,9719.0,9719.0,9719.0,9719.0,9719.0,9709.0,2,19438.0,1
2026-06-11,INE825V01034,MANYAVAR,EQ,395.0,399.5,393.05,396.55,397.85,397.05,81691,32340378.85,7358
2026-06-11,INE205A01025,VEDL,EQ,295.05,310.0,292.8,304.9,306.0,299.3,21784565,6654750566.15,163549
2026-06-11,INE484C01030,VEEDOL,EQ,1429.8,1429.8,1395.1,1404.3,1405.0,1428.4,7151,10107189.0,1389
2026-06-11,INE0KTW01013,VEEKAYEM,ST,129.0,130.0,127.2,128.0,128.0,133.8,2500,321600.0,5
2026-06-11,INE232E01013,VELJAN,EQ,1310.0,1310.0,1165.0,1206.1,1214.0,1282.8,652,800135.6,110
2026-06-11,INE398A01010,VENKEYS,EQ,1370.0,1388.0,1355.4,1364.4,1364.0,1376.8,21271,29107933.7,1978
2026-06-11,INE781S01027,VENTIVE,EQ,621.9,621.9,601.0,602.65,602.0,618.8,35698,21659365.4,2193
2026-06-11,INE0JA001018,VENUSPIPES,EQ,1355.0,1391.4,1336.9,1351.1,1391.4,1374.4,36866,50201547.6,2848
2026-06-11,INE411B01019,VENUSREM,EQ,1650.0,1715.1,1625.7,1715.1,1715.1,1633.5,176186,299687980.8,5871
2026-06-11,INE0IQ001011,VERANDA,EQ,221.0,221.81,213.22,218.38,218.9,221.66,230185,49934353.59,2691
2026-06-11,INE0NLB01018,VERTEXPLUS,SM,56.65,56.65,56.65,56.65,56.65,59.6,1200,67980.0,2
2026-06-11,INE0KXY23015,VERTIS,IV,106.8,106.8,106.5,106.5,106.5,106.75,125000,13332500.0,3
2026-06-11,INE188Y01031,VERTOZ,BE,44.83,46.9,43.64,45.89,45.28,44.81,130792,5986510.23,644
2026-06-11,INE386A01023,VESUVIUS,EQ,449.0,450.4,439.55,448.45,449.0,449.15,62444,27858390.0,3766
2026-06-11,INE918N01018,VETO,EQ,145.29,146.99,141.57,144.19,144.9,144.57,167207,24137854.06,2783
2026-06-11,INE0MO401019,VIAZ,SM,63.1,63.1,63.1,63.1,63.1,63.5,10000,631000.0,1
2026-06-11,INE0QTF01015,VSTL,EQ,119.8,119.99,117.03,119.02,119.99,120.26,12961,1530990.31,317
2026-06-11,INE048C01025,VHLTD,BE,138.95,139.0,133.5,136.89,137.0,136.94,2409,329343.34,104
2026-06-11,INE0F8901022,VICTORYEV,ST,17.45,17.45,17.4,17.4,17.4,18.15,6000,104550.0,2
2026-06-11,INE632C01026,VIDHIING,EQ,287.7,289.85,285.0,285.5,285.0,286.15,3323,952532.1,160
2026-06-11,INE14UN01029,VIDYAWIRES,EQ,84.84,86.8,84.84,84.84,84.84,89.3,3469570,296126864.89,13775
2026-06-11,INE1DM601016,VIGOR,ST,81.5,81.5,80.75,80.85,80.85,85.0,20800,1685760.0,10
2026-06-11,INE043W01024,VIJAYA,EQ,1269.7,1309.2,1261.5,1279.2,1273.2,1269.7,218132,281589202.1,22915
2026-06-11,INE0WL901019,VIJAYPD,ST,75.6,75.6,74.3,74.3,74.3,78.2,22000,1639600.0,11
2026-06-11,INE159N01027,VIJIFIN,BE,3.98,4.0,3.86,3.9,3.93,3.95,85859,337125.38,114
2026-06-11,INE806A01020,VIKASECO,EQ,1.25,1.26,1.23,1.25,1.25,1.25,1091611,1367812.89,813
2026-06-11,INE161L01027,VIKASLIFE,EQ,1.46,1.47,1.44,1.44,1.45,1.46,1497581,2172423.64,7862
2026-06-11,INE078V01014,VIKRAMSOLR,EQ,212.05,212.43,201.69,202.13,202.2,213.28,2287483,471480171.46,22828
2026-06-11,INE01R501028,VIKRAN,EQ,68.0,68.2,65.4,65.74,65.98,67.96,2109712,139864633.98,10125
2026-06-11,INE0AZY01017,VILAS,SM,362.45,371.95,362.0,367.95,370.0,362.45,27250,9990862.5,86
2026-06-11,INE0L4V01013,VILINBIO,ST,47.75,47.75,47.75,47.75,47.75,48.0,8000,382000.0,1
2026-06-11,INE579C01029,VIMTALABS,EQ,517.0,533.5,513.6,521.25,524.3,519.35,183719,95998004.0,8368
2026-06-11,INE410B01037,VINATIORGA,EQ,1292.0,1309.0,1285.0,1305.4,1305.0,1309.5,38276,49589550.3,5306
2026-06-11,INE707A01012,VINDHYATEL,EQ,2030.5,2097.0,1961.8,1979.6,2024.0,2061.1,55409,112238235.7,6847
2026-06-11,INE505Y01010,VINEETLAB,BE,33.06,34.9,33.06,34.5,34.5,33.25,20821,709703.15,54
2026-06-11,INE01KI01027,VINNY,EQ,1.05,1.09,1.04,1.07,1.08,1.05,279260,300266.15,150
2026-06-11,INE0OSJ01014,VINSYS,SM,360.0,374.5,360.0,367.25,374.5,377.15,2000,734500.0,2
2026-06-11,INE498Q01014,VINCOFE,EQ,155.9,169.5,152.43,158.85,160.4,156.22,22143969,3511253961.42,103710
2026-06-11,INE0OLS01010,VINYAS,SM,1325.0,1415.0,1301.0,1402.05,1415.0,1336.75,19900,27266770.0,139
2026-06-11,INE250B01029,VINYLINDIA,EQ,240.35,245.2,237.1,238.7,237.1,242.4,11830,2849996.2,1348
2026-06-11,INE450G01024,VIPCLOTHNG,BE,25.0,25.77,24.26,24.91,24.9,25.39,62788,1568519.12,129
2026-06-11,INE054A01027,VIPIND,EQ,307.0,311.15,296.65,297.95,298.9,308.95,319329,96411448.4,6572
2026-06-11,INE946H01037,VIPULLTD,EQ,10.03,10.25,9.53,9.56,9.54,10.03,63265,615951.95,159
2026-06-11,INE539B01017,VIRINCHI,EQ,15.04,15.1,14.7,14.96,15.0,14.85,51658,775037.62,238
2026-06-11,INE0VRH01015,VGINFOTECH,SM,160.0,162.75,156.25,160.0,160.0,160.95,50000,7967850.0,37
2026-06-11,INE286H01012,VISACHROME,BE,43.44,43.44,40.81,40.85,40.81,42.95,78553,3213374.75,160
2026-06-11,INE370E01029,VIVIDHA,EQ,0.54,0.55,0.53,0.53,0.53,0.54,166617,89113.17,128
2026-06-11,INE392A01021,VISAKAIND,EQ,79.2,79.2,74.56,74.91,74.81,77.92,200155,15303562.02,1982
2026-06-11,INE01EA01019,VMM,EQ,119.15,119.15,115.93,117.65,117.85,118.84,25290282,2972656637.87,51268
2026-06-11,INE270I01022,VISHNU,EQ,580.15,589.5,575.1,577.7,578.35,580.15,61102,35511652.6,2671
2026-06-11,INE0AE001013,VPRPL,BE,25.19,26.25,25.19,25.19,25.19,26.51,999989,25398931.35,2521
2026-06-11,INE0PQ001012,VISHNUINFR,SM,158.9,164.0,158.9,164.0,164.0,153.6,8000,1305075.0,13
2026-06-11,INE430N01022,VISHWARAJ,EQ,5.5,5.5,5.45,5.46,5.5,5.47,139950,768330.86,270
2026-06-11,INE0S2E01016,VISHWAS,SM,44.7,44.7,44.7,44.7,44.7,47.0,1600,71520.0,1
2026-06-11,INE0TR001017,VIESL,SM,308.0,327.9,306.0,320.45,314.1,316.75,95200,30324480.0,105
2026-06-11,INE0L4K01016,VITAL,BE,52.0,54.99,52.0,54.7,54.7,54.33,2265,122216.41,20
2026-06-11,INE0MEG01014,VIVIANA,BE,819.95,838.9,796.0,812.45,817.0,818.1,23453,19128753.25,410
2026-06-11,INE24H301028,VIVIDEL,ST,1040.0,1102.6,997.6,1073.3,1079.9,1050.1,38880,41850600.0,120
2026-06-11,INE526G01021,VIVIMEDLAB,BE,6.25,6.4,6.01,6.1,6.22,6.22,132139,814147.72,118
2026-06-11,INE0IA701014,VIVO,SM,74.0,74.0,74.0,74.0,74.0,76.0,1600,118400.0,1
2026-06-11,INE807F01027,VIYASH,EQ,252.9,255.4,248.15,249.2,249.25,252.3,1477178,370548698.65,29712
2026-06-11,INE03HW01020,VLEGOV,BE,13.98,13.98,13.06,13.5,13.64,13.61,46330,618073.65,212
2026-06-11,INE709A01018,VLSFINANCE,EQ,232.24,232.24,225.01,227.11,229.0,228.0,8038,1835070.45,249
2026-06-11,INE665J01013,VMART,EQ,690.0,704.0,675.3,697.8,700.5,690.85,103363,71323669.5,7702
2026-06-11,INE0SJA01013,VMSTMT,BE,44.52,45.89,43.01,44.21,44.55,45.08,25679,1132862.02,267
2026-06-11,INE669E01016,IDEA,EQ,13.78,14.49,13.73,14.17,14.23,13.88,802424304,11444525706.71,875859
2026-06-11,INE241X01014,VOLERCAR,SM,240.95,274.55,233.0,234.5,233.0,228.8,222400,53978040.0,156
2026-06-11,INE540H01012,VOLTAMP,EQ,9730.0,9816.0,9500.0,9531.5,9510.0,9754.0,37061,357173037.0,12032
2026-06-11,INE226A01021,VOLTAS,EQ,1285.0,1297.0,1272.0,1277.3,1280.8,1290.0,550616,707636429.4,20277
2026-06-11,INE0S2V01010,VRAJ,EQ,121.47,123.69,120.0,120.23,120.0,121.47,7246,876645.21,701
2026-06-11,INE366I01010,VRLLOG,EQ,234.44,234.45,227.5,229.65,229.0,234.44,239110,54948313.02,6230
2026-06-11,INE710A01016,VSTIND,EQ,258.8,258.8,255.2,256.3,256.1,257.0,129070,33127098.15,3373
2026-06-11,INE764D01017,VSTTILLERS,EQ,4531.0,4531.0,4275.0,4353.5,4315.0,4531.0,21878,95857064.0,4381
2026-06-11,INE765D01022,WPIL,EQ,423.4,437.0,413.4,422.6,434.4,422.3,22155,9332369.55,1305
2026-06-11,INE100D01014,WSI,EQ,70.72,70.75,68.51,69.05,68.55,71.11,10638,737577.98,208
2026-06-11,INE377N01017,WAAREEENER,EQ,3019.0,3019.1,2962.2,3013.9,3010.1,3017.2,722523,2163389702.2,41175
2026-06-11,INE299N01021,WAAREERTL,EQ,949.05,949.05,918.0,922.6,925.0,953.6,200343,186051853.3,11071
2026-06-11,INE0E7301029,WAKEFIT,EQ,117.8,117.85,113.0,113.72,113.49,118.12,1312408,150189217.56,17963
2026-06-11,INE711A01022,WALCHANNAG,EQ,241.0,253.0,235.1,243.0,242.8,243.25,1894683,462818758.8,24440
2026-06-11,INE0G2G01015,WALPAR,SM,22.35,22.35,22.35,22.35,22.35,23.3,2000,44700.0,1
2026-06-11,INE107F01022,WANBURY,EQ,259.6,264.25,254.0,255.95,256.6,259.85,61995,15880792.95,1138
2026-06-11,INE0A3007065,1075WCA28,N0,9990.0,9990.0,9990.0,9990.0,9990.0,9820.0,3,29970.0,1
2026-06-11,INE082W01014,WEWIN,BE,52.45,55.36,52.1,52.2,52.2,53.3,1030,54034.99,29
2026-06-11,INF2F0001370,TWCGOLDETF,EQ,144.5,145.5,143.24,144.01,144.08,145.93,2013,289984.47,38
2026-06-11,INE658T01017,WEALTH,EQ,915.3,934.9,901.0,910.75,907.2,915.7,1588,1452104.5,318
2026-06-11,INE855C01023,WEBELSOLAR,EQ,102.5,102.93,99.42,99.97,100.98,103.57,2366382,238945052.6,13501
2026-06-11,INE080A01014,WEIZMANIND,EQ,81.0,81.0,79.01,79.18,79.12,81.87,5209,414106.81,76
2026-06-11,INE191B01025,WELCORP,EQ,1370.0,1397.9,1362.2,1389.4,1377.1,1370.4,469127,652085513.0,25907
2026-06-11,INE625G01013,WELENT,EQ,554.05,558.95,543.95,550.4,548.1,556.1,260053,143761196.35,7273
2026-06-11,INE389K01018,WELINV,BE,1725.0,1740.0,1715.0,1727.0,1727.0,1800.0,63,108622.0,15
2026-06-11,INE192B01031,WELSPUNLIV,EQ,135.57,140.44,133.34,135.55,136.0,140.21,2113578,289358039.75,21460
2026-06-11,INE731F01037,WELSPLSOL,EQ,55.63,58.19,52.25,52.92,52.9,55.66,2716227,148743034.31,12203
2026-06-11,INE274C01019,WENDT,EQ,6768.0,6820.0,6651.0,6783.0,6789.0,6767.5,1545,10384026.0,574
2026-06-11,INE976A01021,WSTCSTPAPR,EQ,491.45,499.35,482.0,484.65,483.5,498.7,60339,29522130.15,2230
2026-06-11,INE0CJF01024,WCIL,EQ,92.0,92.3,90.0,91.05,91.45,92.04,40516,3690059.92,902
2026-06-11,INE274F01020,WESTLIFE,EQ,432.65,444.4,421.2,438.55,433.7,429.4,45206,19544990.15,3980
2026-06-11,INE085001019,WEWORK,EQ,642.0,649.85,632.0,638.9,636.0,643.75,141364,90897683.85,9390
2026-06-11,INE715A01015,WHEELS,EQ,1591.6,1664.8,1554.1,1622.2,1626.0,1583.6,224905,365262334.2,20569
2026-06-11,INE716A01013,WHIRLPOOL,EQ,781.05,781.05,766.05,769.35,769.35,781.05,125533,96752284.1,8475
2026-06-11,INE210A01017,WILLAMAGOR,EQ,27.1,27.1,25.56,25.79,25.56,26.4,970,25704.38,25
2026-06-11,INE0H5O01029,WINDLAS,EQ,821.9,821.9,804.0,811.3,814.9,819.75,47368,38389382.15,3669
2026-06-11,INE052A01021,WINDMACHIN,EQ,324.0,330.0,315.55,318.1,317.6,327.9,123347,39687440.35,2324
2026-06-11,INE0S3D01016,WINSOL,SM,122.8,129.0,122.7,125.95,129.0,125.05,5200,648520.0,13
2026-06-11,INE075A01022,WIPRO,EQ,176.97,178.2,175.83,177.37,177.5,178.93,14468882,2562979731.99,118937
2026-06-11,INE623Y01011,WTICAB,SM,97.55,97.6,93.0,93.6,93.0,98.75,21000,1980325.0,37
2026-06-11,INE049B01025,WOCKPHARMA,EQ,1840.0,1959.0,1835.1,1923.8,1940.4,1833.0,3309525,6346607904.1,137171
2026-06-11,INE0OO201011,WOL3D,ST,129.9,140.0,129.75,132.45,130.0,136.55,49000,6503450.0,35
2026-06-11,INE0Q9601016,WOMANCART,SM,108.1,109.45,107.0,108.0,108.0,108.0,6000,648180.0,15
2026-06-11,INE02WG01024,WEL,EQ,93.0,93.95,92.01,92.06,92.15,92.44,136569,12633851.58,843
2026-06-11,INE066O01014,WONDERLA,EQ,470.0,473.0,465.0,465.6,465.15,473.4,25904,12128527.6,1870
2026-06-11,INE196Y01018,WORTHPERI,EQ,125.0,126.89,121.6,124.7,124.9,124.98,963,119137.27,52
2026-06-11,INE692G01013,XCHANGING,EQ,63.0,63.98,61.5,61.62,61.51,63.02,42618,2646591.77,896
2026-06-11,INE01P501012,XELPMOC,EQ,89.05,89.84,87.0,88.45,88.0,90.46,16148,1425934.02,456
2026-06-11,INE445C01015,XPROINDIA,EQ,1166.0,1204.8,1150.2,1173.6,1173.0,1166.2,53196,62629003.2,2495
2026-06-11,INE547B01028,XTGLOBAL,EQ,29.15,30.23,28.07,28.59,28.76,29.26,57063,1655536.17,1299
2026-06-11,INE0U0J01015,YAAP,ST,190.05,193.95,190.0,193.95,193.95,195.0,3000,574000.0,3
2026-06-11,INE0TO601017,YASHOPTICS,SM,123.0,123.0,123.0,123.0,123.0,123.0,1600,196800.0,1
2026-06-11,INE616Z01012,YASHO,EQ,2475.1,2579.9,2455.8,2553.2,2579.9,2475.1,23524,59625200.8,3223
2026-06-11,INE0JO301016,YATHARTH,EQ,828.0,836.8,816.45,825.85,827.7,830.05,152290,125986782.95,7599
2026-06-11,INE0JR601024,YATRA,EQ,95.88,97.39,95.3,96.57,96.07,96.45,497382,47830131.16,4894
2026-06-11,INE528G01035,YESBANK,EQ,22.5,22.77,22.18,22.22,22.26,22.6,93036362,2084914477.14,81255
2026-06-11,INE09FA01019,YUDIZ,SM,24.5,24.5,23.3,23.3,23.3,24.5,11200,263680.0,14
2026-06-11,INE384C01016,YUKEN,EQ,686.0,686.0,670.0,671.25,670.35,671.55,1150,776101.5,156
2026-06-11,INE116C01012,ZFSTEERING,EQ,660.0,669.65,645.8,646.5,652.1,661.45,2176,1416196.65,153
2026-06-11,INE0ISZ01012,ZTECH,SM,581.0,598.0,578.0,583.5,585.0,581.4,9300,5434170.0,23
2026-06-11,INE07K301024,ZAGGLE,EQ,195.51,196.85,193.01,194.7,195.0,196.98,711191,138520237.75,10121
2026-06-11,INE0PPS01018,ZEAL,SM,67.55,67.55,67.55,67.55,67.55,65.4,4200,283710.0,3
2026-06-11,INE256A01028,ZEEL,EQ,103.0,112.89,102.95,111.45,111.7,102.93,147507343,15928988766.91,392563
2026-06-11,INE565L01011,ZEELEARN,BE,7.0,7.1,6.76,6.91,6.85,7.08,249574,1728702.3,542
2026-06-11,INE966H01019,ZEEMEDIA,EQ,8.19,8.72,8.19,8.52,8.52,8.26,851395,7211514.72,1616
2026-06-11,INE251B01027,ZENTEC,EQ,1752.1,1789.0,1706.7,1715.1,1716.0,1761.8,618341,1080273350.8,35691
2026-06-11,INE0QWN01013,ZENITHDRUG,SM,41.2,41.2,41.2,41.2,41.2,43.5,1600,65920.0,1
2026-06-11,INE058B01018,ZENITHEXPO,EQ,207.99,207.99,197.45,201.08,206.98,206.05,255,51709.63,31
2026-06-11,INE318D01020,ZENITHSTL,EQ,5.67,5.88,5.27,5.61,5.69,5.76,120609,678126.69,256
2026-06-11,INE520A01027,ZENSARTECH,EQ,457.0,457.0,438.4,442.8,445.0,457.25,929412,412304689.65,38462
2026-06-11,INF0R8F01042,GOLDCASE,EQ,23.64,23.64,22.5,22.68,22.75,23.07,14710838,333821381.16,18889
2026-06-11,INF0R8F01034,LIQUIDCASE,EQ,114.49,114.49,114.47,114.48,114.49,114.46,12717675,1455925036.3,13720
2026-06-11,INF0R8F01133,LTGILTCASE,EQ,30.1,30.1,29.95,29.99,29.96,30.04,60590,1817623.59,140
2026-06-11,INF0R8F01059,MID150CASE,EQ,11.27,11.27,10.89,10.92,10.94,11.0,1827530,19999547.75,3968
2026-06-11,INF0R8F01166,NIFTYCASE,EQ,9.51,9.51,9.22,9.25,9.25,9.28,876491,8115219.26,1640
2026-06-11,INF0R8F01091,SILVERCASE,EQ,23.92,23.92,22.88,23.49,23.5,23.45,11173031,262064427.72,15929
2026-06-11,INF0R8F01141,SML100CASE,EQ,10.3,10.3,10.0,10.03,10.06,10.1,497238,5002750.38,1279
2026-06-11,INF0R8F01067,TOP100CASE,EQ,10.11,10.28,10.03,10.1,10.16,10.13,2668058,26826769.17,1306
2026-06-11,INE342J01019,ZFCVINDIA,EQ,14714.0,14743.0,14518.0,14602.0,14619.0,14714.0,9826,143543653.0,3978
2026-06-11,INE518E01015,ZIMLAB,BE,107.5,114.5,107.5,112.0,112.0,111.66,41191,4571762.32,183
2026-06-11,INE206B01013,ZODIACLOTH,EQ,73.0,74.85,72.1,73.24,72.85,73.46,4214,309762.72,69
2026-06-11,INE761Y01019,ZODIAC,BE,273.95,273.95,263.1,265.4,265.05,274.2,8427,2241993.2,345
2026-06-11,INE358U01012,ZOTA,EQ,1220.0,1247.0,1192.2,1196.6,1193.3,1214.2,38545,47087627.6,2833
2026-06-11,INE840M01016,ZUARI,EQ,215.94,215.94,209.05,209.94,210.7,215.4,67562,14254702.8,1761
2026-06-11,INE217A01012,ZUARIIND,EQ,243.0,245.9,237.6,238.95,238.45,244.9,38126,9208283.1,1310
2026-06-11,INE010B01027,ZYDUSLIFE,EQ,1095.0,1110.4,1091.2,1105.9,1108.0,1098.3,728343,804025303.1,25118
2026-06-11,INE768C01028,ZYDUSWELL,EQ,490.1,506.0,486.05,500.35,502.9,496.75,205829,101748146.25,10531
