trade_date,isin,symbol,series,open,high,low,close,last_price,prev_close,volume,turnover,trades
2026-07-21,IN0020200104,SGBJUN28,GB,14027.01,14348.0,14027.01,14150.0,14150.0,14026.66,34,481451.02,15
2026-07-21,IN0020200286,SGBN28VIII,GB,14051.0,14130.0,14051.0,14125.0,14125.0,14031.0,135,1901144.86,23
2026-07-21,IN0020210053,SGBMAY29I,GB,14050.73,14302.27,14050.73,14222.59,14300.0,14050.73,778,10988810.76,107
2026-07-21,IN0020210061,SGBJUN29II,GB,14090.0,14144.0,14090.0,14113.33,14140.0,14067.31,33,465175.5,9
2026-07-21,IN0020210087,SGBJU29III,GB,14056.0,14265.0,14056.0,14094.54,14100.0,14035.0,73,1028427.33,20
2026-07-21,IN0020210145,SGBSEP29VI,GB,14067.0,14179.0,14067.0,14165.75,14179.0,14060.5,172,2425470.43,25
2026-07-21,IN0020210178,SGBNV29VII,GB,14036.0,14240.0,14036.0,14181.24,14200.0,14030.71,99,1397815.56,43
2026-07-21,IN0020180249,SGBOCT26,GB,14100.0,14100.0,14100.0,14100.0,14100.0,14200.0,9,126900.0,1
2026-07-21,IN0020180314,SGBNOV26,GB,14098.05,14099.9,13975.01,14099.9,14099.9,14098.05,50,702096.15,9
2026-07-21,IN0020190073,SGBJUN27,GB,14299.0,14299.0,14100.0,14100.0,14100.0,13999.9,6,85595.0,3
2026-07-21,IN0020190107,SGBAUG27,GB,14149.99,14200.01,14100.0,14150.31,14150.0,14049.21,284,4023389.79,26
2026-07-21,IN0020190115,SGBSEP27,GB,14020.01,14112.7,14015.0,14061.0,14060.01,13925.0,146,2050588.77,11
2026-07-21,IN0020180462,SGBJAN27,GB,14060.0,14100.0,14060.0,14099.0,14099.0,14050.0,116,1632244.04,16
2026-07-21,IN0020190370,SGBOCT27,GB,14100.0,14140.0,14025.0,14140.0,14140.0,14046.01,16,225684.98,11
2026-07-21,IN0020180561,SGBFEB27,GB,14060.0,14299.0,14060.0,14299.0,14299.0,14050.0,16,226545.96,4
2026-07-21,IN0020190388,SGBOCT27VI,GB,14139.99,14139.99,14050.01,14054.74,14050.01,13965.0,19,267040.17,2
2026-07-21,IN0020190461,SGBDC27VII,GB,14020.01,14199.99,14020.01,14179.99,14179.99,14015.1,36,505100.12,5
2026-07-21,IN0020200062,SGBAPR28I,GB,14068.0,14183.0,14068.0,14154.26,14183.0,14049.99,227,3210150.18,44
2026-07-21,IN0020200088,SGBMAY28,GB,14015.0,14134.99,14015.0,14101.0,14101.0,14005.21,355,4995677.46,36
2026-07-21,IN0020200146,SGBJUL28IV,GB,14099.99,14118.85,14026.5,14118.85,14118.85,14000.71,591,8307977.52,98
2026-07-21,IN0020190545,SGBFEB28IX,GB,14099.99,14190.0,14099.99,14190.0,14190.0,14099.99,2,28289.99,2
2026-07-21,IN0020200161,SGBAUG28V,GB,14189.0,14220.0,14117.0,14196.74,14210.0,14106.6,1479,20970207.22,127
2026-07-21,IN0020200195,SGBSEP28VI,GB,14041.2,14145.0,14041.2,14145.0,14145.0,14041.2,166,2342455.25,34
2026-07-21,IN0020200203,SGBOC28VII,GB,14065.0,14110.0,14056.0,14056.0,14056.0,14065.0,22,309780.98,8
2026-07-21,IN0020190537,SGBJ28VIII,GB,14030.0,14100.0,14030.0,14090.93,14080.0,14030.0,213,3000846.82,13
2026-07-21,IN0020190552,SGBMAR28X,GB,14036.0,14170.0,14036.0,14086.0,14061.01,13980.86,20,281754.02,8
2026-07-21,IN0020210111,SGBJUL29IV,GB,14099.0,14130.0,14052.05,14120.0,14120.0,14019.25,85,1199646.03,17
2026-07-21,IN0020200377,SGBJAN29IX,GB,14090.0,14110.0,14046.24,14082.2,14082.2,14010.42,181,2551073.22,30
2026-07-21,IN0020210129,SGBAUG29V,GB,14103.0,14200.1,14103.0,14151.23,14150.0,14059.99,31,439017.18,17
2026-07-21,IN0020210228,SGBD29VIII,GB,14270.0,14341.35,14031.31,14112.09,14100.02,14083.33,113,1604154.02,36
2026-07-21,IN0020200385,SGBJAN29X,GB,14030.01,14100.0,14029.19,14095.45,14100.0,14029.19,136,1911028.27,35
2026-07-21,IN0020200393,SGBFEB29XI,GB,14100.0,14199.0,14100.0,14199.0,14199.0,14099.69,144,2041418.5,10
2026-07-21,IN0020200427,SGBMR29XII,GB,14033.01,14138.22,14032.6,14127.31,14110.01,14032.6,225,3170948.47,38
2026-07-21,IN0020220045,SGBJUN30,GB,14162.0,14299.0,14150.02,14205.63,14289.99,14152.34,63,895930.32,23
2026-07-21,IN0020220078,SGBAUG30,GB,14250.0,14302.0,14216.0,14279.9,14281.0,14250.0,189,2696228.09,64
2026-07-21,IN0020220110,SGBDE30III,GB,14390.0,14439.0,14305.23,14362.93,14320.01,14348.83,72,1034851.06,18
2026-07-21,IN0020210236,SGBJAN30IX,GB,14106.0,14299.0,14106.0,14249.0,14249.0,14100.01,66,938263.51,26
2026-07-21,IN0020210319,SGBMAR30X,GB,14195.0,14210.16,14156.03,14163.3,14157.0,14175.0,34,481952.48,12
2026-07-21,IN0020230069,SGBJUN31I,GB,14401.0,14495.0,14361.01,14464.4,14450.0,14361.76,254,3660555.05,64
2026-07-21,IN0020230093,SGBSEP31II,GB,14355.02,14524.99,14355.02,14490.2,14490.0,14354.85,668,9650456.72,137
2026-07-21,IN0020230168,SGBDE31III,GB,14461.0,14530.0,14431.0,14501.28,14529.99,14422.73,1109,16067484.97,204
2026-07-21,IN0020220169,SGBMAR31IV,GB,14336.25,14450.0,14251.01,14358.0,14400.0,14336.25,58,831944.65,23
2026-07-21,IN0020230184,SGBFEB32IV,GB,14746.13,14746.13,14547.01,14672.63,14620.0,14546.13,1067,15615939.16,211
2026-07-21,INE144J01027,20MICRONS,EQ,205.17,213.0,203.36,211.01,211.28,206.27,311441,65315263.19,6671
2026-07-21,INE253B01015,21STCENMGM,EQ,34.52,35.06,33.8,34.99,34.71,34.38,1673,58195.53,31
2026-07-21,INE466L01038,360ONE,EQ,1126.0,1134.6,1112.7,1119.7,1115.4,1126.5,711700,799179511.6,46188
2026-07-21,INF579M01BB5,GOLD360,EQ,138.9,139.55,138.45,139.45,139.45,138.25,6665,927301.4,169
2026-07-21,INF579M01BP5,MSCI360,EQ,10.18,10.19,10.08,10.14,10.14,10.13,4976,50290.71,24
2026-07-21,INF579M01BC3,SILVER360,EQ,215.15,218.35,214.92,218.06,218.18,213.74,14992,3255648.81,508
2026-07-21,INE994E01018,3BBLACKBIO,EQ,1273.9,1290.0,1224.0,1272.1,1290.0,1267.4,11615,14551649.1,1388
2026-07-21,INE748C01038,3IINFOLTD,EQ,18.94,19.35,18.53,19.12,19.15,18.72,787102,14881641.26,1722
2026-07-21,INE470A01017,3MINDIA,EQ,35240.0,35490.0,34865.0,35170.0,35280.0,35240.0,2543,89433985.0,1634
2026-07-21,INE105C01023,3PLAND,EQ,31.77,33.0,31.75,32.07,32.4,31.71,9108,295790.5,127
2026-07-21,INE618L01018,5PAISA,EQ,381.8,385.0,371.0,377.45,376.5,377.8,54585,20605400.35,2322
2026-07-21,INE111B01023,63MOONS,EQ,725.9,742.9,722.1,734.9,735.0,728.6,183450,135018391.55,7057
2026-07-21,INE020B07JU4,743REC35,NH,1200.0,1200.0,1200.0,1200.0,1200.0,1190.05,5,6000.0,1
2026-07-21,INE031A07AO5,764HUDCO31,N8,1121.0,1121.0,1121.0,1121.0,1121.0,1110.61,1,1121.0,1
2026-07-21,INE031A07AT4,769HUDCO31,N9,1130.0,1130.0,1130.0,1130.0,1130.0,1130.0,10,11300.0,1
2026-07-21,INE202E07229,774IREDA31,N7,1118.0,1120.0,1117.0,1118.92,1120.0,1117.0,448,500787.0,5
2026-07-21,INE020B07GH7,812REC27,NI,1017.8,1017.8,1017.8,1017.8,1017.8,1020.0,200,203560.0,1
2026-07-21,INE031A07840,82HUDCO27,N2,1043.51,1046.51,1043.51,1046.5,1046.51,1043.31,2663,2782444.13,27
2026-07-21,INE134E07208,830PFCL27,N5,1076.0,1076.0,1076.0,1076.0,1076.0,1076.0,100,107600.0,2
2026-07-21,INE733E07JI1,873NTPC28,N5,1288.97,1288.97,1288.97,1288.97,1288.97,1124.26,194,250060.18,1
2026-07-21,INE906B07DF8,875NHAI29,N6,1106.0,1106.0,1104.33,1105.42,1106.0,1106.0,1249,1380644.32,29
2026-07-21,INE031A07949,876HUDCO28,ND,1138.99,1138.99,1138.9,1138.99,1138.99,1135.34,665,757427.63,10
2026-07-21,INE848E07559,879NHPC28,N5,1273.0,1273.75,1273.0,1273.75,1273.75,1107.99,899,1144833.5,2
2026-07-21,INE733E07JJ9,891NTPC33,N6,1271.0,1282.0,1271.0,1275.0,1275.0,1275.0,3156,4038225.5,19
2026-07-21,INE848E07567,892NHPC33,N6,1252.85,1252.85,1248.0,1248.0,1248.0,1245.0,237,295970.0,5
2026-07-21,INE134E07463,892PFCL33,N8,1282.0,1291.0,1282.0,1291.0,1291.0,1274.11,1405,1806525.0,10
2026-07-21,INE031A07AB2,901HUDCO34,NE,1271.0,1283.99,1270.0,1270.01,1270.01,1270.0,220,280175.2,8
2026-07-21,INE08PH01015,ABCOTS,EQ,203.0,209.9,201.01,203.71,203.1,202.47,87860,17981219.49,2145
2026-07-21,INE00YB01025,ABINFRA,EQ,10.11,10.5,10.06,10.32,10.39,10.14,1081297,11056156.04,1952
2026-07-21,INE850B01026,ABMKNO,EQ,200.0,200.8,193.5,195.79,198.0,194.04,772,152385.98,36
2026-07-21,INE366C01021,ACSTECH,EQ,41.1,41.98,39.75,40.12,40.2,41.65,447948,18289582.53,743
2026-07-21,INE0O6N01012,AGUL,SM,55.9,55.9,55.9,55.9,55.9,54.0,2000,111800.0,1
2026-07-21,INE701G01012,AKCAPIT,EQ,1841.3,1841.3,1773.7,1790.4,1790.0,1829.7,4041,7261209.2,654
2026-07-21,INE619I01012,A2ZINFRA,EQ,12.5,13.07,12.5,12.98,12.99,12.58,101837,1312778.99,544
2026-07-21,INE0D0U01013,AAATECH,EQ,93.41,94.0,91.02,91.16,91.05,92.68,4778,441544.98,271
2026-07-21,INE883F01010,AADHARHFC,EQ,510.4,517.35,505.6,513.5,511.1,510.55,320557,164503557.1,31084
2026-07-21,INE1GYP01013,AAKAAR,SM,72.35,72.35,72.35,72.35,72.35,69.0,1600,115760.0,1
2026-07-21,INE087Z01024,AAKASH,EQ,9.1,9.1,8.96,8.98,8.99,8.98,27055,243839.65,165
2026-07-21,INE124401014,AARADHYA,SM,75.1,75.1,75.05,75.05,75.05,75.0,2400,180180.0,2
2026-07-21,INE198H01019,AAREYDRUGS,BE,75.2,77.53,75.2,77.53,77.53,76.01,8592,664022.86,35
2026-07-21,INE750R01016,AARNAV,EQ,31.2,31.2,29.22,30.73,30.05,31.52,102306,3110212.24,1447
2026-07-21,INE721Z01010,AARON,EQ,115.98,123.6,115.81,119.95,121.0,115.98,27483,3308316.4,438
2026-07-21,INE01C001026,AARTECH,BE,48.17,49.25,47.0,47.48,47.12,48.41,14121,672524.11,106
2026-07-21,INE767A01016,AARTIDRUGS,EQ,418.0,428.9,416.75,426.9,428.7,418.0,149206,63368840.75,4877
2026-07-21,INE769A01020,AARTIIND,EQ,495.0,502.25,493.45,499.5,498.05,495.4,542479,269991463.35,16764
2026-07-21,INE0LRU01027,AARTIPHARM,EQ,697.85,707.8,695.8,702.35,701.0,697.95,82742,58053917.8,8107
2026-07-21,INE09EO01013,AARTISURF,EQ,398.0,403.0,387.0,399.05,400.35,391.75,11790,4663851.7,696
2026-07-21,INE754X01016,AARVI,EQ,159.95,163.0,154.26,161.27,162.0,156.5,81768,13111558.1,2680
2026-07-21,INE2FMX01012,AASTHA,EQ,117.92,129.06,115.5,129.05,129.06,107.55,10338553,1326311596.24,13014
2026-07-21,INE216P01012,AAVAS,EQ,1495.5,1529.9,1483.0,1521.7,1523.9,1497.4,75525,114346360.0,14338
2026-07-21,INE421A01028,ABAN,BE,15.03,15.3,14.99,15.21,15.25,14.99,34891,529637.14,230
2026-07-21,INE365O01028,ABANSENT,BE,28.0,28.38,26.8,27.6,27.6,28.21,11610,316669.18,48
2026-07-21,INE00ZE01026,AFSL,EQ,201.19,202.1,201.02,201.39,201.89,201.09,1700,342770.21,61
2026-07-21,INE117A01022,ABB,EQ,7525.5,7633.0,7492.5,7532.0,7511.0,7517.0,254098,1917848275.5,28547
2026-07-21,INE358A01014,ABBOTINDIA,EQ,28395.0,28835.0,28165.0,28800.0,28775.0,28275.0,16852,481288865.0,6120
2026-07-21,INE860H07IQ0,8ABCL26,N2,1060.5,1060.5,1060.5,1060.5,1060.5,1057.0,1,1060.5,1
2026-07-21,INE860H07IU2,ABCL28,N6,1231.0,1231.0,1231.0,1231.0,1231.0,1231.0,200,246200.0,1
2026-07-21,INE0UYG01015,ABHAPOWER,SM,25.95,26.25,25.5,25.5,25.5,25.95,8000,208320.0,5
2026-07-21,INE0CAJ01017,AILIMITED,ST,41.5,41.65,41.5,41.65,41.65,39.75,10500,435975.0,5
2026-07-21,INE251C01025,ABMINTLLTD,EQ,47.1,47.1,43.1,44.65,44.0,42.82,13978,641815.34,136
2026-07-21,INE0QRV01016,ABSMARINE,ST,222.65,228.0,219.0,219.9,219.0,227.2,53500,11870825.0,85
2026-07-21,INE012A01025,ACC,EQ,1381.1,1395.7,1378.1,1387.8,1389.1,1381.4,230169,319593811.7,17852
2026-07-21,INE793A01012,ACCELYA,EQ,1153.4,1162.3,1141.6,1148.5,1145.0,1158.9,5477,6309018.6,751
2026-07-21,INE0Q5D01013,ACCENTMIC,SM,528.05,528.05,507.0,509.55,510.0,527.55,63500,32875875.0,110
2026-07-21,INE0T8T01010,ACCPL,ST,162.0,163.45,162.0,163.45,163.45,164.1,2400,390540.0,2
2026-07-21,INE648Z01023,ACCURACY,BE,4.9,5.04,4.9,5.01,5.02,4.9,29157,145771.45,157
2026-07-21,INE543V01017,ACEINTEG,EQ,20.0,20.0,19.15,19.56,19.58,19.99,9757,189076.51,108
2026-07-21,INE622W01025,ACMESOLAR,EQ,378.95,381.75,371.15,373.1,372.8,377.55,752502,282604697.2,22202
2026-07-21,INE731H01025,ACE,EQ,1010.0,1081.8,1006.2,1035.5,1037.0,991.6,5917072,6221915053.8,191879
2026-07-21,INE0KLO01025,ACTIVEINFR,SM,180.0,180.0,180.0,180.0,180.0,179.8,600,108000.0,1
2026-07-21,INE00FF01025,ACUTAAS,EQ,3656.3,3700.0,3649.0,3677.0,3672.3,3656.2,179912,661824926.9,14292
2026-07-21,INE931S01010,ADANIENSOL,EQ,1736.0,1789.0,1718.6,1741.6,1737.1,1729.5,3706827,6490066138.7,110614
2026-07-21,INE423A01024,ADANIENT,EQ,3175.2,3213.5,3170.0,3182.7,3180.0,3183.3,951463,3038706659.4,47560
2026-07-21,INE364U01010,ADANIGREEN,EQ,1531.0,1558.7,1523.3,1541.9,1540.9,1530.0,1845646,2846841977.5,45004
2026-07-21,INE742F01042,ADANIPORTS,EQ,1840.0,1857.4,1833.0,1846.5,1845.6,1844.0,1372166,2531104439.9,45695
2026-07-21,INE814H01029,ADANIPOWER,EQ,220.29,222.5,219.23,220.37,220.33,219.97,19049374,4206610736.67,88340
2026-07-21,INE399L01023,ATGL,EQ,714.0,718.9,690.2,700.4,701.0,712.9,1831596,1296662419.25,37189
2026-07-21,INE0RDH01021,ADDICTIVE,SM,40.0,41.45,38.45,40.9,41.45,39.55,6000,240325.0,12
2026-07-21,INE982B01027,ADFFOODS,EQ,302.0,304.0,296.65,302.2,304.0,300.5,82929,24851646.6,2561
2026-07-21,INE20PL01012,ADISOFT,SM,184.1,185.4,182.4,182.7,182.4,185.6,27200,5011760.0,21
2026-07-21,INE404A01024,ABSLAMC,EQ,1126.9,1126.9,1038.1,1043.1,1045.6,1118.6,873489,939297558.7,56558
2026-07-21,INE674K01013,ABCAPITAL,EQ,401.35,409.9,400.75,409.05,409.9,401.15,3358646,1370708920.2,57993
2026-07-21,INE647O01011,ABFRL,EQ,57.6,57.75,57.01,57.41,57.38,57.28,1625799,93200419.46,10261
2026-07-21,INE14LE01019,ABLBL,EQ,95.37,95.88,94.6,94.89,94.6,95.36,196562,18695689.21,3157
2026-07-21,INE865C01022,BIRLAMONEY,EQ,135.15,138.02,133.0,133.92,134.38,135.65,67942,9148203.01,1256
2026-07-21,INE055A01016,ABREL,EQ,1446.9,1449.9,1435.1,1445.3,1446.9,1441.8,65296,94239129.4,4866
2026-07-21,INE819V01029,CPPLUS,EQ,3576.9,3619.9,3453.0,3491.2,3520.0,3565.9,128622,455483920.6,17805
2026-07-21,INE01YQ01013,AUSL,SM,25.9,25.9,25.9,25.9,25.9,24.9,2000,51800.0,1
2026-07-21,INE679V01027,AVL,EQ,642.35,664.55,633.0,641.65,638.1,637.3,533037,342333181.8,18079
2026-07-21,INF209KB18D3,BSLGOLDETF,EQ,124.32,125.27,124.3,125.05,125.25,124.16,244443,30566507.67,1905
2026-07-21,INF209KB19D1,BSLNIFTY,EQ,28.55,28.55,28.27,28.34,28.37,28.41,632638,17935606.38,3611
2026-07-21,INE045A01017,ADOR,EQ,1455.3,1587.0,1385.0,1507.2,1570.0,1455.3,405461,607969087.1,27404
2026-07-21,INE737B01033,ADROITINFO,EQ,9.3,9.3,9.02,9.12,9.1,9.23,53781,494229.54,145
2026-07-21,INE0ALI01010,ADVAIT,EQ,2251.0,2264.0,2201.0,2251.7,2250.0,2232.8,25985,58128024.1,3642
2026-07-21,INE1B0W01010,ADVANCE,EQ,113.11,114.28,109.82,111.21,111.5,113.1,173983,19372322.42,1753
2026-07-21,INE837H01020,ADVENZYMES,EQ,319.05,325.0,317.3,321.35,322.0,319.05,92915,29878123.3,3532
2026-07-21,INE199C01026,ADVANIHOTR,EQ,52.0,52.29,51.53,52.01,52.0,51.75,9938,515513.01,246
2026-07-21,INE28GN01010,ADVENTHTL,EQ,149.55,149.78,145.0,145.44,145.25,148.46,81468,11903597.02,1689
2026-07-21,INE1SJO01012,RAMBHAJO,EQ,205.0,213.14,199.1,203.06,204.0,213.51,1289013,263757172.28,15953
2026-07-21,INE208C01025,AEGISLOG,EQ,1383.9,1389.1,1290.1,1313.5,1320.7,1383.9,1593702,2122842822.5,53785
2026-07-21,INE0INX01018,AEGISVOPAK,EQ,281.5,291.0,276.03,288.45,286.84,281.02,3392928,968620510.5,43138
2026-07-21,INE423A07419,AEL170725,ND,1074.53,1074.53,1074.53,1074.53,1074.53,1055.0,77,82738.81,1
2026-07-21,INE423A07468,AEL170725A,NG,1080.0,1080.0,1080.0,1080.0,1080.0,1040.11,82,88560.0,4
2026-07-21,INE423A07492,848AEL29,NJ,1020.0,1025.0,1020.0,1025.0,1025.0,1025.0,10,10220.0,2
2026-07-21,INE423A07484,860AEL28,NH,1037.0,1037.0,1030.0,1031.71,1030.0,1039.5,85,87960.0,4
2026-07-21,INE423A07518,862AEL31,NM,1012.0,1012.0,1010.0,1010.0,1010.0,1012.0,85,85868.0,9
2026-07-21,INE423A07534,875AEL29,NK,1031.0,1031.0,1022.6,1022.6,1022.6,1044.79,87,89092.45,3
2026-07-21,INE423A07526,890AEL31,NN,1045.17,1046.0,1044.2,1044.88,1045.0,1045.17,1196,1250017.41,19
2026-07-21,INE423A07450,895AEL27,N9,1015.0,1030.0,1010.0,1016.54,1015.0,1015.0,26,26370.1,6
2026-07-21,INE423A07443,9AEL30,NE,1012.0,1016.31,1012.0,1016.31,1016.31,1022.0,46,46620.96,2
2026-07-21,INE423A07435,915AEL28,NC,1039.0,1039.0,1039.0,1039.0,1039.0,1018.14,3,3117.0,1
2026-07-21,INE423A07393,930AEL30,NF,1042.5,1042.5,1033.0,1033.0,1033.0,1043.27,35,36200.9,8
2026-07-21,INE947N01017,AEQUS,EQ,240.3,240.3,235.5,238.5,239.95,240.37,1460171,346327437.22,15199
2026-07-21,INE065D01027,AEROENTER,EQ,121.19,122.1,117.7,119.5,120.9,120.34,377015,45109061.27,4125
2026-07-21,INE024001021,AEROFLEX,EQ,406.55,415.75,405.05,413.4,413.8,406.25,721291,296744113.75,11947
2026-07-21,INE035801013,AERONEU,EQ,90.4,92.0,88.56,89.64,91.0,89.34,50733,4570649.04,900
2026-07-21,INE0WL801011,AERON,SM,80.7,80.7,80.7,80.7,80.7,80.9,1000,80700.0,1
2026-07-21,INE0TSF01011,AESTHETIK,SM,71.4,72.7,70.0,72.7,72.7,73.0,12000,848200.0,6
2026-07-21,INE0BWX01014,AETHER,EQ,1457.6,1460.0,1439.9,1449.7,1450.0,1450.6,108653,157874596.6,10421
2026-07-21,INE101I01011,AFCONS,EQ,292.25,297.65,289.0,289.95,290.35,295.95,476756,139325498.3,10144
2026-07-21,INE00WC01027,AFFLE,EQ,1510.0,1535.0,1505.2,1529.4,1533.0,1518.3,105237,159992348.0,11857
2026-07-21,INE692Z01013,AFFORDABLE,BE,188.0,196.5,182.06,196.02,196.25,191.44,28661,5504396.89,361
2026-07-21,INE916Y07099,115AFIL28A,N0,9917.7,9917.7,9917.7,9917.7,9917.7,10000.0,46,456214.2,6
2026-07-21,INE916Y07073,1150AFIL29,N0,9500.0,9500.0,9500.0,9500.0,9500.0,9205.1,20,190000.0,1
2026-07-21,INE916Y07040,12AFIL27A,N0,9998.94,9998.94,9998.94,9998.94,9998.94,10045.0,37,369960.78,1
2026-07-21,INE204E01012,AGARIND,EQ,505.15,520.2,492.45,495.65,493.0,502.65,20748,10370203.4,1468
2026-07-21,INE0P8X01016,AGARWALTUF,SM,143.95,143.95,138.0,139.95,139.25,142.25,21600,3044700.0,18
2026-07-21,INE415A01038,AGI,EQ,694.9,699.95,684.05,686.4,686.0,695.65,43571,30074815.8,2344
2026-07-21,INE976R01033,AGIIL,EQ,333.05,335.6,327.25,328.1,328.35,334.25,2624457,872854970.65,11639
2026-07-21,INE449G01018,AGRITECH,BE,110.0,113.99,110.0,111.01,113.0,109.13,2438,270805.82,44
2026-07-21,INE740V01019,AGROPHOS,EQ,30.2,30.2,29.5,29.94,29.95,29.86,4135,123236.73,57
2026-07-21,INE00PV01013,AHLADA,EQ,38.67,38.78,37.31,37.74,37.7,38.67,6237,236530.42,132
2026-07-21,INE758C01029,AHLUCONT,EQ,851.6,852.0,838.0,844.8,841.0,844.7,15624,13175298.85,2307
2026-07-21,INE212H01026,AIAENG,EQ,4678.0,4711.5,4638.0,4681.5,4689.5,4657.5,31494,147225287.5,7370
2026-07-21,INE0RUV01018,AIMTRON,SM,1350.0,1350.0,1320.0,1325.3,1320.0,1343.6,21600,28809290.0,100
2026-07-21,INE805A01014,GOLDTECH,BE,55.2,56.7,54.6,55.67,55.51,54.58,25929,1436813.33,190
2026-07-21,INE645W01026,AIRAN,EQ,15.12,15.5,15.12,15.4,15.47,15.29,19057,292643.87,197
2026-07-21,INE801L01010,AIROLAM,EQ,89.91,89.99,86.4,87.37,87.1,89.91,4525,396308.92,97
2026-07-21,INE031B01049,AJANTPHARM,EQ,3469.0,3598.8,3454.0,3575.3,3572.0,3469.0,204685,725408792.8,26800
2026-07-21,INE274Y01021,AJAXENGG,EQ,591.0,592.65,577.0,588.8,588.0,593.85,61137,35709855.0,4518
2026-07-21,INE298G01035,AJMERA,EQ,129.89,130.84,125.5,125.77,126.0,129.89,338788,43050479.49,4254
2026-07-21,INE820Y01021,AJOONI,EQ,4.24,4.3,4.2,4.24,4.25,4.2,457244,1940812.95,404
2026-07-21,INE0PCY01014,AKANKSHA,ST,88.35,88.35,88.35,88.35,88.35,91.0,1000,88350.0,1
2026-07-21,INE737W01013,AKASH,EQ,27.5,27.9,26.92,27.02,26.96,27.82,3726,101953.25,67
2026-07-21,INE00Y801016,AKG,EQ,9.97,10.16,9.32,9.38,9.36,9.99,78494,750732.91,402
2026-07-21,INE642Z01026,AKI,EQ,4.67,4.73,4.6,4.6,4.63,4.67,142116,662089.39,237
2026-07-21,INE0PMR01017,AKIKO,ST,348.0,352.85,336.0,338.25,336.0,336.05,20800,7130480.0,26
2026-07-21,INE916Y01027,AFIL,EQ,9.73,9.74,9.5,9.63,9.72,9.7,1056955,10153530.68,616
2026-07-21,INE523B01011,AKSHOPTFBR,BE,5.56,5.66,5.56,5.66,5.66,5.55,88874,500558.64,41
2026-07-21,INE256Z01025,AKSHAR,EQ,0.43,0.44,0.42,0.43,0.44,0.42,378261,161693.43,223
2026-07-21,INE542B01011,AKSHARCHEM,BE,235.03,246.0,232.5,234.15,232.5,235.03,2103,504596.15,52
2026-07-21,INE09XN01023,AKUMS,EQ,676.15,709.5,672.15,695.05,694.9,676.55,433059,299890933.5,17146
2026-07-21,INE914E01040,ALANKIT,EQ,7.9,7.96,7.7,7.84,7.88,7.9,108006,846255.3,439
2026-07-21,INE155C01010,ALBERTDAVD,EQ,698.05,703.0,687.05,696.3,696.1,698.0,2337,1631780.25,202
2026-07-21,INE448V01019,ALCODIS,ST,68.05,68.05,68.05,68.05,68.05,70.05,625,42531.25,1
2026-07-21,INE426A01027,ALEMBICLTD,EQ,91.14,91.14,90.11,90.37,90.84,90.27,98543,8912220.8,1063
2026-07-21,INE901L01018,APLLTD,EQ,842.65,843.0,830.55,833.6,836.5,842.65,46223,38576153.0,4647
2026-07-21,INE598D01035,ALGOQUANT,EQ,64.34,65.64,64.3,65.15,65.05,64.34,1269792,82696262.57,4866
2026-07-21,INE062D01024,ALICON,EQ,624.4,638.0,618.05,626.65,637.0,623.75,9285,5795509.8,645
2026-07-21,INE03Q201024,ALIVUS,EQ,1142.6,1159.1,1130.0,1145.4,1144.0,1132.3,41916,48045513.7,6637
2026-07-21,INE773I01017,ALKALI,BE,82.0,84.0,80.72,82.0,82.0,84.95,10172,829606.83,87
2026-07-21,INE540L01014,ALKEM,EQ,5690.0,5695.0,5623.5,5681.5,5689.0,5653.5,27882,158139897.0,6152
2026-07-21,INE150B01039,ALKYLAMINE,EQ,1831.0,1865.1,1823.2,1836.9,1837.0,1831.0,70561,129931944.8,8393
2026-07-21,INE0M2X01012,ALLETEC,ST,137.55,139.25,135.95,138.0,138.0,138.0,8800,1209440.0,21
2026-07-21,INE0GV601021,ALLTIME,EQ,241.52,246.49,236.2,241.21,245.0,241.52,33524,8065030.81,743
2026-07-21,INE1YPB01014,AGL,EQ,13.02,13.2,12.61,13.1,13.1,12.9,5005195,65119195.13,11335
2026-07-21,INE418H01029,ALLCARGO,EQ,8.05,8.21,8.02,8.17,8.21,8.06,3316549,27036636.39,3544
2026-07-21,INE0NN701020,ATL,EQ,23.54,24.0,23.17,23.91,23.84,23.44,93168,2209741.37,639
2026-07-21,INE835G01018,ALLDIGI,EQ,830.0,843.7,823.0,825.25,825.0,837.8,6616,5509113.05,703
2026-07-21,INE552Z01027,ABDL,EQ,629.0,630.95,618.0,619.4,619.75,626.35,125100,77793366.6,7656
2026-07-21,INE102I01027,ADSL,EQ,118.6,120.49,117.52,118.35,118.02,118.58,117398,13929147.22,2384
2026-07-21,INE326B01035,ALMONDZ,EQ,13.37,13.37,12.95,13.0,13.0,13.04,64703,841508.01,185
2026-07-21,INE270A01029,ALOKINDS,EQ,12.25,12.41,12.17,12.31,12.28,12.22,4511677,55377680.93,6440
2026-07-21,INE385I01010,ALPA,EQ,68.21,69.45,67.5,67.64,67.9,68.55,7413,505338.04,213
2026-07-21,INE0R4701017,ALPEXSOLAR,SM,890.05,919.5,846.0,875.1,880.0,899.3,89000,80103680.0,556
2026-07-21,INE137C01018,ALPHAGEO,EQ,199.65,202.5,196.05,201.43,202.5,200.25,1389,275546.62,63
2026-07-21,INE1JCQ01037,ALPINETEX,BE,105.0,105.0,99.75,99.75,99.75,105.0,657839,68585703.12,2884
2026-07-21,INE0STM01017,ALUWIND,SM,44.0,46.0,44.0,46.0,46.0,46.3,4500,202500.0,3
2026-07-21,INE121R01077,AMAGI,EQ,596.4,618.45,585.6,590.9,594.0,593.2,497244,298828905.25,19641
2026-07-21,INE084K01015,AMANTA,BE,167.93,167.93,167.9,167.93,167.93,164.64,36027,6049863.87,154
2026-07-21,INE885A01032,ARE&M,EQ,913.8,929.0,903.35,905.0,905.0,911.3,755299,688379317.4,31519
2026-07-21,INE293601014,AMBAAUTO,SM,83.2,85.0,79.5,80.0,80.0,81.35,15000,1223800.0,15
2026-07-21,INE432A01017,AMBALALSA,EQ,31.1,32.39,30.81,31.99,32.0,30.94,59679,1898969.55,890
2026-07-21,INE371P01015,AMBER,EQ,7840.0,7873.0,7591.0,7622.0,7630.0,7859.0,268126,2057863264.5,27000
2026-07-21,INE792B01012,AMBICAAGAR,EQ,25.24,25.48,24.17,25.3,25.48,24.56,1329,33353.07,26
2026-07-21,INE540G01014,AMBIKCO,EQ,1715.0,1735.0,1710.5,1723.0,1735.0,1710.2,5698,9811435.8,1013
2026-07-21,INE079A01024,AMBUJACEM,EQ,439.3,445.25,436.2,440.85,439.15,437.8,2327392,1029230909.2,30425
2026-07-21,INE005I01014,AMDIND,EQ,45.94,46.49,44.15,44.52,45.0,45.94,9702,437687.73,305
2026-07-21,INE0KT901015,AMEYA,SM,110.0,110.1,110.0,110.0,110.0,115.5,6000,660150.0,6
2026-07-21,INE275D01022,AMNPLST,EQ,196.0,198.96,191.17,193.32,195.61,192.75,110007,21279161.96,711
2026-07-21,INE05TO01019,AEROPLANE,EQ,194.0,197.7,184.5,186.05,186.0,193.07,795916,152893883.46,6790
2026-07-21,INE606A01024,AMJLAND,EQ,37.49,38.45,36.6,36.91,37.0,37.48,5388,199365.05,125
2026-07-21,INE098F01031,AMRUTANJAN,EQ,551.9,551.9,538.0,538.6,539.25,546.65,14464,7824436.3,1218
2026-07-21,INE549H01021,ARSSBL,EQ,525.55,530.5,520.0,520.6,520.4,525.5,155357,81497599.35,4149
2026-07-21,INE463V01026,ANANDRATHI,EQ,2082.7,2099.0,2082.0,2091.2,2092.0,2082.7,108401,226519211.9,9779
2026-07-21,INE242C01024,ANANTRAJ,EQ,603.0,612.0,598.15,608.85,607.9,600.8,3674074,2222239034.5,54827
2026-07-21,INE1UA823019,ANANTAM,IV,105.0,105.5,105.0,105.43,105.49,105.0,6237,657133.36,79
2026-07-21,INE0VG001016,AMCL,SM,421.95,422.0,419.95,421.95,421.95,424.65,1600,674340.0,4
2026-07-21,INE666E01020,ACL,EQ,49.8,49.8,48.27,48.89,49.0,49.02,10263,502710.32,156
2026-07-21,INE435A01051,ANDHRAPAP,EQ,61.02,61.9,59.6,60.06,60.35,60.87,98890,5963878.23,1252
2026-07-21,INE715B01021,ANDHRSUGAR,EQ,82.3,84.32,82.05,84.09,84.0,81.89,210765,17591450.55,2832
2026-07-21,INE732I01021,ANGELONE,EQ,324.35,326.4,320.8,321.9,322.15,324.35,5277015,1707399248.2,46262
2026-07-21,INE635Y01015,AISL,SM,57.5,57.5,57.5,57.5,57.5,55.95,600,34500.0,1
2026-07-21,INE087B01017,ANIKINDS,BE,42.05,44.2,40.52,42.43,42.48,42.25,14528,611904.93,65
2026-07-21,INE071F01012,APCL,EQ,101.55,107.8,101.55,103.99,105.85,101.49,5866,612482.52,95
2026-07-21,INE106I01010,ANKITMETAL,BZ,1.51,1.51,1.41,1.5,1.5,1.46,12389,18165.45,35
2026-07-21,INE0Y8W01025,AHCL,EQ,14.97,15.72,14.89,15.37,15.32,15.0,5460317,84089104.43,7893
2026-07-21,INE0LR101013,ANLON,ST,640.0,640.0,640.0,640.0,640.0,668.0,400,256000.0,1
2026-07-21,INE02AR01019,ANMOL,EQ,10.58,10.94,10.58,10.64,10.75,10.64,12214,130503.9,119
2026-07-21,INE0MGM01017,ANNAPURNA,SM,131.8,133.0,125.55,129.9,130.0,131.55,74750,9716300.0,122
2026-07-21,INE0VTV01012,ANONDITA,SM,1125.0,1180.0,1077.0,1112.5,1119.95,1113.5,90000,99664340.0,162
2026-07-21,INE436A01026,ANSALAPI,BZ,2.88,2.88,2.88,2.88,2.88,2.83,2068,5955.84,2
2026-07-21,INE414B01021,ANTGRAPHIC,EQ,0.76,0.78,0.75,0.76,0.77,0.75,92383,70557.36,155
2026-07-21,INE818A01017,ANTELOPUS,EQ,884.0,887.45,855.35,868.45,865.0,861.8,122443,106843639.8,5597
2026-07-21,INE0CZ201020,ANTHEM,EQ,797.4,804.9,784.15,791.55,794.0,791.55,648680,514608734.7,26562
2026-07-21,INE01BK01022,AWHCL,EQ,449.8,451.05,443.0,445.2,444.6,449.05,36044,16071531.3,2218
2026-07-21,INE489G01022,ANUHPHR,EQ,80.8,80.93,79.5,80.04,80.05,80.61,18268,1463804.08,363
2026-07-21,INE930P01018,ANURAS,EQ,1269.0,1271.0,1264.4,1266.4,1268.0,1267.9,335951,426016862.7,3388
2026-07-21,INE0SI601032,ANYA,SM,15.5,15.75,15.5,15.6,15.75,15.4,15000,233750.0,2
2026-07-21,INF1J2R01114,AONEGOLD,EQ,13.28,13.35,13.18,13.28,13.31,13.22,432052,5742553.77,1020
2026-07-21,INF1J2R01056,AONELIQUID,EQ,1069.07,1069.08,1069.06,1069.07,1069.08,1068.93,5525,5906633.14,56
2026-07-21,INF1J2R01064,AONENIFTY,EQ,10.19,10.2,9.94,9.95,9.98,9.99,216896,2160693.01,895
2026-07-21,INF1J2R01171,AONESILVER,EQ,8.37,8.5,8.26,8.48,8.48,8.33,440663,3719915.15,831
2026-07-21,INF1J2R01148,AONETMMQ50,EQ,10.14,10.15,10.07,10.11,10.13,10.09,32145,324510.85,280
2026-07-21,INF1J2R01015,AONETOTAL,EQ,11.96,11.96,11.86,11.89,11.9,11.88,64550,767768.14,1193
2026-07-21,INE372A01015,APARINDS,EQ,13870.0,13932.0,13725.0,13841.0,13869.0,13883.0,52304,722827539.0,14492
2026-07-21,INE116A01032,APCOTEXIND,EQ,560.0,568.0,550.1,558.3,560.25,552.1,156322,87472467.95,6860
2026-07-21,INE0T4V01015,APEXECO,ST,257.95,258.0,250.05,250.05,250.05,250.05,4800,1220040.0,6
2026-07-21,INE346W01013,APEX,EQ,405.6,407.15,396.0,402.2,402.5,403.8,85025,34080768.85,3855
2026-07-21,INE702C01027,APLAPOLLO,EQ,1823.0,1824.7,1804.8,1819.6,1816.5,1814.3,210617,383047916.2,17306
2026-07-21,INE0TLC07077,930APMD30,N0,104825.48,104825.48,104825.48,104825.48,104825.48,104652.12,20,2096509.6,1
2026-07-21,INE0TLC07036,930APMD35,N0,107001.2,107100.0,107001.2,107100.0,107100.0,106555.0,10,1070110.8,2
2026-07-21,INE437A01024,APOLLOHOSP,EQ,8934.0,8945.5,8880.0,8926.5,8925.0,8905.0,200394,1785577786.0,32403
2026-07-21,INE713T01028,APOLLO,EQ,391.75,393.65,381.3,390.55,392.35,392.8,6921531,2675506639.15,71463
2026-07-21,INE126J01016,APOLLOPIPE,EQ,495.65,498.7,488.0,493.6,493.0,493.35,148782,73715703.8,3221
2026-07-21,INE451F01024,APOLSINHOT,EQ,1200.0,1230.0,1188.0,1211.2,1209.8,1203.7,781,947580.8,155
2026-07-21,INE438A01022,APOLLOTYRE,EQ,430.0,431.7,426.0,428.5,428.85,428.7,159164,68193617.75,6591
2026-07-21,INE0LQG01010,APRAMEYA,SM,152.0,152.0,148.15,148.15,148.15,153.8,1000,150075.0,2
2026-07-21,INE0M2307404,915APSBC33,N0,104579.4,104579.4,104579.4,104579.4,104579.4,104828.63,100,10457940.0,2
2026-07-21,INE0M2307396,915APSBC35,N0,105538.7,105538.7,105538.7,105538.7,105538.7,105163.56,68,7176631.6,1
2026-07-21,INE1OOJ01011,APSISAERO,ST,401.5,401.5,401.45,401.45,401.45,393.65,8400,3372480.0,6
2026-07-21,INE266F01018,APTECHT,BE,94.05,94.05,92.35,93.03,93.0,95.05,95797,8942093.91,769
2026-07-21,INE852O01025,APTUS,EQ,305.45,305.45,298.95,301.05,300.1,305.45,729142,221167087.1,18417
2026-07-21,INE416A01051,AQYLON,EQ,30.19,30.19,30.19,30.19,30.19,31.77,144013,4347752.47,291
2026-07-21,INE128X01021,ACI,EQ,566.9,604.25,562.9,588.45,589.95,566.9,1416274,836296643.2,46553
2026-07-21,INE0CHO01012,ADL,EQ,71.9,72.0,68.05,71.22,72.0,72.25,362,25533.22,29
2026-07-21,INE877I01016,ARCHIDPLY,EQ,81.4,81.4,79.11,79.77,79.75,80.91,740,59251.9,56
2026-07-21,INE731A01020,ARCHIES,EQ,13.93,14.3,13.93,14.27,14.3,14.0,3514,49754.11,43
2026-07-21,INE784R01023,ARFIN,EQ,86.66,88.0,85.22,86.59,87.5,86.02,1618553,139325071.99,3770
2026-07-21,INE0L2Y01011,ARHAM,SM,141.55,155.0,141.55,154.15,155.0,141.55,619000,93066500.0,295
2026-07-21,INE298I01015,ARIES,EQ,345.45,346.5,339.1,340.0,340.0,345.45,10152,3462407.85,508
2026-07-21,INE0NCC01015,ARIHANTACA,SM,465.0,465.0,465.0,465.0,465.0,470.0,400,186000.0,1
2026-07-21,INE420B01036,ARIHANTCAP,EQ,75.1,81.72,74.17,78.52,78.51,75.54,984327,77586732.72,8263
2026-07-21,INE413D01011,ARIHANT,EQ,886.95,934.95,843.6,914.85,910.0,860.7,17074,15496646.7,1264
2026-07-21,INE643K01018,ARIHANTSUP,EQ,260.0,264.95,255.8,260.25,260.0,262.2,34035,8839586.35,2155
2026-07-21,INE0H9P01028,ARIS,EQ,117.29,122.63,117.29,118.94,119.15,114.86,1921126,230104312.2,15765
2026-07-21,INE0QRL01017,ARKADE,EQ,138.7,138.84,136.5,137.13,137.75,138.06,194260,26721903.17,1819
2026-07-21,INE109C01017,ARMANFIN,EQ,1955.0,1997.1,1933.0,1985.1,1990.0,1943.7,21664,42585310.1,3153
2026-07-21,INE0TZX01019,ARMOUR,ST,18.1,18.1,18.1,18.1,18.1,18.1,6000,108600.0,3
2026-07-21,INE210C01013,AROGRANITE,EQ,24.11,25.43,24.11,25.28,25.43,25.08,2540,63274.03,63
2026-07-21,INE570D01018,ARROWGREEN,BE,667.35,700.65,667.35,700.65,700.65,667.3,21453,14900656.3,397
2026-07-21,INE968D01022,ARSHIYA,BZ,0.98,1.02,0.96,0.99,0.99,0.98,178680,176401.84,90
2026-07-21,INE738V01013,ARTNIRMAN,EQ,40.15,40.15,39.06,40.0,40.0,39.96,11,439.81,4
2026-07-21,INE757T01025,AEPL,EQ,15.71,16.22,14.76,15.29,14.8,15.93,38042,586417.26,165
2026-07-21,INE025R01021,ARTEMISMED,EQ,270.1,278.35,270.1,277.05,277.0,270.75,159425,43922538.95,11840
2026-07-21,INE0TTG01017,ARUNAYA,ST,15.7,16.45,15.65,16.25,16.25,15.7,38000,613000.0,16
2026-07-21,INE006Z01016,ARVEE,EQ,158.01,162.36,150.9,155.36,155.0,158.0,1189,183023.28,82
2026-07-21,INE955V01021,ARVINDFASN,EQ,476.0,486.0,453.85,471.05,473.5,474.75,2538664,1186807310.55,102602
2026-07-21,INE034A01011,ARVIND,EQ,533.8,535.9,528.15,530.6,530.0,530.75,252031,133832355.05,12503
2026-07-21,INE0P4T01013,ARVINDPORT,ST,30.4,30.4,30.4,30.4,30.4,29.0,1500,45600.0,1
2026-07-21,INE034S01021,ARVSMART,EQ,597.55,604.0,586.35,589.45,590.5,597.7,25403,15101566.0,1178
2026-07-21,INE439A01020,ASAHIINDIA,EQ,894.25,905.6,889.1,893.85,898.9,889.85,52846,47366877.0,6537
2026-07-21,INE228I01012,ASAHISONG,EQ,280.4,280.4,263.6,268.75,267.15,270.9,16596,4490859.2,1232
2026-07-21,INE0LAA01017,ASHALOG,SM,57.0,57.0,55.0,56.0,55.0,52.5,2000,112000.0,2
2026-07-21,INE348A01023,ASHAPURMIN,EQ,692.95,699.6,682.0,686.7,688.0,688.45,165463,113878209.55,7548
2026-07-21,INE365D01021,ASHIANA,EQ,378.9,435.9,377.3,395.3,394.25,373.6,7376140,3098186746.45,122548
2026-07-21,INE094B01013,ASHIKA,EQ,396.0,403.15,393.0,394.4,400.0,399.7,281212,111765200.2,1995
2026-07-21,INE440A01010,ASHIMASYN,EQ,17.5,20.5,16.65,18.72,18.5,17.22,2471509,45848271.84,6759
2026-07-21,INE208A01029,ASHOKLEY,EQ,154.04,155.68,152.17,153.94,153.83,154.8,12234779,1880074790.64,61717
2026-07-21,INE442H01029,ASHOKA,EQ,123.0,124.9,123.0,124.39,124.12,123.59,495873,61606979.0,8434
2026-07-21,INE760Y01011,ASHOKAMET,EQ,14.7,14.7,14.23,14.48,14.36,14.41,8962,130018.66,61
2026-07-21,INE1A6Q01010,ASHWINI,SM,215.0,215.0,206.0,208.0,212.0,206.5,48000,10036650.0,30
2026-07-21,INE276G01015,ASIANENE,EQ,358.5,358.5,348.6,350.75,350.55,355.6,67408,23840027.75,2512
2026-07-21,INE022I01019,ASIANTILES,EQ,46.3,46.3,44.41,44.98,44.85,46.3,1179866,53198729.04,6243
2026-07-21,INE926K01017,AHLEAST,EQ,151.52,152.0,151.5,151.5,151.5,151.5,1087,164682.56,24
2026-07-21,INE363A01022,ASIANHOTNR,EQ,299.7,299.7,292.55,294.55,299.0,296.1,9208,2719129.8,559
2026-07-21,INE915K01010,AHLWEST,BE,575.0,575.0,550.0,560.0,560.0,560.0,264,150272.0,15
2026-07-21,INE021A01026,ASIANPAINT,EQ,2695.0,2720.0,2680.5,2692.4,2697.0,2691.4,1000078,2695226139.9,50788
2026-07-21,INE194D01017,ASTAR,EQ,629.05,629.05,622.9,622.9,622.9,622.85,4,2504.0,3
2026-07-21,INE491J01022,ASKAUTOLTD,EQ,481.6,487.0,477.0,485.0,485.0,477.35,121234,58585343.6,5720
2026-07-21,INE991I01015,ASPINWALL,EQ,252.01,253.99,246.8,251.86,246.8,251.5,364,91743.41,18
2026-07-21,INE0S7801010,ASPIRE,SM,12.85,13.8,12.85,13.5,13.5,13.5,10000,131700.0,5
2026-07-21,INE073G01016,ASALCBR,EQ,817.15,829.0,788.3,796.7,800.0,817.15,49432,39596439.15,3679
2026-07-21,INE563J01010,ASTEC,EQ,680.3,690.0,668.1,678.5,670.0,685.85,68037,46093657.3,2542
2026-07-21,INE914M01019,ASTERDM,EQ,814.0,826.15,810.0,813.45,816.55,815.15,383732,313871288.3,16538
2026-07-21,INE386C01029,ASTRAMICRO,EQ,1749.9,1767.0,1731.1,1747.1,1749.0,1751.0,207687,363367724.5,13110
2026-07-21,INE006I01046,ASTRAL,EQ,1389.7,1421.7,1386.1,1415.1,1411.0,1396.1,874822,1231797820.3,28688
2026-07-21,INE203A01020,ASTRAZEN,EQ,8102.0,8109.5,7985.0,8088.5,8080.0,8054.5,5225,42141029.0,1085
2026-07-21,INE646X01014,ASTRON,BE,3.83,3.92,3.74,3.92,3.92,3.74,62533,243830.28,94
2026-07-21,INE0ALR01029,ATALREAL,EQ,30.38,30.7,30.15,30.41,30.16,30.38,8148284,248315912.31,3438
2026-07-21,INE09KD01013,ATAM,EQ,66.65,68.25,66.5,67.81,68.25,67.39,7178,482572.12,105
2026-07-21,INE0LEZ01016,ATHERENERG,EQ,1302.7,1315.8,1257.1,1288.4,1289.7,1296.7,3844546,4930937310.3,117259
2026-07-21,IN90NN701011,ATLPP,E1,8.7,9.79,8.7,8.83,8.83,9.08,4779,43303.65,23
2026-07-21,INE0Z4F01028,ATLANTAELE,EQ,1740.0,1800.0,1651.0,1654.9,1663.5,1737.8,655613,1109782470.7,45830
2026-07-21,INE285H01022,ATLANTAA,EQ,38.65,38.65,37.01,37.38,37.05,38.17,34855,1320484.6,612
2026-07-21,INE446A01025,ATLASCYCLE,EQ,102.6,102.6,99.2,99.5,99.94,100.38,3235,322523.65,102
2026-07-21,INE05DH01017,ATMASTCO,ST,162.9,162.95,155.8,156.45,156.0,157.3,6800,1085660.0,17
2026-07-21,INE951D01028,ATULAUTO,EQ,479.7,487.05,479.7,483.8,483.1,480.95,33295,16099274.65,1654
2026-07-21,INE100A01010,ATUL,EQ,6100.0,6243.0,6100.0,6191.5,6193.0,6091.5,26156,161997785.0,8307
2026-07-21,INE949L01017,AUBANK,EQ,994.0,1006.8,994.0,1003.3,1000.0,993.3,1082450,1083266421.1,43112
2026-07-21,INE132H01018,AURIONPRO,EQ,841.05,850.5,831.55,836.75,836.75,839.75,62183,52181537.05,3945
2026-07-21,INE0NUL01018,AUROIMPEX,SM,25.3,25.75,25.3,25.75,25.75,25.3,3200,81680.0,2
2026-07-21,INE406A01037,AUROPHARMA,EQ,1567.0,1584.8,1547.3,1579.7,1582.0,1559.6,539944,847023174.3,20751
2026-07-21,INE898S01029,AURUM,EQ,238.0,238.0,226.45,228.33,228.01,234.8,308844,71051191.72,7170
2026-07-21,INE142K01011,AURUS,EQ,4.76,4.87,4.75,4.78,4.82,4.74,12852,61241.02,88
2026-07-21,INE218C01016,AUSOMENT,BE,131.84,132.95,127.37,130.66,128.43,131.84,4409,573834.2,56
2026-07-21,INE0P0001010,APS,SM,282.25,288.8,274.95,281.3,280.95,285.75,34750,9727450.0,112
2026-07-21,INE206F01022,AIIL,EQ,561.0,574.0,543.05,558.55,563.9,551.95,1525727,846214147.6,39757
2026-07-21,INE718H01014,AUTOIND,BE,88.93,89.5,84.49,86.24,86.37,88.93,153598,13165503.36,1548
2026-07-21,INE449A01011,AUTOAXLES,EQ,1850.0,1854.0,1825.4,1834.7,1835.0,1838.5,5707,10502322.8,864
2026-07-21,INE900C01027,ASAL,EQ,531.0,554.8,531.0,551.55,553.55,533.7,76195,41594488.9,3797
2026-07-21,INE349W01017,AVADHSUGAR,BE,528.75,557.95,528.75,552.2,551.0,531.4,46222,25276431.4,748
2026-07-21,INE0LCL01028,AVALON,EQ,1716.5,1748.4,1713.6,1743.0,1744.8,1716.5,95526,165543793.7,11103
2026-07-21,INE1KU201016,AVANA,ST,162.5,168.05,158.0,158.0,158.0,160.1,58000,9636900.0,29
2026-07-21,INE005B01027,AVANTEL,EQ,172.0,172.49,170.0,171.01,171.3,172.53,953538,163036986.99,7609
2026-07-21,INE871C01038,AVANTIFEED,EQ,1036.9,1036.9,995.0,1002.75,996.3,1034.2,510759,513499259.2,23851
2026-07-21,INE192R01011,DMART,EQ,3974.8,4009.0,3955.2,3975.6,3981.1,3975.5,314696,1251294688.9,26145
2026-07-21,INE483S01020,CCAVENUE,EQ,17.17,17.21,16.91,17.04,17.07,17.23,4276203,73023926.77,6804
2026-07-21,INE680Z01018,AVG,BE,206.6,206.6,200.4,201.65,201.6,206.6,12418,2511294.79,108
2026-07-21,INE0TFB01017,AVIANSH,SM,102.0,105.0,102.0,105.0,105.0,102.35,8000,829450.0,8
2026-07-21,INE0V9I01017,AVIENCE,SM,259.0,260.0,244.1,251.5,253.7,261.85,62400,15670170.0,87
2026-07-21,INE855F01042,ASMS,BE,7.13,7.2,7.03,7.11,7.1,7.21,92668,659367.48,352
2026-07-21,INE323B01024,AVONMORE,EQ,9.97,9.97,9.65,9.69,9.76,9.76,74382,726552.46,530
2026-07-21,INE0R9401019,AVPINFRA,SM,62.9,63.45,62.9,63.45,63.45,60.45,18400,1164440.0,18
2026-07-21,INE652Z01025,AVROIND,EQ,9.32,9.35,9.09,9.23,9.29,9.33,91172,840838.65,655
2026-07-21,INE488D01021,AVTNPL,EQ,69.1,70.17,69.0,69.43,69.5,69.66,35028,2434514.83,420
2026-07-21,INE108V01019,AWFIS,EQ,288.0,293.8,288.0,290.3,289.7,287.5,119882,34843384.35,2630
2026-07-21,INE699H01024,AWL,EQ,189.05,198.6,189.01,193.93,194.2,189.37,8433389,1649263513.77,75351
2026-07-21,INE238A01034,AXISBANK,EQ,1245.0,1267.7,1244.5,1258.2,1256.5,1256.0,15014867,18866275669.9,253560
2026-07-21,INF846K01X63,BNKETFAXIS,EQ,599.04,599.04,595.57,595.92,597.37,598.58,357,212938.47,25
2026-07-21,INF846K016C7,CONSUMAXIS,EQ,120.89,121.4,120.63,121.24,121.4,120.73,8802,1062779.92,22
2026-07-21,INF846K01W80,GOLDAXIS,EQ,118.0,119.03,118.0,118.87,118.89,117.83,2455181,291763460.93,3308
2026-07-21,INF846K01Z12,HEALTHAXIS,EQ,167.3,168.44,167.12,168.3,168.39,167.48,5777,969306.44,61
2026-07-21,INF846K01Y96,ITAXIS,EQ,321.64,323.2,318.91,319.21,320.97,322.04,1184,378583.38,65
2026-07-21,INF846K01W98,NIFTYAXIS,EQ,267.72,268.67,266.5,267.0,266.86,267.72,252514,67402646.43,326
2026-07-21,INF846K010Q0,SENSEXAXIS,EQ,80.1,80.9,80.07,80.19,80.2,80.56,1632,131526.6,44
2026-07-21,INF846K011K1,SILVERAXIS,EQ,217.48,220.89,217.17,220.48,220.58,215.99,340729,74825346.77,1728
2026-07-21,INF846KA1119,VALUEAXIS,EQ,32.4,33.19,32.4,33.09,33.07,32.92,43237,1429611.13,269
2026-07-21,INE555B01013,AXISCADES,EQ,1577.0,1593.8,1565.0,1575.4,1581.0,1583.8,57540,90804398.5,5507
2026-07-21,INE02EZ01022,AXITA,EQ,7.46,7.6,7.4,7.41,7.4,7.35,626298,4655059.54,859
2026-07-21,INE501X01029,AYE,EQ,175.0,197.29,172.63,189.13,190.0,171.47,22350012,4283810983.41,180148
2026-07-21,INE193B01039,AYMSYNTEX,EQ,243.18,243.18,230.1,234.37,233.0,240.77,11920,2818730.7,506
2026-07-21,INE02IJ01035,AZAD,EQ,2348.1,2391.0,2348.1,2378.6,2380.0,2345.7,260653,618563157.1,19672
2026-07-21,INE489D01011,BNALTD,EQ,525.0,534.45,519.55,519.55,519.55,527.0,879,458493.75,56
2026-07-21,INE01EE01011,BBTCL,EQ,211.86,218.0,210.5,213.76,214.89,211.86,3900,827117.57,76
2026-07-21,INE116D01028,BAGFILMS,EQ,4.5,4.57,4.5,4.52,4.55,4.53,37906,171657.46,132
2026-07-21,INE17CQ01015,BAGDIGITAL,SM,107.0,107.0,107.0,107.0,107.0,108.25,1600,171200.0,1
2026-07-21,INE350H01032,BLKASHYAP,EQ,57.81,58.4,56.25,56.39,56.35,58.0,292065,16684763.92,1248
2026-07-21,INE01FR01028,STYLEBAAZA,BE,285.55,304.5,284.45,304.0,304.45,290.0,293459,87904638.85,1407
2026-07-21,INE878I01022,BAFNAPH,BE,233.0,233.58,233.0,233.58,233.58,229.0,3802,887177.38,37
2026-07-21,INE2OVN25015,BAGMANE,RR,104.84,104.99,104.53,104.91,104.94,104.63,1803198,189117397.08,31432
2026-07-21,INE029Q01017,BAHETI,SM,714.0,714.75,708.0,709.3,709.95,711.85,12000,8548912.5,21
2026-07-21,INE020D01022,BAIDFIN,EQ,10.24,10.26,9.77,9.85,9.9,10.11,133747,1326347.47,397
2026-07-21,INE917I01010,BAJAJ-AUTO,EQ,10525.0,10560.0,10342.5,10403.5,10426.0,10522.5,834319,8730388769.0,85473
2026-07-21,INE933K01021,BAJAJCON,EQ,539.7,542.0,523.05,525.25,526.45,538.95,564152,298600795.95,17486
2026-07-21,INE193E01025,BAJAJELEC,EQ,334.3,335.6,330.35,333.15,333.5,334.25,54381,18101659.65,1875
2026-07-21,INE296A01032,BAJFINANCE,EQ,1064.0,1074.4,1060.9,1069.2,1071.0,1064.0,6970658,7447537610.4,133957
2026-07-21,INE918I01026,BAJAJFINSV,EQ,1855.0,1904.8,1850.4,1900.6,1900.7,1861.5,1668696,3150843546.5,61096
2026-07-21,INE411U01027,BAJAJHCARE,EQ,390.0,391.0,366.0,369.35,368.0,386.55,917497,341966998.85,21216
2026-07-21,INE306A01021,BAJAJHIND,EQ,17.26,17.52,17.11,17.35,17.37,17.24,5503726,95289587.11,7719
2026-07-21,INE118A01012,BAJAJHLDNG,EQ,10299.0,10525.0,10299.0,10446.0,10440.0,10299.0,109643,1141761439.0,16284
2026-07-21,INE377Y01014,BAJAJHFL,EQ,86.0,86.65,85.82,86.17,86.0,86.03,1795156,154746558.79,15618
2026-07-21,INE704G01024,BAJAJST,EQ,400.85,404.95,390.1,395.35,392.1,402.4,14395,5709248.45,1588
2026-07-21,INE0KQN01018,BAJEL,EQ,182.5,183.37,176.33,177.06,177.8,179.33,85416,15226344.59,1704
2026-07-21,INE083D01012,BALPHARMA,EQ,91.0,91.5,88.2,89.26,88.89,90.67,196835,17643119.38,2611
2026-07-21,INE050E01027,BALAMINES,EQ,2275.8,2383.0,2275.8,2366.5,2375.0,2275.8,151414,354510517.4,16878
2026-07-21,INE794B01026,BALAJITELE,EQ,88.09,88.29,86.0,86.62,86.74,87.65,91733,7975895.28,871
2026-07-21,INE618N01022,BALAXI,BE,23.58,24.2,23.5,23.58,24.07,24.02,19335,458581.37,112
2026-07-21,INE787D01026,BALKRISIND,EQ,2059.0,2080.0,2020.0,2037.6,2038.0,2055.2,189402,385747841.6,16965
2026-07-21,INE875R01011,BALKRISHNA,EQ,18.24,18.24,17.52,17.69,17.62,18.06,8204,145980.26,128
2026-07-21,INE164A01016,BALMLAWRIE,EQ,180.37,180.37,177.9,178.58,178.81,179.28,71281,12715347.45,1337
2026-07-21,INE525F01025,BLIL,EQ,70.37,70.55,69.62,70.42,70.09,69.7,57653,4041290.61,569
2026-07-21,INE119A01028,BALRAMCHIN,EQ,604.5,641.95,599.7,617.85,617.7,600.05,2962682,1859609098.9,68100
2026-07-21,INE011E01029,BALUFORGE,EQ,444.4,449.1,440.4,441.3,441.05,446.45,224903,99749838.35,6265
2026-07-21,INE655B01011,BANARBEADS,EQ,116.53,118.65,114.8,114.9,114.8,117.71,1812,209791.85,154
2026-07-21,INE213C01025,BANCOINDIA,EQ,659.1,664.15,648.0,650.25,649.9,661.65,85712,56070947.15,4489
2026-07-21,INE545U01014,BANDHANBNK,EQ,211.9,215.92,206.6,208.83,207.5,211.34,12313601,2604361928.26,71280
2026-07-21,INF194KB1KJ7,GOLDBND,EQ,143.14,143.62,141.53,142.48,142.0,141.48,28846,4109397.73,199
2026-07-21,INF194KA1U07,IDFNIFTYET,EQ,268.12,268.18,266.23,266.57,266.52,268.0,177,47283.32,19
2026-07-21,INF194KB1KI9,SILVERBND,EQ,218.84,222.54,218.84,222.18,221.96,218.74,8297,1833278.13,157
2026-07-21,INE863I01016,BANG,EQ,28.73,29.23,28.6,28.74,28.61,28.71,16199,467146.34,187
2026-07-21,INE028A01039,BANKBARODA,EQ,254.85,257.0,247.3,247.7,248.1,254.85,13458334,3362823339.25,96475
2026-07-21,INE084A01016,BANKINDIA,EQ,147.1,149.33,146.33,147.1,147.0,146.95,12651707,1863594518.92,45802
2026-07-21,INE457A01014,MAHABANK,EQ,80.59,82.19,80.36,81.75,81.75,80.52,9943559,809753206.66,41330
2026-07-21,INE862Y01015,BANKA,BE,89.26,89.26,89.25,89.25,89.25,89.25,934,83361.5,11
2026-07-21,INE186H01022,BASML,BE,26.42,27.48,26.01,27.35,27.15,26.42,254620,6892976.65,273
2026-07-21,INE459A01010,BANARISUG,EQ,3476.4,3500.0,3472.1,3475.0,3475.0,3477.6,305,1062432.7,52
2026-07-21,INE0B9K01025,BANSALWIRE,EQ,319.0,340.0,317.05,333.35,340.0,317.6,320398,105607994.2,9420
2026-07-21,INE629D01020,BANSWRAS,EQ,131.86,137.38,131.75,133.29,133.99,131.36,52237,7030613.12,1000
2026-07-21,INE139I01011,BVCL,EQ,42.0,42.2,41.32,41.42,41.9,42.03,12109,502179.37,69
2026-07-21,INE0QX401014,BARFLEX,SM,52.8,54.0,51.3,53.55,54.0,50.05,18000,942700.0,8
2026-07-21,INF251K01TL6,BBNPNBETF,EQ,57.24,58.85,57.24,58.13,58.13,58.41,1185,68975.46,18
2026-07-21,INF251K01SU9,BBNPPGOLD,EQ,136.7,138.35,136.7,137.8,138.3,136.7,5195,714739.8,67
2026-07-21,INE373A01013,BASF,EQ,3719.0,3844.1,3690.0,3833.7,3826.4,3686.7,57136,217540595.3,11110
2026-07-21,INE0OCC01013,BASILIC,SM,200.15,203.0,197.0,197.5,197.5,198.5,15900,3163380.0,41
2026-07-21,INE176A01028,BATAINDIA,EQ,703.0,704.0,694.15,698.9,697.0,700.5,252695,176672983.9,10751
2026-07-21,INE177C01022,BATLIBOI,EQ,82.0,92.19,81.61,90.82,91.0,81.69,449580,39861546.81,5854
2026-07-21,INE0JFJ01011,BAWEJA,ST,27.55,28.9,27.55,28.9,28.9,28.95,12000,334120.0,12
2026-07-21,INE462A01022,BAYERCROP,EQ,4269.0,4555.0,4254.1,4351.4,4358.0,4260.9,249377,1110255810.0,32247
2026-07-21,INE412G01024,BCLIND,EQ,35.41,35.52,34.79,34.93,34.99,35.24,485848,17048470.61,2242
2026-07-21,INE00SW01015,BCPL,EQ,70.6,71.5,70.3,70.46,70.41,70.63,7583,535273.35,192
2026-07-21,INE639X01027,BEACON,ST,93.45,97.45,90.05,97.2,97.2,93.15,16000,1490800.0,15
2026-07-21,INE520H01022,BEARDSELL,EQ,28.45,28.45,27.31,27.41,27.35,27.54,6256,172714.13,177
2026-07-21,INE844K01012,BEDMUTHA,EQ,108.0,108.5,108.0,108.19,108.24,107.0,367,39782.53,14
2026-07-21,INE213D01015,BEEKAY,EQ,405.0,414.0,400.05,401.45,400.05,405.0,674,271314.15,38
2026-07-21,INE344T01014,BELLACASA,EQ,243.35,251.9,241.3,243.5,243.85,243.6,9130,2241813.2,703
2026-07-21,INE894V01022,BELRISE,EQ,233.75,237.49,232.12,236.76,236.6,233.92,3583520,844917371.37,37131
2026-07-21,INE0N7W01012,BLAL,EQ,181.08,183.37,178.5,178.99,179.1,180.86,15967,2869744.33,453
2026-07-21,INE258A01024,BEML,EQ,1775.0,1792.0,1756.2,1786.3,1788.0,1770.5,140433,249370642.6,12182
2026-07-21,INE083K01017,BENGALASM,EQ,6212.0,6245.0,6202.5,6244.0,6245.0,6245.5,174,1082414.0,27
2026-07-21,INE463A01038,BERGEPAINT,EQ,492.45,513.35,491.0,506.4,507.95,490.7,668714,339525494.1,29553
2026-07-21,INE052T01021,BESTAGRO,EQ,15.52,15.69,15.3,15.52,15.58,15.46,232594,3593767.56,1079
2026-07-21,INE351Y01019,BETA,EQ,2437.0,2495.4,2383.9,2478.4,2478.9,2439.4,51162,125217233.5,6543
2026-07-21,INE0HQI01014,BEWLTD,SM,59.0,60.2,58.5,59.0,59.0,59.0,7000,413200.0,12
2026-07-21,INE878K01010,BFINVEST,EQ,474.0,480.0,465.05,467.85,467.7,472.25,50105,23596927.25,1931
2026-07-21,INE243D01012,BFUTILITIE,EQ,602.8,616.05,601.6,605.2,605.0,607.8,116760,70792565.45,2616
2026-07-21,INF0QA701CI0,BANK10BETF,EQ,21.45,22.87,21.22,21.25,21.22,21.33,7372,157772.94,38
2026-07-21,INF0QA701714,BANKBETF,EQ,59.11,59.28,58.76,58.9,58.89,59.0,54929,3236009.68,276
2026-07-21,INF0QA701854,LIQUIDBETF,EQ,1091.1,1091.12,1091.1,1091.11,1091.11,1090.97,410681,448097016.92,345
2026-07-21,INF0QA701722,NIFTYBETF,EQ,252.05,252.05,248.26,248.63,248.63,249.55,10217,2536890.35,70
2026-07-21,INE661I01014,BGRENERGY,BE,292.9,292.9,280.3,284.85,286.0,288.75,18494,5304245.15,350
2026-07-21,INE0ZRC01017,BHADORA,ST,90.0,91.1,88.15,89.05,88.15,91.0,10800,975420.0,9
2026-07-21,INE354C01027,BHAGERIA,BE,214.95,216.0,208.11,212.77,212.0,211.56,13763,2931228.87,156
2026-07-21,INE414D01027,BHAGCHEM,EQ,275.25,276.9,270.2,272.7,272.85,275.25,19182,5230555.8,770
2026-07-21,INE458B01036,BHAGYANGR,BE,370.0,385.0,370.0,379.0,380.0,382.7,58308,22064589.25,921
2026-07-21,INE474E01029,BHANDARI,BE,2.91,2.99,2.91,2.93,2.93,2.91,45337,134154.98,133
2026-07-21,INE922A01025,BEPL,EQ,128.41,138.5,121.37,123.44,122.4,127.77,69963117,9268028378.24,338090
2026-07-21,INE464A01036,BBL,EQ,2676.2,2689.3,2655.0,2669.0,2655.0,2676.2,12122,32395220.9,1890
2026-07-21,INE05XR01022,BHARATCOAL,EQ,37.3,37.85,37.11,37.51,37.53,37.25,7895898,295862620.53,17936
2026-07-21,INE171Z01026,BDL,EQ,1257.6,1276.2,1251.5,1273.2,1274.0,1257.6,405609,512931481.6,19919
2026-07-21,INE263A01024,BEL,EQ,408.15,410.95,406.5,410.05,410.1,408.15,5242231,2142247564.35,76749
2026-07-21,INE465A01025,BHARATFORG,EQ,2208.1,2223.2,2186.8,2201.8,2199.4,2209.0,718771,1584613081.6,27366
2026-07-21,INE561C01019,BHARATGEAR,BE,117.0,122.8,117.0,121.68,122.48,118.4,15677,1894280.1,189
2026-07-21,INE029A01011,BPCL,EQ,317.6,321.9,317.0,319.35,318.7,317.6,6264859,1999722821.75,53539
2026-07-21,INE838B01021,BHARATRAS,EQ,1319.0,1327.9,1310.2,1321.8,1318.0,1313.2,4437,5857913.8,746
2026-07-21,INE727S01012,BRNL,EQ,17.4,17.99,17.22,17.49,17.69,17.51,25285,444650.9,267
2026-07-21,INE415D01024,BHARATSE,EQ,223.0,225.96,214.2,221.49,222.0,221.1,229804,50321253.19,6054
2026-07-21,INE316L01019,BHARATWIRE,EQ,200.74,201.84,197.62,199.61,200.0,200.74,116447,23252037.1,2495
2026-07-21,INE397D01024,BHARTIARTL,EQ,1946.4,1952.0,1938.7,1948.4,1949.0,1940.1,5061312,9852305037.5,129828
2026-07-21,INE343G01021,BHARTIHEXA,EQ,1621.8,1662.2,1621.0,1651.1,1645.5,1617.2,240121,395652273.8,27901
2026-07-21,INE828A01016,BIL,EQ,754.9,754.9,722.1,740.25,747.0,745.55,3493,2578148.8,112
2026-07-21,INE257A01026,BHEL,EQ,417.5,417.95,411.2,413.3,415.0,417.5,8374361,3461410292.15,77188
2026-07-21,INE274K01012,BTTL,BE,48.27,50.0,46.8,47.52,47.5,49.26,13658,654995.8,73
2026-07-21,INE412U01025,BIGBLOC,EQ,48.0,48.0,47.0,47.18,47.15,47.56,23276,1099131.31,299
2026-07-21,INE00E101023,BIKAJI,EQ,644.95,648.35,642.6,644.25,645.0,641.95,31068,20061483.75,3894
2026-07-21,INE0SQH01013,BIKEWO,ST,56.0,56.6,56.0,56.6,56.6,53.95,56000,3165400.0,26
2026-07-21,INE071A01013,BILVYAPAR,BE,4.24,4.25,4.08,4.12,4.25,4.24,2197,9169.98,28
2026-07-21,INE986A01012,BI,EQ,61.6,63.0,59.5,60.7,63.0,62.02,7298,440785.9,177
2026-07-21,INE0HOQ01053,GROWW,EQ,204.0,206.99,202.24,206.36,206.0,203.43,21761610,4458455937.0,137078
2026-07-21,INE469A01019,BIMETAL,EQ,651.55,674.0,641.0,663.3,658.0,655.0,320,208876.6,52
2026-07-21,INE1BKA01015,BMLL,SM,143.85,143.85,137.0,140.05,140.5,139.75,72000,10077550.0,36
2026-07-21,INE376G01013,BIOCON,EQ,435.8,441.6,434.5,440.3,441.0,436.5,3318862,1459548045.75,51416
2026-07-21,INE829A01014,BIOFILCHEM,EQ,33.87,33.87,33.13,33.68,33.69,33.17,5697,191008.35,43
2026-07-21,INE0XW001014,BIOPOL,SM,97.0,97.5,94.95,97.5,97.5,101.3,33600,3244020.0,18
2026-07-21,INE800A01015,BIRLACABLE,BE,179.54,187.99,179.54,185.44,186.5,180.44,31470,5787719.37,419
2026-07-21,INE340A01012,BIRLACORPN,EQ,1026.0,1028.5,1002.0,1009.3,1010.95,1017.0,85351,86825445.75,12446
2026-07-21,INE372E01025,BIRLAPREC,EQ,35.35,35.5,34.5,34.81,34.5,34.68,16272,570140.64,253
2026-07-21,INE557A01011,BIRLANU,EQ,1285.1,1378.9,1280.1,1346.7,1351.0,1289.6,29605,39900655.5,3330
2026-07-21,INF209KC1670,ABSL10BANK,EQ,174.17,179.99,171.9,172.99,171.9,172.96,67004,11538311.33,39
2026-07-21,INF209KB17D5,ABSLBANETF,EQ,59.49,59.68,59.27,59.38,59.49,59.49,9338,554538.17,204
2026-07-21,INF209KB18T9,ABSLLIQUID,EQ,1000.0,1000.01,999.99,1000.0,1000.0,1000.0,4954,4954000.34,14
2026-07-21,INF209KC1662,ABSLMSCIN,EQ,29.68,29.68,29.54,29.59,29.57,29.61,3295,97387.13,12
2026-07-21,INF209KB16D7,ABSLNN50ET,EQ,75.49,76.65,75.29,76.36,76.51,76.06,19905,1518502.65,168
2026-07-21,INF209KB10E8,BSLSENETFG,EQ,78.0,78.66,77.43,77.9,78.0,78.45,2600,202690.8,98
2026-07-21,INF209KC1142,GSEC10ABSL,EQ,113.0,113.38,113.0,113.38,113.38,113.38,35,3967.16,3
2026-07-21,INF209KB10C2,HEALTHY,EQ,17.25,17.25,16.89,17.03,17.02,16.96,213299,3620909.39,874
2026-07-21,INF209KB14K7,MOMENTUM,EQ,30.84,31.45,30.83,31.26,31.45,30.84,48112,1494403.09,231
2026-07-21,INF209KB15K4,NIFTYQLITY,EQ,21.16,21.29,21.08,21.17,21.13,21.16,18123,383551.33,157
2026-07-21,INF209KB19F6,SILVER,EQ,217.39,221.7,217.39,221.53,221.7,217.02,1135137,250463313.42,10894
2026-07-21,INF209KB11D8,TECH,EQ,31.82,32.26,30.86,31.78,31.71,31.97,46501,1476960.55,190
2026-07-21,INF209KB19Z4,ABSLPSE,EQ,10.38,10.42,10.33,10.39,10.41,10.38,105053,1091647.96,278
2026-07-21,INE836A01035,BSOFT,EQ,291.0,292.15,285.0,285.8,285.75,291.35,945215,271600237.2,20995
2026-07-21,INE676A01027,BBOX,EQ,837.05,837.65,809.1,811.5,812.0,837.65,172138,140835436.15,12245
2026-07-21,INE761G01016,BLACKROSE,BE,97.6,99.89,97.0,98.15,98.8,97.22,10871,1071495.97,185
2026-07-21,INE0UIZ01018,BLACKBUCK,EQ,577.4,578.35,565.3,574.65,573.0,573.8,206017,118132832.35,13963
2026-07-21,INE791A01024,BLBLIMITED,EQ,16.49,16.49,15.72,16.11,16.26,16.1,16297,263745.0,106
2026-07-21,INE416D01022,BLISSGVS,BE,473.05,489.0,466.75,467.6,467.0,482.7,145033,68442078.45,2199
2026-07-21,INE416D01022,BLISSGVS,BL,485.0,485.0,485.0,485.0,485.0,490.0,700000,339500000.0,1
2026-07-21,INE0NLT01010,BLSE,EQ,274.8,274.8,263.62,268.45,268.0,272.86,541807,145121278.07,7952
2026-07-21,INE153T01027,BLS,EQ,234.35,237.85,234.35,235.15,235.25,235.85,424069,100077018.05,11253
2026-07-21,INE657B01025,BLUECHIP,BE,2.01,2.01,2.01,2.01,2.01,2.05,835,1678.35,5
2026-07-21,INE472B01011,BLUECOAST,BE,28.0,28.0,28.0,28.0,28.0,28.28,34,952.0,4
2026-07-21,INE233B01017,BLUEDART,EQ,4880.0,4883.0,4844.0,4869.8,4862.0,4883.0,4078,19836025.5,1461
2026-07-21,INE0KBH01020,BLUEJET,EQ,589.5,598.7,585.25,589.5,590.0,589.5,470334,277713164.2,16848
2026-07-21,INE0SAK01011,BLUEPEBBLE,SM,70.0,70.0,67.0,67.0,67.0,70.0,4000,277600.0,6
2026-07-21,INE472A01039,BLUESTARCO,EQ,1721.9,1727.0,1692.2,1702.8,1701.9,1714.3,144786,247105936.4,21291
2026-07-21,INE0X3M01010,BLUEWATER,ST,387.5,404.0,387.5,404.0,404.0,407.3,6000,2391450.0,5
2026-07-21,INE304W01038,BLUESTONE,EQ,633.2,732.45,616.5,728.65,732.45,610.4,23104761,15838223379.4,409358
2026-07-21,INE0U4101014,BLUSPRING,EQ,109.2,110.46,106.92,108.1,109.14,109.67,262954,28516392.11,2801
2026-07-21,INE965W01036,BMWVENTLTD,EQ,57.0,58.28,57.0,57.64,57.83,57.1,51068,2931188.01,939
2026-07-21,INE00HZ01011,BNAGROCHEM,BE,274.0,285.0,263.05,276.55,279.0,273.25,2820,769667.1,54
2026-07-21,INE00XL07015,975BNAL28,N0,9999.0,9999.0,9999.0,9999.0,9999.0,9899.0,3,29997.0,1
2026-07-21,INE338D01028,BODALCHEM,BE,66.59,66.6,64.12,65.5,65.15,65.83,206854,13517983.88,417
2026-07-21,INE0EEJ01023,BTML,EQ,6.18,6.18,6.01,6.07,6.08,6.11,22601,137040.88,120
2026-07-21,INE802W01023,BOHRAIND,EQ,12.76,13.77,12.76,13.22,13.22,13.12,36833,498290.67,82
2026-07-21,INE050A01025,BBTC,EQ,1487.9,1502.3,1487.9,1491.4,1489.2,1497.2,16193,24193000.3,1590
2026-07-21,INE032A01023,BOMDYEING,EQ,123.23,123.99,122.24,123.37,122.8,123.23,361443,44466737.41,3633
2026-07-21,INE0I3Y01014,BMETRICS,SM,37.75,37.75,36.3,36.3,36.3,36.05,4000,148640.0,4
2026-07-21,INE032Z01020,BSHSL,BE,89.3,89.3,85.0,86.75,86.75,86.52,3886,333377.86,56
2026-07-21,INE053F07538,810IRFC27,N2,1072.74,1074.0,1072.73,1074.0,1074.0,1071.68,375,402433.75,8
2026-07-21,INE053F07686,865IRFC29,,1099.0,1099.0,1096.0,1098.0,1098.0,1099.0,1450,1591360.0,20
2026-07-21,INE020B07HS2,871REC28,N9,1115.0,1116.07,1114.5,1115.51,1115.55,1114.4,1619,1805400.63,39
2026-07-21,INE557F07108,863NHB34,N3,6300.0,6300.0,6300.0,6300.0,6300.0,6300.0,6,37800.0,1
2026-07-21,INE053F07744,888IRFC29,NE,1140.0,1140.0,1140.0,1140.0,1140.0,1140.0,20,22800.0,1
2026-07-21,INE557F07124,888NHB29,N5,6000.0,6127.0,6000.0,6127.0,6127.0,5997.99,78,476636.0,2
2026-07-21,INE557F07132,901NHB34,N6,6336.0,6337.0,6315.0,6320.69,6322.0,6305.0,269,1703254.0,16
2026-07-21,INE0B9A01018,BONLON,EQ,39.75,41.54,39.75,40.78,40.99,41.38,6271,255877.82,76
2026-07-21,INE16SF01016,BORANA,EQ,332.0,335.0,321.15,328.25,325.0,332.05,31301,10292107.7,706
2026-07-21,INE02PY01013,BOROLTD,EQ,235.27,241.12,235.27,238.97,239.88,235.27,56878,13603247.19,2226
2026-07-21,INE666D01022,BORORENEW,EQ,596.8,607.4,590.2,596.5,595.45,595.65,408233,243620005.9,15170
2026-07-21,INE02L001032,BOROSCI,EQ,163.0,164.72,159.17,160.8,162.0,162.37,47265,7571606.88,917
2026-07-21,INE782A01015,BOSCH-HCIL,EQ,1331.0,1353.0,1321.2,1341.2,1344.0,1337.6,11029,14733935.4,1266
2026-07-21,INE323A01026,BOSCHLTD,EQ,41000.0,41325.0,40720.0,40870.0,40880.0,40960.0,8634,353029115.0,4677
2026-07-21,INE0QNI01012,BOSS,SM,34.2,34.2,34.2,34.2,34.2,34.15,2000,68400.0,1
2026-07-21,INE110A01019,BPL,EQ,56.2,56.99,54.41,54.59,54.42,56.15,54612,3021199.85,1087
2026-07-21,INE0R4Z01018,BRACEPORT,SM,62.0,63.0,62.0,63.0,63.0,61.1,3200,200000.0,2
2026-07-21,INE02RE01045,FIRSTCRY,EQ,210.85,211.77,208.53,208.99,209.0,210.84,343325,71913256.88,6576
2026-07-21,INE977Y01011,BCONCEPTS,EQ,189.0,193.97,184.51,185.75,185.1,189.78,13278,2483312.86,408
2026-07-21,INE0XUD01014,BRANDMAN,ST,188.0,188.0,184.25,187.65,188.0,186.9,8800,1644120.0,11
2026-07-21,INE791I01019,BRIGADE,EQ,561.9,572.0,558.05,568.2,568.55,563.8,237234,134449635.65,9656
2026-07-21,INE03NU01014,BRIGHOTEL,EQ,62.08,63.5,61.51,62.39,62.05,61.79,101362,6325983.17,1156
2026-07-21,INE425B01027,BCG,EQ,9.58,9.65,9.47,9.6,9.61,9.57,2399671,22995368.6,2427
2026-07-21,INE216A01030,BRITANNIA,EQ,5466.0,5497.0,5435.0,5482.0,5485.0,5470.0,158603,867956896.0,15404
2026-07-21,INE0FDU25010,BIRET,RR,340.25,341.48,340.0,340.98,341.0,340.99,268218,91456243.45,6119
2026-07-21,INE650L01011,BROOKS,BE,67.75,67.75,66.0,66.36,66.06,67.75,13487,899906.22,82
2026-07-21,INE118H01025,BSE,EQ,3651.0,3705.3,3646.2,3664.0,3664.0,3647.9,1926607,7083950229.0,81800
2026-07-21,INE594B01012,BSL,EQ,127.73,127.97,125.9,126.02,126.06,127.1,968,122300.96,48
2026-07-21,INE295F01017,BUTTERFLY,EQ,760.1,766.15,745.5,757.45,752.05,758.2,29927,22598759.5,1799
2026-07-21,INE0SZ301012,BULKCORP,SM,58.95,58.95,58.95,58.95,58.95,57.0,1200,70740.0,1
2026-07-21,INE0SMX01019,CKKRETAIL,SM,130.15,130.15,130.0,130.0,130.0,130.1,2400,312200.0,3
2026-07-21,INE0QBU01012,CPS,SM,990.0,990.0,990.0,990.0,990.0,990.0,300,297000.0,2
2026-07-21,INE0BV301023,MAPMYINDIA,EQ,1095.0,1121.95,1065.15,1070.25,1068.85,1097.0,319363,346247304.35,22052
2026-07-21,INE0U7V01015,C2C,SM,268.15,268.15,268.15,268.15,268.15,335.15,145950,39136492.5,454
2026-07-21,INE090Y01013,CADSYS,ST,68.5,68.5,62.3,62.3,62.3,65.55,1000,65400.0,2
2026-07-21,INE526B01014,CALSOFT,BE,24.2,24.2,22.56,23.03,23.23,23.05,230130,5402336.52,509
2026-07-21,INE627H01017,CTE,EQ,30.8,31.68,30.35,31.29,31.36,30.8,9601,298634.94,62
2026-07-21,INE052I01032,CAMLINFINE,EQ,124.2,125.38,123.02,123.89,124.7,123.96,274175,34030557.29,3189
2026-07-21,INE278Y01022,CAMPUS,EQ,225.15,227.5,222.45,223.18,223.2,225.21,988372,221587253.9,14184
2026-07-21,INE477A01020,CANFINHOME,EQ,861.0,868.85,829.0,832.5,831.0,857.15,373649,314412788.15,21296
2026-07-21,INE476A01022,CANBK,EQ,128.82,131.2,127.19,127.52,127.6,128.82,24607108,3162374235.99,78860
2026-07-21,INE01TY01017,CANHLIFE,EQ,159.0,166.69,153.9,154.61,154.9,149.77,41101270,6571031678.38,245996
2026-07-21,INE218I01013,CRAMC,EQ,257.0,265.0,243.36,252.2,253.0,255.8,726955,186787876.88,15338
2026-07-21,INE0QG301017,CANARYS,SM,19.1,19.9,19.0,19.1,19.1,19.1,128000,2484600.0,31
2026-07-21,INE068L01024,CANTABIL,EQ,254.45,256.23,248.21,250.96,252.0,254.73,84532,21236529.97,2193
2026-07-21,INE264T01014,CAPACITE,EQ,222.95,227.95,222.0,225.4,225.3,221.9,227613,51324844.1,5022
2026-07-21,INE0ILV01024,CAPILLARY,EQ,483.3,486.5,476.35,478.55,479.5,483.3,24227,11643791.65,1447
2026-07-21,INE345H01024,CIFL,EQ,20.89,22.24,20.66,21.05,21.2,20.95,93315,1976718.94,771
2026-07-21,INE0Z8Z23013,CAPINVIT,IV,74.0,74.45,73.51,73.83,73.68,73.92,1845719,136394409.18,35209
2026-07-21,INE646H01017,CAPITALSFB,EQ,305.25,306.0,300.0,305.05,306.0,305.25,49659,15074276.25,2298
2026-07-21,INE707C01018,CAPTRUST,EQ,14.24,14.67,13.69,14.67,14.67,13.98,48750,708841.87,153
2026-07-21,INE475E01026,CAPLIPOINT,EQ,2661.8,2661.8,2606.0,2608.0,2606.0,2649.2,53134,139004689.8,8021
2026-07-21,INE180C01042,CGCL,EQ,249.74,252.03,245.99,249.64,248.88,250.02,1887889,470472046.4,13180
2026-07-21,INE120A01034,CARBORUNIV,EQ,1087.2,1121.0,1080.0,1084.2,1085.0,1087.2,177549,195407660.7,16998
2026-07-21,INE752H01013,CARERATING,EQ,1673.6,1685.0,1662.5,1670.9,1675.0,1671.4,15850,26525289.5,2802
2026-07-21,INE0P6P01016,CPEDU,EQ,191.26,191.26,187.81,188.79,189.0,187.51,582,109994.56,46
2026-07-21,INE0V7W01012,CARRARO,EQ,565.15,565.55,552.0,554.9,552.0,562.05,45644,25506287.95,3590
2026-07-21,INE290S01011,CARTRADE,EQ,2740.0,2740.0,2653.3,2726.0,2735.9,2755.4,336784,907060172.8,35605
2026-07-21,INE482D01024,CARYSIL,EQ,1174.0,1183.6,1163.1,1170.1,1172.0,1177.8,22610,26457818.8,2023
2026-07-21,INE0WL201014,CUDML,ST,157.7,157.7,157.7,157.7,157.7,157.7,1000,157700.0,1
2026-07-21,INE172A01027,CASTROLIND,EQ,184.1,185.43,184.1,184.78,185.07,184.27,976296,180494648.91,16036
2026-07-21,INE421D01022,CCL,EQ,1200.9,1209.9,1190.7,1205.2,1209.9,1201.1,52639,63213631.0,7742
2026-07-21,INE482A01020,CEATLTD,EQ,3423.8,3440.0,3380.0,3408.0,3410.0,3407.3,130618,444819143.7,15613
2026-07-21,INE11J101017,CEDAAR,ST,19.0,19.55,18.0,18.65,19.4,18.8,11000,204600.0,11
2026-07-21,INE0AG901020,CEIGALL,EQ,341.55,345.0,334.55,342.05,345.0,341.35,200413,67954448.8,8342
2026-07-21,INE016Q01014,CEINSYS,EQ,908.7,908.7,881.0,884.05,882.5,899.75,43810,38992422.85,2785
2026-07-21,INE185H01016,CELEBRITY,EQ,7.29,7.33,6.97,7.11,7.14,7.14,24220,170073.98,81
2026-07-21,INE0O0001013,CELLPOINT,SM,16.0,18.3,16.0,18.05,18.0,15.25,33600,598860.0,27
2026-07-21,INE0OMO01025,CELLECOR,ST,35.15,35.8,35.0,35.8,35.8,35.5,51000,1806450.0,16
2026-07-21,INE0LMW01024,CELLO,EQ,368.0,368.25,359.25,360.85,361.0,365.8,295145,106656570.65,12703
2026-07-21,INE686A01026,CEMPRO,EQ,1635.0,1649.2,1621.5,1639.6,1625.0,1627.0,458821,751507088.0,24289
2026-07-21,INE483A01010,CENTRALBK,EQ,32.0,32.4,31.92,32.02,32.03,32.05,8353203,268327195.06,19890
2026-07-21,INE736A01011,CDSL,EQ,1385.0,1390.9,1361.5,1364.9,1363.7,1385.2,1431384,1962210701.2,54819
2026-07-21,INE05HV01027,CMPDI,EQ,257.8,273.5,256.1,264.71,266.0,253.46,13536356,3613304700.14,142632
2026-07-21,INE660C01027,CENTRUM,EQ,23.85,24.39,23.56,23.83,23.76,23.74,152364,3649066.06,664
2026-07-21,INE320B01020,CENTUM,EQ,3710.0,3741.8,3684.1,3712.5,3710.0,3714.6,18629,69170020.5,3619
2026-07-21,INE485A01015,CENTENKA,EQ,547.75,553.95,540.2,544.35,540.2,549.4,28976,15835028.1,1542
2026-07-21,INE281A01026,CENTEXT,EQ,18.75,19.3,18.75,18.91,18.96,18.89,45328,858851.29,426
2026-07-21,INE348B01021,CENTURYPLY,EQ,795.0,800.0,788.8,792.85,797.0,796.4,20356,16195637.35,3559
2026-07-21,INE739E01017,CERA,EQ,6200.0,6267.5,6185.0,6231.0,6237.0,6183.0,6391,39862020.5,2364
2026-07-21,INE345B01019,CEREBRAINT,BZ,3.13,3.13,3.01,3.06,3.07,3.02,46782,142627.87,103
2026-07-21,INE486A01021,CESC,EQ,165.3,167.45,163.61,165.06,165.0,165.61,1394628,229557574.27,14146
2026-07-21,INE067A01029,CGPOWER,EQ,915.8,919.4,898.0,914.85,915.9,912.45,3544392,3223848326.9,53843
2026-07-21,INE427F01016,CHALET,EQ,867.0,867.0,837.05,839.95,840.0,856.0,53993,45648942.4,7068
2026-07-21,INE419D01026,CLSEL,EQ,264.0,282.9,264.0,278.9,277.85,266.45,103354,28595775.1,3253
2026-07-21,INE06PV01010,CMNL,SM,100.0,105.0,100.0,102.7,105.0,96.1,10500,1068637.5,13
2026-07-21,INE085A01013,CHAMBLFERT,EQ,443.0,444.5,438.0,439.25,439.25,443.2,348523,153598697.45,11434
2026-07-21,INE11HG01018,CHAMUNDA,SM,43.9,43.9,43.8,43.8,43.8,44.65,6000,263100.0,2
2026-07-21,INE0B2N01016,CHANDAN,SM,247.0,247.0,240.0,242.95,243.0,242.65,8800,2137640.0,11
2026-07-21,INE0PT101017,CHAVDA,SM,119.8,126.5,117.5,124.65,126.5,119.25,251000,30446300.0,141
2026-07-21,INE0TGX01019,CHEMBONDCH,BE,263.0,263.0,243.05,250.21,255.0,253.62,7738,1952434.41,194
2026-07-21,INE995D01025,CHEMBOND,BE,184.45,188.0,179.0,183.0,183.0,184.34,3986,722962.75,39
2026-07-21,INE03YM01018,CHEMCON,BE,186.75,186.75,180.0,181.06,181.2,182.14,8521,1553406.17,190
2026-07-21,INE783X01023,CHEMFAB,BE,381.2,381.2,360.0,364.05,373.5,373.0,362,131454.05,29
2026-07-21,INE488A01050,CHEMPLASTS,EQ,201.9,204.92,194.21,195.67,195.99,201.63,324172,63762412.71,6711
2026-07-21,INE178A01016,CHENNPETRO,EQ,1219.0,1270.0,1218.1,1258.1,1268.0,1214.0,1790473,2235103502.8,47480
2026-07-21,INE0U1T01012,CHETANA,ST,47.2,47.25,47.2,47.25,47.25,47.25,6400,302320.0,2
2026-07-21,INE974B01016,CHEVIOT,EQ,1130.0,1145.0,1122.8,1144.2,1145.0,1124.7,1376,1563624.2,219
2026-07-21,INE102B01014,CHOICEIN,EQ,817.0,819.2,809.3,816.9,814.5,815.05,876205,714936634.3,13234
2026-07-21,INF2KCX01012,CHOICEGOLD,EQ,140.46,142.93,140.46,141.19,141.72,140.46,11434,1613639.33,92
2026-07-21,INE149A01033,CHOLAHLDNG,EQ,1564.5,1566.0,1542.6,1550.2,1550.0,1553.3,88851,137887523.3,12510
2026-07-21,INE121A01024,CHOLAFIN,EQ,1782.0,1782.0,1753.5,1758.8,1758.8,1782.8,1351990,2382116554.9,68146
2026-07-21,INE536H01010,CIEINDIA,EQ,475.0,476.45,469.0,472.7,472.0,473.8,160198,75698809.5,7961
2026-07-21,INE704H01022,CINELINE,EQ,78.4,81.97,77.5,77.69,77.8,77.67,37639,2962965.61,592
2026-07-21,INE039B01026,CINEVISTA,EQ,15.1,15.34,14.94,15.0,15.0,15.1,19428,291529.0,114
2026-07-21,INE059A01026,CIPLA,EQ,1442.1,1443.9,1414.0,1432.5,1433.0,1441.6,1341452,1919848000.2,67611
2026-07-21,INE2Q7823014,CITIUSINVT,IV,110.0,110.97,109.58,110.08,110.49,110.32,38226,4216122.97,1077
2026-07-21,INE491A01021,CUB,EQ,224.91,234.4,224.5,229.83,228.9,224.98,4751678,1099182065.6,76383
2026-07-21,INE201M01029,CLEDUCATE,BE,56.85,58.5,56.85,58.01,58.4,58.0,5425,314751.03,53
2026-07-21,INE0UQ601012,CLASSICEIL,ST,62.5,62.5,58.9,59.1,58.9,61.95,27200,1627760.0,17
2026-07-21,INE1QGM01024,CLAYCRAFT,SM,151.6,161.0,151.6,159.95,160.0,153.9,48600,7677240.0,72
2026-07-21,INE647U01026,CLEANMAX,EQ,1336.5,1374.7,1300.0,1365.3,1370.0,1336.5,165523,223984865.2,14388
2026-07-21,INE227W01023,CLEAN,EQ,731.0,759.0,731.0,756.55,754.0,729.8,382290,286209383.55,26504
2026-07-21,INE1EF801010,CSSL,SM,100.0,100.0,99.0,99.0,99.0,101.0,2000,199000.0,2
2026-07-21,INE00WV01027,CMRGREEN,EQ,217.2,224.9,217.2,221.65,222.45,216.4,855185,189499729.35,11957
2026-07-21,INE925R01014,CMSINFO,EQ,281.0,282.2,274.0,275.0,276.0,279.0,861660,239490215.85,13707
2026-07-21,INE522F01014,COALINDIA,EQ,429.95,433.2,429.15,431.25,431.0,429.4,4612497,1990385769.55,71032
2026-07-21,INE377E01024,COASTCORP,EQ,52.06,53.49,51.67,52.03,52.45,52.82,34153,1789614.91,606
2026-07-21,INE704P01025,COCHINSHIP,EQ,1408.0,1409.5,1396.7,1405.3,1405.0,1407.6,373894,524682458.0,17491
2026-07-21,INE335K01011,COFFEEDAY,BE,31.4,31.8,30.62,31.15,31.54,31.43,320044,10008963.83,959
2026-07-21,INE591G01025,COFORGE,EQ,1507.0,1531.8,1491.0,1494.0,1494.0,1507.4,1450155,2191912674.1,53400
2026-07-21,INE03QK01018,COHANCE,EQ,449.9,449.9,440.7,445.65,448.0,450.7,292147,129905664.35,12999
2026-07-21,INE259A01022,COLPAL,EQ,2120.0,2126.4,2080.0,2092.9,2086.7,2113.1,320482,673271512.1,28802
2026-07-21,INE819A01049,COMFINTE,EQ,5.45,5.57,5.45,5.47,5.45,5.55,115494,634081.11,335
2026-07-21,INE073V01015,COMSYN,EQ,210.69,219.0,185.1,188.48,187.85,209.35,2525825,514246875.62,22644
2026-07-21,INE597Z01014,COMMITTED,ST,343.0,343.0,343.0,343.0,343.0,328.6,1600,548800.0,2
2026-07-21,INE070C01037,COMPINFO,BZ,1.1,1.18,1.09,1.13,1.1,1.14,3159,3492.71,12
2026-07-21,INE453B01029,COMPUSOFT,EQ,13.19,13.77,13.04,13.56,13.55,13.01,54872,744651.91,326
2026-07-21,INE596I01020,CAMS,EQ,773.0,785.4,765.05,767.25,769.1,770.65,1429299,1105056215.85,35170
2026-07-21,INE338H01029,CONCORDBIO,EQ,1338.0,1339.0,1313.0,1329.2,1328.0,1335.0,69802,92470096.7,9016
2026-07-21,INE037Z01029,CEWATER,EQ,312.0,315.0,306.65,308.7,308.05,311.3,75892,23580677.05,3251
2026-07-21,INE552D01024,CONFIPET,EQ,77.0,77.0,75.02,75.65,76.0,76.66,1574754,119615436.74,8883
2026-07-21,INE0EAS01014,CONNPLEX,SM,199.95,201.0,196.0,197.65,199.0,199.0,234400,47066400.0,25
2026-07-21,INE429I01024,CCCL,EQ,16.46,16.78,16.06,16.55,16.69,16.05,300413,4931185.56,905
2026-07-21,INE025A01027,CONSOFINVT,EQ,286.0,288.0,273.01,277.97,279.7,283.05,15248,4236108.84,351
2026-07-21,INE111A01025,CONCOR,EQ,499.0,499.0,490.0,491.65,490.8,499.0,918729,453700490.0,34191
2026-07-21,INE340Z01019,CONTI,SM,10.85,10.85,10.85,10.85,10.85,10.35,3333,36163.05,1
2026-07-21,INE663B01015,CONTROLPR,EQ,643.6,657.0,637.0,639.05,640.0,640.35,53297,34520546.4,2840
2026-07-21,INE0HS001028,COOLCAPS,ST,20.5,21.8,20.5,21.0,21.0,21.05,75000,1579875.0,45
2026-07-21,INE558D01021,CORALFINAC,EQ,32.3,32.3,30.66,31.35,31.46,31.22,5824,182979.41,154
2026-07-21,INE792I01017,CORDSCABLE,BE,208.1,212.4,203.5,208.13,209.5,207.02,15417,3226023.35,212
2026-07-21,INE169A01031,COROMANDEL,EQ,2018.0,2058.4,2010.0,2054.3,2055.0,2020.4,154214,315165950.9,19516
2026-07-21,INE02ZQ01018,CORONA,EQ,2060.0,2128.4,2057.6,2090.2,2082.0,2046.1,49484,103881637.1,7761
2026-07-21,INE757A01017,COSMOFIRST,EQ,828.4,849.0,822.85,829.3,825.5,832.9,63699,53338800.2,4072
2026-07-21,INE652F01027,CCHHL,EQ,12.51,12.72,12.34,12.61,12.5,12.5,7122,89652.42,87
2026-07-21,INE695B01025,COUNCODOS,EQ,6.76,6.76,6.36,6.4,6.37,6.6,111796,727543.29,302
2026-07-21,INE521J01018,CPCAP,BE,107.5,110.1,106.3,109.25,109.25,108.54,25154,2742840.45,136
2026-07-21,INF457M01133,CPSEETF,EQ,97.44,97.44,96.2,96.72,96.75,96.77,542209,52462485.0,5018
2026-07-21,INE00LO01017,CRAFTSMAN,EQ,9463.0,9535.0,9119.5,9403.5,9399.0,9393.5,60066,561620660.5,15283
2026-07-21,INE0OFK01019,CRAYONS,SM,25.5,27.05,25.3,26.0,26.0,26.6,59000,1541500.0,22
2026-07-21,INE230B01021,CREATIVEYE,EQ,5.8,6.07,5.72,5.96,5.79,6.02,9405,55003.18,68
2026-07-21,INE0R7401011,CGRAPHICS,SM,129.15,134.6,129.15,133.15,134.6,130.1,15200,2027360.0,19
2026-07-21,INE985W01018,CNL,EQ,944.05,976.6,927.1,948.75,954.5,930.9,81051,77441920.05,4364
2026-07-21,INE741K01010,CREDITACC,EQ,1490.1,1540.9,1481.0,1534.7,1534.0,1498.0,263235,401295151.2,20099
2026-07-21,INE220Q01020,MUFTI,EQ,85.6,85.85,84.31,85.15,84.51,84.98,38789,3292823.28,709
2026-07-21,INE559D01011,CREST,EQ,375.25,380.75,367.05,373.95,378.0,377.25,889,331375.7,50
2026-07-21,INE007A01025,CRISIL,EQ,4280.0,4340.0,4226.7,4302.4,4306.0,4233.8,120746,519457525.8,19298
2026-07-21,INE0S4R01014,CRIZAC,EQ,187.04,190.45,186.91,189.11,189.3,186.03,178265,33690433.04,6231
2026-07-21,INE299U01018,CROMPTON,EQ,262.0,262.55,257.9,258.4,258.45,262.1,1493265,386906676.5,24211
2026-07-21,INE00NH01017,CLSL,SM,61.0,62.6,60.5,62.0,62.0,60.1,28000,1731600.0,14
2026-07-21,INE491V01019,CROWN,EQ,115.0,115.0,113.0,114.52,114.7,112.58,2052,234126.39,60
2026-07-21,INE679A01013,CSBBANK,EQ,362.85,371.5,360.5,370.0,370.9,360.95,265894,97900084.35,8124
2026-07-21,INE718F01018,CSLFINANCE,EQ,214.33,215.58,213.0,214.24,213.0,214.23,114414,24441188.46,501
2026-07-21,INE0ZK601013,CSM,EQ,99.01,105.65,98.98,102.6,103.5,99.33,375404,38591958.38,5730
2026-07-21,INE144D01012,CUBEXTUB,EQ,79.6,80.85,77.61,78.85,78.6,78.89,19010,1496378.03,512
2026-07-21,INE298A01020,CUMMINSIND,EQ,5535.5,5587.0,5505.5,5583.0,5586.0,5506.0,189190,1051511672.0,21277
2026-07-21,INE509F01029,CUPID,EQ,207.74,212.99,207.7,211.25,211.5,207.27,25264150,5340489292.78,132213
2026-07-21,INE117B01020,CURAA,EQ,74.01,74.9,73.0,73.32,73.0,74.01,709,52400.05,25
2026-07-21,INE1BZN01016,CURIS,SM,111.2,111.2,110.5,110.5,110.5,112.0,3000,332800.0,3
2026-07-21,INE1CRQ01014,CURRENT,SM,101.5,106.0,100.1,105.0,106.0,106.0,14400,1491920.0,9
2026-07-21,INE278G01037,CYBERMEDIA,BE,16.2,16.2,14.93,15.46,15.48,15.52,6915,105093.05,65
2026-07-21,INE075Z01011,CMRSL,SM,59.65,63.0,59.65,60.5,60.5,62.75,5600,340600.0,7
2026-07-21,INE214A01019,CYBERTECH,BE,142.1,144.9,142.1,143.99,144.7,142.06,12254,1761369.91,131
2026-07-21,INE055S01018,CYIENTDLM,EQ,594.55,628.45,586.75,623.0,620.0,596.05,894767,545803145.35,25080
2026-07-21,INE136B01020,CYIENT,EQ,847.5,852.0,840.05,846.95,848.05,849.35,244817,206969433.15,13201
2026-07-21,INE864X01013,DPWIRES,BE,178.5,178.5,173.0,174.42,174.0,173.52,3897,679675.05,104
2026-07-21,INE250K01012,DLINKINDIA,EQ,449.85,465.0,442.55,453.25,456.0,448.55,106281,47810186.3,4265
2026-07-21,INE266Y01019,DPABHUSHAN,EQ,1434.0,1524.6,1425.75,1472.0,1475.2,1434.35,293371,436523115.8,18448
2026-07-21,INE950I01011,DBCORP,EQ,216.58,217.95,215.0,216.7,216.99,214.44,292289,63387860.84,4633
2026-07-21,INE016A01026,DABUR,EQ,426.5,427.9,422.4,426.1,426.4,426.5,1008135,428592247.55,17379
2026-07-21,INE928C01010,DAICHI,BE,310.8,310.9,305.0,305.0,305.0,309.65,522,160551.9,11
2026-07-21,INE00R701025,DALBHARAT,EQ,1856.8,1873.8,1847.5,1864.2,1867.0,1847.8,244710,455750139.3,17278
2026-07-21,INE495A01022,DALMIASUG,EQ,364.0,373.0,362.6,370.45,368.4,362.6,199545,73631547.85,4915
2026-07-21,INE284H01025,DAMCAPITAL,EQ,163.7,166.69,161.33,162.78,162.35,162.85,255927,41797100.5,3509
2026-07-21,INE497D01022,DAMODARIND,BE,29.0,29.0,28.0,28.52,28.94,29.2,6425,181810.95,41
2026-07-21,INE688Y01022,DANGEE,EQ,3.1,3.16,3.04,3.05,3.05,3.08,29662,91279.72,111
2026-07-21,INE0YU901016,DANISH,SM,893.0,905.0,860.0,866.0,865.0,885.4,23700,20776440.0,110
2026-07-21,INE0IX101010,DATAPATTNS,EQ,3990.0,4300.0,3899.0,4243.9,4260.0,3990.7,1176291,4834894780.7,98875
2026-07-21,INE365B01017,DATAMATICS,EQ,845.0,845.45,821.2,827.75,825.0,837.75,51679,43010243.1,2603
2026-07-21,INE179G01029,DAVANGERE,EQ,3.38,3.48,3.36,3.39,3.4,3.38,11353053,38574968.49,3241
2026-07-21,INE921B01025,DBSTOCKBRO,BE,35.86,36.99,34.87,34.89,35.06,36.7,9566,334513.03,103
2026-07-21,INE0A1101019,DCI,EQ,271.0,274.6,265.55,272.6,268.05,270.85,46713,12611387.7,720
2026-07-21,INE503A01015,DCBBANK,EQ,188.99,193.41,188.98,190.22,190.0,189.85,1471023,280181082.5,12781
2026-07-21,INE04Q907108,1225DCCL27,N0,99000.0,100098.11,99000.0,100098.11,100098.11,99000.0,2,199098.11,2
2026-07-21,INE0S8401018,DCG,SM,52.05,53.95,52.05,53.0,53.0,52.0,10800,571020.0,9
2026-07-21,INE891B01012,DCMFINSERV,BE,5.2,5.29,4.91,5.01,4.98,5.16,6131,30209.4,27
2026-07-21,INE498A01018,DCM,BE,96.8,100.68,96.06,96.91,97.0,97.5,14633,1444027.81,97
2026-07-21,INE08KP01019,DCMNVL,BE,147.05,154.4,146.0,147.0,147.0,147.1,36889,5402545.85,43
2026-07-21,INE0OFM01015,DSFCL,BE,25.98,26.78,25.21,26.78,26.78,25.51,40766,1078314.84,127
2026-07-21,INE843D01027,DCMSRIND,EQ,41.85,44.38,41.5,42.41,42.1,41.51,596014,25620133.2,3412
2026-07-21,INE0OU201013,DCMSIL,BE,84.74,84.74,84.74,84.74,84.74,86.46,136875,11598787.5,237
2026-07-21,INE499A01024,DCMSHRIRAM,EQ,1035.0,1070.0,1031.4,1038.1,1036.0,1031.2,64501,67630465.0,7374
2026-07-21,INE500A01029,DCW,EQ,46.6,48.1,46.59,47.59,47.54,46.63,882661,41876120.71,4008
2026-07-21,INE0KL801015,DCXINDIA,EQ,186.0,191.0,184.07,185.7,185.8,185.43,397456,73702670.89,5230
2026-07-21,INE0HR601026,DDEVPLSTIK,EQ,289.8,292.0,284.65,286.55,287.95,288.2,73641,21197677.55,2670
2026-07-21,INE0JWV01011,DENEERS,SM,197.95,197.95,194.0,194.0,194.0,198.5,3000,584370.0,5
2026-07-21,INE244A01016,DENORA,EQ,872.05,899.0,872.05,885.15,882.0,880.9,2712,2412289.05,490
2026-07-21,INE583C01021,DECCANCE,EQ,572.3,579.2,571.55,574.1,572.5,569.25,7789,4487181.0,580
2026-07-21,INE945F01025,DECNGOLD,EQ,189.81,195.68,188.5,191.52,191.4,190.09,730298,139763358.93,9051
2026-07-21,INE0S7C01019,DECCANTRAN,SM,21.9,22.5,21.9,22.0,22.0,21.9,9600,213900.0,5
2026-07-21,INE841L01016,DEEDEV,BE,695.4,699.65,673.5,680.1,680.0,695.4,43759,29959942.75,1162
2026-07-21,INE586O01011,DEEM,ST,55.4,55.4,55.4,55.4,55.4,55.4,1000,55400.0,1
2026-07-21,INE0FHS01024,DEEPINDS,EQ,478.35,481.0,469.05,470.55,469.75,476.05,55575,26306352.0,2641
2026-07-21,INE0OPA01027,DBEIL,BE,7.8,7.8,7.35,7.44,7.45,7.7,158465,1180532.54,379
2026-07-21,INE501A01019,DEEPAKFERT,EQ,1611.7,1633.8,1601.0,1606.7,1607.0,1605.1,148086,239105441.7,9788
2026-07-21,INE288B01029,DEEPAKNTR,EQ,1689.0,1726.5,1680.1,1708.3,1705.0,1689.7,184795,316499787.2,20101
2026-07-21,INE0SK801018,DELAPLEX,SM,98.0,98.0,98.0,98.0,98.0,98.0,1200,117600.0,2
2026-07-21,INE148O01028,DELHIVERY,EQ,486.05,488.1,482.35,484.75,485.05,486.85,3978421,1930107860.0,42116
2026-07-21,INE726L01027,DELPHIFX,BE,6.53,6.53,6.53,6.53,6.53,6.87,35939,234681.67,133
2026-07-21,INE0XRN01019,DELTIC,ST,33.6,33.6,33.0,33.0,33.0,33.6,7000,232350.0,7
2026-07-21,INE124G01033,DELTACORP,EQ,63.9,64.2,63.35,63.46,63.5,63.92,670263,42659051.64,3182
2026-07-21,INE393A01011,DELTAMAGNT,EQ,59.0,59.0,57.5,58.15,58.94,58.61,259,15048.4,51
2026-07-21,INE947J01015,DEN,EQ,27.02,27.33,26.82,27.16,27.32,27.01,352688,9566234.26,2443
2026-07-21,INE0R4L01018,DENTA,EQ,342.5,351.75,337.15,347.75,347.5,340.75,470057,162544306.85,14045
2026-07-21,INE0VOV01021,DEVX,EQ,35.15,35.15,33.96,34.13,34.24,34.01,37314,1280746.77,387
2026-07-21,INE060X01034,DEVIT,EQ,26.6,28.0,26.5,26.78,27.03,26.95,19878,540212.17,354
2026-07-21,INE872J01023,DEVYANI,EQ,110.91,111.23,109.6,110.83,111.0,110.92,880668,97239671.89,8253
2026-07-21,INE0I3401014,DBOL,EQ,108.0,108.0,105.1,106.1,106.49,107.51,54743,5812961.41,698
2026-07-21,INE041A01016,DHAMPURSUG,EQ,145.5,148.4,143.6,145.32,145.07,145.42,391629,57039584.78,5768
2026-07-21,INE680A01011,DHANBANK,EQ,34.13,34.42,33.65,34.25,34.4,33.8,678618,23091534.41,2391
2026-07-21,INE0V9V01010,DHANLAXMI,SM,23.35,23.5,23.35,23.35,23.4,23.35,12000,280900.0,6
2026-07-21,INE0M3I01029,DHANSA,ST,20.15,22.05,19.95,19.95,19.95,21.0,64000,1299500.0,28
2026-07-21,INE435G01025,DHANUKA,EQ,1017.4,1022.9,1012.5,1015.0,1013.0,1013.4,10655,10829724.4,1286
2026-07-21,INE278R01034,DHARAN,BZ,0.15,0.16,0.15,0.15,0.16,0.15,23128774,3633410.82,1042
2026-07-21,INE0YRN01025,DHARIWAL,SM,34.0,34.0,34.0,34.0,34.0,33.5,3000,102000.0,1
2026-07-21,INE00OQ01016,DHARMAJ,EQ,259.8,260.7,254.6,255.2,255.0,259.9,30030,7711771.45,817
2026-07-21,INE506Z01015,DHRUV,BE,24.71,26.9,24.71,25.58,25.56,25.95,492,12563.64,17
2026-07-21,INE320L01011,DHUNINV,EQ,944.15,944.15,901.7,925.8,910.2,944.15,1580,1463037.65,100
2026-07-21,INE341R01014,DTIL,EQ,138.98,138.98,135.2,137.42,137.5,137.88,2224,303872.94,99
2026-07-21,INE477B01010,DVL,EQ,244.8,244.8,237.01,240.38,240.5,244.78,5733,1377931.4,305
2026-07-21,INE591D01014,DIAMINESQ,EQ,252.45,257.5,250.01,252.57,255.0,252.32,2794,708387.86,157
2026-07-21,INE989C01038,DIACABS,EQ,248.0,269.07,247.42,269.07,269.07,244.61,20782551,5433037155.13,147387
2026-07-21,INE303A01010,DICIND,EQ,524.95,538.7,505.15,520.8,512.5,508.25,5756,3028445.4,359
2026-07-21,INE184O01015,DIFFNKG,EQ,385.0,402.5,384.95,395.85,395.6,386.15,85762,33955643.45,4172
2026-07-21,INE03JI01017,DGCONTENT,EQ,25.13,25.91,23.1,24.67,24.21,25.31,79482,1952171.32,232
2026-07-21,INE0PSC01024,DIGIDRIVE,EQ,18.78,18.78,18.01,18.42,18.37,18.48,11177,204712.2,136
2026-07-21,INE0QJ901011,DIGIKORE,SM,50.35,51.0,49.2,49.9,49.6,51.1,138800,6932020.0,128
2026-07-21,INE927C01020,DIGISPICE,BE,19.29,19.43,18.86,19.2,19.2,19.22,62580,1195292.13,125
2026-07-21,INE0U4701011,DIGITIDE,EQ,99.99,103.0,97.97,100.81,100.55,99.5,231137,23263949.69,3394
2026-07-21,INE731U01028,DIGJAMLMTD,EQ,44.34,45.89,43.51,44.11,43.53,44.34,2889,128236.52,54
2026-07-21,INE016M01021,DNAMEDIA,EQ,2.85,2.85,2.72,2.78,2.8,2.78,23375,65161.34,99
2026-07-21,INE917M01012,DBL,EQ,405.1,413.65,404.15,409.1,410.95,405.55,63507,25928084.8,3522
2026-07-21,INE131C01011,DISAQ,EQ,11938.0,12198.0,11930.0,12099.0,12198.0,11873.0,54,647833.0,50
2026-07-21,INE836F01026,DISHTV,BE,2.93,2.94,2.9,2.91,2.92,2.94,327091,955607.27,660
2026-07-21,INE385W01011,DCAL,EQ,192.0,193.0,187.34,190.19,190.35,190.83,136374,25861714.38,2589
2026-07-21,INE753U01022,DIVGIITTS,EQ,911.55,930.0,890.0,926.35,926.0,913.9,22960,21118948.75,2153
2026-07-21,INE361B01024,DIVISLAB,EQ,7318.0,7344.0,7275.0,7330.0,7330.0,7318.0,179558,1312903782.5,20277
2026-07-21,INE0NA501011,DIVINEHIRA,ST,111.5,111.5,110.0,110.0,110.0,110.0,3600,399000.0,3
2026-07-21,INE0SCO01019,DPEL,SM,582.0,582.95,576.0,576.2,576.0,579.95,12000,6936950.0,24
2026-07-21,INE0QYI01019,DIVYADHAN,ST,53.75,53.75,53.75,53.75,53.75,53.75,4000,215000.0,2
2026-07-21,INE935N01020,DIXON,EQ,14573.0,14573.0,14066.0,14118.0,14126.0,14589.0,507328,7202468209.0,77755
2026-07-21,INE0B1K01014,DJML,EQ,106.12,108.24,104.91,107.84,108.0,106.66,370243,39697643.03,3239
2026-07-21,INE271C01023,DLF,EQ,669.0,675.3,665.3,673.65,672.0,668.6,2830486,1899801261.75,55470
2026-07-21,INE505A01010,DMCC,EQ,266.0,270.2,264.1,269.55,269.5,266.75,16154,4324966.55,497
2026-07-21,INE021O01019,DODLA,EQ,1066.6,1083.1,1061.2,1062.0,1067.4,1073.6,12201,13035412.5,1475
2026-07-21,INE966A01022,DOLATALGO,EQ,68.6,69.25,68.41,68.89,69.0,68.72,42672,2939527.71,675
2026-07-21,INE325C01035,DOLLAR,EQ,261.9,261.9,257.55,259.7,259.25,261.9,47154,12235892.2,1434
2026-07-21,INE0JHH01011,DOLLEX,SM,30.35,30.35,30.35,30.35,30.35,30.0,4000,121400.0,1
2026-07-21,INE920A01037,DOLPHIN,EQ,378.0,384.95,373.2,375.05,375.35,378.0,131524,49346754.55,225
2026-07-21,INE321T01012,DOMS,EQ,2260.0,2276.0,2255.1,2271.4,2275.0,2266.2,39120,88634530.2,3857
2026-07-21,INE668D01028,DONEAR,EQ,85.19,85.7,83.26,84.99,84.75,85.17,13447,1133022.73,237
2026-07-21,INE360C01024,DPSCLTD,BE,7.3,7.5,7.18,7.41,7.42,7.37,100188,733394.15,373
2026-07-21,INE943P01029,AGARWALEYE,EQ,485.9,491.45,482.55,485.8,486.0,484.7,62343,30276803.85,5849
2026-07-21,INE934C01018,DRAGARWQ,EQ,4949.0,5058.5,4949.0,5012.5,4987.5,5006.5,281,1406157.0,123
2026-07-21,INE600L01024,LALPATHLAB,EQ,1697.0,1712.9,1683.0,1700.1,1703.0,1693.3,138917,235661786.7,16644
2026-07-21,INE089A01031,DRREDDY,EQ,1224.7,1230.0,1203.0,1206.0,1206.9,1223.1,2182513,2644775743.3,67205
2026-07-21,INE03RS01027,DRCSYSTEMS,EQ,13.68,13.68,13.11,13.23,13.18,13.3,59996,797799.68,193
2026-07-21,INE0JS101016,DREAMFOLKS,EQ,67.55,68.89,67.51,67.96,67.78,68.1,25858,1760952.9,747
2026-07-21,INE506A01018,DREDGECORP,EQ,1029.0,1029.0,1005.0,1018.5,1010.5,1019.6,54551,55375367.1,3258
2026-07-21,INE0P7201019,DRONE,ST,39.4,39.8,38.3,38.95,39.0,38.9,14500,563525.0,24
2026-07-21,INE055C01020,KEEPLEARN,EQ,1.9,1.9,1.77,1.77,1.77,1.84,28477,51777.25,74
2026-07-21,INF740KA1EU7,LIQUIDETF,EQ,999.99,1000.01,999.99,999.99,1000.01,1000.0,157675,157673942.23,265
2026-07-21,INF740KA1YH2,BANK10ADD,EQ,17.3,17.32,17.16,17.21,17.32,17.32,675603,11637577.13,163
2026-07-21,INF740KA1RX3,BANKADD,EQ,59.44,59.45,59.19,59.3,59.24,59.44,62333,3696654.09,203
2026-07-21,INF740KA1SW3,GOLDADD,EQ,137.66,138.78,137.51,138.39,138.78,137.43,121997,16868432.93,1310
2026-07-21,INF740KA1SX1,ITADD,EQ,30.93,31.21,30.7,30.77,30.71,30.95,15765,485950.9,81
2026-07-21,INF740KA1QK2,EQUAL50ADD,EQ,343.98,347.35,342.79,344.48,347.35,343.54,19395,6667906.65,172
2026-07-21,INF740KA1CL0,NIFTYADD,EQ,253.7,255.47,253.7,254.22,254.17,254.98,5174,1315573.03,129
2026-07-21,INF740KA1SY9,PSUBANKADD,EQ,87.29,88.0,86.18,86.41,86.18,87.03,357618,31115236.95,1873
2026-07-21,INF740KA1TA7,PVTBANKADD,EQ,28.21,28.39,28.2,28.25,28.2,28.21,943868,26671424.38,1700
2026-07-21,INF740KA1ZF3,MIDQ50ADD,EQ,25.0,25.0,24.84,24.93,24.94,24.95,23685,590361.96,86
2026-07-21,INF740KA1SZ6,SENSEXADD,EQ,79.9,79.9,79.64,79.64,79.64,79.92,863,68744.93,12
2026-07-21,INF740KA1RE3,SILVERADD,EQ,210.81,214.04,210.59,213.88,213.45,209.49,165414,35248357.72,2420
2026-07-21,INF740KA1WU9,FLEXIADD,EQ,10.0,10.06,9.99,10.04,10.05,9.97,94325,946187.17,220
2026-07-21,INF740KA1ZA4,FMCGADD,EQ,49.36,49.48,48.9,49.15,49.2,50.02,10744,528089.93,63
2026-07-21,INF740KA1ZG1,HEALTHADD,EQ,16.62,16.74,16.61,16.73,16.7,16.62,53390,891603.91,79
2026-07-21,INF740KA1UM0,LIQUIDADD,EQ,1136.61,1136.61,1136.59,1136.6,1136.59,1136.44,311871,354473186.58,294
2026-07-21,INF740KA1WW5,MIDCAPADD,EQ,23.13,23.23,23.12,23.16,23.16,23.13,44185,1021753.36,27
2026-07-21,INF740KA1WV7,MSCIADD,EQ,29.59,29.71,29.54,29.71,29.71,29.68,856,25342.84,5
2026-07-21,INF740KA1VE5,NEXT30ADD,EQ,42.38,42.58,42.25,42.4,42.58,42.37,5097,216044.75,51
2026-07-21,INF740KA1XU7,NEXT50ADD,EQ,73.0,73.13,72.61,73.1,73.1,72.85,5107,372292.37,34
2026-07-21,INF740KA1WX3,SMALLADD,EQ,18.17,18.21,18.13,18.18,18.2,18.14,14929,271499.79,117
2026-07-21,INF740KA1UR9,TOP10ADD,EQ,87.89,88.42,87.2,87.48,88.25,87.89,95675,8357434.3,734
2026-07-21,INE0LZO01015,DUCOL,SM,108.45,108.45,108.45,108.45,108.45,106.1,800,86760.0,1
2026-07-21,INE741L01018,DUCON,EQ,3.02,3.07,2.99,3.0,3.0,3.02,207047,626908.43,254
2026-07-21,INE0HPK01020,DUGLOBAL,ST,27.6,28.5,27.6,28.45,28.45,27.15,15000,422750.0,6
2026-07-21,INE0OUW01013,DURLAX,ST,47.95,48.2,46.45,47.45,47.45,46.45,16000,757300.0,8
2026-07-21,INE366A01041,DWARKESH,EQ,43.45,44.5,43.26,43.76,43.85,43.38,891391,39054948.4,4369
2026-07-21,INE417B01040,DSSL,EQ,1219.9,1219.9,1182.0,1214.6,1219.0,1208.4,24621,29681228.8,2355
2026-07-21,INE221B01012,DYNAMATECH,EQ,10286.0,10437.0,10241.0,10352.0,10300.0,10285.0,6791,70209460.0,1918
2026-07-21,INE600Y01019,DYCL,EQ,439.0,469.0,429.0,434.6,429.9,445.65,9805722,4434688999.4,164179
2026-07-21,INE0DZ701010,DYNAMIC,ST,153.4,156.85,151.6,156.85,156.85,159.5,4500,690250.0,9
2026-07-21,INE256H01015,DYNPRO,EQ,232.8,254.97,230.01,236.29,236.8,229.52,45763,11118480.11,1872
2026-07-21,INE0KFF01017,EFACTOR,SM,162.0,162.0,160.0,160.0,160.0,160.35,800,128800.0,2
2026-07-21,INE1CEJ01017,E2ERAIL,ST,260.0,260.0,250.2,260.0,260.0,260.3,13600,3468440.0,15
2026-07-21,INE255Z01027,E2E,EQ,433.7,446.4,430.35,446.4,446.4,425.15,2758582,1219170192.0,25502
2026-07-21,INE962C01035,EASTSILK,BE,48.61,51.0,48.61,49.98,48.66,48.61,208,10528.84,9
2026-07-21,INE07O001026,EASEMYTRIP,EQ,6.85,6.9,6.8,6.85,6.87,6.85,6804023,46543655.31,6684
2026-07-21,INE528S07110,888ECL28,N1,985.0,985.0,985.0,985.0,985.0,981.52,200,197000.0,1
2026-07-21,INE738I01010,ECLERX,EQ,1876.9,1945.0,1865.2,1924.0,1940.0,1877.5,377469,718669517.1,27744
2026-07-21,INE0VBS01016,ECOLINE,ST,192.0,194.0,192.0,194.0,194.0,192.0,5000,964000.0,3
2026-07-21,INE06HJ01020,ECOSMOBLTY,BE,132.77,133.49,129.0,129.94,131.37,131.46,20705,2701227.3,247
2026-07-21,INF754K01OB1,BBETF0432,EQ,1350.83,1350.9,1347.0,1348.53,1350.8,1349.92,1526,2060171.3,53
2026-07-21,INF754K01TE4,EBANKNIFTY,EQ,58.26,58.82,58.14,58.31,58.14,58.4,825,48132.07,26
2026-07-21,INF754K01KO2,EBBETF0430,EQ,1614.0,1614.0,1602.39,1606.08,1602.42,1602.39,14374,23101419.48,1649
2026-07-21,INF754K01LE1,EBBETF0431,EQ,1439.06,1468.0,1435.01,1446.18,1438.0,1435.48,843,1213358.07,46
2026-07-21,INF754K01QX0,EBBETF0433,EQ,1315.87,1315.87,1305.02,1307.53,1305.02,1311.94,2981,3905943.11,114
2026-07-21,INF754K01TX4,ECAPINSURE,EQ,24.26,24.26,23.9,24.02,24.19,24.14,28414,681552.86,316
2026-07-21,INF754K01SE6,EGOLD,EQ,142.0,142.65,141.35,142.35,142.15,141.35,55365,7879470.1,195
2026-07-21,INF754K01VW2,ELIQUID,EQ,1040.21,1040.23,1040.21,1040.23,1040.23,1040.09,23982,24946581.64,10
2026-07-21,INF754K01VV4,ELM250,EQ,16.73,16.74,16.55,16.72,16.73,16.57,28252,469084.96,96
2026-07-21,INF754K01TF1,EMULTIMQ,EQ,41.21,41.62,41.18,41.57,41.58,41.21,18631,769060.41,176
2026-07-21,INF754K01XF3,ENEXT50,EQ,72.62,72.62,71.72,72.24,72.34,72.41,1426,103265.93,13
2026-07-21,INF754K01VX0,ENIFTY,EQ,24.97,24.97,24.29,24.32,24.31,24.37,4137,100750.19,48
2026-07-21,INF754K01VY8,ESENSEX,EQ,77.95,77.95,77.55,77.55,77.55,77.95,339,26329.89,5
2026-07-21,INF754K01SF3,ESILVER,EQ,218.99,221.96,218.5,221.53,221.28,217.65,55074,12138564.57,737
2026-07-21,INE532F01054,EDELWEISS,EQ,122.0,123.5,120.1,120.71,120.64,122.1,3833153,468600295.76,35270
2026-07-21,INE886D01026,EFCIL,EQ,190.5,191.06,186.2,186.96,187.5,191.1,128571,24099520.56,2005
2026-07-21,INE0U9101019,EFFWA,ST,366.0,366.0,360.0,366.0,366.0,366.7,3200,1168140.0,8
2026-07-21,INE066A01021,EICHERMOT,EQ,7590.0,7710.0,7565.0,7689.5,7694.0,7563.5,451075,3443208159.0,45061
2026-07-21,INE126A01031,EIDPARRY,EQ,762.95,775.0,761.1,767.85,765.9,762.25,163482,125763262.55,14840
2026-07-21,INE276C01014,EIHAHOTELS,EQ,316.1,327.0,316.1,324.65,323.05,316.1,24284,7862323.7,926
2026-07-21,INE230A01023,EIHOTEL,EQ,335.0,337.4,332.55,335.25,335.0,340.2,115956,38872085.05,5293
2026-07-21,INE158B01016,EIMCOELECO,EQ,1822.3,1824.0,1792.8,1811.8,1819.0,1822.3,14899,26974017.3,1623
2026-07-21,INE280B01018,ELANTAS,EQ,9585.0,9601.0,9435.0,9545.0,9601.0,9532.0,291,2764845.0,163
2026-07-21,INE927X01018,ELCIDIN,EQ,110895.0,111100.0,110895.0,111100.0,111100.0,112025.0,9,999685.0,9
2026-07-21,INE668G01021,ELDEHSG,EQ,794.9,794.9,771.05,782.7,785.0,768.85,171,133115.4,29
2026-07-21,INE205B01031,ELECON,EQ,455.3,459.1,447.9,449.7,449.0,455.0,262968,118729288.9,9989
2026-07-21,INE0Q1W01012,EFORCE,SM,21.35,21.35,21.35,21.35,21.35,21.35,3600,76860.0,3
2026-07-21,INE02YR01019,EMIL,EQ,129.8,134.85,128.78,133.4,132.88,129.88,691440,91622848.69,11206
2026-07-21,INE086A01029,ELECTCAST,EQ,73.84,74.35,72.7,72.93,73.0,73.83,821951,60273192.16,8539
2026-07-21,INE822G01016,ELECTHERM,EQ,1069.0,1073.8,1021.0,1047.8,1029.9,1068.5,10404,10934218.1,585
2026-07-21,INE0R9101015,ELGNZ,SM,104.7,106.7,96.6,103.4,103.9,102.2,103000,10623000.0,69
2026-07-21,INE285A01027,ELGIEQUIP,EQ,588.9,607.0,585.7,601.0,600.0,588.0,584931,350970823.75,31669
2026-07-21,INE819L01012,ELGIRUBCO,EQ,58.53,61.1,56.5,58.26,59.1,58.53,62089,3677141.98,998
2026-07-21,INE050401020,ELIN,EQ,105.97,108.98,104.89,105.27,105.49,105.24,101250,10741803.24,1399
2026-07-21,INE669R01026,ELITECON,EQ,18.21,18.28,17.31,17.7,17.8,17.87,3425588,60860017.04,8582
2026-07-21,INE236E01022,ELLEN,EQ,289.5,297.95,285.7,295.9,297.25,287.25,227368,66510260.6,5535
2026-07-21,INE579B01039,ELPROINTL,EQ,175.0,175.39,174.25,174.49,174.25,174.86,23357,4082992.91,154
2026-07-21,INE0ZOL01023,EMAPARTNER,SM,83.0,83.0,82.95,82.95,82.95,82.0,2000,165950.0,2
2026-07-21,INE548C01032,EMAMILTD,EQ,405.6,408.3,399.05,401.0,401.0,405.15,1091208,439443301.85,23434
2026-07-21,INE830C01026,EMAMIPAP,EQ,95.9,101.0,94.58,98.86,100.0,94.58,241663,23937447.85,3158
2026-07-21,INE778K01012,EMAMIREAL,BE,76.6,78.56,76.05,78.44,78.44,76.6,535,41302.69,21
2026-07-21,INE069I01010,EMBDL,EQ,63.78,63.99,62.52,63.54,63.45,63.75,978767,61948730.15,7684
2026-07-21,INE041025011,EMBASSY,RR,449.3,449.3,443.0,445.64,444.95,449.3,1299373,577442221.21,15296
2026-07-21,INE168P01015,EMCURE,EQ,1879.0,1940.0,1874.0,1924.5,1939.8,1861.2,215281,409503553.8,24933
2026-07-21,INE0RHD01013,ETML,SM,81.5,81.5,78.4,81.1,81.25,82.75,42000,3368580.0,32
2026-07-21,INE296H01011,EMKAY,EQ,245.5,247.45,237.5,239.15,237.5,242.5,17632,4246915.4,839
2026-07-21,INE332S01011,EMKAYTOOLS,SM,92.5,95.5,92.5,95.5,95.5,93.05,300,28200.0,2
2026-07-21,INE0PXC01024,ETL,SM,1005.0,1050.0,1002.55,1002.55,1002.55,1055.0,750,773632.5,4
2026-07-21,INE753K01015,EMMBI,BE,93.0,94.65,87.98,88.99,89.0,92.61,14607,1302930.04,75
2026-07-21,INE1C6T01020,EMMVEE,EQ,335.0,337.55,322.8,327.35,328.65,336.15,3605160,1182717894.7,46758
2026-07-21,INE507F01023,EMPOWER,BE,2.32,2.35,2.32,2.32,2.33,2.3,2348673,5467472.4,1220
2026-07-21,INE0OV601013,EMSLIMITED,EQ,427.9,429.75,420.0,421.75,422.65,430.4,204619,86572205.0,5260
2026-07-21,INE01QM01018,EMUDHRA,EQ,458.25,465.0,454.05,462.55,465.0,458.25,92012,42375260.3,4523
2026-07-21,INE433T01015,ENCOMPAS,SM,247.45,247.45,222.0,231.05,223.0,244.25,27200,6325040.0,41
2026-07-21,INE913H01037,ENDURANCE,EQ,2741.5,2764.1,2720.1,2752.0,2750.0,2741.5,55674,152964902.4,11298
2026-07-21,INE306C01019,ENERGYDEV,EQ,17.04,17.46,17.0,17.13,17.01,17.04,14934,255880.7,195
2026-07-21,INE0S1L01013,EMMIL,SM,129.5,129.5,128.5,128.5,128.5,130.0,1250,161500.0,3
2026-07-21,INE0S3X01014,ENFUSE,SM,148.0,165.0,148.0,165.0,165.0,164.45,1200,187800.0,2
2026-07-21,INE510A01028,ENGINERSIN,EQ,229.0,230.62,227.57,228.12,228.6,229.78,625005,142809947.15,9415
2026-07-21,INE0R9I01021,ENSER,SM,13.3,13.5,13.3,13.5,13.5,12.65,15000,201250.0,3
2026-07-21,INE010601016,ENTERO,EQ,1190.0,1225.3,1187.5,1217.6,1217.0,1189.7,34864,42224442.7,3992
2026-07-21,INE265F01028,ENIL,EQ,108.81,109.19,106.52,107.17,106.61,108.49,9255,995102.7,268
2026-07-21,INE0LLY01014,EIEL,EQ,229.0,233.49,225.78,229.46,229.05,229.35,1506675,346262232.65,19023
2026-07-21,INE0SUH01015,ENVIRO,SM,77.95,78.0,77.95,78.0,78.0,76.5,7000,545750.0,7
2026-07-21,INE0G5901015,EPACK,EQ,240.82,241.95,237.8,238.49,238.0,240.82,194698,46516952.67,3379
2026-07-21,INE0MLS01022,EPACKPEB,EQ,247.0,248.74,241.21,246.57,246.97,247.36,301918,74019313.34,6715
2026-07-21,INE071N01016,EPIGRAL,EQ,1089.9,1175.5,1078.5,1164.2,1162.0,1083.2,576088,662969483.3,30577
2026-07-21,INE255A01020,EPL,EQ,238.5,242.29,235.52,237.45,237.2,239.75,720232,172251309.66,11390
2026-07-21,INE11HF01010,EEPL,SM,103.75,105.0,101.25,103.35,103.35,101.8,38000,3936300.0,37
2026-07-21,INE1KEC01023,EPWINDIA,ST,277.0,279.0,276.0,276.0,276.0,276.7,9600,2670000.0,5
2026-07-21,INE217G01035,EQUIPPP,BE,24.9,25.4,23.73,24.51,24.69,24.4,75942,1907935.56,84
2026-07-21,INE063P01018,EQUITASBNK,EQ,79.2,81.85,78.81,81.43,81.45,79.28,2744386,222092656.13,19190
2026-07-21,INE406M01024,ERIS,EQ,1464.0,1475.0,1445.0,1470.0,1470.0,1463.3,79146,115995866.5,18618
2026-07-21,INE284A01012,ESABINDIA,EQ,5923.5,5983.0,5805.5,5884.5,5830.0,5895.0,2717,15916116.0,990
2026-07-21,INE818W01011,ESAFSFB,EQ,35.45,36.99,35.41,36.16,36.27,35.41,1433493,52209185.8,4665
2026-07-21,INE0RQZ01017,ESCONET,SM,133.1,135.0,128.2,132.35,132.5,131.95,38000,5017740.0,61
2026-07-21,INE042A01014,ESCORTS,EQ,2981.0,3007.0,2925.0,2956.2,2956.0,2981.4,84022,247316667.6,14792
2026-07-21,INE0SBP01018,ESPRIT,SM,61.65,63.2,61.5,62.3,62.0,60.7,35200,2193760.0,20
2026-07-21,INE122M01019,ESSARSHPNG,EQ,20.35,20.98,20.35,20.74,20.77,20.35,152462,3154214.58,901
2026-07-21,INE0ITO01014,ESFL,SM,114.0,118.3,113.0,118.0,118.0,112.7,20520,2388402.0,55
2026-07-21,INE778B01029,ESTER,EQ,90.05,90.69,88.51,88.89,88.6,88.7,25492,2277018.38,732
2026-07-21,INE758T01015,ETERNAL,EQ,286.0,288.1,283.6,286.6,287.6,286.95,22178874,6326651503.85,137982
2026-07-21,INE04TZ01018,ETHOSLTD,EQ,2653.8,2699.0,2609.3,2632.4,2614.0,2653.8,16690,44410271.0,4451
2026-07-21,INE0KCE01017,EUREKAFORB,EQ,461.0,466.9,460.5,463.9,466.0,461.95,46229,21432053.75,7055
2026-07-21,INE546V01010,EIFFL,BE,331.7,331.7,318.5,326.55,327.0,320.5,23588,7638829.9,93
2026-07-21,INE505V01016,EUROBOND,EQ,168.7,168.7,161.35,165.5,166.69,163.56,4385,722082.61,163
2026-07-21,INE198501012,EUROPRATIK,EQ,309.9,321.0,308.3,313.75,312.1,308.2,152845,48093412.3,3137
2026-07-21,INE022C01012,EUROTEXIND,BE,12.88,12.88,12.8,12.8,12.8,12.82,908,11627.75,9
2026-07-21,INE128A01029,EVEREADY,EQ,342.5,352.0,339.0,350.65,351.0,343.0,108723,37748516.45,3165
2026-07-21,INE295A01018,EVERESTIND,BE,490.0,499.0,486.0,489.65,490.0,489.3,9224,4525245.15,111
2026-07-21,INE184H01027,EKC,EQ,113.05,113.88,112.6,113.21,112.66,112.68,79025,8943511.97,1373
2026-07-21,INE369A01029,EXCELINDUS,EQ,900.0,948.0,900.0,938.15,936.1,899.8,18913,17559110.95,1629
2026-07-21,INE0Y4801011,EXCELLENT,ST,203.15,212.0,203.15,210.0,210.0,205.6,14400,3008960.0,9
2026-07-21,INE606N01019,EXCELSOFT,EQ,76.08,76.99,75.71,75.95,76.0,76.3,223335,16987268.18,1361
2026-07-21,INE777F01014,EXICOM,EQ,167.38,180.9,166.1,176.81,176.5,168.22,5690233,1000433274.4,44671
2026-07-21,INE302A01020,EXIDEIND,EQ,436.0,450.0,435.8,443.45,443.0,436.65,7502622,3333357102.05,89764
2026-07-21,INE19I001020,EXIMROUTES,SM,110.0,111.0,108.15,108.55,108.95,110.0,9600,1047040.0,12
2026-07-21,INE201K01015,EXPLEOSOL,EQ,824.65,829.45,804.2,809.5,805.35,824.65,13391,10902588.35,1330
2026-07-21,INE0GFE01026,EXXARO,EQ,6.37,6.44,6.27,6.31,6.34,6.34,90644,574467.83,324
2026-07-21,INE0HF201011,FABTECH,EQ,153.88,155.65,148.0,149.75,150.0,151.4,84221,12709348.95,2404
2026-07-21,INE188A01015,FACT,EQ,823.2,845.0,823.2,833.4,832.4,831.2,67696,56590468.45,4604
2026-07-21,INE0DNW01011,FAIRCHEMOR,BE,706.0,720.0,696.5,702.2,696.5,700.7,11186,7863264.35,1772
2026-07-21,INE0PQK01013,FALCONTECH,SM,10.6,10.6,10.5,10.5,10.5,10.6,8400,88320.0,5
2026-07-21,INE963C01033,FAZE3Q,EQ,585.0,585.0,557.1,558.85,560.0,564.2,8201,4623105.2,523
2026-07-21,INE512B01022,FCSSOFT,BE,1.58,1.6,1.51,1.54,1.58,1.55,642264,997511.95,795
2026-07-21,INE258B01022,FDC,EQ,414.4,419.1,410.35,413.25,411.0,417.9,92428,38317646.1,4756
2026-07-21,INE007N01010,FEDFINA,EQ,158.16,159.2,154.51,157.9,158.52,157.76,1331288,208320396.61,18652
2026-07-21,INE417D01020,FEDDERSHOL,EQ,49.24,52.14,49.0,51.86,51.89,48.36,5785960,296811767.0,13494
2026-07-21,INE171A01029,FEDERALBNK,EQ,351.1,356.75,350.95,356.05,356.5,350.75,6342305,2244563327.25,56620
2026-07-21,INE529A01010,FMGOETZE,EQ,488.8,491.4,483.1,485.55,489.4,488.8,38942,18938166.9,1140
2026-07-21,INE901X01013,FELIX,SM,188.0,188.0,179.5,180.6,180.15,187.9,82000,14865450.0,152
2026-07-21,INE225B01021,FERMENTA,EQ,447.3,447.4,430.7,435.65,436.0,443.9,75065,32806341.8,2810
2026-07-21,INE296C01020,FIBERWEB,EQ,31.88,32.19,31.18,31.43,31.47,31.88,8373,264649.58,151
2026-07-21,INE0LQQ01019,FIDEL,SM,151.0,151.0,151.0,151.0,151.0,151.25,3000,453000.0,3
2026-07-21,INE737H01014,FIEMIND,EQ,2310.0,2364.7,2307.1,2331.5,2331.0,2305.5,44727,104523155.4,7692
2026-07-21,INE185E01021,FILATFASH,BE,0.19,0.19,0.18,0.18,0.19,0.18,15454048,2912255.47,1294
2026-07-21,INE816B01035,FILATEX,EQ,71.82,72.39,70.27,71.3,71.15,72.47,1899434,135086812.61,10387
2026-07-21,INE0EDU01014,FINBUD,SM,122.3,125.95,121.0,121.05,121.1,122.2,9000,1110400.0,8
2026-07-21,INE686Y01026,FINEORG,EQ,4933.5,4975.0,4867.0,4901.0,4907.5,4933.0,8522,41907792.5,2501
2026-07-21,INE045J01034,FCL,EQ,39.4,40.8,38.96,40.05,40.01,39.39,19845556,798342769.87,31059
2026-07-21,INE734I01027,FINKURVE,EQ,63.0,63.62,62.1,62.45,62.11,62.91,9641,604587.09,242
2026-07-21,INE02NC01014,FINOPB,EQ,168.49,186.12,165.21,172.8,171.7,168.49,4927438,853287557.96,41175
2026-07-21,INE235A01022,FINCABLES,EQ,1020.0,1020.0,1000.0,1006.2,1010.0,1015.4,160191,161569137.8,13827
2026-07-21,INE183A01024,FINPIPE,EQ,165.08,167.0,164.31,165.72,165.0,165.08,490412,81174473.26,19512
2026-07-21,INE684F01012,FSL,EQ,266.9,272.0,265.5,266.05,266.5,266.65,680461,182655984.8,17185
2026-07-21,INE771F01041,FISCHER,EQ,39.92,41.0,39.6,39.98,39.9,39.92,3467153,140962758.93,6275
2026-07-21,INE128S01021,FIVESTAR,EQ,574.0,574.3,562.55,564.4,566.0,570.5,398905,226733204.7,23267
2026-07-21,INE00Y201027,FLAIR,EQ,256.5,256.9,243.35,248.7,247.95,253.4,372839,93272099.35,7080
2026-07-21,INE060J01017,FLEXITUFF,BE,4.99,4.99,4.75,4.85,4.85,4.98,5555,27042.57,41
2026-07-21,INE0VCK01011,FLYSBS,SM,473.5,481.0,465.05,479.7,480.0,468.2,24400,11651420.0,85
2026-07-21,INE0SQZ01015,FWSTC,SM,195.0,205.05,191.0,200.0,200.0,190.0,12600,2546370.0,17
2026-07-21,INE593W01028,FOCUS,BE,71.6,74.99,71.6,74.05,74.49,75.27,27634,2045114.27,144
2026-07-21,INE976E01023,FOODSIN,EQ,57.06,58.43,57.06,57.55,57.53,57.68,33841,1946861.67,446
2026-07-21,INE0U2501017,FORCAS,SM,146.0,159.05,144.0,159.05,159.05,144.6,155200,23732080.0,91
2026-07-21,INE451A01017,FORCEMOT,EQ,17910.0,17976.0,17580.0,17676.0,17720.0,17910.0,89274,1587383190.0,24229
2026-07-21,INE0YKW01013,FORGEAUTO,SM,84.3,84.3,84.3,84.3,84.3,84.3,1200,101160.0,1
2026-07-21,INE061F01013,FORTIS,EQ,952.0,970.45,951.75,969.0,969.95,951.2,648336,624285678.6,34055
2026-07-21,INE519A01011,FOSECOIND,EQ,5137.5,5249.5,5102.0,5180.5,5162.0,5137.0,1338,6927503.5,391
2026-07-21,INE212S01015,FRACTAL,EQ,837.85,871.0,834.95,867.65,870.95,842.05,327948,281140697.7,20461
2026-07-21,INF090I01VX3,FICRF3GP,MF,324.0,324.0,324.0,324.0,324.0,300.0,1,324.0,1
2026-07-21,INE0SFW01015,FRESHARA,SM,309.8,316.2,304.0,315.65,316.0,309.8,24600,7659810.0,36
2026-07-21,INE385O01018,FROG,ST,182.7,193.75,182.7,193.75,193.75,184.55,15200,2938400.0,32
2026-07-21,INE572D01014,FRONTSP,EQ,1402.6,1423.6,1395.0,1400.1,1400.0,1402.7,9573,13416380.1,1191
2026-07-21,INE388Y01029,NYKAA,EQ,324.8,329.0,322.65,327.95,328.45,323.5,3133289,1024944763.95,26920
2026-07-21,INE12UR01024,UTLSOLAR,EQ,380.0,383.85,371.1,375.6,375.0,376.6,342409,129499272.95,12374
2026-07-21,INE139R01012,FUSION,EQ,225.45,230.88,224.97,227.77,229.1,225.98,263641,60238459.88,6338
2026-07-21,INE452O01016,FLFL,BZ,1.32,1.34,1.28,1.3,1.34,1.32,5833,7743.63,45
2026-07-21,INE623B01027,FEL,BZ,0.39,0.39,0.37,0.37,0.37,0.38,191656,72886.08,93
2026-07-21,IN9623B01058,FELDVR,BZ,2.46,2.46,2.4,2.45,2.45,2.5,3205,7727.86,16
2026-07-21,INE360L01017,FMNL,BE,9.45,9.45,9.09,9.25,9.25,9.37,5770,53204.67,26
2026-07-21,INE075D01018,GMBREW,EQ,920.0,923.0,907.5,911.3,913.75,922.5,28393,25985384.2,1650
2026-07-21,INE201P01022,GRINFRA,EQ,922.8,929.85,890.0,893.6,892.15,922.65,36073,32424410.1,4159
2026-07-21,INE586X01012,GTECJAINX,BE,28.09,28.09,28.09,28.09,28.09,27.54,2086,58595.74,8
2026-07-21,INE524A01029,GABRIEL,EQ,1407.0,1519.9,1402.5,1488.5,1510.1,1398.0,2659286,3893954569.5,95394
2026-07-21,INE224E01028,GATECH,EQ,0.48,0.5,0.47,0.48,0.49,0.47,5225552,2524089.25,802
2026-07-21,INE224E01036,GATECHDVR,EQ,0.43,0.45,0.42,0.42,0.43,0.43,261061,112364.16,133
2026-07-21,INE129A01019,GAIL,EQ,172.72,176.2,172.52,173.99,173.4,173.01,4648262,811741800.98,44201
2026-07-21,INE0RE001014,GALAPREC,EQ,1210.0,1220.1,1190.1,1201.2,1210.0,1215.0,37336,45017001.8,3496
2026-07-21,INE600K01018,GALAXYSURF,EQ,1955.7,1981.0,1938.0,1949.6,1940.0,1955.6,5436,10603069.3,801
2026-07-21,INE297H01019,GALLANTT,EQ,611.1,620.0,589.15,591.0,589.15,620.15,376338,224624711.25,9575
2026-07-21,INE717W01049,GANDHAR,EQ,231.7,238.0,223.33,227.17,227.8,228.32,2846526,650934572.22,28313
2026-07-21,INE524B01027,GANDHITUBE,EQ,863.7,874.0,863.7,871.8,873.75,865.2,4459,3884630.05,749
2026-07-21,INE388A01029,GANESHBE,EQ,106.0,108.0,103.43,105.39,104.9,107.02,157087,16615233.56,3146
2026-07-21,INE652V01016,GANESHCP,EQ,172.89,179.35,172.77,178.47,178.99,172.89,61730,10911156.66,1838
2026-07-21,INE0R8C01018,GGBL,SM,259.05,265.85,255.0,256.5,256.5,268.85,44700,11582865.0,130
2026-07-21,INE460C01014,GANESHHOU,EQ,823.15,826.35,807.0,808.9,807.5,817.6,20541,16681667.15,1551
2026-07-21,INE0TVT01024,GANESHIN,ST,94.95,98.0,91.5,93.1,91.5,94.0,77600,7446080.0,92
2026-07-21,INE845D01014,GANECOS,EQ,1192.1,1268.0,1180.1,1237.95,1231.0,1192.1,284489,350244818.25,18067
2026-07-21,INE0ZI101018,GANGABATH,SM,21.55,22.65,21.55,22.3,22.65,22.65,30000,665400.0,10
2026-07-21,INE691Z01023,GANGAFORGE,BE,1.98,1.99,1.83,1.89,1.93,1.92,336004,637792.58,293
2026-07-21,INE335W01016,GANGESSECU,EQ,116.2,117.9,114.5,115.75,116.1,115.91,1425,165586.37,65
2026-07-21,INE382Z01011,GRSE,EQ,2560.2,2636.0,2552.0,2619.7,2628.3,2561.7,312416,809515409.0,19444
2026-07-21,INE0JVO01026,GARUDA,EQ,174.5,179.3,173.15,176.4,177.0,174.48,184216,32303903.1,2873
2026-07-21,INE291A01017,GRWRHITECH,EQ,6922.5,6988.0,6875.0,6921.0,6914.0,6923.0,15222,105537861.5,3965
2026-07-21,INE276A01018,GARFIBRES,EQ,767.8,784.3,767.8,779.0,783.0,774.1,40607,31574464.05,3580
2026-07-21,INE079J01017,GATEWAY,EQ,58.26,58.7,58.0,58.3,58.18,58.26,529675,30881260.98,4672
2026-07-21,INE0P8B01020,GAUDIUMIVF,BE,151.4,155.42,146.0,155.41,155.42,148.02,272464,41904950.28,2106
2026-07-21,INE287Z01012,GAYAHWS,EQ,1.94,2.0,1.87,1.93,1.98,1.9,256045,496388.88,309
2026-07-21,INE336H01023,GAYAPROJ,BE,21.5,21.5,20.6,21.24,21.2,21.14,320971,6764909.22,1247
2026-07-21,INE0LVM01018,GRCL,ST,607.6,607.6,607.4,607.4,607.4,607.6,1000,607550.0,3
2026-07-21,INE878A01011,GVPIL,EQ,841.4,848.85,805.0,811.3,819.25,832.55,183670,151277199.5,8341
2026-07-21,INE200A01026,GVT&D,EQ,4480.0,4522.9,4444.9,4487.3,4496.3,4444.9,538545,2413950185.8,46679
2026-07-21,INE916G01016,GEECEE,BE,349.0,357.95,345.1,354.6,354.95,344.9,2482,875054.9,37
2026-07-21,INE669X01032,GEEKAYWIRE,EQ,23.33,23.99,23.33,23.72,23.61,23.67,21834,518526.75,220
2026-07-21,INE06XZ01023,GEMAROMA,EQ,183.51,187.45,181.15,182.22,181.15,184.88,76991,14119872.37,1495
2026-07-21,INE481Y01014,GICRE,EQ,361.9,362.95,360.15,361.75,361.1,360.25,193244,69843788.6,7388
2026-07-21,INE854S01022,GENCON,EQ,40.16,41.3,39.56,39.77,40.25,40.0,240816,9646740.44,1090
2026-07-21,INE727B01026,GENESYS,EQ,321.15,325.65,317.35,323.6,323.45,321.15,125279,40292483.2,3209
2026-07-21,INE949P01018,GENUSPAPER,EQ,11.08,11.9,11.08,11.51,11.35,11.08,90795,1035114.56,351
2026-07-21,INE955D01029,GENUSPOWER,EQ,315.95,319.75,313.0,314.55,314.8,314.25,860659,271450626.95,14938
2026-07-21,INE1W0N01014,GENXAI,SM,75.0,75.0,68.05,68.4,68.5,75.85,152400,10622280.0,122
2026-07-21,INE007B01023,GEOJITFSL,EQ,81.7,83.9,81.7,82.0,82.45,82.92,285724,23631233.93,3846
2026-07-21,INE538A01037,GFLLIMITED,EQ,46.7,46.7,45.6,46.33,46.7,46.12,30742,1420658.2,1189
2026-07-21,INE539A01019,GHCL,EQ,434.8,440.45,429.85,432.7,433.55,434.5,95000,41163193.2,5409
2026-07-21,INE0PA801013,GHCLTEXTIL,EQ,112.96,118.44,112.71,117.25,117.5,114.17,1106188,128782884.53,10357
2026-07-21,INE289B01019,GICHSGFIN,EQ,150.35,151.2,148.56,148.94,148.8,150.35,58598,8750026.33,1204
2026-07-21,INE047B01011,GILLANDERS,EQ,89.16,89.16,85.4,87.28,87.0,89.18,3118,273294.66,60
2026-07-21,INE322A01010,GILLETTE,EQ,7816.0,7925.0,7796.5,7906.0,7900.0,7816.0,13641,107467672.0,3781
2026-07-21,INE424C01010,GINNIFILA,BE,52.3,52.45,49.0,49.79,50.7,50.44,26682,1371823.62,149
2026-07-21,INE614Z01017,GIRIRAJ,SM,112.45,115.0,99.85,99.85,99.85,110.9,31750,3221287.5,96
2026-07-21,INE1AG301022,GKENERGY,EQ,143.4,143.89,141.4,142.82,143.0,142.79,276355,39339872.32,3227
2026-07-21,INE528A01020,GKWLIMITED,EQ,1699.8,1700.0,1666.1,1683.6,1699.9,1699.8,165,279848.3,25
2026-07-21,INE068V01023,GLAND,EQ,2476.0,2497.9,2417.4,2482.4,2485.0,2459.1,210888,519316624.3,19826
2026-07-21,INE159A01016,GLAXO,EQ,2475.0,2510.0,2465.2,2506.6,2498.9,2483.1,41484,103480114.0,8860
2026-07-21,INE935A01035,GLENMARK,EQ,2245.8,2249.3,2221.1,2242.1,2242.1,2239.5,274753,614303550.1,15601
2026-07-21,INE291W01037,GLOBAL,EQ,100.0,105.0,98.99,103.51,105.0,100.16,68495,7018869.85,413
2026-07-21,INE474Q01031,MEDANTA,EQ,1340.0,1354.8,1326.5,1342.6,1342.0,1331.4,163789,220399402.5,15628
2026-07-21,INE0JSX01015,GSLSU,EQ,25.0,25.47,24.2,24.2,24.2,25.47,169932,4121065.44,376
2026-07-21,INE792H01019,GLOBALVECT,EQ,153.0,153.95,149.92,150.65,150.01,151.07,3340,506030.65,217
2026-07-21,INE0URU01010,GLOBALE,BE,10.7,11.29,10.7,10.85,11.27,11.18,3540,38981.21,22
2026-07-21,INE0V3U01015,GLOBECIVIL,BE,40.25,41.7,39.0,39.98,40.39,40.12,15298,612060.6,102
2026-07-21,INE581X01021,GLOBE,EQ,2.16,2.16,2.11,2.15,2.15,2.14,513030,1093359.99,239
2026-07-21,INE947T01022,GICL,EQ,16.85,16.98,16.25,16.76,16.9,16.74,113515,1880562.1,494
2026-07-21,INE00WS01056,GSTL,SM,17.85,18.7,17.1,18.7,18.7,17.85,20000,354550.0,19
2026-07-21,INE615I01010,GLOBUSSPR,EQ,923.85,926.25,892.1,898.85,896.0,917.1,129352,117326683.95,5867
2026-07-21,INE350Z01018,GLOSTERLTD,EQ,674.05,677.7,662.55,663.1,663.25,669.0,1112,744977.65,107
2026-07-21,INE0TQE01026,GLOTTIS,BE,66.7,67.9,66.31,67.08,67.05,66.2,25356,1700231.77,248
2026-07-21,INE541A01023,GMMPFAUDLR,EQ,803.2,810.0,797.4,803.4,801.7,802.5,36946,29681130.45,2409
2026-07-21,INE776C01039,GMRAIRPORT,EQ,112.0,112.4,110.53,111.48,111.32,111.54,17517437,1949221868.84,35660
2026-07-21,INE0CU601026,GMRP&UI,EQ,96.89,97.3,96.5,96.68,96.8,97.13,305104,29512384.19,3026
2026-07-21,INE934S01014,GNA,EQ,508.0,523.75,495.4,509.8,507.8,508.0,1071317,545372679.3,24429
2026-07-21,INE18JU01028,EBGNG,EQ,567.0,567.2,540.25,542.4,542.0,558.4,229200,125439595.7,8397
2026-07-21,INE03JT01014,GODIGIT,EQ,283.0,286.0,279.4,285.05,284.0,280.9,688556,194453041.35,24260
2026-07-21,INE0BJS01011,GOCOLORS,EQ,344.35,348.45,340.95,344.5,346.0,344.35,90041,30919502.25,1677
2026-07-21,INE426D01013,GOACARBON,EQ,366.4,372.0,366.0,366.6,367.0,366.35,5658,2087484.15,290
2026-07-21,INE077F01035,GOCLCORP,EQ,401.1,402.65,397.0,399.35,399.0,401.1,23139,9235062.1,1268
2026-07-21,INE497S01012,GODAVARIB,EQ,262.25,282.0,262.25,280.15,280.25,263.7,232985,63959278.75,6123
2026-07-21,INE177H01039,GPIL,EQ,244.0,248.05,242.9,246.05,246.2,244.1,865325,213101137.35,15903
2026-07-21,INE260B01028,GODFRYPHLP,EQ,2132.0,2172.0,2122.6,2132.2,2125.5,2133.5,199263,428115917.0,18732
2026-07-21,INE850D01014,GODREJAGRO,EQ,571.95,579.0,571.6,575.5,574.95,571.9,93281,53690243.4,4226
2026-07-21,INE102D01028,GODREJCP,EQ,1064.9,1069.0,1038.0,1054.2,1055.0,1064.8,474971,499058469.3,18601
2026-07-21,INE233A01035,GODREJIND,EQ,1364.8,1398.8,1346.0,1380.5,1378.0,1364.8,131608,180974825.9,13388
2026-07-21,INE484J01027,GODREJPROP,EQ,2115.0,2168.9,2107.0,2164.3,2167.0,2118.7,706428,1515023571.8,29286
2026-07-21,IN0020240100,697GR2034,GS,101.5,101.85,101.5,101.74,101.85,101.85,596,60638.3,3
2026-07-21,IN0020240175,698GR2054,GS,96.0,96.0,96.0,96.0,96.0,96.0,10,960.0,1
2026-07-21,IN0020240142,709GS2074,GS,95.3,95.3,95.0,95.02,95.02,95.26,1489,141753.47,9
2026-07-21,IN0020250034,591GS2028,GS,99.0,99.0,99.0,99.0,99.0,100.0,100,9900.0,1
2026-07-21,IN0020250067,601GS2030,GS,99.0,99.0,99.0,99.0,99.0,101.4,897,88803.0,3
2026-07-21,IN0020250125,603GS2029,GS,100.56,101.6,100.56,101.0,101.0,101.6,500,50477.0,5
2026-07-21,IN0020210095,610GS2031,GS,100.25,100.25,100.25,100.25,100.25,99.75,1,100.25,1
2026-07-21,IN0020250059,628GS2032,GS,98.0,98.0,98.0,98.0,98.0,97.02,2600,254800.0,1
2026-07-21,IN0020250026,633GS2035,GS,97.5,97.5,97.5,97.5,97.5,97.0,2000,195000.0,2
2026-07-21,IN0020250141,636GS2031,GS,100.4,102.0,100.16,102.0,102.0,100.4,1140,114842.0,6
2026-07-21,IN0020250091,648GS2035,GS,99.1,99.35,99.1,99.11,99.35,99.5,1334,132224.4,2
2026-07-21,IN0020210244,654GS2032,GS,100.0,100.0,99.5,99.56,99.5,102.69,5000,497842.0,3
2026-07-21,IN0020210020,664GS2035,GS,99.2,99.2,99.2,99.2,99.2,97.7,1,99.2,1
2026-07-21,IN0020210152,667GS2035,GS,103.42,103.42,100.0,100.0,100.0,98.5,1000,100018.55,7
2026-07-21,IN0020200252,667GS2050,GS,94.0,94.0,94.0,94.0,94.0,94.0,140,13160.0,1
2026-07-21,IN0020250133,668GS2033,GS,102.0,102.0,101.8,102.0,102.0,102.0,300,30580.0,3
2026-07-21,IN0020250042,668GS2040,GS,99.15,99.15,97.5,98.65,98.77,99.15,21755,2130749.8,12
2026-07-21,IN0020200401,676GS2061,GS,93.49,93.49,93.4,93.43,93.4,93.34,6906,645269.94,13
2026-07-21,IN0020240126,679GS2034,GS,100.55,100.55,100.55,100.55,100.55,100.55,100,10055.0,1
2026-07-21,IN0020200187,68GS2060,GS,94.95,94.95,93.9,93.9,93.9,93.83,24,2262.39,19
2026-07-21,IN0020250018,690GS2065,GS,94.49,94.49,93.41,93.89,93.89,93.27,1509,141490.95,17
2026-07-21,IN0020260025,694GS2036,GS,101.85,102.0,101.85,102.0,102.0,101.85,3086,314757.0,2
2026-07-21,IN0020210202,695GS2061,GS,95.0,95.0,95.0,95.0,95.0,94.5,2,190.0,2
2026-07-21,IN0020210194,699GS2051,GS,97.9,97.9,97.85,97.85,97.85,96.5,601,58807.9,2
2026-07-21,IN0020230010,706GS2028,GS,102.57,102.57,102.57,102.57,102.57,103.48,1400,143598.0,1
2026-07-21,IN0020240118,709GS2054,GS,100.0,100.0,99.5,99.59,99.59,99.7,17126,1705621.68,15
2026-07-21,IN0020230036,717GS2030,GS,104.4,104.4,103.3,104.4,104.4,103.25,4600,479800.0,7
2026-07-21,IN0020230077,718GS2037,GS,105.9,105.9,105.41,105.59,105.9,105.9,22950,2423525.5,8
2026-07-21,IN0020250075,724GS2055,GS,101.88,101.88,100.6,101.03,100.9,100.71,3136,317521.77,25
2026-07-21,IN0020230044,725GS2063,GS,97.95,97.97,97.61,97.74,97.61,97.86,148206,14497718.64,87
2026-07-21,IN0020220060,726GS2032,GS,106.45,106.45,105.25,105.25,105.25,105.75,1789,188293.45,2
2026-07-21,IN0020220151,726GS2033,GS,106.38,106.38,106.0,106.0,106.0,106.3,14187,1509142.0,6
2026-07-21,IN0020230051,73GS2053,GS,100.15,100.15,99.7,100.0,100.0,99.9,4650,464976.75,6
2026-07-21,IN0020240035,734GS2064,GS,100.0,100.0,99.86,99.89,99.9,99.79,29678,2964954.56,18
2026-07-21,IN0020220086,736GS2052,GS,102.0,102.0,102.0,102.0,102.0,101.05,100,10200.0,1
2026-07-21,IN0020230101,737GS2028,GS,105.0,107.5,105.0,105.0,105.0,104.42,9415,997750.0,13
2026-07-21,IN0020220094,74GS2062,GS,101.99,101.99,101.5,101.5,101.5,100.53,1021,104076.77,5
2026-07-21,IN0020220102,741GS2036,GS,104.71,104.71,104.12,104.59,104.7,104.7,20000,2092283.0,24
2026-07-21,IN0020250117,743GS2076,GS,101.5,101.5,100.0,100.0,100.2,100.5,31176,3118563.49,23
2026-07-21,IN0020230127,746GS2073,GS,101.7,101.7,101.7,101.7,101.7,101.7,19,1932.3,1
2026-07-21,IN0020220029,754GS2036,GS,106.6,106.6,106.25,106.38,106.26,106.3,679145,72260767.59,223
2026-07-21,IN0020260033,771GS2066,GS,105.5,105.5,104.25,104.68,104.79,104.89,7680,803853.5,30
2026-07-21,IN0020010081,1018GS2026,GS,103.5,104.29,103.5,104.0,104.0,103.52,918,95421.93,7
2026-07-21,IN0020190362,645GS2029,GS,100.26,100.26,100.26,100.26,100.26,100.25,100,10026.0,1
2026-07-21,IN0020160068,706GS2046,GS,106.0,106.0,106.0,106.0,106.0,105.0,1,106.0,1
2026-07-21,IN0020220011,710GS2029,GS,103.2,103.2,103.2,103.2,103.2,103.56,491,50671.2,2
2026-07-21,IN0020200039,719GS2060,GS,99.95,99.95,99.95,99.95,99.95,98.0,1,99.95,1
2026-07-21,IN0020220037,738GS2027,GS,103.0,103.0,101.6,101.98,101.99,101.75,40720,4147640.03,20
2026-07-21,IN0020190040,769GS2043,GS,105.4,105.4,105.4,105.4,105.4,105.4,103,10856.2,2
2026-07-21,IN0020190032,772GS2049,GS,111.0,111.0,111.0,111.0,111.0,106.5,1,111.0,1
2026-07-21,IN0020060078,824GS2027,GS,103.81,105.35,103.81,105.34,105.34,105.29,147,15484.41,5
2026-07-21,IN0020110055,897GS2030,GS,111.0,111.0,110.0,110.04,110.75,110.31,1483,163747.53,10
2026-07-21,IN0020130053,92GS2030,GS,114.0,114.94,114.0,114.93,114.93,114.16,9031,1037838.33,21
2026-07-21,IN002026Z136,364D010727,TB,94.44,94.44,94.44,94.44,94.44,94.5,800,75552.0,1
2026-07-21,IN002026Z052,364D060527,TB,95.3,95.3,95.3,95.3,95.3,95.55,500,47650.0,1
2026-07-21,IN002026Z102,364D100627,TB,94.76,94.76,94.76,94.76,94.76,95.1,400,37904.0,1
2026-07-21,IN002026X149,91D081026,TB,98.25,98.25,98.25,98.25,98.25,98.25,200,19650.0,2
2026-07-21,IN002026X156,91D151026,TB,98.1,98.1,98.1,98.1,98.1,98.05,200,19620.0,2
2026-07-21,IN002026X040,91D300726,TB,99.79,99.79,99.79,99.79,99.79,99.79,4900,488971.0,18
2026-07-21,INE887G01027,GOKEX,EQ,844.95,844.95,825.4,831.7,828.5,845.35,150753,125582127.2,7074
2026-07-21,INE314T01033,GOKULAGRO,EQ,209.5,218.2,206.4,214.89,213.2,211.27,363481,77435565.6,8176
2026-07-21,INE020J01029,GOKUL,EQ,40.15,40.49,39.4,39.44,39.45,40.15,168632,6754694.31,673
2026-07-21,INE973A01010,GOLDENTOBC,BZ,25.2,25.3,25.01,25.13,25.05,25.9,86,2162.62,11
2026-07-21,INE025B01025,GOLDIAM,EQ,341.1,347.95,330.95,343.4,343.8,343.95,951678,323561662.6,13767
2026-07-21,INE405Y01021,GOLDSTAR,SM,7.0,7.0,7.0,7.0,7.0,7.05,33750,236250.0,3
2026-07-21,INE127I01024,GOODLUCK,EQ,1568.2,1590.0,1538.0,1554.1,1562.0,1560.4,117809,184041160.1,11274
2026-07-21,INE533A01012,GOODYEAR,EQ,821.2,827.95,819.55,822.95,821.0,821.2,12734,10473899.5,691
2026-07-21,INE0L9R01028,GOPAL,EQ,264.9,265.0,258.95,260.3,261.0,263.9,129881,33915282.3,4341
2026-07-21,INE705X01026,GOYALALUM,EQ,6.58,6.73,6.55,6.56,6.59,6.58,28936,191075.94,239
2026-07-21,INE0QFE01017,GOYALSALT,SM,118.0,118.8,115.05,115.05,115.05,115.0,1800,211110.0,3
2026-07-21,INE0S7E01015,GPECO,ST,414.0,426.9,414.0,419.8,418.2,419.9,10000,4230520.0,41
2026-07-21,INE586G01017,GULFPETRO,BE,37.0,38.36,36.12,38.29,38.35,36.54,60654,2284431.5,202
2026-07-21,INE486R01017,GPTHEALTH,EQ,148.4,152.01,148.4,151.03,151.5,149.05,46044,6939304.2,1387
2026-07-21,INE390G01014,GPTINFRA,EQ,117.45,120.0,116.51,119.08,118.31,116.86,78410,9242918.24,1051
2026-07-21,INE361K01017,GRADIENTE,BE,2.96,2.96,2.96,2.96,2.96,3.11,71165,210648.4,109
2026-07-21,INE12E301017,GCHOTELS,ST,111.95,111.95,107.0,110.7,110.7,111.95,14400,1583430.0,21
2026-07-21,INE926B01016,GRANDOAK,EQ,40.51,42.35,40.44,41.36,41.5,42.56,12363,503291.88,135
2026-07-21,INE101D01020,GRANULES,EQ,880.0,904.5,864.3,875.7,876.0,876.1,3141428,2790786013.45,83825
2026-07-21,INE0POU01017,GRAPHISAD,SM,26.7,28.8,26.7,28.65,28.8,27.5,6000,167640.0,5
2026-07-21,INE371A01025,GRAPHITE,EQ,635.0,644.4,631.0,635.75,634.05,637.0,344506,219675468.2,10410
2026-07-21,INE047A01021,GRASIM,EQ,3150.1,3195.1,3135.6,3179.8,3170.0,3143.8,659160,2088231911.2,32655
2026-07-21,INE266D01021,GRAUWEIL,EQ,76.01,77.7,75.5,75.7,75.6,75.61,154511,11783422.76,2019
2026-07-21,INE214F01026,GRAVISSHO,EQ,30.9,30.9,29.16,29.5,29.5,30.36,7130,219101.04,14
2026-07-21,INE024L01027,GRAVITA,EQ,1805.0,1816.0,1795.0,1804.5,1802.0,1809.6,98245,177372723.8,11641
2026-07-21,INE224A01026,GREAVESCOT,EQ,245.2,249.18,237.6,248.11,246.5,245.72,1884048,459652676.62,28288
2026-07-21,INE544R01021,GREENLAM,EQ,253.85,254.0,246.3,248.35,247.0,252.6,59685,14869190.85,2133
2026-07-21,INE0PLX01017,GREENLEAF,ST,98.0,101.95,96.05,100.15,101.95,101.1,12000,1171850.0,12
2026-07-21,INE08ZM01014,GREENPANEL,EQ,193.93,199.79,192.0,197.01,196.52,192.86,138882,27270614.17,7754
2026-07-21,INE461C01038,GREENPLY,EQ,321.55,326.1,321.25,323.2,325.0,321.55,120865,39072168.2,2425
2026-07-21,INE199P01028,GCSL,EQ,522.9,528.0,512.1,513.8,515.0,519.4,384663,200293754.3,4799
2026-07-21,INE536A01023,GRINDWELL,EQ,2135.0,2161.8,2085.2,2095.3,2088.0,2128.1,48732,103107432.7,7446
2026-07-21,INE192H01020,GRMOVER,EQ,90.15,91.61,90.15,91.37,91.4,90.99,373942,34033200.47,22237
2026-07-21,INE1TY801010,GJL,ST,153.0,153.0,153.0,153.0,153.0,160.0,30400,4651200.0,2
2026-07-21,INF666M01MM4,GROWWCAPM,EQ,11.49,11.51,11.37,11.39,11.43,11.45,214881,2453734.74,561
2026-07-21,INF666M01NP5,GROWWCHEM,EQ,30.22,31.61,30.19,30.86,31.3,30.59,199235,6148280.06,378
2026-07-21,INF666M01IO8,GROWWDEFNC,EQ,93.69,95.5,92.79,94.32,94.5,93.52,118702,11112262.19,1907
2026-07-21,INF666M01IH2,GROWWEV,EQ,31.3,31.98,31.17,31.84,31.76,31.51,244591,7763596.23,1343
2026-07-21,INF666M01OE7,GROWWGOLD,EQ,13.88,13.93,13.82,13.9,13.92,13.81,731212,10156205.95,2237
2026-07-21,INF666M01OD9,GROWWHOSPI,EQ,55.14,55.14,53.64,54.23,54.23,54.06,187767,10171201.63,980
2026-07-21,INF666M01IP5,GROWWLIQID,EQ,110.0,110.0,109.99,109.99,110.0,109.98,58983,6487660.46,247
2026-07-21,INF666M01LB9,GROWWLOVOL,EQ,10.65,10.65,10.25,10.43,10.47,10.44,12368,129177.11,103
2026-07-21,INF666M01MV5,GROWWMC150,EQ,231.07,233.07,230.82,231.34,232.87,231.0,976,225695.59,23
2026-07-21,INF666M01NI0,GROWWMETAL,EQ,12.1,12.1,11.92,12.0,11.98,11.92,279115,3350243.34,2089
2026-07-21,INF666M01KJ4,GROWWMOM50,EQ,10.75,10.81,10.54,10.79,10.81,10.64,337072,3627794.43,398
2026-07-21,INF666M01JV1,GROWWN200,EQ,11.39,11.47,11.28,11.37,11.39,11.39,79637,901574.5,266
2026-07-21,INF666M01LI4,GROWWNET,EQ,9.91,10.01,9.88,9.93,9.95,9.91,143826,1426835.99,375
2026-07-21,INF666M01LL8,GROWWNIFTY,EQ,10.0,10.0,9.73,9.75,9.78,9.76,552984,5403506.85,4682
2026-07-21,INF666M01LZ8,GROWWNXT50,EQ,73.0,73.26,72.32,72.75,73.26,72.76,11145,810921.6,75
2026-07-21,INF666M01LM6,GROWWPOWER,EQ,11.95,12.02,11.84,11.87,11.88,11.91,993598,11818257.75,1954
2026-07-21,INF666M01NQ3,GROWWPSE,EQ,100.14,101.29,100.14,100.56,100.25,100.14,3784,380499.72,44
2026-07-21,INF666M01OG2,GROWWPSUBK,EQ,84.74,87.38,84.74,85.51,85.35,86.47,9474,814612.54,128
2026-07-21,INF666M01JJ6,GROWWRAIL,EQ,29.15,29.2,28.9,28.98,29.02,29.08,330389,9579465.49,1881
2026-07-21,INF666M01MN2,GROWWRLTY,EQ,10.4,10.4,10.22,10.33,10.32,10.28,161355,1661585.31,394
2026-07-21,INF666M01MO0,GROWWSC250,EQ,10.42,10.45,10.31,10.41,10.41,10.42,106700,1110366.35,405
2026-07-21,INF666M01OF4,GROWWSLVR,EQ,21.85,21.85,21.39,21.74,21.79,21.32,1552410,33600397.85,1925
2026-07-21,INF666M01OT5,PVTBKGROWW,EQ,28.0,28.14,27.79,27.92,27.99,28.04,12375,345838.5,97
2026-07-21,INF666M01PG9,SMALLGROWW,EQ,47.61,47.99,47.42,47.66,47.66,47.61,4038,192775.43,86
2026-07-21,INE137I01015,GRPLTD,EQ,1907.0,1950.0,1901.3,1946.1,1946.8,1896.2,2377,4588114.3,451
2026-07-21,INE0SQY01018,GSMFOILS,SM,279.05,285.0,259.4,282.45,279.05,278.65,93500,25819750.0,160
2026-07-21,INE713R01022,GSPCROP,EQ,490.05,510.0,489.0,507.75,510.0,489.9,524925,260858874.95,8837
2026-07-21,INE871H01011,GSS,EQ,12.47,12.68,12.12,12.44,12.47,12.47,36518,454575.55,121
2026-07-21,INE221H01019,GTLINFRA,EQ,1.26,1.28,1.24,1.25,1.26,1.25,37937223,47512412.9,13846
2026-07-21,INE043A01012,GTL,EQ,7.25,7.3,7.12,7.23,7.16,7.19,145373,1047380.16,500
2026-07-21,INE869I01013,GTPL,EQ,61.04,64.0,61.04,63.06,64.0,62.43,13080,818071.45,213
2026-07-21,INE742B01025,GUFICBIO,EQ,392.0,399.0,386.1,396.7,395.65,393.75,88652,34928086.1,3247
2026-07-21,INE162A01010,GIPCL,EQ,163.4,164.5,161.7,162.17,162.16,163.17,114192,18572641.03,1972
2026-07-21,INE113A01013,GNFC,EQ,504.3,512.15,502.0,505.0,506.3,506.6,308282,155984189.15,10404
2026-07-21,INE026A01025,GSFC,EQ,159.23,159.86,158.1,158.68,158.8,159.23,268467,42627896.86,8423
2026-07-21,INE826C01016,GUJAPOLLO,EQ,349.25,352.9,343.1,345.0,345.5,348.35,10241,3560523.0,821
2026-07-21,INE186A01019,GUJALKALI,EQ,609.95,631.7,601.05,627.0,620.0,605.85,64915,40124566.15,3374
2026-07-21,INE036B01030,GAEL,EQ,143.5,145.29,142.32,142.61,142.45,143.88,341288,49117615.14,8890
2026-07-21,INE844O01030,GUJENERGY,EQ,272.0,274.3,264.6,267.0,269.2,271.65,1419565,381335191.15,30512
2026-07-21,INE09N301011,FLUOROCHEM,EQ,4336.9,4639.9,4321.1,4607.1,4607.0,4316.2,757584,3447942841.8,75976
2026-07-21,INE0V0W01025,GKSL,EQ,127.26,132.33,126.75,129.86,129.01,127.03,296081,38540780.94,3823
2026-07-21,INE540A01017,GLFL,BE,5.29,5.29,5.2,5.2,5.2,5.29,210,1099.02,6
2026-07-21,INE131A01031,GMDCLTD,EQ,575.85,587.2,575.85,580.3,581.0,577.35,613543,356369922.2,17993
2026-07-21,INE207H01018,GNRL,EQ,96.3,98.39,96.3,97.76,97.0,99.08,57937,5663228.45,1282
2026-07-21,INE517F01014,GPPL,EQ,151.45,152.3,150.4,150.8,150.8,151.48,708639,106974314.6,12160
2026-07-21,INE610B01024,GUJRAFFIA,EQ,39.96,41.4,39.0,39.29,39.45,39.69,6029,236410.13,35
2026-07-21,INE942C01045,GUJTHEM,EQ,360.5,368.35,360.5,364.55,363.0,363.95,23457,8522570.25,1078
2026-07-21,INE635Q01029,GULFOILLUB,EQ,1000.0,1016.8,984.6,989.5,989.2,999.8,103338,102594381.6,6060
2026-07-21,INE255D01024,GULPOLY,EQ,183.02,188.0,180.0,180.83,180.02,182.56,178924,32842731.88,3243
2026-07-21,INE1CCX01012,GURUNANAK,ST,41.0,41.0,41.0,41.0,41.0,41.8,4800,196800.0,3
2026-07-21,INE251H01024,GVKPIL,BE,2.54,2.55,2.49,2.5,2.51,2.54,377740,951263.84,643
2026-07-21,INE382T01030,GVPTECH,EQ,6.94,7.0,6.72,6.78,6.79,6.81,73303,502333.55,299
2026-07-21,INE724A01017,GYFTR,EQ,158.0,158.0,148.83,149.49,150.0,156.03,61869,9412783.37,2392
2026-07-21,INE640B01021,HBESD,EQ,73.01,76.0,69.0,75.72,76.0,75.06,1418,103994.69,40
2026-07-21,INE926X01010,HGINFRA,EQ,563.0,563.0,550.25,552.8,553.5,559.85,39281,21716467.1,3441
2026-07-21,INE115S01010,HALDER,EQ,231.42,240.0,225.72,231.75,240.0,228.21,27958,6395208.69,287
2026-07-21,INE506D01020,HALDYNGL,BE,117.18,119.97,116.8,118.44,117.5,118.11,16573,1958692.48,167
2026-07-21,INE320X01016,HALEOSLABS,EQ,1588.8,1601.7,1550.0,1571.0,1550.1,1589.1,184,290950.6,39
2026-07-21,INE596H01014,HGM,EQ,49.4,49.5,44.0,47.32,48.73,48.89,14328,668739.89,217
2026-07-21,INE419U01012,HAPPSTMNDS,EQ,385.0,386.85,374.4,376.3,375.45,382.45,437309,166080437.6,12454
2026-07-21,INE330T01021,HAPPYFORGE,EQ,1618.8,1636.0,1603.6,1611.6,1618.9,1608.0,35243,56997442.2,5800
2026-07-21,INE0TLP01015,WHITEFORCE,ST,48.8,48.8,48.8,48.8,48.8,46.5,1600,78080.0,1
2026-07-21,INE1GFG01011,HAPPY,ST,62.5,63.85,61.75,62.05,62.75,64.95,100000,6223300.0,44
2026-07-21,INE626Z01029,HARDWYN,EQ,15.63,15.95,15.55,15.73,15.72,15.61,2213995,34853097.98,4295
2026-07-21,INE00EV01017,HARIOMPIPE,EQ,395.0,402.4,390.1,391.7,390.1,399.85,118300,46679066.5,3581
2026-07-21,INE544A01019,HARRMALAYA,EQ,216.08,220.0,215.25,219.13,218.1,217.43,8484,1851228.95,233
2026-07-21,INE0JUS01029,HARSHA,EQ,421.15,423.0,413.0,414.15,413.15,421.15,69541,28923826.7,3141
2026-07-21,INE982F01036,HATHWAY,EQ,10.91,11.08,10.91,11.02,11.03,11.08,747000,8217167.97,1607
2026-07-21,INE473B01035,HATSUN,EQ,939.7,940.8,924.0,928.5,928.5,930.45,38644,36055634.05,4519
2026-07-21,INE176B01034,HAVELLS,EQ,1206.9,1223.8,1201.0,1217.6,1219.3,1200.3,1553656,1885520181.0,35507
2026-07-21,INE979B01015,HAWKINCOOK,EQ,9600.0,9600.0,8900.0,8986.0,9000.0,9253.5,7098,65000504.0,1904
2026-07-21,INE550B01022,HBSL,BE,49.0,49.0,46.91,47.4,47.41,48.26,5237,249076.84,84
2026-07-21,INE292B01021,HBLENGINE,EQ,731.3,735.25,728.0,729.05,729.1,730.65,398847,291668213.85,15245
2026-07-21,INE236A01020,HCL-INSYS,EQ,11.75,11.88,11.5,11.67,11.7,11.83,144848,1693400.4,777
2026-07-21,INE860A01027,HCLTECH,EQ,1219.0,1240.7,1217.2,1239.5,1238.9,1221.3,4642320,5724322648.7,145874
2026-07-21,INE756I01012,HDBFS,EQ,728.0,733.05,718.6,720.6,720.7,728.1,436379,315628850.1,24154
2026-07-21,INE127D01025,HDFCAMC,EQ,2632.0,2695.0,2578.3,2581.1,2585.7,2644.9,1230158,3208449305.6,51728
2026-07-21,INE040A01034,HDFCBANK,EQ,769.15,772.5,760.1,761.45,761.5,777.6,42246009,32337826325.5,644512
2026-07-21,INF179KC1981,HDFCGOLD,EQ,121.31,121.87,120.99,121.71,121.61,120.79,4493266,546324397.21,7970
2026-07-21,INE795G01014,HDFCLIFE,EQ,564.65,564.8,557.5,561.0,561.5,564.65,2529706,1418723992.25,35992
2026-07-21,INF179KC1EZ4,HDFCBSE500,EQ,37.63,37.75,37.35,37.59,37.73,37.63,884676,33114787.29,294
2026-07-21,INF179KC1DJ0,HDFCGROWTH,EQ,116.23,116.74,116.0,116.6,116.7,116.26,12674,1475401.13,139
2026-07-21,INF179KC1JG3,HDFCLIQUID,EQ,1070.19,1070.21,1070.19,1070.19,1070.21,1070.06,8708,9319317.3,36
2026-07-21,INF179KC1HU8,HDFCLOWVOL,EQ,20.99,20.99,20.67,20.76,20.69,20.67,12082,250464.78,66
2026-07-21,INF179KC1HT0,HDFCMID150,EQ,23.44,23.47,23.35,23.41,23.41,23.35,334921,7842092.73,1126
2026-07-21,INF179KC1HV6,HDFCMOMENT,EQ,30.78,31.04,30.77,30.96,31.0,30.77,60483,1871127.3,334
2026-07-21,INF179KC1HS2,HDFCNEXT50,EQ,73.89,74.2,73.6,74.17,73.73,73.85,746624,55253340.88,610
2026-07-21,INF179KC1HR4,HDFCNIF100,EQ,26.64,26.64,25.85,26.08,26.09,26.12,44882,1168565.83,270
2026-07-21,INF179KC1HY0,HDFCNIFBAN,EQ,61.2,61.2,59.31,59.54,59.51,59.71,60009,3578175.95,435
2026-07-21,INF179KC1IA8,HDFCNIFIT,EQ,31.36,31.52,30.93,31.02,31.07,31.21,140633,4370276.03,288
2026-07-21,INF179KC1965,HDFCNIFTY,EQ,271.57,273.42,271.56,272.38,272.48,272.83,60887,16589818.78,1625
2026-07-21,INF179KC1HZ7,HDFCPVTBAN,EQ,29.15,29.15,28.35,28.43,28.47,28.44,392751,11163311.92,557
2026-07-21,INF179KC1DL6,HDFCQUAL,EQ,57.78,57.9,57.48,57.74,57.72,57.59,17931,1034003.87,134
2026-07-21,INF179KC1HX2,HDFCSENSEX,EQ,87.76,88.21,87.63,87.78,87.79,87.93,31615,2777186.52,443
2026-07-21,INF179KC1DI2,HDFCSILVER,EQ,208.27,212.61,208.27,212.36,212.52,208.27,3285152,695064513.35,11642
2026-07-21,INF179KC1FB2,HDFCSML250,EQ,181.59,182.63,179.59,182.17,182.28,181.41,763372,138923288.35,5604
2026-07-21,INF179KC1DK8,HDFCVALUE,EQ,127.7,127.79,126.9,126.99,126.99,127.82,4182,531491.86,65
2026-07-21,INF179KC1HW4,HDFCPSUBK,EQ,87.09,88.0,85.75,86.24,86.39,87.09,580939,50674346.95,418
2026-07-21,INE759V01019,HEADSUP,EQ,6.7,7.23,6.7,7.06,7.18,6.75,1134,7923.41,35
2026-07-21,INE019J01013,HEALTHX,EQ,320.1,321.85,313.1,318.1,321.8,318.15,3997,1264833.95,462
2026-07-21,INE075I01017,HCG,EQ,656.0,667.25,650.7,661.25,662.8,653.7,497861,326697215.75,9150
2026-07-21,INE558R01013,HECPROJECT,EQ,125.0,138.72,122.0,138.72,138.72,115.6,336737,45048406.48,3948
2026-07-21,INE545A01024,HEG,EQ,593.1,608.0,590.75,604.95,604.1,594.3,1167153,702732872.6,31899
2026-07-21,INE578A01017,HEIDELBERG,EQ,160.15,161.7,159.31,160.93,160.8,159.49,93949,15113258.03,1865
2026-07-21,INE0AJG01018,HEMIPROP,EQ,136.48,139.59,136.3,137.94,137.5,135.66,535269,73932904.01,3603
2026-07-21,INE694N01015,HERANBA,EQ,180.0,182.45,178.2,179.83,180.45,179.25,12671,2276730.42,571
2026-07-21,INE978A01027,HERITGFOOD,EQ,331.65,333.4,326.0,329.85,330.45,332.6,238515,78644257.6,5893
2026-07-21,INE158A01026,HEROMOTOCO,EQ,5010.0,5057.0,4972.0,5034.1,5032.1,4977.7,554172,2779990842.1,48592
2026-07-21,INE782E01017,HESTERBIO,EQ,2600.0,2600.0,2402.6,2450.0,2432.0,2523.4,15265,37546514.7,2437
2026-07-21,INE750M01017,HEXATRADEX,EQ,158.6,159.99,156.0,156.19,156.06,158.79,1955,306860.06,161
2026-07-21,INE0JUI01012,HEXAGON,BE,71.99,71.99,69.0,69.43,69.5,71.39,309427,21543125.75,1361
2026-07-21,INE093A01041,HEXT,EQ,555.65,562.75,545.15,560.05,560.1,555.65,216518,120552724.95,11100
2026-07-21,INE548A01028,HFCL,EQ,209.0,218.43,209.0,217.97,218.43,208.03,20144780,4350682755.57,75300
2026-07-21,INE0PIC01017,HIGREEN,SM,139.55,141.35,138.0,138.7,138.7,139.55,22400,3123280.0,27
2026-07-21,INE106T01025,HITECH,EQ,87.16,88.31,86.6,86.91,87.1,87.28,220704,19232549.05,2031
2026-07-21,INE00RL01028,HILINFRA,BE,43.05,43.94,43.05,43.73,43.8,43.66,32229,1403894.88,273
2026-07-21,INE475B01022,HIKAL,EQ,227.26,228.59,218.5,224.74,224.19,227.26,462088,103028960.12,8825
2026-07-21,INE788H01017,HILTON,BE,21.8,23.0,21.8,22.14,21.95,22.94,208297,4556382.01,459
2026-07-21,INE019C01026,HSCL,EQ,771.0,819.5,767.2,800.9,800.65,769.9,21404570,16955026382.8,221638
2026-07-21,INE049A01027,HIMATSEIDE,EQ,85.6,85.83,83.52,84.52,84.9,85.36,272716,23040647.71,2916
2026-07-21,INE835D01023,HIRECT,EQ,1270.5,1325.0,1258.0,1308.6,1319.0,1252.1,187088,241363348.2,16090
2026-07-21,INE038A01020,HINDALCO,EQ,944.15,956.3,941.0,951.4,955.0,947.8,4965762,4707420924.6,82204
2026-07-21,INE642Y01029,HINDCON,BE,21.95,21.95,20.68,21.29,21.04,21.45,13840,293998.21,67
2026-07-21,INE05X901010,HPIL,EQ,124.58,124.58,122.3,123.0,123.0,124.58,19,2333.68,4
2026-07-21,INE170I01016,HGS,EQ,426.1,434.0,426.1,430.75,433.05,429.75,15387,6623012.6,868
2026-07-21,INE066F01020,HAL,EQ,4485.0,4594.0,4461.4,4581.7,4585.0,4491.0,697566,3167801705.1,51678
2026-07-21,INE310C01029,HINDCOMPOS,EQ,441.05,444.0,433.05,439.65,444.0,441.25,2609,1144588.0,333
2026-07-21,INE549A01026,HCC,EQ,22.6,23.17,22.56,22.66,22.67,22.7,14190226,323465998.7,18839
2026-07-21,INE531E01026,HINDCOPPER,EQ,486.7,494.2,482.0,492.45,493.1,482.05,3027060,1479272249.25,44813
2026-07-21,INE254N01026,HNDFDS,EQ,576.0,578.0,565.0,570.05,571.0,572.95,40082,22868050.05,2347
2026-07-21,INE871K01015,HMVL,EQ,93.0,93.28,90.18,91.57,91.5,91.62,145819,13315678.98,1391
2026-07-21,INE345A01011,HINDOILEXP,EQ,162.75,167.78,162.0,162.45,162.01,161.94,680802,111905063.8,7565
2026-07-21,INE094A01015,HINDPETRO,EQ,405.0,409.95,404.55,406.95,407.5,405.4,4144207,1686118281.05,55011
2026-07-21,INE030A01027,HINDUNILVR,EQ,2139.7,2147.7,2127.5,2142.5,2141.0,2139.7,1032417,2208955709.9,53613
2026-07-21,INE267A01025,HINDZINC,EQ,526.95,536.4,524.25,534.4,535.0,522.65,3103362,1650864878.8,37152
2026-07-21,INE05AN01011,HINDWAREAP,EQ,222.5,224.0,216.25,218.45,218.5,222.25,99253,21773653.35,3465
2026-07-21,INE598C01011,HISARMETAL,EQ,154.9,154.9,152.0,152.05,152.0,152.47,198,30308.37,12
2026-07-21,INE07Y701011,POWERINDIA,EQ,32440.0,32725.0,31950.0,32185.0,32245.0,32440.0,105563,3404738620.0,30504
2026-07-21,INE120D01012,HITECHCORP,BE,316.45,323.05,316.45,319.75,321.0,322.85,14225,4571254.85,114
2026-07-21,INE461D01028,HLEGLAS,EQ,419.0,442.6,417.55,437.9,442.0,419.0,428619,186301309.85,13977
2026-07-21,INE102A01024,HLVLTD,EQ,7.24,7.26,7.08,7.11,7.16,7.14,98357,703295.9,600
2026-07-21,INE0ECP01024,HMAAGRO,EQ,21.72,21.98,21.65,21.76,21.65,21.72,730706,15876626.55,680
2026-07-21,INE262A01018,HMT,BZ,60.75,61.89,60.35,61.27,61.5,60.75,4495,275711.84,66
2026-07-21,INE0S6S01017,HOACFOODS,ST,705.0,721.25,690.0,721.25,721.25,686.95,11625,8313412.5,24
2026-07-21,INE481N01025,HOMEFIRST,EQ,1279.9,1287.5,1260.1,1280.1,1280.0,1273.2,306205,391508487.1,17971
2026-07-21,INE0J5401028,HONASA,EQ,457.85,467.0,443.9,451.1,456.0,457.55,1274820,575963207.6,35034
2026-07-21,INE634A01018,HONDAPOWER,EQ,2095.0,2127.3,2089.6,2102.9,2115.0,2101.0,3735,7867240.1,804
2026-07-21,INE671A01010,HONAUT,EQ,38300.0,38950.0,38170.0,38575.0,38595.0,38215.0,5192,200013965.0,2362
2026-07-21,INE191I01012,HDIL,BZ,1.66,1.75,1.62,1.67,1.7,1.68,92938,155644.27,204
2026-07-21,INE0GSL01024,HPAL,EQ,34.3,34.78,33.31,33.58,33.92,34.29,33689,1140127.23,652
2026-07-21,INE0VA601019,HPTL,SM,300.0,300.0,298.75,298.75,298.75,299.75,2400,717960.0,4
2026-07-21,INE495S01016,HPL,EQ,340.05,349.0,340.05,347.55,346.0,340.8,113457,39125389.95,3616
2026-07-21,INE0R3501012,HRHNEXT,SM,28.05,28.05,27.55,27.55,27.55,28.95,9000,250200.0,4
2026-07-21,INF336L01RX2,HSBCGOLD,EQ,125.12,125.12,122.7,123.99,123.75,122.67,1291,159707.62,44
2026-07-21,INE031A01017,HUDCO,EQ,202.5,202.86,198.6,200.3,200.89,201.92,1692046,339421751.77,16148
2026-07-21,INE501G01024,HTMEDIA,EQ,26.05,26.48,26.0,26.22,26.11,26.31,109286,2861120.87,417
2026-07-21,INE703H01016,HUBTOWN,EQ,199.44,208.95,197.5,206.37,208.35,199.44,685059,139428935.66,5806
2026-07-21,INE275B01026,HUHTAMAKI,EQ,252.89,269.0,245.0,264.19,267.99,249.79,4106721,1066666709.51,41436
2026-07-21,INE0TO501019,HVAX,SM,690.0,690.0,690.0,690.0,690.0,695.0,300,207000.0,1
2026-07-21,INE965B01022,HYBRIDFIN,BE,18.45,18.74,17.85,17.86,17.86,18.05,4019,72444.93,39
2026-07-21,INE0V6F01027,HYUNDAI,EQ,1972.6,1975.0,1938.4,1958.6,1965.1,1972.3,847936,1660155451.4,46311
2026-07-21,INE204A01010,IGPL,EQ,429.7,433.95,422.0,424.0,424.0,428.75,23401,10039783.45,1120
2026-07-21,INE0XE501015,ICELCO,ST,156.1,162.9,154.0,161.4,162.3,157.15,106800,16996620.0,78
2026-07-21,INE613B01010,ICDSLTD,EQ,40.4,40.48,39.4,39.4,39.4,38.7,1331,52995.23,12
2026-07-21,INE520Y01019,ICEMAKE,EQ,830.1,845.5,823.0,838.7,844.0,837.35,37051,30858992.15,2026
2026-07-21,INE090A01021,ICICIBANK,EQ,1470.0,1473.9,1456.6,1463.1,1463.1,1460.2,18269907,26745465548.1,186971
2026-07-21,INE765G01017,ICICIGI,EQ,1624.0,1627.0,1609.3,1624.0,1623.0,1621.6,496225,804160604.2,27048
2026-07-21,INF109KC19U5,LOWVOLIETF,EQ,22.45,22.45,22.16,22.23,22.25,22.22,2236805,49603618.65,1339
2026-07-21,INE726G01019,ICICIPRULI,EQ,498.5,501.9,494.65,500.5,501.6,498.4,924014,460598357.5,18838
2026-07-21,INF109KC10W0,MIDSELIETF,EQ,19.34,19.53,19.34,19.44,19.43,19.41,301538,5873984.26,684
2026-07-21,INF109KC16V9,NIF100IETF,EQ,28.3,28.32,28.06,28.14,28.16,28.23,41802,1176623.56,1340
2026-07-21,INF109K012R6,NIFTYIETF,EQ,274.5,274.77,273.11,273.85,273.8,274.15,330696,90614754.37,9602
2026-07-21,INF346A01034,SENSEXIETF,EQ,893.99,894.29,888.02,889.49,893.0,892.3,5105,4546327.63,296
2026-07-21,INE346A01027,ICICIAMC,EQ,3125.9,3160.0,3099.6,3150.0,3154.0,3117.4,426244,1337381543.4,32736
2026-07-21,INF109KC1NT3,GOLDIETF,EQ,122.0,122.13,121.06,122.07,122.05,121.06,5710034,695897346.52,22577
2026-07-21,INF109KC11V0,NV20IETF,EQ,13.85,13.96,13.7,13.7,13.73,13.85,1166219,16023185.22,2103
2026-07-21,INF109KB15Y7,ICICIB22,EQ,116.47,117.12,115.85,116.32,116.2,116.47,128796,14986616.16,2602
2026-07-21,INF109K1A021,CASHIETF,EQ,1071.73,1071.75,1071.73,1071.74,1071.75,1071.58,140346,150415567.93,70
2026-07-21,INF109K1A153,EVIETF,EQ,31.68,32.05,31.6,32.0,32.05,31.66,163104,5190027.35,538
2026-07-21,INF109KC18O0,GSEC10IETF,EQ,265.63,265.63,263.66,265.5,265.5,263.0,123,32582.19,3
2026-07-21,INF109KC1V59,BSE500IETF,EQ,39.41,39.49,39.3,39.45,39.47,39.41,161307,6357101.24,1113
2026-07-21,INF109KC14A8,GSEC5IETF,EQ,66.49,66.49,65.83,66.46,65.96,66.49,9819,649485.95,28
2026-07-21,INF109KC17V7,ALPL30IETF,EQ,27.93,28.08,27.89,28.05,28.08,27.93,294846,8247390.85,837
2026-07-21,INF109KC10V2,AUTOIETF,EQ,28.03,28.29,27.82,28.22,28.28,27.92,603938,16932482.86,1462
2026-07-21,INF109KC18U7,PVTBANIETF,EQ,28.43,28.43,28.0,28.11,28.09,28.13,6990665,196552360.8,3815
2026-07-21,INF109KC19O8,COMMOIETF,EQ,101.03,101.69,100.97,101.42,101.51,101.03,57171,5786816.04,2478
2026-07-21,INF109KC1V42,CONSUMIETF,EQ,121.58,122.05,121.33,122.03,122.05,121.58,6714,816610.17,224
2026-07-21,INF109KC19V3,FMCGIETF,EQ,53.0,53.0,52.25,52.44,52.51,52.62,470670,24725653.67,4520
2026-07-21,INF109KC16E5,INFRAIETF,EQ,97.29,97.4,96.5,97.02,96.5,97.25,85141,8253429.33,5302
2026-07-21,INF109KC1KT9,LIQUIDIETF,EQ,1000.0,1000.01,999.99,999.99,1000.0,999.99,396637,396636737.59,216
2026-07-21,INF109KC11W8,MIDCAPIETF,EQ,24.42,24.42,23.79,23.94,23.99,23.83,1202393,28751423.93,1864
2026-07-21,INF109KC17C7,MOM30IETF,EQ,31.02,31.28,30.96,31.22,31.27,31.02,470420,14658161.19,2286
2026-07-21,INF109KC1NS5,NEXT50IETF,EQ,74.31,76.63,74.31,76.54,76.58,76.22,716749,54771188.33,3958
2026-07-21,INF109KC1Q72,HEALTHIETF,EQ,169.93,172.0,168.57,170.11,170.57,169.38,76174,12915692.01,4204
2026-07-21,INF109KC18V5,QUAL30IETF,EQ,21.0,21.02,20.85,20.93,20.85,20.94,84643,1769404.33,180
2026-07-21,INF109KC1Y56,SILVERIETF,EQ,219.0,221.55,217.35,221.35,221.45,216.9,2692088,592446911.77,13774
2026-07-21,INF109KC16I6,ITIETF,EQ,32.42,32.66,32.15,32.2,32.18,32.42,451749,14589625.03,1202
2026-07-21,INF109KC15I8,BANKIETF,EQ,60.13,60.13,59.36,59.44,59.48,59.53,156511,9315132.18,1067
2026-07-21,INF109KC19W1,METALIETF,EQ,12.68,12.75,12.6,12.72,12.75,12.62,8632947,109642003.46,7589
2026-07-21,INF109KC18W3,OILIETF,EQ,11.51,11.57,11.45,11.46,11.48,11.51,1406694,16181360.97,1788
2026-07-21,INF109KC10S8,PSUBNKIETF,EQ,85.5,88.2,85.5,86.49,86.08,87.3,300583,26284661.8,982
2026-07-21,INF109K1A476,SMALLIETF,EQ,18.08,18.17,18.03,18.15,18.15,18.01,36588,663429.43,90
2026-07-21,INF109K1A344,TOP15IETF,EQ,9.89,9.91,9.83,9.87,9.88,9.89,61276,604716.82,170
2026-07-21,INF109KC16X5,VAL30IETF,EQ,15.54,15.58,15.44,15.5,15.53,15.47,132435,2052394.04,455
2026-07-21,INF109KC17L8,FINIETF,EQ,32.63,32.8,32.63,32.71,32.72,32.64,120096,3930973.92,769
2026-07-21,INE725G01011,ICRA,EQ,5250.5,5250.5,5141.5,5163.0,5159.0,5210.0,25675,133330031.5,4619
2026-07-21,INE008A01015,IDBI,EQ,85.24,87.12,84.6,86.63,86.76,85.03,9815664,843021032.51,36352
2026-07-21,INE349Y01013,IDEAFORGE,BE,857.3,864.9,838.55,850.35,850.0,857.3,86600,73575652.65,4701
2026-07-21,INE0T9I01011,IDEALTECHO,SM,170.0,183.0,170.0,182.7,182.7,170.0,44500,7931100.0,24
2026-07-21,INE0TD101011,IDENTICAL,SM,17.15,20.0,17.15,20.0,20.0,19.0,4000,74300.0,2
2026-07-21,INE092T01019,IDFCFIRSTB,EQ,81.78,82.7,81.52,81.66,81.56,81.78,17641320,1446221609.03,53212
2026-07-21,INE076C01018,IFBAGRO,BE,987.0,994.9,975.0,986.0,987.0,974.75,3269,3225010.7,100
2026-07-21,INE559A01017,IFBIND,EQ,1343.7,1358.7,1336.3,1355.0,1354.9,1343.7,32892,44378287.8,3769
2026-07-21,INE039A01010,IFCI,EQ,73.19,73.75,72.51,72.87,72.74,73.13,8415201,614795994.75,25521
2026-07-21,INE133Y01011,IFGLEXPOR,EQ,208.55,214.49,208.5,209.47,208.5,207.93,37530,7911992.56,2372
2026-07-21,INE01XO07017,1225IFL27,N0,7999.0,7999.0,7999.0,7999.0,7999.0,8999.0,1,7999.0,1
2026-07-21,INE01XO07025,1225IFL28,N0,7650.0,7650.0,7450.0,7450.0,7450.0,7700.0,26,194600.0,8
2026-07-21,INE188B01013,IGARASHI,EQ,452.4,462.9,448.6,457.45,459.45,452.4,57305,26090647.4,2379
2026-07-21,INE530B07658,837IIFL28,Y4,981.2,981.2,981.2,981.2,981.2,981.2,11,10793.2,2
2026-07-21,INE530B07591,852IIFL29,Y5,990.0,990.0,990.0,990.0,990.0,990.0,10,9900.0,1
2026-07-21,INE489L01022,IIFLCAPS,EQ,338.1,341.4,336.0,339.8,340.0,338.3,342803,115917876.45,8992
2026-07-21,INE530B01024,IIFL,EQ,557.7,577.7,556.8,571.8,572.0,557.7,2676994,1524918835.85,56855
2026-07-21,INE530B07583,IIFL060326,YA,1003.69,1040.0,999.0,1018.91,1040.0,995.11,195,197922.81,7
2026-07-21,INE530B07625,IIFL60326,YB,980.23,980.23,980.23,980.23,980.23,1005.94,35,34308.05,1
2026-07-21,INE0LOJ01019,IKIO,EQ,213.2,219.6,209.37,216.5,214.1,214.37,835450,179232747.96,12035
2026-07-21,INE369I01014,IL&FSENGG,BZ,27.05,28.5,27.0,27.27,27.7,28.05,12061,333949.6,47
2026-07-21,INE050B01023,IVC,EQ,8.44,8.44,8.22,8.31,8.28,8.29,166430,1383479.66,630
2026-07-21,INE975G01012,IL&FSTRANS,BZ,2.18,2.18,2.07,2.11,2.18,2.14,17804,37514.01,39
2026-07-21,INE172N01012,IMAGICAA,EQ,45.98,47.42,45.01,46.95,47.3,46.19,652872,30475636.47,3333
2026-07-21,INE452L01012,INCREDIBLE,EQ,32.5,33.85,32.5,32.71,33.73,32.43,4083,135236.89,42
2026-07-21,INE547E01014,IMPAL,EQ,1114.5,1114.5,1087.0,1093.6,1097.0,1114.0,1840,2015600.3,193
2026-07-21,INE915B01019,INDSWFTLAB,EQ,235.72,240.0,230.63,237.6,239.5,233.99,271232,63555497.71,3301
2026-07-21,INE611L01021,INDTERRAIN,EQ,30.37,30.37,29.21,29.56,29.74,29.49,5151,152122.88,81
2026-07-21,INE841B01017,INDBANK,EQ,33.1,33.6,33.05,33.13,33.25,33.43,16567,550772.95,290
2026-07-21,INE0O9T01021,BAJAJINDEF,EQ,238.7,238.7,228.6,229.95,229.75,234.8,37529,8656961.25,934
2026-07-21,INE065X01017,INDGN,EQ,509.1,512.0,505.0,507.75,508.15,509.1,54403,27630948.7,4484
2026-07-21,INE560A01023,INDIAGLYCO,EQ,1149.0,1175.2,1148.1,1153.95,1153.05,1143.2,116333,134752961.75,7116
2026-07-21,INE092B01025,INDNIPPON,EQ,1221.5,1278.2,1216.0,1241.6,1249.0,1209.4,58854,73650752.9,6058
2026-07-21,INE0D6701023,IPL,EQ,149.75,152.79,147.6,149.47,148.36,149.74,330170,49524086.13,3726
2026-07-21,INE922K01024,INDIASHLTR,EQ,815.15,823.4,810.2,815.15,811.0,815.15,76608,62471634.35,6796
2026-07-21,INE353K01014,ITDC,EQ,773.9,774.7,754.35,757.4,758.8,773.9,793062,606074017.2,26861
2026-07-21,INE126M01010,IBULLSLTD,BE,29.79,29.83,28.81,28.96,29.0,29.39,2019093,59060692.81,3988
2026-07-21,INE933S01016,INDIAMART,EQ,1932.9,1974.5,1879.6,1918.0,1908.0,1932.9,253786,490843330.3,25854
2026-07-21,INE562A01011,INDIANB,EQ,856.45,867.85,845.15,855.35,851.85,858.5,1926861,1649603537.75,55404
2026-07-21,INE061A01014,INDIANCARD,EQ,223.02,229.85,217.31,228.87,229.45,223.02,2448,546943.45,62
2026-07-21,INE0RRU01016,IEML,SM,44.0,44.25,42.3,43.9,44.0,42.45,42500,1842425.0,60
2026-07-21,INE022Q01020,IEX,EQ,125.41,125.82,123.5,124.43,124.69,125.7,3056951,380807092.19,23333
2026-07-21,INE323C01030,INDIANHUME,EQ,405.45,405.7,390.05,394.75,390.05,403.45,41829,16603434.8,1548
2026-07-21,INE919H01018,IMFA,EQ,1346.0,1395.9,1321.0,1374.2,1369.5,1346.9,96998,131884653.1,10254
2026-07-21,INE242A01010,IOC,EQ,142.99,143.99,142.23,143.3,143.07,142.41,12235450,1754587550.64,69763
2026-07-21,INE565A01014,IOB,EQ,35.19,36.2,34.95,35.25,35.2,35.0,19127118,682641766.56,40247
2026-07-21,INE0DHF01018,IPHL,SM,56.0,58.95,56.0,58.95,58.95,55.7,36000,2090100.0,26
2026-07-21,INE335Y01020,IRCTC,EQ,503.0,504.1,498.15,499.8,499.65,504.75,738038,369001307.05,23917
2026-07-21,INE053F01010,IRFC,EQ,88.7,89.1,88.0,88.31,88.2,88.72,5351993,472878235.35,35215
2026-07-21,INE202E01016,IREDA,EQ,121.83,122.3,120.81,121.15,121.2,121.83,2620419,318046911.59,22058
2026-07-21,INE586E01020,IWP,EQ,31.9,33.45,31.9,32.78,33.18,32.34,2442,80202.81,39
2026-07-21,INE09VQ01012,INDIGOPNTS,EQ,1067.2,1092.0,1065.6,1077.5,1066.2,1078.0,39541,42788094.0,6390
2026-07-21,INE219X23014,INDIGRID,IV,179.47,179.47,178.01,178.75,179.25,178.56,1037356,185476757.28,6298
2026-07-21,INE06ST01018,INDIQUBE,EQ,163.99,178.97,163.99,171.72,170.4,163.27,503598,85738537.07,5716
2026-07-21,INE760F01028,INDOAMIN,BE,121.6,126.73,120.7,126.73,126.73,120.7,59158,7410441.4,431
2026-07-21,INE803D01021,INDOBORAX,EQ,440.95,440.95,414.0,430.1,429.8,481.05,577815,245613692.3,17483
2026-07-21,INE483B01026,ICIL,EQ,395.9,397.95,386.9,396.55,397.5,392.45,200425,78827238.8,7363
2026-07-21,INE622H01018,INDOFARM,EQ,158.7,166.75,157.96,161.87,161.0,157.04,407316,66064241.87,9170
2026-07-21,INE156A01020,INDORAMA,EQ,48.94,50.81,48.94,49.83,49.71,49.21,107050,5337643.95,921
2026-07-21,INE332H01014,INDOTECH,BE,3407.9,3449.9,3356.0,3419.2,3430.0,3407.9,13565,46134018.0,696
2026-07-21,INE337M01021,INDOTHAI,EQ,220.0,225.9,214.28,217.79,217.0,219.06,1600858,351058345.8,11180
2026-07-21,INE250Z01010,INDOUS,EQ,89.36,89.38,84.91,85.82,85.85,87.36,22325,1944809.52,763
2026-07-21,INE567A01028,NIPPOBATRY,EQ,336.05,337.5,328.1,334.05,334.0,327.35,1976,656794.1,177
2026-07-21,INE873D01024,INDOCO,EQ,245.51,248.3,243.12,245.84,244.01,244.55,73735,18130800.89,2247
2026-07-21,INE05J901018,IGCL,EQ,69.85,71.39,68.05,69.63,70.7,70.54,118399,8227490.44,1587
2026-07-21,INE866K01023,WAAREEINDO,EQ,381.5,387.75,376.0,378.2,378.45,381.5,31091,11805416.6,1255
2026-07-21,INE896L01010,INDOSTAR,EQ,265.9,271.9,262.1,270.6,271.0,266.65,59675,15994092.9,1332
2026-07-21,INE227G01018,INDOWIND,BE,9.3,9.35,9.02,9.22,9.15,9.21,160628,1471257.55,369
2026-07-21,INE203G01027,IGL,EQ,154.43,156.9,153.0,153.67,153.5,154.66,3678497,569397645.74,27520
2026-07-21,INE681B01017,INDRAMEDCO,EQ,374.45,380.9,373.1,374.3,375.0,374.55,112582,42448833.55,2735
2026-07-21,INE0NHL23019,INDUSINVIT,IV,130.81,131.47,130.2,130.43,130.3,129.97,291631,38049294.12,5519
2026-07-21,INE121J01017,INDUSTOWER,EQ,402.25,407.7,396.5,404.45,404.95,402.0,2072472,836437347.75,31905
2026-07-21,INE095A01012,INDUSINDBK,EQ,1037.8,1068.8,1031.45,1063.45,1059.0,1032.85,5124543,5428384939.1,121933
2026-07-21,INE620D01011,INDPRUD,EQ,6569.5,6656.0,6512.0,6512.0,6512.0,6569.5,25,164844.0,7
2026-07-21,INE886A01014,IITL,EQ,127.96,130.0,126.99,127.4,127.4,128.14,90465,11681024.54,514
2026-07-21,INE0MRE01011,INFINIUM,SM,210.8,210.8,207.0,207.0,207.0,210.7,2500,521050.0,5
2026-07-21,INE0MYZ01012,INFLUX,SM,293.45,312.0,293.45,300.0,300.0,287.8,14400,4361340.0,24
2026-07-21,INE663F01032,NAUKRI,EQ,1194.0,1223.5,1193.95,1207.7,1207.0,1191.5,4113918,4986422458.45,125344
2026-07-21,INE344S01016,INFOBEAN,EQ,168.61,173.38,165.7,167.36,166.5,169.51,520005,88303695.17,8982
2026-07-21,INE0NNZ01013,INFOLLION,SM,168.65,172.35,168.6,168.65,168.65,168.95,2000,338900.0,5
2026-07-21,INE669A01022,INFOMEDIA,EQ,5.8,5.8,5.62,5.73,5.73,5.89,1999,11365.33,41
2026-07-21,INE009A01021,INFY,EQ,1080.0,1094.5,1067.2,1073.5,1070.6,1087.1,9485229,10193802082.3,187625
2026-07-21,INE177A01018,INGERRAND,EQ,4562.9,4593.8,4510.0,4528.5,4520.0,4562.9,4889,22175733.9,1166
2026-07-21,INE0S1D01010,INNOMET,ST,180.65,180.65,180.65,180.65,180.65,177.15,25800,4660770.0,27
2026-07-21,INE0DUT01020,INNOVACAP,EQ,965.8,981.9,956.8,980.05,979.5,973.25,23550,22817622.75,2819
2026-07-21,INE403Y01018,INNOVANA,EQ,336.9,345.0,330.1,340.85,345.0,334.2,772,258480.25,103
2026-07-21,INE0ADB01012,INNOVISION,EQ,291.0,295.95,286.2,287.3,287.5,288.85,24967,7225989.4,1309
2026-07-21,INE510W01014,INOXGREEN,EQ,194.0,198.0,192.0,195.21,195.9,195.33,1732161,339477108.69,12977
2026-07-21,INE616N01034,INOXINDIA,EQ,2010.0,2106.9,1975.6,2093.8,2090.0,2003.4,535037,1099844554.2,39571
2026-07-21,INE066P01011,INOXWIND,EQ,79.33,79.59,78.61,79.02,79.0,79.22,3197973,252738289.11,23716
2026-07-21,INE070I01018,INSECTICID,EQ,635.15,640.9,621.05,624.05,624.75,635.15,30336,19161245.05,2513
2026-07-21,INE0LGX01024,INA,EQ,118.99,121.2,116.5,119.83,119.0,119.11,525141,62399985.58,5654
2026-07-21,INE020G01017,INSPIRISYS,BE,100.14,101.0,97.0,99.64,100.0,100.14,4808,475424.2,55
2026-07-21,INE418N01035,ESSENTIA,BE,1.15,1.17,1.14,1.15,1.15,1.16,1254389,1451267.02,723
2026-07-21,INE306R01017,INTELLECT,EQ,755.2,783.9,753.35,759.35,759.0,751.45,577239,444256446.25,25600
2026-07-21,INE781A01025,INTENTECH,EQ,91.35,93.4,91.21,91.79,91.9,91.71,9677,893894.94,214
2026-07-21,INE00M901018,INTERARCH,EQ,1868.2,1868.2,1796.8,1805.4,1812.0,1849.7,41597,75626130.3,4462
2026-07-21,INE646L01027,INDIGO,EQ,5249.0,5325.0,5234.0,5305.0,5287.0,5229.0,920977,4874639805.0,55698
2026-07-21,INE575C01027,INTLCONV,EQ,78.0,79.79,76.51,77.28,77.6,78.72,53089,4106268.57,1236
2026-07-21,INE0Q9301021,IGIL,EQ,345.0,349.0,341.0,345.4,342.1,342.15,465847,161023230.65,16864
2026-07-21,INE566K01011,ISFT,EQ,72.67,75.0,72.67,73.27,72.7,72.67,9055,670245.08,102
2026-07-21,INE878H01024,INVENTURE,EQ,0.91,0.92,0.9,0.9,0.9,0.9,672027,607992.65,290
2026-07-21,INE115Q01022,IKS,EQ,1901.8,1901.8,1880.0,1882.8,1886.5,1901.9,46681,88050583.1,7625
2026-07-21,INF205KA1BP1,IVZINGOLD,EQ,123.3,126.7,121.05,124.0,124.05,123.2,131540,16297858.6,488
2026-07-21,INF205K01DA9,IVZINNIFTY,EQ,2770.01,2783.88,2763.9,2772.32,2776.1,2777.35,148,410133.33,41
2026-07-21,INE155E01016,INVPRECQ,EQ,839.6,898.4,827.0,886.8,890.0,832.35,13789,12045110.05,673
2026-07-21,INE0XJ501010,INVICTA,ST,69.25,69.25,69.25,69.25,69.25,66.0,1600,110800.0,1
2026-07-21,INE485C01029,IOLCP,EQ,156.49,156.49,148.67,151.0,151.14,155.43,2227346,337369269.6,17112
2026-07-21,INE570A01022,IONEXCHANG,EQ,434.95,441.95,432.0,437.7,439.3,434.05,428289,187014511.2,15258
2026-07-21,INE571A01038,IPCALAB,EQ,1830.0,1844.9,1785.1,1799.0,1794.3,1838.6,437799,790114100.0,26835
2026-07-21,INE821I01022,IRB,EQ,20.0,20.0,19.85,19.96,19.99,19.91,5201287,103665977.09,14725
2026-07-21,INE183W23014,IRBINVIT,IV,62.22,62.99,62.12,62.85,62.9,62.12,2169558,136027918.02,4174
2026-07-21,INE962Y01021,IRCON,EQ,129.5,130.1,128.65,129.06,128.98,129.64,593550,76725163.13,8548
2026-07-21,INE202E07138,880IREDA29,N5,1130.0,1130.0,1103.24,1115.0,1115.0,1124.11,807,897583.79,9
2026-07-21,INE01GN01025,IRISDOREME,EQ,46.31,46.82,44.6,46.03,46.1,46.31,311601,14205404.19,2734
2026-07-21,INE864K01010,IRIS,EQ,243.3,244.9,235.0,237.95,243.0,241.5,6884,1651178.5,354
2026-07-21,INE07U701015,IRMENERGY,EQ,260.5,265.0,258.2,260.75,263.65,260.45,35605,9289635.2,1066
2026-07-21,INE413U07459,920ISF28B,N0,9867.21,9867.21,9867.21,9867.21,9867.21,9831.8,10,98672.1,1
2026-07-21,INE413U07442,925ISF28,N0,9611.0,9611.0,9611.0,9611.0,9611.0,9606.0,1,9611.0,1
2026-07-21,INE413U07392,950ISF27A,N0,99239.84,99239.84,99239.84,99239.84,99239.84,99650.0,1,99239.84,1
2026-07-21,INE413U07418,975ISF28,N0,109550.99,109550.99,109550.99,109550.99,109550.99,98958.29,1,109550.99,1
2026-07-21,INE858B01029,ISGEC,EQ,886.05,890.45,876.45,879.95,888.0,881.6,19857,17504005.9,2744
2026-07-21,INE561M01018,ISHANCH,EQ,53.75,53.75,51.1,52.17,53.39,52.58,19819,1035450.16,143
2026-07-21,INE0LCW01025,ISHAN,SM,0.5,0.5,0.5,0.5,0.5,0.5,192000,96000.0,3
2026-07-21,INE0R7R01018,ITALIANE,SM,33.55,33.55,33.0,33.0,33.0,35.0,10000,331900.0,5
2026-07-21,INE379A01028,ITCHOTELS,EQ,167.0,169.49,163.55,164.37,163.9,167.05,4102425,680788048.52,52957
2026-07-21,INE154A01025,ITC,EQ,283.0,283.95,278.8,281.0,281.2,282.7,9858768,2769159109.55,297080
2026-07-21,INE248A01017,ITI,EQ,282.0,288.0,281.15,285.65,285.1,281.8,312301,88695842.15,7362
2026-07-21,INE056801025,IVALUE,EQ,298.25,301.1,288.6,290.8,291.0,298.25,199184,58279944.95,4809
2026-07-21,INE043C01018,IVP,BE,158.8,160.9,155.3,157.19,159.5,157.42,2611,414296.58,73
2026-07-21,INE1AII01014,IWARE,ST,479.1,479.1,479.1,479.1,479.1,504.3,7200,3449520.0,11
2026-07-21,INE848A01014,IZMO,EQ,1080.0,1134.4,1079.7,1103.8,1108.5,1080.4,115883,128888547.2,5255
2026-07-21,INE168A01041,J&KBANK,EQ,183.25,192.0,182.3,186.93,188.8,182.25,9197714,1709719848.96,54765
2026-07-21,INE0MB501011,JGCHEM,EQ,489.25,524.4,489.0,493.35,493.9,489.2,1298132,662240722.5,32033
2026-07-21,INE199G01027,JAGRAN,EQ,63.48,63.48,62.76,62.98,63.2,62.91,153605,9679490.51,5394
2026-07-21,INE048B01035,JAGSNPHARM,EQ,222.8,226.16,220.15,222.06,223.25,223.02,44371,9889449.3,1600
2026-07-21,INE091G01026,JAIBALAJI,BE,64.75,64.75,62.11,62.76,62.8,63.69,423753,26581423.71,810
2026-07-21,INE070D01027,JAICORPLTD,EQ,107.0,107.52,105.05,105.34,105.25,107.15,293640,31053129.24,2600
2026-07-21,IN9175A01010,JISLDVREQS,EQ,22.0,22.18,21.51,21.62,21.53,22.1,44633,974387.13,152
2026-07-21,INE175A01038,JISLJALEQS,EQ,30.69,30.88,30.25,30.34,30.4,30.7,738871,22495877.05,2543
2026-07-21,INE0YD401026,JAINREC,EQ,321.15,334.5,321.15,328.45,328.0,327.85,706510,232740253.9,18028
2026-07-21,INE0XIL01012,JAINIK,SM,190.0,190.1,184.6,189.95,189.95,180.75,40800,7708560.0,32
2026-07-21,INE351F01018,JPPOWER,EQ,17.89,18.25,17.45,17.75,17.72,16.89,217908068,3874655479.3,126321
2026-07-21,INE349X01015,JALAN,ST,1.75,1.75,1.75,1.75,1.75,1.8,12000,21000.0,4
2026-07-21,INE039C01032,JAMNAAUTO,EQ,134.45,138.75,133.12,136.07,135.89,134.46,2769330,378042297.03,29343
2026-07-21,INE953L01027,JSFB,EQ,535.75,569.8,531.6,561.6,562.0,531.6,3046641,1690536902.2,54801
2026-07-21,INE00YJ01010,JARO,EQ,493.75,493.75,482.0,483.35,482.55,493.75,81317,39574166.0,2414
2026-07-21,INE039O01029,JASH,EQ,530.7,532.3,512.5,519.05,518.0,528.5,66927,34990738.3,2896
2026-07-21,INE0SMY01017,JAYBEE,SM,90.65,91.85,89.5,90.35,90.35,90.75,15500,1402700.0,26
2026-07-21,INE571B01036,JAYBARMARU,EQ,169.55,175.5,167.85,171.72,172.39,168.36,589754,101242400.99,7319
2026-07-21,INE0J6801010,KORE,SM,155.0,155.0,155.0,155.0,155.0,153.5,250,38750.0,1
2026-07-21,INE785A01026,JAYAGROGN,EQ,226.99,226.99,219.2,221.87,224.08,225.91,6804,1516726.34,334
2026-07-21,INE854B01010,JAYNECOIND,EQ,84.09,90.4,83.01,88.13,88.7,84.03,20557664,1809193124.3,79994
2026-07-21,INE1AE401014,JAYESH,SM,133.85,133.85,132.05,132.65,132.05,133.95,3000,398000.0,3
2026-07-21,INE903A01025,JAYKAY,EQ,169.22,171.59,166.0,168.43,168.0,167.71,92575,15611675.03,2096
2026-07-21,INE364A01020,JAYSREETEA,EQ,81.99,82.59,81.0,81.68,81.8,81.54,15610,1274671.59,411
2026-07-21,INE927D01051,JBMA,EQ,668.05,673.35,663.0,666.85,667.5,670.8,164749,110020647.8,7879
2026-07-21,INE0J5801029,JSLL,EQ,578.1,582.4,570.1,573.85,575.15,575.05,211083,121591810.8,8404
2026-07-21,INE982V01025,JETFREIGHT,EQ,23.95,23.95,23.1,23.72,23.95,23.5,162096,3823108.61,568
2026-07-21,INE0RXB01022,JEYYAM,ST,24.9,24.9,24.6,24.6,24.6,25.85,20000,492700.0,10
2026-07-21,INE0LA901015,JFLLIFE,SM,10.55,10.55,10.45,10.5,10.5,11.0,30000,314700.0,4
2026-07-21,INE544H01014,JHS,EQ,7.63,7.63,7.26,7.28,7.28,7.26,32229,239134.78,121
2026-07-21,INE03DD01011,RETAIL,EQ,17.4,17.4,16.85,16.91,16.85,16.83,1750,29591.97,46
2026-07-21,INE147P01019,JPOLYINVST,EQ,1091.9,1099.0,1085.3,1091.4,1091.0,1089.1,1478,1613348.9,220
2026-07-21,INE742C01031,JINDRILL,EQ,603.9,603.9,589.0,593.5,589.0,601.4,114118,67675443.7,3836
2026-07-21,INE796G01012,JINDALPHOT,EQ,1102.7,1119.8,1090.1,1094.2,1097.7,1102.7,3155,3470333.5,421
2026-07-21,INE197D01010,JINDALPOLY,EQ,673.0,682.0,663.85,669.85,671.5,666.25,18522,12454785.95,1274
2026-07-21,INE324A01032,JINDALSAW,EQ,265.0,270.4,261.15,262.25,261.15,265.95,822222,218362257.9,16618
2026-07-21,INE220G01021,JSL,EQ,744.05,755.0,737.3,739.05,740.0,730.75,718947,534036692.9,34566
2026-07-21,INE749A01030,JINDALSTEL,EQ,1035.0,1050.5,1030.5,1044.7,1048.0,1033.3,638437,665415288.8,18295
2026-07-21,INE247D01039,JINDWORLD,EQ,31.56,37.86,31.0,37.64,37.75,31.55,100856338,3681749395.5,145862
2026-07-21,INE1FF001016,JKIPL,BE,93.0,96.95,92.0,93.39,93.2,92.74,78948,7445405.44,147
2026-07-21,INE758E01017,JIOFIN,EQ,239.48,241.2,236.71,240.03,240.55,238.92,17460387,4166637669.76,92129
2026-07-21,INE863T01013,JITFINFRA,EQ,381.0,388.3,375.0,378.5,376.0,386.05,29940,11397466.15,945
2026-07-21,INE823G01014,JKCEMENT,EQ,5480.0,5750.0,5479.5,5658.0,5669.0,5453.0,297053,1681763650.5,56342
2026-07-21,INE786A01032,JKLAKSHMI,EQ,575.0,585.85,572.0,582.1,583.0,571.5,123357,71654668.55,10828
2026-07-21,INE789E01012,JKPAPER,EQ,371.05,378.2,370.0,375.95,376.0,371.95,218655,82266502.2,10590
2026-07-21,INE573A01042,JKTYRE,EQ,403.95,406.8,397.45,398.65,399.0,402.0,903465,362115301.8,14842
2026-07-21,INE576I01022,JKIL,EQ,496.05,504.4,493.35,495.4,493.6,496.35,19846,9830225.7,1389
2026-07-21,INE780C01023,JMFINANCIL,EQ,123.53,127.48,123.5,124.04,123.97,123.78,2926847,366242874.37,40970
2026-07-21,INE0OAF01028,JNKINDIA,EQ,470.0,486.0,451.15,480.35,483.8,468.75,457900,214487107.6,12059
2026-07-21,INE839G01010,JOCIL,BE,145.0,145.0,140.0,140.16,141.0,140.15,1171,166575.32,22
2026-07-21,INE515A01019,COCKERILL,EQ,9320.0,9467.0,9132.5,9182.0,9156.0,9185.5,4704,43636589.0,1538
2026-07-21,INE718I01012,JSWCEMENT,EQ,140.59,143.4,140.1,140.97,141.0,140.59,3996510,564401159.47,21127
2026-07-21,INE133A01011,JSWDULUX,EQ,3017.4,3017.5,2970.1,2982.3,2971.0,3003.5,5931,17737498.8,1851
2026-07-21,INE121E01018,JSWENERGY,EQ,569.5,571.2,560.25,566.2,565.0,567.7,1575125,891102617.65,32576
2026-07-21,INE824G01012,JSWHL,EQ,10908.0,11120.0,10908.0,10981.0,10971.0,11051.0,2155,23729300.0,1311
2026-07-21,INE880J01026,JSWINFRA,EQ,350.45,351.5,342.05,344.55,345.5,348.45,3328819,1150157343.4,55271
2026-07-21,INE019A01038,JSWSTEEL,EQ,1259.0,1271.4,1252.0,1267.4,1268.8,1257.0,1941639,2459149597.0,57112
2026-07-21,INE643A01035,JTEKTINDIA,EQ,134.0,135.0,132.25,133.82,133.1,134.51,126024,16868334.86,2471
2026-07-21,INE391J01032,JTLIND,EQ,76.63,77.6,74.2,76.35,76.32,75.03,1258786,96038497.24,9396
2026-07-21,INE03CC01015,JUBLCPL,EQ,1960.0,1995.2,1920.1,1930.6,1921.0,1968.4,5650,10980083.5,781
2026-07-21,INE797F01020,JUBLFOOD,EQ,424.65,426.75,420.1,425.5,425.0,424.85,1225065,519617879.95,23118
2026-07-21,INE0BY001018,JUBLINGREA,EQ,741.0,773.25,741.0,763.8,763.2,736.85,793618,606567362.9,42165
2026-07-21,INE700A01033,JUBLPHARMA,EQ,1025.0,1025.05,1003.2,1007.8,1004.0,1023.85,71476,72388906.1,11346
2026-07-21,INE412C01023,JMA,EQ,89.95,90.5,87.3,87.63,87.3,89.08,6121,539004.37,81
2026-07-21,INE696F01016,JUNIPER,EQ,195.51,199.0,194.75,196.88,196.11,195.4,78138,15307510.55,1173
2026-07-21,INE682M01012,JLHL,EQ,1572.3,1573.7,1550.2,1567.1,1570.5,1558.1,17744,27746928.7,2845
2026-07-21,INE209L01016,JWL,EQ,252.9,252.9,249.4,250.35,250.8,251.55,456230,114341212.7,9579
2026-07-21,INE599M01018,JUSTDIAL,EQ,755.0,776.95,737.4,743.4,751.05,747.35,1780252,1340478070.75,39008
2026-07-21,INE668F01031,JYOTHYLAB,EQ,200.9,202.99,200.16,200.3,200.9,201.07,319449,64273654.17,7036
2026-07-21,INE980O01024,JYOTICNC,EQ,801.75,812.0,794.0,802.9,800.0,803.05,594410,477877883.0,22359
2026-07-21,INE197A01024,JYOTISTRUC,EQ,11.13,11.38,11.07,11.17,11.17,11.17,3039414,33981834.23,2896
2026-07-21,INE157H01023,KMSUGAR,EQ,28.55,29.2,28.4,28.98,28.94,28.57,104000,2997964.3,779
2026-07-21,INE127T01021,KPEL,EQ,316.85,318.7,307.2,309.7,312.0,316.85,198732,61882932.3,4606
2026-07-21,INE0DEZ01013,K2INFRA,ST,57.05,59.9,55.8,59.05,59.85,57.05,18000,1064250.0,26
2026-07-21,INE900B01029,KABRAEXTRU,EQ,355.45,363.8,348.15,359.3,359.05,351.65,166119,59346978.25,7165
2026-07-21,INE0XOW01017,KKJEWELS,SM,104.9,114.0,104.9,109.5,109.5,99.9,29000,3212700.0,25
2026-07-21,INE217B01036,KAJARIACER,EQ,1242.2,1249.0,1226.2,1229.3,1228.1,1242.2,158877,196358483.2,11389
2026-07-21,INE437B01014,KAKATCEM,BE,118.05,122.0,118.05,121.39,121.8,121.93,980,118835.65,20
2026-07-21,INE0T0L01014,KALANA,SM,18.0,19.0,18.0,19.0,19.0,19.0,32000,587800.0,7
2026-07-21,INE227J01012,KALPATARU,EQ,274.9,299.4,270.9,276.35,275.35,272.2,929121,266602516.35,19273
2026-07-21,INE220B01022,KPIL,EQ,1331.0,1349.0,1323.1,1341.7,1344.0,1323.4,124226,166590767.2,12118
2026-07-21,INE303R01014,KALYANKJIL,EQ,568.0,580.75,555.05,577.0,578.5,570.0,28810655,16383110690.95,197040
2026-07-21,INE314G01014,KALYANIFRG,EQ,606.65,607.7,595.0,598.75,597.1,600.65,2282,1379726.65,156
2026-07-21,INE029L01018,KICL,EQ,5559.5,5625.0,5540.0,5567.0,5600.0,5537.0,1359,7570444.0,363
2026-07-21,INE907A01026,KSL,EQ,920.55,928.0,893.8,900.35,900.0,921.7,21842,19843508.7,2036
2026-07-21,INE411F01010,KAMAHOLD,EQ,2627.1,2750.0,2610.2,2720.6,2721.0,2620.4,14848,39893213.2,2318
2026-07-21,INE967C01018,KAMATHOTEL,EQ,176.51,176.51,169.75,172.02,172.49,174.76,73724,12695060.84,1774
2026-07-21,INE390H01020,KAMDHENU,BE,34.6,34.6,33.0,33.53,34.0,33.66,561365,18964874.04,892
2026-07-21,INE0BTI01037,KAMOPAINTS,EQ,4.56,4.69,4.5,4.54,4.59,4.54,276704,1264867.52,710
2026-07-21,INE879E01037,KANANIIND,EQ,1.49,1.52,1.49,1.51,1.51,1.48,50055,75186.34,132
2026-07-21,INE081G01019,KANCHI,BE,357.45,363.6,353.55,353.75,358.95,358.5,469,167180.35,27
2026-07-21,INE0MOT01016,KANDARP,SM,102.5,102.5,97.5,97.5,97.5,95.0,2000,200000.0,2
2026-07-21,INE138C01024,KANORICHEM,BE,149.25,153.65,146.1,152.21,153.64,146.34,85352,12890808.26,764
2026-07-21,INE694E01014,KANPRPLA,EQ,208.5,208.5,200.0,202.01,205.0,203.99,9878,2018872.86,443
2026-07-21,INE531A01024,KANSAINER,EQ,201.25,203.7,200.38,202.24,202.0,201.2,142846,28925482.35,5728
2026-07-21,INE542Z01028,KAPSTON,EQ,439.7,455.0,430.1,451.95,453.3,432.25,76687,34098656.35,4132
2026-07-21,INE725L01011,KARMAENG,EQ,37.31,39.39,37.31,39.09,39.38,37.84,8412,319980.53,76
2026-07-21,INE614B01018,KTKBANK,EQ,275.35,282.5,274.15,281.3,282.5,275.25,2605464,728313102.75,22713
2026-07-21,INE0MGA01012,KARNIKA,SM,115.0,117.95,114.0,117.3,117.95,115.4,30000,3478550.0,25
2026-07-21,INE036D01028,KARURVYSYA,EQ,310.05,345.35,310.05,340.3,340.45,301.0,83899658,27906137794.4,669895
2026-07-21,INE0SVY01018,KATARIA,SM,101.0,101.0,99.75,99.85,99.75,102.1,3600,362250.0,3
2026-07-21,INE234I01028,KAUSHALYA,BE,887.0,915.0,887.0,901.9,900.1,883.6,475,429024.95,57
2026-07-21,INE0Q2V01012,KLL,SM,28.5,31.95,28.5,30.15,30.45,29.85,8000,241000.0,9
2026-07-21,INE455I01029,KSCL,EQ,846.0,874.0,844.0,867.45,863.2,845.05,95084,82142876.7,4822
2026-07-21,INE641C01019,KAVDEFENCE,EQ,60.75,60.75,58.25,58.63,58.37,58.58,60880,3598996.89,941
2026-07-21,INE0RCG01017,KCEIL,ST,90.15,90.75,90.15,90.75,90.75,90.1,4500,407875.0,5
2026-07-21,INE587G01015,KAYA,EQ,247.01,247.74,244.06,245.12,246.5,248.34,1073,263714.17,71
2026-07-21,INE918Z01012,KAYNES,EQ,3339.0,3356.1,3261.0,3272.1,3270.2,3328.8,536908,1766798423.1,31586
2026-07-21,INE13ZD01013,KAYTEX,SM,59.0,59.0,58.7,58.7,58.7,58.7,1600,94160.0,2
2026-07-21,INE0J1E01027,KCK,SM,16.75,17.9,16.75,16.9,16.85,16.75,487500,8379375.0,122
2026-07-21,INE805C01028,KCP,EQ,171.0,172.49,165.92,168.68,167.85,170.58,74675,12625402.02,1642
2026-07-21,INE790B01024,KCPSUGIND,EQ,25.0,26.05,24.1,25.81,25.7,21.71,5896724,151271206.36,10255
2026-07-21,INE291D01011,KDDL,EQ,3222.9,3222.9,3152.0,3176.2,3195.9,3191.0,4563,14515971.0,1391
2026-07-21,INE389H01022,KEC,EQ,488.05,494.85,486.5,490.8,491.55,487.75,379332,185948919.6,12805
2026-07-21,INE878B01027,KEI,EQ,4940.0,4988.5,4914.0,4974.5,4965.0,4928.5,193449,958336281.5,31240
2026-07-21,INE164B01030,KELLTONTEC,EQ,14.75,14.92,14.66,14.69,14.68,14.75,836976,12333113.99,1990
2026-07-21,INE15DO01012,KEN,SM,34.55,36.8,34.55,36.45,36.45,36.05,9600,344820.0,8
2026-07-21,INE717A01029,KENNAMET,EQ,2783.7,2838.8,2761.0,2790.3,2775.0,2783.7,2326,6472646.3,719
2026-07-21,INE202H01019,KERNEX,EQ,2127.0,2177.0,2100.0,2131.4,2138.0,2120.1,86145,184385731.7,8253
2026-07-21,INE087A01019,KESORAMIND,BE,11.86,11.86,11.86,11.86,11.86,11.63,123102,1459989.72,134
2026-07-21,INE401H01017,KKCL,EQ,507.95,515.0,501.05,511.4,513.0,505.0,54987,28104309.5,3349
2026-07-21,INE681C01015,KEYFINSERV,EQ,268.36,268.37,257.72,264.8,266.4,265.4,768,201828.08,59
2026-07-21,INE263M01029,RUSTOMJEE,EQ,417.4,417.4,409.5,410.75,412.8,413.85,19038,7841661.5,973
2026-07-21,INE138Y01010,KFINTECH,EQ,878.0,897.4,878.0,888.85,892.5,881.8,475255,423081082.2,15793
2026-07-21,INE834I01025,KHADIM,BE,95.7,99.42,95.5,97.14,98.25,98.02,17179,1663894.37,327
2026-07-21,INE731C01018,KHAITANLTD,BE,126.0,130.3,126.0,130.2,130.0,124.1,3418,442270.25,36
2026-07-21,INE745B01028,KHAICHEM,BE,48.93,49.8,48.51,49.18,49.25,48.93,43513,2143742.05,269
2026-07-21,INE060B01014,KHANDSE,EQ,17.5,17.5,16.5,16.86,17.0,17.41,866,14699.83,48
2026-07-21,INE338F01015,KLBRENG-B,EQ,440.0,445.0,433.8,437.05,445.0,440.85,56436,24703355.55,2730
2026-07-21,INE729D01010,KILITCH,BE,180.5,183.55,177.0,182.53,182.0,178.15,7651,1389651.16,119
2026-07-21,INE473D01015,KINGFA,EQ,5051.5,5073.5,5010.0,5049.5,5073.5,5050.0,2621,13200084.0,904
2026-07-21,INE880L01014,KIOCL,EQ,370.3,374.5,366.1,368.9,369.2,371.8,42493,15687749.2,2420
2026-07-21,INE555P01013,KIRANVYPAR,EQ,188.15,197.5,188.15,197.2,197.5,194.15,2704,530462.67,57
2026-07-21,INE415I01015,KIRIINDUS,EQ,411.3,416.7,405.75,407.95,409.0,408.25,185746,76193042.15,5235
2026-07-21,INE732A01036,KIRLOSBROS,EQ,1898.2,1921.6,1876.9,1911.0,1908.0,1899.2,51370,97645321.4,7302
2026-07-21,INE134B01017,KECL,BE,121.7,127.71,121.7,127.71,127.71,121.63,233087,29628294.05,1235
2026-07-21,INE884B01025,KIRLFER,EQ,483.95,487.9,465.7,468.05,466.95,480.3,83017,39250057.45,7859
2026-07-21,INE250A01039,KIRLOSIND,EQ,3888.0,3901.0,3825.5,3852.5,3825.5,3866.8,3685,14241217.0,735
2026-07-21,INE146L01010,KIRLOSENG,EQ,2222.0,2270.3,2215.0,2221.7,2222.0,2221.7,246362,548858694.7,21905
2026-07-21,INE811A01020,KIRLPNU,EQ,1739.1,1741.1,1575.6,1616.1,1615.0,1720.3,915604,1493357783.9,85756
2026-07-21,INE602G01020,KITEX,EQ,150.5,150.5,148.03,148.68,148.19,150.64,304116,45354151.71,3016
2026-07-21,INE0KNW01016,KNAGRI,EQ,197.4,207.9,196.53,205.35,207.9,196.02,9221,1835715.3,117
2026-07-21,INE17QZ01016,KNACK,EQ,188.63,196.59,188.16,194.44,194.36,188.63,1537505,295770988.29,15161
2026-07-21,INE0CJD01029,KMEW,EQ,2431.0,2463.6,2417.0,2451.8,2460.0,2445.3,36988,90321237.2,6590
2026-07-21,INE1JAR25012,KRT,RR,115.7,116.68,115.1,116.0,115.99,115.79,829340,96185602.29,7190
2026-07-21,INE634I01029,KNRCON,EQ,123.41,126.8,123.26,124.01,124.2,123.94,437011,54244296.73,6317
2026-07-21,INE0Q7P01013,KODYTECH,SM,1259.95,1260.0,1182.0,1251.85,1260.0,1233.4,12500,15427710.0,107
2026-07-21,INE080B01012,KOHINOOR,EQ,23.92,24.21,23.6,23.77,23.65,23.92,63150,1501184.44,1280
2026-07-21,INE760A01029,KOKUYOCMLN,EQ,85.99,86.98,83.81,85.32,85.85,84.22,29844,2548893.19,572
2026-07-21,INE094I01018,KOLTEPATIL,EQ,377.05,390.9,376.45,382.25,384.4,374.95,42029,16049246.2,2235
2026-07-21,INE0QEI01011,KONSTELEC,ST,59.7,61.0,59.7,60.0,60.0,62.75,6000,360700.0,6
2026-07-21,INE0KZ301010,KONTOR,SM,59.6,59.6,59.6,59.6,59.6,59.6,600,35760.0,1
2026-07-21,INE082A01010,KOPRAN,BE,206.8,207.0,203.1,204.01,204.0,203.13,116371,23884541.62,530
2026-07-21,INE0O4R01018,KDL,SM,112.35,116.0,112.0,115.05,116.0,115.0,14550,1656532.5,74
2026-07-21,INF174KA1HJ8,GOLD1,EQ,118.04,118.99,118.04,118.86,118.85,118.04,1552513,184202153.36,5743
2026-07-21,INE237A01036,KOTAKBANK,EQ,383.0,386.95,381.05,385.95,386.0,382.05,17152911,6597906826.0,170325
2026-07-21,INF174K014P6,NIFTY1,EQ,269.4,271.79,267.64,268.26,268.5,269.09,30378,8152714.28,1241
2026-07-21,INF174KA1A86,PSUBANK,EQ,86.6,87.22,85.46,85.84,87.0,86.47,2017365,174081656.92,2282
2026-07-21,INF174KA1XV0,CHEMICAL,EQ,30.65,31.1,30.55,31.03,31.1,30.52,1373640,42511283.93,1305
2026-07-21,INF174KA1IA5,ALPHA,EQ,51.63,52.15,51.51,52.09,52.05,51.65,542860,28225309.97,1747
2026-07-21,INF174KA1ZF8,CONS,EQ,12.12,12.16,12.05,12.13,12.12,12.07,5531,66891.26,85
2026-07-21,INF174KA1GC5,IT,EQ,31.63,32.65,31.63,32.2,32.21,32.45,254206,8216718.86,955
2026-07-21,INF174KA1LV5,LIQUID1,EQ,1114.3,1114.47,1114.2,1114.46,1114.47,1114.3,555936,619568427.36,577
2026-07-21,INF174KA1IY5,LOWVOL1,EQ,21.18,21.27,21.12,21.23,21.25,21.18,882086,18671275.29,157
2026-07-21,INF174KA1ZC5,MIDCAP,EQ,18.52,18.52,18.42,18.44,18.47,18.47,161894,2989222.91,642
2026-07-21,INF174KA1JF2,MNC,EQ,33.52,33.66,33.46,33.57,33.58,33.46,11060,371151.45,197
2026-07-21,INF174KA1ZD3,SILVER1,EQ,21.63,21.63,21.16,21.54,21.57,21.11,2581439,55253610.99,4569
2026-07-21,INF174KA1ZE1,NV20,EQ,13.91,14.2,13.91,14.06,14.05,14.17,38987,549564.88,193
2026-07-21,INF174KA1VW2,MID150,EQ,23.53,23.53,23.43,23.49,23.51,23.49,179431,4214412.34,145
2026-07-21,INF174KA1XS6,MOMENTUM30,EQ,30.62,30.78,30.56,30.7,30.71,30.44,13813,423563.4,62
2026-07-21,INF174KA1VD2,MSCIINDIA,EQ,29.91,30.01,29.83,29.89,29.89,29.91,14274,426697.65,83
2026-07-21,INF174KA1YO3,NEXT50ETF,EQ,73.0,73.2,72.67,73.09,73.1,72.84,6715,490025.6,58
2026-07-21,INF174KA1UW4,NIFTY100EW,EQ,35.64,35.64,34.9,35.14,35.39,34.94,323971,11352247.43,234
2026-07-21,INF174KA1WT6,QUALITY30,EQ,20.62,20.64,20.51,20.51,20.51,20.52,3689,75844.17,21
2026-07-21,INF174KA1ZB7,BANKNIFTY1,EQ,60.27,60.39,59.93,59.99,59.93,60.18,323670,19443187.25,739
2026-07-21,INE972A01020,KOTIC,EQ,174.79,175.34,166.42,167.95,168.0,169.73,13268,2240389.44,462
2026-07-21,INE720A01015,KOTHARIPET,EQ,130.11,131.95,128.72,129.15,129.43,130.11,29020,3773434.11,895
2026-07-21,INE823A01017,KOTHARIPRO,EQ,68.3,69.49,68.29,68.71,68.48,68.29,2933,202483.15,61
2026-07-21,INE419A01022,KOTARISUG,EQ,25.74,25.74,24.8,25.2,25.19,25.33,50130,1263088.73,215
2026-07-21,INE0J0B01017,KOTYARK,BE,33.87,34.76,33.62,34.48,34.5,34.56,23920,818239.63,217
2026-07-21,INE177F01017,KOVAI,EQ,5915.0,5988.0,5910.0,5935.5,5949.0,5926.0,1372,8153713.5,558
2026-07-21,INE542W01025,KPIGREEN,EQ,412.0,413.9,405.5,406.45,406.6,412.95,291878,118991924.55,8135
2026-07-21,INE04I401011,KPITTECH,EQ,561.95,578.4,560.6,564.45,564.85,561.2,3564358,2031015748.4,51343
2026-07-21,INE930H01031,KPRMILL,EQ,1117.7,1126.4,1097.1,1100.9,1099.5,1113.3,463581,514083179.4,28844
2026-07-21,INE001B01026,KRBL,EQ,355.0,358.3,353.05,355.05,354.0,355.45,165019,58623067.8,5111
2026-07-21,INE268B01013,KREBSBIO,EQ,54.94,55.5,54.1,55.08,55.4,54.3,3160,173981.71,75
2026-07-21,INE524L01026,KRIDHANINF,BE,2.62,2.62,2.5,2.56,2.57,2.52,15121,38175.38,40
2026-07-21,INE506W01020,KRISHANA,EQ,145.9,145.9,141.55,142.85,143.0,145.3,500821,71828732.0,4638
2026-07-21,INE0NR701018,KRISHCA,SM,170.0,170.0,169.5,169.7,169.9,165.1,3000,509625.0,6
2026-07-21,INE0GGO01015,KRISHIVAL,EQ,399.0,401.0,390.0,393.4,390.0,398.45,19856,7826773.7,648
2026-07-21,INE0J5601015,KRISHNADEF,EQ,1330.0,1339.0,1285.8,1293.6,1294.5,1302.5,66360,86636225.2,5479
2026-07-21,INE967H01025,KIMS,EQ,791.95,798.7,783.75,790.45,792.4,788.6,566589,447374309.6,43654
2026-07-21,INE479D01038,KRITI,BE,68.0,69.0,67.0,68.4,68.4,67.2,4102,278201.02,49
2026-07-21,INE798K01010,KRITINUT,BE,77.34,78.54,76.22,76.57,76.62,77.34,12389,952142.17,107
2026-07-21,INE00Z501029,KRITIKA,EQ,5.6,5.64,5.56,5.6,5.62,5.62,61453,344228.0,267
2026-07-21,INE1MTV01019,KRMAYURVED,ST,251.0,255.0,250.5,252.0,252.0,249.25,50000,12678300.0,23
2026-07-21,INE0Q3J01015,KRN,BE,1271.8,1271.8,1241.0,1255.4,1253.0,1269.4,33642,42253252.2,2833
2026-07-21,INE0ATZ01017,KRONOX,EQ,154.85,154.85,151.1,152.19,151.1,153.37,93340,14210452.38,1630
2026-07-21,INE0O6601022,KROSS,EQ,211.0,222.0,207.71,211.23,209.1,208.32,3874725,825515847.77,32788
2026-07-21,INE08LI01020,KRSNAA,EQ,546.65,554.45,540.1,552.35,549.4,546.65,39257,21536857.8,2685
2026-07-21,INE0QN801017,KRYSTAL,EQ,602.85,603.1,600.0,600.2,600.0,600.4,2202,1322170.1,97
2026-07-21,INE999A01023,KSB,EQ,915.25,915.25,898.55,906.8,906.9,907.2,33017,29878276.0,3960
2026-07-21,INE987S01020,KSHINTL,EQ,880.0,924.6,880.0,905.35,905.5,893.9,502597,455811875.95,36111
2026-07-21,INE013801027,KSHITIJPOL,BE,2.27,2.48,2.27,2.48,2.48,2.37,2337879,5735833.29,1603
2026-07-21,INE0D6I01023,KSOLVES,EQ,297.0,298.0,290.0,291.45,290.5,299.4,40044,11747400.65,1717
2026-07-21,INE1SPP01016,KSR,EQ,30.58,30.99,29.5,30.04,30.17,29.98,6299,188939.85,66
2026-07-21,INE529I01021,KUANTUM,EQ,75.62,76.28,75.4,75.59,75.4,75.09,27223,2060902.32,515
2026-07-21,INE0OWX01025,KEL,SM,82.95,84.5,80.0,80.0,80.0,79.0,14400,1180680.0,10
2026-07-21,INE0ISX01025,KUSUMGAR,EQ,563.5,584.4,558.0,567.25,568.25,565.8,818641,466416259.65,21055
2026-07-21,INE552U01010,KPL,EQ,2769.5,2769.5,2670.2,2686.6,2720.0,2743.0,9753,26271165.8,1547
2026-07-21,INE2KCE01013,KWIL,EQ,34.15,34.38,33.36,33.86,33.75,34.05,6263886,211661046.88,15625
2026-07-21,INE498L01015,LTF,EQ,305.7,309.8,300.45,306.75,307.4,305.85,6919270,2116885973.2,56474
2026-07-21,INE010V01017,LTTS,EQ,3349.5,3382.7,3293.0,3306.4,3305.2,3349.5,87836,291515335.1,10909
2026-07-21,INE059D01020,LAOPALA,EQ,184.01,193.0,184.01,189.71,190.9,185.87,198714,37598276.01,5326
2026-07-21,INE548Z01017,LAGNAM,EQ,88.9,89.0,86.41,88.7,89.0,88.9,4685,412170.22,86
2026-07-21,INE515C01023,LAHOTIOV,EQ,43.89,44.95,42.6,44.16,43.8,42.59,1667,73237.86,21
2026-07-21,INE850E01012,LFIC,EQ,145.0,145.0,141.0,143.85,141.0,143.23,337,48061.15,35
2026-07-21,INE651C01018,LAKPRE,BZ,5.51,5.51,5.02,5.35,5.35,5.25,614,3289.1,11
2026-07-21,INE0VZS01015,LAKSHYA,ST,101.95,101.95,98.0,98.0,98.0,100.0,6400,631040.0,8
2026-07-21,INE112F01022,LAMBODHARA,EQ,115.79,116.98,114.63,115.14,115.43,115.83,4634,536661.12,171
2026-07-21,INE0R0201012,LAMOSAIC,ST,46.1,48.0,45.5,46.45,46.05,46.85,185400,8617080.0,37
2026-07-21,INE572G01025,LANCORHOL,EQ,25.43,25.43,24.3,24.66,24.81,24.69,30886,763462.43,216
2026-07-21,INE559R01029,LANDMARK,EQ,532.9,536.35,523.5,532.2,530.0,535.35,610175,322881631.0,12651
2026-07-21,INE197J01017,LPDC,EQ,6.08,6.58,6.08,6.28,6.36,6.24,21046,133472.92,203
2026-07-21,INE688J01023,LANDSMILL,EQ,0.75,0.8,0.74,0.76,0.77,0.74,2335958,1789498.92,761
2026-07-21,INE018A01030,LT,EQ,3839.0,3859.5,3815.7,3846.6,3852.0,3838.8,1393919,5348985631.3,81459
2026-07-21,INE670X01014,LASA,EQ,7.02,7.63,7.02,7.3,7.34,7.13,22307,165633.58,140
2026-07-21,INE17IR01028,LASERPOWER,EQ,274.53,284.9,267.24,281.92,284.01,274.53,3935718,1090740790.83,37979
2026-07-21,INE0I7C01011,LATENTVIEW,EQ,310.1,312.4,304.35,305.4,306.35,310.7,455237,140121187.45,10920
2026-07-21,INE262Z01023,LATTEYS,BE,20.76,20.76,20.0,20.46,20.53,20.73,11255,229233.72,92
2026-07-21,INE947Q01028,LAURUSLABS,EQ,1559.7,1600.1,1557.0,1593.2,1593.0,1558.9,1871739,2972257351.8,60584
2026-07-21,INE801V01019,LAXMICOT,EQ,14.9,15.4,14.8,15.19,15.26,14.9,3516,53524.45,78
2026-07-21,INE0WO601020,LAXMIDENTL,EQ,222.82,234.0,222.01,224.84,225.86,224.21,393159,89878048.77,12150
2026-07-21,INE258Y01016,LGHL,EQ,208.0,215.48,207.0,208.47,207.0,211.94,12611,2655661.13,282
2026-07-21,INE06WU01026,LAXMIINDIA,BE,121.0,123.63,119.7,123.63,123.63,117.75,247652,30325018.53,1214
2026-07-21,INE576O01020,LXCHEM,EQ,176.49,182.44,175.6,181.53,181.15,176.55,3122009,562250963.72,28529
2026-07-21,INE938A01021,LCCINFOTEC,EQ,4.51,4.76,4.51,4.56,4.63,4.63,22979,106787.25,83
2026-07-21,INE0G1L01025,LEMERITE,EQ,20.56,21.2,19.92,20.03,20.32,20.96,355944,7279173.9,1133
2026-07-21,INE0HV901016,IXIGO,EQ,200.0,200.6,193.61,195.42,195.5,199.94,743591,145432179.34,16599
2026-07-21,INE0H4B01011,LRRPL,SM,92.0,92.0,92.0,92.0,92.0,90.1,4500,414000.0,3
2026-07-21,INE0AQ201015,THELEELA,EQ,490.0,495.3,482.2,487.65,488.0,492.55,136835,66761655.45,9475
2026-07-21,INE970X01018,LEMONTREE,EQ,111.42,111.63,110.0,110.95,111.18,111.63,4213486,466199914.33,27665
2026-07-21,INE956O01016,LENSKART,EQ,545.0,552.6,542.0,549.05,548.05,541.7,8421165,4620812312.9,132573
2026-07-21,INE500X01013,LEXUS,EQ,15.6,16.2,15.1,15.36,15.49,15.96,37309,573387.65,200
2026-07-21,INE337A01034,LGBBROSLTD,EQ,1550.0,1563.6,1536.2,1542.5,1551.0,1551.1,15660,24227897.3,1864
2026-07-21,INE324D01010,LGEINDIA,EQ,1564.6,1577.9,1554.9,1563.5,1561.0,1576.4,105867,166185720.3,10792
2026-07-21,INE908V01012,LIBAS,EQ,10.43,10.69,10.08,10.21,10.34,10.33,16897,171809.32,108
2026-07-21,INE557B01019,LIBERTSHOE,EQ,272.4,273.9,264.0,266.15,267.6,269.8,88726,23698594.75,2305
2026-07-21,INE115A01026,LICHSGFIN,EQ,553.95,554.35,547.0,548.6,548.7,552.45,345009,189617339.6,14733
2026-07-21,INF767K01SM1,LICMFGOLD,EQ,127.55,128.75,127.5,128.4,128.65,127.55,30721,3933129.35,312
2026-07-21,INF767K01OS7,LICNETFN50,EQ,272.34,272.34,270.33,271.0,271.0,272.45,578,156317.08,15
2026-07-21,INF767K01OT5,LICNETFSEN,EQ,878.28,878.28,872.0,876.24,876.24,880.31,9,7864.64,5
2026-07-21,INF767K01PC8,LICNFNHGP,EQ,277.84,277.84,275.83,276.44,277.48,277.72,54,14953.48,10
2026-07-21,INF767K01MV5,LICNETFGSC,EQ,29.4,29.5,29.4,29.45,29.46,29.4,17747,522330.91,70
2026-07-21,INF767K01RN1,LICNMID100,EQ,63.42,63.5,63.06,63.18,63.21,63.14,3823,241570.43,46
2026-07-21,INE0J1Y01017,LICI,EQ,433.0,434.35,427.5,429.7,431.0,433.0,1215548,522913355.8,21528
2026-07-21,INE060901027,LIKHITHA,EQ,231.0,241.0,231.0,235.25,233.6,235.35,34183,8074905.65,1027
2026-07-21,INE802B01027,LINC,EQ,108.5,108.79,104.11,105.61,104.8,107.21,34121,3612063.68,1187
2026-07-21,INE405C01035,LINCOLN,EQ,595.0,603.0,593.35,598.5,599.45,597.4,20985,12549828.5,1007
2026-07-21,INE473A01011,LINDEINDIA,EQ,6998.5,7072.5,6951.0,7004.0,6975.0,6996.5,17714,124283128.0,6002
2026-07-21,INE093R01011,LLOYDSENGG,EQ,91.19,92.98,90.24,91.17,90.8,90.71,11576196,1060244632.8,38497
2026-07-21,INE080I01025,LLOYDSENT,EQ,82.46,83.42,81.2,81.49,81.5,82.23,3399253,280390900.3,15361
2026-07-21,INE0DTQ01028,LLOYDS,ST,75.0,75.0,74.5,74.5,74.5,74.5,2000,149500.0,2
2026-07-21,INE281B01032,LLOYDSME,EQ,1916.4,1944.9,1903.2,1936.4,1933.0,1907.9,681812,1318659445.9,27434
2026-07-21,INE269B01029,LMW,EQ,16142.0,16250.0,16054.0,16113.0,16145.0,16099.0,1267,20457774.0,621
2026-07-21,INE670K01029,LODHA,EQ,1188.75,1205.0,1182.25,1198.95,1200.0,1188.4,1188038,1417594871.8,31649
2026-07-21,INE397H01017,LOKESHMACH,BE,343.1,343.1,343.1,343.1,343.1,336.4,11829,4058529.9,91
2026-07-21,INE846D01012,LORDSCHLO,EQ,142.37,149.9,141.68,148.33,149.0,142.37,22794,3353419.7,959
2026-07-21,INE740X01023,LAL,EQ,9.1,9.1,8.45,8.51,8.47,8.75,15950,136780.22,125
2026-07-21,INE947I01017,LOTUSEYE,EQ,121.0,126.99,117.1,121.73,121.02,121.42,18844,2311277.6,459
2026-07-21,INE597L01014,LOVABLE,EQ,74.87,75.39,74.0,74.25,74.0,74.62,4855,362071.34,242
2026-07-21,INE970D01010,LOYALTEX,EQ,201.0,203.0,201.0,202.0,202.0,201.0,65,13105.98,9
2026-07-21,INE818H01020,LTFOODS,EQ,384.0,388.0,378.5,380.0,378.65,385.35,257176,98458601.05,10820
2026-07-21,INE214T01019,LTM,EQ,4090.1,4114.9,4023.1,4047.1,4048.0,4083.9,226184,917878426.1,20112
2026-07-21,INE872H01027,LUMAXTECH,EQ,1452.6,1469.8,1432.9,1462.6,1451.5,1456.2,82699,119860374.6,8142
2026-07-21,INE162B01018,LUMAXIND,EQ,5184.0,5229.5,5098.5,5122.5,5165.0,5184.0,9047,46563257.5,1621
2026-07-21,INE326A01037,LUPIN,EQ,2484.0,2523.7,2476.1,2514.8,2516.0,2478.5,782143,1959111841.2,35902
2026-07-21,INE150G01020,LUXIND,EQ,1281.2,1286.8,1249.2,1252.6,1258.5,1279.5,19960,25224829.5,2109
2026-07-21,INE933A01014,LYKALABS,BE,68.7,70.75,65.3,65.93,65.5,68.73,53179,3548518.16,249
2026-07-21,INE08N601015,MBEL,EQ,317.55,321.5,311.6,314.05,315.0,317.4,100459,31617308.85,6215
2026-07-21,INE964W01021,MKPL,EQ,4.29,4.34,4.21,4.27,4.31,4.29,115484,492497.24,413
2026-07-21,INE813V01022,MCL,EQ,53.16,53.94,52.6,53.01,53.2,52.64,15159,805032.26,367
2026-07-21,INE774D01024,M&MFIN,EQ,324.0,363.0,319.4,349.85,347.65,322.55,20318674,6979618627.45,184809
2026-07-21,INE0SGC01015,MVKAGRO,SM,400.9,407.5,394.5,405.95,405.95,400.9,6900,2777430.0,18
2026-07-21,INE215I01027,MAANALU,EQ,114.88,115.65,112.35,115.0,115.6,113.29,32193,3680906.65,701
2026-07-21,INE435D01014,MCCHRLS-B,EQ,726.1,726.1,687.0,693.95,690.0,701.5,1211,844797.05,46
2026-07-21,INE0R0J01010,MACOBSTECH,SM,209.0,209.0,207.0,207.5,207.5,207.0,3200,665200.0,4
2026-07-21,INE155Z01011,MACPOWER,EQ,1315.3,1393.5,1271.0,1348.2,1350.0,1302.3,37712,49820026.8,3342
2026-07-21,INE631R01026,MADHAVIPL,EQ,8.3,8.3,8.02,8.13,8.2,8.07,103950,838333.58,627
2026-07-21,INE925C01016,MADHAV,EQ,35.6,36.45,34.4,35.94,36.0,34.4,407,14556.13,18
2026-07-21,INE378D01032,MADHUCON,BE,5.0,5.37,5.0,5.37,5.37,5.19,9534,48523.68,41
2026-07-21,INE0P6701019,MADHUSUDAN,ST,239.75,240.0,229.0,231.45,229.0,231.05,37000,8682750.0,33
2026-07-21,INE900L01028,MBAPL,EQ,147.0,148.0,143.0,143.75,144.95,145.55,3922944,568849627.75,28347
2026-07-21,INE414A01015,MADRASFERT,EQ,67.6,68.64,67.32,67.71,67.62,67.49,35380,2399308.88,597
2026-07-21,INE270B01035,MAFATIND,EQ,133.2,135.24,131.44,132.15,132.3,134.44,33229,4425739.92,899
2026-07-21,INE347W01011,MAGADSUGAR,EQ,507.0,515.25,491.2,512.0,509.2,494.0,23673,12015700.4,1143
2026-07-21,INE613C01026,MCLOUD,EQ,28.62,28.62,27.87,28.09,28.07,28.49,1842569,51823584.32,5180
2026-07-21,INE387I01016,MAGNUM,EQ,18.65,18.95,18.36,18.61,18.74,18.65,33022,614229.68,88
2026-07-21,INE0O1S01012,MAGSON,SM,180.5,191.0,180.0,190.65,191.0,182.0,7000,1292500.0,6
2026-07-21,INE843B01013,MAHAPEXLTD,EQ,44.01,45.0,43.63,44.85,45.0,43.97,3955,176469.4,90
2026-07-21,INE0US801024,MFML,EQ,18.2,18.73,18.2,18.72,18.73,18.15,465,8522.06,5
2026-07-21,INE112D01035,MHLXMIRU,EQ,137.0,138.99,136.88,138.71,138.98,137.03,6218,857687.1,190
2026-07-21,INE451L01014,MAHASTEEL,EQ,812.05,812.8,790.25,799.2,805.0,819.35,1775,1425346.25,136
2026-07-21,INE002S01010,MGL,EQ,1090.1,1102.1,1078.8,1081.4,1081.0,1090.9,129063,140229775.7,12496
2026-07-21,INE153A01019,MTNL,EQ,28.14,28.36,27.9,28.04,28.0,28.12,462755,12994029.86,2216
2026-07-21,INE288A01013,MAHSCOOTER,EQ,13038.0,13089.0,12852.0,12919.0,12896.0,13004.0,2827,36712597.0,1088
2026-07-21,INE271B01025,MAHSEAMLES,EQ,584.7,585.85,578.0,580.05,579.45,584.7,30688,17837999.7,4497
2026-07-21,INE263W01010,MAHESHWARI,BE,71.01,73.5,71.01,73.0,73.0,73.0,12973,945554.05,43
2026-07-21,INE961Y01015,MAHICKRA,SM,250.0,254.0,242.0,253.7,253.9,245.75,11250,2755087.5,6
2026-07-21,INE101A01026,M&M,EQ,3153.8,3212.0,3143.0,3201.7,3210.0,3165.5,1776773,5649066521.1,101949
2026-07-21,INE215D01010,MAHEPC,EQ,112.99,112.99,110.2,111.16,110.78,110.62,13870,1545050.66,344
2026-07-21,INE998I01010,MHRIL,EQ,227.5,228.59,225.41,227.97,226.61,226.56,57604,13097256.84,2123
2026-07-21,INE813A01018,MAHLIFE,EQ,370.0,376.4,366.25,369.2,370.0,373.2,378657,139846294.55,11423
2026-07-21,INE766P01016,MAHLOG,EQ,399.0,408.0,389.45,391.15,391.5,393.05,841734,334127878.0,19193
2026-07-21,INE683C01011,MAITHANALL,EQ,1012.0,1012.8,983.2,988.8,991.9,1012.5,49028,48590462.1,3197
2026-07-21,INE0PLQ01011,MAITREYA,SM,123.85,123.85,114.7,123.45,123.45,124.0,2000,240900.0,5
2026-07-21,INE201B01022,MAJESAUT,EQ,424.5,436.95,410.1,430.6,429.0,421.2,29895,12699824.45,2169
2026-07-21,INE389C01015,MALLCOM,EQ,1035.0,1046.0,1010.1,1020.8,1026.1,1034.1,995,1024613.1,147
2026-07-21,INE383H01017,MALUPAPER,EQ,28.7,30.45,28.7,30.15,30.18,28.9,13783,409665.3,140
2026-07-21,INE0TO701015,MAMATA,EQ,393.1,404.0,390.9,399.6,401.35,396.15,38491,15291587.4,1627
2026-07-21,INE830Q01018,MANAKCOAT,EQ,129.75,130.96,123.0,123.19,123.5,128.34,423291,52872321.33,3021
2026-07-21,INE993A01026,MANINDS,EQ,535.0,536.5,525.45,527.2,527.85,535.75,91755,48547907.4,4344
2026-07-21,INE949H01023,MANINFRA,EQ,100.75,100.75,99.5,99.67,100.0,100.54,567884,56775775.99,2733
2026-07-21,INE859Q01017,MANAKALUCO,EQ,36.8,37.35,36.5,36.74,36.9,36.83,38120,1405283.93,645
2026-07-21,INE015D01022,MANAKSIA,EQ,57.95,58.6,57.0,57.13,57.0,57.94,18908,1082872.68,278
2026-07-21,INE824Q01011,MANAKSTEEL,BE,75.77,76.7,72.3,73.49,72.3,76.08,21817,1620380.95,153
2026-07-21,INE201A01024,MANALIPETC,EQ,63.62,67.72,63.62,65.78,65.9,63.87,1219182,80437324.77,6960
2026-07-21,INE522D01027,MANAPPURAM,EQ,339.0,353.5,337.55,351.75,352.45,337.1,12016715,4192763192.85,152082
2026-07-21,INE0U4H01011,MPEL,ST,40.15,40.15,39.4,39.4,39.4,41.45,9600,380560.0,6
2026-07-21,INE939X01013,MANBA,EQ,136.7,142.0,136.7,139.83,142.0,137.82,535533,74012336.12,1806
2026-07-21,INE545L01039,MANCREDIT,EQ,225.6,226.19,219.9,220.39,220.04,224.21,201584,44627340.19,4492
2026-07-21,INE0PKD01011,MEIL,BE,301.45,305.0,295.25,297.9,298.9,301.45,10896,3264331.0,367
2026-07-21,INE00C401011,MAL,SM,32.0,32.5,31.35,32.0,32.0,32.95,30400,963680.0,18
2026-07-21,INE347A01017,MANGLMCEM,EQ,986.2,988.85,979.1,980.1,980.0,980.15,27368,26843705.2,699
2026-07-21,INE584F01014,MANGALAM,EQ,27.29,27.81,27.02,27.26,27.1,27.29,16834,458134.78,125
2026-07-21,INE0APB01032,MGEL,BE,16.05,17.1,16.05,16.65,16.7,16.4,62469,1039762.36,178
2026-07-21,INE370D01013,MANORG,BE,570.4,577.0,556.0,571.4,577.0,567.6,5161,2942330.6,74
2026-07-21,INE0JYY01029,MWL,EQ,37.6,37.6,36.3,36.55,36.5,36.8,212136,7776771.05,708
2026-07-21,INE0R3101011,MIEL,SM,12.75,12.75,12.4,12.4,12.4,12.75,6000,75200.0,3
2026-07-21,INE634S01028,MANKIND,EQ,2579.8,2588.2,2559.9,2579.5,2579.0,2565.8,165906,427576934.8,11835
2026-07-21,INE0KNT01012,MVGJL,EQ,155.87,160.0,155.2,158.22,158.79,157.28,32812,5181807.8,1336
2026-07-21,INE784W01015,MANOMAY,EQ,197.0,202.79,196.33,200.53,200.0,196.27,110437,22071961.93,2053
2026-07-21,INE00VM01036,MANORAMA,EQ,1601.1,1620.9,1600.5,1608.6,1607.1,1601.1,50167,80884903.3,5872
2026-07-21,INE867A01022,MANUGRAPH,BE,14.16,15.0,14.16,14.97,14.96,14.83,2583,37323.39,45
2026-07-21,INE882A01013,MARALOVER,BE,55.7,57.0,53.21,56.03,56.58,55.0,11941,661316.54,114
2026-07-21,INE182D01020,MARATHON,EQ,396.75,396.9,390.0,390.85,390.55,396.75,71897,28249256.4,1258
2026-07-21,INE0TD401015,MARC,SM,110.0,115.0,103.8,113.95,113.95,107.8,28800,3174180.0,22
2026-07-21,INE196A01026,MARICO,EQ,856.0,858.0,845.0,853.55,856.0,855.3,1219710,1038667204.25,40232
2026-07-21,INE01JE01028,MARINE,EQ,253.8,266.25,253.0,260.6,261.85,254.6,739293,192425419.0,12681
2026-07-21,INE0FW001016,MARKOLINES,EQ,172.75,181.85,172.75,177.11,176.0,172.6,807666,143821304.72,7296
2026-07-21,INE750C01026,MARKSANS,EQ,268.0,268.1,253.05,260.3,260.0,266.95,2109678,545721298.65,44436
2026-07-21,INE415B01044,MARSONS,EQ,113.1,119.99,112.93,117.2,117.9,113.07,2456411,285711763.59,20916
2026-07-21,INE585B01010,MARUTI,EQ,13520.0,13655.0,13348.0,13597.0,13640.0,13514.0,341101,4591656193.0,52592
2026-07-21,INE575Z01010,MDL,ST,70.7,70.7,70.0,70.0,70.0,70.0,14000,981400.0,3
2026-07-21,INE348L01012,MASFIN,EQ,319.8,325.6,316.55,320.95,321.0,318.25,111223,35837460.9,5045
2026-07-21,INE885F01015,MASKINVEST,BE,150.0,150.49,150.0,150.0,150.0,150.49,11,1654.41,4
2026-07-21,INE0SH001010,MASON,SM,120.0,134.0,119.0,124.2,123.4,120.85,30500,3855025.0,53
2026-07-21,INE759A01021,MASTEK,EQ,1755.0,1779.9,1739.0,1746.6,1747.0,1744.2,190220,333923371.3,15609
2026-07-21,INE0OJM01017,MASTER,SM,465.0,465.0,450.0,450.0,450.0,465.0,1500,685500.0,3
2026-07-21,INE677D01037,MASTERTR,EQ,85.9,87.13,85.4,86.15,86.1,86.22,343723,29659644.79,2121
2026-07-21,INE866R01028,MATRIMONY,EQ,444.8,449.35,435.25,437.85,444.5,439.7,9920,4374054.5,558
2026-07-21,INE132901013,MGSL,SM,60.5,60.5,58.7,58.7,58.7,60.75,20400,1203420.0,16
2026-07-21,INE636A01039,MAWANASUG,BE,111.72,117.65,111.1,116.98,116.22,112.05,169685,19675956.03,825
2026-07-21,INE03EI01018,MAXESTATES,EQ,402.3,408.95,398.25,399.2,400.0,402.3,80699,32561017.6,2983
2026-07-21,INE180A01020,MFSL,EQ,1550.0,1550.6,1524.0,1539.4,1538.5,1543.1,592403,910333829.0,37385
2026-07-21,INE027H01010,MAXHEALTH,EQ,1102.4,1105.3,1084.6,1100.4,1097.0,1102.4,2006432,2196777718.2,46373
2026-07-21,INE0CG601016,MAXIND,EQ,162.89,167.0,162.0,163.42,162.95,163.86,21067,3444235.7,643
2026-07-21,INE0ECC01022,MAXPOSURE,SM,34.5,35.5,34.5,34.6,34.5,35.0,6000,208500.0,4
2026-07-21,INE10A501018,MAXVOLT,ST,360.0,367.0,355.25,362.95,362.95,361.85,10400,3757240.0,25
2026-07-21,INE0ZTO01018,MAYASHEEL,SM,39.0,39.0,39.0,39.0,39.0,39.9,3000,117000.0,1
2026-07-21,INE040D01038,MAYURUNIQ,EQ,794.55,802.0,782.4,795.5,798.3,794.55,34484,27355985.85,3512
2026-07-21,INE249Z01020,MAZDOCK,EQ,2346.0,2360.0,2331.0,2354.1,2359.0,2346.5,347371,814840732.0,18609
2026-07-21,INE885E01042,MAZDA,BE,223.01,228.7,221.05,222.83,226.9,222.97,13111,2938191.99,209
2026-07-21,INE912H01013,MBLINFRA,BE,25.17,25.96,24.5,25.24,25.3,25.17,25296,641282.05,60
2026-07-21,INE942G01012,MCLEODRUSS,BE,53.2,56.19,51.36,55.69,55.94,53.52,194886,10702405.81,442
2026-07-21,INE0O4M01019,MCON,SM,44.05,44.05,43.6,44.05,44.05,44.5,5000,219800.0,5
2026-07-21,INE456Z01021,MEDIASSIST,EQ,359.0,363.4,356.2,357.35,356.6,359.3,47395,17024698.6,4908
2026-07-21,INE200D01020,MMWL,BE,14.88,14.88,13.61,14.05,14.0,14.28,18002,253906.84,72
2026-07-21,INE646B01010,MEDICAMEQ,EQ,237.9,253.35,237.9,248.9,245.25,236.5,47962,11940671.6,1176
2026-07-21,INE0PE401018,MEDIORG,SM,24.0,24.0,24.0,24.0,24.0,22.9,22000,528000.0,9
2026-07-21,INE630Y01024,MEDICO,EQ,38.1,39.12,38.1,38.62,38.9,38.23,21539,827952.53,271
2026-07-21,INE0UOY01019,MEDISTEP,SM,18.05,19.4,17.55,19.4,19.4,19.3,9000,165000.0,3
2026-07-21,INE804L01022,MEDPLUS,EQ,801.35,802.95,775.0,793.55,793.0,801.3,217880,171751464.65,21633
2026-07-21,INE0VDM01015,MEESHO,EQ,187.0,192.7,183.11,191.58,191.7,185.67,16202844,3070528635.62,92200
2026-07-21,INE00EM01016,MEGASTAR,EQ,350.75,355.0,337.1,349.05,355.0,339.0,17484,6062118.4,802
2026-07-21,INE531R01010,MEGATHERM,SM,227.0,229.95,221.0,221.05,221.05,224.9,4400,990280.0,8
2026-07-21,INE0CT101020,MOL,EQ,51.29,55.89,50.8,54.4,54.62,50.73,13629464,738292999.4,53896
2026-07-21,INE071D01033,MENONBE,BE,213.4,220.13,199.17,220.13,220.13,209.65,305798,65433883.11,2625
2026-07-21,INE650G01029,MENNPIS,EQ,70.0,75.5,69.3,73.85,73.94,70.19,198763,14463903.21,3287
2026-07-21,INE776I01010,MEP,BZ,0.6,0.6,0.58,0.58,0.58,0.59,322188,187089.67,107
2026-07-21,INE689O01013,MERCANTILE,EQ,23.26,24.47,23.26,23.52,23.51,23.7,1132,26673.98,22
2026-07-21,INE763M01028,MERCURYEV,BE,36.44,37.08,35.15,35.58,35.6,35.32,116330,4169499.64,337
2026-07-21,INE317I01021,METROBRAND,EQ,1078.9,1078.9,1054.9,1074.1,1063.2,1068.9,74414,79112341.5,8207
2026-07-21,INE085D01033,METROGLOBL,EQ,129.5,140.8,129.5,135.83,134.99,133.35,9517,1301557.61,317
2026-07-21,INE112L01020,METROPOLIS,EQ,572.0,573.0,562.5,568.8,573.0,573.75,92882,52790552.5,7978
2026-07-21,INE287C01037,MICEL,BE,37.2,38.0,37.1,37.69,37.7,37.35,107505,4034921.82,836
2026-07-21,INE0PZK01014,MICROPRO,SM,20.0,20.0,20.0,20.0,20.0,19.45,1600,32000.0,1
2026-07-21,INE0XAD01024,MIDWESTLTD,EQ,1274.0,1301.9,1272.1,1277.0,1273.0,1271.3,4675,5984159.7,660
2026-07-21,INE842C01021,MINDACORP,EQ,677.8,683.0,667.55,681.15,681.0,676.25,121864,82378138.55,14168
2026-07-21,INE0CCU25019,MINDSPACE,RR,495.0,498.0,493.6,497.0,497.9,495.01,120615,59812442.82,4423
2026-07-21,INE110B01017,MINDTECK,EQ,200.0,206.0,199.01,199.97,200.0,200.79,82611,16678220.86,1414
2026-07-21,INF769K01KU7,ALPHAETF,EQ,25.39,26.21,25.39,26.14,26.16,26.05,601153,15681659.06,679
2026-07-21,INF769K01KR3,BANKETF,EQ,591.23,592.75,588.51,589.47,590.18,591.23,7149,4216361.6,1133
2026-07-21,INF769K01LZ4,BANKPSU,EQ,86.85,87.82,86.01,86.17,86.05,86.85,294968,25469110.71,136
2026-07-21,INF769K01NS5,CONSUMER,EQ,11.81,11.83,11.76,11.82,11.83,11.81,251434,2960715.31,240
2026-07-21,INF769K01QC2,DEFENCE,EQ,79.75,79.75,77.7,78.83,78.95,78.19,157398,12321625.16,557
2026-07-21,INF769K01PY8,DIVIDEND,EQ,35.61,35.61,35.39,35.48,35.48,35.45,854,30305.98,38
2026-07-21,INF769K01PR2,ENERGY,EQ,40.0,40.0,39.67,39.73,39.78,39.88,211335,8412109.65,656
2026-07-21,INF769K01OA1,EQUAL200,EQ,14.11,14.11,13.8,13.88,13.88,13.82,737805,10187212.69,41
2026-07-21,INF769K01OO2,EQUAL50,EQ,332.17,332.54,331.3,332.36,332.36,332.61,61991,20538841.26,40
2026-07-21,INF769K01LQ3,EVINDIA,EQ,32.46,32.46,31.6,31.93,31.98,31.67,397102,12638866.48,1336
2026-07-21,INF769K01QA6,HEALTHCARE,EQ,21.35,21.47,21.29,21.41,21.47,21.35,35435,758232.4,111
2026-07-21,INF769K01QB4,INFRA,EQ,12.34,12.37,12.28,12.35,12.34,12.38,15751,194110.04,157
2026-07-21,INF769K01PB6,INTERNET,EQ,13.39,13.47,13.34,13.37,13.37,13.43,78459,1049254.67,133
2026-07-21,INF769K01KV5,ITETF,EQ,30.9,31.14,30.64,30.68,30.7,30.86,278247,8581488.73,684
2026-07-21,INF769K01KS1,LIQUID,EQ,974.99,1000.0,974.99,999.99,1000.0,999.99,227813,227812611.43,206
2026-07-21,INF769K01MY5,LIQUIDPLUS,EQ,1095.31,1095.31,1095.29,1095.3,1095.31,1095.15,141081,154525701.84,179
2026-07-21,INF769K01GS9,ESG,EQ,41.81,41.84,41.68,41.8,41.76,41.71,14522,606334.04,75
2026-07-21,INF769K01HF4,MAFANG,EQ,194.77,194.77,194.77,194.77,194.77,198.67,134870,26268629.9,398
2026-07-21,INF769K01HI8,BFSI,EQ,27.6,27.67,27.53,27.58,27.6,27.65,210838,5815361.35,733
2026-07-21,INF769K01JP9,GOLDETF,EQ,137.91,138.48,137.63,138.27,138.39,137.45,388334,53657583.34,2965
2026-07-21,INF769K01KF8,GSEC10YEAR,EQ,30.27,30.61,30.11,30.33,30.51,30.35,360,10904.62,19
2026-07-21,INF769K01HS7,MAHKTECH,EQ,22.87,22.87,22.87,22.87,22.87,23.42,259474,5934170.38,337
2026-07-21,INF769K01IC9,MIDCAPETF,EQ,23.69,23.69,23.57,23.65,23.68,23.58,4919890,116339455.94,6824
2026-07-21,INF769K01IB1,MAKEINDIA,EQ,162.68,163.5,162.21,163.28,163.38,162.88,31750,5170823.78,265
2026-07-21,INF769K01EG9,NIFTYETF,EQ,263.31,263.98,262.5,263.16,263.23,264.41,102129,26875988.28,794
2026-07-21,INF769K01JU9,LOWVOL,EQ,207.94,207.94,206.63,207.81,207.88,207.1,99903,20645095.54,23
2026-07-21,INF769K01FN2,NEXT50,EQ,746.04,749.9,744.41,749.03,749.8,746.04,17532,13113032.42,1519
2026-07-21,INF769K01KG6,SILVERAG,EQ,212.89,216.19,212.55,215.79,215.55,211.73,203040,43726423.96,1880
2026-07-21,INF769K01HP3,MASPTOP50,EQ,78.74,78.74,78.74,78.74,78.74,79.66,21639,1703854.86,132
2026-07-21,INF769K01LY7,METAL,EQ,12.65,12.78,12.63,12.74,12.76,12.65,4633805,58775387.36,6075
2026-07-21,INF769K01LJ8,MIDSMALL,EQ,51.9,51.9,50.94,51.07,51.07,50.88,1119249,57051701.55,586
2026-07-21,INF769K01LX9,MULTICAP,EQ,16.69,16.76,16.67,16.71,16.71,16.69,272097,4546236.04,379
2026-07-21,INF769K01ON4,SELECTIPO,EQ,46.54,46.65,46.31,46.45,46.59,46.54,528051,24473663.98,114
2026-07-21,INF769K01KT9,SENSEXETF,EQ,80.4,80.4,79.76,79.87,79.76,80.13,9267,740950.71,183
2026-07-21,INF769K01PQ4,SMALL250,EQ,18.43,18.43,18.07,18.13,18.15,18.07,443152,8030294.28,498
2026-07-21,INF769K01LC3,SMALLCAP,EQ,47.32,47.79,47.32,47.73,47.76,47.33,1319676,62849167.46,2417
2026-07-21,INF769K01PZ5,TOP20,EQ,8.84,8.85,8.79,8.84,8.85,8.82,176016,1552491.38,132
2026-07-21,INF769K01QV2,VALUE,EQ,16.28,16.32,16.21,16.28,16.28,16.2,39278,638719.24,78
2026-07-21,INE771A01026,MIRZAINT,EQ,37.75,38.34,37.0,37.25,37.19,38.12,230173,8644489.89,1431
2026-07-21,INE099Z01011,MIDHANI,EQ,409.6,412.8,401.45,411.1,408.1,409.55,406731,165545687.65,10710
2026-07-21,INE828O01033,MITCON,BE,72.66,76.0,71.21,76.0,76.0,72.66,301,22121.24,9
2026-07-21,INE997Y01027,MITTAL,EQ,0.94,0.95,0.92,0.94,0.94,0.93,252964,237589.08,199
2026-07-21,INE227C01017,MMFL,EQ,535.7,559.0,530.0,555.75,555.0,533.7,200723,109669542.75,7777
2026-07-21,INE511Y01018,MMP,EQ,281.6,288.45,281.6,284.3,283.25,284.45,17482,4983421.7,738
2026-07-21,INE123F01029,MMTC,EQ,63.64,64.0,63.06,63.33,63.26,63.66,821159,52096601.74,5913
2026-07-21,INE794W01014,MODTHREAD,EQ,47.4,47.4,45.4,45.62,45.6,47.52,1628,75947.84,21
2026-07-21,INE537F01012,MODINATUR,BE,413.0,421.7,408.0,410.85,411.0,410.75,5422,2232435.85,43
2026-07-21,INE832A01018,MODIRUBBER,EQ,129.0,129.9,127.4,127.73,127.54,130.23,333,42599.93,48
2026-07-21,INE0L0L01012,MODIS,EQ,375.0,404.45,372.95,393.15,383.05,367.05,711102,277725781.7,16357
2026-07-21,INE737D01021,MODISONLTD,BE,300.2,304.5,290.0,293.45,297.9,296.1,45060,13424727.1,455
2026-07-21,INE450S01011,MHHL,SM,37.0,37.0,35.2,35.2,35.2,36.9,6000,216675.0,3
2026-07-21,INE954E01012,MOHITIND,EQ,22.59,23.3,22.32,22.78,23.0,22.58,572,12958.74,20
2026-07-21,INE490G01020,MOIL,EQ,271.3,272.9,270.05,271.15,271.0,271.3,155053,42088655.75,4226
2026-07-21,INE514Y01020,MOKSH,EQ,11.51,11.7,11.33,11.4,11.36,11.51,15986,182061.52,87
2026-07-21,INE893J01029,MOLDTKPAC,EQ,700.5,706.1,695.55,698.55,697.0,701.9,19596,13711366.05,1162
2026-07-21,INE835B01035,MOLDTECH,EQ,125.11,132.0,124.92,129.98,130.0,125.29,40225,5167827.08,577
2026-07-21,INE903D01011,MONARCH,EQ,357.85,365.3,356.2,359.95,356.85,357.85,91478,32947910.4,2048
2026-07-21,INE296Q01012,MONEYBOXX,EQ,59.8,59.8,55.0,56.33,56.0,58.2,55520,3129371.47,587
2026-07-21,INE1DV401010,MONOLITH,SM,750.0,770.5,750.0,760.4,760.0,755.9,12250,9351500.0,43
2026-07-21,INE950M01013,MONTECARLO,EQ,538.95,540.0,533.0,538.25,539.7,534.95,14711,7891301.4,1437
2026-07-21,INE083A01026,MOREPENLAB,EQ,58.4,58.48,56.05,56.82,56.69,58.23,5642616,320382176.94,18281
2026-07-21,INE0N7S01028,MOS,ST,11.4,11.4,11.4,11.4,11.4,12.0,200000,2280000.0,28
2026-07-21,INE935B01025,MOSCHIP,EQ,235.0,247.5,231.41,245.28,247.0,233.79,4661914,1120312051.67,43210
2026-07-21,INE0FS801015,MSUMI,EQ,39.7,40.31,39.61,40.13,40.1,39.68,3704128,148018324.0,24926
2026-07-21,INF247L01023,MOM100,EQ,67.9,68.08,67.46,68.0,68.04,67.85,385059,26145300.79,2011
2026-07-21,INF247L01AP3,MON100,EQ,322.81,322.81,322.81,322.81,322.81,327.96,380379,122790144.99,1143
2026-07-21,INE338I01027,MOTILALOFS,EQ,972.8,980.45,963.45,964.75,964.65,973.15,265938,257517077.65,16171
2026-07-21,INF247L01536,MOM50,EQ,254.03,254.12,252.0,252.64,252.0,253.54,3012,762023.04,113
2026-07-21,INF247L01AK4,MOGSEC,EQ,64.73,65.18,64.73,65.15,65.15,64.93,906,58931.19,50
2026-07-21,INF247L01FR8,MOALPHA50,EQ,54.06,54.5,53.8,54.29,54.3,53.58,10975,595410.62,59
2026-07-21,INF247L01GV8,MOBANK10,EQ,17.31,17.46,17.15,17.23,17.46,17.33,13780,237726.68,83
2026-07-21,INF247L01EV3,MOCAPITAL,EQ,54.56,54.86,54.16,54.22,54.36,54.48,583444,31761396.27,2163
2026-07-21,INF247L01DJ0,MODEFENCE,EQ,102.74,103.75,102.01,103.55,103.7,102.62,975195,100259342.48,5347
2026-07-21,INF247L01GH7,MOENERGY,EQ,39.87,40.23,39.5,39.64,39.84,39.76,110097,4374149.21,591
2026-07-21,INF247L01FY4,MOGOLD,EQ,140.0,141.15,139.95,140.75,140.6,139.9,18840,2647093.05,249
2026-07-21,INF247L01BB1,MOHEALTH,EQ,51.26,51.7,50.74,51.23,51.28,51.26,44790,2292802.5,520
2026-07-21,INF247L01FL1,MOINFRA,EQ,61.86,61.86,61.56,61.76,61.8,61.68,1965,121355.04,39
2026-07-21,INF247L01GI5,MOIPO,EQ,46.7,46.7,46.36,46.7,46.7,46.59,1006,46778.26,16
2026-07-21,INF247L01BL0,MOLOWVOL,EQ,37.11,37.27,37.06,37.06,37.06,37.04,50909,1887641.49,10
2026-07-21,INF247L01DK8,MOMENTUM50,EQ,52.46,53.19,52.46,53.12,53.19,52.71,458280,24293243.69,1237
2026-07-21,INF247L01FK3,MOMGF,EQ,160.14,160.96,159.6,160.96,160.96,160.08,1226,196099.31,15
2026-07-21,INF247L01FQ0,MOMIDMTM,EQ,64.86,64.86,63.28,63.56,63.4,63.28,54807,3480723.59,225
2026-07-21,INF247L01GK1,MOMNC,EQ,32.59,32.63,32.41,32.59,32.6,32.67,1690,54857.84,11
2026-07-21,INF247L01BK2,MOMOMENTUM,EQ,61.92,62.25,61.62,62.06,61.62,61.62,39779,2465719.02,283
2026-07-21,INF247L01FC0,MON50EQUAL,EQ,33.71,33.71,32.9,33.3,33.45,33.05,19065,636599.8,91
2026-07-21,INF247L01FD8,MONEXT50,EQ,72.56,72.56,72.23,72.42,72.52,72.4,2522,182574.55,30
2026-07-21,INF247L01GG9,MONIFTY100,EQ,25.48,26.24,25.35,25.49,26.24,25.48,17639,448724.87,56
2026-07-21,INF247L01BU1,MONIFTY500,EQ,24.38,24.38,23.7,23.81,23.85,23.79,684829,16308926.48,981
2026-07-21,INF247L01AU3,MONQ50,EQ,140.43,140.43,140.43,140.43,140.43,141.12,28332,3978662.76,174
2026-07-21,INF247L01FO5,MOPSE,EQ,102.0,102.19,101.68,101.68,101.68,101.97,614,62652.89,10
2026-07-21,INF247L01BH8,MOQUALITY,EQ,202.7,202.7,201.13,202.22,202.28,201.7,7464,1502777.78,22
2026-07-21,INF247L01CI4,MOREALTY,EQ,90.68,93.0,90.68,92.44,92.56,91.68,446856,41145289.84,1760
2026-07-21,INF247L01GJ3,MOSERVICE,EQ,31.4,31.44,31.23,31.28,31.3,31.39,2057,64307.82,29
2026-07-21,INF247L01FZ1,MOSILVER,EQ,215.81,219.58,215.81,218.94,219.58,214.73,129292,28249122.77,888
2026-07-21,INF247L01CH6,MOSMALL250,EQ,18.13,18.22,18.08,18.17,18.19,18.13,455401,8267725.78,1516
2026-07-21,INF247L01FP2,MOTOUR,EQ,78.29,79.8,78.29,79.31,79.29,79.09,10000,791471.14,144
2026-07-21,INF247L01BE5,MOVALUE,EQ,115.61,115.99,115.0,115.25,115.35,115.33,48416,5582500.97,507
2026-07-21,INE0FRK01020,MOTISONS,EQ,14.05,14.34,13.22,13.69,13.7,13.99,23934643,334567882.88,16554
2026-07-21,INE861B01023,MOTOGENFIN,BE,27.25,27.79,27.25,27.26,27.26,27.25,1485,40753.09,21
2026-07-21,INE0N6D01014,MOXSH,ST,102.0,102.0,102.0,102.0,102.0,102.15,12800,1305600.0,1
2026-07-21,INE356A01018,MPHASIS,EQ,2413.3,2450.0,2375.2,2380.1,2387.2,2413.4,168717,405990971.9,16547
2026-07-21,INE943D01017,MPSLTD,EQ,2061.6,2151.0,2055.0,2137.1,2115.0,2061.6,35708,75987570.4,3727
2026-07-21,INE883A01011,MRF,EQ,132800.0,134350.0,132335.0,134000.0,134000.0,132800.0,3935,525101980.0,2798
2026-07-21,INE103A01014,MRPL,EQ,171.5,177.4,170.98,176.31,177.2,170.92,16252538,2836226402.67,80378
2026-07-21,INE495P01020,BECTORFOOD,EQ,209.71,219.61,205.0,211.3,213.5,210.08,39878095,8467963439.33,240837
2026-07-21,INE752G01015,MSPL,EQ,36.5,36.83,36.34,36.54,36.51,36.5,253104,9251791.14,2394
2026-07-21,INE255X01014,MSTCLTD,EQ,615.1,618.6,594.25,597.7,596.0,614.85,325993,196125906.25,9108
2026-07-21,INE472M01018,MTEDUCARE,BE,1.89,1.89,1.75,1.86,1.87,1.81,16781,31023.01,74
2026-07-21,INE864I01014,MTARTECH,BE,5457.0,5900.0,5457.0,5573.5,5849.5,5744.0,656434,3613267062.0,31013
2026-07-21,INE08KJ01020,MUFIN,EQ,128.8,130.0,127.01,128.45,127.78,128.64,725727,93203446.48,3478
2026-07-21,INE304A01026,MUKANDLTD,EQ,143.39,147.0,142.5,145.88,146.0,143.86,138715,20143810.53,2371
2026-07-21,INE0CG401037,MUKKA,EQ,23.49,23.77,22.95,23.13,23.3,23.5,221656,5138010.14,1003
2026-07-21,INE374B01019,MUKTAARTS,BE,55.79,55.96,53.35,55.9,55.96,53.3,4682,260515.91,57
2026-07-21,INE745G01043,MCX,EQ,2810.3,2861.5,2795.0,2801.2,2800.0,2818.0,1326654,3745376852.4,74360
2026-07-21,INE672B01032,MUNJALAU,EQ,102.93,105.79,101.8,103.23,103.0,102.38,341690,35319380.45,5002
2026-07-21,INE577A01027,MUNJALSHOW,EQ,136.48,137.3,135.5,136.77,137.0,135.11,25814,3521334.69,634
2026-07-21,INE692B01014,MURUDCERA,EQ,30.3,31.0,29.85,30.79,30.8,30.39,14631,442704.97,280
2026-07-21,INE919I01024,RADIOCITY,EQ,5.97,6.1,5.96,5.97,6.08,5.96,31795,190924.85,104
2026-07-21,INE296G01013,MUTHOOTCAP,EQ,216.0,220.01,212.11,213.64,213.25,214.84,15944,3414417.96,487
2026-07-21,INE414G01012,MUTHOOTFIN,EQ,2990.0,3110.1,2981.9,3079.0,3080.2,2982.8,966939,2962303200.6,47910
2026-07-21,INE046W01019,MUTHOOTMF,EQ,253.29,257.0,249.5,254.3,254.98,253.29,472181,119730624.42,9621
2026-07-21,INE0JYY07026,10MWL29,N0,98400.0,98400.0,98400.0,98400.0,98400.0,98000.0,1,98400.0,1
2026-07-21,INE0RVQ01016,MYMUDRA,SM,67.4,72.0,67.4,72.0,72.0,67.1,148800,10419240.0,36
2026-07-21,INE740D01017,NRAIL,EQ,428.45,434.9,421.55,431.05,433.0,428.55,1290,554230.5,124
2026-07-21,INE104101014,NRVANDANA,ST,69.4,72.45,69.4,72.0,72.0,69.4,48000,3445350.0,8
2026-07-21,INE365I01020,NBIFIN,EQ,2106.2,2125.1,2063.5,2073.0,2096.0,2106.2,293,610007.7,96
2026-07-21,INE295D01020,NACLIND,EQ,208.6,215.89,208.6,211.53,211.6,209.29,606395,128891251.17,10553
2026-07-21,INE756C01015,NDGL,EQ,2756.0,2796.0,2620.0,2692.9,2771.0,2756.0,146,399902.2,41
2026-07-21,INE245I01016,NAGREEKCAP,BE,23.01,23.94,23.01,23.87,23.87,23.04,2169,51026.11,12
2026-07-21,INE123B01028,NAGREEKEXP,EQ,23.05,24.64,23.05,23.4,23.48,23.96,24582,575339.25,257
2026-07-21,INE049I01012,NAHARCAP,EQ,252.67,253.5,247.55,252.21,252.86,251.42,1161,292211.74,42
2026-07-21,INE289A01011,NAHARINDUS,EQ,116.15,118.85,116.12,118.49,118.5,116.37,10001,1177404.48,163
2026-07-21,INE308A01027,NAHARPOLY,EQ,262.1,266.0,258.85,261.5,260.0,262.0,10994,2880228.3,424
2026-07-21,INE290A01027,NAHARSPING,BE,274.0,282.7,274.0,280.55,281.0,280.5,8428,2361049.55,129
2026-07-21,INE236Y01012,NGIL,BE,41.0,41.0,39.0,39.0,40.48,39.98,1815,72099.96,13
2026-07-21,INE023A01030,NSIL,EQ,5420.0,5546.5,5400.0,5532.5,5540.0,5449.5,1798,9886691.0,462
2026-07-21,INE0RJM01010,NAMAN,SM,44.0,45.8,44.0,45.8,45.8,43.85,4000,180800.0,5
2026-07-21,INE08NZ01012,NAMOEWASTE,ST,278.1,283.55,278.1,283.55,283.55,278.0,12800,3612280.0,16
2026-07-21,INE875G01048,NDL,EQ,2.37,2.39,2.32,2.35,2.39,2.35,581669,1367682.77,1030
2026-07-21,INE696V01013,JAIPURKURT,EQ,25.2,28.29,25.2,27.59,26.62,26.52,34706,921176.02,259
2026-07-21,INE410P01011,NH,EQ,2025.9,2030.0,1990.0,1997.7,1995.5,2025.9,191207,383450729.4,20745
2026-07-21,INE117Z01011,NARMADA,EQ,38.66,38.66,35.05,36.43,36.35,38.75,1846971,67318832.85,8609
2026-07-21,INE987B01026,NATCOPHARM,EQ,953.3,965.1,948.25,961.9,960.0,950.65,316694,303670505.2,18783
2026-07-21,INE448G01010,NATHBIOGEN,EQ,162.51,165.99,162.51,164.89,164.94,163.56,9274,1528923.72,215
2026-07-21,INE139A01034,NATIONALUM,EQ,344.0,346.3,341.25,342.9,342.7,342.9,4465145,1532596341.65,41528
2026-07-21,INE870D01012,NFL,EQ,72.19,72.59,71.65,71.87,71.9,72.19,409431,29481530.12,2431
2026-07-21,INE166R01015,NATIONSTD,EQ,373.3,373.3,373.3,373.3,373.3,392.9,4632,1729125.6,140
2026-07-21,INE936B01015,NATCAPSUQ,EQ,140.1,141.4,140.0,140.4,140.0,140.04,1561,219039.14,121
2026-07-21,INE725A01030,NAVA,EQ,576.1,587.95,576.1,585.45,585.1,576.75,185647,108462915.1,8423
2026-07-21,INE048G01026,NAVINFLUOR,EQ,7890.0,7936.0,7810.0,7882.0,7843.0,7861.5,113463,892766469.5,18790
2026-07-21,INE278M01019,NAVKARCORP,EQ,104.5,108.65,102.4,104.03,104.0,104.31,1430105,151452072.4,11618
2026-07-21,INE268H01044,NAVKARURB,BE,1.17,1.19,1.1,1.11,1.1,1.15,1553677,1746228.16,386
2026-07-21,INE060A01024,NAVNETEDUL,EQ,148.0,148.0,144.5,146.19,145.99,147.57,48075,7020621.46,1699
2026-07-21,INE418L01047,NAZARA,EQ,309.5,313.8,307.7,309.3,310.0,309.25,2254042,700987539.2,17808
2026-07-21,INE095N01031,NBCC,EQ,98.4,98.7,96.51,96.8,96.7,98.11,6472045,628611338.9,27219
2026-07-21,INE868B01028,NCC,EQ,140.09,141.38,138.9,139.3,139.4,139.86,845804,118157464.37,13930
2026-07-21,INE732C01016,NCLIND,EQ,186.05,188.82,185.88,187.94,186.12,186.3,45917,8613459.03,1667
2026-07-21,INE353A01023,NDLVENTURE,EQ,127.2,128.12,126.22,126.67,127.9,127.93,15402,1953339.86,553
2026-07-21,INE07OG01012,NDRAUTO,EQ,820.45,827.2,815.0,819.1,821.0,820.4,5247,4296641.95,711
2026-07-21,INE0Q7Q23015,NDRINVIT,IV,145.9,145.9,145.9,145.9,145.9,145.9,25000,3647500.0,1
2026-07-21,INE155G01029,NDTV,EQ,80.1,81.64,79.59,79.81,79.8,80.04,80187,6415469.23,881
2026-07-21,INE023H01027,NECLIFE,BE,10.64,11.0,10.64,10.7,10.67,10.8,71281,767742.63,274
2026-07-21,INE605D01012,NEAGI,EQ,3099.0,3099.0,3099.0,3099.0,3099.0,3040.0,4,12396.0,2
2026-07-21,INE189I01024,NELCAST,EQ,127.95,149.2,127.95,141.43,140.3,127.95,6283035,904825085.15,50951
2026-07-21,INE045B01015,NELCO,EQ,888.05,935.05,881.0,928.5,933.6,889.6,398300,365285266.9,20711
2026-07-21,INE21UM01018,NEOCHEM,ST,92.0,92.0,90.0,90.0,90.0,92.0,8400,760860.0,7
2026-07-21,INE136S01016,NEOGEN,EQ,2190.0,2255.0,2146.3,2155.3,2173.9,2182.6,81260,178080765.2,11746
2026-07-21,INE0SUN01013,NEPHROCARE,ST,63.4,64.75,62.0,64.25,63.6,65.25,14000,884440.0,32
2026-07-21,INE428V01029,NEPHROPLUS,EQ,629.95,640.25,618.0,626.5,633.0,628.8,158906,99775723.3,10657
2026-07-21,INE156901014,NEPTUNE,SM,181.35,181.35,180.0,180.0,180.0,180.75,1500,271325.0,3
2026-07-21,INE317F01035,NESCO,EQ,1094.0,1094.0,1074.7,1077.6,1082.0,1085.0,26079,28206492.7,2405
2026-07-21,INE239A01024,NESTLEIND,EQ,1451.5,1464.4,1447.0,1451.9,1456.0,1446.3,1657756,2409772105.2,48552
2026-07-21,INE518X01015,CBAZAAR,ST,6.45,6.55,6.25,6.55,6.55,6.45,40000,255600.0,5
2026-07-21,INE0NT901020,NETWEB,EQ,4190.0,4324.4,4190.0,4257.3,4256.3,4178.1,633457,2702092038.8,59649
2026-07-21,INE0FFK01017,NPST,EQ,1522.6,1564.3,1520.0,1546.2,1560.0,1530.3,35139,54049063.5,2102
2026-07-21,INE870H01013,NETWORK18,EQ,29.86,30.03,29.45,29.56,29.49,29.89,2470076,73301563.9,5548
2026-07-21,INE333I01044,NEUEON,BE,15.66,15.66,14.21,15.66,15.66,14.92,83726,1307378.8,125
2026-07-21,INE794A01010,NEULANDLAB,EQ,19089.0,19177.0,18854.0,18895.0,18880.0,18949.0,19859,376941054.0,7817
2026-07-21,INE619B01017,NEWGEN,EQ,559.45,561.25,541.75,546.3,542.75,559.45,1070527,589706207.5,23628
2026-07-21,INE0PW501021,NEWJAISA,ST,16.05,16.05,16.05,16.05,16.05,16.35,1500,24075.0,1
2026-07-21,INE0TP801012,NMSTEEL,SM,24.45,25.1,22.55,22.55,22.55,24.45,9600,235520.0,4
2026-07-21,INE747B01016,NEXTMEDIA,EQ,3.9,3.92,3.8,3.9,3.9,3.92,1313,5041.03,38
2026-07-21,INE0NDH25011,NXST,RR,167.22,168.25,166.03,167.49,167.5,167.54,182774,30653455.86,2276
2026-07-21,INE0T1501010,NFPSAMPOOR,SM,23.7,24.5,23.7,24.45,24.5,23.7,14000,340300.0,7
2026-07-21,INE887E01022,NGLFINE,EQ,3010.0,3289.9,2995.3,3237.4,3220.3,3010.0,16796,53712293.8,3951
2026-07-21,INE557F07181,893NHB29,N6,5550.0,5550.0,5525.0,5525.0,5525.0,5550.0,4,22150.0,2
2026-07-21,INE848E01016,NHPC,EQ,81.14,83.0,79.96,80.31,80.13,81.0,58291294,4708248648.75,140005
2026-07-21,INE149O01018,NIBE,EQ,1569.0,1569.9,1522.0,1556.0,1559.1,1558.1,36936,56977855.9,3002
2026-07-21,INE0J6L01013,NIDAN,SM,13.1,13.5,13.1,13.5,13.5,12.95,7000,92500.0,3
2026-07-21,INE342G01023,NIITMTS,EQ,235.0,240.29,232.94,238.35,235.0,234.98,101027,23933117.47,3344
2026-07-21,INE161A01038,NIITLTD,EQ,98.01,100.31,96.83,99.22,98.7,98.55,639026,63176101.8,5803
2026-07-21,INE937C01029,NILAINFRA,EQ,7.12,7.31,7.0,7.28,7.31,7.12,226054,1617142.66,683
2026-07-21,INE00S901012,NILASPACES,EQ,12.4,12.4,12.04,12.13,12.15,12.22,212563,2589117.01,504
2026-07-21,INE445D01013,NILE,EQ,1872.2,1891.0,1829.9,1840.5,1860.0,1861.6,1480,2747741.2,302
2026-07-21,INE310A01015,NILKAMAL,EQ,1487.9,1638.9,1480.0,1557.0,1557.0,1476.4,566959,889559150.6,33361
2026-07-21,INE875B01015,NIMBSPROJ,BE,196.0,202.0,186.3,193.0,193.0,196.0,278,53411.2,12
2026-07-21,INE395U01014,NINSYS,BE,914.8,915.0,875.1,895.0,895.0,898.2,3413,3060996.7,124
2026-07-21,INF204KB15I9,BANKBEES,EQ,599.5,602.5,598.52,599.55,599.69,600.21,779883,468607251.08,7565
2026-07-21,INF204KA1LD7,CONSUMBEES,EQ,130.7,131.5,130.4,131.14,130.64,130.7,83688,10958136.91,688
2026-07-21,INF204KA1MS3,DIVOPPBEES,EQ,77.13,77.91,77.0,77.39,77.44,77.53,41665,3224525.44,588
2026-07-21,INF204KB18I3,NV20BEES,EQ,142.17,142.17,140.5,140.68,140.9,141.51,5886,830203.36,156
2026-07-21,INF204KB17I5,GOLDBEES,EQ,117.02,117.85,117.02,117.73,117.82,116.84,15013490,1764546711.51,62157
2026-07-21,INF204KB19I1,HNGSNGBEES,EQ,535.11,535.11,482.21,483.35,483.0,484.85,72943,35301443.32,3155
2026-07-21,INF732E01268,INFRABEES,EQ,975.0,979.29,970.0,974.18,970.0,974.05,9530,9287766.52,487
2026-07-21,INF204KB15V2,ITBEES,EQ,33.0,33.0,32.12,32.2,32.2,32.38,12279278,396132973.75,13004
2026-07-21,INF732E01045,JUNIORBEES,EQ,797.12,797.12,779.37,784.43,784.0,781.49,283010,221591017.59,7927
2026-07-21,INF732E01037,LIQUIDBEES,EQ,1001.0,1001.0,999.11,1000.0,999.99,1000.0,2870847,2870843624.08,3485
2026-07-21,INF204KB1882,LTGILTBEES,EQ,30.02,30.02,29.9,29.96,29.96,29.89,1237334,37071302.51,554
2026-07-21,INF204KB1V68,MID150BEES,EQ,238.93,239.92,238.57,239.27,239.2,238.93,409501,97923691.45,5192
2026-07-21,INF204K014N5,NIF100BEES,EQ,267.6,269.55,267.0,268.46,267.3,268.1,22019,5893901.69,929
2026-07-21,INF204KB14I2,NIFTYBEES,EQ,276.42,276.42,274.7,275.13,275.18,275.58,2878734,792161459.09,28880
2026-07-21,INF204KB16I7,PSUBNKBEES,EQ,95.0,97.15,95.0,95.43,95.5,96.16,2627197,253009458.29,6057
2026-07-21,INF732E01128,SHARIABEES,EQ,459.37,461.15,457.11,459.15,460.99,459.2,5784,2654367.91,397
2026-07-21,INE298J01013,NAM-INDIA,EQ,1175.1,1192.1,1160.6,1166.9,1162.8,1183.2,827488,971304608.9,37309
2026-07-21,INF204KC1FU1,LIQGRWBEES,EQ,1048.39,1048.41,1048.39,1048.4,1048.41,1048.26,30715,32201629.73,121
2026-07-21,INF204KC1GH6,MANUFGBEES,EQ,161.18,161.45,160.11,161.01,161.45,161.19,2373,381878.62,68
2026-07-21,INF204KC1337,AUTOBEES,EQ,278.99,282.0,277.85,281.5,282.0,279.0,205948,57663134.31,1973
2026-07-21,INF204KC1089,PHARMABEES,EQ,26.99,27.01,26.62,26.86,26.88,26.77,2718803,72815819.94,7558
2026-07-21,INF204KC1402,SILVERBEES,EQ,209.49,212.5,208.4,212.23,212.2,207.89,22869321,4824888846.83,64148
2026-07-21,INF204KC1EZ3,SNXT30BEES,EQ,42.2,42.38,42.09,42.32,42.34,42.15,8370,353629.46,44
2026-07-21,INE368I01016,NIRAJ,BE,28.79,29.58,28.22,28.6,28.6,28.87,4189,120625.82,36
2026-07-21,INE326T01011,NIRAJISPAT,EQ,190.5,191.0,190.5,190.5,190.5,191.0,122,23261.0,6
2026-07-21,INE910A01012,NIRLON,EQ,620.4,625.95,620.1,624.45,625.9,620.1,2519,1568734.3,273
2026-07-21,INE0OK701014,NIRMAN,SM,40.45,40.75,39.45,39.65,39.5,40.45,25800,1029135.0,48
2026-07-21,INE858F01012,NITCO,EQ,108.78,108.92,106.0,106.95,106.9,108.78,275677,29551724.98,2195
2026-07-21,INE229H01012,NITINSPIN,EQ,551.45,554.7,542.15,548.75,547.25,549.7,36398,19955742.5,2385
2026-07-21,INE439T01012,NITIRAJ,EQ,217.6,222.9,212.7,214.03,215.0,222.72,6266,1364534.6,176
2026-07-21,INE265B01019,NITTAGELA,EQ,1873.8,1897.9,1801.1,1856.5,1850.0,1864.3,11303,20766858.0,2114
2026-07-21,INE995S01015,NIVABUPA,EQ,86.09,86.39,85.7,86.04,86.0,86.08,277725,23888315.35,7711
2026-07-21,INE542C01019,NKIND,EQ,65.0,65.0,56.4,63.8,64.0,60.8,1297,80944.87,35
2026-07-21,INE589A01014,NLCINDIA,EQ,296.95,299.9,292.8,295.15,295.0,296.4,996603,294853341.05,19448
2026-07-21,INE579F24099,805NMC29,N1,125.11,125.11,125.11,125.11,125.11,129.0,200,25022.0,1
2026-07-21,INE579F24065,805NMC30,N2,126.0,126.0,126.0,126.0,126.0,126.0,200,25200.0,1
2026-07-21,INE579F24032,805NMC31,N3,125.5,125.5,125.5,125.5,125.5,128.9,200,25100.0,1
2026-07-21,INE579F24040,805NMC33,N5,126.0,126.0,126.0,126.0,126.0,126.0,200,25200.0,2
2026-07-21,INE579F24081,805NMC34,N6,126.0,126.0,118.01,124.95,118.01,129.0,200,25039.01,4
2026-07-21,INE579F24073,805NMC35,N7,125.0,125.5,125.0,125.5,125.5,126.0,210,26350.0,11
2026-07-21,INE579F24107,805NMC36,N8,125.0,125.5,125.0,125.5,125.5,126.0,210,26350.0,6
2026-07-21,INE584A01023,NMDC,EQ,83.85,84.44,83.03,83.93,83.96,83.85,14251390,1194408718.78,45965
2026-07-21,INE0NNS01018,NSLNISP,EQ,42.93,43.43,42.76,43.11,43.1,42.98,2006594,86552965.65,10102
2026-07-21,INE163A01018,NOCIL,EQ,165.48,168.01,164.55,166.58,166.89,164.91,273173,45572288.78,4791
2026-07-21,INE781B01015,NOIDATOLL,BE,4.73,4.73,4.4,4.54,4.54,4.62,144509,651042.55,300
2026-07-21,INE369C01017,NORBTEAEXP,EQ,71.97,71.97,67.0,67.0,67.0,68.55,3010,204440.64,61
2026-07-21,INE553C01016,NECCLTD,BE,15.39,15.39,15.1,15.28,15.35,15.14,12270,187665.63,95
2026-07-21,INE850M01015,NORTHARC,EQ,304.4,312.0,304.1,305.75,306.85,305.3,954720,293554300.6,14769
2026-07-21,INE02H701025,NOVAAGRI,BE,23.48,23.48,22.4,23.05,23.08,22.9,25259,575781.81,210
2026-07-21,INE234A01025,NOVARTIND,EQ,1676.2,1713.0,1628.3,1701.9,1699.0,1667.9,51286,85723748.2,6064
2026-07-21,INE349A01021,NRBBEARING,EQ,406.7,409.4,400.55,404.95,406.0,404.75,136316,55231151.35,4961
2026-07-21,INE047O01014,NIBL,EQ,34.8,35.9,34.11,35.45,35.54,34.97,83983,2954695.22,11788
2026-07-21,INE0ONG01011,NTPCGREEN,EQ,91.99,93.2,91.9,92.54,92.55,91.98,1590268,146831418.8,13342
2026-07-21,INE733E01010,NTPC,EQ,347.2,349.15,344.15,348.55,348.5,347.25,8575793,2974473297.45,109309
2026-07-21,INE096B01018,NUCLEUS,EQ,748.3,759.0,747.8,749.55,748.5,748.3,10235,7699517.1,752
2026-07-21,INE0JM501013,NRL,BE,107.9,111.0,105.9,110.02,110.55,110.1,144280,15834130.83,453
2026-07-21,INE0DSF01015,NURECA,EQ,282.46,295.0,276.0,292.19,292.99,282.46,40148,11599373.75,1744
2026-07-21,INE531F01023,NUVAMA,EQ,1866.1,1933.4,1863.2,1891.6,1895.0,1854.0,392814,747912866.3,24862
2026-07-21,INE118D01016,NUVOCO,EQ,350.45,365.95,346.5,361.6,362.0,345.9,3422742,1233222773.55,52796
2026-07-21,INE426Z01016,OBCL,EQ,53.95,55.5,53.0,53.29,53.02,53.04,1653,89600.44,31
2026-07-21,INE093I01010,OBEROIRLTY,EQ,1896.6,1897.6,1871.0,1884.8,1884.9,1882.7,198135,372939883.9,12660
2026-07-21,INE0YHV01011,OBSCP,SM,588.15,617.8,580.0,608.9,605.0,586.3,87600,52992780.0,153
2026-07-21,INE0PK601023,OCCLLTD,BE,138.45,138.87,135.0,136.3,136.0,135.74,25993,3544825.62,159
2026-07-21,INE054301028,ODIGMA,BE,23.16,23.63,22.7,23.13,23.3,22.71,18099,420179.92,236
2026-07-21,INE213A01029,ONGC,EQ,250.01,251.69,248.46,249.89,249.75,249.58,12240171,3059752616.38,113590
2026-07-21,INE591A01010,OILCOUNTUB,BE,56.17,57.8,56.0,56.97,57.4,55.48,28162,1603694.47,105
2026-07-21,INE274J01014,OIL,EQ,451.5,453.75,443.9,445.15,445.35,453.55,1920253,859533730.95,30445
2026-07-21,INE0LXG01040,OLAELEC,EQ,39.26,39.5,38.52,38.72,38.69,39.18,31215167,1217161331.78,74332
2026-07-21,INE260D01016,OLECTRA,EQ,1344.0,1368.0,1342.0,1355.4,1357.1,1345.7,282580,382882026.6,11649
2026-07-21,INE1BZC01019,OMFREIGHT,BE,92.0,94.6,91.11,94.06,93.6,92.87,12093,1126422.64,101
2026-07-21,INE239D01028,OMINFRAL,EQ,88.27,94.6,88.2,89.03,88.6,87.8,105936,9485929.15,2440
2026-07-21,INE25E901019,OMPOWER,EQ,170.0,173.57,168.25,169.34,169.99,169.92,206177,35033715.63,2187
2026-07-21,INE090B01011,OMAXAUTO,BE,233.72,238.45,230.0,234.13,235.5,233.72,26838,6304020.61,319
2026-07-21,INE800H01010,OMAXE,EQ,92.08,94.62,90.43,92.74,92.55,92.57,330328,30586481.33,4402
2026-07-21,INE0UH301010,OMNI,EQ,554.0,582.3,548.45,576.55,575.5,554.0,332482,189362093.3,14860
2026-07-21,INE00ER01015,ONDOOR,SM,217.0,245.05,217.0,242.55,241.0,228.0,31200,7457400.0,89
2026-07-21,INE982J01020,PAYTM,EQ,1337.0,1382.4,1290.7,1300.5,1295.5,1347.5,10474615,13929497333.0,214126
2026-07-21,INE0HLU01028,MOBIKWIK,EQ,213.7,215.96,208.05,208.66,208.3,214.13,756487,159526475.04,8352
2026-07-21,INE840Y01029,ONEPOINT,EQ,53.8,54.05,53.02,53.67,53.79,53.85,504518,27044073.35,1909
2026-07-21,INE0OPS01011,OLIL,ST,430.0,430.0,415.0,429.0,429.0,428.0,4400,1870820.0,8
2026-07-21,INE912L01015,ONELIFECAP,BE,35.5,37.85,35.5,37.31,37.8,36.17,52147,1933285.9,149
2026-07-21,INE12F801023,KISSHT,EQ,314.1,340.0,313.15,336.45,339.0,316.7,2179977,719032219.75,36284
2026-07-21,INE013P01021,ONESOURCE,EQ,1705.0,1705.0,1637.0,1651.2,1648.0,1693.9,187962,311123730.1,25956
2026-07-21,INE831A01028,ONIDA,BE,39.2,39.94,38.5,38.81,39.2,39.02,143994,5627670.62,341
2026-07-21,INE809I01019,ONMOBILE,BE,61.25,61.49,60.5,61.05,61.19,60.68,77031,4711522.3,341
2026-07-21,INE229A01017,ONWARDTEC,EQ,274.9,301.95,271.1,292.15,292.4,273.35,624810,180796731.5,16599
2026-07-21,INE0WVU01018,ONYX,ST,36.6,37.9,36.55,37.0,37.0,38.0,16000,590300.0,7
2026-07-21,INE350C01017,OPTIEMUS,EQ,607.0,611.7,581.0,605.35,607.0,607.0,217721,130277177.85,9702
2026-07-21,INE15B101011,OPTIVALUE,SM,91.95,96.9,91.95,96.25,96.6,90.0,123200,11724240.0,62
2026-07-21,INE881D01027,OFSS,EQ,11615.0,11731.0,11577.0,11632.0,11659.0,11620.0,184454,2145106114.0,26595
2026-07-21,INE231G01010,ORBTEXP,BE,224.59,224.59,216.0,220.8,221.95,220.31,2222,491979.44,77
2026-07-21,INE215B01022,ORCHASP,EQ,1.69,1.73,1.67,1.72,1.73,1.66,72414,122640.16,166
2026-07-21,INE191A01027,ORCHPHARMA,EQ,1047.0,1047.0,1007.3,1023.0,1024.0,1046.6,79985,82009157.35,9906
2026-07-21,INE0OUT01019,ORIANA,SM,1440.05,1449.95,1416.0,1422.8,1427.95,1440.05,36000,51379428.75,422
2026-07-21,INE730A01022,ORICONENT,EQ,58.61,58.79,57.16,57.35,57.2,58.75,20245,1172705.92,347
2026-07-21,INE607D01018,ORIENTBELL,EQ,311.85,328.0,311.75,319.4,327.0,311.75,6744,2143752.55,263
2026-07-21,INE876N01018,ORIENTCEM,EQ,139.99,140.49,138.21,139.52,140.0,138.64,276158,38564083.42,2490
2026-07-21,INE569C01020,ORIENTCER,EQ,41.95,42.64,41.55,41.84,41.79,41.63,35834,1506296.86,539
2026-07-21,INE142Z01019,ORIENTELEC,EQ,173.48,179.75,173.01,178.51,179.4,173.42,264591,47059256.55,3310
2026-07-21,INE999K01014,GREENPOWER,EQ,10.14,10.6,10.14,10.51,10.55,10.2,4256425,44433484.73,4928
2026-07-21,INE750A01020,ORIENTHOT,EQ,141.0,147.97,138.0,146.54,146.0,143.68,4360152,631530690.86,21937
2026-07-21,INE592A01026,ORIENTPPR,EQ,16.95,16.95,16.65,16.73,16.7,16.67,90827,1518302.91,464
2026-07-21,INE609C01024,ORIENTLTD,EQ,70.0,71.3,68.0,70.5,70.5,70.46,3109,217740.16,38
2026-07-21,INE0PPK01015,ORIENTTECH,EQ,267.4,269.28,262.0,262.91,263.47,267.41,182753,48315391.43,3587
2026-07-21,INE959C01023,OAL,EQ,362.15,362.15,339.05,348.05,346.6,350.85,15166,5279555.25,1142
2026-07-21,INE998H01012,ORIENTALTL,EQ,5.4,5.5,5.4,5.4,5.4,5.42,35703,193458.42,138
2026-07-21,INE725E01024,ORISSAMINE,EQ,3703.2,3750.0,3696.5,3724.2,3732.9,3703.1,2749,10230531.6,552
2026-07-21,INE16NZ01023,ORKLAINDIA,EQ,582.15,585.95,570.35,572.75,573.75,585.95,80683,46557614.8,10497
2026-07-21,INE849L01019,ORTEL,BZ,1.8,1.8,1.71,1.75,1.78,1.8,1025,1808.01,25
2026-07-21,INE749B01020,ORTINGLOBE,BE,15.2,15.2,14.6,14.97,14.9,15.17,9012,134262.28,95
2026-07-21,INE0RMF01018,OSELDEVICE,SM,441.05,449.85,437.1,448.7,448.95,442.95,23600,10498830.0,79
2026-07-21,INE06IR01021,OSIAHYPER,BE,3.0,3.06,2.91,3.0,3.03,2.98,255476,766941.59,322
2026-07-21,INE142A01012,OSWALAGRO,BE,39.3,39.8,39.05,39.19,39.72,39.3,13466,528974.56,101
2026-07-21,INE143A01010,OSWALGREEN,EQ,21.58,21.98,21.3,21.7,21.7,21.58,100185,2165962.46,826
2026-07-21,INE0BYP01024,OSWALPUMPS,EQ,390.0,392.65,384.6,390.75,390.0,389.6,217911,84679993.5,5798
2026-07-21,INE0R8M01017,OWAIS,ST,98.75,100.0,97.6,99.3,99.0,98.3,9200,911105.0,69
2026-07-21,INE953R01016,PNGJL,EQ,590.1,603.35,587.5,600.75,602.9,590.1,204996,122460807.2,7521
2026-07-21,INE0XUS01012,PSRAJ,ST,415.0,415.0,400.0,406.5,408.5,417.9,11000,4461350.0,12
2026-07-21,INE179A01014,PGHH,EQ,8766.5,8817.0,8728.0,8771.0,8790.0,8723.5,28568,250503055.0,2334
2026-07-21,INE0KN801013,PROPEQUITY,SM,215.05,224.0,215.05,224.0,224.0,239.9,2400,529800.0,4
2026-07-21,INE0S3G01027,PACEDIGITK,EQ,202.0,206.47,201.46,205.24,205.75,202.43,781736,159544318.76,8321
2026-07-21,INE761H01022,PAGEIND,EQ,40220.0,40325.0,39485.0,40095.0,40015.0,40325.0,45334,1810294510.0,13173
2026-07-21,INE420C01059,PAISALO,EQ,70.3,72.98,69.8,72.18,72.0,71.41,12750480,915394483.47,23708
2026-07-21,INE551D01018,PAKKA,EQ,72.8,72.8,71.42,71.89,72.1,71.9,33638,2429678.86,570
2026-07-21,INE471W01019,PALASHSECU,EQ,89.41,89.41,89.05,89.31,89.33,89.32,1194,106651.57,17
2026-07-21,INE218G01033,PALREDTEC,BE,48.55,48.55,48.31,48.31,48.31,48.55,31,1503.85,4
2026-07-21,INE922B01023,PANACEABIO,EQ,551.95,560.95,494.0,494.0,494.0,548.85,670126,340945126.45,13524
2026-07-21,INE895W01019,PANACHE,BE,447.95,447.95,417.0,437.35,439.5,431.25,2021,874785.6,37
2026-07-21,INE305C01029,PANAMAPET,EQ,453.25,468.45,444.35,459.35,459.9,453.3,257559,117612853.75,9003
2026-07-21,INE697V01011,PANSARI,EQ,357.55,368.9,354.0,365.3,367.0,356.6,4814,1738328.85,287
2026-07-21,INE04LG01015,PAR,EQ,103.01,104.0,100.01,100.21,100.01,102.57,20116,2041573.31,290
2026-07-21,INE088F01024,PARADEEP,EQ,138.25,141.49,137.15,139.84,139.4,138.23,2046134,285643971.77,19366
2026-07-21,INE883N01014,PARAGMILK,EQ,225.2,233.0,224.02,225.99,225.65,225.23,593042,135268919.89,8143
2026-07-21,INE0N4G01012,PARAGON,SM,49.5,49.9,49.5,49.8,49.8,49.0,12000,597420.0,9
2026-07-21,INE074B01023,PARACABLES,EQ,64.25,66.5,64.25,65.84,66.0,64.85,867932,57114883.27,5377
2026-07-21,INE0TG801013,PARAMOUNT,ST,39.9,39.9,38.0,38.0,38.0,38.0,4800,186960.0,3
2026-07-21,INE045601023,PARAS,EQ,1205.0,1228.9,1188.8,1222.6,1222.0,1206.6,715221,866478769.9,24491
2026-07-21,INE162C01024,PARASPETRO,EQ,2.01,2.06,1.98,2.02,2.03,2.0,93165,187274.12,218
2026-07-21,INE00U801010,PARIN,SM,675.0,730.0,674.05,715.8,728.0,730.0,8500,5946525.0,16
2026-07-21,INE119201023,PARKHOSPS,EQ,278.0,284.6,269.55,270.7,271.4,279.0,646549,177308475.25,16124
2026-07-21,INE988S01028,PARKHOTELS,EQ,125.21,128.9,124.76,128.02,127.0,125.78,179601,22779629.18,2451
2026-07-21,INE561H01026,PARSVNATH,BE,2.06,2.06,2.06,2.06,2.06,2.1,145749,300242.94,153
2026-07-21,INE1H7V01011,PARTH,SM,450.15,473.95,450.0,473.2,473.9,444.95,23600,10932560.0,55
2026-07-21,INE06ZX01015,PARTYCRUS,SM,90.0,90.0,90.0,90.0,90.0,87.0,1000,90000.0,1
2026-07-21,INE124Y01028,PASHUPATI,EQ,87.7,88.85,86.36,86.58,87.05,87.22,15929,1389114.52,1159
2026-07-21,INE818B01023,PASUPTAC,BE,57.57,60.0,57.57,59.26,59.4,58.89,35990,2134488.52,189
2026-07-21,INE619A01035,PATANJALI,EQ,340.0,344.5,336.35,340.25,340.0,339.2,4238561,1439414322.3,37525
2026-07-21,INE244B07243,1025PATE28,N0,99200.0,99200.0,99100.0,99100.0,99100.0,99600.0,4,396700.0,2
2026-07-21,INE244B01030,PATELENG,EQ,30.15,30.28,29.34,29.78,29.84,30.15,3195904,95498443.69,9143
2026-07-21,INE529D01014,PATINTLOG,BE,14.7,14.79,14.59,14.65,14.67,14.62,43647,641414.48,184
2026-07-21,INE0R8B01010,PATELRMART,EQ,217.0,219.0,212.01,215.85,219.0,215.26,32601,7004859.84,941
2026-07-21,INE17GV01016,PATILAUTOM,ST,191.0,194.75,187.1,187.1,187.1,190.0,36600,6941610.0,41
2026-07-21,INE291E01019,PML,EQ,474.85,496.0,474.85,480.0,480.0,479.65,885,426163.9,43
2026-07-21,INE111F01024,PAUSHAKLTD,EQ,571.0,577.9,559.05,565.05,567.45,565.75,9835,5580922.75,795
2026-07-21,INE07S101038,PAVNAIND,EQ,16.79,17.34,16.55,16.69,16.7,16.87,41864,710484.76,114
2026-07-21,INE417T01026,POLICYBZR,EQ,1577.0,1587.5,1558.9,1562.5,1564.7,1584.6,1282865,2010264473.0,49360
2026-07-21,INE785M01021,PCJEWELLER,EQ,9.99,10.15,9.76,10.08,10.05,9.84,423952653,4231777797.72,193037
2026-07-21,INE602A01031,PCBL,EQ,326.0,338.0,326.0,332.3,332.95,325.55,2012992,670462354.6,31569
2026-07-21,INE111Q01021,PDSL,EQ,366.2,368.0,359.4,364.8,361.0,364.35,279531,101561398.4,11537
2026-07-21,INE940H01022,PGIL,EQ,2111.5,2111.5,2030.5,2047.8,2036.0,2094.7,62205,128215026.6,8037
2026-07-21,INE844A01013,PEARLPOLY,BE,18.0,18.0,17.11,17.94,17.94,17.56,2246,39841.71,26
2026-07-21,INE138A01028,PENINLAND,BE,17.08,17.5,17.08,17.08,17.08,17.42,107285,1845642.26,102
2026-07-21,INE932A01024,PENIND,EQ,167.6,169.99,167.16,167.93,167.64,169.16,137604,23151529.27,2253
2026-07-21,INE925S01012,PERFECT,SZ,2.8,2.8,2.8,2.8,2.8,2.8,9000,25200.0,3
2026-07-21,INE262H01021,PERSISTENT,EQ,5168.0,5299.9,5165.0,5219.0,5206.3,5188.7,408127,2136285929.3,35855
2026-07-21,INE998U01015,PCCL,SM,262.0,262.0,252.05,258.0,258.0,257.95,3200,826820.0,7
2026-07-21,INE347G01014,PETRONET,EQ,276.95,278.2,273.5,276.65,276.3,275.05,2609505,722352313.3,28901
2026-07-21,INE134E07DP0,7PFCL31,N3,995.0,995.0,995.0,995.0,995.0,995.0,12,11940.0,2
2026-07-21,INE134E07DU0,730PFCL41,NC,985.0,985.0,985.0,985.0,985.0,984.1,2,1970.0,1
2026-07-21,INE182A01018,PFIZER,EQ,4567.1,4600.0,4545.9,4593.3,4592.0,4577.9,15810,72364620.5,4271
2026-07-21,INE457L01029,PGEL,EQ,620.9,622.4,607.35,610.15,609.2,620.9,1165059,712130071.05,23978
2026-07-21,INE0MLZ01019,PHANTOMFX,SM,183.95,183.95,181.05,181.65,181.5,183.95,4200,765330.0,14
2026-07-21,INE0FPO01018,PHOGLOBAL,SM,15.55,15.55,15.5,15.5,15.5,15.45,6000,93200.0,2
2026-07-21,INE0LP301011,PWL,EQ,133.15,137.18,133.05,133.84,133.99,133.03,4173125,563075457.74,28375
2026-07-21,INE603J01030,PIIND,EQ,2665.4,2698.0,2657.4,2681.8,2676.3,2657.4,121813,326809519.3,10914
2026-07-21,INE546C01010,PICCADIL,EQ,755.0,799.2,750.1,753.95,753.0,751.6,629956,486205401.35,24328
2026-07-21,INE0YAL01017,PPSL,ST,2.2,2.4,2.2,2.4,2.4,2.3,231000,545700.0,45
2026-07-21,INE318A01026,PIDILITIND,EQ,1575.0,1601.0,1569.5,1591.3,1597.0,1565.8,1640055,2592039566.4,49495
2026-07-21,INE600A01035,PILITA,BE,8.99,9.25,8.71,9.02,9.01,8.99,74332,669808.68,133
2026-07-21,INE417C01014,PILANIINVS,EQ,4356.0,4448.0,4356.0,4437.4,4445.0,4368.5,1454,6402113.4,178
2026-07-21,INE15B701018,PINELABS,EQ,149.7,151.8,147.0,150.42,150.8,149.74,14670819,2190835405.21,48244
2026-07-21,INE156C01018,PIONEEREMB,EQ,23.58,23.58,22.55,22.71,22.67,23.2,2223,50624.8,79
2026-07-21,INE746D01014,PIONRINV,EQ,98.97,103.0,96.23,98.99,98.51,99.02,9307,933248.67,199
2026-07-21,INE202B01038,PIRAMALFIN,EQ,2162.6,2194.8,2131.3,2182.6,2189.0,2157.6,313785,683442935.2,32075
2026-07-21,INE0DK501011,PPLPHARMA,EQ,179.0,185.79,174.45,184.81,185.29,178.87,9895524,1798671838.05,69017
2026-07-21,INE450D01021,PITTIENG,EQ,933.55,945.0,919.55,928.45,926.0,933.55,57306,53224101.5,6323
2026-07-21,INE751B01018,PIXTRANS,EQ,1838.7,1857.9,1815.0,1845.3,1850.0,1857.3,10458,19147889.7,1550
2026-07-21,INE083C01022,PLASTIBLEN,EQ,199.86,201.99,196.4,197.84,199.0,199.86,76169,15125189.15,1604
2026-07-21,INE0PT501018,PLATIND,EQ,227.38,235.79,227.38,231.57,230.6,228.92,80801,18770171.63,1990
2026-07-21,INE0INJ01017,PLAZACABLE,BE,43.4,43.4,42.5,42.7,42.6,43.14,20853,892435.67,142
2026-07-21,INE859A01011,PNBGILTS,EQ,86.9,90.44,86.9,88.09,88.0,86.86,634999,56554630.03,4902
2026-07-21,INE572E01012,PNBHOUSING,EQ,1095.9,1102.5,1077.1,1094.0,1088.0,1098.4,584449,637876884.8,33215
2026-07-21,INE195J01029,PNCINFRA,EQ,246.78,247.91,240.61,243.05,242.0,246.78,346563,84371542.46,7257
2026-07-21,INE1RDG01013,PNGSREVA,EQ,403.15,412.45,399.55,410.9,411.95,401.15,33485,13621665.15,1510
2026-07-21,INE371C01013,PODDARMENT,EQ,260.0,280.0,260.0,263.84,262.3,251.1,81490,21882478.85,1883
2026-07-21,INE637C01025,POKARNA,EQ,975.0,990.0,966.9,982.0,987.0,971.3,18572,18172407.3,1724
2026-07-21,INE205C01021,POLYMED,EQ,1721.0,1721.8,1691.0,1695.9,1698.0,1720.9,41345,70211158.7,5178
2026-07-21,INE455K01017,POLYCAB,EQ,8913.5,8952.0,8831.0,8903.5,8908.0,8885.0,240641,2139596412.0,32626
2026-07-21,INE633B01018,POLYPLEX,EQ,1086.5,1089.75,1068.0,1071.95,1073.0,1075.35,40626,43756501.55,3484
2026-07-21,INE517M01028,POLYSIL,SM,121.05,122.95,120.05,122.5,122.5,120.45,10000,1223400.0,6
2026-07-21,INE063E01061,POCL,EQ,570.0,584.0,559.4,561.1,562.0,1401.8,574746,326608297.9,21141
2026-07-21,INE838E01017,PONNIERODE,EQ,318.0,319.8,314.1,315.9,316.2,324.45,31911,10091030.95,1114
2026-07-21,INE511C01022,POONAWALLA,EQ,468.1,468.8,460.6,463.2,462.7,467.25,798409,370119988.0,16076
2026-07-21,INE772T01024,PVSL,EQ,105.2,106.77,102.01,103.34,103.0,105.72,65800,6879720.0,991
2026-07-21,INE0S3H01017,POSITRON,ST,177.0,180.95,175.0,180.95,180.95,172.35,2700,482565.0,9
2026-07-21,INE134E01011,PFC,EQ,414.9,418.35,410.05,414.85,414.45,413.85,5594822,2316871376.25,49436
2026-07-21,INE752E01010,POWERGRID,EQ,289.0,290.4,284.45,286.7,286.35,288.7,7517060,2157958883.25,99260
2026-07-21,INE557Z01018,PIGL,EQ,111.59,112.01,109.12,110.45,110.9,111.16,35197,3879717.7,735
2026-07-21,INE211R01019,POWERMECH,EQ,2555.0,2572.7,2525.2,2528.9,2526.8,2568.5,38718,98255858.8,7200
2026-07-21,INE0GGX23010,PGINVIT,IV,98.77,99.86,97.96,98.65,98.8,98.52,2546504,252074047.51,10607
2026-07-21,INE921L01032,POWERICA,EQ,565.0,573.95,560.2,562.95,563.4,567.15,104122,58868505.9,4522
2026-07-21,INE095I01015,PPAP,BE,292.4,302.91,292.35,302.91,302.91,288.49,43423,13092632.35,494
2026-07-21,INE0I0M01023,PRABHA,EQ,147.34,148.98,144.5,145.83,146.0,145.3,14225,2087977.54,239
2026-07-21,INE770A01010,PRADPME,BE,556.0,556.0,523.5,534.45,532.0,539.5,5188,2752140.65,122
2026-07-21,INE074A01025,PRAJIND,EQ,337.0,339.8,333.7,335.75,336.2,337.6,444872,149455066.35,16546
2026-07-21,INE505C01016,PRAENG,EQ,20.5,20.5,19.69,20.13,19.9,20.28,6432,128440.71,62
2026-07-21,INE603A01013,PRAKASH,EQ,125.5,125.54,123.5,124.24,124.2,124.31,263755,32762076.89,2401
2026-07-21,INE050001010,PPL,BE,259.9,265.0,252.0,258.35,261.9,255.25,23183,6052926.85,366
2026-07-21,INE696K01024,PRAKASHSTL,EQ,4.04,4.11,4.03,4.03,4.03,4.04,61276,248108.09,219
2026-07-21,INE0O7A01017,PRAMARA,SM,135.3,136.0,133.0,135.0,135.0,135.3,26500,3584750.0,41
2026-07-21,INE0VJG01014,PRANIK,SM,43.2,44.6,43.2,44.6,44.6,44.0,4800,211840.0,3
2026-07-21,INE393P01035,DIAMONDYD,EQ,1149.2,1167.4,1133.3,1148.9,1140.0,1155.7,27693,31814387.3,2473
2026-07-21,INE722B01019,PRAVEG,EQ,276.99,300.24,275.0,297.91,298.7,275.46,363404,105777024.53,9877
2026-07-21,INE546Y01022,PRAXIS,BE,7.25,7.35,7.01,7.29,7.29,7.37,185775,1319991.18,141
2026-07-21,INE484I01029,PRECAM,EQ,142.3,144.0,141.48,142.05,142.25,142.04,71004,10124803.39,1647
2026-07-21,INE0HKW01018,PRECISION,SM,7.2,7.25,7.2,7.25,7.25,6.95,10000,72100.0,5
2026-07-21,INE372C01037,PRECWIRE,EQ,367.8,367.9,357.6,359.2,363.0,364.9,155613,56116284.45,8076
2026-07-21,INE283A01014,PRECOT,EQ,820.3,872.35,815.0,855.4,854.0,830.85,11729,9973649.6,785
2026-07-21,INE001E01012,PREMCO,EQ,375.0,375.0,364.0,365.1,365.1,371.15,498,183169.3,40
2026-07-21,INE0BS701011,PREMIERENE,EQ,1086.5,1087.0,1045.0,1048.4,1045.0,1086.4,911087,965688767.2,25282
2026-07-21,INE863B01029,PREMEXPLN,EQ,661.0,667.0,654.1,657.7,658.0,661.6,554085,365208336.8,6400
2026-07-21,INE342A01018,PREMIER,BE,2.87,3.0,2.87,2.89,2.9,2.88,2096,6080.19,19
2026-07-21,INE309M01020,PREMIERPOL,EQ,74.1,75.4,71.56,72.07,72.59,73.99,274082,19921738.43,2776
2026-07-21,INE0CFG01012,PRLIND,SM,46.75,46.8,45.0,45.7,45.7,45.25,135000,6149900.0,53
2026-07-21,INE0R1601012,PRESSTONIC,SM,25.15,26.1,24.2,25.95,26.1,25.5,56800,1437080.0,59
2026-07-21,INE811K01011,PRESTIGE,EQ,1669.1,1712.2,1662.3,1706.9,1710.9,1669.1,343361,580971634.7,20822
2026-07-21,INE726V01018,PRICOLLTD,EQ,613.95,614.8,604.0,610.95,611.0,613.6,272776,166343039.55,13706
2026-07-21,INE0CQA01020,PRIMECAB,ST,170.0,179.4,162.6,179.4,179.4,170.9,68800,12067200.0,39
2026-07-21,INE367G01038,PFOCUS,EQ,283.93,297.5,282.02,289.42,290.0,284.11,1070612,310977567.37,18219
2026-07-21,INE032B01021,PRIMESECU,EQ,276.65,280.8,276.55,277.65,276.6,281.3,2376,661170.75,222
2026-07-21,INE607A01022,PRIMO,EQ,23.84,24.0,22.48,23.02,23.15,23.4,227327,5248466.68,1122
2026-07-21,INE689W01016,PRINCEPIPE,EQ,267.3,269.0,263.6,264.85,265.2,267.5,89315,23670643.4,2782
2026-07-21,INE010A01011,PRSMJOHNSN,EQ,109.76,114.4,109.28,112.75,112.65,109.76,346926,39088451.06,7153
2026-07-21,INE974Z01015,PRITI,BE,37.0,38.9,37.0,37.6,37.5,37.65,2451,91472.1,60
2026-07-21,INE583R01029,PRITIKAUTO,BE,17.99,18.88,17.55,18.39,18.3,17.99,150899,2761443.46,363
2026-07-21,INE0MJQ01020,PRITIKA,SM,56.3,61.65,56.3,61.65,61.65,62.0,12000,700300.0,5
2026-07-21,INE392B01011,PNC,EQ,20.4,20.4,19.3,20.19,20.19,19.3,3302,65279.01,75
2026-07-21,INE959A01019,PRIVISCL,EQ,3675.6,3709.0,3660.0,3674.4,3699.9,3675.6,38612,142157439.1,5407
2026-07-21,INE0V9N01017,PRIZOR,ST,812.0,828.2,812.0,828.2,828.2,812.0,11600,9561460.0,22
2026-07-21,INE0VJT01017,PROFX,SM,72.0,72.0,72.0,72.0,72.0,73.0,1600,115200.0,1
2026-07-21,INE199A01012,PGHL,EQ,6825.5,6864.5,6740.5,6779.5,6769.0,6852.5,5290,35972703.0,1741
2026-07-21,INE0BX301013,PROSTARM,EQ,125.74,128.59,125.35,126.4,126.8,126.27,98039,12413889.32,1797
2026-07-21,INE004A01022,PROTEAN,EQ,587.0,597.0,584.1,595.8,595.55,585.7,147437,87184631.75,5405
2026-07-21,INE0ONE01016,PROV,SM,1700.0,1710.0,1700.0,1710.0,1710.0,1703.0,560,954400.0,3
2026-07-21,INE195N01013,PROZONER,EQ,43.03,43.56,42.26,42.68,42.95,43.02,77008,3290897.52,674
2026-07-21,INE00F201020,PRUDENT,EQ,2825.2,2925.0,2802.6,2912.5,2925.0,2830.8,19546,56654031.1,7047
2026-07-21,INE024D01016,PRUDMOULI,BE,13.49,13.49,13.0,13.45,13.45,13.35,4333,57539.83,22
2026-07-21,INE488V01015,PSPPROJECT,EQ,1071.0,1088.8,1063.4,1077.4,1086.9,1072.3,59773,64335762.1,4091
2026-07-21,INE560K01014,PFS,EQ,30.0,30.2,29.5,29.62,29.65,29.99,283763,8479162.71,1637
2026-07-21,INE877F01012,PTC,EQ,173.0,173.05,169.83,170.01,170.0,172.99,461492,78920349.03,13446
2026-07-21,INE596F01018,PTCIL,EQ,18025.0,18025.0,17760.0,17853.0,17810.0,18030.0,5608,100133413.0,2671
2026-07-21,INE034D01049,PTL,EQ,39.89,39.89,39.61,39.69,39.7,39.57,12566,499121.74,442
2026-07-21,INE865T01018,PDMJEPAPER,EQ,85.66,88.47,83.55,86.57,86.25,84.82,194921,16842922.47,2883
2026-07-21,INE335X01014,PULZ,SM,23.0,23.0,23.0,23.0,23.0,23.0,2000,46000.0,1
2026-07-21,INE608A01012,PSB,EQ,24.42,24.91,24.37,24.73,24.78,24.84,1678386,41464557.83,4077
2026-07-21,INE277B01014,PUNJABCHEM,EQ,1143.4,1161.1,1143.4,1156.1,1147.0,1143.4,3620,4174534.1,961
2026-07-21,INE160A01022,PNB,EQ,111.7,113.38,111.31,112.08,112.1,111.76,28685665,3225467710.78,89742
2026-07-21,INE323I01011,PURVA,EQ,219.0,222.49,217.35,219.28,217.35,219.73,157669,34698710.34,4767
2026-07-21,INE0P5R01014,PURPLEUTED,ST,385.95,385.95,369.55,369.55,369.55,388.95,14000,5215012.5,48
2026-07-21,INE0R6C01012,PURVFLEXI,ST,46.0,48.0,45.6,48.0,48.0,48.0,8000,379720.0,10
2026-07-21,INE154801018,PUSHPA,SM,118.9,119.0,115.0,118.05,119.0,118.35,58000,6855250.0,31
2026-07-21,INE362A01016,PVP,EQ,28.88,29.45,28.56,29.03,29.02,28.57,106447,3080786.43,956
2026-07-21,INE191H01014,PVRINOX,EQ,1020.0,1020.95,996.5,1001.1,1002.7,1019.25,129060,129839353.35,7802
2026-07-21,INE0MIS01010,PYRAMID,EQ,161.61,164.0,161.6,163.0,163.0,162.71,14070,2300474.5,395
2026-07-21,INE1G2W01011,QLINE,SM,535.4,535.4,506.6,511.4,515.0,531.4,152000,78750980.0,290
2026-07-21,INE0FMW01018,QMSMEDI,EQ,111.9,111.9,105.1,106.96,105.15,108.16,20280,2204846.85,1343
2026-07-21,INE0LRY01011,QUADFUTURE,EQ,408.25,411.3,394.5,395.6,395.25,408.25,194418,77710543.1,4595
2026-07-21,INE0O1M01015,QFIL,SM,61.5,61.5,61.5,61.5,61.5,60.0,2000,123000.0,1
2026-07-21,INE0SII01026,QPOWER,BE,1135.0,1157.0,1119.3,1127.6,1138.0,1139.0,75382,85162322.9,2873
2026-07-21,INF082J01408,QGOLDHALF,EQ,117.86,118.1,117.21,117.97,117.9,117.19,90358,10648565.02,617
2026-07-21,INF082J01499,QNIFTY,EQ,266.6,266.8,265.6,266.2,266.2,266.7,4727,1258332.4,76
2026-07-21,INE615P01015,QUESS,EQ,296.3,303.25,294.85,299.65,299.95,294.95,338826,101598525.55,11508
2026-07-21,INE0TNW01017,QUESTLAB,SM,99.8,99.8,95.2,95.2,95.2,97.1,4800,463440.0,4
2026-07-21,INE306L01010,QUICKHEAL,BE,158.02,160.85,154.8,158.03,158.0,161.03,69662,11004372.75,1051
2026-07-21,INE641R01017,QUINT,EQ,38.06,40.5,38.06,38.2,38.2,39.1,466,18022.3,16
2026-07-21,INE0NQ801033,RKSWAMY,EQ,101.47,102.99,99.52,101.5,101.86,101.0,54885,5577240.86,1160
2026-07-21,INE219Y01026,RMDRIP,EQ,19.0,19.44,18.81,18.9,18.92,18.97,1357382,26010159.99,1855
2026-07-21,INE951M01037,RRIL,EQ,17.0,17.47,16.67,17.06,17.0,17.18,31931,543179.39,135
2026-07-21,INE777K01022,RRKABEL,EQ,2330.1,2355.1,2292.9,2345.4,2347.0,2332.9,399504,928297692.0,25566
2026-07-21,INE616F01022,RSDFIN,EQ,83.0,83.0,83.0,83.0,83.0,88.38,49,4067.0,5
2026-07-21,INE411H01032,RSYSTEMS,EQ,250.79,253.65,247.19,248.27,247.2,250.43,295761,73912408.63,5505
2026-07-21,INE012Q01039,RNBDENIMS,EQ,9.7,9.83,9.4,9.51,9.57,9.59,210274,2008718.08,678
2026-07-21,INE165B01029,RSSOFTWARE,BE,33.49,33.49,33.0,33.0,33.0,33.13,5516,182353.99,27
2026-07-21,INE324L01013,RPPINFRA,EQ,63.53,65.09,63.06,64.17,64.06,63.31,32407,2081841.27,537
2026-07-21,INE2PB023011,RIIT,IV,116.12,117.9,116.12,116.88,116.81,116.81,67892,7934622.02,4740
2026-07-21,INE084Q01012,RACE,EQ,109.91,110.67,106.01,108.0,107.25,109.91,1573,170400.63,42
2026-07-21,INE02OY01016,RILINFRA,SM,37.35,38.05,37.05,37.25,37.1,38.0,8700,326575.0,41
2026-07-21,INE704B01017,RACLGEAR,EQ,1324.0,1391.9,1319.1,1357.0,1345.0,1324.6,23081,31457224.1,2567
2026-07-21,INE874F01027,RADAAN,EQ,3.0,3.0,2.89,2.9,2.92,2.94,7456,21789.17,58
2026-07-21,INE583V01021,RADHIKAJWE,EQ,64.65,66.61,63.81,65.35,65.9,64.63,646893,42191970.09,6243
2026-07-21,INE855R01021,RADIANTCMS,EQ,38.3,38.3,37.3,37.49,37.56,37.87,132225,4984104.19,938
2026-07-21,INE944F01028,RADICO,EQ,4140.0,4161.0,4080.0,4088.4,4082.4,4132.4,221185,906895427.4,30647
2026-07-21,INE430U01019,RADIOWALLA,ST,28.85,29.95,28.85,29.9,29.9,29.4,9600,283920.0,6
2026-07-21,INE912T01018,RPEL,EQ,1292.0,1292.0,1242.3,1269.1,1264.3,1283.1,39585,49957121.1,3957
2026-07-21,INE415G01027,RVNL,EQ,226.0,228.37,223.64,225.26,225.16,226.87,3466548,781558885.38,34229
2026-07-21,INE0DD101019,RAILTEL,EQ,295.35,298.35,293.3,294.15,294.75,294.7,343736,101503608.95,9722
2026-07-21,INE855B01025,RAIN,EQ,210.75,224.85,210.0,223.4,222.05,212.02,9359486,2058655388.53,68168
2026-07-21,INE961O01016,RAINBOW,EQ,1489.2,1500.2,1475.0,1483.7,1481.9,1492.3,58877,87592288.3,9972
2026-07-21,INE294G01026,ROML,EQ,45.02,45.76,44.27,44.98,44.75,45.02,1481,66610.15,35
2026-07-21,INE533D01032,RAJRILTD,BE,21.02,21.7,21.02,21.37,21.22,21.4,4525,95960.72,59
2026-07-21,INE952H01027,RAJTV,EQ,11.66,12.05,11.66,12.0,12.0,11.98,8263,98821.32,123
2026-07-21,INE296E01026,RAJPALAYAM,EQ,825.0,830.0,811.0,812.65,812.0,825.0,648,530819.45,43
2026-07-21,INE610C01014,ARENTERP,EQ,35.19,37.0,33.14,34.35,37.0,34.74,1822,62694.12,36
2026-07-21,INE343B01030,RAJESHEXPO,BZ,87.25,91.79,85.9,91.79,91.79,87.42,382046,34724806.44,1671
2026-07-21,INE0BZQ01011,RCDL,SM,25.25,25.25,25.25,25.25,25.25,25.1,3000,75750.0,1
2026-07-21,INE00KV01022,RAJMET,EQ,3.33,3.4,3.3,3.34,3.38,3.34,157534,525658.26,630
2026-07-21,INE535F01024,RAJOOENG,BE,53.4,53.61,52.4,53.61,53.61,51.06,262698,14068655.48,620
2026-07-21,INE0VHU01019,RAJPUTANA,SM,191.5,191.5,189.0,189.0,189.0,192.55,2000,380500.0,4
2026-07-21,INE0PCU01012,RAJINDLTD,SM,83.25,83.25,83.25,83.25,83.25,83.8,3000,249750.0,1
2026-07-21,INE313L01016,RSL,EQ,127.18,136.7,127.18,133.04,132.55,128.02,715857,95277427.58,6471
2026-07-21,INE451D01029,RAJRATAN,EQ,472.5,544.0,472.5,509.9,506.85,483.6,2517200,1320019478.95,59821
2026-07-21,INE760W01023,RPPL,EQ,21.8,22.38,21.37,22.08,21.68,22.04,64199,1405016.98,548
2026-07-21,INE562B01019,RAJSREESUG,EQ,32.1,32.25,31.3,31.51,31.38,32.92,94478,2998551.24,768
2026-07-21,INE613A01020,RALLIS,EQ,240.83,242.92,227.1,228.62,227.7,239.87,10550780,2474670045.5,110516
2026-07-21,INE207E01023,RAMRAT,EQ,425.7,428.95,420.05,420.75,420.35,425.7,66329,28062995.85,2563
2026-07-21,INE809A01032,RAMAPHO,EQ,124.25,127.0,121.3,126.24,127.0,124.22,26656,3309347.48,896
2026-07-21,INE230R01035,RAMASTEEL,BE,4.35,4.35,4.29,4.31,4.32,4.3,1716068,7410981.95,2819
2026-07-21,INE14W901010,RTL,SM,79.5,83.5,79.5,81.0,81.0,80.0,42000,3401000.0,7
2026-07-21,INE614A01028,RAMCOIND,EQ,355.0,355.2,346.9,349.3,351.1,354.35,117774,41228372.95,3298
2026-07-21,INE246B01019,RAMCOSYS,EQ,804.0,807.9,788.0,796.4,800.0,803.6,444144,353802419.7,10649
2026-07-21,INE0RJH01010,RBS,ST,75.0,77.45,75.0,75.0,75.0,74.0,4000,303160.0,5
2026-07-21,INE399G01023,RKFORGE,EQ,564.0,581.3,562.0,576.3,575.0,562.15,2247939,1291394930.95,41765
2026-07-21,INE874I01013,RAMKY,EQ,387.2,387.2,382.1,383.0,383.1,384.85,25219,9686423.55,619
2026-07-21,INE625B01014,RANASUG,EQ,11.8,11.95,11.8,11.87,11.92,11.87,189388,2248242.81,563
2026-07-21,INE050H01012,RML,EQ,1180.0,1213.8,1163.6,1199.2,1202.5,1178.0,25466,30327204.7,3487
2026-07-21,INE384A01010,RANEHOLDIN,EQ,1728.0,1778.0,1728.0,1760.9,1762.0,1744.9,18120,31751108.8,1779
2026-07-21,INE0QX901013,RAPIDFLEET,SM,182.0,182.0,182.0,182.0,182.0,184.0,600,109200.0,1
2026-07-21,INE0MVO01012,RAPPID,SM,376.0,376.0,350.0,355.7,355.7,372.85,10200,3693300.0,17
2026-07-21,INE0J1F01024,RPTECH,EQ,754.05,755.1,736.5,743.75,744.4,756.7,201077,149733622.0,6594
2026-07-21,INE027A01015,RCF,EQ,127.58,128.31,127.14,127.64,127.45,127.23,476584,60850002.78,7049
2026-07-21,INE0CLI01024,RATEGAIN,EQ,951.05,962.0,921.1,926.4,921.9,948.45,255742,239126473.55,14115
2026-07-21,INE703B01027,RATNAMANI,EQ,2555.0,2590.5,2530.0,2538.9,2540.0,2552.5,31663,81069997.6,5431
2026-07-21,INE05CZ01011,RATNAVEER,EQ,179.38,179.38,175.51,176.61,176.8,180.25,357837,63375102.4,4256
2026-07-21,INE834M01019,RTNINDIA,EQ,32.07,32.92,31.84,32.6,32.7,32.08,958867,31135034.72,4353
2026-07-21,INE399K01017,RTNPOWER,EQ,8.78,8.9,8.77,8.85,8.87,8.77,8159617,72200917.19,8215
2026-07-21,INE722J01012,RKDL,EQ,19.26,19.44,18.81,19.26,19.44,19.26,4370,83907.41,76
2026-07-21,INE09E501017,RVHL,EQ,46.0,47.0,44.56,45.01,44.62,45.51,4138,189123.6,64
2026-07-21,INE206N01018,RELTD,EQ,175.81,179.5,175.03,176.26,175.9,175.86,205851,36553651.79,4866
2026-07-21,INE02ID01020,RAYMONDLSL,EQ,726.0,731.1,715.5,719.8,718.0,726.6,89365,64332732.3,4642
2026-07-21,INE301A01014,RAYMOND,EQ,616.75,627.3,606.0,607.7,607.0,612.85,402816,247933458.95,10945
2026-07-21,INE1SY401010,RAYMONDREL,EQ,707.0,707.0,685.5,691.8,691.95,703.5,238150,165158538.4,8603
2026-07-21,INE976G01028,RBLBANK,EQ,369.05,370.7,363.0,367.2,366.8,368.45,4362918,1598133715.3,58255
2026-07-21,INE0NA301016,RBMINFRA,SM,260.0,263.5,255.2,257.7,260.0,258.25,11000,2847250.0,49
2026-07-21,INE0PEQ01016,RBZJEWEL,EQ,146.6,149.0,144.05,146.11,145.51,146.6,65312,9564426.61,1709
2026-07-21,INE10QL01011,READYMIX,SM,104.45,105.0,103.5,104.15,104.8,104.45,14000,1462500.0,14
2026-07-21,INE020B01018,RECLTD,EQ,362.5,363.9,357.05,362.05,361.8,363.5,3426706,1238249650.35,34745
2026-07-21,INE891D01026,REDINGTON,EQ,273.0,274.45,266.0,269.95,270.0,269.5,1817293,490789322.1,31696
2026-07-21,INE0LXT01019,REDTAPE,EQ,133.22,133.66,131.5,132.44,132.32,132.57,156804,20747030.7,2802
2026-07-21,INE056I01025,REFEX,EQ,311.0,312.55,303.7,305.8,306.6,311.55,342414,105439125.6,5746
2026-07-21,INE0TNX01015,REFRACTORY,SM,27.85,28.15,27.75,28.1,28.1,26.85,6000,167950.0,5
2026-07-21,INE0MHO01029,REGAAL,BE,79.6,80.5,77.0,79.09,79.39,78.34,36791,2909770.1,241
2026-07-21,INE277C01012,REGENCERAM,EQ,35.66,36.5,33.16,34.9,34.22,36.09,25563,881277.0,129
2026-07-21,INE131B01039,RELAXO,EQ,434.95,434.95,406.2,410.95,410.5,437.05,2119834,886214921.1,42147
2026-07-21,INF204KC1030,GILT5YBEES,EQ,66.18,66.18,65.9,66.01,66.04,65.86,66818,4410624.83,273
2026-07-21,INE375Y01018,RELIABLE,EQ,151.0,151.0,145.06,146.25,147.4,148.33,5550,813063.29,183
2026-07-21,INE750D01016,RELCHEMQ,EQ,132.5,132.5,128.6,129.12,129.0,130.0,910,118478.64,36
2026-07-21,INE330H01018,RCOM,BE,0.86,0.86,0.85,0.85,0.85,0.85,1145578,979347.86,1334
2026-07-21,INE217K01011,RHFL,BZ,2.02,2.03,1.99,2.01,2.02,1.99,227702,458285.79,509
2026-07-21,INE046A01015,RIIL,EQ,779.0,784.0,761.3,766.25,761.3,780.9,53623,41300077.2,2339
2026-07-21,INE002A01018,RELIANCE,EQ,1321.0,1326.9,1302.7,1303.7,1304.6,1323.1,12753410,16700809195.3,204419
2026-07-21,INE614G01033,RPOWER,EQ,24.31,24.59,24.25,24.3,24.33,24.32,11124221,271359235.64,19888
2026-07-21,INE621H01010,RELIGARE,EQ,258.9,258.9,254.1,256.2,256.3,257.0,161745,41416471.9,4017
2026-07-21,INE474C01023,REMSONSIND,EQ,81.47,83.45,80.13,81.57,81.8,81.24,76427,6233474.79,1509
2026-07-21,INE0O5T01011,REMUS,SM,730.0,743.0,728.0,737.85,743.0,718.75,1100,812370.0,10
2026-07-21,INE722H01024,RGL,EQ,118.96,120.45,118.96,119.74,119.75,119.82,129447,15508082.62,1100
2026-07-21,INE0VZX01015,RNPL,SM,74.8,74.8,74.3,74.55,74.55,78.0,4800,357780.0,4
2026-07-21,INE612J01015,REPCOHOME,EQ,407.8,407.8,398.05,399.8,399.0,405.3,33477,13458605.45,1693
2026-07-21,INE461B01014,REPRO,EQ,372.3,375.95,370.0,371.15,370.0,372.55,2722,1012916.3,141
2026-07-21,INE688D01026,RESPONIND,EQ,193.99,193.99,180.01,181.84,182.0,192.77,2185884,405085807.91,27693
2026-07-21,INE07T201019,RBA,EQ,66.98,67.83,65.7,65.88,66.09,66.75,2312213,153453518.06,9549
2026-07-21,INE0DAB01012,RVTH,EQ,698.0,724.0,692.0,712.15,722.6,698.0,373,261886.05,35
2026-07-21,INE113601012,REXPRO,SM,43.2,43.2,41.75,41.95,42.2,43.2,12000,506600.0,10
2026-07-21,INE0V2V01015,RFBL,ST,85.9,86.9,85.9,86.9,86.9,82.85,12000,1037100.0,4
2026-07-21,INE0KKN01029,RHETAN,EQ,28.48,28.73,28.06,28.26,28.16,28.48,3425798,96986011.66,3722
2026-07-21,INE743M01012,RHIM,EQ,410.5,418.5,408.3,409.8,409.95,408.7,970914,401317923.6,17450
2026-07-21,INE209B01025,RICOAUTO,EQ,140.78,142.0,135.63,137.58,137.3,138.36,2521137,348754082.02,22711
2026-07-21,INE302D01024,RIR,EQ,160.92,164.7,160.52,162.84,162.37,160.51,80778,13145643.61,2106
2026-07-21,INE0N2P01017,RISHABH,EQ,659.7,663.0,648.6,652.6,651.0,657.15,133050,87223384.35,7176
2026-07-21,INE01EG01016,RITCO,EQ,281.0,288.0,276.1,279.8,280.0,277.55,221015,62266214.4,4863
2026-07-21,INE0MRA01019,RITEZONE,ST,21.65,21.65,21.55,21.55,21.55,22.65,11200,241680.0,7
2026-07-21,INE320J01015,RITES,EQ,221.22,221.88,218.11,219.46,219.35,219.94,474607,104117644.34,9524
2026-07-21,INE786W01010,RKEC,EQ,26.11,27.0,26.0,26.77,26.86,26.29,11271,299363.74,194
2026-07-21,INE655V01019,RMC,EQ,278.9,284.8,267.05,270.15,268.0,279.35,39060,10733060.45,1537
2026-07-21,INE0SA001017,RNFI,SM,251.0,278.0,251.0,271.85,270.0,247.6,115200,30676560.0,147
2026-07-21,INE508K01013,RHL,EQ,170.81,172.49,170.0,171.84,170.5,170.81,6957,1192068.96,147
2026-07-21,INE0PTR01012,ROCKINGDCE,SM,185.85,186.0,183.0,183.0,183.0,175.65,1500,277575.0,5
2026-07-21,INE645S01024,ROLEXRINGS,EQ,153.8,157.76,147.0,150.86,150.7,155.25,2118980,320637357.07,18134
2026-07-21,INE927A01040,ROLLT,BE,2.12,2.14,2.0,2.0,2.0,2.1,209619,423666.55,188
2026-07-21,INE02A801020,ROSSARI,EQ,520.8,524.0,505.1,512.2,514.0,518.55,81743,41849653.05,3834
2026-07-21,INE847C01020,ROSSELLIND,EQ,64.84,65.0,60.51,61.71,61.4,62.42,50669,3139684.23,737
2026-07-21,INE0OJW01016,ROSSTECH,EQ,986.45,1025.0,980.0,1007.7,1006.0,978.6,150374,151588738.25,7086
2026-07-21,INE535D01037,ROTO,EQ,70.44,70.44,68.12,69.88,69.51,69.27,488292,33761049.67,4423
2026-07-21,INE450U01017,ROUTE,EQ,562.2,577.8,560.0,575.95,577.0,562.2,158039,90356764.05,5260
2026-07-21,INE0PDJ01013,ROXHITECH,ST,41.6,41.6,40.0,41.6,41.6,39.65,134400,5566480.0,68
2026-07-21,INE0EO401019,ROYALARC,SM,152.0,152.0,152.0,152.0,152.0,153.1,1200,182400.0,1
2026-07-21,INE283H01019,ROHLTD,EQ,317.0,321.95,316.5,317.85,318.0,318.05,12877,4089370.85,348
2026-07-21,INE105J01010,RPGLIFE,EQ,3067.9,3082.0,2900.4,2997.9,3039.5,3017.1,35272,105252056.5,6177
2026-07-21,INE425Y01011,RPSGVENT,EQ,900.0,930.0,900.0,917.55,910.1,908.8,18469,16995350.6,1392
2026-07-21,INE611A01016,RSWM,BE,210.6,219.95,202.2,214.75,216.25,212.35,94727,20323238.76,427
2026-07-21,INE642C01025,RUBFILA,EQ,73.03,74.0,72.73,73.63,72.82,72.98,7946,580848.92,157
2026-07-21,INE506V01022,RUBICON,EQ,1526.7,1539.0,1485.4,1516.9,1519.5,1511.8,263389,398448812.8,24477
2026-07-21,INE413B01023,RUCHINFRA,EQ,5.8,6.17,5.74,6.1,6.15,5.8,69156,416352.46,253
2026-07-21,INE803H01014,RUCHIRA,EQ,104.8,106.34,103.65,103.89,103.95,103.73,17321,1813115.71,497
2026-07-21,INE027T01023,RUDRA,BE,17.43,17.43,16.95,16.98,16.95,17.12,23976,408327.98,99
2026-07-21,INE364Z01019,REPL,BE,64.45,66.0,63.82,64.56,64.56,64.83,12542,809445.86,46
2026-07-21,INE0R7301013,RULKA,SM,99.0,114.0,99.0,105.5,105.5,113.0,4200,447135.0,14
2026-07-21,INE895B01021,RUPA,EQ,165.42,166.57,164.01,164.63,166.0,166.39,49755,8190931.31,1208
2026-07-21,INE573K01025,RUSHIL,EQ,16.16,16.62,15.55,16.28,16.33,16.16,832780,13440741.15,2915
2026-07-21,INE0BSN01013,SATECH,SM,34.4,34.4,34.4,34.4,34.4,34.25,1000,34400.0,1
2026-07-21,INE807K01035,SCHAND,EQ,148.1,151.78,148.1,149.37,149.5,148.94,22740,3406481.82,310
2026-07-21,INE0X6F01017,SDREAMS,SM,90.0,90.0,90.0,90.0,90.0,90.0,1000,90000.0,1
2026-07-21,INE500L01026,SHK,EQ,132.99,144.39,131.9,142.82,143.5,130.19,4919429,686877355.54,33958
2026-07-21,INE0F3301020,SJLOGISTIC,SM,323.8,324.75,317.0,320.85,322.95,319.9,12750,4085712.5,41
2026-07-21,INE902B01017,S&SPOWER,EQ,320.0,334.2,320.0,334.2,334.2,318.3,1753,583900.1,48
2026-07-21,INE212I01016,SPAL,EQ,1059.9,1059.9,992.6,998.4,996.9,1057.1,87758,88910256.6,6043
2026-07-21,INE658G01014,SALSTEEL,BE,52.0,54.77,51.06,54.77,54.77,52.17,67407,3606194.8,257
2026-07-21,INE0PSK01027,SAAKSHI,ST,288.05,292.0,280.5,289.0,290.0,294.55,14400,4162290.0,18
2026-07-21,INE13B501022,SAATVIKGL,EQ,466.25,468.7,445.9,448.5,449.5,463.95,222274,100924254.5,7961
2026-07-21,INE860T01019,SABEVENTS,EQ,7.93,8.19,7.61,7.76,7.7,7.93,8224,63230.97,50
2026-07-21,INE0DZ101013,SABAR,SM,4.7,4.85,4.7,4.85,4.85,4.7,15000,71250.0,2
2026-07-21,INE1ARD01016,SACHEEROME,SM,473.1,480.0,455.0,468.85,470.0,472.15,21000,9832140.0,61
2026-07-21,INE226H01026,SADBHAV,EQ,8.06,8.15,7.81,7.92,7.99,8.06,76438,613823.23,273
2026-07-21,INE764L01010,SADBHIN,BE,2.37,2.43,2.35,2.41,2.36,2.36,121557,289910.24,162
2026-07-21,INE888C01040,SADHNANIQ,BE,2.65,2.69,2.65,2.69,2.69,2.64,952590,2551648.18,184
2026-07-21,INE0K5H01010,SADHAV,SM,114.0,116.7,113.0,114.8,114.8,113.85,11400,1308060.0,19
2026-07-21,INE429E01023,SAFARI,EQ,1636.0,1643.4,1603.9,1614.3,1616.2,1636.9,13417,21689002.4,2768
2026-07-21,INE17D601016,SAFEENTP,SM,257.45,263.0,257.45,262.0,262.0,257.45,42000,10946075.0,52
2026-07-21,INE229C01021,SAGCEM,EQ,181.87,187.33,180.81,185.09,185.2,181.43,96943,17964369.86,2227
2026-07-21,INE976T01013,SAGARDEEP,EQ,23.71,24.46,23.6,24.09,24.1,23.79,5982,142469.45,65
2026-07-21,INE0W2G01015,SAGILITY,EQ,41.3,41.99,40.79,41.84,41.95,41.31,20301191,839688481.3,44398
2026-07-21,INE0P4701011,SAHAJSOLAR,SM,122.0,126.1,121.2,124.45,124.0,121.5,10000,1243820.0,23
2026-07-21,INE0LEX01011,SAHANA,SM,921.05,929.8,900.05,909.3,900.05,927.9,15000,13707256.25,84
2026-07-21,INE0RBQ01018,SAHASRA,ST,332.1,332.1,319.1,325.0,325.0,325.6,50800,16640720.0,74
2026-07-21,INE280H01015,SAHYADRI,EQ,283.05,292.0,282.0,285.8,285.0,283.05,5241,1483100.0,105
2026-07-21,INE570L01029,SAILIFE,EQ,1299.0,1299.0,1275.0,1288.7,1291.7,1297.0,310641,399283186.9,21357
2026-07-21,INE0H9F01037,SAIPARENT,EQ,567.9,570.0,557.5,559.35,563.9,567.9,56827,31877531.55,2401
2026-07-21,INE438K01021,KALAMANDIR,EQ,91.28,91.28,89.6,89.91,89.86,91.28,951500,85794610.31,11616
2026-07-21,INE00MT01022,SAJHOTELS,ST,38.0,39.95,38.0,39.95,39.95,40.0,6000,235800.0,3
2026-07-21,INE732S01012,SAKAR,EQ,911.4,913.2,873.85,878.75,882.6,898.8,67304,59972806.95,4707
2026-07-21,INE667G01023,SAKSOFT,EQ,177.0,178.62,171.63,173.17,173.13,177.65,1144463,199323950.04,10691
2026-07-21,INE623A01011,SAKHTISUG,EQ,17.1,17.58,16.8,17.48,17.3,16.89,189255,3255733.67,745
2026-07-21,INE190H01024,SAKUMA,BE,1.69,1.71,1.66,1.68,1.71,1.69,475035,804911.84,635
2026-07-21,INE170V01027,SALASAR,EQ,5.99,6.06,5.97,6.0,6.02,5.99,1677195,10067660.23,2115
2026-07-21,INE498E01010,SALONA,EQ,254.65,261.5,249.65,259.6,260.0,255.9,97,25061.2,29
2026-07-21,INE457F01013,SALZERELEC,EQ,589.95,595.75,586.2,588.9,587.6,587.45,23599,13937130.05,1760
2026-07-21,INE124101010,SAMAY,ST,45.0,45.0,43.7,43.7,43.7,46.0,16000,705800.0,4
2026-07-21,INE699B01027,SAMBHAAV,EQ,6.14,6.27,6.0,6.04,6.0,6.11,21729,131847.87,105
2026-07-21,INE12NJ01018,SAMBHV,EQ,119.25,119.7,116.9,118.21,118.0,118.88,611508,72355976.78,3513
2026-07-21,INE0PZA01015,SAIFL,SM,5.15,5.15,5.0,5.1,5.1,5.1,132000,671200.0,23
2026-07-21,INE08U801020,SAMHI,EQ,162.57,165.0,161.63,164.71,164.56,163.14,468791,76729895.87,13908
2026-07-21,INE148I01020,SAMMAANCAP,EQ,164.0,164.45,161.9,163.43,163.5,163.75,4697796,767246960.79,14105
2026-07-21,INE735M01018,SAMPANN,EQ,27.8,27.8,26.65,26.85,26.86,26.95,23858,641118.05,217
2026-07-21,INE775A01035,MOTHERSON,EQ,143.5,145.8,143.17,145.22,145.5,143.25,10666707,1544071800.18,54406
2026-07-21,INE0JPD01013,SANATHAN,EQ,443.95,487.0,442.05,467.35,469.0,443.8,135486,63448412.85,5619
2026-07-21,INE583B01015,SANDESH,EQ,979.0,983.0,968.35,981.45,983.0,981.35,593,580480.0,49
2026-07-21,INE278H01035,SANDHAR,EQ,604.0,614.8,599.0,610.6,606.1,601.45,141830,86303341.05,6645
2026-07-21,INE149K01016,SANDUMA,EQ,193.96,198.86,193.0,197.84,197.9,193.84,533287,104513191.62,11901
2026-07-21,INE495C01010,SANGAMIND,EQ,622.0,630.0,615.0,618.95,618.2,621.1,61916,38469218.65,2875
2026-07-21,INE989A01032,SANGHVIMOV,EQ,437.35,442.4,431.5,440.9,440.7,436.65,193417,84677878.4,5158
2026-07-21,INE753W01010,SANGINITA,BE,58.09,58.09,58.09,58.09,58.09,56.96,31184,1811478.56,69
2026-07-21,INE0UOS01011,SANOFICONR,EQ,4528.8,4610.0,4511.0,4576.8,4609.0,4528.8,5016,22833966.9,959
2026-07-21,INE058A01010,SANOFI,EQ,3384.0,3437.0,3370.8,3383.3,3388.9,3391.8,15095,51255080.7,3327
2026-07-21,INE953O01021,SANSERA,EQ,3349.9,3414.3,3273.0,3294.7,3292.5,3335.2,514008,1704184896.2,43263
2026-07-21,INE08NE01025,SANSTAR,EQ,109.77,109.88,107.12,107.77,107.51,109.03,171776,18602987.13,2489
2026-07-21,INE890C01046,SANWARIA,BZ,0.22,0.22,0.2,0.2,0.21,0.21,605940,127515.81,169
2026-07-21,INE806T01020,SAPPHIRE,EQ,182.89,183.5,179.62,182.58,182.0,181.15,718053,130076486.63,14719
2026-07-21,INE0PUC01020,SARTELE,SM,123.5,123.5,119.0,119.35,119.05,121.45,32500,3897150.0,61
2026-07-21,INE967G01019,ZSARACOM,EQ,12889.0,12889.0,12799.0,12799.0,12799.0,12883.5,9,115334.0,6
2026-07-21,INE0PQ101010,SSDL,EQ,52.51,53.61,52.1,52.62,52.99,53.27,33223,1759155.27,662
2026-07-21,INE385C01021,SARDAEN,EQ,505.0,512.7,504.1,508.6,509.25,502.25,270882,137651322.1,12613
2026-07-21,INE979A01025,SAREGAMA,EQ,511.85,519.8,505.4,516.2,517.0,514.15,445745,229211429.4,17175
2026-07-21,INE453D01025,SARLAPOLY,EQ,100.0,104.09,100.0,103.55,103.05,99.87,78206,8039712.36,1400
2026-07-21,INE017W01010,SMLT,EQ,68.5,68.5,66.1,66.9,66.56,66.57,3000,200988.0,93
2026-07-21,INE324X01026,SARVESHWAR,BE,3.51,3.56,3.46,3.5,3.51,3.46,736743,2584472.19,847
2026-07-21,INE231F01020,SASKEN,EQ,1920.1,1938.3,1842.0,1851.6,1845.1,1907.0,30335,56755575.6,3728
2026-07-21,INE0NB801022,SATKARTAR,ST,135.0,138.45,135.0,138.45,138.45,131.9,11200,1543400.0,14
2026-07-21,INE0RFP01011,SSEGL,SM,319.45,327.25,313.1,315.45,315.0,314.55,18400,5884210.0,79
2026-07-21,INE0RPM01017,SATIPOLY,ST,43.1,43.1,41.1,42.5,42.5,41.1,2000,83900.0,4
2026-07-21,INE170E01023,SATIA,EQ,60.5,60.5,57.71,57.97,58.0,59.46,75583,4403835.3,1314
2026-07-21,INE836B01017,SATIN,EQ,257.0,259.7,254.05,258.46,259.0,256.07,164231,42176736.07,3392
2026-07-21,INE14DW01018,SATTVAENGG,SM,84.0,86.9,83.95,84.0,83.95,84.55,16000,1362240.0,10
2026-07-21,INE626A01014,SAURASHCEM,EQ,60.47,61.29,58.5,59.15,59.5,60.41,106273,6360692.77,1487
2026-07-21,INE035D01020,SOTL,EQ,593.65,617.15,585.1,601.75,598.9,589.65,402941,242857047.0,16829
2026-07-21,INE0UCN01017,SAVY,SM,111.5,120.0,108.0,119.45,116.3,114.25,73200,8238480.0,42
2026-07-21,INE10VS01016,SAWALIYA,SM,301.0,301.0,294.0,295.55,295.95,298.0,36600,10852320.0,45
2026-07-21,INE04AK01028,SBC,EQ,42.25,42.35,40.1,41.88,41.28,42.24,7462198,314374259.55,3979
2026-07-21,INE423Y01016,SBFC,EQ,93.5,95.0,93.15,93.49,94.0,93.5,481191,45250702.31,9111
2026-07-21,INE018E01016,SBICARD,EQ,641.1,646.5,628.55,645.05,645.9,644.95,1096113,703366044.65,26728
2026-07-21,INE640G01020,SBIFUNDS,EQ,613.3,624.95,598.2,609.75,610.15,574.0,84848648,52317298285.0,1647105
2026-07-21,INE123W01016,SBILIFE,EQ,1834.5,1835.0,1816.2,1827.9,1825.6,1824.5,583351,1065420360.8,35551
2026-07-21,INF200KA16D8,SETFGOLD,EQ,121.45,121.55,120.65,121.41,121.44,120.59,957425,116013237.65,6854
2026-07-21,INF200KA1FS1,SETFNIF50,EQ,266.91,266.91,259.38,260.18,260.18,260.4,262000,68147092.42,3167
2026-07-21,INF200KA1580,SETFNIFBK,EQ,596.94,597.75,594.01,594.71,595.0,595.84,17707,10536318.44,477
2026-07-21,INF200KA1598,SETFNN50,EQ,778.8,780.5,772.72,779.78,778.11,774.19,26188,20351801.41,855
2026-07-21,INF200KA13Z8,LIQUIDSBI,EQ,1000.01,1000.01,999.99,1000.0,1000.0,1000.01,16851,16850870.9,28
2026-07-21,INF200KB1712,SBIBPB,EQ,49.98,50.49,49.0,49.4,49.0,49.74,87522,4349926.34,518
2026-07-21,INF200KA1X17,SBIETFCON,EQ,122.48,122.48,120.86,121.6,121.96,121.2,1619,196346.66,79
2026-07-21,INF200KA1S14,SBIETFIT,EQ,324.17,326.98,321.0,321.7,321.0,323.41,3959,1276339.42,158
2026-07-21,INF200KA1S22,SBIETFPB,EQ,288.99,288.99,281.57,284.51,281.57,284.72,2683,764199.58,101
2026-07-21,INF200KA1WX6,SBIETFQLTY,EQ,220.7,221.66,219.69,220.56,220.11,220.32,516,113671.52,46
2026-07-21,INF200KB1969,SBILIQETF,EQ,1048.34,1048.36,1048.34,1048.35,1048.36,1048.21,25662,26902743.97,36
2026-07-21,INF200KB1AJ0,SBIMIDMOM,EQ,63.38,63.38,62.43,62.69,62.6,62.77,24240,1521738.52,111
2026-07-21,INF200KB1282,SBINEQWETF,EQ,33.27,33.64,33.06,33.46,33.4,33.42,45189,1509422.69,449
2026-07-21,INF200KB1AK8,SBINMID150,EQ,23.3,23.42,23.12,23.26,23.27,23.19,100196,2325920.28,145
2026-07-21,INF200KB1217,SBISILVER,EQ,214.33,217.6,213.85,217.26,217.6,213.15,1307033,282934477.37,6352
2026-07-21,INF200KB1AY9,SBISMLETF,EQ,18.28,18.34,17.91,18.11,18.16,18.08,45498,825192.36,129
2026-07-21,INF200KB1AX1,SBIVALETF,EQ,15.12,15.14,14.92,15.02,14.92,15.05,11896,179299.37,67
2026-07-21,INF200KA1JT1,SETF10GILT,EQ,266.69,266.69,264.32,264.89,265.8,263.73,1164,309018.14,33
2026-07-21,INE099G01011,SCANSTL,EQ,47.58,49.5,43.71,47.07,46.8,46.88,349328,16340041.73,2844
2026-07-21,INE513A01022,SCHAEFFLER,EQ,4177.9,4198.0,4113.2,4180.1,4181.0,4155.2,23003,95787317.6,7036
2026-07-21,INE839M01018,SCHNEIDER,EQ,1339.7,1374.0,1322.9,1358.3,1358.0,1341.0,259223,351647503.2,24206
2026-07-21,INE148I07VL2,925SCL26W,N1,999.0,999.0,999.0,999.0,999.0,990.0,12,11988.0,1
2026-07-21,INE148I07YB7,925SCL30,NF,979.6,979.6,979.6,979.6,979.6,970.0,10,9796.0,1
2026-07-21,INE148I07WH8,925SCL27B,N1,997.0,997.0,997.0,997.0,997.0,996.22,12,11964.0,1
2026-07-21,INE148I07XB9,945SCL29,N0,100285.26,100285.26,100285.26,100285.26,100285.26,100184.07,20,2005705.2,1
2026-07-21,INE148I07XF0,955SCL35,NO,999.53,999.53,999.53,999.53,999.53,993.71,61,60971.33,3
2026-07-21,INE148I07XL8,965SCL30,ND,979.96,979.96,979.96,979.96,979.96,1060.0,9,8819.64,1
2026-07-21,INE148I07WP1,971SCL30,N1,1023.34,1025.54,1023.34,1025.54,1025.54,1029.0,1058,1085008.12,12
2026-07-21,INE148I07WI6,990SCL28,N1,1025.0,1025.0,1025.0,1025.0,1025.0,1019.82,10,10250.0,1
2026-07-21,INE090501011,SCODATUBES,EQ,146.34,146.34,140.41,141.75,142.5,145.16,147071,20889886.59,2777
2026-07-21,IN1220220082,765AS32,SG,100.1,100.1,100.1,100.1,100.1,100.0,100,10010.0,1
2026-07-21,IN3520260016,737CG31,SG,96.5,96.5,96.5,96.5,96.5,97.0,200,19300.0,1
2026-07-21,IN1420240047,725GA35,SG,94.76,94.76,94.76,94.76,94.76,90.25,100,9476.0,1
2026-07-21,IN4920230054,744JK53,SG,94.0,94.0,94.0,94.0,94.0,98.49,500,47000.0,1
2026-07-21,IN2520250035,726MZ40,SG,96.0,96.0,96.0,96.0,96.0,100.0,100,9600.0,1
2026-07-21,IN2820230034,747PN43,SG,94.0,94.0,94.0,94.0,94.0,97.0,300,28200.0,1
2026-07-21,IN4520220315,759TS37,SG,98.0,98.0,98.0,98.0,98.0,97.0,900,88200.0,4
2026-07-21,IN3320220012,766UP32,SG,101.98,101.98,101.98,101.98,101.98,100.6,200,20396.0,1
2026-07-21,IN3320260042,782UP46,SG,100.1,100.1,100.1,100.1,100.1,99.0,100,10010.0,1
2026-07-21,INE027E07972,935LTF29,N5,1066.0,1084.99,1065.8,1070.3,1070.3,1094.0,370,396521.75,15
2026-07-21,INE497B01018,SEAMECLTD,EQ,1373.7,1385.0,1328.0,1367.7,1385.0,1360.9,36426,49638560.4,3464
2026-07-21,INE477L07AP4,IIFLHFZC27,NB,1434.0,1434.0,1434.0,1434.0,1434.0,1423.5,39,55926.0,2
2026-07-21,INE477L07AS8,IIFLHF29,NE,1500.0,1505.5,1380.0,1447.04,1505.5,1340.0,289,416185.5,17
2026-07-21,INE413U07269,1003ISFL28,N4,1005.5,1014.99,1005.5,1010.99,1014.99,1015.0,29,29258.48,3
2026-07-21,INE244L07523,890SFIL23A,NZ,440.0,440.0,440.0,440.0,440.0,440.0,10,4400.0,1
2026-07-21,INE583D07521,1025UCL26A,N1,997.0,999.28,995.6,995.6,995.6,995.54,1437,1433317.12,21
2026-07-21,INE148I07SQ7,1025SCL34,Z8,1040.0,1040.0,1040.0,1040.0,1040.0,1040.0,400,416000.0,1
2026-07-21,INE148I07TN2,1025SCL34A,ZT,1020.0,1033.0,1020.0,1033.0,1033.0,1025.0,70,71695.0,4
2026-07-21,INE148I07UV3,1025SCL34B,N1,1010.0,1010.0,1010.0,1010.0,1010.0,1005.0,15,15150.0,1
2026-07-21,INE148I07RZ0,835SCL23B,YM,1016.0,1016.0,1016.0,1016.0,1016.0,1016.0,99,100584.0,2
2026-07-21,INE148I07RB1,965SCL25F,NZ,860.0,860.0,860.0,860.0,860.0,915.6,45,38700.0,1
2026-07-21,INE148I07RR7,835SCL23A,YH,1044.0,1044.0,1044.0,1044.0,1044.0,1044.0,10,10440.0,1
2026-07-21,INE413U07251,1050ISFL28,N5,1056.8,1056.8,1056.8,1056.8,1056.8,1040.0,1,1056.8,1
2026-07-21,INE342T07460,1065NFL27,NC,1020.0,1025.0,1006.0,1010.0,1010.0,1029.0,65,65970.0,4
2026-07-21,INE148I07RW7,1075SCL33,YK,1020.2,1084.75,1020.2,1084.75,1084.75,1112.0,13,13327.15,5
2026-07-21,INE148I07PT7,1075SCL33A,N2,850.3,850.3,850.3,850.3,850.3,927.0,45,38263.5,1
2026-07-21,INE0H7R07017,79NHIT35,N1,308.0,309.98,308.0,309.98,309.98,308.91,400,123398.0,2
2026-07-21,INE0H7R07025,79NHIT40,N2,313.0,313.0,307.02,307.02,307.02,312.97,301,94207.02,2
2026-07-21,INE0H7R07033,79NHIT47,N3,424.0,424.0,415.0,415.99,416.0,416.0,1312,546999.0,8
2026-07-21,INE219X07280,797IGT31,NL,1023.0,1023.0,1023.0,1023.0,1023.0,1001.01,50,51150.0,1
2026-07-21,INE219X07264,82IGT31,NJ,1025.0,1025.0,1025.0,1025.0,1025.0,1020.01,21,21525.0,4
2026-07-21,INE477L07AQ2,843IHFL29,NC,976.01,976.01,976.01,976.01,976.01,990.0,1,976.01,1
2026-07-21,INE530B07385,865IFL28,NZ,985.0,985.0,985.0,985.0,985.0,985.0,75,73875.0,2
2026-07-21,INE530B07310,865IIFL28,NS,989.5,990.0,989.15,989.15,989.15,988.34,260,257285.0,6
2026-07-21,INE338I07164,897MOFSL29,N4,1016.0,1024.0,1003.1,1024.0,1024.0,1024.0,360,364462.18,10
2026-07-21,INE530B07260,9IIFL28A,NT,1034.0,1034.0,1034.0,1034.0,1034.0,1029.0,3,3102.0,1
2026-07-21,INE148I07ML1,905SC24B,Z9,993.0,993.0,983.0,983.0,983.0,988.0,25,24775.0,2
2026-07-21,INE148I07KN1,889SCL26,NS,1070.75,1071.75,1070.75,1071.75,1071.75,1070.75,115,123187.25,11
2026-07-21,INE338I07115,93MOFSL34,N6,1033.0,1033.0,1032.0,1032.0,1032.0,1041.0,4,4130.0,2
2026-07-21,INE148I07UC3,948SCL27D,N1,1040.0,1040.0,991.04,991.04,991.04,1025.0,15,15246.24,3
2026-07-21,INE413U07236,957ISFL26,N2,1001.0,1001.0,1001.0,1001.0,1001.0,1000.0,200,200200.0,13
2026-07-21,INE148I07US9,965SCL26F,N1,1075.98,1075.98,1075.98,1075.98,1075.98,1073.9,120,129117.6,1
2026-07-21,INE423A07328,965AEL27,N4,1090.0,1090.0,1090.0,1090.0,1090.0,1090.0,80,87200.0,3
2026-07-21,INE244L07416,985SFIL28,NO,432.9,432.9,432.9,432.9,432.9,444.0,2,865.8,1
2026-07-21,INE423A07344,99AEL29,N7,1108.0,1111.0,1108.0,1111.0,1111.0,1107.0,4,4438.0,4
2026-07-21,INE477L07BA4,IHFL261224,N1,1139.8,1139.8,1139.8,1139.8,1139.8,1120.2,25,28495.0,1
2026-07-21,INE148I07TM4,SCL310524A,ZK,1199.0,1199.0,1199.0,1199.0,1199.0,1210.08,60,71940.0,4
2026-07-21,INE00QS24043,IMC1,N1,245.01,245.01,245.01,245.01,245.01,256.0,10,2450.1,1
2026-07-21,INE00QS24027,IMC1,N2,245.01,252.0,245.01,252.0,252.0,255.0,20,4970.1,2
2026-07-21,INE00QS24035,IMC1,N3,245.01,245.01,245.01,245.01,245.01,259.48,10,2450.1,1
2026-07-21,INE804IA7014,1015ECL29,NR,1017.0,1022.7,1017.0,1021.48,1021.9,1020.5,1484,1514804.0,21
2026-07-21,INE511C07706,829PFL29,N6,1084.0,1084.0,1084.0,1084.0,1084.0,1270.0,51,55284.0,2
2026-07-21,INE804IA7022,1060ECL29,NS,1054.0,1170.0,1054.0,1075.0,1075.0,1054.01,202,222545.0,4
2026-07-21,INE033L07GS6,81TCHF28,N8,1010.0,1028.0,1003.0,1028.0,1028.0,1003.0,615,617630.9,16
2026-07-21,INE033L07GU2,84TCHF28,,1060.0,1060.0,1060.0,1060.0,1060.0,1078.5,10,10600.0,1
2026-07-21,INE721A07PK7,875SFL27,ZF,1010.0,1010.0,1010.0,1010.0,1010.0,1010.0,243,245430.0,4
2026-07-21,INE148I07GL3,9SCL26BA,,1071.0,1071.0,1066.01,1066.01,1066.01,1066.0,340,362643.0,2
2026-07-21,INE804I078Y8,943ECL28,NJ,1004.0,1004.0,1002.5,1002.5,1002.5,1004.0,434,435088.0,9
2026-07-21,INE804I079Y6,985ECL28,NK,1080.0,1087.4,1080.0,1086.01,1086.01,1082.0,407,441754.26,5
2026-07-21,INE148I07GN9,SCLZC26,NB,2281.2,2281.2,2281.2,2281.2,2281.2,2314.0,10,22812.0,1
2026-07-21,INE0BTM01013,SECMARK,EQ,125.0,128.45,125.0,126.69,125.0,127.91,2599,331386.82,30
2026-07-21,INE650K01021,SECURKLOUD,EQ,17.65,18.44,17.4,17.59,17.74,17.65,19599,345366.95,111
2026-07-21,INE00XB01019,SEDEMAC,EQ,2660.5,2748.0,2660.5,2675.2,2682.0,2678.0,70249,190421327.6,8155
2026-07-21,INE955I01044,SEJALLTD,BE,739.9,748.0,712.8,739.6,745.0,732.75,3186,2344122.9,83
2026-07-21,INE105I01020,SELMC,EQ,29.34,29.34,28.28,28.62,28.66,28.71,4480,127868.12,69
2026-07-21,INE617A01013,SEMAC,BE,305.25,311.7,296.0,311.7,311.7,305.25,117,35269.5,15
2026-07-21,INE602W01027,SENCO,EQ,367.65,379.0,365.75,377.8,377.2,366.0,1122896,421020188.6,22826
2026-07-21,INE0RB801010,SENORES,EQ,1385.0,1410.0,1368.7,1404.0,1404.1,1385.0,130976,181229846.3,12264
2026-07-21,INE964H01014,SEPC,EQ,6.11,6.15,6.06,6.12,6.14,6.12,6131402,37486773.58,4028
2026-07-21,INE027E07AN7,87LTF27,NH,1094.99,1094.99,1001.1,1005.0,1005.0,1001.0,46,46401.09,5
2026-07-21,INE027E07998,898LTF29,N7,1067.0,1067.0,1065.0,1065.0,1065.0,1065.0,60,63902.0,4
2026-07-21,INE027E07AL1,905LTF27,NF,1039.5,1039.5,1026.05,1027.0,1027.0,1039.5,1200,1244924.0,7
2026-07-21,INE306N07LM5,865TCAPS27,N8,1089.99,1090.0,1067.5,1080.05,1080.05,1099.99,630,681487.0,11
2026-07-21,INE244L07168,96SFIL24A,NB,999.9,999.9,999.9,999.9,999.9,999.9,75,74992.5,1
2026-07-21,INE244L07184,92SFIL28,ND,1052.65,1052.75,1052.65,1052.71,1052.75,1048.8,40,42108.5,4
2026-07-21,INE0P1Q01015,SERVICE,SM,62.0,62.15,61.95,61.95,61.95,63.1,12000,744500.0,6
2026-07-21,INE782X01033,SERVOTECH,EQ,100.0,102.05,98.62,100.48,100.47,99.94,802656,80451543.83,8825
2026-07-21,INE04VU01023,STYL,EQ,375.0,395.0,370.0,371.7,372.7,373.95,305207,116289502.3,10318
2026-07-21,INE630A01024,SESHAPAPER,EQ,223.0,224.59,217.15,217.57,217.33,222.74,22069,4859795.47,729
2026-07-21,INE878E01021,SETCO,BE,18.73,18.73,18.5,18.5,18.5,18.37,36080,668460.26,97
2026-07-21,INE023M01027,SETUINFRA,BZ,0.46,0.47,0.44,0.45,0.45,0.46,56420,25083.96,42
2026-07-21,INE573R01012,SEYAIND,BE,12.71,12.9,12.41,12.74,12.46,12.65,1752,22017.49,26
2026-07-21,INE618R01015,SGFIN,EQ,674.5,686.2,662.65,677.5,678.5,671.9,378201,255613906.5,13472
2026-07-21,INE385F01024,SGMART,EQ,664.0,680.0,654.5,658.15,659.8,677.85,577006,384857532.85,21383
2026-07-21,INE12UN01015,SHADOWFAX,EQ,223.09,229.5,217.2,219.41,220.44,221.46,1437455,321206481.06,23882
2026-07-21,INE640C01011,SHAHALLOYS,EQ,67.99,68.96,64.5,65.05,64.52,67.4,8454,562594.83,444
2026-07-21,INE482J01021,SHAH,EQ,4.43,4.43,4.32,4.35,4.33,4.43,3487323,15220466.25,1091
2026-07-21,INE151G01028,SHAILY,EQ,2857.8,2910.0,2833.0,2845.2,2843.0,2857.8,179421,514150243.0,22217
2026-07-21,INE908D01010,SHAKTIPUMP,EQ,545.95,546.45,540.4,542.9,542.4,544.65,213992,116093122.5,6983
2026-07-21,INE597J01018,SHALBY,EQ,165.0,166.5,164.01,165.92,166.1,164.88,18886,3120541.6,720
2026-07-21,INE861D01011,SAHLIBHFI,EQ,79.1,79.1,76.51,77.0,77.0,79.1,3118,240858.48,11
2026-07-21,INE849C01026,SHALPAINTS,EQ,59.0,70.53,57.09,69.05,69.0,58.78,3497715,235867070.98,20378
2026-07-21,INE01NE01012,SRD,EQ,39.49,39.49,37.53,37.95,38.0,38.28,45619,1748426.21,234
2026-07-21,INE274V01019,SHANKARA,EQ,138.39,139.88,138.0,138.41,138.5,138.39,41272,5708109.69,329
2026-07-21,INE24OJ01011,BUILDPRO,EQ,1226.0,1257.8,1223.2,1235.4,1245.0,1226.3,18041,22285705.9,1905
2026-07-21,INE631A01022,SHANTIGEAR,EQ,422.6,424.0,418.15,419.85,418.55,420.75,8439,3549397.15,698
2026-07-21,INE440T01028,SEIL,EQ,212.7,215.0,211.19,211.8,211.59,211.82,183198,39115225.58,1609
2026-07-21,INE06ZD01017,SHANTIGOLD,EQ,212.0,215.95,211.27,213.02,212.56,212.32,257769,55066062.46,3303
2026-07-21,INE933X01016,SHANTI,EQ,6.88,7.1,6.88,7.08,7.09,7.0,6297,44430.52,44
2026-07-21,INE220Z01013,SHINDL,EQ,161.69,163.99,160.0,161.8,160.5,161.28,101227,16340993.27,746
2026-07-21,INE221J01015,SHARDACROP,EQ,888.0,892.7,875.7,878.95,880.0,885.5,127217,112047461.85,8151
2026-07-21,INE597I01028,SHARDAMOTR,EQ,861.9,869.0,842.0,843.95,845.0,861.9,29206,24831777.3,2405
2026-07-21,INE037B01020,SHARDUL,BE,56.57,56.57,56.57,56.57,56.57,53.88,1274,72070.18,14
2026-07-21,INE932X01026,SHAREINDIA,EQ,184.45,188.0,181.55,185.88,185.69,181.13,1988743,367010638.64,15970
2026-07-21,INE460Q01014,SCML,SM,78.3,79.5,78.3,79.5,79.5,79.1,8000,633600.0,6
2026-07-21,INE0YJV01017,SHEEL,ST,68.0,68.0,68.0,68.0,68.0,70.25,2000,136000.0,1
2026-07-21,INE916U01025,SFL,EQ,753.95,767.75,742.6,745.9,751.05,760.55,109430,82662889.15,7780
2026-07-21,INE501Y01019,SCPL,EQ,483.5,571.45,483.5,547.75,557.0,483.3,242133,131127237.5,6208
2026-07-21,INE04VX01019,SHEETAL,SM,293.0,293.95,292.85,293.9,293.9,293.6,4000,1174200.0,7
2026-07-21,INE268L01046,SHEKHAWATI,BE,12.78,12.85,12.15,12.52,12.7,12.72,16788,206901.9,62
2026-07-21,INE363M01019,SHEMAROO,BE,120.21,126.78,120.21,126.57,126.78,120.75,20883,2606091.87,63
2026-07-21,INE0MM001019,SHERA,ST,170.1,175.0,165.5,173.65,172.1,174.0,39000,6704450.0,37
2026-07-21,INE024F01011,SHILCTECH,EQ,4488.5,4512.9,4365.7,4377.9,4394.0,4488.5,11762,51878084.1,3225
2026-07-21,INE790G01031,SHILPAMED,EQ,630.0,642.0,615.2,640.0,640.0,625.45,508552,321955267.65,15958
2026-07-21,INE0PB301013,SCILAL,EQ,41.51,42.39,41.51,41.95,42.0,41.88,100977,4233161.98,802
2026-07-21,INE109A01011,SCI,EQ,281.0,283.5,276.1,276.9,277.2,280.65,1322936,368220341.65,21301
2026-07-21,INE719F01016,SHIVAUM,EQ,415.0,440.0,410.0,417.8,420.4,405.0,87819,37337182.6,1769
2026-07-21,INE644Y01017,SHIVAMILLS,BE,59.36,61.74,58.35,59.8,59.88,59.36,199,11834.32,7
2026-07-21,INE705C01020,SHIVATEX,EQ,147.0,152.0,145.03,148.79,148.76,146.54,585,87567.91,25
2026-07-21,INE0T7B01010,SPCL,SM,67.95,68.25,66.55,66.85,66.9,67.25,10200,691440.0,13
2026-07-21,INE386D01027,SBCL,EQ,752.45,768.0,736.5,753.75,759.45,747.0,390817,295910802.45,21523
2026-07-21,INE788J01021,SHIVALIK,BE,223.29,230.8,223.29,230.8,230.8,219.81,12921,2971311.03,94
2026-07-21,INE637H01024,SHIVAMAUTO,BE,16.74,16.74,16.74,16.74,16.74,17.08,11686,195623.64,40
2026-07-21,INE1DLF01018,SHIVASHRIT,SM,118.35,118.35,114.5,114.55,114.55,117.65,14000,1621000.0,10
2026-07-21,INE498B01024,SHOPERSTOP,EQ,393.05,400.0,381.7,386.35,394.4,392.3,93039,35873002.35,11383
2026-07-21,INE715Y01031,SHRADHA,EQ,36.98,37.7,35.22,35.74,35.85,37.37,54583,1962706.11,524
2026-07-21,INE712K01011,SHREEPUSHK,EQ,413.0,413.0,400.65,406.45,408.0,411.75,24149,9785455.5,1220
2026-07-21,INE185C01017,SAPPL,EQ,309.0,309.0,291.55,291.85,292.0,305.0,43,12818.05,14
2026-07-21,INE070A01015,SHREECEM,EQ,26790.0,27285.0,26785.0,27245.0,27280.0,26850.0,19707,535015985.0,8716
2026-07-21,INE232A01011,SHREDIGCEM,EQ,73.82,75.0,73.0,73.09,73.04,73.82,85380,6302920.65,1210
2026-07-21,INE0S4Y01010,SHREEKARNI,SM,409.6,410.0,405.05,410.0,410.0,410.0,3900,1598107.5,7
2026-07-21,INE02S501018,SHREEOSFM,SM,63.7,65.0,62.0,62.0,62.0,62.5,9000,573800.0,9
2026-07-21,INE19GK01015,SRTL,EQ,41.41,42.02,40.8,41.63,41.8,41.85,40044,1653742.45,425
2026-07-21,INE879A01019,SHREERAMA,EQ,41.84,42.88,41.55,41.8,41.6,41.87,54512,2294478.38,439
2026-07-21,INE278B01020,RAMANEWS,EQ,28.5,29.25,28.5,29.05,28.99,28.85,10602,308461.72,44
2026-07-21,INE087H01022,RENUKA,EQ,22.2,22.55,22.15,22.23,22.19,22.17,4124632,92102635.13,6694
2026-07-21,INE0S2G01011,BALAJEE,EQ,28.01,28.45,28.01,28.2,28.33,28.39,71639,2020710.57,163
2026-07-21,INE00CE01017,SVLL,BE,806.9,806.9,743.45,768.85,768.7,782.55,11707,9008812.2,136
2026-07-21,INE0K3301012,SHREEDHAR,SM,84.0,91.0,82.3,88.2,88.0,81.0,122000,10596700.0,36
2026-07-21,INE1FL101016,SHETHJI,ST,150.1,152.5,150.1,152.5,152.5,150.25,6000,904500.0,6
2026-07-21,INE1B6101010,SHREEJISPG,EQ,613.05,625.9,607.5,612.15,608.4,615.85,524557,324329955.7,10386
2026-07-21,INE00IK01029,OSWALSEEDS,EQ,10.59,10.67,10.35,10.41,10.41,10.59,27176,284830.3,170
2026-07-21,INE632X01030,SHRENIK,BZ,0.37,0.37,0.36,0.36,0.36,0.36,205130,74385.33,115
2026-07-21,INE231C01019,SHREYANIND,EQ,135.51,138.68,135.3,136.52,137.45,136.04,3915,533651.25,70
2026-07-21,INE0DM401012,SHRIAHIMSA,ST,383.0,389.75,380.0,385.0,385.0,384.5,9000,3458700.0,13
2026-07-21,INE402H01015,SHBAJRG,EQ,195.0,196.9,188.19,189.99,190.0,192.28,7587,1457677.02,159
2026-07-21,INE1V4601019,SHRIKANHA,ST,23.2,23.2,23.2,23.2,23.2,23.1,3200,74240.0,1
2026-07-21,INE997I01012,SHRIKRISH,EQ,42.99,43.0,40.17,42.61,43.0,40.13,1960,82607.59,39
2026-07-21,INE1B3L01017,SHRINGARMS,EQ,225.0,225.38,221.55,222.41,221.8,224.29,381217,84935467.08,1738
2026-07-21,INF680P01422,LIQUIDSHRI,EQ,1113.85,1113.87,1113.85,1113.87,1113.87,1113.7,3865,4305102.97,10
2026-07-21,INE721A01047,SHRIRAMFIN,EQ,1036.0,1067.4,1031.0,1061.5,1064.1,1035.4,7633092,8086263511.0,113610
2026-07-21,INE217L01019,SHRIRAMPPS,EQ,89.41,90.2,87.5,88.19,88.1,88.71,362025,32139971.1,3559
2026-07-21,INE01Z401013,SHUBHLAXMI,SM,19.0,20.65,19.0,19.85,20.65,19.95,5000,98450.0,5
2026-07-21,INE979R01011,SHYAMCENT,BE,5.2,5.47,5.16,5.33,5.27,5.21,27192,145833.67,97
2026-07-21,INE1CRP01016,SHYAMDHANI,ST,61.2,61.2,61.2,61.2,61.2,59.0,2000,122400.0,1
2026-07-21,INE810G01011,SHYAMMETL,EQ,1069.0,1088.95,1052.0,1062.65,1055.0,1055.0,1032739,1104120362.1,38594
2026-07-21,INE635A01023,SHYAMTEL,BE,15.48,15.55,15.24,15.27,15.27,15.55,913,14027.63,8
2026-07-21,INE176J01011,SICAGEN,EQ,51.7,52.8,50.09,51.03,51.49,51.65,11342,576422.26,113
2026-07-21,INE075B01020,SICALLOG,EQ,98.2,99.25,92.0,98.45,99.25,94.53,46782,4529062.99,579
2026-07-21,INE0SVO01019,SIDDHICOTS,SM,29.25,29.4,29.15,29.15,29.15,30.8,9600,281220.0,8
2026-07-21,INE0A1E01018,SIDDHIKA,SM,209.55,219.0,209.55,216.95,219.0,209.55,6500,1374925.0,6
2026-07-21,INE1NPP01017,ENRIN,EQ,3398.0,3420.0,3351.0,3373.4,3375.0,3394.3,305481,1032144244.4,21845
2026-07-21,INE003A01024,SIEMENS,EQ,3678.4,3709.3,3631.6,3667.8,3670.0,3678.4,244297,893805345.0,28795
2026-07-21,INE0D0K01022,SIGACHI,BE,26.03,26.03,26.03,26.03,26.03,25.52,727394,18934065.82,473
2026-07-21,INE933B01012,SIGMAADV,BE,533.4,540.9,515.1,520.3,525.0,533.4,209434,110251887.65,2929
2026-07-21,INE0A0S01028,SIGMA,EQ,37.7,38.84,37.7,38.22,37.8,38.11,22403,856714.34,466
2026-07-21,INE903U01023,SIGNATURE,EQ,805.0,808.8,791.9,800.05,800.0,799.35,226665,181992861.7,7075
2026-07-21,INE529F01035,SIGIND,EQ,46.04,46.94,43.71,44.47,44.37,46.04,17179,768878.69,222
2026-07-21,INE0RDE01010,SIGNORIA,ST,130.0,136.5,130.0,136.5,136.5,130.0,3000,403000.0,3
2026-07-21,INE0KGZ01021,SIGNPOST,EQ,319.8,324.75,302.85,305.6,306.9,319.9,210815,65533239.95,7076
2026-07-21,INE438E01032,SIKA,EQ,1112.6,1248.0,1112.6,1202.1,1215.0,1112.6,245700,294753605.0,24284
2026-07-21,INE112X01025,SIKKO,EQ,4.9,5.0,4.74,4.77,4.76,4.84,2326580,11360126.94,2033
2026-07-21,INE923A01015,SILINV,EQ,430.65,435.0,418.95,423.15,423.0,422.2,1909,812465.6,95
2026-07-21,INE01II01013,SILGO,EQ,74.61,75.9,74.01,74.77,75.9,74.39,161090,12007042.04,642
2026-07-21,INE0STN01015,SILKFLEX,ST,184.3,188.0,184.3,188.0,188.0,194.0,7000,1293800.0,7
2026-07-21,INE0SN801015,SILKY,SM,77.35,78.75,74.8,75.8,78.45,76.05,6400,488760.0,8
2026-07-21,INE203Y01012,SILLYMONKS,EQ,16.7,16.85,15.55,16.16,15.55,16.52,1268,20798.86,77
2026-07-21,INE625X01026,SILVERTUC,EQ,195.0,198.88,191.0,194.21,194.55,194.24,227273,44585932.53,3319
2026-07-21,INE748T01016,SIMBHALS,BZ,6.89,6.95,6.7,6.7,6.7,6.89,9077,61574.91,41
2026-07-21,INE1K4J01018,SIMCA,SM,192.65,198.0,192.3,196.25,196.0,193.35,139200,27156150.0,84
2026-07-21,INE059B01024,SIMPLEXINF,EQ,255.65,256.6,247.0,249.75,247.0,252.45,149541,37491450.2,1388
2026-07-21,INE985A01022,SINCLAIR,EQ,74.11,75.99,74.08,74.49,75.5,74.07,16060,1199203.5,228
2026-07-21,INE325D01025,SINDHUTRAD,EQ,25.75,27.95,24.86,25.2,25.18,25.65,8298336,219825196.81,27703
2026-07-21,INE638A01035,SINGERIND,EQ,66.9,67.2,63.98,64.95,65.0,66.88,68586,4462399.67,1900
2026-07-21,INE129Z01016,SINTERCOM,EQ,82.2,82.2,79.51,80.51,80.5,81.93,71434,5763879.03,61
2026-07-21,INE792Z01011,SIRCA,EQ,395.0,399.5,394.0,397.8,397.0,392.9,205294,81475827.45,3442
2026-07-21,INE285J01028,SIS,EQ,435.0,444.5,432.85,441.45,441.25,436.05,113077,49899204.15,6109
2026-07-21,INE965H01011,SITINET,BZ,0.33,0.33,0.32,0.32,0.33,0.32,314768,102398.67,143
2026-07-21,INE076B01028,SIYSIL,EQ,643.0,645.3,633.2,636.9,637.9,644.8,26987,17205574.7,2522
2026-07-21,INE284S01014,SJS,EQ,2171.0,2239.9,2169.5,2225.6,2222.4,2174.3,73578,162634608.4,10584
2026-07-21,INE002L01015,SJVN,EQ,69.09,69.4,68.5,68.65,68.58,69.1,2090333,143924734.01,23556
2026-07-21,INE2J8701016,SKFINDUS,EQ,2649.2,2839.2,2649.2,2814.9,2828.0,2636.2,48082,133406918.8,11412
2026-07-21,INE640A01023,SKFINDIA,EQ,1477.5,1485.6,1452.3,1458.4,1460.0,1482.3,37735,55170985.3,5804
2026-07-21,INE439E01022,SKIPPER,EQ,545.0,551.95,539.7,545.75,545.95,544.9,291499,158834655.2,10625
2026-07-21,INE411D01023,SKMEGGPROD,EQ,327.7,328.2,306.55,313.7,314.75,319.35,381532,119746459.25,8532
2026-07-21,INE0KZA01016,SKP,SM,158.1,158.1,157.0,157.5,158.0,155.55,2500,394350.0,4
2026-07-21,INE01IU01018,SKYGOLD,EQ,665.0,673.9,650.1,655.8,654.5,658.35,1525569,1014760723.8,47150
2026-07-21,INE0SMA01017,SLONE,ST,118.7,118.7,118.7,118.7,118.7,119.7,400,47480.0,1
2026-07-21,INE14GK01016,SMARTEN,ST,57.05,61.5,57.05,60.0,60.0,60.0,13200,799260.0,9
2026-07-21,INE178C01020,SMARTLINK,BE,217.1,225.9,217.1,222.82,220.1,215.22,12511,2786754.66,175
2026-07-21,INE0NAZ01010,SMARTWORKS,EQ,491.0,511.8,485.0,500.0,500.0,486.05,328984,164782063.95,12927
2026-07-21,INE05NX24023,8SMC29,N1,518.0,518.0,518.0,518.0,518.0,510.0,1,518.0,1
2026-07-21,INE103C01036,SMCGLOBAL,EQ,80.54,81.48,78.2,79.08,78.59,80.54,346733,27516011.11,1961
2026-07-21,INE294B01019,SMLMAH,EQ,3880.0,4337.2,3876.0,4083.3,4090.0,3985.6,297826,1245173501.4,49773
2026-07-21,INE812G01025,SMSPHARMA,EQ,384.5,390.7,383.05,388.2,387.15,384.45,64631,24959194.85,2358
2026-07-21,INE1OIC01018,SNEHAA,ST,50.2,50.2,50.2,50.2,50.2,49.25,1000,50200.0,1
2026-07-21,INE734N01019,SNOWMAN,EQ,36.9,37.48,36.76,36.99,36.9,36.91,71610,2647409.64,796
2026-07-21,INE671H01015,SOBHA,EQ,1540.3,1559.5,1446.1,1456.3,1453.5,1455.7,2603668,3876408904.9,133699
2026-07-21,INE728Z01015,SOFTTECH,BE,401.0,428.0,401.0,427.95,427.95,414.0,2962,1211591.75,15
2026-07-21,INE343H01029,SOLARINDS,EQ,19143.0,19143.0,18864.0,19045.0,19100.0,19028.0,101711,1932155553.0,20025
2026-07-21,INE624Z01016,SOLARA,EQ,570.0,572.15,556.1,558.8,558.0,570.15,99368,55904595.35,4455
2026-07-21,INE0TY101024,SOLARWORLD,EQ,201.67,204.41,196.5,197.95,197.99,201.67,228321,45718181.52,3493
2026-07-21,INE880Y01017,SOLEX,EQ,996.0,1023.6,975.5,987.0,988.9,981.9,36509,36326471.6,3003
2026-07-21,INE0U0201016,BALCO,ST,19.95,21.0,19.95,21.0,21.0,21.0,2400,49140.0,2
2026-07-21,INE480C01038,SDBL,EQ,78.15,79.4,71.6,72.44,72.37,76.88,12356894,923750981.59,53411
2026-07-21,INE314C01013,SOMATEX,EQ,99.57,104.9,99.57,102.09,103.88,101.6,5903,604115.55,161
2026-07-21,INE355A01028,SOMANYCERA,EQ,515.05,519.9,510.45,513.0,513.0,516.45,102986,52947091.65,2765
2026-07-21,INE323J01019,SOMICONVEY,EQ,99.7,101.88,98.03,98.9,98.87,99.96,25484,2535788.71,784
2026-07-21,INE073K01018,SONACOMS,EQ,723.0,734.2,715.05,732.75,733.35,714.55,3282955,2382170715.8,60508
2026-07-21,INE0Q6H01012,SONAMAC,SM,33.6,33.95,32.1,33.95,33.95,31.95,5000,165750.0,5
2026-07-21,INE00LM01029,SONAMLTD,EQ,55.0,56.16,54.21,55.18,55.53,55.14,23291,1286929.33,380
2026-07-21,INE269A01021,SONATSOFTW,EQ,309.75,311.7,302.0,302.55,302.4,309.8,670483,204624268.45,13249
2026-07-21,INE0JZA01018,SONUINFRA,ST,40.75,44.8,40.65,44.0,44.0,42.75,22500,926775.0,13
2026-07-21,INE980Y01015,SOUTHWEST,EQ,244.0,257.47,238.72,249.09,247.5,235.9,2213727,553836709.12,39179
2026-07-21,INE970N01027,SPCENET,EQ,3.68,3.76,3.65,3.69,3.7,3.64,227253,837011.4,325
2026-07-21,IN9572J01019,SSFLPP,E1,158.95,165.9,156.5,164.6,164.7,153.9,10072,1620862.35,190
2026-07-21,INE572J01011,SPANDANA,EQ,285.7,306.5,285.0,303.15,306.0,285.7,313725,93037060.45,8318
2026-07-21,INE1CW901027,SPEB,ST,87.0,87.0,87.0,87.0,87.0,89.0,2000,174000.0,1
2026-07-21,INE247M01014,SPECIALITY,EQ,133.46,137.49,130.65,131.58,131.0,135.49,33347,4431043.49,707
2026-07-21,INE01EO01010,SPECTRUM,EQ,1950.0,2159.8,1940.1,2132.5,2154.0,1932.0,122569,255967535.2,12450
2026-07-21,INE0OL001018,SPECTSTM,ST,58.05,61.0,58.05,61.0,61.0,61.0,3200,188280.0,4
2026-07-21,INE020801028,SPENCERS,EQ,34.35,35.85,34.35,35.34,35.5,35.46,24342,860720.34,401
2026-07-21,INE147A01011,SPIC,EQ,66.9,67.1,66.13,66.71,66.9,66.56,179349,11957338.57,2175
2026-07-21,INE978G01016,SPLIL,EQ,32.6,32.94,31.01,31.43,31.49,32.66,1314,42076.55,84
2026-07-21,INE937A01023,SPMLINFRA,EQ,209.0,210.43,204.5,207.47,206.1,206.97,382147,79152858.73,4942
2026-07-21,INE885H01029,SPORTKING,EQ,198.88,203.6,197.64,198.46,198.0,197.55,351637,70561845.49,6915
2026-07-21,INE0QR801013,SPPPOLY,SM,13.0,13.0,13.0,13.0,13.0,13.1,2000,26000.0,1
2026-07-21,INE526E01018,SHRIPISTON,EQ,4242.0,4522.8,4234.1,4475.3,4520.0,4233.8,96151,421336198.2,21489
2026-07-21,INE19QH01010,SPUNWEB,SM,105.5,105.5,104.1,104.1,104.1,104.3,4800,503520.0,4
2026-07-21,INE917H01012,SRHHYPOLTD,EQ,489.8,494.9,484.6,488.8,488.0,486.05,5410,2647574.5,209
2026-07-21,INE099F01013,SREEL,EQ,213.0,233.0,206.72,230.39,228.06,212.9,154339,34829992.13,4260
2026-07-21,INE647A01010,SRF,EQ,2886.4,2970.0,2866.8,2939.0,2947.0,2871.7,528797,1551440929.8,48257
2026-07-21,INE559N01010,SRGHFL,EQ,305.0,314.0,305.0,305.1,305.0,305.0,102,31166.8,18
2026-07-21,INE293B01029,HAVISHA,EQ,1.25,1.25,1.15,1.17,1.2,1.23,12591,15229.89,72
2026-07-21,INE0V9Q01010,LOTUSDEV,EQ,140.5,150.9,139.2,148.16,149.0,140.99,7328882,1088687603.51,39171
2026-07-21,INE0TPJ01019,SPCON,SM,134.9,134.95,134.9,134.95,134.95,134.95,12000,1619040.0,3
2026-07-21,INE0ON201012,SSFL,ST,278.0,288.25,261.5,262.7,261.5,275.25,61500,16639475.0,89
2026-07-21,INE0NPI01014,SRIVASAVI,ST,86.0,86.0,85.9,85.9,85.9,85.75,4000,343800.0,4
2026-07-21,INE0R6Z01013,SRM,EQ,504.8,521.75,492.05,512.7,512.1,499.8,182073,93485909.9,6775
2026-07-21,INE0RYC01010,STALLION,EQ,218.71,249.5,217.0,245.32,245.95,217.1,26382822,6337725264.89,237769
2026-07-21,INE0M4D01010,SETL,EQ,288.0,294.95,284.7,289.65,285.0,288.05,515687,149894804.35,9152
2026-07-21,INE173A01025,SIL,EQ,16.0,16.44,15.9,15.93,15.9,16.26,11730,187114.73,296
2026-07-21,INE01A001028,STANLEY,EQ,156.0,158.0,155.08,156.62,156.4,156.43,84843,13293346.76,2353
2026-07-21,INE460H01021,STARCEMENT,EQ,208.2,209.75,207.0,208.4,208.2,208.95,220100,45886772.67,6835
2026-07-21,INE575P01011,STARHEALTH,EQ,579.3,590.8,579.3,588.65,587.4,581.2,303960,177831417.6,16995
2026-07-21,INE733A01018,STARPAPER,EQ,150.0,154.9,142.0,143.72,142.25,147.06,27627,4103349.22,464
2026-07-21,INE992I01013,STARTECK,EQ,266.65,271.5,265.0,266.15,270.05,266.75,8109,2189040.05,107
2026-07-21,INE062A01020,SBIN,EQ,1056.2,1067.0,1042.8,1044.4,1044.3,1060.0,10514887,11065617404.9,239098
2026-07-21,INE114A01011,SAIL,EQ,163.0,164.96,162.65,164.07,163.89,162.64,9270449,1517379640.31,44565
2026-07-21,INE395H01011,STEELCITY,EQ,76.73,77.6,75.53,76.77,76.17,76.73,1561,119358.53,80
2026-07-21,INE503B01021,STEELXIND,EQ,11.87,12.05,11.71,11.96,11.95,12.0,2433161,28818547.34,2886
2026-07-21,INE802C01033,SSWL,EQ,277.95,283.79,272.51,279.3,279.3,276.33,1407624,391675204.78,16424
2026-07-21,INE124E01038,STEELCAS,EQ,306.65,312.0,305.1,306.9,306.05,305.1,60794,18778036.75,2523
2026-07-21,INE577L01016,STEL,EQ,555.45,562.95,550.1,553.4,550.6,552.7,1620,903334.9,149
2026-07-21,INE334A01023,STERTOOLS,BE,246.0,254.7,242.01,249.46,250.75,245.11,20211,5043951.98,287
2026-07-21,INE089C01029,STLTECH,BE,492.5,528.75,492.5,528.75,528.75,503.6,1172759,605855012.8,21538
2026-07-21,INE353H01010,SGL,EQ,10.02,10.33,9.85,9.88,9.88,9.93,22126,222567.03,48
2026-07-21,INE1VXE01018,STLNETWORK,BE,24.3,24.9,24.15,24.68,24.8,24.33,194482,4764357.77,729
2026-07-21,INE00IN01015,STOVEKRAFT,EQ,784.6,787.5,772.2,776.75,778.9,777.75,62178,48312065.3,4928
2026-07-21,INE1XWN01017,STRIDERS,SM,60.2,60.7,60.2,60.45,60.7,60.2,3200,193440.0,2
2026-07-21,INE939A01011,STAR,EQ,1057.0,1063.8,1039.9,1051.3,1052.8,1059.5,88315,92842392.2,9005
2026-07-21,INE00M201021,SWSOLAR,EQ,214.9,215.17,205.01,207.31,207.5,214.44,2779346,579713063.78,23107
2026-07-21,INE00Q601028,STUDDS,EQ,452.0,452.25,445.85,447.3,448.5,449.9,24514,10982366.85,1156
2026-07-21,INE17VO01028,STUDIOLSD,SM,10.0,10.0,9.35,9.55,9.5,9.8,28000,272800.0,12
2026-07-21,INE239C01020,STYLAMIND,EQ,3436.1,3537.6,3436.1,3510.7,3500.0,3414.3,64216,224807818.8,10516
2026-07-21,INE189B01011,STYRENIX,EQ,2378.0,2518.0,2370.0,2452.9,2444.5,2365.1,382976,935544450.3,25669
2026-07-21,INE0RYR01018,SUBAHOTELS,SM,108.6,110.5,106.1,110.05,110.0,110.0,24000,2607180.0,19
2026-07-21,INE754A01055,SUBEXLTD,BE,12.51,13.1,12.51,12.84,12.94,12.93,761898,9672065.35,1153
2026-07-21,INE287B01021,SUBROS,EQ,805.1,811.0,796.0,802.45,809.4,805.1,35478,28437472.75,2247
2026-07-21,INE659A01023,SUDARSCHEM,EQ,1055.0,1082.0,1050.55,1054.6,1054.0,1054.65,148319,157960075.1,10456
2026-07-21,INE492A01029,SUDARCOLOR,EQ,364.4,368.0,356.7,364.85,366.95,364.8,7303,2656054.7,824
2026-07-21,INE0QPI01025,SUDEEPPHRM,EQ,874.0,888.35,858.55,869.95,875.0,866.45,107979,94127193.2,6598
2026-07-21,INE450E01029,SUKHJITS,EQ,167.0,167.0,158.41,159.81,159.0,162.26,9515,1531965.36,230
2026-07-21,INE142Q01026,SULA,EQ,150.0,151.14,149.51,150.02,150.25,150.01,104554,15709759.5,2455
2026-07-21,INE235C01036,SUMEETINDS,EQ,33.54,33.54,33.54,33.54,33.54,35.3,72992,2448151.68,348
2026-07-21,INE748Z01013,SUMIT,BE,48.86,52.35,48.86,52.35,52.35,49.86,43538,2249748.11,73
2026-07-21,INE258G01013,SUMICHEM,EQ,543.4,544.65,533.0,540.4,540.5,540.65,732171,396276784.85,10313
2026-07-21,INE519C01017,SUMMITSEC,EQ,1516.0,1516.0,1491.0,1500.4,1495.0,1497.5,1704,2562051.0,282
2026-07-21,INE232I01014,SPARC,EQ,227.51,229.22,221.55,224.52,224.61,227.51,1326068,297872430.52,18150
2026-07-21,INE044A01036,SUNPHARMA,EQ,1952.1,1966.5,1938.2,1961.9,1960.0,1956.4,1412579,2765690271.1,97578
2026-07-21,INE424H01027,SUNTV,EQ,490.1,497.55,490.1,494.35,495.0,489.9,78539,38836948.2,6498
2026-07-21,INE0Q3R01026,SUNCLAY,EQ,1375.3,1390.0,1349.1,1352.5,1350.0,1387.4,2101,2866429.3,515
2026-07-21,INE660A01013,SUNDARMFIN,EQ,4460.0,4491.3,4415.0,4472.6,4452.0,4425.2,48842,217583929.2,11038
2026-07-21,INE108E01023,SUNDARAM,EQ,1.27,1.29,1.25,1.27,1.29,1.26,182374,230568.36,207
2026-07-21,INE073D01013,SUNDRMBRAK,BE,818.0,818.0,799.0,800.7,799.0,818.25,392,314355.55,50
2026-07-21,INE387A01021,SUNDRMFAST,EQ,956.0,968.15,954.5,964.95,967.3,955.65,32082,30834844.35,3573
2026-07-21,INE0CTB01014,SOCL,ST,29.8,29.85,29.8,29.85,29.85,28.5,3200,95440.0,2
2026-07-21,INE209A01019,SUNDROP,EQ,640.85,652.4,636.05,642.7,645.6,635.15,18781,12156557.9,628
2026-07-21,INE947A01014,SUNFLAG,EQ,351.2,369.0,350.25,360.05,360.4,351.1,454140,164830688.35,9080
2026-07-21,INE0O3O01017,SEL,SM,239.0,255.0,233.0,253.25,254.0,233.5,29200,7321850.0,55
2026-07-21,INE0U2N01013,SUNLITE,ST,420.0,424.9,417.0,417.95,418.0,425.0,16500,6928515.0,36
2026-07-21,INE0SGZ01016,SUNTECH,ST,30.0,31.2,30.0,30.0,30.0,30.6,80000,2456400.0,9
2026-07-21,INE805D01034,SUNTECK,EQ,319.8,319.8,312.15,315.0,315.0,317.0,200693,63154814.95,3996
2026-07-21,INE662A01027,SUPERSPIN,BE,5.1,5.24,5.1,5.24,5.24,5.14,4303,22249.16,10
2026-07-21,INE712B01010,SUPERHOUSE,EQ,170.5,178.0,167.3,170.44,170.1,172.95,59289,10291303.55,2209
2026-07-21,INE399C01030,SUPRAJIT,EQ,489.0,494.9,485.1,488.9,486.1,491.15,34404,16843795.45,2732
2026-07-21,INE319Z01021,SUPREMEENG,BZ,1.83,1.83,1.83,1.83,1.83,1.8,74094,135592.02,34
2026-07-21,INE822E01011,SUPREME,EQ,45.54,47.45,44.01,45.31,44.01,45.54,28091,1291775.43,559
2026-07-21,INE195A01028,SUPREMEIND,EQ,3435.0,3435.0,3350.1,3399.1,3399.8,3436.7,193552,653897281.2,20387
2026-07-21,INE550H01011,SUPREMEINF,EQ,82.26,89.7,82.26,88.35,88.0,78.81,1333783,116318725.76,10412
2026-07-21,INE663A01033,SPLPETRO,EQ,704.35,737.9,701.0,726.3,726.0,705.35,322523,231880182.8,21348
2026-07-21,INE0QHG01026,SUPREMEPWR,ST,219.0,221.45,215.55,215.95,216.0,218.35,17500,3829850.0,34
2026-07-21,INE07RO01027,SUPRIYA,EQ,837.3,868.2,830.1,863.6,865.0,837.3,246174,210230337.7,18654
2026-07-21,INE843S01025,SURAJEST,EQ,198.61,199.18,195.0,195.56,195.2,198.6,46884,9225075.68,1146
2026-07-21,INE713C01016,SURAJLTD,EQ,229.01,231.99,225.0,229.0,229.0,228.5,99,22600.66,10
2026-07-21,INE877V01027,SURAKSHA,EQ,258.1,265.3,257.0,261.0,262.0,258.1,99101,25837411.9,5517
2026-07-21,INE272L01022,SURANASOL,EQ,25.91,26.6,25.91,26.31,26.35,26.21,34469,906929.96,519
2026-07-21,INE130B01031,SURANAT&P,EQ,17.65,18.3,17.65,17.83,17.72,17.77,125476,2252025.89,1730
2026-07-21,INE01ZJ01015,SURANI,SM,106.0,106.0,100.2,100.7,100.7,106.0,600,61380.0,3
2026-07-21,INE05ST01028,SBGLP,EQ,25.35,26.45,24.54,25.61,25.86,25.67,10417,267702.4,153
2026-07-21,INE335A01020,SURYAROSNI,EQ,241.9,244.9,237.3,238.1,238.0,241.9,311331,74580157.2,7057
2026-07-21,INE713B01026,SURYALAXMI,EQ,58.59,58.59,57.26,57.52,57.96,57.0,1053,60730.68,22
2026-07-21,INE132C01027,SURYALA,EQ,420.0,440.0,420.0,425.55,425.0,418.05,1183,502238.8,43
2026-07-21,INE428Q01011,SURYODAY,EQ,183.05,192.0,181.91,190.41,189.82,183.05,416648,78479485.32,6601
2026-07-21,INE0R8O23017,SEITINVIT,IV,126.0,126.0,126.0,126.0,126.0,123.75,25000,3150000.0,1
2026-07-21,INE645H01027,SUTLEJTEX,BE,39.9,40.09,38.25,38.4,38.4,39.05,3764,146038.71,65
2026-07-21,INE495B01038,SUVEN,EQ,337.95,344.95,331.55,340.45,341.0,338.5,519671,176295463.85,13000
2026-07-21,INE018401013,SUVIDHAA,EQ,2.59,2.59,2.5,2.51,2.51,2.55,40758,102888.33,126
2026-07-21,INE442P01014,SUYOG,EQ,857.5,857.5,838.2,841.35,846.2,843.85,7585,6387207.0,687
2026-07-21,INE040H01021,SUZLON,EQ,53.09,53.5,52.85,53.17,53.17,53.09,31019284,1649718063.02,63870
2026-07-21,INE308E01029,SVPGLOB,BE,4.0,4.0,3.8,3.81,3.82,3.96,13384,51340.63,43
2026-07-21,INE665A01038,SWANCORP,EQ,313.75,313.75,308.95,310.15,310.2,311.45,763944,237168495.9,7555
2026-07-21,INE542F01020,SWANDEF,BE,2285.0,2360.0,2239.3,2321.7,2300.0,2261.9,34491,79175241.8,1058
2026-07-21,INE277A01016,SWARAJENG,EQ,3685.0,3695.7,3595.0,3606.7,3605.0,3676.1,28203,102532488.2,4538
2026-07-21,INE0GMR01016,SWARAJ,SM,357.55,364.85,357.5,363.75,362.75,359.9,191500,69295525.0,167
2026-07-21,INE0DGC01025,SWASTIK,ST,18.25,18.25,17.95,17.95,17.95,18.3,4800,87240.0,4
2026-07-21,INE409B01013,SWELECTES,EQ,618.0,625.2,604.05,609.45,606.45,617.75,14874,9137103.9,1298
2026-07-21,INE00H001014,SWIGGY,EQ,270.54,272.66,268.65,270.23,269.75,270.53,5058281,1368030728.65,40307
2026-07-21,INE01IH01015,SYLVANPLY,SM,55.1,55.1,55.1,55.1,55.1,58.0,10000,551000.0,5
2026-07-21,INE225D01027,SYMPHONY,EQ,710.0,711.4,696.2,699.85,697.2,706.7,69729,49053417.15,5112
2026-07-21,INE312C01025,SYNCOMF,EQ,13.52,13.69,13.44,13.57,13.66,13.57,976475,13230502.64,2495
2026-07-21,INE00QT01015,SGIL,EQ,612.1,612.1,595.0,597.1,595.2,610.35,8038,4826036.5,432
2026-07-21,INE398R01022,SYNGENE,EQ,417.0,417.8,412.05,413.25,415.2,417.6,1633962,675495832.25,18186
2026-07-21,INE0DYJ01015,SYRMA,EQ,1340.8,1387.7,1316.0,1374.4,1370.0,1340.8,974660,1317494277.4,44428
2026-07-21,INE0O7R01011,SYSTANGO,SM,222.45,224.0,219.0,219.8,219.0,224.15,14400,3182080.0,32
2026-07-21,INE356B01024,SYSTMTXC,BE,62.55,63.59,60.12,61.07,62.43,62.55,4067,250745.97,48
2026-07-21,INE592B01024,TTL,EQ,6.46,6.6,6.05,6.44,6.47,6.46,488386,3070073.01,693
2026-07-21,INE524T01011,TAALTECH,EQ,3795.1,3900.0,3795.1,3877.2,3890.0,3850.8,2017,7759997.7,561
2026-07-21,INE0SOY01013,TAC,SM,489.0,491.0,475.5,480.7,478.75,483.05,38800,18695900.0,156
2026-07-21,INE123C01018,TAINWALCHM,EQ,215.0,215.0,205.0,207.65,211.9,211.81,5884,1229032.87,272
2026-07-21,INE586B01026,TAJGVK,EQ,361.15,361.15,356.8,358.15,357.8,361.15,52535,18831652.5,1816
2026-07-21,INE142I01023,TAKE,EQ,20.45,20.92,19.92,20.31,20.13,19.98,551921,11418043.89,1968
2026-07-21,INE187D01029,TALBROAUTO,EQ,420.0,424.0,407.05,412.35,412.5,416.55,91333,37714506.5,3889
2026-07-21,INE864J01012,TAMBOLIIN,BE,213.6,223.0,211.86,221.17,220.0,216.32,3725,820200.81,19
2026-07-21,INE668A01016,TMB,EQ,809.9,847.0,806.05,818.45,819.95,806.05,465847,386144306.9,21374
2026-07-21,INE107A01015,TNPL,EQ,145.96,148.77,144.44,144.97,144.9,145.94,154885,22739186.69,3287
2026-07-21,INE148A01019,TNPETRO,EQ,94.5,95.99,93.61,94.66,94.38,94.18,86083,8139348.3,1496
2026-07-21,INE141D01018,TNTELE,EQ,9.11,9.22,9.03,9.08,9.04,9.02,6280,57113.47,47
2026-07-21,INE0Z7N01017,TANKUP,ST,1146.6,1146.6,1146.6,1146.6,1146.6,1170.0,750,859950.0,3
2026-07-21,INE483C01032,TANLA,EQ,573.0,577.05,563.15,564.55,565.75,572.9,313944,178321191.0,12188
2026-07-21,INE0M7001010,TAPIFRUIT,SM,50.0,50.0,50.0,50.0,50.0,47.7,750,37500.0,1
2026-07-21,INE555Z01020,TARACHAND,EQ,55.89,56.7,55.52,56.43,56.65,55.89,56080,3151150.45,1092
2026-07-21,INE747K01017,TARAPUR,EQ,17.94,17.94,17.94,17.94,17.94,17.09,11591,207942.54,36
2026-07-21,INE0EK901012,TARC,EQ,116.49,118.0,115.1,115.4,116.4,117.01,248610,28840256.26,2510
2026-07-21,INE924H01018,TARMAT,EQ,51.7,51.7,49.5,49.67,49.8,50.26,3259,163434.97,56
2026-07-21,INE144Z01023,TARSONS,EQ,294.95,328.85,292.1,312.05,314.0,281.35,6870321,2187961972.15,98558
2026-07-21,INE488B01017,TASTYBITE,EQ,8800.0,9100.0,8655.0,9039.0,9080.0,8790.5,2804,24969287.5,1184
2026-07-21,INE976I01016,TATACAP,EQ,352.95,354.8,349.25,350.55,350.85,353.0,525230,184713168.3,20668
2026-07-21,INE092A01019,TATACHEM,EQ,693.6,698.0,690.0,690.65,691.0,693.6,174050,120647604.05,7253
2026-07-21,INE151A01013,TATACOMM,EQ,1808.0,1836.4,1808.0,1818.8,1820.0,1822.6,132112,240232429.4,13924
2026-07-21,INE467B01029,TCS,EQ,2245.1,2259.9,2218.5,2221.1,2219.0,2251.1,2382160,5312074629.7,95890
2026-07-21,INE192A01025,TATACONSUM,EQ,1093.0,1096.5,1079.9,1081.5,1080.1,1091.9,1241515,1346953382.3,42854
2026-07-21,INE670A01012,TATAELXSI,EQ,3536.7,3545.0,3454.0,3461.6,3457.5,3536.7,497377,1731961724.3,43018
2026-07-21,INE672A01026,TATAINVEST,EQ,660.1,664.55,655.2,656.95,657.5,662.0,116809,76931359.5,6904
2026-07-21,INE1TAE01010,TMCV,EQ,409.35,415.35,409.35,411.75,412.95,409.35,3853741,1588312677.65,47734
2026-07-21,INE155A01022,TMPV,EQ,336.1,337.65,331.8,333.8,333.9,336.45,5847490,1953087496.85,70903
2026-07-21,INE245A01021,TATAPOWER,EQ,385.95,388.1,380.0,381.45,381.35,384.3,3013353,1153339223.75,35704
2026-07-21,INE081A01020,TATASTEEL,EQ,186.75,188.1,184.7,187.24,187.3,186.41,21618426,4030483034.51,127798
2026-07-21,INE142M01025,TATATECH,EQ,745.2,753.95,727.0,729.0,729.5,748.7,601800,444112809.65,30075
2026-07-21,INE517B01013,TTML,EQ,41.1,41.16,39.75,40.15,40.17,40.24,1228303,49671101.29,6502
2026-07-21,INF277K015R5,NETF,EQ,264.26,264.3,260.37,262.68,260.37,263.34,1202,315756.06,114
2026-07-21,INF277K010X4,NPBET,EQ,291.65,292.98,287.51,288.25,287.51,289.05,2566,740046.85,23
2026-07-21,INF277KA1364,TNIDETF,EQ,85.28,85.7,84.42,85.01,85.0,85.28,49935,4253733.33,397
2026-07-21,INF277KA1976,TATAGOLD,EQ,13.73,13.9,13.68,13.83,13.85,13.73,23634488,326397512.8,56141
2026-07-21,INF277KA1984,TATSILV,EQ,21.15,21.6,21.01,21.56,21.58,21.11,39931308,856274365.54,39843
2026-07-21,INE0GK401011,TATVA,EQ,1760.0,1785.0,1653.2,1685.0,1688.9,1713.7,1658843,2846431083.8,91656
2026-07-21,INE0XWS01018,TAURIAN,SM,385.0,385.0,371.1,374.4,375.0,389.55,16000,6059280.0,20
2026-07-21,INE053F07835,753IRFC30,NJ,1133.88,1133.94,1133.86,1133.89,1133.94,1124.76,3,3401.68,3
2026-07-21,INE053F07900,764IRFC31,NO,1138.05,1141.98,1138.03,1141.98,1141.98,1139.99,350,398891.5,6
2026-07-21,INE906B07EO8,739NHAI31A,ND,1140.0,1140.0,1140.0,1140.0,1140.0,1134.0,154,175560.0,2
2026-07-21,INE906B07EP5,769NHAI31,NE,1146.06,1146.06,1146.06,1146.06,1146.06,1146.06,101,115752.06,2
2026-07-21,INE906B07EJ8,76NHAI31,,1109.0,1109.0,1108.0,1108.0,1108.0,1108.0,201,222908.0,2
2026-07-21,INE020B07GX4,738REC27TF,N2,1073.99,1074.0,1073.99,1074.0,1074.0,1065.43,2,2147.99,2
2026-07-21,INE0N2D01013,TBI,SM,64.35,65.55,64.25,65.1,65.4,65.95,18000,1170480.0,20
2026-07-21,INE673O01025,TBOTEK,EQ,1444.6,1470.0,1423.3,1465.1,1469.0,1444.6,169203,245293589.4,18397
2026-07-21,INE887D01016,TCC,EQ,292.0,299.0,283.65,289.35,289.0,284.65,22567,6523907.85,1676
2026-07-21,INE586V01016,TCIEXP,EQ,577.65,598.7,577.65,586.05,582.0,577.65,66780,39191602.55,3924
2026-07-21,INE911B01018,TCIFINANCE,BE,15.8,15.92,15.08,15.23,15.49,15.43,11508,176697.69,162
2026-07-21,INE822C01015,TCPLPACK,EQ,3113.2,3470.0,3045.0,3428.5,3400.0,3143.7,19063,63982182.4,3644
2026-07-21,INE419M01027,TDPOWERSYS,EQ,1139.0,1146.1,1124.4,1129.2,1130.0,1141.1,279905,317475677.0,20361
2026-07-21,INE289C01025,TEAMGTY,EQ,229.9,229.9,218.04,223.18,225.0,223.12,106,23775.26,18
2026-07-21,INE985S01024,TEAMLEASE,EQ,1348.1,1348.1,1311.1,1325.4,1325.0,1382.4,116048,154576242.1,10217
2026-07-21,INE065J01024,TPHQ,EQ,0.43,0.44,0.42,0.42,0.42,0.43,1734211,736488.17,456
2026-07-21,INE2OL601013,TEAMTECH,SM,133.95,143.8,133.95,136.15,135.25,132.35,162000,22465000.0,78
2026-07-21,INE669C01036,TECHM,EQ,1577.0,1614.6,1572.0,1576.3,1577.4,1576.4,2624717,4175896883.9,87975
2026-07-21,INE0Y5H01014,TECHD,ST,623.2,639.75,603.15,633.25,630.0,630.3,10800,6694140.0,34
2026-07-21,INE0JQS01019,TECHERA,SM,152.05,157.5,150.0,150.6,150.1,154.3,44000,6720840.0,54
2026-07-21,INE285K01026,TECHNOE,EQ,1014.0,1038.0,1007.8,1020.8,1025.0,1013.6,137051,140131331.8,9275
2026-07-21,INE545H01011,TIIL,EQ,2597.0,2708.0,2582.5,2626.2,2624.0,2567.1,33560,89528952.8,5125
2026-07-21,INE314H01012,TECHNVISN,EQ,3294.3,3500.0,3292.6,3418.8,3400.0,3292.6,261,887250.3,78
2026-07-21,INE014B01011,TECILCHEM,EQ,9.65,10.02,9.2,9.31,9.25,9.82,4745,45028.36,64
2026-07-21,INE0K6601012,TGL,SM,21.7,21.7,21.7,21.7,21.7,22.8,4600,99820.0,15
2026-07-21,INE011K01018,TEGA,EQ,1627.1,1665.6,1618.4,1635.1,1637.3,1619.6,40422,66393032.9,4193
2026-07-21,INE0R1301019,TEJA,SM,565.0,630.0,565.0,595.55,590.0,580.0,86400,51624300.0,141
2026-07-21,INE010J01012,TEJASNET,EQ,541.0,542.8,534.25,537.35,537.1,543.4,772332,415282433.75,17029
2026-07-21,INE869Y01010,TEMBO,EQ,555.0,557.0,545.0,548.0,546.5,547.0,24564,13472194.4,1251
2026-07-21,INE19RI01016,TENNIND,EQ,558.0,572.0,554.2,569.35,569.6,557.25,650193,365981490.65,24817
2026-07-21,INE482B01010,TERASOFT,EQ,400.1,406.95,393.0,394.8,400.0,399.8,5931,2366259.9,376
2026-07-21,INE435C01024,TEXINFRA,EQ,114.1,115.19,113.5,114.01,114.19,114.01,81337,9266439.71,527
2026-07-21,INE621L01012,TEXRAIL,EQ,114.68,115.39,113.86,114.19,114.4,114.86,808894,92515226.91,7446
2026-07-21,INE141K01013,TEXMOPIPES,EQ,43.65,44.38,42.39,43.93,44.15,43.34,20200,871720.47,405
2026-07-21,INE733E07JT8,737NTPC35C,,1199.5,1199.5,1199.5,1199.5,1199.5,1198.1,96,115152.0,1
2026-07-21,INE797H01018,TGBHOTELS,EQ,8.7,8.99,8.55,8.7,8.97,8.55,27334,237247.26,99
2026-07-21,INE0QJL01014,TCL,SM,127.0,127.0,116.3,118.05,118.0,125.0,16000,1948360.0,16
2026-07-21,INE403F01017,THAKDEV,EQ,153.25,153.25,139.3,149.2,150.0,146.47,168,24762.47,13
2026-07-21,INE085J01014,THANGAMAYL,EQ,6410.5,6593.0,6399.0,6453.0,6455.0,6385.5,126973,821955628.5,22583
2026-07-21,INE294Z01018,ANUP,EQ,2177.2,2180.1,2135.0,2139.4,2140.0,2165.2,13546,29141938.2,2350
2026-07-21,INE319B01014,BYKE,BE,32.03,34.48,32.0,32.51,32.97,32.95,16131,526294.53,112
2026-07-21,INE017A01032,GESHIP,EQ,1390.0,1412.0,1380.0,1408.9,1411.9,1387.1,282136,395678953.1,23117
2026-07-21,INE646C01018,GROBTEA,EQ,909.5,914.0,909.5,913.75,914.0,909.4,39,35563.95,6
2026-07-21,INE127B01011,HITECHGEAR,BE,631.05,632.9,599.0,601.9,605.0,627.95,2653,1623325.0,110
2026-07-21,INE383A01012,INDIACEM,EQ,392.5,411.45,391.95,405.2,401.65,392.5,1132637,458661021.3,26147
2026-07-21,INE053A01029,INDHOTEL,EQ,729.0,750.0,716.0,731.6,731.75,725.05,2703088,1958366239.9,52236
2026-07-21,INE924D01017,THEINVEST,EQ,97.3,98.76,96.51,96.7,98.0,97.12,1890,185216.25,79
2026-07-21,INE470Y01017,NIACL,EQ,177.0,178.78,176.12,178.11,178.28,176.8,460401,81745618.2,6329
2026-07-21,INE431F01018,PKTEA,EQ,724.8,752.0,724.8,743.9,743.9,718.9,32,23830.85,9
2026-07-21,INE211B01039,PHOENIXLTD,EQ,2062.0,2099.9,2061.0,2091.2,2080.0,2074.0,618619,1286923336.7,46417
2026-07-21,INE331A01037,RAMCOCEM,EQ,927.1,940.0,914.4,917.8,923.55,925.8,122655,113029822.7,12215
2026-07-21,INE301D01026,RUBYMILLS,BE,380.0,412.55,373.35,411.85,412.4,392.95,70095,28490432.7,571
2026-07-21,INE683A01023,SOUTHBANK,EQ,46.0,47.55,45.6,47.28,47.5,46.18,34232233,1607475984.4,107386
2026-07-21,INE655A01013,STCINDIA,EQ,120.84,121.49,119.1,119.57,119.5,119.36,20115,2410033.41,351
2026-07-21,INE071E01023,UGARSUGAR,EQ,39.57,40.5,39.25,39.78,39.89,39.56,117800,4687781.75,1085
2026-07-21,INE215F01023,WIPL,EQ,157.0,170.0,157.0,169.0,169.0,168.55,740,124844.74,34
2026-07-21,INE121N01019,THEJO,EQ,1920.0,1950.0,1875.2,1932.2,1911.0,1910.4,8079,15550294.5,820
2026-07-21,INE083B01024,THEMISMED,EQ,112.74,113.76,111.29,112.35,113.4,113.21,39533,4445525.17,1406
2026-07-21,INE152A01029,THERMAX,EQ,4749.0,4880.0,4710.0,4841.0,4825.0,4710.5,326254,1574401159.0,37071
2026-07-21,INE338A01024,TIRUMALCHM,EQ,162.43,165.58,161.09,164.45,165.49,162.42,258327,42162747.74,3553
2026-07-21,INE332A01027,THOMASCOOK,EQ,102.21,105.99,102.21,104.76,104.8,103.14,1033715,108056930.13,6668
2026-07-21,INE480M01011,THOMASCOTT,EQ,311.7,314.2,296.25,297.85,302.0,307.1,29988,9064172.85,1339
2026-07-21,INE594H01019,THYROCARE,EQ,556.4,568.5,545.65,562.85,559.0,555.5,646028,362842587.25,29997
2026-07-21,INE906O01029,TIGERLOGS,BE,32.49,32.49,31.32,31.55,31.91,32.14,16383,518388.78,176
2026-07-21,INE440L01017,TIJARIA,EQ,4.68,4.68,4.31,4.51,4.55,4.52,112683,507208.2,193
2026-07-21,INE806C01018,TIL,EQ,219.87,223.5,217.39,222.14,223.5,221.11,29871,6586083.82,866
2026-07-21,INE133E01013,TI,EQ,442.0,448.0,441.3,444.9,443.75,442.85,171371,76161519.8,8630
2026-07-21,INE508G01029,TIMETECHNO,EQ,213.11,215.55,206.17,207.86,209.0,213.11,3465681,731491339.24,32730
2026-07-21,INE0IJY01014,TIMESCAN,SM,40.25,41.0,40.25,41.0,41.0,40.25,4000,162500.0,2
2026-07-21,INE064A01026,TIMEX,EQ,569.8,578.7,555.55,562.95,568.0,567.45,197958,111792224.05,11209
2026-07-21,INE325A01013,TIMKEN,EQ,3129.5,3146.7,3087.2,3093.3,3092.0,3129.5,46866,145513661.1,14797
2026-07-21,INE015C01016,TINNARUBR,EQ,1239.0,1322.0,1101.0,1148.9,1112.0,1189.9,2688540,3317667966.2,121869
2026-07-21,INE0LQS01015,TIPSFILMS,EQ,324.45,327.4,316.75,323.0,326.6,325.95,2010,650763.15,117
2026-07-21,INE716B01029,TIPSMUSIC,EQ,714.0,727.75,707.85,712.2,713.0,710.55,365669,261672474.25,14807
2026-07-21,INE319Y01024,TIRUPATIFL,EQ,71.36,76.95,69.5,76.95,76.95,69.96,2812773,213594486.66,8456
2026-07-21,INE615H01020,TITAGARH,EQ,867.0,867.2,839.1,843.6,842.9,867.2,358436,304600002.85,16574
2026-07-21,INE280A01028,TITAN,EQ,4644.2,4691.7,4629.2,4688.7,4687.1,4643.4,530094,2474412483.8,53049
2026-07-21,INE932C01012,TOKYOPLAST,BE,82.0,82.0,80.0,81.59,81.59,82.2,503,40399.37,13
2026-07-21,INE0RWQ01014,TOLINS,EQ,104.5,105.01,102.97,103.55,103.3,104.91,16420,1706046.23,518
2026-07-21,INE685A01028,TORNTPHARM,EQ,4978.4,5050.0,4948.0,5040.7,5044.0,5005.4,287686,1441950092.3,32567
2026-07-21,INE813H01021,TORNTPOWER,EQ,1433.3,1442.6,1426.4,1435.9,1440.0,1433.3,293628,421092101.0,16956
2026-07-21,INE336X01012,TOTAL,EQ,53.7,53.7,45.0,48.4,50.0,51.89,9453,464163.07,113
2026-07-21,INE486Y01013,TOUCHWOOD,EQ,67.56,67.56,66.6,67.48,67.48,67.51,298,19910.25,22
2026-07-21,INE305A01023,TFCILTD,EQ,83.88,85.6,82.25,83.21,83.4,82.74,8841072,743884308.46,28306
2026-07-21,INE413G01022,TPLPLASTEH,EQ,81.5,83.26,80.0,80.69,80.4,82.93,134652,10960160.02,2723
2026-07-21,INE0HMF01019,TRACXN,EQ,30.06,30.49,29.75,30.11,30.0,30.01,40521,1218254.33,593
2026-07-21,INE763I01026,TARIL,EQ,311.15,322.5,311.15,316.85,317.55,333.6,4434937,1410359346.45,56499
2026-07-21,INE0O3901029,TREL,EQ,24.67,25.3,24.32,24.48,24.55,24.73,94597,2331022.38,485
2026-07-21,INE687A01016,TRANSPEK,EQ,1028.0,1058.95,1021.55,1029.1,1032.0,1033.5,9315,9698365.7,981
2026-07-21,INE688A01022,TCI,EQ,936.8,939.0,928.0,931.0,930.0,930.15,23399,21802967.65,2068
2026-07-21,INE454P01035,TRANSRAILL,EQ,495.8,498.4,491.2,492.45,492.0,496.0,147045,72555994.6,6214
2026-07-21,INE0NVI01020,TRANSTEEL,SM,119.0,119.0,115.8,116.5,115.8,116.35,10000,1173000.0,9
2026-07-21,INE804H01012,TFL,EQ,10.66,11.0,10.61,10.78,10.99,10.71,4365,46600.12,38
2026-07-21,INE757B01015,TRANSWORLD,BE,164.91,167.79,160.1,164.44,163.99,164.49,3792,621508.21,61
2026-07-21,INE103V01028,TRAVELFOOD,EQ,1304.0,1316.6,1293.0,1300.5,1301.9,1304.2,13258,17235172.3,1608
2026-07-21,INE040M01013,TREEHOUSE,EQ,6.11,6.37,6.08,6.26,6.28,6.11,17538,109287.58,101
2026-07-21,INE00CA01015,TREJHARA,EQ,142.0,142.0,135.5,138.08,137.0,135.02,3582,490918.33,154
2026-07-21,INE849A01020,TRENT,EQ,2930.0,2934.4,2883.1,2894.7,2895.2,2925.9,480354,1395103879.4,40448
2026-07-21,INE391D01019,TRF,EQ,247.0,247.0,241.82,245.1,245.0,243.36,12077,2951912.94,417
2026-07-21,INE760L01018,TBZ,EQ,256.5,268.38,246.41,259.73,261.0,255.62,2485461,645202042.43,44054
2026-07-21,INE064C01022,TRIDENT,EQ,25.34,25.42,25.0,25.1,25.24,25.31,3495179,88033159.2,12960
2026-07-21,INE0QD201012,TECHLABS,ST,142.0,147.9,136.0,142.8,142.8,142.3,16250,2279518.75,55
2026-07-21,INE948A01012,TRIGYN,EQ,53.09,56.0,53.09,55.17,54.53,53.79,39064,2138510.13,780
2026-07-21,INE256C01024,TRIVENI,EQ,469.65,473.8,452.0,471.5,471.0,470.35,1038674,483394419.55,32736
2026-07-21,INE152M01016,TRITURBINE,EQ,618.0,623.85,613.25,618.55,620.1,614.2,246230,152350878.05,16340
2026-07-21,INE0SYV01018,TROM,ST,59.9,59.9,58.0,58.0,58.0,57.1,1800,106440.0,3
2026-07-21,INE0MWH01014,TRUALT,EQ,422.05,423.4,414.0,419.45,415.1,420.1,95065,39869360.9,4715
2026-07-21,INE615R01029,TRU,EQ,4.99,5.09,4.86,4.99,5.0,4.89,181192,893677.72,188
2026-07-21,INE0SWN01019,TRUST,SM,28.6,28.6,28.5,28.5,28.5,29.0,1800,51360.0,3
2026-07-21,INE16VK01010,TSC,SM,29.2,29.2,29.0,29.0,29.0,30.0,8000,233000.0,4
2026-07-21,INE202Z01029,TSFINV,EQ,477.0,478.25,467.0,469.0,467.65,477.55,30034,14168650.25,1676
2026-07-21,INE1C3207065,935TSI30,N0,103500.0,103500.0,103500.0,103500.0,103500.0,102025.2,10,1035000.0,2
2026-07-21,INE1C3207040,935TSI31,N0,104000.0,104700.0,104000.0,104700.0,104700.0,104606.16,20,2087000.0,3
2026-07-21,INE1C3207032,935TSI32,N0,104693.0,105320.0,104693.0,105320.0,105320.0,105280.0,40,4200260.0,4
2026-07-21,INE1C3207081,935TSIIC28,N0,102450.3,102450.3,102450.3,102450.3,102450.3,102404.0,9,922052.7,4
2026-07-21,INE910C01018,TTKHLTCARE,EQ,1022.0,1055.0,1010.0,1028.2,1028.25,1015.9,36116,37494081.0,2214
2026-07-21,INE690A01028,TTKPRESTIG,EQ,661.8,669.4,654.0,656.15,659.0,665.45,52028,34305051.1,3826
2026-07-21,INE974X01010,TIINDIA,EQ,2891.1,2926.0,2854.7,2909.3,2907.7,2886.9,217730,630674433.8,32229
2026-07-21,INE0OXV01027,TUNWAL,SM,27.0,27.25,26.6,27.1,27.25,26.6,128000,3441400.0,54
2026-07-21,INE0OC301013,TURTLEMINT,EQ,142.94,144.62,135.05,135.61,135.2,144.29,1469784,204015676.13,18941
2026-07-21,INE038F01029,TVTODAY,EQ,121.9,123.05,121.0,122.03,121.75,122.04,9153,1114545.15,256
2026-07-21,INE871L01013,TVVISION,EQ,4.86,4.89,4.63,4.74,4.79,4.75,3560,16923.12,45
2026-07-21,INE236G01019,TVSELECT,EQ,513.0,515.0,495.1,498.35,500.0,512.95,49555,24924459.65,2708
2026-07-21,INE105A01035,TVSHLTD,EQ,14031.0,14420.0,13901.0,14236.0,14279.0,14031.0,21379,301931112.0,7334
2026-07-21,INE494B01023,TVSMOTOR,EQ,3590.2,3810.0,3576.8,3792.0,3793.9,3590.2,2391097,8954506161.8,128606
2026-07-21,INE494B04019,TVSMNCRPS,P1,10.45,10.45,10.35,10.4,10.4,10.4,217806,2265452.0,150
2026-07-21,INE421C01016,TVSSRICHAK,EQ,4071.0,4100.0,3984.1,4007.7,4000.0,4088.5,4187,16835996.9,874
2026-07-21,INE395N01027,TVSSCS,EQ,135.5,137.8,135.01,135.26,135.99,136.15,189800,25834770.18,3625
2026-07-21,INE388G01026,TICL,EQ,9.69,10.25,9.29,10.21,10.25,9.77,510338,4966387.67,1269
2026-07-21,INE152C01025,UYFINCORP,EQ,17.06,17.2,16.2,17.14,17.14,17.06,629530,10698453.71,1270
2026-07-21,INE139B01016,UCAL,EQ,119.96,120.5,118.91,119.88,120.0,118.27,4741,568248.65,125
2026-07-21,INE583D07604,1015UCL27,NF,1032.5,1032.5,989.5,989.5,989.5,1049.0,2,2022.0,2
2026-07-21,INE583D07596,1050UCL28,NH,1020.0,1020.0,1002.6,1002.6,1002.6,1019.0,176,179346.0,6
2026-07-21,INE691A01018,UCOBANK,EQ,26.6,26.94,26.5,26.86,26.88,26.64,5244113,140585606.04,17907
2026-07-21,INE0N0Y01013,USK,EQ,22.15,22.34,21.05,21.72,21.6,21.96,21708,469479.9,189
2026-07-21,INE516A01017,UFLEX,EQ,437.45,445.85,437.4,439.7,439.95,437.45,17361,7653812.8,839
2026-07-21,INE527H01019,UFO,EQ,66.7,68.5,66.7,67.95,68.5,67.51,17306,1172571.2,506
2026-07-21,INE583D01011,UGROCAP,EQ,97.81,98.05,96.5,96.56,96.5,97.81,48752,4721655.4,657
2026-07-21,INE899L01030,UEL,EQ,126.4,126.4,123.27,124.71,124.0,123.96,3665,456652.93,104
2026-07-21,INE551W01018,UJJIVANSFB,EQ,65.61,67.0,65.1,65.63,65.79,65.61,11307960,743556572.37,45214
2026-07-21,INE405A01021,ULTRAMAR,EQ,378.4,389.9,375.3,385.85,386.1,378.4,11926,4547619.7,1132
2026-07-21,INE481G01011,ULTRACEMCO,EQ,12070.0,12126.0,11926.0,12094.0,12075.0,11903.0,830840,10008449008.0,74720
2026-07-21,INE067901012,UMA,SM,16.1,16.1,16.1,16.1,16.1,16.25,4000,64400.0,1
2026-07-21,INE0GIU01018,UMAEXPORTS,BE,19.95,20.0,19.01,19.87,19.81,19.96,38887,758501.69,160
2026-07-21,INE398B01018,UMIYA-MRO,EQ,89.24,91.78,88.21,90.69,91.0,89.68,12611,1135287.92,335
2026-07-21,INE033L08270,TCHF30,NB,1100.0,1100.0,1040.0,1040.0,1040.0,1032.0,8,8560.0,2
2026-07-21,INE351A01035,UNICHEMLAB,EQ,598.95,599.0,585.0,587.0,585.6,595.6,59015,34814964.8,3233
2026-07-21,INE00U401027,UNIECOM,EQ,85.61,86.84,85.51,86.07,86.65,86.25,121547,10439025.72,1560
2026-07-21,INE0PRF01011,UNIHEALTH,SM,717.0,717.0,717.0,717.0,717.0,717.0,500,358500.0,1
2026-07-21,INE481Z01011,UNIINFO,BE,12.31,12.5,12.01,12.5,12.5,12.34,1118,13949.21,14
2026-07-21,INE0B2801011,UNILEX,SM,26.65,26.65,26.65,26.65,26.65,26.0,1600,42640.0,1
2026-07-21,INE0U3I01011,UNIMECH,EQ,1269.1,1285.9,1253.5,1276.2,1279.0,1274.5,71931,91192102.8,5544
2026-07-21,INE692A01016,UNIONBANK,EQ,175.93,179.4,173.4,176.11,176.2,175.93,35646847,6318285653.88,98767
2026-07-21,INF582M01KS4,UNIONGOLD,EQ,138.05,141.45,138.05,139.65,139.85,138.5,3067,426939.35,66
2026-07-21,INE244O01017,UNIPARTS,EQ,703.0,703.0,686.0,690.35,689.4,691.45,51475,35536894.05,2816
2026-07-21,INE037A01022,UNIENTER,EQ,103.51,104.46,101.0,101.28,101.0,101.71,10602,1086433.06,587
2026-07-21,INE694A01020,UNITECH,EQ,4.6,4.62,4.54,4.57,4.6,4.6,1691295,7730216.5,2120
2026-07-21,INE686F01025,UBL,EQ,1357.9,1419.9,1350.9,1404.4,1405.0,1350.9,535651,750201934.6,35263
2026-07-21,INE961D01019,UNIDT,BE,229.48,229.48,218.0,221.69,224.99,223.98,1004,223747.57,37
2026-07-21,INE382M01027,UFBL,EQ,640.1,669.1,633.55,635.0,633.55,666.85,180202,116253041.55,6223
2026-07-21,INE458F01011,UNITEDTEA,EQ,464.7,468.0,460.0,467.25,467.9,462.75,1970,918033.7,209
2026-07-21,INE368U01029,UNITEDPOLY,BE,29.0,29.5,27.85,29.2,29.5,29.31,64956,1841340.55,160
2026-07-21,INE854D01024,UNITDSPR,EQ,1400.0,1400.3,1375.2,1390.8,1390.1,1395.3,621923,864752909.2,18097
2026-07-21,INE562X01013,UNIVASTU,BE,119.0,119.0,112.0,118.32,118.48,117.17,241960,28420852.81,677
2026-07-21,INE279A01012,UNIVCABLES,EQ,1199.2,1217.4,1174.8,1200.1,1201.0,1200.8,79021,94471544.0,4966
2026-07-21,INE03V001013,UNIVPHOTO,BE,422.0,460.35,421.6,459.1,450.1,438.45,1771,806069.15,52
2026-07-21,INE405E01023,UNOMINDA,EQ,1159.0,1166.6,1137.1,1147.4,1151.0,1154.4,541121,623134725.3,31876
2026-07-21,INE148I08256,915SCL26,NE,1062.14,1062.14,1062.13,1062.13,1062.13,1060.56,50,53106.56,2
2026-07-21,INE530B08110,IIFLZC28,NG,1640.0,1640.0,1640.0,1640.0,1640.0,1647.37,13,21320.0,1
2026-07-21,INE530B08094,10IIFL28A,NE,1030.0,1030.0,1030.0,1030.0,1030.0,1025.1,10,10300.0,1
2026-07-21,INE530B08102,96IIFL28A,NF,1001.0,1002.98,1001.0,1002.75,1002.93,1000.13,2071,2075614.54,24
2026-07-21,INE477L08147,10IIFL28,N4,999.88,999.88,997.6,997.6,997.6,998.79,1710,1707290.2,27
2026-07-21,INE477L08154,96IIFL28,N5,1000.01,1001.99,1000.01,1001.99,1001.99,1000.0,220,220053.2,4
2026-07-21,INE866I08279,10IIFL29,N6,1039.0,1039.0,1039.0,1039.0,1039.0,1036.52,200,207800.0,2
2026-07-21,INE866I08295,105IIFL29,N7,1059.0,1059.0,1059.0,1059.0,1059.0,1059.8,100,105900.0,6
2026-07-21,INE306N08292,910TCAP28,,1106.01,1106.01,1106.01,1106.01,1106.01,1106.0,24,26544.24,2
2026-07-21,INE851I01011,UDS,EQ,192.98,202.28,191.43,200.2,201.0,193.52,398628,79299669.85,5729
2026-07-21,INE628A01036,UPL,EQ,609.0,621.95,605.9,618.15,619.0,606.05,2611970,1613198768.7,39448
2026-07-21,INE0CBM01019,USASEEDS,SM,83.95,83.95,80.0,80.5,80.5,83.95,1712,140555.2,4
2026-07-21,INE568Z01015,URAVIDEF,BE,116.1,117.88,113.2,114.07,113.2,115.44,3072,353214.86,71
2026-07-21,INE0CAZ01013,URBANCO,EQ,133.6,134.63,130.27,134.13,132.8,133.6,1305510,173307599.61,27951
2026-07-21,INE0O0201019,URBAN,SM,126.5,128.9,124.0,127.45,127.45,124.85,16000,2014240.0,16
2026-07-21,INE550C01020,URJA,EQ,9.24,9.32,9.2,9.21,9.24,9.25,512985,4738365.48,1972
2026-07-21,INE0LS001014,USHAFIN,SM,36.0,36.0,36.0,36.0,36.0,34.5,3200,115200.0,2
2026-07-21,INE240C01028,UMESLTD,EQ,5.56,5.58,5.21,5.49,5.58,5.32,11207,61693.46,67
2026-07-21,INE228A01035,USHAMART,EQ,506.0,506.9,498.1,500.2,500.1,508.4,209831,105316391.35,8253
2026-07-21,INE00NI01015,UCL,ST,175.95,175.95,175.95,175.95,175.95,172.5,26000,4574700.0,6
2026-07-21,INE094J01016,UTIAMC,EQ,934.5,938.5,916.25,919.1,919.0,929.85,116997,107960837.05,8978
2026-07-21,INF789F1AG68,LIQUIDBETA,EQ,1000.92,1000.92,1000.9,1000.92,1000.92,1000.05,1017,1017929.62,10
2026-07-21,INF789F1AUV1,BANKBETA,EQ,59.6,60.2,59.6,59.87,59.96,59.98,80802,4839153.65,561
2026-07-21,INF789F1AZF3,GILT10BETA,EQ,26.99,26.99,26.36,26.81,26.81,26.81,3197,84493.85,12
2026-07-21,INF789F1AZE6,GILT5BETA,EQ,66.74,66.74,66.37,66.44,66.55,65.0,327,21818.83,12
2026-07-21,INF789F1AZD8,ITBETA,EQ,308.66,309.73,304.1,304.6,304.5,309.88,4640,1431674.21,69
2026-07-21,INF789F1AYX9,MIDCAPBETA,EQ,233.87,234.26,233.0,233.39,233.39,232.71,818,191009.75,29
2026-07-21,INF789F1AUW9,NEXT50BETA,EQ,78.42,78.45,78.0,78.29,78.31,78.15,348559,27290674.07,564
2026-07-21,INF789F1AZC0,NIFTYBETA,EQ,269.49,269.49,267.5,267.68,267.51,268.66,6838,1832449.86,322
2026-07-21,INF789FB1X58,SENSEXBETA,EQ,861.26,861.26,855.15,855.47,855.41,858.77,2352,2017094.6,149
2026-07-21,INF789F1AYK6,SILVERBETA,EQ,210.38,214.76,210.37,214.42,214.35,209.98,462383,98622913.19,3104
2026-07-21,INF789F1AUU3,SNXT50BETA,EQ,94.59,94.6,93.6,94.56,94.57,94.27,3373,318182.52,80
2026-07-21,INF789F1AUX7,GOLDBETA,EQ,119.15,119.95,119.15,119.8,119.75,118.85,444825,53282562.8,1716
2026-07-21,INE1V1R01014,UTKAL,SM,33.2,33.2,33.2,33.2,33.2,31.65,30000,996000.0,10
2026-07-21,INE735W01017,UTKARSHBNK,EQ,14.91,15.23,14.83,14.91,14.89,15.01,4264121,64157208.23,9678
2026-07-21,INE06IJ01010,UTSSAV,ST,530.0,537.0,522.35,529.5,529.5,537.85,17400,9222810.0,26
2026-07-21,INE786F01031,UTTAMSUGAR,EQ,234.8,241.51,233.76,238.47,238.69,234.72,91296,21714287.9,3002
2026-07-21,INE0GXK01018,VMARCIND,SM,288.8,290.0,286.0,288.6,290.0,285.0,118500,34161750.0,74
2026-07-21,INE951I01027,VGUARD,EQ,302.3,303.15,299.0,300.95,300.0,300.95,201415,60576392.5,11113
2026-07-21,INE0QXL01015,VLINFRA,ST,26.15,27.5,26.15,27.5,27.5,27.5,3000,80475.0,2
2026-07-21,INE945H01021,V2RETAIL,EQ,227.05,228.0,223.67,225.06,224.15,225.92,512229,115512047.62,11262
2026-07-21,INE956G01038,WABAG,EQ,2119.0,2138.2,2079.0,2100.2,2099.0,2117.0,377874,794396991.1,24311
2026-07-21,INE694D01016,VADILALIND,EQ,6824.0,6855.0,6740.0,6817.0,6782.0,6790.5,7015,47545244.5,1365
2026-07-21,INE884A01027,VAIBHAVGBL,EQ,254.5,260.2,252.14,258.11,257.4,254.9,357289,91952792.64,8053
2026-07-21,INE0JR301013,MADHAVBAUG,ST,204.0,209.8,204.0,204.5,204.5,207.0,2400,496600.0,6
2026-07-21,INE972X01022,VAISHALI,BE,7.82,8.08,7.55,7.83,7.92,7.82,66917,522987.78,144
2026-07-21,INE051B01021,VAKRANGEE,EQ,5.91,5.93,5.83,5.87,5.87,5.93,1205954,7082851.44,2130
2026-07-21,INE0JWS01017,VALIANTLAB,BE,62.75,64.98,62.17,62.9,62.81,64.01,4870,306183.68,43
2026-07-21,INE565V01010,VALIANTORG,BE,267.3,270.0,262.0,267.25,269.2,267.15,8063,2145109.75,178
2026-07-21,INE879I01012,DBREALTY,BE,115.45,118.0,113.01,116.7,117.0,114.85,222225,25693074.46,1236
2026-07-21,INE1E7Y01018,VALUE360,SM,77.05,80.0,77.0,77.3,77.0,77.75,60000,4714200.0,31
2026-07-21,INE116G01013,VARDHACRLC,BE,44.0,44.0,43.2,43.2,43.2,43.38,7042,305861.63,84
2026-07-21,INE701A01023,VHL,EQ,3548.1,3584.0,3517.1,3548.9,3525.0,3548.0,222,787405.8,35
2026-07-21,INE835A01029,VARDMNPOLY,EQ,6.44,6.44,6.0,6.06,6.06,6.35,652796,3970964.21,997
2026-07-21,INE050M01012,VSSL,EQ,314.95,318.0,302.5,303.35,303.9,308.8,276688,86208163.4,6482
2026-07-21,INE825A01020,VTL,EQ,631.1,636.1,621.95,625.1,626.0,631.05,145456,91304976.5,10250
2026-07-21,INE665L01035,VARROC,EQ,642.0,660.0,640.2,658.15,657.8,642.0,65168,42463422.85,5433
2026-07-21,INE200M01039,VBL,EQ,470.0,472.6,462.5,463.45,463.85,468.0,5338033,2494668739.2,56676
2026-07-21,INE273D01027,VGL,EQ,64.22,64.22,61.51,61.69,62.67,62.09,8769,545349.87,241
2026-07-21,INE0N5801013,DENTALKART,SM,430.0,435.0,429.0,431.5,431.0,420.25,8750,3769100.0,25
2026-07-21,INE893I01013,VASCONEQ,BE,33.09,33.7,32.51,32.97,33.0,33.25,93718,3097278.7,392
2026-07-21,INE590L01019,VASWANI,EQ,52.8,53.65,52.5,53.12,53.39,52.82,32480,1725224.93,791
2026-07-21,INE098201036,VCL,EQ,1.12,1.14,0.99,0.99,0.99,1.1,1499367,1546089.98,642
2026-07-21,INE04HY07294,1025VCCL28,N0,96400.0,96400.0,96400.0,96400.0,96400.0,96099.0,1,96400.0,1
2026-07-21,INE04HY07351,1125VCCL27,N0,120295.0,120295.0,120295.0,120295.0,120295.0,100246.58,4,481180.0,1
2026-07-21,INE04HY07229,12VCCL29B,N0,99000.0,99000.0,99000.0,99000.0,99000.0,99899.98,1,99000.0,1
2026-07-21,INE04HY08011,125VCCL31,N0,96500.0,96500.0,96499.99,96499.99,96500.0,97000.0,11,1061499.99,4
2026-07-21,INE0U2M01015,VDEAL,SM,154.8,154.8,154.8,154.8,154.8,154.0,600,92880.0,1
2026-07-21,INE825V01034,MANYAVAR,EQ,416.0,439.5,415.0,417.05,416.05,413.95,944828,403454281.85,40152
2026-07-21,INE1CDF01017,VAML,EQ,436.6,448.1,432.1,441.55,442.0,436.6,7695382,3384525555.7,229318
2026-07-21,INE1CLE01013,VISL,EQ,33.4,33.45,32.01,32.61,32.69,32.92,26771710,875114112.8,48633
2026-07-21,INE205A01025,VEDL,EQ,261.85,266.3,259.55,264.85,264.95,261.85,11178039,2945311905.95,229274
2026-07-21,INE704J01044,VOGL,EQ,35.5,35.84,34.66,34.83,34.85,35.55,25947272,908871045.7,43646
2026-07-21,INE694L01019,VEDPOWER,EQ,38.41,38.47,37.64,37.79,37.85,38.31,10110519,383024830.52,28788
2026-07-21,INE484C01030,VEEDOL,EQ,1404.8,1413.0,1395.6,1405.4,1413.0,1396.6,4348,6097724.9,536
2026-07-21,INE232E01013,VELJAN,BE,1710.0,1750.0,1700.0,1700.0,1700.0,1709.4,226,386483.0,31
2026-07-21,INE398A01010,VENKEYS,EQ,1513.1,1557.7,1498.8,1527.7,1530.0,1522.3,59725,91362568.4,4943
2026-07-21,INE781S01027,VENTIVE,EQ,622.2,622.45,616.15,620.3,621.25,620.85,5820,3608448.9,595
2026-07-21,INE0JA001018,VENUSPIPES,EQ,1700.0,1732.1,1681.2,1701.4,1724.0,1701.6,87568,149207529.5,7648
2026-07-21,INE411B01019,VENUSREM,BE,1621.1,1778.5,1615.0,1775.5,1778.5,1693.9,96954,167931803.5,1847
2026-07-21,INE709Z01015,VERA,SM,68.0,68.0,68.0,68.0,68.0,65.6,15000,1020000.0,3
2026-07-21,INE0IQ001011,VERANDA,EQ,224.07,240.0,222.67,237.29,238.0,224.07,357088,83327022.88,7214
2026-07-21,INE188Y01031,VERTOZ,BE,37.53,37.53,34.96,35.31,35.35,36.79,145668,5169267.11,705
2026-07-21,INE386A01023,VESUVIUS,EQ,465.2,469.9,464.15,466.4,467.4,467.3,29968,13991683.25,2152
2026-07-21,INE918N01018,VETO,BE,127.0,129.99,125.35,126.16,126.2,127.63,13114,1661191.27,136
2026-07-21,INE0MO401019,VIAZ,SM,61.0,61.0,61.0,61.0,61.0,60.0,4000,244000.0,2
2026-07-21,INE0QTF01015,VSTL,EQ,111.94,112.65,111.11,111.45,111.8,111.94,5938,662657.22,203
2026-07-21,INE048C01025,VHLTD,BE,131.44,131.44,129.7,131.27,131.37,131.42,18139,2374173.53,81
2026-07-21,INE0F8901022,VICTORYEV,ST,16.45,17.0,16.45,16.8,16.75,16.45,39000,650550.0,12
2026-07-21,INE632C01026,VIDHIING,EQ,307.9,307.9,298.7,299.75,300.0,306.15,4385,1327701.3,326
2026-07-21,INE14UN01029,VIDYAWIRES,EQ,92.68,93.78,90.7,91.03,91.25,92.66,800345,73600904.36,5759
2026-07-21,INE1DM601016,VIGOR,ST,103.6,113.1,103.5,103.5,103.5,108.9,46400,4849040.0,25
2026-07-21,INE043W01024,VIJAYA,EQ,1334.7,1348.5,1320.5,1331.3,1329.1,1334.7,89019,118406875.9,10529
2026-07-21,INE0WL901019,VIJAYPD,SM,69.0,69.0,69.0,69.0,69.0,67.3,6000,414000.0,3
2026-07-21,INE159N01027,VIJIFIN,BE,8.75,8.75,8.75,8.75,8.75,8.58,45507,398186.25,43
2026-07-21,INE806A01020,VIKASECO,EQ,1.13,1.14,1.12,1.13,1.12,1.13,1347590,1521293.16,909
2026-07-21,INE161L01027,VIKASLIFE,EQ,1.33,1.34,1.32,1.32,1.32,1.33,1039954,1381370.8,10818
2026-07-21,INE078V01014,VIKRAMSOLR,EQ,191.5,192.05,186.0,187.31,187.25,191.18,1613413,303422215.95,19430
2026-07-21,INE01R501028,VIKRAN,EQ,72.35,72.7,71.7,72.0,71.97,72.36,665439,47956865.91,3497
2026-07-21,INE0AZY01017,VILAS,SM,372.5,373.95,351.5,364.95,365.0,370.05,15500,5680925.0,48
2026-07-21,INE0L4V01013,VILINBIO,SM,44.35,46.0,44.35,45.0,45.0,44.35,32000,1454800.0,6
2026-07-21,INE579C01029,VIMTALABS,EQ,540.0,620.0,535.0,599.6,601.8,530.25,6265863,3763836744.25,126145
2026-07-21,INE410B01037,VINATIORGA,EQ,1323.5,1340.0,1319.9,1332.9,1330.0,1318.8,27414,36462812.7,3004
2026-07-21,INE707A01012,VINDHYATEL,EQ,1785.0,1949.0,1765.1,1934.6,1930.0,1795.1,41058,77138610.1,6311
2026-07-21,INE505Y01010,VINEETLAB,BE,37.65,39.15,36.6,38.02,38.0,37.55,69575,2608641.02,180
2026-07-21,INE27V201011,VMOBILE,SM,83.7,87.0,83.7,83.7,83.7,93.0,401600,33623040.0,223
2026-07-21,INE01KI01027,VINNY,EQ,1.05,1.08,1.05,1.06,1.06,1.05,262352,278658.27,142
2026-07-21,INE0OSJ01014,VINSYS,ST,506.0,520.0,504.0,512.5,512.0,505.85,4500,2314800.0,18
2026-07-21,INE498Q01014,VINCOFE,EQ,158.5,160.29,156.2,156.61,156.63,158.93,1327140,209635193.02,9362
2026-07-21,INE0OLS01010,VINYAS,SM,1270.0,1329.0,1270.0,1307.55,1302.0,1286.85,5900,7706705.0,53
2026-07-21,INE250B01029,VINYLINDIA,EQ,248.7,251.95,245.0,246.45,245.85,246.65,5307,1312382.15,315
2026-07-21,INE450G01024,VIPCLOTHNG,BE,21.84,22.68,21.84,22.22,22.2,21.84,16807,374701.28,97
2026-07-21,INE054A01027,VIPIND,EQ,300.0,301.45,298.1,299.8,298.1,300.4,88356,26502164.5,2005
2026-07-21,INE946H01037,VIPULLTD,BE,14.14,14.14,14.12,14.12,14.12,14.86,30372,428914.38,90
2026-07-21,INE539B01017,VIRINCHI,EQ,16.56,16.56,15.7,15.73,15.8,16.24,35662,568373.09,156
2026-07-21,INE0VRH01015,VGINFOTECH,SM,148.05,152.65,148.05,150.1,150.5,145.55,26000,3899300.0,26
2026-07-21,INE0I0T01010,VOEPL,EQ,509.5,528.0,505.0,512.4,510.0,511.2,231693,119264838.55,5758
2026-07-21,INE286H01012,VISACHROME,BE,40.49,40.5,39.4,39.52,39.4,40.49,37573,1497474.49,58
2026-07-21,INE370E01029,VIVIDHA,EQ,0.52,0.57,0.51,0.54,0.55,0.52,367155,199175.39,175
2026-07-21,INE392A01021,VISAKAIND,EQ,81.1,82.1,80.5,81.14,82.1,81.1,39885,3235287.56,714
2026-07-21,INE01EA01019,VMM,EQ,111.27,113.87,110.62,113.54,113.6,111.21,7238917,813541480.92,35836
2026-07-21,INE270I01022,VISHNU,EQ,648.0,670.0,633.2,640.45,639.9,640.1,920501,599829452.7,24346
2026-07-21,INE0AE001013,VPRPL,BE,26.41,26.41,26.41,26.41,26.41,25.9,54187,1431078.67,121
2026-07-21,INE0PQ001012,VISHNUINFR,SM,160.0,162.0,156.1,156.1,156.1,162.0,21000,3389075.0,14
2026-07-21,INE430N01022,VISHWARAJ,EQ,5.34,5.4,5.2,5.26,5.24,5.24,104368,549599.21,568
2026-07-21,INE0S2E01016,VISHWAS,ST,45.65,45.65,45.65,45.65,45.65,48.0,1600,73040.0,1
2026-07-21,INE0TR001017,VIESL,SM,306.5,314.9,304.5,305.5,304.5,303.25,24000,7400920.0,25
2026-07-21,INE0L4K01016,VITAL,BE,49.5,49.5,48.77,48.77,48.77,49.76,1214,59427.97,13
2026-07-21,INE0MEG01014,VIVIANA,BE,707.3,708.05,675.05,704.85,708.05,702.95,22323,15593373.65,513
2026-07-21,INE24H301028,VIVIDEL,ST,1263.1,1264.0,1202.0,1244.25,1245.0,1263.1,12240,15107484.0,48
2026-07-21,INE526G01021,VIVIMEDLAB,BE,5.15,5.35,5.05,5.13,5.11,5.26,25738,132097.62,86
2026-07-21,INE807F01027,VIYASH,EQ,265.7,267.25,259.05,265.15,265.5,264.55,1090848,287432374.2,21158
2026-07-21,INE03HW01020,VLEGOV,BE,11.13,11.13,11.13,11.13,11.13,11.35,13837,154005.81,65
2026-07-21,INE709A01018,VLSFINANCE,EQ,258.55,261.2,256.5,258.55,257.45,260.6,9310,2406309.65,678
2026-07-21,INE665J01013,VMART,EQ,781.2,782.5,771.6,774.2,775.0,785.1,110176,85493625.7,9257
2026-07-21,INE0SJA01013,VMSTMT,BE,44.91,44.91,43.55,44.46,44.75,44.91,13140,581217.74,140
2026-07-21,INE669E01016,IDEA,EQ,13.59,13.67,13.42,13.49,13.5,13.51,248927583,3375341405.41,404382
2026-07-21,INE540H01012,VOLTAMP,EQ,9550.0,9583.0,9462.0,9505.0,9492.0,9530.0,10859,103285514.0,4941
2026-07-21,INE226A01021,VOLTAS,EQ,1352.9,1368.7,1352.9,1359.2,1357.0,1357.4,273316,371310812.9,10770
2026-07-21,INE0MEG07029,12VPT28,N0,9969.0,9969.0,9915.0,9915.0,9915.0,9969.0,9,89559.0,4
2026-07-21,INE0S2V01010,VRAJ,EQ,132.04,133.41,128.68,131.64,132.8,132.04,25161,3303885.57,1296
2026-07-21,INE366I01010,VRLLOG,EQ,230.62,245.0,230.62,243.6,243.5,229.56,715117,171733021.77,14117
2026-07-21,INE710A01016,VSTIND,EQ,231.35,235.4,231.35,234.35,234.8,231.35,150131,35060615.85,2766
2026-07-21,INE764D01017,VSTTILLERS,EQ,4513.6,4520.4,4460.0,4488.3,4500.0,4491.1,2976,13330567.3,868
2026-07-21,INE765D01022,WPIL,EQ,456.0,466.0,448.0,449.75,448.0,458.2,10945,4963002.8,1094
2026-07-21,INE100D01014,WSI,EQ,60.06,62.93,60.06,61.03,61.57,61.84,29045,1785150.14,1563
2026-07-21,INE377N01017,WAAREEENER,EQ,2823.3,2834.9,2711.2,2732.1,2723.0,2826.2,1126138,3105511960.5,68361
2026-07-21,INE299N01021,WAAREERTL,EQ,1028.0,1028.0,1007.2,1012.9,1012.9,1020.4,195254,197881421.1,9684
2026-07-21,INE0E7301029,WAKEFIT,EQ,127.99,128.2,123.4,124.07,125.91,127.76,1853383,230128001.33,5276
2026-07-21,INE711A01022,WALCHANNAG,EQ,249.9,256.3,248.1,250.25,250.7,250.35,798390,201137753.4,9771
2026-07-21,INE107F01022,WANBURY,EQ,328.0,343.0,314.05,338.4,342.0,339.9,810047,267967856.3,18379
2026-07-21,INE0LZF01013,CORDELIA,EQ,848.95,925.65,845.0,906.55,908.0,841.5,1565010,1416822726.0,42869
2026-07-21,INE0A3007065,1075WCA28,N0,9822.0,9822.0,9822.0,9822.0,9822.0,9750.55,1,9822.0,1
2026-07-21,INE082W01014,WEWIN,BE,46.85,47.4,45.3,45.51,45.3,45.35,1403,64416.22,14
2026-07-21,INF2F0001370,TWCGOLDETF,EQ,141.6,142.2,141.02,142.02,142.17,141.26,8677,1228238.84,106
2026-07-21,INE658T01017,WEALTH,EQ,959.05,970.15,950.45,954.7,953.0,959.05,1623,1561007.45,208
2026-07-21,INE855C01023,WEBELSOLAR,EQ,100.04,101.8,99.61,100.79,101.0,102.35,1121545,112727486.47,7652
2026-07-21,INE080A01014,WEIZMANIND,EQ,79.31,79.31,77.51,78.01,78.01,78.92,1216,95101.1,133
2026-07-21,INE191B01025,WELCORP,EQ,1625.0,1664.4,1619.5,1628.9,1634.0,1615.8,594172,970800901.0,34412
2026-07-21,INE625G01013,WELENT,EQ,625.55,628.0,620.0,620.75,624.95,625.55,105952,65860855.6,3226
2026-07-21,INE389K01018,WELINV,BE,1833.3,1909.5,1780.0,1891.8,1850.1,1824.2,233,438462.8,24
2026-07-21,INE192B01031,WELSPUNLIV,EQ,163.0,166.85,160.83,166.04,166.6,163.38,1222014,200338992.49,18128
2026-07-21,INE731F01037,WELSPLSOL,EQ,53.0,55.0,52.01,54.28,54.5,52.9,811314,43740312.4,4198
2026-07-21,INE274C01019,WENDT,EQ,7650.0,7673.5,7521.0,7562.0,7577.0,7579.0,2720,20614210.5,934
2026-07-21,INE976A01021,WSTCSTPAPR,EQ,516.0,528.9,516.0,519.65,523.0,516.9,48501,25341206.8,2265
2026-07-21,INE0CJF01024,WCIL,EQ,94.99,94.99,92.1,92.27,92.45,93.32,42182,3923333.63,799
2026-07-21,INE274F01020,WESTLIFE,EQ,451.0,540.1,446.2,512.55,498.0,450.1,1867115,944746978.0,49037
2026-07-21,INE085001019,WEWORK,EQ,686.2,733.0,671.3,719.6,725.1,681.15,703616,500014217.7,34936
2026-07-21,INE715A01015,WHEELS,EQ,1461.3,1498.0,1450.4,1488.8,1487.2,1461.3,49981,73862039.8,7363
2026-07-21,INE716A01013,WHIRLPOOL,EQ,774.0,775.1,766.1,769.7,769.8,773.55,201085,154755838.45,15954
2026-07-21,INE210A01017,WILLAMAGOR,EQ,26.9,26.9,25.3,25.36,25.34,26.01,888,22564.16,33
2026-07-21,INE0H5O01029,WINDLAS,EQ,871.0,890.0,861.05,880.5,880.25,871.55,31944,28030521.9,2939
2026-07-21,INE052A01021,WINDMACHIN,EQ,290.9,305.3,286.0,298.35,300.0,294.0,311904,93023369.15,3424
2026-07-21,INE0S3D01016,WINSOL,SM,118.05,118.05,117.05,117.05,117.05,117.25,3200,377240.0,6
2026-07-21,INE784B01035,WINSOME,BZ,2.29,2.29,2.29,2.29,2.29,2.25,45716,104689.64,20
2026-07-21,INE075A01022,WIPRO,EQ,176.11,177.5,174.5,174.97,174.8,176.38,11350578,1989685035.79,80463
2026-07-21,INE623Y01011,WTICAB,SM,130.0,133.0,122.0,126.95,126.95,129.6,12500,1590375.0,20
2026-07-21,INE049B01025,WOCKPHARMA,EQ,1923.4,1923.4,1890.0,1896.3,1891.9,1923.4,296564,563819220.4,15222
2026-07-21,INE0OO201011,WOL3D,ST,147.0,147.85,147.0,147.85,147.85,140.85,14000,2069000.0,14
2026-07-21,INE0Q9601016,WOMANCART,SM,89.7,100.0,89.7,98.2,97.05,90.1,31600,2996880.0,73
2026-07-21,INE02WG01024,WEL,EQ,102.42,103.21,101.8,101.93,101.81,101.95,45672,4671805.22,368
2026-07-21,INE066O01014,WONDERLA,EQ,470.8,474.9,466.6,472.3,474.55,470.8,17021,8012402.35,1214
2026-07-21,INE196Y01018,WORTHPERI,EQ,145.43,145.58,140.02,143.31,143.31,147.31,4813,688760.95,173
2026-07-21,INE692G01013,XCHANGING,EQ,64.99,65.89,64.11,64.45,64.46,64.87,72812,4739405.61,1146
2026-07-21,INE01P501012,XELPMOC,EQ,82.58,83.9,80.2,82.17,82.78,82.17,3549,290134.2,361
2026-07-21,INE445C01015,XPROINDIA,EQ,1394.8,1400.0,1379.2,1383.0,1386.6,1387.1,11381,15831256.4,1331
2026-07-21,INE547B01028,XTGLOBAL,EQ,28.88,28.98,27.6,27.81,27.8,28.0,50125,1410581.16,599
2026-07-21,INE0U0J01015,YAAP,ST,169.25,169.25,160.8,160.8,160.8,169.25,27000,4429300.0,18
2026-07-21,INE0TO601017,YASHOPTICS,SM,115.05,115.05,115.05,115.05,115.05,114.95,1600,184080.0,2
2026-07-21,INE616Z01012,YASHO,EQ,3099.0,3174.0,3058.0,3147.6,3140.0,3071.5,11531,36209142.1,2743
2026-07-21,INE0JO301016,YATHARTH,EQ,852.0,863.0,847.6,857.2,858.0,848.9,124567,106562058.4,7915
2026-07-21,INE0JR601024,YATRA,EQ,108.5,108.75,107.01,107.92,107.68,108.41,380707,41041150.34,4647
2026-07-21,INE528G01035,YESBANK,EQ,22.95,23.31,22.95,23.14,23.21,22.93,76817417,1781414441.06,73008
2026-07-21,INE384C01016,YUKEN,EQ,701.1,729.0,701.05,719.1,710.55,712.35,6328,4542632.7,286
2026-07-21,INE116C01012,ZFSTEERING,EQ,661.0,679.0,660.2,666.7,678.45,665.3,1165,775690.85,154
2026-07-21,INE0ISZ01012,ZTECH,SM,560.0,562.8,551.0,560.0,562.0,569.0,8100,4520640.0,27
2026-07-21,INE07K301024,ZAGGLE,EQ,207.79,213.86,204.4,206.12,206.0,207.79,1105539,230672818.37,13243
2026-07-21,INE0PPS01018,ZEAL,SM,64.0,65.5,64.0,65.5,65.5,66.0,2400,155400.0,4
2026-07-21,INE256A01028,ZEEL,EQ,107.5,109.85,106.51,107.58,107.05,107.34,13385815,1450117341.91,45201
2026-07-21,INE565L01011,ZEELEARN,BE,8.37,8.64,8.3,8.5,8.51,8.39,173464,1473535.64,361
2026-07-21,INE966H01019,ZEEMEDIA,EQ,8.15,8.18,8.04,8.09,8.1,8.08,444011,3595602.36,866
2026-07-21,INE251B01027,ZENTEC,EQ,1751.0,1830.0,1742.3,1818.7,1829.0,1749.8,534467,959699039.3,31832
2026-07-21,INE0QWN01013,ZENITHDRUG,SM,50.4,50.4,50.4,50.4,50.4,48.6,800,40320.0,1
2026-07-21,INE058B01018,ZENITHEXPO,EQ,203.0,203.0,192.06,196.3,196.0,195.08,246,48280.24,23
2026-07-21,INE318D01020,ZENITHSTL,EQ,5.54,5.55,5.38,5.49,5.47,5.37,63307,345299.24,183
2026-07-21,INE520A01027,ZENSARTECH,EQ,528.0,529.9,509.8,513.9,511.95,526.35,1809260,935496212.0,29360
2026-07-21,INF0R8F01042,GOLDCASE,EQ,22.44,22.45,22.24,22.4,22.42,22.22,6970333,155791162.94,7136
2026-07-21,INF0R8F01034,LIQUIDCASE,EQ,115.09,115.11,115.09,115.1,115.1,115.07,15707230,1807914277.99,8019
2026-07-21,INF0R8F01133,LTGILTCASE,EQ,30.67,30.67,30.44,30.51,30.52,30.47,47253,1441792.96,195
2026-07-21,INF0R8F01059,MID150CASE,EQ,11.9,11.9,11.51,11.65,11.66,11.61,781383,9091776.54,2970
2026-07-21,INF0R8F01166,NIFTYCASE,EQ,9.76,9.76,9.67,9.69,9.71,9.7,401267,3891690.45,1289
2026-07-21,INF0R8F01091,SILVERCASE,EQ,22.5,22.56,22.06,22.49,22.48,22.02,5942184,132779043.58,5337
2026-07-21,INF0R8F01141,SML100CASE,EQ,11.35,11.35,10.98,11.01,11.03,10.97,632204,6961737.1,972
2026-07-21,INF0R8F01067,TOP100CASE,EQ,10.87,10.87,10.46,10.59,10.61,10.61,472603,5011584.98,886
2026-07-21,INE342J01019,ZFCVINDIA,EQ,2339.1,2449.9,2335.0,2398.6,2390.1,2338.6,465304,1111913089.5,37116
2026-07-21,INE518E01015,ZIMLAB,BE,120.9,120.9,118.58,118.58,118.58,121.0,6722,800616.52,36
2026-07-21,INE206B01013,ZODIACLOTH,EQ,76.95,78.37,76.71,77.88,77.5,76.71,3845,297197.93,86
2026-07-21,INE761Y01019,ZODIAC,BE,259.0,262.7,255.0,255.9,255.0,259.4,6070,1558343.4,268
2026-07-21,INE358U01012,ZOTA,EQ,1326.5,1344.0,1313.0,1331.1,1338.0,1331.2,21365,28471527.1,2007
2026-07-21,INE840M01016,ZUARI,EQ,230.36,231.98,227.86,228.96,228.25,230.36,100602,23073000.39,2273
2026-07-21,INE217A01012,ZUARIIND,EQ,262.0,262.25,256.0,258.95,256.4,261.05,11689,3033248.65,351
2026-07-21,INE010B01027,ZYDUSLIFE,EQ,1148.1,1149.8,1138.0,1143.1,1143.7,1149.0,622323,711036065.3,18526
2026-07-21,INE768C01028,ZYDUSWELL,EQ,605.45,609.5,590.8,592.25,592.5,602.5,171822,102673789.55,9261
