trade_date,isin,symbol,series,open,high,low,close,last_price,prev_close,volume,turnover,trades
2026-07-09,IN0020200104,SGBJUN28,GB,14101.1,14386.99,14101.1,14292.91,14285.0,14286.55,156,2221738.31,37
2026-07-09,IN0020200286,SGBN28VIII,GB,14205.0,14350.0,14160.0,14350.0,14350.0,14184.01,119,1696762.44,29
2026-07-09,IN0020210053,SGBMAY29I,GB,14132.0,14364.97,14132.0,14311.03,14354.0,14130.31,140,1999762.8,57
2026-07-09,IN0020210061,SGBJUN29II,GB,14200.0,14350.0,14200.0,14325.0,14350.0,14202.05,74,1055243.8,19
2026-07-09,IN0020210087,SGBJU29III,GB,14235.0,14355.0,14235.0,14354.59,14355.0,14159.85,37,529306.23,15
2026-07-09,IN0020210145,SGBSEP29VI,GB,14220.0,14443.0,14151.0,14326.83,14312.0,14222.24,41,585571.14,18
2026-07-09,IN0020210178,SGBNV29VII,GB,14200.0,14369.49,14125.0,14369.49,14369.49,14191.12,108,1541835.68,20
2026-07-09,IN0020180314,SGBNOV26,GB,14400.0,14400.0,14400.0,14400.0,14400.0,14499.0,3,43200.0,3
2026-07-09,IN0020180389,SGBDEC26,GB,14300.0,14398.0,14300.0,14300.0,14300.0,14079.5,11,157398.0,5
2026-07-09,IN0020190081,SGBJUL27,GB,14232.0,14232.0,14232.0,14232.0,14232.0,14230.0,1,14232.0,1
2026-07-09,IN0020190107,SGBAUG27,GB,14445.0,14487.9,14255.01,14397.7,14487.9,14198.68,39,561211.33,15
2026-07-09,IN0020180462,SGBJAN27,GB,14252.01,14252.01,14252.01,14252.01,14252.01,14252.01,1,14252.01,1
2026-07-09,IN0020190370,SGBOCT27,GB,14330.0,14330.0,14274.99,14275.0,14275.0,14330.0,9,128579.93,4
2026-07-09,IN0020180561,SGBFEB27,GB,14300.0,14380.0,14050.01,14380.0,14380.0,14390.0,11,156768.02,10
2026-07-09,IN0020190388,SGBOCT27VI,GB,14160.0,14322.11,14160.0,14320.9,14320.0,14181.3,37,526071.3,20
2026-07-09,IN0020190461,SGBDC27VII,GB,14379.99,14399.99,14086.01,14366.66,14399.99,14379.0,6,85945.98,5
2026-07-09,IN0020200062,SGBAPR28I,GB,14389.0,14389.0,14216.0,14344.65,14340.0,14202.23,189,2700812.41,46
2026-07-09,IN0020200088,SGBMAY28,GB,13950.5,14349.99,13906.0,14319.62,14301.01,14141.24,281,4011796.65,51
2026-07-09,IN0020200146,SGBJUL28IV,GB,14345.0,14395.0,14200.0,14305.3,14305.3,14247.51,88,1256531.52,24
2026-07-09,IN0020200161,SGBAUG28V,GB,14257.0,14380.0,14201.0,14352.67,14360.0,14229.15,716,10236311.07,122
2026-07-09,IN0020200195,SGBSEP28VI,GB,14274.0,14325.0,14130.0,14301.72,14300.0,14180.0,139,1988551.81,24
2026-07-09,IN0020200203,SGBOC28VII,GB,13943.28,14364.98,13943.28,14300.46,14300.01,14300.8,98,1390126.43,24
2026-07-09,IN0020190537,SGBJ28VIII,GB,14360.0,14360.0,14360.0,14360.0,14360.0,14251.0,10,143600.0,1
2026-07-09,IN0020190552,SGBMAR28X,GB,14299.99,14396.48,14299.99,14300.0,14300.0,14212.01,30,429102.51,7
2026-07-09,IN0020210111,SGBJUL29IV,GB,14250.0,14398.99,14250.0,14321.2,14321.2,14267.46,37,528662.47,15
2026-07-09,IN0020200377,SGBJAN29IX,GB,14199.9,14345.0,14190.0,14300.0,14300.0,14192.26,313,4462770.29,54
2026-07-09,IN0020210129,SGBAUG29V,GB,14301.0,14420.0,14290.0,14416.24,14420.0,14285.78,74,1065286.34,14
2026-07-09,IN0020210228,SGBD29VIII,GB,14240.0,14400.0,14237.63,14393.33,14390.0,14237.63,68,974294.51,20
2026-07-09,IN0020200385,SGBJAN29X,GB,14230.0,14388.89,14230.0,14310.5,14310.5,14231.41,20,286005.05,10
2026-07-09,IN0020200393,SGBFEB29XI,GB,14320.0,14389.99,14168.68,14315.05,14315.0,14315.0,103,1477538.53,21
2026-07-09,IN0020200427,SGBMR29XII,GB,14250.0,14395.0,14250.0,14331.0,14331.06,14180.1,176,2521481.24,18
2026-07-09,IN0020220045,SGBJUN30,GB,14211.0,14490.0,14211.0,14458.75,14450.0,14312.38,29,417277.0,9
2026-07-09,IN0020220078,SGBAUG30,GB,14500.0,14593.96,14300.03,14311.15,14300.03,14425.0,114,1640051.22,22
2026-07-09,IN0020220110,SGBDE30III,GB,14222.01,14473.99,14222.01,14430.13,14378.0,14321.12,32,460850.23,17
2026-07-09,IN0020210236,SGBJAN30IX,GB,14230.0,14400.01,14161.0,14342.0,14342.0,14228.6,104,1485800.22,22
2026-07-09,IN0020210319,SGBMAR30X,GB,14241.0,14550.0,14241.0,14429.91,14550.0,14212.94,160,2294411.11,42
2026-07-09,IN0020230069,SGBJUN31I,GB,14311.0,14633.04,14311.0,14587.36,14609.99,14505.0,291,4235458.89,79
2026-07-09,IN0020230093,SGBSEP31II,GB,14699.0,14699.0,14500.02,14589.13,14571.0,14519.5,794,11582924.74,125
2026-07-09,IN0020230168,SGBDE31III,GB,14579.0,14739.98,14523.31,14688.44,14669.97,14581.39,1161,17021380.81,235
2026-07-09,IN0020220169,SGBMAR31IV,GB,14510.0,14679.99,14449.0,14624.16,14570.01,14506.84,91,1325082.29,21
2026-07-09,IN0020230184,SGBFEB32IV,GB,14745.0,14885.0,14626.95,14756.44,14769.85,14726.95,1930,28454630.98,339
2026-07-09,INE144J01027,20MICRONS,EQ,192.78,198.0,192.37,193.94,194.8,192.33,120012,23418619.23,2599
2026-07-09,INE253B01015,21STCENMGM,EQ,31.83,31.83,30.6,31.35,31.11,31.21,690,21668.0,46
2026-07-09,INE466L01038,360ONE,EQ,1090.8,1106.8,1086.6,1100.2,1100.8,1091.7,1022506,1124785199.0,38829
2026-07-09,INF579M01BB5,GOLD360,EQ,137.75,140.15,137.75,139.4,139.4,138.65,13674,1899588.55,197
2026-07-09,INF579M01BP5,MSCI360,EQ,10.07,10.14,10.0,10.05,10.05,10.14,15876,160216.7,24
2026-07-09,INF579M01BC3,SILVER360,EQ,213.0,220.15,211.14,218.98,218.8,216.24,14374,3132143.95,291
2026-07-09,INE994E01018,3BBLACKBIO,EQ,1183.7,1209.0,1155.0,1167.7,1179.0,1166.2,4778,5659737.9,676
2026-07-09,INE748C01038,3IINFOLTD,EQ,18.49,18.5,18.1,18.24,18.18,18.08,479311,8751986.67,1591
2026-07-09,INE470A01017,3MINDIA,EQ,34300.0,35470.0,34300.0,34745.0,34700.0,34255.0,6446,225278220.0,3158
2026-07-09,INE105C01023,3PLAND,EQ,32.9,33.5,31.5,32.63,33.0,32.3,7028,222683.52,63
2026-07-09,INE618L01018,5PAISA,EQ,363.65,380.85,363.25,378.1,378.0,366.4,39439,14854994.5,1888
2026-07-09,INE111B01023,63MOONS,EQ,674.8,681.0,663.2,672.65,671.3,666.85,89043,60000988.4,4547
2026-07-09,INE134E07588,760PFCL35,N3,1200.0,1200.0,1195.2,1195.2,1195.2,1196.15,142,169732.8,2
2026-07-09,INE261F07032,764NABAR31,N2,1107.0,1107.0,1107.0,1107.0,1107.0,1106.94,76,84132.0,2
2026-07-09,INE031A07AO5,764HUDCO31,N8,1112.0,1112.0,1112.0,1112.0,1112.0,1110.0,25,27800.0,1
2026-07-09,INE031A07AT4,769HUDCO31,N9,1127.0,1128.0,1127.0,1127.01,1127.01,1125.1,156,175912.25,8
2026-07-09,INE020B07GH7,812REC27,NI,1018.0,1022.9,1017.5,1022.9,1022.9,1017.12,1065,1086581.3,9
2026-07-09,INE031A07840,82HUDCO27,N2,1040.31,1045.0,1040.31,1040.83,1040.75,1041.5,1102,1147000.81,10
2026-07-09,INE906B07DF8,875NHAI29,N6,1105.1,1110.0,1104.0,1110.0,1110.0,1104.01,1647,1820287.9,14
2026-07-09,INE031A07949,876HUDCO28,ND,1140.49,1142.0,1140.49,1141.0,1142.0,1142.99,500,570504.0,5
2026-07-09,INE787H07370,891IIFCL34,N4,1250.1,1253.0,1250.1,1252.6,1253.0,1249.16,1382,1728514.0,18
2026-07-09,INE733E07JJ9,891NTPC33,N6,1270.35,1270.35,1270.2,1270.2,1270.2,1274.0,2,2540.55,2
2026-07-09,INE134E07463,892PFCL33,N8,1275.0,1275.0,1275.0,1275.0,1275.0,1275.0,1085,1383375.0,8
2026-07-09,INE031A07AB2,901HUDCO34,NE,1272.0,1272.0,1272.0,1272.0,1272.0,1275.0,600,763200.0,5
2026-07-09,INE08PH01015,ABCOTS,EQ,208.89,212.9,206.0,207.44,207.82,210.91,14214,2975011.24,606
2026-07-09,INE00YB01025,ABINFRA,EQ,10.26,10.89,10.11,10.32,10.3,10.18,2139865,22081973.08,2724
2026-07-09,INE850B01026,ABMKNO,EQ,213.7,220.0,210.0,213.99,214.0,212.59,3614,764724.68,73
2026-07-09,INE366C01021,ACSTECH,EQ,41.68,43.55,40.2,40.61,40.5,41.48,141570,5883566.95,817
2026-07-09,INE0O6N01012,AGUL,SM,49.6,54.0,49.6,54.0,54.0,52.2,6000,306400.0,3
2026-07-09,INE701G01012,AKCAPIT,EQ,1727.0,1815.6,1715.3,1787.4,1784.1,1741.0,1426,2535918.1,347
2026-07-09,INE619I01012,A2ZINFRA,EQ,14.18,14.18,13.5,13.56,13.51,13.56,214688,2923893.76,380
2026-07-09,INE0D0U01013,AAATECH,EQ,95.55,96.97,95.31,95.5,95.45,95.83,11609,1113544.87,631
2026-07-09,INE883F01010,AADHARHFC,EQ,528.0,536.55,523.4,531.6,534.1,525.2,207910,110566272.35,12159
2026-07-09,INE1GYP01013,AAKAAR,SM,67.0,67.0,67.0,67.0,67.0,67.0,1600,107200.0,1
2026-07-09,INE087Z01024,AAKASH,EQ,8.65,8.89,8.65,8.83,8.8,8.81,72438,633715.08,315
2026-07-09,INE124401014,AARADHYA,SM,79.0,79.0,73.0,78.05,78.05,79.0,15600,1183560.0,12
2026-07-09,INE198H01019,AAREYDRUGS,BE,84.52,84.52,84.52,84.52,84.52,86.24,2961,250263.72,15
2026-07-09,INE750R01016,AARNAV,EQ,24.9,25.45,24.9,25.21,24.9,24.9,11840,297652.62,77
2026-07-09,INE721Z01010,AARON,EQ,116.1,119.0,116.1,118.18,118.31,116.16,6174,723560.41,179
2026-07-09,INE01C001026,AARTECH,EQ,47.12,50.0,47.12,49.66,49.75,47.02,121653,5932730.98,2592
2026-07-09,INE767A01016,AARTIDRUGS,EQ,390.95,405.0,386.9,395.35,397.8,387.1,311711,124527541.35,9454
2026-07-09,INE769A01020,AARTIIND,EQ,465.55,475.9,465.55,467.95,469.85,465.5,357128,168100606.9,13324
2026-07-09,INE0LRU01027,AARTIPHARM,EQ,690.0,711.95,687.2,702.95,705.0,686.25,127076,89553167.4,11093
2026-07-09,INE09EO01013,AARTISURF,EQ,371.6,380.0,370.3,373.85,372.0,368.5,9282,3492508.65,427
2026-07-09,INE754X01016,AARVI,EQ,144.0,149.9,138.6,147.09,149.0,139.71,55125,7963877.08,751
2026-07-09,INE2FMX01012,AASTHA,BE,117.04,117.04,117.04,117.04,117.04,123.19,342469,40082571.76,1987
2026-07-09,INE0OB201016,AATMAJ,SM,18.3,18.3,17.55,18.05,17.55,18.3,8000,144500.0,4
2026-07-09,INE216P01012,AAVAS,EQ,1499.8,1519.8,1493.8,1505.3,1507.6,1499.8,48377,72834388.3,7921
2026-07-09,INE421A01028,ABAN,BE,13.56,13.56,13.56,13.56,13.56,14.27,31683,429621.48,202
2026-07-09,INE365O01028,ABANSENT,BE,27.5,28.99,27.5,27.76,28.5,27.8,2398,66348.42,32
2026-07-09,INE00ZE01026,AFSL,EQ,201.59,201.94,201.0,201.07,201.0,201.58,2562,515856.58,84
2026-07-09,INE117A01022,ABB,EQ,6780.0,6861.5,6780.0,6820.0,6825.0,6771.5,119092,814008495.0,25496
2026-07-09,INE358A01014,ABBOTINDIA,EQ,26200.0,26890.0,26200.0,26770.0,26650.0,26245.0,24860,662650925.0,6343
2026-07-09,INE860H07IR8,ABCL26,N3,1225.0,1226.2,1225.0,1225.98,1226.2,1214.2,114,139762.8,2
2026-07-09,INE0CAJ01017,AILIMITED,ST,35.55,35.55,35.55,35.55,35.55,33.9,4500,159975.0,3
2026-07-09,INE0QRV01016,ABSMARINE,ST,227.1,233.0,227.1,232.0,233.0,227.1,29500,6815925.0,40
2026-07-09,INE012A01025,ACC,EQ,1335.1,1368.2,1335.1,1362.2,1368.2,1335.1,108220,146387691.1,9394
2026-07-09,INE793A01012,ACCELYA,EQ,1092.6,1109.8,1085.9,1093.3,1092.0,1095.3,6226,6841528.8,815
2026-07-09,INE0Q5D01013,ACCENTMIC,SM,491.05,498.0,488.0,492.9,494.7,490.55,74500,36947225.0,71
2026-07-09,INE113X01015,ACCORD,ST,194.75,194.75,194.75,194.75,194.75,190.95,2000,389500.0,1
2026-07-09,INE0T8T01010,ACCPL,ST,153.6,161.25,153.6,160.8,161.25,153.6,24000,3833700.0,16
2026-07-09,INE648Z01023,ACCURACY,BE,5.25,5.35,5.15,5.28,5.28,5.25,36619,190795.99,111
2026-07-09,INE543V01017,ACEINTEG,EQ,20.74,21.6,20.74,20.83,20.75,20.74,3609,76518.11,32
2026-07-09,INE1J6M01010,ACETEC,SM,126.0,126.0,126.0,126.0,126.0,120.0,1200,151200.0,1
2026-07-09,INE622W01025,ACMESOLAR,EQ,366.0,372.0,365.55,367.8,366.55,365.25,1075278,396189159.65,37996
2026-07-09,INE731H01025,ACE,EQ,971.2,988.4,966.6,976.6,973.0,968.7,221133,216656393.6,13488
2026-07-09,INE00FF01025,ACUTAAS,EQ,3450.0,3488.0,3368.0,3458.8,3466.0,3454.5,486255,1669741001.6,38274
2026-07-09,INE931S01010,ADANIENSOL,EQ,1660.5,1685.0,1610.1,1618.5,1625.8,1655.5,2379388,3928964024.8,64946
2026-07-09,INE423A01024,ADANIENT,EQ,3060.0,3105.0,3026.8,3083.6,3077.8,3046.9,2609306,8014285016.1,86815
2026-07-09,INE364U01010,ADANIGREEN,EQ,1514.3,1537.5,1481.2,1486.6,1491.9,1504.6,1672531,2517440785.6,54867
2026-07-09,INE742F01042,ADANIPORTS,EQ,1795.3,1821.0,1795.3,1800.1,1802.2,1791.7,1106782,2002338640.3,75478
2026-07-09,INE814H01029,ADANIPOWER,EQ,218.0,221.78,215.55,216.32,216.48,216.48,19107874,4176021814.43,102740
2026-07-09,INE399L01023,ATGL,EQ,705.0,712.7,698.1,700.65,703.0,698.65,1879567,1321003448.05,30602
2026-07-09,INE0RDH01021,ADDICTIVE,SM,40.0,40.0,40.0,40.0,40.0,40.55,500,20000.0,1
2026-07-09,INE982B01027,ADFFOODS,EQ,310.0,322.85,305.45,317.55,318.4,308.45,251998,79787455.35,9078
2026-07-09,INE20PL01012,ADISOFT,SM,182.0,183.8,180.0,180.85,180.0,181.95,24800,4497160.0,30
2026-07-09,INE404A01024,ABSLAMC,EQ,1120.0,1145.1,1115.2,1136.0,1139.9,1124.5,231867,262722674.3,24299
2026-07-09,INE674K01013,ABCAPITAL,EQ,386.8,401.35,386.7,397.35,396.7,385.75,2934361,1164148865.35,47969
2026-07-09,INE647O01011,ABFRL,EQ,58.54,59.6,58.13,58.55,58.5,58.31,2786009,164188780.96,13084
2026-07-09,INE14LE01019,ABLBL,EQ,93.8,95.9,93.7,95.26,95.05,93.53,408477,38900474.49,7485
2026-07-09,INE865C01022,BIRLAMONEY,EQ,142.0,143.9,138.83,143.07,143.6,138.83,55894,7969441.88,1717
2026-07-09,INE055A01016,ABREL,EQ,1360.9,1418.4,1360.9,1404.0,1415.0,1352.4,156055,218373461.5,12694
2026-07-09,INE819V01029,CPPLUS,EQ,3554.0,3685.0,3531.7,3644.2,3645.0,3554.6,188462,686270986.8,17020
2026-07-09,INE01YQ01013,AUSL,SM,25.3,26.5,25.3,25.9,26.5,26.6,10000,255400.0,5
2026-07-09,INE679V01027,AVL,EQ,642.0,642.35,619.55,632.25,636.95,642.4,440780,276495981.9,31404
2026-07-09,INF209KB18D3,BSLGOLDETF,EQ,124.52,126.08,124.52,125.92,125.79,124.71,169539,21321554.13,2005
2026-07-09,INF209KB19D1,BSLNIFTY,EQ,28.01,28.22,27.88,28.07,28.12,28.01,618129,17365811.97,3976
2026-07-09,INE045A01017,ADOR,EQ,1285.1,1333.3,1274.1,1325.2,1325.0,1285.1,42198,54903301.1,4107
2026-07-09,INE737B01033,ADROITINFO,EQ,9.0,9.27,8.81,8.91,9.27,9.05,5847,52152.55,41
2026-07-09,INE0ALI01010,ADVAIT,EQ,2105.0,2230.9,2096.1,2192.6,2194.0,2087.8,53889,117771639.8,8981
2026-07-09,INE1B0W01010,ADVANCE,EQ,109.1,111.51,106.31,107.04,106.84,108.56,238823,25818707.36,1601
2026-07-09,INE837H01020,ADVENZYMES,EQ,320.2,326.9,319.55,324.35,326.0,318.6,153172,49600511.3,5826
2026-07-09,INE199C01026,ADVANIHOTR,EQ,52.8,53.3,51.85,53.09,53.3,51.84,11455,604306.73,270
2026-07-09,INE28GN01010,ADVENTHTL,EQ,142.0,148.0,140.75,144.07,144.0,140.53,185476,26513153.87,3406
2026-07-09,INE1SJO01012,RAMBHAJO,BE,169.0,179.8,169.0,178.13,177.4,171.99,400529,70306153.98,3923
2026-07-09,INE208C01025,AEGISLOG,EQ,1240.0,1299.2,1195.2,1264.1,1264.0,1245.4,3536762,4380497785.2,118186
2026-07-09,INE0INX01018,AEGISVOPAK,EQ,281.43,284.14,271.21,275.53,277.0,276.61,2398554,666325082.69,42559
2026-07-09,INE423A07500,AEL12126,NI,1029.0,1055.0,1025.75,1025.8,1025.8,1005.73,156,161264.45,8
2026-07-09,INE423A07542,AEL1212026,NO,1028.0,1054.0,1028.0,1054.0,1054.0,1010.21,46,47314.0,3
2026-07-09,INE423A07492,848AEL29,NJ,1007.0,1010.0,1007.0,1010.0,1010.0,1007.0,165,166456.0,10
2026-07-09,INE423A07484,860AEL28,NH,1014.5,1049.0,1014.5,1049.0,1049.0,1040.0,65,66184.0,7
2026-07-09,INE423A07534,875AEL29,NK,1025.0,1033.0,1025.0,1030.55,1030.0,1038.0,175,179766.0,9
2026-07-09,INE423A07427,885AEL28,NB,1024.92,1024.92,1024.92,1024.92,1024.92,1020.6,1,1024.92,1
2026-07-09,INE423A07526,890AEL31,NN,1041.0,1044.0,1041.0,1043.69,1044.0,1041.0,1189,1240254.3,14
2026-07-09,INE423A07443,9AEL30,NE,1029.9,1030.0,1029.9,1030.0,1030.0,1011.0,120,123598.0,3
2026-07-09,INE423A07435,915AEL28,NC,1020.0,1021.95,1013.81,1020.0,1020.0,1018.77,1356,1382667.13,24
2026-07-09,INE947N01017,AEQUS,EQ,261.99,274.39,254.0,258.07,258.9,256.14,25539209,6724497243.88,195777
2026-07-09,INE065D01027,AEROENTER,EQ,117.87,123.4,117.21,119.88,120.19,116.89,676166,81836065.16,7655
2026-07-09,INE024001021,AEROFLEX,EQ,406.85,420.6,400.7,405.25,404.85,400.95,2455103,999689413.65,27788
2026-07-09,INE035801013,AERONEU,EQ,86.11,89.5,86.11,88.41,89.5,86.87,42334,3733469.06,334
2026-07-09,INE0WL801011,AERON,SM,83.0,83.0,80.0,81.05,81.0,82.6,8000,650250.0,8
2026-07-09,INE0BWX01014,AETHER,EQ,1425.0,1510.0,1425.0,1485.8,1495.0,1413.4,1695025,2512820176.3,77215
2026-07-09,INE101I01011,AFCONS,EQ,301.95,303.95,299.4,300.3,300.85,301.45,289095,86990675.8,7916
2026-07-09,INE00WC01027,AFFLE,EQ,1457.7,1489.4,1448.2,1468.0,1466.0,1457.7,131905,194724161.7,9970
2026-07-09,INE692Z01013,AFFORDABLE,BE,169.25,172.79,162.6,169.72,171.44,169.25,12340,2083039.93,231
2026-07-09,INE916Y07040,12AFIL27A,N0,9978.33,9978.33,9978.33,9978.33,9978.33,9979.02,45,449024.85,1
2026-07-09,INE916Y07032,12AFIL27,N0,9943.97,9943.97,9943.97,9943.97,9943.97,9910.13,150,1491595.5,1
2026-07-09,INE204E01012,AGARIND,EQ,507.95,527.35,506.35,524.65,526.95,506.3,26185,13614048.7,1258
2026-07-09,INE0P8X01016,AGARWALTUF,SM,138.3,146.0,138.3,144.95,145.3,139.7,55200,7945560.0,42
2026-07-09,INE415A01038,AGI,EQ,683.15,715.0,683.15,710.1,709.0,683.15,82472,58293224.9,4631
2026-07-09,INE976R01033,AGIIL,EQ,335.9,345.05,332.1,334.3,333.3,333.1,2108704,718768887.6,14268
2026-07-09,INE449G01018,AGRITECH,BE,113.99,114.69,111.0,112.57,114.69,110.99,1416,160197.48,42
2026-07-09,INE740V01019,AGROPHOS,EQ,30.0,30.2,28.9,29.86,29.98,29.4,7519,223600.34,117
2026-07-09,INE00PV01013,AHLADA,EQ,39.45,39.45,37.5,38.01,37.9,38.73,5977,227679.79,128
2026-07-09,INE758C01029,AHLUCONT,EQ,828.6,845.1,824.0,836.15,841.8,820.4,17263,14449912.9,2480
2026-07-09,INE212H01026,AIAENG,EQ,4667.0,4725.0,4630.0,4687.5,4662.5,4667.0,92253,431083015.5,21341
2026-07-09,INE0RUV01018,AIMTRON,SM,1257.0,1360.0,1257.0,1350.45,1360.0,1248.55,72600,96899820.0,345
2026-07-09,INE805A01014,GOLDTECH,BE,52.71,58.05,52.7,58.05,58.05,55.29,24136,1373211.82,165
2026-07-09,INE645W01026,AIRAN,EQ,15.7,15.94,15.58,15.66,15.7,15.6,25983,406738.49,158
2026-07-09,INE801L01010,AIROLAM,EQ,88.9,91.0,87.4,88.57,88.25,88.45,2760,247985.57,57
2026-07-09,INE031B01049,AJANTPHARM,EQ,3263.0,3385.1,3263.0,3307.6,3305.0,3278.8,56018,186589775.2,16700
2026-07-09,INE274Y01021,AJAXENGG,EQ,519.8,539.9,519.8,535.4,530.6,517.6,22769,12048997.3,1734
2026-07-09,INE298G01035,AJMERA,EQ,125.1,132.89,123.0,129.66,129.8,125.1,562641,72537587.32,7062
2026-07-09,INE820Y01021,AJOONI,EQ,3.68,3.78,3.67,3.72,3.72,3.68,145692,544492.25,299
2026-07-09,INE0PCY01014,AKANKSHA,ST,93.7,93.7,93.7,93.7,93.7,89.25,26000,2436200.0,21
2026-07-09,INE737W01013,AKASH,EQ,26.0,27.99,26.0,27.15,27.69,26.82,4686,127198.99,44
2026-07-09,INE00Y801016,AKG,EQ,10.72,11.19,10.69,10.85,10.85,10.64,4686,51370.53,75
2026-07-09,INE642Z01026,AKI,EQ,4.63,4.7,4.58,4.64,4.65,4.63,34288,159503.16,133
2026-07-09,INE0PMR01017,AKIKO,ST,285.15,289.45,285.15,286.5,287.95,280.15,8800,2519720.0,11
2026-07-09,INE916Y01027,AFIL,BE,9.69,10.01,9.6,9.8,9.8,9.54,233703,2298418.31,270
2026-07-09,INE523B01011,AKSHOPTFBR,BE,6.11,6.35,6.11,6.35,6.35,6.23,525458,3244780.12,211
2026-07-09,INE256Z01025,AKSHAR,EQ,0.43,0.45,0.43,0.44,0.45,0.43,288727,125961.38,232
2026-07-09,INE542B01011,AKSHARCHEM,BE,222.51,238.0,222.51,234.72,235.0,233.11,2813,658682.12,30
2026-07-09,INE09XN01023,AKUMS,EQ,646.6,676.0,646.6,658.2,655.95,647.35,657530,435665664.2,43561
2026-07-09,INE914E01040,ALANKIT,EQ,8.11,8.17,8.02,8.09,8.11,8.04,123887,1003248.18,393
2026-07-09,INE155C01010,ALBERTDAVD,EQ,698.25,705.25,690.0,696.5,699.4,694.75,2338,1631129.65,173
2026-07-09,INE426A01027,ALEMBICLTD,EQ,88.3,89.88,88.1,88.76,88.52,87.87,177685,15822288.95,2054
2026-07-09,INE901L01018,APLLTD,EQ,818.45,830.0,809.35,816.9,816.0,811.3,62063,51006700.8,7141
2026-07-09,INE598D01035,ALGOQUANT,EQ,58.04,58.04,57.0,57.51,57.5,57.33,1167609,67328708.98,1667
2026-07-09,INE062D01024,ALICON,EQ,636.65,646.0,626.0,628.1,629.0,636.1,20407,12906743.85,1605
2026-07-09,INE03Q201024,ALIVUS,EQ,1135.3,1171.0,1130.1,1142.9,1145.9,1130.1,50907,58682514.8,7650
2026-07-09,INE773I01017,ALKALI,BE,79.01,84.9,79.01,81.64,82.49,82.59,1529,124530.42,45
2026-07-09,INE540L01014,ALKEM,EQ,5634.0,5695.0,5602.5,5648.5,5650.0,5606.0,39730,224705195.5,8802
2026-07-09,INE150B01039,ALKYLAMINE,EQ,1855.0,1987.0,1855.0,1954.6,1957.0,1853.6,555129,1083715283.7,43215
2026-07-09,INE0M2X01012,ALLETEC,ST,140.2,145.0,138.95,142.95,142.95,140.1,12800,1820240.0,25
2026-07-09,INE0GV601021,ALLTIME,EQ,236.95,243.01,233.1,234.23,236.0,236.95,52187,12380202.17,1155
2026-07-09,INE1YPB01014,AGL,BE,17.04,17.04,17.04,17.04,17.04,17.93,49444,842525.76,272
2026-07-09,INE418H01029,ALLCARGO,EQ,7.97,7.98,7.77,7.87,7.89,7.9,4435221,34906614.85,6321
2026-07-09,INE0NN701020,ATL,EQ,23.15,24.31,23.15,23.78,23.53,23.12,132134,3138131.5,906
2026-07-09,INE835G01018,ALLDIGI,EQ,796.8,809.95,781.4,795.5,788.4,792.8,8237,6550793.0,1497
2026-07-09,INE552Z01027,ABDL,EQ,670.0,684.0,665.0,666.6,667.0,674.8,265076,178215872.8,11808
2026-07-09,INE102I01027,ADSL,EQ,116.99,119.17,116.41,117.88,118.0,116.82,116301,13720014.34,1917
2026-07-09,INE326B01035,ALMONDZ,EQ,13.42,13.55,13.21,13.27,13.21,13.43,25446,339954.04,104
2026-07-09,INE270A01029,ALOKINDS,EQ,12.51,12.65,12.44,12.47,12.47,12.4,3189765,39952888.66,5294
2026-07-09,INE385I01010,ALPA,EQ,67.8,69.39,66.5,68.29,69.2,67.8,8827,599871.44,196
2026-07-09,INE0R4701017,ALPEXSOLAR,SM,776.0,819.7,776.0,815.9,817.85,775.3,62400,49776530.0,459
2026-07-09,INE137C01018,ALPHAGEO,EQ,191.5,198.5,191.0,197.86,197.9,192.82,2364,462039.49,96
2026-07-09,INE0STM01017,ALUWIND,SM,43.75,43.9,42.3,43.05,43.5,43.1,64500,2801700.0,29
2026-07-09,INE121R01077,AMAGI,EQ,570.0,585.0,548.55,575.8,575.6,573.3,392293,224757606.2,21543
2026-07-09,INE084K01015,AMANTA,BE,186.45,189.0,181.0,182.82,184.0,186.47,113644,21043410.3,1151
2026-07-09,INE885A01032,ARE&M,EQ,847.65,881.2,847.0,869.5,869.95,835.1,2083465,1806287938.7,58036
2026-07-09,INE293601014,AMBAAUTO,SM,89.5,89.5,83.0,84.95,84.95,84.0,13000,1104300.0,13
2026-07-09,INE432A01017,AMBALALSA,EQ,31.0,31.99,31.0,31.24,31.25,31.68,35517,1119278.72,358
2026-07-09,INE371P01015,AMBER,EQ,7507.0,7704.0,7500.0,7600.5,7610.0,7424.0,423324,3224138783.0,37245
2026-07-09,INE792B01012,AMBICAAGAR,EQ,25.68,25.68,24.56,24.68,24.99,25.36,8016,200408.05,44
2026-07-09,INE540G01014,AMBIKCO,EQ,1702.0,1775.0,1702.0,1761.8,1736.0,1693.1,21212,37148114.1,2448
2026-07-09,INE079A01024,AMBUJACEM,EQ,422.35,429.8,421.9,428.15,429.0,421.1,2408597,1025039755.8,29021
2026-07-09,INE005I01014,AMDIND,EQ,47.13,47.13,45.15,45.69,45.5,46.67,12413,571177.26,138
2026-07-09,INE0KT901015,AMEYA,SM,113.5,113.5,113.5,113.5,113.5,113.0,1000,113500.0,1
2026-07-09,INE275D01022,AMNPLST,EQ,192.39,210.7,192.39,204.61,206.5,191.52,42990,8664301.41,1325
2026-07-09,INE05TO01019,AMIRCHAND,EQ,165.0,172.72,163.47,172.64,172.72,164.5,970476,165746766.11,3798
2026-07-09,INE606A01024,AMJLAND,EQ,37.76,38.5,36.3,37.4,37.84,37.39,10553,395761.99,156
2026-07-09,INE098F01031,AMRUTANJAN,EQ,540.7,545.7,533.55,535.55,536.0,537.9,25219,13589643.55,1993
2026-07-09,INE549H01021,ARSSBL,EQ,566.0,576.7,562.5,572.75,575.9,556.0,256593,146955871.4,7380
2026-07-09,INE463V01026,ANANDRATHI,EQ,2075.0,2120.0,2055.0,2095.6,2120.0,2059.8,455048,948108004.5,24651
2026-07-09,INE242C01024,ANANTRAJ,EQ,548.1,572.0,548.1,569.45,569.55,544.75,3209123,1805584853.35,54126
2026-07-09,INE1UA823019,ANANTAM,IV,105.04,105.04,103.56,104.0,104.0,104.0,76484,7956602.46,259
2026-07-09,INE0VG001016,AMCL,SM,370.0,389.75,370.0,387.35,389.75,371.0,1600,605880.0,3
2026-07-09,INE666E01020,ACL,EQ,51.0,51.0,48.95,49.39,49.5,49.97,23789,1174952.56,260
2026-07-09,INE435A01051,ANDHRAPAP,EQ,61.0,62.19,60.6,60.79,60.96,60.8,30752,1881205.48,755
2026-07-09,INE715B01021,ANDHRSUGAR,EQ,83.95,86.2,83.5,84.54,84.5,83.28,290533,24647108.07,2873
2026-07-09,INE732I01021,ANGELONE,EQ,331.35,342.95,331.35,341.1,341.0,331.2,7522853,2550646464.9,51907
2026-07-09,INE635Y01015,AISL,SM,58.25,58.95,57.1,57.35,58.95,60.1,20400,1168740.0,6
2026-07-09,INE087B01017,ANIKINDS,BE,44.8,45.39,44.5,44.5,44.5,44.98,938,42036.55,16
2026-07-09,INE071F01012,APCL,EQ,108.0,108.0,102.0,104.01,104.39,106.73,8288,861285.51,287
2026-07-09,INE106I01010,ANKITMETAL,BZ,1.48,1.55,1.42,1.5,1.5,1.48,61981,92775.13,55
2026-07-09,INE0Y8W01025,AHCL,EQ,15.15,15.64,15.1,15.47,15.5,15.19,2817959,43478329.29,4011
2026-07-09,INE0LR101013,ANLON,ST,614.85,630.0,614.85,630.0,630.0,616.4,2000,1248260.0,5
2026-07-09,INE02AR01019,ANMOL,EQ,10.71,11.05,10.7,10.92,10.95,10.98,15623,169930.67,170
2026-07-09,INE0MGM01017,ANNAPURNA,SM,129.0,130.85,129.0,130.0,130.0,128.25,3750,487837.5,14
2026-07-09,INE0VTV01012,ANONDITA,SM,1155.85,1205.0,1155.85,1188.2,1190.0,1155.8,18600,22102600.0,84
2026-07-09,INE436A01026,ANSALAPI,BZ,2.58,2.63,2.58,2.58,2.58,2.63,4034,10413.22,13
2026-07-09,INE414B01021,ANTGRAPHIC,EQ,0.78,0.8,0.75,0.77,0.78,0.78,105303,82071.05,150
2026-07-09,INE818A01017,ANTELOPUS,EQ,829.95,854.75,791.1,794.45,797.95,823.5,158779,130162237.7,8582
2026-07-09,INE0CZ201020,ANTHEM,EQ,757.95,767.95,749.1,752.0,752.25,748.45,379821,288012709.75,30562
2026-07-09,INE01BK01022,AWHCL,EQ,444.4,457.85,427.0,455.0,454.0,451.15,187781,83747001.2,7380
2026-07-09,INE489G01022,ANUHPHR,EQ,77.7,79.98,77.32,79.02,79.0,77.27,24939,1973790.74,1093
2026-07-09,INE930P01018,ANURAS,EQ,1258.1,1272.6,1253.5,1267.9,1269.8,1259.7,242302,306351745.1,6076
2026-07-09,INE0SI601032,ANYA,SM,16.1,16.1,15.6,15.65,15.7,15.7,55000,865500.0,10
2026-07-09,INE0MIZ23019,ANZEN,IV,130.0,130.0,130.0,130.0,130.0,127.0,25000,3250000.0,1
2026-07-09,INF1J2R01114,AONEGOLD,EQ,13.32,13.4,13.21,13.36,13.38,13.26,456392,6082456.6,1236
2026-07-09,INF1J2R01056,AONELIQUID,EQ,1072.49,1072.49,1067.3,1067.3,1067.3,1067.16,39323,41969549.7,151
2026-07-09,INF1J2R01064,AONENIFTY,EQ,9.89,9.97,9.82,9.88,9.92,9.85,124293,1231352.54,1039
2026-07-09,INF1J2R01171,AONESILVER,EQ,8.31,8.55,8.14,8.51,8.52,8.42,1196775,10057552.03,1233
2026-07-09,INF1J2R01148,AONETMMQ50,EQ,10.39,10.39,9.94,10.17,10.29,9.94,67547,679921.86,338
2026-07-09,INF1J2R01015,AONETOTAL,EQ,11.71,11.85,11.66,11.75,11.8,11.66,762023,8966077.56,970
2026-07-09,INE372A01015,APARINDS,EQ,13470.0,14150.0,13470.0,14070.0,14120.0,13443.0,119371,1664136835.0,31042
2026-07-09,INE116A01032,APCOTEXIND,EQ,504.0,512.0,499.2,506.4,512.0,496.95,46798,23691573.9,3183
2026-07-09,INE0T4V01015,APEXECO,ST,239.6,243.6,239.1,242.1,243.6,232.0,9600,2318960.0,12
2026-07-09,INE346W01013,APEX,EQ,381.7,400.9,381.7,388.75,389.4,383.05,105118,41208005.15,3528
2026-07-09,INE702C01027,APLAPOLLO,EQ,1809.9,1817.4,1783.0,1785.9,1786.0,1809.6,545781,979220335.3,41147
2026-07-09,INE0TLC07036,930APMD35,N0,106555.0,106555.0,106555.0,106555.0,106555.0,106300.35,3,319665.0,1
2026-07-09,INE437A01024,APOLLOHOSP,EQ,8756.5,8920.5,8756.5,8845.5,8830.0,8753.5,571832,5070336040.5,42388
2026-07-09,INE713T01028,APOLLO,EQ,395.0,401.15,387.05,398.3,401.15,393.4,14168770,5596557978.35,116811
2026-07-09,INE126J01016,APOLLOPIPE,EQ,468.2,492.0,467.2,487.7,491.7,468.2,124490,60359134.95,3747
2026-07-09,INE451F01024,APOLSINHOT,EQ,1203.5,1219.9,1203.5,1210.0,1207.0,1197.2,439,530848.6,67
2026-07-09,INE438A01022,APOLLOTYRE,EQ,438.0,446.5,436.55,439.65,441.1,439.55,634889,279542152.95,20248
2026-07-09,INE0LQG01010,APRAMEYA,SM,144.2,150.0,144.0,146.95,146.95,144.5,9500,1400900.0,14
2026-07-09,INE0M2307370,915APSBC28,N0,102002.88,102002.88,102002.88,102002.88,102002.88,101855.49,1,102002.88,1
2026-07-09,INE0M2307388,915APSBC31,N0,102950.0,102950.0,102810.0,102810.0,102810.0,102810.98,2,205760.0,2
2026-07-09,INE0M2307404,915APSBC33,N0,103782.88,103782.88,103782.88,103782.88,103782.88,103800.0,3,311348.64,3
2026-07-09,INE0M2307412,915APSBC34,N0,104072.88,104072.88,104072.88,104072.88,104072.88,103377.4,4,416291.52,3
2026-07-09,INE0M2307396,915APSBC35,N0,104322.88,104322.88,104322.88,104322.88,104322.88,104071.0,4,417291.52,3
2026-07-09,INE1OOJ01011,APSISAERO,ST,357.15,357.15,357.15,357.15,357.15,350.15,15600,5571540.0,10
2026-07-09,INE266F01018,APTECHT,BE,98.0,100.7,97.99,99.81,100.0,98.2,65507,6529969.23,478
2026-07-09,INE852O01025,APTUS,EQ,276.65,282.45,274.85,279.5,278.25,277.9,516719,144215623.75,15134
2026-07-09,INE416A01051,AQYLON,EQ,39.0,41.0,37.81,39.71,38.0,39.8,1545409,60453425.5,9981
2026-07-09,INE0YDV01010,ARCIIL,ST,41.3,42.25,40.55,42.25,42.25,42.0,5000,206500.0,5
2026-07-09,INE128X01021,ACI,EQ,523.0,530.6,522.1,524.5,524.0,520.15,43252,22758775.25,3576
2026-07-09,INE0CHO01012,ADL,EQ,71.16,71.16,67.4,70.49,70.49,71.16,2660,182859.8,40
2026-07-09,INE877I01016,ARCHIDPLY,EQ,81.0,81.0,78.55,79.98,80.0,79.68,2990,237797.49,50
2026-07-09,INE731A01020,ARCHIES,EQ,13.76,14.14,13.51,13.67,13.51,13.75,14871,204250.42,89
2026-07-09,INE784R01023,ARFIN,EQ,86.8,91.0,85.5,88.54,87.56,86.17,2565078,226033214.39,10293
2026-07-09,INE0L2Y01011,ARHAM,SM,137.0,139.95,137.0,138.95,138.95,139.6,12000,1660450.0,11
2026-07-09,INE298I01015,ARIES,EQ,337.2,349.7,337.2,344.05,345.2,338.25,21960,7569463.25,795
2026-07-09,INE0NCC01015,ARIHANTACA,SM,450.0,450.05,450.0,450.0,450.0,460.0,9200,4140020.0,4
2026-07-09,INE420B01036,ARIHANTCAP,EQ,70.04,76.3,70.04,74.62,74.88,70.04,999318,74624126.32,10825
2026-07-09,INE413D01011,ARIHANT,EQ,795.45,810.0,773.0,798.4,810.0,789.1,2892,2284644.05,283
2026-07-09,INE643K01018,ARIHANTSUP,EQ,251.0,263.1,251.0,260.1,261.95,260.05,10621,2764515.0,171
2026-07-09,INE0H9P01028,ARIS,EQ,108.28,111.99,108.28,109.83,110.52,108.28,138296,15262434.19,1724
2026-07-09,INE0QRL01017,ARKADE,EQ,127.08,132.5,126.12,131.94,132.39,125.85,796941,103010275.65,7468
2026-07-09,INE109C01017,ARMANFIN,EQ,1701.2,1742.0,1701.2,1725.0,1725.0,1697.2,17434,30169891.5,1793
2026-07-09,INE0TZX01019,ARMOUR,ST,18.6,19.2,18.55,19.2,19.2,19.5,8000,149800.0,4
2026-07-09,INE210C01013,AROGRANITE,EQ,25.4,25.85,24.8,25.08,25.0,25.32,6575,165783.9,63
2026-07-09,INE570D01018,ARROWGREEN,BE,675.0,699.8,665.0,688.5,696.0,680.0,21489,14721852.8,736
2026-07-09,INE968D01022,ARSHIYA,BZ,1.09,1.09,1.05,1.06,1.07,1.07,30421,32473.34,47
2026-07-09,INE738V01013,ARTNIRMAN,EQ,39.54,41.2,39.54,40.66,41.2,39.73,243,9906.24,13
2026-07-09,INE757T01025,AEPL,EQ,17.0,17.2,16.0,17.11,17.17,16.95,24362,413437.03,107
2026-07-09,INE025R01021,ARTEMISMED,EQ,263.4,269.05,263.4,268.0,267.95,263.5,189582,50775560.0,8880
2026-07-09,INE006Z01016,ARVEE,EQ,160.4,163.3,158.0,160.35,159.0,160.43,1161,185279.81,50
2026-07-09,INE955V01021,ARVINDFASN,EQ,462.7,470.0,461.0,466.4,467.5,460.5,92375,43214348.15,8058
2026-07-09,INE034A01011,ARVIND,EQ,525.0,542.85,522.05,533.1,538.4,525.5,808315,431925877.95,37510
2026-07-09,INE0P4T01013,ARVINDPORT,ST,29.0,29.0,29.0,29.0,29.0,28.5,3000,87000.0,2
2026-07-09,INE034S01021,ARVSMART,EQ,602.6,610.0,598.55,609.1,609.9,599.4,18800,11394725.05,1095
2026-07-09,INE439A01020,ASAHIINDIA,EQ,878.95,897.5,876.05,891.55,894.5,876.45,76389,68046976.7,6710
2026-07-09,INE228I01012,ASAHISONG,EQ,256.35,283.95,256.35,275.85,283.0,261.8,33421,9148204.4,1171
2026-07-09,INE0LAA01017,ASHALOG,SM,50.0,51.5,50.0,51.5,51.5,50.0,6000,306500.0,6
2026-07-09,INE348A01023,ASHAPURMIN,EQ,633.9,643.4,630.0,637.1,638.0,627.35,145202,92737480.25,5916
2026-07-09,INE365D01021,ASHIANA,EQ,370.4,380.95,370.4,373.8,373.55,372.4,35782,13429069.1,1976
2026-07-09,INE094B01013,ASHIKA,EQ,393.15,399.9,392.2,395.1,398.0,392.85,98315,38940386.05,933
2026-07-09,INE440A01010,ASHIMASYN,EQ,15.0,15.57,14.8,14.91,14.83,15.21,77864,1165734.82,303
2026-07-09,INE208A01029,ASHOKLEY,EQ,157.1,158.85,155.01,155.19,155.25,156.22,17319661,2707880677.36,116388
2026-07-09,INE442H01029,ASHOKA,EQ,126.0,127.56,124.6,127.19,127.4,125.98,446229,56536240.86,4959
2026-07-09,INE760Y01011,ASHOKAMET,EQ,14.6,14.97,14.21,14.64,14.49,14.6,10441,152274.88,112
2026-07-09,INE1A6Q01010,ASHWINI,SM,183.0,185.0,178.0,178.0,178.0,183.0,20000,3644550.0,19
2026-07-09,INE276G01015,ASIANENE,EQ,321.85,339.0,318.6,330.5,332.0,316.8,137673,45550648.1,4134
2026-07-09,INE022I01019,ASIANTILES,EQ,48.9,49.99,47.35,47.89,47.8,48.66,3490761,168605493.75,4652
2026-07-09,INE926K01017,AHLEAST,EQ,140.1,145.0,140.0,141.62,141.36,139.34,5222,742091.61,91
2026-07-09,INE363A01022,ASIANHOTNR,EQ,316.6,331.95,316.05,319.45,318.1,322.9,12475,4031625.3,932
2026-07-09,INE915K01010,AHLWEST,BE,560.2,585.0,560.2,585.0,585.0,580.0,555,318603.4,17
2026-07-09,INE021A01026,ASIANPAINT,EQ,2658.0,2722.8,2656.0,2673.8,2677.2,2665.9,918568,2473966589.6,58817
2026-07-09,INE194D01017,ASTAR,EQ,631.5,631.5,611.0,622.35,611.0,629.0,91,56693.8,13
2026-07-09,INE491J01022,ASKAUTOLTD,EQ,466.0,486.9,466.0,479.95,480.4,465.5,461890,221731070.8,16948
2026-07-09,INE991I01015,ASPINWALL,EQ,248.15,248.15,240.2,243.1,243.1,250.42,2704,661288.28,71
2026-07-09,INE0S7801010,ASPIRE,SM,13.3,13.3,13.1,13.3,13.3,13.75,12000,159200.0,6
2026-07-09,INE073G01016,ASALCBR,EQ,819.5,845.9,816.5,819.55,818.0,819.5,34628,28619399.8,2319
2026-07-09,INE563J01010,ASTEC,EQ,677.2,690.5,670.45,686.65,687.0,670.15,19527,13293453.65,1306
2026-07-09,INE914M01019,ASTERDM,EQ,780.95,817.95,779.0,807.15,808.0,779.6,1189058,958054298.8,40374
2026-07-09,INE386C01029,ASTRAMICRO,EQ,1809.3,1846.0,1806.0,1833.1,1835.0,1809.3,362898,665533909.6,19599
2026-07-09,INE006I01046,ASTRAL,EQ,1336.0,1348.8,1311.6,1317.1,1314.3,1336.0,527329,699989105.8,55878
2026-07-09,INE203A01020,ASTRAZEN,EQ,8158.5,8229.0,8101.0,8114.5,8118.0,8141.0,2706,22047755.0,860
2026-07-09,INE646X01014,ASTRON,BE,3.76,3.8,3.67,3.71,3.8,3.75,11865,44297.99,59
2026-07-09,INE0ALR01029,ATALREAL,EQ,28.28,29.11,28.28,28.53,28.5,28.28,7043187,202147101.49,4694
2026-07-09,INE09KD01013,ATAM,EQ,70.7,70.7,68.0,68.36,68.0,70.37,8974,616638.32,204
2026-07-09,INE0V0Q01019,ATCENERGY,ST,23.05,23.5,23.05,23.5,23.5,23.5,7200,166500.0,6
2026-07-09,INE0LEZ01016,ATHERENERG,EQ,1212.0,1242.9,1191.5,1218.4,1219.4,1200.0,5425587,6624366835.5,168990
2026-07-09,IN90NN701011,ATLPP,E1,9.45,9.45,8.77,8.77,8.77,8.59,164,1529.05,8
2026-07-09,INE0Z4F01028,ATLANTAELE,EQ,1675.0,1689.6,1652.8,1663.0,1654.0,1652.7,59416,99295115.4,8990
2026-07-09,INE285H01022,ATLANTAA,EQ,38.64,39.39,38.63,38.71,38.7,38.64,12587,489285.14,429
2026-07-09,INE446A01025,ATLASCYCLE,EQ,96.98,97.94,96.11,97.1,97.0,95.48,714,69375.54,55
2026-07-09,INE05DH01017,ATMASTCO,ST,156.45,160.0,153.45,154.15,153.45,156.45,10400,1637480.0,20
2026-07-09,INE951D01028,ATULAUTO,EQ,476.05,496.7,473.15,491.25,488.1,474.15,147908,72119421.2,6164
2026-07-09,INE100A01010,ATUL,EQ,6309.5,6370.0,6159.5,6183.0,6184.0,6306.5,36782,229190124.0,7776
2026-07-09,INE949L01017,AUBANK,EQ,1038.8,1050.8,1035.1,1047.4,1047.2,1038.8,1090588,1139281547.5,31935
2026-07-09,INE132H01018,AURIONPRO,EQ,820.9,848.0,820.9,835.25,847.0,817.5,69482,58232065.0,4547
2026-07-09,INE0NUL01018,AUROIMPEX,SM,25.7,26.9,25.7,26.9,26.9,27.05,8000,208560.0,5
2026-07-09,INE406A01037,AUROPHARMA,EQ,1555.0,1602.8,1550.1,1587.4,1581.0,1557.4,803529,1276162630.1,44839
2026-07-09,INE898S01029,AURUM,EQ,219.95,226.79,219.03,220.7,219.6,217.89,102019,22760437.54,2146
2026-07-09,INE218C01016,AUSOMENT,BE,116.88,120.0,114.87,119.16,119.42,116.88,1427,169986.39,35
2026-07-09,INE0P0001010,APS,SM,285.1,298.95,285.1,291.8,288.05,288.0,16500,4792762.5,63
2026-07-09,INE206F01022,AIIL,EQ,501.45,515.5,500.0,507.5,505.2,501.1,112890,57467074.25,7086
2026-07-09,INE718H01014,AUTOIND,BE,91.0,96.3,90.11,94.53,95.49,92.03,250783,23799105.9,1360
2026-07-09,INE449A01011,AUTOAXLES,EQ,1752.0,1779.2,1752.0,1761.1,1763.1,1750.5,6223,10997096.5,722
2026-07-09,INE900C01027,ASAL,EQ,495.8,508.0,495.8,506.45,504.5,494.8,8792,4442157.55,794
2026-07-09,INE349W01017,AVADHSUGAR,BE,500.4,525.0,500.4,519.1,519.0,500.4,22324,11605189.15,254
2026-07-09,INE0LCL01028,AVALON,EQ,1651.9,1783.5,1651.2,1728.6,1728.0,1631.2,879954,1532594819.0,58211
2026-07-09,INE005B01027,AVANTEL,EQ,183.04,186.99,178.73,179.81,179.99,182.2,3220939,591928845.79,25526
2026-07-09,INE871C01038,AVANTIFEED,EQ,915.15,936.85,912.45,919.25,923.3,910.6,334387,309245872.75,14939
2026-07-09,INE192R01011,DMART,EQ,4034.0,4086.2,3980.0,4079.4,4077.6,4038.6,533044,2158150432.2,36421
2026-07-09,INE483S01020,CCAVENUE,EQ,16.2,17.28,16.19,17.12,17.22,16.23,26501639,447084616.84,21088
2026-07-09,INE680Z01018,AVG,BE,204.9,214.5,201.5,209.19,210.9,204.91,20508,4310030.81,236
2026-07-09,INE0TFB01017,AVIANSH,SM,107.0,107.0,104.0,105.25,105.25,106.5,7000,735250.0,7
2026-07-09,INE0V9I01017,AVIENCE,ST,278.0,290.5,278.0,290.5,290.5,276.7,37800,10830990.0,55
2026-07-09,INE855F01042,ASMS,BE,6.9,7.17,6.9,7.07,7.13,7.13,114936,813089.13,334
2026-07-09,INE323B01024,AVONMORE,EQ,9.95,10.13,9.95,10.0,10.0,10.06,80340,804824.36,177
2026-07-09,INE0R9401019,AVPINFRA,SM,60.25,63.8,60.25,63.4,63.6,61.4,32000,1992880.0,34
2026-07-09,INE652Z01025,AVROIND,EQ,10.09,10.1,9.76,9.95,9.95,9.99,375229,3714892.87,1226
2026-07-09,INE488D01021,AVTNPL,EQ,69.44,70.9,68.31,69.4,69.1,69.44,62872,4346974.82,725
2026-07-09,INE108V01019,AWFIS,EQ,299.95,311.0,298.9,305.85,304.0,298.2,219297,67019265.85,5304
2026-07-09,INE699H01024,AWL,EQ,182.1,186.9,181.05,185.68,185.99,181.44,1651684,305417567.72,21507
2026-07-09,INE238A01034,AXISBANK,EQ,1312.9,1321.6,1292.2,1297.6,1301.9,1309.5,5609851,7323797757.4,142118
2026-07-09,INF846K01X63,BNKETFAXIS,EQ,591.1,592.8,588.92,591.09,591.81,586.32,5182,3059278.74,38
2026-07-09,INF846K016C7,CONSUMAXIS,EQ,120.65,121.0,120.04,120.04,120.04,119.4,1737,208765.24,12
2026-07-09,INF846K01W80,GOLDAXIS,EQ,118.96,119.88,114.44,119.61,119.78,117.78,1522082,181061271.53,3399
2026-07-09,INF846K01Z12,HEALTHAXIS,EQ,163.0,167.53,163.0,166.64,167.48,163.97,12124,2016482.86,95
2026-07-09,INF846K01Y96,ITAXIS,EQ,299.83,307.44,296.97,302.83,307.44,301.7,2897,871428.0,67
2026-07-09,INF846K01W98,NIFTYAXIS,EQ,269.91,269.91,264.47,265.11,264.47,264.62,6025,1600552.49,148
2026-07-09,INF846K010Q0,SENSEXAXIS,EQ,80.18,80.18,79.19,79.25,79.36,79.29,3913,311071.46,67
2026-07-09,INF846K011K1,SILVERAXIS,EQ,217.51,222.02,216.36,221.32,221.0,218.73,140790,30924557.75,1493
2026-07-09,INF846KA1119,VALUEAXIS,EQ,32.35,32.7,32.35,32.48,32.62,32.35,66220,2154468.92,441
2026-07-09,INE555B01013,AXISCADES,EQ,1531.0,1613.3,1525.0,1605.9,1605.0,1536.5,248875,392558933.0,14282
2026-07-09,INE02EZ01022,AXITA,EQ,7.53,7.55,7.47,7.49,7.53,7.41,160931,1207368.28,618
2026-07-09,INE501X01029,AYE,EQ,164.1,169.4,163.81,167.76,167.5,162.5,430560,71979587.53,6257
2026-07-09,INE193B01039,AYMSYNTEX,EQ,237.1,242.0,229.1,231.23,231.7,235.9,78379,18376488.11,4738
2026-07-09,INE02IJ01035,AZAD,EQ,2240.0,2491.5,2240.0,2476.1,2478.0,2229.4,2468476,5958425817.7,154855
2026-07-09,INE489D01011,BNALTD,EQ,374.5,376.25,369.0,370.0,370.0,372.5,264,97706.85,9
2026-07-09,INE01EE01011,BBTCL,EQ,210.89,219.0,210.89,216.95,219.0,210.94,2329,501614.17,110
2026-07-09,INE116D01028,BAGFILMS,EQ,4.54,4.55,4.41,4.42,4.49,4.43,80374,357886.71,146
2026-07-09,INE350H01032,BLKASHYAP,EQ,53.32,53.68,52.12,52.73,52.6,52.98,438026,23135228.56,2123
2026-07-09,INE01FR01028,STYLEBAAZA,BE,297.85,311.9,297.85,305.55,304.0,297.85,82801,25424220.5,792
2026-07-09,INE878I01022,BAFNAPH,BE,204.05,204.05,200.3,200.6,200.6,204.05,4347,881491.3,52
2026-07-09,INE2OVN25015,BAGMANE,RR,103.25,103.6,103.13,103.29,103.24,103.4,539560,55756784.93,3433
2026-07-09,INE029Q01017,BAHETI,SM,719.5,721.9,712.0,714.4,716.9,715.2,13125,9405956.25,27
2026-07-09,INE020D01022,BAIDFIN,EQ,10.11,10.82,10.02,10.21,10.26,10.18,95354,976953.53,547
2026-07-09,INE917I01010,BAJAJ-AUTO,EQ,10176.0,10260.0,10112.0,10155.0,10174.5,10164.0,191190,1945232398.5,27501
2026-07-09,INE933K01021,BAJAJCON,EQ,615.0,648.7,615.0,643.55,647.0,613.9,934778,595405406.95,24645
2026-07-09,INE193E01025,BAJAJELEC,EQ,321.0,330.9,320.95,326.75,326.95,320.95,94854,30912601.65,3899
2026-07-09,INE296A01032,BAJFINANCE,EQ,1000.0,1013.5,994.1,1003.8,1002.9,1010.4,11712515,11759441414.3,169265
2026-07-09,INE918I01026,BAJAJFINSV,EQ,1856.0,1911.9,1850.0,1895.0,1899.0,1854.9,2049967,3864351877.1,79059
2026-07-09,INE411U01027,BAJAJHCARE,EQ,333.2,361.95,332.6,350.1,351.9,335.15,535560,188700924.65,16774
2026-07-09,INE306A01021,BAJAJHIND,EQ,17.27,17.63,17.2,17.24,17.22,17.27,4468412,77763251.07,7082
2026-07-09,INE118A01012,BAJAJHLDNG,EQ,10392.0,10611.0,10388.0,10581.0,10600.0,10336.0,48069,508099184.0,10590
2026-07-09,INE377Y01014,BAJAJHFL,EQ,85.95,88.1,85.85,87.59,87.5,85.99,3883082,339362425.04,26967
2026-07-09,INE704G01024,BAJAJST,EQ,400.7,422.0,391.9,396.9,392.85,394.8,14781,5913521.8,767
2026-07-09,INE0KQN01018,BAJEL,EQ,188.0,190.0,184.5,185.68,185.65,186.48,185314,34601998.77,2974
2026-07-09,INE083D01012,BALPHARMA,EQ,77.0,78.94,76.99,77.85,77.5,77.16,7240,565305.91,159
2026-07-09,INE050E01027,BALAMINES,EQ,2210.0,2390.0,2210.0,2364.0,2348.0,2196.7,1043837,2433145350.4,69458
2026-07-09,INE0PQ601019,BALAJIPHOS,SM,91.0,92.5,90.0,92.5,92.5,91.0,75000,6756500.0,25
2026-07-09,INE794B01026,BALAJITELE,EQ,90.17,93.0,89.77,91.21,91.6,90.04,78848,7199745.2,1516
2026-07-09,INE618N01022,BALAXI,BE,24.2,24.2,23.31,24.02,24.15,24.0,15903,380960.71,97
2026-07-09,INE787D01026,BALKRISIND,EQ,2184.9,2218.3,2152.3,2201.8,2205.0,2167.3,246999,543129447.9,17187
2026-07-09,INE875R01011,BALKRISHNA,EQ,18.55,18.66,18.06,18.47,18.48,18.55,3486,63446.24,59
2026-07-09,INE164A01016,BALMLAWRIE,EQ,175.6,177.25,174.91,176.61,176.3,174.7,54612,9640722.26,1473
2026-07-09,INE525F01025,BLIL,EQ,70.98,70.98,70.22,70.61,70.65,70.33,16813,1187245.08,435
2026-07-09,INE119A01028,BALRAMCHIN,EQ,558.85,579.6,558.8,567.45,568.5,560.85,329696,188642252.3,12326
2026-07-09,INE011E01029,BALUFORGE,EQ,442.5,455.6,440.1,452.1,450.0,439.8,408323,183662531.8,10441
2026-07-09,INE655B01011,BANARBEADS,EQ,118.02,124.0,112.55,114.15,114.0,116.82,112427,13266526.16,1813
2026-07-09,INE213C01025,BANCOINDIA,EQ,663.75,679.8,663.2,673.2,673.6,659.6,102943,69372972.85,6689
2026-07-09,INE545U01014,BANDHANBNK,EQ,197.0,201.0,197.0,199.86,200.0,196.04,4750464,948786550.32,36407
2026-07-09,INF194KB1KJ7,GOLDBND,EQ,142.11,143.42,141.64,143.35,143.41,141.41,12411,1776262.9,98
2026-07-09,INF194KA1U07,IDFNIFTYET,EQ,264.0,265.77,263.99,264.06,264.95,264.24,843,223400.8,25
2026-07-09,INF194KB1KI9,SILVERBND,EQ,220.38,223.93,218.18,223.6,223.26,220.38,22745,5051475.91,296
2026-07-09,INE863I01016,BANG,EQ,29.0,30.0,28.11,28.55,28.95,28.48,51630,1505922.17,694
2026-07-09,INE028A01039,BANKBARODA,EQ,240.65,246.2,240.15,244.6,244.5,240.45,10797792,2633880100.35,105726
2026-07-09,INE084A01016,BANKINDIA,EQ,135.6,139.23,135.44,138.53,139.0,135.12,8302820,1142053752.72,47119
2026-07-09,INE457A01014,MAHABANK,EQ,81.0,82.26,80.86,82.01,82.15,80.6,12124957,988681989.27,48717
2026-07-09,INE862Y01015,BANKA,BE,91.35,94.0,91.35,93.9,93.9,91.35,1537,141665.15,18
2026-07-09,INE186H01022,BASML,BE,25.75,25.98,25.25,25.44,25.25,25.54,28712,733374.7,98
2026-07-09,INE459A01010,BANARISUG,EQ,3492.7,3500.0,3475.0,3478.7,3500.0,3476.0,131,456016.4,42
2026-07-09,INE0B9K01025,BANSALWIRE,EQ,330.0,340.0,326.0,327.1,327.05,330.2,246052,81602356.3,7073
2026-07-09,INE629D01020,BANSWRAS,EQ,122.72,126.74,119.52,120.77,122.9,121.69,77997,9527954.25,1489
2026-07-09,INE139I01011,BVCL,EQ,41.92,43.5,41.92,43.04,43.14,41.42,17810,761430.74,162
2026-07-09,INE0QX401014,BARFLEX,SM,55.0,55.2,54.95,55.2,55.2,55.0,8000,440300.0,4
2026-07-09,INF251K01TL6,BBNPNBETF,EQ,56.11,58.0,56.11,57.59,57.59,57.25,507,29079.5,22
2026-07-09,INF251K01SU9,BBNPPGOLD,EQ,134.2,140.05,134.2,138.8,139.0,137.2,532,73307.9,48
2026-07-09,INE373A01013,BASF,EQ,3469.9,3515.0,3458.0,3477.3,3474.9,3456.8,8462,29509421.9,2625
2026-07-09,INE0OCC01013,BASILIC,SM,202.15,203.5,201.0,201.6,202.0,201.7,21900,4423065.0,37
2026-07-09,INE176A01028,BATAINDIA,EQ,673.2,682.55,670.15,672.3,672.5,669.0,71284,48206242.15,6303
2026-07-09,INE177C01022,BATLIBOI,EQ,82.0,83.75,81.87,82.56,82.55,82.28,33011,2730571.38,373
2026-07-09,INE0JFJ01011,BAWEJA,ST,27.25,29.4,27.25,28.95,29.0,28.0,8000,227240.0,10
2026-07-09,INE462A01022,BAYERCROP,EQ,4169.1,4178.4,4112.0,4120.2,4124.8,4163.5,33853,139823610.7,5766
2026-07-09,INE412G01024,BCLIND,EQ,33.7,34.29,33.47,33.97,33.96,33.39,327490,11125389.43,1610
2026-07-09,INE00SW01015,BCPL,EQ,71.64,72.75,71.0,71.67,71.32,70.69,8725,624948.3,267
2026-07-09,INE639X01027,BEACON,ST,92.85,93.0,92.85,93.0,93.0,90.1,5000,464800.0,5
2026-07-09,INE520H01022,BEARDSELL,EQ,28.5,28.69,27.36,27.84,28.3,27.54,6363,177651.57,112
2026-07-09,INE844K01012,BEDMUTHA,EQ,108.0,109.5,106.4,107.12,107.1,108.89,5944,641783.86,44
2026-07-09,INE213D01015,BEEKAY,EQ,392.5,404.0,386.15,400.4,404.0,395.75,407,161283.75,132
2026-07-09,INE344T01014,BELLACASA,EQ,255.7,258.5,248.05,250.05,248.05,254.4,2929,740438.35,223
2026-07-09,INE894V01022,BELRISE,EQ,227.43,232.85,226.53,228.84,228.43,225.74,4000218,920532748.11,46102
2026-07-09,INE0N7W01012,BLAL,EQ,182.15,185.59,182.0,183.35,182.0,181.72,13094,2406857.6,314
2026-07-09,INE258A01024,BEML,EQ,1775.0,1826.7,1769.6,1816.1,1826.0,1776.2,226800,410335576.7,13890
2026-07-09,INE083K01017,BENGALASM,EQ,6347.0,6347.0,6329.5,6330.0,6330.0,6297.5,28,177256.5,5
2026-07-09,INE463A01038,BERGEPAINT,EQ,498.0,502.7,486.0,497.0,497.6,498.1,334608,165942272.1,16167
2026-07-09,INE052T01021,BESTAGRO,EQ,15.16,15.47,15.09,15.21,15.37,15.14,277682,4234711.1,1115
2026-07-09,INE351Y01019,BETA,EQ,2008.5,2239.4,2008.5,2190.3,2192.0,1998.0,88056,192565467.4,11378
2026-07-09,INE0HQI01014,BEWLTD,SM,62.5,62.5,60.5,60.75,60.5,61.7,9000,554900.0,17
2026-07-09,INE878K01010,BFINVEST,EQ,440.85,450.5,437.8,444.8,445.5,434.65,28809,12848348.65,1153
2026-07-09,INE243D01012,BFUTILITIE,EQ,548.0,566.6,546.55,559.25,560.1,545.4,30651,17077348.45,1813
2026-07-09,INF0QA701714,BANKBETF,EQ,59.2,59.2,57.82,58.2,58.18,58.72,14172,823957.53,304
2026-07-09,INF0QA701854,LIQUIDBETF,EQ,1089.34,1089.36,1089.34,1089.35,1089.35,1089.21,117123,127588482.67,101
2026-07-09,INF0QA701722,NIFTYBETF,EQ,247.28,247.88,245.86,245.93,245.95,246.05,10603,2618603.58,26
2026-07-09,INE661I01014,BGRENERGY,BE,291.25,300.0,281.25,287.95,289.0,294.5,54806,15961890.4,605
2026-07-09,INE0ZRC01017,BHADORA,ST,94.15,96.2,89.5,90.2,90.0,94.15,52800,4910340.0,44
2026-07-09,INE354C01027,BHAGERIA,BE,204.0,211.85,200.0,203.65,203.0,204.04,15569,3208483.81,165
2026-07-09,INE414D01027,BHAGCHEM,EQ,292.0,305.0,290.95,301.25,302.5,291.1,315437,94394858.9,5361
2026-07-09,INE458B01036,BHAGYANGR,BE,374.1,385.0,370.0,373.95,377.1,374.1,60137,22658064.1,966
2026-07-09,INE474E01029,BHANDARI,BE,2.94,2.98,2.9,2.92,2.94,2.94,93620,275023.09,165
2026-07-09,INE922A01025,BEPL,EQ,96.2,103.0,96.2,101.25,102.7,96.2,813854,81594383.72,6303
2026-07-09,INE464A01036,BBL,EQ,2652.0,2669.9,2635.1,2649.2,2645.5,2641.4,14559,38664186.3,2857
2026-07-09,INE05XR01022,BHARATCOAL,EQ,36.93,37.61,36.88,37.25,37.5,36.7,10371084,386581100.74,17605
2026-07-09,INE171Z01026,BDL,EQ,1337.8,1349.6,1321.0,1326.3,1325.3,1337.4,784726,1049420847.8,32084
2026-07-09,INE263A01024,BEL,EQ,409.15,411.0,404.05,406.2,407.05,407.6,10893635,4438017757.65,144845
2026-07-09,INE465A01025,BHARATFORG,EQ,2102.0,2140.2,2085.4,2130.6,2139.0,2100.5,585560,1240961463.4,28369
2026-07-09,INE561C01019,BHARATGEAR,BE,119.5,122.9,119.5,120.91,121.0,119.98,14833,1806802.71,204
2026-07-09,INE029A01011,BPCL,EQ,303.55,309.1,299.75,308.2,308.8,303.55,5543009,1699725643.3,55564
2026-07-09,INE838B01021,BHARATRAS,EQ,1309.6,1333.0,1309.6,1317.1,1315.0,1309.6,3590,4743752.9,630
2026-07-09,INE727S01012,BRNL,EQ,18.12,18.54,17.5,18.24,18.4,17.95,21495,389942.74,229
2026-07-09,INE415D01024,BHARATSE,EQ,229.0,259.0,229.0,245.09,246.5,229.69,3244784,811168532.05,46847
2026-07-09,INE316L01019,BHARATWIRE,EQ,210.99,219.0,208.02,215.62,215.74,208.14,232391,49871681.33,4136
2026-07-09,INE397D01024,BHARTIARTL,EQ,1902.0,1966.0,1898.8,1931.1,1935.1,1888.1,11145066,21611857969.2,359446
2026-07-09,INE343G01021,BHARTIHEXA,EQ,1526.0,1605.8,1500.4,1571.5,1570.0,1519.9,433137,683042872.5,50043
2026-07-09,INE828A01016,BIL,EQ,718.45,742.05,712.15,725.9,739.9,722.05,2314,1674355.65,168
2026-07-09,INE257A01026,BHEL,EQ,380.0,387.0,379.3,381.6,382.45,377.8,9102802,3496103665.85,88141
2026-07-09,INE274K01012,BTTL,BE,53.31,54.87,52.5,54.87,54.87,52.26,46908,2563744.4,154
2026-07-09,INE412U01025,BIGBLOC,EQ,46.52,47.99,46.52,47.08,47.0,46.83,32158,1522080.17,565
2026-07-09,INE00E101023,BIKAJI,EQ,643.95,648.8,638.15,642.15,641.25,643.95,64366,41438936.9,5539
2026-07-09,INE0SQH01013,BIKEWO,ST,52.95,52.95,47.95,48.45,48.0,50.45,260000,12896000.0,111
2026-07-09,INE071A01013,BILVYAPAR,BE,4.38,4.38,4.12,4.34,4.15,4.18,6808,29464.82,50
2026-07-09,INE986A01012,BI,EQ,62.75,67.68,62.75,64.61,65.88,62.25,19162,1247280.25,283
2026-07-09,INE0HOQ01053,GROWW,EQ,193.0,198.9,192.79,198.44,198.5,191.84,22339788,4394593765.42,133594
2026-07-09,INE469A01019,BIMETAL,EQ,667.9,690.0,645.0,673.8,679.55,664.45,2301,1544925.7,131
2026-07-09,INE1BKA01015,BMLL,SM,122.2,140.5,120.55,129.65,128.5,120.2,204000,26740200.0,87
2026-07-09,INE376G01013,BIOCON,EQ,399.8,409.6,394.85,403.55,406.45,397.05,5590149,2250864343.85,69919
2026-07-09,INE829A01014,BIOFILCHEM,EQ,33.19,34.89,33.19,34.07,34.6,33.18,16398,562311.5,164
2026-07-09,INE0XW001014,BIOPOL,SM,88.8,92.0,84.15,90.6,88.1,85.05,36000,3168120.0,27
2026-07-09,INE800A01015,BIRLACABLE,BE,178.0,186.76,178.0,186.76,186.76,177.87,29196,5408131.05,357
2026-07-09,INE340A01012,BIRLACORPN,EQ,932.7,953.45,932.3,940.7,939.25,936.4,118278,111421507.7,6311
2026-07-09,INE372E01025,BIRLAPREC,EQ,36.54,37.47,35.0,36.0,36.39,36.36,23789,863968.66,329
2026-07-09,INE557A01011,BIRLANU,EQ,1336.8,1363.8,1307.0,1331.7,1338.8,1336.5,13617,18038869.8,1156
2026-07-09,INF209KC1670,ABSL10BANK,EQ,170.62,173.18,170.62,172.11,172.06,170.58,475,81811.62,19
2026-07-09,INF209KB17D5,ABSLBANETF,EQ,58.4,58.97,58.4,58.7,58.63,58.26,267021,15702178.14,1065
2026-07-09,INF209KB18T9,ABSLLIQUID,EQ,999.99,1000.01,999.99,999.99,999.99,999.99,5931,5930980.32,34
2026-07-09,INF209KC1662,ABSLMSCIN,EQ,29.72,29.72,29.16,29.16,29.16,29.18,36841,1076612.02,25
2026-07-09,INF209KB16D7,ABSLNN50ET,EQ,74.47,75.22,73.6,75.03,75.22,74.47,4811,360824.41,173
2026-07-09,INF209KB10E8,BSLSENETFG,EQ,75.57,77.8,75.57,77.22,77.51,77.11,3757,290183.72,130
2026-07-09,INF209KC1142,GSEC10ABSL,EQ,114.72,114.72,114.28,114.28,114.28,114.93,93,10667.08,3
2026-07-09,INF209KB10C2,HEALTHY,EQ,16.4,16.92,16.25,16.73,16.75,16.58,654368,10980146.21,1003
2026-07-09,INF209KB14K7,MOMENTUM,EQ,31.21,31.21,29.84,30.56,30.77,30.45,227063,6951146.19,211
2026-07-09,INF209KB15K4,NIFTYQLITY,EQ,20.62,20.86,20.54,20.71,20.54,20.69,39257,814423.96,164
2026-07-09,INF209KB19F6,SILVER,EQ,218.81,222.96,217.16,222.3,222.4,219.53,841397,185514853.18,8364
2026-07-09,INF209KB11D8,TECH,EQ,29.79,30.25,29.6,30.02,30.03,30.05,44631,1340504.15,250
2026-07-09,INF209KB19Z4,ABSLPSE,EQ,10.3,10.3,10.14,10.19,10.24,10.16,133301,1359265.75,735
2026-07-09,INE836A01035,BSOFT,EQ,274.9,276.25,270.2,274.85,275.0,272.2,1756528,481323272.05,32595
2026-07-09,INE676A01027,BBOX,EQ,939.65,959.0,928.1,934.25,931.95,931.7,199482,188582697.05,11069
2026-07-09,INE761G01016,BLACKROSE,BE,109.01,111.4,106.0,107.57,109.9,109.01,10717,1164493.12,164
2026-07-09,INE0UIZ01018,BLACKBUCK,EQ,559.65,571.0,554.3,561.55,561.05,559.25,147330,82996697.35,9894
2026-07-09,INE791A01024,BLBLIMITED,EQ,15.99,16.47,15.51,16.04,16.14,15.92,69800,1121390.61,795
2026-07-09,INE416D01022,BLISSGVS,BE,512.25,527.0,505.0,524.15,526.9,512.95,472804,245787757.35,26284
2026-07-09,INE0NLT01010,BLSE,EQ,262.95,267.8,258.26,261.35,259.52,261.4,303611,79944872.92,6646
2026-07-09,INE153T01027,BLS,EQ,244.0,245.3,231.75,234.6,233.5,242.7,9439900,2239433258.0,90174
2026-07-09,INE472B01011,BLUECOAST,BE,29.89,29.89,27.53,27.53,27.53,28.95,6094,179070.42,21
2026-07-09,INE233B01017,BLUEDART,EQ,4793.0,4892.9,4793.0,4846.8,4859.7,4789.4,3857,18696687.9,1189
2026-07-09,INE0KBH01020,BLUEJET,EQ,568.0,587.0,564.2,574.5,575.75,562.7,546528,316649243.5,14233
2026-07-09,INE0SAK01011,BLUEPEBBLE,SM,74.95,75.0,74.5,74.95,74.95,74.9,6400,479740.0,9
2026-07-09,INE472A01039,BLUESTARCO,EQ,1588.0,1620.9,1584.0,1615.6,1616.0,1574.8,254119,409105859.0,24311
2026-07-09,INE0X3M01010,BLUEWATER,ST,352.95,353.0,344.0,353.0,353.0,336.2,12000,4222950.0,12
2026-07-09,INE304W01038,BLUESTONE,EQ,566.65,581.4,565.0,571.75,569.0,566.2,182134,104668227.3,10512
2026-07-09,INE0U4101014,BLUSPRING,EQ,107.0,111.0,105.51,106.66,107.9,105.61,677253,73086722.31,8302
2026-07-09,INE965W01036,BMWVENTLTD,EQ,59.49,59.49,58.0,58.5,58.5,58.07,58324,3407799.68,885
2026-07-09,INE00HZ01011,BNAGROCHEM,BE,285.0,285.0,282.0,282.0,282.0,285.0,1537,435011.0,12
2026-07-09,INE338D01028,BODALCHEM,BE,60.9,62.35,58.22,59.5,59.5,60.37,163258,9804009.98,889
2026-07-09,INE0EEJ01023,BTML,EQ,5.99,6.1,5.52,6.0,6.0,6.01,130376,777726.22,276
2026-07-09,INE802W01023,BOHRAIND,EQ,14.25,14.7,13.54,14.2,13.68,14.25,15457,215892.45,80
2026-07-09,INE050A01025,BBTC,EQ,1500.4,1530.4,1488.0,1513.4,1507.1,1498.1,50443,76216843.5,5190
2026-07-09,INE032A01023,BOMDYEING,EQ,124.1,127.4,124.1,126.08,125.76,123.91,374107,47174178.13,4766
2026-07-09,INE0I3Y01014,BMETRICS,SM,38.0,38.0,35.5,36.0,35.5,35.0,2400,88000.0,3
2026-07-09,INE032Z01020,BSHSL,BE,91.25,91.25,87.55,88.0,88.0,88.31,2860,251871.67,70
2026-07-09,INE053F07595,704IRFC28,N6,1076.0,1076.0,1076.0,1076.0,1076.0,1074.3,11,11836.0,3
2026-07-09,INE053F07538,810IRFC27,N2,1071.15,1074.0,1071.01,1071.51,1071.51,1073.0,522,559300.3,11
2026-07-09,INE906B07CB9,830NHAI27,N2,1078.1,1079.0,1076.0,1078.0,1078.0,1078.0,668,720001.75,13
2026-07-09,INE053F07686,865IRFC29,,1101.0,1101.0,1100.85,1100.85,1100.85,1101.0,405,445845.0,3
2026-07-09,INE020B07HS2,871REC28,N9,1116.5,1118.0,1111.0,1113.36,1113.05,1117.0,1495,1665412.97,38
2026-07-09,INE053F07744,888IRFC29,NE,1109.0,1109.8,1109.0,1109.8,1109.8,1110.0,35,38823.0,2
2026-07-09,INE557F07132,901NHB34,N6,6300.0,6300.0,6300.0,6300.0,6300.0,6300.0,57,359100.0,3
2026-07-09,INE0B9A01018,BONLON,EQ,42.5,42.98,41.51,42.1,42.25,42.57,3533,149196.4,120
2026-07-09,INE16SF01016,BORANA,EQ,300.7,308.9,300.7,305.1,306.9,299.15,17772,5422957.5,468
2026-07-09,INE02PY01013,BOROLTD,EQ,228.44,235.0,228.1,230.88,230.1,227.31,71208,16455861.16,2196
2026-07-09,INE666D01022,BORORENEW,EQ,602.0,659.5,598.6,651.65,653.8,594.6,5819739,3761541241.9,125504
2026-07-09,INE02L001032,BOROSCI,EQ,156.7,161.57,155.23,158.31,158.2,155.84,86550,13740642.15,1783
2026-07-09,INE782A01015,BOSCH-HCIL,EQ,1340.0,1369.0,1340.0,1347.8,1348.9,1339.4,28335,38367344.6,1903
2026-07-09,INE323A01026,BOSCHLTD,EQ,41610.0,42320.0,41610.0,42225.0,42170.0,41610.0,25168,1057315855.0,9652
2026-07-09,INE0QNI01012,BOSS,SM,33.4,33.4,33.35,33.35,33.35,35.1,4000,133500.0,2
2026-07-09,INE110A01019,BPL,EQ,54.1,64.0,53.7,58.84,58.72,53.34,935759,57115946.63,6133
2026-07-09,INE0R4Z01018,BRACEPORT,SM,56.65,56.7,56.65,56.65,56.65,56.0,6400,362720.0,4
2026-07-09,INE02RE01045,FIRSTCRY,EQ,207.9,209.47,202.56,203.44,203.68,206.65,1966577,404908635.9,24846
2026-07-09,INE977Y01011,BCONCEPTS,EQ,214.99,220.0,207.26,211.34,214.0,206.28,14192,3003447.14,871
2026-07-09,INE0XUD01014,BRANDMAN,ST,182.95,192.4,182.95,192.4,192.4,192.55,16800,3120720.0,18
2026-07-09,INE791I01019,BRIGADE,EQ,502.75,537.15,500.0,534.0,534.9,502.75,2343245,1223182656.9,56379
2026-07-09,INE03NU01014,BRIGHOTEL,EQ,63.49,64.1,63.0,63.54,64.1,62.84,78005,4954586.34,1399
2026-07-09,INE425B01027,BCG,EQ,9.48,9.68,9.4,9.42,9.43,9.48,3585829,34071301.67,4858
2026-07-09,INE216A01030,BRITANNIA,EQ,5326.0,5388.5,5326.0,5361.5,5348.5,5315.5,174108,934317050.5,24046
2026-07-09,INE0FDU25010,BIRET,RR,338.39,339.89,335.66,336.6,336.7,337.47,90377,30486788.2,5853
2026-07-09,INE650L01011,BROOKS,BE,68.95,72.25,66.8,70.51,70.95,69.61,28858,1981019.29,216
2026-07-09,INE118H01025,BSE,EQ,3762.0,3852.0,3760.6,3805.7,3811.8,3739.1,2319842,8819099847.2,112956
2026-07-09,INE594B01012,BSL,EQ,127.5,129.8,126.21,127.0,126.62,126.85,1594,203625.12,226
2026-07-09,INE295F01017,BUTTERFLY,EQ,720.0,738.0,715.5,721.25,720.0,717.5,63225,45890079.35,3252
2026-07-09,INE0SZ301012,BULKCORP,SM,52.05,55.0,52.05,55.0,55.0,53.0,2400,128460.0,2
2026-07-09,INE0SMX01019,CKKRETAIL,SM,140.0,140.0,140.0,140.0,140.0,138.9,800,112000.0,1
2026-07-09,INE0QBU01012,CPS,SM,1061.0,1061.0,997.5,998.8,997.5,1050.0,900,908250.0,6
2026-07-09,INE0BV301023,MAPMYINDIA,EQ,930.0,1094.0,926.0,1069.2,1060.25,931.45,7268771,7577323319.9,245298
2026-07-09,INE0U7V01015,C2C,SM,397.05,404.9,395.0,398.9,399.95,395.6,53550,21420435.0,290
2026-07-09,INE526B01014,CALSOFT,BE,20.38,21.39,20.38,21.39,21.39,20.38,89073,1878620.84,220
2026-07-09,INE627H01017,CTE,EQ,29.6,30.4,29.0,29.33,29.4,29.44,20216,598055.1,155
2026-07-09,INE052I01032,CAMLINFINE,EQ,128.7,132.72,128.7,129.29,129.4,129.05,587742,76693650.1,6531
2026-07-09,INE278Y01022,CAMPUS,EQ,227.8,229.85,226.3,228.04,227.8,229.89,214061,48803203.64,9499
2026-07-09,INE477A01020,CANFINHOME,EQ,892.9,920.8,892.9,916.1,913.05,892.3,258927,234724856.05,14847
2026-07-09,INE476A01022,CANBK,EQ,121.77,125.3,121.5,124.8,125.2,121.15,25763230,3186533658.16,107923
2026-07-09,INE01TY01017,CANHLIFE,EQ,141.95,143.46,140.5,141.34,141.4,141.89,436544,61710168.77,6048
2026-07-09,INE218I01013,CRAMC,EQ,244.5,255.6,243.11,253.99,253.5,243.61,347767,87922436.33,11187
2026-07-09,INE0QG301017,CANARYS,SM,19.25,19.25,19.0,19.0,19.0,19.25,104000,1984200.0,26
2026-07-09,INE068L01024,CANTABIL,EQ,253.0,256.29,251.46,252.71,253.6,251.84,36788,9321874.89,1732
2026-07-09,INE264T01014,CAPACITE,EQ,236.85,241.4,233.1,234.8,236.0,234.7,372531,88195206.2,11240
2026-07-09,INE0ILV01024,CAPILLARY,EQ,509.55,514.2,500.3,506.6,504.4,510.65,58055,29434210.1,3042
2026-07-09,INE345H01024,CIFL,EQ,22.81,22.85,22.01,22.6,22.57,22.36,40373,913714.3,154
2026-07-09,INE0Z8Z23013,CAPINVIT,IV,74.48,74.5,73.7,73.97,73.95,73.93,421196,31164737.69,5683
2026-07-09,INE646H01017,CAPITALSFB,EQ,282.4,293.0,282.1,290.4,290.0,281.75,42029,12135353.55,1118
2026-07-09,INE707C01018,CAPTRUST,BE,12.8,13.0,12.6,12.9,12.99,12.54,11152,143026.51,54
2026-07-09,INE475E01026,CAPLIPOINT,EQ,2553.6,2638.0,2550.0,2621.4,2625.0,2528.4,119270,311995128.2,15216
2026-07-09,INE180C01042,CGCL,EQ,239.4,256.1,239.0,252.64,255.6,237.06,9594936,2395708663.78,76728
2026-07-09,INE120A01034,CARBORUNIV,EQ,1082.6,1096.9,1072.1,1089.8,1090.0,1080.5,303053,329584698.2,15929
2026-07-09,INE752H01013,CARERATING,EQ,1618.1,1648.1,1599.1,1639.1,1644.3,1610.1,19355,31491341.1,3430
2026-07-09,INE0P6P01016,CPEDU,EQ,198.04,200.0,197.0,197.25,197.0,197.28,1875,371155.7,83
2026-07-09,INE0V7W01012,CARRARO,EQ,544.8,579.8,543.6,561.0,560.55,524.5,1185574,670592403.4,41173
2026-07-09,INE290S01011,CARTRADE,EQ,2775.9,2823.6,2692.0,2735.2,2759.0,2775.9,435110,1196424774.9,28381
2026-07-09,INE482D01024,CARYSIL,EQ,1106.5,1194.0,1105.9,1186.6,1181.0,1098.5,130235,152303434.5,8873
2026-07-09,INE0WL201014,CUDML,ST,181.0,184.95,181.0,184.6,184.75,181.0,41000,7546400.0,18
2026-07-09,INE172A01027,CASTROLIND,EQ,183.11,184.0,183.11,183.5,183.65,183.31,867574,159174367.44,12738
2026-07-09,INE421D01022,CCL,EQ,1182.0,1223.9,1182.0,1209.2,1214.0,1181.2,355163,429716354.1,17905
2026-07-09,INE157D07EN6,985CCSP27,N0,100010.46,100010.46,100010.46,100010.46,100010.46,99898.1,3,300031.38,2
2026-07-09,INE482A01020,CEATLTD,EQ,3856.5,3948.7,3839.0,3908.5,3912.0,3858.6,96029,376007837.5,14156
2026-07-09,INE11J101017,CEDAAR,ST,20.05,20.05,19.95,19.95,19.95,21.0,7000,139900.0,7
2026-07-09,INE0AG901020,CEIGALL,EQ,373.0,374.7,364.0,368.9,369.5,366.15,504691,185883294.6,22596
2026-07-09,INE016Q01014,CEINSYS,EQ,912.9,916.95,899.05,907.8,911.0,903.0,39203,35540407.35,2555
2026-07-09,INE185H01016,CELEBRITY,EQ,7.6,7.84,7.31,7.42,7.33,7.38,41380,310293.37,147
2026-07-09,INE0O0001013,CELLPOINT,SM,14.75,15.85,14.55,15.05,15.85,14.25,3600,54180.0,3
2026-07-09,INE0OMO01025,CELLECOR,ST,37.0,38.65,37.0,38.2,38.15,37.9,63000,2401200.0,20
2026-07-09,INE0LMW01024,CELLO,EQ,359.85,362.95,356.5,358.5,358.95,358.0,231336,83175034.15,11489
2026-07-09,INE686A01026,CEMPRO,EQ,1500.0,1564.5,1493.2,1554.1,1557.0,1490.0,559286,859271970.1,24905
2026-07-09,INE483A01010,CENTRALBK,EQ,31.3,31.84,31.24,31.65,31.73,31.25,4035612,127528476.65,13727
2026-07-09,INE736A01011,CDSL,EQ,1316.0,1354.6,1316.0,1346.5,1348.0,1311.4,1462201,1968489977.7,46433
2026-07-09,INE05HV01027,CMPDI,EQ,264.0,270.79,262.25,263.66,264.12,259.31,2828259,753480849.9,38754
2026-07-09,INE660C01027,CENTRUM,EQ,24.8,24.8,24.09,24.36,24.5,24.1,157554,3851170.38,788
2026-07-09,INE320B01020,CENTUM,EQ,3555.0,3608.2,3500.0,3557.9,3531.5,3513.3,38028,135359281.0,8132
2026-07-09,INE485A01015,CENTENKA,EQ,509.0,522.95,507.0,516.05,514.0,507.3,50142,25732676.7,2931
2026-07-09,INE281A01026,CENTEXT,EQ,19.29,19.29,18.73,18.82,19.0,19.09,32315,610578.59,405
2026-07-09,INE348B01021,CENTURYPLY,EQ,770.25,778.15,765.55,773.6,770.1,770.25,19468,15075251.95,5240
2026-07-09,INE739E01017,CERA,EQ,6344.5,6391.0,6260.5,6291.0,6339.5,6323.5,3675,23253382.5,1659
2026-07-09,INE345B01019,CEREBRAINT,BZ,3.18,3.2,3.0,3.19,3.2,3.05,121366,381973.93,145
2026-07-09,INE486A01021,CESC,EQ,164.09,164.29,161.95,162.88,163.42,163.78,1065513,173811583.86,21071
2026-07-09,INE067A01029,CGPOWER,EQ,910.8,922.6,903.05,910.9,911.35,908.1,4205285,3828962305.4,84910
2026-07-09,INE427F01016,CHALET,EQ,803.85,822.95,797.25,819.05,821.1,799.9,72149,58979430.0,4810
2026-07-09,INE419D01026,CLSEL,EQ,286.8,291.6,286.75,288.7,286.75,288.25,34280,9905682.1,1003
2026-07-09,INE06PV01010,CMNL,SM,100.0,100.0,98.05,99.0,99.0,102.2,6750,667537.5,6
2026-07-09,INE085A01013,CHAMBLFERT,EQ,455.05,458.7,451.0,453.85,455.0,451.0,224044,102158103.75,8588
2026-07-09,INE11HG01018,CHAMUNDA,SM,44.8,44.8,43.05,44.45,44.45,44.2,9000,396900.0,3
2026-07-09,INE0B2N01016,CHANDAN,SM,247.5,255.85,246.25,254.1,255.0,242.1,43200,10887640.0,52
2026-07-09,INE0PT101017,CHAVDA,SM,87.85,89.5,87.75,88.6,88.0,87.75,7000,617850.0,5
2026-07-09,INE0TGX01019,CHEMBONDCH,BE,237.1,237.5,226.25,231.56,230.0,237.1,9029,2100406.51,156
2026-07-09,INE995D01025,CHEMBOND,BE,180.0,183.82,176.2,179.83,178.95,183.78,1275,227540.97,56
2026-07-09,INE03YM01018,CHEMCON,BE,181.1,184.0,179.0,182.91,183.39,181.0,10515,1913430.54,196
2026-07-09,INE783X01023,CHEMFAB,BE,374.0,384.0,360.6,363.0,370.0,372.05,3892,1458245.55,61
2026-07-09,INE488A01050,CHEMPLASTS,EQ,198.0,204.01,197.65,198.51,200.0,198.07,254871,51144124.57,8343
2026-07-09,INE178A01016,CHENNPETRO,EQ,1124.0,1138.8,1108.2,1121.7,1130.0,1109.9,733602,825713368.4,25243
2026-07-09,INE0U1T01012,CHETANA,ST,44.0,46.5,44.0,46.5,46.5,45.35,3200,144800.0,2
2026-07-09,INE974B01016,CHEVIOT,EQ,1105.0,1149.9,1105.0,1123.9,1120.0,1113.0,1922,2165795.4,167
2026-07-09,INE102B01014,CHOICEIN,EQ,791.0,837.0,787.55,830.45,825.0,769.1,8696557,7121609137.0,109091
2026-07-09,INF2KCX01012,CHOICEGOLD,EQ,140.28,142.99,140.28,141.95,142.48,140.35,3723,527449.14,132
2026-07-09,INE149A01033,CHOLAHLDNG,EQ,1651.0,1663.0,1641.7,1652.2,1649.9,1663.1,51478,85190085.0,8838
2026-07-09,INE121A01024,CHOLAFIN,EQ,1767.0,1805.9,1755.3,1791.9,1803.0,1769.4,1291022,2302527263.0,56166
2026-07-09,INE536H01010,CIEINDIA,EQ,453.4,465.5,451.1,461.85,462.75,451.1,185736,85714871.1,10271
2026-07-09,INE704H01022,CINELINE,EQ,79.68,81.84,79.65,79.96,79.65,79.97,9400,753829.3,153
2026-07-09,INE039B01026,CINEVISTA,EQ,15.67,15.97,15.21,15.48,15.65,15.67,24575,381703.92,229
2026-07-09,INE059A01026,CIPLA,EQ,1430.0,1454.8,1426.4,1441.3,1443.6,1431.8,947375,1368661888.9,67648
2026-07-09,INE2Q7823014,CITIUSINVT,IV,107.01,107.79,107.01,107.31,107.3,107.01,46374,4980206.02,778
2026-07-09,INE491A01021,CUB,EQ,222.7,231.0,217.55,229.09,230.4,220.08,2994116,676211657.45,41373
2026-07-09,INE201M01029,CLEDUCATE,BE,57.49,58.19,57.49,58.19,58.19,57.05,16337,943709.39,61
2026-07-09,INE0UQ601012,CLASSICEIL,ST,50.6,54.5,49.4,52.55,50.0,52.0,72000,3638000.0,41
2026-07-09,INE1QGM01024,CLAYCRAFT,SM,180.5,186.7,177.0,177.9,179.6,179.85,81000,14639490.0,115
2026-07-09,INE647U01026,CLEANMAX,EQ,1270.7,1340.8,1270.0,1327.1,1330.0,1254.8,278560,366318832.5,18611
2026-07-09,INE227W01023,CLEAN,EQ,774.95,776.65,760.1,764.45,765.5,767.9,160740,123706946.95,9435
2026-07-09,INE1EF801010,CSSL,SM,95.0,106.95,95.0,104.35,102.1,93.55,79000,8223900.0,69
2026-07-09,INE00WV01027,CMRGREEN,EQ,232.4,234.75,223.05,224.65,224.0,230.4,1413756,323381352.95,14120
2026-07-09,INE925R01014,CMSINFO,EQ,267.0,267.75,255.15,257.9,260.0,263.85,1065411,277275092.55,23749
2026-07-09,INE522F01014,COALINDIA,EQ,432.45,435.8,428.85,429.9,429.95,429.05,2855525,1234183375.75,61301
2026-07-09,INE377E01024,COASTCORP,EQ,49.01,50.67,47.71,49.92,50.55,48.65,177550,8749654.76,2754
2026-07-09,INE704P01025,COCHINSHIP,EQ,1410.5,1439.0,1402.1,1406.7,1410.0,1404.1,2392180,3393336105.7,48262
2026-07-09,INE335K01011,COFFEEDAY,BE,31.92,32.9,31.5,32.04,31.7,31.83,474959,15206703.23,1029
2026-07-09,INE591G01025,COFORGE,EQ,1450.0,1479.2,1427.8,1468.6,1471.9,1445.9,1647511,2408994551.4,64302
2026-07-09,INE03QK01018,COHANCE,EQ,432.55,448.0,425.1,440.15,441.4,430.8,454022,199550413.0,17798
2026-07-09,INE259A01022,COLPAL,EQ,2028.0,2073.8,2028.0,2063.0,2063.9,2020.1,271151,557659595.8,27807
2026-07-09,INE819A01049,COMFINTE,EQ,5.69,5.8,5.28,5.71,5.8,5.58,198142,1125373.88,488
2026-07-09,INE073V01015,COMSYN,EQ,191.02,199.0,189.25,190.87,190.7,191.61,658005,127966323.05,4159
2026-07-09,INE597Z01014,COMMITTED,ST,327.0,338.0,327.0,338.0,338.0,338.0,1600,532000.0,2
2026-07-09,INE070C01037,COMPINFO,BZ,1.28,1.28,1.18,1.21,1.21,1.24,34477,41451.38,56
2026-07-09,INE453B01029,COMPUSOFT,EQ,13.59,13.95,13.46,13.51,13.46,13.46,17396,236688.09,178
2026-07-09,INE596I01020,CAMS,EQ,749.5,779.6,747.0,775.7,778.0,749.8,1310918,1007129340.2,63210
2026-07-09,INE338H01029,CONCORDBIO,EQ,1250.1,1311.2,1250.1,1305.4,1311.2,1259.8,121847,158359261.0,12041
2026-07-09,INE037Z01029,CEWATER,EQ,309.05,323.1,309.05,319.5,322.1,308.3,84442,26746232.9,3584
2026-07-09,INE552D01024,CONFIPET,EQ,69.39,73.18,69.39,72.32,72.23,69.29,1331851,95792280.49,7233
2026-07-09,INE0EAS01014,CONNPLEX,SM,202.0,204.0,202.0,202.5,202.5,200.15,8800,1787400.0,11
2026-07-09,INE429I01024,CCCL,EQ,15.71,17.0,15.42,16.49,16.26,15.48,399995,6415558.41,1159
2026-07-09,INE025A01027,CONSOFINVT,EQ,252.0,263.99,248.99,261.44,262.45,247.76,140649,36372495.7,2535
2026-07-09,INE111A01025,CONCOR,EQ,452.05,460.2,452.05,457.1,458.0,451.4,511426,233928408.55,12589
2026-07-09,INE340Z01019,CONTI,SM,11.9,11.9,11.9,11.9,11.9,11.35,3333,39662.7,1
2026-07-09,INE663B01015,CONTROLPR,EQ,647.4,668.55,641.5,646.3,644.0,653.0,25270,16526561.2,1978
2026-07-09,INE0HS001028,COOLCAPS,ST,24.95,25.6,23.65,25.0,25.0,24.5,66250,1644812.5,28
2026-07-09,INE558D01021,CORALFINAC,EQ,34.0,34.99,33.1,34.3,34.85,33.36,9726,333941.86,213
2026-07-09,INE792I01017,CORDSCABLE,BE,205.0,208.0,197.0,204.4,204.65,202.92,11054,2251103.22,155
2026-07-09,INE169A01031,COROMANDEL,EQ,2010.2,2051.0,2003.1,2014.3,2010.0,2009.0,219341,444719579.3,29326
2026-07-09,INE02ZQ01018,CORONA,EQ,1985.0,2046.1,1984.9,2022.8,2027.2,1979.4,11366,22984764.4,2309
2026-07-09,INE757A01017,COSMOFIRST,EQ,815.0,839.0,811.55,817.65,815.0,811.3,72271,59541864.55,3850
2026-07-09,INE652F01027,CCHHL,EQ,12.75,12.99,12.53,12.82,12.89,12.6,9090,116468.25,81
2026-07-09,INE695B01025,COUNCODOS,EQ,5.23,5.23,5.01,5.12,5.15,5.1,78063,404090.88,208
2026-07-09,INE521J01018,CPCAP,BE,112.95,116.4,112.95,115.27,115.48,112.67,42647,4894312.37,140
2026-07-09,INF457M01133,CPSEETF,EQ,97.8,97.8,95.33,95.57,95.64,95.92,787296,75529065.18,7400
2026-07-09,INE00LO01017,CRAFTSMAN,EQ,9208.0,9360.0,9100.0,9282.5,9320.0,9181.5,55734,515797923.5,8832
2026-07-09,INE0OFK01019,CRAYONS,SM,28.8,28.8,28.8,28.8,28.8,27.7,1000,28800.0,1
2026-07-09,INE230B01021,CREATIVEYE,EQ,6.1,6.7,6.1,6.58,6.4,6.42,2868,18381.91,58
2026-07-09,INE0R7401011,CGRAPHICS,SM,141.0,141.95,138.15,138.6,138.9,141.5,96000,13430240.0,77
2026-07-09,INE985W01018,CNL,EQ,787.9,899.0,785.8,842.15,840.0,785.25,3429980,2979865359.65,94108
2026-07-09,INE741K01010,CREDITACC,EQ,1542.0,1559.8,1524.1,1546.1,1543.0,1536.7,261391,403602118.2,24314
2026-07-09,INE220Q01020,MUFTI,EQ,84.25,86.08,83.59,84.8,85.2,84.25,73288,6218748.63,1379
2026-07-09,INE559D01011,CREST,EQ,366.3,374.0,365.3,369.2,370.0,364.35,9028,3332256.2,155
2026-07-09,INE007A01025,CRISIL,EQ,3915.0,4066.1,3888.1,4054.7,4060.0,3871.8,92290,367754417.7,14377
2026-07-09,INE0S4R01014,CRIZAC,EQ,196.95,199.74,195.51,198.33,199.0,195.11,125693,24872220.03,4188
2026-07-09,INE299U01018,CROMPTON,EQ,262.0,265.2,257.8,259.0,259.25,258.9,1877083,488179884.75,23799
2026-07-09,INE00NH01017,CLSL,SM,48.0,48.0,48.0,48.0,48.0,48.0,2000,96000.0,1
2026-07-09,INE491V01019,CROWN,EQ,114.2,114.95,112.0,113.18,113.99,110.34,3144,357792.1,73
2026-07-09,INE679A01013,CSBBANK,EQ,349.0,353.7,348.95,351.05,352.1,350.75,201595,70845383.8,13290
2026-07-09,INE718F01018,CSLFINANCE,EQ,222.0,227.48,217.61,226.71,227.48,214.07,52569,11747371.66,814
2026-07-09,INE0ZK601013,CSM,BE,102.0,102.0,95.55,99.17,100.9,100.46,250081,24458676.25,2402
2026-07-09,INE0NR623014,CUBEINVIT,IV,157.0,157.0,157.0,157.0,157.0,156.0,25000,3925000.0,1
2026-07-09,INE144D01012,CUBEXTUB,EQ,78.2,83.3,77.04,81.23,81.4,76.29,131992,10720790.27,2291
2026-07-09,INE298A01020,CUMMINSIND,EQ,5506.0,5566.5,5492.0,5542.5,5530.5,5498.5,295533,1636578691.5,27896
2026-07-09,INE509F01029,CUPID,EQ,196.0,216.86,196.0,210.01,214.52,196.98,104267938,21815830584.72,542973
2026-07-09,INE117B01020,CURAA,EQ,76.93,77.85,74.2,75.0,74.98,76.93,2165,162628.05,51
2026-07-09,INE1CRQ01014,CURRENT,SM,109.0,109.0,99.0,100.95,100.95,105.85,27200,2768240.0,17
2026-07-09,INE278G01037,CYBERMEDIA,BE,15.51,16.27,15.51,16.21,16.21,16.28,1320,20675.59,18
2026-07-09,INE075Z01011,CMRSL,SM,67.85,67.85,67.85,67.85,67.85,67.85,800,54280.0,1
2026-07-09,INE214A01019,CYBERTECH,BE,141.05,144.95,137.75,139.03,139.24,139.6,16011,2250957.06,206
2026-07-09,INE055S01018,CYIENTDLM,EQ,525.95,548.0,525.95,538.3,540.0,521.1,339633,183105267.65,11130
2026-07-09,INE136B01020,CYIENT,EQ,835.0,839.0,825.0,830.65,832.0,834.85,332859,276780887.5,15871
2026-07-09,INE0GN101014,DKEGL,SM,67.95,67.95,67.95,67.95,67.95,63.05,1500,101925.0,1
2026-07-09,INE864X01013,DPWIRES,BE,180.0,184.99,180.0,180.65,180.7,181.67,7499,1358572.3,164
2026-07-09,INE250K01012,DLINKINDIA,EQ,541.05,549.2,541.05,546.05,547.9,538.25,756223,413144255.6,11630
2026-07-09,INE266Y01019,DPABHUSHAN,EQ,1080.0,1180.0,1079.0,1151.05,1165.0,1076.05,331730,378361105.2,27284
2026-07-09,INE950I01011,DBCORP,EQ,197.56,227.95,197.1,201.43,201.0,197.56,13680305,2966033043.51,122340
2026-07-09,INE016A01026,DABUR,EQ,437.5,449.45,437.0,443.15,443.0,436.55,1477623,656779960.3,21067
2026-07-09,INE928C01010,DAICHI,BE,314.9,319.9,297.2,316.9,315.5,310.3,1050,322771.85,39
2026-07-09,INE00R701025,DALBHARAT,EQ,1730.0,1754.5,1721.7,1742.3,1745.1,1718.4,205888,358656547.1,13928
2026-07-09,INE495A01022,DALMIASUG,EQ,355.1,366.5,355.05,360.55,362.0,354.75,110457,39802049.95,3200
2026-07-09,INE284H01025,DAMCAPITAL,EQ,146.12,154.5,146.12,151.53,152.2,145.52,386723,58601907.76,5885
2026-07-09,INE497D01022,DAMODARIND,BE,31.11,31.75,30.3,31.49,31.49,31.8,1374,42302.97,27
2026-07-09,INE688Y01022,DANGEE,EQ,3.14,3.29,3.12,3.15,3.17,3.14,58218,185054.41,111
2026-07-09,INE0YU901016,DANISH,SM,906.75,950.0,906.75,942.15,942.0,891.7,12750,11946675.0,79
2026-07-09,INE04Q901010,DCCL,SM,41.95,41.95,41.95,41.95,41.95,41.95,2000,83900.0,1
2026-07-09,INE0IX101010,DATAPATTNS,EQ,4306.0,4385.0,4270.0,4284.0,4286.9,4290.3,538979,2320970494.9,41627
2026-07-09,INE365B01017,DATAMATICS,EQ,852.6,888.0,852.6,863.8,867.0,848.15,387245,338856363.7,14004
2026-07-09,INE179G01029,DAVANGERE,EQ,3.56,3.64,3.56,3.57,3.58,3.56,3341329,11972486.79,1444
2026-07-09,INE921B01025,DBSTOCKBRO,EQ,44.9,47.5,41.4,42.3,41.55,44.67,332356,14791861.24,2512
2026-07-09,INE0A1101019,DCI,BE,280.95,294.9,275.2,285.3,288.85,281.65,2536,726133.0,64
2026-07-09,INE503A01015,DCBBANK,EQ,181.15,187.5,181.15,186.01,187.5,180.0,601717,110933526.58,14924
2026-07-09,INE0S8401018,DCG,SM,48.55,50.5,48.55,50.0,50.0,50.0,12000,592440.0,10
2026-07-09,INE891B01012,DCMFINSERV,BE,5.33,5.33,5.33,5.33,5.33,5.33,3758,20030.14,8
2026-07-09,INE498A01018,DCM,BE,96.0,102.0,96.0,100.06,100.0,97.42,24234,2436898.37,147
2026-07-09,INE08KP01019,DCMNVL,BE,153.59,153.59,147.0,147.77,147.55,146.29,159,23647.37,11
2026-07-09,INE0OFM01015,DSFCL,BE,24.44,24.44,23.5,23.53,23.78,24.08,82794,1956250.85,217
2026-07-09,INE843D01027,DCMSRIND,EQ,41.31,43.18,40.6,41.19,40.86,42.07,171391,7158648.09,1297
2026-07-09,INE0OU201013,DCMSIL,BE,75.31,75.31,75.31,75.31,75.31,73.84,15906,1197880.86,26
2026-07-09,INE499A01024,DCMSHRIRAM,EQ,1040.6,1058.4,1040.6,1046.1,1044.1,1040.6,22655,23776972.4,4115
2026-07-09,INE500A01029,DCW,EQ,47.09,48.98,47.06,48.38,48.55,46.94,1185686,57407441.88,5446
2026-07-09,INE0KL801015,DCXINDIA,EQ,195.02,199.0,193.42,196.71,197.3,193.92,467506,92055607.63,6174
2026-07-09,INE0HR601026,DDEVPLSTIK,EQ,275.0,280.95,275.0,277.1,277.8,273.9,78223,21775078.1,2760
2026-07-09,INE0JWV01011,DENEERS,SM,172.0,178.35,170.0,177.65,177.65,170.65,12000,2073870.0,19
2026-07-09,INE244A01016,DENORA,EQ,849.6,900.0,849.6,886.0,892.8,848.4,7833,6966400.15,1028
2026-07-09,INE583C01021,DECCANCE,EQ,557.25,582.25,557.25,574.4,569.05,564.8,26880,15325408.1,740
2026-07-09,INE945F01025,DECNGOLD,EQ,192.8,207.4,192.66,205.27,206.5,190.09,3514094,709916567.24,28771
2026-07-09,INE0S7C01019,DECCANTRAN,SM,24.0,24.0,23.0,23.0,23.0,22.3,3600,85200.0,3
2026-07-09,INE841L01016,DEEDEV,BE,643.0,700.0,642.95,677.5,686.0,674.95,111942,74628987.25,2662
2026-07-09,INE586O01011,DEEM,ST,53.15,53.15,53.15,53.15,53.15,50.65,1000,53150.0,1
2026-07-09,INE0FHS01024,DEEPINDS,EQ,450.15,468.8,450.15,454.15,453.45,449.6,210309,96898508.3,6496
2026-07-09,INE0OPA01027,DBEIL,BE,7.88,8.18,7.7,7.96,8.04,8.1,307951,2431194.73,532
2026-07-09,INE501A01019,DEEPAKFERT,EQ,1538.0,1561.5,1523.0,1546.2,1545.1,1521.0,153344,237616700.8,11468
2026-07-09,INE288B01029,DEEPAKNTR,EQ,1571.4,1634.9,1571.4,1621.2,1624.9,1571.3,202711,327330254.6,16578
2026-07-09,INE0SK801018,DELAPLEX,SM,98.0,100.45,98.0,100.45,100.45,100.0,5400,534570.0,7
2026-07-09,INE148O01028,DELHIVERY,EQ,505.0,520.4,505.0,515.65,515.2,501.8,8003908,4125883800.9,94271
2026-07-09,INE726L01027,DELPHIFX,BE,8.85,8.9,8.6,8.79,8.78,8.72,666344,5865227.8,177
2026-07-09,INE0XRN01019,DELTIC,ST,31.65,34.0,31.65,33.0,33.0,32.85,13000,424300.0,10
2026-07-09,INE124G01033,DELTACORP,EQ,63.49,67.8,62.71,64.81,64.58,62.81,2877488,187585424.59,16726
2026-07-09,INE393A01011,DELTAMAGNT,EQ,61.81,61.81,58.1,58.71,58.71,60.79,5119,303122.72,113
2026-07-09,INE947J01015,DEN,EQ,28.19,28.75,28.02,28.41,28.37,27.99,351395,9980539.78,1530
2026-07-09,INE0R4L01018,DENTA,EQ,327.1,333.15,325.0,329.55,331.0,326.75,210930,69413415.55,6013
2026-07-09,INE0VOV01021,DEVX,EQ,34.3,35.19,34.3,34.7,34.97,34.63,29325,1021976.05,244
2026-07-09,INE060X01034,DEVIT,EQ,27.51,28.1,27.51,27.63,27.9,27.66,13922,387882.58,179
2026-07-09,INE872J01023,DEVYANI,EQ,112.73,113.87,111.6,111.81,111.84,112.73,988901,111206469.26,9348
2026-07-09,INE0I3401014,DBOL,BE,109.7,112.0,107.01,109.8,110.57,109.55,30863,3392183.07,171
2026-07-09,INE041A01016,DHAMPURSUG,EQ,140.25,144.0,140.25,141.81,143.11,140.69,132143,18765964.63,2051
2026-07-09,INE680A01011,DHANBANK,EQ,33.32,34.68,33.32,33.89,33.97,33.63,1948829,66361033.19,6232
2026-07-09,INE0V9V01010,DHANLAXMI,SM,25.5,25.5,25.5,25.5,25.5,25.5,2000,51000.0,1
2026-07-09,INE0M3I01029,DHANSA,ST,23.4,23.4,23.4,23.4,23.4,23.4,2000,46800.0,1
2026-07-09,INE435G01025,DHANUKA,EQ,1039.2,1069.0,1035.0,1037.4,1038.8,1036.6,29859,31312651.8,2694
2026-07-09,INE2HJL01019,DHARARAIL,ST,138.5,138.5,135.0,135.0,135.0,138.5,16000,2163550.0,16
2026-07-09,INE278R01034,DHARAN,BZ,0.16,0.16,0.15,0.15,0.16,0.15,6802146,1055471.41,1048
2026-07-09,INE0YRN01025,DHARIWAL,SM,32.1,34.0,32.1,33.1,33.75,33.15,15000,496200.0,5
2026-07-09,INE00OQ01016,DHARMAJ,EQ,260.0,264.0,257.35,259.35,261.8,260.15,36644,9530765.4,1369
2026-07-09,INE506Z01015,DHRUV,BE,26.27,26.27,26.27,26.27,26.27,25.02,4282,112488.14,35
2026-07-09,INE320L01011,DHUNINV,EQ,979.6,999.55,952.05,960.3,954.2,965.1,5815,5635946.1,477
2026-07-09,INE341R01014,DTIL,EQ,138.16,140.9,135.16,136.11,136.0,137.41,9983,1368625.75,294
2026-07-09,INE477B01010,DVL,EQ,238.7,242.89,236.3,240.98,241.84,237.44,34244,8212037.2,509
2026-07-09,INE591D01014,DIAMINESQ,EQ,252.3,269.0,252.3,266.96,268.0,258.93,7239,1918966.05,264
2026-07-09,INE989C01038,DIACABS,EQ,236.0,251.8,234.01,239.2,239.0,231.33,12547336,3054914978.63,90954
2026-07-09,INE303A01010,DICIND,EQ,514.0,525.0,493.05,516.9,524.75,498.35,3063,1545687.45,234
2026-07-09,INE0JRD01019,DTL,SM,124.0,124.4,124.0,124.0,124.0,120.15,3600,446880.0,3
2026-07-09,INE184O01015,DIFFNKG,EQ,383.1,405.5,381.55,400.2,400.2,381.05,128674,51225116.9,5126
2026-07-09,INE03JI01017,DGCONTENT,EQ,26.4,26.59,25.55,26.02,26.1,24.59,31014,810206.71,256
2026-07-09,INE0PSC01024,DIGIDRIVE,EQ,18.45,18.5,18.17,18.24,18.3,18.5,14722,269354.26,137
2026-07-09,INE0QJ901011,DIGIKORE,SM,55.3,55.3,50.65,52.45,51.85,54.55,115600,6037420.0,163
2026-07-09,INE927C01020,DIGISPICE,BE,19.96,20.48,19.7,20.38,20.0,20.27,72024,1453212.42,197
2026-07-09,INE0U4701011,DIGITIDE,EQ,102.58,107.07,102.58,105.01,105.55,101.61,999692,104488292.55,8197
2026-07-09,INE731U01028,DIGJAMLMTD,EQ,43.2,44.49,42.12,43.66,44.37,43.55,2341,101662.86,44
2026-07-09,INE016M01021,DNAMEDIA,EQ,2.83,2.92,2.76,2.8,2.77,2.83,91820,258110.93,183
2026-07-09,INE917M01012,DBL,EQ,418.8,425.4,416.8,424.0,424.5,418.85,38160,16114086.5,2591
2026-07-09,INE131C01011,DISAQ,EQ,11950.0,12500.0,11501.0,12182.0,12460.0,11836.0,429,5116317.0,309
2026-07-09,INE836F01026,DISHTV,BE,2.97,2.98,2.9,2.93,2.92,2.92,750722,2204939.77,877
2026-07-09,INE385W01011,DCAL,EQ,190.01,197.87,190.01,192.83,192.5,191.27,334999,65222085.76,5806
2026-07-09,INE753U01022,DIVGIITTS,EQ,953.95,988.8,948.65,979.7,978.1,946.6,51983,50734768.2,4506
2026-07-09,INE361B01024,DIVISLAB,EQ,6741.5,6945.0,6740.5,6813.0,6820.5,6755.0,356468,2446415738.0,40410
2026-07-09,INE0NA501011,DIVINEHIRA,ST,118.5,118.5,118.5,118.5,118.5,115.0,1200,142200.0,1
2026-07-09,INE0SCO01019,DPEL,SM,559.0,576.0,559.0,574.1,576.0,556.4,64000,36623625.0,121
2026-07-09,INE0QYI01019,DIVYADHAN,ST,52.65,52.65,52.65,52.65,52.65,53.7,2000,105300.0,1
2026-07-09,INE935N01020,DIXON,EQ,13153.0,13600.0,13153.0,13477.0,13465.0,12934.0,825754,11132778360.0,121835
2026-07-09,INE0B1K01014,DJML,EQ,106.9,115.98,105.99,115.05,114.2,108.55,539417,60928106.9,5821
2026-07-09,INE271C01023,DLF,EQ,637.15,666.0,635.0,659.6,658.0,634.0,6397185,4189278533.15,64622
2026-07-09,INE505A01010,DMCC,EQ,254.35,270.0,252.55,267.85,268.9,256.05,124500,32904844.05,2763
2026-07-09,INE0OGG01015,DHTL,SM,36.25,38.05,36.25,36.8,36.8,36.25,3200,118320.0,3
2026-07-09,INE021O01019,DODLA,EQ,1130.0,1135.0,1107.0,1119.8,1135.0,1120.4,8721,9734473.4,1989
2026-07-09,INE966A01022,DOLATALGO,EQ,70.0,71.9,70.0,71.08,70.8,70.53,109745,7805363.7,1543
2026-07-09,INE325C01035,DOLLAR,EQ,266.15,273.3,264.65,267.4,268.5,266.15,187420,50372182.0,5592
2026-07-09,INE0JHH01011,DOLLEX,SM,28.45,28.45,28.45,28.45,28.45,29.45,4000,113800.0,1
2026-07-09,INE920A01037,DOLPHIN,EQ,390.0,416.0,379.4,385.65,387.3,382.65,89800,35841075.9,3548
2026-07-09,INE321T01012,DOMS,EQ,2253.9,2340.0,2242.3,2322.1,2315.0,2247.9,44846,104067494.0,8470
2026-07-09,INE668D01028,DONEAR,EQ,84.61,86.19,84.27,84.51,85.8,84.61,8155,692645.71,208
2026-07-09,INE360C01024,DPSCLTD,BE,7.53,7.6,7.43,7.49,7.47,7.43,65141,488835.22,296
2026-07-09,INE943P01029,AGARWALEYE,EQ,478.0,493.95,475.0,485.6,485.1,477.85,132963,64697562.8,9524
2026-07-09,INE934C01018,DRAGARWQ,EQ,4980.5,5039.5,4930.5,5012.0,5020.0,4908.0,279,1395069.0,159
2026-07-09,INE600L01024,LALPATHLAB,EQ,1674.5,1696.5,1656.8,1684.6,1690.0,1653.5,253714,425774518.8,19764
2026-07-09,INE089A01031,DRREDDY,EQ,1340.0,1349.0,1261.1,1269.5,1271.2,1349.0,8410883,10888562111.7,235306
2026-07-09,INE03RS01027,DRCSYSTEMS,EQ,14.14,14.14,13.7,13.79,13.82,13.71,20732,287283.39,135
2026-07-09,INE0JS101016,DREAMFOLKS,EQ,66.94,69.5,66.52,67.98,67.71,67.18,47557,3232197.15,1303
2026-07-09,INE506A01018,DREDGECORP,EQ,1041.3,1066.2,1032.1,1056.2,1054.4,1026.8,89916,94706604.1,5309
2026-07-09,INE0P7201019,DRONE,ST,40.0,41.15,38.1,40.9,40.9,40.0,30000,1193500.0,43
2026-07-09,INE055C01020,KEEPLEARN,EQ,1.83,1.87,1.82,1.83,1.86,1.8,26416,48506.84,74
2026-07-09,INF740KA1EU7,LIQUIDETF,EQ,1000.0,1000.01,999.99,1000.0,1000.0,999.99,108380,108379736.39,197
2026-07-09,INF740KA1YH2,BANK10ADD,EQ,17.25,17.29,17.19,17.23,17.26,17.13,81499,1405624.27,65
2026-07-09,INF740KA1RX3,BANKADD,EQ,58.47,58.84,58.44,58.53,58.7,58.18,9038,529585.11,87
2026-07-09,INF740KA1SW3,GOLDADD,EQ,137.45,139.39,137.45,139.12,139.26,137.48,86807,12055777.38,1013
2026-07-09,INF740KA1SX1,ITADD,EQ,30.41,30.41,28.67,29.07,28.7,29.1,38889,1128486.36,240
2026-07-09,INF740KA1QK2,EQUAL50ADD,EQ,338.13,340.78,338.0,338.85,338.0,338.01,11825,4012116.6,254
2026-07-09,INF740KA1CL0,NIFTYADD,EQ,253.16,253.35,251.73,252.15,251.73,251.37,11954,3019702.6,155
2026-07-09,INF740KA1SY9,PSUBANKADD,EQ,81.98,83.27,81.96,82.97,83.25,81.9,332417,27588718.87,351
2026-07-09,INF740KA1TA7,PVTBANKADD,EQ,28.12,28.31,28.08,28.17,28.08,28.0,22270621,627095800.16,694
2026-07-09,INF740KA1ZF3,MIDQ50ADD,EQ,24.41,24.65,24.4,24.56,24.55,24.38,40542,994385.96,97
2026-07-09,INF740KA1SZ6,SENSEXADD,EQ,80.33,80.33,78.93,79.11,78.93,78.75,2041,161841.01,39
2026-07-09,INF740KA1RE3,SILVERADD,EQ,209.5,215.23,209.44,214.64,214.75,211.71,520742,110903302.1,3723
2026-07-09,INF740KA1WU9,FLEXIADD,EQ,9.72,9.8,9.68,9.76,9.8,9.68,34667,338359.7,318
2026-07-09,INF740KA1ZA4,FMCGADD,EQ,49.65,49.71,49.35,49.55,49.35,49.1,2487,123328.22,17
2026-07-09,INF740KA1ZG1,HEALTHADD,EQ,16.28,16.62,16.28,16.43,16.62,16.26,49600,816578.17,109
2026-07-09,INF740KA1UM0,LIQUIDADD,EQ,1134.75,1134.77,1134.75,1134.76,1134.77,1134.6,609109,691194571.2,365
2026-07-09,INF740KA1WW5,MIDCAPADD,EQ,22.65,22.95,22.65,22.86,22.86,22.62,9436,215764.93,30
2026-07-09,INF740KA1WV7,MSCIADD,EQ,29.28,29.33,29.27,29.33,29.33,29.22,15,439.29,4
2026-07-09,INF740KA1VE5,NEXT30ADD,EQ,42.0,42.13,41.96,42.0,42.0,41.89,12133,509459.51,44
2026-07-09,INF740KA1XU7,NEXT50ADD,EQ,71.72,71.92,71.47,71.85,71.9,71.4,1664,119495.13,22
2026-07-09,INF740KA1WX3,SMALLADD,EQ,17.88,18.01,17.88,17.98,18.0,17.7,30535,548014.86,65
2026-07-09,INF740KA1UR9,TOP10ADD,EQ,86.93,86.94,86.05,86.38,86.7,86.35,169303,14605831.51,507
2026-07-09,INE0LZO01015,DUCOL,SM,107.0,107.0,107.0,107.0,107.0,105.5,800,85600.0,1
2026-07-09,INE741L01018,DUCON,BE,3.04,3.14,3.0,3.04,3.05,3.04,345298,1056846.96,277
2026-07-09,INE0HPK01020,DUGLOBAL,ST,30.4,30.4,28.95,29.35,29.35,30.45,45000,1324750.0,14
2026-07-09,INE0OUW01013,DURLAX,ST,47.15,50.85,46.95,50.85,50.85,49.4,90000,4308200.0,42
2026-07-09,INE366A01041,DWARKESH,EQ,42.8,43.33,42.5,42.65,42.72,42.59,298855,12824837.79,2060
2026-07-09,INE417B01040,DSSL,EQ,1272.7,1321.0,1266.3,1290.3,1280.0,1266.3,23063,29799394.6,2443
2026-07-09,INE221B01012,DYNAMATECH,EQ,10649.0,11149.0,10605.0,10845.0,10899.0,10551.0,13834,151260877.0,5274
2026-07-09,INE600Y01019,DYCL,EQ,351.95,368.0,351.95,360.75,364.0,350.95,223991,81267174.85,6981
2026-07-09,INE0DZ701010,DYNAMIC,ST,162.0,162.3,160.0,160.0,160.0,167.25,4000,646050.0,8
2026-07-09,INE256H01015,DYNPRO,EQ,233.2,239.84,229.0,232.2,231.0,235.29,13385,3118535.78,668
2026-07-09,INE0KFF01017,EFACTOR,SM,161.5,162.5,156.6,157.85,159.9,160.95,8800,1411040.0,17
2026-07-09,INE1CEJ01017,E2ERAIL,ST,265.75,268.95,260.5,263.45,266.0,266.95,12000,3183600.0,14
2026-07-09,INE255Z01027,E2E,EQ,378.85,397.7,377.6,397.7,397.7,378.8,1393285,551954334.2,11104
2026-07-09,INE962C01035,EASTSILK,BE,48.5,51.09,47.0,50.6,50.0,48.7,302,14816.39,12
2026-07-09,INE07O001026,EASEMYTRIP,EQ,6.88,6.93,6.74,6.75,6.75,6.85,41948986,284898279.33,14760
2026-07-09,INE528S07128,925ECL28,N2,1005.0,1005.0,1005.0,1005.0,1005.0,1005.0,20,20100.0,2
2026-07-09,INE738I01010,ECLERX,EQ,1484.6,1566.7,1465.4,1556.4,1557.0,1477.3,440139,680177444.5,38489
2026-07-09,INE0VBS01016,ECOLINE,ST,197.8,198.0,195.0,198.0,198.0,197.8,6000,1178750.0,6
2026-07-09,INE06HJ01020,ECOSMOBLTY,BE,127.0,131.0,124.0,126.62,126.0,126.83,104385,13327005.89,656
2026-07-09,INF754K01OB1,BBETF0432,EQ,1351.95,1356.0,1349.6,1356.0,1356.0,1352.45,1190,1611761.87,55
2026-07-09,INF754K01TE4,EBANKNIFTY,EQ,57.57,58.0,57.56,57.82,57.68,57.23,529,30596.9,24
2026-07-09,INF754K01KO2,EBBETF0430,EQ,1615.98,1615.98,1603.49,1605.8,1606.9,1607.42,25345,40665965.65,378
2026-07-09,INF754K01LE1,EBBETF0431,EQ,1436.65,1444.62,1430.59,1441.9,1434.02,1436.14,13502,19355365.95,161
2026-07-09,INF754K01QX0,EBBETF0433,EQ,1306.82,1318.25,1306.81,1317.6,1318.25,1312.33,2585,3395770.47,139
2026-07-09,INF754K01TX4,ECAPINSURE,EQ,24.1,24.46,24.04,24.27,24.39,24.12,20709,501827.62,211
2026-07-09,INF754K01SE6,EGOLD,EQ,138.85,143.6,138.85,143.15,142.7,141.85,27451,3922174.3,358
2026-07-09,INF754K01VW2,ELIQUID,EQ,1038.35,1038.52,1038.35,1038.5,1038.5,1038.35,21536,22364931.01,14
2026-07-09,INF754K01VV4,ELM250,EQ,16.45,16.58,16.37,16.47,16.43,16.29,17637,291076.37,109
2026-07-09,INF754K01TF1,EMULTIMQ,EQ,41.66,41.66,40.86,41.08,41.01,40.84,24699,1013400.32,161
2026-07-09,INF754K01XF3,ENEXT50,EQ,71.29,71.42,70.99,71.0,71.0,70.59,1634,116020.53,5
2026-07-09,INF754K01VX0,ENIFTY,EQ,23.44,24.65,23.44,24.14,24.09,24.05,11979,289568.29,42
2026-07-09,INF754K01VY8,ESENSEX,EQ,77.24,78.97,76.93,77.19,77.02,77.0,5322,412012.23,102
2026-07-09,INF754K01SF3,ESILVER,EQ,219.77,223.41,217.67,222.21,222.0,219.79,687567,152813420.13,1844
2026-07-09,INE532F01054,EDELWEISS,EQ,118.15,119.79,117.5,117.96,118.35,117.22,1472910,174723621.5,14467
2026-07-09,INE886D01026,EFCIL,EQ,188.71,195.93,188.15,192.85,193.5,188.71,185800,35869946.72,5280
2026-07-09,INE0U9101019,EFFWA,ST,374.9,377.45,370.0,371.05,370.0,359.5,12400,4647240.0,29
2026-07-09,INE066A01021,EICHERMOT,EQ,7418.0,7449.5,7321.5,7361.0,7345.5,7418.5,625976,4620290243.0,41042
2026-07-09,INE126A01031,EIDPARRY,EQ,722.0,753.55,721.95,749.2,748.95,722.0,263828,195895555.85,13144
2026-07-09,INE276C01014,EIHAHOTELS,EQ,316.0,325.5,312.75,317.35,317.3,312.75,20110,6422806.75,1164
2026-07-09,INE230A01023,EIHOTEL,EQ,321.75,352.75,320.4,327.85,331.0,321.7,1814043,613608208.0,45198
2026-07-09,INE158B01016,EIMCOELECO,EQ,1860.0,2018.0,1751.0,1783.8,1780.0,1862.0,514935,957317930.1,50778
2026-07-09,INE280B01018,ELANTAS,EQ,9331.0,9923.0,9324.0,9758.0,9923.0,9258.0,810,7786341.0,392
2026-07-09,INE927X01018,ELCIDIN,EQ,113000.0,115645.0,113000.0,113000.0,113000.0,114005.0,8,906880.0,7
2026-07-09,INE668G01021,ELDEHSG,EQ,806.9,827.45,806.9,819.0,819.0,810.95,378,309647.15,15
2026-07-09,INE205B01031,ELECON,EQ,499.0,520.9,496.7,512.35,512.75,498.05,413118,211166479.65,15145
2026-07-09,INE0Q1W01012,EFORCE,SM,21.85,21.85,20.1,20.6,20.6,21.8,31200,655260.0,18
2026-07-09,INE02YR01019,EMIL,EQ,130.88,134.58,130.73,132.01,132.0,130.05,905074,120146702.67,8464
2026-07-09,INE086A01029,ELECTCAST,EQ,75.16,76.82,75.01,75.52,75.6,74.69,1258431,95384001.94,10333
2026-07-09,INE822G01016,ELECTHERM,EQ,1116.1,1137.7,1110.0,1119.1,1120.9,1110.9,9094,10189759.6,986
2026-07-09,INE0R9101015,ELGNZ,SM,90.0,91.05,86.05,88.55,88.8,91.05,108000,9506100.0,88
2026-07-09,INE285A01027,ELGIEQUIP,EQ,580.0,591.95,577.7,588.7,588.7,575.55,158707,92992067.75,11896
2026-07-09,INE819L01012,ELGIRUBCO,EQ,60.2,60.36,57.39,59.33,59.0,59.41,51548,3051620.17,898
2026-07-09,INE050401020,ELIN,EQ,98.7,100.0,98.32,99.76,99.87,97.32,55037,5463006.95,956
2026-07-09,INE669R01026,ELITECON,EQ,24.49,25.95,22.87,23.03,23.45,23.83,10630607,250248651.16,17602
2026-07-09,INE236E01022,ELLEN,EQ,255.6,273.0,252.55,267.5,267.05,254.3,362068,96602521.3,8432
2026-07-09,INE579B01039,ELPROINTL,EQ,171.0,174.29,167.26,173.97,174.0,173.63,33269,5771200.92,298
2026-07-09,INE0ZOL01023,EMAPARTNER,SM,80.1,81.0,79.0,80.35,80.0,81.05,27000,2166900.0,18
2026-07-09,INE548C01032,EMAMILTD,EQ,406.95,416.8,406.95,415.1,416.0,406.95,448267,185042717.05,11349
2026-07-09,INE830C01026,EMAMIPAP,EQ,85.5,88.49,84.42,87.12,88.06,86.08,19879,1735931.58,333
2026-07-09,INE778K01012,EMAMIREAL,BE,81.0,82.95,77.15,79.36,79.8,80.95,30679,2414983.4,206
2026-07-09,INE069I01010,EMBDL,EQ,63.38,65.19,62.78,63.81,64.0,63.22,2191095,140151740.73,13080
2026-07-09,INE041025011,EMBASSY,RR,450.4,452.0,441.31,443.69,444.31,449.16,430243,192600477.35,20839
2026-07-09,INE168P01015,EMCURE,EQ,1819.9,1863.4,1805.0,1809.5,1808.5,1809.3,148651,271411153.8,17905
2026-07-09,INE0RHD01013,ETML,SM,80.2,82.75,80.0,81.3,81.05,82.0,14400,1166700.0,12
2026-07-09,INE296H01011,EMKAY,EQ,252.95,267.8,252.95,265.1,265.0,255.65,29554,7816347.85,1256
2026-07-09,INE332S01011,EMKAYTOOLS,SM,94.0,94.0,94.0,94.0,94.0,94.0,900,84600.0,4
2026-07-09,INE0PXC01024,ETL,SM,1070.0,1090.0,1070.0,1090.0,1090.0,1065.2,750,808500.0,3
2026-07-09,INE753K01015,EMMBI,BE,90.0,91.0,88.08,88.51,88.5,88.03,5649,505441.97,137
2026-07-09,INE1C6T01020,EMMVEE,EQ,330.0,338.95,330.0,334.45,336.1,329.15,2127761,711276196.8,31960
2026-07-09,INE507F01023,EMPOWER,BE,2.14,2.34,2.14,2.21,2.21,2.25,5184116,11186056.84,2853
2026-07-09,INE0OV601013,EMSLIMITED,EQ,412.0,422.0,406.5,419.3,420.5,410.05,458371,190918162.9,10015
2026-07-09,INE01QM01018,EMUDHRA,EQ,433.35,438.8,430.05,434.95,437.85,432.3,65310,28374450.1,3641
2026-07-09,INE433T01015,ENCOMPAS,SM,248.5,250.0,239.9,240.7,239.9,248.0,9600,2332480.0,19
2026-07-09,INE913H01037,ENDURANCE,EQ,2660.0,2733.7,2651.1,2706.8,2708.3,2669.7,117900,318171641.8,20078
2026-07-09,INE306C01019,ENERGYDEV,EQ,17.5,17.68,16.65,16.85,16.85,17.09,28360,479814.96,288
2026-07-09,INE0S1L01013,EMMIL,SM,137.0,137.0,131.0,131.8,131.2,135.0,54250,7152975.0,27
2026-07-09,INE0S3X01014,ENFUSE,SM,171.0,171.0,171.0,171.0,171.0,168.0,600,102600.0,1
2026-07-09,INE510A01028,ENGINERSIN,EQ,237.4,240.35,235.47,237.29,237.01,235.09,1465353,348747982.31,25572
2026-07-09,INE0R9I01021,ENSER,ST,15.05,15.05,14.05,14.95,14.95,14.7,15000,220250.0,3
2026-07-09,INE010601016,ENTERO,EQ,1172.4,1222.2,1164.7,1216.4,1217.0,1172.4,85212,102823863.1,6966
2026-07-09,INE265F01028,ENIL,EQ,107.0,109.47,105.26,105.5,105.5,106.8,104886,11086610.49,630
2026-07-09,INE0LLY01014,EIEL,EQ,227.0,233.5,226.14,228.39,228.62,225.01,1745090,401626215.77,22058
2026-07-09,INE0SUH01015,ENVIRO,SM,74.05,78.35,74.05,78.15,78.35,73.65,11000,843300.0,11
2026-07-09,INE0G5901015,EPACK,EQ,229.0,232.9,227.0,230.22,230.38,227.22,344618,79558400.16,5874
2026-07-09,INE0MLS01022,EPACKPEB,EQ,249.2,266.45,246.0,262.95,264.0,245.22,1468021,382715000.6,20605
2026-07-09,INE071N01016,EPIGRAL,EQ,989.6,1018.9,989.6,996.9,998.1,987.7,28134,28138778.2,2429
2026-07-09,INE255A01020,EPL,EQ,233.85,242.95,233.85,239.49,240.0,233.85,502620,120491288.62,13022
2026-07-09,INE11HF01010,EEPL,SM,119.5,119.5,116.6,116.6,116.6,116.5,11000,1295750.0,11
2026-07-09,INE1KEC01023,EPWINDIA,ST,249.7,259.0,249.7,258.0,258.0,262.8,18000,4577520.0,15
2026-07-09,INE217G01035,EQUIPPP,BE,22.0,23.1,21.4,23.01,23.09,22.0,20511,465029.37,85
2026-07-09,INE063P01018,EQUITASBNK,EQ,76.82,78.93,76.49,78.17,78.35,76.82,3290031,256614483.45,33911
2026-07-09,INE406M01024,ERIS,EQ,1416.0,1439.9,1404.2,1430.0,1430.0,1416.0,85753,122417152.5,23253
2026-07-09,INE284A01012,ESABINDIA,EQ,5677.0,5687.5,5630.5,5659.5,5679.0,5662.0,869,4918890.0,462
2026-07-09,INE818W01011,ESAFSFB,EQ,32.8,34.7,32.76,34.56,34.6,32.78,827620,28117589.07,3802
2026-07-09,INE0RQZ01017,ESCONET,ST,117.0,124.8,117.0,122.75,124.0,118.9,10800,1326920.0,25
2026-07-09,INE042A01014,ESCORTS,EQ,2933.0,2942.1,2900.3,2908.6,2910.0,2919.8,60567,176384236.3,13980
2026-07-09,INE0SBP01018,ESPRIT,SM,61.0,63.0,56.0,57.55,57.75,62.0,65600,3853120.0,40
2026-07-09,INE122M01019,ESSARSHPNG,EQ,22.43,22.85,22.16,22.41,22.6,22.43,89364,2012543.29,663
2026-07-09,INE0ITO01014,ESFL,ST,113.0,115.5,113.0,113.9,113.95,112.65,3960,452718.0,10
2026-07-09,INE778B01029,ESTER,EQ,88.7,91.37,88.28,89.46,89.25,88.28,87220,7820701.09,1373
2026-07-09,INE758T01015,ETERNAL,EQ,287.3,300.35,287.3,292.45,292.45,286.7,49865056,14678096837.7,256928
2026-07-09,INE04TZ01018,ETHOSLTD,EQ,2442.7,2535.0,2442.6,2526.4,2525.0,2451.8,19566,49234434.9,2943
2026-07-09,INE0KCE01017,EUREKAFORB,EQ,441.2,455.65,441.2,451.9,453.85,441.2,87187,39395438.45,6405
2026-07-09,INE546V01010,EIFFL,BE,291.55,318.8,291.55,316.25,312.7,305.0,12161,3824259.15,132
2026-07-09,INE505V01016,EUROBOND,EQ,168.0,171.49,162.0,164.89,164.01,163.14,10660,1765765.72,625
2026-07-09,INE198501012,EUROPRATIK,EQ,302.3,316.8,302.0,310.65,311.15,300.75,144455,45012425.25,3275
2026-07-09,INE022C01012,EUROTEXIND,BE,15.32,15.32,14.51,14.56,14.56,15.25,851,12365.86,11
2026-07-09,INE128A01029,EVEREADY,EQ,353.45,365.65,352.35,354.25,353.4,352.65,150774,54107984.5,4747
2026-07-09,INE295A01018,EVERESTIND,BE,459.1,488.0,455.0,481.35,483.0,467.55,4805,2286351.4,150
2026-07-09,INE184H01027,EKC,EQ,114.1,115.89,112.05,114.02,113.6,114.0,194678,22187206.34,2220
2026-07-09,INE369A01029,EXCELINDUS,EQ,897.4,906.25,892.6,901.15,904.0,890.45,4875,4391912.3,430
2026-07-09,INE0Y4801011,EXCELLENT,ST,187.0,193.0,187.0,193.0,193.0,189.95,14400,2740800.0,6
2026-07-09,INE606N01019,EXCELSOFT,EQ,78.0,79.95,77.56,78.48,78.27,77.52,344202,27101625.26,2507
2026-07-09,INE777F01014,EXICOM,EQ,159.98,163.3,154.99,160.4,161.0,158.43,1447354,232250863.03,13029
2026-07-09,INE302A01020,EXIDEIND,EQ,426.0,428.9,418.1,425.2,425.0,421.35,5969150,2530506587.0,67497
2026-07-09,INE19I001020,EXIMROUTES,SM,110.0,110.0,110.0,110.0,110.0,109.0,800,88000.0,1
2026-07-09,INE201K01015,EXPLEOSOL,EQ,793.8,848.0,792.55,828.35,834.0,789.65,56666,46752236.15,3899
2026-07-09,INE0GFE01026,EXXARO,EQ,6.55,6.64,6.44,6.58,6.56,6.55,477981,3151446.79,329
2026-07-09,INE0HF201011,FABTECH,EQ,157.6,163.39,157.6,160.25,159.2,156.81,210347,33866182.3,2831
2026-07-09,INE188A01015,FACT,EQ,849.95,859.95,843.7,850.1,850.0,845.95,84892,72433332.45,5664
2026-07-09,INE0DNW01011,FAIRCHEMOR,BE,696.0,723.0,694.0,721.3,720.0,689.4,3832,2736637.15,509
2026-07-09,INE0PQK01013,FALCONTECH,SM,11.4,11.45,11.15,11.45,11.45,11.75,19200,217140.0,14
2026-07-09,INE963C01033,FAZE3Q,EQ,569.9,600.2,569.9,581.7,589.3,571.65,19315,11451075.65,735
2026-07-09,INE512B01022,FCSSOFT,BE,1.49,1.49,1.49,1.49,1.49,1.49,508819,758140.31,454
2026-07-09,INE258B01022,FDC,EQ,421.7,442.0,421.7,432.1,431.7,423.4,313676,136436378.25,9598
2026-07-09,INE007N01010,FEDFINA,EQ,149.69,156.17,148.72,154.49,155.0,148.98,1209335,185103014.97,14771
2026-07-09,INE417D01020,FEDDERSHOL,EQ,41.72,46.3,40.83,42.18,41.85,41.31,4090566,179743012.66,27925
2026-07-09,INE171A01029,FEDERALBNK,EQ,326.55,332.7,326.55,327.75,328.0,326.55,3699416,1217189726.8,76107
2026-07-09,INE529A01010,FMGOETZE,EQ,447.2,452.15,442.6,449.35,446.05,440.65,22980,10288341.45,969
2026-07-09,INE901X01013,FELIX,SM,182.0,185.0,178.5,182.95,183.95,179.85,45000,8189700.0,70
2026-07-09,INE225B01021,FERMENTA,EQ,378.0,415.0,375.05,401.65,402.2,363.3,2186102,885865698.15,53765
2026-07-09,INE296C01020,FIBERWEB,EQ,31.1,31.65,30.12,30.99,30.95,31.04,14662,454338.29,148
2026-07-09,INE0LQQ01019,FIDEL,SM,148.7,148.7,148.7,148.7,148.7,143.8,1000,148700.0,1
2026-07-09,INE737H01014,FIEMIND,EQ,2204.9,2236.5,2199.5,2208.8,2214.4,2180.7,19840,44038147.1,4549
2026-07-09,INE185E01021,FILATFASH,BE,0.2,0.2,0.19,0.19,0.19,0.19,17076218,3317647.99,2187
2026-07-09,INE816B01035,FILATEX,EQ,58.34,62.4,57.79,61.06,61.1,58.05,4293206,261569683.66,18623
2026-07-09,INE0EDU01014,FINBUD,SM,122.0,123.9,120.7,122.65,123.9,122.0,21000,2561350.0,21
2026-07-09,INE686Y01026,FINEORG,EQ,4875.0,4991.5,4875.0,4969.5,4954.0,4878.0,14226,70429867.5,2996
2026-07-09,INE045J01034,FCL,EQ,36.59,37.75,36.52,37.43,37.62,36.39,4364061,162509525.61,10235
2026-07-09,INE734I01027,FINKURVE,EQ,64.98,66.85,64.5,65.51,65.8,64.6,26385,1719230.99,1119
2026-07-09,INE02NC01014,FINOPB,EQ,131.99,136.89,131.33,134.65,135.0,131.25,203597,27483434.54,2846
2026-07-09,INE235A01022,FINCABLES,EQ,1028.9,1054.0,1025.5,1046.6,1049.9,1028.9,150312,157130626.8,13163
2026-07-09,INE183A01024,FINPIPE,EQ,165.34,168.6,165.02,167.22,167.5,165.03,323404,54075234.61,9132
2026-07-09,INE684F01012,FSL,EQ,237.75,245.45,237.55,242.94,242.7,237.19,684759,166363072.92,18848
2026-07-09,INE771F01041,FISCHER,EQ,37.61,38.53,37.13,38.09,38.1,37.13,1955208,73879011.58,3239
2026-07-09,INE128S01021,FIVESTAR,EQ,538.0,551.95,530.35,549.7,549.4,538.0,424018,229831389.8,18637
2026-07-09,INE00Y201027,FLAIR,EQ,261.55,263.4,257.55,262.05,262.4,258.25,84857,22176020.45,2024
2026-07-09,INE060J01017,FLEXITUFF,BE,5.51,5.51,5.06,5.25,5.3,5.25,23704,125577.02,97
2026-07-09,INE0VCK01011,FLYSBS,SM,445.0,460.0,445.0,457.95,457.0,440.3,13000,5910850.0,62
2026-07-09,INE0SQZ01015,FWSTC,SM,198.0,198.0,198.0,198.0,198.0,194.0,1200,237600.0,2
2026-07-09,INE593W01028,FOCUS,BE,83.61,85.8,80.05,82.55,83.65,82.79,18944,1564471.35,287
2026-07-09,INE0Q4701019,FONEBOX,SM,70.75,74.25,70.75,74.25,74.25,70.75,4000,290500.0,4
2026-07-09,INE976E01023,FOODSIN,EQ,59.0,63.49,59.0,62.64,63.1,58.69,263330,16419052.44,2687
2026-07-09,INE0U2501017,FORCAS,SM,131.15,141.9,130.5,140.0,140.0,128.8,171200,23707280.0,72
2026-07-09,INE451A01017,FORCEMOT,EQ,18020.0,18430.0,17975.0,18167.0,18144.0,17864.0,68413,1248209711.0,20134
2026-07-09,INE0YKW01013,FORGEAUTO,SM,88.7,88.7,88.7,88.7,88.7,84.5,4800,425760.0,4
2026-07-09,INE061F01013,FORTIS,EQ,944.25,964.0,944.25,951.45,950.4,943.75,1998003,1907298556.15,45708
2026-07-09,INE519A01011,FOSECOIND,EQ,5150.0,5244.5,5121.0,5145.0,5126.0,5138.5,1585,8212456.0,487
2026-07-09,INE212S01015,FRACTAL,EQ,820.0,850.0,820.0,841.25,844.0,818.9,216914,182240396.3,13795
2026-07-09,INE0SFW01015,FRESHARA,SM,278.4,295.05,278.4,295.0,295.0,278.4,73800,21596790.0,96
2026-07-09,INE385O01018,FROG,ST,172.0,175.0,171.0,173.55,174.0,172.0,8400,1449020.0,19
2026-07-09,INE572D01014,FRONTSP,EQ,1419.5,1449.0,1411.0,1442.1,1441.0,1411.0,11075,15903193.0,1430
2026-07-09,INE388Y01029,NYKAA,EQ,320.0,325.9,319.85,324.05,325.85,317.95,6852756,2215303388.95,82305
2026-07-09,INE12UR01024,UTLSOLAR,EQ,352.0,364.5,350.65,364.5,364.5,347.15,107192,38871108.25,1189
2026-07-09,INE139R01012,FUSION,EQ,220.29,233.33,219.18,229.32,229.0,220.29,2169577,494995138.67,37185
2026-07-09,INE452O01016,FLFL,BZ,1.38,1.38,1.32,1.33,1.33,1.36,10696,14366.7,33
2026-07-09,INE623B01027,FEL,BZ,0.38,0.39,0.37,0.37,0.37,0.38,274432,102957.16,103
2026-07-09,IN9623B01058,FELDVR,BZ,2.5,2.7,2.47,2.47,2.47,2.59,913,2305.48,20
2026-07-09,INE360L01017,FMNL,BE,10.04,10.46,9.86,10.16,10.16,10.02,9286,95349.1,27
2026-07-09,INE075D01018,GMBREW,EQ,965.5,1020.65,952.55,965.55,963.0,959.7,1043341,1027020787.75,44798
2026-07-09,INE201P01022,GRINFRA,EQ,882.5,898.6,878.0,891.45,888.0,877.85,15686,13977509.9,1617
2026-07-09,INE586X01012,GTECJAINX,BE,26.24,26.24,26.24,26.24,26.24,26.77,8176,214538.24,10
2026-07-09,INE524A01029,GABRIEL,EQ,1231.0,1269.0,1230.5,1254.1,1244.0,1231.0,159878,200631659.8,12932
2026-07-09,INE224E01028,GATECH,EQ,0.49,0.49,0.48,0.48,0.48,0.48,2226456,1079830.46,581
2026-07-09,INE224E01036,GATECHDVR,EQ,0.46,0.46,0.38,0.44,0.46,0.44,696932,301868.53,217
2026-07-09,INE129A01019,GAIL,EQ,169.0,172.29,168.54,170.2,170.7,169.24,10798380,1845597766.79,52606
2026-07-09,INE0QTE01018,GAJANAND,SM,8.1,8.1,8.1,8.1,8.1,8.05,6000,48600.0,2
2026-07-09,INE0RE001014,GALAPREC,EQ,1151.8,1229.9,1146.1,1182.6,1219.0,1140.4,67928,81163419.0,6735
2026-07-09,INE09A801015,GML,SM,18.15,18.15,18.0,18.0,18.0,18.5,8000,144500.0,4
2026-07-09,INE600K01018,GALAXYSURF,EQ,1992.0,2020.7,1992.0,2001.8,2000.0,1991.5,5498,11014518.8,978
2026-07-09,INE297H01019,GALLANTT,EQ,661.5,670.1,652.8,662.8,665.0,651.55,23804,15819140.3,1646
2026-07-09,INE717W01049,GANDHAR,EQ,190.1,196.8,189.26,193.35,193.24,189.79,721145,139704407.57,10692
2026-07-09,INE524B01027,GANDHITUBE,EQ,854.0,865.4,849.15,859.05,853.0,849.55,4294,3679459.5,290
2026-07-09,INE388A01029,GANESHBE,EQ,95.53,98.9,95.53,96.65,97.95,95.53,189932,18442700.73,3090
2026-07-09,INE652V01016,GANESHCP,EQ,191.01,193.45,188.21,190.02,189.54,190.91,78460,15024307.58,1169
2026-07-09,INE0R8C01018,GGBL,SM,267.0,272.0,264.4,267.7,267.3,266.1,18600,4977540.0,59
2026-07-09,INE460C01014,GANESHHOU,EQ,824.7,878.0,820.3,866.15,868.2,822.75,175343,151354184.8,11890
2026-07-09,INE0TVT01024,GANESHIN,ST,94.95,94.95,90.7,91.15,91.15,92.45,11200,1033960.0,12
2026-07-09,INE845D01014,GANECOS,EQ,1074.35,1145.65,1070.0,1136.45,1131.75,1077.95,374976,418152818.35,17914
2026-07-09,INE0ZI101018,GANGABATH,SM,21.95,21.95,21.0,21.15,21.0,21.35,12000,256200.0,4
2026-07-09,INE691Z01023,GANGAFORGE,BE,2.13,2.18,2.06,2.13,2.15,2.13,276087,588464.68,248
2026-07-09,INE335W01016,GANGESSECU,EQ,115.4,118.75,115.4,117.22,117.0,114.83,1901,222134.59,27
2026-07-09,INE382Z01011,GRSE,EQ,2619.9,2657.7,2607.3,2627.3,2627.5,2619.6,315209,830340345.2,22191
2026-07-09,INE0JVO01026,GARUDA,EQ,173.0,176.99,172.4,173.91,174.55,173.39,212881,37275520.38,4452
2026-07-09,INE291A01017,GRWRHITECH,EQ,6826.0,7060.0,6826.0,6922.0,6935.0,6821.5,47051,328075305.0,8093
2026-07-09,INE276A01018,GARFIBRES,EQ,702.3,733.45,702.3,722.8,721.0,702.3,47034,34021422.95,5416
2026-07-09,INE079J01017,GATEWAY,EQ,58.11,59.59,57.71,57.93,57.84,58.03,1101689,64441530.36,7553
2026-07-09,INE0P8B01020,GAUDIUMIVF,BE,111.0,119.18,107.84,119.18,119.18,113.51,297846,34081175.76,1362
2026-07-09,INE287Z01012,GAYAHWS,EQ,1.86,1.92,1.81,1.81,1.83,1.85,573153,1054366.84,478
2026-07-09,INE336H01023,GAYAPROJ,BE,20.64,21.2,20.25,20.78,20.8,20.39,242649,5021362.98,889
2026-07-09,INE0LVM01018,GRCL,ST,615.6,615.6,613.95,613.95,613.95,605.0,500,307387.5,2
2026-07-09,INE878A01011,GVPIL,EQ,850.0,885.0,850.0,860.7,860.0,849.55,183931,159390158.15,7923
2026-07-09,INE200A01026,GVT&D,EQ,4475.0,4677.3,4475.0,4643.4,4665.5,4466.7,537743,2471571792.1,53402
2026-07-09,INE916G01016,GEECEE,BE,347.8,351.45,330.55,332.35,332.35,339.55,1654,569066.75,23
2026-07-09,INE669X01032,GEEKAYWIRE,EQ,23.11,25.4,23.11,24.71,24.3,23.44,86161,2106084.63,745
2026-07-09,INE06XZ01023,GEMAROMA,EQ,209.0,222.69,206.22,210.66,210.01,203.62,3502127,750366728.5,40196
2026-07-09,INE481Y01014,GICRE,EQ,358.15,365.0,357.6,362.7,361.8,356.15,588247,213009375.2,22739
2026-07-09,INE854S01022,GENCON,EQ,42.07,42.67,41.31,41.7,42.0,41.33,233954,9810471.51,1239
2026-07-09,INE727B01026,GENESYS,EQ,321.35,332.55,319.3,322.95,325.7,318.65,178900,58191947.45,4606
2026-07-09,INE949P01018,GENUSPAPER,EQ,11.3,11.47,11.16,11.28,11.35,11.31,40919,463154.37,304
2026-07-09,INE955D01029,GENUSPOWER,EQ,305.45,311.3,304.15,307.05,306.75,301.6,1721722,529400346.75,18247
2026-07-09,INE1W0N01014,GENXAI,SM,85.5,92.0,85.5,88.45,89.4,89.2,48000,4279680.0,35
2026-07-09,INE007B01023,GEOJITFSL,EQ,77.5,79.62,77.5,79.16,79.5,77.13,309817,24467684.12,3072
2026-07-09,INE538A01037,GFLLIMITED,EQ,46.5,46.59,44.76,45.4,45.2,45.35,38222,1746998.81,1281
2026-07-09,INE539A01019,GHCL,EQ,426.25,430.35,421.3,428.35,426.25,421.55,177009,75762411.15,4420
2026-07-09,INE0PA801013,GHCLTEXTIL,EQ,105.99,109.79,105.56,107.71,108.04,105.34,505493,54589120.56,5018
2026-07-09,INE289B01019,GICHSGFIN,EQ,150.38,151.88,150.38,150.84,151.0,151.1,56410,8520244.53,871
2026-07-09,INE047B01011,GILLANDERS,EQ,89.1,91.75,88.54,89.69,90.44,88.67,13083,1191814.31,115
2026-07-09,INE322A01010,GILLETTE,EQ,7750.0,7848.0,7728.5,7788.5,7787.5,7708.0,11488,89478003.0,3509
2026-07-09,INE424C01010,GINNIFILA,BE,51.0,54.16,50.0,54.04,54.15,51.59,114671,5949980.27,330
2026-07-09,INE614Z01017,GIRIRAJ,SM,131.0,131.0,128.0,128.85,128.55,122.6,3500,450600.0,13
2026-07-09,INE1AG301022,GKENERGY,EQ,143.5,152.18,143.5,145.13,145.5,142.13,1216427,179860947.82,13002
2026-07-09,INE528A01020,GKWLIMITED,EQ,1737.9,1740.0,1723.0,1725.0,1725.0,1737.9,82,142144.4,11
2026-07-09,INE068V01023,GLAND,EQ,2488.0,2522.0,2462.2,2469.5,2465.5,2495.8,359295,892685713.2,41758
2026-07-09,INE159A01016,GLAXO,EQ,2410.8,2460.8,2397.3,2440.4,2430.8,2410.8,71685,175196354.9,10479
2026-07-09,INE935A01035,GLENMARK,EQ,2227.9,2293.8,2227.1,2267.2,2274.0,2223.7,427091,971156954.7,38505
2026-07-09,INE291W01037,GLOBAL,EQ,99.91,103.0,99.42,101.3,102.2,99.91,18653,1892979.24,224
2026-07-09,INE474Q01031,MEDANTA,EQ,1323.0,1356.0,1316.3,1348.3,1348.0,1305.0,226425,305093478.3,17918
2026-07-09,INE0PS501019,GLOBALPET,ST,152.0,152.0,152.0,152.0,152.0,152.0,750,114000.0,1
2026-07-09,INE0JSX01015,GSLSU,EQ,38.85,40.59,38.0,38.53,38.0,39.04,24971,968890.36,616
2026-07-09,INE792H01019,GLOBALVECT,EQ,158.06,162.5,155.35,156.31,157.48,157.24,6204,983038.23,372
2026-07-09,INE0URU01010,GLOBALE,BE,11.4,11.5,10.93,10.93,10.93,11.5,15234,166808.01,36
2026-07-09,INE0V3U01015,GLOBECIVIL,BE,41.0,42.65,41.0,41.8,42.32,41.19,18452,778410.14,126
2026-07-09,INE581X01021,GLOBE,EQ,2.12,2.2,2.1,2.16,2.17,2.12,233853,505185.01,208
2026-07-09,INE947T01022,GICL,EQ,15.61,17.2,15.61,17.2,17.2,16.39,301589,5089756.69,393
2026-07-09,INE00WS01056,GSTL,ST,14.75,14.75,14.75,14.75,14.75,15.5,4000,59000.0,4
2026-07-09,INE615I01010,GLOBUSSPR,EQ,890.0,937.0,890.0,921.55,913.2,888.15,133881,123398857.25,7167
2026-07-09,INE350Z01018,GLOSTERLTD,EQ,641.95,659.8,636.0,645.75,659.8,641.95,1157,749054.05,239
2026-07-09,INE0TQE01026,GLOTTIS,BE,65.93,67.35,65.93,67.01,67.01,66.26,33686,2250076.43,241
2026-07-09,INE541A01023,GMMPFAUDLR,EQ,760.1,776.0,760.1,764.8,764.15,759.75,68510,52770359.65,2863
2026-07-09,INE776C01039,GMRAIRPORT,EQ,111.01,113.2,111.01,111.83,111.91,111.01,19447181,2185849172.26,49833
2026-07-09,INE0CU601026,GMRP&UI,EQ,97.99,100.2,97.99,99.04,99.38,97.74,662896,65847413.0,5869
2026-07-09,INE934S01014,GNA,EQ,456.4,473.7,456.4,469.9,472.0,459.4,97054,45494828.4,4890
2026-07-09,INE18JU01028,EBGNG,EQ,646.0,672.3,626.0,633.1,634.6,640.3,1273440,843945257.05,18157
2026-07-09,INE03JT01014,GODIGIT,EQ,301.5,306.9,300.9,301.85,301.0,302.8,125844,38141386.75,7327
2026-07-09,INE0BJS01011,GOCOLORS,EQ,333.0,336.45,320.75,323.6,323.0,331.55,619468,203068749.9,12951
2026-07-09,INE426D01013,GOACARBON,EQ,382.6,394.0,382.6,393.25,393.0,383.05,7759,3033170.3,399
2026-07-09,INE077F01035,GOCLCORP,EQ,399.65,414.55,397.8,410.0,409.8,394.5,92052,37669942.25,4471
2026-07-09,INE497S01012,GODAVARIB,EQ,262.0,269.9,262.0,265.95,266.4,260.6,61143,16282940.6,2047
2026-07-09,INE177H01039,GPIL,EQ,249.75,255.05,246.6,250.8,251.3,246.6,1198319,301199261.9,17316
2026-07-09,INE260B01028,GODFRYPHLP,EQ,2089.0,2116.2,2080.1,2103.0,2106.0,2082.5,160140,336498828.5,14445
2026-07-09,INE850D01014,GODREJAGRO,EQ,553.5,563.5,553.5,562.0,562.5,553.45,77947,43739651.95,4088
2026-07-09,INE102D01028,GODREJCP,EQ,1070.0,1096.8,1066.8,1087.4,1086.5,1075.2,346180,376998862.2,18169
2026-07-09,INE233A01035,GODREJIND,EQ,1216.2,1254.7,1213.1,1219.2,1221.6,1216.4,173181,213400265.7,11801
2026-07-09,INE484J01027,GODREJPROP,EQ,1990.0,2044.5,1984.1,2029.9,2028.4,1979.5,498659,1011181906.5,26291
2026-07-09,IN0020240175,698GR2054,GS,93.5,93.5,89.25,90.72,90.72,93.94,6790,608867.5,7
2026-07-09,IN0020240142,709GS2074,GS,96.3,96.3,95.5,96.17,96.3,95.46,22567,2159839.0,18
2026-07-09,IN0020250067,601GS2030,GS,99.45,99.45,99.45,99.45,99.45,99.45,200,19890.0,2
2026-07-09,IN0020250125,603GS2029,GS,101.7,101.7,101.7,101.7,101.7,101.7,400,40680.0,1
2026-07-09,IN0020210020,664GS2035,GS,97.69,97.69,97.69,97.69,97.69,97.46,1,97.69,1
2026-07-09,IN0020200252,667GS2050,GS,91.41,93.0,91.41,93.0,93.0,94.3,3147,287901.0,3
2026-07-09,IN0020250042,668GS2040,GS,97.95,98.0,97.95,97.98,97.95,97.1,3460,338912.0,9
2026-07-09,IN0020200401,676GS2061,GS,94.0,94.0,92.87,93.5,93.5,93.0,70319,6550229.4,31
2026-07-09,IN0020200187,68GS2060,GS,91.11,92.0,91.11,92.0,92.0,93.9,644,58961.42,2
2026-07-09,IN0020250018,690GS2065,GS,94.0,94.49,93.56,94.4,94.46,94.35,7285,687426.5,15
2026-07-09,IN0020260025,694GS2036,GS,102.7,103.0,102.7,103.0,103.0,102.7,200,20570.0,2
2026-07-09,IN0020210202,695GS2061,GS,93.05,95.0,93.05,93.09,95.0,95.8,1127,104935.6,6
2026-07-09,IN0020210194,699GS2051,GS,97.88,97.88,97.88,97.88,97.88,97.82,400,39152.0,2
2026-07-09,IN0020240043,702GS2027,GS,101.0,101.0,100.7,101.0,101.0,101.0,200,20170.3,3
2026-07-09,IN0020230010,706GS2028,GS,102.7,102.7,102.7,102.7,102.7,102.6,11000,1129700.0,2
2026-07-09,IN0020240118,709GS2054,GS,100.1,100.1,99.25,99.9,99.91,99.8,2884,288011.6,8
2026-07-09,IN0020240019,71GS2034,GS,102.32,103.15,102.32,103.0,103.0,103.0,8100,832180.0,3
2026-07-09,IN0020230036,717GS2030,GS,102.99,102.99,102.99,102.99,102.99,102.99,580,59734.2,1
2026-07-09,IN0020230077,718GS2037,GS,105.41,105.95,105.41,105.95,105.95,106.4,8333,879221.5,3
2026-07-09,IN0020250075,724GS2055,GS,101.01,101.97,101.01,101.26,101.26,101.32,13858,1404592.77,17
2026-07-09,IN0020230044,725GS2063,GS,98.0,98.15,97.51,98.14,98.15,97.78,72079,7067726.88,39
2026-07-09,IN0020220060,726GS2032,GS,104.26,105.8,104.26,105.5,105.5,105.75,16000,1684300.0,7
2026-07-09,IN0020220151,726GS2033,GS,105.25,105.25,105.25,105.25,105.25,105.5,1,105.25,1
2026-07-09,IN0020230051,73GS2053,GS,99.51,100.15,99.51,100.15,100.15,99.64,2100,209611.62,4
2026-07-09,IN0020230119,733GS2026,GS,101.25,101.25,101.1,101.24,101.24,101.1,2200,222512.5,5
2026-07-09,IN0020240035,734GS2064,GS,99.99,99.99,99.4,99.99,99.99,100.0,5457,545640.98,11
2026-07-09,IN0020220086,736GS2052,GS,102.5,102.5,101.08,101.75,101.75,101.5,297,30125.68,3
2026-07-09,IN0020230101,737GS2028,GS,104.5,104.5,104.5,104.5,104.5,104.0,970,101365.0,1
2026-07-09,IN0020220094,74GS2062,GS,102.7,102.7,101.5,101.58,101.5,102.9,437,44550.9,11
2026-07-09,IN0020220102,741GS2036,GS,104.3,105.7,104.3,105.65,105.65,104.6,3001,314355.7,4
2026-07-09,IN0020250117,743GS2076,GS,103.0,103.6,102.6,103.2,103.2,103.42,1190,122738.8,4
2026-07-09,IN0020230127,746GS2073,GS,101.49,101.5,101.48,101.49,101.5,101.0,9320,945960.71,8
2026-07-09,IN0020260017,750GS2056,GS,100.2,102.5,100.2,100.35,100.36,100.7,1250,125688.15,6
2026-07-09,IN0020220029,754GS2036,GS,106.26,106.69,106.26,106.48,106.48,106.45,176621,18794880.23,106
2026-07-09,IN0020260033,771GS2066,GS,105.7,105.7,104.99,104.99,104.99,104.0,5738,602468.01,10
2026-07-09,IN0020010081,1018GS2026,GS,103.26,104.03,98.83,103.5,103.5,103.26,20255,2021524.4,20
2026-07-09,IN0020220011,710GS2029,GS,103.15,103.74,103.15,103.74,103.74,103.79,23444,2425219.07,11
2026-07-09,IN0020200054,716GS2050,GS,100.01,100.01,100.0,100.0,100.0,100.01,4000,400010.01,2
2026-07-09,IN0020170174,717GS2028,GS,102.0,102.0,102.0,102.0,102.0,102.0,38,3876.0,1
2026-07-09,IN0020200039,719GS2060,GS,97.0,97.0,97.0,97.0,97.0,98.0,400,38800.0,1
2026-07-09,IN0020220037,738GS2027,GS,100.75,102.0,100.75,101.52,101.5,101.69,70674,7187422.96,21
2026-07-09,IN0020020106,795GS2032,GS,110.11,110.11,110.11,110.11,110.11,108.01,100,11011.0,1
2026-07-09,IN0020060078,824GS2027,GS,105.0,105.0,105.0,105.0,105.0,104.2,30,3150.0,1
2026-07-09,IN0020110055,897GS2030,GS,111.0,111.2,111.0,111.2,111.2,111.25,1028,114113.6,11
2026-07-09,IN0020130053,92GS2030,GS,113.2,115.0,113.2,113.2,113.2,113.2,7928,909918.64,12
2026-07-09,IN002026Y014,182D081026,TB,98.0,98.0,98.0,98.0,98.0,97.8,100,9800.0,1
2026-07-09,IN002025Z419,364D150127,TB,96.5,96.5,96.5,96.5,96.5,96.04,200,19300.0,2
2026-07-09,IN002026Z086,364D280527,TB,94.85,94.85,94.85,94.85,94.85,94.85,100,9485.0,1
2026-07-09,IN002026X131,91D011026,TB,98.6,98.6,98.6,98.6,98.6,98.6,100,9860.0,1
2026-07-09,IN002026X115,91D170926,TB,98.67,98.67,98.46,98.46,98.46,98.46,200,19713.0,2
2026-07-09,IN002026X123,91D240926,TB,98.15,98.15,98.15,98.15,98.15,98.05,400,39260.0,2
2026-07-09,IN002026X081,91D280826,TB,99.05,99.05,99.0,99.0,99.0,99.0,500,49505.0,2
2026-07-09,INE887G01027,GOKEX,EQ,809.0,841.6,800.0,831.65,832.5,808.65,407072,337415739.6,20057
2026-07-09,INE314T01033,GOKULAGRO,EQ,207.64,219.26,206.68,212.8,212.5,206.61,645934,138706459.31,14393
2026-07-09,INE020J01029,GOKUL,EQ,40.13,41.0,39.75,40.42,40.25,40.12,166713,6757509.08,675
2026-07-09,INE973A01010,GOLDENTOBC,BZ,25.0,26.09,25.0,25.0,25.0,25.0,198,4959.8,13
2026-07-09,INE025B01025,GOLDIAM,EQ,426.0,433.2,418.75,420.5,421.0,425.05,962915,408422528.7,18814
2026-07-09,INE127I01024,GOODLUCK,EQ,1455.1,1560.0,1455.1,1549.8,1558.0,1453.6,446905,685401558.6,21502
2026-07-09,INE533A01012,GOODYEAR,EQ,771.4,783.9,765.55,770.55,776.0,767.95,4703,3645776.25,764
2026-07-09,INE0L9R01028,GOPAL,EQ,268.0,269.95,267.05,269.05,268.85,268.1,22566,6062313.65,1006
2026-07-09,INE705X01026,GOYALALUM,EQ,6.8,6.83,6.01,6.61,6.6,6.74,182677,1182888.01,777
2026-07-09,INE0QFE01017,GOYALSALT,SM,123.95,123.95,123.95,123.95,123.95,120.0,600,74370.0,1
2026-07-09,INE0S7E01015,GPECO,ST,425.0,430.0,405.0,413.75,405.0,419.5,21000,8769080.0,76
2026-07-09,INE586G01017,GULFPETRO,BE,38.25,38.47,37.0,37.95,38.0,37.99,24715,932204.66,135
2026-07-09,INE486R01017,GPTHEALTH,EQ,150.93,161.0,150.93,158.32,158.5,150.58,253574,40090001.32,4527
2026-07-09,INE390G01014,GPTINFRA,EQ,122.0,126.0,122.0,123.93,126.0,122.9,103560,12859923.97,9169
2026-07-09,INE361K01017,GRADIENTE,BE,3.67,3.67,3.38,3.56,3.59,3.55,969385,3360049.84,352
2026-07-09,INE12E301017,GCHOTELS,ST,118.3,118.3,113.0,116.5,116.5,118.3,25200,2909070.0,34
2026-07-09,INE926B01016,GRANDOAK,EQ,47.68,47.68,47.68,47.68,47.68,50.18,6299,300336.32,50
2026-07-09,INE101D01020,GRANULES,EQ,859.55,897.45,857.55,882.05,886.6,859.55,1603256,1412926361.75,40335
2026-07-09,INE0POU01017,GRAPHISAD,SM,27.0,27.0,27.0,27.0,27.0,28.0,1200,32400.0,1
2026-07-09,INE371A01025,GRAPHITE,EQ,576.7,586.1,570.0,580.95,586.0,579.35,632727,366619406.5,30666
2026-07-09,INE047A01021,GRASIM,EQ,3139.0,3222.0,3136.3,3191.9,3196.0,3134.8,936756,2992397947.9,48990
2026-07-09,INE266D01021,GRAUWEIL,EQ,78.98,81.0,77.51,80.15,80.0,78.0,313782,25102598.72,2634
2026-07-09,INE214F01026,GRAVISSHO,EQ,29.65,30.98,29.65,29.97,29.81,29.64,633,18811.56,12
2026-07-09,INE024L01027,GRAVITA,EQ,1750.0,1853.0,1735.4,1811.4,1810.0,1727.9,1466706,2678816467.4,77311
2026-07-09,INE224A01026,GREAVESCOT,EQ,225.69,238.69,224.98,237.23,237.1,224.57,4112509,962639730.97,40863
2026-07-09,INE0O7P01015,GREENCHEF,SM,50.0,50.5,49.05,50.5,50.5,48.1,16000,796600.0,17
2026-07-09,INE544R01021,GREENLAM,EQ,250.35,256.4,250.35,255.4,255.7,249.95,22752,5771871.65,859
2026-07-09,INE0PLX01017,GREENLEAF,ST,106.85,107.5,106.0,107.5,107.5,102.4,20000,2144450.0,20
2026-07-09,INE08ZM01014,GREENPANEL,EQ,189.24,196.0,188.96,190.43,189.5,188.76,84792,16198442.49,4133
2026-07-09,INE461C01038,GREENPLY,EQ,313.0,323.45,309.4,311.05,310.65,313.95,369696,116803396.0,4830
2026-07-09,INE199P01028,GCSL,EQ,474.25,496.0,474.25,489.7,490.1,472.85,739126,358941479.55,5077
2026-07-09,INE0PC901019,BIRDYS,ST,90.0,91.0,90.0,91.0,91.0,91.25,44400,4026000.0,23
2026-07-09,INE536A01023,GRINDWELL,EQ,2020.0,2052.2,2002.3,2020.7,2022.6,2018.0,56220,113709093.2,12771
2026-07-09,INE192H01020,GRMOVER,EQ,96.0,99.5,95.59,97.98,98.0,96.53,1733406,169048391.94,29701
2026-07-09,INE1TY801010,GJL,ST,161.0,172.3,160.55,166.0,166.0,169.0,70400,11752240.0,21
2026-07-09,INF666M01MM4,GROWWCAPM,EQ,11.43,11.6,11.21,11.53,11.6,11.21,997872,11475245.76,565
2026-07-09,INF666M01NP5,GROWWCHEM,EQ,29.29,29.5,29.01,29.21,29.32,29.1,32144,941532.98,223
2026-07-09,INF666M01IO8,GROWWDEFNC,EQ,94.17,94.17,92.59,93.33,93.42,93.43,286861,26756805.04,2964
2026-07-09,INF666M01IH2,GROWWEV,EQ,31.0,31.19,30.84,30.92,31.0,30.91,151653,4704380.69,1336
2026-07-09,INF666M01OE7,GROWWGOLD,EQ,13.87,14.03,13.81,13.99,13.96,13.82,2885019,40160169.43,2793
2026-07-09,INF666M01OD9,GROWWHOSPI,EQ,53.32,54.69,52.8,54.06,54.1,53.28,1216057,65750253.95,1292
2026-07-09,INF666M01IP5,GROWWLIQID,EQ,109.82,109.83,109.82,109.82,109.83,109.81,142562,15657351.12,257
2026-07-09,INF666M01LB9,GROWWLOVOL,EQ,10.24,10.39,10.02,10.25,10.23,10.19,27577,284043.16,111
2026-07-09,INF666M01MV5,GROWWMC150,EQ,226.63,229.66,226.63,228.53,228.53,226.32,378,86405.82,23
2026-07-09,INF666M01NI0,GROWWMETAL,EQ,11.87,12.1,11.7,11.93,11.93,11.88,246866,2938392.92,1277
2026-07-09,INF666M01KJ4,GROWWMOM50,EQ,10.48,10.63,10.31,10.58,10.61,10.48,80861,856118.93,347
2026-07-09,INF666M01JV1,GROWWN200,EQ,11.1,11.29,11.1,11.25,11.26,11.14,45088,506628.8,168
2026-07-09,INF666M01LI4,GROWWNET,EQ,9.89,10.02,9.55,9.97,10.02,9.7,863675,8606870.96,637
2026-07-09,INF666M01LL8,GROWWNIFTY,EQ,9.9,9.94,9.62,9.66,9.66,9.66,589976,5720613.54,4312
2026-07-09,INF666M01LZ8,GROWWNXT50,EQ,71.2,71.93,71.2,71.7,71.43,71.11,5796,415473.84,101
2026-07-09,INF666M01LM6,GROWWPOWER,EQ,11.73,11.77,11.6,11.63,11.67,11.64,1976851,23073513.74,2332
2026-07-09,INF666M01NQ3,GROWWPSE,EQ,97.5,99.14,96.08,98.61,98.79,98.46,2556,251727.71,69
2026-07-09,INF666M01OG2,GROWWPSUBK,EQ,77.57,82.68,77.57,82.18,82.55,81.23,13268,1089974.58,183
2026-07-09,INF666M01JJ6,GROWWRAIL,EQ,28.54,28.63,28.31,28.51,28.59,28.45,459374,13105263.72,1837
2026-07-09,INF666M01MN2,GROWWRLTY,EQ,9.81,10.19,9.81,10.13,9.93,9.81,629629,6317576.0,606
2026-07-09,INF666M01MO0,GROWWSC250,EQ,10.64,10.64,10.15,10.3,10.27,10.18,84708,873181.56,401
2026-07-09,INF666M01OF4,GROWWSLVR,EQ,21.43,21.9,21.32,21.82,21.83,21.5,2920754,62933590.83,3103
2026-07-09,INF666M01OT5,PVTBKGROWW,EQ,27.97,27.97,27.71,27.79,27.76,27.71,18088,503139.44,112
2026-07-09,INF666M01PG9,SMALLGROWW,EQ,46.58,47.05,46.08,46.78,46.69,46.08,10560,493731.92,113
2026-07-09,INE137I01015,GRPLTD,EQ,1910.5,1959.0,1900.0,1941.9,1950.0,1898.2,2832,5477792.6,464
2026-07-09,INE0SQY01018,GSMFOILS,SM,246.0,256.0,240.3,254.8,256.0,241.35,65000,16266775.0,113
2026-07-09,INE713R01022,GSPCROP,EQ,388.0,401.35,385.6,394.7,392.0,384.45,401612,158435954.75,3143
2026-07-09,INE871H01011,GSS,BE,12.88,12.88,12.35,12.44,12.44,12.4,6034,75974.5,41
2026-07-09,INE221H01019,GTLINFRA,EQ,1.31,1.35,1.31,1.32,1.33,1.31,28667090,38092071.25,12753
2026-07-09,INE043A01012,GTL,EQ,7.33,7.5,7.23,7.31,7.35,7.33,183922,1354352.66,613
2026-07-09,INE869I01013,GTPL,EQ,61.1,61.49,58.4,59.23,58.91,59.6,37214,2227674.94,690
2026-07-09,INE742B01025,GUFICBIO,EQ,377.2,391.35,377.2,386.95,387.8,380.05,132008,50663486.4,3561
2026-07-09,INE162A01010,GIPCL,EQ,157.51,164.85,156.71,162.96,162.61,157.33,550406,89257586.5,7977
2026-07-09,INE113A01013,GNFC,EQ,498.0,509.85,497.7,504.6,504.1,497.7,211498,106803732.05,9729
2026-07-09,INE026A01025,GSFC,EQ,159.35,162.59,159.1,161.64,162.5,159.29,489859,78840820.89,6755
2026-07-09,INE826C01016,GUJAPOLLO,EQ,353.95,369.9,345.05,348.65,351.0,346.65,41583,14649974.05,1640
2026-07-09,INE186A01019,GUJALKALI,EQ,582.2,593.0,582.2,590.85,592.3,582.2,16025,9445710.65,1134
2026-07-09,INE036B01030,GAEL,EQ,160.71,161.85,155.6,158.41,156.9,159.3,1309602,209041450.57,11012
2026-07-09,INE844O01030,GUJENERGY,BE,290.4,290.4,285.0,286.45,285.9,286.85,731679,211223427.9,9683
2026-07-09,INE09N301011,FLUOROCHEM,EQ,3843.9,3910.8,3827.9,3863.6,3860.7,3849.4,50636,196367721.9,7332
2026-07-09,INE0V0W01025,GKSL,EQ,129.2,133.38,129.01,130.98,131.22,128.55,252281,33248214.05,3961
2026-07-09,INE540A01017,GLFL,BE,5.97,5.97,5.97,5.97,5.97,5.95,102,608.94,2
2026-07-09,INE131A01031,GMDCLTD,EQ,585.0,596.75,579.75,586.1,586.6,583.55,892071,525045816.25,22675
2026-07-09,INE207H01018,GNRL,EQ,103.0,104.7,101.7,102.33,102.5,102.81,100429,10352997.07,2013
2026-07-09,INE517F01014,GPPL,EQ,152.0,152.89,150.89,152.32,152.2,150.27,742019,112964210.45,14423
2026-07-09,INE610B01024,GUJRAFFIA,EQ,41.46,41.46,39.84,40.67,40.67,39.84,7739,316032.01,54
2026-07-09,INE942C01045,GUJTHEM,EQ,369.65,379.35,369.05,374.55,375.8,366.4,38626,14452233.4,1255
2026-07-09,INE635Q01029,GULFOILLUB,EQ,1036.8,1051.0,1030.8,1044.3,1051.0,1039.4,45109,46951829.6,4885
2026-07-09,INE255D01024,GULPOLY,EQ,184.8,187.0,183.0,184.02,185.75,184.38,126412,23376729.21,2521
2026-07-09,INE1CCX01012,GURUNANAK,ST,44.0,44.0,44.0,44.0,44.0,44.0,1600,70400.0,1
2026-07-09,INE251H01024,GVKPIL,BE,2.56,2.59,2.51,2.52,2.53,2.56,732555,1852822.45,912
2026-07-09,INE382T01030,GVPTECH,EQ,6.79,7.09,6.79,6.89,6.9,6.79,38390,265966.3,234
2026-07-09,INE640B01021,HBESD,EQ,72.96,79.94,71.25,74.29,75.0,72.96,654,49298.81,38
2026-07-09,INE926X01010,HGINFRA,EQ,548.4,558.8,548.0,555.9,558.55,549.75,32641,18085752.2,2094
2026-07-09,INE115S01010,HALDER,EQ,219.34,239.9,219.34,238.41,239.89,219.34,581,134567.77,56
2026-07-09,INE506D01020,HALDYNGL,BE,117.2,120.75,117.2,118.96,120.5,118.52,7975,948215.71,96
2026-07-09,INE320X01016,HALEOSLABS,EQ,1538.9,1585.9,1536.4,1546.8,1558.0,1546.8,292,451969.9,84
2026-07-09,INE596H01014,HGM,EQ,50.0,50.89,49.34,49.55,49.5,49.3,1686,84297.62,36
2026-07-09,INE419U01012,HAPPSTMNDS,EQ,345.15,373.8,344.85,365.6,365.4,344.35,3673850,1346957162.55,78152
2026-07-09,INE330T01021,HAPPYFORGE,EQ,1510.0,1585.0,1510.0,1564.1,1565.0,1520.8,94692,148671306.2,11563
2026-07-09,INE0TLP01015,WHITEFORCE,ST,38.05,41.0,38.0,40.35,41.0,39.05,9600,377680.0,6
2026-07-09,INE626Z01029,HARDWYN,EQ,25.16,25.19,24.3,24.45,24.45,24.67,2858078,70447005.59,2554
2026-07-09,INE00EV01017,HARIOMPIPE,EQ,383.9,391.8,381.0,382.85,383.5,384.65,129675,50091191.7,4456
2026-07-09,INE544A01019,HARRMALAYA,EQ,204.0,204.0,200.0,201.15,201.69,199.07,5034,1014508.59,285
2026-07-09,INE0JUS01029,HARSHA,EQ,420.0,426.35,417.0,420.7,422.45,417.85,105217,44428458.5,4155
2026-07-09,INE982F01036,HATHWAY,EQ,10.84,11.02,10.77,10.89,10.9,10.79,1372992,14990776.73,4068
2026-07-09,INE473B01035,HATSUN,EQ,907.1,908.95,902.55,904.6,903.0,902.35,14930,13507383.35,2048
2026-07-09,INE176B01034,HAVELLS,EQ,1212.0,1223.0,1182.6,1190.8,1194.5,1207.8,2319664,2782107968.4,70861
2026-07-09,INE979B01015,HAWKINCOOK,EQ,8820.0,9048.0,8795.0,8964.0,8990.0,8799.0,3067,27511823.5,718
2026-07-09,INE550B01022,HBSL,BE,51.3,51.95,50.0,51.9,51.9,51.83,1025,52325.16,31
2026-07-09,INE292B01021,HBLENGINE,EQ,755.05,777.85,755.05,760.15,763.4,757.05,825252,631178875.65,30491
2026-07-09,INE236A01020,HCL-INSYS,EQ,11.84,12.14,11.75,11.9,12.09,11.73,186601,2223405.6,730
2026-07-09,INE860A01027,HCLTECH,EQ,1144.1,1161.9,1121.0,1150.4,1151.0,1145.6,2033525,2332126378.8,75969
2026-07-09,INE756I01012,HDBFS,EQ,723.0,737.9,721.05,734.9,735.45,726.9,413331,301701072.55,25943
2026-07-09,INE127D01025,HDFCAMC,EQ,2675.0,2744.9,2662.3,2737.1,2737.7,2659.2,1437375,3912639033.4,50592
2026-07-09,INE040A01034,HDFCBANK,EQ,813.0,822.85,812.3,817.55,817.0,810.3,39891798,32656870500.6,336701
2026-07-09,INF179KC1981,HDFCGOLD,EQ,120.99,122.49,120.82,122.26,122.3,120.98,2055024,250544524.85,8736
2026-07-09,INE795G01014,HDFCLIFE,EQ,557.0,560.75,551.0,551.85,552.4,555.7,8590339,4760733263.2,72689
2026-07-09,INF179KC1EZ4,HDFCBSE500,EQ,37.05,39.0,36.93,37.3,39.0,37.04,544094,20277727.86,232
2026-07-09,INF179KC1DJ0,HDFCGROWTH,EQ,113.44,113.95,113.0,113.16,113.14,113.53,26803,3039113.92,203
2026-07-09,INF179KC1JG3,HDFCLIQUID,EQ,1068.47,1068.47,1068.45,1068.45,1068.47,1068.31,19839,21197183.83,39
2026-07-09,INF179KC1HU8,HDFCLOWVOL,EQ,20.45,20.55,20.37,20.48,20.42,20.31,4802,98373.1,63
2026-07-09,INF179KC1HT0,HDFCMID150,EQ,22.87,23.18,22.87,23.08,23.09,22.77,445452,10284778.99,1109
2026-07-09,INF179KC1HV6,HDFCMOMENT,EQ,30.61,30.65,30.41,30.5,30.65,30.31,42315,1291767.07,407
2026-07-09,INF179KC1HS2,HDFCNEXT50,EQ,72.57,73.23,72.48,72.81,73.2,72.27,367551,26776103.58,823
2026-07-09,INF179KC1HR4,HDFCNIF100,EQ,25.8,25.98,25.72,25.85,25.88,25.72,19789,512589.59,241
2026-07-09,INF179KC1HY0,HDFCNIFBAN,EQ,58.57,59.21,58.57,58.99,59.19,58.48,1797100,106020302.3,1663
2026-07-09,INF179KC1IA8,HDFCNIFIT,EQ,28.59,29.5,28.56,29.24,29.32,29.33,161712,4731622.31,372
2026-07-09,INF179KC1965,HDFCNIFTY,EQ,262.27,271.43,262.27,269.64,270.3,269.0,75491,20420594.59,709
2026-07-09,INF179KC1HZ7,HDFCPVTBAN,EQ,28.29,28.65,28.17,28.34,28.65,28.0,158270,4480273.69,319
2026-07-09,INF179KC1DL6,HDFCQUAL,EQ,57.5,57.5,56.46,56.53,56.67,56.75,25103,1421089.77,153
2026-07-09,INF179KC1HX2,HDFCSENSEX,EQ,87.32,87.6,86.56,87.04,87.27,86.82,28251,2465767.53,477
2026-07-09,INF179KC1DI2,HDFCSILVER,EQ,208.89,213.72,207.87,213.14,213.35,209.94,2762914,584549232.18,14383
2026-07-09,INF179KC1FB2,HDFCSML250,EQ,181.69,181.69,177.26,180.15,180.6,177.26,1129664,202842414.56,6953
2026-07-09,INF179KC1DK8,HDFCVALUE,EQ,125.9,126.48,125.79,126.08,125.83,125.9,4118,518691.6,62
2026-07-09,INF179KC1HW4,HDFCPSUBK,EQ,81.87,83.2,81.87,83.02,83.12,81.86,392271,32483534.78,482
2026-07-09,INE759V01019,HEADSUP,EQ,7.09,7.09,6.86,6.93,6.93,6.92,67355,474600.31,66
2026-07-09,INE019J01013,HEALTHX,EQ,312.1,338.5,311.8,329.65,337.0,314.65,39421,12940173.5,1870
2026-07-09,INE075I01017,HCG,EQ,634.5,659.1,634.45,652.7,655.0,634.5,112108,73001765.75,7950
2026-07-09,INE558R01013,HECPROJECT,EQ,131.97,137.93,131.97,134.94,135.49,128.96,18843,2539623.81,466
2026-07-09,INE545A01024,HEG,EQ,527.95,529.95,509.1,514.25,515.8,526.65,1102977,573244101.35,36737
2026-07-09,INE578A01017,HEIDELBERG,EQ,159.02,160.58,156.51,157.01,157.6,159.02,116680,18463938.48,2946
2026-07-09,INE0AJG01018,HEMIPROP,EQ,135.95,137.65,135.95,136.88,136.99,135.76,254272,34814215.76,2334
2026-07-09,INE694N01015,HERANBA,EQ,179.2,181.46,177.35,177.71,178.0,179.72,37440,6701833.47,1580
2026-07-09,INE978A01027,HERITGFOOD,EQ,325.1,338.5,325.1,334.75,335.0,327.8,292103,97492282.65,6741
2026-07-09,INE158A01026,HEROMOTOCO,EQ,4880.0,4915.0,4828.0,4898.5,4900.0,4892.8,534195,2611939064.5,44619
2026-07-09,INE782E01017,HESTERBIO,EQ,2088.0,2152.6,2079.1,2102.2,2090.0,2087.8,2790,5915189.9,652
2026-07-09,INE750M01017,HEXATRADEX,EQ,157.0,160.0,155.22,158.01,158.0,158.35,4237,670060.92,92
2026-07-09,INE0JUI01012,HEXAGON,EQ,67.99,70.0,65.84,68.45,68.88,65.69,1655678,113111163.19,10250
2026-07-09,INE093A01041,HEXT,EQ,524.45,544.0,512.5,539.25,540.0,522.25,761950,406522086.65,15456
2026-07-09,INE548A01028,HFCL,EQ,213.5,217.45,208.81,214.68,217.25,214.74,21988011,4697294223.18,114026
2026-07-09,INE0PIC01017,HIGREEN,SM,139.0,144.5,139.0,143.45,144.2,138.75,21600,3062840.0,27
2026-07-09,INE106T01025,HITECH,EQ,85.2,86.18,83.55,84.33,84.5,84.73,1560780,132529940.17,7708
2026-07-09,INE00RL01028,HILINFRA,BE,46.0,46.1,45.01,45.21,45.3,45.14,29478,1339253.7,308
2026-07-09,INE475B01022,HIKAL,EQ,228.0,241.9,228.0,233.59,234.96,228.78,1713350,406049706.7,22171
2026-07-09,INE788H01017,HILTON,BE,23.5,23.75,22.52,23.03,23.01,23.11,73658,1718480.16,213
2026-07-09,INE019C01026,HSCL,EQ,642.0,659.55,638.5,650.05,650.8,640.85,4897333,3189486156.95,37989
2026-07-09,INE049A01027,HIMATSEIDE,EQ,82.17,87.11,82.17,85.39,85.63,82.17,897655,76704457.85,9014
2026-07-09,INE835D01023,HIRECT,EQ,1015.3,1049.7,1015.3,1041.0,1041.0,1025.2,47931,49773069.7,3976
2026-07-09,INE038A01020,HINDALCO,EQ,971.7,973.95,954.65,963.45,961.6,971.65,6043658,5811902535.5,106399
2026-07-09,INE642Y01029,HINDCON,BE,21.5,22.5,21.06,21.48,21.59,21.64,8669,187340.73,137
2026-07-09,INE05X901010,HPIL,EQ,124.0,124.0,122.0,123.06,122.0,123.65,166,20467.51,13
2026-07-09,INE170I01016,HGS,EQ,403.0,411.9,403.0,409.9,411.8,405.9,14516,5945411.75,753
2026-07-09,INE066F01020,HAL,EQ,4350.0,4397.5,4331.0,4378.9,4394.0,4364.7,584196,2551901351.0,40374
2026-07-09,INE310C01029,HINDCOMPOS,EQ,437.95,444.9,432.85,439.75,440.8,437.75,5003,2197502.4,249
2026-07-09,INE549A01026,HCC,EQ,22.8,23.85,22.75,23.42,23.4,22.8,39226487,913922287.77,41489
2026-07-09,INE531E01026,HINDCOPPER,EQ,487.5,489.75,483.4,486.45,487.55,487.25,1571497,764834793.85,35926
2026-07-09,INE254N01026,HNDFDS,EQ,532.5,551.2,532.5,547.95,550.0,532.5,59408,32324464.8,3253
2026-07-09,INE871K01015,HMVL,EQ,87.15,91.28,86.08,89.89,91.0,87.54,31294,2780621.92,824
2026-07-09,INE345A01011,HINDOILEXP,EQ,158.14,159.4,153.1,153.81,153.95,156.53,334994,52339084.25,3828
2026-07-09,INE094A01015,HINDPETRO,EQ,386.85,394.0,382.85,392.1,392.3,386.85,4266757,1664608710.55,53338
2026-07-09,INE030A01027,HINDUNILVR,EQ,2139.0,2166.8,2137.1,2144.5,2143.0,2135.8,2201039,4736827763.6,84156
2026-07-09,INE267A01025,HINDZINC,EQ,528.0,531.45,523.1,528.5,528.25,530.3,2041649,1075791687.7,31865
2026-07-09,INE05AN01011,HINDWAREAP,EQ,238.55,248.95,238.5,245.45,248.8,238.55,68811,16886630.6,1934
2026-07-09,INE598C01011,HISARMETAL,EQ,156.5,156.5,151.5,153.27,154.0,153.28,367,56382.59,30
2026-07-09,INE07Y701011,POWERINDIA,EQ,32100.0,32700.0,32060.0,32610.0,32590.0,31755.0,101180,3281572780.0,31269
2026-07-09,INE120D01012,HITECHCORP,BE,312.0,327.4,312.0,327.4,327.4,311.85,50482,16451263.35,366
2026-07-09,INE461D01028,HLEGLAS,EQ,403.0,432.45,403.0,418.6,416.4,402.8,671661,282317267.55,19698
2026-07-09,INE102A01024,HLVLTD,EQ,7.8,7.8,7.53,7.65,7.6,7.5,124758,951700.53,526
2026-07-09,INE0ECP01024,HMAAGRO,EQ,21.71,21.91,21.5,21.72,21.6,21.72,183358,3971539.96,827
2026-07-09,INE2T2Q07014,87HMDA36,N0,102829.89,102829.89,102829.89,102829.89,102829.89,102806.05,20,2056597.8,1
2026-07-09,INE262A01018,HMT,BZ,64.2,65.98,63.51,64.97,64.45,64.37,10239,657926.11,85
2026-07-09,INE0S6S01017,HOACFOODS,ST,713.2,713.2,704.9,704.9,704.9,690.2,1125,799237.5,3
2026-07-09,INE0LXA01019,HOLMARC,SM,108.55,108.55,108.5,108.5,108.5,103.4,3750,407025.0,5
2026-07-09,INE481N01025,HOMEFIRST,EQ,1199.0,1224.5,1188.0,1202.3,1199.7,1199.8,140199,169222196.6,12739
2026-07-09,INE0J5401028,HONASA,EQ,474.95,478.8,460.5,471.6,472.45,467.6,1482238,695034330.7,38699
2026-07-09,INE634A01018,HONDAPOWER,EQ,2074.1,2125.9,2074.1,2103.7,2119.0,2074.1,4009,8438445.3,710
2026-07-09,INE671A01010,HONAUT,EQ,38000.0,38650.0,37930.0,38015.0,38100.0,38045.0,5473,208286045.0,1893
2026-07-09,INE191I01012,HDIL,BZ,1.7,1.83,1.69,1.69,1.7,1.75,486471,829794.46,314
2026-07-09,INE0GSL01024,HPAL,EQ,34.5,35.52,34.5,34.78,34.5,34.79,28256,986664.06,381
2026-07-09,INE495S01016,HPL,EQ,342.9,347.7,341.0,344.85,345.95,338.45,110853,38220557.0,3718
2026-07-09,INE0R3501012,HRHNEXT,SM,26.2,26.2,26.2,26.2,26.2,26.2,4500,117900.0,3
2026-07-09,INF336L01RX2,HSBCGOLD,EQ,123.71,126.5,123.71,125.29,125.3,123.39,495,61813.09,28
2026-07-09,INE031A01017,HUDCO,EQ,204.0,206.56,201.6,204.81,204.91,203.84,3440513,701394996.16,35309
2026-07-09,INE501G01024,HTMEDIA,EQ,24.43,26.1,24.42,25.9,26.09,24.07,301752,7749675.91,1357
2026-07-09,INE703H01016,HUBTOWN,EQ,204.0,207.99,200.83,203.69,203.1,202.06,493164,100505462.32,4725
2026-07-09,INE275B01026,HUHTAMAKI,EQ,203.0,209.39,202.99,207.75,208.4,203.65,55277,11468081.12,1515
2026-07-09,INE0TO501019,HVAX,SM,635.0,635.0,630.0,630.0,630.0,622.0,450,285000.0,3
2026-07-09,INE965B01022,HYBRIDFIN,BE,18.18,19.85,18.18,18.63,18.61,19.09,15487,295170.66,99
2026-07-09,INE0V6F01027,HYUNDAI,EQ,1916.4,1937.5,1895.4,1926.2,1926.0,1916.9,581310,1117000506.1,36712
2026-07-09,INE204A01010,IGPL,EQ,428.15,429.95,419.5,422.1,426.9,421.8,19858,8425963.65,952
2026-07-09,INE0O7401018,IBLFL,SM,55.0,55.0,55.0,55.0,55.0,57.05,2000,110000.0,1
2026-07-09,INE613B01010,ICDSLTD,EQ,42.55,42.55,39.61,40.0,40.0,41.42,444,17961.59,16
2026-07-09,INE520Y01019,ICEMAKE,EQ,751.9,767.75,750.6,757.7,757.3,748.25,11868,9026902.05,1087
2026-07-09,INE090A01021,ICICIBANK,EQ,1382.9,1403.6,1377.3,1380.7,1384.0,1380.6,13948838,19346861582.2,313842
2026-07-09,INE765G01017,ICICIGI,EQ,1820.0,1820.0,1780.2,1794.7,1799.9,1804.2,425054,761528108.9,35298
2026-07-09,INF109KC19U5,LOWVOLIETF,EQ,22.5,22.5,21.85,21.98,21.97,21.84,726949,15990880.39,978
2026-07-09,INE726G01019,ICICIPRULI,EQ,481.0,492.4,481.0,490.7,492.05,480.05,572357,279592137.15,20259
2026-07-09,INF109KC10W0,MIDSELIETF,EQ,18.63,19.15,18.63,19.08,19.15,18.72,339763,6465917.87,755
2026-07-09,INF109KC16V9,NIF100IETF,EQ,28.29,28.29,27.74,27.89,28.1,27.74,145871,4076570.38,1392
2026-07-09,INF109K012R6,NIFTYIETF,EQ,270.37,272.8,270.04,271.2,271.42,270.37,388469,105603323.92,11415
2026-07-09,INF346A01034,SENSEXIETF,EQ,882.8,887.27,878.9,881.55,884.99,878.41,9102,8034145.83,408
2026-07-09,INE346A01027,ICICIAMC,EQ,3190.4,3207.1,3158.0,3181.1,3180.0,3149.2,387087,1234407617.8,28772
2026-07-09,INF109KC1NT3,GOLDIETF,EQ,121.16,124.18,121.14,122.8,122.69,121.16,3776499,462031994.33,28633
2026-07-09,INF109KC11V0,NV20IETF,EQ,14.05,14.05,13.58,13.63,13.72,13.64,372433,5085959.78,1705
2026-07-09,INF109KB15Y7,ICICIB22,EQ,115.98,116.78,115.52,115.92,116.0,115.98,306946,35692790.36,3205
2026-07-09,INF109K1A021,CASHIETF,EQ,1069.97,1069.99,1069.97,1069.98,1069.99,1069.84,524016,560683307.55,147
2026-07-09,INF109K1A153,EVIETF,EQ,31.3,31.75,31.0,31.18,31.6,31.04,333321,10396681.81,500
2026-07-09,INF109KC18O0,GSEC10IETF,EQ,265.46,265.46,263.1,265.45,265.45,265.16,818,217135.9,13
2026-07-09,INF109KC1V59,BSE500IETF,EQ,38.62,39.53,38.62,38.96,39.01,38.63,67368,2626979.26,1147
2026-07-09,INF109KC14A8,GSEC5IETF,EQ,66.26,66.42,65.83,65.91,66.42,66.01,6683,441623.68,31
2026-07-09,INF109KC17V7,ALPL30IETF,EQ,27.38,27.71,27.38,27.55,27.56,27.37,305523,8437131.07,694
2026-07-09,INF109KC10V2,AUTOIETF,EQ,27.61,27.87,27.5,27.56,27.58,27.6,403815,11161847.36,1515
2026-07-09,INF109KC18U7,PVTBANIETF,EQ,27.88,28.5,27.88,28.07,28.07,27.88,6190529,173692570.42,1410
2026-07-09,INF109KC19O8,COMMOIETF,EQ,99.53,100.21,99.2,99.48,99.98,99.35,33320,3323304.15,580
2026-07-09,INF109KC1V42,CONSUMIETF,EQ,120.74,122.11,120.69,120.91,120.69,120.05,9521,1155075.73,224
2026-07-09,INF109KC19V3,FMCGIETF,EQ,52.73,53.24,52.71,52.89,52.89,52.53,543781,28823649.06,2190
2026-07-09,INF109KC16E5,INFRAIETF,EQ,95.89,96.62,95.33,96.02,96.4,95.21,77195,7425615.96,1749
2026-07-09,INF109KC1KT9,LIQUIDIETF,EQ,999.99,1000.01,999.99,999.99,1000.0,999.99,410852,410851959.9,183
2026-07-09,INF109KC11W8,MIDCAPIETF,EQ,23.4,23.7,23.36,23.66,23.65,23.32,528803,12492725.71,2109
2026-07-09,INF109KC17C7,MOM30IETF,EQ,30.79,30.9,30.67,30.75,30.75,30.56,433280,13340831.68,1325
2026-07-09,INF109KC1NS5,NEXT50IETF,EQ,74.69,75.54,74.69,75.32,75.4,74.69,730585,54995462.36,3837
2026-07-09,INF109KC1Q72,HEALTHIETF,EQ,166.77,169.21,165.55,167.52,168.4,165.45,228105,38342209.24,1411
2026-07-09,INF109KC18V5,QUAL30IETF,EQ,20.55,20.89,20.49,20.6,20.88,20.52,55061,1133822.85,182
2026-07-09,INF109KC1Y56,SILVERIETF,EQ,218.44,222.95,216.0,222.25,222.2,219.45,2695523,595286894.16,18608
2026-07-09,INF109KC16I6,ITIETF,EQ,30.94,30.94,29.99,30.46,30.59,30.57,426085,12941187.4,1395
2026-07-09,INF109KC15I8,BANKIETF,EQ,56.9,59.0,56.9,58.72,58.72,58.36,4896954,287374572.92,2423
2026-07-09,INF109KC19W1,METALIETF,EQ,12.82,12.82,12.32,12.55,12.58,12.51,4249616,53290119.5,7644
2026-07-09,INF109KC18W3,OILIETF,EQ,11.2,11.28,11.13,11.2,11.23,11.19,888199,9963610.06,2025
2026-07-09,INF109KC10S8,PSUBNKIETF,EQ,83.06,83.75,82.24,83.45,83.33,82.06,268638,22338488.13,1147
2026-07-09,INF109K1A476,SMALLIETF,EQ,17.82,18.0,17.82,17.9,18.0,17.55,22390,400711.85,75
2026-07-09,INF109K1A344,TOP15IETF,EQ,9.76,9.78,9.7,9.73,9.75,9.74,77903,759668.39,228
2026-07-09,INF109KC16X5,VAL30IETF,EQ,15.18,15.23,15.11,15.18,15.23,15.11,113219,1717571.49,394
2026-07-09,INF109KC17L8,FINIETF,EQ,32.1,32.99,32.1,32.68,32.8,32.07,243191,7880787.29,994
2026-07-09,INE725G01011,ICRA,EQ,5264.5,5264.5,5170.5,5194.0,5186.0,5223.5,15920,83112683.0,4234
2026-07-09,INE008A01015,IDBI,EQ,80.74,82.72,80.56,82.32,82.47,80.53,6371687,521442154.62,23897
2026-07-09,INE349Y01013,IDEAFORGE,BE,859.85,865.0,844.0,857.9,860.0,859.85,153118,131178653.0,8454
2026-07-09,INE0T9I01011,IDEALTECHO,SM,170.15,170.15,170.15,170.15,170.15,170.15,1000,170150.0,2
2026-07-09,INE0TD101011,IDENTICAL,ST,16.4,16.4,16.4,16.4,16.4,15.65,4000,65600.0,2
2026-07-09,INE092T01019,IDFCFIRSTB,EQ,77.98,79.75,77.91,79.46,79.7,77.82,11084077,876328947.54,50026
2026-07-09,INE076C01018,IFBAGRO,BE,928.0,929.8,905.1,917.95,916.0,920.6,4529,4142781.2,236
2026-07-09,INE559A01017,IFBIND,EQ,1250.1,1306.5,1250.1,1279.9,1274.7,1257.7,150852,192838010.5,11946
2026-07-09,INE039A01010,IFCI,EQ,74.8,78.0,74.51,76.66,76.9,73.9,48013939,3684619421.47,114190
2026-07-09,INE133Y01011,IFGLEXPOR,EQ,225.21,240.0,225.21,233.88,235.0,227.18,102823,24115237.69,2298
2026-07-09,INE01XO07017,1225IFL27,N0,7800.0,7800.0,7464.91,7464.91,7464.91,7849.0,13,97378.92,8
2026-07-09,INE01XO07025,1225IFL28,N0,7500.0,7500.0,7500.0,7500.0,7500.0,7500.0,1,7500.0,1
2026-07-09,INE188B01013,IGARASHI,EQ,469.95,475.15,463.95,469.1,467.75,463.3,54270,25541165.15,2447
2026-07-09,INE530B07492,1025IIFL30,Y3,1030.0,1030.0,1030.0,1030.0,1030.0,1020.0,1000,1030000.0,8
2026-07-09,INE530B07633,865IIFL31,Y6,995.0,996.0,995.0,995.0,995.0,996.0,105,104480.0,3
2026-07-09,INE530B07617,870IIFL28,Y7,1000.2,1023.06,1000.2,1023.06,1023.06,1005.8,218,220288.38,4
2026-07-09,INE530B07476,975IIFL28,Y0,1030.69,1030.69,1030.69,1030.69,1030.69,1030.2,8,8245.52,1
2026-07-09,INE489L01022,IIFLCAPS,EQ,338.9,339.9,337.5,338.5,338.3,338.2,249049,84320448.5,7100
2026-07-09,INE530B01024,IIFL,EQ,520.0,548.35,517.8,544.7,547.0,517.8,4193206,2269887341.65,61101
2026-07-09,INE0LOJ01019,IKIO,EQ,185.0,215.7,181.03,206.88,203.9,181.44,8913230,1818818185.21,94773
2026-07-09,INE369I01014,IL&FSENGG,BZ,28.46,29.05,27.5,28.74,28.94,28.45,11964,338333.22,57
2026-07-09,INE050B01023,IVC,EQ,8.11,8.19,8.01,8.12,8.1,8.11,100185,811897.71,602
2026-07-09,INE975G01012,IL&FSTRANS,BZ,2.18,2.23,2.11,2.19,2.2,2.15,12492,27225.0,58
2026-07-09,INE172N01012,IMAGICAA,EQ,45.76,46.8,45.31,46.04,46.0,45.41,321857,14815546.69,1599
2026-07-09,INE452L01012,INCREDIBLE,EQ,33.8,34.79,33.0,33.58,34.0,33.38,17300,587978.99,60
2026-07-09,INE547E01014,IMPAL,EQ,1120.7,1162.0,1120.0,1155.5,1162.0,1120.2,6706,7670813.2,672
2026-07-09,INE915B01019,INDSWFTLAB,EQ,225.43,237.5,222.54,235.58,236.02,225.47,1376033,320047572.8,20972
2026-07-09,INE611L01021,INDTERRAIN,EQ,31.89,32.5,31.55,31.72,31.72,31.8,8645,274727.64,97
2026-07-09,INE841B01017,INDBANK,EQ,34.6,34.6,33.0,33.31,33.4,33.77,143783,4818663.65,1422
2026-07-09,INE0O9T01021,BAJAJINDEF,EQ,240.5,245.15,240.5,242.65,242.5,239.5,4982,1210642.6,282
2026-07-09,INE065X01017,INDGN,EQ,497.0,507.7,492.9,495.95,496.85,493.7,165211,82490943.95,11209
2026-07-09,INE560A01023,INDIAGLYCO,EQ,1037.95,1077.7,1035.35,1042.7,1056.5,1037.95,138238,145404759.75,7403
2026-07-09,INE092B01025,INDNIPPON,EQ,1010.0,1154.0,1010.0,1107.9,1140.0,1007.4,599986,666567458.5,33053
2026-07-09,INE0D6701023,IPL,EQ,155.11,159.58,155.11,156.79,155.65,154.96,156337,24612867.65,1951
2026-07-09,INE922K01024,INDIASHLTR,EQ,773.3,786.0,773.3,779.9,786.0,775.75,46724,36420464.05,6093
2026-07-09,INE353K01014,ITDC,EQ,701.0,768.7,701.0,728.1,727.65,723.4,15188110,11312350946.6,324401
2026-07-09,INE126M01010,IBULLSLTD,BE,28.5,29.59,28.5,29.57,29.59,28.19,4243541,124550883.34,5152
2026-07-09,INE933S01016,INDIAMART,EQ,1918.0,1928.0,1891.9,1924.7,1916.2,1902.4,56637,108023105.8,8111
2026-07-09,INE562A01011,INDIANB,EQ,774.95,796.8,774.95,793.15,791.7,772.4,1880631,1482250415.3,61818
2026-07-09,INE061A01014,INDIANCARD,EQ,247.0,252.8,235.01,238.72,238.3,240.9,10803,2627307.75,388
2026-07-09,INE0RRU01016,IEML,SM,42.95,42.95,41.95,42.25,42.5,42.2,9500,403350.0,18
2026-07-09,INE022Q01020,IEX,EQ,117.35,118.9,116.9,117.85,117.99,116.81,8424314,990908415.59,78464
2026-07-09,INE323C01030,INDIANHUME,EQ,334.15,359.0,334.15,348.75,349.0,335.0,178114,62418107.2,7195
2026-07-09,INE919H01018,IMFA,EQ,1340.0,1359.0,1321.1,1339.1,1355.0,1344.0,73649,98509052.7,7638
2026-07-09,INE242A01010,IOC,EQ,137.63,138.69,136.6,138.26,138.59,137.63,14352065,1978873508.44,103532
2026-07-09,INE565A01014,IOB,EQ,33.5,33.9,33.33,33.76,33.8,33.47,1771964,59709378.72,11594
2026-07-09,INE0DHF01018,IPHL,SM,57.5,58.1,57.5,58.0,58.0,56.0,16800,967800.0,9
2026-07-09,INE335Y01020,IRCTC,EQ,498.5,500.95,496.0,496.5,496.8,498.5,650534,323694782.4,32888
2026-07-09,INE053F01010,IRFC,EQ,87.71,88.58,87.55,88.12,88.24,87.5,6991080,616630216.9,42420
2026-07-09,INE202E01016,IREDA,EQ,121.17,122.56,121.17,121.81,122.1,121.17,2880002,351176303.25,21494
2026-07-09,INE586E01020,IWP,EQ,31.51,33.88,31.51,33.01,32.7,32.76,6212,205872.79,90
2026-07-09,INE0PS301014,INDIFRA,SM,12.15,12.15,12.15,12.15,12.15,12.15,2000,24300.0,1
2026-07-09,INE09VQ01012,INDIGOPNTS,EQ,1047.0,1056.8,1036.0,1041.0,1039.2,1050.3,38829,40593296.8,8551
2026-07-09,INE219X23014,INDIGRID,IV,178.3,179.1,176.13,178.48,178.48,177.8,384361,68628892.39,6661
2026-07-09,INE06ST01018,INDIQUBE,EQ,169.0,172.49,164.68,171.02,171.0,168.41,680379,116343180.7,7129
2026-07-09,INE760F01028,INDOAMIN,BE,127.95,128.0,124.0,127.17,126.0,126.07,38200,4841284.64,315
2026-07-09,INE803D01021,INDOBORAX,EQ,417.25,464.45,417.25,433.65,438.0,415.45,1100056,486422171.05,32935
2026-07-09,INE483B01026,ICIL,EQ,410.0,428.75,406.45,421.85,422.9,411.2,280466,118632591.3,14370
2026-07-09,INE622H01018,INDOFARM,EQ,153.0,161.67,151.28,159.18,161.45,153.17,356777,55944901.52,5437
2026-07-09,INE156A01020,INDORAMA,EQ,45.1,47.47,45.1,46.04,46.5,45.56,175781,8187642.92,2522
2026-07-09,INE332H01014,INDOTECH,BE,3090.0,3186.0,3050.0,3147.0,3133.0,3088.2,12604,39234626.1,957
2026-07-09,INE337M01021,INDOTHAI,EQ,216.6,220.5,213.76,216.6,217.44,216.1,491358,106984897.58,5107
2026-07-09,INE250Z01010,INDOUS,EQ,86.43,91.9,85.51,89.57,89.0,86.21,20267,1801068.34,172
2026-07-09,INE567A01028,NIPPOBATRY,EQ,343.05,347.85,337.0,338.6,338.0,340.3,4639,1582732.75,316
2026-07-09,INE873D01024,INDOCO,EQ,247.98,259.8,246.91,255.09,254.22,248.14,209488,53576350.63,6134
2026-07-09,INE05J901018,IGCL,EQ,67.71,70.65,67.71,69.5,70.4,68.35,148279,10340581.09,1178
2026-07-09,INE866K01023,WAAREEINDO,EQ,376.05,394.85,376.05,385.85,389.0,376.05,68694,26888938.95,1465
2026-07-09,INE896L01010,INDOSTAR,EQ,254.1,266.6,254.0,259.85,260.0,252.95,101249,26340505.6,2750
2026-07-09,INE227G01018,INDOWIND,BE,9.45,9.45,8.8,9.23,9.24,9.2,155636,1409314.09,393
2026-07-09,INE203G01027,IGL,EQ,150.12,152.15,149.23,151.77,151.73,150.12,1321339,200142995.01,18319
2026-07-09,INE681B01017,INDRAMEDCO,EQ,372.5,381.15,372.5,379.65,379.5,370.5,107884,40733422.85,3400
2026-07-09,INE0NHL23019,INDUSINVIT,IV,128.85,129.51,127.13,128.42,128.4,128.32,168667,21700530.89,3973
2026-07-09,INE121J01017,INDUSTOWER,EQ,391.45,399.5,391.1,398.15,398.85,388.55,11047205,4385359536.9,69088
2026-07-09,INE095A01012,INDUSINDBK,EQ,995.9,1022.35,995.9,1015.15,1018.0,994.65,1952468,1979387932.0,68259
2026-07-09,INE620D01011,INDPRUD,EQ,6648.0,6650.0,6331.0,6400.5,6400.5,6500.0,42,271705.0,15
2026-07-09,INE886A01014,IITL,EQ,134.65,138.5,130.64,131.4,132.05,133.77,94367,12901636.32,485
2026-07-09,INE0MRE01011,INFINIUM,SM,214.5,214.5,209.0,212.25,210.0,211.75,4000,848450.0,8
2026-07-09,INE0MYZ01012,INFLUX,SM,292.0,307.0,290.0,290.9,293.0,291.35,30000,8869080.0,43
2026-07-09,INE663F01032,NAUKRI,EQ,1173.05,1217.75,1168.35,1201.85,1199.5,1179.0,4748967,5720163568.9,161171
2026-07-09,INE344S01016,INFOBEAN,EQ,155.41,156.99,153.61,155.85,156.37,154.65,232151,36116273.89,2770
2026-07-09,INE0NNZ01013,INFOLLION,SM,180.85,180.85,169.5,170.1,170.1,170.0,24000,4115440.0,49
2026-07-09,INE669A01022,INFOMEDIA,EQ,5.99,5.99,5.71,5.77,5.77,5.95,4411,25921.05,180
2026-07-09,INE009A01021,INFY,EQ,1062.7,1062.7,1040.4,1050.8,1055.3,1069.3,9003333,9475452928.9,174766
2026-07-09,INE177A01018,INGERRAND,EQ,4366.6,4428.7,4335.0,4354.5,4335.9,4360.3,7367,32270787.8,1831
2026-07-09,INE0S1D01010,INNOMET,ST,154.4,154.4,154.4,154.4,154.4,151.4,8400,1296960.0,7
2026-07-09,INE0DUT01020,INNOVACAP,EQ,997.6,1033.8,982.0,990.85,992.0,982.85,138424,139529632.0,12248
2026-07-09,INE403Y01018,INNOVANA,EQ,309.3,314.95,308.15,309.85,308.15,308.15,369,114825.85,38
2026-07-09,INE070Y01023,ITTL,ST,73.5,73.5,73.5,73.5,73.5,73.5,105,7717.5,1
2026-07-09,INE0ADB01012,INNOVISION,EQ,284.15,290.15,283.8,288.75,288.15,284.05,17197,4952365.85,999
2026-07-09,INE510W01014,INOXGREEN,EQ,195.0,199.37,192.0,192.7,192.75,195.84,996605,194418886.88,13321
2026-07-09,INE616N01034,INOXINDIA,EQ,1899.0,2026.8,1890.1,2006.2,2010.0,1875.9,848551,1673867852.7,53375
2026-07-09,INE066P01011,INOXWIND,EQ,82.97,83.99,81.77,82.01,82.2,82.72,9608812,797000812.1,39305
2026-07-09,INE070I01018,INSECTICID,EQ,653.05,665.0,651.75,653.5,655.0,655.25,7988,5253665.75,1123
2026-07-09,INE0LGX01024,INA,EQ,110.17,125.0,109.71,118.56,121.3,108.5,42385448,5134653309.31,180088
2026-07-09,INE0NDX01019,INSPIRE,ST,7.95,7.95,7.95,7.95,7.95,7.95,2000,15900.0,1
2026-07-09,INE020G01017,INSPIRISYS,BE,103.0,103.99,100.01,103.16,103.4,102.96,1758,179321.13,25
2026-07-09,INE418N01035,ESSENTIA,BE,1.22,1.24,1.19,1.22,1.24,1.22,1443695,1754546.48,768
2026-07-09,INE0YSH01017,INTEGRITY,ST,160.0,160.0,160.0,160.0,160.0,160.1,1200,192000.0,1
2026-07-09,INE306R01017,INTELLECT,EQ,750.3,760.85,740.5,743.25,747.9,749.8,469378,352379756.35,18932
2026-07-09,INE781A01025,INTENTECH,EQ,98.89,98.89,95.26,96.67,96.25,95.62,6349,615392.65,265
2026-07-09,INE00M901018,INTERARCH,EQ,1800.1,1840.0,1775.0,1801.4,1809.0,1789.0,57308,103659208.9,5455
2026-07-09,INE646L01027,INDIGO,EQ,5124.0,5244.0,5105.0,5229.5,5230.5,5124.0,1176927,6095952435.0,76235
2026-07-09,INE575C01027,INTLCONV,EQ,78.6,80.85,78.6,79.98,80.6,78.4,29627,2365963.52,731
2026-07-09,INE0Q9301021,IGIL,EQ,338.15,349.15,337.75,341.75,342.0,337.75,350994,120639008.6,11929
2026-07-09,INE566K01011,ISFT,EQ,75.11,78.25,75.11,76.25,76.05,75.27,7530,581930.86,103
2026-07-09,INE878H01024,INVENTURE,EQ,0.9,0.92,0.9,0.9,0.91,0.9,832880,757696.83,327
2026-07-09,INE115Q01022,IKS,EQ,1845.0,1904.0,1831.9,1862.9,1876.0,1831.9,224951,422367282.3,17345
2026-07-09,INF205KA1BP1,IVZINGOLD,EQ,124.05,126.5,123.2,125.0,125.05,123.45,35583,4440977.1,164
2026-07-09,INF205K01DA9,IVZINNIFTY,EQ,2759.0,2759.0,2740.5,2740.5,2740.5,2740.81,42,115401.88,8
2026-07-09,INE155E01016,INVPRECQ,EQ,800.0,813.9,790.05,800.35,795.25,786.85,2482,1989462.65,175
2026-07-09,INE0XJ501010,INVICTA,ST,70.0,70.95,69.3,69.4,69.3,69.95,32000,2252480.0,10
2026-07-09,INE485C01029,IOLCP,EQ,169.35,174.78,164.22,168.15,167.65,167.11,8148178,1383847214.29,50350
2026-07-09,INE570A01022,IONEXCHANG,EQ,398.95,409.1,397.65,402.2,402.0,397.0,277327,112435477.9,11907
2026-07-09,INE571A01038,IPCALAB,EQ,1775.0,1797.2,1762.0,1770.4,1762.0,1762.4,96723,172006938.0,12805
2026-07-09,INE821I01022,IRB,EQ,20.25,20.55,20.13,20.21,20.25,19.97,15796950,321634791.09,22267
2026-07-09,INE183W23014,IRBINVIT,IV,61.47,62.0,61.0,61.8,61.75,61.1,1198134,73610113.86,4773
2026-07-09,INE962Y01021,IRCON,EQ,128.58,131.22,128.53,129.34,129.35,129.0,996125,129481513.33,15168
2026-07-09,INE202E07138,880IREDA29,N5,1101.61,1129.0,1101.61,1129.0,1129.0,1124.51,2,2230.61,2
2026-07-09,INE01GN01025,IRISDOREME,EQ,45.0,45.75,44.51,44.85,44.72,44.59,208377,9364203.83,882
2026-07-09,INE864K01010,IRIS,EQ,254.65,269.85,254.65,260.5,260.1,254.45,28487,7466841.1,1154
2026-07-09,INE07U701015,IRMENERGY,EQ,257.55,264.1,257.55,262.75,263.2,258.6,38387,10083521.5,1178
2026-07-09,INE413U07426,950ISF27C,N0,9800.0,9850.0,9800.0,9850.0,9850.0,9850.0,3,29500.0,2
2026-07-09,INE413U07434,965ISF28,N0,99000.0,99100.0,99000.0,99100.0,99100.0,98800.0,2,198100.0,2
2026-07-09,INE413U07418,975ISF28,N0,98000.0,98000.0,98000.0,98000.0,98000.0,98000.0,3,294000.0,1
2026-07-09,INE858B01029,ISGEC,EQ,896.25,926.8,895.0,923.85,925.0,894.15,93020,85641293.7,5575
2026-07-09,INE561M01018,ISHANCH,EQ,57.7,57.7,54.2,54.97,54.5,56.7,35041,1947614.8,189
2026-07-09,INE0LCW01025,ISHAN,SM,0.55,0.55,0.5,0.55,0.55,0.55,912000,477600.0,14
2026-07-09,INE0R7R01018,ITALIANE,SM,33.3,33.3,33.3,33.3,33.3,37.0,2000,66600.0,1
2026-07-09,INE379A01028,ITCHOTELS,EQ,177.63,183.28,177.42,182.31,183.15,177.63,2046513,371259607.89,27397
2026-07-09,INE154A01025,ITC,EQ,281.25,284.4,281.0,282.05,281.85,280.65,12512120,3537172547.5,261581
2026-07-09,INE248A01017,ITI,EQ,286.2,291.05,286.0,287.75,289.5,284.9,272020,78415569.4,7237
2026-07-09,INE056801025,IVALUE,EQ,287.65,299.3,284.0,289.2,290.0,285.25,526964,154695868.55,11615
2026-07-09,INE043C01018,IVP,BE,165.0,167.4,161.0,163.17,163.0,162.66,14962,2448742.58,140
2026-07-09,INE1AII01014,IWARE,ST,402.65,402.65,402.65,402.65,402.65,383.5,15600,6281340.0,10
2026-07-09,INE848A01014,IZMO,EQ,916.1,961.9,916.1,961.9,961.9,916.1,38573,36809430.4,1294
2026-07-09,INE168A01041,J&KBANK,EQ,166.3,169.78,166.3,168.41,169.3,165.96,4246600,714310221.79,36543
2026-07-09,INE572A01036,JBCHEPHARM,EQ,2436.2,2474.0,2430.1,2444.5,2447.6,2435.8,215631,529114636.3,15489
2026-07-09,INE0MB501011,JGCHEM,EQ,433.75,448.5,432.05,445.25,446.0,433.75,99296,43983193.4,3983
2026-07-09,INE199G01027,JAGRAN,EQ,63.7,64.67,62.66,63.8,64.05,63.41,282054,17983673.05,2968
2026-07-09,INE048B01035,JAGSNPHARM,EQ,231.66,238.24,228.81,231.89,231.65,228.73,93961,21952689.05,2966
2026-07-09,INE091G01026,JAIBALAJI,BE,66.25,67.89,65.7,66.12,66.2,66.28,201982,13416396.48,721
2026-07-09,INE070D01027,JAICORPLTD,EQ,108.75,110.3,108.22,109.12,109.25,107.76,308351,33677532.69,3403
2026-07-09,IN9175A01010,JISLDVREQS,EQ,23.5,23.5,22.68,23.09,23.5,22.68,6297,144957.35,98
2026-07-09,INE175A01038,JISLJALEQS,EQ,32.4,32.62,31.72,31.94,32.08,31.89,1925724,61805480.83,6205
2026-07-09,INE0YD401026,JAINREC,EQ,348.0,348.0,339.4,342.3,342.0,344.95,1388954,477817292.9,26155
2026-07-09,INE0XIL01012,JAINIK,SM,151.9,151.9,143.2,148.95,148.95,143.5,16800,2488620.0,12
2026-07-09,INE351F01018,JPPOWER,EQ,16.92,17.39,16.74,17.0,17.04,16.9,47510874,809725597.96,32984
2026-07-09,INE349X01015,JALAN,ST,1.95,1.95,1.95,1.95,1.95,2.05,12000,23400.0,4
2026-07-09,INE039C01032,JAMNAAUTO,EQ,132.5,137.0,132.5,136.12,136.25,132.35,2141291,291146655.72,14813
2026-07-09,INE953L01027,JSFB,EQ,442.0,459.15,442.0,455.25,454.0,441.2,352210,159334301.05,8265
2026-07-09,INE00YJ01010,JARO,EQ,515.15,534.65,515.15,524.95,525.5,515.0,98430,51764168.6,2931
2026-07-09,INE039O01029,JASH,EQ,499.6,517.95,496.75,511.35,515.0,495.25,153937,78760776.3,6385
2026-07-09,INE0SMY01017,JAYBEE,ST,89.8,94.5,89.1,94.5,94.5,90.0,28000,2609950.0,44
2026-07-09,INE571B01036,JAYBARMARU,EQ,178.93,187.13,173.81,187.13,187.13,178.22,487397,89739553.94,2530
2026-07-09,INE0J6801010,KORE,SM,130.0,143.0,130.0,131.05,131.05,130.0,7500,1045675.0,21
2026-07-09,INE785A01026,JAYAGROGN,EQ,205.93,212.9,204.15,208.11,207.76,205.93,4980,1033705.88,409
2026-07-09,INE854B01010,JAYNECOIND,EQ,85.91,89.38,85.91,88.46,88.84,85.91,1534248,135277168.09,11081
2026-07-09,INE1AE401014,JAYESH,SM,141.0,141.0,141.0,141.0,141.0,144.0,1000,141000.0,1
2026-07-09,INE903A01025,JAYKAY,EQ,172.52,183.8,171.23,180.42,182.0,170.01,425612,76744757.99,7985
2026-07-09,INE364A01020,JAYSREETEA,EQ,84.76,86.99,81.59,82.03,81.8,84.76,64732,5364246.97,978
2026-07-09,INE927D01051,JBMA,EQ,665.0,675.65,665.0,670.0,668.5,661.35,236736,158907327.4,10539
2026-07-09,INE0J5801029,JSLL,EQ,563.95,599.7,562.5,591.6,591.9,563.45,817814,477956807.85,23455
2026-07-09,INE982V01025,JETFREIGHT,EQ,21.14,21.26,20.52,20.83,21.0,20.73,82094,1719284.41,254
2026-07-09,INE564T01017,JETKNIT,ST,72.75,72.75,72.75,72.75,72.75,76.55,750,54562.5,1
2026-07-09,INE0RXB01022,JEYYAM,ST,24.15,24.8,24.0,24.05,24.05,25.0,22000,532500.0,11
2026-07-09,INE0LA901015,JFLLIFE,SM,10.5,10.5,10.45,10.45,10.45,10.45,12000,125700.0,2
2026-07-09,INE544H01014,JHS,EQ,7.56,7.7,7.45,7.57,7.52,7.53,128835,975908.76,161
2026-07-09,INE03DD01011,RETAIL,EQ,17.5,18.7,17.11,17.88,18.17,17.51,6237,110540.96,94
2026-07-09,INE147P01019,JPOLYINVST,EQ,1077.8,1089.7,1049.0,1066.4,1063.6,1072.6,6600,7019410.4,616
2026-07-09,INE742C01031,JINDRILL,EQ,613.0,659.4,612.0,620.75,618.65,601.05,13720105,8819962880.0,229895
2026-07-09,INE796G01012,JINDALPHOT,EQ,1136.1,1150.0,1133.1,1143.2,1142.1,1130.5,3433,3922831.6,267
2026-07-09,INE197D01010,JINDALPOLY,EQ,670.0,684.1,660.15,684.1,684.1,651.55,61129,41617058.6,1654
2026-07-09,INE324A01032,JINDALSAW,EQ,258.0,275.5,256.05,272.3,275.4,259.65,4152930,1114983717.55,66854
2026-07-09,INE220G01021,JSL,EQ,699.9,715.0,694.7,709.6,708.0,695.75,530976,375934750.75,27712
2026-07-09,INE749A01030,JINDALSTEL,EQ,1023.6,1037.7,1022.6,1029.8,1031.0,1021.5,641235,660500875.3,22650
2026-07-09,INE247D01039,JINDWORLD,EQ,28.64,29.13,28.21,28.66,28.8,28.52,388460,11142382.38,2494
2026-07-09,INE1FF001016,JKIPL,BE,96.49,97.9,95.13,97.34,96.5,96.4,10043,968582.38,76
2026-07-09,INE758E01017,JIOFIN,EQ,231.0,234.22,230.77,233.37,233.72,229.99,11583829,2699223918.15,114833
2026-07-09,INE863T01013,JITFINFRA,EQ,297.7,299.8,294.0,295.55,295.35,292.7,6904,2045621.6,293
2026-07-09,INE0N5H01017,JIWANRAM,SM,5.25,5.25,5.25,5.25,5.25,5.35,6000,31500.0,1
2026-07-09,INE823G01014,JKCEMENT,EQ,5332.0,5498.0,5331.5,5393.5,5373.5,5332.0,48715,264490922.5,10877
2026-07-09,INE786A01032,JKLAKSHMI,EQ,568.5,572.1,565.2,568.35,568.5,567.0,58118,33022465.95,7419
2026-07-09,INE789E01012,JKPAPER,EQ,354.4,359.2,353.0,355.75,354.5,354.4,147720,52560788.75,5857
2026-07-09,INE573A01042,JKTYRE,EQ,397.05,407.0,397.05,404.7,405.0,397.05,974142,392283175.25,19523
2026-07-09,INE576I01022,JKIL,EQ,484.95,506.9,483.95,501.7,504.9,483.95,235668,118047591.75,6612
2026-07-09,INE780C01023,JMFINANCIL,EQ,125.5,126.96,123.81,124.46,125.0,124.94,2566663,321403457.53,26032
2026-07-09,INE0OAF01028,JNKINDIA,EQ,466.0,523.0,466.0,509.45,518.0,464.9,1710180,863586744.85,38915
2026-07-09,INE839G01010,JOCIL,BE,143.99,149.0,143.99,144.05,144.05,145.0,830,122437.12,17
2026-07-09,INE515A01019,COCKERILL,EQ,8533.0,9342.5,8505.0,9342.5,9342.5,8493.5,18714,171701057.5,4360
2026-07-09,INE718I01012,JSWCEMENT,EQ,134.43,137.4,134.43,135.27,135.5,134.43,1035304,141004236.29,16180
2026-07-09,INE133A01011,JSWDULUX,EQ,3042.0,3053.2,2901.1,2912.2,2915.0,3042.0,59138,173892866.7,10709
2026-07-09,INE121E01018,JSWENERGY,EQ,545.0,552.65,531.6,533.45,534.5,536.95,2720465,1467348543.35,48319
2026-07-09,INE824G01012,JSWHL,EQ,11314.0,11414.0,11090.0,11125.0,11103.0,11314.0,6337,70862952.0,2785
2026-07-09,INE880J01026,JSWINFRA,EQ,314.75,328.0,313.8,323.9,324.95,314.25,3950246,1280026208.75,132262
2026-07-09,INE019A01038,JSWSTEEL,EQ,1224.0,1240.5,1220.3,1225.8,1226.0,1219.5,1151162,1412388542.2,55207
2026-07-09,INE643A01035,JTEKTINDIA,EQ,140.16,148.47,140.15,144.93,144.5,140.16,775498,113229709.7,9412
2026-07-09,INE391J01032,JTLIND,EQ,78.14,80.7,77.51,80.26,80.4,77.61,2789659,222131288.9,16479
2026-07-09,INE03CC01015,JUBLCPL,EQ,2080.0,2130.0,2080.0,2086.0,2094.0,2087.5,2581,5419934.4,559
2026-07-09,INE797F01020,JUBLFOOD,EQ,429.2,442.6,428.0,429.35,428.75,429.2,2442441,1061198592.0,46605
2026-07-09,INE0BY001018,JUBLINGREA,EQ,680.9,723.8,679.6,715.5,715.0,680.8,714054,509330985.3,35989
2026-07-09,INE700A01033,JUBLPHARMA,EQ,978.0,988.4,964.1,969.2,973.0,970.75,102229,99860164.5,7498
2026-07-09,INE412C01023,JMA,EQ,88.0,89.95,87.0,88.59,88.5,87.28,10617,940432.02,205
2026-07-09,INE696F01016,JUNIPER,EQ,195.0,198.65,191.61,197.56,198.25,194.26,60330,11824904.05,1272
2026-07-09,INE682M01012,JLHL,EQ,1440.0,1478.9,1432.3,1464.1,1470.0,1443.5,32725,47913854.3,1612
2026-07-09,INE209L01016,JWL,EQ,247.0,253.8,247.0,251.25,251.75,248.9,738976,185751519.45,13606
2026-07-09,INE599M01018,JUSTDIAL,EQ,541.5,548.45,540.1,546.6,546.8,540.5,122952,67020356.9,5963
2026-07-09,INE668F01031,JYOTHYLAB,EQ,191.0,202.94,188.6,201.64,201.91,189.12,2099051,417342051.59,28998
2026-07-09,INE980O01024,JYOTICNC,EQ,756.6,780.1,753.8,769.05,769.0,753.65,531386,409623248.25,22873
2026-07-09,INE1M3T01017,JYOTIGLOBL,ST,36.95,36.95,36.95,36.95,36.95,38.85,6000,221700.0,3
2026-07-09,INE197A01024,JYOTISTRUC,EQ,11.34,11.84,11.34,11.73,11.77,11.31,5645734,65353005.03,5145
2026-07-09,INE157H01023,KMSUGAR,EQ,26.3,27.49,26.3,27.12,27.24,26.65,67031,1819677.46,734
2026-07-09,INE127T01021,KPEL,EQ,325.3,335.0,322.4,323.9,325.0,322.05,183625,60246912.2,5389
2026-07-09,INE0DEZ01013,K2INFRA,ST,63.7,63.85,59.8,61.0,61.0,62.2,19200,1182300.0,29
2026-07-09,INE900B01029,KABRAEXTRU,EQ,281.0,300.0,281.0,295.65,295.0,280.45,109327,32064386.05,3126
2026-07-09,INE0XOW01017,KKJEWELS,SM,103.0,109.95,103.0,109.95,109.95,107.0,5000,528900.0,2
2026-07-09,INE217B01036,KAJARIACER,EQ,1200.0,1229.7,1194.0,1215.0,1212.9,1193.4,260257,316764592.3,11408
2026-07-09,INE437B01014,KAKATCEM,BE,117.5,117.5,113.0,113.7,116.9,116.98,3672,418646.75,61
2026-07-09,INE0T0L01014,KALANA,SM,18.5,18.5,18.5,18.5,18.5,18.5,4000,74000.0,2
2026-07-09,INE227J01012,KALPATARU,EQ,289.0,292.45,286.0,287.65,287.0,286.5,55796,16108290.75,2725
2026-07-09,INE220B01022,KPIL,EQ,1332.4,1368.9,1332.4,1349.9,1346.2,1332.4,86189,116784091.2,11191
2026-07-09,INE303R01014,KALYANKJIL,EQ,380.0,448.0,377.85,443.0,439.75,374.15,117145048,50058270506.85,661386
2026-07-09,INE314G01014,KALYANIFRG,EQ,624.65,639.3,621.35,628.7,631.25,627.75,366,230615.8,42
2026-07-09,INE029L01018,KICL,EQ,5388.0,5580.0,5380.0,5505.0,5517.5,5360.5,2287,12551160.5,592
2026-07-09,INE907A01026,KSL,EQ,890.0,966.0,890.0,933.5,930.0,893.4,391031,366781607.15,19901
2026-07-09,INE411F01010,KAMAHOLD,EQ,2587.3,2587.3,2533.6,2553.4,2562.0,2539.2,3541,9036384.0,518
2026-07-09,INE967C01018,KAMATHOTEL,EQ,183.17,189.59,183.17,185.07,185.18,182.4,22906,4258524.97,996
2026-07-09,INE390H01020,KAMDHENU,BE,31.5,32.56,31.01,32.56,32.56,31.01,575053,18538847.42,695
2026-07-09,INE0BTI01037,KAMOPAINTS,EQ,4.87,5.08,4.87,4.98,4.97,5.02,95958,478549.25,431
2026-07-09,INE879E01037,KANANIIND,EQ,1.51,1.55,1.51,1.52,1.53,1.53,89319,136047.27,239
2026-07-09,INE081G01019,KANCHI,BE,359.0,371.0,359.0,363.3,367.95,363.1,95,34370.45,9
2026-07-09,INE0MOT01016,KANDARP,SM,101.0,101.0,101.0,101.0,101.0,98.5,3000,303000.0,1
2026-07-09,INE138C01024,KANORICHEM,BE,125.0,132.99,122.1,130.01,129.8,127.1,70701,9244533.99,160
2026-07-09,INE694E01014,KANPRPLA,EQ,189.52,200.1,188.6,194.11,189.99,187.84,42242,8145121.19,736
2026-07-09,INE531A01024,KANSAINER,EQ,207.0,207.0,199.3,200.59,200.69,204.03,230082,46639075.18,6868
2026-07-09,INE542Z01028,KAPSTON,EQ,351.0,383.9,351.0,377.2,379.0,354.5,63563,23936787.4,1908
2026-07-09,INE725L01011,KARMAENG,EQ,40.0,40.45,39.11,39.92,39.92,39.93,2545,100690.09,37
2026-07-09,INE614B01018,KTKBANK,EQ,263.0,269.0,263.0,268.0,268.9,262.85,1567788,418458653.7,19388
2026-07-09,INE0MGA01012,KARNIKA,SM,102.95,116.65,102.95,111.9,113.0,102.35,373000,41326400.0,322
2026-07-09,INE036D01028,KARURVYSYA,EQ,296.0,301.85,291.5,295.65,296.6,294.65,1675323,496847128.2,26333
2026-07-09,INE0SVY01018,KATARIA,SM,102.5,103.5,102.5,103.5,103.5,101.0,5400,555300.0,7
2026-07-09,INE234I01028,KAUSHALYA,BE,1146.15,1146.15,1088.85,1088.85,1088.85,1146.15,353,388901.6,58
2026-07-09,INE0Q2V01012,KLL,SM,32.7,32.7,30.5,30.85,31.0,31.7,6400,203440.0,8
2026-07-09,INE455I01029,KSCL,EQ,865.65,881.45,863.3,865.9,865.0,865.65,85281,74308781.7,4212
2026-07-09,INE641C01019,KAVDEFENCE,EQ,61.31,64.5,61.31,62.06,62.0,61.83,86472,5429997.93,1238
2026-07-09,INE0RCG01017,KCEIL,ST,90.0,90.0,88.2,88.5,88.5,91.35,3000,266700.0,6
2026-07-09,INE587G01015,KAYA,EQ,237.7,248.0,237.7,244.99,246.9,238.89,10755,2638212.83,413
2026-07-09,INE918Z01012,KAYNES,EQ,3241.5,3459.9,3241.1,3429.1,3447.0,3210.7,3549385,12057055046.9,142652
2026-07-09,INE13ZD01013,KAYTEX,SM,59.1,60.45,58.45,59.0,58.8,59.1,8000,473640.0,8
2026-07-09,INE0J1E01027,KCK,SM,12.85,14.05,11.65,14.05,14.05,12.8,1547500,20707125.0,307
2026-07-09,INE805C01028,KCP,EQ,164.91,175.0,162.95,172.81,172.9,163.6,273879,46811092.74,4996
2026-07-09,INE790B01024,KCPSUGIND,EQ,21.7,21.9,21.69,21.87,21.89,21.71,66433,1448879.69,295
2026-07-09,INE291D01011,KDDL,EQ,3057.2,3230.7,3057.2,3186.3,3206.0,3057.2,20817,66050829.1,3516
2026-07-09,INE389H01022,KEC,EQ,488.0,498.95,485.0,495.25,497.0,486.95,362999,179140969.95,10185
2026-07-09,INE878B01027,KEI,EQ,5030.5,5078.5,4925.0,5007.5,4998.0,5030.5,341857,1708449447.5,49303
2026-07-09,INE164B01030,KELLTONTEC,EQ,15.05,15.19,14.78,14.9,15.12,15.04,1182588,17764292.81,3063
2026-07-09,INE15DO01012,KEN,SM,34.2,34.75,33.8,34.75,34.75,33.85,4800,164220.0,4
2026-07-09,INE717A01029,KENNAMET,EQ,2798.0,2872.5,2777.0,2805.7,2806.0,2809.4,8364,23692525.3,2008
2026-07-09,INE202H01019,KERNEX,EQ,2064.5,2193.6,2064.4,2124.0,2138.8,2038.6,225402,484818451.2,18706
2026-07-09,INE087A01019,KESORAMIND,BE,10.22,10.22,10.17,10.17,10.17,10.36,314375,3200765.3,326
2026-07-09,INE401H01017,KKCL,EQ,492.2,503.45,492.2,495.55,493.6,489.6,22614,11278326.7,1282
2026-07-09,INE681C01015,KEYFINSERV,EQ,263.0,274.97,263.0,266.0,266.0,263.19,524,139704.34,40
2026-07-09,INE263M01029,RUSTOMJEE,EQ,413.0,424.0,413.0,421.45,421.9,412.6,16055,6727164.75,1376
2026-07-09,INE138Y01010,KFINTECH,EQ,849.0,888.8,848.45,874.9,872.0,847.95,1527455,1339018942.45,45118
2026-07-09,INE834I01025,KHADIM,BE,104.5,106.79,103.75,105.13,106.48,105.1,5949,625366.99,661
2026-07-09,INE731C01018,KHAITANLTD,BE,133.0,135.07,128.5,129.0,129.0,128.64,1019,135075.93,37
2026-07-09,INE745B01028,KHAICHEM,BE,51.8,52.78,51.5,51.7,51.51,51.8,48174,2504908.81,255
2026-07-09,INE060B01014,KHANDSE,EQ,17.75,17.75,17.25,17.74,17.75,17.68,751,13282.35,25
2026-07-09,INE00UG01014,KHFM,SM,58.3,58.3,53.25,53.25,53.25,52.55,6200,338055.0,4
2026-07-09,INE338F01015,KLBRENG-B,EQ,460.7,472.0,446.55,462.3,457.95,460.0,69726,32335082.65,4266
2026-07-09,INE729D01010,KILITCH,BE,184.98,185.5,176.0,184.24,184.0,183.12,25517,4679288.04,243
2026-07-09,INE473D01015,KINGFA,EQ,4955.0,5099.0,4955.0,5038.5,5090.0,4983.5,4455,22476525.5,1729
2026-07-09,INE880L01014,KIOCL,EQ,376.0,381.45,376.0,377.05,376.05,374.15,48625,18403164.85,2373
2026-07-09,INE555P01013,KIRANVYPAR,EQ,188.15,195.0,188.15,189.04,189.01,193.85,2253,434275.2,75
2026-07-09,INE415I01015,KIRIINDUS,EQ,383.3,385.45,380.5,381.9,382.35,379.55,117003,44787892.7,3398
2026-07-09,INE732A01036,KIRLOSBROS,EQ,1865.6,1916.3,1840.0,1908.1,1914.0,1853.9,114038,216348286.7,11652
2026-07-09,INE134B01017,KECL,BE,108.92,112.99,107.5,110.87,111.8,108.93,32288,3590650.64,309
2026-07-09,INE884B01025,KIRLFER,EQ,452.75,462.0,444.55,455.95,458.0,451.75,88784,40440265.05,4789
2026-07-09,INE250A01039,KIRLOSIND,EQ,4035.0,4233.0,4032.3,4151.0,4175.0,4006.2,28948,120244046.9,5114
2026-07-09,INE146L01010,KIRLOSENG,EQ,2295.4,2436.4,2290.1,2424.8,2430.0,2277.0,1094132,2609243026.1,85636
2026-07-09,INE811A01020,KIRLPNU,EQ,1762.7,1789.0,1750.2,1782.1,1789.0,1745.2,68198,120787405.8,11609
2026-07-09,INE602G01020,KITEX,EQ,152.1,155.9,152.1,153.18,152.7,151.31,312117,48068084.66,3776
2026-07-09,INE0KNW01016,KNAGRI,EQ,209.89,209.89,203.86,205.76,207.88,206.07,2959,613240.07,104
2026-07-09,INE17QZ01016,KNACK,EQ,186.0,204.0,186.0,194.71,195.25,182.98,19121784,3746445143.24,136324
2026-07-09,INE0CJD01029,KMEW,EQ,2269.0,2309.9,2250.4,2268.6,2264.9,2236.9,72402,164708552.5,9808
2026-07-09,INE1JAR25012,KRT,RR,115.75,115.98,115.0,115.08,115.01,115.6,169938,19607105.46,13237
2026-07-09,INE634I01029,KNRCON,EQ,127.61,129.43,126.25,127.33,127.0,127.28,342451,43824883.85,5133
2026-07-09,INE0Q7P01013,KODYTECH,SM,1062.0,1147.0,1055.0,1125.2,1147.0,1077.9,289500,316108280.0,322
2026-07-09,INE080B01012,KOHINOOR,EQ,24.0,24.74,23.95,24.34,24.31,23.92,136106,3297765.99,2113
2026-07-09,INE760A01029,KOKUYOCMLN,EQ,86.7,87.93,85.79,87.58,87.87,85.37,24872,2159525.25,344
2026-07-09,INE094I01018,KOLTEPATIL,EQ,356.6,362.5,354.1,361.4,358.65,356.6,20785,7481430.5,1123
2026-07-09,INE0QEI01011,KONSTELEC,ST,53.3,53.3,53.3,53.3,53.3,50.8,3000,159900.0,3
2026-07-09,INE0KZ301010,KONTOR,SM,59.05,63.0,59.0,63.0,63.0,63.0,3600,221880.0,5
2026-07-09,INE082A01010,KOPRAN,BE,184.89,191.0,180.26,189.36,189.2,182.4,91062,17115635.32,852
2026-07-09,INE0O4R01018,KDL,SM,117.8,120.9,115.1,115.75,115.8,120.2,16650,1953120.0,82
2026-07-09,INF174KA1HJ8,GOLD1,EQ,118.01,119.79,118.01,119.55,119.54,118.06,1173234,140013651.9,6141
2026-07-09,INE237A01036,KOTAKBANK,EQ,371.5,377.95,368.4,377.15,377.3,370.1,30720415,11466632415.95,310195
2026-07-09,INF174K014P6,NIFTY1,EQ,264.94,267.68,264.32,265.8,266.47,264.94,442994,118222115.88,1408
2026-07-09,INF373I01023,PSUBANK,EQ,820.59,827.0,810.09,822.75,822.9,810.59,11493,9428133.32,573
2026-07-09,INF174KA1XV0,CHEMICAL,EQ,29.7,29.7,29.17,29.41,29.46,29.12,281637,8277425.92,679
2026-07-09,INF174KA1IA5,ALPHA,EQ,50.55,51.26,50.55,51.14,51.2,50.51,790610,40403241.69,1778
2026-07-09,INF174KA1ZF8,CONS,EQ,12.05,12.11,12.0,12.03,12.03,11.93,28257,341315.2,97
2026-07-09,INF174KA1GC5,IT,EQ,30.97,30.97,30.02,30.52,30.85,30.5,340071,10324891.66,1014
2026-07-09,INF174KA1LV5,LIQUID1,EQ,1118.38,1118.38,1112.46,1112.61,1112.61,1112.46,1540426,1713895606.92,575
2026-07-09,INF174KA1IY5,LOWVOL1,EQ,20.88,21.05,20.88,20.96,20.97,20.88,423541,8900975.36,197
2026-07-09,INF174KA1ZC5,MIDCAP,EQ,17.85,18.3,17.6,18.22,18.21,17.93,465175,8437291.02,745
2026-07-09,INF174KA1JF2,MNC,EQ,33.4,33.47,33.23,33.31,33.23,33.12,106633,3556919.13,253
2026-07-09,INF174KA1ZD3,SILVER1,EQ,21.11,21.67,20.48,21.59,21.63,21.31,3790849,81141250.65,4300
2026-07-09,INF174KA1ZE1,NV20,EQ,14.0,14.05,13.95,13.98,14.0,13.95,48055,672253.83,158
2026-07-09,INF174KA1VW2,MID150,EQ,23.39,23.39,23.08,23.24,23.26,22.93,16228,376253.97,121
2026-07-09,INF174KA1XS6,MOMENTUM30,EQ,30.3,30.42,30.18,30.22,30.35,30.02,111881,3388468.33,83
2026-07-09,INF174KA1VD2,MSCIINDIA,EQ,29.51,29.73,29.51,29.62,29.52,29.44,21153,627162.57,86
2026-07-09,INF174KA1YO3,NEXT50ETF,EQ,71.8,72.15,71.59,72.01,72.03,71.45,10647,765424.35,80
2026-07-09,INF174KA1UW4,NIFTY100EW,EQ,34.32,34.81,34.32,34.56,34.81,34.32,20124,695530.93,147
2026-07-09,INF174KA1WT6,QUALITY30,EQ,20.15,20.23,20.07,20.17,20.17,20.11,2990,60217.74,17
2026-07-09,INF174KA1ZB7,BANKNIFTY1,EQ,59.09,59.67,59.09,59.27,59.33,58.99,2795581,165701046.54,796
2026-07-09,INE972A01020,KOTIC,EQ,166.63,183.4,166.01,172.02,171.25,166.63,113699,20205508.1,2357
2026-07-09,INE720A01015,KOTHARIPET,EQ,131.8,134.75,130.91,132.35,132.0,130.41,44698,5923475.73,1044
2026-07-09,INE823A01017,KOTHARIPRO,EQ,68.01,70.5,68.01,69.21,68.75,67.43,10569,731585.8,91
2026-07-09,INE419A01022,KOTARISUG,EQ,25.9,27.0,25.35,25.98,26.32,25.57,29155,765929.2,205
2026-07-09,INE0J0B01017,KOTYARK,BE,35.27,35.99,34.0,35.53,35.7,35.35,53223,1886522.13,343
2026-07-09,INE177F01017,KOVAI,EQ,5968.5,6000.0,5915.0,5970.5,6000.0,5968.5,1917,11415515.5,627
2026-07-09,INE542W01025,KPIGREEN,EQ,396.65,403.5,396.65,397.8,400.1,396.65,329512,131603821.55,10472
2026-07-09,INE04I401011,KPITTECH,EQ,556.05,557.0,546.6,548.15,548.5,554.6,1950385,1074007779.7,55039
2026-07-09,INE930H01031,KPRMILL,EQ,1120.0,1138.5,1111.9,1115.1,1115.5,1107.1,158907,178263686.7,13074
2026-07-09,INE001B01026,KRBL,EQ,360.85,375.0,359.65,369.3,368.9,359.8,408585,151446544.6,9829
2026-07-09,INE268B01013,KREBSBIO,EQ,55.5,59.43,54.42,56.96,57.02,54.03,31554,1839032.44,408
2026-07-09,INE524L01026,KRIDHANINF,BE,2.71,2.84,2.64,2.78,2.8,2.71,23700,66212.93,36
2026-07-09,INE506W01020,KRISHANA,EQ,129.7,139.25,129.65,138.15,138.95,128.75,1381914,187928398.9,12544
2026-07-09,INE0NR701018,KRISHCA,SM,172.0,174.0,171.0,172.35,174.0,169.7,7000,1211425.0,12
2026-07-09,INE0GGO01015,KRISHIVAL,EQ,402.5,402.5,395.0,399.1,401.5,399.4,17811,7120932.05,417
2026-07-09,IN90GGO01013,KRISHPP,E1,141.5,155.0,125.1,132.2,125.1,141.0,139199,18468653.15,337
2026-07-09,INE0J5601015,KRISHNADEF,EQ,1294.0,1340.0,1293.9,1314.3,1319.9,1282.7,146818,194128452.8,8989
2026-07-09,INE967H01025,KIMS,EQ,805.0,831.0,801.75,813.75,815.0,805.95,536192,439537867.15,22398
2026-07-09,INE479D01038,KRITI,BE,69.8,70.6,65.0,69.54,68.95,67.99,22986,1557238.93,216
2026-07-09,INE798K01010,KRITINUT,BE,76.6,76.85,75.1,76.66,76.69,76.66,15899,1216482.77,152
2026-07-09,INE00Z501029,KRITIKA,EQ,5.62,5.77,5.46,5.62,5.68,5.56,61799,346890.11,333
2026-07-09,INE1MTV01019,KRMAYURVED,ST,253.75,259.35,252.5,255.75,255.75,247.0,24000,6174650.0,23
2026-07-09,INE0Q3J01015,KRN,BE,1181.0,1248.0,1181.0,1211.8,1215.9,1205.1,56896,69192145.8,3785
2026-07-09,INE0ATZ01017,KRONOX,EQ,145.6,150.25,145.4,149.49,149.5,144.68,84349,12506968.78,1899
2026-07-09,INE0O6601022,KROSS,EQ,179.0,185.0,179.0,182.46,181.25,178.44,187541,34147596.7,2977
2026-07-09,INE08LI01020,KRSNAA,EQ,551.05,561.0,547.05,556.9,558.75,544.8,37525,20835807.45,2824
2026-07-09,INE0QN801017,KRYSTAL,EQ,600.6,605.65,600.2,601.3,600.2,600.55,3729,2244498.15,222
2026-07-09,INE999A01023,KSB,EQ,935.8,935.8,922.15,932.7,932.0,927.6,60524,56285797.7,7182
2026-07-09,INE987S01020,KSHINTL,EQ,793.3,851.45,793.0,848.2,848.25,783.35,302015,250985541.65,18321
2026-07-09,INE013801027,KSHITIJPOL,BE,3.36,3.36,3.36,3.36,3.36,3.53,540507,1816103.52,881
2026-07-09,INE0D6I01023,KSOLVES,EQ,282.95,289.5,280.0,282.6,283.4,284.0,23562,6717597.7,1280
2026-07-09,INE1SPP01016,KSR,EQ,31.07,31.87,30.1,30.22,30.4,31.07,12057,364833.22,106
2026-07-09,INE529I01021,KUANTUM,EQ,76.0,76.0,75.0,75.49,75.66,74.97,15977,1204396.14,332
2026-07-09,INE552U01010,KPL,EQ,2594.0,2698.0,2594.0,2624.5,2625.0,2568.2,26046,68838729.6,4355
2026-07-09,INE2KCE01013,KWIL,EQ,32.26,33.95,32.14,32.71,32.75,31.79,15372467,509540381.38,37374
2026-07-09,INE498L01015,LTF,EQ,314.75,324.25,309.2,321.1,320.7,314.3,9334466,2981733289.5,96794
2026-07-09,INE010V01017,LTTS,EQ,3150.9,3235.0,3131.5,3217.6,3205.0,3141.1,80073,256984027.4,13970
2026-07-09,INE059D01020,LAOPALA,EQ,178.67,178.67,176.0,176.99,176.6,176.61,35405,6264732.81,5537
2026-07-09,INE548Z01017,LAGNAM,EQ,79.7,79.7,78.11,79.45,79.4,77.95,933,73854.17,39
2026-07-09,INE515C01023,LAHOTIOV,EQ,43.76,45.0,42.85,42.85,42.85,42.3,2802,122504.6,45
2026-07-09,INE850E01012,LFIC,EQ,141.8,142.85,140.0,140.12,140.12,139.59,240,33926.7,29
2026-07-09,INE651C01018,LAKPRE,BZ,5.56,5.8,5.56,5.56,5.56,5.85,4336,24165.78,26
2026-07-09,INE0VZS01015,LAKSHYA,ST,108.5,109.45,104.0,104.85,105.05,107.0,13600,1462520.0,13
2026-07-09,INE112F01022,LAMBODHARA,EQ,109.0,110.6,107.51,108.41,108.49,107.05,3671,398363.45,85
2026-07-09,INE0R0201012,LAMOSAIC,ST,47.3,50.0,45.95,49.25,49.8,48.35,85200,4111530.0,84
2026-07-09,INE572G01025,LANCORHOL,EQ,24.5,25.49,24.27,25.0,25.0,24.95,187170,4679407.99,466
2026-07-09,INE559R01029,LANDMARK,EQ,423.0,437.2,422.05,429.05,430.0,423.0,70801,30258645.35,5468
2026-07-09,INE197J01017,LPDC,EQ,6.48,6.64,6.36,6.38,6.38,6.42,28549,183877.38,109
2026-07-09,INE688J01023,LANDSMILL,EQ,0.77,0.8,0.76,0.77,0.78,0.77,1771094,1377210.4,818
2026-07-09,INE018A01030,LT,EQ,3916.0,3947.3,3867.8,3886.0,3883.0,3892.1,5117653,20044887228.3,165912
2026-07-09,INE670X01014,LASA,EQ,7.48,7.9,7.25,7.43,7.45,7.34,23854,177959.2,118
2026-07-09,INE0I7C01011,LATENTVIEW,EQ,293.25,304.65,290.8,300.55,300.1,292.8,764156,229469249.8,16130
2026-07-09,INE262Z01023,LATTEYS,BE,20.98,21.0,20.0,20.88,20.5,20.0,111845,2325627.11,233
2026-07-09,INE947Q01028,LAURUSLABS,EQ,1468.1,1524.6,1460.0,1507.4,1514.5,1469.2,2035031,3073845826.7,58059
2026-07-09,INE801V01019,LAXMICOT,EQ,14.8,14.9,14.17,14.38,14.38,14.52,5788,83131.9,90
2026-07-09,INE0WO601020,LAXMIDENTL,EQ,215.18,220.0,212.77,216.93,217.4,214.64,60176,13093074.49,1951
2026-07-09,INE258Y01016,LGHL,EQ,212.8,223.6,212.8,216.72,219.0,211.68,40349,8815983.77,582
2026-07-09,INE06WU01026,LAXMIINDIA,BE,113.48,116.19,110.7,111.87,112.9,110.66,20503,2318244.27,212
2026-07-09,INE576O01020,LXCHEM,EQ,151.47,154.4,150.8,153.14,152.0,150.59,263109,40322096.78,3910
2026-07-09,INE938A01021,LCCINFOTEC,EQ,4.63,4.73,4.5,4.55,4.53,4.64,49793,229398.08,118
2026-07-09,INE0G1L01025,LEMERITE,EQ,22.65,22.9,21.18,22.36,22.48,22.29,873012,19047585.79,2675
2026-07-09,INE0HV901016,IXIGO,EQ,201.42,210.94,200.1,204.22,203.1,200.42,1025423,209854935.45,22409
2026-07-09,INE0AQ201015,THELEELA,EQ,483.05,504.35,481.4,500.6,501.8,480.6,398405,198861301.05,17174
2026-07-09,INE970X01018,LEMONTREE,EQ,116.93,118.85,116.61,117.44,117.7,116.93,2350156,276840556.37,27198
2026-07-09,INE956O01016,LENSKART,EQ,541.2,563.0,529.5,545.95,547.1,536.55,15723093,8623550173.8,230700
2026-07-09,INE500X01013,LEXUS,EQ,14.5,14.68,13.3,13.92,13.94,14.34,10898,156094.85,58
2026-07-09,INE337A01034,LGBBROSLTD,EQ,1540.0,1590.0,1535.2,1558.0,1566.1,1537.5,29480,46035192.1,3864
2026-07-09,INE324D01010,LGEINDIA,EQ,1547.0,1570.0,1545.2,1563.8,1569.0,1545.3,731466,1141600972.7,24984
2026-07-09,INE908V01012,LIBAS,EQ,11.21,11.32,10.45,10.61,10.89,11.21,75324,803746.06,267
2026-07-09,INE557B01019,LIBERTSHOE,EQ,270.0,276.5,270.0,272.65,274.6,270.0,36840,10091347.0,855
2026-07-09,INE115A01026,LICHSGFIN,EQ,531.5,542.75,531.5,539.8,539.9,530.6,769495,415097812.4,14314
2026-07-09,INF767K01SM1,LICMFGOLD,EQ,126.3,129.4,126.3,128.95,129.3,127.4,21721,2789707.55,412
2026-07-09,INF767K01OS7,LICNETFN50,EQ,273.45,273.45,268.3,269.33,269.35,266.79,280,75910.46,31
2026-07-09,INF767K01OT5,LICNETFSEN,EQ,871.33,873.03,866.54,866.56,866.56,864.52,24,20867.31,7
2026-07-09,INF767K01PC8,LICNFNHGP,EQ,273.49,275.34,272.58,273.89,274.55,273.33,32,8794.0,11
2026-07-09,INF767K01MV5,LICNETFGSC,EQ,29.64,29.7,29.38,29.42,29.4,29.5,7100,209065.82,73
2026-07-09,INF767K01RN1,LICNMID100,EQ,62.11,62.89,62.11,62.36,62.37,61.73,1901,118628.47,54
2026-07-09,INE0J1Y01017,LICI,EQ,427.9,440.9,427.4,438.45,438.5,427.9,3344176,1461283912.55,40199
2026-07-09,INE060901027,LIKHITHA,BE,233.5,244.8,233.0,238.8,239.0,234.55,12215,2911271.85,266
2026-07-09,INE802B01027,LINC,EQ,102.75,106.59,102.73,104.55,105.9,102.37,15516,1623091.42,805
2026-07-09,INE405C01035,LINCOLN,EQ,600.05,616.8,600.05,611.95,608.1,600.9,22302,13651030.15,1259
2026-07-09,INE473A01011,LINDEINDIA,EQ,6974.5,7065.0,6970.0,6987.5,6970.0,6935.5,14140,98993371.0,3766
2026-07-09,INE093R01011,LLOYDSENGG,EQ,82.38,85.9,82.36,85.36,85.54,81.73,8760768,742576594.93,30787
2026-07-09,INE080I01025,LLOYDSENT,EQ,71.68,75.48,71.68,74.58,74.99,71.33,2709343,200622250.73,15673
2026-07-09,INE0DTQ01028,LLOYDS,ST,71.35,71.55,71.35,71.55,71.55,68.15,12000,857800.0,9
2026-07-09,INE281B01032,LLOYDSME,EQ,1736.9,1767.9,1729.3,1745.1,1740.0,1725.8,363584,634585226.6,17679
2026-07-09,INE269B01029,LMW,EQ,15699.0,16092.0,15684.0,15733.0,15750.0,15795.0,1435,22712134.0,599
2026-07-09,INE670K01029,LODHA,EQ,1107.8,1220.0,1102.0,1192.15,1200.0,1115.1,7067035,8190186307.5,150033
2026-07-09,INE397H01017,LOKESHMACH,BE,337.05,337.05,337.05,337.05,337.05,343.9,74565,25132133.25,272
2026-07-09,INE846D01012,LORDSCHLO,EQ,135.04,138.0,135.0,136.37,136.0,133.94,6468,882284.64,76
2026-07-09,INE740X01023,LAL,EQ,8.7,8.89,8.51,8.59,8.6,8.7,12731,110359.2,148
2026-07-09,INE947I01017,LOTUSEYE,EQ,119.9,124.8,119.85,121.12,121.5,118.56,5654,689670.71,310
2026-07-09,INE597L01014,LOVABLE,EQ,76.8,77.33,75.96,76.54,76.99,75.45,6498,497824.35,194
2026-07-09,INE970D01010,LOYALTEX,EQ,208.5,210.89,202.1,203.74,210.0,210.4,129,26332.05,19
2026-07-09,INE818H01020,LTFOODS,EQ,378.55,390.9,378.55,388.4,387.35,380.3,556292,215510880.0,21097
2026-07-09,INE214T01019,LTM,EQ,3790.0,3879.0,3715.4,3854.4,3872.6,3794.0,473976,1820396441.1,39658
2026-07-09,INE872H01027,LUMAXTECH,EQ,1455.8,1503.4,1451.1,1495.4,1492.0,1448.2,99019,147081589.0,13137
2026-07-09,INE162B01018,LUMAXIND,EQ,5211.0,5439.0,5211.0,5366.0,5334.0,5246.5,15738,84512364.0,2335
2026-07-09,INE326A01037,LUPIN,EQ,2459.0,2522.7,2455.0,2503.3,2503.5,2459.0,570462,1428448376.2,50117
2026-07-09,INE150G01020,LUXIND,EQ,1235.6,1260.0,1216.2,1222.2,1222.2,1229.1,25316,31279063.3,1505
2026-07-09,INE933A01014,LYKALABS,BE,71.34,71.9,67.65,68.58,70.0,68.99,12331,857729.93,105
2026-07-09,INE142K01011,LYPSAGEMS,EQ,4.64,4.86,4.26,4.63,4.71,4.58,141427,650965.85,667
2026-07-09,INE08N601015,MBEL,EQ,309.75,323.0,307.8,310.25,310.0,307.2,143415,45186831.2,6262
2026-07-09,INE964W01021,MKPL,EQ,4.66,4.76,4.56,4.59,4.67,4.67,190478,885336.41,399
2026-07-09,INE813V01022,MCL,EQ,53.9,55.3,53.7,54.57,54.74,53.99,14435,788897.83,454
2026-07-09,INE774D01024,M&MFIN,EQ,333.3,340.0,330.5,336.75,337.0,331.65,2510756,844642164.95,38934
2026-07-09,INE0SGC01015,MVKAGRO,SM,369.0,387.95,357.0,387.95,387.95,373.0,9300,3393345.0,28
2026-07-09,INE215I01027,MAANALU,EQ,121.84,124.9,120.41,120.84,120.56,119.8,64981,7962931.89,803
2026-07-09,INE435D01014,MCCHRLS-B,EQ,723.8,723.8,709.0,709.0,709.0,699.35,447,316943.55,5
2026-07-09,INE155Z01011,MACPOWER,EQ,1339.9,1390.4,1338.4,1372.3,1385.0,1331.9,9357,12862077.0,1150
2026-07-09,INE631R01026,MADHAVIPL,EQ,8.3,8.48,8.3,8.35,8.4,8.39,87051,728038.34,270
2026-07-09,INE925C01016,MADHAV,EQ,37.0,38.2,36.15,36.55,36.6,36.94,8877,325015.48,89
2026-07-09,INE378D01032,MADHUCON,BE,6.15,6.15,5.81,5.86,5.86,6.0,4432,25860.32,33
2026-07-09,INE0P6701019,MADHUSUDAN,ST,257.75,259.55,248.6,251.8,249.3,253.3,36000,9083750.0,36
2026-07-09,INE900L01028,MBAPL,EQ,118.0,131.9,117.05,129.85,131.7,118.05,2221219,280360691.7,23607
2026-07-09,INE414A01015,MADRASFERT,EQ,66.94,69.27,66.94,67.33,67.3,66.94,68174,4630536.9,967
2026-07-09,INE270B01035,MAFATIND,EQ,133.72,140.0,133.61,139.35,140.0,135.69,58462,8052332.69,836
2026-07-09,INE347W01011,MAGADSUGAR,EQ,497.1,515.0,497.0,504.55,505.0,494.5,17074,8621391.1,778
2026-07-09,INE613C01026,MCLOUD,EQ,29.32,30.15,28.95,29.62,29.79,29.32,6025668,178421481.77,14681
2026-07-09,INE387I01016,MAGNUM,EQ,19.31,20.25,19.31,19.85,20.09,19.4,30521,609001.66,87
2026-07-09,INE0O1S01012,MAGSON,ST,175.85,179.0,168.0,178.95,179.0,175.0,7000,1214650.0,6
2026-07-09,INE843B01013,MAHAPEXLTD,EQ,44.51,45.99,43.1,43.59,44.0,44.48,11128,489339.41,171
2026-07-09,INE0US801024,MFML,EQ,18.99,19.99,18.99,19.6,19.74,18.99,1632,32170.33,35
2026-07-09,INE112D01035,MHLXMIRU,EQ,133.21,140.41,133.21,140.03,139.89,133.73,10380,1436245.72,254
2026-07-09,INE451L01014,MAHASTEEL,EQ,799.75,839.0,795.0,831.25,837.0,799.85,10135,8375587.1,371
2026-07-09,INE002S01010,MGL,EQ,1092.1,1126.0,1089.0,1122.7,1124.0,1093.9,131919,147243244.2,13027
2026-07-09,INE153A01019,MTNL,EQ,28.2,29.28,28.2,28.95,29.03,28.19,1165534,33467278.97,4518
2026-07-09,INE288A01013,MAHSCOOTER,EQ,13017.0,13166.0,12895.0,13047.0,13049.0,12889.0,2137,27925341.0,905
2026-07-09,INE271B01025,MAHSEAMLES,EQ,586.0,592.95,582.0,591.05,592.0,583.0,68103,40159838.35,4041
2026-07-09,INE632Q01018,MRIL,ST,66.55,73.5,66.55,73.2,73.5,70.0,158400,11470640.0,67
2026-07-09,INE263W01010,MAHESHWARI,BE,71.37,73.4,71.37,73.14,73.25,71.37,15740,1148780.82,48
2026-07-09,INE961Y01015,MAHICKRA,SM,249.95,250.0,249.95,250.0,250.0,250.5,5250,1312425.0,5
2026-07-09,INE101A01026,M&M,EQ,3101.0,3139.7,3080.3,3085.4,3088.0,3102.5,2922682,9069523229.9,118016
2026-07-09,INE215D01010,MAHEPC,EQ,115.5,116.8,114.0,115.31,115.03,114.87,24403,2819442.8,646
2026-07-09,INE998I01010,MHRIL,EQ,233.0,237.29,229.55,231.72,232.0,232.01,71335,16606836.17,2471
2026-07-09,INE813A01018,MAHLIFE,EQ,356.45,371.0,356.45,368.0,371.0,359.05,175895,64600537.65,13693
2026-07-09,INE766P01016,MAHLOG,EQ,382.1,395.0,382.1,388.95,388.1,382.5,149440,57972294.05,4974
2026-07-09,INE683C01011,MAITHANALL,EQ,995.0,1007.3,993.0,1003.5,1002.1,993.0,20570,20579798.5,1496
2026-07-09,INE201B01022,MAJESAUT,EQ,343.0,348.2,343.0,347.0,347.0,342.4,3466,1197418.15,188
2026-07-09,INE389C01015,MALLCOM,EQ,993.3,1038.0,988.1,1029.5,1038.0,988.4,1834,1873294.5,211
2026-07-09,INE383H01017,MALUPAPER,EQ,31.5,31.5,30.99,31.29,31.29,30.85,328,10175.32,12
2026-07-09,INE0TO701015,MAMATA,EQ,379.65,386.9,379.65,381.6,380.0,379.65,23828,9119645.95,1198
2026-07-09,INE830Q01018,MANAKCOAT,EQ,119.3,123.4,116.64,117.43,120.7,118.78,420539,50666587.95,3417
2026-07-09,INE993A01026,MANINDS,EQ,547.0,587.45,547.0,574.3,574.55,549.45,365438,208975488.4,10350
2026-07-09,INE949H01023,MANINFRA,EQ,100.52,105.74,100.3,100.79,100.95,100.52,3336831,345655960.13,12502
2026-07-09,INE859Q01017,MANAKALUCO,EQ,34.11,35.48,34.11,34.3,34.3,34.58,29867,1031243.49,462
2026-07-09,INE015D01022,MANAKSIA,EQ,56.36,58.18,56.36,57.04,56.9,56.36,16537,949608.58,317
2026-07-09,INE824Q01011,MANAKSTEEL,BE,79.3,81.0,77.29,78.13,78.3,79.72,14497,1143304.5,173
2026-07-09,INE201A01024,MANALIPETC,EQ,61.61,62.19,60.2,60.9,60.8,60.92,181669,11137330.62,2184
2026-07-09,INE522D01027,MANAPPURAM,EQ,330.55,336.15,329.15,332.45,332.3,332.55,1998775,665444391.25,17856
2026-07-09,INE939X01013,MANBA,EQ,136.21,141.95,135.1,136.7,137.5,135.96,199594,27654714.92,2432
2026-07-09,INE0R3T01013,MANDEEP,SM,19.3,19.3,19.3,19.3,19.3,20.25,2000,38600.0,1
2026-07-09,INE545L01039,MANCREDIT,EQ,230.0,243.19,229.8,237.93,236.5,227.97,294139,69406169.93,2618
2026-07-09,INE0PKD01011,MEIL,BE,299.0,303.95,294.0,297.45,299.95,297.85,14640,4353679.85,439
2026-07-09,INE347A01017,MANGLMCEM,EQ,922.7,949.85,921.05,944.6,941.0,923.45,27047,25430438.35,1553
2026-07-09,INE584F01014,MANGALAM,EQ,26.9,28.27,26.7,27.26,27.21,26.93,36542,1003897.07,255
2026-07-09,INE0APB01032,MGEL,BE,16.52,17.14,16.52,16.9,16.93,16.75,73477,1243239.86,169
2026-07-09,INE370D01013,MANORG,BE,518.05,539.9,518.05,536.6,538.9,528.5,883,470151.05,27
2026-07-09,INE0JYY01011,MWL,EQ,371.1,376.85,368.15,370.25,369.0,373.1,120588,44697413.55,2336
2026-07-09,INE0R3101011,MIEL,SM,12.45,13.05,12.45,12.55,12.55,13.1,10000,125900.0,5
2026-07-09,INE1ERK01013,MANILAM,SM,53.3,53.3,53.3,53.3,53.3,53.3,2000,106600.0,1
2026-07-09,INE634S01028,MANKIND,EQ,2503.3,2555.1,2498.5,2532.0,2540.0,2491.2,205083,520381841.3,27444
2026-07-09,INE0KNT01012,MVGJL,EQ,152.0,168.6,152.0,158.03,157.7,152.63,205416,33105911.55,5818
2026-07-09,INE784W01015,MANOMAY,EQ,171.64,182.4,171.21,178.59,176.8,171.64,54228,9680219.62,517
2026-07-09,INE00VM01036,MANORAMA,EQ,1513.0,1590.2,1510.0,1579.2,1578.0,1510.8,198892,307957808.6,14115
2026-07-09,INE867A01022,MANUGRAPH,BE,14.81,15.29,14.5,14.91,14.91,14.81,532,7895.18,34
2026-07-09,INE882A01013,MARALOVER,BE,52.49,54.0,52.21,53.86,54.0,51.81,2201,116651.79,32
2026-07-09,INE182D01020,MARATHON,EQ,396.75,403.55,394.2,396.65,397.9,396.85,46397,18510246.65,1838
2026-07-09,INE0TD401015,MARC,ST,96.85,96.85,93.5,93.5,93.5,92.3,2400,228420.0,2
2026-07-09,INE0QP001012,MARCO,SM,29.65,31.8,29.6,31.55,31.6,29.2,18000,556650.0,11
2026-07-09,INE196A01026,MARICO,EQ,845.05,862.3,841.45,860.05,860.55,840.1,2532027,2168921146.5,78214
2026-07-09,INE01JE01028,MARINE,EQ,250.8,254.0,247.0,248.1,248.5,247.65,443836,111410244.85,7528
2026-07-09,INE0P1P01017,MARINETRAN,SM,14.15,14.15,14.15,14.15,14.15,13.5,4000,56600.0,1
2026-07-09,INE0FW001016,MARKOLINES,EQ,165.7,169.75,163.25,165.55,164.69,164.49,374677,62751018.66,3203
2026-07-09,INE750C01026,MARKSANS,EQ,265.3,281.6,263.5,277.3,279.0,263.45,4551970,1257056016.45,59185
2026-07-09,INE415B01044,MARSONS,EQ,107.7,118.8,107.7,116.8,117.5,105.64,3999130,461732634.66,37521
2026-07-09,INE0X7G01013,MARUSHIKA,SM,83.4,89.05,83.4,89.05,89.05,92.0,2400,206940.0,2
2026-07-09,INE585B01010,MARUTI,EQ,14000.0,14037.0,13700.0,13728.0,13709.0,13951.0,576451,7978481601.0,116236
2026-07-09,INE575Z01010,MDL,ST,71.6,71.6,71.25,71.35,71.45,71.35,3000,214300.0,3
2026-07-09,INE348L01012,MASFIN,EQ,313.0,323.5,310.2,313.3,317.9,313.8,268791,84281362.15,4010
2026-07-09,INE0SH001010,MASON,SM,120.0,128.5,120.0,127.9,127.9,118.0,361000,45008550.0,73
2026-07-09,INE759A01021,MASTEK,EQ,1607.2,1638.8,1591.0,1612.1,1619.0,1606.1,29452,47666383.8,3524
2026-07-09,INE0OJM01017,MASTER,SM,380.35,380.35,369.0,380.35,380.35,362.25,7000,2653100.0,14
2026-07-09,INE677D01037,MASTERTR,EQ,80.6,96.61,80.6,94.8,94.7,80.51,17957760,1650501791.12,85069
2026-07-09,INE866R01028,MATRIMONY,EQ,434.0,439.1,415.0,417.5,416.8,431.7,14807,6277056.25,1302
2026-07-09,INE132901013,MGSL,SM,64.2,67.7,62.5,63.25,64.0,62.1,24000,1545720.0,19
2026-07-09,INE636A01039,MAWANASUG,BE,108.43,112.5,106.0,111.94,112.0,108.43,97120,10706236.75,381
2026-07-09,INE03EI01018,MAXESTATES,EQ,434.9,445.8,430.05,439.5,439.7,431.7,44246,19467929.25,2839
2026-07-09,INE180A01020,MFSL,EQ,1560.0,1596.0,1554.8,1576.8,1579.0,1559.1,841514,1329639739.4,68997
2026-07-09,INE027H01010,MAXHEALTH,EQ,1083.3,1123.7,1083.3,1101.3,1100.0,1084.8,2525140,2785656687.0,70619
2026-07-09,INE0CG601016,MAXIND,EQ,155.0,161.38,155.0,157.73,158.0,154.16,52572,8340178.59,691
2026-07-09,INE0ECC01022,MAXPOSURE,SM,34.15,35.2,34.15,35.0,35.2,34.15,4000,139050.0,4
2026-07-09,INE10A501018,MAXVOLT,ST,356.75,364.0,345.0,347.8,350.0,351.0,33600,11929800.0,82
2026-07-09,INE040D01038,MAYURUNIQ,EQ,859.0,866.3,830.0,833.3,839.0,853.25,142364,120465716.45,6773
2026-07-09,INE249Z01020,MAZDOCK,EQ,2440.0,2444.0,2369.9,2372.8,2372.8,2450.7,1695100,4066359800.5,75506
2026-07-09,INE885E01042,MAZDA,BE,238.0,242.07,232.0,235.01,238.9,238.63,12995,3083014.08,266
2026-07-09,INE912H01013,MBLINFRA,BE,25.99,26.29,25.0,26.0,26.01,25.76,11257,287222.49,79
2026-07-09,INE942G01012,MCLEODRUSS,BE,51.8,53.91,50.11,52.36,52.59,51.82,187506,9835858.0,564
2026-07-09,INE0O4M01019,MCON,SM,42.75,42.75,42.75,42.75,42.75,40.75,2000,85500.0,2
2026-07-09,INE456Z01021,MEDIASSIST,EQ,355.05,368.7,353.85,358.7,360.0,354.25,81871,29668451.3,3021
2026-07-09,INE200D01020,MMWL,BE,13.15,13.57,13.01,13.26,13.26,13.16,8917,117625.16,42
2026-07-09,INE646B01010,MEDICAMEQ,EQ,250.05,253.2,244.2,245.4,245.45,251.3,26839,6683287.4,950
2026-07-09,INE0PE401018,MEDIORG,SM,22.1,22.2,22.1,22.2,22.2,23.0,6000,132800.0,3
2026-07-09,INE630Y01024,MEDICO,EQ,38.6,39.9,38.6,39.09,39.0,38.89,44110,1731196.65,758
2026-07-09,INE0UOY01019,MEDISTEP,SM,18.5,18.5,18.5,18.5,18.5,19.8,3000,55500.0,1
2026-07-09,INE804L01022,MEDPLUS,EQ,824.95,824.95,807.1,814.7,811.1,816.2,130917,106517625.6,11776
2026-07-09,INE0VDM01015,MEESHO,EQ,189.8,195.92,189.57,190.69,191.18,189.54,10341768,1997401014.37,104683
2026-07-09,INE00EM01016,MEGASTAR,EQ,359.35,382.6,358.0,375.2,373.0,359.95,82750,30789942.2,2082
2026-07-09,INE531R01010,MEGATHERM,SM,216.9,223.9,213.9,218.25,218.25,210.25,11600,2539860.0,23
2026-07-09,INE0CT101020,MOL,EQ,46.1,46.9,45.96,46.39,46.43,45.98,351864,16326547.31,1917
2026-07-09,INE071D01033,MENONBE,BE,166.7,173.96,165.8,173.88,173.05,165.68,52392,9022658.41,935
2026-07-09,INE650G01029,MENNPIS,EQ,69.9,73.84,69.9,73.01,73.0,69.43,114763,8339228.2,1938
2026-07-09,INE776I01010,MEP,BZ,0.67,0.67,0.65,0.65,0.65,0.66,311254,206317.3,72
2026-07-09,INE689O01013,MERCANTILE,EQ,25.89,25.89,24.26,25.45,25.59,25.04,575,14631.04,24
2026-07-09,INE763M01028,MERCURYEV,BE,34.21,36.66,33.8,35.91,35.99,34.92,274966,9642475.04,685
2026-07-09,INE317I01021,METROBRAND,EQ,1041.9,1079.0,1041.9,1064.5,1068.6,1050.7,25245,26909203.3,4172
2026-07-09,INE085D01033,METROGLOBL,EQ,136.0,137.0,132.65,134.64,135.0,134.56,3614,486586.58,114
2026-07-09,INE112L01020,METROPOLIS,EQ,549.35,564.4,548.8,560.05,559.85,549.35,105938,59104537.1,9045
2026-07-09,INE287C01037,MICEL,BE,37.08,38.0,36.0,36.96,37.05,36.9,238314,8888128.88,1357
2026-07-09,INE0PZK01014,MICROPRO,SM,18.75,19.6,18.75,19.6,19.6,19.85,3200,61360.0,2
2026-07-09,INE0XAD01024,MIDWESTLTD,EQ,1296.0,1369.9,1296.0,1342.4,1344.9,1294.8,25781,34441397.3,2479
2026-07-09,INE842C01021,MINDACORP,EQ,684.05,711.5,684.05,705.45,705.5,683.35,374881,264458578.05,20892
2026-07-09,INE0CCU25019,MINDSPACE,RR,486.86,490.0,482.66,487.59,487.5,485.1,150368,73291083.7,3932
2026-07-09,INE110B01017,MINDTECK,EQ,205.84,207.7,197.45,204.93,206.0,202.86,49344,10107434.66,1243
2026-07-09,INF769K01KU7,ALPHAETF,EQ,25.71,26.6,25.71,26.07,25.95,25.65,445817,11565556.15,897
2026-07-09,INF769K01KR3,BANKETF,EQ,581.34,585.67,581.34,583.68,584.45,577.9,14982,8751390.48,290
2026-07-09,INF769K01LZ4,BANKPSU,EQ,82.17,83.14,82.11,82.94,82.78,81.48,10356,854724.25,77
2026-07-09,INF769K01NS5,CONSUMER,EQ,11.51,11.75,11.51,11.7,11.71,11.56,396766,4650430.31,246
2026-07-09,INF769K01QC2,DEFENCE,EQ,77.75,78.22,77.11,77.4,77.55,77.74,168744,13065429.38,768
2026-07-09,INF769K01PY8,DIVIDEND,EQ,34.47,34.71,34.41,34.65,34.67,34.47,3618,125009.38,53
2026-07-09,INF769K01PR2,ENERGY,EQ,39.09,39.2,38.92,39.05,39.09,38.7,207130,8100640.45,844
2026-07-09,INF769K01OA1,EQUAL200,EQ,13.61,13.67,13.6,13.62,13.62,13.5,5531,75361.56,20
2026-07-09,INF769K01OO2,EQUAL50,EQ,327.89,328.94,327.65,327.65,327.65,328.0,1168,383124.29,15
2026-07-09,INF769K01LQ3,EVINDIA,EQ,31.63,31.72,31.01,31.12,31.16,31.01,89298,2783893.93,1065
2026-07-09,INF769K01QA6,HEALTHCARE,EQ,20.9,21.31,20.9,21.13,21.15,20.9,57597,1217901.06,179
2026-07-09,INF769K01QB4,INFRA,EQ,12.1,12.25,12.03,12.2,12.22,12.09,15973,195239.32,133
2026-07-09,INF769K01PB6,INTERNET,EQ,13.28,13.5,13.28,13.46,13.47,13.16,263740,3544515.35,239
2026-07-09,INF769K01KV5,ITETF,EQ,29.88,29.88,28.47,29.08,29.19,29.1,581384,16827134.19,889
2026-07-09,INF769K01KS1,LIQUID,EQ,1000.0,1000.0,999.99,999.99,999.99,999.99,393771,393767548.53,406
2026-07-09,INF769K01MY5,LIQUIDPLUS,EQ,1093.51,1093.53,1093.51,1093.52,1093.53,1093.37,239644,262055902.0,170
2026-07-09,INF769K01GS9,ESG,EQ,41.18,41.49,41.14,41.16,41.35,41.07,50437,2076939.59,68
2026-07-09,INF769K01HF4,MAFANG,EQ,194.06,194.06,194.06,194.06,194.06,193.17,93014,18050296.84,312
2026-07-09,INF769K01HI8,BFSI,EQ,27.41,27.63,27.4,27.53,27.57,27.33,298363,8200599.54,649
2026-07-09,INF769K01JP9,GOLDETF,EQ,137.69,139.33,137.64,139.08,138.93,137.65,783072,108740323.16,4419
2026-07-09,INF769K01KF8,GSEC10YEAR,EQ,30.52,30.52,30.39,30.43,30.43,30.39,1186,36048.96,27
2026-07-09,INF769K01HS7,MAHKTECH,EQ,21.99,21.99,21.99,21.99,21.99,22.26,406483,8938561.17,253
2026-07-09,INF769K01IC9,MIDCAPETF,EQ,23.02,23.41,23.02,23.35,23.36,23.02,1733588,40454905.34,3941
2026-07-09,INF769K01IB1,MAKEINDIA,EQ,161.6,161.6,159.95,160.23,160.36,159.91,17557,2822320.26,332
2026-07-09,INF769K01EG9,NIFTYETF,EQ,260.65,261.8,259.74,260.2,259.93,259.36,303320,79153334.62,870
2026-07-09,INF769K01JU9,LOWVOL,EQ,204.86,204.86,204.86,204.86,204.86,203.85,4,819.44,1
2026-07-09,INF769K01FN2,NEXT50,EQ,734.76,738.95,731.12,737.64,738.15,731.1,39568,29112695.88,623
2026-07-09,INF769K01KG6,SILVERAG,EQ,212.59,217.5,211.68,216.75,215.66,213.61,326022,70193382.0,3237
2026-07-09,INF769K01HP3,MASPTOP50,EQ,78.33,78.33,78.33,78.33,78.33,78.74,194944,15269963.52,170
2026-07-09,INF769K01LY7,METAL,EQ,12.71,12.74,12.55,12.62,12.63,12.57,1541819,19447775.44,4019
2026-07-09,INF769K01LJ8,MIDSMALL,EQ,49.77,50.63,49.77,50.52,50.61,49.88,226239,11417285.02,532
2026-07-09,INF769K01LX9,MULTICAP,EQ,16.73,16.73,16.45,16.5,16.55,16.33,156392,2584744.14,456
2026-07-09,INF769K01ON4,SELECTIPO,EQ,45.26,46.97,45.26,46.39,46.4,45.18,65885,3049490.41,114
2026-07-09,INF769K01KT9,SENSEXETF,EQ,78.51,79.58,77.62,79.09,79.03,78.9,105012,8257334.67,277
2026-07-09,INF769K01PQ4,SMALL250,EQ,17.99,17.99,17.7,17.89,17.9,17.64,479454,8572123.16,691
2026-07-09,INF769K01LC3,SMALLCAP,EQ,46.05,46.99,46.01,46.91,46.97,46.0,2530791,118315489.85,3127
2026-07-09,INF769K01PZ5,TOP20,EQ,8.68,8.75,8.67,8.67,8.7,8.67,34512,300393.36,136
2026-07-09,INF769K01QV2,VALUE,EQ,16.04,16.06,15.96,16.0,16.02,15.84,18949,303692.45,66
2026-07-09,INE771A01026,MIRZAINT,EQ,37.7,40.74,37.44,38.99,39.1,37.82,903045,35697074.53,5757
2026-07-09,INE099Z01011,MIDHANI,EQ,413.65,416.4,407.8,409.75,410.8,408.7,486416,200531342.55,13194
2026-07-09,INE828O01033,MITCON,BE,75.1,78.8,75.0,75.67,78.8,75.1,1573,118073.2,12
2026-07-09,INE997Y01027,MITTAL,EQ,0.92,0.95,0.92,0.94,0.94,0.94,322800,303470.36,221
2026-07-09,INE227C01017,MMFL,EQ,505.2,519.9,500.65,510.1,511.9,500.1,221989,114096667.4,8729
2026-07-09,INE511Y01018,MMP,EQ,286.95,287.8,279.1,282.65,285.5,280.95,28019,7933129.2,1170
2026-07-09,INE123F01029,MMTC,EQ,63.59,64.92,63.42,64.16,64.17,63.43,1803455,116039296.7,10629
2026-07-09,INE1YNB01019,MOBILISE,ST,106.9,106.9,106.9,106.9,106.9,103.55,1600,171040.0,1
2026-07-09,INE794W01014,MODTHREAD,EQ,47.5,50.51,45.57,47.46,47.9,47.5,3360,160699.05,32
2026-07-09,INE537F01012,MODINATUR,BE,416.8,431.5,406.3,413.0,419.0,420.85,7957,3323895.0,88
2026-07-09,INE832A01018,MODIRUBBER,EQ,128.7,132.68,128.5,132.09,132.3,128.0,1189,156772.35,30
2026-07-09,INE0L0L01012,MODIS,EQ,340.0,345.0,336.7,343.35,345.0,338.1,23510,8079392.65,487
2026-07-09,INE737D01021,MODISONLTD,BE,283.5,295.7,283.5,290.95,292.95,286.8,31308,9136528.25,799
2026-07-09,INE450S01011,MHHL,SM,31.2,31.8,31.2,31.8,31.8,30.7,4500,141525.0,3
2026-07-09,INE954E01012,MOHITIND,EQ,23.57,23.57,23.0,23.07,23.03,23.57,3710,86038.91,44
2026-07-09,INE490G01020,MOIL,EQ,269.0,272.3,269.0,270.5,270.8,269.0,219039,59355315.8,6887
2026-07-09,INE514Y01020,MOKSH,EQ,11.68,11.96,11.52,11.72,11.7,11.68,66150,777407.24,176
2026-07-09,INE893J01029,MOLDTKPAC,EQ,671.45,689.25,670.0,680.6,676.25,663.75,45317,30901071.5,4862
2026-07-09,INE835B01035,MOLDTECH,EQ,126.9,129.88,126.0,126.76,128.9,126.37,18593,2368158.0,607
2026-07-09,INE903D01011,MONARCH,EQ,347.0,357.4,347.0,351.2,350.0,345.5,142902,50343731.7,3165
2026-07-09,INE296Q01012,MONEYBOXX,EQ,63.0,63.0,61.0,62.29,63.0,61.04,8410,520022.22,135
2026-07-09,INE0OIP01012,MONOPHARMA,SM,11.0,11.0,11.0,11.0,11.0,11.0,2000,22000.0,1
2026-07-09,INE1DV401010,MONOLITH,SM,760.0,769.45,744.0,748.55,745.0,747.1,13250,10050587.5,50
2026-07-09,INE950M01013,MONTECARLO,EQ,538.0,550.95,538.0,542.75,542.0,538.1,29855,16278498.5,2331
2026-07-09,INE161G01027,MORARJEE,BZ,8.77,9.69,8.77,9.68,9.68,9.23,13927,133302.86,26
2026-07-09,INE083A01026,MOREPENLAB,EQ,59.31,63.1,59.31,60.96,60.98,58.96,13485643,831401443.97,34834
2026-07-09,INE0N7S01028,MOS,ST,14.45,14.6,14.0,14.6,14.6,13.95,584000,8502800.0,30
2026-07-09,INE935B01025,MOSCHIP,EQ,233.0,246.0,233.0,238.62,238.5,231.29,12070015,2904697702.82,109082
2026-07-09,INE0FS801015,MSUMI,EQ,40.84,41.03,40.0,40.22,40.28,40.75,15316018,618402295.38,50457
2026-07-09,INF247L01023,MOM100,EQ,66.13,67.26,66.11,67.06,67.1,66.13,323923,21697809.68,2077
2026-07-09,INF247L01AP3,MON100,EQ,324.85,324.85,324.85,324.85,324.85,324.7,330518,107368772.3,878
2026-07-09,INE338I01027,MOTILALOFS,EQ,910.9,948.7,910.9,942.5,943.1,909.6,1267540,1185813313.4,41045
2026-07-09,INF247L01536,MOM50,EQ,251.43,253.0,250.22,251.86,253.0,249.6,3742,941357.37,127
2026-07-09,INF247L01AK4,MOGSEC,EQ,64.85,65.98,64.68,65.21,65.45,65.23,6461,420516.76,101
2026-07-09,INF247L01FR8,MOALPHA50,EQ,52.89,53.39,52.89,53.31,53.31,52.6,267,14196.31,24
2026-07-09,INF247L01GV8,MOBANK10,EQ,17.57,17.6,17.0,17.23,17.31,17.39,137991,2387477.83,407
2026-07-09,INF247L01EV3,MOCAPITAL,EQ,53.16,54.94,53.16,54.83,54.87,53.54,701843,38359468.66,2148
2026-07-09,INF247L01DJ0,MODEFENCE,EQ,102.44,103.71,100.26,102.35,102.61,102.68,1048863,107545571.39,6676
2026-07-09,INF247L01GH7,MOENERGY,EQ,39.46,39.46,38.7,38.88,38.93,38.69,82054,3200241.25,634
2026-07-09,INF247L01FY4,MOGOLD,EQ,140.15,141.9,139.75,141.6,141.6,140.35,42122,5944022.3,932
2026-07-09,INF247L01BB1,MOHEALTH,EQ,49.83,50.86,49.59,50.51,50.35,49.83,89586,4530668.61,532
2026-07-09,INF247L01FL1,MOINFRA,EQ,61.9,61.9,61.0,61.08,61.02,60.69,2187,134017.0,56
2026-07-09,INF247L01GI5,MOIPO,EQ,46.07,46.54,46.07,46.45,46.54,45.22,6192,286473.45,40
2026-07-09,INF247L01BL0,MOLOWVOL,EQ,36.85,37.25,36.81,36.94,37.25,36.93,2533,93707.26,32
2026-07-09,INF247L01DK8,MOMENTUM50,EQ,51.65,52.6,51.65,52.46,52.49,51.55,672727,35257703.38,1193
2026-07-09,INF247L01FK3,MOMGF,EQ,158.42,158.44,157.53,158.02,157.93,158.0,435,68818.58,16
2026-07-09,INF247L01FQ0,MOMIDMTM,EQ,62.44,63.07,62.43,63.03,63.01,61.88,38020,2391004.56,191
2026-07-09,INF247L01GK1,MOMNC,EQ,32.47,32.5,32.4,32.41,32.41,32.26,954,30965.52,11
2026-07-09,INF247L01BK2,MOMOMENTUM,EQ,60.79,61.76,60.79,61.3,61.01,60.82,29921,1836289.87,291
2026-07-09,INF247L01FC0,MON50EQUAL,EQ,33.02,33.07,32.89,32.97,32.95,32.91,5010,165346.25,30
2026-07-09,INF247L01FD8,MONEXT50,EQ,71.05,71.61,71.02,71.39,71.36,70.46,2204,156651.24,38
2026-07-09,INF247L01GG9,MONIFTY100,EQ,25.24,25.27,25.16,25.16,25.16,25.04,5393,135999.06,38
2026-07-09,INF247L01BU1,MONIFTY500,EQ,23.45,23.97,23.45,23.71,23.96,23.44,702038,16626357.23,1212
2026-07-09,INF247L01AU3,MONQ50,EQ,143.65,143.65,143.65,143.65,143.65,146.33,27019,3881279.35,130
2026-07-09,INF247L01FO5,MOPSE,EQ,99.5,100.0,99.44,99.67,99.55,100.38,895,89253.32,21
2026-07-09,INF247L01BH8,MOQUALITY,EQ,199.99,201.22,199.79,201.22,201.22,198.3,96,19199.93,10
2026-07-09,INF247L01CI4,MOREALTY,EQ,88.0,90.7,87.22,90.44,90.69,87.23,1203277,107700898.14,3090
2026-07-09,INF247L01GJ3,MOSERVICE,EQ,30.88,31.16,30.88,31.05,31.03,30.74,16509,512574.37,38
2026-07-09,INF247L01FZ1,MOSILVER,EQ,212.0,220.99,212.0,219.78,219.5,217.44,38699,8425799.06,1353
2026-07-09,INF247L01CH6,MOSMALL250,EQ,17.81,19.38,17.65,18.12,18.0,17.62,1389897,24979868.74,1832
2026-07-09,INF247L01FP2,MOTOUR,EQ,79.0,80.5,78.7,80.15,80.3,78.94,38119,3051975.71,218
2026-07-09,INF247L01BE5,MOVALUE,EQ,112.45,116.88,112.0,113.06,115.0,112.11,463082,52267034.89,1188
2026-07-09,INE0FRK01020,MOTISONS,EQ,14.22,14.96,14.1,14.28,14.24,14.09,74000999,1071929204.09,44887
2026-07-09,INE861B01023,MOTOGENFIN,BE,28.0,28.4,27.1,28.38,28.38,27.06,6069,169162.72,58
2026-07-09,INE0XM301010,MMEL,ST,29.1,31.9,29.1,31.9,31.9,30.6,42000,1317200.0,6
2026-07-09,INE356A01018,MPHASIS,EQ,2241.0,2274.0,2194.3,2261.3,2264.0,2241.9,323700,726892840.1,21637
2026-07-09,INE943D01017,MPSLTD,EQ,1959.2,2040.0,1951.0,2022.8,2026.0,1948.9,23882,48157491.6,3058
2026-07-09,INE883A01011,MRF,EQ,132940.0,134390.0,132940.0,133870.0,134065.0,132940.0,4494,601775775.0,3495
2026-07-09,INE103A01014,MRPL,EQ,148.3,152.6,147.15,149.68,150.0,147.94,3940091,591620434.46,27623
2026-07-09,INE495P01020,BECTORFOOD,EQ,169.01,173.88,167.05,171.08,171.2,167.16,882005,151193165.25,25295
2026-07-09,INE752G01015,MSPL,EQ,40.7,41.17,39.03,39.32,39.03,40.38,906752,36253508.55,3005
2026-07-09,INE255X01014,MSTCLTD,EQ,656.0,680.0,655.3,676.3,677.1,655.75,433729,291569234.4,12199
2026-07-09,INE472M01018,MTEDUCARE,BE,1.92,1.92,1.76,1.89,1.89,1.83,51824,95087.31,56
2026-07-09,INE864I01014,MTARTECH,BE,6850.0,7125.0,6831.5,6938.5,6930.0,6826.5,122817,858592796.0,21855
2026-07-09,INE08KJ01020,MUFIN,EQ,129.0,131.0,127.76,129.98,130.2,128.25,525769,68383214.01,4353
2026-07-09,INE304A01026,MUKANDLTD,EQ,130.12,131.99,129.15,130.78,131.0,130.3,47268,6175689.43,970
2026-07-09,INE0CG401037,MUKKA,EQ,22.51,23.48,22.51,23.33,23.3,22.7,212206,4883696.89,866
2026-07-09,INE374B01019,MUKTAARTS,BE,53.95,55.5,53.95,54.38,54.01,54.2,2272,123019.96,31
2026-07-09,INE745G01043,MCX,EQ,2755.6,2839.0,2749.4,2785.4,2789.0,2742.0,2578842,7215956553.6,170201
2026-07-09,INE672B01032,MUNJALAU,EQ,100.55,105.25,99.72,100.67,100.6,100.55,1564401,160241969.57,12464
2026-07-09,INE577A01027,MUNJALSHOW,EQ,130.67,132.75,130.11,131.95,132.75,130.67,20146,2655983.0,431
2026-07-09,INE692B01014,MURUDCERA,EQ,30.95,31.8,30.65,30.82,30.8,30.8,6204,193030.95,104
2026-07-09,INE919I01024,RADIOCITY,EQ,5.93,6.19,5.86,5.97,5.95,5.98,36807,221171.34,146
2026-07-09,INE296G01013,MUTHOOTCAP,EQ,217.82,220.0,216.0,217.71,217.51,217.82,10001,2176281.37,307
2026-07-09,INE414G01012,MUTHOOTFIN,EQ,3070.1,3114.1,3032.7,3057.4,3051.0,3083.3,945580,2895901002.8,67688
2026-07-09,INE046W01019,MUTHOOTMF,EQ,207.5,215.0,207.5,210.28,210.1,206.39,265560,56306994.23,5662
2026-07-09,INE0JYY07026,10MWL29,N0,95000.0,98500.0,95000.0,98500.0,98500.0,90510.55,3,291375.0,3
2026-07-09,INE0RVQ01016,MYMUDRA,SM,70.5,71.45,70.25,70.25,70.25,70.05,6000,424380.0,5
2026-07-09,INE740D01017,NRAIL,EQ,408.3,421.0,408.3,414.15,413.2,408.3,1943,808359.05,192
2026-07-09,INE104101014,NRVANDANA,ST,71.8,72.9,71.65,72.7,72.5,70.5,69000,5004150.0,22
2026-07-09,INE365I01020,NBIFIN,EQ,1910.3,1946.8,1901.0,1921.6,1924.8,1900.3,30848,58693639.2,178
2026-07-09,INE295D01020,NACLIND,EQ,223.73,235.6,221.61,225.85,226.0,221.73,2297238,527122876.41,36291
2026-07-09,INE756C01015,NDGL,EQ,2805.4,2850.0,2710.0,2732.3,2732.0,2790.7,317,875290.5,85
2026-07-09,INE245I01016,NAGREEKCAP,BE,23.11,24.64,23.11,23.93,23.9,23.7,2117,51268.05,20
2026-07-09,INE123B01028,NAGREEKEXP,EQ,24.18,25.59,23.5,23.96,24.0,24.89,39490,959624.21,309
2026-07-09,INE049I01012,NAHARCAP,EQ,246.0,246.0,241.4,245.35,246.0,245.0,1677,410631.95,80
2026-07-09,INE289A01011,NAHARINDUS,EQ,115.6,119.0,115.2,116.4,116.65,115.01,8523,991399.12,240
2026-07-09,INE308A01027,NAHARPOLY,EQ,246.0,254.75,246.0,249.2,249.0,245.75,5963,1495596.85,223
2026-07-09,INE290A01027,NAHARSPING,BE,267.0,267.45,260.1,266.3,267.45,259.45,9031,2391751.3,139
2026-07-09,INE236Y01012,NGIL,BE,42.0,42.0,39.0,40.98,40.98,40.83,8483,344112.86,44
2026-07-09,INE023A01030,NSIL,EQ,5308.0,5429.0,5308.0,5383.5,5410.0,5308.0,1747,9398152.0,385
2026-07-09,INE0RJM01010,NAMAN,SM,44.05,45.05,44.05,45.05,45.05,46.1,5600,250680.0,4
2026-07-09,INE08NZ01012,NAMOEWASTE,ST,267.05,274.0,267.05,274.0,274.0,271.25,39200,10588600.0,48
2026-07-09,INE875G01048,NDL,EQ,2.33,2.42,2.33,2.39,2.42,2.33,952842,2264128.66,857
2026-07-09,INE696V01013,JAIPURKURT,EQ,28.6,28.6,27.1,28.0,28.01,27.69,436,12156.42,42
2026-07-09,INE410P01011,NH,EQ,1979.0,2014.0,1968.0,1993.2,2000.0,1978.6,192019,383629259.9,23579
2026-07-09,INE117Z01011,NARMADA,EQ,34.87,35.27,33.66,34.63,34.75,34.53,690098,23761872.33,3593
2026-07-09,INE987B01026,NATCOPHARM,EQ,966.35,989.5,956.25,961.6,961.55,966.3,439500,427624292.8,25778
2026-07-09,INE448G01010,NATHBIOGEN,EQ,163.1,167.38,162.12,162.8,162.65,162.2,10546,1724093.13,473
2026-07-09,INE139A01034,NATIONALUM,EQ,350.1,351.8,341.9,349.5,350.0,349.75,8664918,3014986641.2,79568
2026-07-09,INE870D01012,NFL,EQ,72.99,73.8,72.8,72.94,73.15,72.66,649722,47554443.15,3963
2026-07-09,INE0H7R23014,NHIT,IV,169.0,169.0,169.0,169.0,169.0,167.95,25000,4225000.0,1
2026-07-09,INE166R01015,NATIONSTD,EQ,598.1,617.0,562.3,562.3,562.3,624.7,353226,200913103.2,3156
2026-07-09,INE936B01015,NATCAPSUQ,EQ,143.2,146.8,138.55,142.11,142.4,142.47,5766,812850.89,184
2026-07-09,INE725A01030,NAVA,EQ,590.1,602.0,586.5,596.6,598.0,591.9,222553,132682614.7,10680
2026-07-09,INE048G01026,NAVINFLUOR,EQ,7401.5,7725.0,7401.5,7689.0,7698.0,7363.0,138380,1056632825.5,33667
2026-07-09,INE278M01019,NAVKARCORP,EQ,101.11,105.4,101.11,104.13,104.0,101.8,432099,44953120.74,3936
2026-07-09,INE268H01044,NAVKARURB,BE,0.96,0.96,0.92,0.92,0.93,0.94,600160,555798.53,265
2026-07-09,INE060A01024,NAVNETEDUL,EQ,147.76,150.18,147.35,148.72,149.18,147.42,125519,18698344.41,2250
2026-07-09,INE418L01047,NAZARA,EQ,298.0,310.0,295.85,303.8,303.95,295.55,2732163,834137150.75,28157
2026-07-09,INE095N01031,NBCC,EQ,95.3,98.4,95.3,97.75,98.0,94.78,9049480,878164483.61,42401
2026-07-09,INE868B01028,NCC,EQ,144.0,145.75,142.5,143.08,143.1,143.91,1962223,283025909.61,21257
2026-07-09,INE732C01016,NCLIND,EQ,180.0,188.3,178.82,185.78,188.25,179.35,107272,19673981.46,2359
2026-07-09,INE353A01023,NDLVENTURE,EQ,130.99,131.95,128.45,130.34,130.97,130.36,14032,1824273.84,226
2026-07-09,INE07OG01012,NDRAUTO,EQ,850.0,864.4,834.9,852.8,850.0,842.8,53251,45205833.75,4703
2026-07-09,INE155G01029,NDTV,EQ,78.25,86.85,78.25,82.7,82.75,78.05,4618508,387456116.66,26717
2026-07-09,INE023H01027,NECLIFE,BE,11.15,11.39,11.15,11.23,11.3,11.15,52809,594780.14,224
2026-07-09,INE0N1401016,NEELAM,SM,10.35,10.4,9.65,9.7,9.7,9.95,42000,422700.0,7
2026-07-09,INE605D01012,NEAGI,EQ,3224.9,3225.0,3224.9,3225.0,3225.0,3150.0,5,16124.8,2
2026-07-09,INE189I01024,NELCAST,EQ,136.7,140.61,133.0,133.86,133.45,137.3,342135,46503175.8,5312
2026-07-09,INE045B01015,NELCO,EQ,885.0,903.2,885.0,896.15,895.1,886.25,96437,86181504.4,5688
2026-07-09,INE21UM01018,NEOCHEM,ST,92.55,92.55,89.6,91.0,91.0,92.55,36000,3273540.0,25
2026-07-09,INE136S01016,NEOGEN,EQ,1950.9,2072.9,1950.9,2026.7,2025.0,1950.9,87775,178788361.7,13434
2026-07-09,INE0SUN01013,NEPHROCARE,ST,67.55,72.45,65.55,70.25,70.0,69.0,28800,1977440.0,54
2026-07-09,INE428V01029,NEPHROPLUS,EQ,639.5,651.55,621.6,633.4,636.15,639.55,1332913,847391317.4,23898
2026-07-09,INE156901014,NEPTUNE,SM,190.0,190.0,190.0,190.0,190.0,190.0,500,95000.0,1
2026-07-09,INE317F01035,NESCO,EQ,1096.6,1117.1,1094.2,1099.6,1105.0,1096.6,74001,81852180.5,6685
2026-07-09,INE239A01024,NESTLEIND,EQ,1452.0,1481.0,1452.0,1463.2,1464.2,1450.5,1346613,1979508501.3,47690
2026-07-09,INE518X01015,CBAZAAR,ST,5.95,6.2,5.95,6.15,6.15,6.2,48000,290800.0,6
2026-07-09,INE0NT901020,NETWEB,EQ,4208.9,4389.0,4197.7,4286.5,4292.0,4171.4,1257089,5384807016.7,110559
2026-07-09,INE0FFK01017,NPST,EQ,1571.8,1643.6,1556.1,1603.2,1609.6,1571.8,22023,35432497.1,2229
2026-07-09,INE870H01013,NETWORK18,EQ,30.96,31.46,30.61,30.75,30.77,30.96,3400582,105462038.16,10433
2026-07-09,INE333I01044,NEUEON,BE,13.16,13.16,13.16,13.16,13.16,13.85,6412,84381.92,42
2026-07-09,INE794A01010,NEULANDLAB,EQ,19100.0,20089.0,18910.0,19542.0,19600.0,18889.0,97154,1907450354.0,31414
2026-07-09,INE619B01017,NEWGEN,EQ,466.3,477.35,461.25,473.2,474.1,465.65,373119,176263595.15,13023
2026-07-09,INE0PW501021,NEWJAISA,ST,18.25,18.25,18.2,18.2,18.2,18.55,4500,81975.0,2
2026-07-09,INE747B01016,NEXTMEDIA,EQ,3.99,4.06,3.9,3.9,3.9,3.99,2298,9074.38,21
2026-07-09,INE0NDH25011,NXST,RR,163.44,165.1,162.5,164.55,164.97,162.43,280101,45954112.69,4788
2026-07-09,INE0T1501010,NFPSAMPOOR,SM,24.0,24.05,23.7,23.7,23.7,24.35,18000,431400.0,7
2026-07-09,INE887E01022,NGLFINE,EQ,3272.9,3329.0,3172.0,3211.3,3172.0,3224.6,13689,44556732.5,3074
2026-07-09,INE848E01016,NHPC,EQ,78.5,79.54,78.44,78.61,78.62,78.81,7604456,599939007.97,29392
2026-07-09,INE149O01018,NIBE,EQ,1498.6,1628.0,1495.4,1585.8,1623.0,1480.5,146039,227048060.3,10288
2026-07-09,INE342G01023,NIITMTS,EQ,244.35,248.0,237.01,242.1,243.0,244.35,889726,216443511.94,11903
2026-07-09,INE161A01038,NIITLTD,EQ,98.8,101.44,98.8,99.64,99.45,98.8,626810,62858050.8,4780
2026-07-09,INE0FLF01015,NIKITA,SM,80.7,81.8,78.05,78.05,78.05,77.95,14400,1165140.0,9
2026-07-09,INE937C01029,NILAINFRA,EQ,7.27,7.38,7.16,7.29,7.33,7.24,293970,2139381.89,561
2026-07-09,INE00S901012,NILASPACES,EQ,12.4,12.69,12.4,12.6,12.64,12.45,139385,1744818.78,462
2026-07-09,INE445D01013,NILE,EQ,1728.9,1770.0,1720.1,1764.8,1770.0,1719.8,2650,4639605.4,334
2026-07-09,INE310A01015,NILKAMAL,EQ,1300.0,1325.9,1292.2,1310.3,1310.0,1293.9,63734,83700127.5,2589
2026-07-09,INE875B01015,NIMBSPROJ,BE,191.1,200.0,190.95,200.0,200.0,190.95,5193,1036738.25,12
2026-07-09,INE395U01014,NINSYS,BE,925.0,925.0,904.0,914.15,924.0,901.9,3140,2884423.4,175
2026-07-09,INF204KB15I9,BANKBEES,EQ,589.94,594.89,587.76,592.56,593.0,587.67,970313,575052179.33,8429
2026-07-09,INF204KA1LD7,CONSUMBEES,EQ,129.16,131.0,129.15,129.97,129.25,129.2,76238,9948019.7,915
2026-07-09,INF204KA1MS3,DIVOPPBEES,EQ,76.9,76.9,75.22,75.67,75.64,75.45,34361,2598165.88,678
2026-07-09,INF204KB18I3,NV20BEES,EQ,139.58,140.58,138.5,139.66,138.5,139.54,540055,75583926.76,238
2026-07-09,INF204KB17I5,GOLDBEES,EQ,116.97,118.64,116.92,118.42,118.49,116.96,18641803,2198339446.21,68338
2026-07-09,INF204KB19I1,HNGSNGBEES,EQ,478.0,484.8,478.0,480.34,480.0,477.96,80716,38932019.5,3281
2026-07-09,INF732E01268,INFRABEES,EQ,960.16,968.79,960.12,962.03,964.9,956.61,12704,12255178.17,440
2026-07-09,INF204KB15V2,ITBEES,EQ,31.14,31.14,30.01,30.45,30.6,30.51,14662502,445554846.54,17584
2026-07-09,INF732E01045,JUNIORBEES,EQ,763.46,774.49,763.45,771.82,772.53,765.88,376074,290224048.33,8221
2026-07-09,INF732E01037,LIQUIDBEES,EQ,1000.0,1000.01,999.99,999.99,999.99,1000.0,2868723,2868710429.16,5016
2026-07-09,INF204KB1882,LTGILTBEES,EQ,29.92,29.99,29.85,29.94,29.95,29.85,968018,28954937.02,530
2026-07-09,INF204KB1V68,MID150BEES,EQ,238.94,238.94,233.12,236.3,236.42,233.12,516911,122033781.62,5813
2026-07-09,INF204K014N5,NIF100BEES,EQ,265.44,266.36,264.44,265.45,266.0,264.12,32231,8557240.41,830
2026-07-09,INF204KB14I2,NIFTYBEES,EQ,277.12,277.12,271.69,272.76,272.95,271.69,7079307,1934063946.71,36952
2026-07-09,INF204KB16I7,PSUBNKBEES,EQ,92.3,92.3,90.27,91.85,91.85,90.44,2394614,219157672.19,5685
2026-07-09,INF732E01128,SHARIABEES,EQ,453.0,458.37,446.11,448.98,451.0,449.48,3463,1555518.03,342
2026-07-09,INE298J01013,NAM-INDIA,EQ,1171.0,1227.0,1171.0,1218.2,1215.0,1168.0,733122,890934307.4,41086
2026-07-09,INF204KC1FU1,LIQGRWBEES,EQ,1046.64,1046.8,1046.64,1046.79,1046.78,1046.64,64454,67469866.26,172
2026-07-09,INF204KC1GH6,MANUFGBEES,EQ,158.38,159.9,158.23,158.63,159.9,158.38,3380,536411.49,68
2026-07-09,INF204KC1337,AUTOBEES,EQ,275.57,278.33,274.6,275.26,276.05,275.56,134501,37145688.93,2156
2026-07-09,INF204KC1089,PHARMABEES,EQ,26.16,26.81,26.03,26.34,26.45,26.16,3674392,97141650.82,8656
2026-07-09,INF204KC1402,SILVERBEES,EQ,209.48,213.65,207.64,212.95,212.92,210.15,26309703,5548269264.73,76287
2026-07-09,INF204KC1EZ3,SNXT30BEES,EQ,41.95,42.0,41.73,41.93,41.85,41.69,4949,207592.93,43
2026-07-09,INE368I01016,NIRAJ,BE,29.5,29.89,29.0,29.38,29.75,29.39,9353,274643.18,46
2026-07-09,INE326T01011,NIRAJISPAT,EQ,200.0,200.0,184.29,186.13,186.0,194.0,328,61801.29,23
2026-07-09,INE910A01012,NIRLON,EQ,615.0,622.0,615.0,620.0,620.0,620.05,5270,3267803.0,207
2026-07-09,INE0OK701014,NIRMAN,SM,41.5,45.65,40.2,45.65,45.65,41.5,120900,5369145.0,109
2026-07-09,INE858F01012,NITCO,EQ,106.99,110.55,106.51,108.09,108.85,106.76,312309,33978839.16,4454
2026-07-09,INE229H01012,NITINSPIN,EQ,545.0,556.5,534.0,549.1,549.0,541.55,54944,30258955.9,2654
2026-07-09,INE439T01012,NITIRAJ,EQ,183.4,188.3,182.0,182.77,182.2,182.45,904,167082.35,40
2026-07-09,INE265B01019,NITTAGELA,EQ,1850.0,1960.0,1845.7,1928.7,1935.0,1845.7,27643,53039711.5,3401
2026-07-09,INE995S01015,NIVABUPA,EQ,84.5,86.1,84.5,85.74,86.1,84.93,596989,51081950.89,14020
2026-07-09,INE542C01019,NKIND,EQ,59.2,59.2,59.0,59.15,59.15,59.15,455,26905.5,5
2026-07-09,INE589A01014,NLCINDIA,EQ,298.2,304.85,295.35,303.25,302.9,294.25,3630023,1093845237.9,59501
2026-07-09,INE579F24057,805NMC32,N4,129.0,129.0,129.0,129.0,129.0,129.0,5,645.0,1
2026-07-09,INE584A01023,NMDC,EQ,84.0,84.79,83.0,84.42,84.26,83.74,11211470,946126829.9,26934
2026-07-09,INE0NNS01018,NSLNISP,EQ,42.5,43.1,42.36,42.75,42.92,42.6,1950119,83595068.09,9742
2026-07-09,INE163A01018,NOCIL,EQ,175.92,179.11,174.0,177.9,178.13,173.62,266577,47254805.34,3681
2026-07-09,INE781B01015,NOIDATOLL,BE,4.67,4.84,4.65,4.71,4.78,4.78,61028,288623.53,176
2026-07-09,INE369C01017,NORBTEAEXP,EQ,72.5,72.54,69.05,70.6,71.0,72.5,1600,112250.48,35
2026-07-09,INE553C01016,NECCLTD,BE,16.15,16.15,15.72,15.91,15.99,15.98,37911,603419.41,113
2026-07-09,INE850M01015,NORTHARC,EQ,300.0,311.0,297.5,307.85,306.6,296.35,512492,156966406.65,12630
2026-07-09,INE02H701025,NOVAAGRI,BE,24.25,25.4,23.89,24.05,24.0,24.88,102419,2487410.28,424
2026-07-09,INE234A01025,NOVARTIND,EQ,1455.0,1515.0,1448.1,1466.3,1470.0,1452.4,44705,66218930.6,4994
2026-07-09,INE349A01021,NRBBEARING,EQ,427.0,434.95,419.4,422.65,424.0,424.95,367470,156399434.0,9234
2026-07-09,INE047O01014,NIBL,EQ,30.99,31.0,30.0,30.3,30.39,30.15,15764,477318.48,3174
2026-07-09,INE0ONG01011,NTPCGREEN,EQ,92.79,93.3,92.5,92.99,93.18,92.7,1834787,170495175.14,17185
2026-07-09,INE733E01010,NTPC,EQ,349.0,351.0,343.1,343.7,344.45,348.7,17821421,6163188896.4,257317
2026-07-09,INE096B01018,NUCLEUS,EQ,751.1,760.95,747.0,756.45,759.9,751.1,12512,9479160.5,941
2026-07-09,INE0JM501013,NRL,BE,96.0,98.5,95.5,96.11,96.02,96.28,67582,6562044.65,387
2026-07-09,INE0DSF01015,NURECA,EQ,227.4,231.77,226.95,230.08,230.5,226.23,6507,1490308.0,291
2026-07-09,INE531F01023,NUVAMA,EQ,1860.0,1950.0,1859.8,1934.6,1947.0,1848.1,524922,1011211197.6,25405
2026-07-09,INE118D01016,NUVOCO,EQ,313.0,315.55,307.8,312.9,314.75,309.75,96232,30096618.9,5374
2026-07-09,INE093I01010,OBEROIRLTY,EQ,1870.0,1919.5,1820.7,1873.2,1875.0,1870.1,1719601,3219652552.4,67201
2026-07-09,INE0YHV01011,OBSCP,SM,554.0,594.0,554.0,589.15,585.0,541.3,34000,19585820.0,82
2026-07-09,INE0PK601023,OCCLLTD,BE,119.0,122.4,117.8,120.06,120.05,118.82,10978,1324254.47,129
2026-07-09,INE054301028,ODIGMA,BE,24.0,24.4,23.26,23.67,23.78,23.94,21978,517398.74,239
2026-07-09,INE213A01029,ONGC,EQ,249.59,249.59,242.91,243.65,243.49,247.0,14066120,3445325942.15,122297
2026-07-09,INE591A01010,OILCOUNTUB,BE,55.88,55.88,55.0,55.03,55.0,56.17,20439,1127026.68,144
2026-07-09,INE274J01014,OIL,EQ,432.4,433.7,422.2,423.05,422.5,430.35,2080107,890594160.7,30475
2026-07-09,INE0LXG01040,OLAELEC,EQ,41.34,41.75,40.15,40.39,40.39,40.99,64175674,2617710806.31,104684
2026-07-09,INE260D01016,OLECTRA,EQ,1402.6,1424.9,1390.5,1396.0,1393.0,1394.7,351304,494437547.5,17100
2026-07-09,INE1BZC01019,OMFREIGHT,BE,93.72,97.8,89.27,95.26,95.1,93.72,23341,2162237.24,167
2026-07-09,INE239D01028,OMINFRAL,EQ,90.11,91.11,88.75,90.69,91.11,90.09,85213,7686996.1,1714
2026-07-09,INE25E901019,OMPOWER,EQ,171.0,181.45,170.85,173.43,173.6,170.73,376769,66195921.95,5930
2026-07-09,INE090B01011,OMAXAUTO,BE,221.28,232.34,211.55,230.72,231.9,221.28,43977,10077734.64,505
2026-07-09,INE800H01010,OMAXE,EQ,84.75,87.99,84.21,86.9,87.35,84.97,768479,66269429.32,6595
2026-07-09,INE338Y01016,OMFURN,ST,53.95,54.0,53.95,53.95,54.0,53.0,2400,129540.0,2
2026-07-09,INE0UH301010,OMNI,EQ,491.2,539.8,488.0,529.3,530.1,493.9,688753,357087878.55,37627
2026-07-09,INE00ER01015,ONDOOR,ST,194.25,204.0,188.15,201.0,195.0,198.05,26700,5263215.0,57
2026-07-09,INE982J01020,PAYTM,EQ,1223.4,1271.7,1223.3,1262.9,1263.0,1223.4,2379155,2994542269.8,58483
2026-07-09,INE0HLU01028,MOBIKWIK,EQ,198.6,202.8,198.52,200.79,200.0,198.17,567721,114110108.26,6963
2026-07-09,INE840Y01029,ONEPOINT,EQ,55.97,55.97,53.5,54.34,53.99,55.57,2342769,127226661.24,56613
2026-07-09,INE0OPS01011,OLIL,ST,420.0,434.0,415.0,433.5,434.0,418.0,3200,1350800.0,6
2026-07-09,INE912L01015,ONELIFECAP,BE,37.32,38.8,36.01,38.46,38.48,37.32,33942,1290107.45,139
2026-07-09,INE12F801023,KISSHT,EQ,305.0,315.0,302.2,312.55,313.05,302.65,1524655,473331444.2,23935
2026-07-09,INE013P01021,ONESOURCE,EQ,1632.0,1660.0,1603.0,1625.7,1625.0,1612.0,238106,388557616.2,19219
2026-07-09,INE831A01028,ONIDA,BE,42.15,43.35,42.15,42.66,42.98,42.9,167426,7177241.95,443
2026-07-09,INE809I01019,ONMOBILE,BE,69.75,72.75,66.5,67.54,69.0,69.75,131205,9004452.82,1065
2026-07-09,INE229A01017,ONWARDTEC,EQ,279.6,286.95,273.95,280.2,278.0,278.25,50856,14296807.8,1852
2026-07-09,INE0WVU01018,ONYX,ST,36.8,36.8,36.8,36.8,36.8,38.7,2000,73600.0,1
2026-07-09,INE350C01017,OPTIEMUS,EQ,545.8,568.0,539.35,563.55,565.5,538.3,544184,302426530.7,14404
2026-07-09,INE15B101011,OPTIVALUE,SM,78.5,78.5,78.5,78.5,78.5,77.0,1600,125600.0,1
2026-07-09,INE881D01027,OFSS,EQ,11003.0,11245.0,10780.0,11134.0,11168.0,11002.0,268180,2962183479.0,37283
2026-07-09,INE231G01010,ORBTEXP,BE,230.0,233.99,230.0,231.78,232.78,226.84,17439,4033710.68,182
2026-07-09,INE215B01022,ORCHASP,EQ,1.85,1.92,1.8,1.83,1.86,1.81,105128,194957.36,217
2026-07-09,INE191A01027,ORCHPHARMA,EQ,1001.0,1075.5,983.3,1050.95,1050.0,1002.25,737574,773542159.75,43708
2026-07-09,INE0OUT01019,ORIANA,SM,1464.5,1503.0,1458.0,1493.0,1494.7,1464.5,33150,49274081.25,373
2026-07-09,INE730A01022,ORICONENT,EQ,54.77,55.75,54.55,54.89,54.75,54.77,19796,1087666.08,511
2026-07-09,INE607D01018,ORIENTBELL,EQ,312.1,330.0,310.05,323.25,322.3,309.95,9387,2983612.95,504
2026-07-09,INE876N01018,ORIENTCEM,EQ,134.0,138.0,133.46,135.5,135.34,134.1,388535,52347310.73,2300
2026-07-09,INE569C01020,ORIENTCER,EQ,42.1,43.73,41.2,41.38,41.2,41.52,153859,6537122.18,1192
2026-07-09,INE142Z01019,ORIENTELEC,EQ,169.0,177.4,168.9,173.0,177.4,168.7,128871,22143144.45,3922
2026-07-09,INE999K01014,GREENPOWER,EQ,10.08,10.23,10.08,10.11,10.15,10.14,1379302,13987966.65,3248
2026-07-09,INE750A01020,ORIENTHOT,EQ,129.0,140.0,129.0,135.31,135.0,129.41,446031,60613612.49,5125
2026-07-09,INE592A01026,ORIENTPPR,EQ,16.52,16.75,16.47,16.63,16.62,16.49,107526,1785753.18,569
2026-07-09,INE609C01024,ORIENTLTD,EQ,67.05,69.88,67.05,67.82,67.9,67.03,5236,353065.38,46
2026-07-09,INE0PPK01015,ORIENTTECH,EQ,248.0,252.62,247.01,248.29,249.45,247.3,70050,17490586.15,2363
2026-07-09,INE959C01023,OAL,EQ,344.0,373.1,337.4,347.75,345.5,338.85,142962,51051040.65,5264
2026-07-09,INE998H01012,ORIENTALTL,EQ,5.73,5.73,5.53,5.56,5.58,5.62,85919,479462.99,273
2026-07-09,INE426Z01016,OBCL,EQ,53.1,54.1,53.0,53.84,53.84,53.1,3692,196016.74,40
2026-07-09,INE725E01024,ORISSAMINE,EQ,3799.0,3849.5,3750.0,3765.9,3770.0,3779.5,4295,16300706.4,911
2026-07-09,INE16NZ01023,ORKLAINDIA,EQ,602.6,606.2,588.5,590.85,590.1,599.5,75982,45601609.5,5823
2026-07-09,INE849L01019,ORTEL,BZ,1.7,1.7,1.54,1.61,1.68,1.62,4522,7495.48,26
2026-07-09,INE749B01020,ORTINGLOBE,BE,15.72,17.08,15.72,16.32,16.36,16.41,10794,178663.19,27
2026-07-09,INE0RMF01018,OSELDEVICE,SM,450.25,464.6,440.05,444.65,447.0,452.5,19600,8843830.0,92
2026-07-09,INE06IR01021,OSIAHYPER,BE,3.04,3.24,3.04,3.21,3.2,3.15,233309,743959.48,322
2026-07-09,INE142A01012,OSWALAGRO,BE,41.95,42.0,41.0,41.82,41.8,41.41,14582,607565.35,175
2026-07-09,INE143A01010,OSWALGREEN,EQ,21.61,22.12,21.45,21.8,21.71,21.56,104231,2281148.3,858
2026-07-09,INE0BYP01024,OSWALPUMPS,EQ,408.0,414.95,404.35,410.2,410.05,406.2,359676,147793550.25,6955
2026-07-09,INE0R8M01017,OWAIS,ST,101.8,105.9,101.75,102.4,101.75,106.95,23300,2394540.0,108
2026-07-09,INE953R01016,PNGJL,EQ,576.9,606.3,573.0,581.3,581.4,573.5,900026,532800521.1,24133
2026-07-09,INE0XUS01012,PSRAJ,ST,414.0,434.0,414.0,433.15,434.0,414.25,6500,2781250.0,10
2026-07-09,INE179A01014,PGHH,EQ,8879.5,8943.5,8870.5,8892.0,8893.0,8899.5,5353,47645741.5,1595
2026-07-09,INE0KN801013,PROPEQUITY,SM,229.0,229.0,229.0,229.0,229.0,228.8,1800,412200.0,3
2026-07-09,INE0S3G01027,PACEDIGITK,EQ,206.89,218.8,206.78,212.36,213.0,206.17,3108753,666396387.67,29288
2026-07-09,INE761H01022,PAGEIND,EQ,41640.0,41680.0,39510.0,40615.0,40310.0,41415.0,72097,2913634935.0,29296
2026-07-09,INE420C01059,PAISALO,EQ,70.43,72.7,69.1,72.4,72.4,70.42,18941850,1352784201.21,23880
2026-07-09,INE551D01018,PAKKA,EQ,74.5,77.0,74.11,74.5,75.0,73.4,59276,4484195.07,867
2026-07-09,INE471W01019,PALASHSECU,EQ,91.0,92.25,88.05,90.22,89.1,90.9,2057,186263.15,63
2026-07-09,INE218G01033,PALREDTEC,BE,55.9,55.9,55.9,55.9,55.9,57.04,54,3018.6,9
2026-07-09,INE922B01023,PANACEABIO,EQ,540.0,561.5,536.55,555.2,556.0,527.45,362212,200405586.4,12005
2026-07-09,INE895W01019,PANACHE,EQ,419.4,458.9,416.15,439.85,442.0,417.2,70401,31004547.75,1923
2026-07-09,INE305C01029,PANAMAPET,EQ,422.0,436.2,414.3,427.0,427.0,411.95,194927,83231711.95,6881
2026-07-09,INE697V01011,PANSARI,EQ,355.5,365.0,345.0,359.95,361.8,356.4,35031,12448264.85,886
2026-07-09,INE04LG01015,PAR,EQ,89.4,91.9,88.16,89.62,89.8,88.89,1264,112356.98,57
2026-07-09,INE088F01024,PARADEEP,EQ,140.37,144.5,139.1,143.26,143.5,139.87,3461495,493490340.15,29258
2026-07-09,INE883N01014,PARAGMILK,EQ,224.99,230.8,224.99,227.87,229.69,224.66,312393,71373803.88,10039
2026-07-09,INE0N4G01012,PARAGON,SM,48.0,50.3,46.0,50.3,50.3,48.0,8400,405480.0,7
2026-07-09,INE074B01023,PARACABLES,EQ,65.5,67.5,65.13,67.01,67.06,64.91,1600662,106058213.64,8459
2026-07-09,INE0Q6001012,PSFL,SM,32.4,32.4,31.25,31.4,31.4,30.75,8000,252700.0,4
2026-07-09,INE045601023,PARAS,EQ,1276.4,1283.9,1208.0,1216.8,1216.0,1276.4,2104062,2603868522.0,70019
2026-07-09,INE162C01024,PARASPETRO,EQ,2.0,2.2,2.0,2.06,2.15,2.0,233020,475862.16,207
2026-07-09,INE00U801010,PARIN,SM,715.0,715.0,660.0,687.2,660.0,723.65,12750,8841337.5,35
2026-07-09,INE119201023,PARKHOSPS,EQ,276.4,292.6,275.0,290.15,291.0,273.9,751907,215666254.7,16379
2026-07-09,INE988S01028,PARKHOTELS,EQ,124.53,127.09,124.11,126.32,125.9,124.21,106153,13387992.96,1938
2026-07-09,INE561H01026,PARSVNATH,BE,2.38,2.38,2.38,2.38,2.38,2.42,99015,235655.7,115
2026-07-09,INE1H7V01011,PARTH,ST,407.0,418.0,407.0,418.0,418.0,406.45,2400,988440.0,6
2026-07-09,INE06ZX01015,PARTYCRUS,SM,85.7,85.7,85.0,85.0,85.0,85.3,3000,256200.0,3
2026-07-09,INE124Y01028,PASHUPATI,EQ,89.49,91.09,87.95,88.19,87.95,88.17,7258,643235.31,775
2026-07-09,INE818B01023,PASUPTAC,BE,59.5,59.85,56.55,58.76,58.9,59.43,204691,11939397.79,805
2026-07-09,INE619A01035,PATANJALI,EQ,409.8,414.5,408.65,412.25,411.5,409.3,1589218,655021649.45,248532
2026-07-09,INE244B01030,PATELENG,EQ,31.88,32.44,31.5,31.56,31.64,31.64,3158007,100928612.36,19036
2026-07-09,INE529D01014,PATINTLOG,BE,15.47,15.95,15.3,15.84,15.95,15.47,79329,1248795.58,233
2026-07-09,INE0R8B01010,PATELRMART,EQ,217.0,222.0,216.01,220.25,220.99,215.88,205682,45066731.28,2313
2026-07-09,INE17GV01016,PATILAUTOM,ST,191.85,195.0,190.0,193.7,194.45,192.25,34800,6673170.0,35
2026-07-09,INE291E01019,PML,EQ,468.0,523.0,466.9,498.0,519.0,458.3,631,312100.9,64
2026-07-09,INE111F01024,PAUSHAKLTD,EQ,526.0,565.0,526.0,548.65,547.0,526.2,24908,13681400.3,1333
2026-07-09,INE07S101038,PAVNAIND,BE,16.99,17.35,16.6,17.01,17.0,16.85,27753,472644.3,88
2026-07-09,INE417T01026,POLICYBZR,EQ,1562.0,1594.8,1562.0,1572.5,1568.1,1562.5,1318417,2078507313.2,60550
2026-07-09,INE785M01021,PCJEWELLER,EQ,9.71,10.95,9.58,9.83,9.86,9.62,1061536718,10997271830.55,578104
2026-07-09,INE602A01031,PCBL,EQ,298.5,307.4,298.25,304.05,306.0,297.0,605485,184474181.05,11748
2026-07-09,INE111Q01021,PDSL,EQ,345.05,353.95,345.05,349.65,348.7,346.05,44223,15470292.7,4453
2026-07-09,INE940H01022,PGIL,EQ,1957.3,2021.3,1957.3,1979.8,1984.7,1951.7,33469,66640391.1,6243
2026-07-09,INE844A01013,PEARLPOLY,BE,17.78,18.43,17.78,18.24,18.24,17.79,702,12523.13,14
2026-07-09,INE0VG601013,PELATRO,SM,261.7,261.7,258.0,259.65,260.0,260.3,4200,1089720.0,14
2026-07-09,INE138A01028,PENINLAND,BE,16.61,17.47,16.5,17.47,17.47,16.64,195872,3385285.36,332
2026-07-09,INE932A01024,PENIND,EQ,167.0,171.09,166.3,170.04,170.9,164.77,326262,55180936.04,5946
2026-07-09,INE262H01021,PERSISTENT,EQ,4765.0,4858.9,4705.0,4829.9,4842.0,4769.5,465088,2230083946.6,35313
2026-07-09,INE998U01015,PCCL,SM,247.5,254.0,247.5,254.0,254.0,242.6,2800,700540.0,7
2026-07-09,INE347G01014,PETRONET,EQ,272.5,279.15,272.15,277.15,277.3,271.6,1743760,482107774.0,20487
2026-07-09,INE134E07DW6,PFCL36B,N9,50825.01,50825.01,50825.01,50825.01,50825.01,51371.0,1,50825.01,1
2026-07-09,INE134E07DP0,7PFCL31,N3,976.0,1000.0,976.0,994.16,990.0,979.0,180,177050.0,7
2026-07-09,INE134E07DO3,720PFCL36,N6,1021.0,1021.0,1021.0,1021.0,1021.0,1021.5,1,1021.0,1
2026-07-09,INE134E07DU0,730PFCL41,NC,989.0,991.99,989.0,991.99,991.99,989.0,2013,1990895.87,7
2026-07-09,INE182A01018,PFIZER,EQ,4521.9,4637.6,4518.1,4590.1,4595.6,4532.1,40992,187874784.0,8015
2026-07-09,INE457L01029,PGEL,EQ,566.55,587.55,566.0,583.7,583.05,562.7,2507674,1456402240.65,39553
2026-07-09,INE0MLZ01019,PHANTOMFX,SM,180.0,190.5,180.0,188.6,189.9,180.0,19500,3593085.0,51
2026-07-09,INE0FPO01018,PHOGLOBAL,SM,16.0,16.35,16.0,16.2,16.2,16.1,12000,194400.0,6
2026-07-09,INE0LP301011,PWL,EQ,145.5,155.09,142.33,151.38,154.0,146.64,27523109,4075494129.89,129854
2026-07-09,INE603J01030,PIIND,EQ,2586.0,2612.0,2573.3,2597.5,2602.1,2572.3,135177,351165155.8,13357
2026-07-09,INE546C01010,PICCADIL,EQ,643.55,663.05,642.15,649.45,657.0,643.55,170740,111430486.55,11171
2026-07-09,INE0YAL01017,PPSL,ST,2.65,2.65,2.65,2.65,2.65,2.75,69000,182850.0,10
2026-07-09,INE318A01026,PIDILITIND,EQ,1570.0,1598.9,1565.0,1590.4,1588.4,1570.4,226559,359972203.3,17822
2026-07-09,INE600A01035,PILITA,BE,9.03,9.03,8.26,8.94,9.0,8.6,55813,493169.01,138
2026-07-09,INE417C01014,PILANIINVS,EQ,4309.9,4419.9,4309.9,4383.8,4416.0,4307.7,1128,4951444.1,222
2026-07-09,INE15B701018,PINELABS,EQ,142.84,145.75,141.59,143.29,143.7,142.07,6758826,972953141.07,42086
2026-07-09,INE156C01018,PIONEEREMB,EQ,23.41,23.41,22.95,23.0,22.95,22.95,10055,231340.15,29
2026-07-09,INE746D01014,PIONRINV,EQ,88.8,88.8,83.0,84.04,86.99,89.6,3029,257840.89,98
2026-07-09,INE202B01038,PIRAMALFIN,EQ,2130.0,2150.1,2100.0,2118.2,2111.5,2124.5,187388,399550644.8,21864
2026-07-09,INE0DK501011,PPLPHARMA,EQ,168.1,175.95,166.25,171.99,172.16,168.11,7859690,1357833021.24,56339
2026-07-09,INE450D01021,PITTIENG,EQ,933.8,954.1,923.15,951.45,954.0,924.2,23473,22141635.15,2005
2026-07-09,INE751B01018,PIXTRANS,EQ,1728.6,1821.9,1728.6,1782.3,1789.0,1741.0,24306,43526196.3,3680
2026-07-09,INE083C01022,PLASTIBLEN,EQ,172.34,179.0,171.97,176.41,175.2,170.17,20018,3521598.33,740
2026-07-09,INE0PT501018,PLATIND,EQ,233.1,234.0,224.21,226.99,226.0,228.49,91989,21087591.59,1895
2026-07-09,INE0INJ01017,PLAZACABLE,BE,44.72,45.9,44.11,44.85,44.55,44.94,15790,710168.5,133
2026-07-09,INE859A01011,PNBGILTS,EQ,85.97,88.5,85.42,87.33,87.08,85.84,366448,32030960.34,3337
2026-07-09,INE572E01012,PNBHOUSING,EQ,1076.6,1095.5,1051.6,1084.0,1085.4,1072.2,829952,896032617.9,41277
2026-07-09,INE195J01029,PNCINFRA,EQ,235.92,242.24,235.85,241.53,239.3,238.18,346035,82976013.96,15577
2026-07-09,INE1RDG01013,PNGSREVA,EQ,409.0,428.0,405.0,414.2,413.0,403.1,297558,124656494.95,7254
2026-07-09,INE371C01013,PODDARMENT,EQ,238.5,241.0,235.02,239.11,241.0,235.17,2347,557673.35,98
2026-07-09,INE637C01025,POKARNA,EQ,1000.5,1060.0,995.0,1035.4,1035.2,992.8,74996,77928266.9,7284
2026-07-09,INE205C01021,POLYMED,EQ,1618.9,1686.0,1618.0,1645.9,1645.0,1614.3,56981,94474067.7,7424
2026-07-09,INE455K01017,POLYCAB,EQ,9280.0,9329.0,9001.0,9074.0,9085.0,9234.0,487544,4433345323.5,62085
2026-07-09,INE633B01018,POLYPLEX,EQ,1024.0,1042.0,1011.1,1029.45,1029.6,1019.15,96276,99407678.25,6984
2026-07-09,INE517M01028,POLYSIL,SM,123.3,123.3,107.2,112.35,107.2,118.15,12000,1390900.0,24
2026-07-09,INE063E01053,POCL,EQ,1478.0,1530.1,1410.0,1416.6,1420.1,1461.6,663833,969728608.4,33128
2026-07-09,INE838E01017,PONNIERODE,EQ,316.9,320.95,314.0,317.15,318.0,313.8,3963,1257339.6,195
2026-07-09,INE511C01022,POONAWALLA,EQ,458.6,469.4,458.6,463.85,466.0,457.95,2036543,947425650.25,79963
2026-07-09,INE772T01024,PVSL,EQ,92.1,93.73,92.06,93.03,92.6,91.96,10403,965918.55,514
2026-07-09,INE0S3H01017,POSITRON,ST,168.1,176.5,168.1,176.5,176.5,168.1,6000,1052730.0,15
2026-07-09,INE134E01011,PFC,EQ,403.55,406.25,399.0,404.1,404.6,403.6,6397782,2576682960.6,63972
2026-07-09,INE752E01010,POWERGRID,EQ,280.0,283.95,280.0,281.35,281.2,279.7,6800579,1920038407.35,64438
2026-07-09,INE557Z01018,PIGL,EQ,107.7,111.44,107.21,108.69,110.0,107.11,71097,7784391.46,1137
2026-07-09,INE211R01019,POWERMECH,EQ,2573.2,2624.5,2573.2,2604.2,2607.4,2562.6,35151,91661828.2,6251
2026-07-09,INE0GGX23010,PGINVIT,IV,96.59,97.49,96.4,96.65,96.65,96.16,1492687,144357169.77,17815
2026-07-09,INE921L01032,POWERICA,EQ,548.5,569.8,545.0,567.8,566.85,542.7,281940,159022439.9,9847
2026-07-09,INE095I01015,PPAP,EQ,269.0,292.9,269.0,276.63,276.0,257.43,674942,188467034.18,12357
2026-07-09,INE0I0M01023,PRABHA,EQ,150.71,153.41,148.8,149.33,150.7,150.71,14904,2238260.37,239
2026-07-09,INE770A01010,PRADPME,BE,524.0,532.0,519.0,525.1,519.0,515.2,7425,3924376.65,131
2026-07-09,INE074A01025,PRAJIND,EQ,356.9,360.85,352.75,353.95,354.5,355.15,464402,165859975.7,11298
2026-07-09,INE505C01016,PRAENG,EQ,20.0,20.03,19.22,19.37,19.32,19.75,39619,773331.32,1226
2026-07-09,INE603A01013,PRAKASH,EQ,127.93,129.39,126.11,128.22,127.3,126.31,338722,43492500.68,4826
2026-07-09,INE050001010,PPL,BE,265.0,275.95,263.0,274.85,274.9,265.85,41709,11284704.6,584
2026-07-09,INE696K01024,PRAKASHSTL,EQ,4.2,4.24,4.1,4.13,4.13,4.14,86429,359431.37,234
2026-07-09,INE0O7A01017,PRAMARA,SM,131.0,134.4,130.3,130.6,130.3,131.6,17500,2316700.0,23
2026-07-09,INE0VJG01014,PRANIK,SM,45.25,47.65,40.25,41.6,42.0,45.25,17600,747760.0,11
2026-07-09,INE393P01035,DIAMONDYD,EQ,1190.7,1212.0,1185.9,1198.3,1200.0,1190.7,21078,25293843.5,1725
2026-07-09,INE0QA601016,PRATHAM,SM,115.05,121.5,115.05,121.5,121.5,117.0,5600,665680.0,13
2026-07-09,INE722B01019,PRAVEG,EQ,227.09,239.4,227.09,234.31,237.69,226.77,49040,11417505.91,1603
2026-07-09,INE546Y01022,PRAXIS,BE,7.9,7.9,7.55,7.84,7.85,7.73,13428,104376.13,47
2026-07-09,INE484I01029,PRECAM,EQ,145.89,147.7,145.0,146.12,146.64,144.69,95510,13965365.72,1868
2026-07-09,INE0HKW01018,PRECISION,SM,6.9,6.9,6.8,6.8,6.8,6.8,4000,27400.0,2
2026-07-09,INE372C01037,PRECWIRE,EQ,379.95,391.5,379.95,389.25,391.0,374.9,219594,85210463.25,10509
2026-07-09,INE283A01014,PRECOT,EQ,770.0,810.1,770.0,800.45,798.95,771.55,10274,8275870.75,453
2026-07-09,INE001E01012,PREMCO,EQ,365.2,372.7,360.0,365.0,365.0,361.6,255,92742.45,27
2026-07-09,INE0BS701011,PREMIERENE,EQ,1055.0,1095.5,1048.0,1089.2,1090.0,1043.9,1970046,2127003197.6,58555
2026-07-09,INE863B01029,PREMEXPLN,EQ,692.0,739.0,681.5,714.0,714.0,685.4,1477023,1056246129.95,32686
2026-07-09,INE342A01018,PREMIER,BE,3.1,3.1,2.9,3.0,3.0,3.0,10070,29349.17,30
2026-07-09,INE309M01020,PREMIERPOL,EQ,60.41,64.25,60.41,63.78,63.5,59.93,173094,10833725.73,1756
2026-07-09,INE0CFG01012,PRLIND,SM,49.0,49.9,47.7,49.0,49.0,47.6,15000,729650.0,12
2026-07-09,INE0M1F01011,PREMIUM,SM,42.05,42.05,42.05,42.05,42.05,42.0,3000,126150.0,1
2026-07-09,INE0R1601012,PRESSTONIC,SM,26.05,26.3,24.95,25.05,25.0,25.95,36000,929760.0,35
2026-07-09,INE811K01011,PRESTIGE,EQ,1628.0,1683.2,1628.0,1673.9,1675.0,1635.3,742651,1239135468.5,52809
2026-07-09,INE726V01018,PRICOLLTD,EQ,615.4,621.65,611.5,618.2,618.0,608.8,475858,293971981.4,16948
2026-07-09,INE0CQA01020,PRIMECAB,ST,149.5,149.5,149.5,149.5,149.5,142.4,4800,717600.0,3
2026-07-09,INE367G01038,PFOCUS,BE,233.79,245.47,233.79,244.47,245.47,233.79,494574,119963123.33,2147
2026-07-09,INE032B01021,PRIMESECU,EQ,273.0,283.6,271.7,281.1,282.0,274.9,27078,7573432.1,832
2026-07-09,INE607A01022,PRIMO,EQ,24.0,24.2,23.57,24.08,24.1,23.83,33027,793701.43,218
2026-07-09,INE689W01016,PRINCEPIPE,EQ,261.85,272.0,261.45,266.3,265.3,261.4,174387,46545301.1,4570
2026-07-09,INE010A01011,PRSMJOHNSN,EQ,111.0,113.36,111.0,111.95,111.35,111.01,101289,11365800.26,2197
2026-07-09,INE974Z01015,PRITI,BE,38.1,39.39,38.0,39.38,39.39,38.01,3418,131821.31,54
2026-07-09,INE583R01029,PRITIKAUTO,BE,16.98,18.46,16.87,18.19,18.25,17.59,577581,10499961.44,830
2026-07-09,INE392B01011,PNC,EQ,20.07,21.99,19.2,20.54,20.2,20.07,31635,663165.92,430
2026-07-09,INE959A01019,PRIVISCL,EQ,3557.8,3644.9,3557.8,3621.3,3624.0,3547.6,32032,115841971.8,6052
2026-07-09,INE0V9N01017,PRIZOR,ST,819.05,819.05,819.05,819.05,819.05,803.0,3200,2620960.0,7
2026-07-09,INE0VJT01017,PROFX,SM,75.25,76.5,74.0,76.5,76.5,73.25,11200,845600.0,7
2026-07-09,INE199A01012,PGHL,EQ,6260.0,6765.0,6260.0,6612.0,6599.5,6262.5,52888,349319022.5,12415
2026-07-09,INE0BX301013,PROSTARM,EQ,134.95,136.98,131.0,131.41,131.7,133.41,250759,33124976.45,3351
2026-07-09,INE004A01022,PROTEAN,EQ,575.05,589.6,575.05,579.65,577.5,574.1,177322,103243525.15,6129
2026-07-09,INE195N01013,PROZONER,EQ,43.82,45.5,43.22,43.51,43.25,43.95,205149,9037187.22,1325
2026-07-09,INE00F201020,PRUDENT,EQ,2891.1,3017.9,2891.1,2960.0,2951.0,2916.9,32745,96837291.7,4805
2026-07-09,INE024D01016,PRUDMOULI,BE,14.99,14.99,14.25,14.79,14.8,14.66,1518,22162.46,22
2026-07-09,INE488V01015,PSPPROJECT,EQ,1048.7,1094.5,1040.1,1069.7,1078.0,1039.3,132091,142293817.6,9497
2026-07-09,INE560K01014,PFS,EQ,30.63,30.81,30.59,30.59,30.6,30.63,359912,11023782.18,959
2026-07-09,INE877F01012,PTC,EQ,169.4,169.99,167.69,168.02,168.0,168.42,637491,107558348.11,8611
2026-07-09,INE596F01018,PTCIL,EQ,17006.0,17479.0,16922.0,17354.0,17400.0,16998.0,8395,144803022.0,3594
2026-07-09,INE034D01049,PTL,EQ,41.2,41.78,40.6,40.8,40.64,41.03,80980,3329955.72,1333
2026-07-09,INE865T01018,PDMJEPAPER,EQ,82.1,84.0,82.1,82.68,82.5,82.63,64092,5306377.4,993
2026-07-09,INE608A01012,PSB,EQ,24.18,24.65,24.11,24.46,24.62,24.1,760695,18537959.43,3178
2026-07-09,INE277B01014,PUNJABCHEM,EQ,1066.0,1103.7,1059.3,1090.1,1080.1,1066.0,13192,14276297.6,2114
2026-07-09,INE160A01022,PNB,EQ,101.2,103.7,100.8,103.44,103.7,100.95,13282752,1364572161.03,59538
2026-07-09,INE323I01011,PURVA,EQ,214.76,221.0,214.24,219.78,220.3,214.85,94988,20813590.9,3136
2026-07-09,INE0P5R01014,PURPLEUTED,ST,445.2,452.05,433.6,434.25,434.25,444.75,18250,8164125.0,27
2026-07-09,INE0R6C01012,PURVFLEXI,ST,49.85,49.85,49.85,49.85,49.85,49.9,800,39880.0,1
2026-07-09,INE154801018,PUSHPA,SM,100.0,100.0,98.0,98.2,98.3,98.0,6000,592600.0,6
2026-07-09,INE362A01016,PVP,EQ,27.52,28.03,27.11,27.32,27.13,27.26,137975,3797820.32,942
2026-07-09,INE191H01014,PVRINOX,EQ,976.8,997.35,970.0,989.5,989.1,976.25,168389,166142412.75,16076
2026-07-09,INE0MIS01010,PYRAMID,EQ,162.38,171.4,162.38,167.39,168.0,162.38,41077,6894118.25,1124
2026-07-09,INE1G2W01011,QLINE,SM,549.85,555.0,537.0,540.6,540.0,539.45,58400,31809920.0,126
2026-07-09,INE0FMW01018,QMSMEDI,EQ,107.5,107.5,103.55,104.51,104.52,103.83,10034,1057541.01,829
2026-07-09,INE0LRY01011,QUADFUTURE,EQ,425.7,435.55,420.0,428.15,428.0,420.45,318988,136561995.8,9025
2026-07-09,INE0O1M01015,QFIL,SM,60.0,60.0,60.0,60.0,60.0,60.85,1000,60000.0,1
2026-07-09,INE0SII01026,QPOWER,BE,1119.0,1154.6,1112.8,1154.6,1154.6,1099.7,78083,89145741.9,2307
2026-07-09,INF082J01408,QGOLDHALF,EQ,114.31,119.12,114.31,118.68,118.75,117.25,201469,23868092.25,1397
2026-07-09,INF082J01499,QNIFTY,EQ,266.9,266.9,263.4,263.4,263.6,263.09,5698,1505373.01,91
2026-07-09,INE615P01015,QUESS,EQ,286.8,308.1,286.8,294.55,294.0,290.5,738865,221811435.3,20128
2026-07-09,INE0TNW01017,QUESTLAB,SM,88.0,89.0,88.0,89.0,89.0,87.75,2400,212400.0,2
2026-07-09,INE306L01010,QUICKHEAL,BE,165.01,169.8,164.8,165.79,167.0,165.09,37435,6237743.28,679
2026-07-09,INE0K4D01020,QUICKTOUCH,SM,24.0,24.0,23.05,23.05,23.05,24.0,1000,23525.0,2
2026-07-09,INE641R01017,QUINT,EQ,39.09,39.5,39.09,39.49,39.5,39.09,1068,42053.55,14
2026-07-09,INE0NQ801033,RKSWAMY,EQ,103.66,104.69,101.0,101.33,101.51,103.66,116737,11981895.83,1567
2026-07-09,INE219Y01026,RMDRIP,EQ,19.0,19.35,18.8,18.87,19.0,18.82,1227185,23446724.81,891
2026-07-09,INE951M01037,RRIL,EQ,17.99,17.99,17.18,17.38,17.36,17.54,10790,187788.72,65
2026-07-09,INE777K01022,RRKABEL,EQ,2180.0,2258.0,2180.0,2206.7,2204.5,2188.5,433746,964848285.7,32863
2026-07-09,INE616F01022,RSDFIN,EQ,80.0,80.0,80.0,80.0,80.0,78.0,99,7920.0,5
2026-07-09,INE411H01032,RSYSTEMS,EQ,238.0,240.42,232.49,235.69,236.5,234.95,322581,76209835.64,8224
2026-07-09,INE012Q01039,RNBDENIMS,EQ,10.48,10.58,10.15,10.19,10.17,10.27,369568,3795942.35,607
2026-07-09,INE165B01029,RSSOFTWARE,BE,33.21,33.6,33.21,33.5,33.5,33.81,2071,69050.61,28
2026-07-09,INE324L01013,RPPINFRA,EQ,62.98,63.76,61.5,62.57,62.98,62.7,27862,1752585.67,441
2026-07-09,INE2PB023011,RIIT,IV,117.23,118.9,115.4,115.51,115.5,116.07,139061,16146924.36,1655
2026-07-09,INE084Q01012,RACE,BE,113.99,114.5,111.51,112.0,112.0,111.27,6091,685688.21,31
2026-07-09,INE02OY01016,RILINFRA,SM,36.9,42.0,36.05,41.35,41.1,37.05,64300,2539005.0,211
2026-07-09,INE704B01017,RACLGEAR,EQ,1267.0,1298.6,1252.2,1261.1,1258.7,1267.0,20441,25940672.0,2372
2026-07-09,INE874F01027,RADAAN,EQ,3.01,3.03,2.9,2.95,2.95,3.0,6870,20392.96,55
2026-07-09,INE583V01021,RADHIKAJWE,EQ,56.5,65.18,56.5,63.64,62.65,56.27,14988247,947462094.72,83511
2026-07-09,INE855R01021,RADIANTCMS,EQ,38.0,38.85,37.8,38.33,38.48,38.4,110855,4259818.1,1008
2026-07-09,INE944F01028,RADICO,EQ,4099.0,4145.0,4082.5,4089.0,4090.0,4077.6,262676,1079211046.0,27310
2026-07-09,INE430U01019,RADIOWALLA,ST,24.7,25.9,24.7,25.9,25.9,24.7,4800,122080.0,3
2026-07-09,INE912T01018,RPEL,EQ,1286.1,1323.7,1286.0,1289.0,1286.0,1289.1,39074,50978906.1,3254
2026-07-09,INE415G01027,RVNL,EQ,225.0,228.35,223.99,226.23,226.99,224.73,2296275,520878451.75,26057
2026-07-09,INE0DD101019,RAILTEL,EQ,300.0,306.35,298.65,302.9,300.2,298.65,511039,155053067.0,11569
2026-07-09,INE855B01025,RAIN,EQ,200.23,209.76,199.5,204.36,204.45,198.72,6949045,1425246430.75,50444
2026-07-09,INE961O01016,RAINBOW,EQ,1439.9,1511.7,1426.7,1481.5,1480.0,1431.1,202371,300067279.0,18481
2026-07-09,INE294G01026,ROML,EQ,45.0,46.32,44.53,44.84,44.81,45.34,1105,49777.76,39
2026-07-09,INE533D01032,RAJRILTD,BE,22.15,22.39,21.71,22.0,22.0,22.15,8558,187320.92,100
2026-07-09,INE952H01027,RAJTV,EQ,11.55,12.05,11.55,11.99,11.93,11.85,29934,356528.03,155
2026-07-09,INE296E01026,RAJPALAYAM,EQ,819.7,829.95,800.2,813.75,821.0,796.4,1162,951318.4,145
2026-07-09,INE610C01014,ARENTERP,EQ,34.05,34.9,33.01,34.17,34.75,34.05,2744,91244.11,25
2026-07-09,INE343B01030,RAJESHEXPO,BZ,91.35,95.08,91.18,93.39,93.5,93.2,120295,11215254.47,1063
2026-07-09,INE0BZQ01011,RCDL,SM,25.1,25.1,25.1,25.1,25.1,24.3,3000,75300.0,1
2026-07-09,INE00KV01022,RAJMET,EQ,3.61,3.73,3.6,3.63,3.64,3.68,310965,1126177.2,544
2026-07-09,INE535F01024,RAJOOENG,BE,50.0,50.8,49.0,49.99,50.4,50.06,180489,9020424.92,1304
2026-07-09,INE0VHU01019,RAJPUTANA,SM,201.15,207.95,196.65,207.9,207.95,206.0,5000,1008300.0,10
2026-07-09,INE0PCU01012,RAJINDLTD,SM,76.0,76.3,70.15,72.0,72.0,72.1,15000,1094325.0,8
2026-07-09,INE313L01016,RSL,EQ,129.47,132.49,129.47,131.23,131.25,129.17,144162,18965169.58,1413
2026-07-09,INE451D01029,RAJRATAN,EQ,468.1,478.0,460.2,465.75,466.0,464.9,87020,40772039.95,4301
2026-07-09,INE760W01023,RPPL,EQ,21.01,21.88,21.01,21.6,21.76,21.09,103667,2230600.97,1836
2026-07-09,INE562B01019,RAJSREESUG,EQ,30.7,31.67,30.5,31.4,31.22,30.89,11904,370887.46,118
2026-07-09,INE613A01020,RALLIS,EQ,223.11,225.48,222.1,223.43,223.8,223.11,325734,72925657.18,10866
2026-07-09,INE207E01023,RAMRAT,EQ,414.0,421.0,410.15,412.0,412.4,412.75,102766,42693381.5,3693
2026-07-09,INE809A01032,RAMAPHO,EQ,123.47,126.8,123.47,125.22,126.75,123.39,11286,1412984.49,259
2026-07-09,INE230R01035,RAMASTEEL,BE,4.42,4.58,4.42,4.55,4.57,4.54,1258893,5725295.62,3018
2026-07-09,INE14W901010,RTL,SM,74.55,76.4,74.55,76.4,76.4,76.0,6000,451000.0,3
2026-07-09,INE614A01028,RAMCOIND,EQ,347.0,375.95,345.0,369.0,371.0,344.35,1368726,502170256.65,30819
2026-07-09,INE246B01019,RAMCOSYS,EQ,874.0,890.0,823.65,837.35,835.5,856.45,1563756,1347034340.8,41870
2026-07-09,INE0RJH01010,RBS,ST,74.55,78.2,73.0,78.0,78.0,74.5,40000,3047520.0,39
2026-07-09,INE399G01023,RKFORGE,EQ,564.3,570.5,558.85,560.7,560.0,565.0,417757,235364252.55,13676
2026-07-09,INE874I01013,RAMKY,EQ,395.0,396.15,384.65,387.25,389.25,385.55,55119,21415157.05,2021
2026-07-09,INE625B01014,RANASUG,EQ,11.94,12.27,11.64,11.91,12.02,12.0,301727,3611392.38,1280
2026-07-09,INE050H01012,RML,EQ,1264.3,1323.9,1250.2,1277.3,1285.5,1258.2,72922,94287228.4,7821
2026-07-09,INE384A01010,RANEHOLDIN,EQ,1745.8,1789.9,1728.1,1775.1,1784.0,1728.4,41574,72724533.4,2584
2026-07-09,INE0MVO01012,RAPPID,SM,266.8,266.8,266.8,266.8,266.8,260.0,600,160080.0,1
2026-07-09,INE0J1F01024,RPTECH,EQ,740.9,785.4,740.9,779.25,782.0,740.45,1142272,886749247.95,25167
2026-07-09,INE027A01015,RCF,EQ,130.45,132.83,129.67,131.59,131.0,130.21,1378263,181430947.93,12879
2026-07-09,INE0CLI01024,RATEGAIN,EQ,921.95,962.25,918.55,941.75,939.95,916.85,499009,472575046.95,22253
2026-07-09,INE703B01027,RATNAMANI,EQ,2590.5,2645.1,2565.3,2633.9,2633.6,2590.5,12273,32246187.8,3866
2026-07-09,INE05CZ01011,RATNAVEER,EQ,181.64,189.0,179.11,180.26,180.9,180.69,1331409,244605686.5,15391
2026-07-09,INE834M01019,RTNINDIA,EQ,32.14,32.95,32.04,32.79,32.93,31.98,1073402,35091474.74,5011
2026-07-09,INE399K01017,RTNPOWER,EQ,8.85,8.92,8.8,8.82,8.83,8.79,8751713,77426584.55,8976
2026-07-09,INE722J01012,RKDL,EQ,19.12,19.15,18.76,18.85,18.85,18.94,2208,41990.93,46
2026-07-09,INE09E501017,RVHL,EQ,45.54,45.92,44.51,45.05,45.0,44.87,7824,353039.69,293
2026-07-09,INE206N01018,RELTD,EQ,181.2,196.45,175.59,179.01,177.8,179.84,3822954,717682053.35,47472
2026-07-09,INE02ID01020,RAYMONDLSL,EQ,739.9,752.0,735.7,742.3,743.9,734.5,78860,58748319.05,4579
2026-07-09,INE301A01014,RAYMOND,EQ,595.8,640.0,595.0,620.55,624.0,595.55,1366554,855607777.45,31534
2026-07-09,INE1SY401010,RAYMONDREL,EQ,676.0,707.0,671.35,699.75,701.0,665.65,949739,661035355.5,24835
2026-07-09,INE976G01028,RBLBANK,EQ,360.0,366.85,360.0,362.8,362.95,359.8,3041752,1107501941.3,42067
2026-07-09,INE0NA301016,RBMINFRA,SM,287.0,297.0,270.1,273.8,272.05,284.6,39400,11089280.0,175
2026-07-09,INE0PEQ01016,RBZJEWEL,EQ,143.75,159.69,143.75,153.71,154.7,143.89,907807,140990870.39,12771
2026-07-09,INE10QL01011,READYMIX,SM,109.0,109.0,99.05,104.0,104.0,99.15,8000,822950.0,8
2026-07-09,INE020B01018,RECLTD,EQ,349.1,353.95,345.7,352.0,352.9,348.75,5543794,1941292518.65,52396
2026-07-09,INE891D01026,REDINGTON,EQ,270.95,277.3,268.45,274.75,274.8,268.6,1558101,427055845.45,25671
2026-07-09,INE0LXT01019,REDTAPE,EQ,133.1,137.49,131.0,134.33,134.8,133.11,242573,32863520.4,4611
2026-07-09,INE056I01025,REFEX,EQ,335.0,354.0,335.0,349.7,349.0,334.6,712735,248578464.9,14335
2026-07-09,INE0TNX01015,REFRACTORY,SM,28.7,28.7,28.3,28.3,28.3,27.6,3000,85350.0,3
2026-07-09,INE0MHO01029,REGAAL,BE,80.61,83.9,80.61,81.77,81.9,81.87,49344,4064202.15,343
2026-07-09,INE277C01012,REGENCERAM,EQ,39.18,40.6,39.18,39.9,39.9,39.18,450,17956.14,9
2026-07-09,INE131B01039,RELAXO,EQ,384.75,398.45,380.65,386.85,388.5,384.8,181912,71194090.85,8156
2026-07-09,INF204KC1030,GILT5YBEES,EQ,65.66,66.14,65.43,65.79,65.88,65.77,3332422,218741194.22,1192
2026-07-09,INE375Y01018,RELIABLE,EQ,149.0,149.0,143.23,145.24,143.23,143.48,7744,1121614.04,172
2026-07-09,INE750D01016,RELCHEMQ,EQ,130.83,134.95,128.0,131.81,131.56,130.83,3862,512467.27,79
2026-07-09,INE330H01018,RCOM,BE,0.87,0.89,0.87,0.88,0.88,0.87,2296631,2025326.49,1358
2026-07-09,INE217K01011,RHFL,BZ,2.08,2.1,2.05,2.06,2.06,2.09,511062,1055287.87,627
2026-07-09,INE046A01015,RIIL,EQ,786.0,799.0,783.55,792.0,790.0,782.25,46007,36492882.0,2236
2026-07-09,INE002A01018,RELIANCE,EQ,1277.1,1296.5,1274.2,1279.8,1280.9,1275.9,14651963,18850219782.4,279312
2026-07-09,INE614G01033,RPOWER,EQ,24.4,25.05,24.3,24.79,24.85,24.63,25149964,623689931.29,35073
2026-07-09,INE621H01010,RELIGARE,EQ,265.0,278.8,265.0,271.5,273.15,266.1,1357741,372520979.35,25660
2026-07-09,INE474C01023,REMSONSIND,EQ,83.79,85.74,82.5,83.22,82.52,84.22,64112,5382082.57,1484
2026-07-09,INE0O5T01011,REMUS,SM,762.0,762.05,744.0,747.75,749.8,758.8,5600,4240015.0,45
2026-07-09,INE722H01024,RGL,EQ,115.85,122.48,115.85,120.53,121.0,115.53,733677,88700368.59,7054
2026-07-09,INE0VZX01015,RNPL,SM,84.5,84.5,84.5,84.5,84.5,80.95,1200,101400.0,1
2026-07-09,INE612J01015,REPCOHOME,EQ,412.95,416.0,405.55,408.1,408.25,406.2,87567,35946565.95,3408
2026-07-09,INE461B01014,REPRO,EQ,369.9,372.75,361.1,362.95,362.45,364.45,5990,2178903.85,328
2026-07-09,INE688D01026,RESPONIND,EQ,204.2,210.5,183.32,190.32,191.4,203.06,2875963,554826180.27,36349
2026-07-09,INE07T201019,RBA,EQ,73.0,75.23,72.61,74.47,74.54,72.39,2303768,171160079.95,12933
2026-07-09,INE0DAB01012,RVTH,EQ,720.1,758.8,715.0,737.85,722.15,720.0,678,493371.65,57
2026-07-09,INE113601012,REXPRO,SM,38.3,38.3,38.3,38.3,38.3,38.25,1000,38300.0,1
2026-07-09,INE0V2V01015,RFBL,SM,98.0,101.0,97.05,99.1,99.0,97.15,57000,5635800.0,19
2026-07-09,INE0KKN01029,RHETAN,EQ,26.5,27.5,26.45,26.73,26.92,26.67,6034192,161896507.69,5113
2026-07-09,INE743M01012,RHIM,EQ,395.0,406.5,390.65,402.55,404.0,390.35,1381239,552009380.55,28327
2026-07-09,INE209B01025,RICOAUTO,EQ,129.9,132.17,127.59,130.02,130.5,128.61,738252,96332384.43,6785
2026-07-09,INE0N2P01017,RISHABH,EQ,654.05,673.6,646.0,652.6,656.55,650.8,412642,270095012.3,14692
2026-07-09,INE01EG01016,RITCO,EQ,257.1,264.0,252.0,256.0,259.0,257.7,56209,14458651.55,1519
2026-07-09,INE320J01015,RITES,EQ,223.0,225.89,219.6,222.75,222.5,223.13,2406507,536965810.3,25657
2026-07-09,INE786W01010,RKEC,EQ,27.85,27.99,26.12,27.34,26.81,26.75,25933,701432.67,338
2026-07-09,INE655V01019,RMC,EQ,296.1,324.0,296.1,305.75,304.25,294.0,67559,20806273.2,2623
2026-07-09,INE0SA001017,RNFI,SM,255.0,257.95,245.15,247.35,247.0,250.0,21000,5254260.0,31
2026-07-09,INE508K01013,RHL,EQ,179.9,180.8,176.07,179.64,179.9,176.98,9203,1655334.56,50
2026-07-09,INE0PTR01012,ROCKINGDCE,SM,180.9,182.0,180.5,180.6,182.0,180.8,9250,1671662.5,6
2026-07-09,INE645S01024,ROLEXRINGS,EQ,138.1,143.99,138.1,142.83,143.0,137.92,1089567,154946737.47,9557
2026-07-09,INE927A01040,ROLLT,BE,2.57,2.57,2.45,2.45,2.45,2.57,280776,691117.13,188
2026-07-09,INE02A801020,ROSSARI,EQ,509.45,523.7,505.05,518.85,518.35,504.9,49711,25685629.95,2868
2026-07-09,INE847C01020,ROSSELLIND,EQ,55.55,58.2,55.55,56.79,56.5,56.25,22591,1287530.87,407
2026-07-09,INE0OJW01016,ROSSTECH,EQ,977.15,1021.9,973.55,1010.75,1015.0,964.9,193834,194545597.85,11979
2026-07-09,INE535D01037,ROTO,EQ,68.35,69.98,68.35,69.3,69.5,68.44,552609,38309740.49,3728
2026-07-09,INE450U01017,ROUTE,EQ,535.75,542.7,532.5,537.9,538.25,533.55,104400,56213973.3,5362
2026-07-09,INE0PDJ01013,ROXHITECH,ST,37.2,38.0,37.2,37.35,37.35,38.95,14400,539120.0,9
2026-07-09,INE0EO401019,ROYALARC,SM,147.0,147.0,147.0,147.0,147.0,146.05,1200,176400.0,1
2026-07-09,INE283H01019,ROHLTD,EQ,326.8,327.95,320.05,323.9,325.75,319.3,25757,8346264.9,814
2026-07-09,INE105J01010,RPGLIFE,EQ,2422.0,2675.0,2366.8,2656.8,2665.6,2452.3,86110,222874104.3,9056
2026-07-09,INE425Y01011,RPSGVENT,EQ,916.0,934.8,890.0,900.5,900.0,915.25,28518,25843249.35,2029
2026-07-09,INE611A01016,RSWM,BE,189.59,196.55,185.0,194.31,195.0,189.59,28579,5522061.54,228
2026-07-09,INE642C01025,RUBFILA,EQ,73.27,79.0,73.25,77.44,78.0,73.07,52708,4027888.8,689
2026-07-09,INE506V01022,RUBICON,EQ,1395.0,1421.2,1382.1,1407.2,1408.0,1386.3,185413,260257166.7,12037
2026-07-09,INE413B01023,RUCHINFRA,EQ,5.99,5.99,5.66,5.78,5.78,5.88,106241,615196.67,407
2026-07-09,INE803H01014,RUCHIRA,EQ,103.8,104.1,103.0,103.27,103.25,102.36,16492,1706041.6,352
2026-07-09,INE027T01023,RUDRA,BE,17.37,17.37,17.1,17.17,17.14,17.19,11345,194973.71,28
2026-07-09,INE364Z01019,REPL,BE,65.73,65.74,64.03,65.47,65.7,64.5,3067,198746.68,42
2026-07-09,INE0R7301013,RULKA,SM,93.9,97.75,93.9,97.75,97.75,93.85,600,57495.0,2
2026-07-09,INE895B01021,RUPA,EQ,163.29,167.5,162.44,165.58,165.51,162.44,224285,37106538.93,3444
2026-07-09,INE573K01025,RUSHIL,EQ,15.81,16.3,15.8,16.1,16.03,15.74,352562,5674742.76,984
2026-07-09,INE0BSN01013,SATECH,SM,35.0,35.0,32.4,33.85,33.85,34.1,20000,662150.0,20
2026-07-09,INE807K01035,SCHAND,EQ,148.98,149.94,147.03,148.35,148.0,147.3,14381,2137528.67,1496
2026-07-09,INE500L01026,SHK,EQ,130.93,133.39,128.5,130.28,130.35,129.0,592358,77535780.99,9442
2026-07-09,INE0F3301020,SJLOGISTIC,SM,335.15,342.0,335.15,339.2,339.05,331.0,40500,13755300.0,37
2026-07-09,INE902B01017,S&SPOWER,EQ,364.0,369.4,351.0,360.95,351.0,358.45,580,209636.4,31
2026-07-09,INE212I01016,SPAL,EQ,1178.9,1221.9,1172.1,1178.6,1185.0,1161.0,166316,198390429.1,12168
2026-07-09,INE658G01014,SALSTEEL,BE,58.2,59.0,56.75,57.39,57.79,59.28,76068,4365349.1,349
2026-07-09,INE0PSK01027,SAAKSHI,ST,301.45,301.45,301.45,301.45,301.45,289.6,1200,361740.0,1
2026-07-09,INE13B501022,SAATVIKGL,EQ,421.9,459.8,415.15,455.15,457.0,420.0,338219,152755745.05,8182
2026-07-09,INE860T01019,SABEVENTS,BE,9.12,9.12,8.66,8.77,8.7,9.09,5783,50696.27,18
2026-07-09,INE0DZ101013,SABAR,SM,4.75,4.75,4.75,4.75,4.75,5.0,5000,23750.0,1
2026-07-09,INE1ARD01016,SACHEEROME,SM,415.0,427.45,390.0,397.5,391.0,412.2,37800,15361410.0,107
2026-07-09,INE226H01026,SADBHAV,EQ,8.26,8.39,8.21,8.27,8.3,8.26,161547,1336603.58,343
2026-07-09,INE764L01010,SADBHIN,BE,2.78,2.78,2.71,2.75,2.74,2.74,39216,108131.83,94
2026-07-09,INE888C01040,SADHNANIQ,BE,2.73,2.73,2.72,2.72,2.72,2.77,3537365,9627113.35,448
2026-07-09,INE0K5H01010,SADHAV,SM,110.5,119.1,110.0,118.95,118.5,110.1,34800,4032780.0,52
2026-07-09,INE429E01023,SAFARI,EQ,1598.0,1644.0,1588.7,1622.6,1610.1,1600.5,28530,46458625.8,4415
2026-07-09,INE17D601016,SAFEENTP,SM,282.7,289.85,281.2,282.55,281.5,282.7,28500,8113800.0,51
2026-07-09,INE229C01021,SAGCEM,EQ,172.45,184.9,169.1,179.19,180.0,173.75,269925,47814406.52,6060
2026-07-09,INE976T01013,SAGARDEEP,EQ,24.41,25.18,24.3,24.5,24.5,24.41,1625,40120.77,38
2026-07-09,INE0W2G01015,SAGILITY,EQ,40.38,41.97,40.07,40.76,40.73,40.38,29667213,1217567691.07,58606
2026-07-09,INE0P4701011,SAHAJSOLAR,SM,121.0,121.0,118.0,119.55,118.0,120.85,18800,2256140.0,33
2026-07-09,INE0LEX01011,SAHANA,SM,836.6,863.95,828.25,838.55,832.05,836.6,15875,13360643.75,94
2026-07-09,INE0RBQ01018,SAHASRA,ST,304.0,305.0,299.0,299.0,299.0,304.0,13200,3981560.0,32
2026-07-09,INE280H01015,SAHYADRI,EQ,281.9,281.9,274.35,278.25,279.0,273.25,1902,528420.65,52
2026-07-09,INE570L01029,SAILIFE,EQ,1209.0,1243.0,1200.0,1234.4,1230.0,1208.3,219789,271206673.4,21995
2026-07-09,INE0H9F01037,SAIPARENT,EQ,585.0,600.7,578.75,596.1,594.1,586.5,179400,106161213.6,8184
2026-07-09,INE438K01021,KALAMANDIR,EQ,100.25,102.7,99.75,100.04,99.95,100.04,493885,49911409.18,6742
2026-07-09,INE00MT01022,SAJHOTELS,SM,27.9,27.9,24.8,26.55,26.45,28.4,416000,10854000.0,116
2026-07-09,INE732S01012,SAKAR,EQ,804.3,835.0,794.0,800.35,807.0,800.15,87787,71295102.15,5233
2026-07-09,INE667G01023,SAKSOFT,EQ,172.0,173.9,167.2,169.03,170.4,167.31,2719202,464074545.14,20122
2026-07-09,INE623A01011,SAKHTISUG,EQ,16.55,16.72,16.5,16.62,16.63,16.46,59054,980018.43,291
2026-07-09,INE190H01024,SAKUMA,BE,1.71,1.74,1.67,1.7,1.72,1.69,652377,1110997.63,754
2026-07-09,INE170V01027,SALASAR,EQ,6.06,6.18,6.03,6.11,6.14,6.0,2697467,16458889.99,2989
2026-07-09,INE498E01010,SALONA,EQ,255.1,259.75,252.15,257.5,259.6,257.45,90,23255.2,12
2026-07-09,INE457F01013,SALZERELEC,EQ,597.8,621.5,597.8,606.05,606.95,597.5,60749,37084110.0,2392
2026-07-09,INE124101010,SAMAY,ST,47.5,47.6,47.5,47.5,47.5,50.0,32000,1520400.0,8
2026-07-09,INE699B01027,SAMBHAAV,EQ,6.44,6.8,6.35,6.62,6.63,6.2,79988,533230.94,185
2026-07-09,INE12NJ01018,SAMBHV,EQ,115.52,120.0,115.0,119.19,118.99,114.38,2260206,266486359.24,12371
2026-07-09,INE0PZA01015,SAIFL,SM,5.2,5.25,5.05,5.15,5.05,5.2,432000,2221600.0,69
2026-07-09,INE08U801020,SAMHI,EQ,168.46,173.47,168.46,172.69,172.95,167.77,444105,76333482.19,10070
2026-07-09,INE148I01020,SAMMAANCAP,EQ,164.0,166.3,160.1,161.03,161.9,163.14,13627651,2225642401.41,44790
2026-07-09,INE735M01018,SAMPANN,EQ,27.93,28.04,27.63,27.91,28.0,27.37,10432,291118.09,112
2026-07-09,INE775A01035,MOTHERSON,EQ,140.21,144.15,140.0,142.8,142.69,140.65,10227076,1459188276.3,42661
2026-07-09,INE0JPD01013,SANATHAN,EQ,450.1,458.0,445.05,448.75,446.55,443.5,24267,10938436.95,869
2026-07-09,INE583B01015,SANDESH,EQ,990.0,991.0,976.0,977.5,976.0,975.0,165,161628.25,31
2026-07-09,INE278H01035,SANDHAR,EQ,670.4,680.4,662.55,665.95,663.3,665.4,106688,71683860.85,6540
2026-07-09,INE149K01016,SANDUMA,EQ,201.7,206.4,201.0,203.46,204.26,199.91,521256,106538549.79,8634
2026-07-09,INE495C01010,SANGAMIND,EQ,549.0,564.95,549.0,559.8,560.5,548.65,33067,18510117.5,1801
2026-07-09,INE989A01032,SANGHVIMOV,EQ,444.95,473.0,443.55,464.2,467.0,441.25,626577,291311186.6,16361
2026-07-09,INE753W01010,SANGINITA,BE,49.61,49.61,49.61,49.61,49.61,48.64,209234,10380098.74,251
2026-07-09,INE0UOS01011,SANOFICONR,EQ,4530.9,4593.9,4500.3,4506.4,4508.0,4539.3,3949,17889259.2,1084
2026-07-09,INE058A01010,SANOFI,EQ,3399.0,3420.9,3345.5,3356.0,3349.0,3381.6,20484,69241726.5,7162
2026-07-09,INE953O01021,SANSERA,EQ,3124.9,3200.0,3110.7,3142.0,3154.4,3096.7,261249,826847233.2,28157
2026-07-09,INE08NE01025,SANSTAR,EQ,112.4,115.43,111.81,113.36,113.6,111.62,374038,42571637.4,6115
2026-07-09,INE890C01046,SANWARIA,BZ,0.2,0.2,0.19,0.19,0.2,0.19,609355,119689.33,133
2026-07-09,INE806T01020,SAPPHIRE,EQ,184.0,184.01,180.01,181.86,182.0,183.58,339584,61786292.95,9467
2026-07-09,INE0PUC01020,SARTELE,SM,137.0,137.0,131.25,132.7,132.6,133.0,42500,5671500.0,77
2026-07-09,INE967G01019,ZSARACOM,EQ,14400.0,14400.0,12281.0,12577.5,12949.0,13644.0,709,9341673.5,382
2026-07-09,INE0PQ101010,SSDL,EQ,55.0,56.39,54.5,55.61,55.58,55.17,16854,936944.48,326
2026-07-09,INE385C01021,SARDAEN,EQ,493.8,504.85,490.95,495.35,495.0,491.75,205520,102315935.4,9900
2026-07-09,INE979A01025,SAREGAMA,EQ,450.0,479.9,450.0,476.1,477.0,447.2,1342190,636056426.75,33242
2026-07-09,INE453D01025,SARLAPOLY,EQ,101.0,104.4,101.0,102.63,102.85,100.8,54679,5601317.76,759
2026-07-09,INE017W01010,SMLT,EQ,68.9,69.65,67.12,67.52,67.5,67.39,3755,255776.87,96
2026-07-09,INE324X01026,SARVESHWAR,BE,3.6,3.64,3.54,3.55,3.56,3.55,557275,1991727.22,1058
2026-07-09,INE231F01020,SASKEN,EQ,2000.0,2015.9,1940.0,1958.0,1982.0,1976.8,24261,47830091.5,3157
2026-07-09,INE0NB801022,SATKARTAR,ST,140.65,142.1,134.15,135.1,134.15,138.75,28800,3955800.0,36
2026-07-09,INE0RFP01011,SSEGL,SM,303.6,323.95,303.6,312.1,311.0,303.5,40400,12707290.0,158
2026-07-09,INE170E01023,SATIA,EQ,53.0,54.73,53.0,54.31,54.09,53.67,38793,2100270.65,500
2026-07-09,INE836B01017,SATIN,EQ,248.05,256.9,248.05,255.12,254.1,248.85,408887,103886881.12,6125
2026-07-09,INE14DW01018,SATTVAENGG,SM,74.95,76.0,74.45,75.8,75.8,71.95,16000,1204720.0,9
2026-07-09,INE626A01014,SAURASHCEM,EQ,54.01,56.18,53.76,54.98,55.0,53.99,78568,4298508.46,1351
2026-07-09,INE035D01020,SOTL,EQ,554.5,597.0,551.85,581.8,580.15,551.2,382574,223793442.4,14455
2026-07-09,INE0UCN01017,SAVY,SM,126.0,126.5,126.0,126.5,126.5,123.2,3600,454800.0,3
2026-07-09,INE10VS01016,SAWALIYA,SM,301.05,318.75,300.0,313.8,318.75,299.0,110400,33907020.0,135
2026-07-09,INE318C01014,SAYAJIHOTL,EQ,313.0,313.0,300.0,300.05,300.05,301.0,78,23426.05,5
2026-07-09,INE04AK01028,SBC,EQ,42.19,42.35,42.09,42.11,42.18,42.06,7229117,304890770.69,3389
2026-07-09,INE423Y01016,SBFC,EQ,90.8,91.41,90.24,91.03,90.95,90.79,977908,88955411.99,12563
2026-07-09,INE018E01016,SBICARD,EQ,585.9,591.8,579.9,588.2,588.85,585.1,1016137,595302953.65,24672
2026-07-09,INE123W01016,SBILIFE,EQ,1789.0,1839.0,1784.9,1821.7,1823.0,1789.0,868224,1576500504.0,38462
2026-07-09,INF200KA16D8,SETFGOLD,EQ,121.5,122.35,120.71,122.11,122.1,120.73,3672195,447284547.76,10501
2026-07-09,INF200KA1FS1,SETFNIF50,EQ,258.09,259.2,256.65,257.9,258.22,257.1,510456,131839166.57,5271
2026-07-09,INF200KA1580,SETFNIFBK,EQ,585.99,590.65,584.59,587.68,588.65,583.37,509740,299590932.58,1670
2026-07-09,INF200KA1598,SETFNN50,EQ,764.3,767.68,758.0,765.83,767.41,757.95,44006,33625331.43,954
2026-07-09,INF200KA13Z8,LIQUIDSBI,EQ,1000.0,1000.01,999.99,999.99,1000.01,999.99,4022,4021969.64,27
2026-07-09,INF200KB1712,SBIBPB,EQ,46.64,47.67,46.5,47.5,47.67,46.63,65830,3111158.4,544
2026-07-09,INF200KA1X17,SBIETFCON,EQ,121.48,121.48,120.36,120.39,120.36,119.99,4873,589392.72,94
2026-07-09,INF200KA1S14,SBIETFIT,EQ,309.92,309.92,299.53,304.71,309.1,306.25,8609,2606978.06,244
2026-07-09,INF200KA1S22,SBIETFPB,EQ,286.5,289.95,282.44,283.32,289.95,281.39,42048,11944768.55,143
2026-07-09,INF200KA1WX6,SBIETFQLTY,EQ,216.24,216.65,215.43,216.38,216.26,215.77,804,173882.93,37
2026-07-09,INF200KB1969,SBILIQETF,EQ,1046.64,1046.66,1046.64,1046.64,1046.64,1046.51,35829,37500695.66,39
2026-07-09,INF200KB1AJ0,SBIMIDMOM,EQ,61.89,62.34,61.71,62.1,61.99,61.38,12868,798776.37,101
2026-07-09,INF200KB1282,SBINEQWETF,EQ,33.66,33.66,32.81,33.02,33.12,32.84,168655,5574832.39,242
2026-07-09,INF200KB1AK8,SBINMID150,EQ,22.25,22.98,22.25,22.92,22.96,22.62,5484,125401.04,83
2026-07-09,INF200KB1217,SBISILVER,EQ,214.73,218.88,213.15,218.29,218.63,215.25,875956,189682985.24,7557
2026-07-09,INF200KB1AY9,SBISMLETF,EQ,17.88,18.06,17.63,17.91,18.06,17.63,29889,535127.73,110
2026-07-09,INF200KB1AX1,SBIVALETF,EQ,14.74,14.81,14.65,14.75,14.77,14.69,6804,100208.96,51
2026-07-09,INF200KA1JT1,SETF10GILT,EQ,265.16,266.37,264.21,265.86,265.86,265.16,1505,399465.63,48
2026-07-09,INE099G01011,SCANSTL,EQ,41.0,43.2,40.84,42.71,43.0,39.86,121380,5149995.31,1351
2026-07-09,INE513A01022,SCHAEFFLER,EQ,4116.4,4120.0,4030.0,4046.1,4050.0,4101.2,33426,136223314.4,8475
2026-07-09,INE839M01018,SCHNEIDER,EQ,1496.6,1527.0,1474.4,1485.2,1481.0,1496.6,265271,397877601.3,28474
2026-07-09,INE148I07XX3,SCL01825,N6,1066.0,1066.0,1066.0,1066.0,1066.0,1066.0,4,4264.0,1
2026-07-09,INE148I07XG8,865SCL27,N4,1000.0,1000.0,1000.0,1000.0,1000.0,985.0,250,250000.0,13
2026-07-09,INE148I07YI2,879SCL30,N0,99054.63,99054.63,99054.63,99054.63,99054.63,98829.88,13,1287710.19,1
2026-07-09,INE148I07WU1,902SCL28,N1,1001.34,1001.34,1001.34,1001.34,1001.34,1000.0,50,50067.0,1
2026-07-09,INE148I07XA1,945SCL28,N0,100320.47,100320.47,100320.47,100320.47,100320.47,100000.0,3,300961.41,1
2026-07-09,INE148I07WI6,990SCL28,N1,1030.0,1033.0,1030.0,1030.0,1030.0,1033.0,160,165020.0,5
2026-07-09,INE148I07XY1,995SCL2035,NM,1062.0,1062.0,1062.0,1062.0,1062.0,1062.99,8,8496.0,1
2026-07-09,INE090501011,SCODATUBES,EQ,145.05,148.9,144.9,147.7,148.85,144.24,149322,21915981.64,2235
2026-07-09,IN1020230422,744AP33,SG,100.0,100.0,100.0,100.0,100.0,101.09,500,50000.0,1
2026-07-09,INE027E07972,935LTF29,N5,1089.0,1089.0,1071.2,1074.0,1074.0,1124.98,129,138611.02,7
2026-07-09,INE497B01018,SEAMECLTD,EQ,1440.0,1465.9,1433.4,1443.6,1459.9,1446.4,15096,21869217.6,2034
2026-07-09,INE741K07496,10CAGL27,N5,1020.0,1020.0,1015.0,1015.0,1015.0,1025.0,31,31565.0,2
2026-07-09,INE413U07293,10IIFLSF27,NB,963.0,1000.0,963.0,998.56,1000.0,1037.0,727,715660.87,15
2026-07-09,INE413U07269,1003ISFL28,N4,1006.0,1019.9,1006.0,1019.2,1019.9,1015.2,20,20384.1,2
2026-07-09,INE244L07523,890SFIL23A,NZ,440.0,440.0,440.0,440.0,440.0,440.0,10,4400.0,1
2026-07-09,INE148I07UK6,1015SCL29B,N1,1089.59,1089.59,1089.59,1089.59,1089.59,1041.0,29,31598.11,1
2026-07-09,INE148I07UV3,1025SCL34B,N1,1025.0,1025.0,1025.0,1025.0,1025.0,1025.0,71,72775.0,3
2026-07-09,INE148I07RZ0,835SCL23B,YM,1000.02,1000.02,1000.02,1000.02,1000.02,1014.37,100,100002.0,4
2026-07-09,INE148I07RB1,965SCL25F,NZ,870.0,870.0,870.0,870.0,870.0,1029.0,2,1740.0,2
2026-07-09,INE413U07251,1050ISFL28,N5,1053.8,1053.8,1051.8,1051.8,1051.8,1050.0,20,21056.0,2
2026-07-09,INE342T07460,1065NFL27,NC,1018.99,1018.99,1018.99,1018.99,1018.99,1020.0,2,2037.98,1
2026-07-09,INE148I07RW7,1075SCL33,YK,1054.41,1054.41,1054.38,1054.38,1054.38,1061.0,100,105438.9,2
2026-07-09,INE342T07445,1119NFL27,ND,1014.35,1014.35,1001.0,1012.56,1012.56,1094.9,214,215650.43,14
2026-07-09,INE219X07223,79IGT28,NF,875.15,875.15,875.15,875.15,875.15,1014.0,100,87515.0,1
2026-07-09,INE0H7R07017,79NHIT35,N1,314.0,314.0,310.0,310.0,310.0,306.05,1644,509670.0,17
2026-07-09,INE0H7R07025,79NHIT40,N2,312.25,316.8,312.25,315.99,315.99,315.74,187,58452.03,5
2026-07-09,INE0H7R07033,79NHIT47,N3,412.01,416.0,412.01,413.25,413.25,416.25,307,126995.85,7
2026-07-09,INE477L07AN9,820IIFL27,N9,995.0,995.0,995.0,995.0,995.0,995.0,2,1990.0,1
2026-07-09,INE219X07264,82IGT31,NJ,1020.0,1020.0,1020.0,1020.0,1020.0,1020.0,50,51000.0,1
2026-07-09,INE121A07RF6,925IHFL25E,N8,1076.0,1076.0,1076.0,1076.0,1076.0,1075.0,25,26900.0,3
2026-07-09,INE121A07QY9,840CIFCL28,N4,1018.97,1018.97,1017.0,1018.97,1018.97,1018.97,173,176183.25,11
2026-07-09,INE530B07161,842IIFL26,NL,995.0,1000.0,991.22,995.0,995.0,999.0,152,151804.08,16
2026-07-09,INE477L07AQ2,843IHFL29,NC,991.0,991.0,991.0,991.0,991.0,994.0,100,99100.0,2
2026-07-09,INE530B07310,865IIFL28,NS,998.0,998.0,998.0,998.0,998.0,989.0,10,9980.0,2
2026-07-09,INE477L07BG1,89IHFL29,N1,970.5,975.0,959.9,959.9,959.9,971.5,1960,1888681.49,28
2026-07-09,INE477L07BC0,9IHFL27,N1,1043.4,1043.4,1043.4,1043.4,1043.4,1041.62,121,126251.4,1
2026-07-09,INE516Y07428,9PFL31A,,1008.0,1008.0,1002.0,1002.0,1002.0,1004.5,223,224301.6,5
2026-07-09,INE530B07260,9IIFL28A,NT,1025.99,1027.0,1025.0,1025.42,1027.0,1020.5,1109,1136901.73,15
2026-07-09,INE338I07115,93MOFSL34,N6,1069.0,1069.5,1037.0,1041.0,1041.0,1069.5,99,105760.5,7
2026-07-09,INE338I07107,935MOFSL29,N5,1030.0,1030.0,1030.0,1030.0,1030.0,1030.0,100,103000.0,1
2026-07-09,INE148I07OP8,948SCL26I,AX,314.0,314.0,314.0,314.0,314.0,372.0,31,9734.0,1
2026-07-09,INE148I07UC3,948SCL27D,N1,1020.0,1020.0,1001.0,1010.5,1001.0,940.0,5,5081.0,3
2026-07-09,INE148I07US9,965SCL26F,N1,1071.8,1071.8,1071.8,1071.8,1071.8,1070.8,155,166129.0,1
2026-07-09,INE423A07328,965AEL27,N4,1090.5,1090.5,1080.2,1080.2,1080.2,1088.0,51,55605.2,3
2026-07-09,INE741K07579,970CAGL28,ND,1032.0,1032.0,1032.0,1032.0,1032.0,1032.0,3,3096.0,1
2026-07-09,INE148I07PY7,990SCL26,N7,353.0,353.0,353.0,353.0,353.0,426.9,10,3530.0,1
2026-07-09,INE423A07344,99AEL29,N7,1108.0,1118.0,1105.0,1114.06,1118.0,1105.0,100,111074.0,21
2026-07-09,INE148I07UG4,SCL25924A,N1,1171.0,1171.0,1171.0,1171.0,1171.0,1169.78,20,23420.0,1
2026-07-09,INE423A07377,AEL120924A,N5,1184.71,1184.71,1184.71,1184.71,1184.71,1180.0,10,11847.1,1
2026-07-09,INE148I07QB3,SCLZC26C,NB,1293.0,1293.0,1293.0,1293.0,1293.0,1296.0,48,62064.0,1
2026-07-09,INE00QS24043,IMC1,N1,255.0,255.0,255.0,255.0,255.0,256.0,10,2550.0,1
2026-07-09,INE00QS24027,IMC1,N2,248.1,256.0,248.1,256.0,256.0,255.0,20,5041.0,2
2026-07-09,INE00QS24035,IMC1,N3,255.01,256.0,255.01,255.02,255.02,255.0,145,37075.8,4
2026-07-09,INE804IA7014,1015ECL29,NR,1015.0,1025.0,1014.0,1018.69,1018.69,1014.0,31,31534.39,7
2026-07-09,INE033L07GU2,84TCHF28,,1043.71,1050.0,1043.5,1050.0,1050.0,1041.0,750,783280.4,9
2026-07-09,INE148I07GJ7,865SCL26,N8,990.01,999.49,990.01,999.49,999.49,999.02,4,3979.0,2
2026-07-09,INE721A07NU1,903SFL28,YI,1039.0,1039.0,1039.0,1039.0,1039.0,1039.0,14,14546.0,2
2026-07-09,INE721A07OC7,930SFL28,YP,1056.0,1056.0,1056.0,1056.0,1056.0,1049.99,100,105600.0,1
2026-07-09,INE721A07ON4,957ICCL25,YW,1057.9,1057.9,1057.9,1057.9,1057.9,1062.0,10,10579.0,1
2026-07-09,INE721A07PA8,931SFL26,Z5,1009.0,1009.0,1000.0,1000.0,1000.0,1000.0,18,18072.09,3
2026-07-09,INE721A07NX5,94SFL28,YL,1043.0,1045.0,1043.0,1044.5,1044.5,1044.5,649,677655.0,10
2026-07-09,INE721A07OQ7,97SFL29,YZ,1090.0,1090.0,1090.0,1090.0,1090.0,1110.0,5,5450.0,1
2026-07-09,INE148I07GN9,SCLZC26,NB,2300.0,2300.0,2300.0,2300.0,2300.0,2300.0,3,6900.0,1
2026-07-09,INE721A07PH3,SFLZC26A,ZC,1889.8,1889.8,1888.0,1888.0,1888.0,1888.0,120,226563.6,4
2026-07-09,INE0BTM01013,SECMARK,EQ,130.0,130.0,125.0,125.22,125.0,125.6,541,67892.1,20
2026-07-09,INE650K01021,SECURKLOUD,EQ,18.99,18.99,17.79,18.64,18.9,18.09,14025,261612.51,130
2026-07-09,INE00XB01019,SEDEMAC,EQ,2733.0,2828.4,2732.9,2803.6,2790.1,2705.6,93094,260852439.7,13390
2026-07-09,INE955I01044,SEJALLTD,BE,740.9,740.9,675.05,720.95,718.0,709.3,4202,2995277.25,149
2026-07-09,INE105I01020,SELMC,EQ,28.31,29.23,28.1,28.4,28.3,28.31,3878,110174.85,81
2026-07-09,INE0IJF01013,SELLOWRAP,SM,86.85,86.85,72.8,72.8,72.8,72.9,4800,372240.0,3
2026-07-09,INE617A01013,SEMAC,BE,328.25,328.25,327.95,327.95,327.95,325.0,109,35747.15,4
2026-07-09,INE602W01027,SENCO,EQ,334.4,360.95,333.0,348.65,348.5,331.75,7323847,2578194716.6,112150
2026-07-09,INE0RB801010,SENORES,EQ,1425.0,1487.9,1405.5,1419.7,1420.0,1409.8,498777,721213793.1,36951
2026-07-09,INE964H01014,SEPC,EQ,6.51,6.54,6.38,6.45,6.47,6.48,15492578,100226617.58,9009
2026-07-09,INE027E07BC8,865LTF26,NN,1047.11,1047.11,1047.11,1047.11,1047.11,1050.0,20,20942.2,1
2026-07-09,INE027E07AN7,87LTF27,NH,1049.95,1049.95,1049.5,1049.5,1049.5,1049.99,56,58795.37,3
2026-07-09,INE027E07998,898LTF29,N7,1072.0,1072.0,1072.0,1072.0,1072.0,1072.66,1,1072.0,1
2026-07-09,INE027E07AL1,905LTF27,NF,1025.0,1032.0,1025.0,1029.51,1029.51,1028.26,571,587243.15,41
2026-07-09,INE306N07LM5,865TCAPS27,N8,1082.8,1082.8,1051.0,1079.82,1079.82,1082.8,1750,1883604.98,35
2026-07-09,INE244L07168,96SFIL24A,NB,999.75,999.75,980.0,980.0,980.0,980.0,1230,1223214.5,7
2026-07-09,INE0P1Q01015,SERVICE,SM,54.0,54.9,54.0,54.6,54.85,54.8,22000,1200000.0,11
2026-07-09,INE782X01033,SERVOTECH,EQ,96.35,101.73,96.35,99.61,99.44,95.88,860300,85388415.13,8244
2026-07-09,INE04VU01023,STYL,EQ,345.25,362.2,345.25,360.7,361.1,340.25,146748,52256991.3,5119
2026-07-09,INE630A01024,SESHAPAPER,EQ,221.3,232.59,219.59,226.04,225.4,221.85,165058,37232518.1,2909
2026-07-09,INE878E01021,SETCO,BE,17.1,18.37,16.82,18.37,18.37,17.5,200471,3587243.28,519
2026-07-09,INE023M01027,SETUINFRA,BZ,0.45,0.45,0.43,0.44,0.44,0.45,2714,1198.73,14
2026-07-09,INE573R01012,SEYAIND,BE,12.99,13.23,12.76,13.23,13.23,12.99,3228,42183.41,18
2026-07-09,INE618R01015,SGFIN,EQ,670.5,690.0,645.6,656.3,658.0,669.1,405542,269090159.15,15192
2026-07-09,INE385F01024,SGMART,EQ,681.6,688.0,656.65,659.8,660.2,669.0,597288,400799888.4,19910
2026-07-09,INE12UN01015,SHADOWFAX,EQ,221.63,228.29,218.33,219.97,219.0,218.86,1239469,276111650.81,34150
2026-07-09,INE640C01011,SHAHALLOYS,EQ,72.25,75.4,71.01,74.91,74.95,71.93,14048,1037935.89,90
2026-07-09,INE482J01021,SHAH,EQ,4.64,4.67,4.55,4.58,4.56,4.61,6532999,30037441.4,1101
2026-07-09,INE151G01028,SHAILY,EQ,2818.0,2887.6,2627.9,2715.4,2715.1,2793.9,701993,1907695241.1,67183
2026-07-09,INE908D01010,SHAKTIPUMP,EQ,570.0,579.0,566.0,572.95,574.9,566.65,584100,335018349.45,13673
2026-07-09,INE597J01018,SHALBY,EQ,170.99,172.3,168.11,169.58,169.12,168.25,59078,10048120.38,1634
2026-07-09,INE861D01011,SAHLIBHFI,EQ,75.1,79.6,75.1,79.08,79.45,76.96,21586,1694030.1,68
2026-07-09,INE849C01026,SHALPAINTS,EQ,52.0,52.0,50.4,50.64,51.0,50.91,19646,1002381.68,346
2026-07-09,INE01NE01012,SRD,EQ,40.3,40.3,38.82,39.16,39.0,38.94,9440,368768.03,120
2026-07-09,INE274V01019,SHANKARA,BE,128.47,131.0,128.47,130.69,130.0,128.48,23004,2995078.89,154
2026-07-09,INE24OJ01011,BUILDPRO,EQ,1074.4,1230.0,1055.3,1200.3,1199.9,1057.1,654905,781368533.8,36167
2026-07-09,INE631A01022,SHANTIGEAR,EQ,442.0,450.5,437.5,442.0,447.0,440.2,16673,7350037.0,1035
2026-07-09,INE440T01028,SEIL,EQ,218.5,228.0,215.6,220.75,220.0,221.96,325033,72778809.94,8895
2026-07-09,INE06ZD01017,SHANTIGOLD,EQ,220.9,225.74,213.1,214.77,214.05,219.39,2946513,649828683.2,23492
2026-07-09,INE933X01016,SHANTI,EQ,6.79,6.85,6.37,6.49,6.59,6.78,28177,183199.77,70
2026-07-09,INE220Z01013,SHINDL,EQ,148.0,153.22,147.77,151.76,150.0,146.95,118499,17828455.23,453
2026-07-09,INE221J01015,SHARDACROP,EQ,885.0,901.95,885.0,892.55,898.0,884.0,83605,74788340.4,6528
2026-07-09,INE597I01028,SHARDAMOTR,EQ,861.65,884.8,859.2,871.35,873.5,859.65,23134,20195021.05,3092
2026-07-09,INE037B01020,SHARDUL,EQ,28.1,28.49,27.2,28.0,28.0,27.11,1901,52794.68,28
2026-07-09,INE932X01026,SHAREINDIA,EQ,173.4,185.48,169.52,179.03,178.55,177.72,24628676,4425769169.81,188092
2026-07-09,INE460Q01014,SCML,SM,76.25,78.5,76.25,77.35,78.5,78.9,2000,154750.0,2
2026-07-09,INE0YJV01017,SHEEL,ST,71.0,72.15,70.0,70.0,70.0,68.75,14000,1003500.0,5
2026-07-09,INE916U01025,SFL,EQ,752.35,773.5,746.9,752.5,751.1,740.4,191300,145053662.15,11480
2026-07-09,INE501Y01019,SCPL,EQ,485.7,495.75,482.85,492.45,488.1,482.05,9720,4760495.15,559
2026-07-09,INE04VX01019,SHEETAL,SM,295.95,295.95,290.5,291.7,292.9,296.7,3000,879050.0,6
2026-07-09,INE268L01046,SHEKHAWATI,BE,14.65,14.65,13.65,14.34,14.34,14.36,9802,136815.27,64
2026-07-09,INE363M01019,SHEMAROO,BE,117.89,124.79,115.3,122.69,122.42,120.07,7204,878091.63,62
2026-07-09,INE0MM001019,SHERA,ST,148.0,152.8,145.05,152.0,152.0,145.55,11000,1653900.0,10
2026-07-09,INE03KJ01013,SHIGAN,SM,59.95,59.95,59.95,59.95,59.95,59.2,3000,179850.0,2
2026-07-09,INE024F01011,SHILCTECH,EQ,4250.0,4536.1,4250.0,4453.4,4433.0,4247.0,40775,181612266.5,8202
2026-07-09,INE790G01031,SHILPAMED,EQ,599.0,632.8,595.4,622.3,624.8,595.35,1340047,834465269.55,43291
2026-07-09,INE0PB301013,SCILAL,EQ,41.62,42.7,41.62,42.44,42.44,41.66,153583,6507001.3,1121
2026-07-09,INE109A01011,SCI,EQ,278.95,282.45,275.65,277.65,278.05,277.6,2581365,720601764.05,27482
2026-07-09,INE719F01016,SHIVAUM,EQ,427.25,436.9,425.0,427.15,425.0,425.1,157,67415.3,23
2026-07-09,INE644Y01017,SHIVAMILLS,BE,60.53,63.33,60.52,60.78,60.7,63.7,541,32750.69,22
2026-07-09,INE705C01020,SHIVATEX,EQ,152.0,162.51,148.0,158.37,162.0,153.03,4016,615466.09,108
2026-07-09,INE0T7B01010,SPCL,SM,68.75,69.9,67.0,68.6,68.6,68.5,22200,1517610.0,36
2026-07-09,INE386D01027,SBCL,EQ,702.0,732.5,701.8,726.7,722.55,695.8,232282,167999267.4,10692
2026-07-09,INE788J01021,SHIVALIK,BE,220.0,227.0,215.55,223.67,226.0,219.36,15631,3487585.69,239
2026-07-09,INE637H01024,SHIVAMAUTO,BE,19.63,19.63,19.63,19.63,19.63,20.03,45344,890102.72,34
2026-07-09,INE498B01024,SHOPERSTOP,EQ,346.55,350.45,335.2,337.5,335.3,346.05,25303,8645231.15,2405
2026-07-09,INE715Y01031,SHRADHA,EQ,32.41,32.99,32.0,32.54,32.65,32.41,14045,454672.98,61
2026-07-09,INE712K01011,SHREEPUSHK,EQ,428.95,438.0,413.0,431.95,430.2,424.65,155520,66871321.7,4546
2026-07-09,INE185C01017,SAPPL,EQ,288.4,334.3,288.4,295.45,293.0,278.6,30972,9822592.55,896
2026-07-09,INE070A01015,SHREECEM,EQ,25910.0,26575.0,25905.0,26295.0,26365.0,25910.0,12300,323838605.0,6298
2026-07-09,INE232A01011,SHREDIGCEM,EQ,74.01,74.97,73.68,73.93,73.72,74.24,60435,4491670.04,602
2026-07-09,INE0S4Y01010,SHREEKARNI,SM,410.25,421.8,410.0,421.8,421.8,418.0,1500,619815.0,6
2026-07-09,INE02S501018,SHREEOSFM,SM,61.0,61.0,59.0,59.0,59.0,61.0,4000,238800.0,4
2026-07-09,INE19GK01015,SRTL,EQ,40.15,40.7,39.2,39.98,40.4,40.15,26933,1073887.51,491
2026-07-09,INE879A01019,SHREERAMA,EQ,43.1,43.94,42.51,43.08,42.66,42.49,47640,2063438.85,801
2026-07-09,INE278B01020,RAMANEWS,EQ,28.72,29.85,28.4,29.05,29.85,28.51,29704,862806.11,119
2026-07-09,INE087H01022,RENUKA,EQ,22.59,22.96,22.46,22.61,22.63,22.56,1963851,44606033.62,5743
2026-07-09,INE0S2G01011,BALAJEE,EQ,29.45,29.45,28.13,28.64,28.75,28.48,17080,487093.91,140
2026-07-09,INE00CE01017,SVLL,BE,676.1,708.1,662.0,700.75,702.9,680.8,111338,74324736.2,326
2026-07-09,INE0K3301012,SHREEDHAR,ST,65.35,65.45,65.25,65.45,65.45,62.35,28000,1831100.0,12
2026-07-09,INE1FL101016,SHETHJI,ST,150.1,150.5,150.1,150.5,150.5,150.0,2000,300600.0,2
2026-07-09,INE1B6101010,SHREEJISPG,EQ,504.8,527.8,503.0,523.4,524.25,501.1,2288231,1177018462.0,21026
2026-07-09,INE00IK01029,OSWALSEEDS,EQ,10.56,10.78,10.48,10.51,10.5,10.48,44068,463911.18,129
2026-07-09,INE0GTI23014,SHREMINVIT,IV,102.0,102.0,102.0,102.0,102.0,102.0,25000,2550000.0,1
2026-07-09,INE632X01030,SHRENIK,BZ,0.36,0.38,0.36,0.36,0.36,0.37,416826,151652.01,177
2026-07-09,INE231C01019,SHREYANIND,EQ,139.99,140.38,136.0,138.4,139.49,138.14,1844,253951.19,68
2026-07-09,INE0DM401012,SHRIAHIMSA,ST,409.9,409.9,390.0,405.0,405.0,399.5,21600,8647890.0,27
2026-07-09,INE402H01015,SHBAJRG,EQ,198.99,200.01,194.6,195.65,196.9,192.96,3285,652898.46,96
2026-07-09,INE0NON01025,SHKSIL,SM,36.0,36.0,35.0,35.0,35.0,35.0,10000,352000.0,2
2026-07-09,INE997I01012,SHRIKRISH,EQ,40.2,42.49,40.15,40.17,40.15,41.98,157,6333.87,15
2026-07-09,INE1B3L01017,SHRINGARMS,EQ,226.84,233.19,226.81,229.17,229.0,224.08,1079023,248248291.46,7243
2026-07-09,INF680P01422,LIQUIDSHRI,EQ,1112.13,1112.15,1112.13,1112.14,1112.15,1111.98,4100,4559769.98,33
2026-07-09,INE721A01047,SHRIRAMFIN,EQ,1019.4,1039.8,1015.0,1031.7,1033.9,1014.4,3984489,4098330215.4,89604
2026-07-09,INE217L01019,SHRIRAMPPS,EQ,87.63,89.21,87.22,88.09,88.5,86.94,401578,35460567.48,3378
2026-07-09,INE01Z401013,SHUBHLAXMI,SM,24.55,26.0,24.3,25.45,24.3,25.5,15000,375850.0,14
2026-07-09,INE979R01011,SHYAMCENT,BE,5.7,5.8,5.66,5.75,5.72,5.72,63684,366667.35,125
2026-07-09,INE1CRP01016,SHYAMDHANI,ST,61.55,62.0,61.5,62.0,62.0,63.9,6000,370100.0,3
2026-07-09,INE810G01011,SHYAMMETL,EQ,931.35,951.35,929.2,948.4,951.0,928.35,310719,292630934.25,7201
2026-07-09,INE635A01023,SHYAMTEL,BE,17.54,17.54,17.5,17.5,17.5,17.54,240,4208.0,3
2026-07-09,INE176J01011,SICAGEN,EQ,52.1,53.7,51.86,52.49,53.24,52.08,8118,429811.35,39
2026-07-09,INE075B01020,SICALLOG,EQ,86.5,92.99,86.5,89.84,90.7,89.98,11334,1018484.62,226
2026-07-09,INE0SVO01019,SIDDHICOTS,SM,27.3,28.75,27.3,28.75,28.75,28.75,2400,67260.0,2
2026-07-09,INE0A1E01018,SIDDHIKA,SM,216.4,216.55,216.35,216.55,216.55,206.25,3500,757700.0,5
2026-07-09,INE1NPP01017,ENRIN,EQ,3369.7,3453.0,3353.1,3438.0,3450.0,3358.7,288824,983216028.0,30663
2026-07-09,INE003A01024,SIEMENS,EQ,3429.0,3484.6,3426.0,3476.4,3475.0,3446.1,283931,980687639.1,19895
2026-07-09,INE0D0K01022,SIGACHI,BE,21.75,22.23,21.75,22.23,22.23,21.8,312564,6887416.49,421
2026-07-09,INE933B01012,SIGMAADV,EQ,537.0,558.05,537.0,558.05,558.05,531.5,231921,128517137.1,2760
2026-07-09,INE0A0S01028,SIGMA,EQ,38.0,39.67,38.0,38.54,38.66,38.36,90005,3474485.75,805
2026-07-09,INE903U01023,SIGNATURE,EQ,770.1,823.0,765.0,808.75,807.0,769.55,1051196,851012444.3,29452
2026-07-09,INE529F01035,SIGIND,EQ,46.2,47.0,45.63,46.26,46.25,46.2,5508,254970.82,59
2026-07-09,INE0RDE01010,SIGNORIA,ST,135.0,135.9,135.0,135.9,135.9,129.45,4000,542700.0,4
2026-07-09,INE0KGZ01021,SIGNPOST,EQ,314.4,324.5,310.0,320.1,320.0,310.15,450864,143879690.2,10500
2026-07-09,INE438E01032,SIKA,EQ,1189.1,1227.6,1189.1,1213.2,1217.4,1184.0,71994,87189061.3,4810
2026-07-09,INE112X01025,SIKKO,EQ,3.79,4.18,3.79,4.11,4.12,3.77,1040902,4242940.07,1031
2026-07-09,INE923A01015,SILINV,EQ,415.0,424.7,415.0,421.2,423.0,415.0,774,326132.9,73
2026-07-09,INE01II01013,SILGO,EQ,75.4,76.8,74.25,74.85,74.56,74.93,147198,11124032.96,847
2026-07-09,INE0SN801015,SILKY,SM,107.9,108.95,107.9,108.4,108.95,107.9,1600,173480.0,2
2026-07-09,INE203Y01012,SILLYMONKS,EQ,16.39,17.22,16.12,16.25,16.25,16.27,7245,118561.5,95
2026-07-09,INE625X01026,SILVERTUC,EQ,189.0,194.0,185.25,187.47,186.9,187.9,557624,105746272.81,6937
2026-07-09,INE748T01016,SIMBHALS,BZ,6.86,6.94,6.58,6.86,6.86,6.7,5422,36749.62,40
2026-07-09,INE1K4J01018,SIMCA,SM,182.25,189.75,182.15,186.3,187.5,182.25,88800,16436280.0,121
2026-07-09,INE059B01024,SIMPLEXINF,EQ,252.7,272.0,252.7,267.75,270.0,255.6,28606,7567470.5,617
2026-07-09,INE985A01022,SINCLAIR,EQ,74.93,75.18,74.05,74.89,75.0,73.45,6372,475213.86,243
2026-07-09,INE325D01025,SINDHUTRAD,EQ,25.15,25.8,25.11,25.5,25.51,25.22,5532457,141072176.25,2489
2026-07-09,INE638A01035,SINGERIND,EQ,68.7,69.69,67.4,67.64,67.94,68.07,31930,2177275.29,857
2026-07-09,INE129Z01016,SINTERCOM,EQ,73.53,76.01,73.53,75.99,75.0,74.28,961,72548.65,17
2026-07-09,INE792Z01011,SIRCA,EQ,400.5,402.75,391.0,393.4,391.7,397.2,161230,63920731.1,3904
2026-07-09,INE285J01028,SIS,EQ,431.0,439.9,429.85,437.8,439.5,430.05,86768,37811298.4,3709
2026-07-09,INE965H01011,SITINET,BZ,0.33,0.34,0.33,0.33,0.33,0.33,571819,190853.9,146
2026-07-09,INE076B01028,SIYSIL,EQ,611.95,641.45,611.95,635.0,638.2,611.55,69429,43756537.15,5446
2026-07-09,INE284S01014,SJS,EQ,2216.5,2288.9,2173.5,2197.8,2195.0,2216.5,194439,430845469.5,23803
2026-07-09,INE002L01015,SJVN,EQ,70.15,70.88,69.87,70.07,70.2,70.14,1314603,92493474.67,12194
2026-07-09,INE2J8701016,SKFINDUS,EQ,2899.9,3041.0,2821.0,2836.6,2828.0,2896.7,85455,251276034.6,14509
2026-07-09,INE640A01023,SKFINDIA,EQ,1600.0,1610.0,1546.9,1552.4,1550.0,1587.3,60098,94368555.7,5964
2026-07-09,INE439E01022,SKIPPER,EQ,534.0,559.0,534.0,548.05,548.0,532.6,606192,334866957.55,16701
2026-07-09,INE411D01023,SKMEGGPROD,EQ,297.75,321.75,293.6,316.15,316.4,296.25,833871,261853005.55,18876
2026-07-09,INE0KZA01016,SKP,SM,150.0,152.95,149.15,152.8,152.8,150.05,5000,755500.0,9
2026-07-09,INE01IU01018,SKYGOLD,EQ,595.0,629.7,592.85,623.3,619.95,585.5,3184727,1970735128.3,54702
2026-07-09,INE0SMA01017,SLONE,ST,119.7,122.25,119.7,122.25,122.25,116.45,3200,388920.0,7
2026-07-09,INE14GK01016,SMARTEN,ST,62.0,62.9,61.0,62.4,62.9,60.0,14400,897960.0,8
2026-07-09,INE178C01020,SMARTLINK,BE,173.0,183.0,173.0,179.92,182.0,176.63,25427,4522346.74,107
2026-07-09,INE0NAZ01010,SMARTWORKS,EQ,453.9,464.8,450.4,458.0,455.0,452.75,37913,17312615.7,4411
2026-07-09,INE05NX24023,8SMC29,N1,508.0,510.0,506.0,506.0,506.0,503.0,420,212580.0,6
2026-07-09,INE05NX24031,8SMC30,N2,505.0,510.0,500.0,510.0,510.0,501.0,710,357050.0,11
2026-07-09,INE103C01036,SMCGLOBAL,EQ,68.97,70.86,68.67,70.46,70.7,68.8,166834,11703055.81,1270
2026-07-09,INE294B01019,SMLMAH,EQ,3875.0,4124.5,3870.0,4080.4,4117.0,3876.4,98284,395517034.0,15425
2026-07-09,INE812G01025,SMSPHARMA,EQ,405.0,410.95,403.65,407.05,407.1,403.25,375910,153319684.4,7190
2026-07-09,INE1OIC01018,SNEHAA,ST,46.5,46.5,45.15,45.2,45.15,46.5,4000,183450.0,4
2026-07-09,INE734N01019,SNOWMAN,EQ,36.75,36.75,34.46,35.82,35.6,35.94,433482,15538287.02,1986
2026-07-09,INE671H01015,SOBHA,EQ,1451.0,1475.2,1438.2,1469.8,1462.0,1451.2,132259,193789997.2,12082
2026-07-09,INE728Z01015,SOFTTECH,BE,432.0,434.8,432.0,434.8,434.8,426.3,200,86436.4,10
2026-07-09,INE343H01029,SOLARINDS,EQ,17994.0,18059.0,17028.0,17380.0,17385.0,17971.0,326120,5658793864.0,60315
2026-07-09,INE624Z01016,SOLARA,EQ,564.5,583.8,556.0,566.85,562.15,559.55,356917,204334951.6,12408
2026-07-09,INE0TY101024,SOLARWORLD,EQ,204.32,209.5,204.32,207.44,209.05,202.3,326266,67585078.96,4189
2026-07-09,INE880Y01017,SOLEX,EQ,990.7,1075.0,990.7,1018.4,1020.1,998.0,165320,171793870.0,14550
2026-07-09,INE480C01038,SDBL,EQ,66.6,67.73,66.5,67.08,67.02,66.49,403370,27090182.38,3980
2026-07-09,INE314C01013,SOMATEX,EQ,108.49,112.8,103.41,111.08,112.8,102.55,41311,4526709.02,640
2026-07-09,INE355A01028,SOMANYCERA,EQ,508.4,520.0,506.55,509.5,508.5,508.4,52309,26856091.0,3230
2026-07-09,INE323J01019,SOMICONVEY,EQ,100.9,102.6,94.05,99.64,99.94,98.27,47569,4709782.41,1527
2026-07-09,INE073K01018,SONACOMS,EQ,664.3,675.4,659.8,670.75,671.0,662.05,1358978,907308922.85,54077
2026-07-09,INE0Q6H01012,SONAMAC,ST,30.9,30.9,30.2,30.2,30.2,30.9,2000,61100.0,2
2026-07-09,INE321M01017,SONAL,EQ,94.99,94.99,90.5,91.06,90.5,94.99,107,9726.49,14
2026-07-09,INE00LM01029,SONAMLTD,EQ,53.52,54.77,52.62,53.06,52.86,53.6,14618,783720.68,565
2026-07-09,INE269A01021,SONATSOFTW,EQ,276.3,279.75,271.85,275.9,276.1,274.55,585739,162245220.45,12140
2026-07-09,INE0JZA01018,SONUINFRA,ST,43.4,43.4,43.4,43.4,43.4,41.4,4500,195300.0,2
2026-07-09,INE980Y01015,SOUTHWEST,EQ,229.0,233.55,223.2,230.07,231.0,228.4,204118,46481302.9,5533
2026-07-09,INE970N01027,SPCENET,EQ,3.78,3.94,3.73,3.89,3.88,3.77,805830,3093911.36,672
2026-07-09,IN9572J01019,SSFLPP,E1,156.2,168.95,153.0,161.95,160.1,154.25,18313,3019890.05,464
2026-07-09,INE572J01011,SPANDANA,EQ,290.0,312.55,290.0,303.45,305.0,289.55,956442,292944477.15,18740
2026-07-09,INE1CW901027,SPEB,ST,90.5,90.5,90.0,90.25,90.0,91.0,4000,361000.0,2
2026-07-09,INE247M01014,SPECIALITY,EQ,124.77,126.76,124.32,124.9,124.4,123.77,27212,3404300.69,636
2026-07-09,INE01EO01010,SPECTRUM,EQ,1889.8,1965.6,1882.2,1907.0,1905.9,1875.4,16365,31372227.6,2003
2026-07-09,INE0OL001018,SPECTSTM,ST,57.0,57.1,57.0,57.0,57.0,57.0,5600,319360.0,7
2026-07-09,INE020801028,SPENCERS,EQ,35.07,35.7,34.45,34.63,34.5,35.08,47136,1652358.6,551
2026-07-09,INE147A01011,SPIC,EQ,66.72,67.95,66.72,66.99,67.0,66.52,347080,23381537.22,3003
2026-07-09,INE978G01016,SPLIL,EQ,31.39,32.49,30.61,31.45,32.29,31.04,6432,200940.98,77
2026-07-09,INE937A01023,SPMLINFRA,EQ,186.91,192.89,186.6,189.99,191.9,186.93,138102,26254723.97,3198
2026-07-09,INE885H01029,SPORTKING,EQ,177.9,186.0,177.9,183.37,184.5,177.12,322791,59126910.13,6039
2026-07-09,INE526E01018,SHRIPISTON,EQ,4148.7,4274.1,4112.7,4246.3,4238.7,4116.8,30476,128522832.1,9789
2026-07-09,INE19QH01010,SPUNWEB,SM,106.0,106.0,106.0,106.0,106.0,106.0,1200,127200.0,1
2026-07-09,INE917H01012,SRHHYPOLTD,EQ,482.0,499.95,482.0,494.8,493.0,491.4,5147,2548030.3,276
2026-07-09,INE099F01013,SREEL,EQ,207.47,212.7,207.0,211.3,212.7,206.44,3057,642951.96,119
2026-07-09,INE647A01010,SRF,EQ,2720.0,2792.5,2718.0,2756.9,2763.9,2709.5,201957,555881663.8,18824
2026-07-09,INE559N01010,SRGHFL,EQ,298.1,308.0,293.15,300.0,300.0,300.85,1038,311871.35,77
2026-07-09,INE293B01029,HAVISHA,EQ,1.3,1.3,1.15,1.17,1.17,1.27,272470,323226.81,337
2026-07-09,INE0V9Q01010,LOTUSDEV,EQ,139.5,144.2,139.5,142.36,142.6,139.3,370320,52919977.07,5786
2026-07-09,INE0TPJ01019,SPCON,SM,139.95,139.95,139.95,139.95,139.95,130.0,1200,167940.0,1
2026-07-09,INE0ON201012,SSFL,ST,282.0,284.0,270.55,277.5,281.8,280.9,15000,4148600.0,30
2026-07-09,INE0NPI01014,SRIVASAVI,ST,79.0,79.0,77.0,79.0,79.0,79.65,8000,623000.0,8
2026-07-09,INE0R6Z01013,SRM,EQ,474.9,488.1,468.35,478.35,477.15,474.35,53877,25889670.45,2679
2026-07-09,INE0RYC01010,STALLION,EQ,179.8,185.4,179.8,182.12,184.0,179.82,558184,102045262.85,8152
2026-07-09,INE0M4D01010,SETL,EQ,272.95,278.8,266.45,276.9,276.5,265.6,881920,242889307.9,9602
2026-07-09,INE173A01025,SIL,EQ,15.61,16.29,15.61,16.05,16.25,16.1,20870,335302.87,148
2026-07-09,INE01A001028,STANLEY,EQ,151.0,157.0,151.0,154.74,154.0,150.93,133626,20562388.63,3066
2026-07-09,INE460H01021,STARCEMENT,EQ,204.43,207.2,203.4,204.93,204.93,202.41,92263,18910456.11,2036
2026-07-09,INE575P01011,STARHEALTH,EQ,584.15,606.0,584.1,603.25,603.0,584.2,992624,592068360.3,20237
2026-07-09,INE733A01018,STARPAPER,EQ,140.0,142.95,138.42,139.29,140.1,139.87,2057,286753.85,70
2026-07-09,INE992I01013,STARTECK,EQ,281.9,284.95,272.3,276.1,274.45,273.1,5897,1666068.55,115
2026-07-09,INE062A01020,SBIN,EQ,1019.8,1031.7,1019.3,1022.1,1022.5,1016.9,7661699,7854071089.5,169565
2026-07-09,INE114A01011,SAIL,EQ,162.5,167.5,161.72,165.9,167.45,162.02,11731829,1930452636.43,58943
2026-07-09,INE395H01011,STEELCITY,EQ,78.76,78.76,77.0,78.17,78.27,76.89,1468,113900.11,48
2026-07-09,INE503B01021,STEELXIND,EQ,12.12,12.38,12.02,12.15,12.2,11.94,1790419,21830151.93,2895
2026-07-09,INE802C01033,SSWL,EQ,235.84,243.88,235.07,240.05,241.8,237.47,377698,90249365.47,8697
2026-07-09,INE124E01038,STEELCAS,EQ,306.0,312.0,302.85,305.75,307.75,305.9,52340,16066218.5,2068
2026-07-09,INE577L01016,STEL,EQ,550.75,570.5,546.85,563.9,563.2,540.6,2346,1313054.1,386
2026-07-09,INE334A01023,STERTOOLS,BE,231.11,239.0,231.11,235.84,237.5,230.88,10132,2401342.7,257
2026-07-09,INE089C01029,STLTECH,BE,501.75,554.55,501.75,554.35,554.55,528.15,3995876,2102388843.95,46163
2026-07-09,INE353H01010,SGL,EQ,9.78,10.1,9.78,9.78,9.79,9.7,5011,49262.17,35
2026-07-09,INE1VXE01018,STLNETWORK,BE,25.43,25.98,24.9,25.39,25.45,24.82,245574,6229483.28,771
2026-07-09,INE00IN01015,STOVEKRAFT,EQ,782.45,828.0,782.45,797.4,800.0,782.45,386880,314503782.35,18084
2026-07-09,INE1XWN01017,STRIDERS,SM,61.2,61.8,50.2,53.8,53.5,58.25,161600,8740320.0,88
2026-07-09,INE939A01011,STAR,EQ,1081.4,1124.9,1069.3,1076.0,1072.0,1080.8,217028,236868733.6,16858
2026-07-09,INE00M201021,SWSOLAR,EQ,234.09,240.7,229.41,230.03,230.78,232.41,2058448,482385559.83,24878
2026-07-09,INE00Q601028,STUDDS,EQ,457.0,466.5,457.0,460.15,458.25,457.7,42360,19621969.15,1133
2026-07-09,INE17VO01028,STUDIOLSD,ST,9.25,9.25,9.05,9.05,9.05,9.25,10000,91000.0,5
2026-07-09,INE239C01020,STYLAMIND,EQ,3032.6,3188.8,3032.6,3154.1,3159.6,3060.2,16349,51481168.8,4410
2026-07-09,INE189B01011,STYRENIX,EQ,2204.5,2295.2,2204.5,2276.5,2275.0,2204.5,15919,35942893.5,1799
2026-07-09,INE0RYR01018,SUBAHOTELS,SM,118.05,119.2,117.35,117.6,117.35,115.8,14400,1703280.0,12
2026-07-09,INE754A01055,SUBEXLTD,BE,11.94,12.6,11.94,12.6,12.6,12.0,2339380,29370836.96,1797
2026-07-09,INE287B01021,SUBROS,EQ,801.0,816.9,796.8,813.6,815.0,793.8,40794,33101830.5,3590
2026-07-09,INE659A01023,SUDARSCHEM,EQ,920.15,954.9,916.6,941.95,941.0,914.45,293440,276995287.05,15479
2026-07-09,INE492A01029,SUDARCOLOR,EQ,355.15,362.95,350.2,353.75,355.0,350.2,3956,1404034.4,293
2026-07-09,INE0QPI01025,SUDEEPPHRM,EQ,795.55,822.8,793.65,802.3,807.0,800.3,144006,116452911.2,9061
2026-07-09,INE450E01029,SUKHJITS,EQ,169.2,177.87,169.2,171.16,173.0,173.96,8070,1389012.0,178
2026-07-09,INE142Q01026,SULA,EQ,148.49,150.15,148.49,149.65,149.98,148.27,119528,17883774.45,2471
2026-07-09,INE235C01036,SUMEETINDS,EQ,30.7,31.97,30.62,31.68,31.95,31.35,8529794,270684684.74,6717
2026-07-09,INE235C20010,SUMEET-RE,BE,2.45,2.56,2.3,2.33,2.35,2.38,6982034,16715008.73,1236
2026-07-09,INE748Z01013,SUMIT,BE,45.4,46.95,44.12,45.87,46.33,44.94,27281,1249807.12,108
2026-07-09,INE258G01013,SUMICHEM,EQ,467.5,483.35,466.8,481.15,477.1,467.1,545453,259769540.25,14043
2026-07-09,INE519C01017,SUMMITSEC,EQ,1490.6,1543.6,1490.6,1522.7,1543.6,1498.0,1687,2565631.1,375
2026-07-09,INE232I01014,SPARC,EQ,271.33,284.7,270.2,277.57,278.05,269.98,3049847,849707978.56,40603
2026-07-09,INE044A01036,SUNPHARMA,EQ,1889.9,1952.0,1888.2,1938.7,1940.7,1888.2,4446201,8604674358.5,203825
2026-07-09,INE424H01027,SUNTV,EQ,495.0,503.9,493.55,499.25,503.0,496.6,124994,62405228.85,8202
2026-07-09,INE0Q3R01026,SUNCLAY,EQ,1316.0,1337.8,1309.0,1319.7,1313.0,1315.8,2907,3861786.7,480
2026-07-09,INE660A01013,SUNDARMFIN,EQ,4653.5,4694.8,4565.0,4621.2,4614.8,4653.5,69282,319890470.6,14545
2026-07-09,INE108E01023,SUNDARAM,EQ,1.26,1.29,1.25,1.25,1.25,1.26,326550,411531.69,317
2026-07-09,INE073D01013,SUNDRMBRAK,BE,787.0,800.0,778.8,785.05,785.0,803.2,1144,903264.5,64
2026-07-09,INE387A01021,SUNDRMFAST,EQ,935.0,945.3,929.2,936.35,937.3,933.95,169799,159068101.25,11939
2026-07-09,INE0CTB01014,SOCL,ST,27.45,27.45,27.45,27.45,27.45,26.9,3200,87840.0,2
2026-07-09,INE209A01019,SUNDROP,EQ,632.0,647.2,632.0,642.05,640.0,634.1,10936,7007936.4,365
2026-07-09,INE947A01014,SUNFLAG,EQ,329.95,341.2,329.0,334.65,335.5,327.4,119025,40023008.45,3389
2026-07-09,INE0O3O01017,SEL,ST,196.0,207.75,196.0,207.75,207.75,197.9,6400,1306510.0,20
2026-07-09,INE0U2N01013,SUNLITE,ST,437.0,458.0,437.0,452.85,454.0,437.0,13200,5917155.0,36
2026-07-09,INE0SGZ01016,SUNTECH,ST,33.0,33.0,30.75,31.0,31.0,32.35,52800,1645520.0,31
2026-07-09,INE805D01034,SUNTECK,EQ,312.15,323.35,309.3,319.25,318.3,312.15,1601631,514516089.85,7673
2026-07-09,INE662A01027,SUPERSPIN,BE,5.1,5.1,5.1,5.1,5.1,5.2,5875,29962.5,27
2026-07-09,INE712B01010,SUPERHOUSE,EQ,156.9,158.0,150.7,157.51,157.99,156.98,7037,1094271.88,255
2026-07-09,INE399C01030,SUPRAJIT,EQ,496.0,510.6,493.8,495.65,496.25,492.0,281165,141291683.35,11368
2026-07-09,INE319Z01021,SUPREMEENG,BZ,1.59,1.59,1.59,1.59,1.59,1.56,58518,93043.62,22
2026-07-09,INE0U6N01014,SFML,SM,24.4,24.4,24.4,24.4,24.4,22.65,3200,78080.0,2
2026-07-09,INE822E01011,SUPREME,EQ,48.02,48.5,46.0,46.35,46.11,46.95,51717,2450035.04,783
2026-07-09,INE195A01028,SUPREMEIND,EQ,3180.0,3239.9,3180.0,3228.4,3227.7,3179.4,85405,275258839.3,10882
2026-07-09,INE550H01011,SUPREMEINF,EQ,82.99,85.79,80.3,83.85,84.03,82.48,140229,11641045.47,2002
2026-07-09,INE663A01033,SPLPETRO,EQ,725.1,728.95,718.0,720.7,719.25,725.0,23892,17245307.75,2195
2026-07-09,INE0QHG01026,SUPREMEPWR,ST,217.85,225.25,215.5,222.55,223.45,215.75,35500,7872275.0,63
2026-07-09,INE07RO01027,SUPRIYA,EQ,867.7,887.5,867.0,874.9,876.5,861.7,341756,300270091.9,16374
2026-07-09,INE843S01025,SURAJEST,EQ,203.06,204.0,199.2,202.27,201.1,200.74,48907,9888839.93,1043
2026-07-09,INE713C01016,SURAJLTD,EQ,234.0,234.0,227.0,229.96,230.0,234.0,210,48438.81,15
2026-07-09,INE877V01027,SURAKSHA,EQ,264.75,269.95,261.0,263.4,261.5,262.6,17942,4754013.3,816
2026-07-09,INE272L01022,SURANASOL,EQ,25.78,26.19,25.0,25.37,25.79,25.78,37152,953743.24,463
2026-07-09,INE130B01031,SURANAT&P,EQ,18.51,19.0,18.42,18.7,18.67,18.41,66409,1246577.76,696
2026-07-09,INE01ZJ01015,SURANI,SM,108.95,108.95,99.95,106.0,105.95,105.0,7400,768940.0,13
2026-07-09,INE05ST01028,SBGLP,EQ,24.1,25.0,24.1,24.85,24.69,24.63,67067,1642323.84,108
2026-07-09,INE335A01020,SURYAROSNI,EQ,255.1,258.85,253.4,255.4,254.65,254.15,470760,120433637.2,8091
2026-07-09,INE713B01026,SURYALAXMI,EQ,58.29,58.29,58.1,58.1,58.1,58.29,1281,74472.16,24
2026-07-09,INE132C01027,SURYALA,EQ,481.2,481.2,440.0,452.5,460.0,441.45,4436,2026590.8,199
2026-07-09,INE428Q01011,SURYODAY,EQ,175.65,179.61,175.65,177.13,177.61,175.65,186688,33168991.49,3821
2026-07-09,INE645H01027,SUTLEJTEX,BE,36.51,38.6,36.51,37.91,38.0,37.41,33756,1278318.81,188
2026-07-09,INE495B01038,SUVEN,EQ,320.0,354.5,318.55,346.75,350.0,317.1,2981090,1012132447.9,44122
2026-07-09,INE018401013,SUVIDHAA,EQ,2.65,2.65,2.55,2.56,2.57,2.54,33594,86706.55,145
2026-07-09,INE442P01014,SUYOG,EQ,880.6,901.4,869.75,877.7,873.5,874.95,39731,35177806.15,2374
2026-07-09,INE040H01021,SUZLON,EQ,53.13,54.29,53.07,53.7,53.68,53.13,42640345,2292314152.46,87943
2026-07-09,INE308E01029,SVPGLOB,BE,3.82,3.99,3.82,3.9,3.9,3.96,22478,87065.38,50
2026-07-09,INE665A01038,SWANCORP,EQ,319.45,323.15,316.45,317.55,318.2,315.45,569802,182178063.55,9542
2026-07-09,INE542F01020,SWANDEF,BE,2203.0,2251.0,2125.0,2161.5,2179.0,2231.9,16754,36292046.0,774
2026-07-09,INE277A01016,SWARAJENG,EQ,3753.0,3796.2,3725.0,3732.3,3730.1,3743.9,10131,37921450.7,1761
2026-07-09,INE0GMR01016,SWARAJ,SM,317.3,327.0,317.3,323.0,323.2,317.3,68500,22019600.0,87
2026-07-09,INE0DGC01025,SWASTIK,ST,14.15,14.15,14.15,14.15,14.15,14.85,1200,16980.0,1
2026-07-09,INE409B01013,SWELECTES,EQ,619.8,639.2,616.0,636.0,635.0,610.65,18745,11794906.25,1244
2026-07-09,INE00H001014,SWIGGY,EQ,262.0,282.41,262.0,280.95,281.8,261.41,55995424,15547953991.93,422444
2026-07-09,INE225D01027,SYMPHONY,EQ,694.85,713.85,693.9,696.4,697.95,693.9,179231,126370209.15,7389
2026-07-09,INE312C01025,SYNCOMF,EQ,13.66,14.1,13.62,13.99,14.09,13.62,1617220,22501090.71,3077
2026-07-09,INE00QT01015,SGIL,EQ,581.2,595.6,580.0,593.9,590.0,580.0,11808,6932353.45,407
2026-07-09,INE398R01022,SYNGENE,EQ,413.55,426.05,409.0,415.4,417.0,411.6,1345366,565615147.35,29356
2026-07-09,INE0DYJ01015,SYRMA,EQ,1410.4,1449.0,1385.0,1441.0,1446.0,1366.2,3482051,4946548604.4,120434
2026-07-09,INE0O7R01011,SYSTANGO,SM,219.0,220.8,217.95,219.9,219.0,218.95,11200,2459040.0,27
2026-07-09,INE356B01024,SYSTMTXC,BE,62.0,64.49,61.9,63.99,64.0,63.5,3471,218320.43,52
2026-07-09,INE592B01024,TTL,EQ,6.51,6.8,6.51,6.74,6.7,6.51,44819,299927.17,120
2026-07-09,INE524T01011,TAALTECH,EQ,3818.5,3986.9,3734.1,3838.1,3850.0,3818.5,1317,5118531.0,282
2026-07-09,INE0SOY01013,TAC,SM,406.05,424.8,401.0,421.45,422.0,409.4,41400,17050750.0,174
2026-07-09,INE123C01018,TAINWALCHM,EQ,196.25,196.3,196.25,196.3,196.3,196.25,40,7851.0,2
2026-07-09,INE586B01026,TAJGVK,EQ,349.0,369.2,345.0,361.95,364.0,350.2,319606,115458114.25,7966
2026-07-09,INE142I01023,TAKE,BE,23.61,23.61,23.61,23.61,23.61,24.85,156208,3688070.88,201
2026-07-09,INE187D01029,TALBROAUTO,EQ,406.75,416.75,406.0,408.8,410.35,406.75,100838,41378561.4,4324
2026-07-09,INE864J01012,TAMBOLIIN,BE,227.0,227.5,215.25,218.08,218.0,218.82,6856,1491421.95,35
2026-07-09,INE668A01016,TMB,EQ,760.0,772.95,756.0,769.2,766.15,750.9,118102,90384834.15,8309
2026-07-09,INE107A01015,TNPL,EQ,144.34,145.3,142.01,143.2,143.01,144.34,68605,9835798.15,1558
2026-07-09,INE148A01019,TNPETRO,EQ,94.0,96.86,94.0,95.72,95.11,94.56,90283,8671870.9,1331
2026-07-09,INE141D01018,TNTELE,EQ,8.77,9.19,8.77,8.99,8.98,8.77,5475,49265.18,48
2026-07-09,INE0Z7N01017,TANKUP,ST,1002.0,1038.5,1002.0,1038.5,1038.5,1019.2,1500,1539500.0,5
2026-07-09,INE483C01032,TANLA,EQ,526.0,535.4,520.15,521.7,521.9,527.1,363856,192150576.15,12387
2026-07-09,INE0M7001010,TAPIFRUIT,SM,49.0,50.0,46.75,50.0,50.0,49.0,3750,179437.5,3
2026-07-09,INE555Z01020,TARACHAND,EQ,56.49,56.49,55.0,55.42,55.5,55.68,74512,4137920.55,840
2026-07-09,INE747K01017,TARAPUR,EQ,17.68,18.28,17.68,17.95,18.1,17.98,6428,115380.87,78
2026-07-09,INE0EK901012,TARC,EQ,124.5,130.39,121.75,124.43,123.9,124.27,4671568,588803903.92,36810
2026-07-09,INE924H01018,TARMAT,EQ,48.99,49.48,47.75,48.17,48.15,47.86,20199,973435.17,80
2026-07-09,INE144Z01023,TARSONS,EQ,290.25,298.0,285.55,288.7,289.2,290.25,143322,41816667.85,3431
2026-07-09,INE488B01017,TASTYBITE,EQ,8485.0,8900.0,8483.0,8830.5,8860.0,8505.5,3224,28172075.5,944
2026-07-09,INE976I01016,TATACAP,EQ,346.0,358.65,346.0,355.85,356.0,346.25,1737896,616617031.85,35355
2026-07-09,INE092A01019,TATACHEM,EQ,706.65,719.7,704.35,713.7,718.2,710.4,411637,292694242.65,12207
2026-07-09,INE151A01013,TATACOMM,EQ,1898.0,1907.4,1865.6,1870.4,1868.7,1886.2,214737,403477958.7,24646
2026-07-09,INE467B01029,TCS,EQ,2057.5,2065.0,2016.0,2049.5,2059.0,2057.5,3791498,7748164028.4,162757
2026-07-09,INE192A01025,TATACONSUM,EQ,1098.8,1114.2,1091.7,1106.7,1104.0,1089.8,1017956,1127882466.0,69105
2026-07-09,INE670A01012,TATAELXSI,EQ,3629.4,3642.0,3588.7,3621.4,3627.7,3623.6,161131,583671734.9,21217
2026-07-09,INE672A01026,TATAINVEST,EQ,663.25,693.2,663.25,684.85,687.6,663.15,735856,504674921.65,33212
2026-07-09,INE1TAE01010,TMCV,EQ,417.2,424.0,415.95,419.85,419.0,416.75,5299204,2225752767.45,89632
2026-07-09,INE155A01022,TMPV,EQ,332.9,334.6,330.0,331.5,332.0,332.05,11549474,3836227525.4,94042
2026-07-09,INE245A01021,TATAPOWER,EQ,373.4,378.85,372.25,375.5,376.0,372.1,4833406,1818820802.2,61659
2026-07-09,INE081A01020,TATASTEEL,EQ,189.5,189.87,186.62,187.91,187.81,188.2,21203724,3982658955.84,147644
2026-07-09,INE142M01025,TATATECH,EQ,703.0,717.95,696.95,711.6,712.0,703.0,439288,312301874.9,18258
2026-07-09,INE517B01013,TTML,EQ,40.55,41.12,40.19,40.49,40.7,40.33,1413087,57455187.59,8430
2026-07-09,INF277K015R5,NETF,EQ,257.55,262.5,257.55,260.16,259.73,259.63,1923,500247.22,120
2026-07-09,INF277K010X4,NPBET,EQ,287.84,288.54,287.0,287.0,287.0,286.41,48,13817.97,9
2026-07-09,INF277KA1364,TNIDETF,EQ,82.76,83.33,81.66,83.0,83.26,81.95,149090,12377505.0,426
2026-07-09,INF277KA1976,TATAGOLD,EQ,13.75,14.85,13.4,13.91,13.9,13.75,38722912,536302848.42,56868
2026-07-09,INF277KA1984,TATSILV,EQ,21.4,21.72,21.12,21.64,21.65,21.35,50888988,1093438215.02,47243
2026-07-09,INE0GK401011,TATVA,EQ,1189.9,1245.0,1183.2,1239.2,1239.3,1182.0,37482,45956064.7,3920
2026-07-09,INE0XWS01018,TAURIAN,SM,340.0,365.0,340.0,350.7,352.0,330.9,89600,31536440.0,97
2026-07-09,INE053F07835,753IRFC30,NJ,1128.01,1128.01,1124.1,1125.35,1127.0,1124.19,2102,2366133.12,19
2026-07-09,INE053F07900,764IRFC31,NO,1136.65,1136.65,1136.65,1136.65,1136.65,1135.6,100,113665.0,1
2026-07-09,INE906B07EP5,769NHAI31,NE,1143.0,1143.01,1143.0,1143.0,1143.0,1144.0,206,235458.5,4
2026-07-09,INE906B07EI0,735NHAI31,N9,1094.5,1094.5,1094.5,1094.5,1094.5,1103.97,150,164175.0,1
2026-07-09,INE906B07EJ8,76NHAI31,,1101.0,1106.0,1101.0,1104.0,1104.0,1104.0,2918,3218961.9,19
2026-07-09,INE020B07GX4,738REC27TF,N2,1069.0,1069.0,1069.0,1069.0,1069.0,1064.5,5,5345.0,1
2026-07-09,INE0N2D01013,TBI,SM,63.0,63.0,61.3,62.7,62.7,61.3,10200,635430.0,15
2026-07-09,INE673O01025,TBOTEK,EQ,1479.9,1521.9,1477.6,1496.9,1491.3,1481.4,351468,528083884.9,14163
2026-07-09,INE887D01016,TCC,EQ,333.0,334.3,327.35,329.5,327.35,323.75,7489,2480564.3,383
2026-07-09,INE586V01016,TCIEXP,EQ,501.45,583.0,498.0,553.55,548.95,499.0,2889155,1621740304.8,70853
2026-07-09,INE911B01018,TCIFINANCE,BE,16.6,16.75,15.7,16.05,16.02,16.3,61347,986176.85,279
2026-07-09,INE822C01015,TCPLPACK,EQ,2935.4,2989.8,2897.3,2965.3,2940.4,2923.9,1397,4119869.3,367
2026-07-09,INE419M01027,TDPOWERSYS,EQ,1089.0,1110.0,1071.4,1090.0,1091.0,1080.0,906063,987452393.1,31009
2026-07-09,INE289C01025,TEAMGTY,EQ,225.0,262.11,219.0,228.66,227.7,218.43,28227,7016999.43,983
2026-07-09,INE985S01024,TEAMLEASE,EQ,1384.0,1395.2,1373.4,1381.0,1378.7,1380.2,33491,46242343.5,2778
2026-07-09,INE065J01024,TPHQ,EQ,0.46,0.46,0.45,0.45,0.46,0.46,1039044,472248.46,290
2026-07-09,INE2OL601013,TEAMTECH,SM,121.95,124.0,121.05,121.8,122.0,118.0,62000,7594300.0,29
2026-07-09,INE669C01036,TECHM,EQ,1426.0,1436.3,1399.0,1426.3,1432.3,1428.8,1379708,1965942172.4,60962
2026-07-09,INE0Y5H01014,TECHD,ST,540.0,544.8,540.0,540.5,540.0,536.15,19800,10718880.0,43
2026-07-09,INE0JQS01019,TECHERA,SM,154.45,154.9,150.55,151.3,151.8,153.3,13600,2071480.0,16
2026-07-09,INE285K01026,TECHNOE,EQ,1048.3,1058.0,1040.3,1045.2,1049.2,1045.4,111111,116781518.4,7055
2026-07-09,INE545H01011,TIIL,EQ,2510.0,2517.8,2490.0,2499.7,2504.7,2514.8,3327,8330101.8,681
2026-07-09,INE314H01012,TECHNVISN,EQ,3480.0,3665.0,3480.0,3555.5,3660.0,3658.1,808,2863716.8,230
2026-07-09,INE014B01011,TECILCHEM,EQ,10.0,10.09,9.65,10.0,10.0,10.02,9340,93517.9,34
2026-07-09,INE0K6601012,TGL,SM,17.85,19.6,17.8,19.6,19.6,18.7,34800,668730.0,80
2026-07-09,INE011K01018,TEGA,EQ,1649.6,1672.9,1638.2,1660.7,1665.8,1641.5,32618,54115891.8,3072
2026-07-09,INE0R1301019,TEJA,ST,483.75,483.8,437.8,475.65,483.8,460.8,23400,10732470.0,38
2026-07-09,INE010J01012,TEJASNET,EQ,538.0,545.9,533.55,542.35,542.0,535.4,1785285,964950414.95,35076
2026-07-09,INE869Y01010,TEMBO,EQ,566.35,574.95,562.0,565.05,562.0,566.35,57812,32812726.0,1714
2026-07-09,INE19RI01016,TENNIND,EQ,582.15,588.6,579.95,584.3,582.0,575.65,355700,207804150.25,16163
2026-07-09,INE482B01010,TERASOFT,EQ,383.5,394.85,374.0,379.8,378.0,383.5,13599,5199451.5,631
2026-07-09,INE435C01024,TEXINFRA,EQ,113.6,115.27,112.64,114.15,114.7,113.2,120288,13721152.29,1323
2026-07-09,INE621L01012,TEXRAIL,EQ,111.5,114.6,111.2,113.71,113.61,111.52,1907523,216623754.48,15813
2026-07-09,INE141K01013,TEXMOPIPES,EQ,42.4,43.84,42.4,43.2,43.0,42.94,19625,846791.82,478
2026-07-09,INE733E07JV4,753NTPC30E,NC,1130.0,1130.0,1130.0,1130.0,1130.0,1126.0,200,226000.0,2
2026-07-09,INE797H01018,TGBHOTELS,EQ,8.75,8.89,8.72,8.8,8.8,8.68,4045,35580.93,24
2026-07-09,INE0QJL01014,TCL,SM,125.0,127.5,120.0,120.4,120.0,125.0,13600,1672560.0,16
2026-07-09,INE077P01034,THACKER,BE,1090.0,1098.0,1090.0,1098.0,1098.0,1098.1,41,44996.0,9
2026-07-09,INE403F01017,THAKDEV,EQ,131.9,132.1,131.9,132.1,132.1,127.58,83,10958.5,3
2026-07-09,INE085J01014,THANGAMAYL,EQ,6865.0,7165.0,6544.5,6598.5,6600.0,6806.0,514995,3525771913.0,80258
2026-07-09,INE294Z01018,ANUP,EQ,2147.9,2193.9,2135.7,2153.4,2152.0,2135.3,18807,40734142.4,3280
2026-07-09,INE319B01014,BYKE,BE,33.75,34.59,33.2,34.34,34.02,33.09,18248,626208.61,95
2026-07-09,INE017A01032,GESHIP,EQ,1380.1,1428.7,1378.2,1414.2,1416.0,1375.1,351376,497661530.6,29733
2026-07-09,INE646C01018,GROBTEA,EQ,938.9,940.1,902.3,902.3,902.3,924.2,80,73683.2,28
2026-07-09,INE127B01011,HITECHGEAR,BE,638.0,675.0,638.0,653.55,645.0,662.6,933,611655.3,57
2026-07-09,INE383A01012,INDIACEM,EQ,374.0,379.0,371.2,372.05,373.1,371.45,105585,39613695.45,5757
2026-07-09,INE053A01029,INDHOTEL,EQ,724.0,736.6,724.0,731.45,732.95,722.9,1394862,1021095338.6,34238
2026-07-09,INE924D01017,THEINVEST,EQ,95.36,101.4,95.35,99.75,100.0,95.32,6831,670631.44,370
2026-07-09,INE470Y01017,NIACL,EQ,181.74,185.0,180.37,183.62,184.38,179.47,1018479,186767988.61,16316
2026-07-09,INE431F01018,PKTEA,EQ,794.0,794.45,741.0,763.7,765.0,736.95,47,36321.1,14
2026-07-09,INE211B01039,PHOENIXLTD,EQ,2055.0,2123.6,2037.6,2088.0,2090.0,2022.5,1448148,3021837907.1,87299
2026-07-09,INE331A01037,RAMCOCEM,EQ,908.6,926.45,908.6,922.1,921.0,908.6,24085,22171110.0,2495
2026-07-09,INE301D01026,RUBYMILLS,BE,365.55,365.55,355.0,365.55,365.55,348.15,47218,17159712.9,581
2026-07-09,INE683A01023,SOUTHBANK,EQ,44.17,44.5,43.82,44.22,44.3,43.7,16615687,734074295.79,37235
2026-07-09,INE655A01013,STCINDIA,EQ,119.19,124.5,119.19,121.57,121.45,118.61,90195,11071685.18,2020
2026-07-09,INE071E01023,UGARSUGAR,EQ,39.7,40.62,39.7,39.8,39.9,39.97,46796,1872223.95,691
2026-07-09,INE215F01023,WIPL,EQ,167.01,177.4,167.01,172.0,172.0,170.0,5417,926886.71,67
2026-07-09,INE121N01019,THEJO,EQ,1871.8,1910.0,1860.8,1868.1,1879.0,1866.1,4727,8908299.8,1176
2026-07-09,INE083B01024,THEMISMED,EQ,112.9,117.58,112.89,116.05,116.9,111.88,46490,5401702.35,1150
2026-07-09,INE152A01029,THERMAX,EQ,4649.5,4810.0,4610.0,4785.0,4802.5,4602.5,207686,982409390.0,28090
2026-07-09,INE0SHE01019,THESL,ST,14.3,15.0,14.3,15.0,15.0,14.3,9000,132000.0,3
2026-07-09,INE338A01024,TIRUMALCHM,EQ,170.0,171.1,165.2,166.01,166.0,167.52,450192,75457766.55,9203
2026-07-09,INE332A01027,THOMASCOOK,EQ,102.41,103.65,101.1,102.3,102.4,101.99,667148,68298430.53,5532
2026-07-09,INE480M01011,THOMASCOTT,EQ,322.25,330.0,313.8,324.9,325.2,316.1,18349,5928988.9,837
2026-07-09,INE594H01019,THYROCARE,EQ,526.0,539.5,523.1,535.55,534.0,521.7,185920,99356345.2,14110
2026-07-09,INE906O01029,TIGERLOGS,BE,33.42,33.9,33.03,33.26,33.44,33.42,40119,1344176.43,117
2026-07-09,INE440L01017,TIJARIA,EQ,4.22,4.53,4.2,4.34,4.43,4.38,28372,125689.02,88
2026-07-09,INE806C01018,TIL,EQ,217.0,221.5,211.51,218.85,217.2,211.16,238322,52046780.64,6002
2026-07-09,INE133E01013,TI,EQ,446.6,452.9,444.15,447.0,448.05,441.0,292957,131609987.25,10655
2026-07-09,INE508G01029,TIMETECHNO,EQ,175.52,178.38,174.22,176.57,177.0,174.18,3122667,552679217.83,23391
2026-07-09,INE064A01026,TIMEX,EQ,522.5,550.0,522.5,547.25,547.7,522.2,339138,183484728.0,11312
2026-07-09,INE325A01013,TIMKEN,EQ,3221.0,3291.4,3200.0,3217.7,3224.8,3202.7,41522,134563371.2,12694
2026-07-09,INE015C01016,TINNARUBR,EQ,910.0,994.45,910.0,958.5,950.0,904.2,149328,143882710.65,8282
2026-07-09,INE0LQS01015,TIPSFILMS,EQ,324.5,333.0,315.35,329.85,329.95,325.9,3736,1211701.8,266
2026-07-09,INE716B01029,TIPSMUSIC,EQ,665.2,718.0,665.15,711.15,713.5,668.45,979136,691950819.0,40001
2026-07-09,INE319Y01024,TIRUPATIFL,EQ,67.25,69.27,66.16,67.09,68.0,66.06,673837,45759598.08,3712
2026-07-09,INE615H01020,TITAGARH,EQ,818.0,836.0,818.0,827.8,829.65,817.05,369334,306625731.2,16956
2026-07-09,INE280A01028,TITAN,EQ,4614.8,4679.8,4546.1,4555.8,4550.0,4586.4,1777107,8185844315.6,102988
2026-07-09,INE932C01012,TOKYOPLAST,BE,82.5,88.2,81.1,87.7,87.7,84.0,279,23273.41,17
2026-07-09,INE0RWQ01014,TOLINS,EQ,103.2,105.35,101.71,103.11,102.5,101.7,70585,7302476.91,956
2026-07-09,INE685A01028,TORNTPHARM,EQ,4852.0,4937.4,4847.0,4898.2,4889.0,4866.4,460740,2259503928.6,48556
2026-07-09,INE813H01021,TORNTPOWER,EQ,1401.0,1419.5,1400.0,1414.9,1415.0,1401.0,218756,309169588.5,19684
2026-07-09,INE336X01012,TOTAL,EQ,52.53,58.5,52.5,56.11,56.27,52.53,59304,3315205.52,551
2026-07-09,INE486Y01013,TOUCHWOOD,EQ,67.09,68.88,67.09,67.61,67.61,67.09,1148,77463.78,47
2026-07-09,INE305A01023,TFCILTD,EQ,75.79,76.8,74.5,75.14,75.3,75.34,4224692,319587792.4,9721
2026-07-09,INE413G01022,TPLPLASTEH,EQ,81.0,83.0,80.35,82.53,83.0,79.99,110589,9097961.89,1373
2026-07-09,INE0HMF01019,TRACXN,EQ,29.63,30.15,29.41,29.8,29.8,29.74,107166,3192886.21,4824
2026-07-09,INE763I01026,TARIL,EQ,322.35,339.8,322.35,334.8,335.9,322.3,2202359,732587326.45,28477
2026-07-09,INE0O3901029,TREL,EQ,25.78,26.0,24.81,25.4,25.5,25.08,52105,1314600.88,700
2026-07-09,INE687A01016,TRANSPEK,EQ,1000.0,1007.6,991.0,992.15,992.0,1007.6,1800,1791833.85,154
2026-07-09,INE688A01022,TCI,EQ,932.05,941.85,921.1,926.95,925.7,931.45,26720,24865929.75,2139
2026-07-09,INE454P01035,TRANSRAILL,EQ,489.0,512.5,488.0,505.55,506.8,487.3,406356,204950757.9,10438
2026-07-09,INE0NVI01020,TRANSTEEL,SM,127.5,127.5,123.1,125.0,125.0,122.5,11000,1365500.0,8
2026-07-09,INE804H01012,TFL,EQ,11.99,11.99,11.55,11.56,11.55,11.55,7960,92174.79,39
2026-07-09,INE757B01015,TRANSWORLD,BE,158.99,158.99,154.25,155.93,155.3,156.23,11981,1865629.79,138
2026-07-09,INE103V01028,TRAVELFOOD,EQ,1285.0,1339.0,1285.0,1315.0,1326.0,1297.2,14900,19610632.6,2340
2026-07-09,INE040M01013,TREEHOUSE,EQ,6.35,6.76,6.22,6.61,6.65,6.35,12263,80804.15,79
2026-07-09,INE00CA01015,TREJHARA,EQ,128.4,137.0,128.4,134.7,134.5,130.83,7575,1024257.95,283
2026-07-09,INE849A01020,TRENT,EQ,2945.0,2963.2,2895.5,2904.1,2904.0,2924.0,1547534,4522485544.5,90740
2026-07-09,INE391D01019,TRF,EQ,228.02,234.7,225.75,233.19,232.5,226.07,25776,5983485.44,863
2026-07-09,INE760L01018,TBZ,EQ,203.82,242.04,203.28,231.55,235.2,201.7,14601407,3366772849.67,132900
2026-07-09,INE064C01022,TRIDENT,EQ,25.14,25.78,25.11,25.36,25.38,25.14,3742270,95492678.47,12921
2026-07-09,INE0QD201012,TECHLABS,ST,139.2,139.2,139.2,139.2,139.2,132.6,3125,435000.0,16
2026-07-09,INE948A01012,TRIGYN,EQ,51.43,53.1,49.61,50.99,50.75,50.29,15832,808902.06,824
2026-07-09,INE256C01024,TRIVENI,EQ,453.35,462.65,449.8,455.05,455.0,449.1,194017,88858981.55,7384
2026-07-09,INE152M01016,TRITURBINE,EQ,613.95,624.5,609.3,612.0,612.0,613.1,807731,496930211.75,32114
2026-07-09,INE0SYV01018,TROM,ST,68.4,68.8,68.35,68.8,68.8,65.55,6600,451830.0,10
2026-07-09,INE0MWH01014,TRUALT,EQ,449.95,452.95,441.1,446.65,444.0,442.75,146867,65648009.1,7718
2026-07-09,INE615R01029,TRU,EQ,5.68,5.68,5.41,5.5,5.51,5.51,38855,214307.25,123
2026-07-09,INE0SWN01019,TRUST,SM,30.3,30.9,28.65,28.65,28.65,30.0,3600,107250.0,6
2026-07-09,INE16VK01010,TSC,SM,32.4,32.4,26.55,27.3,27.3,27.5,22000,629900.0,11
2026-07-09,INE202Z01029,TSFINV,EQ,462.45,482.95,462.45,473.9,473.1,466.65,127293,60506036.3,7523
2026-07-09,INE1C3207065,935TSI30,N0,103695.0,103906.16,103695.0,103906.16,103906.16,103000.0,101,10494311.0,2
2026-07-09,INE1C3207040,935TSI31,N0,104606.16,104606.16,104606.16,104606.16,104606.16,104444.0,19,1987517.04,1
2026-07-09,INE1C3207081,935TSIIC28,N0,102500.0,102500.0,102300.0,102300.0,102300.0,102500.0,6,614000.0,2
2026-07-09,INE910C01018,TTKHLTCARE,EQ,913.3,929.95,907.0,919.05,920.0,913.3,4156,3808012.05,239
2026-07-09,INE690A01028,TTKPRESTIG,EQ,611.0,641.1,611.0,626.7,630.85,612.05,62256,39217777.75,4995
2026-07-09,INE974X01010,TIINDIA,EQ,2930.1,2952.0,2900.0,2916.2,2918.1,2899.4,68996,201407670.3,12231
2026-07-09,INE0OXV01027,TUNWAL,SM,26.75,26.75,25.85,26.0,25.85,26.35,166000,4350700.0,71
2026-07-09,INE0OC301013,TURTLEMINT,EQ,129.29,132.95,129.02,129.89,129.05,129.06,819017,107337800.61,34780
2026-07-09,INE038F01029,TVTODAY,EQ,122.93,125.78,122.0,122.92,123.0,122.93,19224,2369627.71,659
2026-07-09,INE871L01013,TVVISION,EQ,5.24,5.39,5.01,5.07,5.2,5.24,10101,52527.35,42
2026-07-09,INE236G01019,TVSELECT,EQ,485.95,535.0,483.7,517.5,519.0,479.55,792703,414640624.05,23527
2026-07-09,INE105A01035,TVSHLTD,EQ,13972.0,14129.0,13801.0,13954.0,13989.0,13972.0,2195,30757558.0,1127
2026-07-09,INE494B01023,TVSMOTOR,EQ,3657.0,3698.9,3617.5,3626.1,3630.0,3639.7,511357,1865200769.8,46313
2026-07-09,INE494B04019,TVSMNCRPS,P1,10.35,10.45,10.35,10.4,10.4,10.35,1025387,10663249.2,1376
2026-07-09,INE421C01016,TVSSRICHAK,EQ,4108.0,4174.9,4084.0,4143.7,4124.0,4108.3,1934,7998313.7,697
2026-07-09,INE395N01027,TVSSCS,EQ,135.38,142.9,135.38,141.37,142.4,134.87,1179949,165962963.86,12589
2026-07-09,INE388G01026,TICL,EQ,11.17,11.17,11.17,11.17,11.17,11.75,159965,1786809.05,227
2026-07-09,INE152C01025,UYFINCORP,EQ,15.65,15.84,15.62,15.67,15.65,15.63,104817,1643833.28,162
2026-07-09,INE139B01016,UCAL,EQ,110.4,117.5,110.4,114.19,113.68,110.33,11117,1277875.46,295
2026-07-09,INE583D07604,1015UCL27,NF,1000.0,1000.0,993.5,999.0,999.0,1005.0,85,84879.5,7
2026-07-09,INE583D07596,1050UCL28,NH,1015.0,1015.1,1015.0,1015.01,1015.0,1020.0,170,172551.0,6
2026-07-09,INE691A01018,UCOBANK,EQ,26.4,26.47,26.0,26.05,26.11,26.11,3410956,89120535.56,13343
2026-07-09,INE0N0Y01013,USK,EQ,22.12,23.1,22.12,22.59,22.6,22.51,7153,160835.88,119
2026-07-09,INE516A01017,UFLEX,EQ,430.45,437.5,428.5,434.2,435.0,428.15,20065,8697320.25,791
2026-07-09,INE527H01019,UFO,EQ,70.39,70.6,69.01,69.87,70.5,69.19,30502,2131806.74,662
2026-07-09,INE583D01011,UGROCAP,EQ,93.67,98.0,93.67,94.69,95.0,93.53,116922,11102839.04,1741
2026-07-09,INE899L01030,UEL,EQ,127.15,133.0,123.0,126.49,126.12,127.94,13368,1705092.13,708
2026-07-09,INE551W01018,UJJIVANSFB,EQ,59.7,63.34,59.42,62.58,63.08,59.63,26482085,1652275567.67,73368
2026-07-09,INE00F301010,UWCSL,SM,101.9,101.9,101.9,101.9,101.9,101.75,1000,101900.0,1
2026-07-09,INE405A01021,ULTRAMAR,EQ,381.55,389.7,380.0,388.8,389.7,381.0,14318,5542351.65,2097
2026-07-09,INE481G01011,ULTRACEMCO,EQ,11358.0,11610.0,11358.0,11524.0,11563.0,11353.0,161622,1860164015.0,25548
2026-07-09,INE067901012,UMA,SM,18.0,18.0,18.0,18.0,18.0,17.15,4000,72000.0,1
2026-07-09,INE0GIU01018,UMAEXPORTS,BE,20.6,21.28,20.6,21.01,21.24,21.02,12338,259804.92,122
2026-07-09,INE398B01018,UMIYA-MRO,EQ,92.99,93.9,90.0,90.38,91.0,89.95,29513,2693555.24,525
2026-07-09,INE033L08270,TCHF30,NB,1090.0,1090.0,1089.0,1089.75,1089.0,1144.75,4,4359.0,3
2026-07-09,INE351A01035,UNICHEMLAB,EQ,610.15,687.2,574.0,650.6,655.0,572.7,9638575,6231761405.15,180776
2026-07-09,INE00U401027,UNIECOM,EQ,86.4,89.25,86.4,87.6,87.11,87.09,349285,30747925.68,3209
2026-07-09,INE0PRF01011,UNIHEALTH,ST,747.9,747.9,711.2,716.5,715.0,720.0,13500,9813400.0,26
2026-07-09,INE481Z01011,UNIINFO,BE,11.63,12.25,11.63,12.2,12.2,11.87,1703,20702.45,16
2026-07-09,INE0B2801011,UNILEX,SM,26.5,26.5,26.5,26.5,26.5,27.35,1600,42400.0,1
2026-07-09,INE0U3I01011,UNIMECH,EQ,1174.9,1228.0,1164.1,1212.4,1218.6,1163.9,190471,229159069.0,12785
2026-07-09,INE692A01016,UNIONBANK,EQ,154.74,158.1,154.45,157.26,157.8,154.39,13873876,2178121607.57,53416
2026-07-09,INF582M01KS4,UNIONGOLD,EQ,139.45,140.75,138.7,140.0,139.9,138.75,1866,259987.65,62
2026-07-09,INE244O01017,UNIPARTS,EQ,645.0,688.3,641.05,680.45,682.95,641.8,226198,153270120.75,9559
2026-07-09,INE037A01022,UNIENTER,EQ,107.9,108.0,104.81,107.79,108.0,105.5,11485,1236341.28,108
2026-07-09,INE694A01020,UNITECH,EQ,4.6,4.66,4.57,4.6,4.65,4.65,2211955,10204794.73,1834
2026-07-09,INE686F01025,UBL,EQ,1325.2,1339.9,1325.2,1328.2,1328.5,1325.2,56425,75093961.3,4929
2026-07-09,INE961D01019,UNIDT,BE,234.0,234.1,222.2,228.84,229.98,231.61,5894,1344439.06,145
2026-07-09,INE382M01027,UFBL,EQ,695.85,727.0,693.05,727.0,727.0,692.4,53811,38903995.95,1557
2026-07-09,INE0SMR01011,UHTL,ST,109.3,109.3,109.3,109.3,109.3,111.5,2000,218600.0,1
2026-07-09,INE458F01011,UNITEDTEA,EQ,471.25,479.9,471.25,478.05,478.0,471.25,804,381780.55,84
2026-07-09,INE368U01029,UNITEDPOLY,BE,30.48,31.48,29.6,30.89,31.09,30.79,10935,335678.23,122
2026-07-09,INE854D01024,UNITDSPR,EQ,1409.0,1420.0,1378.4,1381.2,1381.5,1408.8,621336,866331316.2,25654
2026-07-09,INE562X01013,UNIVASTU,BE,92.56,95.7,90.01,94.92,95.7,92.56,61231,5762090.32,279
2026-07-09,INE279A01012,UNIVCABLES,EQ,1090.0,1125.0,1090.0,1104.0,1110.9,1081.3,68895,76516186.8,4967
2026-07-09,INE03V001013,UNIVPHOTO,BE,355.05,367.0,355.05,356.45,355.5,353.2,87,31634.35,11
2026-07-09,INE405E01023,UNOMINDA,EQ,1138.0,1169.0,1137.5,1154.5,1157.0,1131.9,1045399,1209325934.4,33191
2026-07-09,INE530B08094,10IIFL28A,NE,1029.0,1029.0,1029.0,1029.0,1029.0,1030.0,120,123480.0,2
2026-07-09,INE530B08102,96IIFL28A,NF,1003.0,1003.0,1002.1,1002.78,1002.95,1002.62,1969,1974757.65,23
2026-07-09,INE477L08147,10IIFL28,N4,1080.0,1080.0,1079.01,1079.01,1079.01,1080.0,712,768958.02,2
2026-07-09,INE477L08154,96IIFL28,N5,1000.02,1000.75,999.2,1000.57,999.55,1000.01,1037,1036729.0,21
2026-07-09,INE866I08279,10IIFL29,N6,995.0,1016.0,995.0,1013.0,1013.0,1001.75,221,223945.0,4
2026-07-09,INE866I08295,105IIFL29,N7,1090.0,1090.0,1090.0,1090.0,1090.0,1081.62,48,52320.0,2
2026-07-09,INE306N08342,885TCAPS29,NC,1080.11,1080.35,1080.11,1080.35,1080.35,1080.0,38,41046.58,3
2026-07-09,INE306N08292,910TCAP28,,1130.0,1130.0,1100.98,1113.7,1113.7,1115.0,1239,1368399.17,9
2026-07-09,INE851I01011,UDS,EQ,186.8,201.38,186.74,197.05,196.5,186.8,912658,179739221.81,9376
2026-07-09,INE628A01036,UPL,EQ,580.0,588.0,579.0,581.85,584.1,581.7,4537195,2648914701.3,35110
2026-07-09,INE568Z01015,URAVIDEF,BE,116.66,122.8,115.05,117.89,118.0,117.24,57795,6822611.2,191
2026-07-09,INE0CAZ01013,URBANCO,EQ,133.0,138.5,133.0,136.97,137.11,132.82,1894247,259243144.02,20821
2026-07-09,INE0O0201019,URBAN,SM,126.6,128.5,124.6,125.75,126.65,125.5,13600,1718160.0,17
2026-07-09,INE550C01020,URJA,EQ,9.42,9.62,9.41,9.46,9.5,9.39,569681,5397657.88,2111
2026-07-09,INE0LS001014,USHAFIN,SM,34.0,34.0,34.0,34.0,34.0,33.15,17600,598400.0,6
2026-07-09,INE240C01028,UMESLTD,EQ,5.6,5.85,5.5,5.84,5.84,5.58,28352,164571.8,73
2026-07-09,INE228A01035,USHAMART,EQ,490.95,507.95,490.05,502.2,503.0,489.65,248655,124721681.3,10794
2026-07-09,INE094J01016,UTIAMC,EQ,985.0,990.0,975.05,984.1,986.5,971.5,246713,242726037.7,8269
2026-07-09,INF789F1AUV1,BANKBETA,EQ,57.96,59.69,57.96,59.04,59.16,59.45,3010345,177856311.36,1687
2026-07-09,INF789F1AZF3,GILT10BETA,EQ,26.86,26.86,26.34,26.78,26.78,27.05,729,19515.19,18
2026-07-09,INF789F1AZE6,GILT5BETA,EQ,66.67,66.67,65.5,66.64,66.64,66.79,685,45156.94,8
2026-07-09,INF789F1AZD8,ITBETA,EQ,286.46,290.67,284.62,288.55,288.55,289.95,359,103454.01,30
2026-07-09,INF789F1AYX9,MIDCAPBETA,EQ,228.88,231.69,228.88,230.99,230.99,227.68,2841,655097.73,29
2026-07-09,INF789F1AUW9,NEXT50BETA,EQ,76.9,77.35,76.58,77.02,77.22,76.54,233701,17984383.69,508
2026-07-09,INF789F1AZC0,NIFTYBETA,EQ,263.0,267.55,263.0,265.26,265.43,264.85,400830,106576355.32,526
2026-07-09,INF789FB1X58,SENSEXBETA,EQ,852.5,855.33,846.56,848.07,847.66,847.67,1853,1578295.67,161
2026-07-09,INF789F1AYK6,SILVERBETA,EQ,209.75,217.5,209.41,215.14,215.0,212.24,758591,162707969.57,5351
2026-07-09,INF789F1AUU3,SNXT50BETA,EQ,92.03,93.4,92.03,93.2,93.2,92.03,307,28558.41,71
2026-07-09,INF789F1AUX7,GOLDBETA,EQ,118.3,121.0,118.3,120.5,121.0,119.15,276851,33253515.7,2010
2026-07-09,INE1V1R01014,UTKAL,SM,24.95,24.95,24.95,24.95,24.95,26.25,20000,499000.0,10
2026-07-09,INE735W01017,UTKARSHBNK,EQ,14.24,14.29,14.02,14.11,14.15,14.01,2337375,33078750.82,4160
2026-07-09,INE06IJ01010,UTSSAV,ST,420.0,454.55,420.0,454.55,454.55,432.95,44400,19583820.0,60
2026-07-09,INE786F01031,UTTAMSUGAR,EQ,235.0,238.7,232.24,233.09,235.4,232.16,84581,19919555.38,2287
2026-07-09,INE0GXK01018,VMARCIND,SM,271.1,273.95,261.05,263.3,262.05,273.35,276000,73048125.0,183
2026-07-09,INE0QQM01017,VR,SM,100.9,100.9,100.9,100.9,100.9,100.9,400,40360.0,1
2026-07-09,INE951I01027,VGUARD,EQ,302.45,309.45,302.45,306.3,306.4,302.7,122961,37699558.35,4821
2026-07-09,INE0QXL01015,VLINFRA,ST,26.4,26.4,26.4,26.4,26.4,27.5,1500,39600.0,1
2026-07-09,INE945H01021,V2RETAIL,EQ,225.51,230.0,219.34,221.13,221.88,225.51,1081796,242596244.57,18643
2026-07-09,INE956G01038,WABAG,EQ,2090.0,2178.0,2077.4,2117.7,2105.0,2081.4,1169366,2495264577.5,56528
2026-07-09,INE694D01016,VADILALIND,EQ,6284.0,6412.0,6281.5,6355.5,6322.5,6284.0,6089,38806276.0,1544
2026-07-09,INE551Q01028,VSCL,ST,29.0,29.0,28.55,29.0,29.0,30.05,12000,345300.0,4
2026-07-09,INE884A01027,VAIBHAVGBL,EQ,244.88,258.8,244.28,255.78,256.0,242.77,1451024,367767058.0,21757
2026-07-09,INE0JR301013,MADHAVBAUG,SM,177.1,177.1,174.95,175.0,175.0,177.0,18000,3152020.0,23
2026-07-09,INE972X01022,VAISHALI,BE,7.29,7.5,7.1,7.2,7.2,7.24,65663,484371.18,140
2026-07-09,INE051B01021,VAKRANGEE,EQ,6.09,6.15,5.97,6.06,6.12,5.99,1427743,8608877.5,1217
2026-07-09,INE0JWS01017,VALIANTLAB,BE,63.86,64.3,62.0,62.16,63.0,63.86,13893,865672.91,176
2026-07-09,INE565V01010,VALIANTORG,BE,275.55,278.95,272.55,276.15,276.0,275.55,9955,2735163.95,169
2026-07-09,INE879I01012,DBREALTY,BE,109.85,112.0,108.4,111.14,111.4,109.72,137826,15284311.51,831
2026-07-09,INE1E7Y01018,VALUE360,SM,86.0,86.0,83.0,83.95,84.5,84.1,20400,1714980.0,17
2026-07-09,INE116G01013,VARDHACRLC,BE,44.02,44.02,43.1,43.44,43.7,44.02,12968,565811.96,102
2026-07-09,INE701A01023,VHL,EQ,3618.0,3618.0,3479.8,3525.9,3525.0,3575.2,1672,5875303.0,158
2026-07-09,INE835A01029,VARDMNPOLY,EQ,6.79,6.79,6.63,6.74,6.66,6.57,102729,689218.06,285
2026-07-09,INE050M01012,VSSL,EQ,270.75,275.55,268.65,269.8,270.0,269.65,35070,9535603.2,1220
2026-07-09,INE825A01020,VTL,EQ,624.4,641.25,623.05,633.4,635.05,623.95,150924,95664419.45,11423
2026-07-09,INE665L01035,VARROC,EQ,641.75,670.0,641.75,659.4,656.3,636.75,210954,138896330.5,15814
2026-07-09,INE200M01039,VBL,EQ,477.0,484.5,475.9,481.4,481.4,474.55,5558894,2670203061.45,71791
2026-07-09,INE273D01027,VGL,EQ,62.42,64.09,61.5,62.01,62.0,62.42,31167,1954270.48,466
2026-07-09,INE0N5801013,DENTALKART,SM,385.0,395.0,377.35,383.4,384.95,380.0,13000,5016850.0,35
2026-07-09,INE893I01013,VASCONEQ,BE,31.7,32.8,31.52,32.03,32.1,31.87,124366,4011213.77,481
2026-07-09,INE590L01019,VASWANI,EQ,52.85,54.88,52.85,54.1,54.5,53.52,23163,1253193.66,1315
2026-07-09,INE098201036,VCL,EQ,1.25,1.3,1.25,1.27,1.3,1.28,106106,134926.51,147
2026-07-09,INE04HY07336,118VCCL27B,N0,99490.0,99490.0,99490.0,99490.0,99490.0,99764.0,1,99490.0,1
2026-07-09,INE04HY08011,125VCCL31,N0,96500.0,96500.0,96500.0,96500.0,96500.0,96499.9,15,1447500.0,11
2026-07-09,INE0U2M01015,VDEAL,SM,168.0,168.0,162.0,162.0,162.0,161.05,2400,397800.0,4
2026-07-09,INE825V01034,MANYAVAR,EQ,388.35,396.8,386.75,392.55,392.7,387.75,70945,27887917.6,5949
2026-07-09,INE1CDF01017,VAML,EQ,455.1,457.2,442.1,443.8,443.4,451.15,10617451,4754789363.25,134927
2026-07-09,INE1CLE01013,VISL,EQ,34.11,34.64,33.03,33.03,33.03,34.76,241447708,8107874657.08,188326
2026-07-09,INE205A01025,VEDL,EQ,273.25,274.7,270.8,271.35,271.35,272.3,10018324,2727129341.15,89921
2026-07-09,INE704J01044,VOGL,EQ,37.8,39.6,36.68,37.93,38.09,36.52,115141797,4385454434.8,175142
2026-07-09,INE694L01019,VEDPOWER,EQ,41.7,42.03,40.32,41.18,41.3,40.74,36325807,1501039343.19,91129
2026-07-09,INE484C01030,VEEDOL,EQ,1436.6,1453.0,1418.0,1436.4,1450.0,1434.8,11062,15872908.4,1269
2026-07-09,INE0KTW01013,VEEKAYEM,ST,127.1,127.1,127.1,127.1,127.1,133.7,1000,127100.0,2
2026-07-09,INE232E01013,VELJAN,BE,1605.1,1665.0,1605.1,1630.5,1630.0,1655.3,665,1088740.2,53
2026-07-09,INE398A01010,VENKEYS,EQ,1410.0,1429.0,1399.1,1405.1,1411.9,1401.5,17371,24576612.8,1686
2026-07-09,INE781S01027,VENTIVE,EQ,624.95,633.8,616.25,620.55,619.6,613.9,50720,31660677.7,3245
2026-07-09,INE0JA001018,VENUSPIPES,EQ,1755.1,1825.0,1743.8,1803.3,1813.0,1733.1,139285,249899600.9,13333
2026-07-09,INE411B01019,VENUSREM,BE,1717.7,1740.0,1651.0,1702.5,1720.0,1697.7,39018,65729543.0,1841
2026-07-09,INE0IQ001011,VERANDA,EQ,242.21,252.0,241.59,246.58,247.4,242.18,157827,39115613.73,4750
2026-07-09,INE188Y01031,VERTOZ,BE,39.18,39.18,37.6,38.25,38.11,39.18,30146,1169216.58,250
2026-07-09,INE386A01023,VESUVIUS,EQ,458.25,473.0,458.2,463.75,463.5,456.85,74802,34986306.65,3145
2026-07-09,INE918N01018,VETO,BE,119.9,123.0,116.55,121.26,121.0,119.9,15588,1888639.12,173
2026-07-09,INE0QTF01015,VSTL,EQ,111.0,113.88,111.0,113.26,113.85,111.28,5547,623993.86,308
2026-07-09,INE048C01025,VHLTD,BE,130.0,130.0,126.15,128.39,128.9,126.07,18655,2394755.79,42
2026-07-09,INE0F8901022,VICTORYEV,ST,16.45,16.8,16.3,16.8,16.8,16.45,18000,297750.0,6
2026-07-09,INE632C01026,VIDHIING,EQ,303.2,309.95,290.6,292.8,290.6,300.05,18917,5673746.1,903
2026-07-09,INE14UN01029,VIDYAWIRES,EQ,94.9,97.5,94.9,96.92,97.45,94.23,757892,72885321.28,6705
2026-07-09,INE1DM601016,VIGOR,ST,103.8,103.8,98.0,101.5,101.5,99.35,17600,1770640.0,10
2026-07-09,INE043W01024,VIJAYA,EQ,1326.0,1395.8,1324.8,1377.8,1379.4,1326.0,249185,340931132.3,15888
2026-07-09,INE159N01027,VIJIFIN,BE,7.5,7.5,7.5,7.5,7.5,7.36,53306,399795.0,54
2026-07-09,INE806A01020,VIKASECO,EQ,1.19,1.22,1.18,1.19,1.2,1.19,1219316,1459603.14,880
2026-07-09,INE161L01027,VIKASLIFE,EQ,1.42,1.45,1.4,1.4,1.41,1.42,2215773,3139441.4,9337
2026-07-09,INE078V01014,VIKRAMSOLR,EQ,185.0,194.49,184.69,193.26,194.05,183.69,5920948,1131387741.4,53746
2026-07-09,INE01R501028,VIKRAN,EQ,72.84,75.2,72.84,73.47,73.61,72.65,2054684,152217781.75,10182
2026-07-09,INE0AZY01017,VILAS,SM,380.0,389.9,376.0,385.0,382.5,375.25,11750,4512062.5,37
2026-07-09,INE0L4V01013,VILINBIO,ST,46.0,46.0,46.0,46.0,46.0,45.4,8000,368000.0,2
2026-07-09,INE579C01029,VIMTALABS,EQ,537.95,575.0,533.3,558.9,560.0,537.95,247411,139741757.9,11516
2026-07-09,INE410B01037,VINATIORGA,EQ,1306.9,1325.0,1306.0,1313.7,1320.0,1307.0,139493,182940824.2,7091
2026-07-09,INE707A01012,VINDHYATEL,EQ,1895.0,1985.8,1895.0,1960.6,1954.9,1894.2,24477,47852796.9,3978
2026-07-09,INE505Y01010,VINEETLAB,BE,32.71,33.5,32.51,32.66,33.39,32.82,15585,510877.72,119
2026-07-09,INE27V201011,VMOBILE,ST,132.95,132.95,132.95,132.95,132.95,139.9,1600,212720.0,2
2026-07-09,INE01KI01027,VINNY,EQ,1.08,1.08,1.05,1.07,1.06,1.06,224828,238788.2,135
2026-07-09,INE0OSJ01014,VINSYS,ST,490.05,500.0,489.0,498.0,498.0,489.5,22750,11362475.0,17
2026-07-09,INE498Q01014,VINCOFE,EQ,154.93,164.0,154.27,163.15,163.65,154.93,3537498,567745582.96,28593
2026-07-09,INE0OLS01010,VINYAS,SM,1433.9,1445.0,1402.0,1410.55,1403.0,1404.65,3800,5392230.0,37
2026-07-09,INE250B01029,VINYLINDIA,EQ,251.9,259.45,251.8,257.0,257.9,252.1,9386,2409831.5,407
2026-07-09,INE450G01024,VIPCLOTHNG,BE,24.25,24.25,23.7,23.93,23.93,23.91,12566,301640.77,68
2026-07-09,INE054A01027,VIPIND,EQ,299.0,305.45,299.0,303.15,302.0,300.3,190538,57814611.75,3789
2026-07-09,INE946H01037,VIPULLTD,BE,15.02,16.25,15.0,16.24,16.24,15.48,1374835,22108103.8,1502
2026-07-09,INE539B01017,VIRINCHI,EQ,15.65,15.94,15.07,15.5,15.4,15.42,76791,1181026.13,271
2026-07-09,INE0VRH01015,VGINFOTECH,SM,141.0,141.0,137.25,140.5,140.25,138.5,23000,3209000.0,21
2026-07-09,INE0I0T01010,VOEPL,EQ,450.7,465.0,434.45,437.5,438.0,449.05,53712,23906483.45,2568
2026-07-09,INE286H01012,VISACHROME,BE,39.1,40.2,39.1,39.82,39.75,39.1,13291,528435.03,72
2026-07-09,INE370E01029,VIVIDHA,EQ,0.51,0.56,0.51,0.52,0.53,0.51,395320,210546.89,161
2026-07-09,INE392A01021,VISAKAIND,EQ,79.0,80.2,77.06,77.65,77.58,77.5,282399,22160075.57,2283
2026-07-09,INE01EA01019,VMM,EQ,116.29,117.49,116.29,116.69,116.8,115.91,2370680,277239079.87,17707
2026-07-09,INE270I01022,VISHNU,EQ,588.0,604.75,588.0,601.1,598.5,586.6,52024,31179663.8,2439
2026-07-09,INE0AE001013,VPRPL,BE,27.29,27.29,26.9,26.9,26.9,27.44,146612,3949883.52,484
2026-07-09,INE430N01022,VISHWARAJ,EQ,5.55,5.55,5.35,5.43,5.45,5.48,278042,1515587.24,444
2026-07-09,INE0TR001017,VIESL,SM,307.05,314.0,306.0,311.15,307.0,306.5,28800,8876360.0,25
2026-07-09,INE0L4K01016,VITAL,BE,56.7,56.7,56.0,56.0,56.0,54.0,3665,206785.34,22
2026-07-09,INE0MEG01014,VIVIANA,BE,775.45,792.0,749.0,777.1,770.0,765.05,26560,20600082.3,645
2026-07-09,INE24H301028,VIVIDEL,ST,1173.05,1224.3,1150.0,1172.9,1168.0,1166.0,17280,20511444.0,64
2026-07-09,INE526G01021,VIVIMEDLAB,BE,5.41,5.59,5.31,5.41,5.55,5.4,53022,285768.05,79
2026-07-09,INE807F01027,VIYASH,EQ,274.55,284.0,272.55,281.05,282.0,270.6,1421093,398848380.25,24487
2026-07-09,INE03HW01020,VLEGOV,BE,10.28,10.62,10.06,10.61,10.62,10.12,151950,1591943.24,427
2026-07-09,INE709A01018,VLSFINANCE,EQ,250.1,254.85,250.1,253.35,253.7,252.05,12590,3184097.15,1007
2026-07-09,INE665J01013,VMART,EQ,781.55,791.7,777.0,779.6,779.4,784.95,93665,73270187.4,7764
2026-07-09,INE0SJA01013,VMSTMT,BE,48.0,48.0,45.5,46.76,46.8,46.55,13002,606583.28,133
2026-07-09,INE669E01016,IDEA,EQ,13.99,14.15,13.97,14.04,14.06,13.93,198912712,2798398267.06,429539
2026-07-09,INE241X01014,VOLERCAR,SM,223.0,226.0,223.0,226.0,226.0,220.0,1600,359200.0,2
2026-07-09,INE540H01012,VOLTAMP,EQ,9489.0,9600.0,9431.0,9567.0,9582.0,9390.0,10179,97208461.0,3853
2026-07-09,INE226A01021,VOLTAS,EQ,1254.1,1276.6,1254.0,1269.4,1269.6,1253.6,1077385,1364798347.0,27755
2026-07-09,INE0S2V01010,VRAJ,EQ,112.53,113.72,112.0,113.14,113.01,112.53,7809,883327.05,226
2026-07-09,INE366I01010,VRLLOG,EQ,231.5,234.0,229.0,229.95,230.0,231.41,84200,19418500.72,3521
2026-07-09,INE710A01016,VSTIND,EQ,267.5,269.0,263.2,264.9,265.3,265.65,988260,263308952.5,11282
2026-07-09,INE764D01017,VSTTILLERS,EQ,4411.0,4588.0,4411.0,4567.2,4579.0,4432.9,4697,21270019.4,1597
2026-07-09,INE765D01022,WPIL,EQ,473.9,484.3,471.0,476.55,483.0,468.75,22650,10824896.1,1774
2026-07-09,INE100D01014,WSI,EQ,63.0,64.0,59.3,63.68,63.85,62.61,75403,4668266.68,898
2026-07-09,INE377N01017,WAAREEENER,EQ,2840.0,2889.0,2834.1,2863.4,2868.0,2823.3,471314,1351622438.5,27432
2026-07-09,INE299N01021,WAAREERTL,EQ,979.0,1003.6,978.0,989.6,994.0,977.9,159926,158715345.5,9648
2026-07-09,INE0E7301029,WAKEFIT,EQ,121.89,126.14,121.42,125.18,125.45,121.89,516655,64517600.02,6850
2026-07-09,INE711A01022,WALCHANNAG,EQ,233.0,252.6,233.0,248.15,250.0,231.2,3188067,784584924.3,36846
2026-07-09,INE0G2G01015,WALPAR,SM,34.5,34.9,34.5,34.9,34.9,33.6,4000,138800.0,2
2026-07-09,INE107F01022,WANBURY,EQ,271.5,286.35,271.35,283.9,285.0,270.85,185438,52268525.75,5530
2026-07-09,INE0LZF01013,CORDELIA,EQ,827.05,903.65,818.65,858.25,867.0,821.5,2222732,1934956513.4,53207
2026-07-09,INE0A3007065,1075WCA28,N0,9995.0,9995.0,9995.0,9995.0,9995.0,9832.12,1,9995.0,1
2026-07-09,INE082W01014,WEWIN,BE,46.99,47.95,46.95,47.49,47.49,45.68,1451,68342.02,15
2026-07-09,INF2F0001370,TWCGOLDETF,EQ,141.41,143.22,141.41,142.93,142.85,141.41,2305,329110.38,110
2026-07-09,INE658T01017,WEALTH,EQ,969.3,984.0,952.0,961.75,977.0,954.5,1165,1130164.8,149
2026-07-09,INE855C01023,WEBELSOLAR,EQ,98.07,101.95,97.66,100.44,100.79,97.21,2212740,222319914.44,9932
2026-07-09,INE080A01014,WEIZMANIND,EQ,79.9,79.9,77.1,79.32,79.38,77.92,1737,136243.2,73
2026-07-09,INE191B01025,WELCORP,EQ,1525.0,1618.7,1525.0,1601.9,1595.0,1529.2,2887131,4614207962.3,85392
2026-07-09,INE625G01013,WELENT,EQ,608.95,619.0,601.0,614.0,617.95,600.9,208726,127883978.8,6582
2026-07-09,INE389K01018,WELINV,BE,1796.9,1801.1,1796.0,1800.0,1800.0,1796.9,272,489220.4,24
2026-07-09,INE192B01031,WELSPUNLIV,EQ,163.0,169.95,163.0,166.53,167.17,162.93,1329201,222827832.04,16302
2026-07-09,INE731F01037,WELSPLSOL,EQ,51.0,53.0,50.48,52.31,52.61,50.95,657460,34105322.02,2972
2026-07-09,INE274C01019,WENDT,EQ,7700.0,7823.5,7668.5,7706.5,7722.0,7664.5,3249,25141016.0,1013
2026-07-09,INE976A01021,WSTCSTPAPR,EQ,541.95,552.25,535.0,547.45,547.9,541.95,185292,100846337.0,8426
2026-07-09,INE0CJF01024,WCIL,EQ,94.9,96.27,93.45,94.73,95.89,94.08,103212,9796789.08,1000
2026-07-09,INE274F01020,WESTLIFE,EQ,503.7,509.9,495.05,497.5,496.0,503.7,27769,13897150.3,2786
2026-07-09,INE085001019,WEWORK,EQ,714.1,736.25,712.05,719.15,726.0,714.1,989274,714334603.9,27197
2026-07-09,INE715A01015,WHEELS,EQ,1452.8,1476.4,1427.0,1445.3,1449.0,1434.6,111504,161870032.5,10185
2026-07-09,INE716A01013,WHIRLPOOL,EQ,783.0,794.35,781.65,792.1,794.0,780.2,79735,62977113.35,5870
2026-07-09,INE210A01017,WILLAMAGOR,EQ,25.4,27.3,25.4,26.45,26.5,26.34,3356,87149.75,51
2026-07-09,INE0H5O01029,WINDLAS,EQ,831.0,842.4,823.0,825.9,828.0,827.7,47726,39656704.2,2879
2026-07-09,INE052A01021,WINDMACHIN,EQ,308.95,323.0,304.0,316.4,315.0,306.8,77744,24418620.75,1590
2026-07-09,INE0S9101013,WINNY,SM,39.2,39.2,39.2,39.2,39.2,41.25,500,19600.0,1
2026-07-09,INE0S3D01016,WINSOL,SM,121.5,124.0,121.5,122.0,122.0,121.5,2400,294380.0,5
2026-07-09,INE784B01035,WINSOME,BZ,2.13,2.13,2.13,2.13,2.13,2.17,227,483.51,1
2026-07-09,INE075A01022,WIPRO,EQ,173.0,174.29,171.65,172.76,172.94,172.72,10270117,1778706092.51,92179
2026-07-09,INE623Y01011,WTICAB,SM,123.5,126.0,119.0,119.4,120.25,119.45,28000,3437650.0,33
2026-07-09,INE049B01025,WOCKPHARMA,EQ,1830.0,1873.9,1822.0,1831.3,1834.7,1824.5,538924,992516081.1,27243
2026-07-09,INE0OO201011,WOL3D,ST,123.6,123.6,123.5,123.5,123.5,123.5,15000,1853800.0,15
2026-07-09,INE0Q9601016,WOMANCART,SM,106.0,107.0,102.0,106.65,107.0,105.65,25600,2683200.0,54
2026-07-09,INE02WG01024,WEL,EQ,102.18,103.36,101.25,102.2,102.2,102.04,60545,6185393.64,721
2026-07-09,INE066O01014,WONDERLA,EQ,467.0,475.0,463.8,469.1,471.25,464.7,61566,28874604.5,3525
2026-07-09,INE196Y01018,WORTHPERI,EQ,133.68,136.5,131.5,135.05,136.0,133.68,15105,2032517.23,55
2026-07-09,INE692G01013,XCHANGING,EQ,62.9,63.1,61.64,62.48,62.6,61.62,47593,2975162.35,1020
2026-07-09,INE01P501012,XELPMOC,EQ,87.49,87.49,83.51,83.62,83.52,84.51,9057,764540.13,190
2026-07-09,INE445C01015,XPROINDIA,EQ,1446.0,1470.0,1430.5,1435.2,1440.0,1433.5,26201,37906176.7,3135
2026-07-09,INE547B01028,XTGLOBAL,EQ,28.99,29.25,27.8,28.32,28.0,28.98,76493,2188733.82,346
2026-07-09,INE0U0J01015,YAAP,ST,159.6,159.6,159.6,159.6,159.6,168.0,6000,957600.0,6
2026-07-09,INE0TO601017,YASHOPTICS,SM,118.0,119.0,118.0,118.25,119.0,117.05,6400,756040.0,8
2026-07-09,INE616Z01012,YASHO,EQ,2928.7,3059.3,2912.1,3005.0,3018.0,2914.1,23323,69679912.5,3487
2026-07-09,INE08S201019,YCCL,SM,10.45,10.9,10.1,10.85,10.85,9.25,30000,319050.0,10
2026-07-09,INE0JO301016,YATHARTH,EQ,812.5,827.9,805.6,820.9,824.0,804.55,199074,163494749.05,10258
2026-07-09,INE0JR601024,YATRA,EQ,108.3,114.42,108.3,112.67,112.3,108.66,1958363,220775372.35,18934
2026-07-09,INE528G01035,YESBANK,EQ,23.42,23.8,23.42,23.64,23.67,23.42,52193951,1234613490.44,73211
2026-07-09,INE09FA01019,YUDIZ,SM,24.35,24.35,24.35,24.35,24.35,25.6,800,19480.0,1
2026-07-09,INE384C01016,YUKEN,EQ,764.85,764.85,750.1,751.55,750.1,757.25,4983,3749597.4,252
2026-07-09,INE116C01012,ZFSTEERING,EQ,653.15,666.0,653.05,663.45,661.75,653.5,1114,739129.8,157
2026-07-09,INE0ISZ01012,ZTECH,SM,591.2,605.95,590.1,594.0,594.0,590.55,11100,6619635.0,32
2026-07-09,INE07K301024,ZAGGLE,EQ,202.0,206.9,200.5,205.06,204.9,201.69,472811,96956139.7,6245
2026-07-09,INE0PPS01018,ZEAL,SM,67.0,67.0,67.0,67.0,67.0,66.6,600,40200.0,1
2026-07-09,INE256A01028,ZEEL,EQ,99.8,101.39,98.44,99.79,99.85,99.56,16333504,1631769250.87,52714
2026-07-09,INE565L01011,ZEELEARN,BE,8.8,9.1,8.7,9.0,9.05,8.89,334716,3001161.12,546
2026-07-09,INE966H01019,ZEEMEDIA,EQ,8.34,8.74,8.18,8.41,8.44,8.19,1307723,11111007.72,1693
2026-07-09,INE251B01027,ZENTEC,EQ,1819.2,1838.9,1785.0,1813.0,1816.0,1818.6,510602,927051317.6,29030
2026-07-09,INE0QWN01013,ZENITHDRUG,SM,47.2,50.85,47.2,49.7,50.6,49.65,6400,316320.0,8
2026-07-09,INE058B01018,ZENITHEXPO,EQ,199.4,199.4,195.0,197.0,195.0,191.45,93,18538.6,5
2026-07-09,INE318D01020,ZENITHSTL,EQ,5.51,5.65,5.41,5.55,5.54,5.4,47308,261565.79,133
2026-07-09,INE520A01027,ZENSARTECH,EQ,454.35,454.35,442.55,447.4,449.6,451.1,1439063,643994865.75,29769
2026-07-09,INF0R8F01042,GOLDCASE,EQ,22.83,22.83,22.27,22.51,22.5,22.28,14991061,336490510.53,10824
2026-07-09,INF0R8F01034,LIQUIDCASE,EQ,114.9,114.92,114.9,114.91,114.92,114.89,13656640,1569325640.71,19566
2026-07-09,INF0R8F01133,LTGILTCASE,EQ,30.6,30.6,30.35,30.52,30.59,30.43,131957,4022086.01,334
2026-07-09,INF0R8F01059,MID150CASE,EQ,11.65,11.65,11.34,11.45,11.48,11.33,934891,10722131.62,3114
2026-07-09,INF0R8F01166,NIFTYCASE,EQ,9.8,9.8,9.58,9.59,9.62,9.57,488533,4698611.22,1329
2026-07-09,INF0R8F01091,SILVERCASE,EQ,22.7,22.7,21.99,22.55,22.56,22.25,12334753,276183113.85,8037
2026-07-09,INF0R8F01141,SML100CASE,EQ,10.97,10.97,10.51,10.84,10.88,10.65,1545610,16738516.28,1203
2026-07-09,INF0R8F01067,TOP100CASE,EQ,10.55,10.55,10.45,10.47,10.54,10.45,516975,5426141.38,1053
2026-07-09,INE342J01019,ZFCVINDIA,EQ,2370.0,2372.0,2302.3,2311.6,2315.0,2343.7,116124,269402275.0,13813
2026-07-09,INE518E01015,ZIMLAB,BE,115.93,115.93,115.93,115.93,115.93,118.29,9043,1048354.99,26
2026-07-09,INE206B01013,ZODIACLOTH,EQ,77.1,79.2,74.92,77.23,78.85,76.72,3653,283569.52,177
2026-07-09,INE761Y01019,ZODIAC,BE,266.95,269.5,265.0,266.4,268.0,267.35,3905,1044509.6,152
2026-07-09,INE358U01012,ZOTA,EQ,1426.7,1456.9,1411.0,1417.8,1412.0,1412.7,60330,86160927.0,3718
2026-07-09,INE840M01016,ZUARI,EQ,231.0,235.98,230.21,231.18,231.6,230.57,117142,27317088.56,2427
2026-07-09,INE217A01012,ZUARIIND,EQ,258.4,268.0,258.4,265.7,265.95,259.95,24490,6472130.1,982
2026-07-09,INE010B01027,ZYDUSLIFE,EQ,1148.0,1171.3,1144.9,1159.0,1159.5,1148.0,986789,1144209121.8,47564
2026-07-09,INE768C01028,ZYDUSWELL,EQ,560.0,574.7,559.0,571.5,574.0,559.9,398231,226098713.9,16297
