trade_date,isin,symbol,series,open,high,low,close,last_price,prev_close,volume,turnover,trades
2026-04-01,IN0020200104,SGBJUN28,GB,13625.02,14299.99,13625.02,14295.48,14285.0,13617.6,404,5739643.43,67
2026-04-01,IN0020200286,SGBN28VIII,GB,13906.06,14400.0,13550.0,14285.11,14298.0,13633.39,311,4390200.41,61
2026-04-01,IN0020210053,SGBMAY29I,GB,14198.0,14379.97,13850.0,14304.99,14300.0,13640.11,662,9431879.42,177
2026-04-01,IN0020210061,SGBJUN29II,GB,14398.0,14398.0,14125.0,14295.0,14389.0,13655.35,278,3962641.79,50
2026-04-01,IN0020210087,SGBJU29III,GB,13751.0,14300.0,13751.0,14300.0,14300.0,13677.37,193,2746092.05,42
2026-04-01,IN0020210145,SGBSEP29VI,GB,13999.99,14395.0,13990.0,14297.5,14255.0,13675.16,217,3083568.89,94
2026-04-01,IN0020210178,SGBNV29VII,GB,14475.0,14475.0,14011.0,14318.97,14310.0,13714.67,385,5507067.56,76
2026-04-01,IN0020180033,SGBMAY26,GB,13755.01,14380.0,13755.01,14300.0,14300.0,13743.89,269,3852780.71,31
2026-04-01,IN0020180249,SGBOCT26,GB,14152.0,14300.0,14152.0,14300.0,14300.0,13650.0,12,170972.4,7
2026-04-01,IN0020180314,SGBNOV26,GB,14050.0,14364.9,14050.0,14364.9,14364.9,13626.99,4,56514.9,2
2026-04-01,IN0020180389,SGBDEC26,GB,14150.0,14300.0,14150.0,14300.0,14300.0,13899.86,7,99800.0,3
2026-04-01,IN0020190073,SGBJUN27,GB,14299.8,14299.8,14151.0,14250.0,14250.0,13620.3,50,710873.0,7
2026-04-01,IN0020190081,SGBJUL27,GB,14111.0,14300.0,13752.0,14262.0,14262.0,13596.17,67,949620.88,17
2026-04-01,IN0020190107,SGBAUG27,GB,14100.0,14398.0,14100.0,14224.2,14250.0,13666.25,63,899452.14,30
2026-04-01,IN0020190115,SGBSEP27,GB,14200.0,14289.99,14200.0,14282.72,14289.99,13596.48,32,456107.36,13
2026-04-01,IN0020180462,SGBJAN27,GB,14250.0,14260.0,14161.0,14260.0,14260.0,13570.42,53,754914.7,7
2026-04-01,IN0020190370,SGBOCT27,GB,14268.59,14599.95,14200.01,14450.0,14450.0,13668.59,42,600468.41,8
2026-04-01,IN0020180561,SGBFEB27,GB,14161.0,14280.0,14151.01,14280.0,14280.0,13646.45,70,996313.6,8
2026-04-01,IN0020190388,SGBOCT27VI,GB,14200.0,14448.0,14150.0,14401.23,14400.0,13552.5,105,1502921.0,18
2026-04-01,IN0020190461,SGBDC27VII,GB,14111.0,14500.0,14111.0,14330.0,14330.0,13560.3,77,1097927.78,24
2026-04-01,IN0020200062,SGBAPR28I,GB,14500.0,14500.0,14160.07,14396.0,14380.0,13764.15,225,3222590.13,46
2026-04-01,IN0020200088,SGBMAY28,GB,13711.0,14399.98,13711.0,14309.32,14320.0,13583.54,431,6134099.71,79
2026-04-01,IN0020200146,SGBJUL28IV,GB,14000.0,14300.01,13706.0,14270.1,14270.1,13602.74,340,4835544.65,90
2026-04-01,IN0020190545,SGBFEB28IX,GB,14111.0,14319.0,14111.0,14248.8,14299.99,13589.2,48,681969.47,12
2026-04-01,IN0020200161,SGBAUG28V,GB,13940.0,14320.0,13721.0,14288.89,14278.0,13627.94,2383,33794391.03,398
2026-04-01,IN0020200195,SGBSEP28VI,GB,13666.2,14350.0,13406.0,14301.35,14324.9,13603.16,557,7830374.54,120
2026-04-01,IN0020200203,SGBOC28VII,GB,14011.0,14375.0,14011.0,14363.16,14366.01,13652.73,415,5933102.12,63
2026-04-01,IN0020190537,SGBJ28VIII,GB,13705.6,14341.0,13705.6,14269.6,14263.0,13586.18,219,3114464.76,42
2026-04-01,IN0020190552,SGBMAR28X,GB,13710.0,14278.0,13710.0,14278.0,14278.0,13621.42,611,8652865.31,49
2026-04-01,IN0020210111,SGBJUL29IV,GB,13705.01,14315.0,13705.01,14286.71,14315.0,13651.64,258,3668416.7,100
2026-04-01,IN0020200377,SGBJAN29IX,GB,13707.0,14333.0,13707.0,14308.36,14333.0,13574.78,609,8603907.97,114
2026-04-01,IN0020210129,SGBAUG29V,GB,14298.0,14459.38,13942.0,14321.57,14292.1,13661.25,97,1381989.2,40
2026-04-01,IN0020210228,SGBD29VIII,GB,14200.0,14370.0,14200.0,14310.58,14320.0,13694.59,118,1681844.44,54
2026-04-01,IN0020200385,SGBJAN29X,GB,13750.0,14302.0,13711.0,14281.64,14270.0,13604.17,106,1510837.61,44
2026-04-01,IN0020200393,SGBFEB29XI,GB,14200.0,14289.0,14141.0,14282.41,14260.0,13684.83,470,6686599.94,81
2026-04-01,IN0020200427,SGBMR29XII,GB,13665.01,14395.0,13665.01,14276.71,14289.0,13663.33,302,4298112.7,93
2026-04-01,IN0020220045,SGBJUN30,GB,14700.0,14700.0,14125.0,14405.62,14399.99,13914.62,303,4346157.62,82
2026-04-01,IN0020220078,SGBAUG30,GB,14120.55,14550.0,14120.55,14382.52,14400.0,14011.31,250,3596965.53,77
2026-04-01,IN0020220110,SGBDE30III,GB,14201.0,14691.0,14201.0,14479.27,14470.0,13856.89,336,4879157.39,86
2026-04-01,IN0020210236,SGBJAN30IX,GB,14200.0,14367.24,14031.01,14335.85,14350.0,13740.0,193,2749304.17,46
2026-04-01,IN0020210319,SGBMAR30X,GB,14001.0,14399.99,14000.0,14377.5,14380.0,13850.0,103,1464085.83,34
2026-04-01,IN0020230069,SGBJUN31I,GB,14420.12,14698.0,14266.0,14608.3,14595.0,14068.41,1369,19972538.33,301
2026-04-01,IN0020230093,SGBSEP31II,GB,14448.53,14703.99,14200.0,14633.57,14636.0,14096.13,1936,28327078.37,386
2026-04-01,IN0020230168,SGBDE31III,GB,14487.92,14980.0,14328.0,14810.46,14800.0,14218.25,2983,44304349.01,626
2026-04-01,IN0020220169,SGBMAR31IV,GB,13955.01,14599.99,13955.01,14525.79,14501.0,13920.88,295,4271043.96,81
2026-04-01,IN0020230184,SGBFEB32IV,GB,14887.12,14990.0,13999.99,14803.82,14850.0,14387.07,9521,140777941.42,1191
2026-04-01,INE144J01027,20MICRONS,EQ,135.1,148.65,135.1,147.48,148.56,133.14,138243,20054492.18,3210
2026-04-01,INE253B01015,21STCENMGM,EQ,28.5,29.45,28.5,29.4,29.4,28.91,1356,39274.97,60
2026-04-01,INE466L01038,360ONE,EQ,966.05,982.7,950.0,953.05,955.0,949.6,610228,588704257.3,28396
2026-04-01,INF579M01BB5,GOLD360,EQ,145.0,147.1,144.35,146.0,145.15,141.45,53805,7858936.9,559
2026-04-01,INF579M01BC3,SILVER360,EQ,229.5,232.21,228.44,230.14,230.34,220.66,76481,17618548.6,2162
2026-04-01,INE748C01038,3IINFOLTD,EQ,13.88,14.43,13.88,14.3,14.33,13.76,660167,9356741.74,1016
2026-04-01,INE470A01017,3MINDIA,EQ,30560.0,31305.0,29125.0,29395.0,29410.0,30120.0,11036,330680390.0,6706
2026-04-01,INE105C01023,3PLAND,EQ,29.5,33.0,29.5,31.46,30.52,29.5,3834,119453.39,77
2026-04-01,INE618L01018,5PAISA,EQ,251.0,273.0,251.0,270.21,272.64,249.1,82094,21966332.56,2087
2026-04-01,INE618L20018,5PAISA-RE,BE,0.21,0.21,0.21,0.21,0.21,0.15,14714,3089.94,70
2026-04-01,INE111B01023,63MOONS,EQ,494.75,512.0,476.35,504.3,507.0,470.3,177776,89414893.2,7824
2026-04-01,INE134E07349,736PFCL28,N2,1048.65,1048.65,1048.65,1048.65,1048.65,1040.0,250,262162.5,1
2026-04-01,INE031A07865,751HUDCO28,N5,1030.02,1045.0,1030.02,1032.42,1045.0,1042.98,275,283748.4,3
2026-04-01,INE261F07032,764NABAR31,N2,1098.99,1098.99,1092.0,1092.0,1092.0,1085.25,229,250755.1,8
2026-04-01,INE031A07AO5,764HUDCO31,N8,1086.2,1103.0,1086.0,1100.7,1101.0,1090.0,3943,4323479.0,16
2026-04-01,INE031A07AT4,769HUDCO31,N9,1102.01,1102.06,1102.01,1102.06,1102.06,1101.0,444,489302.89,8
2026-04-01,INE202E07229,774IREDA31,N7,1100.0,1109.0,1098.01,1109.0,1109.0,1100.0,842,925456.82,8
2026-04-01,INE020B07GH7,812REC27,NI,1084.9,1084.9,1084.9,1084.9,1084.9,1080.08,35,37971.5,1
2026-04-01,INE031A07840,82HUDCO27,N2,1035.0,1035.0,1035.0,1035.0,1035.0,1031.31,1,1035.0,1
2026-04-01,INE906B07DF8,875NHAI29,N6,1099.93,1118.8,1096.36,1115.11,1116.0,1096.36,7206,8000925.56,107
2026-04-01,INE031A07949,876HUDCO28,ND,1139.9,1160.0,1120.0,1151.35,1149.99,1122.08,6729,7738562.73,68
2026-04-01,INE787H07370,891IIFCL34,N4,1215.01,1215.01,1215.01,1215.01,1215.01,1238.0,200,243002.0,5
2026-04-01,INE733E07JJ9,891NTPC33,N6,1230.0,1234.9,1228.5,1233.0,1233.0,1228.0,574,706407.78,20
2026-04-01,INE848E07567,892NHPC33,N6,1181.12,1181.12,1181.12,1181.12,1181.12,1200.0,1000,1181120.0,20
2026-04-01,INE134E07463,892PFCL33,N8,1230.15,1242.99,1230.15,1234.59,1234.0,1230.5,1852,2281824.51,19
2026-04-01,INE774D08MA6,9MMFSML,N2,1069.0,1071.0,1069.0,1070.95,1071.0,1069.99,545,583237.5,14
2026-04-01,INE031A07AB2,901HUDCO34,NE,1233.3,1248.9,1233.3,1237.1,1237.1,1249.0,535,666033.0,22
2026-04-01,INE08PH01015,ABCOTS,EQ,409.75,409.75,395.5,402.65,396.95,402.6,9556,3870055.55,608
2026-04-01,INE00YB01025,ABINFRA,EQ,16.3,16.3,15.8,15.89,15.81,15.69,224741,3580008.95,608
2026-04-01,INE619I01012,A2ZINFRA,BE,16.46,16.47,15.12,15.52,15.6,15.69,140043,2206004.41,233
2026-04-01,INE0D0U01013,AAATECH,EQ,89.96,93.48,89.96,91.96,92.9,89.16,14328,1318427.51,231
2026-04-01,INE883F01010,AADHARHFC,EQ,449.05,456.55,445.85,451.15,447.85,448.85,340024,153396966.05,7705
2026-04-01,INE1GYP01013,AAKAAR,ST,49.95,50.5,49.95,50.5,50.5,48.1,6400,321520.0,4
2026-04-01,INE087Z01024,AAKASH,BE,7.82,8.13,7.82,7.98,8.09,7.91,112991,904296.2,454
2026-04-01,INE124401014,AARADHYA,SM,116.5,116.9,99.0,100.0,100.0,112.5,43200,4645920.0,20
2026-04-01,INE198H01019,AAREYDRUGS,EQ,52.99,53.28,52.28,53.28,53.28,50.75,21947,1168013.41,138
2026-04-01,INE750R01016,AARNAV,EQ,21.5,26.02,21.5,23.56,23.06,21.69,104252,2507644.17,628
2026-04-01,INE721Z01010,AARON,EQ,111.3,124.79,111.3,122.54,124.0,109.27,22030,2682199.4,641
2026-04-01,INE01C001026,AARTECH,EQ,35.8,39.0,35.24,36.64,36.85,34.8,146848,5404573.55,1307
2026-04-01,INE767A01016,AARTIDRUGS,EQ,330.0,348.65,322.05,346.4,345.05,319.75,174275,59545067.9,4995
2026-04-01,INE769A01020,AARTIIND,EQ,406.15,416.9,405.0,411.4,410.9,399.05,447997,184518017.3,19273
2026-04-01,INE0LRU01027,AARTIPHARM,EQ,610.0,654.8,610.0,635.05,633.0,591.95,199358,125551186.25,16804
2026-04-01,INE09EO01013,AARTISURF,EQ,360.0,360.0,330.3,351.0,356.0,321.1,12501,4313233.6,668
2026-04-01,INE754X01016,AARVI,EQ,125.99,128.53,122.96,127.66,127.7,120.69,8012,1009043.0,232
2026-04-01,INE0OB201016,AATMAJ,SM,20.5,20.5,20.5,20.5,20.5,18.35,2000,41000.0,1
2026-04-01,INE216P01012,AAVAS,EQ,1126.1,1138.0,1100.0,1134.2,1120.0,1078.0,128259,144081344.9,20272
2026-04-01,INE00ZE01026,AFSL,EQ,201.14,203.01,201.0,201.1,201.0,201.0,9933,2000898.7,167
2026-04-01,INE117A01022,ABB,EQ,6180.0,6188.5,6012.0,6063.0,6074.0,5941.5,339497,2067421890.5,32813
2026-04-01,INE358A01014,ABBOTINDIA,EQ,26415.0,26550.0,25990.0,26490.0,26490.0,25915.0,6360,167685400.0,3484
2026-04-01,INE860H07IP2,78ABCL33,N1,1002.0,1002.0,1002.0,1002.0,1002.0,1002.0,10,10020.0,1
2026-04-01,INE860H07IQ0,8ABCL26,N2,1016.5,1028.0,1016.5,1028.0,1028.0,1002.02,40,40890.0,3
2026-04-01,INE860H07IR8,ABCL26,N3,1185.0,1185.0,1185.0,1185.0,1185.0,1185.0,9,10665.0,1
2026-04-01,INE0UYG01015,ABHAPOWER,SM,25.0,25.0,24.9,24.95,25.0,23.8,19200,479120.0,10
2026-04-01,INE0CAJ01017,AILIMITED,SM,34.2,34.2,34.2,34.2,34.2,36.0,1500,51300.0,1
2026-04-01,INE251C01025,ABMINTLLTD,BE,42.56,42.56,42.0,42.0,42.0,42.56,360,15179.36,10
2026-04-01,INE0QRV01016,ABSMARINE,SM,162.45,165.0,156.05,163.15,162.2,149.55,83500,13648325.0,141
2026-04-01,INE012A01025,ACC,EQ,1280.1,1331.9,1280.1,1327.9,1328.1,1254.6,208873,274752377.0,17959
2026-04-01,INE793A01012,ACCELYA,EQ,1074.5,1129.2,1053.0,1115.0,1124.0,1024.6,19009,20918767.6,2197
2026-04-01,INE0Q5D01013,ACCENTMIC,SM,360.0,371.0,360.0,365.8,365.0,355.25,23000,8441100.0,40
2026-04-01,INE0T8T01010,ACCPL,SM,62.0,66.7,62.0,66.7,66.7,63.55,8400,554520.0,7
2026-04-01,INE648Z01023,ACCURACY,EQ,3.69,3.88,3.56,3.73,3.79,3.47,151277,561859.62,795
2026-04-01,INE543V01017,ACEINTEG,EQ,15.21,16.53,15.21,16.43,16.43,15.25,2243,35950.04,64
2026-04-01,INE1J6M01010,ACETEC,SM,135.0,135.0,121.2,125.25,126.5,126.95,27600,3429060.0,12
2026-04-01,INE622W01025,ACMESOLAR,EQ,269.95,272.45,258.55,266.8,267.0,261.61,1830804,486070274.15,49295
2026-04-01,INE731H01025,ACE,EQ,778.0,813.95,763.95,811.5,813.0,748.95,246802,197716009.75,17033
2026-04-01,INE00FF01025,ACUTAAS,EQ,2626.0,2634.8,2232.7,2332.1,2313.9,2558.6,1715994,4043826006.1,139080
2026-04-01,INE931S01010,ADANIENSOL,EQ,953.95,982.45,947.1,956.6,956.1,934.9,1333686,1289744261.5,33105
2026-04-01,INE423A01024,ADANIENT,EQ,1825.0,1870.0,1803.8,1842.5,1841.9,1758.8,2328166,4293810919.9,65838
2026-04-01,INE364U01010,ADANIGREEN,EQ,829.95,855.3,827.15,851.95,853.0,806.9,3454451,2918039057.1,49700
2026-04-01,INE742F01042,ADANIPORTS,EQ,1351.2,1405.4,1348.7,1385.4,1386.5,1312.6,3684039,5092478442.2,103786
2026-04-01,INE814H01029,ADANIPOWER,EQ,155.0,158.15,153.44,157.11,156.5,150.43,48215780,7512553056.78,139898
2026-04-01,INE399L01023,ATGL,EQ,530.0,530.0,513.3,520.9,523.0,509.95,1854124,963321630.25,30486
2026-04-01,INE0RDH01021,ADDICTIVE,SM,60.25,62.35,58.0,59.0,59.0,57.65,18000,1100450.0,16
2026-04-01,INE982B01027,ADFFOODS,EQ,173.5,182.54,170.0,179.25,179.0,167.18,223054,39563005.63,4236
2026-04-01,INE404A01024,ABSLAMC,EQ,910.0,915.0,891.0,901.4,898.0,878.3,153583,138516412.5,15290
2026-04-01,INE674K01013,ABCAPITAL,EQ,303.0,308.6,299.35,302.9,302.95,292.25,4659823,1412530493.05,51601
2026-04-01,INE647O01011,ABFRL,EQ,55.5,58.38,55.33,58.05,57.5,53.89,4589120,263186416.06,24555
2026-04-01,INE14LE01019,ABLBL,EQ,89.3,94.0,89.3,93.52,93.5,88.23,1586959,147454045.28,11967
2026-04-01,INE865C01022,BIRLAMONEY,EQ,98.3,116.07,98.3,109.18,109.04,96.73,219154,24207939.26,3385
2026-04-01,INE055A01016,ABREL,EQ,1130.0,1175.9,1130.0,1155.0,1157.0,1123.0,191326,221619499.1,16692
2026-04-01,INE819V01029,CPPLUS,EQ,1908.1,1949.4,1771.5,1790.3,1800.0,1798.3,658090,1205184842.2,44188
2026-04-01,INE01YQ01013,AUSL,SM,17.5,17.8,17.5,17.5,17.5,17.5,6000,105600.0,3
2026-04-01,INE679V01027,AVL,EQ,487.5,487.5,458.0,468.05,461.2,478.1,245300,114622216.6,10377
2026-04-01,INF209KB18D3,BSLGOLDETF,EQ,130.17,132.19,130.15,130.54,130.48,128.17,511399,66846955.2,3718
2026-04-01,INF209KB19D1,BSLNIFTY,EQ,26.63,26.74,26.2,26.35,26.35,25.99,2204429,58475931.85,8647
2026-04-01,INE045A01017,ADOR,EQ,879.8,930.0,879.8,893.25,893.0,878.0,26461,23884881.45,1798
2026-04-01,INE737B01033,ADROITINFO,EQ,8.4,9.0,8.4,8.84,8.8,8.23,22653,199269.55,154
2026-04-01,INE0ALI01010,ADVAIT,EQ,1769.9,1852.7,1720.0,1737.5,1757.0,1690.1,115596,206539277.8,9102
2026-04-01,INE1B0W01010,ADVANCE,EQ,88.5,94.83,85.36,92.42,93.19,84.96,317791,29177346.7,2340
2026-04-01,INE837H01020,ADVENZYMES,EQ,268.9,270.9,261.0,266.4,265.5,255.3,140302,37546825.45,3122
2026-04-01,INE199C01026,ADVANIHOTR,EQ,47.1,50.0,47.1,49.93,49.99,47.1,36427,1805033.6,395
2026-04-01,INE28GN01010,ADVENTHTL,EQ,130.8,143.99,130.25,139.76,140.0,125.11,571850,78950977.43,6951
2026-04-01,INE208C01025,AEGISLOG,EQ,620.0,620.2,599.0,603.4,601.55,598.65,376334,228773250.7,19347
2026-04-01,INE0INX01018,AEGISVOPAK,EQ,166.0,171.14,163.08,167.87,167.35,161.65,597473,99825118.11,10319
2026-04-01,INE423A07401,AEL17725,,1045.0,1045.0,1045.0,1045.0,1045.0,1045.0,8,8360.0,1
2026-04-01,INE423A07500,AEL12126,NI,990.0,990.0,990.0,990.0,990.0,990.0,12,11880.0,2
2026-04-01,INE423A07542,AEL1212026,NO,999.0,999.0,996.0,999.0,999.0,999.0,64,63900.0,3
2026-04-01,INE423A07492,848AEL29,NJ,1003.0,1003.0,1003.0,1003.0,1003.0,1003.24,129,129387.0,3
2026-04-01,INE423A07518,862AEL31,NM,1011.9,1011.9,1005.0,1005.02,1005.0,1002.24,85,85770.9,4
2026-04-01,INE423A07534,875AEL29,NK,1005.0,1005.0,1005.0,1005.0,1005.0,1003.0,122,122610.0,7
2026-04-01,INE423A07427,885AEL28,NB,1005.0,1005.0,1005.0,1005.0,1005.0,1006.0,82,82410.0,1
2026-04-01,INE423A07526,890AEL31,NN,1006.3,1014.5,1006.3,1010.17,1008.05,1006.26,87,87816.15,6
2026-04-01,INE423A07450,895AEL27,N9,1039.0,1039.0,1039.0,1039.0,1039.0,1051.8,20,20780.0,1
2026-04-01,INE423A07435,915AEL28,NC,1056.8,1056.8,1056.8,1056.8,1056.8,1052.52,14,14795.2,1
2026-04-01,INE947N01017,AEQUS,EQ,127.74,127.74,121.66,122.91,122.0,120.96,789030,97817071.28,7293
2026-04-01,INE065D01027,AEROENTER,EQ,68.0,70.25,67.99,69.7,69.3,64.94,190543,13188884.25,1023
2026-04-01,INE024001021,AEROFLEX,EQ,246.25,255.0,245.55,250.64,250.8,238.76,1418256,355729914.5,18216
2026-04-01,INE035801013,AERONEU,EQ,77.99,79.8,73.91,75.36,75.4,76.76,41992,3251834.04,738
2026-04-01,INE0WL801011,AERON,SM,80.0,81.0,78.0,80.0,80.0,73.05,25000,2002600.0,23
2026-04-01,INE0TSF01011,AESTHETIK,SM,63.5,66.05,63.5,65.5,65.5,60.45,4000,260050.0,4
2026-04-01,INE0BWX01014,AETHER,EQ,1114.9,1158.9,1102.5,1116.0,1124.1,1094.5,210521,235807471.4,24030
2026-04-01,INE101I01011,AFCONS,EQ,277.05,282.9,275.55,282.4,282.9,271.6,138474,38844950.0,4731
2026-04-01,INE00WC01027,AFFLE,EQ,1457.6,1478.1,1428.0,1437.4,1438.0,1449.1,321346,466494508.4,25799
2026-04-01,INE692Z01013,AFFORDABLE,EQ,128.0,145.0,128.0,140.94,140.0,120.87,108708,15232951.24,2407
2026-04-01,INE916Y07040,12AFIL27A,N0,9908.08,9908.08,9889.54,9889.54,9889.54,9908.08,100,988972.54,3
2026-04-01,INE916Y07057,12AFIL28,N0,9900.0,9990.0,9900.0,9990.0,9990.0,9900.0,11,109320.0,3
2026-04-01,INE0MLA01012,AGARWALFT,SM,25.1,25.1,25.1,25.1,25.1,23.95,3000,75300.0,2
2026-04-01,INE204E01012,AGARIND,EQ,372.05,394.0,372.05,391.95,390.0,362.6,45488,17631285.3,1954
2026-04-01,INE0P8X01016,AGARWALTUF,SM,89.75,93.8,85.0,87.55,87.8,85.7,58800,5194620.0,49
2026-04-01,INE415A01038,AGI,EQ,492.75,504.5,482.1,502.75,502.2,468.55,160695,80140404.95,7436
2026-04-01,INE976R01033,AGIIL,EQ,282.0,297.0,280.0,288.75,291.4,280.6,2117830,610021631.85,14481
2026-04-01,INE0LF301013,AGNI,SM,15.65,16.05,15.65,16.05,16.05,15.3,15000,238500.0,6
2026-04-01,INE449G01018,AGRITECH,EQ,94.05,102.35,94.05,100.04,101.79,93.72,2848,280533.6,118
2026-04-01,INE740V01019,AGROPHOS,EQ,25.0,26.69,25.0,26.28,26.3,24.14,20724,541455.91,198
2026-04-01,INE583L01014,AGSTRA,BZ,2.35,2.49,2.33,2.49,2.49,2.38,100276,246387.69,217
2026-04-01,INE00PV01013,AHLADA,EQ,32.87,35.9,32.75,35.31,35.9,32.06,31716,1101079.13,322
2026-04-01,INE758C01029,AHLUCONT,EQ,677.2,695.0,662.6,679.25,689.95,655.35,85221,58054295.15,4584
2026-04-01,INE212H01026,AIAENG,EQ,3660.0,3700.0,3600.0,3681.0,3635.0,3636.6,48288,176538762.2,12488
2026-04-01,INE0RUV01018,AIMTRON,SM,824.95,835.25,824.95,835.25,835.25,795.5,26800,22343560.0,104
2026-04-01,INE805A01014,GOLDTECH,EQ,35.0,35.0,31.4,34.17,34.74,30.94,34744,1183709.76,532
2026-04-01,INE645W01026,AIRAN,EQ,13.0,14.11,13.0,14.11,14.11,12.83,56309,784978.49,345
2026-04-01,INE801L01010,AIROLAM,EQ,82.0,87.19,82.0,84.23,84.13,83.01,2567,219546.01,47
2026-04-01,INE031B01049,AJANTPHARM,EQ,2849.9,2880.0,2790.6,2816.8,2809.5,2805.1,64876,183884831.2,18046
2026-04-01,INE274Y01021,AJAXENGG,EQ,418.0,433.95,414.15,431.55,431.5,404.1,34817,14839137.7,1879
2026-04-01,INE298G01035,AJMERA,EQ,104.18,108.07,102.5,104.97,104.01,99.98,436258,45994847.94,3076
2026-04-01,INE820Y01021,AJOONI,EQ,3.88,4.13,3.88,4.11,4.12,3.84,423754,1715592.66,522
2026-04-01,INE0PCY01014,AKANKSHA,SM,59.45,62.7,59.45,62.1,62.1,57.45,21000,1294350.0,16
2026-04-01,INE737W01013,AKASH,EQ,23.35,25.69,23.31,24.98,24.96,23.12,27069,675505.83,161
2026-04-01,INE00Y801016,AKG,EQ,10.04,10.1,9.37,10.05,9.92,9.23,18827,188439.29,155
2026-04-01,INE642Z01026,AKI,EQ,4.16,4.4,4.01,4.15,4.12,3.92,118708,498232.85,556
2026-04-01,INE0PMR01017,AKIKO,ST,200.15,210.0,200.15,203.25,210.0,200.15,7200,1464720.0,9
2026-04-01,INE916Y01027,AFIL,BE,7.89,7.9,7.6,7.9,7.9,7.53,443054,3481666.57,340
2026-04-01,INE523B01011,AKSHOPTFBR,EQ,4.12,4.47,4.06,4.41,4.47,3.97,271310,1175673.52,401
2026-04-01,INE256Z01025,AKSHAR,EQ,0.4,0.41,0.39,0.4,0.41,0.38,761572,306329.24,371
2026-04-01,INE542B01011,AKSHARCHEM,EQ,148.0,157.36,148.0,155.42,152.25,145.19,4491,694504.59,277
2026-04-01,INE09XN01023,AKUMS,EQ,473.9,499.95,473.9,496.45,496.9,466.1,166332,81687094.2,7171
2026-04-01,INE133A01011,AKZOINDIA,EQ,2858.9,2996.8,2830.2,2871.5,2855.0,2844.7,40360,116345222.2,9441
2026-04-01,INE914E01040,ALANKIT,EQ,7.0,7.66,6.85,7.19,7.39,6.82,583192,4249414.25,1273
2026-04-01,INE155C01010,ALBERTDAVD,EQ,605.0,625.0,604.0,616.2,622.7,587.05,4954,3049833.0,344
2026-04-01,INE448V01019,ALCODIS,SM,52.0,58.9,52.0,58.6,58.5,49.35,8125,443187.5,9
2026-04-01,INE426A01027,ALEMBICLTD,EQ,72.09,77.08,72.09,76.49,76.75,70.9,362653,27381593.5,3320
2026-04-01,INE901L01018,APLLTD,EQ,668.95,681.45,665.25,677.05,673.0,663.25,58162,39275470.8,5699
2026-04-01,INE598D01035,ALGOQUANT,EQ,57.0,57.0,50.05,50.89,50.86,49.76,1048669,53740057.51,2749
2026-04-01,INE062D01024,ALICON,EQ,590.0,640.85,590.0,617.45,615.2,586.3,12617,7859909.5,915
2026-04-01,INE03Q201024,ALIVUS,EQ,994.0,1013.35,973.05,984.2,997.8,972.7,86807,86409912.5,8719
2026-04-01,INE773I01017,ALKALI,EQ,48.17,51.2,48.17,49.72,49.21,47.61,8612,427702.57,214
2026-04-01,INE540L01014,ALKEM,EQ,5320.5,5454.0,5210.0,5244.5,5250.5,5299.0,119101,629249813.0,26029
2026-04-01,INE150B01039,ALKYLAMINE,EQ,1242.5,1324.7,1242.5,1315.4,1310.0,1231.6,114492,148595479.6,18761
2026-04-01,INE0M2X01012,ALLETEC,SM,128.0,142.3,128.0,141.35,141.45,118.6,48800,6860080.0,103
2026-04-01,INE0GV601021,ALLTIME,EQ,192.0,204.5,192.0,198.53,200.3,187.57,59963,11906016.3,1541
2026-04-01,INE418H01029,ALLCARGO,EQ,7.55,7.8,7.37,7.72,7.73,7.18,7007314,53945579.43,8035
2026-04-01,INE0NN701020,ATL,EQ,19.28,20.99,19.28,20.88,20.98,18.68,595409,12169481.46,1875
2026-04-01,INE835G01018,ALLDIGI,EQ,759.0,759.95,735.7,754.6,759.9,703.2,11249,8436914.7,739
2026-04-01,INE552Z01027,ABDL,EQ,405.1,424.5,404.05,421.55,422.4,404.05,528378,219908317.35,16480
2026-04-01,INE102I01027,ADSL,EQ,91.0,98.0,89.06,97.46,98.0,87.17,329849,31567228.2,4118
2026-04-01,INE326B01035,ALMONDZ,EQ,11.79,12.1,11.64,11.96,11.84,11.33,159002,1904879.24,452
2026-04-01,INE270A01029,ALOKINDS,EQ,11.5,12.78,11.49,12.45,12.45,11.18,19580846,241132497.85,26685
2026-04-01,INE385I01010,ALPA,EQ,50.65,51.49,48.96,50.21,49.55,46.46,28384,1422885.24,753
2026-04-01,INE0R4701017,ALPEXSOLAR,SM,795.0,859.45,780.0,838.8,842.8,759.25,93100,77487760.0,732
2026-04-01,INE137C01018,ALPHAGEO,EQ,182.3,185.0,175.15,183.03,185.0,167.22,7029,1265276.96,474
2026-04-01,INE0STM01017,ALUWIND,SM,53.0,55.0,52.5,55.0,55.0,54.4,12000,635250.0,5
2026-04-01,INE121R01077,AMAGI,EQ,339.75,339.75,325.25,329.15,327.0,326.15,62956,20824253.85,8987
2026-04-01,INE084K01015,AMANTA,EQ,101.92,106.5,99.87,105.81,105.9,99.81,102439,10577975.21,1633
2026-04-01,INE885A01032,ARE&M,EQ,702.5,718.9,688.65,713.9,717.2,672.45,532799,378081377.05,25624
2026-04-01,INE371P01015,AMBER,EQ,6656.0,6820.0,6521.0,6579.5,6525.0,6549.0,264834,1761041504.5,28606
2026-04-01,INE0M3I01029,AMBEY,SM,20.9,20.95,16.2,20.05,20.95,18.9,130000,2480400.0,53
2026-04-01,INE792B01012,AMBICAAGAR,EQ,22.9,23.35,21.53,22.15,22.0,20.55,8112,182697.88,127
2026-04-01,INE540G01014,AMBIKCO,EQ,1131.0,1295.0,1131.0,1243.2,1250.0,1129.5,14149,17176562.7,1444
2026-04-01,INE079A01024,AMBUJACEM,EQ,415.0,422.8,409.1,420.35,422.0,401.25,3593392,1500291881.1,49172
2026-04-01,INE005I01014,AMDIND,EQ,37.61,38.0,35.61,37.89,37.9,34.85,7561,283330.26,145
2026-04-01,INE0KT901015,AMEYA,SM,94.25,97.0,94.25,97.0,97.0,93.0,2000,191250.0,2
2026-04-01,INE275D01022,AMNPLST,EQ,139.99,140.7,132.95,136.27,135.85,128.83,6591,899353.89,371
2026-04-01,INE606A01024,AMJLAND,EQ,34.75,36.0,33.01,35.63,35.97,31.62,35522,1251128.14,266
2026-04-01,INE098F01031,AMRUTANJAN,EQ,501.0,519.9,496.35,499.5,498.5,493.65,53961,27236335.3,3236
2026-04-01,INE549H01021,ARSSBL,EQ,433.1,455.4,433.1,450.15,451.3,418.1,612677,274556500.75,15635
2026-04-01,INE463V01026,ANANDRATHI,EQ,3055.0,3160.0,3050.0,3114.6,3109.5,3035.4,125964,392550936.3,15277
2026-04-01,INE242C01024,ANANTRAJ,EQ,425.0,452.65,420.35,448.2,447.0,405.7,5712979,2525797780.95,91564
2026-04-01,INE1UA823019,ANANTAM,IV,103.0,103.0,102.66,102.98,102.97,103.0,17605,1813140.05,62
2026-04-01,INE0VG001016,AMCL,ST,415.1,424.5,410.0,416.65,424.5,423.75,5600,2338000.0,6
2026-04-01,INE666E01020,ACL,EQ,42.0,42.82,42.0,42.82,42.82,40.79,11713,501082.23,96
2026-04-01,INE435A01051,ANDHRAPAP,EQ,58.62,61.94,58.62,60.86,61.0,58.43,108357,6617960.16,1386
2026-04-01,INE715B01021,ANDHRSUGAR,EQ,73.79,74.1,72.35,73.13,73.61,71.46,171483,12581921.56,2099
2026-04-01,INE732I01021,ANGELONE,EQ,238.96,244.45,238.01,240.6,240.5,227.53,9009539,2175865852.26,87968
2026-04-01,INE635Y01015,AISL,SM,58.2,58.2,57.0,57.0,57.0,60.0,17400,993720.0,23
2026-04-01,INE087B01017,ANIKINDS,EQ,33.1,36.1,33.1,35.35,35.35,32.87,9229,323037.03,187
2026-04-01,INE071F01012,APCL,EQ,105.0,108.8,102.0,104.78,105.0,99.98,6355,669171.1,197
2026-04-01,INE106I01010,ANKITMETAL,BZ,1.32,1.35,1.32,1.35,1.35,1.29,5230,7051.91,20
2026-04-01,INE0Y8W01017,AHCL,EQ,114.94,117.7,112.51,113.07,112.54,111.38,163394,18683011.95,1007
2026-04-01,INE0LR101013,ANLON,SM,360.0,380.0,360.0,370.0,370.0,357.1,8800,3246000.0,18
2026-04-01,INE02AR01019,ANMOL,EQ,8.4,9.55,8.4,9.46,9.55,8.52,69831,631650.63,300
2026-04-01,INE0MGM01017,ANNAPURNA,SM,173.9,183.0,173.9,181.85,182.1,166.1,104250,18818962.5,154
2026-04-01,INE0VTV01012,ANONDITA,SM,675.0,735.0,671.0,735.0,735.0,658.75,24000,16932750.0,24
2026-04-01,INE436A01026,ANSALAPI,BZ,2.99,3.03,2.93,3.0,3.01,2.98,53270,157895.32,106
2026-04-01,INE414B01021,ANTGRAPHIC,EQ,0.7,0.8,0.66,0.77,0.77,0.68,240932,178333.16,293
2026-04-01,INE818A01017,ANTELOPUS,EQ,567.95,598.8,554.3,587.5,589.0,569.7,359264,209712497.9,11270
2026-04-01,INE0CZ201020,ANTHEM,EQ,669.4,677.3,657.6,665.7,667.7,656.25,81927,54823595.2,4943
2026-04-01,INE01BK01022,AWHCL,EQ,395.2,412.5,388.0,404.35,404.0,375.75,272413,109959970.7,7910
2026-04-01,INE489G01022,ANUHPHR,EQ,78.0,78.0,70.15,72.98,74.5,67.0,35711,2578984.4,572
2026-04-01,INE930P01018,ANURAS,EQ,1237.0,1283.0,1232.2,1276.4,1277.7,1230.9,80385,101602875.6,7177
2026-04-01,INE0SI601032,ANYA,SM,16.35,17.35,15.9,16.4,16.6,16.35,110000,1818500.0,19
2026-04-01,INF1J2R01114,AONEGOLD,EQ,14.02,14.04,13.82,13.88,13.88,13.61,805988,11220520.99,2606
2026-04-01,INF1J2R01056,AONELIQUID,EQ,1053.37,1053.37,1053.35,1053.36,1053.36,1053.36,65305,68790216.01,458
2026-04-01,INF1J2R01064,AONENIFTY,EQ,9.16,9.58,9.16,9.32,9.4,9.16,606078,5680524.88,1821
2026-04-01,INF1J2R01171,AONESILVER,EQ,8.97,9.06,8.71,8.92,8.98,8.71,1018826,9159350.78,1186
2026-04-01,INF1J2R01148,AONETMMQ50,EQ,9.05,9.15,8.8,9.03,9.15,8.78,61454,556204.66,324
2026-04-01,INF1J2R01015,AONETOTAL,EQ,10.74,10.75,10.48,10.54,10.66,10.42,265661,2826597.22,1621
2026-04-01,INE372A01015,APARINDS,EQ,10350.0,10350.0,9682.0,9774.5,9738.0,9881.0,175204,1739387794.5,43793
2026-04-01,INE116A01032,APCOTEXIND,EQ,321.0,353.0,321.0,345.85,345.0,314.1,35767,12236461.0,2242
2026-04-01,INE0T4V01015,APEXECO,SM,107.05,111.0,104.6,108.1,108.1,104.6,26400,2859480.0,25
2026-04-01,INE346W01013,APEX,EQ,389.1,389.1,376.85,383.25,384.0,362.85,487458,186526516.5,12289
2026-04-01,INE702C01027,APLAPOLLO,EQ,1978.2,2012.5,1911.0,1934.8,1937.0,1937.0,827600,1621677517.6,58912
2026-04-01,INE0TLC07069,930APMD29,N0,102700.0,102700.0,102700.0,102700.0,102700.0,102700.0,2,205400.0,2
2026-04-01,INE0TLC07077,930APMD30,N0,103550.0,103550.0,103550.0,103550.0,103550.0,103499.0,6,621300.0,4
2026-04-01,INE0TLC07051,930APMD31,N0,103999.0,103999.0,103999.0,103999.0,103999.0,103999.33,3,311997.0,3
2026-04-01,INE0TLC07028,930APMD33,N0,105032.0,105032.2,105032.0,105032.2,105032.2,105032.2,6,630192.8,6
2026-04-01,INE437A01024,APOLLOHOSP,EQ,7549.0,7587.0,7250.5,7305.5,7304.5,7419.0,618068,4542252082.0,83515
2026-04-01,INE713T01028,APOLLO,EQ,193.0,200.37,190.22,195.77,195.6,182.16,8336691,1646326272.82,41264
2026-04-01,INE126J01016,APOLLOPIPE,EQ,421.95,432.4,410.5,427.9,426.0,414.65,1552456,654516196.1,29383
2026-04-01,INE451F01024,APOLSINHOT,EQ,970.0,1024.8,970.0,1006.75,995.0,952.8,830,828635.7,132
2026-04-01,INE438A01022,APOLLOTYRE,EQ,419.0,421.75,414.1,415.25,416.0,412.3,430083,179610425.8,16231
2026-04-01,INE0LQG01010,APRAMEYA,SM,225.0,225.0,211.6,212.7,212.55,203.65,24500,5215400.0,15
2026-04-01,INE0M2307370,915APSBC28,N0,100950.0,100950.0,100950.0,100950.0,100950.0,100600.0,2,201900.0,1
2026-04-01,INE0M2307354,915APSBC29,N0,101400.0,101400.0,101400.0,101400.0,101400.0,101400.0,2,202800.0,1
2026-04-01,INE0M2307412,915APSBC34,N0,103700.0,103700.0,103700.0,103700.0,103700.0,101700.0,3,311100.0,1
2026-04-01,INE1OOJ01011,APSISAERO,ST,164.25,164.25,163.6,164.25,164.25,156.45,51600,8474100.0,33
2026-04-01,INE266F01018,APTECHT,EQ,72.0,77.1,71.75,76.62,76.99,70.21,256690,19344335.35,3007
2026-04-01,INE852O01025,APTUS,EQ,201.94,205.5,198.7,203.7,203.99,194.57,1800553,366836106.45,25578
2026-04-01,INE416A01051,AQYLON,EQ,48.17,48.17,48.17,48.17,48.17,50.7,16259,783196.03,292
2026-04-01,INE0YDV01010,ARCIIL,SM,41.0,41.7,39.85,41.15,40.6,39.05,5000,204450.0,5
2026-04-01,INE128X01021,ACI,EQ,596.35,603.75,578.6,581.2,579.0,587.45,186060,109251766.35,12811
2026-04-01,INE0CHO01012,ADL,EQ,54.0,62.2,54.0,59.0,60.0,52.52,2791,169650.49,65
2026-04-01,INE877I01016,ARCHIDPLY,EQ,63.89,70.99,63.89,68.14,68.25,63.55,32196,2181948.29,1141
2026-04-01,INE731A01020,ARCHIES,EQ,11.48,12.75,11.48,12.04,12.05,11.08,76636,933009.75,266
2026-04-01,INE784R01023,ARFIN,EQ,75.1,76.85,74.31,75.94,76.25,73.29,703998,53357762.72,3432
2026-04-01,INE0L2Y01011,ARHAM,SM,136.9,136.9,125.0,128.65,125.05,121.05,54000,6932050.0,50
2026-04-01,INE298I01015,ARIES,EQ,328.05,345.9,328.05,340.6,337.55,324.55,34746,11836993.55,836
2026-04-01,INE0NCC01015,ARIHANTACA,SM,530.0,530.0,515.05,515.05,515.05,535.7,3200,1670040.0,8
2026-04-01,INE420B01036,ARIHANTCAP,EQ,60.0,63.44,60.0,62.9,62.85,58.19,281069,17526133.77,2697
2026-04-01,INE643K01018,ARIHANTSUP,EQ,197.75,207.3,195.05,203.04,207.3,192.7,12012,2435581.74,569
2026-04-01,INE0H9P01028,ARIS,EQ,99.0,104.87,97.71,103.08,103.6,96.54,617440,62891848.15,4398
2026-04-01,INE082101010,ARISTO,SM,77.9,77.9,77.9,77.9,77.9,75.0,1600,124640.0,1
2026-04-01,INE0QRL01017,ARKADE,EQ,98.96,102.75,97.53,102.16,102.5,94.83,500161,50559749.45,4022
2026-04-01,INE109C01017,ARMANFIN,EQ,1370.0,1523.5,1355.3,1484.8,1512.0,1343.5,45756,66299347.2,4006
2026-04-01,INE0TZX01019,ARMOUR,SM,18.65,19.85,18.65,19.05,19.05,18.9,16000,305100.0,8
2026-04-01,INE210C01013,AROGRANITE,EQ,19.04,21.69,19.0,21.17,21.3,19.04,22778,474134.35,462
2026-04-01,INE570D01018,ARROWGREEN,EQ,520.0,520.0,459.0,487.15,492.35,459.0,601746,291060763.55,17655
2026-04-01,INE968D01022,ARSHIYA,BZ,1.27,1.33,1.21,1.33,1.33,1.27,179616,224564.51,99
2026-04-01,INE738V01013,ARTNIRMAN,EQ,32.0,32.01,31.0,31.94,31.99,29.39,1256,40174.99,26
2026-04-01,INE757T01025,AEPL,EQ,14.6,15.99,14.35,15.76,15.6,13.99,49147,746117.75,597
2026-04-01,INE025R01021,ARTEMISMED,EQ,207.5,223.75,207.5,222.56,222.9,205.51,64172,14051848.49,1666
2026-04-01,INE0TTG01017,ARUNAYA,SM,15.2,16.25,15.2,16.25,16.25,13.9,6000,93300.0,3
2026-04-01,INE006Z01016,ARVEE,EQ,141.2,144.99,138.2,143.96,143.99,133.86,333,47777.07,13
2026-04-01,INE955V01021,ARVINDFASN,EQ,405.0,419.9,395.15,411.35,414.0,403.5,242061,99083767.75,18995
2026-04-01,INE034A01011,ARVIND,EQ,345.45,354.2,343.8,350.65,350.0,338.7,291453,101623694.95,18202
2026-04-01,INE0P4T01013,ARVINDPORT,SM,29.25,29.8,29.25,29.6,29.6,29.05,9000,266100.0,6
2026-04-01,INE034S01021,ARVSMART,EQ,534.0,535.0,518.0,528.65,527.0,502.3,42243,22266071.95,1565
2026-04-01,INE439A01020,ASAHIINDIA,EQ,814.0,828.4,800.1,822.7,824.85,784.4,90611,74379980.55,10788
2026-04-01,INE228I01012,ASAHISONG,EQ,194.0,201.9,187.59,200.75,201.0,186.45,8985,1774349.55,274
2026-04-01,INE08KD01015,ASCOM,ST,217.8,226.6,217.8,226.6,226.6,222.2,8000,1751200.0,15
2026-04-01,INE0LAA01017,ASHALOG,SM,57.0,64.15,57.0,62.6,63.0,54.8,24000,1486250.0,23
2026-04-01,INE348A01023,ASHAPURMIN,EQ,482.9,491.4,473.15,486.4,484.5,459.5,403717,196220560.95,9100
2026-04-01,INE365D01021,ASHIANA,EQ,285.05,305.0,285.05,300.05,302.25,279.7,49405,14629426.75,1765
2026-04-01,INE440A01010,ASHIMASYN,EQ,11.9,13.24,11.9,12.92,13.09,11.78,135056,1717831.96,366
2026-04-01,INE208A01029,ASHOKLEY,EQ,154.15,162.86,148.0,149.11,148.6,154.13,89347607,13852557669.21,392127
2026-04-01,INE442H01029,ASHOKA,EQ,106.42,111.14,105.34,110.74,111.05,102.13,1268122,138620218.19,13593
2026-04-01,INE760Y01011,ASHOKAMET,EQ,12.44,13.48,12.44,13.07,13.2,12.23,19612,254908.53,137
2026-04-01,INE1A6Q01010,ASHWINI,SM,138.0,138.0,138.0,138.0,138.0,132.5,1000,138000.0,1
2026-04-01,INE276G01015,ASIANENE,EQ,242.0,262.2,242.0,258.51,260.21,238.85,78927,20164291.55,1544
2026-04-01,INE022I01019,ASIANTILES,EQ,58.99,60.3,57.11,58.42,58.11,56.47,3976660,233593202.48,9145
2026-04-01,INE926K01017,AHLEAST,EQ,152.0,156.6,149.69,150.85,150.25,147.99,11784,1792866.67,295
2026-04-01,INE363A01022,ASIANHOTNR,EQ,300.0,314.0,282.9,289.3,288.0,300.9,80694,24288694.8,1595
2026-04-01,INE021A01026,ASIANPAINT,EQ,2224.8,2246.6,2198.4,2225.8,2226.0,2165.2,1209900,2690436890.4,75400
2026-04-01,INE491J01022,ASKAUTOLTD,EQ,450.0,455.95,433.0,435.7,434.9,444.75,413238,182723679.75,22355
2026-04-01,INE617I01024,ASLIND,ST,73.35,73.35,73.35,73.35,73.35,77.2,2000,146700.0,1
2026-04-01,INE991I01015,ASPINWALL,EQ,213.01,220.8,211.4,213.09,213.9,209.09,4446,954725.68,93
2026-04-01,INE0S7801010,ASPIRE,SM,10.7,10.7,10.7,10.7,10.7,10.2,6000,64200.0,3
2026-04-01,INE073G01016,ASALCBR,EQ,697.0,728.95,679.35,721.8,724.0,666.0,47172,33622907.8,3236
2026-04-01,INE563J01010,ASTEC,EQ,564.0,574.1,551.0,557.85,559.0,540.6,79549,44736943.05,3638
2026-04-01,INE914M01019,ASTERDM,EQ,680.0,689.55,671.25,687.9,687.95,670.0,632568,432528862.6,25246
2026-04-01,INE386C01029,ASTRAMICRO,EQ,880.0,924.0,870.0,897.15,891.6,855.7,530141,478322583.55,27781
2026-04-01,INE006I01046,ASTRAL,EQ,1622.1,1660.0,1558.9,1570.3,1574.2,1599.0,460319,737516889.1,39714
2026-04-01,INE203A01020,ASTRAZEN,EQ,7970.0,7997.0,7755.5,7852.0,7852.5,7765.5,8860,69539884.0,3523
2026-04-01,INE646X01014,ASTRON,EQ,3.39,3.54,3.26,3.54,3.54,3.38,72396,252244.87,283
2026-04-01,INE0ALR01029,ATALREAL,EQ,21.65,23.19,21.56,22.67,23.1,21.0,4805802,105733557.52,2770
2026-04-01,INE09KD01013,ATAM,EQ,53.0,53.0,50.51,52.06,52.55,49.07,7677,399310.57,198
2026-04-01,INE0V0Q01019,ATCENERGY,SM,21.0,23.85,21.0,23.85,23.85,19.9,61200,1428840.0,42
2026-04-01,INE0LEZ01016,ATHERENERG,EQ,780.0,783.85,753.0,771.05,769.0,754.0,2166641,1670557293.3,84101
2026-04-01,IN90NN701011,ATLPP,E1,6.5,7.5,6.5,6.7,6.7,6.33,9377,65490.93,70
2026-04-01,INE0Z4F01028,ATLANTAELE,EQ,1276.5,1276.5,1185.5,1204.3,1200.0,1202.55,157151,192929245.2,13053
2026-04-01,INE285H01022,ATLANTAA,EQ,32.38,37.99,32.38,36.97,36.74,32.28,68207,2414406.16,726
2026-04-01,INE446A01025,ATLASCYCLE,EQ,84.99,84.99,80.23,81.68,82.0,77.17,1997,164021.39,90
2026-04-01,INE05DH01017,ATMASTCO,SM,107.0,119.75,106.95,119.75,119.75,99.8,43200,5024140.0,72
2026-04-01,INE951D01028,ATULAUTO,EQ,402.0,420.2,396.0,413.1,411.85,382.2,309488,127341271.85,9704
2026-04-01,INE100A01010,ATUL,EQ,6399.0,6506.5,6310.5,6436.5,6449.0,6368.5,29298,188231640.5,9371
2026-04-01,INE949L01017,AUBANK,EQ,859.65,884.8,859.65,874.9,873.85,842.7,2150156,1879267043.1,47568
2026-04-01,INE925Y01036,AURIGROW,EQ,0.24,0.26,0.24,0.26,0.26,0.25,12929843,3285953.29,848
2026-04-01,INE132H01018,AURIONPRO,EQ,751.0,793.0,738.0,783.25,784.0,724.7,188330,145989222.7,9377
2026-04-01,INE0NUL01018,AUROIMPEX,SM,25.95,25.95,25.95,25.95,25.95,21.65,8000,207600.0,5
2026-04-01,INE406A01037,AUROPHARMA,EQ,1332.2,1359.9,1325.9,1342.1,1341.0,1304.4,2595497,3492170828.0,86970
2026-04-01,INE898S01029,AURUM,EQ,164.0,168.7,161.0,165.86,166.0,154.87,40093,6634257.4,560
2026-04-01,INE218C01016,AUSOMENT,BE,98.75,99.03,98.69,99.03,99.03,94.32,3235,319881.28,25
2026-04-01,INE0P0001010,APS,SM,284.95,306.0,284.0,297.1,299.8,264.5,47000,13934862.5,143
2026-04-01,INE206F01022,AIIL,EQ,447.65,447.65,428.65,432.5,432.8,429.85,682107,298010303.15,26125
2026-04-01,INE718H01014,AUTOIND,EQ,53.9,54.39,51.15,54.01,54.2,49.04,133367,7086043.93,1223
2026-04-01,INE449A01011,AUTOAXLES,EQ,1570.3,1672.6,1570.3,1623.6,1669.5,1547.1,10306,16798086.4,1814
2026-04-01,INE900C01027,ASAL,EQ,381.5,417.5,381.5,407.55,407.0,377.4,29810,12166402.7,1264
2026-04-01,INE349W01017,AVADHSUGAR,EQ,474.95,492.25,461.05,469.95,466.75,469.4,175941,83925849.45,6837
2026-04-01,INE0LCL01028,AVALON,EQ,933.45,974.5,927.3,936.85,938.0,928.0,214518,202478414.0,18986
2026-04-01,INE1KU201016,AVANA,SM,65.05,68.0,64.55,67.2,68.0,65.05,20000,1328200.0,9
2026-04-01,INE005B01027,AVANTEL,EQ,132.95,136.57,128.5,134.28,134.6,126.56,2730189,365547926.69,21034
2026-04-01,INE871C01038,AVANTIFEED,EQ,1209.9,1258.0,1209.9,1223.6,1224.0,1176.0,455958,562917944.9,28236
2026-04-01,INE192R01011,DMART,EQ,4075.0,4294.8,4066.1,4271.1,4263.3,3956.8,2710202,11486639137.3,158130
2026-04-01,INE483S01020,CCAVENUE,EQ,14.0,14.48,14.0,14.35,14.26,13.4,8792506,125469497.56,11926
2026-04-01,INE680Z01018,AVG,EQ,143.12,154.98,143.12,145.4,144.1,144.51,67146,10024320.15,1927
2026-04-01,INE0TFB01017,AVIANSH,SM,111.0,112.0,111.0,111.0,111.0,109.8,3000,334000.0,3
2026-04-01,INE323B01024,AVONMORE,EQ,11.25,11.55,10.93,11.41,11.45,10.14,183231,2072369.6,1277
2026-04-01,INE0R9401019,AVPINFRA,SM,84.45,86.1,84.0,86.1,86.1,78.3,42400,3627560.0,51
2026-04-01,INE652Z01017,AVROIND,EQ,113.25,113.37,113.0,113.37,113.37,107.98,2551,288992.77,44
2026-04-01,INE488D01021,AVTNPL,EQ,54.24,60.74,54.05,56.91,56.7,54.24,159425,9021528.4,1288
2026-04-01,INE108V01019,AWFIS,EQ,242.14,252.99,237.01,250.32,249.0,230.65,572390,140980158.04,9381
2026-04-01,INE699H01024,AWL,EQ,182.99,187.17,181.15,182.63,182.5,177.77,2087071,382251592.22,29590
2026-04-01,INE238A01034,AXISBANK,EQ,1175.0,1208.0,1175.0,1193.1,1200.0,1161.3,6595695,7876039165.1,214852
2026-04-01,INF846K01W80,AXISGOLD,EQ,124.71,126.14,123.71,124.69,125.13,121.64,4082216,510343971.15,11628
2026-04-01,INF846K01X63,AXISBNKETF,EQ,517.0,533.0,517.0,529.77,529.68,516.61,2125,1122831.28,118
2026-04-01,INF846K01Z04,AXISBPSETF,EQ,13.24,13.49,13.15,13.22,13.24,13.2,469098,6199013.73,469
2026-04-01,INF846K016C7,AXISCETF,EQ,108.94,109.26,108.82,109.0,109.0,106.58,1071,116742.43,23
2026-04-01,INF846K01Z12,AXISHCETF,EQ,147.25,149.0,135.2,140.78,141.0,144.33,16988,2453893.13,259
2026-04-01,INF846K011K1,AXISILVER,EQ,230.25,236.16,230.02,233.26,232.9,223.53,569329,133209710.56,7100
2026-04-01,INF846K01W98,AXISNIFTY,EQ,249.75,252.7,249.2,249.94,250.43,244.75,60869,15259499.9,2897
2026-04-01,INF846K01Y96,AXISTECETF,EQ,327.63,331.0,324.01,324.73,324.17,318.1,3195,1046126.19,90
2026-04-01,INF846KA1119,AXISVALUE,EQ,31.37,32.08,30.75,31.7,32.08,30.61,178360,5587346.71,502
2026-04-01,INF846K010Q0,AXSENSEX,EQ,75.88,76.92,75.17,75.61,75.8,74.39,4413,333788.9,75
2026-04-01,INE555B01013,AXISCADES,EQ,1590.1,1590.1,1535.0,1583.7,1590.0,1514.4,243370,382286673.2,10521
2026-04-01,INE02EZ01022,AXITA,BE,8.7,8.76,8.15,8.65,8.66,8.57,477451,4085231.8,610
2026-04-01,INE501X01029,AYE,EQ,101.49,101.52,94.22,96.44,95.62,95.13,543084,53053963.71,7594
2026-04-01,INE193B01039,AYMSYNTEX,EQ,185.0,189.0,182.0,187.2,189.0,181.06,14540,2699152.9,952
2026-04-01,INE02IJ01035,AZAD,EQ,1524.0,1547.3,1503.6,1534.7,1522.0,1484.0,353414,539518568.1,27770
2026-04-01,INE01EE01011,BBTCL,EQ,160.0,179.99,156.0,174.38,174.2,159.75,4542,779601.22,129
2026-04-01,INE116D01028,BAGFILMS,EQ,3.66,4.34,3.66,4.28,4.3,3.63,141787,598839.8,376
2026-04-01,INE17CQ01015,BAGDIGITAL,SM,104.2,108.0,103.5,105.25,103.5,104.2,19200,2014320.0,11
2026-04-01,INE350H01032,BLKASHYAP,EQ,44.6,46.59,44.5,45.92,46.5,42.81,312749,14339612.85,1395
2026-04-01,INE01FR01028,STYLEBAAZA,EQ,287.0,299.8,282.55,294.45,296.6,272.9,451777,133056510.3,9827
2026-04-01,INE878I01022,BAFNAPH,EQ,114.8,114.8,111.8,111.96,114.0,109.34,1454,165927.35,35
2026-04-01,INE029Q01017,BAHETI,SM,490.0,526.0,480.0,510.9,508.45,487.3,44625,22787137.5,68
2026-04-01,INE020D01022,BAIDFIN,EQ,9.1,10.2,9.1,10.15,10.19,9.1,173836,1710526.96,458
2026-04-01,INE917I01010,BAJAJ-AUTO,EQ,8993.5,9170.0,8870.0,8895.5,8885.5,8781.5,416423,3735302348.0,56236
2026-04-01,INE933K01021,BAJAJCON,EQ,350.75,367.2,349.95,361.7,363.0,347.9,521038,188431306.95,14108
2026-04-01,INE193E01025,BAJAJELEC,EQ,345.0,352.0,343.0,345.65,344.0,337.75,107606,37276526.25,4297
2026-04-01,INE296A01032,BAJFINANCE,EQ,832.8,842.05,814.8,817.3,819.0,801.55,15094026,12522093054.7,264877
2026-04-01,INE918I01026,BAJAJFINSV,EQ,1679.0,1683.1,1642.0,1647.0,1651.6,1631.8,1796540,2990037768.9,89878
2026-04-01,INE411U01027,BAJAJHCARE,EQ,303.2,316.8,294.15,311.7,309.05,290.1,129186,40092133.3,5008
2026-04-01,INE306A01021,BAJAJHIND,EQ,16.76,17.28,16.5,16.96,17.03,16.47,14421710,245869822.45,18223
2026-04-01,INE118A01012,BAJAJHLDNG,EQ,8999.0,9166.0,8831.5,8907.0,8899.5,8746.0,71648,639637413.0,16309
2026-04-01,INE377Y01014,BAJAJHFL,EQ,74.54,77.59,74.31,77.22,77.31,73.09,9421847,719709369.52,52337
2026-04-01,INE0KQN01018,BAJEL,EQ,141.92,158.5,141.92,154.13,153.15,137.27,932804,141341011.74,11007
2026-04-01,INE083D01012,BALPHARMA,EQ,60.2,66.0,60.2,64.87,65.9,60.42,8768,568376.37,165
2026-04-01,INE050E01027,BALAMINES,EQ,1011.2,1041.8,1008.6,1021.1,1019.0,977.2,88717,91427185.95,5635
2026-04-01,INE0PQ601019,BALAJIPHOS,SM,108.9,108.9,108.9,108.9,108.9,104.95,1000,108900.0,1
2026-04-01,INE794B01026,BALAJITELE,EQ,74.89,81.0,72.1,79.68,79.99,71.11,232981,18197324.8,2425
2026-04-01,INE618N01022,BALAXI,EQ,16.03,18.8,16.03,18.8,18.8,15.67,163326,2991667.93,532
2026-04-01,INE787D01026,BALKRISIND,EQ,2172.5,2172.6,2095.1,2127.6,2130.0,2083.0,128406,271456401.6,15825
2026-04-01,INE875R01011,BALKRISHNA,EQ,13.5,14.2,13.5,14.12,14.02,13.5,15315,213777.16,134
2026-04-01,INE164A01016,BALMLAWRIE,EQ,157.1,160.55,153.17,158.49,158.85,149.08,219798,34665333.17,3146
2026-04-01,INE119A01028,BALRAMCHIN,EQ,504.0,509.6,492.7,494.95,494.2,497.1,778708,387838411.6,28081
2026-04-01,INE011E01029,BALUFORGE,EQ,410.0,424.8,399.2,424.6,424.8,386.2,631253,264772671.15,10912
2026-04-01,INE655B01011,BANARBEADS,EQ,107.99,108.65,101.07,104.45,105.95,102.26,6421,664208.15,150
2026-04-01,INE213C01025,BANCOINDIA,EQ,534.95,545.3,521.55,539.65,538.9,504.35,272729,147124589.5,15136
2026-04-01,INE545U01014,BANDHANBNK,EQ,144.55,149.4,144.43,147.67,147.68,141.35,6299255,928312678.21,30833
2026-04-01,INF194KB1KJ7,GOLDBND,EQ,149.15,150.08,147.5,148.81,149.5,146.23,61748,9221943.09,457
2026-04-01,INF194KA1U07,IDFNIFTYET,EQ,251.65,252.36,245.01,248.61,248.62,245.51,1824,457488.38,80
2026-04-01,INF194KB1KI9,SILVERBND,EQ,236.07,238.0,233.03,234.52,235.0,225.9,40292,9491411.56,891
2026-04-01,INE863I01016,BANG,EQ,29.8,31.5,28.55,29.81,30.3,27.32,9230,279727.38,163
2026-04-01,INE028A01039,BANKBARODA,EQ,253.0,256.25,250.4,252.03,253.25,247.6,11199966,2835456103.52,103429
2026-04-01,INE084A01016,BANKINDIA,EQ,142.81,144.78,139.64,141.7,141.6,136.99,13202443,1877438888.24,60680
2026-04-01,INE457A01014,MAHABANK,EQ,64.0,65.5,63.25,64.88,64.98,61.33,16041678,1033715016.03,58407
2026-04-01,INE862Y01015,BANKA,EQ,42.49,46.16,42.49,45.98,46.16,41.97,10589,473697.76,86
2026-04-01,INE186H01022,BASML,EQ,17.95,19.75,17.69,19.3,19.14,17.27,296718,5625420.23,1234
2026-04-01,INE459A01010,BANARISUG,EQ,3600.0,3670.0,3600.0,3650.6,3650.5,3594.7,1134,4134434.6,145
2026-04-01,INE0B9K01025,BANSALWIRE,EQ,238.99,238.99,230.88,234.79,237.0,224.95,56745,13384177.1,1377
2026-04-01,INE629D01020,BANSWRAS,EQ,99.99,103.36,97.85,101.01,102.25,96.09,105769,10580892.26,2419
2026-04-01,INE139I01011,BVCL,EQ,32.52,37.8,32.52,36.47,35.5,32.08,22560,807611.85,382
2026-04-01,INE0QX401014,BARFLEX,SM,63.8,63.8,60.0,61.0,61.0,60.05,24000,1458500.0,12
2026-04-01,INF251K01TL6,BBNPNBETF,EQ,51.43,52.77,50.4,51.0,52.26,50.42,789,40802.01,49
2026-04-01,INF251K01SU9,BBNPPGOLD,EQ,144.3,145.9,142.15,144.6,145.1,141.45,6314,912364.9,218
2026-04-01,INE855F01042,ASMS,EQ,7.44,8.1,7.15,7.59,7.58,7.0,3936900,30187477.43,5366
2026-04-01,INE373A01013,BASF,EQ,3230.9,3328.5,3230.9,3271.7,3250.5,3213.4,16899,55564449.3,4187
2026-04-01,INE0OCC01013,BASILIC,SM,202.0,202.0,187.0,190.85,191.95,168.35,31800,6119445.0,77
2026-04-01,INE176A01028,BATAINDIA,EQ,631.95,647.15,622.3,628.05,626.9,607.5,333068,210860503.15,18989
2026-04-01,INE0JFJ01011,BAWEJA,SM,22.3,23.95,22.3,23.95,23.95,21.35,8000,185440.0,9
2026-04-01,INE462A01022,BAYERCROP,EQ,4674.9,4768.8,4594.7,4743.5,4726.0,4645.6,22717,106672967.1,8181
2026-04-01,INE412G01024,BCLIND,EQ,26.21,29.08,26.21,28.91,28.9,26.06,908929,25636754.81,4122
2026-04-01,INE00SW01015,BCPL,EQ,75.98,75.98,67.0,67.61,69.0,68.98,59248,4204718.38,1891
2026-04-01,INE639X01027,BEACON,SM,73.9,77.0,71.75,74.55,73.5,67.3,37000,2767500.0,31
2026-04-01,INE520H01022,BEARDSELL,EQ,21.99,23.0,20.02,22.36,22.36,20.3,8676,186410.96,232
2026-04-01,INE844K01012,BEDMUTHA,BE,98.71,102.7,94.55,100.05,102.48,99.2,9967,956315.35,103
2026-04-01,INE344T01014,BELLACASA,EQ,226.35,265.0,226.35,262.38,257.0,224.95,25756,6349657.91,1953
2026-04-01,INE894V01022,BELRISE,EQ,190.81,195.12,188.5,189.34,189.4,185.99,4113384,787182569.23,45784
2026-04-01,INE0N7W01012,BLAL,EQ,156.3,168.54,156.3,165.4,165.01,155.74,19013,3131415.63,460
2026-04-01,INE258A01024,BEML,EQ,1410.5,1514.9,1399.0,1476.8,1479.0,1369.4,613712,908244435.0,47523
2026-04-01,INE463A01038,BERGEPAINT,EQ,419.15,419.2,413.2,417.8,417.85,410.0,178475,74373180.8,13800
2026-04-01,INE052T01021,BESTAGRO,BE,12.35,12.91,12.35,12.91,12.91,12.3,89611,1149876.16,242
2026-04-01,INE351Y01019,BETA,EQ,1200.0,1280.0,1190.0,1270.1,1260.0,1189.3,14446,17804007.0,1359
2026-04-01,INE0HQI01014,BEWLTD,SM,67.4,73.0,67.4,72.0,72.0,65.3,28000,2003200.0,47
2026-04-01,INE878K01010,BFINVEST,EQ,336.0,349.0,333.0,346.55,341.0,317.7,22181,7587873.8,655
2026-04-01,INE243D01012,BFUTILITIE,BZ,385.0,390.25,380.0,390.25,390.25,371.7,14210,5499628.85,421
2026-04-01,INF0QA701714,BANKBETF,EQ,53.9,53.9,51.14,52.22,52.75,51.15,37654,1965397.53,355
2026-04-01,INF0QA701854,LIQUIDBETF,EQ,1075.34,1075.62,1072.21,1075.35,1075.34,1075.34,486404,523048917.82,216
2026-04-01,INF0QA701722,NIFTYBETF,EQ,234.59,234.88,231.8,232.16,231.98,229.24,12416,2899726.29,366
2026-04-01,INE661I01014,BGRENERGY,BE,240.1,257.88,240.1,257.87,257.88,245.6,84685,21512534.33,694
2026-04-01,INE0ZRC01017,BHADORA,SM,53.0,54.8,53.0,54.8,54.8,50.2,10800,579180.0,7
2026-04-01,INE354C01027,BHAGERIA,EQ,130.0,143.0,130.0,139.6,140.0,128.54,37469,5096580.58,655
2026-04-01,INE414D01027,BHAGCHEM,EQ,176.96,198.5,175.0,195.5,196.5,171.47,192433,36342957.78,3010
2026-04-01,INE458B01036,BHAGYANGR,EQ,140.99,151.48,140.99,151.06,151.47,137.71,147194,22124442.45,1398
2026-04-01,INE474E01029,BHANDARI,EQ,2.21,2.43,2.14,2.43,2.43,2.03,352501,832774.55,488
2026-04-01,INE922A01025,BEPL,EQ,83.1,87.25,83.1,86.25,87.25,82.19,658428,56956557.71,4001
2026-04-01,INE464A01036,BBL,EQ,2105.0,2231.9,2105.0,2212.1,2206.0,2068.9,24673,54159200.6,3848
2026-04-01,INE05XR01022,BHARATCOAL,EQ,31.0,32.25,30.78,31.98,31.89,29.95,11725101,371357906.27,31172
2026-04-01,INE171Z01026,BDL,EQ,1132.2,1216.0,1120.2,1203.9,1210.2,1096.6,4217920,5028102010.3,99070
2026-04-01,INE263A01024,BEL,EQ,415.0,430.2,412.65,418.7,420.0,400.65,25301241,10704007824.75,249765
2026-04-01,INE465A01025,BHARATFORG,EQ,1710.0,1730.5,1661.7,1668.4,1670.9,1674.6,957975,1622818205.4,71450
2026-04-01,INE561C01019,BHARATGEAR,EQ,93.98,93.98,90.0,90.78,90.94,86.22,28426,2596841.59,493
2026-04-01,INE029A01011,BPCL,EQ,292.0,292.0,280.1,281.25,280.7,281.0,16919233,4805539568.9,140806
2026-04-01,INE838B01021,BHARATRAS,EQ,1235.0,1325.0,1235.0,1305.9,1322.2,1210.1,18641,24081850.6,2352
2026-04-01,INE727S01012,BRNL,EQ,16.93,18.89,16.93,18.39,18.23,16.94,85156,1524724.64,524
2026-04-01,INE415D01024,BHARATSE,EQ,144.74,160.59,144.74,155.84,154.0,140.81,363702,56093341.38,6165
2026-04-01,INE316L01019,BHARATWIRE,EQ,160.0,165.78,159.35,161.13,160.0,157.55,112319,18274910.52,1454
2026-04-01,INE397D01024,BHARTIARTL,EQ,1811.0,1817.3,1776.5,1781.9,1786.7,1782.4,10694662,19167649291.7,280289
2026-04-01,INE343G01021,BHARTIHEXA,EQ,1514.7,1564.7,1455.1,1465.6,1469.0,1508.7,263495,390778625.6,30858
2026-04-01,INE828A01016,BIL,EQ,700.0,700.0,679.7,699.4,700.0,658.65,1261,871430.05,150
2026-04-01,INE257A01026,BHEL,EQ,254.5,257.35,250.5,251.84,251.4,245.5,14241715,3616209970.49,133738
2026-04-01,INE412U01025,BIGBLOC,EQ,39.0,45.96,39.0,45.86,45.1,38.3,363758,16204885.74,3176
2026-04-01,INE00E101023,BIKAJI,EQ,629.65,630.6,619.0,621.4,620.95,621.95,74772,46600703.75,6017
2026-04-01,INE0SQH01013,BIKEWO,ST,17.6,17.85,17.6,17.85,17.85,17.0,8000,142100.0,4
2026-04-01,INE071A01013,BILVYAPAR,BE,5.03,5.04,4.9,5.04,5.04,4.8,2165,10876.34,19
2026-04-01,INE0HOQ01053,GROWW,EQ,158.0,162.5,154.15,161.55,162.1,150.12,21307137,3398085190.14,106411
2026-04-01,INE376G01013,BIOCON,EQ,369.0,371.9,362.0,365.2,364.6,360.9,2832071,1039315948.75,33374
2026-04-01,INE829A01014,BIOFILCHEM,EQ,26.69,28.35,26.51,27.55,27.55,25.79,14242,393649.01,214
2026-04-01,INE0XW001014,BIOPOL,SM,98.45,98.45,94.0,97.6,97.6,97.1,18000,1759080.0,13
2026-04-01,INE800A01015,BIRLACABLE,EQ,108.0,114.0,105.0,112.74,113.0,104.3,48596,5402749.34,951
2026-04-01,INE340A01012,BIRLACORPN,EQ,870.0,912.4,851.1,892.2,885.0,834.5,177617,157959351.15,14131
2026-04-01,INE557A01011,BIRLANU,EQ,1207.8,1397.0,1207.8,1362.0,1375.0,1201.5,45508,60653260.5,4163
2026-04-01,INF209KC1670,ABSL10BANK,EQ,155.29,158.77,153.39,156.71,157.0,158.77,8060,1246583.55,104
2026-04-01,INF209KB17D5,ABSLBANETF,EQ,53.5,53.5,52.24,52.67,52.71,51.48,40475,2133915.22,523
2026-04-01,INF209KB18T9,ABSLLIQUID,EQ,999.99,1000.01,999.99,1000.0,1000.0,999.99,1736,1736008.88,24
2026-04-01,INF209KC1662,ABSLMSCIN,EQ,28.5,28.97,26.98,27.78,27.75,28.5,17323,474268.73,156
2026-04-01,INF209KB16D7,ABSLNN50ET,EQ,64.2,66.7,64.2,64.68,65.65,64.9,35499,2321642.0,402
2026-04-01,INF209KB10E8,BSLSENETFG,EQ,73.69,74.52,73.15,73.57,73.6,72.36,4095,301510.32,200
2026-04-01,INF209KC1142,GSEC10ABSL,EQ,109.05,109.2,109.0,109.2,109.2,110.25,188,20501.5,5
2026-04-01,INF209KB10C2,HEALTHY,EQ,14.22,15.03,14.22,14.67,14.79,14.59,262914,3857164.63,1414
2026-04-01,INF209KB14K7,MOMENTUM,EQ,27.5,29.59,27.5,28.34,29.3,27.38,36939,1044402.69,396
2026-04-01,INF209KB15K4,NIFTYQLITY,EQ,19.9,20.0,19.05,19.76,19.95,19.03,62088,1215974.07,299
2026-04-01,INF209KB19F6,SILVER,EQ,229.65,237.21,229.65,234.35,234.4,224.91,2921040,687175887.0,20712
2026-04-01,INF209KB11D8,TECH,EQ,32.16,32.7,31.94,32.04,32.03,31.5,167751,5429899.85,287
2026-04-01,INF209KB19Z4,ABSLPSE,EQ,10.2,10.37,9.93,9.98,10.14,9.92,172868,1751106.5,638
2026-04-01,INE836A01035,BSOFT,EQ,342.85,353.5,339.0,349.65,350.0,332.55,743501,259468459.8,23369
2026-04-01,INE676A01027,BBOX,EQ,447.4,494.0,447.4,477.55,473.25,447.15,420126,200173083.9,16447
2026-04-01,INE0UIZ01018,BLACKBUCK,EQ,580.0,586.15,563.45,575.55,570.15,576.9,513785,295769137.6,30303
2026-04-01,INE791A01024,BLBLIMITED,BE,15.63,16.07,15.15,15.74,15.74,15.32,79775,1246805.23,116
2026-04-01,INE416D01022,BLISSGVS,EQ,228.0,233.8,221.87,229.4,229.65,215.59,3017285,694140201.08,29183
2026-04-01,INE0NLT01010,BLSE,EQ,163.5,166.7,161.3,162.94,163.23,160.05,401477,65471121.04,3838
2026-04-01,INE153T01027,BLS,EQ,248.15,263.34,243.0,255.41,256.15,235.65,8031172,2067697998.83,95851
2026-04-01,INE472B01011,BLUECOAST,EQ,20.24,20.77,19.5,19.61,19.61,19.84,4213,83826.07,46
2026-04-01,INE233B01017,BLUEDART,EQ,4700.0,4973.5,4684.5,4886.8,4924.4,4747.0,24161,118388641.8,7325
2026-04-01,INE0KBH01020,BLUEJET,EQ,335.0,355.85,335.0,351.0,351.1,327.25,466192,163026922.0,9602
2026-04-01,INE0SAK01011,BLUEPEBBLE,ST,118.7,120.3,118.7,120.3,120.3,114.6,2800,334460.0,7
2026-04-01,INE472A01039,BLUESTARCO,EQ,1680.0,1680.0,1520.0,1556.3,1554.5,1610.7,1494091,2335052694.0,77278
2026-04-01,INE0X3M01010,BLUEWATER,SM,153.0,153.0,153.0,153.0,153.0,146.95,1000,153000.0,1
2026-04-01,INE304W01038,BLUESTONE,EQ,470.0,477.0,446.7,453.3,450.2,467.15,443882,202785050.55,21676
2026-04-01,INE0U4101014,BLUSPRING,EQ,54.39,55.9,52.12,54.34,55.48,50.93,290260,15886795.37,2379
2026-04-01,INE965W01036,BMWVENTLTD,EQ,49.5,53.14,49.5,51.97,51.51,48.67,162286,8456499.01,1092
2026-04-01,INE338D01028,BODALCHEM,EQ,52.0,55.6,52.0,54.65,54.2,51.2,197949,10761156.56,1223
2026-04-01,INE0EEJ01023,BTML,EQ,5.55,6.4,5.55,6.25,6.4,5.46,578511,3410356.28,889
2026-04-01,INE802W01023,BOHRAIND,BE,15.0,16.0,15.0,15.82,15.5,15.5,7462,118365.55,23
2026-04-01,INE050A01025,BBTC,EQ,1349.0,1414.3,1325.0,1404.4,1405.8,1322.0,65493,90967506.8,8477
2026-04-01,INE032A01023,BOMDYEING,EQ,98.1,104.48,96.08,102.29,102.11,92.71,1928826,195419608.9,19469
2026-04-01,INE0I3Y01014,BMETRICS,SM,42.05,43.0,42.0,43.0,43.0,40.0,2400,101640.0,3
2026-04-01,INE032Z01020,BSHSL,EQ,63.1,72.84,63.1,72.84,72.84,60.7,28727,2052655.22,271
2026-04-01,INE053F07538,810IRFC27,N2,1055.04,1055.13,1055.04,1055.11,1055.11,1057.0,155,163538.31,4
2026-04-01,INE906B07CB9,830NHAI27,N2,1060.1,1064.0,1060.0,1062.99,1062.0,1060.1,2905,3087538.8,20
2026-04-01,INE020B07HP8,846REC28,N6,1091.0,1096.23,1091.0,1096.23,1096.23,1080.45,366,399831.23,3
2026-04-01,INE020B07HT0,862REC33,,1202.56,1202.56,1200.0,1200.0,1200.0,1208.0,650,781290.5,4
2026-04-01,INE557F07090,863NHB29,N2,5505.0,5505.0,5505.0,5505.0,5505.0,5505.0,112,616560.0,2
2026-04-01,INE053F07686,865IRFC29,,1093.43,1115.0,1090.0,1100.0,1100.0,1093.43,6169,6800690.46,36
2026-04-01,INE020B07HS2,871REC28,N9,1093.0,1108.0,1093.0,1096.25,1096.25,1095.06,2158,2365544.0,19
2026-04-01,INE053F07744,888IRFC29,NE,1100.0,1110.0,1100.0,1100.0,1100.0,1189.0,1160,1276500.0,17
2026-04-01,INE557F07132,901NHB34,N6,6190.0,6190.0,6185.0,6185.0,6185.0,6173.33,34,210295.0,5
2026-04-01,INE020B07IH3,886REC34,NG,1259.0,1259.0,1259.0,1259.0,1259.0,1259.0,300,377700.0,1
2026-04-01,INE0B9A01018,BONLON,BE,36.0,37.05,35.01,36.87,36.87,36.01,8667,312828.7,66
2026-04-01,INE16SF01016,BORANA,BE,293.1,318.95,293.1,306.8,306.0,303.8,87614,26751375.9,472
2026-04-01,INE02PY01013,BOROLTD,EQ,219.2,248.89,219.2,241.79,237.1,218.54,162749,38576047.87,3953
2026-04-01,INE666D01022,BORORENEW,EQ,390.95,414.7,388.6,411.45,410.0,377.0,666024,268259680.25,18712
2026-04-01,INE02L001032,BOROSCI,EQ,103.0,113.89,103.0,110.78,111.0,103.14,171827,18776488.07,2432
2026-04-01,INE782A01015,BOSCH-HCIL,EQ,1099.0,1149.0,1061.0,1131.2,1125.0,1049.1,25255,28297743.6,2405
2026-04-01,INE323A01026,BOSCHLTD,EQ,29445.0,31085.0,29120.0,30635.0,30775.0,28745.0,70699,2162361085.0,29243
2026-04-01,INE0QNI01012,BOSS,SM,38.9,40.0,38.9,40.0,40.0,40.9,6000,235600.0,3
2026-04-01,INE110A01019,BPL,EQ,40.5,45.7,39.9,44.41,44.21,38.17,161046,6992136.88,2101
2026-04-01,INE0R4Z01018,BRACEPORT,SM,46.9,46.9,46.25,46.5,46.5,47.65,6400,298480.0,4
2026-04-01,INE02RE01045,FIRSTCRY,EQ,215.0,225.3,212.54,220.67,219.1,208.34,2425134,535661955.05,32986
2026-04-01,INE977Y01011,BCONCEPTS,EQ,207.5,233.19,207.49,223.85,223.72,199.75,17346,3825506.5,743
2026-04-01,INE0XUD01014,BRANDMAN,SM,116.0,123.65,116.0,123.65,123.65,112.45,12800,1569000.0,16
2026-04-01,INE791I01019,BRIGADE,EQ,673.0,675.95,653.0,672.6,672.1,650.75,462882,307322977.0,19873
2026-04-01,INE03NU01014,BRIGHOTEL,EQ,56.5,58.75,56.5,57.97,57.9,55.65,160714,9320345.0,1926
2026-04-01,INE425B01027,BCG,BE,8.22,8.57,8.22,8.57,8.57,8.17,2515446,21504450.85,2396
2026-04-01,INE216A01030,BRITANNIA,EQ,5520.0,5538.0,5433.5,5474.0,5460.0,5423.0,252740,1384473177.5,29606
2026-04-01,INE0FDU25010,BIRET,RR,323.9,325.89,318.2,320.1,320.0,323.69,243271,78181119.49,28484
2026-04-01,INE650L01011,BROOKS,EQ,38.98,44.53,38.98,44.53,44.53,37.11,83311,3572340.3,703
2026-04-01,INE118H01025,BSE,EQ,2810.5,2899.9,2797.3,2867.6,2865.9,2683.5,5166997,14812242588.4,178158
2026-04-01,INE594B01012,BSL,EQ,103.41,118.37,103.41,114.92,114.0,102.79,5503,613387.38,128
2026-04-01,INE295F01017,BUTTERFLY,EQ,613.0,614.3,595.0,601.9,603.1,591.05,62526,37762613.65,3575
2026-04-01,INE0SZ301012,BULKCORP,SM,46.9,46.9,43.25,43.25,43.25,44.75,2400,108180.0,2
2026-04-01,INE0SMX01019,CKKRETAIL,ST,125.0,131.0,120.15,131.0,131.0,124.8,150400,19458560.0,101
2026-04-01,INE0BV301023,MAPMYINDIA,EQ,816.5,879.0,816.5,863.55,866.05,801.1,169404,145762948.9,10840
2026-04-01,INE0U7V01015,C2C,SM,391.0,404.0,385.0,399.15,400.5,363.95,129300,51122452.5,550
2026-04-01,INE090Y01013,CADSYS,SM,42.2,46.5,42.2,45.4,45.4,44.4,11500,494700.0,14
2026-04-01,INE526B01014,CALSOFT,EQ,12.05,12.08,11.5,11.82,11.92,12.26,126034,1492269.44,517
2026-04-01,INE627H01017,CTE,EQ,22.05,23.8,22.05,22.6,22.4,21.93,39198,886090.55,405
2026-04-01,INE052I01032,CAMLINFINE,EQ,100.0,108.0,97.89,101.56,101.0,96.93,1640113,168165590.18,27949
2026-04-01,INE278Y01022,CAMPUS,EQ,228.0,228.0,221.24,223.72,221.36,218.85,238131,53263994.22,11653
2026-04-01,INE477A01020,CANFINHOME,EQ,800.05,833.75,800.05,814.35,816.0,792.05,121726,99524260.6,14407
2026-04-01,INE476A01022,CANBK,EQ,128.02,129.5,126.3,127.3,127.7,123.45,29217022,3732640033.81,122526
2026-04-01,INE01TY01017,CANHLIFE,EQ,142.09,145.75,142.06,144.38,143.97,140.65,731757,105444984.13,18061
2026-04-01,INE218I01013,CRAMC,EQ,226.38,236.6,224.71,233.48,234.0,217.25,1163336,269251969.88,15065
2026-04-01,INE0QG301017,CANARYS,SM,15.5,18.05,15.5,17.8,18.05,15.05,104000,1781200.0,26
2026-04-01,INE068L01024,CANTABIL,EQ,226.0,234.72,226.0,231.02,231.58,221.0,79454,18402355.67,1776
2026-04-01,INE264T01014,CAPACITE,EQ,210.0,218.59,207.44,214.87,217.32,203.38,439779,94100758.41,8337
2026-04-01,INE0ILV01024,CAPILLARY,EQ,484.9,497.0,484.9,485.65,484.95,479.45,44477,21841954.35,1600
2026-04-01,INE345H01024,CIFL,EQ,21.1,22.75,20.62,21.09,21.28,20.74,320008,6934881.04,2160
2026-04-01,INE0Z8Z23013,CAPINVIT,IV,68.9,69.5,68.01,69.18,69.47,68.51,212452,14645481.93,1707
2026-04-01,INE646H01017,CAPITALSFB,EQ,221.9,231.0,221.9,228.43,224.0,218.9,23412,5334834.93,766
2026-04-01,INE707C01018,CAPTRUST,BE,11.45,11.55,11.2,11.51,11.55,11.0,9884,113052.57,64
2026-04-01,INE475E01026,CAPLIPOINT,EQ,1565.0,1593.1,1544.1,1570.1,1572.2,1504.8,72897,114422229.4,9196
2026-04-01,INE180C01042,CGCL,EQ,168.1,178.28,168.0,175.98,174.0,166.49,1698794,294945544.83,18770
2026-04-01,INE120A01034,CARBORUNIV,EQ,788.95,813.5,788.95,802.5,802.0,775.7,107728,86440968.2,9366
2026-04-01,INE752H01013,CARERATING,EQ,1498.5,1530.5,1482.9,1509.0,1505.0,1448.5,26527,40073853.5,3427
2026-04-01,INE0P6P01016,CPEDU,EQ,142.18,160.0,142.18,154.0,156.0,142.18,8640,1330890.19,421
2026-04-01,INE0V7W01012,CARRARO,EQ,476.3,503.25,465.0,467.3,470.0,463.1,62464,29465598.75,4142
2026-04-01,INE290S01011,CARTRADE,EQ,1710.0,1762.9,1674.2,1756.2,1755.0,1650.0,236299,408614795.8,29622
2026-04-01,INE482D01024,CARYSIL,EQ,762.0,801.85,762.0,792.9,792.0,753.4,40797,32250476.35,3411
2026-04-01,INE0WL201014,CUDML,SM,93.0,93.0,93.0,93.0,93.0,93.0,2000,186000.0,2
2026-04-01,INE172A01027,CASTROLIND,EQ,176.1,178.4,174.9,176.32,176.0,173.52,1568599,276877523.68,22998
2026-04-01,INE421D01022,CCL,EQ,1054.1,1087.9,1046.8,1082.3,1075.5,1041.2,258798,278502893.1,28511
2026-04-01,INE482A01020,CEATLTD,EQ,3390.0,3400.0,3328.3,3385.8,3390.0,3242.5,64651,217490585.3,12454
2026-04-01,INE11J101017,CEDAAR,SM,19.65,19.8,19.65,19.8,19.8,18.9,16000,316500.0,13
2026-04-01,INE0AG901020,CEIGALL,EQ,270.1,281.45,270.1,277.9,277.3,270.9,225191,62686401.5,4091
2026-04-01,INE016Q01014,CEINSYS,EQ,950.0,1003.9,950.0,982.9,990.0,892.25,142107,139916222.75,8645
2026-04-01,INE185H01016,CELEBRITY,EQ,6.39,6.5,5.94,6.34,6.38,5.81,31802,200841.59,157
2026-04-01,INE0O0001013,CELLPOINT,SM,13.6,13.6,13.6,13.6,13.6,12.0,1200,16320.0,1
2026-04-01,INE0OMO01025,CELLECOR,SM,23.9,27.0,23.35,26.0,26.5,22.85,363000,9148800.0,96
2026-04-01,INE0LMW01024,CELLO,EQ,398.4,405.6,390.1,397.0,396.05,388.5,188227,75626762.45,5361
2026-04-01,INE686A01026,CEMPRO,EQ,523.0,542.0,519.35,532.8,538.0,510.95,657979,347841713.6,32427
2026-04-01,INE483A01010,CENTRALBK,EQ,32.6,33.4,32.14,33.08,33.15,31.43,6403299,210266633.29,17070
2026-04-01,INE736A01011,CDSL,EQ,1158.5,1195.9,1154.6,1182.8,1184.0,1119.4,2151571,2547915107.9,61887
2026-04-01,INE05HV01027,CMPDI,EQ,157.81,162.85,156.15,160.1,160.01,154.06,2023192,322571523.74,22881
2026-04-01,INE660C01027,CENTRUM,EQ,29.37,29.9,28.0,28.52,28.51,27.59,334096,9656817.36,943
2026-04-01,INE320B01020,CENTUM,EQ,2890.1,2935.3,2811.0,2865.7,2852.0,2764.2,42778,123123643.3,7011
2026-04-01,INE485A01015,CENTENKA,EQ,392.5,398.6,384.1,393.1,394.4,372.55,16346,6389668.45,598
2026-04-01,INE281A01026,CENTEXT,EQ,17.66,18.49,17.28,18.26,18.49,16.52,94478,1703274.24,475
2026-04-01,INE348B01021,CENTURYPLY,EQ,724.2,735.0,699.0,714.95,712.0,701.5,57178,40582865.85,4302
2026-04-01,INE739E01017,CERA,EQ,4565.0,4704.0,4565.0,4667.4,4610.0,4562.7,9237,43002352.7,3519
2026-04-01,INE345B01019,CEREBRAINT,BZ,3.69,3.87,3.69,3.87,3.87,3.69,18031,69345.17,27
2026-04-01,INE486A01021,CESC,EQ,153.49,154.9,150.92,153.12,153.45,150.17,2218241,339014352.68,32654
2026-04-01,INE067A01029,CGPOWER,EQ,673.0,690.25,672.4,680.3,679.5,655.05,2316056,1580471329.6,60536
2026-04-01,INE427F01016,CHALET,EQ,710.05,729.0,707.5,717.75,717.65,702.3,179230,129074182.7,21160
2026-04-01,INE419D01026,CLSEL,EQ,211.64,232.92,211.64,228.99,232.25,205.25,94375,20970225.66,1971
2026-04-01,INE06PV01010,CMNL,SM,95.05,99.85,95.05,96.05,96.05,90.4,6000,585412.5,8
2026-04-01,INE085A01013,CHAMBLFERT,EQ,436.35,447.8,432.5,446.2,444.8,426.7,993432,439512819.0,28728
2026-04-01,INE11HG01018,CHAMUNDA,SM,38.65,43.8,38.65,42.25,42.95,38.65,108000,4476600.0,33
2026-04-01,INE0B2N01016,CHANDAN,SM,224.2,248.1,224.2,245.45,248.1,219.4,13600,3263120.0,17
2026-04-01,INE0PT101017,CHAVDA,SM,86.0,93.0,86.0,89.0,89.0,81.3,37000,3340300.0,32
2026-04-01,INE0TGX01019,CHEMBONDCH,EQ,109.85,123.93,107.65,118.94,122.38,106.24,21155,2506134.23,548
2026-04-01,INE995D01025,CHEMBOND,EQ,105.2,124.98,105.2,122.1,124.0,106.72,20101,2433765.35,530
2026-04-01,INE03YM01018,CHEMCON,EQ,132.0,141.0,129.5,139.87,139.5,125.92,67582,9304707.2,2128
2026-04-01,INE783X01023,CHEMFAB,EQ,298.0,341.45,298.0,326.35,326.35,292.9,22709,7383707.8,1789
2026-04-01,INE488A01050,CHEMPLASTS,EQ,265.0,274.0,256.3,259.85,260.3,264.21,182687,48116149.2,7693
2026-04-01,INE178A01016,CHENNPETRO,EQ,995.0,1026.85,975.6,1017.85,1012.0,967.35,2877753,2896620072.25,70055
2026-04-01,INE0U1T01012,CHETANA,SM,31.8,34.95,31.8,33.05,32.2,30.95,14400,479840.0,7
2026-04-01,INE974B01016,CHEVIOT,EQ,940.0,949.0,919.0,928.05,926.0,904.4,1232,1149045.15,147
2026-04-01,INE102B01014,CHOICEIN,EQ,629.8,655.35,626.0,640.25,639.0,610.1,694296,445591942.2,16284
2026-04-01,INF2KCX01012,CHOICEGOLD,EQ,145.61,149.2,145.61,148.42,147.8,144.24,29830,4428774.75,456
2026-04-01,INE149A01033,CHOLAHLDNG,EQ,1388.0,1422.0,1366.0,1386.7,1383.7,1365.3,229330,317702766.2,26840
2026-04-01,INE121A01024,CHOLAFIN,EQ,1401.9,1409.6,1363.0,1373.6,1366.0,1354.7,2262261,3129177242.0,78811
2026-04-01,INE536H01010,CIEINDIA,EQ,455.0,459.9,451.55,454.95,453.0,445.0,104242,47507249.55,12632
2026-04-01,INE675C01017,CIGNITITEC,EQ,1101.0,1166.8,1101.0,1136.3,1137.0,1093.6,40472,46507007.0,2599
2026-04-01,INE704H01022,CINELINE,EQ,81.0,81.0,76.5,79.94,80.0,75.28,13319,1060724.86,204
2026-04-01,INE039B01026,CINEVISTA,EQ,13.15,14.99,13.15,14.76,14.96,13.11,28500,411431.38,99
2026-04-01,INE059A01026,CIPLA,EQ,1255.0,1257.0,1194.0,1195.9,1199.7,1224.2,2180444,2640543099.6,123360
2026-04-01,INE491A01021,CUB,EQ,250.0,251.7,236.01,239.68,239.95,239.85,2548115,612305819.36,94346
2026-04-01,INE201M01029,CLEDUCATE,BE,46.49,46.5,44.5,46.48,46.5,44.46,21417,980517.76,142
2026-04-01,INE0UQ601012,CLASSICEIL,SM,36.5,39.3,36.2,38.5,38.5,36.0,19200,733680.0,12
2026-04-01,INE376C01038,CLCIND,BE,17.65,17.65,17.65,17.65,17.65,16.81,13,229.45,3
2026-04-01,INE647U01026,CLEANMAX,EQ,781.0,839.0,781.0,829.45,830.0,769.7,248141,204834660.6,11358
2026-04-01,INE227W01023,CLEAN,EQ,682.25,712.0,671.1,699.95,699.0,656.4,266048,185483739.35,16393
2026-04-01,INE1EF801010,CSSL,SM,97.0,102.0,97.0,101.05,101.05,95.0,6000,603100.0,6
2026-04-01,INE925R01014,CMSINFO,EQ,277.0,288.5,272.25,281.85,279.1,265.6,630306,178072471.3,17609
2026-04-01,INE522F01014,COALINDIA,EQ,464.0,464.85,446.8,449.4,449.45,450.45,14960312,6757354779.9,142103
2026-04-01,INE377E01024,COASTCORP,EQ,45.49,47.01,43.0,43.89,44.5,41.03,157599,7052034.97,1096
2026-04-01,INE704P01025,COCHINSHIP,EQ,1244.9,1372.0,1228.1,1338.6,1340.0,1193.1,8012279,10781264887.8,208665
2026-04-01,INE335K01011,COFFEEDAY,EQ,21.5,24.2,21.5,23.84,23.89,21.12,1518031,35693966.29,3984
2026-04-01,INE591G01025,COFORGE,EQ,1150.0,1187.5,1145.1,1153.9,1155.0,1114.7,1991196,2321407924.3,64507
2026-04-01,INE03QK01018,COHANCE,EQ,308.95,317.5,304.0,311.95,312.0,301.45,497644,154931381.95,19776
2026-04-01,INE259A01022,COLPAL,EQ,1822.0,1845.0,1810.3,1819.7,1831.8,1788.7,407513,744742152.9,28520
2026-04-01,INE073V01015,COMSYN,EQ,156.98,156.98,153.0,153.07,153.0,153.0,16826,2583005.69,210
2026-04-01,INE597Z01014,COMMITTED,SM,238.5,259.0,238.5,247.9,258.9,250.15,12000,3017760.0,15
2026-04-01,INE070C01037,COMPINFO,BZ,0.93,0.95,0.93,0.94,0.94,0.91,17007,16075.58,17
2026-04-01,INE453B01029,COMPUSOFT,EQ,12.79,12.98,12.4,12.47,12.6,12.17,41895,530982.64,243
2026-04-01,INE596I01020,CAMS,EQ,642.0,669.3,640.0,655.35,656.5,625.8,1705026,1123571358.15,35923
2026-04-01,INE338H01029,CONCORDBIO,EQ,1065.0,1069.3,1010.7,1020.0,1019.9,1018.4,219258,225884479.3,17787
2026-04-01,INE037Z01029,CEWATER,EQ,265.0,278.4,260.5,277.0,278.4,254.0,55435,15117102.15,2253
2026-04-01,INE552D01024,CONFIPET,EQ,38.8,44.48,38.4,44.03,43.29,37.49,7777041,325744047.24,29527
2026-04-01,INE0EAS01014,CONNPLEX,SM,227.0,242.9,225.0,239.8,239.95,221.45,36800,8667760.0,40
2026-04-01,INE429I01024,CCCL,EQ,13.08,14.13,13.08,14.13,14.13,12.85,176245,2474171.2,342
2026-04-01,INE025A01027,CONSOFINVT,BE,201.0,206.85,200.0,205.57,206.85,197.0,5101,1031811.21,73
2026-04-01,INE111A01025,CONCOR,EQ,437.95,452.55,434.0,444.55,444.25,425.3,1113085,497444901.0,27068
2026-04-01,INE340Z01019,CONTI,SM,13.05,13.05,13.05,13.05,13.05,13.05,3333,43495.65,1
2026-04-01,INE663B01015,CONTROLPR,EQ,548.05,559.2,533.05,553.65,552.0,524.5,32501,17827022.8,1768
2026-04-01,INE0HS001028,COOLCAPS,SM,28.95,29.95,27.95,28.4,28.75,28.55,127500,3655312.5,75
2026-04-01,INE558D01021,CORALFINAC,EQ,26.07,28.0,26.07,27.22,27.0,25.82,9577,262289.49,375
2026-04-01,INE792I01017,CORDSCABLE,EQ,141.8,149.59,135.01,146.72,148.89,129.69,51675,7465494.73,1412
2026-04-01,INE169A01031,COROMANDEL,EQ,1935.0,1968.8,1898.3,1918.7,1912.0,1909.8,568550,1101457152.6,41803
2026-04-01,INE02ZQ01018,CORONA,EQ,1595.0,1611.8,1526.8,1541.0,1540.0,1556.0,21724,33930860.2,2529
2026-04-01,INE757A01017,COSMOFIRST,EQ,602.95,634.65,602.95,623.95,627.2,595.45,75010,47003495.5,2933
2026-04-01,INE652F01027,CCHHL,EQ,10.58,11.95,10.58,11.06,11.0,10.58,30142,339174.86,167
2026-04-01,INE695B01025,COUNCODOS,EQ,4.38,4.38,3.83,4.17,4.09,3.96,53484,220149.46,208
2026-04-01,INE521J01018,CPCAP,EQ,74.35,83.9,74.35,83.09,82.4,75.4,9666,786354.83,225
2026-04-01,INF457M01133,CPSEETF,EQ,100.0,102.91,100.0,101.52,101.75,100.0,2068971,210578980.96,10866
2026-04-01,INE00LO01017,CRAFTSMAN,EQ,7140.5,7173.5,6786.0,6838.0,6879.0,6977.0,57919,404030935.5,12559
2026-04-01,INE0OFK01019,CRAYONS,SM,24.8,29.7,24.8,29.7,29.7,24.75,21000,590300.0,21
2026-04-01,INE230B01021,CREATIVEYE,EQ,5.67,6.29,5.67,6.03,6.07,5.67,2456,14941.86,68
2026-04-01,INE0R7401011,CGRAPHICS,SM,144.05,153.5,144.05,148.0,148.0,142.4,22400,3329200.0,26
2026-04-01,INE985W01018,CNL,EQ,565.0,565.0,528.3,555.1,545.0,528.15,6084,3346192.95,414
2026-04-01,INE741K01010,CREDITACC,EQ,1174.0,1209.9,1162.1,1192.0,1181.6,1158.0,137170,163095492.7,17028
2026-04-01,INE220Q01020,MUFTI,EQ,65.5,69.55,65.5,67.91,68.2,64.06,285910,19472434.58,4004
2026-04-01,INE559D01011,CREST,EQ,315.0,338.25,315.0,328.7,330.7,324.85,2798,925337.7,171
2026-04-01,INE007A01025,CRISIL,EQ,3900.0,3948.8,3784.8,3814.9,3820.5,3761.2,53050,203140912.9,13456
2026-04-01,INE0S4R01014,CRIZAC,EQ,184.8,194.6,180.03,192.59,192.9,176.91,246556,47189453.81,5196
2026-04-01,INE299U01018,CROMPTON,EQ,228.7,233.31,228.0,232.59,231.25,223.6,2989782,692642645.76,34276
2026-04-01,INE00NH01017,CLSL,SM,41.05,41.05,41.05,41.05,41.05,41.0,2000,82100.0,1
2026-04-01,INE491V01019,CROWN,EQ,110.0,117.0,110.0,116.66,116.7,105.31,7877,901257.71,180
2026-04-01,INE679A01013,CSBBANK,EQ,351.0,363.45,348.8,360.05,357.0,340.5,418242,149871295.5,14153
2026-04-01,INE718F01018,CSLFINANCE,EQ,230.0,247.84,222.15,244.82,245.0,220.0,187096,44353758.32,2544
2026-04-01,INE144D01012,CUBEXTUB,EQ,77.4,85.0,76.98,83.8,83.9,73.94,137296,11223163.92,2248
2026-04-01,INE298A01020,CUMMINSIND,EQ,4640.0,4670.2,4544.2,4609.1,4618.0,4500.1,598276,2758197794.8,64819
2026-04-01,INE509F01029,CUPID,EQ,85.9,89.75,84.8,86.84,86.5,83.1,20009639,1750567654.37,69206
2026-04-01,INE117B01020,CURAA,BE,111.0,111.0,111.0,111.0,111.0,111.77,10,1110.0,2
2026-04-01,INE1BZN01016,CURIS,SM,95.9,99.9,95.9,99.9,99.9,92.95,3000,293800.0,3
2026-04-01,INE1CRQ01014,CURRENT,SM,122.0,136.0,122.0,136.0,136.0,123.1,4800,613360.0,3
2026-04-01,INE278G01037,CYBERMEDIA,EQ,12.25,12.54,11.52,12.54,12.54,11.4,13945,171949.79,98
2026-04-01,INE075Z01011,CMRSL,SM,55.05,55.05,55.05,55.05,55.05,52.45,800,44040.0,1
2026-04-01,INE214A01019,CYBERTECH,EQ,102.0,109.39,102.0,108.19,107.65,98.72,65654,7045347.22,948
2026-04-01,INE055S01018,CYIENTDLM,EQ,286.2,287.5,278.25,284.6,283.7,272.3,377163,107188616.95,11032
2026-04-01,INE136B01020,CYIENT,EQ,792.2,811.25,767.0,780.45,779.2,752.85,421493,333834135.8,35343
2026-04-01,INE864X01013,DPWIRES,EQ,136.78,145.0,133.31,142.84,145.0,126.74,18794,2615210.49,536
2026-04-01,INE250K01012,DLINKINDIA,EQ,390.0,400.4,388.0,395.55,397.9,377.75,94480,37368689.2,2883
2026-04-01,INE266Y01019,DPABHUSHAN,EQ,989.9,1010.0,966.45,1005.55,1009.95,943.2,10511,10485363.65,1128
2026-04-01,INE950I01011,DBCORP,EQ,185.96,198.5,185.96,192.64,194.0,185.96,94633,18221259.63,2154
2026-04-01,INE016A01026,DABUR,EQ,420.0,420.95,412.2,414.95,414.6,410.45,979365,408093818.7,22522
2026-04-01,INE00R701025,DALBHARAT,EQ,1850.0,1850.0,1791.7,1806.0,1809.8,1779.2,198990,360512349.0,26222
2026-04-01,INE495A01022,DALMIASUG,EQ,409.85,419.0,360.5,383.45,377.5,394.35,13685013,5470446872.2,189138
2026-04-01,INE284H01025,DAMCAPITAL,EQ,128.9,136.0,127.0,135.14,135.95,123.26,575039,76417166.29,8447
2026-04-01,INE497D01022,DAMODARIND,EQ,20.0,22.0,20.0,21.52,21.74,20.01,5051,107972.28,78
2026-04-01,INE688Y01022,DANGEE,EQ,2.89,2.96,2.8,2.92,2.96,2.74,61646,177092.88,183
2026-04-01,INE0YU901016,DANISH,SM,610.0,614.0,591.4,596.9,595.0,557.05,17250,10384545.0,86
2026-04-01,INE04Q901010,DCCL,SM,34.0,35.0,33.0,35.0,35.0,35.0,12000,410200.0,6
2026-04-01,INE0IX101010,DATAPATTNS,EQ,3140.0,3180.0,3062.1,3107.6,3100.0,3035.3,843921,2632720090.5,63643
2026-04-01,INE365B01017,DATAMATICS,EQ,671.15,708.0,651.25,692.95,690.0,637.25,118347,81574547.25,6693
2026-04-01,INE179G01029,DAVANGERE,EQ,3.78,4.0,3.73,3.77,3.75,3.72,9787266,37544375.19,3855
2026-04-01,INE921B01025,DBSTOCKBRO,EQ,25.0,26.0,25.0,25.96,26.0,24.96,1306,33827.6,42
2026-04-01,INE0A1101019,DCI,EQ,300.1,320.0,300.1,316.15,318.0,300.1,51096,16150418.7,1635
2026-04-01,INE503A01015,DCBBANK,EQ,166.99,168.75,162.51,166.84,166.12,158.33,1278444,212114350.76,17005
2026-04-01,INE0S8401018,DCG,SM,47.9,56.0,47.8,54.45,54.65,48.25,7200,378060.0,6
2026-04-01,INE891B01012,DCMFINSERV,BE,4.92,4.92,4.92,4.92,4.92,5.17,11488,56520.96,72
2026-04-01,INE498A01018,DCM,EQ,57.6,62.35,57.6,61.12,61.5,55.37,11068,663617.45,489
2026-04-01,INE08KP01019,DCMNVL,EQ,98.0,104.22,98.0,102.11,102.45,97.56,6048,619025.74,148
2026-04-01,INE0OFM01015,DSFCL,EQ,19.0,19.09,18.2,18.92,19.0,17.36,122851,2324172.69,3139
2026-04-01,INE843D01027,DCMSRIND,EQ,35.5,36.75,35.05,36.28,36.0,34.28,281980,10170989.91,1197
2026-04-01,INE0OU201013,DCMSIL,BE,68.9,71.76,65.99,66.43,67.55,68.35,117652,8103040.4,546
2026-04-01,INE499A01024,DCMSHRIRAM,EQ,1146.7,1168.9,1121.8,1151.9,1154.9,1116.5,52821,60654991.7,8366
2026-04-01,INE500A01029,DCW,EQ,39.45,41.55,38.64,41.08,41.1,37.53,1516353,61313561.89,6061
2026-04-01,INE0KL801015,DCXINDIA,EQ,159.4,166.2,158.11,164.96,165.99,154.23,1667967,273000787.63,14671
2026-04-01,INE0HR601026,DDEVPLSTIK,EQ,199.0,217.79,199.0,214.0,216.09,189.35,230433,48617894.23,3976
2026-04-01,INE0JWV01011,DENEERS,ST,139.05,150.8,139.0,147.75,147.75,144.4,31800,4585140.0,35
2026-04-01,INE244A01016,DENORA,EQ,690.0,733.85,690.0,722.4,729.0,681.5,4002,2887494.0,415
2026-04-01,INE583C01021,DECCANCE,EQ,569.0,619.9,551.45,587.8,619.9,545.4,28505,16547606.0,1029
2026-04-01,INE0S7C01019,DECCANTRAN,SM,18.7,19.15,17.75,18.85,18.85,16.6,13200,247560.0,11
2026-04-01,INE841L01016,DEEDEV,EQ,282.0,291.25,277.55,289.2,286.0,268.85,1067784,304511308.7,12792
2026-04-01,INE586O01011,DEEM,SM,31.0,31.0,31.0,31.0,31.0,29.65,1000,31000.0,1
2026-04-01,INE0FHS01024,DEEPINDS,EQ,433.75,461.55,433.75,447.85,450.0,430.6,614269,276714915.8,16698
2026-04-01,INE0OPA01019,DBEIL,EQ,54.95,59.75,54.88,59.38,59.75,53.65,108387,6269754.79,1743
2026-04-01,INE501A01019,DEEPAKFERT,EQ,957.95,1005.0,933.6,988.35,985.0,909.0,853406,839060649.45,38869
2026-04-01,INE288B01029,DEEPAKNTR,EQ,1329.9,1357.7,1310.3,1352.2,1355.0,1286.8,93708,125795569.0,12151
2026-04-01,INE0SK801018,DELAPLEX,SM,88.95,92.0,88.95,91.0,91.0,82.1,6600,598770.0,11
2026-04-01,INE148O01028,DELHIVERY,EQ,427.0,441.0,427.0,431.4,429.9,416.7,2796488,1214160621.85,46034
2026-04-01,INE726L01027,DELPHIFX,EQ,9.3,9.3,8.48,8.98,9.09,8.02,202415,1788242.76,444
2026-04-01,INE0XRN01019,DELTIC,SM,31.0,33.4,31.0,32.95,32.35,28.45,10000,327850.0,10
2026-04-01,INE124G01033,DELTACORP,EQ,50.9,56.8,50.66,54.31,55.5,49.34,3025593,160922991.04,25345
2026-04-01,INE393A01011,DELTAMAGNT,EQ,51.98,51.98,49.13,50.17,50.6,46.2,4573,230302.72,125
2026-04-01,INE947J01015,DEN,EQ,23.51,25.28,23.5,24.85,24.93,22.98,727082,17814238.17,2366
2026-04-01,INE0R4L01018,DENTA,EQ,234.19,244.63,234.0,238.05,239.0,224.75,248744,59491042.37,4895
2026-04-01,INE0VOV01021,DEVX,EQ,33.0,34.0,32.51,33.82,33.9,30.82,91038,3067880.46,587
2026-04-01,INE060X01034,DEVIT,EQ,25.0,25.98,24.19,25.75,25.98,23.23,41644,1056596.5,392
2026-04-01,INE872J01023,DEVYANI,EQ,96.59,97.95,95.55,96.76,97.0,94.59,3500737,338558810.99,27538
2026-04-01,INE0I3401014,DBOL,EQ,117.26,126.6,105.25,113.53,115.0,116.1,2827100,333082149.48,28656
2026-04-01,INE041A01016,DHAMPURSUG,EQ,144.25,147.5,139.35,140.73,139.99,141.77,1049971,150298856.78,14223
2026-04-01,INE680A01011,DHANBANK,EQ,20.6,23.49,20.43,22.51,22.9,19.64,2768763,60900200.59,4452
2026-04-01,INE0V9V01010,DHANLAXMI,SM,23.0,23.8,23.0,23.6,23.6,22.65,22000,518400.0,10
2026-04-01,INE435G01025,DHANUKA,EQ,940.0,956.0,907.9,943.05,950.0,898.4,53737,50561222.55,3847
2026-04-01,INE704V01015,DIRL,SM,11.25,11.25,11.25,11.25,11.25,10.75,6000,67500.0,1
2026-04-01,INE2HJL01019,DHARARAIL,SM,97.95,106.5,97.95,105.35,106.5,90.05,16000,1636000.0,16
2026-04-01,INE278R01034,DHARAN,BZ,0.12,0.12,0.12,0.12,0.12,0.11,9412532,1129503.84,272
2026-04-01,INE0YRN01025,DHARIWAL,ST,44.6,44.7,41.7,43.55,43.6,43.8,72000,3123300.0,23
2026-04-01,INE00OQ01016,DHARMAJ,EQ,237.44,243.79,235.05,237.69,238.0,230.21,45144,10821125.42,1547
2026-04-01,INE506Z01015,DHRUV,EQ,27.38,29.99,26.99,29.59,29.1,27.38,42171,1192055.07,225
2026-04-01,INE320L01011,DHUNINV,EQ,698.9,760.0,698.9,745.95,745.6,690.3,5518,4054892.4,500
2026-04-01,INE341R01014,DTIL,EQ,113.0,122.41,110.05,116.48,116.39,109.5,9710,1131403.1,235
2026-04-01,INE477B01010,DVL,EQ,190.0,205.74,190.0,202.98,205.0,187.39,36094,7225574.01,853
2026-04-01,INE591D01014,DIAMINESQ,EQ,235.0,242.31,231.31,241.53,241.99,233.31,15516,3675997.73,1032
2026-04-01,INE989C01038,DIACABS,EQ,124.7,130.7,121.05,125.31,125.5,118.82,2656654,336353180.68,12822
2026-04-01,INE303A01010,DICIND,EQ,504.0,509.0,471.3,502.15,509.0,467.25,1623,809325.55,69
2026-04-01,INE184O01015,DIFFNKG,EQ,264.0,271.9,251.37,269.57,268.61,249.8,75932,20078006.07,1601
2026-04-01,INE03JI01017,DGCONTENT,EQ,21.91,23.94,21.91,23.66,23.8,21.96,22281,511755.1,57
2026-04-01,INE0PSC01024,DIGIDRIVE,EQ,17.26,18.78,17.26,18.14,18.45,16.85,36835,668294.81,222
2026-04-01,INE0QJ901011,DIGIKORE,SM,70.0,74.0,66.15,70.4,73.95,68.8,148000,10398440.0,174
2026-04-01,INE927C01020,DIGISPICE,EQ,15.55,16.78,15.55,16.02,15.62,15.38,138239,2204066.96,428
2026-04-01,INE0U4701011,DIGITIDE,EQ,77.64,79.5,76.6,77.14,77.25,75.23,430033,33612215.42,2767
2026-04-01,INE731U01028,DIGJAMLMTD,EQ,39.0,39.95,38.21,38.24,38.25,38.12,3849,149299.35,38
2026-04-01,INE016M01021,DNAMEDIA,EQ,2.6,2.9,2.55,2.79,2.8,2.46,111390,305735.56,214
2026-04-01,INE917M01012,DBL,EQ,396.0,413.85,394.1,406.6,406.95,387.2,221385,89853738.7,8828
2026-04-01,INE836F01026,DISHTV,EQ,2.09,2.2,1.96,2.2,2.2,1.84,7010046,14873715.69,2630
2026-04-01,INE385W01011,DCAL,EQ,136.73,147.5,132.2,146.14,146.5,129.97,585443,83385004.49,9740
2026-04-01,INE753U01022,DIVGIITTS,EQ,645.0,664.45,623.35,631.85,636.5,615.8,68080,43617351.95,3682
2026-04-01,INE361B01024,DIVISLAB,EQ,6002.0,6123.0,5834.0,5906.5,5905.0,5947.0,546653,3251020565.0,57663
2026-04-01,INE0NA501011,DIVINEHIRA,ST,257.2,270.05,257.2,262.05,262.05,257.2,25600,6811520.0,15
2026-04-01,INE0SCO01019,DPEL,SM,428.85,428.85,414.15,419.25,420.0,414.3,30500,12797825.0,51
2026-04-01,INE0QYI01019,DIVYADHAN,SM,20.1,20.1,20.1,20.1,20.1,19.15,2000,40200.0,1
2026-04-01,INE935N01020,DIXON,EQ,10100.0,10390.0,9904.0,10254.0,10270.0,9673.0,670532,6831058773.5,89727
2026-04-01,INE0B1K01014,DJML,BE,83.0,85.4,80.45,83.55,83.6,81.41,10705,896126.05,100
2026-04-01,INE271C01023,DLF,EQ,519.95,524.55,507.0,509.75,509.05,504.1,6453918,3320151335.85,65582
2026-04-01,INE505A01010,DMCC,EQ,200.5,215.0,200.5,211.13,211.0,197.56,24240,5099681.19,604
2026-04-01,INE021O01019,DODLA,EQ,985.0,1015.0,979.3,1010.5,1011.0,971.1,40033,39935178.4,4118
2026-04-01,INE966A01022,DOLATALGO,EQ,67.75,71.1,67.0,69.9,70.5,65.96,190229,13203981.2,2187
2026-04-01,INE325C01035,DOLLAR,EQ,227.9,244.99,227.2,242.45,244.98,223.3,128867,30599706.89,3188
2026-04-01,INE0JHH01011,DOLLEX,SM,31.3,31.3,31.3,31.3,31.3,27.05,4000,125200.0,1
2026-04-01,INE920A01037,DOLPHIN,EQ,402.5,412.0,396.3,402.85,401.2,395.7,47321,19200545.0,1975
2026-04-01,INE321T01012,DOMS,EQ,2375.0,2393.5,2292.1,2345.1,2342.0,2298.4,81582,191377718.2,11370
2026-04-01,INE668D01028,DONEAR,EQ,80.15,85.05,80.15,84.21,84.06,79.82,36308,3055370.35,1002
2026-04-01,INE360C01024,DPSCLTD,EQ,7.54,7.69,7.41,7.62,7.63,7.08,103770,786809.41,509
2026-04-01,INE943P01029,AGARWALEYE,EQ,412.6,423.3,412.35,419.5,415.5,406.55,66664,27971395.55,3603
2026-04-01,INE600L01024,LALPATHLAB,EQ,1316.2,1335.9,1302.5,1323.6,1323.0,1312.1,291338,384735451.4,36703
2026-04-01,INE089A01031,DRREDDY,EQ,1280.0,1284.8,1206.1,1209.6,1207.5,1254.9,2240507,2759845010.2,90797
2026-04-01,INE03RS01027,DRCSYSTEMS,EQ,14.73,15.99,14.7,15.18,15.28,14.46,102899,1582970.66,716
2026-04-01,INE0JS101016,DREAMFOLKS,EQ,57.19,68.62,57.19,67.66,67.63,57.19,666371,43767018.79,6523
2026-04-01,INE506A01018,DREDGECORP,EQ,816.55,837.8,794.15,829.35,829.9,768.55,148978,122397920.8,8956
2026-04-01,INE0P7201019,DRONE,SM,38.0,40.25,38.0,40.25,40.25,36.6,38500,1544225.0,37
2026-04-01,INE055C01020,KEEPLEARN,EQ,1.55,1.84,1.55,1.84,1.84,1.54,118457,207998.01,118
2026-04-01,INF740KA1EU7,LIQUIDETF,EQ,999.99,1000.01,999.99,999.99,999.99,1000.0,123428,123427843.2,183
2026-04-01,INF740KA1YH2,BANK10ADD,EQ,15.55,15.99,15.3,15.43,15.99,15.18,32566285,506380531.8,13659
2026-04-01,INF740KA1RX3,BANKADD,EQ,52.67,53.06,52.12,52.58,52.63,51.36,47715,2511625.12,163
2026-04-01,INF740KA1SW3,GOLDADD,EQ,144.59,147.18,144.3,144.57,144.47,143.59,506274,73328621.27,3290
2026-04-01,INF740KA1SX1,ITADD,EQ,31.44,32.0,31.16,31.32,32.0,30.66,68827,2168174.03,134
2026-04-01,INF740KA1QK2,EQUAL50ADD,EQ,314.94,352.75,311.0,324.25,324.0,307.59,19939,6284509.75,333
2026-04-01,INF740KA1CL0,NIFTYADD,EQ,239.96,240.5,237.38,238.57,238.73,234.11,2180105,522528161.42,619
2026-04-01,INF740KA1SY9,PSUBANKADD,EQ,82.03,82.87,80.87,81.91,82.57,79.27,492509,40193333.76,520
2026-04-01,INF740KA1TA7,PVTBANKADD,EQ,24.61,25.7,24.61,25.03,25.7,24.46,2138213,53428471.13,2807
2026-04-01,INF740KA1QL0,MIDQ50ADD,EQ,219.75,222.5,217.89,219.93,222.5,213.35,5730,1259911.25,171
2026-04-01,INF740KA1SZ6,SENSEXADD,EQ,74.06,76.9,74.06,75.25,75.3,73.88,8364,630229.44,77
2026-04-01,INF740KA1RE3,SILVERADD,EQ,224.22,229.79,224.22,226.62,227.2,217.69,1032249,235505455.94,8862
2026-04-01,INF740KA1WU9,FLEXIADD,EQ,8.96,9.5,8.96,9.13,9.31,8.96,281635,2597047.41,339
2026-04-01,INF740KA1UF4,HEALTHADD,EQ,145.85,145.85,141.4,142.42,142.6,142.93,2960,423501.25,60
2026-04-01,INF740KA1UM0,LIQUIDADD,EQ,1120.1,1120.1,1120.08,1120.08,1120.1,1120.08,691489,774526582.09,433
2026-04-01,INF740KA1WW5,MIDCAPADD,EQ,20.01,20.27,19.84,19.92,19.92,19.44,96638,1943080.0,56
2026-04-01,INF740KA1WV7,MSCIADD,EQ,26.99,27.39,26.99,27.07,27.07,26.78,639,17263.87,11
2026-04-01,INF740KA1VE5,NEXT30ADD,EQ,38.27,38.27,37.82,38.01,38.04,37.38,3341,127410.7,59
2026-04-01,INF740KA1XU7,NEXT50ADD,EQ,62.84,66.0,61.95,62.81,64.52,60.85,74767,4678980.81,197
2026-04-01,INF740KA1WX3,SMALLADD,EQ,14.97,15.11,14.66,14.87,14.84,14.88,315796,4704265.0,522
2026-04-01,INF740KA1UR9,TOP10ADD,EQ,85.27,90.0,84.43,86.7,85.9,84.27,1129705,96353387.17,1826
2026-04-01,INE0LZO01015,DUCOL,SM,98.75,98.75,94.7,97.5,97.5,90.3,3200,310280.0,4
2026-04-01,INE741L01018,DUCON,EQ,2.34,2.74,2.34,2.72,2.74,2.29,770273,2061247.96,858
2026-04-01,INE0HPK01020,DUGLOBAL,SM,31.75,31.75,30.0,30.0,30.0,27.4,12500,392250.0,4
2026-04-01,INE0OUW01013,DURLAX,SM,48.9,48.9,44.9,44.95,45.0,45.0,66000,3001500.0,27
2026-04-01,INE366A01041,DWARKESH,EQ,45.87,48.51,45.32,46.47,46.65,45.92,4677414,219354226.58,21363
2026-04-01,INE417B01040,DSSL,EQ,826.0,875.0,804.65,864.4,868.0,784.85,47170,40087973.8,3618
2026-04-01,INE221B01012,DYNAMATECH,EQ,9240.0,9549.0,9127.5,9388.5,9381.0,9010.0,14773,139167291.0,6814
2026-04-01,INE600Y01019,DYCL,EQ,249.5,263.9,249.5,260.56,261.2,240.9,221161,57025104.35,4371
2026-04-01,INE0DZ701010,DYNAMIC,SM,88.0,93.15,88.0,93.15,93.15,84.7,12000,1097600.0,24
2026-04-01,INE256H01015,DYNPRO,EQ,198.9,215.44,198.9,204.94,204.49,192.78,28470,5917886.01,900
2026-04-01,INE0KFF01017,EFACTOR,SM,180.0,184.8,180.0,184.8,184.8,171.0,800,145920.0,2
2026-04-01,INE1CEJ01017,E2ERAIL,SM,187.15,187.15,183.75,183.75,183.75,180.75,35200,6578840.0,29
2026-04-01,INE255Z01019,E2E,BE,2125.0,2156.7,2120.0,2156.7,2156.7,2054.0,34946,75069040.9,2053
2026-04-01,INE962C01035,EASTSILK,BE,57.21,63.23,57.21,60.84,59.02,60.22,14233,826010.67,51
2026-04-01,INE07O001026,EASEMYTRIP,EQ,6.0,6.43,5.94,6.42,6.43,5.85,26445334,166608059.7,13647
2026-04-01,INE528S07110,888ECL28,N1,980.0,980.0,980.0,980.0,980.0,966.0,2,1960.0,1
2026-04-01,INE528S07128,925ECL28,N2,960.0,960.0,960.0,960.0,960.0,965.0,158,151680.0,2
2026-04-01,INE738I01010,ECLERX,EQ,1416.9,1493.5,1412.1,1484.2,1480.0,1387.2,246271,356551942.6,29220
2026-04-01,INE0VBS01016,ECOLINE,SM,123.0,123.0,121.0,121.0,121.0,121.0,9000,1105000.0,5
2026-04-01,INE06HJ01020,ECOSMOBLTY,EQ,110.29,118.44,109.34,117.23,117.0,104.84,671112,76889320.98,10797
2026-04-01,INF754K01OB1,BBETF0432,EQ,1295.0,1312.2,1291.91,1295.86,1295.51,1295.48,15205,19707433.41,136
2026-04-01,INF754K01TE4,EBANKNIFTY,EQ,52.0,53.0,51.19,51.88,51.82,50.82,210830,10916538.89,62
2026-04-01,INF754K01KO2,EBBETF0430,EQ,1582.13,1582.13,1546.17,1552.19,1553.0,1548.7,64970,101015686.97,907
2026-04-01,INF754K01LE1,EBBETF0431,EQ,1410.62,1410.62,1377.0,1383.68,1384.0,1381.5,12250,16963158.96,208
2026-04-01,INF754K01QX0,EBBETF0433,EQ,1282.48,1282.48,1252.4,1262.62,1258.2,1254.62,15725,19812613.92,686
2026-04-01,INF754K01TX4,ECAPINSURE,EQ,21.32,22.02,21.1,21.85,21.54,21.31,58856,1276891.91,379
2026-04-01,INF754K01SE6,EGOLD,EQ,149.25,150.7,146.35,148.95,149.1,146.25,115177,17126540.75,1851
2026-04-01,INF754K01VW2,ELIQUID,EQ,1024.72,1024.74,1024.72,1024.74,1024.74,1024.81,392,401696.92,6
2026-04-01,INF754K01VV4,ELM250,EQ,15.0,15.1,14.76,14.85,14.76,14.68,61524,917275.68,236
2026-04-01,INF754K01TF1,EMULTIMQ,EQ,38.15,38.19,37.66,37.95,37.98,36.72,42760,1620878.68,292
2026-04-01,INF754K01VX0,ENIFTY,EQ,22.84,24.24,22.77,22.83,22.83,22.56,11121,255370.83,45
2026-04-01,INF754K01VY8,ESENSEX,EQ,72.94,74.56,72.94,73.52,73.58,72.2,563,41646.82,18
2026-04-01,INF754K01SF3,ESILVER,EQ,226.65,236.68,226.65,234.17,233.96,226.96,73211,17194226.35,1938
2026-04-01,INE532F01054,EDELWEISS,EQ,103.99,107.7,102.77,106.2,106.19,99.67,3599370,381346729.04,22749
2026-04-01,INE886D01026,EFCIL,EQ,183.37,194.0,183.37,189.96,190.0,178.93,250053,47465620.16,5256
2026-04-01,INE0U9101019,EFFWA,SM,175.0,187.5,175.0,184.1,181.25,166.8,8000,1455080.0,14
2026-04-01,INE066A01021,EICHERMOT,EQ,6787.5,6891.5,6750.0,6825.5,6820.0,6586.0,736957,5033121826.5,105684
2026-04-01,INE126A01031,EIDPARRY,EQ,788.1,820.0,788.1,814.1,814.5,775.5,312718,254223219.45,16485
2026-04-01,INE276C01014,EIHAHOTELS,EQ,284.9,287.85,276.05,281.4,283.95,270.25,32435,9150387.9,1117
2026-04-01,INE230A01023,EIHOTEL,EQ,281.6,289.85,278.35,280.0,280.0,273.55,722376,203412134.35,21531
2026-04-01,INE158B01016,EIMCOELECO,EQ,1449.9,1556.0,1449.9,1548.5,1550.8,1428.8,13599,20800531.3,1315
2026-04-01,INE668G01021,ELDEHSG,EQ,796.05,824.9,780.05,785.2,785.2,779.15,403,322599.2,60
2026-04-01,INE205B01031,ELECON,EQ,367.95,387.65,367.15,381.35,383.4,354.75,587693,223258444.15,23193
2026-04-01,INE0Q1W01012,EFORCE,SM,17.0,19.65,17.0,19.55,19.55,16.4,15600,291480.0,13
2026-04-01,INE02YR01019,EMIL,EQ,90.0,94.81,90.0,92.79,92.45,88.1,382525,35334978.33,3335
2026-04-01,INE086A01029,ELECTCAST,EQ,77.36,81.84,76.0,81.15,80.97,73.65,5106122,408944129.97,26396
2026-04-01,INE822G01016,ELECTHERM,EQ,569.0,587.55,569.0,577.95,580.25,555.35,21822,12631064.65,1097
2026-04-01,INE0R9101015,ELGNZ,SM,54.5,63.9,54.5,61.8,61.75,53.55,60000,3701000.0,27
2026-04-01,INE285A01027,ELGIEQUIP,EQ,479.0,485.0,473.6,479.1,479.45,467.15,438826,210193082.75,31768
2026-04-01,INE819L01012,ELGIRUBCO,EQ,35.0,40.19,34.19,38.82,38.9,33.51,47293,1805381.59,658
2026-04-01,INE050401020,ELIN,EQ,99.0,106.69,98.0,105.24,105.0,94.61,290158,29843952.98,4196
2026-04-01,INE236E01022,ELLEN,EQ,205.5,211.68,200.42,203.76,203.0,197.53,449769,92939604.92,7856
2026-04-01,INE0ZOL01023,EMAPARTNER,SM,78.95,79.0,76.05,76.05,76.05,74.45,5000,390300.0,5
2026-04-01,INE548C01032,EMAMILTD,EQ,400.0,402.95,389.3,393.45,390.3,393.4,409885,161983860.1,23338
2026-04-01,INE830C01026,EMAMIPAP,EQ,58.74,63.28,58.15,61.68,62.0,56.59,25402,1563387.06,626
2026-04-01,INE778K01012,EMAMIREAL,EQ,58.0,59.0,56.0,58.24,58.02,54.42,15382,885572.86,252
2026-04-01,INE069I01010,EMBDL,BE,41.2,41.43,40.1,41.43,41.43,39.46,450283,18604882.04,945
2026-04-01,INE041025011,EMBASSY,RR,422.4,424.01,417.0,420.9,419.52,420.29,1051346,442024650.05,45776
2026-04-01,INE168P01015,EMCURE,EQ,1660.0,1664.0,1573.1,1590.1,1590.0,1595.5,388105,626650510.5,36367
2026-04-01,INE0RHD01013,ETML,SM,77.05,88.0,77.05,87.55,88.0,74.15,18000,1544940.0,15
2026-04-01,INE296H01011,EMKAY,EQ,192.01,204.59,192.01,196.28,198.0,188.31,41982,8410187.54,640
2026-04-01,INE332S01011,EMKAYTOOLS,SM,92.5,92.5,92.5,92.5,92.5,84.1,300,27750.0,2
2026-04-01,INE0PXC01024,ETL,SM,910.0,910.0,910.0,910.0,910.0,880.0,300,273000.0,2
2026-04-01,INE753K01015,EMMBI,EQ,60.6,68.63,60.6,66.77,68.49,60.59,20712,1371729.14,489
2026-04-01,INE1C6T01020,EMMVEE,EQ,229.0,229.59,215.2,219.04,218.1,217.37,1706185,375022630.83,33432
2026-04-01,INE0OV601013,EMSLIMITED,EQ,274.0,288.0,266.2,283.55,285.0,259.85,309617,86915726.45,8870
2026-04-01,INE01QM01018,EMUDHRA,EQ,379.9,402.0,377.85,393.25,392.0,374.1,155866,61352777.85,6498
2026-04-01,INE433T01015,ENCOMPAS,SM,242.05,260.0,242.05,258.0,258.0,241.85,42000,10696320.0,30
2026-04-01,INE913H01037,ENDURANCE,EQ,2323.0,2324.5,2241.8,2252.0,2252.0,2213.9,36794,83875788.3,9646
2026-04-01,INE306C01019,ENERGYDEV,EQ,13.21,13.8,13.21,13.8,13.8,13.15,25969,355441.62,111
2026-04-01,INE0S1L01013,EMMIL,SM,114.95,124.5,114.95,124.25,124.0,110.9,4000,482637.5,15
2026-04-01,INE0S3X01014,ENFUSE,SM,179.95,179.95,179.95,179.95,179.95,162.95,600,107970.0,1
2026-04-01,INE510A01028,ENGINERSIN,EQ,191.33,201.99,188.46,200.98,201.1,182.13,7247679,1434087179.37,64026
2026-04-01,INE0R9I01021,ENSER,SM,9.95,10.6,9.8,10.6,10.6,8.85,65000,674000.0,13
2026-04-01,INE010601016,ENTERO,EQ,1264.9,1276.5,1221.5,1246.6,1231.5,1247.8,96811,121275615.0,10027
2026-04-01,INE265F01028,ENIL,EQ,104.99,105.0,102.79,103.09,103.0,99.54,13447,1393081.34,270
2026-04-01,INE0LLY01014,EIEL,EQ,147.0,166.8,146.16,163.57,160.42,140.39,25012765,4030869335.31,156127
2026-04-01,INE0SUH01015,ENVIRO,SM,97.5,99.9,97.5,99.9,99.9,97.9,14000,1390300.0,14
2026-04-01,INE0G5901015,EPACK,EQ,205.27,218.99,205.27,217.51,218.0,197.9,999506,213280240.26,15225
2026-04-01,INE0MLS01022,EPACKPEB,EQ,138.5,138.77,135.44,138.77,138.77,132.17,191263,26328350.3,1826
2026-04-01,INE071N01016,EPIGRAL,EQ,822.0,875.5,818.8,869.05,872.0,810.45,66436,57187531.9,5121
2026-04-01,INE255A01020,EPL,EQ,212.0,218.52,206.33,215.23,215.0,205.27,2977643,635002472.71,56681
2026-04-01,INE11HF01010,EEPL,SM,106.0,109.9,106.0,109.7,109.7,98.85,5000,540600.0,5
2026-04-01,INE1KEC01023,EPWINDIA,SM,125.0,125.0,117.9,117.9,117.9,111.0,2400,291480.0,2
2026-04-01,INE217G01035,EQUIPPP,BE,14.12,15.2,13.99,14.55,14.28,14.72,16677,238160.28,74
2026-04-01,INE063P01018,EQUITASBNK,EQ,55.0,55.0,52.0,53.49,53.35,51.73,5588818,296184120.81,26693
2026-04-01,INE406M01024,ERIS,EQ,1312.9,1350.6,1281.7,1310.2,1311.0,1297.2,72103,94055216.0,15546
2026-04-01,INE284A01012,ESABINDIA,EQ,5200.0,5200.0,5050.1,5111.3,5169.0,4955.5,2207,11328199.5,820
2026-04-01,INE818W01011,ESAFSFB,EQ,21.67,22.87,20.5,22.43,22.49,19.86,1179644,25963885.44,3075
2026-04-01,INE0RQZ01017,ESCONET,SM,92.6,95.8,92.6,95.8,95.8,91.25,12400,1182700.0,25
2026-04-01,INE042A01014,ESCORTS,EQ,2800.0,2851.5,2800.0,2827.2,2830.0,2740.3,98176,277960589.4,22045
2026-04-01,INE0SBP01018,ESPRIT,SM,56.0,57.75,56.0,57.5,57.5,55.85,11200,638800.0,7
2026-04-01,INE122M01019,ESSARSHPNG,EQ,22.0,23.74,22.0,23.25,23.2,21.69,213899,4983047.37,982
2026-04-01,INE0ITO01014,ESFL,SM,115.7,115.75,115.25,115.75,115.75,110.25,7200,833112.0,18
2026-04-01,INE778B01029,ESTER,EQ,74.21,84.8,74.21,82.22,83.0,70.67,1648982,134503851.77,7249
2026-04-01,INE758T01015,ETERNAL,EQ,233.22,240.17,233.22,236.52,236.75,228.98,34530655,8182871414.78,237205
2026-04-01,INE04TZ01018,ETHOSLTD,EQ,2250.0,2269.6,2209.9,2234.7,2221.0,2183.3,13522,30272162.7,2969
2026-04-01,INE0KCE01017,EUREKAFORB,EQ,450.0,474.3,447.9,459.5,455.55,440.35,199100,91184101.85,14660
2026-04-01,INE546V01010,EIFFL,EQ,211.99,237.72,211.99,226.02,227.0,212.43,35488,8118987.22,2579
2026-04-01,INE505V01016,EUROBOND,EQ,136.1,152.99,136.1,143.31,140.0,136.68,9355,1351337.03,451
2026-04-01,INE198501012,EUROPRATIK,EQ,221.08,229.0,214.76,222.62,222.0,210.15,179748,39681871.72,4131
2026-04-01,INE022C01012,EUROTEXIND,EQ,12.88,13.73,12.67,13.12,13.7,13.08,1970,26242.87,16
2026-04-01,INE128A01029,EVEREADY,EQ,264.9,279.5,264.9,277.5,278.8,262.65,115540,31801390.9,2472
2026-04-01,INE295A01018,EVERESTIND,EQ,312.0,322.0,294.6,314.35,318.4,290.35,8645,2720577.5,569
2026-04-01,INE184H01027,EKC,EQ,93.5,102.78,93.5,101.53,102.0,90.89,835136,83384009.24,6067
2026-04-01,INE369A01029,EXCELINDUS,EQ,849.0,896.0,825.0,882.2,886.0,806.4,12718,10912719.4,1773
2026-04-01,INE688J01023,EXCEL,EQ,1.02,1.05,0.99,1.02,1.03,0.96,7273317,7495606.73,1509
2026-04-01,INE0Y4801011,EXCELLENT,ST,93.45,101.2,93.45,101.2,101.2,96.4,8000,784080.0,5
2026-04-01,INE606N01019,EXCELSOFT,EQ,70.99,75.0,69.0,74.67,74.8,66.72,926096,67514408.5,12792
2026-04-01,INE777F01014,EXICOM,EQ,78.5,84.49,78.5,83.77,84.0,76.26,915147,76108981.38,7610
2026-04-01,INE302A01020,EXIDEIND,EQ,294.2,302.35,294.0,299.85,300.0,287.9,1239360,371039807.4,21043
2026-04-01,INE19I001020,EXIMROUTES,ST,123.2,136.1,123.2,136.1,136.1,129.65,3200,414880.0,2
2026-04-01,INE201K01015,EXPLEOSOL,EQ,668.0,713.2,668.0,706.85,709.0,646.9,31215,21951475.35,2367
2026-04-01,INE0GFE01026,EXXARO,EQ,6.3,6.51,6.3,6.51,6.51,6.2,78781,508295.58,265
2026-04-01,INE0HF201011,FABTECH,EQ,143.0,147.31,141.06,142.36,142.0,139.15,192568,27834723.27,4313
2026-04-01,INE188A01015,FACT,EQ,765.35,796.95,765.0,785.65,786.0,749.15,410217,320890604.35,22080
2026-04-01,INE0DNW01011,FAIRCHEMOR,EQ,437.45,480.9,437.45,471.15,472.5,433.0,36227,17143665.75,3446
2026-04-01,INE0PQK01013,FALCONTECH,SM,13.3,13.3,12.4,13.1,13.1,12.95,6000,76440.0,5
2026-04-01,INE963C01033,FAZE3Q,BE,383.9,396.8,383.9,396.8,396.8,377.95,2434,960821.8,93
2026-04-01,INE512B01022,FCSSOFT,EQ,1.19,1.4,1.18,1.31,1.32,1.17,5104145,6781888.96,2119
2026-04-01,INE258B01022,FDC,EQ,325.5,333.65,325.5,328.3,327.75,321.1,59869,19737908.55,5273
2026-04-01,INE007N01010,FEDFINA,EQ,130.9,133.2,128.4,130.6,130.0,124.04,528120,69040393.41,8875
2026-04-01,INE171A01029,FEDERALBNK,EQ,266.45,270.1,262.9,267.6,267.15,259.4,8296508,2213042195.0,67490
2026-04-01,INE529A01010,FMGOETZE,EQ,391.0,420.6,391.0,418.15,420.0,387.65,95786,39223989.1,3532
2026-04-01,INE901X01013,FELIX,SM,165.0,177.85,162.0,173.7,173.5,158.5,26000,4331350.0,49
2026-04-01,INE296C01020,FIBERWEB,BE,32.0,33.19,30.11,33.19,33.19,31.61,23102,756166.91,96
2026-04-01,INE737H01014,FIEMIND,EQ,1970.1,2015.7,1952.0,1974.7,1980.0,1910.9,51954,103072408.9,6784
2026-04-01,INE185E01021,FILATFASH,EQ,0.14,0.15,0.14,0.15,0.15,0.14,42673953,6277144.73,1416
2026-04-01,INE816B01035,FILATEX,EQ,37.86,41.14,37.86,40.41,40.95,36.9,1024224,40967593.72,4441
2026-04-01,INE0EDU01014,FINBUD,SM,82.5,87.5,82.5,87.5,87.5,79.55,4000,342850.0,4
2026-04-01,INE686Y01026,FINEORG,EQ,4000.0,4206.2,3982.5,4164.2,4192.0,3957.1,19657,80880452.3,5287
2026-04-01,INE045J01034,FCL,EQ,20.73,21.19,19.75,20.85,20.9,19.24,2686775,55839157.7,4835
2026-04-01,INE734I01027,FINKURVE,EQ,52.21,57.0,52.21,56.35,57.0,51.07,54606,3042672.15,1232
2026-04-01,INE02NC01014,FINOPB,EQ,121.25,127.7,121.25,124.51,124.0,118.12,763959,95145449.12,8935
2026-04-01,INE235A01022,FINCABLES,EQ,794.45,823.0,791.5,798.75,800.0,776.5,363904,292649635.35,17603
2026-04-01,INE183A01024,FINPIPE,EQ,153.4,160.5,152.02,159.05,159.2,149.95,701162,110977728.23,19654
2026-04-01,INE684F01012,FSL,EQ,210.07,219.99,208.99,214.89,214.86,204.39,1329290,286690887.36,27970
2026-04-01,INE771F01041,FISCHER,EQ,42.47,42.47,41.1,41.17,41.1,40.5,560293,23308069.41,2565
2026-04-01,INE128S01021,FIVESTAR,EQ,369.15,370.8,359.1,360.05,359.1,352.95,1018677,371632431.05,43216
2026-04-01,INE00Y201027,FLAIR,EQ,285.45,300.85,285.45,289.15,290.0,283.65,57810,16794422.9,1649
2026-04-01,INE060J01017,FLEXITUFF,EQ,6.15,6.44,6.15,6.39,6.39,6.18,19042,121156.12,57
2026-04-01,INE0VCK01011,FLYSBS,SM,373.9,378.45,370.0,378.4,378.3,360.45,22000,8316250.0,77
2026-04-01,INE0SQZ01015,FWSTC,SM,192.0,193.0,192.0,192.0,192.0,192.0,4200,807000.0,6
2026-04-01,INE593W01028,FOCUS,EQ,58.15,63.5,58.15,62.51,63.0,58.15,50960,3173645.03,504
2026-04-01,INE976E01023,FOODSIN,EQ,47.0,53.0,47.0,51.65,53.0,45.83,129547,6562154.21,1365
2026-04-01,INE0U2501017,FORCAS,SM,98.9,102.95,98.9,102.95,102.95,95.0,8000,799600.0,5
2026-04-01,INE451A01017,FORCEMOT,EQ,20400.0,20960.0,20051.0,20733.0,20850.0,19405.0,96925,1990751450.0,27170
2026-04-01,INE0YKW01013,FORGEAUTO,SM,71.9,71.9,71.9,71.9,71.9,68.5,2400,172560.0,2
2026-04-01,INE061F01013,FORTIS,EQ,804.45,817.7,790.3,795.0,792.5,795.0,1091032,871978733.45,33536
2026-04-01,INE519A01011,FOSECOIND,EQ,4750.0,4925.0,4530.0,4620.7,4646.0,4653.0,7067,33095563.1,1848
2026-04-01,INE212S01015,FRACTAL,EQ,793.0,806.05,779.55,798.05,799.55,759.45,191856,152610189.95,12884
2026-04-01,INF090I01VX3,FICRF3GP,MF,175.0,175.0,175.0,175.0,175.0,160.0,1,175.0,1
2026-04-01,INE0SFW01015,FRESHARA,ST,169.9,172.95,165.0,172.95,172.95,164.75,22200,3800550.0,30
2026-04-01,INE385O01018,FROG,SM,138.65,149.35,138.65,142.65,144.7,133.75,18400,2635300.0,41
2026-04-01,INE388Y01029,NYKAA,EQ,241.0,243.0,236.3,239.97,239.4,235.0,7659868,1836618881.03,81084
2026-04-01,INE12UR01024,UTLSOLAR,EQ,202.56,204.0,200.41,203.21,203.3,197.49,198371,40016163.76,3069
2026-04-01,INE139R01012,FUSION,EQ,143.0,149.0,142.0,144.68,144.8,138.24,363023,52614013.36,6953
2026-04-01,INE452O01016,FLFL,BZ,1.18,1.23,1.18,1.22,1.23,1.18,13211,16082.66,57
2026-04-01,INE623B01027,FEL,BZ,0.38,0.38,0.37,0.38,0.38,0.37,133750,50612.43,91
2026-04-01,INE360L01017,FMNL,EQ,7.1,7.53,7.1,7.44,7.4,7.18,43177,320572.08,109
2026-04-01,INE075D01018,GMBREW,EQ,1020.0,1056.3,1005.0,1048.9,1050.0,982.45,108257,112668538.95,6533
2026-04-01,INE201P01022,GRINFRA,EQ,824.95,844.8,808.0,838.7,835.0,795.95,260500,215615046.55,25616
2026-04-01,INE586X01012,GTECJAINX,EQ,20.0,20.0,17.49,18.05,18.05,17.28,3470,62567.26,30
2026-04-01,INE524A01029,GABRIEL,EQ,851.7,871.95,841.35,866.2,870.0,826.35,446722,384184146.8,29473
2026-04-01,INE224E01028,GATECH,EQ,0.42,0.44,0.41,0.42,0.43,0.4,4983220,2127989.14,1024
2026-04-01,INE224E01036,GATECHDVR,EQ,0.39,0.44,0.39,0.42,0.42,0.38,339316,139621.38,231
2026-04-01,INE129A01019,GAIL,EQ,141.4,142.73,139.41,140.67,140.91,137.71,15145719,2131255029.58,86562
2026-04-01,INE0QTE01018,GAJANAND,SM,6.75,7.35,6.75,7.35,7.35,6.45,9000,64350.0,3
2026-04-01,INE0RE001014,GALAPREC,EQ,702.45,733.1,695.95,711.2,714.0,702.45,54265,38502252.75,2414
2026-04-01,INE09A801015,GML,ST,16.45,16.45,16.45,16.45,16.45,16.5,8000,131600.0,3
2026-04-01,INE600K01018,GALAXYSURF,EQ,1542.0,1650.0,1542.0,1634.1,1640.0,1514.6,11162,18073096.3,2491
2026-04-01,INE297H01019,GALLANTT,EQ,569.0,569.1,555.15,562.85,560.1,548.6,65825,37131510.1,5451
2026-04-01,INE717W01049,GANDHAR,EQ,119.8,126.0,119.2,124.52,124.7,116.79,252198,31241745.93,2914
2026-04-01,INE524B01027,GANDHITUBE,EQ,764.95,814.9,764.95,808.1,808.0,758.2,4886,3927352.35,505
2026-04-01,INE388A01029,GANESHBE,EQ,75.0,79.05,75.0,77.77,78.0,72.06,108742,8466388.65,1254
2026-04-01,INE652V01016,GANESHCP,EQ,170.38,177.79,170.38,174.32,173.2,170.38,165456,28869398.3,1988
2026-04-01,INE0R8C01018,GGBL,SM,238.5,255.0,236.9,249.4,248.0,218.4,60900,15013950.0,167
2026-04-01,INE460C01014,GANESHHOU,EQ,530.75,555.0,530.75,551.1,548.85,506.2,76849,41903243.95,3347
2026-04-01,INE0TVT01024,GANESHIN,SM,68.25,70.4,68.25,70.4,70.4,67.05,16800,1180600.0,14
2026-04-01,INE845D01014,GANECOS,EQ,950.0,1022.2,901.65,1022.2,1022.2,851.85,3772343,3646328649.1,89405
2026-04-01,INE0ZI101018,GANGABATH,SM,18.4,18.9,17.85,18.9,18.9,18.0,42000,780300.0,14
2026-04-01,INE691Z01023,GANGAFORGE,EQ,2.45,2.69,2.43,2.65,2.68,2.38,269175,693762.56,296
2026-04-01,INE335W01016,GANGESSECU,EQ,111.9,111.9,108.51,110.37,109.28,104.15,741,81278.55,34
2026-04-01,INE382Z01011,GRSE,EQ,2065.0,2367.3,2052.0,2359.3,2367.3,1972.8,9291894,21360982623.3,309411
2026-04-01,INE0JVO01026,GARUDA,EQ,140.39,150.02,137.45,147.36,145.9,132.77,1545350,224686555.46,18169
2026-04-01,INE291A01017,GRWRHITECH,EQ,3509.0,3669.9,3509.0,3623.5,3620.0,3382.4,65289,236580563.5,9314
2026-04-01,INE276A01018,GARFIBRES,EQ,620.0,620.0,594.0,598.05,596.0,606.25,140589,84364788.1,7487
2026-04-01,INE079J01017,GATEWAY,EQ,50.89,53.8,50.89,52.86,53.2,50.55,907852,48089373.59,6963
2026-04-01,INE0P8B01020,GAUDIUMIVF,EQ,73.69,79.73,73.69,78.8,78.0,71.53,504208,39405632.07,3604
2026-04-01,INE287Z01012,GAYAHWS,EQ,2.06,2.1,2.0,2.1,2.1,2.0,124560,258164.85,131
2026-04-01,INE0LVM01018,GRCL,SM,379.0,396.5,360.5,369.5,396.5,379.0,1250,464250.0,5
2026-04-01,INE878A01011,GVPIL,BE,390.0,403.35,390.0,401.3,400.0,384.15,63014,25311454.95,942
2026-04-01,INE200A01026,GVT&D,EQ,3760.9,4344.0,3724.3,3798.7,3799.5,3640.4,1710784,6733288075.8,195703
2026-04-01,INE916G01016,GEECEE,EQ,233.8,237.36,225.0,235.85,236.91,221.25,3534,824983.77,429
2026-04-01,INE669X01032,GEEKAYWIRE,EQ,20.85,21.1,19.4,20.75,21.1,19.02,228273,4690736.59,1908
2026-04-01,INE06XZ01023,GEMAROMA,BE,143.89,144.96,142.06,144.96,144.96,138.06,24133,3476678.7,165
2026-04-01,INE481Y01014,GICRE,EQ,365.6,383.0,365.6,380.1,381.7,362.95,720984,271377723.2,26794
2026-04-01,INE854S01022,GENCON,EQ,42.0,46.4,42.0,45.17,44.02,40.99,169539,7482410.68,1156
2026-04-01,INE727B01026,GENESYS,EQ,220.0,248.88,216.0,238.6,238.6,207.4,1766994,424298017.9,22750
2026-04-01,INE06H201014,GENSOL,BZ,18.55,20.49,18.55,19.17,19.1,19.52,351703,6724585.52,2212
2026-04-01,INE949P01018,GENUSPAPER,EQ,9.9,10.5,9.3,10.36,10.5,8.88,160605,1590854.72,609
2026-04-01,INE955D01029,GENUSPOWER,EQ,225.84,237.0,222.6,235.0,234.9,214.9,681683,158212021.78,18433
2026-04-01,INE007B01023,GEOJITFSL,EQ,54.0,58.1,53.55,57.14,57.7,52.54,720317,40925715.79,3805
2026-04-01,INE538A01037,GFLLIMITED,EQ,41.0,41.0,38.42,39.18,38.76,37.54,111248,4362889.64,1185
2026-04-01,INE539A01019,GHCL,EQ,436.0,449.05,430.5,445.2,443.1,423.0,72310,31914764.25,4067
2026-04-01,INE0PA801013,GHCLTEXTIL,EQ,67.88,72.45,66.3,70.38,70.12,65.54,292741,20634285.48,2350
2026-04-01,INE289B01019,GICHSGFIN,EQ,133.99,140.77,133.5,139.31,139.5,131.31,114671,15814712.38,1641
2026-04-01,INE047B01011,GILLANDERS,EQ,78.72,81.9,78.72,81.87,81.9,77.14,1257,102110.9,53
2026-04-01,INE322A01010,GILLETTE,EQ,7459.0,7636.0,7395.0,7538.0,7596.0,7253.5,23414,175313042.5,8277
2026-04-01,INE424C01010,GINNIFILA,EQ,33.02,36.38,33.02,35.32,35.75,33.27,42616,1513241.13,754
2026-04-01,INE1AG301022,GKENERGY,EQ,93.7,94.67,90.1,90.84,91.68,90.17,911251,84634807.01,6609
2026-04-01,INE528A01020,GKWLIMITED,EQ,1407.2,1500.0,1407.2,1494.1,1494.0,1407.4,207,303418.6,38
2026-04-01,INE068V01023,GLAND,EQ,1701.7,1735.0,1690.2,1706.0,1720.0,1696.1,70584,121001349.5,12526
2026-04-01,INE159A01016,GLAXO,EQ,2305.0,2401.9,2291.2,2329.2,2322.6,2283.0,70124,165066949.5,12680
2026-04-01,INE935A01035,GLENMARK,EQ,2180.0,2238.4,2085.0,2101.1,2095.5,2131.7,1011784,2184866318.2,69216
2026-04-01,INE291W01037,GLOBAL,EQ,94.5,97.7,94.5,95.75,96.45,92.82,31643,3040472.03,542
2026-04-01,INE474Q01031,MEDANTA,EQ,976.15,996.15,964.0,989.2,986.65,961.1,375297,369249895.95,17068
2026-04-01,INE0JSX01015,GSLSU,EQ,48.2,48.2,43.72,46.58,46.72,46.02,72335,3306487.44,966
2026-04-01,INE792H01019,GLOBALVECT,EQ,137.0,154.8,134.0,150.58,149.09,132.78,19315,2797403.51,759
2026-04-01,INE0URU01010,GLOBALE,EQ,10.04,11.02,10.03,10.19,10.54,10.08,9602,98702.26,73
2026-04-01,INE0V3U01015,GLOBECIVIL,EQ,35.29,39.72,35.03,36.84,37.0,33.86,187939,7045897.26,2234
2026-04-01,INE581X01021,GLOBE,EQ,2.02,2.28,2.02,2.14,2.15,2.0,1039293,2221716.43,933
2026-04-01,INE947T01022,GICL,EQ,39.99,41.0,39.42,40.71,40.7,39.29,987691,40027565.24,968
2026-04-01,INE00WS01056,GSTL,ST,37.55,37.55,37.3,37.4,37.4,37.05,74000,2767300.0,24
2026-04-01,INE615I01010,GLOBUSSPR,EQ,816.0,859.1,816.0,852.9,856.0,802.55,69451,58595267.2,3962
2026-04-01,INE350Z01018,GLOSTERLTD,EQ,539.8,548.5,530.3,538.2,541.0,525.4,960,519414.25,125
2026-04-01,INE0TQE01026,GLOTTIS,EQ,38.3,41.69,38.15,40.92,40.75,38.14,196653,7996448.23,1255
2026-04-01,INE541A01023,GMMPFAUDLR,EQ,800.0,853.0,800.0,843.65,840.5,793.0,54737,45855742.85,4262
2026-04-01,INE776C01039,GMRAIRPORT,EQ,86.86,90.85,85.85,89.29,89.48,84.75,18020403,1601234598.04,83180
2026-04-01,INE0CU601026,GMRP&UI,EQ,95.01,98.93,93.0,98.35,98.0,89.74,1693137,164379795.6,16210
2026-04-01,INE934S01014,GNA,EQ,377.8,386.0,363.0,378.45,378.0,356.7,67681,25361036.3,2769
2026-04-01,INE18JU01028,EBGNG,EQ,369.0,369.65,353.0,362.55,363.85,352.05,160997,58845197.9,3348
2026-04-01,INE03JT01014,GODIGIT,EQ,332.0,333.0,317.3,319.9,319.05,325.65,200758,64724623.05,11469
2026-04-01,INE0BJS01011,GOCOLORS,EQ,257.17,269.69,255.26,266.69,267.85,249.2,122503,32484396.51,3442
2026-04-01,INE426D01013,GOACARBON,EQ,281.9,299.55,281.6,294.1,294.95,275.4,26806,7844109.75,1328
2026-04-01,INE077F01035,GOCLCORP,EQ,265.55,279.0,263.05,269.65,271.9,252.9,207797,55798132.25,5223
2026-04-01,INE497S01012,GODAVARIB,EQ,303.0,318.65,303.0,314.05,315.5,295.25,199870,62701914.55,5394
2026-04-01,INE177H01039,GPIL,EQ,278.0,284.55,273.15,278.65,277.85,268.8,4498038,1261905073.8,51014
2026-04-01,INE260B01028,GODFRYPHLP,EQ,1958.0,1981.0,1905.0,1927.3,1934.5,1873.5,908068,1771618576.2,49804
2026-04-01,INE850D01014,GODREJAGRO,EQ,541.1,580.85,541.1,571.1,572.0,534.7,154736,87887963.5,13293
2026-04-01,INE102D01028,GODREJCP,EQ,1010.0,1010.0,989.25,997.55,995.55,984.8,1426320,1424434264.75,54504
2026-04-01,INE233A01035,GODREJIND,EQ,770.0,879.9,756.0,831.85,829.8,749.0,6509510,5534565560.9,156090
2026-04-01,INE484J01027,GODREJPROP,EQ,1516.8,1538.4,1499.1,1508.1,1506.0,1471.3,1101747,1671949810.0,42732
2026-04-01,IN0020240183,675GS2029,GS,100.0,100.0,100.0,100.0,100.0,100.96,70,7000.0,1
2026-04-01,IN0020240100,697GR2034,GS,92.12,92.12,92.12,92.12,92.12,92.12,1,92.12,1
2026-04-01,IN0020240175,698GR2054,GS,93.89,93.89,93.89,93.89,93.89,93.9,100,9389.0,1
2026-04-01,IN0020240142,709GS2074,GS,94.4,95.4,94.4,94.52,94.5,94.3,69888,6617925.0,65
2026-04-01,IN0020210012,563GS2026,GS,102.7,103.0,102.47,103.0,103.0,102.8,417,42827.07,14
2026-04-01,IN0020210186,574GS2026,GS,98.92,98.92,98.92,98.92,98.92,101.46,2,197.84,1
2026-04-01,IN0020210095,610GS2031,GS,99.5,99.5,99.5,99.5,99.5,99.5,1,99.5,1
2026-04-01,IN0020200245,622GS2035,GS,90.0,93.5,90.0,93.5,93.5,93.0,111,10359.5,4
2026-04-01,IN0020250091,648GS2035,GS,99.5,99.5,99.5,99.5,99.5,99.5,300,29850.0,3
2026-04-01,IN0020210020,664GS2035,GS,100.1,100.1,100.1,100.1,100.1,100.0,1000,100100.0,2
2026-04-01,IN0020250042,668GS2040,GS,97.0,97.2,95.06,97.16,97.2,97.2,1299,125878.8,15
2026-04-01,IN0020200401,676GS2061,GS,91.0,91.5,90.4,91.49,90.85,90.95,18420,1669207.98,10
2026-04-01,IN0020250018,690GS2065,GS,93.3,94.0,93.3,93.76,93.76,92.93,10411,975310.04,9
2026-04-01,IN0020210202,695GS2061,GS,93.35,93.35,92.5,92.5,92.5,92.55,760,70520.4,5
2026-04-01,IN0020230028,699GS2026,GS,102.35,103.2,102.35,103.15,103.15,102.35,22805,2352351.15,10
2026-04-01,IN0020210194,699GS2051,GS,94.66,95.1,94.55,95.09,95.09,94.55,1589,150257.21,18
2026-04-01,IN0020230010,706GS2028,GS,102.5,102.95,102.0,102.95,102.95,103.0,8469,867805.55,10
2026-04-01,IN0020240118,709GS2054,GS,97.8,97.8,95.65,96.5,96.5,95.65,33618,3244458.6,16
2026-04-01,IN0020230036,717GS2030,GS,103.25,103.25,102.51,103.25,103.25,103.25,11050,1140136.5,6
2026-04-01,IN0020230085,718GS2033,GS,101.89,101.89,101.0,101.03,101.0,101.0,52201,5284196.0,20
2026-04-01,IN0020230077,718GS2037,GS,102.0,102.0,101.4,101.42,101.4,100.61,73800,7486014.4,10
2026-04-01,IN0020240027,723GS2039,GS,104.0,104.75,104.0,104.75,104.75,102.15,4200,439875.0,3
2026-04-01,IN0020250075,724GS2055,GS,98.75,98.81,98.6,98.6,98.6,98.28,4116,406637.5,12
2026-04-01,IN0020230044,725GS2063,GS,99.0,99.0,97.2,97.6,97.63,97.23,102828,10044254.94,90
2026-04-01,IN0020220060,726GS2032,GS,103.0,103.0,102.0,102.2,102.2,101.16,9347,953941.5,9
2026-04-01,IN0020230051,73GS2053,GS,98.94,98.94,98.0,98.75,98.75,98.0,22249,2191584.3,23
2026-04-01,IN0020230119,733GS2026,GS,103.0,103.0,102.5,102.72,102.94,102.5,2976,306200.93,17
2026-04-01,IN0020240035,734GS2064,GS,99.9,99.9,99.05,99.32,99.4,99.02,36267,3603225.24,47
2026-04-01,IN0020230101,737GS2028,GS,103.0,103.0,103.0,103.0,103.0,103.0,400,41200.0,5
2026-04-01,IN0020220094,74GS2062,GS,100.0,100.0,99.1,99.22,99.2,99.85,17378,1728124.95,22
2026-04-01,IN0020220102,741GS2036,GS,103.6,104.0,103.5,104.0,104.0,103.5,2905,300970.0,4
2026-04-01,IN0020250117,743GS2076,GS,100.04,102.0,100.0,101.5,101.5,100.04,5572,557953.87,20
2026-04-01,IN0020230127,746GS2073,GS,101.7,101.7,100.0,101.29,101.29,100.72,36043,3634055.16,43
2026-04-01,IN0020220029,754GS2036,GS,105.71,106.35,105.19,106.24,106.35,105.54,458113,48609236.28,243
2026-04-01,IN0020010081,1018GS2026,GS,102.49,102.49,102.49,102.49,102.49,102.49,13,1332.37,3
2026-04-01,IN0020160068,706GS2046,GS,99.5,99.5,99.5,99.5,99.5,99.0,1000,99500.0,1
2026-04-01,IN0020220011,710GS2029,GS,102.65,103.0,102.6,103.0,103.0,102.5,2682,275659.4,3
2026-04-01,IN0020200054,716GS2050,GS,100.01,104.9,100.01,104.9,104.9,100.01,502,50214.8,2
2026-04-01,IN0020220037,738GS2027,GS,102.9,103.4,102.86,103.05,103.01,102.94,315402,32491737.58,62
2026-04-01,IN0020150077,772GS2055,GS,109.6,109.6,109.6,109.6,109.6,109.0,3,328.8,3
2026-04-01,IN0020070036,826GS2027,GS,102.41,102.41,102.41,102.41,102.41,102.41,16,1638.56,1
2026-04-01,IN0020060086,828GS2032,GS,107.8,107.8,107.8,107.8,107.8,107.8,3677,396380.6,1
2026-04-01,IN0020120039,833GS2026,GS,102.65,102.65,102.65,102.65,102.65,102.55,1191,122256.15,2
2026-04-01,IN0020110055,897GS2030,GS,110.0,110.0,110.0,110.0,110.0,110.0,102,11220.0,2
2026-04-01,IN0020130053,92GS2030,GS,110.88,111.49,110.3,110.57,111.49,107.86,14745,1629793.31,33
2026-04-01,IN002025Z054,364D010526,TB,99.0,99.0,99.0,99.0,99.0,99.0,1000,99000.0,1
2026-04-01,IN002025Z096,364D280526,TB,97.86,97.86,97.86,97.86,97.86,97.86,300,29358.0,1
2026-04-01,IN002025X406,91D090426,TB,99.8,99.8,99.79,99.79,99.79,99.79,200,19959.0,2
2026-04-01,IN002025X497,91D110626,TB,98.61,98.61,98.6,98.6,98.6,98.9,1100,108463.0,7
2026-04-01,IN002025X455,91D140526,TB,99.2,99.2,99.2,99.2,99.2,99.2,100,9920.0,1
2026-04-01,IN002025X463,91D220526,TB,99.0,99.0,99.0,99.0,99.0,99.0,200,19800.0,2
2026-04-01,INE887G01027,GOKEX,EQ,624.0,638.2,605.0,618.8,617.0,580.2,773760,479112722.8,15663
2026-04-01,INE314T01033,GOKULAGRO,EQ,186.0,192.99,184.35,190.94,191.6,180.32,598328,113237412.26,9204
2026-04-01,INE020J01029,GOKUL,EQ,35.11,37.9,35.11,37.79,37.9,34.66,39052,1438992.14,503
2026-04-01,INE973A01010,GOLDENTOBC,BZ,21.48,21.48,20.41,21.41,21.41,21.48,7342,151578.61,100
2026-04-01,INE025B01025,GOLDIAM,EQ,276.0,298.8,272.75,290.4,292.0,268.65,837409,242922109.7,12584
2026-04-01,INE127I01024,GOODLUCK,EQ,1030.0,1049.4,1006.25,1036.8,1042.0,986.2,76784,79487940.7,5412
2026-04-01,INE0L9R01028,GOPAL,EQ,256.05,266.0,255.9,265.4,266.0,252.7,58466,15354206.95,1626
2026-04-01,INE705X01026,GOYALALUM,BE,5.55,5.71,5.55,5.71,5.71,5.44,78165,443964.63,250
2026-04-01,INE0QFE01017,GOYALSALT,SM,109.0,109.0,105.0,105.1,105.1,99.65,1800,191460.0,3
2026-04-01,INE0S7E01015,GPECO,SM,282.0,310.0,282.0,304.7,305.0,271.1,31000,9440850.0,108
2026-04-01,INE586G01017,GULFPETRO,EQ,24.5,25.92,24.5,25.88,25.89,23.94,55873,1437241.88,512
2026-04-01,INE486R01017,GPTHEALTH,EQ,119.7,120.85,115.0,119.13,120.0,115.31,69675,8281946.31,1204
2026-04-01,INE390G01014,GPTINFRA,EQ,98.98,104.65,98.98,103.47,103.36,96.77,241610,24916075.59,3573
2026-04-01,INE12E301017,GCHOTELS,SM,81.55,88.0,81.05,85.85,86.1,78.3,33600,2892180.0,45
2026-04-01,INE101D01020,GRANULES,EQ,629.0,639.0,625.0,628.1,625.8,620.4,890981,562605097.75,28868
2026-04-01,INE0POU01017,GRAPHISAD,ST,33.95,33.95,33.9,33.9,33.9,32.45,2400,81420.0,2
2026-04-01,INE371A01025,GRAPHITE,EQ,632.55,656.85,629.7,643.2,644.9,616.7,1451265,938454879.95,39757
2026-04-01,INE047A01021,GRASIM,EQ,2602.0,2613.3,2576.0,2592.8,2580.0,2557.7,651446,1689774568.7,51908
2026-04-01,INE024L01027,GRAVITA,EQ,1363.9,1379.9,1297.2,1318.3,1316.0,1318.1,754469,999617767.4,59785
2026-04-01,INE224A01026,GREAVESCOT,EQ,125.9,132.35,125.35,131.34,131.5,120.61,1407667,182563535.69,13382
2026-04-01,INE0O7P01015,GREENCHEF,SM,44.5,46.5,44.5,46.15,46.5,44.45,10400,477800.0,13
2026-04-01,INE544R01021,GREENLAM,EQ,212.3,222.7,210.1,218.5,219.64,204.26,34112,7382133.79,1309
2026-04-01,INE0PLX01017,GREENLEAF,SM,54.5,58.6,54.5,56.6,56.6,53.3,17000,988300.0,17
2026-04-01,INE08ZM01014,GREENPANEL,EQ,171.79,183.9,171.79,179.73,179.1,171.34,106498,19086643.14,3497
2026-04-01,INE461C01038,GREENPLY,EQ,187.0,193.19,185.26,187.63,189.0,180.31,214084,40303278.86,2639
2026-04-01,INE199P01028,GCSL,EQ,345.95,360.0,340.0,340.4,340.0,345.95,16593,5795545.3,451
2026-04-01,INE536A01023,GRINDWELL,EQ,1355.6,1425.0,1355.6,1405.4,1424.0,1353.1,19497,27291545.7,5508
2026-04-01,INE192H01020,GRMOVER,EQ,154.0,159.64,153.1,155.1,155.0,152.73,1929012,300965641.22,7325
2026-04-01,INE1TY801010,GJL,ST,191.6,191.6,191.6,191.6,191.6,201.65,1600,306560.0,1
2026-04-01,INF666M01MM4,GROWWCAPM,EQ,9.22,9.68,9.2,9.45,9.49,8.99,245575,2310729.24,1113
2026-04-01,INF666M01NP5,GROWWCHEM,EQ,25.22,26.05,25.21,25.54,25.52,24.91,13466,346459.97,178
2026-04-01,INF666M01IO8,GROWWDEFNC,EQ,72.51,77.0,72.51,76.51,76.67,72.1,474091,36093159.99,3723
2026-04-01,INF666M01IH2,GROWWEV,EQ,26.93,27.5,26.76,27.24,27.5,26.27,385873,10483163.0,2047
2026-04-01,INF666M01OE7,GROWWGOLD,EQ,14.49,14.7,14.47,14.59,14.56,14.25,3698889,54044678.98,6818
2026-04-01,INF666M01OD9,GROWWHOSPI,EQ,44.88,46.0,44.62,45.15,46.0,44.65,81809,3689646.02,585
2026-04-01,INF666M01IP5,GROWWLIQID,EQ,108.46,108.47,108.46,108.46,108.47,108.46,524453,56883809.4,273
2026-04-01,INF666M01LB9,GROWWLOVOL,EQ,9.82,9.87,9.6,9.7,9.81,9.59,8525,83128.26,147
2026-04-01,INF666M01MV5,GROWWMC150,EQ,197.7,202.28,197.7,201.4,198.0,195.55,1389,279426.61,39
2026-04-01,INF666M01NI0,GROWWMETAL,EQ,10.87,11.0,10.56,10.83,10.77,10.54,833000,9091396.67,3320
2026-04-01,INF666M01KJ4,GROWWMOM50,EQ,9.47,9.79,9.31,9.59,9.69,9.23,255844,2447627.91,614
2026-04-01,INF666M01JV1,GROWWN200,EQ,10.39,10.51,10.15,10.38,10.44,10.13,187090,1949109.77,493
2026-04-01,INF666M01LI4,GROWWNET,EQ,8.17,8.36,8.1,8.25,8.1,7.97,428377,3543909.35,615
2026-04-01,INF666M01LL8,GROWWNIFTY,EQ,9.07,9.8,9.06,9.13,9.12,9.0,1445383,13299220.92,2835
2026-04-01,INF666M01LZ8,GROWWNXT50,EQ,61.74,63.5,61.74,62.98,63.5,60.52,4092,255764.67,126
2026-04-01,INF666M01LM6,GROWWPOWER,EQ,10.3,10.45,10.19,10.27,10.2,10.05,2160800,22234380.74,1547
2026-04-01,INF666M01NQ3,GROWWPSE,EQ,98.14,100.55,96.5,97.81,98.78,96.22,14836,1450713.91,288
2026-04-01,INF666M01OG2,GROWWPSUBK,EQ,81.7,85.5,80.51,81.89,82.5,83.8,10359,845832.34,326
2026-04-01,INF666M01JJ6,GROWWRAIL,EQ,29.2,29.4,28.1,29.29,29.4,27.95,569783,16620694.26,2059
2026-04-01,INF666M01MN2,GROWWRLTY,EQ,7.51,7.65,7.43,7.5,7.65,7.28,276615,2072571.46,561
2026-04-01,INF666M01MO0,GROWWSC250,EQ,8.44,8.68,8.4,8.54,8.6,8.19,231764,1976818.52,562
2026-04-01,INF666M01OF4,GROWWSLVR,EQ,22.49,23.44,22.49,22.98,22.95,22.07,4013455,92525604.34,6443
2026-04-01,INE137I01015,GRPLTD,EQ,1875.0,1927.6,1840.4,1888.6,1850.0,1874.7,2239,4221505.1,247
2026-04-01,INE0SQY01018,GSMFOILS,SM,177.95,188.45,177.0,178.95,179.95,167.15,34000,6189650.0,55
2026-04-01,INE713R01022,GSPCROP,EQ,345.05,399.8,345.05,390.9,385.1,337.9,900323,342463193.5,15925
2026-04-01,INE871H01011,GSS,EQ,9.5,10.4,8.86,10.3,10.25,8.72,139489,1413385.07,1041
2026-04-01,INE221H01019,GTLINFRA,EQ,0.99,1.05,0.99,1.03,1.04,0.97,69134221,70903496.19,12730
2026-04-01,INE043A01012,GTL,EQ,5.4,6.08,5.31,6.08,6.08,5.07,813609,4783835.31,1228
2026-04-01,INE869I01013,GTPL,EQ,57.0,59.51,57.0,59.06,59.24,56.2,75441,4429511.26,1103
2026-04-01,INE742B01025,GUFICBIO,EQ,275.15,297.0,275.15,288.7,285.0,273.8,46971,13496096.8,2265
2026-04-01,INE162A01010,GIPCL,EQ,125.07,130.5,122.04,129.45,129.77,120.8,436170,55835491.63,3978
2026-04-01,INE113A01013,GNFC,EQ,372.0,392.95,371.95,391.25,386.1,366.45,310175,119691420.1,14597
2026-04-01,INE026A01025,GSFC,EQ,145.0,149.39,143.22,148.42,148.1,139.22,1195911,175951838.68,14024
2026-04-01,INE826C01016,GUJAPOLLO,EQ,406.0,418.7,399.45,403.7,399.45,396.15,11107,4553234.7,963
2026-04-01,INE186A01019,GUJALKALI,EQ,594.3,604.3,575.75,591.3,591.0,568.55,10146162,5971649961.15,140888
2026-04-01,INE036B01030,GAEL,EQ,137.0,141.4,136.59,139.37,139.01,135.89,761729,106208882.11,12037
2026-04-01,INE09N301011,FLUOROCHEM,EQ,3150.0,3249.8,3033.0,3234.8,3185.0,3028.3,76130,240708898.6,12104
2026-04-01,INE844O01030,GUJGASLTD,EQ,317.0,319.65,309.3,311.2,311.85,307.25,1225830,386519459.3,21205
2026-04-01,INE0V0W01025,GKSL,EQ,103.01,105.0,102.11,103.31,103.0,101.34,152500,15759842.67,827
2026-04-01,INE540A01017,GLFL,BE,3.77,3.85,3.77,3.85,3.85,3.96,1346,5107.64,9
2026-04-01,INE131A01031,GMDCLTD,EQ,582.1,590.95,575.6,580.3,579.0,566.15,2107349,1231632517.0,36998
2026-04-01,INE517F01014,GPPL,EQ,148.62,148.62,143.5,146.69,145.6,142.39,1023835,149838526.78,21422
2026-04-01,INE610B01024,GUJRAFFIA,EQ,37.81,39.0,37.0,37.62,37.62,37.81,3728,142539.22,77
2026-04-01,INE246F01010,GSPL,EQ,239.0,240.46,231.78,234.38,235.0,229.65,740267,174970309.6,15827
2026-04-01,INE942C01045,GUJTHEM,EQ,239.99,256.0,234.0,247.02,249.55,226.9,131648,32148311.17,3036
2026-04-01,INE635Q01029,GULFOILLUB,EQ,915.0,918.0,890.15,896.45,894.9,889.5,129963,117241303.3,16891
2026-04-01,INE255D01024,GULPOLY,EQ,149.0,154.85,146.57,148.62,147.6,144.04,188225,28451050.65,2708
2026-04-01,INE1CCX01012,GURUNANAK,SM,25.1,25.1,25.0,25.0,25.0,22.85,8000,200640.0,5
2026-04-01,INE251H01024,GVKPIL,BE,2.37,2.41,2.37,2.41,2.41,2.37,465811,1121640.19,544
2026-04-01,INE382T01030,GVPTECH,EQ,5.76,6.4,5.76,6.18,6.22,5.86,130564,796666.97,313
2026-04-01,IN9382T01012,GVPTECHPP,E1,2.01,2.19,1.6,2.04,2.04,1.99,15419,27688.49,44
2026-04-01,INE926X01010,HGINFRA,EQ,453.4,485.0,442.0,477.55,474.0,431.5,407471,191331779.7,12448
2026-04-01,INE115S01010,HALDER,EQ,245.1,257.35,242.1,242.86,242.1,245.1,211,51395.24,24
2026-04-01,INE320X01016,HALEOSLABS,EQ,1210.5,1253.8,1196.7,1253.8,1253.8,1194.1,498,612128.4,30
2026-04-01,INE596H01014,HGM,EQ,49.95,49.95,46.61,47.78,47.67,46.04,2543,122402.7,66
2026-04-01,INE419U01012,HAPPSTMNDS,EQ,375.0,396.9,371.45,392.75,394.1,361.05,1529458,592408922.75,36791
2026-04-01,INE330T01021,HAPPYFORGE,EQ,1178.8,1210.9,1166.9,1185.1,1185.9,1156.1,34591,41237759.1,6437
2026-04-01,INE626Z01029,HARDWYN,BE,20.49,20.54,19.95,20.28,20.39,20.12,477397,9623222.49,510
2026-04-01,INE00EV01017,HARIOMPIPE,EQ,284.95,309.0,282.15,304.1,301.1,275.15,209618,62189909.6,4763
2026-04-01,INE544A01019,HARRMALAYA,EQ,179.79,179.79,173.45,177.57,178.0,172.29,14897,2637075.2,297
2026-04-01,INE0JUS01029,HARSHA,EQ,320.0,334.95,319.2,330.85,331.25,314.25,21803,7171728.6,1108
2026-04-01,INE982F01036,HATHWAY,EQ,9.05,9.75,8.91,9.68,9.75,8.87,4427734,41763967.43,5190
2026-04-01,INE473B01035,HATSUN,EQ,943.95,958.3,893.45,896.85,897.0,923.35,100134,91447030.2,7139
2026-04-01,INE176B01034,HAVELLS,EQ,1218.0,1227.4,1175.6,1185.9,1186.0,1190.6,962738,1151294868.5,38931
2026-04-01,INE550B01022,HBSL,EQ,44.2,44.76,44.13,44.14,44.14,42.63,2084,92709.18,48
2026-04-01,INE292B01021,HBLENGINE,EQ,640.05,669.7,638.7,660.3,662.0,614.8,1531296,1009021916.2,40777
2026-04-01,INE236A01020,HCL-INSYS,EQ,10.11,10.84,9.89,10.61,10.55,9.42,430881,4466109.72,1440
2026-04-01,INE860A01027,HCLTECH,EQ,1399.7,1399.7,1349.0,1354.4,1356.0,1341.6,2469237,3377810450.8,105006
2026-04-01,INE756I01012,HDBFS,EQ,574.0,580.0,570.1,576.65,579.85,559.95,887958,510851786.0,39338
2026-04-01,INE127D01025,HDFCAMC,EQ,2285.0,2369.0,2275.2,2340.5,2356.9,2216.4,2438152,5667575675.3,91918
2026-04-01,INE040A01034,HDFCBANK,EQ,743.0,755.9,739.1,742.25,744.0,731.55,78862761,58794104725.5,617196
2026-04-01,INF179KC1981,HDFCGOLD,EQ,128.2,128.7,126.9,127.33,127.49,124.77,6973028,889418935.59,24469
2026-04-01,INE795G01014,HDFCLIFE,EQ,600.0,606.15,569.0,572.95,572.15,590.6,9823726,5687192587.15,141231
2026-04-01,INF179KC1EZ4,HDFCBSE500,EQ,33.25,34.81,32.65,33.29,33.45,33.04,117075,3983311.81,478
2026-04-01,INF179KC1DJ0,HDFCGROWTH,EQ,111.42,111.94,108.12,109.77,108.12,108.71,25489,2828251.63,334
2026-04-01,INF179KC1JG3,HDFCLIQUID,EQ,1054.45,1054.5,1045.58,1054.47,1054.5,1054.45,31417,33065077.11,120
2026-04-01,INF179KC1HU8,HDFCLOWVOL,EQ,18.55,19.52,18.55,18.88,18.84,18.53,19083,364444.21,225
2026-04-01,INF179KC1HT0,HDFCMID150,EQ,20.03,20.35,20.02,20.3,20.35,19.63,1497018,30258961.45,2270
2026-04-01,INF179KC1HV6,HDFCMOMENT,EQ,28.08,28.88,27.96,28.41,28.61,27.41,167750,4732235.83,1012
2026-04-01,INF179KC1HS2,HDFCNEXT50,EQ,59.99,68.97,59.99,64.0,67.0,61.53,242213,15409493.59,942
2026-04-01,INF179KC1HR4,HDFCNIF100,EQ,23.57,24.5,23.57,24.05,23.9,23.55,242997,5863665.33,617
2026-04-01,INF179KC1HY0,HDFCNIFBAN,EQ,52.87,53.37,52.44,52.89,52.93,51.62,3347327,177388124.14,965
2026-04-01,INF179KC1IA8,HDFCNIFIT,EQ,32.8,32.8,30.44,31.54,31.57,30.87,368347,11720924.13,537
2026-04-01,INF179KC1965,HDFCNIFTY,EQ,257.02,257.24,253.75,254.83,256.46,250.76,252677,64532571.41,1968
2026-04-01,INF179KC1HZ7,HDFCPVTBAN,EQ,25.03,25.45,24.89,24.96,25.02,24.66,97547,2444852.97,518
2026-04-01,INF179KC1DL6,HDFCQUAL,EQ,53.31,53.82,52.76,53.16,53.23,52.06,5985,318994.21,174
2026-04-01,INF179KC1HX2,HDFCSENSEX,EQ,83.32,84.5,82.01,82.99,83.98,81.29,197814,16444490.39,1429
2026-04-01,INF179KC1DI2,HDFCSILVER,EQ,221.1,228.2,221.1,225.62,225.85,216.71,5445318,1231482278.9,30348
2026-04-01,INF179KC1FB2,HDFCSML250,EQ,147.25,150.73,145.75,149.13,150.31,143.95,2980219,443701079.25,13898
2026-04-01,INF179KC1DK8,HDFCVALUE,EQ,124.69,126.42,123.61,123.77,125.94,122.68,21679,2718705.36,191
2026-04-01,INF179KC1HW4,HDFCPSUBK,EQ,81.28,83.15,80.0,82.38,82.56,79.34,82305,6750277.91,347
2026-04-01,INE759V01019,HEADSUP,EQ,6.62,7.25,6.24,6.92,7.2,6.05,27587,186401.69,215
2026-04-01,INE075I01017,HCG,EQ,536.0,540.7,526.35,535.15,531.05,525.2,146195,78209667.75,12295
2026-04-01,INE558R01013,HECPROJECT,EQ,99.95,103.5,97.11,99.36,97.61,95.88,7091,712203.4,159
2026-04-01,INE545A01024,HEG,EQ,555.0,578.2,555.0,564.15,561.9,542.4,3225846,1833251537.95,65624
2026-04-01,INE578A01017,HEIDELBERG,EQ,140.0,147.8,140.0,145.72,146.6,137.55,65986,9519925.53,1807
2026-04-01,INE0AJG01018,HEMIPROP,EQ,116.0,119.88,114.23,119.32,119.6,111.72,769499,91108778.32,7688
2026-04-01,INE694N01015,HERANBA,EQ,161.6,175.9,161.6,173.81,175.9,157.52,66728,11431395.35,1588
2026-04-01,INE978A01027,HERITGFOOD,EQ,300.0,312.5,300.0,307.7,309.0,293.95,260855,80262913.75,7436
2026-04-01,INE158A01026,HEROMOTOCO,EQ,5152.0,5244.0,5077.5,5122.0,5138.5,5063.0,546972,2817040904.0,57575
2026-04-01,INE782E01017,HESTERBIO,EQ,1275.0,1379.9,1275.0,1365.6,1366.0,1259.1,3432,4662977.7,495
2026-04-01,INE750M01017,HEXATRADEX,EQ,162.99,162.99,154.09,158.76,158.5,155.25,4461,707345.15,82
2026-04-01,INE093A01041,HEXT,EQ,430.0,435.5,424.55,432.4,434.0,425.0,1297752,558355221.1,82242
2026-04-01,INE548A01028,HFCL,EQ,69.75,73.45,69.6,72.47,72.29,67.86,19790318,1432150944.13,49164
2026-04-01,INE0PIC01017,HIGREEN,SM,112.5,117.85,109.0,116.75,116.9,103.5,52000,5925440.0,50
2026-04-01,INE106T01025,HITECH,EQ,74.85,76.6,72.38,76.27,76.5,70.93,774934,58639571.42,5555
2026-04-01,INE00RL01028,HILINFRA,EQ,43.49,46.7,42.0,46.29,46.65,41.03,252260,11315629.04,1938
2026-04-01,INE475B01022,HIKAL,EQ,155.0,162.0,150.22,159.96,160.0,147.08,444004,70238092.06,6339
2026-04-01,INE788H01017,HILTON,EQ,27.14,27.24,23.14,23.81,24.6,24.84,4692073,121602174.87,15474
2026-04-01,INE019C01026,HSCL,EQ,452.3,465.6,441.2,446.85,445.9,441.6,3637095,1658362905.2,37659
2026-04-01,INE049A01027,HIMATSEIDE,EQ,76.2,79.78,74.96,78.09,78.5,72.64,528212,41199924.01,5460
2026-04-01,INE835D01023,HIRECT,EQ,677.6,713.45,677.6,702.5,706.5,660.1,69905,49036345.35,4197
2026-04-01,INE038A01020,HINDALCO,EQ,909.0,922.5,900.1,904.6,904.65,884.45,7777034,7079227016.95,165407
2026-04-01,INE642Y01029,HINDCON,EQ,16.75,17.82,16.75,17.44,17.72,16.75,28207,491377.91,257
2026-04-01,INE05X901010,HPIL,EQ,115.0,119.89,112.0,117.36,119.89,114.44,1564,180710.53,35
2026-04-01,INE170I01016,HGS,EQ,355.75,371.0,351.8,367.65,371.0,344.7,22899,8323233.9,1153
2026-04-01,INE066F01020,HAL,EQ,3581.4,3688.6,3545.0,3670.8,3685.0,3487.2,2246768,8151862123.7,107811
2026-04-01,INE310C01029,HINDCOMPOS,EQ,348.45,371.55,348.45,367.3,368.5,348.45,3974,1448255.9,229
2026-04-01,INE549A01026,HCC,EQ,14.59,15.31,14.15,15.13,15.15,13.73,35644501,530448365.25,24184
2026-04-01,INE531E01026,HINDCOPPER,EQ,473.7,510.9,471.75,496.0,493.7,453.5,30212065,14997495164.85,292725
2026-04-01,INE254N01026,HNDFDS,EQ,510.0,513.95,490.0,493.85,494.45,509.35,95630,47886067.15,5359
2026-04-01,INE871K01015,HMVL,EQ,58.0,64.52,56.04,62.57,62.0,55.93,52765,3224592.91,540
2026-04-01,INE345A01011,HINDOILEXP,EQ,120.0,123.89,120.0,122.53,122.26,118.33,717642,87437176.82,7467
2026-04-01,INE094A01015,HINDPETRO,EQ,350.0,350.0,333.2,335.55,335.0,335.4,10224051,3471252724.25,87416
2026-04-01,INE030A01027,HINDUNILVR,EQ,2119.9,2119.9,2052.0,2064.7,2065.0,2055.2,2028470,4206190502.4,65838
2026-04-01,INE267A01025,HINDZINC,EQ,520.0,530.95,516.55,524.45,525.95,502.15,6207649,3252925303.35,68841
2026-04-01,INE05AN01011,HINDWAREAP,EQ,177.05,197.65,177.05,193.0,193.0,174.83,349776,66845193.66,2982
2026-04-01,INE598C01011,HISARMETAL,EQ,133.99,142.0,127.03,141.68,141.9,125.22,5007,682766.67,108
2026-04-01,INE07Y701011,POWERINDIA,EQ,25240.0,25595.0,24910.0,25065.0,25130.0,24235.0,123682,3119347585.0,33433
2026-04-01,INE120D01012,HITECHCORP,EQ,117.04,129.0,117.04,127.1,128.99,114.31,7591,934075.95,377
2026-04-01,INE461D01028,HLEGLAS,EQ,256.0,276.05,255.0,269.2,269.95,251.0,246481,66837802.55,5924
2026-04-01,INE102A01024,HLVLTD,EQ,5.95,6.51,5.94,6.43,6.47,5.72,773460,4815729.94,1543
2026-04-01,INE0ECP01024,HMAAGRO,EQ,23.5,23.5,22.55,23.38,23.25,21.59,157472,3619375.44,568
2026-04-01,INE262A01018,HMT,BZ,60.0,60.02,58.0,60.01,59.1,57.17,34704,2075826.46,373
2026-04-01,INE0S6S01017,HOACFOODS,ST,388.0,388.0,382.0,382.0,382.0,382.35,2250,866250.0,3
2026-04-01,INE0LXA01019,HOLMARC,SM,63.05,63.05,63.05,63.05,63.05,60.05,1500,94575.0,2
2026-04-01,INE481N01025,HOMEFIRST,EQ,930.0,954.0,923.5,950.45,950.6,904.8,280515,264748768.85,18971
2026-04-01,INE0N7F01017,HOMESFY,SM,124.65,124.7,124.65,124.7,124.7,118.8,1200,149625.0,3
2026-04-01,INE0J5401028,HONASA,EQ,304.0,309.4,301.45,307.45,306.0,298.25,1141325,349316044.7,41717
2026-04-01,INE634A01018,HONDAPOWER,EQ,1892.0,1975.0,1870.1,1950.9,1968.0,1847.2,7470,14499860.5,1204
2026-04-01,INE671A01010,HONAUT,EQ,27245.0,27695.0,26615.0,27290.0,27170.0,26325.0,3613,98961940.0,2347
2026-04-01,INE191I01012,HDIL,BZ,1.84,2.02,1.84,1.99,1.97,1.93,267543,524705.81,296
2026-04-01,INE0GSL01024,HPAL,EQ,29.5,29.5,27.61,29.33,29.4,26.93,132182,3801133.04,1413
2026-04-01,INE0VA601019,HPTL,SM,268.0,268.0,268.0,268.0,268.0,264.75,600,160800.0,1
2026-04-01,INE495S01016,HPL,EQ,273.8,300.0,265.25,294.45,296.0,257.1,704248,202251060.7,15287
2026-04-01,INE0R3501012,HRHNEXT,SM,26.1,26.2,26.05,26.05,26.05,27.4,19500,508875.0,9
2026-04-01,INF336L01RX2,HSBCGOLD,EQ,130.74,133.99,125.99,128.98,129.0,127.63,15095,1960791.31,299
2026-04-01,INE031A01017,HUDCO,EQ,166.5,171.01,164.9,168.03,168.35,159.58,4149865,697634460.81,31475
2026-04-01,INE501G01024,HTMEDIA,EQ,18.8,21.47,18.13,20.69,21.25,18.14,181075,3630526.84,474
2026-04-01,INE703H01016,HUBTOWN,EQ,177.0,189.0,177.0,186.31,185.01,172.03,472775,87183304.04,6757
2026-04-01,INE275B01026,HUHTAMAKI,EQ,153.05,162.0,153.05,161.45,162.0,149.9,97100,15489407.89,1857
2026-04-01,INE0TO501019,HVAX,SM,774.0,775.0,774.0,774.35,775.0,749.0,450,348450.0,3
2026-04-01,INE965B01022,HYBRIDFIN,EQ,16.0,17.4,16.0,16.35,16.26,16.0,5074,85539.72,67
2026-04-01,INE0V6F01027,HYUNDAI,EQ,1828.0,1828.8,1699.0,1716.2,1720.0,1778.0,4291001,7456685705.4,189574
2026-04-01,INE204A01010,IGPL,EQ,333.2,366.0,333.2,364.05,365.4,331.35,26943,9681013.85,999
2026-04-01,INE613B01010,ICDSLTD,BE,42.5,43.14,40.0,43.14,43.14,41.09,595,24910.88,17
2026-04-01,INE520Y01019,ICEMAKE,EQ,698.9,710.7,675.0,684.15,682.5,665.4,46187,31966888.35,2657
2026-04-01,INE090A01021,ICICIBANK,EQ,1228.1,1234.0,1210.0,1212.7,1213.0,1205.9,25472333,31065455922.5,256306
2026-04-01,INE765G01017,ICICIGI,EQ,1735.0,1754.9,1689.0,1694.9,1695.9,1710.6,952924,1634192652.7,40929
2026-04-01,INF109KC19U5,LOWVOLIETF,EQ,20.42,20.7,19.97,20.22,20.21,20.29,2419298,49318017.56,2192
2026-04-01,INE726G01019,ICICIPRULI,EQ,516.9,531.8,510.75,513.35,512.0,509.55,2104697,1085722324.95,53933
2026-04-01,INF109KC10W0,MIDSELIETF,EQ,15.99,16.32,15.6,15.77,15.65,15.57,495678,7939622.54,1173
2026-04-01,INF109KC16V9,NIF100IETF,EQ,26.26,26.62,25.78,25.94,25.81,25.62,212655,5543238.18,2731
2026-04-01,INF109K012R6,NIFTYIETF,EQ,259.58,259.58,255.12,255.98,256.4,252.02,1433058,368127950.05,29122
2026-04-01,INF346A01034,SENSEXIETF,EQ,843.12,850.0,827.27,839.07,830.05,822.55,33964,28578463.67,2511
2026-04-01,INE346A01027,ICICIAMC,EQ,2875.9,2894.0,2758.8,2857.0,2851.0,2801.5,557898,1577643555.0,53959
2026-04-01,INF109KC1NT3,GOLDIETF,EQ,127.7,129.74,127.0,127.52,127.65,125.34,15598266,1996718740.88,61907
2026-04-01,INF109KC11V0,NV20IETF,EQ,13.7,13.7,13.3,13.47,13.48,13.3,504109,6813510.15,2763
2026-04-01,INF109KB15Y7,ICICIB22,EQ,117.39,117.39,114.01,116.65,117.19,113.97,574868,66917542.94,5637
2026-04-01,INF109K1A021,CASHIETF,EQ,1059.7,1059.99,1054.81,1055.96,1055.96,1055.97,148404,156711618.94,129
2026-04-01,INF109K1A153,EVIETF,EQ,27.26,28.28,27.02,27.29,27.86,26.42,139400,3798970.73,681
2026-04-01,INF109KC18O0,GSEC10IETF,EQ,256.87,256.87,256.86,256.86,256.86,257.5,94,24145.62,10
2026-04-01,INF109KC1V59,BSE500IETF,EQ,34.91,35.74,34.91,35.42,35.43,34.66,321240,11398397.22,1917
2026-04-01,INF109KC14A8,GSEC5IETF,EQ,64.04,64.04,63.4,63.96,63.98,64.15,6852,436820.92,98
2026-04-01,INF109KC17V7,ALPL30IETF,EQ,24.89,25.35,24.88,24.95,25.17,24.7,518183,12987688.48,1511
2026-04-01,INF109KC10V2,AUTOIETF,EQ,24.64,25.44,24.63,25.0,25.13,24.5,565211,14208560.03,2442
2026-04-01,INF109KC18U7,PVTBANIETF,EQ,24.53,25.49,24.53,25.13,25.47,24.38,4501781,112648050.45,5458
2026-04-01,INF109KC19O8,COMMOIETF,EQ,94.31,95.82,92.98,93.86,93.75,92.46,87358,8267812.72,910
2026-04-01,INF109KC1V42,CONSUMIETF,EQ,109.29,110.0,108.36,108.85,108.8,106.72,47213,5149771.35,666
2026-04-01,INF109KC19V3,FMCGIETF,EQ,49.25,49.86,48.7,49.14,48.7,48.67,1477659,73070165.85,5806
2026-04-01,INF109KC16E5,INFRAIETF,EQ,88.8,90.41,88.16,89.0,89.08,87.97,141028,12621427.32,2019
2026-04-01,INF109KC1KT9,LIQUIDIETF,EQ,999.99,1000.01,999.99,999.99,1000.0,999.95,215499,215498577.4,333
2026-04-01,INF109KC11W8,MIDCAPIETF,EQ,20.61,21.29,20.52,20.84,21.29,20.11,2556128,52942722.61,4293
2026-04-01,INF109KC17C7,MOM30IETF,EQ,27.6,28.64,27.6,28.29,28.5,27.6,1309821,37269089.29,3471
2026-04-01,INF109KC1NS5,NEXT50IETF,EQ,65.27,66.0,64.13,65.57,66.0,63.68,1279483,83917044.26,8937
2026-04-01,INF109KC1Q72,HEALTHIETF,EQ,146.5,148.9,143.93,144.38,144.55,145.46,237771,34545023.43,2775
2026-04-01,INF109KC18V5,QUAL30IETF,EQ,19.39,19.57,19.13,19.31,19.57,18.83,103866,2004407.09,336
2026-04-01,INF109KC1Y56,SILVERIETF,EQ,229.4,238.13,229.4,234.21,234.25,225.26,7824100,1839566441.92,40925
2026-04-01,INF109KC16I6,ITIETF,EQ,32.98,33.33,32.6,32.82,33.0,31.97,862539,28421756.24,2180
2026-04-01,INF109KC15I8,BANKIETF,EQ,52.64,53.8,52.39,52.89,53.8,51.82,759340,40156555.34,3509
2026-04-01,INF109KC19W1,METALIETF,EQ,11.26,11.63,11.26,11.46,11.45,11.19,10768002,124452632.53,14388
2026-04-01,INF109KC18W3,OILIETF,EQ,11.01,11.2,10.95,11.07,11.08,10.9,2140741,23804077.79,3637
2026-04-01,INF109KC10S8,PSUBNKIETF,EQ,82.09,83.54,81.34,82.77,82.7,79.68,209828,17308376.05,1870
2026-04-01,INF109K1A344,TOP15IETF,EQ,9.62,9.62,9.34,9.35,9.37,9.39,245696,2313311.53,579
2026-04-01,INF109KC16X5,VAL30IETF,EQ,14.78,14.9,14.5,14.55,14.9,14.35,2990227,43582241.45,853
2026-04-01,INF109KC17L8,FINIETF,EQ,28.22,28.82,27.85,28.33,28.54,27.6,436623,12437565.41,1820
2026-04-01,INE725G01011,ICRA,EQ,5099.5,5148.0,5015.5,5086.0,5085.0,5003.0,4124,20892783.0,1320
2026-04-01,INE008A01015,IDBI,EQ,63.1,67.65,62.87,67.65,67.65,61.5,17636265,1155478387.29,40918
2026-04-01,INE349Y01013,IDEAFORGE,EQ,383.95,411.0,381.35,392.45,394.0,371.75,1053671,416622434.55,28033
2026-04-01,INE0T9I01011,IDEALTECHO,SM,217.0,217.7,204.0,207.4,217.7,214.0,2500,523350.0,3
2026-04-01,INE0TD101011,IDENTICAL,SM,18.0,18.0,18.0,18.0,18.0,15.75,2000,36000.0,1
2026-04-01,INE092T01019,IDFCFIRSTB,EQ,60.84,61.2,59.9,60.18,60.23,58.85,32422944,1961803911.61,98413
2026-04-01,INE076C01018,IFBAGRO,EQ,721.0,721.15,695.6,721.15,721.15,686.85,5776,4157739.2,300
2026-04-01,INE559A01017,IFBIND,EQ,925.0,972.9,914.4,955.2,945.05,894.1,58658,55778207.75,6521
2026-04-01,INE039A01010,IFCI,EQ,50.81,53.28,49.88,52.11,52.2,47.88,26748605,1389458334.07,62922
2026-04-01,INE133Y01011,IFGLEXPOR,EQ,126.0,136.56,126.0,131.56,131.5,123.0,41177,5471918.86,1087
2026-04-01,INE188B01013,IGARASHI,EQ,287.5,304.15,283.0,294.5,294.0,273.45,107242,31815510.4,4442
2026-04-01,INE530B07492,1025IIFL30,Y3,1075.0,1086.8,1050.0,1086.8,1086.8,1075.0,1770,1895742.0,11
2026-04-01,INE530B07633,865IIFL31,Y6,1003.0,1003.0,1003.0,1003.0,1003.0,1000.0,100,100300.0,1
2026-04-01,INE530B07617,870IIFL28,Y7,994.99,995.34,994.99,995.16,995.34,995.34,17,16917.63,4
2026-04-01,INE530B07609,9IIFL31,Y9,992.0,992.0,990.0,990.0,990.0,990.0,210,208028.8,8
2026-04-01,INE489L01022,IIFLCAPS,EQ,263.46,265.0,246.67,260.72,261.0,244.15,445161,115613010.19,12114
2026-04-01,INE530B01024,IIFL,EQ,438.0,448.2,434.25,437.75,439.9,430.45,1116743,492493950.7,45928
2026-04-01,INE0LOJ01019,IKIO,EQ,111.1,116.33,110.83,114.07,113.29,107.33,119431,13600535.44,2309
2026-04-01,INE369I01014,IL&FSENGG,BZ,22.7,24.31,22.7,24.29,24.3,23.16,30400,714542.39,38
2026-04-01,INE050B01023,IVC,EQ,6.32,6.8,6.32,6.67,6.76,6.24,205620,1379650.27,722
2026-04-01,INE975G01012,IL&FSTRANS,BZ,1.84,1.92,1.75,1.91,1.92,1.84,119895,221418.05,89
2026-04-01,INE172N01012,IMAGICAA,EQ,38.35,41.49,38.35,40.71,40.46,37.46,699200,28048829.97,4081
2026-04-01,INE691G01015,IMPEXFERRO,BZ,1.37,1.37,1.3,1.36,1.37,1.36,35458,47533.89,72
2026-04-01,INE452L01012,INCREDIBLE,EQ,29.0,32.38,29.0,29.89,29.27,28.58,24879,748162.63,141
2026-04-01,INE547E01014,IMPAL,EQ,1000.0,1010.0,955.3,975.55,990.0,951.2,3224,3126137.35,256
2026-04-01,INE915B01019,INDSWFTLAB,EQ,135.0,140.49,135.0,138.17,138.0,131.43,409230,56760402.28,4895
2026-04-01,INE611L01021,INDTERRAIN,EQ,26.0,28.45,25.8,27.96,28.43,24.87,59948,1622896.41,531
2026-04-01,INE841B01017,INDBANK,EQ,29.55,31.4,29.55,31.14,31.4,29.21,31673,976230.27,459
2026-04-01,INE0O9T01021,BAJAJINDEF,EQ,215.98,239.49,215.98,231.07,234.0,211.62,32628,7512216.09,1001
2026-04-01,INE065X01017,INDGN,EQ,456.4,466.35,442.35,464.55,465.0,434.6,223596,102815381.55,13365
2026-04-01,INE560A01023,INDIAGLYCO,EQ,854.95,890.5,854.95,883.3,883.0,848.95,80841,71309575.8,6474
2026-04-01,INE092B01025,INDNIPPON,EQ,707.65,728.65,695.1,717.25,720.0,679.15,19163,13761963.5,1312
2026-04-01,INE0D6701023,IPL,EQ,127.5,136.9,127.5,135.21,134.3,125.36,197117,26391214.78,2491
2026-04-01,INE922K01024,INDIASHLTR,EQ,750.0,763.3,741.0,755.25,755.0,754.65,169977,127996239.4,12608
2026-04-01,INE353K01014,ITDC,EQ,374.05,402.9,374.05,395.5,395.1,370.5,64158,25396000.65,2874
2026-04-01,INE126M01010,IBULLSLTD,EQ,9.25,10.44,9.25,10.03,10.08,9.14,6251154,62206782.68,7372
2026-04-01,INE933S01016,INDIAMART,EQ,2004.0,2078.0,1971.1,2038.8,2037.8,1986.2,155604,316757644.5,23295
2026-04-01,INE562A01011,INDIANB,EQ,879.35,890.65,861.4,888.0,886.0,845.7,1896842,1669128610.3,59011
2026-04-01,INE061A01014,INDIANCARD,EQ,156.65,171.74,156.65,167.2,169.46,156.6,6647,1103368.59,486
2026-04-01,INE0RRU01016,IEML,SM,62.55,70.45,62.55,69.55,70.45,60.6,38000,2543200.0,61
2026-04-01,INE022Q01020,IEX,EQ,117.0,121.0,117.0,119.95,120.05,114.75,4171559,499193988.9,30011
2026-04-01,INE323C01030,INDIANHUME,EQ,285.7,313.95,285.7,307.2,303.05,281.45,57843,17453046.05,2267
2026-04-01,INE919H01018,IMFA,EQ,1225.0,1286.9,1220.5,1231.8,1227.0,1202.5,153960,192574543.5,18848
2026-04-01,INE242A01010,IOC,EQ,140.0,140.0,134.5,135.72,135.65,135.4,26367709,3595441995.28,146357
2026-04-01,INE565A01014,IOB,EQ,32.45,32.88,31.95,32.41,32.45,31.38,5648409,182801289.63,15707
2026-04-01,INE0DHF01018,IPHL,SM,53.9,53.9,52.2,52.2,52.2,49.7,2400,127320.0,2
2026-04-01,INE335Y01020,IRCTC,EQ,510.0,522.4,507.9,511.2,512.2,494.5,1664955,857113175.3,46057
2026-04-01,INE053F01010,IRFC,EQ,90.83,92.78,89.41,91.99,92.1,87.23,20132244,1847362093.69,72668
2026-04-01,INE202E01016,IREDA,EQ,113.97,115.0,111.33,113.76,114.11,108.98,9564890,1089825017.71,43375
2026-04-01,INE0PS301014,INDIFRA,SM,12.3,12.3,12.3,12.3,12.3,11.75,2000,24600.0,1
2026-04-01,INE09VQ01012,INDIGOPNTS,EQ,746.5,761.0,730.6,749.55,747.0,710.8,95500,71500244.95,6954
2026-04-01,INE219X23014,INDIGRID,IV,165.36,166.1,165.11,165.91,165.98,165.44,616878,102183203.76,10166
2026-04-01,INE06ST01018,INDIQUBE,EQ,140.0,144.51,136.0,137.58,136.0,135.61,38043,5370134.46,1148
2026-04-01,INE760F01028,INDOAMIN,EQ,89.5,94.8,87.7,94.13,94.8,84.23,84096,7797715.78,1534
2026-04-01,INE803D01021,INDOBORAX,EQ,246.99,249.9,243.7,244.04,244.01,243.11,69335,16976098.2,511
2026-04-01,INE483B01026,ICIL,EQ,259.0,263.83,245.0,246.38,245.79,249.55,590333,148008009.33,10230
2026-04-01,INE622H01018,INDOFARM,EQ,115.85,125.0,115.0,124.6,124.68,111.16,432032,52525321.19,3354
2026-04-01,INE156A01020,INDORAMA,EQ,30.26,32.98,30.26,32.63,32.38,30.09,105095,3385067.97,527
2026-04-01,INE332H01014,INDOTECH,EQ,1185.9,1295.0,1150.0,1268.4,1265.0,1104.9,89676,111830050.1,6845
2026-04-01,INE337M01021,INDOTHAI,EQ,296.8,299.0,290.0,295.4,295.45,287.2,512803,151289601.9,3353
2026-04-01,INE250Z01010,INDOUS,EQ,99.0,104.9,99.0,101.76,102.0,98.21,17535,1798324.95,461
2026-04-01,INE567A01028,NIPPOBATRY,EQ,294.8,294.8,266.05,285.65,285.1,259.25,11440,3233251.0,799
2026-04-01,INE873D01024,INDOCO,EQ,169.9,190.0,167.61,187.08,188.98,164.0,60926,11074907.97,1798
2026-04-01,INE05J901018,IGCL,EQ,60.0,63.51,59.65,62.41,62.6,58.46,153621,9480084.48,1141
2026-04-01,INE866K01023,WAAREEINDO,BE,384.0,384.65,371.65,384.35,384.65,366.35,65161,24968384.0,625
2026-04-01,INE896L01010,INDOSTAR,EQ,195.82,199.55,193.25,195.14,196.66,189.75,170179,33452135.8,3546
2026-04-01,INE227G01018,INDOWIND,EQ,7.76,7.8,7.01,7.19,7.38,7.06,1006872,7486473.88,2147
2026-04-01,INE203G01027,IGL,EQ,148.0,150.34,147.0,148.17,148.7,145.62,2871715,427154644.32,53340
2026-04-01,INE681B01017,INDRAMEDCO,EQ,381.6,401.75,381.6,399.7,399.5,372.35,181214,71659299.85,5232
2026-04-01,INE0NHL23019,INDUSINVIT,IV,125.69,125.69,121.29,121.73,122.0,123.45,122649,15050224.63,8565
2026-04-01,INE121J01017,INDUSTOWER,EQ,436.8,436.8,420.85,423.25,423.8,418.15,4689273,2001193569.45,68123
2026-04-01,INE095A01012,INDUSINDBK,EQ,765.95,793.65,765.95,785.65,786.0,752.45,4336917,3392633400.95,59606
2026-04-01,INE886A01014,IITL,EQ,121.0,133.96,120.05,130.3,130.01,125.92,28896,3725053.88,2377
2026-04-01,INE0MRE01011,INFINIUM,SM,202.0,202.0,202.0,202.0,202.0,192.8,1500,303000.0,3
2026-04-01,INE0MYZ01012,INFLUX,SM,216.0,230.95,213.2,213.6,214.0,202.0,100800,22584120.0,124
2026-04-01,INE663F01032,NAUKRI,EQ,984.9,997.5,965.25,985.25,980.85,967.7,2137122,2106468657.25,77062
2026-04-01,INE344S01016,INFOBEAN,EQ,128.97,136.11,127.56,136.11,136.11,123.74,623900,83760460.66,5117
2026-04-01,INE0NNZ01013,INFOLLION,SM,294.3,300.0,294.3,300.0,300.0,285.65,2400,709720.0,6
2026-04-01,INE669A01022,INFOMEDIA,EQ,4.81,5.14,4.81,4.99,4.9,4.79,3073,15258.97,51
2026-04-01,INE009A01021,INFY,EQ,1290.0,1303.0,1269.5,1275.7,1279.0,1250.6,8137156,10462432396.2,165242
2026-04-01,INE177A01018,INGERRAND,EQ,3527.0,3690.9,3526.0,3633.1,3626.6,3488.8,11905,43305131.2,3092
2026-04-01,INE0S1D01010,INNOMET,SM,76.0,79.0,75.5,79.0,79.0,71.6,3000,233100.0,5
2026-04-01,INE0DUT01020,INNOVACAP,EQ,685.0,722.7,685.0,703.95,702.0,689.85,23712,16783132.3,2708
2026-04-01,INE403Y01018,INNOVANA,EQ,322.05,354.95,322.05,350.2,354.9,322.05,15292,5068756.2,646
2026-04-01,INE070Y01023,ITTL,ST,99.25,99.3,99.25,99.3,99.3,99.25,525,52116.75,5
2026-04-01,INE0ADB01012,INNOVISION,EQ,329.65,350.85,328.0,335.55,336.35,322.9,279739,95309986.05,8430
2026-04-01,INE510W01014,INOXGREEN,EQ,140.0,146.9,140.0,144.39,140.0,135.96,1797035,258766817.19,18964
2026-04-01,INE616N01034,INOXINDIA,EQ,1198.0,1252.0,1190.2,1245.1,1232.0,1175.0,125662,154837281.6,15681
2026-04-01,INE066P01011,INOXWIND,EQ,78.08,81.29,78.08,80.53,80.56,75.49,10778251,863663801.33,32837
2026-04-01,INE070I01018,INSECTICID,EQ,528.4,598.0,525.0,582.75,587.0,528.4,40944,23435464.4,2173
2026-04-01,INE0LGX01024,INA,EQ,86.9,92.19,84.55,89.68,90.6,82.18,1219592,107759470.19,6828
2026-04-01,INE0NDX01019,INSPIRE,SM,7.2,7.2,7.2,7.2,7.2,6.9,6000,43200.0,2
2026-04-01,INE020G01017,INSPIRISYS,BE,74.0,75.01,74.0,74.95,75.0,71.44,1425,106523.92,21
2026-04-01,INE418N01035,ESSENTIA,EQ,1.12,1.21,1.06,1.2,1.21,1.01,3697123,4245696.11,1541
2026-04-01,INE02EE01019,IPSL,SM,218.0,218.0,218.0,218.0,218.0,218.0,8000,1744000.0,1
2026-04-01,INE306R01017,INTELLECT,EQ,607.95,644.7,607.95,635.9,638.7,598.55,325238,206551626.65,16193
2026-04-01,INE781A01025,INTENTECH,EQ,74.8,84.14,73.27,84.14,84.14,70.12,105337,8567303.89,1193
2026-04-01,INE00M901018,INTERARCH,EQ,1696.3,1785.0,1696.3,1778.0,1780.3,1665.0,52302,91883724.8,5855
2026-04-01,INE646L01027,INDIGO,EQ,4063.8,4332.7,4063.8,4180.8,4183.0,3943.5,4361610,18424242931.6,209466
2026-04-01,INE0OPC01015,INM,SM,180.0,180.0,179.5,179.5,179.5,179.5,9000,1619700.0,7
2026-04-01,INE0Q9301021,IGIL,EQ,322.0,332.45,321.4,324.15,324.85,317.95,320198,104504417.15,9684
2026-04-01,INE575C01027,INTLCONV,EQ,63.8,65.39,62.11,64.32,64.42,60.11,55817,3596865.78,687
2026-04-01,INE566K01011,ISFT,EQ,56.99,60.0,56.99,59.56,60.0,55.55,12391,731019.06,212
2026-04-01,INE878H01024,INVENTURE,EQ,0.85,0.92,0.83,0.9,0.91,0.83,1336440,1178886.14,772
2026-04-01,INE115Q01022,IKS,EQ,1376.9,1376.9,1322.0,1331.5,1333.0,1328.4,270398,363446746.6,18943
2026-04-01,INF205K01361,IVZINGOLD,EQ,12959.65,13101.0,12955.05,13046.2,13070.0,12703.55,1239,16157408.65,286
2026-04-01,INF205K01DA9,IVZINNIFTY,EQ,2606.95,2611.39,2584.29,2588.0,2588.0,2554.7,202,523270.23,18
2026-04-01,INE0XJ501010,INVICTA,SM,66.5,70.5,66.5,70.0,70.0,63.0,8000,555120.0,5
2026-04-01,INE485C01029,IOLCP,EQ,75.5,78.78,74.96,77.43,77.31,72.77,1106073,85585691.63,8752
2026-04-01,INE570A01022,IONEXCHANG,EQ,336.95,339.8,326.0,337.3,334.7,320.35,143104,48094675.35,10525
2026-04-01,INE571A01038,IPCALAB,EQ,1602.0,1620.0,1500.3,1508.2,1507.0,1601.2,527064,819114976.9,41476
2026-04-01,INE821I01022,IRB,EQ,22.2,22.55,21.41,21.61,21.54,22.14,22314720,493608556.78,42743
2026-04-01,INE183W23014,IRBINVIT,IV,60.29,60.67,59.7,60.1,60.19,60.29,547817,32964908.54,5531
2026-04-01,INE962Y01021,IRCON,EQ,119.8,126.26,119.0,125.4,125.51,115.33,5882746,730553137.47,45257
2026-04-01,INE01GN01025,IRISDOREME,EQ,30.2,32.89,30.2,31.86,30.55,30.28,409742,12806382.38,1101
2026-04-01,INE864K01010,IRIS,EQ,214.0,232.0,212.0,217.04,219.73,210.91,48539,10653909.7,1247
2026-04-01,INE07U701015,IRMENERGY,EQ,185.0,188.79,181.5,185.57,184.01,180.39,216350,40023689.24,4898
2026-04-01,INE413U07442,925ISF28,N0,9779.0,9779.0,9779.0,9779.0,9779.0,9779.0,5,48895.0,1
2026-04-01,INE413U07426,950ISF27C,N0,9950.0,9975.0,9949.0,9966.66,9975.0,9761.0,12,119444.0,5
2026-04-01,INE858B01029,ISGEC,EQ,875.0,919.75,870.0,909.6,909.0,862.25,119087,107929090.05,14739
2026-04-01,INE561M01018,ISHANCH,EQ,47.05,52.0,47.05,50.83,51.0,47.05,17643,894176.88,123
2026-04-01,INE0LCW01025,ISHAN,SM,0.6,0.6,0.6,0.6,0.6,0.6,48000,28800.0,1
2026-04-01,INE0R7R01018,ITALIANE,ST,34.15,37.4,34.15,37.4,37.4,35.9,4000,143100.0,2
2026-04-01,INE379A01028,ITCHOTELS,EQ,143.01,148.61,142.38,147.39,147.4,137.87,4096189,597498498.38,49735
2026-04-01,INE154A01025,ITC,EQ,293.0,294.45,290.9,291.7,292.2,287.7,18604340,5441167899.3,140075
2026-04-01,INE248A01017,ITI,EQ,248.79,256.8,245.03,255.34,255.53,239.05,931855,235840968.25,20126
2026-04-01,INE056801025,IVALUE,EQ,225.0,226.0,216.16,220.11,222.61,216.43,99397,21982601.93,1905
2026-04-01,INE043C01018,IVP,EQ,121.0,123.0,116.46,122.56,123.0,111.87,3731,449718.67,149
2026-04-01,INE1AII01014,IWARE,ST,218.65,221.0,212.05,215.7,217.9,218.65,19200,4169400.0,16
2026-04-01,INE848A01014,IZMO,BE,624.0,646.65,624.0,646.65,646.65,615.9,18578,11928259.85,334
2026-04-01,INE168A01041,J&KBANK,EQ,114.0,115.2,111.86,114.27,114.35,110.01,4660577,530320937.39,26154
2026-04-01,INE572A01036,JBCHEPHARM,EQ,2071.9,2103.0,1990.6,2008.8,2000.6,2064.4,241774,490101910.0,22200
2026-04-01,INE0MB501011,JGCHEM,EQ,315.9,337.6,315.9,335.25,336.0,309.05,79055,26236645.25,2397
2026-04-01,INE199G01027,JAGRAN,EQ,61.37,62.66,61.37,62.33,62.36,61.07,472899,29414272.35,2250
2026-04-01,INE048B01035,JAGSNPHARM,EQ,185.8,186.9,184.0,185.66,186.0,184.03,125489,23287389.77,1598
2026-04-01,INE091G01026,JAIBALAJI,EQ,56.9,59.34,55.64,58.47,57.65,54.14,2710901,157212803.18,19847
2026-04-01,INE070D01027,JAICORPLTD,EQ,93.78,97.4,92.05,96.5,96.79,88.76,998300,95670041.09,8979
2026-04-01,IN9175A01010,JISLDVREQS,EQ,19.31,20.57,19.31,20.36,20.13,19.15,36508,736952.56,164
2026-04-01,INE175A01038,JISLJALEQS,EQ,28.99,29.9,28.37,29.42,29.5,27.74,2243736,66035984.87,10325
2026-04-01,INE0YD401026,JAINREC,EQ,474.3,476.9,460.8,464.7,463.3,456.5,1272700,596967844.45,36107
2026-04-01,INE0XIL01012,JAINIK,SM,107.0,109.0,102.25,109.0,109.0,103.85,7200,767100.0,6
2026-04-01,INE351F01018,JPPOWER,EQ,14.68,15.05,14.34,14.94,14.97,14.04,66011547,977661055.77,37697
2026-04-01,INE349X01015,JALAN,SM,1.7,1.8,1.7,1.7,1.7,1.75,141000,240600.0,32
2026-04-01,INE039C01032,JAMNAAUTO,EQ,117.55,120.6,114.32,119.95,120.6,111.92,2369047,280911947.13,16844
2026-04-01,INE953L01027,JSFB,EQ,370.0,375.45,364.1,369.3,368.9,360.15,97628,36225264.45,3317
2026-04-01,INE00YJ01010,JARO,EQ,399.95,424.8,399.95,421.85,422.0,387.4,136229,56594153.3,5823
2026-04-01,INE039O01029,JASH,EQ,344.95,364.5,344.85,360.5,361.0,344.85,83282,29797377.2,3132
2026-04-01,INE0SMY01017,JAYBEE,SM,77.3,89.75,77.3,87.9,88.1,74.8,84000,7299925.0,78
2026-04-01,INE571B01036,JAYBARMARU,EQ,79.0,83.9,78.99,83.52,83.2,75.65,204207,16716188.22,2814
2026-04-01,INE0J6801010,KORE,SM,85.0,86.0,85.0,86.0,86.0,85.0,1500,128500.0,5
2026-04-01,INE785A01026,JAYAGROGN,EQ,152.1,165.0,152.1,161.5,161.0,149.77,9546,1536956.82,248
2026-04-01,INE854B01010,JAYNECOIND,EQ,73.7,76.5,73.1,75.01,74.74,71.55,3746337,281667442.46,11170
2026-04-01,INE1AE401014,JAYESH,SM,134.0,149.0,134.0,148.5,148.0,124.2,37000,5423800.0,30
2026-04-01,INE903A01025,JAYKAY,EQ,136.5,138.9,122.11,136.36,135.15,118.31,313539,42084034.14,4666
2026-04-01,INE364A01020,JAYSREETEA,EQ,73.9,77.49,73.9,75.52,75.5,72.02,56448,4278265.84,552
2026-04-01,INE927D01051,JBMA,EQ,540.0,584.75,533.55,561.1,558.95,515.25,12366658,7062730639.7,199985
2026-04-01,INE0J5801029,JSLL,EQ,566.1,597.0,554.0,588.75,586.5,539.7,543989,316571596.25,16235
2026-04-01,INE982V01025,JETFREIGHT,EQ,17.06,17.5,16.65,17.07,17.07,17.06,35413,607410.27,203
2026-04-01,INE0RXB01022,JEYYAM,SM,24.0,27.15,24.0,27.15,27.15,22.65,116000,3082300.0,47
2026-04-01,INE0LA901015,JFLLIFE,SM,8.95,8.95,8.95,8.95,8.95,8.55,6000,53700.0,1
2026-04-01,INE544H01014,JHS,EQ,6.81,7.44,6.81,7.23,7.25,6.55,137566,996093.85,297
2026-04-01,INE03DD01011,RETAIL,EQ,18.69,18.69,16.75,18.48,18.65,16.12,7704,141422.77,63
2026-04-01,INE147P01019,JPOLYINVST,EQ,1050.0,1116.0,1050.0,1078.5,1085.0,1029.4,32544,35387395.8,4199
2026-04-01,INE742C01031,JINDRILL,EQ,473.95,485.0,466.1,475.6,477.0,461.75,332353,158541524.25,9642
2026-04-01,INE796G01012,JINDALPHOT,EQ,1031.0,1058.95,1011.0,1050.3,1058.95,981.7,6992,7299278.35,819
2026-04-01,INE197D01010,JINDALPOLY,EQ,743.75,777.85,703.85,735.6,732.55,740.85,421748,309681884.1,11872
2026-04-01,INE324A01032,JINDALSAW,EQ,187.51,192.54,185.51,191.34,191.35,183.12,2364950,448119090.24,22736
2026-04-01,INE220G01021,JSL,EQ,734.95,734.95,701.0,704.85,707.0,710.95,1200897,858948837.1,38231
2026-04-01,INE749A01030,JINDALSTEL,EQ,1131.0,1158.3,1126.4,1137.4,1135.0,1113.1,1544180,1767402798.5,66331
2026-04-01,INE247D01039,JINDWORLD,EQ,18.5,20.46,18.5,20.18,20.25,18.1,997614,19744756.1,3431
2026-04-01,INE1FF001016,JKIPL,EQ,48.1,51.68,48.1,50.9,51.6,47.49,39437,2008140.27,432
2026-04-01,INE758E01017,JIOFIN,EQ,233.04,233.04,228.0,231.93,232.0,224.1,21603793,4976760456.51,122984
2026-04-01,INE863T01013,JITFINFRA,BE,276.85,290.65,276.0,290.65,290.65,276.85,7337,2112104.55,87
2026-04-01,INE0N5H01017,JIWANRAM,SM,4.75,5.4,4.75,5.4,5.4,5.0,30000,150300.0,5
2026-04-01,INE823G01014,JKCEMENT,EQ,5220.0,5220.0,5067.5,5140.0,5141.0,5080.0,107094,550318173.5,14036
2026-04-01,INE786A01032,JKLAKSHMI,EQ,578.0,594.0,569.9,589.35,587.2,558.05,82442,48218665.4,10139
2026-04-01,INE789E01012,JKPAPER,EQ,323.35,334.9,320.75,332.7,329.05,306.4,310362,101929610.35,11287
2026-04-01,INE573A01042,JKTYRE,EQ,400.15,401.5,390.0,393.8,393.4,380.9,1135734,449493346.2,36786
2026-04-01,INE576I01022,JKIL,EQ,435.0,471.75,435.0,455.85,457.9,427.7,425551,194421197.3,20832
2026-04-01,INE780C01023,JMFINANCIL,EQ,118.65,121.46,116.93,120.3,120.0,113.61,2415457,289601534.26,21727
2026-04-01,INE0OAF01028,JNKINDIA,EQ,218.0,241.0,217.0,229.86,229.8,210.02,1350593,315169441.32,17284
2026-04-01,INE839G01010,JOCIL,EQ,94.0,101.0,94.0,100.79,100.99,93.7,5254,522225.65,129
2026-04-01,INE718I01012,JSWCEMENT,EQ,114.5,115.25,112.03,114.73,114.83,110.19,849927,97123130.19,9776
2026-04-01,INE121E01018,JSWENERGY,EQ,477.5,490.0,477.5,484.15,484.35,471.6,2188358,1059057803.3,49081
2026-04-01,INE824G01012,JSWHL,EQ,11699.0,11867.0,11542.0,11762.0,11850.0,11302.0,6190,73093529.0,1785
2026-04-01,INE880J01026,JSWINFRA,EQ,250.71,250.71,244.35,247.95,247.39,240.8,1860993,460400782.58,42652
2026-04-01,INE019A01038,JSWSTEEL,EQ,1141.9,1159.0,1134.5,1140.4,1139.0,1122.5,2025282,2322064999.3,61158
2026-04-01,INE643A01035,JTEKTINDIA,EQ,118.59,126.0,118.59,125.34,126.0,117.55,99470,12246560.21,1229
2026-04-01,INE391J01032,JTLIND,EQ,43.9,48.96,42.2,48.58,48.91,40.8,6847967,320081309.41,23731
2026-04-01,INE03CC01015,JUBLCPL,EQ,1500.0,1685.0,1500.0,1663.6,1679.0,1483.0,7902,12794124.1,1114
2026-04-01,INE797F01020,JUBLFOOD,EQ,448.05,452.6,437.9,443.7,442.0,434.1,2942527,1308649284.35,59899
2026-04-01,INE0BY001018,JUBLINGREA,EQ,551.05,579.9,551.05,573.0,579.9,543.7,108474,61693786.05,10263
2026-04-01,INE700A01033,JUBLPHARMA,EQ,821.5,847.0,809.1,816.55,817.0,816.45,199432,164512981.7,14319
2026-04-01,INE412C01023,JMA,EQ,80.94,81.5,79.0,80.84,81.48,75.89,2816,226022.93,78
2026-04-01,INE696F01016,JUNIPER,EQ,205.0,208.0,196.75,203.73,203.02,189.94,90830,18440088.24,1850
2026-04-01,INE682M01012,JLHL,EQ,1290.8,1290.8,1242.0,1246.9,1250.0,1281.2,25073,31435419.6,4590
2026-04-01,INE209L01016,JWL,EQ,250.22,257.87,244.68,256.68,257.29,238.1,2523952,640114340.99,40349
2026-04-01,INE599M01018,JUSTDIAL,EQ,495.1,518.0,495.1,516.6,516.0,490.7,184313,94538633.7,7306
2026-04-01,INE668F01031,JYOTHYLAB,EQ,207.08,207.52,202.0,205.63,204.95,197.25,401186,82453508.56,16547
2026-04-01,INE980O01024,JYOTICNC,EQ,755.0,777.55,739.15,766.05,764.9,721.85,440283,337521850.95,29242
2026-04-01,INE1M3T01017,JYOTIGLOBL,SM,31.0,33.8,31.0,33.8,33.8,28.2,40000,1328700.0,20
2026-04-01,INE197A01024,JYOTISTRUC,EQ,9.5,10.55,9.37,10.35,10.38,8.95,34431338,349243577.16,21179
2026-04-01,INE157H01023,KMSUGAR,EQ,25.26,26.35,25.26,25.91,25.85,25.15,132940,3457062.61,741
2026-04-01,INE127T01021,KPEL,EQ,261.99,277.0,257.96,274.78,275.5,249.85,387530,104988761.5,8157
2026-04-01,INE0DEZ01013,K2INFRA,SM,43.15,47.5,43.15,47.1,47.2,41.4,10200,476010.0,15
2026-04-01,INE900B01029,KABRAEXTRU,EQ,187.99,214.0,187.99,199.37,199.95,183.0,47961,9496763.86,979
2026-04-01,INE0XOW01017,KKJEWELS,SM,93.5,93.5,93.5,93.5,93.5,88.0,1000,93500.0,1
2026-04-01,INE217B01036,KAJARIACER,EQ,945.5,1007.55,945.5,991.8,975.0,920.1,1235094,1219181486.0,35501
2026-04-01,INE437B01014,KAKATCEM,EQ,86.12,93.0,86.12,92.61,93.0,85.08,2764,248385.26,108
2026-04-01,INE0T0L01014,KALANA,ST,20.45,20.45,20.0,20.0,20.0,20.35,6000,121700.0,3
2026-04-01,INE227J01012,KALPATARU,EQ,262.0,278.5,262.0,274.9,275.5,258.9,50605,13830918.65,1712
2026-04-01,INE220B01022,KPIL,EQ,1069.5,1107.5,1062.7,1096.5,1084.0,1057.6,143892,156719720.1,12479
2026-04-01,INE303R01014,KALYANKJIL,EQ,385.6,392.4,382.95,387.1,387.5,375.9,3247928,1261158464.4,39445
2026-04-01,INE314G01014,KALYANIFRG,EQ,589.95,589.95,551.35,573.55,567.0,546.45,1516,876398.7,168
2026-04-01,INE029L01018,KICL,EQ,4144.0,4280.5,4144.0,4224.2,4270.0,4025.0,1856,7873047.4,365
2026-04-01,INE907A01026,KSL,EQ,589.35,616.4,588.0,611.05,610.05,577.75,32978,20014721.65,2685
2026-04-01,INE967C01018,KAMATHOTEL,EQ,149.7,159.5,145.01,156.96,159.5,143.06,61021,9396948.35,1294
2026-04-01,INE390H01020,KAMDHENU,EQ,18.38,19.02,17.5,18.79,18.85,17.29,1249499,23125445.28,1914
2026-04-01,INE0BTI01037,KAMOPAINTS,EQ,3.9,4.19,3.76,4.09,4.14,3.64,602126,2429287.06,1350
2026-04-01,INE879E01037,KANANIIND,EQ,1.06,1.27,1.06,1.27,1.27,1.06,247839,308264.26,213
2026-04-01,INE0MOT01016,KANDARP,SM,139.0,139.0,139.0,139.0,139.0,130.0,1000,139000.0,1
2026-04-01,INE138C01024,KANORICHEM,EQ,60.0,62.0,58.8,61.19,62.0,56.14,14810,897031.25,189
2026-04-01,INE694E01014,KANPRPLA,EQ,159.6,175.0,159.6,171.62,172.35,157.89,5250,886939.44,245
2026-04-01,INE531A01024,KANSAINER,EQ,170.01,176.69,170.01,175.56,175.0,167.22,274067,47925597.17,15209
2026-04-01,INE542Z01028,KAPSTON,BE,280.1,292.0,280.1,284.55,284.25,280.9,15390,4388823.25,216
2026-04-01,INE725L01011,KARMAENG,EQ,36.05,36.15,36.05,36.15,36.15,34.43,185,6680.31,9
2026-04-01,INE614B01018,KTKBANK,EQ,230.0,233.41,226.0,230.17,228.11,222.96,3961866,913714830.19,32182
2026-04-01,INE0MGA01012,KARNIKA,SM,104.55,110.85,104.55,110.85,110.85,105.6,7000,769650.0,7
2026-04-01,INE036D01028,KARURVYSYA,EQ,299.4,299.4,288.0,291.85,291.5,289.4,3009101,879881709.25,52224
2026-04-01,INE0SVY01018,KATARIA,SM,94.0,100.0,94.0,100.0,100.0,91.95,2400,232500.0,4
2026-04-01,INE234I01028,KAUSHALYA,EQ,790.0,810.0,770.4,791.5,772.05,755.2,82,65172.05,41
2026-04-01,INE0Q2V01012,KLL,SM,34.0,37.55,34.0,37.55,37.55,31.8,10400,377120.0,13
2026-04-01,INE455I01029,KSCL,EQ,795.0,841.95,795.0,833.95,825.0,783.8,251939,207757179.8,9492
2026-04-01,INE641C01019,KAVDEFENCE,BE,51.51,54.37,51.51,54.37,54.37,51.79,39494,2121559.76,237
2026-04-01,INE0RCG01017,KCEIL,SM,97.35,111.5,97.35,109.45,109.45,93.75,20500,2193200.0,40
2026-04-01,INE587G01015,KAYA,EQ,239.0,257.85,239.0,249.43,250.0,238.25,10292,2589002.99,430
2026-04-01,INE918Z01012,KAYNES,EQ,3629.5,3674.8,3520.8,3539.9,3538.0,3429.6,2072395,7441869699.6,107554
2026-04-01,INE13ZD01013,KAYTEX,SM,57.2,60.3,53.1,55.75,55.8,52.7,31200,1757000.0,30
2026-04-01,INE0J1E01027,KCK,SM,12.75,12.95,12.75,12.95,12.95,11.8,52500,679250.0,17
2026-04-01,INE805C01028,KCP,EQ,128.0,135.5,128.0,133.53,134.5,125.6,230655,30750514.97,2611
2026-04-01,INE790B01024,KCPSUGIND,EQ,23.31,24.25,23.31,23.96,23.75,23.26,136257,3274602.58,553
2026-04-01,INE291D01011,KDDL,EQ,2089.0,2187.9,2041.0,2162.3,2152.0,2026.0,11984,25805345.0,2950
2026-04-01,INE389H01022,KEC,EQ,526.85,539.15,520.3,522.05,522.0,511.3,681869,359437842.55,26004
2026-04-01,INE878B01027,KEI,EQ,4131.2,4217.8,4092.3,4134.8,4126.0,4038.0,639264,2656477021.8,64219
2026-04-01,INE164B01030,KELLTONTEC,EQ,14.0,15.25,13.96,15.04,15.07,13.24,4123864,60263623.3,5866
2026-04-01,INE15DO01012,KEN,SM,33.0,35.2,33.0,35.0,35.0,31.35,7200,247560.0,6
2026-04-01,INE202H01019,KERNEX,EQ,895.0,975.0,887.55,955.85,956.0,857.0,236711,224620326.55,11861
2026-04-01,INE087A01019,KESORAMIND,EQ,8.3,8.72,8.25,8.32,8.31,8.07,1015707,8584065.81,1627
2026-04-01,INE401H01017,KKCL,EQ,424.0,444.1,424.0,440.9,444.0,416.65,15058,6600899.45,722
2026-04-01,INE681C01015,KEYFINSERV,EQ,227.55,248.85,227.55,231.83,228.74,227.55,4143,965213.99,167
2026-04-01,INE263M01029,RUSTOMJEE,EQ,378.0,390.0,372.0,381.1,380.4,374.15,37083,14103213.0,1641
2026-04-01,INE138Y01010,KFINTECH,EQ,914.0,920.7,897.0,903.0,903.0,876.55,461461,419217881.45,21017
2026-04-01,INE834I01025,KHADIM,EQ,83.0,87.0,80.4,85.01,85.0,78.59,142569,12138620.63,2211
2026-04-01,INE731C01018,KHAITANLTD,EQ,98.85,102.38,94.31,98.02,101.7,93.07,996,99452.98,50
2026-04-01,INE745B01028,KHAICHEM,EQ,45.06,50.6,45.06,48.81,49.2,43.24,1154096,55771275.86,8752
2026-04-01,INE060B01014,KHANDSE,EQ,13.85,14.1,13.0,13.74,14.0,12.5,3425,47109.62,65
2026-04-01,INE00UG01014,KHFM,SM,55.3,55.3,55.3,55.3,55.3,53.35,1550,85715.0,1
2026-04-01,INE729D01010,KILITCH,EQ,126.0,143.0,126.0,138.35,136.0,124.45,33287,4523514.27,969
2026-04-01,INE473D01015,KINGFA,EQ,4228.0,4263.4,4132.5,4194.8,4177.0,4229.6,4046,17036887.7,1070
2026-04-01,INE880L01014,KIOCL,EQ,322.55,350.0,322.55,344.5,345.0,316.9,499551,169652398.65,20403
2026-04-01,INE415I01015,KIRIINDUS,EQ,352.5,373.2,350.0,364.95,365.0,338.3,512796,186570060.0,13078
2026-04-01,INE732A01036,KIRLOSBROS,EQ,1370.0,1430.6,1365.0,1410.7,1420.0,1339.1,114143,160584185.0,16941
2026-04-01,INE134B01017,KECL,EQ,83.0,89.92,83.0,88.48,86.35,81.83,216261,18811968.36,2206
2026-04-01,INE250A01039,KIRLOSIND,EQ,2501.0,2774.0,2501.0,2674.9,2774.0,2472.4,5613,14757664.4,1225
2026-04-01,INE146L01010,KIRLOSENG,EQ,1354.4,1412.0,1344.9,1367.0,1360.4,1328.9,306560,421220828.0,25604
2026-04-01,INE811A01020,KIRLPNU,EQ,1060.0,1099.9,1054.2,1085.8,1085.0,1040.0,28562,30895893.2,4180
2026-04-01,INE602G01020,KITEX,EQ,154.66,158.0,150.6,155.65,156.0,142.25,1910165,296274469.84,16978
2026-04-01,INE0KNW01016,KNAGRI,EQ,179.0,180.58,174.91,180.58,180.58,171.99,4102,733780.14,84
2026-04-01,INE0CJD01029,KMEW,EQ,1535.5,1604.0,1507.7,1578.1,1571.2,1466.2,64329,101209525.7,7698
2026-04-01,INE1JAR25012,KRT,RR,114.84,115.15,112.52,113.15,113.25,113.6,405921,46177952.82,9814
2026-04-01,INE634I01029,KNRCON,EQ,117.99,126.41,116.43,123.81,122.6,113.04,25011715,3014803970.96,104196
2026-04-01,INE0Q7P01013,KODYTECH,ST,720.0,724.95,701.0,704.5,708.0,690.45,2800,2007815.0,19
2026-04-01,INE080B01012,KOHINOOR,EQ,20.0,21.2,19.99,20.86,21.0,19.76,92094,1918377.93,2002
2026-04-01,INE760A01029,KOKUYOCMLN,EQ,71.9,75.25,71.9,73.98,74.0,71.29,39776,2957486.42,519
2026-04-01,INE094I01018,KOLTEPATIL,EQ,301.0,309.4,295.5,297.7,299.3,295.9,158475,47450686.75,3674
2026-04-01,INE0QEI01011,KONSTELEC,SM,29.1,30.05,29.1,30.05,30.05,28.65,2000,59150.0,2
2026-04-01,INE0KZ301010,KONTOR,SM,60.0,60.0,60.0,60.0,60.0,55.25,600,36000.0,1
2026-04-01,INE082A01010,KOPRAN,EQ,111.5,120.0,110.24,118.8,119.42,108.04,271135,31810653.21,3034
2026-04-01,INE0O4R01018,KDL,ST,106.15,106.15,106.1,106.15,106.15,101.1,3600,382132.5,13
2026-04-01,INF174KA1HJ8,GOLD1,EQ,125.13,125.94,123.85,124.23,124.42,122.08,7223041,897330535.85,14077
2026-04-01,INE237A01036,KOTAKBANK,EQ,363.8,364.05,355.0,356.05,355.4,353.4,21245776,7614332891.45,139154
2026-04-01,INF174K014P6,NIFTY1,EQ,248.0,253.45,248.0,250.93,252.98,246.49,295916,74371556.74,2252
2026-04-01,INF373I01023,PSUBANK,EQ,810.41,823.06,801.62,816.58,818.5,788.26,57853,47103298.41,1422
2026-04-01,INF174KA1XV0,CHEMICAL,EQ,25.31,26.0,25.31,25.82,26.0,24.89,196080,5058937.05,555
2026-04-01,INF174KA1IA5,ALPHA,EQ,43.68,44.44,42.99,44.07,43.82,42.62,1957125,86331774.03,3523
2026-04-01,INF174KA1ZF8,CONS,EQ,10.87,11.0,10.67,10.86,10.86,10.61,40077,434822.57,133
2026-04-01,INF174KA1GC5,IT,EQ,32.73,33.92,31.76,32.78,32.9,31.78,448169,14749151.84,1200
2026-04-01,INF174KA1LV5,LIQUID1,EQ,1095.7,1098.04,1095.7,1097.9,1097.89,1097.89,588915,646569801.02,727
2026-04-01,INF174KA1IY5,LOWVOL1,EQ,18.92,19.73,18.9,19.07,19.03,18.92,198025,3851752.48,188
2026-04-01,INF174KA1ZC5,MIDCAP,EQ,15.35,15.9,15.35,15.75,15.77,15.33,797584,12573617.09,1131
2026-04-01,INF174KA1JF2,MNC,EQ,28.93,29.29,28.86,29.22,29.29,28.09,63349,1848921.84,409
2026-04-01,INF174KA1ZD3,SILVER1,EQ,22.67,23.34,22.67,22.73,22.8,22.16,7594923,173748309.28,9837
2026-04-01,INF174KA1ZE1,NV20,EQ,13.64,14.04,13.54,13.61,13.99,13.64,438548,6075116.56,392
2026-04-01,INF174KA1VW2,MID150,EQ,20.24,20.98,19.31,19.92,20.0,19.74,290612,5916692.44,2018
2026-04-01,INF174KA1XS6,MOMENTUM30,EQ,28.17,29.99,27.66,28.29,29.99,27.4,493153,13836901.09,129
2026-04-01,INF174KA1VD2,MSCIINDIA,EQ,28.0,28.63,27.21,27.98,28.63,27.18,11256,310234.77,115
2026-04-01,INF174KA1YO3,NEXT50ETF,EQ,62.22,63.08,62.22,62.63,62.88,60.63,39785,2492384.07,222
2026-04-01,INF174KA1UW4,NIFTY100EW,EQ,31.15,31.77,30.03,30.37,30.3,30.29,178852,5526549.11,464
2026-04-01,INF174KA1WT6,QUALITY30,EQ,19.15,19.45,18.79,18.8,18.89,18.77,16679,315966.22,59
2026-04-01,INF174KA1ZB7,BANKNIFTY1,EQ,53.47,54.07,52.3,53.12,53.2,52.12,1831767,97775088.55,3110
2026-04-01,INE720A01015,KOTHARIPET,EQ,104.45,107.69,99.9,104.54,103.16,95.12,44259,4612226.29,1020
2026-04-01,INE823A01017,KOTHARIPRO,EQ,59.0,63.41,59.0,61.99,62.36,58.25,17174,1062614.3,290
2026-04-01,INE419A01022,KOTARISUG,EQ,23.0,23.9,23.0,23.5,23.6,22.95,60847,1432193.6,391
2026-04-01,INE0J0B01017,KOTYARK,EQ,400.1,412.95,395.05,397.15,396.0,404.4,41682,16769188.5,914
2026-04-01,INE542W01025,KPIGREEN,EQ,367.55,395.9,362.0,387.7,387.6,351.2,1626302,620153818.75,35873
2026-04-01,INE04I401011,KPITTECH,EQ,650.7,683.1,648.8,674.3,674.1,634.75,1880678,1266139322.05,36486
2026-04-01,INE930H01031,KPRMILL,EQ,837.0,842.4,827.25,837.4,835.3,829.45,264193,220558246.4,17936
2026-04-01,INE001B01026,KRBL,EQ,287.25,304.2,287.25,302.85,301.0,282.2,602561,180768966.8,15652
2026-04-01,INE268B01013,KREBSBIO,EQ,43.0,47.65,40.0,44.44,44.1,39.75,9039,394207.19,452
2026-04-01,INE524L01026,KRIDHANINF,EQ,1.89,1.98,1.89,1.96,1.97,1.89,117312,230669.2,96
2026-04-01,INE506W01012,KRISHANA,EQ,484.95,503.7,475.65,498.3,499.0,470.65,78426,38798128.35,2266
2026-04-01,INE0NR701018,KRISHCA,SM,155.4,155.4,146.0,148.95,148.95,141.5,23000,3475450.0,19
2026-04-01,INE0GGO01015,KRISHIVAL,EQ,322.0,322.7,318.0,319.95,321.0,318.85,8111,2594738.8,269
2026-04-01,IN90GGO01013,KRISHPP,E1,109.0,109.0,108.75,108.95,108.95,113.25,229,24935.1,8
2026-04-01,INE0J5601015,KRISHNADEF,EQ,835.0,947.9,830.05,884.05,888.0,805.4,296215,267354238.45,17027
2026-04-01,INE967H01025,KIMS,EQ,630.1,636.8,619.05,624.9,627.95,621.5,581451,364166427.65,25598
2026-04-01,INE479D01038,KRITI,EQ,67.0,70.99,66.3,68.44,67.2,64.81,51069,3487567.44,842
2026-04-01,INE798K01010,KRITINUT,EQ,57.75,58.5,55.63,57.35,57.33,53.87,23042,1323331.41,571
2026-04-01,INE00Z501029,KRITIKA,EQ,4.7,5.18,4.7,5.12,5.11,4.56,238473,1202632.01,684
2026-04-01,INE1MTV01019,KRMAYURVED,SM,184.8,190.0,183.0,187.5,187.7,175.15,48000,8928350.0,44
2026-04-01,INE0Q3J01015,KRN,EQ,880.0,921.8,877.3,891.2,888.5,851.85,787086,710805584.8,30921
2026-04-01,INE0ATZ01017,KRONOX,EQ,105.0,116.2,99.35,114.24,116.0,97.02,143115,15921537.99,2537
2026-04-01,INE0O6601022,KROSS,EQ,166.5,170.79,159.06,161.32,162.0,158.28,902499,147615405.42,7375
2026-04-01,INE08LI01020,KRSNAA,EQ,530.0,564.9,530.0,561.15,558.5,520.3,42326,23409964.4,2885
2026-04-01,INE0QN801017,KRYSTAL,EQ,510.0,548.9,510.0,540.9,533.5,507.15,13190,7070092.05,788
2026-04-01,INE999A01023,KSB,EQ,797.05,835.05,797.05,828.2,827.0,796.85,383477,315955094.2,25818
2026-04-01,INE987S01020,KSHINTL,EQ,449.0,475.0,437.8,444.45,449.9,438.75,285836,130910549.1,11590
2026-04-01,INE013801027,KSHITIJPOL,BE,2.22,2.33,2.22,2.25,2.28,2.22,94937,215845.3,147
2026-04-01,INE0D6I01023,KSOLVES,EQ,257.6,270.0,255.94,267.28,269.29,247.6,52209,13796147.65,1297
2026-04-01,INE1SPP01016,KSR,BE,32.8,33.0,32.76,32.76,32.76,33.42,21343,701661.12,29
2026-04-01,INE529I01021,KUANTUM,EQ,69.8,71.79,67.5,69.08,69.75,65.9,121137,8456150.39,1435
2026-04-01,INE0OWX01025,KEL,SM,69.7,75.1,69.7,75.0,75.0,63.3,8400,614400.0,7
2026-04-01,INE2KCE01013,KWIL,EQ,24.09,24.09,23.25,23.77,23.75,22.47,9107445,216299295.36,20942
2026-04-01,INE498L01015,LTF,EQ,248.86,250.78,242.89,244.64,244.95,240.2,5176161,1274353462.61,103269
2026-04-01,INE010V01017,LTTS,EQ,3194.7,3352.2,3170.0,3324.0,3322.0,3121.7,171328,567427993.2,31277
2026-04-01,INE059D01020,LAOPALA,EQ,164.5,175.77,164.5,173.21,173.0,164.0,80356,13860314.44,2701
2026-04-01,INE548Z01017,LAGNAM,EQ,63.79,64.9,61.6,64.05,64.05,60.05,2673,170501.38,57
2026-04-01,INE850E01012,LFIC,EQ,119.8,119.8,113.95,117.0,117.0,112.5,959,111081.96,11
2026-04-01,INE651C01018,LAKPRE,BZ,5.24,5.24,5.0,5.04,5.04,5.14,662,3342.12,6
2026-04-01,INE0VZS01015,LAKSHYA,SM,79.1,88.0,79.1,83.0,83.0,75.95,17600,1451920.0,22
2026-04-01,INE112F01022,LAMBODHARA,EQ,83.6,90.5,83.6,90.14,90.5,83.15,7484,662342.01,166
2026-04-01,INE0R0201012,LAMOSAIC,SM,21.5,23.35,21.5,23.3,23.3,20.7,10200,233970.0,15
2026-04-01,INE572G01025,LANCORHOL,BE,19.99,20.1,19.15,19.9,20.09,19.15,29846,584569.61,61
2026-04-01,INE559R01029,LANDMARK,EQ,374.0,420.0,365.0,401.2,406.2,362.45,90188,35314684.8,2658
2026-04-01,INE197J01017,LPDC,EQ,5.23,5.94,5.23,5.68,5.78,5.53,81621,472424.39,141
2026-04-01,INE018A01030,LT,EQ,3655.0,3682.9,3597.3,3607.5,3621.0,3504.1,4099786,14883199721.6,187793
2026-04-01,INE670X01014,LASA,EQ,5.67,5.95,5.67,5.95,5.95,5.67,21478,127582.29,41
2026-04-01,INE0I7C01011,LATENTVIEW,EQ,263.85,270.5,257.0,261.2,264.1,251.15,1153197,303267472.55,31341
2026-04-01,INE262Z01023,LATTEYS,EQ,16.27,17.38,16.27,17.37,17.38,15.8,41112,702189.65,254
2026-04-01,INE947Q01028,LAURUSLABS,EQ,1020.1,1044.4,1017.55,1038.8,1042.0,992.7,2351992,2431943457.15,71373
2026-04-01,INE801V01019,LAXMICOT,BE,11.88,12.47,11.7,12.47,12.47,11.88,9888,122235.69,47
2026-04-01,INE0WO601020,LAXMIDENTL,EQ,165.0,182.56,161.05,177.47,176.24,158.25,357920,62160185.07,5818
2026-04-01,INE258Y01016,LGHL,EQ,236.11,239.05,231.01,233.99,239.0,228.1,29074,6883537.89,333
2026-04-01,INE06WU01026,LAXMIINDIA,EQ,73.31,79.9,73.31,79.07,79.05,71.65,145521,11270798.3,1679
2026-04-01,INE576O01020,LXCHEM,EQ,112.0,117.88,111.0,116.96,117.4,108.11,507027,58679669.92,6632
2026-04-01,INE938A01021,LCCINFOTEC,BE,5.13,5.13,5.13,5.13,5.13,4.89,18171,93217.23,19
2026-04-01,INE0G1L01017,LEMERITE,EQ,445.5,454.3,440.0,442.9,446.9,440.3,12425,5536760.7,254
2026-04-01,INE0HV901016,IXIGO,EQ,181.69,183.46,173.1,175.42,174.0,174.94,2380751,426177320.6,69893
2026-04-01,INE0H4B01011,LRRPL,SM,72.8,72.8,72.8,72.8,72.8,72.8,3000,218400.0,2
2026-04-01,INE0AQ201015,THELEELA,EQ,409.8,419.75,409.8,417.15,416.3,409.6,156086,64952567.6,10449
2026-04-01,INE970X01018,LEMONTREE,EQ,102.92,108.54,102.8,107.8,107.62,100.42,4799728,511976485.3,40570
2026-04-01,INE956O01016,LENSKART,EQ,511.0,513.0,496.85,501.85,497.0,499.3,3831338,1931165882.75,35661
2026-04-01,INE500X01013,LEXUS,BE,24.5,25.79,23.44,23.44,23.44,24.67,35344,835481.9,157
2026-04-01,INE337A01034,LGBBROSLTD,EQ,1673.0,1770.7,1673.0,1693.6,1699.1,1639.6,24963,42862641.0,4607
2026-04-01,INE324D01010,LGEINDIA,EQ,1454.0,1466.1,1380.1,1386.8,1385.4,1441.0,1225000,1733497974.6,72378
2026-04-01,INE908V01012,LIBAS,EQ,10.35,10.89,10.1,10.4,10.44,10.42,40286,416077.92,229
2026-04-01,INE557B01019,LIBERTSHOE,EQ,215.15,233.0,215.15,226.66,227.5,213.11,42761,9713395.31,1147
2026-04-01,INE115A01026,LICHSGFIN,EQ,511.0,517.8,504.25,515.55,516.15,495.25,1766925,904358193.4,28993
2026-04-01,INF767K01SM1,LICMFGOLD,EQ,134.4,135.7,132.7,133.45,133.5,130.5,178838,24014985.6,1883
2026-04-01,INF767K01OS7,LICNETFN50,EQ,255.26,256.28,252.96,253.47,253.7,249.04,1479,377216.79,42
2026-04-01,INF767K01OT5,LICNETFSEN,EQ,827.43,827.43,820.69,822.23,822.23,808.78,81,66516.01,6
2026-04-01,INF767K01PC8,LICNFNHGP,EQ,255.29,257.0,254.3,254.3,254.3,249.8,278,70992.58,20
2026-04-01,INF767K01MV5,LICNETFGSC,EQ,28.12,28.59,28.12,28.45,28.45,28.39,62450,1779092.21,149
2026-04-01,INF767K01RN1,LICNMID100,EQ,54.15,54.95,54.01,54.05,54.01,53.02,15430,845098.46,133
2026-04-01,INE0J1Y01017,LICI,EQ,745.0,758.05,736.55,746.0,747.6,725.65,1461768,1093880973.05,33151
2026-04-01,INE060901027,LIKHITHA,EQ,168.0,175.26,161.75,170.92,170.1,156.77,339681,57335530.7,5547
2026-04-01,INE802B01027,LINC,EQ,95.0,95.9,91.63,94.23,93.89,86.57,9525,894566.53,348
2026-04-01,INE405C01035,LINCOLN,EQ,575.0,603.0,569.1,594.85,599.75,564.95,16538,9788317.25,1120
2026-04-01,INE473A01011,LINDEINDIA,EQ,7089.0,7182.0,6857.0,7002.0,6945.5,6844.0,56032,392028427.0,15225
2026-04-01,INE093R01011,LLOYDSENGG,EQ,39.8,41.8,38.88,41.46,41.36,37.73,8133764,331852391.26,28591
2026-04-01,INE080I01025,LLOYDSENT,EQ,42.9,45.45,42.35,44.78,44.62,41.38,4593855,203063979.83,14730
2026-04-01,INE0DTQ01028,LLOYDS,SM,41.0,45.5,34.8,35.1,35.0,39.7,153000,5732250.0,135
2026-04-01,INE281B01032,LLOYDSME,EQ,1315.1,1357.2,1302.2,1347.6,1354.0,1271.7,1162711,1550067070.5,35783
2026-04-01,INE269B01029,LMW,EQ,12500.0,12584.0,12121.0,12426.0,12326.0,11997.0,4200,52022580.0,2203
2026-04-01,INE670K01029,LODHA,EQ,692.0,697.0,677.45,685.35,685.6,677.0,4257259,2919814853.4,72314
2026-04-01,INE397H01017,LOKESHMACH,EQ,207.99,212.0,201.5,209.25,207.2,201.5,68096,14191370.46,2589
2026-04-01,INE846D01012,LORDSCHLO,EQ,110.0,118.98,110.0,117.52,118.0,109.08,21038,2447624.81,966
2026-04-01,INE740X01023,LAL,EQ,6.2,6.99,6.2,6.98,6.99,6.16,48465,334396.08,191
2026-04-01,INE947I01017,LOTUSEYE,EQ,99.01,103.13,99.01,101.84,102.6,98.22,7139,725527.64,172
2026-04-01,INE597L01014,LOVABLE,EQ,57.0,64.0,57.0,61.36,62.0,55.71,9971,594656.94,210
2026-04-01,INE970D01010,LOYALTEX,BE,190.4,193.4,178.98,178.98,178.98,188.4,3403,611647.03,98
2026-04-01,INE818H01020,LTFOODS,EQ,371.0,387.7,371.0,384.0,384.95,363.3,804237,306504698.9,22213
2026-04-01,INE214T01019,LTM,EQ,4149.7,4247.6,4078.6,4107.0,4105.0,4013.8,258855,1075578620.4,39192
2026-04-01,INE872H01027,LUMAXTECH,EQ,1589.8,1623.9,1566.0,1593.5,1580.0,1522.2,139816,222186888.7,14004
2026-04-01,INE162B01018,LUMAXIND,EQ,4899.8,4910.8,4767.8,4805.4,4790.7,4654.0,13901,67234003.7,3523
2026-04-01,INE326A01037,LUPIN,EQ,2346.0,2359.9,2258.9,2274.9,2274.5,2313.9,2010354,4610749576.1,59205
2026-04-01,INE150G01020,LUXIND,EQ,831.2,910.0,831.2,907.35,906.5,825.9,67374,59942453.8,4708
2026-04-01,INE933A01014,LYKALABS,EQ,45.8,52.5,45.8,51.17,51.0,44.95,100129,4922090.21,1520
2026-04-01,INE142K01011,LYPSAGEMS,EQ,4.35,4.8,4.13,4.65,4.69,4.22,22058,99398.41,484
2026-04-01,INE08N601015,MBEL,EQ,230.0,259.27,230.0,253.62,254.8,226.45,516619,128854954.02,9192
2026-04-01,INE964W01021,MKPL,EQ,4.06,4.6,4.05,4.37,4.38,3.87,243163,1050936.98,846
2026-04-01,INE774D01024,M&MFIN,EQ,291.15,302.0,288.0,289.7,288.4,286.1,1894150,557171906.75,54456
2026-04-01,INE0SGC01015,MVKAGRO,SM,570.0,574.0,548.55,572.0,572.0,542.0,15300,8612355.0,35
2026-04-01,INE215I01027,MAANALU,EQ,121.1,129.43,121.1,126.01,123.2,120.89,89413,11326111.63,1055
2026-04-01,INE0R0J01010,MACOBSTECH,SM,202.05,208.5,199.55,205.6,208.0,207.5,12800,2592880.0,16
2026-04-01,INE155Z01011,MACPOWER,EQ,849.85,876.75,813.0,867.4,854.0,792.95,27701,23588239.65,1954
2026-04-01,INE813V01022,MCL,BE,56.07,57.49,56.07,57.49,57.49,54.76,52717,3017490.3,552
2026-04-01,INE925C01016,MADHAV,EQ,33.99,33.99,31.08,32.33,32.42,30.94,2919,93709.95,115
2026-04-01,INE378D01032,MADHUCON,EQ,3.61,3.92,3.61,3.92,3.92,3.74,31746,122214.67,103
2026-04-01,INE0P6701019,MADHUSUDAN,SM,137.5,143.95,137.5,143.95,143.95,137.0,3000,425400.0,3
2026-04-01,INE900L01010,MBAPL,EQ,473.95,509.95,467.0,504.8,508.0,460.45,781101,384470611.25,14712
2026-04-01,INE414A01015,MADRASFERT,EQ,54.0,59.85,54.0,58.24,58.4,53.06,214364,12446581.44,2221
2026-04-01,INE347W01011,MAGADSUGAR,EQ,494.0,503.2,486.0,488.15,486.5,482.65,71085,35216625.5,2723
2026-04-01,INE613C01026,MCLOUD,EQ,20.5,20.77,20.09,20.72,20.77,19.79,1378599,28295139.93,2738
2026-04-01,INE387I01016,MAGNUM,EQ,17.95,19.6,17.94,19.44,19.5,16.71,107495,2052146.67,302
2026-04-01,INE0O1S01012,MAGSON,SM,145.0,148.8,145.0,148.8,148.8,143.0,7000,1018800.0,5
2026-04-01,INE843B01013,MAHAPEXLTD,EQ,53.9,56.58,52.33,52.99,52.97,49.87,41448,2243058.99,2210
2026-04-01,INE0US801024,MFML,EQ,21.53,23.47,21.53,23.2,23.2,21.36,1846,41652.1,37
2026-04-01,INE112D01035,MHLXMIRU,EQ,167.49,167.49,162.93,164.53,163.34,156.59,2262,371515.96,54
2026-04-01,INE451L01014,MAHASTEEL,BE,954.45,978.0,929.0,957.3,950.65,949.75,1916,1825457.3,84
2026-04-01,INE002S01010,MGL,EQ,937.5,955.0,931.6,943.6,946.85,927.7,508126,481037747.9,13748
2026-04-01,INE153A01019,MTNL,EQ,22.5,24.44,22.07,24.11,24.27,21.47,3218916,75903321.06,8991
2026-04-01,INE288A01013,MAHSCOOTER,EQ,11299.0,11451.0,11160.0,11261.0,11190.0,11109.0,4825,54575944.0,2277
2026-04-01,INE271B01025,MAHSEAMLES,EQ,574.0,585.85,567.5,580.5,576.7,560.15,152502,88015562.0,10171
2026-04-01,INE632Q01018,MRIL,SM,31.8,32.0,31.8,32.0,32.0,29.1,11200,357200.0,7
2026-04-01,INE263W01010,MAHESHWARI,EQ,45.96,45.96,43.11,44.06,43.33,43.41,6009,266026.7,187
2026-04-01,INE961Y01015,MAHICKRA,ST,205.05,215.0,205.0,215.0,215.0,212.0,3000,622537.5,4
2026-04-01,INE101A01026,M&M,EQ,3079.9,3079.9,3010.1,3031.5,3021.0,2954.7,3522875,10723658219.6,205174
2026-04-01,INE215D01010,MAHEPC,EQ,98.0,102.0,95.1,100.66,102.0,92.71,48035,4814753.12,815
2026-04-01,INE998I01010,MHRIL,EQ,230.35,250.89,230.35,244.19,241.05,226.2,222792,53828990.91,4985
2026-04-01,INE813A01018,MAHLIFE,EQ,296.1,318.0,296.1,315.4,311.6,294.25,200751,61733991.1,8581
2026-04-01,INE766P01016,MAHLOG,EQ,347.3,352.9,341.4,348.4,349.0,332.8,94730,32999529.75,4434
2026-04-01,INE683C01011,MAITHANALL,EQ,865.0,901.0,855.65,895.2,901.0,833.1,40547,36016490.65,2688
2026-04-01,INE0PLQ01011,MAITREYA,SM,184.05,184.05,184.05,184.05,184.05,178.85,400,73620.0,1
2026-04-01,INE389C01015,MALLCOM,EQ,968.0,1028.15,968.0,1019.4,1026.0,938.4,3787,3830629.5,370
2026-04-01,INE383H01017,MALUPAPER,EQ,28.6,30.5,28.35,29.99,30.0,27.14,12545,376343.13,162
2026-04-01,INE0TO701015,MAMATA,EQ,307.0,331.45,307.0,325.0,327.0,299.25,168590,54341199.85,5037
2026-04-01,INE830Q01018,MANAKCOAT,EQ,102.42,104.06,97.9,100.04,100.0,96.72,629530,63510682.43,5596
2026-04-01,INE993A01026,MANINDS,EQ,330.2,360.0,330.2,347.15,346.25,318.35,1021941,356047877.25,21559
2026-04-01,INE949H01023,MANINFRA,EQ,81.59,86.94,81.59,85.36,84.5,78.44,2121613,179924782.14,8089
2026-04-01,INE859Q01017,MANAKALUCO,BE,22.37,22.82,22.17,22.82,22.82,21.74,22488,510063.31,157
2026-04-01,INE015D01022,MANAKSIA,EQ,43.05,47.66,43.05,47.04,47.66,42.54,35845,1656984.11,479
2026-04-01,INE824Q01011,MANAKSTEEL,EQ,46.55,50.5,46.55,48.85,48.5,45.99,27236,1341228.66,278
2026-04-01,INE201A01024,MANALIPETC,EQ,40.0,42.48,39.99,41.76,41.85,39.38,754191,31303833.4,4723
2026-04-01,INE522D01027,MANAPPURAM,EQ,260.45,260.9,253.0,255.4,253.15,251.1,4558520,1174289543.55,46683
2026-04-01,INE0U4H01011,MPEL,SM,49.05,50.0,47.9,47.9,47.9,50.4,25600,1237680.0,16
2026-04-01,INE104Y01012,MANAV,ST,38.0,38.0,38.0,38.0,38.0,40.0,4000,152000.0,1
2026-04-01,INE939X01013,MANBA,EQ,103.0,107.0,101.1,102.35,102.25,100.51,311969,32219608.25,1569
2026-04-01,INE0R3T01013,MANDEEP,SM,18.0,18.2,18.0,18.2,18.2,17.35,30000,542500.0,6
2026-04-01,INE545L01039,MANCREDIT,EQ,169.19,172.07,168.23,171.55,172.0,167.69,23510,4009806.53,400
2026-04-01,INE0PKD01011,MEIL,EQ,218.0,234.99,216.27,232.7,234.9,208.54,75111,17161784.9,1995
2026-04-01,INE00C401011,MAL,SM,31.55,33.45,31.5,33.45,33.45,32.2,8000,255440.0,5
2026-04-01,INE347A01017,MANGLMCEM,EQ,773.0,800.05,772.4,798.2,793.55,766.7,36186,28666634.5,2930
2026-04-01,INE584F01014,MANGALAM,BE,26.51,28.5,26.51,28.5,28.5,27.15,23839,667463.65,155
2026-04-01,INE0APB01032,MGEL,EQ,11.49,11.59,11.29,11.43,11.59,11.11,181146,2068335.46,406
2026-04-01,INE370D01013,MANORG,EQ,367.05,389.6,367.05,384.2,386.0,367.05,4315,1665248.15,119
2026-04-01,INE0JYY01011,MWL,EQ,253.8,263.25,250.65,260.95,262.75,253.7,37628,9772755.0,785
2026-04-01,INE0R3101011,MIEL,SM,11.15,11.15,10.7,10.9,11.0,11.15,64000,696900.0,29
2026-04-01,INE1ERK01013,MANILAM,SM,56.0,56.95,56.0,56.35,56.95,53.35,16000,901600.0,8
2026-04-01,INE634S01028,MANKIND,EQ,2016.0,2049.8,1973.5,2001.3,2004.0,2005.8,961650,1926710892.3,42349
2026-04-01,INE0KNT01012,MVGJL,EQ,137.8,148.78,135.1,143.87,143.0,131.97,101639,14569462.87,1811
2026-04-01,INE784W01015,MANOMAY,EQ,242.5,242.5,232.0,233.59,233.65,235.55,38472,9037427.36,438
2026-04-01,INE00VM01036,MANORAMA,EQ,1136.1,1246.0,1136.1,1221.2,1232.0,1130.0,183388,219797665.0,24110
2026-04-01,INE867A01022,MANUGRAPH,EQ,11.09,11.09,10.17,10.87,10.94,9.76,19145,204896.35,123
2026-04-01,INE882A01013,MARALOVER,EQ,35.41,39.16,35.41,37.33,36.95,35.41,28657,1075667.25,511
2026-04-01,INE182D01020,MARATHON,EQ,390.0,409.0,389.9,395.75,395.0,380.85,131692,53034006.65,5218
2026-04-01,INE0TD401015,MARC,SM,60.35,61.15,60.15,60.65,60.15,61.1,6000,362820.0,4
2026-04-01,INE0QP001012,MARCO,SM,30.8,32.5,30.8,32.5,32.5,28.95,12000,385950.0,8
2026-04-01,INE196A01026,MARICO,EQ,752.0,754.3,740.0,744.5,742.55,735.95,2750153,2053571934.65,80832
2026-04-01,INE01JE01028,MARINE,EQ,157.9,172.0,156.0,169.84,171.0,151.7,623246,104207647.51,8554
2026-04-01,INE0FW001016,MARKOLINES,EQ,151.0,151.0,144.05,144.95,145.0,141.95,209624,30987070.91,2044
2026-04-01,INE750C01026,MARKSANS,EQ,165.0,171.48,160.82,168.04,166.32,156.89,917509,153731886.3,22571
2026-04-01,INE415B01044,MARSONS,EQ,124.99,137.89,124.15,133.82,133.9,122.97,917242,122642431.61,8591
2026-04-01,INE0X7G01013,MARUSHIKA,SM,95.0,109.0,91.0,97.0,97.0,93.5,51600,5129040.0,25
2026-04-01,INE585B01010,MARUTI,EQ,12900.0,12900.0,12333.0,12509.0,12500.0,12306.0,501882,6288814114.0,78265
2026-04-01,INE575Z01010,MDL,SM,56.0,60.0,54.0,56.6,57.0,57.0,28000,1585050.0,21
2026-04-01,INE348L01012,MASFIN,EQ,282.95,296.0,282.95,293.25,294.0,279.65,75805,22170497.75,5707
2026-04-01,INE885F01015,MASKINVEST,EQ,133.49,133.49,124.0,124.0,124.0,121.36,537,70897.23,20
2026-04-01,INE0SH001010,MASON,SM,133.8,139.15,128.0,137.45,137.95,122.95,9000,1232450.0,18
2026-04-01,INE759A01021,MASTEK,EQ,1356.8,1501.3,1356.8,1463.3,1460.0,1342.2,240126,348515818.0,12512
2026-04-01,INE0OJM01017,MASTER,SM,298.0,305.9,298.0,305.9,305.9,298.0,1000,301950.0,2
2026-04-01,INE677D01037,MASTERTR,EQ,59.4,67.6,59.0,67.6,67.6,56.34,399952,26181563.67,2532
2026-04-01,INE866R01028,MATRIMONY,EQ,435.0,439.8,426.0,435.15,436.0,426.0,12474,5425550.75,708
2026-04-01,INE636A01039,MAWANASUG,EQ,94.25,97.99,91.18,91.69,91.49,94.52,271800,25612201.35,3161
2026-04-01,INE03EI01018,MAXESTATES,EQ,318.75,331.05,313.55,325.15,324.4,308.75,170119,55226736.75,9034
2026-04-01,INE180A01020,MFSL,EQ,1515.1,1549.6,1468.2,1477.4,1482.0,1490.7,1626305,2439967026.6,103131
2026-04-01,INE027H01010,MAXHEALTH,EQ,966.2,981.5,952.3,958.9,956.0,962.3,2467966,2376916131.3,63819
2026-04-01,INE0CG601016,MAXIND,EQ,126.5,143.0,126.5,141.04,140.0,122.85,44185,6051699.54,876
2026-04-01,INE10A501018,MAXVOLT,SM,286.4,286.4,279.95,280.55,280.0,272.8,80000,22819520.0,82
2026-04-01,INE0ZTO01018,MAYASHEEL,SM,53.0,53.0,51.3,51.3,51.3,52.45,9000,468150.0,3
2026-04-01,INE040D01038,MAYURUNIQ,EQ,520.15,530.05,506.0,518.3,522.9,494.35,48335,25103240.05,2353
2026-04-01,INE249Z01020,MAZDOCK,EQ,2150.0,2343.9,2120.0,2318.2,2322.0,2065.2,7812878,17870710042.4,236940
2026-04-01,INE885E01042,MAZDA,EQ,164.0,177.85,164.0,176.36,174.5,161.12,20400,3560851.41,578
2026-04-01,INE912H01013,MBLINFRA,EQ,19.9,21.4,19.46,20.86,21.0,19.44,75374,1556470.33,443
2026-04-01,INE942G01012,MCLEODRUSS,EQ,31.39,31.86,31.14,31.86,31.86,28.97,89710,2822470.94,169
2026-04-01,INE456Z01021,MEDIASSIST,EQ,307.9,320.0,302.95,317.1,318.65,296.75,102120,31899484.5,4191
2026-04-01,INE646B01010,MEDICAMEQ,EQ,249.9,250.0,227.0,231.64,233.88,223.3,43812,10351401.57,1264
2026-04-01,INE0PE401018,MEDIORG,SM,21.5,22.15,21.5,22.15,22.15,21.1,4000,87300.0,2
2026-04-01,INE630Y01024,MEDICO,EQ,32.95,39.3,32.95,38.32,37.79,32.76,802493,30219320.72,2294
2026-04-01,INE0UOY01019,MEDISTEP,ST,17.25,17.3,17.2,17.2,17.2,16.5,9000,155250.0,3
2026-04-01,INE804L01022,MEDPLUS,EQ,844.05,856.75,819.0,827.95,822.75,839.9,108552,90431885.3,14482
2026-04-01,INE0VDM01015,MEESHO,EQ,144.89,148.6,143.35,147.37,147.04,140.4,1996042,291167796.38,19450
2026-04-01,INE00EM01016,MEGASTAR,EQ,254.55,262.0,254.55,258.4,256.0,254.55,2093,543118.55,81
2026-04-01,INE531R01010,MEGATHERM,SM,184.95,193.95,180.0,192.3,191.0,171.65,22800,4301500.0,39
2026-04-01,INE0CT101020,MOL,EQ,37.9,42.9,37.89,42.31,41.8,36.74,1622114,66764369.84,7399
2026-04-01,INE071D01033,MENONBE,EQ,103.5,109.39,103.5,107.84,108.1,102.65,31199,3350695.56,531
2026-04-01,INE776I01010,MEP,BZ,0.85,0.87,0.85,0.85,0.85,0.86,318966,271124.29,103
2026-04-01,INE317I01021,METROBRAND,EQ,910.0,932.1,910.0,919.95,919.0,896.1,24430,22500860.9,4993
2026-04-01,INE112L01020,METROPOLIS,EQ,444.0,444.0,420.3,424.25,421.65,434.0,250374,107174643.05,16600
2026-04-01,INE287C01037,MICEL,EQ,30.68,31.46,30.68,31.46,31.46,29.97,261656,8197883.31,757
2026-04-01,INE0PZK01014,MICROPRO,SM,17.65,17.65,17.65,17.65,17.65,15.8,3200,56480.0,2
2026-04-01,INE0XAD01024,MIDWESTLTD,EQ,1200.0,1228.4,1185.0,1209.7,1220.0,1147.5,23506,28506110.5,1982
2026-04-01,INE842C01021,MINDACORP,EQ,508.25,519.0,506.35,514.15,509.7,505.65,251704,128757876.3,15274
2026-04-01,INE0CCU25019,MINDSPACE,RR,451.7,461.0,447.91,449.98,450.7,449.16,158311,71534118.83,10163
2026-04-01,INE110B01017,MINDTECK,EQ,155.99,164.14,150.0,161.84,161.49,146.51,88186,14128811.14,2029
2026-04-01,INF769K01KU7,ALPHAETF,EQ,22.01,22.95,22.01,22.6,22.65,21.98,575736,13050655.28,899
2026-04-01,INF769K01KR3,BANKETF,EQ,523.32,527.92,518.71,522.59,523.07,511.22,14602,7636491.89,611
2026-04-01,INF769K01LZ4,BANKPSU,EQ,81.97,82.81,80.64,82.07,82.06,78.99,39905,3259080.98,225
2026-04-01,INF769K01NS5,CONSUMER,EQ,10.01,10.09,9.95,9.96,9.96,9.72,303941,3035001.05,401
2026-04-01,INF769K01QC2,DEFENCE,EQ,60.66,63.42,60.56,62.3,62.41,59.66,224919,14041892.31,904
2026-04-01,INF769K01PY8,DIVIDEND,EQ,34.15,34.56,34.1,34.23,34.2,33.55,22529,773790.49,80
2026-04-01,INF769K01PR2,ENERGY,EQ,35.61,35.97,35.36,35.53,35.58,35.0,289799,10339528.78,961
2026-04-01,INF769K01OA1,EQUAL200,EQ,12.12,12.22,12.05,12.1,12.11,11.83,17935,217659.17,66
2026-04-01,INF769K01OO2,EQUAL50,EQ,305.41,305.41,301.69,302.27,301.69,297.73,7244,2195727.09,21
2026-04-01,INF769K01LQ3,EVINDIA,EQ,27.05,27.46,27.02,27.19,27.19,26.4,253498,6908123.5,1630
2026-04-01,INF769K01QA6,HEALTHCARE,EQ,18.11,18.31,17.7,17.8,17.8,17.89,29512,533423.38,125
2026-04-01,INF769K01QB4,INFRA,EQ,10.45,10.57,10.42,10.45,10.46,10.2,28622,300926.53,108
2026-04-01,INF769K01PB6,INTERNET,EQ,11.06,11.21,11.04,11.08,11.07,10.81,74513,829803.46,162
2026-04-01,INF769K01KV5,ITETF,EQ,30.48,31.78,30.47,31.25,31.28,30.47,455326,14305039.68,918
2026-04-01,INF769K01KS1,LIQUID,EQ,1000.0,1000.0,999.99,999.99,999.99,999.99,122838,122837302.83,180
2026-04-01,INF769K01MY5,LIQUIDPLUS,EQ,1079.13,1079.15,1079.13,1079.14,1079.14,1079.14,586270,632669487.2,373
2026-04-01,INF769K01GS9,ESG,EQ,39.0,39.0,38.37,38.37,38.47,37.86,40611,1561642.77,129
2026-04-01,INF769K01HF4,MAFANG,EQ,149.74,149.74,149.74,149.74,149.74,157.09,257356,38536487.44,495
2026-04-01,INF769K01HI8,BFSI,EQ,24.96,25.11,24.73,24.77,24.83,24.32,248913,6197033.72,985
2026-04-01,INF769K01JP9,GOLDETF,EQ,142.8,147.64,142.8,143.84,144.78,141.64,2830472,408957203.99,12684
2026-04-01,INF769K01KF8,GSEC10YEAR,EQ,29.51,29.51,29.05,29.49,29.05,29.51,39801,1162983.06,41
2026-04-01,INF769K01HS7,MAHKTECH,EQ,22.72,23.19,22.25,23.19,23.19,22.06,887634,20455036.73,4798
2026-04-01,INF769K01IC9,MIDCAPETF,EQ,20.02,20.55,20.02,20.28,20.29,19.82,4916406,100135721.04,7494
2026-04-01,INF769K01IB1,MAKEINDIA,EQ,146.67,147.29,144.27,144.44,144.77,142.4,31277,4535859.68,556
2026-04-01,INF769K01EG9,NIFTYETF,EQ,243.0,248.4,243.0,245.24,245.48,241.51,983956,242415507.82,2665
2026-04-01,INF769K01JU9,LOWVOL,EQ,190.55,190.59,188.75,188.75,188.75,187.42,2829,534634.48,10
2026-04-01,INF769K01FN2,NEXT50,EQ,621.27,643.8,621.27,636.07,637.99,621.27,96237,61387570.74,969
2026-04-01,INF769K01KG6,SILVERAG,EQ,227.82,231.38,227.39,227.98,227.5,220.68,318736,73005495.15,4152
2026-04-01,INF769K01HP3,MASPTOP50,EQ,67.39,67.39,67.39,67.39,67.39,68.0,69924,4712178.36,216
2026-04-01,INF769K01LY7,METAL,EQ,11.11,11.89,11.11,11.47,11.5,11.4,3553400,41064000.87,7544
2026-04-01,INF769K01LJ8,MIDSMALL,EQ,43.26,44.66,43.26,44.19,44.28,43.0,453386,20090559.72,905
2026-04-01,INF769K01LX9,MULTICAP,EQ,14.66,14.79,14.57,14.63,14.6,14.31,320144,4700180.32,732
2026-04-01,INF769K01ON4,SELECTIPO,EQ,39.13,39.33,38.86,38.88,38.89,38.16,6770,264662.7,86
2026-04-01,INF769K01KT9,SENSEXETF,EQ,75.41,75.75,74.87,75.01,75.12,73.91,58009,4374842.91,398
2026-04-01,INF769K01PQ4,SMALL250,EQ,14.72,14.92,14.62,14.77,14.78,14.37,840842,12438619.13,852
2026-04-01,INF769K01LC3,SMALLCAP,EQ,37.98,39.31,37.76,39.03,39.01,37.67,2749311,107242173.31,4858
2026-04-01,INF769K01PZ5,TOP20,EQ,8.39,8.4,8.28,8.28,8.31,8.18,82802,687659.74,141
2026-04-01,INF769K01QV2,VALUE,EQ,15.37,15.54,15.27,15.3,15.3,15.0,2304142,35272983.73,346
2026-04-01,INE831A01028,MIRCELECTR,EQ,28.0,28.44,27.21,27.5,27.45,26.07,1059602,29423586.89,2023
2026-04-01,INE771A01026,MIRZAINT,EQ,25.1,28.02,25.1,27.77,27.85,25.05,233444,6393640.76,1347
2026-04-01,INE099Z01011,MIDHANI,EQ,284.05,296.65,280.95,289.1,288.75,270.45,1512120,438831723.7,24818
2026-04-01,INE828O01033,MITCON,EQ,62.0,62.0,57.71,58.47,58.4,54.83,7820,458482.63,116
2026-04-01,INE997Y01027,MITTAL,EQ,0.88,0.94,0.85,0.89,0.9,0.8,918152,815324.91,555
2026-04-01,INE227C01017,MMFL,EQ,377.0,410.7,376.55,404.9,403.2,371.55,80865,32166369.0,3679
2026-04-01,INE511Y01018,MMP,EQ,197.8,207.7,197.8,203.24,207.7,189.11,17314,3532548.29,1061
2026-04-01,INE123F01029,MMTC,EQ,52.1,55.66,52.1,55.18,55.2,52.1,3546617,194768291.56,17859
2026-04-01,INE1YNB01019,MOBILISE,SM,55.2,55.2,55.2,55.2,55.2,52.85,1600,88320.0,1
2026-04-01,INE794W01014,MODTHREAD,EQ,43.69,43.69,42.01,43.69,43.69,41.61,440,19206.81,13
2026-04-01,INE537F01012,MODINATUR,EQ,294.85,315.7,294.55,302.7,304.95,287.2,10571,3201937.45,434
2026-04-01,INE832A01018,MODIRUBBER,EQ,109.7,115.5,108.1,114.77,115.5,106.32,9829,1111664.22,130
2026-04-01,INE0L0L01012,MODIS,EQ,301.0,308.95,300.0,300.2,300.5,299.9,2911,879643.3,95
2026-04-01,INE737D01021,MODISONLTD,EQ,121.0,125.55,120.0,125.03,125.55,115.84,30179,3729081.66,679
2026-04-01,INE450S01011,MHHL,SM,37.0,38.1,36.4,37.25,36.4,36.5,4500,167250.0,3
2026-04-01,INE954E01012,MOHITIND,EQ,20.29,20.4,19.26,19.5,19.5,18.81,25780,508820.62,106
2026-04-01,INE490G01020,MOIL,EQ,291.0,299.1,285.15,294.65,294.0,283.25,1765229,520729117.3,28712
2026-04-01,INE514Y01020,MOKSH,EQ,8.65,9.5,8.65,9.06,9.21,8.63,640026,5921185.96,542
2026-04-01,INE893J01029,MOLDTKPAC,EQ,473.05,506.65,473.05,499.45,499.0,473.05,45788,22626232.05,2409
2026-04-01,INE835B01035,MOLDTECH,EQ,107.64,115.0,105.61,112.92,113.3,102.53,56742,6300195.68,1386
2026-04-01,INE903D01011,MONARCH,EQ,260.99,267.0,251.0,266.02,265.1,249.75,232344,61124670.15,1972
2026-04-01,INE296Q01012,MONEYBOXX,EQ,59.4,65.24,59.4,62.31,61.05,59.13,31811,1980530.41,310
2026-04-01,INE0OIP01012,MONOPHARMA,SM,11.15,11.15,11.15,11.15,11.15,11.15,2000,22300.0,1
2026-04-01,INE1DV401010,MONOLITH,SM,391.0,415.0,391.0,415.0,415.0,377.3,27500,11335325.0,63
2026-04-01,INE950M01013,MONTECARLO,EQ,477.0,510.7,477.0,490.5,491.0,466.9,24859,12394942.2,1400
2026-04-01,INE161G01027,MORARJEE,BZ,5.87,6.16,5.58,6.16,6.16,5.87,23682,143870.54,18
2026-04-01,INE083A01026,MOREPENLAB,EQ,34.56,37.4,34.56,37.2,37.25,33.68,5571907,204176065.36,15728
2026-04-01,INE0N7S01028,MOS,SM,10.15,10.15,10.15,10.15,10.15,9.7,28000,284200.0,5
2026-04-01,INE935B01025,MOSCHIP,EQ,161.87,167.39,155.37,164.94,165.5,148.26,3588798,586919587.62,35499
2026-04-01,INE0FS801015,MSUMI,EQ,37.59,38.33,37.13,38.2,38.2,36.9,6926175,261672211.32,34215
2026-04-01,INF247L01023,MOM100,EQ,56.8,59.06,56.8,58.62,58.79,56.77,915039,53499149.29,4059
2026-04-01,INF247L01AP3,MON100,EQ,235.0,239.2,231.9,238.57,238.79,231.54,1401560,333791208.35,24202
2026-04-01,INE338I01027,MOTILALOFS,EQ,663.6,687.05,656.05,680.0,679.65,632.75,2279566,1544201477.45,58941
2026-04-01,INF247L01536,MOM50,EQ,233.29,238.9,233.29,238.28,238.86,232.12,17575,4174724.85,225
2026-04-01,INF247L01AK4,MOGSEC,EQ,63.44,65.95,62.54,63.47,63.05,63.23,12159,771543.34,100
2026-04-01,INF247L01FR8,MOALPHA50,EQ,45.66,46.33,45.47,45.58,45.69,44.45,2760,125952.85,33
2026-04-01,INF247L01EV3,MOCAPITAL,EQ,43.2,45.24,43.2,44.62,44.77,42.78,788721,35287481.52,2273
2026-04-01,INF247L01DJ0,MODEFENCE,EQ,80.93,84.9,79.57,84.17,84.3,78.57,4740527,396527401.44,15318
2026-04-01,INF247L01GH7,MOENERGY,EQ,36.09,36.16,35.31,35.51,35.83,35.04,149630,5350358.05,839
2026-04-01,INF247L01FY4,MOGOLD,EQ,146.95,148.5,146.35,147.15,147.0,143.45,67568,9957861.55,1890
2026-04-01,INF247L01BB1,MOHEALTH,EQ,42.53,43.43,41.68,42.08,42.4,42.32,71002,3024977.96,889
2026-04-01,INF247L01FL1,MOINFRA,EQ,55.69,57.69,55.69,56.98,57.0,55.14,1293,73681.51,47
2026-04-01,INF247L01GI5,MOIPO,EQ,38.02,39.37,38.02,38.67,38.06,37.67,9285,361939.24,32
2026-04-01,INF247L01BL0,MOLOWVOL,EQ,34.88,35.18,34.23,34.46,34.53,34.39,3458,119211.37,82
2026-04-01,INF247L01DK8,MOMENTUM50,EQ,45.94,47.7,45.93,46.9,46.9,45.53,1626316,76680687.26,2283
2026-04-01,INF247L01FK3,MOMGF,EQ,143.2,144.6,141.03,142.43,142.67,140.39,850,121225.76,17
2026-04-01,INF247L01FQ0,MOMIDMTM,EQ,56.91,58.31,56.44,56.6,57.6,55.73,308452,17653239.62,1105
2026-04-01,INF247L01GK1,MOMNC,EQ,28.2,28.23,28.06,28.21,28.21,27.06,2254,63479.77,9
2026-04-01,INF247L01BK2,MOMOMENTUM,EQ,55.32,57.94,55.32,56.48,57.93,54.84,121032,6843892.05,608
2026-04-01,INF247L01FC0,MON50EQUAL,EQ,30.82,30.82,30.2,30.33,30.35,29.92,6848,209118.43,45
2026-04-01,INF247L01FD8,MONEXT50,EQ,61.55,62.5,61.55,61.98,61.91,60.31,1409,87332.29,35
2026-04-01,INF247L01GG9,MONIFTY100,EQ,23.5,23.89,23.27,23.35,23.36,22.96,6296,147759.87,54
2026-04-01,INF247L01BU1,MONIFTY500,EQ,21.06,21.87,21.03,21.53,21.84,20.94,1804440,38872455.51,2481
2026-04-01,INF247L01AU3,MONQ50,EQ,104.04,105.0,100.81,104.53,104.5,101.01,267202,27707471.04,3558
2026-04-01,INF247L01FO5,MOPSE,EQ,97.25,99.72,97.2,98.35,98.34,95.53,17809,1741868.75,45
2026-04-01,INF247L01BH8,MOQUALITY,EQ,184.34,185.09,182.0,182.01,182.01,177.84,3336,613866.77,42
2026-04-01,INF247L01CI4,MOREALTY,EQ,65.4,67.44,65.21,66.51,66.63,64.92,610082,40667170.59,3721
2026-04-01,INF247L01GJ3,MOSERVICE,EQ,29.08,29.99,28.84,28.9,28.9,28.38,4124,119428.07,30
2026-04-01,INF247L01FZ1,MOSILVER,EQ,228.9,234.73,228.9,230.29,231.0,222.07,73289,16969181.94,2036
2026-04-01,INF247L01CH6,MOSMALL250,EQ,14.98,15.03,14.75,14.89,14.95,14.46,3767364,56118446.39,3132
2026-04-01,INF247L01FP2,MOTOUR,EQ,67.6,68.98,67.1,68.27,68.5,64.6,23993,1626187.02,275
2026-04-01,INF247L01BE5,MOVALUE,EQ,106.49,112.0,106.29,108.51,108.3,105.64,193748,21025650.25,1531
2026-04-01,INE0FRK01020,MOTISONS,EQ,11.38,12.4,11.06,12.15,12.38,10.83,5462675,64664501.95,5203
2026-04-01,INE861B01023,MOTOGENFIN,EQ,19.25,21.89,18.9,20.25,20.11,18.26,63998,1300615.76,296
2026-04-01,INE0XM301010,MMEL,SM,24.55,26.8,24.2,26.75,26.25,22.35,76000,1968700.0,33
2026-04-01,INE0N6D01014,MOXSH,ST,133.85,133.85,133.85,133.85,133.85,133.5,3200,428320.0,1
2026-04-01,INE356A01018,MPHASIS,EQ,2110.0,2164.7,2101.0,2136.6,2130.1,2053.0,867527,1856154132.9,45078
2026-04-01,INE943D01017,MPSLTD,EQ,1551.4,1641.7,1513.1,1627.1,1639.0,1491.2,29734,47534880.3,3643
2026-04-01,INE883A01011,MRF,EQ,133000.0,133000.0,128575.0,129095.0,128700.0,128495.0,8541,1114808040.0,5989
2026-04-01,INE103A01014,MRPL,EQ,183.0,186.4,180.51,184.14,183.4,179.84,8671995,1596081186.74,50731
2026-04-01,INE495P01020,BECTORFOOD,EQ,185.0,192.12,182.95,188.82,187.0,179.05,510865,96263867.55,18976
2026-04-01,INE752G01015,MSPL,EQ,28.69,29.09,27.01,29.09,29.09,26.45,500968,14306037.84,1306
2026-04-01,INE255X01014,MSTCLTD,EQ,379.95,394.95,376.85,388.3,389.15,365.85,287767,111343403.05,6409
2026-04-01,INE472M01018,MTEDUCARE,BE,1.28,1.28,1.17,1.28,1.28,1.22,4164,5135.37,36
2026-04-01,INE864I01014,MTARTECH,EQ,3609.8,3652.2,3537.1,3603.6,3565.0,3467.7,191919,692205088.0,27124
2026-04-01,INE08KJ01020,MUFIN,EQ,99.45,104.4,98.87,101.89,102.5,95.36,1376425,139269860.66,5600
2026-04-01,INE304A01026,MUKANDLTD,EQ,123.96,126.23,122.33,124.58,125.68,119.66,72663,9065251.77,1187
2026-04-01,INE0CG401037,MUKKA,EQ,19.49,20.74,19.01,20.36,20.4,18.49,342224,6866353.69,1394
2026-04-01,INE374B01019,MUKTAARTS,EQ,40.8,42.48,39.17,41.41,41.0,37.31,6144,251431.73,163
2026-04-01,INE745G01043,MCX,EQ,2449.9,2508.0,2440.3,2469.7,2471.0,2389.4,3749070,9285714297.7,144723
2026-04-01,INE1K8Y01018,MUNISH,SM,58.0,66.55,58.0,63.05,63.0,58.05,9600,599040.0,8
2026-04-01,INE672B01032,MUNJALAU,EQ,69.1,72.47,69.1,71.74,71.86,67.78,84955,6059625.77,1047
2026-04-01,INE577A01027,MUNJALSHOW,EQ,116.0,117.0,113.01,115.44,115.15,110.46,35192,4056159.27,606
2026-04-01,INE692B01014,MURUDCERA,EQ,25.99,27.25,25.95,27.06,27.1,25.29,79248,2117970.22,401
2026-04-01,INE919I01024,RADIOCITY,EQ,4.88,5.14,4.75,5.03,5.05,4.66,154636,769476.54,351
2026-04-01,INE296G01013,MUTHOOTCAP,EQ,180.0,188.65,179.0,181.1,183.0,178.95,91486,16758831.52,1231
2026-04-01,INE414G01012,MUTHOOTFIN,EQ,3279.0,3320.0,3235.0,3256.0,3255.0,3160.1,790724,2579992311.4,57817
2026-04-01,INE046W01019,MUTHOOTMF,EQ,151.81,154.37,149.01,150.43,152.4,145.69,193044,29200746.12,2230
2026-04-01,INE0RVQ01016,MYMUDRA,SM,70.1,72.15,70.1,72.15,72.15,72.85,3600,256200.0,3
2026-04-01,INE740D01017,NRAIL,EQ,424.5,424.8,416.4,423.55,423.5,403.95,985,414667.8,87
2026-04-01,INE104101014,NRVANDANA,SM,48.0,50.0,48.0,49.95,50.0,46.85,9000,443700.0,3
2026-04-01,INE365I01020,NBIFIN,EQ,1600.0,1701.1,1600.0,1674.4,1680.0,1583.5,516,860640.3,71
2026-04-01,INE295D01020,NACLIND,EQ,129.99,131.58,129.01,131.58,131.58,125.32,101445,13315381.06,609
2026-04-01,INE756C01015,NDGL,EQ,2348.0,2399.0,2322.0,2371.4,2396.9,2185.8,428,1007702.5,67
2026-04-01,INE454M01024,NAGAFERT,EQ,3.69,3.77,3.63,3.67,3.69,3.44,637218,2361444.52,1039
2026-04-01,INE245I01016,NAGREEKCAP,EQ,21.05,23.4,21.05,22.22,23.0,20.89,10135,227340.76,56
2026-04-01,INE123B01028,NAGREEKEXP,EQ,21.2,21.2,18.01,20.2,20.2,18.2,6175,125045.12,118
2026-04-01,INE049I01012,NAHARCAP,EQ,198.0,215.0,198.0,209.25,208.01,194.77,25729,5391640.37,1209
2026-04-01,INE289A01011,NAHARINDUS,EQ,87.99,92.0,85.15,90.23,90.75,84.16,16677,1494301.95,215
2026-04-01,INE308A01027,NAHARPOLY,EQ,206.05,243.0,206.05,236.47,235.0,203.33,33717,7740411.97,1278
2026-04-01,INE290A01027,NAHARSPING,EQ,205.0,218.8,205.0,214.31,218.8,199.99,72349,15380243.24,1518
2026-04-01,INE236Y01012,NGIL,EQ,23.99,27.12,22.79,26.0,25.6,22.6,63298,1597250.94,330
2026-04-01,INE023A01030,NSIL,EQ,4999.9,5278.0,4802.5,5091.4,5091.0,4730.5,5924,30297210.0,1292
2026-04-01,INE0RJM01010,NAMAN,SM,46.0,46.0,42.05,44.3,44.3,44.25,21600,925920.0,27
2026-04-01,INE08NZ01012,NAMOEWASTE,SM,141.5,144.9,141.5,141.65,141.65,134.4,11200,1601920.0,14
2026-04-01,INE875G01048,NDL,EQ,1.94,2.2,1.92,2.2,2.2,1.84,3892975,8247966.59,1879
2026-04-01,INE696V01013,JAIPURKURT,EQ,26.12,27.92,26.12,27.44,27.64,26.02,25283,696895.51,509
2026-04-01,INE410P01011,NH,EQ,1648.6,1652.0,1603.7,1635.2,1635.8,1605.3,389423,635510090.8,38886
2026-04-01,INE117Z01011,NARMADA,EQ,31.0,32.66,31.0,32.47,32.1,30.29,247618,7875713.19,507
2026-04-01,INE987B01026,NATCOPHARM,EQ,998.6,1014.9,984.75,1001.9,995.0,974.2,703695,703597011.8,33035
2026-04-01,INE448G01010,NATHBIOGEN,EQ,135.0,138.83,133.2,137.46,138.0,129.02,9931,1357084.54,384
2026-04-01,INE139A01034,NATIONALUM,EQ,396.45,406.5,392.3,399.45,401.0,386.1,17296757,6943789196.65,124718
2026-04-01,INE870D01012,NFL,EQ,67.0,70.16,65.65,69.44,69.7,64.52,2296277,157505174.13,13679
2026-04-01,INE936B01015,NATCAPSUQ,EQ,145.41,160.0,145.41,153.62,154.4,144.35,3363,515597.58,160
2026-04-01,INE725A01030,NAVA,EQ,545.0,580.65,543.0,563.5,562.3,531.45,267644,148969955.65,10764
2026-04-01,INE048G01026,NAVINFLUOR,EQ,6248.0,6256.5,6012.0,6034.0,6016.0,6162.5,104748,639061463.0,18762
2026-04-01,INE278M01019,NAVKARCORP,EQ,75.2,80.5,75.2,79.48,80.05,74.63,433517,33989540.62,3682
2026-04-01,INE268H01044,NAVKARURB,EQ,0.74,0.76,0.7,0.74,0.76,0.73,1482610,1102396.58,413
2026-04-01,INE060A01024,NAVNETEDUL,EQ,125.0,132.5,124.29,130.27,130.5,122.23,263282,33952102.12,3208
2026-04-01,INE418L01047,NAZARA,EQ,233.78,242.59,233.78,236.84,234.2,233.05,1945398,463483246.46,16882
2026-04-01,INE095N01031,NBCC,EQ,81.1,84.09,80.11,82.79,82.91,77.52,15853541,1311098701.56,46984
2026-04-01,INE868B01028,NCC,EQ,135.0,139.8,134.5,138.59,138.9,130.94,2543175,351324231.63,27110
2026-04-01,INE732C01016,NCLIND,EQ,157.0,160.18,151.16,157.15,157.08,148.17,111327,17586168.85,1635
2026-04-01,INE353A01023,NDLVENTURE,EQ,119.0,125.59,118.99,121.4,120.82,117.0,41148,5038041.6,505
2026-04-01,INE07OG01012,NDRAUTO,EQ,611.95,669.0,611.95,664.15,668.7,610.8,30158,19723161.0,1534
2026-04-01,INE155G01029,NDTV,EQ,61.72,69.95,60.75,68.41,66.6,59.28,828008,54947482.12,6383
2026-04-01,INE023H01027,NECLIFE,EQ,9.48,9.76,9.48,9.76,9.76,9.3,126063,1224604.96,165
2026-04-01,INE189I01024,NELCAST,EQ,123.0,123.0,117.89,120.99,121.89,114.94,69809,8435298.48,1495
2026-04-01,INE045B01015,NELCO,EQ,528.85,559.9,518.45,554.85,556.95,506.1,148062,81455321.35,7332
2026-04-01,INE21UM01018,NEOCHEM,SM,65.4,68.9,65.4,68.9,68.9,63.25,3600,243360.0,3
2026-04-01,INE136S01016,NEOGEN,EQ,1124.1,1230.0,1124.1,1182.6,1184.1,1112.0,77849,92158065.7,8442
2026-04-01,INE0SUN01013,NEPHROCARE,SM,54.05,56.9,54.05,56.9,56.9,51.75,23600,1323420.0,43
2026-04-01,INE428V01029,NEPHROPLUS,EQ,532.4,541.95,521.0,528.3,535.0,506.85,54931,29362888.85,2615
2026-04-01,INE156901014,NEPTUNE,ST,183.0,183.0,183.0,183.0,183.0,178.0,1000,183000.0,1
2026-04-01,INE317F01035,NESCO,EQ,1028.9,1059.6,1028.9,1043.2,1055.0,1014.0,49481,51910472.6,4535
2026-04-01,INE239A01024,NESTLEIND,EQ,1174.8,1191.6,1167.1,1180.8,1175.0,1174.8,1836376,2165272498.8,69650
2026-04-01,INE0NT901020,NETWEB,EQ,3215.0,3227.2,3127.0,3144.1,3135.0,3098.8,691654,2194107787.5,47635
2026-04-01,INE0FFK01017,NPST,EQ,980.0,1151.15,975.05,1117.9,1110.1,959.3,162644,178853175.45,9434
2026-04-01,INE870H01013,NETWORK18,EQ,28.34,30.6,28.34,30.37,30.26,27.52,7880352,236321843.92,18730
2026-04-01,INE794A01010,NEULANDLAB,EQ,12250.0,12783.0,12226.0,12613.0,12635.0,12027.0,28691,362109710.0,12550
2026-04-01,INE619B01017,NEWGEN,EQ,420.0,434.75,415.0,431.8,432.0,402.3,1194449,511674035.3,29318
2026-04-01,INE0PW501021,NEWJAISA,SM,17.85,17.95,17.85,17.95,17.95,17.1,6000,107550.0,4
2026-04-01,INE0TP801012,NMSTEEL,SM,21.85,21.85,21.85,21.85,21.85,18.65,1600,34960.0,1
2026-04-01,INE747B01016,NEXTMEDIA,EQ,3.99,3.99,3.51,3.97,3.98,3.51,5802,22644.21,62
2026-04-01,INE0NDH25011,NXST,RR,151.99,154.4,150.75,152.27,153.0,150.79,626333,95805443.13,6371
2026-04-01,INE887E01022,NGLFINE,EQ,2100.0,2194.9,2062.0,2081.2,2093.4,2057.1,11407,24377844.8,1433
2026-04-01,INE848E01016,NHPC,EQ,75.95,76.1,74.5,75.39,75.17,73.72,14922443,1125865262.67,38610
2026-04-01,INE149O01018,NIBE,EQ,853.9,922.0,844.85,894.55,880.1,817.2,109224,98374841.85,6062
2026-04-01,INE0J6L01013,NIDAN,SM,14.0,14.95,12.9,13.6,13.6,12.75,34000,449100.0,26
2026-04-01,INE342G01023,NIITMTS,EQ,274.5,278.45,263.7,272.65,275.0,262.2,89064,24178423.4,3849
2026-04-01,INE161A01038,NIITLTD,EQ,52.53,56.04,52.53,55.73,55.86,50.38,765729,42097838.36,6014
2026-04-01,INE0FLF01015,NIKITA,SM,112.5,112.9,110.0,110.0,110.0,111.7,9600,1072080.0,8
2026-04-01,INE937C01029,NILAINFRA,EQ,6.33,6.49,6.15,6.44,6.49,5.95,369145,2363328.84,821
2026-04-01,INE00S901012,NILASPACES,EQ,12.25,13.26,12.21,13.18,13.0,11.56,1928991,24888920.46,1908
2026-04-01,INE310A01015,NILKAMAL,EQ,1089.0,1193.9,1089.0,1159.7,1193.6,1066.7,8348,9527942.0,790
2026-04-01,INE395U01014,NINSYS,EQ,391.0,455.9,386.0,395.4,388.9,397.45,56431,23289772.85,2694
2026-04-01,INF204KB15I9,BANKBEES,EQ,530.0,537.0,528.17,533.42,534.97,520.9,1536840,819004276.37,15964
2026-04-01,INF204KA1LD7,CONSUMBEES,EQ,114.7,118.44,114.51,116.9,116.95,114.7,126263,14840177.22,1584
2026-04-01,INF204KA1MS3,DIVOPPBEES,EQ,74.36,76.49,72.13,75.93,76.35,74.36,63318,4810010.73,1271
2026-04-01,INF204KB18I3,NV20BEES,EQ,138.92,160.0,137.8,140.64,160.0,134.87,19236,2677056.72,411
2026-04-01,INF204KB17I5,GOLDBEES,EQ,125.62,125.62,123.02,123.37,123.4,121.19,59364793,7340489877.78,164814
2026-04-01,INF204KB19I1,HNGSNGBEES,EQ,463.22,484.98,461.79,481.57,482.5,451.93,200431,95513280.32,7541
2026-04-01,INF732E01268,INFRABEES,EQ,890.4,907.56,890.39,900.16,904.9,885.06,14163,12764579.97,1030
2026-04-01,INF204KB15V2,ITBEES,EQ,31.99,33.35,31.98,32.91,33.0,31.99,15685477,518490100.34,22855
2026-04-01,INF732E01045,JUNIORBEES,EQ,640.02,675.9,632.34,669.66,670.7,651.9,541499,363506507.01,17346
2026-04-01,INF732E01037,LIQUIDBEES,EQ,1000.0,1000.01,999.99,1000.0,1000.0,1000.0,3062381,3062386032.38,6273
2026-04-01,INF204KB1882,LTGILTBEES,EQ,28.96,29.16,28.9,28.9,28.91,28.96,1827072,52848929.41,1245
2026-04-01,INF204KB1V68,MID150BEES,EQ,206.31,216.5,200.9,207.41,216.0,200.3,2239511,463592987.49,12269
2026-04-01,INF204K014N5,NIF100BEES,EQ,246.67,253.99,244.94,247.49,245.95,242.51,109339,27105853.79,1345
2026-04-01,INF204KB14I2,NIFTYBEES,EQ,258.34,260.07,257.05,257.45,258.0,253.44,16273357,4208311030.59,97098
2026-04-01,INF204KB16I7,PSUBNKBEES,EQ,88.4,91.8,88.13,91.26,91.66,87.46,4166312,377731841.39,12011
2026-04-01,INF732E01128,SHARIABEES,EQ,442.9,455.01,439.14,451.42,454.4,442.9,8915,4015974.58,825
2026-04-01,INE298J01013,NAM-INDIA,EQ,830.0,873.75,822.3,865.15,870.0,801.65,1610039,1359111228.45,60504
2026-04-01,INF204KC1FU1,LIQGRWBEES,EQ,1033.79,1033.79,1033.77,1033.78,1033.79,1033.78,47907,49525216.08,267
2026-04-01,INF204KC1GH6,MANUFGBEES,EQ,171.58,171.58,141.61,142.78,142.25,140.72,5069,729031.76,162
2026-04-01,INF204KC1337,AUTOBEES,EQ,244.22,253.25,244.22,248.86,249.43,244.19,629094,157705510.43,4604
2026-04-01,INF204KC1089,PHARMABEES,EQ,23.09,23.42,21.95,22.29,22.56,22.8,19600776,443713211.42,21732
2026-04-01,INF204KC1402,SILVERBEES,EQ,222.11,227.4,222.11,224.81,225.0,216.08,51491975,11615536244.47,174363
2026-04-01,INF204KC1EZ3,SNXT30BEES,EQ,38.37,39.14,37.63,37.97,37.96,37.31,12722,484841.04,113
2026-04-01,INE368I01016,NIRAJ,EQ,21.65,23.0,21.65,22.49,22.3,20.73,60521,1349572.72,694
2026-04-01,INE326T01011,NIRAJISPAT,BE,185.3,194.0,181.0,192.06,192.06,185.3,333,61283.76,18
2026-04-01,INE0OK701014,NIRMAN,ST,39.0,41.25,39.0,40.6,40.6,39.3,13800,561075.0,41
2026-04-01,INE858F01012,NITCO,EQ,90.49,90.88,84.71,87.11,86.15,87.86,589923,51706162.9,4841
2026-04-01,INE229H01012,NITINSPIN,EQ,362.3,365.4,351.45,363.0,364.8,343.4,95643,34501989.9,3338
2026-04-01,INE439T01012,NITIRAJ,EQ,209.12,218.94,207.71,212.34,213.06,200.92,1133,240001.79,99
2026-04-01,INE995S01015,NIVABUPA,EQ,73.2,73.2,71.0,72.36,72.0,70.21,449868,32405546.3,5626
2026-04-01,INE589A01014,NLCINDIA,EQ,274.8,285.85,270.8,283.2,282.0,268.6,4676372,1310776065.15,57953
2026-04-01,INE579F24065,805NMC30,N2,124.67,124.8,124.5,124.8,124.8,124.67,2385,297518.51,12
2026-04-01,INE579F24032,805NMC31,N3,120.01,120.01,120.01,120.01,120.01,120.01,10,1200.1,1
2026-04-01,INE579F24057,805NMC32,N4,124.61,125.0,124.61,125.0,125.0,124.61,2285,285486.55,10
2026-04-01,INE579F24040,805NMC33,N5,124.05,124.05,124.05,124.05,124.05,124.05,33,4093.65,2
2026-04-01,INE579F24081,805NMC34,N6,124.6,126.0,124.6,124.99,125.0,124.55,5673,708817.85,18
2026-04-01,INE579F24073,805NMC35,N7,124.55,124.55,124.55,124.55,124.55,124.55,43,5355.65,2
2026-04-01,INE584A01023,NMDC,EQ,78.56,79.48,77.74,78.17,78.24,76.27,27161656,2132837498.83,68052
2026-04-01,INE0NNS01018,NSLNISP,EQ,34.87,35.6,34.07,35.43,35.48,33.2,4254431,149499575.42,15352
2026-04-01,INE163A01018,NOCIL,EQ,157.5,165.5,155.5,163.71,163.2,153.61,2537731,411726426.35,20228
2026-04-01,INE781B01015,NOIDATOLL,EQ,2.91,3.2,2.91,3.13,3.13,2.92,145901,455269.95,300
2026-04-01,INE369C01017,NORBTEAEXP,BE,90.58,90.58,86.06,89.9,89.9,90.58,3853,345248.69,35
2026-04-01,INE553C01016,NECCLTD,EQ,10.55,12.64,10.55,12.15,12.3,10.77,126756,1534085.98,527
2026-04-01,INE850M01015,NORTHARC,EQ,213.95,220.52,213.05,216.95,218.5,206.85,631735,136871361.77,7734
2026-04-01,INE02H701025,NOVAAGRI,EQ,18.42,22.1,18.42,22.1,22.1,18.42,475056,10273816.29,1732
2026-04-01,INE349A01021,NRBBEARING,EQ,225.9,240.0,223.69,237.06,240.0,216.2,287564,66811050.84,5586
2026-04-01,INE047O01014,NIBL,EQ,26.0,28.55,26.0,27.66,27.72,25.93,16711,461140.3,168
2026-04-01,INE0ONG01011,NTPCGREEN,EQ,95.0,98.95,93.89,98.21,98.2,92.32,10493996,1022349718.29,52382
2026-04-01,INE733E01010,NTPC,EQ,381.3,381.9,361.45,364.65,365.95,370.65,15449629,5679272743.95,140196
2026-04-01,INE096B01018,NUCLEUS,EQ,733.6,783.0,733.6,775.05,777.0,722.7,25198,19429613.35,2078
2026-04-01,INE0JM501013,NRL,EQ,49.05,49.05,47.03,48.17,48.3,46.75,24088,1166046.7,473
2026-04-01,INE0DSF01015,NURECA,EQ,208.05,227.42,208.05,227.42,227.42,206.75,10575,2381687.8,233
2026-04-01,INE531F01023,NUVAMA,EQ,1181.6,1200.2,1130.4,1138.9,1143.8,1161.1,820494,947727483.9,44353
2026-04-01,INE118D01016,NUVOCO,EQ,284.95,292.3,284.0,290.2,290.0,281.1,291483,84164211.0,11779
2026-04-01,INE093I01010,OBEROIRLTY,EQ,1439.1,1498.9,1428.8,1474.5,1474.0,1419.0,819778,1189933710.8,26595
2026-04-01,INE0YHV01011,OBSCP,SM,297.5,302.0,286.8,291.6,291.0,280.6,24000,7115980.0,51
2026-04-01,INE0PK601023,OCCLLTD,EQ,80.2,91.03,80.2,86.86,87.9,79.26,128813,11247572.05,3599
2026-04-01,INE054301028,ODIGMA,EQ,20.5,22.74,20.25,22.34,22.5,20.68,13719,305814.67,351
2026-04-01,INE213A01029,ONGC,EQ,290.0,293.0,282.8,288.05,287.5,284.65,31626297,9117586218.45,189679
2026-04-01,INE591A01010,OILCOUNTUB,EQ,41.0,41.0,37.88,39.22,39.69,36.96,93280,3692257.0,1716
2026-04-01,INE274J01014,OIL,EQ,480.0,482.3,471.8,473.4,475.0,475.45,3482577,1656241311.9,41570
2026-04-01,INE0LXG01040,OLAELEC,EQ,23.99,26.36,23.17,25.89,25.95,22.8,247154058,6278838331.6,200895
2026-04-01,INE260D01016,OLECTRA,EQ,1008.9,1048.9,993.3,1025.85,1027.75,966.25,1085734,1122345501.5,51717
2026-04-01,INE1BZC01019,OMFREIGHT,EQ,62.0,69.8,61.71,66.34,66.01,59.64,39333,2586516.61,1091
2026-04-01,INE239D01028,OMINFRAL,EQ,84.0,88.0,83.99,84.96,84.8,80.54,61336,5201048.54,591
2026-04-01,INE090B01011,OMAXAUTO,EQ,96.85,103.0,92.5,99.14,101.0,92.03,35261,3456599.05,722
2026-04-01,INE800H01010,OMAXE,EQ,65.9,70.29,65.9,69.95,70.1,65.25,131418,9100513.33,914
2026-04-01,INE338Y01016,OMFURN,SM,45.3,45.3,40.0,40.0,40.0,40.0,45600,1878360.0,30
2026-04-01,INE474L01016,OMKARCHEM,BZ,3.85,3.86,3.52,3.85,3.85,3.68,15253,57093.93,33
2026-04-01,INE0UH301010,OMNI,EQ,256.19,277.86,252.15,272.77,271.0,245.23,1497885,400848523.99,25162
2026-04-01,INE00ER01015,ONDOOR,SM,120.0,125.0,120.0,124.6,125.0,115.4,2700,332505.0,9
2026-04-01,INE982J01020,PAYTM,EQ,989.95,1009.85,979.55,997.1,997.4,959.0,2048902,2042315568.35,51049
2026-04-01,INE0HLU01028,MOBIKWIK,EQ,163.22,171.2,160.22,169.41,170.9,155.07,1519052,254687969.41,15462
2026-04-01,INE840Y01029,ONEPOINT,EQ,42.0,44.29,41.87,44.03,43.9,41.39,757887,32717516.92,3124
2026-04-01,INE0OPS01011,OLIL,SM,315.0,320.25,315.0,315.0,315.0,306.5,29600,9369320.0,31
2026-04-01,INE912L01015,ONELIFECAP,EQ,14.9,15.7,14.9,15.4,15.24,15.11,321826,4958199.61,341
2026-04-01,INE013P01021,ONESOURCE,EQ,1480.7,1490.0,1412.7,1436.4,1418.0,1473.3,236218,344933134.7,18877
2026-04-01,INE809I01019,ONMOBILE,EQ,42.99,44.58,41.21,43.38,42.5,40.53,518404,22397831.4,2488
2026-04-01,INE229A01017,ONWARDTEC,EQ,210.15,231.95,210.15,225.6,229.8,210.15,128121,28830402.22,5093
2026-04-01,INE0WVU01018,ONYX,SM,34.0,34.0,34.0,34.0,34.0,34.0,2000,68000.0,1
2026-04-01,INE350C01017,OPTIEMUS,EQ,295.95,319.2,295.95,308.5,309.7,292.75,203026,63317414.8,7319
2026-04-01,INE15B101011,OPTIVALUE,SM,64.0,68.05,64.0,67.9,67.9,63.0,19200,1276400.0,12
2026-04-01,INE881D01027,OFSS,EQ,6950.0,7023.0,6836.0,6883.0,6868.5,6731.0,155077,1077249167.5,26486
2026-04-01,INE231G01010,ORBTEXP,EQ,142.0,147.6,139.11,147.24,147.49,135.35,4994,723913.39,180
2026-04-01,INE215B01022,ORCHASP,EQ,2.02,2.15,2.02,2.13,2.14,2.07,111514,236998.79,158
2026-04-01,INE191A01027,ORCHPHARMA,EQ,494.0,526.4,488.5,519.3,511.7,482.45,78705,40420284.7,3820
2026-04-01,INE0OUT01019,ORIANA,SM,1642.95,1767.4,1640.05,1711.35,1732.0,1544.25,94125,160941333.75,973
2026-04-01,INE730A01022,ORICONENT,EQ,66.0,66.64,63.24,64.25,64.07,63.99,459040,29737163.62,1375
2026-04-01,INE607D01018,ORIENTBELL,EQ,259.0,266.45,255.0,258.0,256.45,252.35,11965,3117013.9,356
2026-04-01,INE876N01018,ORIENTCEM,EQ,130.0,132.0,125.75,131.2,130.74,122.89,427638,55496853.56,5442
2026-04-01,INE569C01020,ORIENTCER,EQ,36.99,37.29,35.21,36.78,37.0,34.46,39182,1430446.36,610
2026-04-01,INE142Z01019,ORIENTELEC,EQ,158.0,161.54,158.0,160.17,159.6,156.3,136801,21927789.03,2262
2026-04-01,INE999K01014,GREENPOWER,EQ,8.66,9.4,8.25,8.98,9.04,8.04,7344751,64582360.7,9910
2026-04-01,INE750A01020,ORIENTHOT,EQ,85.05,89.51,84.64,89.01,89.0,82.01,179862,15871398.21,1621
2026-04-01,INE592A01026,ORIENTPPR,EQ,14.23,16.2,14.23,16.09,16.2,13.98,681152,10557797.87,1917
2026-04-01,INE609C01024,ORIENTLTD,EQ,61.39,61.39,56.0,60.69,60.7,58.09,1722,102926.26,28
2026-04-01,INE0PPK01015,ORIENTTECH,EQ,248.99,262.4,234.57,255.55,255.5,224.0,1778488,450252789.24,37447
2026-04-01,INE959C01023,OAL,EQ,244.89,249.0,240.0,245.44,242.5,238.25,9858,2404095.09,378
2026-04-01,INE998H01012,ORIENTALTL,EQ,4.51,5.36,4.51,5.17,5.2,4.5,391982,1956888.72,980
2026-04-01,INE426Z01016,OBCL,EQ,58.9,60.0,56.1,56.7,56.26,57.24,1550,89241.02,45
2026-04-01,INE725E01024,ORISSAMINE,EQ,3125.5,3416.8,3117.3,3380.6,3376.2,3125.5,25538,85298869.1,4468
2026-04-01,INE16NZ01023,ORKLAINDIA,EQ,590.0,601.0,586.0,599.45,598.85,585.05,61147,36501657.5,5564
2026-04-01,INE849L01019,ORTEL,BZ,1.67,1.78,1.62,1.66,1.78,1.7,11266,18762.57,37
2026-04-01,INE749B01020,ORTINGLOBE,BE,14.23,14.23,13.62,14.23,14.23,13.56,936,13014.96,9
2026-04-01,INE0RMF01018,OSELDEVICE,SM,510.0,527.0,510.0,515.45,516.0,508.1,11800,6080540.0,45
2026-04-01,INE06IR01021,OSIAHYPER,EQ,3.7,3.7,3.7,3.7,3.7,3.89,920174,3404643.8,1048
2026-04-01,INE142A01012,OSWALAGRO,EQ,36.45,40.66,36.44,40.46,40.66,33.89,304206,11814584.7,2977
2026-04-01,INE143A01010,OSWALGREEN,EQ,20.65,23.45,20.65,22.83,22.99,19.97,378022,8425870.31,1689
2026-04-01,INE0BYP01024,OSWALPUMPS,EQ,302.85,314.85,302.8,309.7,309.6,290.3,786450,243889469.25,12984
2026-04-01,INE0R8M01017,OWAIS,SM,117.1,122.0,113.0,113.45,113.2,118.9,72700,8361740.0,337
2026-04-01,INE953R01016,PNGJL,EQ,555.0,565.5,537.05,561.35,560.0,530.95,250024,140136765.35,4293
2026-04-01,INE179A01014,PGHH,EQ,9493.0,9943.0,9388.5,9748.0,9870.0,9323.0,18905,182271926.0,6361
2026-04-01,INE0S3G01027,PACEDIGITK,EQ,149.9,158.7,149.0,153.62,152.51,141.72,3186966,492300688.76,30140
2026-04-01,INE761H01022,PAGEIND,EQ,32305.0,32820.0,32000.0,32620.0,32795.0,31775.0,18816,611196195.0,9225
2026-04-01,INE420C01059,PAISALO,EQ,33.95,36.9,33.91,35.36,35.99,33.71,6722953,234523483.75,14614
2026-04-01,INE551D01018,PAKKA,EQ,83.35,87.6,83.35,86.18,86.95,80.55,90797,7851428.36,1256
2026-04-01,INE471W01019,PALASHSECU,EQ,85.9,85.9,83.49,83.7,83.7,80.16,2569,215094.95,36
2026-04-01,INE218G01033,PALREDTEC,EQ,28.8,28.86,28.1,28.86,28.86,27.49,1409,40501.42,29
2026-04-01,INE922B01023,PANACEABIO,EQ,307.0,333.25,307.0,325.3,328.0,296.05,151206,49082415.9,3831
2026-04-01,INE895W01019,PANACHE,BE,275.2,298.3,275.2,298.2,298.2,284.1,6407,1897759.65,62
2026-04-01,INE305C01029,PANAMAPET,EQ,241.0,261.99,241.0,255.72,254.5,232.1,54159,13654268.83,1449
2026-04-01,INE697V01011,PANSARI,EQ,264.4,264.4,250.0,253.4,263.0,252.8,238,60583.1,20
2026-04-01,INE04LG01015,PAR,EQ,78.58,83.0,78.58,82.63,82.88,78.58,9636,788206.32,202
2026-04-01,INE088F01024,PARADEEP,EQ,111.01,117.18,109.22,115.92,115.72,107.24,7712877,881468909.04,57875
2026-04-01,INE883N01014,PARAGMILK,EQ,187.84,194.0,185.18,192.51,193.0,179.86,893828,170407187.69,12110
2026-04-01,INE0N4G01012,PARAGON,SM,38.0,39.75,38.0,39.75,39.75,35.6,8400,330300.0,7
2026-04-01,INE0S2W01018,PARAMATRIX,SM,63.35,63.35,63.35,63.35,63.35,65.5,1200,76020.0,1
2026-04-01,INE074B01023,PARACABLES,EQ,30.0,32.35,29.7,31.95,32.14,28.56,1091811,34387113.3,4105
2026-04-01,INE0TG801013,PARAMOUNT,SM,35.5,37.25,35.5,37.25,37.25,33.5,3600,129900.0,3
2026-04-01,INE0Q6001012,PSFL,SM,24.05,25.0,24.0,24.25,24.25,23.5,30000,727200.0,14
2026-04-01,INE749Y01014,PARAMPARA,ST,11.45,11.45,11.45,11.45,11.45,11.25,8000,91600.0,1
2026-04-01,INE045601023,PARAS,EQ,622.0,662.9,615.05,638.8,639.0,595.3,2086181,1341621669.15,50844
2026-04-01,INE162C01024,PARASPETRO,BE,2.56,2.56,2.49,2.49,2.49,2.51,75961,194159.21,95
2026-04-01,INE00U801010,PARIN,SM,586.0,611.0,540.35,565.8,567.0,586.0,23500,13371212.5,54
2026-04-01,INE119201023,PARKHOSPS,EQ,195.0,201.87,194.0,198.03,196.0,190.06,543345,107697922.41,9575
2026-04-01,INE988S01028,PARKHOTELS,EQ,100.0,110.22,99.13,106.25,105.67,96.44,560349,58454759.3,4513
2026-04-01,INE561H01026,PARSVNATH,EQ,6.06,6.49,6.03,6.09,6.1,5.96,814496,5060594.27,789
2026-04-01,INE1H7V01011,PARTH,ST,300.0,302.45,284.0,295.0,295.0,288.05,6400,1863020.0,16
2026-04-01,INE06ZX01015,PARTYCRUS,SM,76.0,89.9,76.0,86.2,89.9,75.15,28000,2342750.0,23
2026-04-01,INE124Y01010,PASHUPATI,EQ,1032.0,1032.0,979.95,985.4,981.0,977.05,2816,2801766.2,644
2026-04-01,INE818B01023,PASUPTAC,EQ,43.2,45.4,42.28,44.46,44.9,40.89,195515,8665075.7,2517
2026-04-01,INE619A01035,PATANJALI,EQ,473.8,478.0,465.2,470.1,469.85,459.75,1460492,685918316.3,26180
2026-04-01,INE244B01030,PATELENG,EQ,23.3,24.14,23.1,24.03,24.02,22.2,9163261,217673295.01,14803
2026-04-01,INE529D01014,PATINTLOG,EQ,8.95,9.49,8.57,9.29,9.33,8.26,203672,1843103.86,743
2026-04-01,INE0R8B01010,PATELRMART,EQ,160.0,167.0,155.1,165.09,165.39,151.22,136531,22149250.0,1956
2026-04-01,INE17GV01016,PATILAUTOM,SM,124.0,131.5,124.0,127.7,130.0,117.8,27600,3535950.0,23
2026-04-01,INE0NZW01014,PATTECH,SM,94.7,94.7,94.7,94.7,94.7,90.25,1500,142050.0,1
2026-04-01,INE111F01024,PAUSHAKLTD,EQ,347.05,395.95,347.05,383.4,375.5,344.9,36556,14018557.25,2006
2026-04-01,INE07S101038,PAVNAIND,EQ,14.26,15.96,14.26,15.86,15.78,14.2,112760,1758404.13,525
2026-04-01,INE417T01026,POLICYBZR,EQ,1468.6,1492.9,1429.5,1433.1,1431.0,1427.8,1204079,1750072963.9,47685
2026-04-01,INE785M01021,PCJEWELLER,EQ,7.95,8.31,7.77,8.25,8.26,7.57,57590729,467673061.09,29076
2026-04-01,INE602A01031,PCBL,EQ,250.0,264.8,248.07,257.62,256.65,241.95,3564923,918909188.65,58792
2026-04-01,INE111Q01021,PDSL,EQ,268.0,286.0,266.65,278.45,277.8,261.65,90538,24885138.9,1893
2026-04-01,INE940H01022,PGIL,EQ,1381.1,1470.0,1376.3,1453.2,1446.0,1354.0,47435,67982108.2,9217
2026-04-01,INE844A01013,PEARLPOLY,EQ,13.9,14.4,13.03,13.83,13.9,13.01,14800,205707.81,199
2026-04-01,INE0VG601013,PELATRO,SM,283.5,292.0,283.5,284.75,284.0,270.0,2100,599850.0,6
2026-04-01,INE138A01028,PENINLAND,EQ,14.41,16.78,14.41,16.5,16.6,13.99,1374464,22140253.83,2668
2026-04-01,INE932A01024,PENIND,EQ,137.0,146.0,134.96,144.29,144.7,130.92,1029282,147034685.73,10633
2026-04-01,INE925S01012,PERFECT,SZ,1.45,1.45,1.45,1.45,1.45,1.4,3000,4350.0,1
2026-04-01,INE262H01021,PERSISTENT,EQ,5000.0,5125.0,4922.9,5049.1,5055.0,4877.2,686833,3463685329.7,59034
2026-04-01,INE998U01015,PCCL,SM,227.0,251.0,227.0,245.25,244.9,224.25,13200,3257500.0,29
2026-04-01,INE347G01014,PETRONET,EQ,256.1,263.2,253.0,257.88,256.23,248.45,7092013,1839484890.48,98295
2026-04-01,INE182A01018,PFIZER,EQ,4746.1,4870.0,4737.5,4853.0,4820.0,4720.5,14960,72175951.7,6118
2026-04-01,INE457L01029,PGEL,EQ,486.95,500.0,474.6,480.9,482.7,469.9,3199679,1560917667.9,48629
2026-04-01,INE0MLZ01019,PHANTOMFX,SM,168.05,172.1,167.55,167.85,167.55,158.35,11100,1876395.0,33
2026-04-01,INE0LP301011,PWL,EQ,87.98,89.9,86.51,89.0,89.0,87.3,5192147,458846270.96,28138
2026-04-01,INE603J01030,PIIND,EQ,2758.7,2851.0,2758.7,2844.9,2848.9,2718.8,244047,689210203.2,19936
2026-04-01,INE546C01010,PICCADIL,EQ,545.0,545.0,528.7,541.45,541.6,517.35,72852,39332477.45,4950
2026-04-01,INE0YAL01017,PPSL,SM,6.05,6.2,5.8,5.85,5.85,5.4,39000,231750.0,12
2026-04-01,INE318A01026,PIDILITIND,EQ,1317.9,1326.1,1291.0,1307.0,1307.0,1285.0,898466,1176808851.4,60173
2026-04-01,INE600A01035,PILITA,EQ,6.97,7.3,6.5,7.01,7.05,6.41,80892,564699.08,406
2026-04-01,INE417C01014,PILANIINVS,EQ,4182.5,4460.0,4182.5,4410.5,4357.0,4155.1,1312,5753574.5,402
2026-04-01,INE15B701018,PINELABS,EQ,159.63,166.06,155.56,156.54,156.99,156.18,715264,112838727.48,12044
2026-04-01,INE156C01018,PIONEEREMB,EQ,19.63,21.89,19.63,21.75,21.76,19.92,6161,131092.13,114
2026-04-01,INE202B01038,PIRAMALFIN,EQ,1848.9,1866.9,1759.9,1793.3,1770.0,1834.5,433193,784762109.1,27283
2026-04-01,INE0DK501011,PPLPHARMA,EQ,140.0,144.18,139.62,142.51,142.5,136.54,2094474,297911800.88,18340
2026-04-01,INE450D01021,PITTIENG,EQ,730.0,744.0,705.25,736.75,735.25,688.3,46615,34055536.5,4433
2026-04-01,INE751B01018,PIXTRANS,EQ,1459.8,1478.7,1430.0,1462.1,1469.1,1440.8,16035,23464670.4,1382
2026-04-01,INE0PXD01014,PLADAINFO,SM,10.05,10.05,10.05,10.05,10.05,9.6,3000,30150.0,1
2026-04-01,INE083C01022,PLASTIBLEN,EQ,129.51,132.73,125.1,126.0,126.75,121.57,9888,1254135.41,380
2026-04-01,INE0PT501018,PLATIND,EQ,193.0,204.99,190.0,200.9,198.0,185.26,152317,30138303.21,2388
2026-04-01,INE0INJ01017,PLAZACABLE,EQ,28.5,32.7,28.5,32.0,32.01,28.18,129460,4105689.1,3102
2026-04-01,INE859A01011,PNBGILTS,EQ,60.55,64.5,60.55,64.06,63.6,59.16,420219,26461038.74,2848
2026-04-01,INE572E01012,PNBHOUSING,EQ,786.85,795.75,773.7,780.05,781.0,755.05,1257172,988893181.9,27260
2026-04-01,INE195J01029,PNCINFRA,EQ,167.0,173.99,165.26,172.38,173.0,160.55,540119,91933630.19,13945
2026-04-01,INE1RDG01013,PNGSREVA,EQ,334.0,356.7,334.0,342.1,341.2,331.8,73742,25679486.65,6391
2026-04-01,INE371C01013,PODDARMENT,EQ,210.09,211.99,207.0,208.0,208.0,202.9,2820,585690.62,36
2026-04-01,INE637C01025,POKARNA,EQ,875.0,904.95,855.0,869.7,867.15,830.65,78727,68858203.6,4759
2026-04-01,INE205C01021,POLYMED,EQ,1209.9,1287.5,1205.0,1283.2,1280.9,1191.1,195244,247152587.8,15139
2026-04-01,INE455K01017,POLYCAB,EQ,7148.5,7188.0,6882.0,6925.0,6947.5,6843.5,424350,2986295948.5,54906
2026-04-01,INE633B01018,POLYPLEX,EQ,761.0,805.0,761.0,791.7,780.05,747.8,95982,75520041.3,7016
2026-04-01,INE517M01028,POLYSIL,ST,165.0,168.0,158.0,167.15,165.0,160.2,9500,1577500.0,17
2026-04-01,INE063E01053,POCL,EQ,1060.0,1108.6,1039.9,1099.9,1103.9,1011.2,174782,190051637.9,9589
2026-04-01,INE838E01017,PONNIERODE,EQ,278.65,284.95,277.05,282.85,283.3,275.0,26713,7502434.35,913
2026-04-01,INE511C01022,POONAWALLA,EQ,373.0,387.85,373.0,382.65,384.8,368.4,663831,253745892.85,27580
2026-04-01,INE772T01024,PVSL,EQ,87.0,93.5,87.0,92.39,92.99,86.02,43925,4003751.32,1419
2026-04-01,INE0S3H01017,POSITRON,SM,112.0,124.0,112.0,119.0,117.1,111.8,84900,9956910.0,209
2026-04-01,INE134E01011,PFC,EQ,393.0,400.1,387.1,397.7,397.65,379.5,10351420,4095998579.9,88630
2026-04-01,INE752E01010,POWERGRID,EQ,305.0,305.9,290.2,292.8,293.3,296.1,18635698,5509132938.4,120624
2026-04-01,INE557Z01018,PIGL,EQ,101.99,106.99,100.81,103.42,104.3,97.4,54741,5743846.64,514
2026-04-01,INE211R01019,POWERMECH,EQ,1798.9,1885.0,1784.9,1875.8,1870.0,1732.8,130106,240104456.3,15461
2026-04-01,INE0GGX23010,PGINVIT,IV,91.45,91.45,90.2,91.17,91.24,90.19,1503119,136371629.3,12842
2026-04-01,INE095I01015,PPAP,EQ,188.2,199.4,187.47,190.49,193.56,176.94,42516,8161525.82,1386
2026-04-01,INE0I0M01023,PRABHA,EQ,151.95,156.0,151.39,153.11,152.15,148.42,69393,10684272.36,498
2026-04-01,INE074A01025,PRAJIND,EQ,326.05,330.9,322.95,326.2,325.0,318.05,1501859,490673063.7,26250
2026-04-01,INE505C01016,PRAENG,EQ,18.3,19.38,18.25,19.31,19.33,17.86,58765,1099164.42,241
2026-04-01,INE603A01013,PRAKASH,EQ,114.9,121.1,114.5,120.48,120.46,111.18,632310,75188982.12,6228
2026-04-01,INE050001010,PPL,EQ,171.52,183.58,169.0,180.52,181.95,164.15,157095,28152453.38,4031
2026-04-01,INE696K01024,PRAKASHSTL,EQ,3.84,4.16,3.84,4.06,4.09,4.0,272421,1110268.31,364
2026-04-01,INE0O7A01017,PRAMARA,SM,354.0,354.0,342.5,343.15,343.95,342.3,21000,7249650.0,36
2026-04-01,INE393P01035,DIAMONDYD,EQ,992.0,1032.9,960.0,968.5,961.0,1012.0,42587,42395545.5,2781
2026-04-01,INE0QA601016,PRATHAM,SM,107.0,114.0,107.0,114.0,114.0,104.0,4800,527420.0,8
2026-04-01,INE546Y01022,PRAXIS,EQ,5.4,5.53,5.31,5.53,5.53,5.27,13015,71235.59,41
2026-04-01,INE484I01029,PRECAM,EQ,110.55,119.8,110.55,117.51,119.0,105.09,481300,55541754.49,5477
2026-04-01,INE0HKW01018,PRECISION,SM,7.1,7.25,6.75,7.25,7.25,7.1,70000,476400.0,28
2026-04-01,INE372C01037,PRECWIRE,EQ,296.0,312.0,296.0,308.1,308.5,292.1,548154,168065180.8,14232
2026-04-01,INE283A01014,PRECOT,BE,540.0,541.0,528.0,530.0,530.0,530.95,6764,3608592.6,66
2026-04-01,INE0BS701011,PREMIERENE,EQ,911.0,941.8,884.05,937.7,931.75,891.65,5836550,5291328895.0,67686
2026-04-01,INE863B01029,PREMEXPLN,EQ,399.9,422.95,399.2,419.65,420.5,381.5,338951,140296256.5,11169
2026-04-01,INE342A01018,PREMIER,BE,2.74,2.87,2.74,2.87,2.87,2.74,1633,4676.84,18
2026-04-01,INE309M01020,PREMIERPOL,EQ,66.0,68.87,60.61,61.28,61.0,62.77,581324,37919752.62,5772
2026-04-01,INE0CFG01012,PRLIND,SM,50.0,52.0,50.0,51.8,52.0,47.4,12000,610350.0,12
2026-04-01,INE0R1601012,PRESSTONIC,ST,30.0,30.0,29.15,30.0,30.0,28.6,92800,2781160.0,109
2026-04-01,INE811K01011,PRESTIGE,EQ,1150.0,1168.5,1137.3,1144.9,1147.8,1126.5,2010817,2314740696.2,35877
2026-04-01,INE726V01018,PRICOLLTD,EQ,535.0,539.55,525.1,537.9,537.2,513.9,222428,118746885.3,11956
2026-04-01,INE0CQA01020,PRIMECAB,SM,74.0,75.9,73.1,74.8,74.3,71.0,22400,1668320.0,13
2026-04-01,INE367G01038,PFOCUS,EQ,337.0,347.8,331.1,337.3,334.0,329.35,4124766,1408610878.8,33415
2026-04-01,INE032B01021,PRIMESECU,EQ,275.0,280.0,269.6,277.2,277.0,270.3,8808,2422537.7,368
2026-04-01,INE607A01022,PRIMO,EQ,18.88,19.53,18.26,19.15,19.1,18.03,203545,3896222.31,909
2026-04-01,INE689W01016,PRINCEPIPE,EQ,211.0,225.0,210.61,223.28,223.7,206.05,234389,51658655.4,5267
2026-04-01,INE010A01011,PRSMJOHNSN,EQ,125.53,127.35,124.05,124.69,124.05,125.06,102705,12934293.19,1692
2026-04-01,INE974Z01015,PRITI,EQ,34.99,37.88,33.3,35.47,35.5,32.24,16370,587672.49,245
2026-04-01,INE583R01029,PRITIKAUTO,EQ,10.7,11.6,10.7,11.51,11.5,10.54,161621,1841057.31,741
2026-04-01,INE0MJQ01020,PRITIKA,SM,48.0,55.5,48.0,55.5,55.5,54.0,4000,207000.0,2
2026-04-01,INE392B01011,PNC,EQ,17.64,19.5,17.25,18.69,18.5,16.56,28409,533930.01,446
2026-04-01,INE959A01019,PRIVISCL,EQ,2920.0,2991.5,2920.0,2931.0,2958.0,2897.8,51603,152200402.4,8274
2026-04-01,INE0V9N01017,PRIZOR,ST,425.25,425.25,420.0,424.55,425.25,405.0,39200,16661680.0,64
2026-04-01,INE199A01012,PGHL,EQ,4829.0,4872.8,4799.9,4809.4,4801.5,4798.8,10115,48837626.5,2217
2026-04-01,INE994V01012,PROLIFE,SM,57.0,57.0,57.0,57.0,57.0,60.0,1000,57000.0,2
2026-04-01,INE0BX301013,PROSTARM,EQ,123.0,126.18,120.24,124.38,125.3,115.41,423468,52597817.18,4291
2026-04-01,INE004A01022,PROTEAN,EQ,460.45,495.0,458.8,490.95,493.95,446.4,542976,263193162.95,16682
2026-04-01,INE0ONE01016,PROV,SM,1196.0,1196.0,1160.0,1160.0,1160.0,1186.0,160,188480.0,2
2026-04-01,INE195N01013,PROZONER,EQ,43.0,45.5,43.0,45.1,45.49,41.04,208010,9285061.46,927
2026-04-01,INE00F201020,PRUDENT,EQ,2225.0,2276.9,2225.0,2262.7,2269.0,2175.0,23415,52736280.0,5925
2026-04-01,INE024D01016,PRUDMOULI,EQ,11.5,11.82,11.28,11.82,11.82,11.26,9766,114486.77,42
2026-04-01,INE488V01015,PSPPROJECT,EQ,584.1,638.9,584.1,621.9,630.0,575.5,116587,73037852.3,5165
2026-04-01,INE560K01014,PFS,EQ,25.99,26.8,24.76,26.58,26.69,24.01,1144016,29830727.62,3445
2026-04-01,INE877F01012,PTC,EQ,162.27,167.7,160.84,167.32,166.9,157.55,1586686,263120509.79,13999
2026-04-01,INE596F01018,PTCIL,EQ,15500.0,15500.0,14843.0,15030.0,14990.0,14985.0,23193,348768996.0,9497
2026-04-01,INE034D01049,PTL,EQ,36.45,37.77,36.45,37.55,37.68,36.23,22823,849431.48,472
2026-04-01,INE865T01018,PDMJEPAPER,EQ,68.5,71.66,67.94,70.88,70.98,65.2,133325,9379712.88,1861
2026-04-01,INE335X01014,PULZ,SM,23.3,23.35,23.3,23.35,23.35,22.25,4000,93300.0,2
2026-04-01,INE608A01012,PSB,EQ,21.25,22.2,21.2,22.03,22.09,20.66,2768489,60189135.93,8540
2026-04-01,INE277B01014,PUNJABCHEM,EQ,910.5,946.4,910.5,928.35,923.05,892.7,6070,5670721.45,679
2026-04-01,INE160A01022,PNB,EQ,104.55,105.75,103.23,104.0,104.45,100.56,19568656,2041314368.18,56375
2026-04-01,INE323I01011,PURVA,EQ,167.25,177.97,166.7,175.77,175.0,163.06,179785,31400239.01,5298
2026-04-01,INE0P5R01014,PURPLEUTED,SM,256.3,256.85,255.0,256.7,255.0,244.65,19750,5064325.0,47
2026-04-01,INE0R6C01012,PURVFLEXI,SM,37.4,40.0,37.4,40.0,40.0,38.15,10400,400920.0,12
2026-04-01,INE154801018,PUSHPA,SM,110.0,122.0,110.0,119.5,118.05,103.0,59000,6871200.0,54
2026-04-01,INE362A01016,PVP,EQ,23.25,24.94,23.25,24.72,24.88,23.49,176887,4332002.93,354
2026-04-01,INE191H01014,PVRINOX,EQ,952.0,960.0,934.9,945.05,941.55,918.6,316227,299041967.95,28783
2026-04-01,INE0MIS01010,PYRAMID,EQ,135.09,144.26,135.09,143.2,141.1,134.46,21470,3027162.52,424
2026-04-01,INE0GOJ01027,QUADPRO,SM,1.9,1.9,1.9,1.9,1.9,1.85,12000,22800.0,1
2026-04-01,INE0LRY01011,QUADFUTURE,EQ,280.0,288.5,278.95,286.1,287.0,268.15,206638,58912323.7,5517
2026-04-01,INE0SII01026,QPOWER,EQ,834.0,877.65,829.0,866.8,864.8,805.5,1096268,942040123.5,38231
2026-04-01,INF082J01408,QGOLDHALF,EQ,122.83,126.83,122.83,123.75,123.7,121.81,122679,15222589.69,1274
2026-04-01,INF082J01499,QNIFTY,EQ,250.41,251.19,248.0,248.17,248.4,245.04,9782,2436629.97,234
2026-04-01,INE615P01015,QUESS,EQ,172.7,178.0,172.7,176.3,178.0,169.72,97831,17206137.63,3224
2026-04-01,INE0TNW01017,QUESTLAB,ST,108.0,108.0,102.3,102.35,102.35,104.4,18000,1861260.0,12
2026-04-01,INE306L01010,QUICKHEAL,EQ,129.99,145.45,128.07,143.61,143.9,125.53,529790,74470750.5,7042
2026-04-01,INE0K4D01020,QUICKTOUCH,SM,25.05,27.4,25.0,27.3,27.4,26.2,12000,312000.0,17
2026-04-01,INE0KZF01015,QVCEL,SM,22.8,22.8,22.8,22.8,22.8,21.8,1600,36480.0,1
2026-04-01,INE0NQ801033,RKSWAMY,EQ,72.0,75.0,72.0,74.68,75.0,69.02,23661,1756775.89,620
2026-04-01,INE219Y01026,RMDRIP,EQ,40.49,41.16,39.98,41.16,41.16,39.2,609914,25060180.2,1805
2026-04-01,INE777K01022,RRKABEL,EQ,1340.0,1348.9,1312.8,1333.3,1325.0,1293.4,86164,114694330.6,8586
2026-04-01,INE411H01032,RSYSTEMS,EQ,240.0,262.4,239.44,255.24,254.0,233.75,548662,139883330.89,14076
2026-04-01,INE012Q01021,RNBDENIMS,BE,61.3,61.3,61.3,61.3,61.3,64.52,125254,7678070.2,1325
2026-04-01,INE165B01029,RSSOFTWARE,EQ,23.02,23.02,22.01,23.02,23.02,21.93,14175,325924.6,131
2026-04-01,INE324L01013,RPPINFRA,EQ,57.1,63.38,57.1,62.52,63.2,55.71,117411,7214477.82,1335
2026-04-01,INE2PB023011,RIIT,IV,110.48,110.5,108.71,108.96,108.72,110.07,418168,45881428.28,9332
2026-04-01,INE084Q01012,RACE,EQ,92.99,103.26,90.01,103.26,103.26,86.05,103194,10457767.55,1061
2026-04-01,INE02OY01016,RILINFRA,SM,34.5,36.5,34.45,36.1,36.3,34.25,2800,99025.0,21
2026-04-01,INE704B01017,RACLGEAR,EQ,1255.0,1280.8,1188.5,1225.8,1216.0,1205.5,28959,35752202.2,2387
2026-04-01,INE874F01027,RADAAN,EQ,2.84,2.97,2.61,2.8,2.84,2.5,29118,80542.91,106
2026-04-01,INE583V01021,RADHIKAJWE,EQ,56.64,57.5,52.0,56.53,57.5,50.54,622556,34799070.22,5020
2026-04-01,INE855R01021,RADIANTCMS,EQ,33.22,38.25,33.22,37.91,37.66,32.76,359655,13170172.49,2497
2026-04-01,INE944F01028,RADICO,EQ,2679.9,2705.0,2619.5,2684.0,2690.0,2629.3,342760,912563501.6,48153
2026-04-01,INE430U01019,RADIOWALLA,SM,23.65,23.65,23.5,23.65,23.65,22.55,41600,981440.0,20
2026-04-01,INE912T01018,RPEL,EQ,581.05,635.0,581.05,625.65,621.3,566.4,52802,32663001.15,1986
2026-04-01,INE415G01027,RVNL,EQ,259.9,265.25,257.0,262.61,264.95,249.65,6682134,1752480777.66,61682
2026-04-01,INE0DD101019,RAILTEL,EQ,258.53,265.7,253.18,263.78,265.0,246.1,1844720,484914594.41,32211
2026-04-01,INE855B01025,RAIN,EQ,110.5,116.44,109.27,114.88,115.0,106.49,3702608,422710352.54,23798
2026-04-01,INE961O01016,RAINBOW,EQ,1183.9,1183.9,1165.2,1175.2,1175.0,1163.1,193022,226896800.9,22400
2026-04-01,INE294G01026,ROML,EQ,37.5,40.5,37.49,39.91,40.0,36.32,10206,405567.18,105
2026-04-01,INE533D01032,RAJRILTD,BE,20.32,20.33,19.75,20.33,20.33,19.94,6190,125584.23,88
2026-04-01,INE952H01027,RAJTV,EQ,35.3,36.05,33.34,34.74,34.0,32.5,6750,237924.48,62
2026-04-01,INE610C01014,ARENTERP,EQ,31.27,34.7,31.27,33.66,33.72,31.27,1113,36228.58,20
2026-04-01,INE343B01030,RAJESHEXPO,BZ,80.41,84.39,80.41,83.26,83.78,80.38,361005,30217314.7,4482
2026-04-01,INE0BZQ01011,RCDL,SM,20.1,20.1,19.1,19.1,19.1,18.5,21000,414150.0,7
2026-04-01,INE00KV01022,RAJMET,EQ,3.13,3.2,3.09,3.15,3.15,2.9,317838,997353.16,1119
2026-04-01,INE535F01024,RAJOOENG,EQ,48.0,52.7,48.0,52.13,52.7,46.68,1115754,57508252.34,5478
2026-04-01,INE0VHU01019,RAJPUTANA,SM,220.0,220.0,205.0,205.65,205.35,214.45,7500,1597900.0,15
2026-04-01,INE0PCU01012,RAJINDLTD,SM,65.4,65.4,64.8,64.85,64.8,64.65,22500,1466925.0,10
2026-04-01,INE313L01016,RSL,EQ,103.0,111.19,103.0,108.09,106.83,102.4,1048510,112554936.65,5189
2026-04-01,INE451D01029,RAJRATAN,EQ,343.0,370.65,340.0,362.55,366.55,329.85,101141,36340159.75,4145
2026-04-01,INE760W01023,RPPL,EQ,15.6,16.48,15.5,15.85,16.38,15.58,25894,413708.46,431
2026-04-01,INE562B01019,RAJSREESUG,EQ,28.22,29.0,27.56,28.06,29.0,28.29,210003,5960852.78,1098
2026-04-01,INE613A01020,RALLIS,EQ,223.0,236.0,223.0,233.45,232.2,218.25,281865,65166619.75,8237
2026-04-01,INE207E01023,RAMRAT,EQ,292.6,305.0,292.6,302.4,303.5,289.1,46140,13956151.75,1400
2026-04-01,INE809A01032,RAMAPHO,EQ,111.05,113.73,109.83,112.39,112.9,104.24,62392,6991542.72,1178
2026-04-01,INE230R01035,RAMASTEEL,EQ,3.75,3.99,3.75,3.99,3.99,3.63,26086165,103636832.12,11385
2026-04-01,INE614A01028,RAMCOIND,EQ,235.0,255.99,235.0,246.83,248.4,233.8,56206,13944146.61,1922
2026-04-01,INE246B01019,RAMCOSYS,EQ,350.5,369.0,350.0,363.25,365.0,344.05,67082,24377224.4,2475
2026-04-01,INE0RJH01010,RBS,SM,63.0,70.9,63.0,69.5,69.5,60.9,16000,1097600.0,20
2026-04-01,INE399G01023,RKFORGE,EQ,485.0,507.25,485.0,501.95,500.2,466.6,368764,183175147.7,18191
2026-04-01,INE874I01013,RAMKY,EQ,449.95,462.0,435.9,456.35,452.55,425.1,90541,41029275.8,3548
2026-04-01,INE625B01014,RANASUG,EQ,12.38,12.45,12.06,12.28,12.3,11.8,422390,5190361.77,1384
2026-04-01,INE050H01012,RML,EQ,648.4,675.0,647.4,665.9,663.05,620.0,8441,5619351.8,793
2026-04-01,INE384A01010,RANEHOLDIN,EQ,992.8,1060.0,992.8,1044.5,1060.0,992.0,5446,5673649.65,770
2026-04-01,INE0MVO01012,RAPPID,SM,251.8,259.8,248.0,256.9,256.9,240.0,12000,3026670.0,19
2026-04-01,INE0J1F01024,RPTECH,EQ,350.0,363.05,346.2,354.95,358.45,337.9,71801,25586691.8,2020
2026-04-01,INE027A01015,RCF,EQ,111.0,116.8,109.71,115.79,115.35,106.67,2625790,300538108.21,23956
2026-04-01,INE0CLI01024,RATEGAIN,EQ,459.9,484.4,451.35,479.65,481.5,438.15,396157,188947455.25,22868
2026-04-01,INE703B01027,RATNAMANI,EQ,2245.5,2307.0,2228.0,2256.2,2241.2,2201.8,21367,48031454.7,6138
2026-04-01,INE05CZ01011,RATNAVEER,EQ,137.0,147.15,136.44,138.11,138.1,131.3,1900053,270498529.7,18145
2026-04-01,INE834M01019,RTNINDIA,EQ,27.0,28.87,26.62,28.61,28.52,25.66,6489736,182978445.76,22394
2026-04-01,INE399K01017,RTNPOWER,EQ,7.93,8.34,7.76,8.3,8.3,7.56,27845403,227519424.16,21481
2026-04-01,INE722J01012,RKDL,EQ,18.2,19.89,18.05,19.3,19.31,18.2,16070,311870.76,152
2026-04-01,INE09E501017,RVHL,EQ,32.74,35.0,31.56,34.28,34.45,29.38,30991,1045424.11,329
2026-04-01,INE206N01018,RELTD,EQ,120.6,130.59,120.6,128.82,130.2,119.75,86736,11013008.02,1332
2026-04-01,INE02ID01020,RAYMONDLSL,EQ,770.0,804.0,770.0,786.45,781.0,755.65,166436,130729492.25,8770
2026-04-01,INE301A01014,RAYMOND,EQ,326.1,354.95,326.1,350.8,351.0,321.85,648889,225002824.85,13271
2026-04-01,INE1SY401010,RAYMONDREL,EQ,392.55,406.5,385.0,399.25,402.0,377.7,275445,110081551.4,8906
2026-04-01,INE976G01028,RBLBANK,EQ,295.0,304.25,295.0,301.65,301.2,289.75,6314298,1900081952.35,41875
2026-04-01,INE0NA301016,RBMINFRA,SM,285.0,312.0,285.0,298.9,300.0,277.4,25600,7631710.0,105
2026-04-01,INE0PEQ01016,RBZJEWEL,EQ,109.98,122.48,105.8,116.0,115.2,102.07,179064,20888765.31,2757
2026-04-01,INE10QL01011,READYMIX,SM,80.05,92.2,80.05,92.1,92.1,83.0,38000,3127050.0,7
2026-04-01,INE020B01018,RECLTD,EQ,319.8,323.7,312.35,322.1,323.0,305.1,9592156,3071162017.55,68173
2026-04-01,INE891D01026,REDINGTON,EQ,204.5,205.86,200.05,202.45,202.03,199.95,7193893,1462185404.91,63662
2026-04-01,INE0LXT01019,REDTAPE,EQ,112.35,116.81,112.13,114.87,114.0,109.93,320692,36799225.95,6000
2026-04-01,INE056I01025,REFEX,EQ,195.0,206.38,195.0,202.61,201.6,189.49,748276,152055394.35,9747
2026-04-01,INE0TNX01015,REFRACTORY,SM,30.05,30.05,30.05,30.05,30.05,28.65,3000,90150.0,3
2026-04-01,INE0MHO01029,REGAAL,EQ,63.9,64.28,62.66,64.28,64.28,61.22,186915,11930778.12,864
2026-04-01,INE277C01012,REGENCERAM,EQ,36.52,43.67,36.52,40.33,39.93,37.73,2769,112392.78,66
2026-04-01,INE131B01039,RELAXO,EQ,245.0,270.0,243.59,260.44,260.0,237.9,170963,43756461.34,7549
2026-04-01,INF204KC1030,GILT5YBEES,EQ,63.55,64.48,62.9,64.42,64.43,63.55,601052,38467492.93,1232
2026-04-01,INF204KC1022,SDL26BEES,EQ,137.21,137.21,136.5,136.65,137.15,137.21,9642,1318048.55,51
2026-04-01,INE375Y01018,RELIABLE,EQ,111.14,120.5,111.14,119.96,120.5,111.14,61613,7225799.39,606
2026-04-01,INE750D01016,RELCHEMQ,EQ,111.51,115.89,109.71,110.01,110.01,108.82,1366,152605.71,58
2026-04-01,INE330H01018,RCOM,BE,0.76,0.79,0.76,0.79,0.79,0.76,2855361,2239248.63,1670
2026-04-01,INE046A01015,RIIL,EQ,660.0,695.95,644.15,666.75,664.0,624.4,133896,89103539.85,6159
2026-04-01,INE002A01018,RELIANCE,EQ,1384.2,1384.4,1362.9,1369.2,1369.5,1343.9,14404619,19763387955.3,241179
2026-04-01,INE036A01016,RELINFRA,BE,65.0,70.31,65.0,69.82,70.31,66.97,2204329,149443143.34,10177
2026-04-01,INE614G01033,RPOWER,EQ,21.65,22.67,21.08,22.35,22.46,20.36,78570171,1724190857.13,67549
2026-04-01,INE621H01010,RELIGARE,EQ,208.5,221.0,206.5,219.53,219.0,202.15,772363,167041314.54,11381
2026-04-01,INE474C01023,REMSONSIND,EQ,81.95,89.63,81.92,88.95,88.8,78.44,128377,11108148.96,1745
2026-04-01,INE0O5T01011,REMUS,SM,628.0,646.95,625.0,625.0,625.0,627.9,1100,695600.0,11
2026-04-01,INE722H01024,RGL,EQ,99.0,104.21,98.6,101.82,100.65,97.28,1493391,152072013.95,11257
2026-04-01,INE0VZX01015,RNPL,SM,133.0,135.8,133.0,134.7,135.8,133.0,48000,6462000.0,29
2026-04-01,INE612J01015,REPCOHOME,EQ,368.65,375.7,356.0,363.75,362.7,348.95,125501,46130292.5,2803
2026-04-01,INE461B01014,REPRO,EQ,320.05,358.5,320.05,347.2,356.5,311.25,19046,6588148.25,824
2026-04-01,INE688D01026,RESPONIND,EQ,130.0,140.5,128.0,129.59,129.19,127.01,390340,52426587.88,3999
2026-04-01,INE07T201019,RBA,EQ,59.3,59.49,58.39,59.1,59.0,57.26,890171,52505138.41,4541
2026-04-01,INE0DAB01012,RVTH,EQ,553.95,553.95,522.9,550.25,551.75,531.1,1431,782511.95,125
2026-04-01,INE00D001018,REXPIPES,SM,195.0,195.0,195.0,195.0,195.0,195.0,1000,195000.0,1
2026-04-01,INE113601012,REXPRO,SM,41.0,41.8,41.0,41.75,41.8,39.9,4000,165500.0,4
2026-04-01,INE0KKN01029,RHETAN,EQ,24.85,24.85,24.51,24.6,24.51,24.23,442815,10940239.31,975
2026-04-01,INE743M01012,RHIM,EQ,345.0,369.0,345.0,364.15,363.0,337.85,293928,105814824.5,18770
2026-04-01,INE0J1P01015,RICHA,SM,56.95,61.85,56.9,61.85,61.85,59.25,6000,353400.0,6
2026-04-01,INE209B01025,RICOAUTO,EQ,104.0,109.49,103.87,108.49,108.4,100.49,2101672,225655174.07,14128
2026-04-01,INE0N2P01017,RISHABH,EQ,363.75,380.95,363.75,377.05,380.0,349.1,47004,17532836.7,2658
2026-04-01,INE01EG01016,RITCO,EQ,181.0,189.25,181.0,184.17,184.92,178.61,75267,13950838.93,1427
2026-04-01,INE320J01015,RITES,EQ,183.0,190.1,180.05,189.41,189.99,175.63,874547,163882047.0,20958
2026-04-01,INE786W01010,RKEC,EQ,26.42,30.97,26.42,29.49,29.32,26.0,121521,3651436.61,1122
2026-04-01,INE655V01019,RMC,BE,370.4,370.9,370.4,370.9,370.9,353.25,3000,1112637.5,36
2026-04-01,INE0SA001017,RNFI,SM,231.0,253.65,230.6,253.0,253.0,219.4,16800,4104030.0,27
2026-04-01,INE508K01013,RHL,EQ,170.01,173.0,164.0,172.05,171.0,163.21,8333,1416406.46,81
2026-04-01,INE0PTR01012,ROCKINGDCE,ST,123.95,136.95,123.95,130.4,136.95,130.45,8250,1048750.0,28
2026-04-01,INE645S01024,ROLEXRINGS,EQ,115.25,118.35,114.9,116.67,117.6,111.0,299335,34979823.27,5911
2026-04-01,INE927A01040,ROLLT,BE,1.09,1.14,1.09,1.14,1.14,1.09,79361,88920.82,69
2026-04-01,INE02A801020,ROSSARI,EQ,398.6,406.05,386.5,404.3,405.0,378.6,53279,21454826.15,5637
2026-04-01,INE847C01020,ROSSELLIND,EQ,42.59,45.0,42.32,44.12,44.46,42.59,17836,789124.61,264
2026-04-01,INE0OJW01016,ROSSTECH,EQ,695.0,715.0,688.65,708.6,710.0,667.7,63367,44717030.35,2400
2026-04-01,INE535D01037,ROTO,EQ,48.35,52.45,48.35,50.21,50.75,48.07,840866,42677787.92,6844
2026-04-01,INE450U01017,ROUTE,EQ,430.55,452.95,428.05,451.3,452.4,415.6,348165,155554206.25,10906
2026-04-01,INE0PDJ01013,ROXHITECH,SM,26.5,26.7,25.4,26.7,26.7,24.75,14400,378080.0,9
2026-04-01,INE0EO401019,ROYALARC,SM,167.0,167.0,167.0,167.0,167.0,168.75,1200,200400.0,1
2026-04-01,INE283H01019,ROHLTD,EQ,283.45,311.35,276.65,306.45,301.2,271.3,168451,50775911.9,4522
2026-04-01,INE105J01010,RPGLIFE,EQ,1941.1,1941.1,1855.0,1877.6,1900.0,1857.7,4494,8510918.6,1494
2026-04-01,INE425Y01011,RPSGVENT,EQ,820.05,960.0,807.4,946.85,939.8,800.2,12985540,11861030284.5,240132
2026-04-01,INE611A01016,RSWM,EQ,124.95,128.6,124.95,128.19,128.0,120.73,20803,2648658.42,580
2026-04-01,INE642C01025,RUBFILA,EQ,60.0,65.55,60.0,61.98,63.19,60.19,52960,3314217.27,379
2026-04-01,INE506V01022,RUBICON,EQ,775.55,797.0,773.0,782.1,779.0,772.8,437816,343920836.5,15176
2026-04-01,INE413B01023,RUCHINFRA,EQ,4.5,4.95,4.5,4.95,4.95,4.13,58040,280248.89,207
2026-04-01,INE803H01014,RUCHIRA,EQ,97.5,101.69,97.5,100.28,100.95,96.0,25413,2546232.67,464
2026-04-01,INE027T01023,RUDRA,EQ,14.8,15.88,14.8,15.73,15.77,14.8,53928,834358.12,432
2026-04-01,INE364Z01019,REPL,EQ,64.9,72.9,64.89,69.3,69.55,61.32,26191,1818915.28,369
2026-04-01,INE0R7301013,RULKA,SM,80.0,87.0,80.0,81.1,81.1,75.0,2100,174675.0,7
2026-04-01,INE895B01021,RUPA,EQ,113.32,120.89,113.32,119.6,120.25,110.68,177198,20928237.97,2258
2026-04-01,INE573K01025,RUSHIL,EQ,13.02,15.0,13.02,14.72,14.45,12.83,635555,9092746.45,1669
2026-04-01,INE0BSN01013,SATECH,SM,36.75,37.4,36.75,37.0,37.0,34.0,9000,333850.0,9
2026-04-01,INE807K01035,SCHAND,EQ,137.0,141.99,137.0,139.98,139.31,131.37,25121,3510000.58,418
2026-04-01,INE0X6F01017,SDREAMS,SM,74.8,78.0,74.8,76.2,77.0,68.9,4000,304800.0,4
2026-04-01,INE500L01026,SHK,EQ,118.0,124.29,115.05,123.3,123.5,112.34,365559,44347414.73,4439
2026-04-01,INE0F3301020,SJLOGISTIC,SM,242.9,276.45,241.0,269.85,271.0,230.4,51000,13539012.5,151
2026-04-01,INE902B01017,S&SPOWER,BE,318.3,318.3,318.3,318.3,318.3,324.75,1882,599040.6,24
2026-04-01,INE212I01016,SPAL,EQ,730.0,733.3,714.1,725.0,732.0,696.65,27724,20101670.25,1000
2026-04-01,INE658G01014,SALSTEEL,EQ,37.7,39.58,35.89,38.13,38.5,36.8,261825,9881220.22,1079
2026-04-01,INE0PSK01027,SAAKSHI,SM,185.75,195.0,185.75,195.0,195.0,176.0,12600,2391210.0,8
2026-04-01,INE13B501022,SAATVIKGL,EQ,388.45,402.0,381.0,399.55,397.35,377.1,124080,48888924.55,3650
2026-04-01,INE860T01019,SABEVENTS,BE,8.12,8.12,8.12,8.12,8.12,8.54,13638,110740.56,56
2026-04-01,INE0DZ101013,SABAR,ST,5.2,5.2,5.2,5.2,5.2,5.45,5000,26000.0,1
2026-04-01,INE1ARD01016,SACHEEROME,SM,276.0,290.4,275.0,290.4,290.4,264.0,40800,11745690.0,57
2026-04-01,INE226H01026,SADBHAV,BE,7.64,7.66,7.1,7.66,7.66,7.3,114072,865303.24,154
2026-04-01,INE764L01010,SADBHIN,EQ,2.16,2.21,2.11,2.14,2.15,2.15,245780,532404.43,418
2026-04-01,INE888C01040,SADHNANIQ,EQ,1.41,1.43,1.4,1.43,1.43,1.37,2454187,3501683.16,327
2026-04-01,INE0K5H01010,SADHAV,SM,98.4,103.0,98.1,102.55,103.0,98.4,6600,669450.0,11
2026-04-01,INE429E01023,SAFARI,EQ,1459.0,1554.9,1456.1,1523.1,1500.1,1431.0,58432,89053688.1,14969
2026-04-01,INE17D601016,SAFEENTP,SM,207.0,215.0,207.0,212.5,213.55,201.35,16500,3487600.0,28
2026-04-01,INE229C01021,SAGCEM,EQ,160.04,168.43,158.0,164.63,165.0,153.16,135494,22200482.9,2212
2026-04-01,INE976T01013,SAGARDEEP,EQ,21.22,23.44,21.22,22.89,22.9,22.02,2618,59297.29,56
2026-04-01,INE0W2G01015,SAGILITY,EQ,41.65,42.22,41.17,41.71,41.72,39.95,21160425,882717297.59,49619
2026-04-01,INE0P4701011,SAHAJSOLAR,SM,99.9,106.0,96.7,104.35,104.8,92.25,28000,2847380.0,58
2026-04-01,INE0LEX01011,SAHANA,SM,820.0,845.95,802.5,837.95,829.0,769.4,7000,5826375.0,48
2026-04-01,INE0RBQ01018,SAHASRA,SM,206.9,226.0,205.0,217.85,216.3,194.1,32000,6897560.0,71
2026-04-01,INE280H01015,SAHYADRI,EQ,212.0,217.0,205.1,209.34,214.0,203.55,6705,1411542.73,223
2026-04-01,INE570L01029,SAILIFE,EQ,1000.0,1015.2,959.45,976.85,975.9,972.0,656334,641969458.5,30561
2026-04-01,INE438K01021,KALAMANDIR,EQ,96.11,102.5,93.01,101.34,102.48,90.28,955897,94267009.45,7802
2026-04-01,INE00MT01022,SAJHOTELS,SM,37.95,41.8,37.95,39.45,39.45,37.95,6000,238400.0,3
2026-04-01,INE732S01012,SAKAR,EQ,528.5,534.6,510.25,515.65,515.9,498.45,48291,25378545.15,2106
2026-04-01,INE667G01023,SAKSOFT,EQ,115.85,125.0,114.74,122.94,124.0,109.69,393492,47555345.78,6008
2026-04-01,INE623A01011,SAKHTISUG,EQ,14.52,14.71,14.46,14.51,14.57,14.19,113062,1648406.32,479
2026-04-01,INE190H01024,SAKUMA,EQ,1.15,1.33,1.15,1.33,1.33,1.11,2843578,3679044.78,1427
2026-04-01,INE170V01027,SALASAR,EQ,5.88,6.3,5.85,6.24,6.28,5.64,8548562,52290966.23,5693
2026-04-01,INE498E01010,SALONA,EQ,268.3,275.0,260.0,264.15,267.85,268.3,2142,568233.8,124
2026-04-01,INE457F01013,SALZERELEC,EQ,516.0,535.5,501.15,526.4,525.1,491.1,71335,37695426.7,3005
2026-04-01,INE699B01027,SAMBHAAV,EQ,5.46,5.47,5.46,5.47,5.47,5.21,26659,145819.73,26
2026-04-01,INE12NJ01018,SAMBHV,EQ,92.5,102.0,92.5,100.86,100.3,90.45,2286129,226887925.36,13600
2026-04-01,INE0PZA01015,SAIFL,SM,8.5,8.85,8.25,8.85,8.85,8.25,56000,479400.0,12
2026-04-01,INE08U801020,SAMHI,EQ,134.59,136.29,131.01,134.17,134.01,128.15,1197579,161036772.21,16616
2026-04-01,INE148I01020,SAMMAANCAP,EQ,155.0,156.67,146.0,146.66,146.51,149.52,34313323,5187999284.04,92203
2026-04-01,INE735M01018,SAMPANN,EQ,25.83,26.7,24.86,26.49,26.7,24.33,20127,522226.49,206
2026-04-01,INE775A01035,MOTHERSON,EQ,107.99,110.52,107.25,107.62,107.46,105.08,28221929,3063233742.88,78319
2026-04-01,INE0JPD01013,SANATHAN,EQ,367.65,398.9,367.6,392.85,394.95,367.65,48801,18721324.0,1109
2026-04-01,INE782L01012,SANCO,BZ,2.16,2.29,2.09,2.27,2.28,2.19,6999,14884.68,25
2026-04-01,INE583B01015,SANDESH,EQ,845.0,887.0,842.05,869.0,865.0,821.8,464,406098.85,60
2026-04-01,INE278H01035,SANDHAR,EQ,442.0,467.75,442.0,460.4,462.0,437.0,62887,28765169.95,2932
2026-04-01,INE149K01016,SANDUMA,EQ,177.25,183.63,175.75,181.74,182.65,171.88,1346909,243927820.09,21045
2026-04-01,INE495C01010,SANGAMIND,EQ,422.8,437.8,422.8,427.5,429.9,414.7,5211,2246745.75,388
2026-04-01,INE0OVI01010,SANGANI,SM,39.0,40.5,37.0,40.5,40.5,38.9,15000,585000.0,7
2026-04-01,INE999B01013,SANGHIIND,EQ,48.37,50.89,48.37,50.17,49.35,48.04,367111,18432041.53,1295
2026-04-01,INE989A01032,SANGHVIMOV,EQ,239.9,272.0,239.9,267.4,269.9,233.25,730412,191185160.09,14983
2026-04-01,INE753W01010,SANGINITA,BE,19.13,19.13,19.13,19.13,19.13,18.76,221186,4231288.18,109
2026-04-01,INE0UOS01011,SANOFICONR,EQ,4350.0,4572.0,4302.2,4535.7,4500.0,4298.2,21543,95981582.6,5341
2026-04-01,INE058A01010,SANOFI,EQ,3210.2,3313.9,3200.1,3262.4,3245.0,3209.7,35296,115050549.4,8572
2026-04-01,INE953O01021,SANSERA,EQ,2170.0,2182.0,2113.0,2142.4,2120.0,2074.5,187681,403283215.8,26269
2026-04-01,INE08NE01025,SANSTAR,EQ,77.0,79.54,74.62,76.16,76.59,75.78,326427,25128127.92,2750
2026-04-01,INE806T01020,SAPPHIRE,EQ,156.4,156.4,150.27,155.34,154.5,150.42,1266313,193525696.39,11751
2026-04-01,INE0PUC01020,SARTELE,SM,151.0,161.85,151.0,159.4,159.6,145.55,53500,8422575.0,89
2026-04-01,INE0PQ101010,SSDL,EQ,47.79,56.0,47.79,54.83,56.0,47.16,64051,3404764.94,1346
2026-04-01,INE385C01021,SARDAEN,EQ,515.0,533.05,510.2,525.5,525.45,510.65,553849,291522154.15,23800
2026-04-01,INE979A01025,SAREGAMA,EQ,332.0,338.0,322.05,327.6,326.0,319.3,395009,130354035.3,18723
2026-04-01,INE453D01025,SARLAPOLY,EQ,70.2,76.44,70.2,75.51,76.0,69.68,77431,5776861.85,1064
2026-04-01,INE0PCL01011,SAROJA,SM,29.4,29.4,29.4,29.4,29.4,28.0,6400,188160.0,4
2026-04-01,INE017W01010,SMLT,EQ,58.11,67.01,58.11,62.41,62.9,57.41,8500,528321.62,194
2026-04-01,INE324X01026,SARVESHWAR,EQ,2.55,3.01,2.55,3.01,3.01,2.51,8222212,23678485.89,3786
2026-04-01,INE231F01020,SASKEN,EQ,1150.0,1164.0,1130.5,1145.0,1142.0,1109.4,14136,16281167.4,1052
2026-04-01,INE019J01013,SASTASUNDR,EQ,265.05,276.95,265.05,270.0,272.0,256.95,13393,3625368.55,621
2026-04-01,INE0NB801022,SATKARTAR,SM,162.5,165.0,158.0,158.0,158.0,150.25,5600,903000.0,7
2026-04-01,INE0RFP01011,SSEGL,SM,303.4,314.85,298.0,309.5,308.5,286.95,41200,12684270.0,151
2026-04-01,INE0RPM01017,SATIPOLY,SM,28.0,29.55,27.15,29.25,29.0,28.2,23500,662125.0,23
2026-04-01,INE170E01023,SATIA,EQ,54.7,56.19,52.25,55.71,56.1,51.16,125811,6909817.32,1521
2026-04-01,INE836B01017,SATIN,EQ,140.2,148.0,140.2,146.38,146.01,139.87,70909,10337500.85,1008
2026-04-01,INE14DW01018,SATTVAENGG,SM,49.05,51.0,49.05,51.0,51.0,48.65,9600,481760.0,6
2026-04-01,INE626A01014,SAURASHCEM,EQ,52.58,55.78,50.54,54.98,55.18,48.22,107064,5763807.55,1161
2026-04-01,INE035D01020,SOTL,EQ,306.6,315.0,295.0,312.55,312.9,288.1,24746,7624559.25,1130
2026-04-01,INE0UCN01017,SAVY,SM,125.85,133.0,125.85,130.0,127.7,123.75,45600,5866980.0,29
2026-04-01,INE10VS01016,SAWALIYA,SM,307.0,311.9,305.0,305.9,305.0,304.55,70200,21527730.0,44
2026-04-01,INE04AK01028,SBC,EQ,30.9,31.3,29.5,30.24,30.0,30.21,10126481,312024220.58,4757
2026-04-01,INE423Y01016,SBFC,EQ,85.0,85.0,82.57,83.97,83.53,80.95,1285846,108073924.55,15093
2026-04-01,INE018E01016,SBICARD,EQ,647.55,655.6,632.0,637.15,640.0,635.45,1163516,747009196.9,29043
2026-04-01,INE123W01016,SBILIFE,EQ,1828.4,1845.6,1762.5,1790.5,1793.0,1777.3,1132054,2021823617.3,58532
2026-04-01,INF200KA16D8,SETFGOLD,EQ,128.0,129.0,127.02,127.33,127.2,125.09,7385242,941718383.43,24752
2026-04-01,INF200KA1FS1,SETFNIF50,EQ,245.09,246.14,242.31,242.96,243.45,239.35,1465808,358090457.26,11863
2026-04-01,INF200KA1580,SETFNIFBK,EQ,529.74,535.0,523.42,528.89,535.0,515.85,93048,49148248.05,1662
2026-04-01,INF200KA1598,SETFNN50,EQ,658.0,672.98,650.89,655.54,652.06,642.67,98750,65482614.12,2453
2026-04-01,INF200KA13Z8,LIQUIDSBI,EQ,1000.01,1000.01,999.99,999.99,1000.01,1000.0,22578,22577951.73,55
2026-04-01,INF200KB1712,SBIBPB,EQ,45.42,48.0,45.42,47.29,46.5,45.41,1025808,48830839.62,1234
2026-04-01,INF200KA1X17,SBIETFCON,EQ,109.15,110.13,105.3,107.32,108.5,106.49,6518,707673.62,153
2026-04-01,INF200KA1S14,SBIETFIT,EQ,323.01,333.19,323.01,327.5,327.85,320.08,7385,2432830.56,323
2026-04-01,INF200KA1S22,SBIETFPB,EQ,246.79,260.0,245.61,255.6,260.0,245.57,9959,2506374.18,166
2026-04-01,INF200KA1WX6,SBIETFQLTY,EQ,203.21,228.0,199.8,203.03,212.0,196.22,5202,1058086.68,112
2026-04-01,INF200KB1969,SBILIQETF,EQ,1032.93,1032.95,1032.93,1032.95,1032.95,1032.94,86283,89125855.8,84
2026-04-01,INF200KB1AJ0,SBIMIDMOM,EQ,56.8,58.0,55.66,55.78,55.8,55.07,19588,1100043.66,94
2026-04-01,INF200KB1282,SBINEQWETF,EQ,30.9,35.25,30.3,32.38,32.6,29.96,73121,2271765.69,366
2026-04-01,INF200KB1217,SBISILVER,EQ,225.8,232.91,225.8,229.91,230.19,221.51,2612071,602580382.82,17487
2026-04-01,INF200KA1JT1,SETF10GILT,EQ,258.59,258.59,253.51,253.95,253.66,255.3,10897,2784155.26,122
2026-04-01,INE513A01022,SCHAEFFLER,EQ,3890.0,3996.9,3852.4,3870.6,3862.6,3844.8,70468,274561120.1,16387
2026-04-01,INE839M01018,SCHNEIDER,BE,858.25,888.05,858.25,876.05,882.8,845.8,93610,82482438.95,4181
2026-04-01,INE148I07VZ2,1025SCL35A,N1,950.2,1008.0,926.44,999.0,999.0,1000.0,112,109290.16,4
2026-04-01,INE148I07XF0,955SCL35,NO,980.0,980.0,980.0,980.0,980.0,980.0,100,98000.0,3
2026-04-01,INE148I07VW9,965SCL26Y,N1,1000.0,1000.0,1000.0,1000.0,1000.0,1012.8,200,200000.0,1
2026-04-01,INE148I07XY1,995SCL2035,NM,970.0,1000.0,970.0,1000.0,1000.0,970.0,10,9850.0,2
2026-04-01,INE090501011,SCODATUBES,EQ,126.1,142.0,126.0,137.83,136.92,122.46,347804,47247883.4,3009
2026-04-01,IN1520230153,758GJ32,SG,99.5,99.5,99.5,99.5,99.5,98.0,200,19900.0,2
2026-04-01,IN1920230159,768KA37,SG,99.0,99.0,99.0,99.0,99.0,99.0,100,9900.0,1
2026-04-01,IN2020220108,763KL43,SG,99.85,99.85,99.85,99.85,99.85,99.85,100,9985.0,1
2026-04-01,INE027E07972,935LTF29,N5,1051.0,1051.0,1046.0,1050.0,1050.0,1046.0,909,951716.09,13
2026-04-01,INE497B01018,SEAMECLTD,EQ,1462.2,1487.0,1415.0,1442.7,1430.3,1408.8,91041,132441641.7,7289
2026-04-01,INE530B07187,IIFLZC26,NN,1411.9,1425.0,1410.5,1422.7,1422.7,1431.0,1710,2425029.8,14
2026-04-01,INE530B07369,IIFLZC28B,Y1,1201.3,1210.0,1201.3,1210.0,1210.0,1220.26,42,50637.3,3
2026-04-01,INE413U07293,10IIFLSF27,NB,1065.0,1065.0,1065.0,1065.0,1065.0,1059.45,281,299265.0,1
2026-04-01,INE413U07269,1003ISFL28,N4,1004.2,1004.2,1004.2,1004.2,1004.2,1001.0,122,122512.4,1
2026-04-01,INE413U07301,1003IIFL29,NC,1048.0,1048.0,1048.0,1048.0,1048.0,1020.0,1,1048.0,1
2026-04-01,INE583D07505,1015UCL26,N1,1007.85,1007.85,992.0,992.0,992.0,991.85,10,9967.55,4
2026-04-01,INE583D07521,1025UCL26A,N1,1001.0,1001.0,991.11,994.69,991.11,993.1,45,44796.03,7
2026-04-01,INE148I07TN2,1025SCL34A,ZT,1000.0,1005.0,1000.0,1005.0,1005.0,1003.0,86,86105.0,3
2026-04-01,INE148I07RZ0,835SCL23B,YM,1000.0,1000.0,997.0,997.0,997.0,980.0,471,469650.0,2
2026-04-01,INE148I07PV3,888SCL25E,N4,1130.0,1130.0,890.0,890.0,890.0,957.0,5,5180.0,3
2026-04-01,INE583D07513,1040UCL27B,N1,991.0,991.0,990.85,990.85,990.85,990.85,20,19818.5,4
2026-04-01,INE342T07437,1040NFL26,,1002.0,1002.0,1002.0,1002.0,1002.0,1002.0,20,20040.0,1
2026-04-01,INE583D07463,105UCL2026,NB,1007.0,1008.0,1007.0,1008.0,1008.0,980.0,20,20150.0,2
2026-04-01,INE413U07251,1050ISFL28,N5,1005.0,1005.0,1005.0,1005.0,1005.0,1012.0,1,1005.0,1
2026-04-01,INE342T07387,1050NFL26,N7,1003.0,1003.4,1003.0,1003.4,1003.4,998.0,101,101343.0,2
2026-04-01,INE342T07460,1065NFL27,NC,1002.0,1002.1,1002.0,1002.0,1002.0,998.0,1134,1136275.15,9
2026-04-01,INE342T07403,1102NFL26,N8,1063.65,1063.65,1063.65,1063.65,1063.65,1075.0,3,3190.95,1
2026-04-01,INE342T07445,1119NFL27,ND,1001.1,1005.0,1001.0,1005.0,1005.0,1021.0,35,35075.1,6
2026-04-01,INE219X07249,769IGT28,NH,1000.0,1002.0,1000.0,1002.0,1002.0,1000.0,50,50050.0,2
2026-04-01,INE219X07223,79IGT28,NF,1050.0,1060.0,1050.0,1060.0,1060.0,1060.0,20,21100.0,2
2026-04-01,INE0H7R07017,79NHIT35,N1,314.0,314.03,314.0,314.03,314.03,314.52,532,167055.76,3
2026-04-01,INE0H7R07025,79NHIT40,N2,318.9,318.9,317.03,317.03,317.03,316.0,742,236171.26,2
2026-04-01,INE477L07AN9,820IIFL27,N9,980.2,980.2,980.2,980.2,980.2,988.0,31,30386.2,2
2026-04-01,INE219X07264,82IGT31,NJ,1080.0,1080.0,1080.0,1080.0,1080.0,1080.0,200,216000.0,1
2026-04-01,INE530B07161,842IIFL26,NL,989.0,992.84,989.0,990.31,990.0,992.0,197,195009.88,9
2026-04-01,INE477L07AQ2,843IHFL29,NC,945.4,960.0,945.4,960.0,960.0,929.7,1000,952880.0,4
2026-04-01,INE530B07344,85IFL26,NX,1054.0,1054.0,1054.0,1054.0,1054.0,1050.0,1,1054.0,1
2026-04-01,INE121A07RM2,860CIFCL28,NG,1014.0,1014.0,1014.0,1014.0,1014.0,1014.0,1,1014.0,1
2026-04-01,INE530B07385,865IFL28,NZ,980.0,980.0,980.0,980.0,980.0,980.0,328,321440.0,4
2026-04-01,INE530B07310,865IIFL28,NS,996.0,996.0,977.0,979.43,977.0,980.5,321,314957.8,7
2026-04-01,INE338I07131,885MOFSL26,N0,1073.8,1076.5,1073.8,1076.5,1076.5,1072.0,65,69824.0,2
2026-04-01,INE148I07LE8,889SCFL27,YC,983.5,983.5,983.5,983.5,983.5,982.5,20,19670.0,2
2026-04-01,INE338I07164,897MOFSL29,N4,1018.0,1018.0,1010.0,1010.0,1010.0,1010.0,303,306329.0,15
2026-04-01,INE530B07377,9IIFL28,Y0,1036.0,1036.0,1035.0,1035.0,1035.0,1035.0,110,113863.0,3
2026-04-01,INE338I07149,91MOFSL27,N2,1079.0,1079.0,1079.0,1079.0,1079.0,1079.0,51,55029.0,1
2026-04-01,INE148I07TQ5,925SCL29A,ZM,975.0,975.0,975.0,975.0,975.0,975.0,11,10725.0,1
2026-04-01,INE148I07KN1,889SCL26,NS,1022.85,1022.85,1022.85,1022.85,1022.85,1030.0,10,10228.5,1
2026-04-01,INE148I07ND6,965SCL25C,N0,440.0,440.0,437.45,437.45,437.45,443.95,11,4824.7,3
2026-04-01,INE148I07QK4,948SCL26A,NN,303.3,303.3,303.3,303.3,303.3,333.0,120,36396.0,1
2026-04-01,INE148I07ME6,915SCL27,Z7,1028.0,1028.0,1028.0,1028.0,1028.0,1028.0,2,2056.0,1
2026-04-01,INE423A07336,956AEL29,N6,1045.0,1045.0,1045.0,1045.0,1045.0,1025.0,2,2090.0,1
2026-04-01,INE413U07236,957ISFL26,N2,982.0,982.0,982.0,982.0,982.0,981.06,2,1964.0,1
2026-04-01,INE413U07327,957IIFLS27,,911.0,990.0,911.0,986.0,986.0,912.4,157,149127.0,8
2026-04-01,INE413U07335,960IIFLS26,N9,1067.0,1067.0,1067.0,1067.0,1067.0,1066.8,20,21340.0,1
2026-04-01,INE741K07579,970CAGL28,ND,1013.5,1013.5,1013.5,1013.5,1013.5,1013.5,100,101350.0,1
2026-04-01,INE148I07TG6,971SCL29A,ZN,950.2,976.0,950.2,976.0,976.0,968.0,300,288930.0,2
2026-04-01,INE148I07NV8,971SCL28,AN,510.0,510.0,510.0,510.0,510.0,510.0,36,18360.0,4
2026-04-01,INE244L07416,985SFIL28,NO,469.8,469.8,469.8,469.8,469.8,552.0,50,23490.0,2
2026-04-01,INE148I07RN6,990SCL26B,Y7,1009.8,1009.8,1009.8,1009.8,1009.8,1009.8,200,201960.0,1
2026-04-01,INE423A07344,99AEL29,N7,1085.0,1085.0,1072.0,1072.0,1072.0,1079.6,501,537087.5,12
2026-04-01,INE338I07156,0MOFSL26,N1,1173.4,1173.4,1173.4,1173.4,1173.4,1165.0,100,117340.0,2
2026-04-01,INE423A07369,AEL120924,N2,1135.0,1135.0,1135.0,1135.0,1135.0,1135.0,30,34050.0,1
2026-04-01,INE423A07377,AEL120924A,N5,1259.55,1259.55,1259.55,1259.55,1259.55,1145.05,5,6297.75,1
2026-04-01,INE148I07OS2,SCLZC26B,AY,1275.75,1275.75,1275.75,1275.75,1275.75,1231.65,4,5103.0,1
2026-04-01,INE121A07QZ6,CIFCZC26A,N3,1255.2,1259.58,1255.2,1259.58,1259.58,1247.0,18,22606.74,2
2026-04-01,INE121A07QX1,CIFCZC28A,N5,1244.0,1244.0,1244.0,1244.0,1244.0,1236.0,10,12440.0,1
2026-04-01,INE530L07228,10NIDO26,N6,1062.95,1063.0,1060.0,1060.0,1060.0,1060.0,664,704954.15,7
2026-04-01,INE804IA7014,1015ECL29,NR,1020.0,1020.0,1016.0,1016.0,1016.0,1012.0,100,101608.0,3
2026-04-01,INE033L07GS6,81TCHF28,N8,1019.0,1019.0,1018.45,1018.45,1018.45,1018.97,10,10189.45,2
2026-04-01,INE148I07GJ7,865SCL26,N8,1000.0,1000.0,1000.0,1000.0,1000.0,980.02,5,5000.0,1
2026-04-01,INE148I07GK5,885SCL26,N9,1024.5,1024.5,1024.5,1024.5,1024.5,1029.11,97,99376.5,1
2026-04-01,INE148I07GL3,9SCL26BA,,1030.0,1040.0,1022.2,1036.0,1036.0,1022.23,3814,3948621.7,19
2026-04-01,INE721A07ON4,957ICCL25,YW,1054.0,1054.0,1054.0,1054.0,1054.0,1054.0,35,36890.0,1
2026-04-01,INE721A07PA8,931SFL26,Z5,1000.0,1025.0,970.02,1000.0,1000.0,1000.0,477,476725.2,7
2026-04-01,INE804I078Y8,943ECL28,NJ,990.26,990.26,990.0,990.13,990.0,989.01,339,335693.2,25
2026-04-01,INE530L07210,957NIDO26,N5,988.55,988.55,988.55,988.55,988.55,995.0,5,4942.75,1
2026-04-01,INE804I079Y6,985ECL28,NK,1032.5,1032.5,1032.5,1032.5,1032.5,1030.0,150,154875.0,1
2026-04-01,INE530L07236,NIDOZC26,N7,2490.0,2490.0,2490.0,2490.0,2490.0,2490.0,42,104580.0,2
2026-04-01,INE148I07GN9,SCLZC26,NB,2238.23,2238.23,2238.23,2238.23,2238.23,2220.0,10,22382.3,1
2026-04-01,INE0BTM01013,SECMARK,EQ,110.24,114.25,103.22,105.43,105.25,110.24,9625,1029320.46,323
2026-04-01,INE650K01021,SECURKLOUD,EQ,19.38,19.4,18.8,19.22,19.0,17.64,10959,210106.16,90
2026-04-01,INE00XB01019,SEDEMAC,EQ,1540.0,1568.5,1532.0,1545.2,1546.0,1513.4,196146,303312785.7,17666
2026-04-01,INE955I01044,SEJALLTD,EQ,425.2,437.5,401.05,401.05,401.05,422.15,47227,19537828.65,1802
2026-04-01,INE105I01020,SELMC,EQ,28.08,28.15,26.9,28.15,28.15,26.81,5642,158186.43,39
2026-04-01,INE0IJF01013,SELLOWRAP,SM,66.7,66.7,64.0,64.0,64.0,64.0,4800,311520.0,3
2026-04-01,INE617A01013,SEMAC,EQ,225.3,233.2,225.0,229.89,231.2,222.3,656,149752.18,65
2026-04-01,INE602W01027,SENCO,EQ,283.0,290.75,283.0,288.6,288.9,278.85,503251,144896788.4,13786
2026-04-01,INE0RB801010,SENORES,EQ,797.0,802.0,768.85,773.55,774.5,759.6,172283,134969973.25,6010
2026-04-01,INE964H01014,SEPC,EQ,5.2,5.34,5.08,5.34,5.34,4.86,9098410,47960770.21,2574
2026-04-01,INE027E07998,898LTF29,N7,1051.55,1051.55,1050.0,1050.0,1050.0,1050.0,89,93451.55,7
2026-04-01,INE306N07LM5,865TCAPS27,N8,1055.01,1055.01,1055.01,1055.01,1055.01,1055.0,8,8440.08,2
2026-04-01,INE0P1Q01015,SERVICE,ST,54.8,54.8,54.8,54.8,54.8,57.5,2000,109600.0,1
2026-04-01,INE782X01033,SERVOTECH,EQ,64.1,68.54,64.1,68.45,68.54,62.31,1064696,72124299.29,4406
2026-04-01,INE04VU01023,STYL,EQ,216.2,227.61,216.2,224.7,224.0,213.13,91165,20365188.01,1603
2026-04-01,INE630A01024,SESHAPAPER,EQ,246.1,270.0,246.1,254.36,251.0,246.55,19815,5154010.57,745
2026-04-01,INE878E01021,SETCO,EQ,20.88,20.88,20.17,20.88,20.88,19.89,910651,18939556.35,764
2026-04-01,INE023M01027,SETUINFRA,BZ,0.39,0.39,0.38,0.38,0.38,0.38,25764,9999.56,66
2026-04-01,INE573R01012,SEYAIND,BE,10.27,10.47,10.07,10.12,10.12,10.27,7057,72282.53,43
2026-04-01,INE618R01015,SGFIN,EQ,427.0,455.0,420.15,450.0,447.3,414.7,409655,181965749.3,8938
2026-04-01,INE385F01024,SGMART,EQ,490.0,505.85,470.9,499.4,499.85,463.7,429225,212186736.45,17564
2026-04-01,INE12UN01015,SHADOWFAX,EQ,115.38,118.53,115.31,117.6,117.4,114.87,726992,85534274.31,12516
2026-04-01,INE640C01011,SHAHALLOYS,EQ,58.83,62.0,58.02,58.39,58.4,58.84,4823,288322.35,168
2026-04-01,INE482J01021,SHAH,EQ,4.8,4.85,4.76,4.78,4.8,4.63,1018651,4905135.53,682
2026-04-01,INE151G01028,SHAILY,EQ,2186.5,2221.0,2082.1,2094.2,2085.3,2084.4,304981,656074451.7,32562
2026-04-01,INE908D01010,SHAKTIPUMP,EQ,480.0,497.2,473.3,494.4,493.6,459.95,859318,420401968.4,26740
2026-04-01,INE597J01018,SHALBY,EQ,133.4,141.24,129.69,139.57,141.0,126.8,127606,17438136.42,2567
2026-04-01,INE849C01026,SHALPAINTS,EQ,37.05,41.05,37.05,40.86,40.57,36.08,105054,4218680.42,1250
2026-04-01,INE01NE01012,SRD,EQ,39.98,44.99,39.98,42.94,43.5,38.81,28452,1223506.6,263
2026-04-01,INE274V01019,SHANKARA,BE,111.0,114.42,109.45,113.61,114.42,110.63,141137,15874867.26,609
2026-04-01,INE24OJ01011,BUILDPRO,EQ,970.0,1027.8,966.9,1007.75,1001.2,959.4,35592,35834812.25,4652
2026-04-01,INE631A01022,SHANTIGEAR,EQ,434.7,448.75,434.7,439.95,438.1,431.3,11161,4936750.05,492
2026-04-01,INE06ZD01017,SHANTIGOLD,EQ,160.0,167.74,159.76,164.62,163.85,156.63,378681,62188799.58,2847
2026-04-01,INE933X01016,SHANTI,EQ,5.48,5.75,5.21,5.64,5.67,5.15,55335,306064.77,203
2026-04-01,INE221J01015,SHARDACROP,EQ,914.4,914.4,871.0,889.6,885.0,870.1,257996,229803086.75,22337
2026-04-01,INE597I01028,SHARDAMOTR,EQ,730.0,758.85,728.0,742.05,740.05,708.0,42162,31442052.4,4325
2026-04-01,INE932X01026,SHAREINDIA,EQ,122.99,132.8,119.1,128.45,128.0,117.38,1288487,164940295.77,11388
2026-04-01,INE460Q01014,SCML,SM,142.0,142.0,137.0,138.0,138.0,137.75,24000,3337950.0,17
2026-04-01,INE0YJV01017,SHEEL,SM,42.0,42.0,37.8,39.0,39.0,40.0,36000,1416200.0,17
2026-04-01,INE916U01025,SFL,EQ,500.0,500.0,470.15,485.85,476.5,465.05,242840,117687265.55,16215
2026-04-01,INE501Y01019,SCPL,BE,316.0,324.7,314.0,319.4,322.0,311.2,3070,982504.3,87
2026-04-01,INE04VX01019,SHEETAL,ST,228.0,232.5,228.0,232.1,232.0,222.35,6000,1388600.0,6
2026-04-01,INE268L01046,SHEKHAWATI,EQ,9.35,10.68,9.35,9.99,10.0,9.35,15786,158993.49,200
2026-04-01,INE363M01019,SHEMAROO,EQ,77.5,86.36,75.96,84.89,85.99,74.21,24066,1988390.06,586
2026-04-01,INE0MM001019,SHERA,SM,108.85,108.85,107.05,107.05,107.05,100.15,4000,431850.0,4
2026-04-01,INE03KJ01013,SHIGAN,ST,47.05,49.4,45.0,49.4,49.4,47.05,7500,353850.0,5
2026-04-01,INE024F01011,SHILCTECH,EQ,3692.0,3998.3,3638.0,3917.9,3968.0,3553.3,55237,214823812.0,9717
2026-04-01,INE790G01031,SHILPAMED,EQ,360.0,379.1,350.6,374.7,372.55,348.9,771146,286393588.7,31404
2026-04-01,INE0PB301013,SCILAL,EQ,35.71,40.7,35.63,39.25,39.5,34.92,1838326,71091582.61,5410
2026-04-01,INE109A01011,SCI,EQ,228.0,237.98,226.03,231.39,231.87,219.7,3750325,876231874.51,38916
2026-04-01,INE719F01016,SHIVAUM,EQ,351.95,351.95,336.0,344.05,336.0,351.95,18193,6223127.3,43
2026-04-01,INE644Y01017,SHIVAMILLS,EQ,48.35,48.35,45.51,46.91,46.9,46.35,3756,177983.0,54
2026-04-01,INE705C01020,SHIVATEX,EQ,134.7,139.0,127.5,138.0,138.9,127.07,687,92548.67,23
2026-04-01,INE0T7B01010,SPCL,SM,62.0,65.0,62.0,64.65,64.5,59.8,22200,1409880.0,36
2026-04-01,INE386D01027,SBCL,EQ,410.15,420.55,397.6,418.0,417.0,387.85,230022,94855579.55,8416
2026-04-01,INE788J01021,SHIVALIK,EQ,230.8,247.64,228.71,233.5,231.0,220.25,72653,17121376.56,1606
2026-04-01,INE637H01024,SHIVAMAUTO,EQ,13.61,15.98,13.6,15.45,15.98,13.34,112914,1697859.31,671
2026-04-01,INE1DLF01018,SHIVASHRIT,SM,112.0,113.25,108.0,109.95,108.0,110.0,124000,13833500.0,47
2026-04-01,INE498B01024,SHOPERSTOP,EQ,292.45,300.0,292.45,298.35,299.0,289.0,23949,7117723.45,1323
2026-04-01,INE715Y01031,SHRADHA,EQ,29.65,31.45,27.51,30.84,31.45,27.05,12890,383737.36,128
2026-04-01,INE712K01011,SHREEPUSHK,EQ,301.8,332.45,301.8,321.05,320.0,301.3,100375,32325819.95,3751
2026-04-01,INE070A01015,SHREECEM,EQ,23490.0,23510.0,23080.0,23265.0,23340.0,23020.0,19991,465639100.0,7249
2026-04-01,INE232A01011,SHREDIGCEM,EQ,60.0,64.9,58.62,63.98,64.8,56.94,451365,28307717.95,3300
2026-04-01,INE0S4Y01010,SHREEKARNI,SM,356.0,368.0,345.6,361.0,361.0,340.5,3300,1182660.0,10
2026-04-01,INE02S501018,SHREEOSFM,SM,74.0,74.5,70.5,70.55,70.6,70.7,9000,654650.0,9
2026-04-01,INE19GK01015,SRTL,EQ,41.5,43.0,41.1,42.09,41.85,40.89,108519,4584242.12,1196
2026-04-01,INE879A01019,SHREERAMA,EQ,48.0,49.76,47.0,47.55,47.3,46.27,120234,5827802.84,1053
2026-04-01,INE278B01020,RAMANEWS,EQ,30.25,31.79,30.0,30.23,30.49,29.75,99485,3070568.23,433
2026-04-01,INE087H01022,RENUKA,EQ,28.0,28.93,27.43,28.09,28.12,27.5,17124320,485053276.61,37707
2026-04-01,INE238Y01018,TIRUPATI,SM,427.0,427.0,427.0,427.0,427.0,428.7,250,106750.0,1
2026-04-01,INE0S2G01011,BALAJEE,EQ,21.61,23.54,21.5,23.11,22.77,21.28,118135,2671590.86,796
2026-04-01,INE00CE01017,SVLL,EQ,505.0,525.0,486.1,505.35,486.1,479.9,808,412710.95,44
2026-04-01,INE1FL101016,SHETHJI,SM,126.75,129.9,124.05,128.4,126.5,126.75,52000,6620750.0,41
2026-04-01,INE1B6101010,SHREEJISPG,EQ,330.5,339.65,327.5,337.15,337.0,323.5,354255,118606537.6,3250
2026-04-01,INE00IK01029,OSWALSEEDS,EQ,10.35,11.46,9.67,10.38,10.3,10.43,262271,2760559.29,583
2026-04-01,INE632X01030,SHRENIK,BZ,0.36,0.38,0.36,0.38,0.38,0.37,400357,150261.76,149
2026-04-01,INE231C01019,SHREYANIND,EQ,127.9,140.19,127.9,138.36,139.4,124.63,8812,1200992.08,372
2026-04-01,INE0DM401012,SHRIAHIMSA,SM,238.1,256.0,235.0,237.0,235.0,235.75,39000,9444120.0,52
2026-04-01,INE0NON01025,SHKSIL,SM,38.5,40.0,38.5,40.0,40.0,38.5,6000,237000.0,2
2026-04-01,INE1V4601019,SHRIKANHA,SM,16.0,16.6,15.1,16.6,16.6,15.85,12800,204720.0,7
2026-04-01,INE1B3L01017,SHRINGARMS,EQ,174.94,181.5,174.77,177.52,177.0,166.89,1184344,210269418.28,11442
2026-04-01,INF680P01422,LIQUIDSHRI,EQ,1098.36,1098.36,1098.34,1098.34,1098.34,1098.26,14699,16144531.83,44
2026-04-01,INE721A01047,SHRIRAMFIN,EQ,915.6,926.3,895.75,900.55,899.9,872.1,11752172,10672892046.35,195125
2026-04-01,INE526E01018,SHRIPISTON,EQ,3112.5,3125.0,3010.0,3025.2,3016.6,3016.5,41953,128446538.5,9476
2026-04-01,INE217L01019,SHRIRAMPPS,EQ,62.97,67.0,62.97,66.18,65.7,61.13,626280,40868750.94,3062
2026-04-01,INE01Z401013,SHUBHLAXMI,SM,24.5,25.0,23.5,23.5,23.5,24.7,13000,310850.0,12
2026-04-01,INE0UL701015,SHUBHSHREE,SM,288.4,302.0,288.4,302.0,302.0,282.0,900,264720.0,3
2026-04-01,INE979R01011,SHYAMCENT,EQ,3.7,3.86,3.7,3.86,3.86,3.68,82978,317032.48,284
2026-04-01,INE1CRP01016,SHYAMDHANI,SM,50.25,54.5,50.25,53.0,53.0,48.0,32000,1684200.0,14
2026-04-01,INE810G01011,SHYAMMETL,EQ,789.8,802.95,772.0,797.0,794.0,771.1,157338,124734188.1,6865
2026-04-01,INE635A01023,SHYAMTEL,EQ,8.2,9.3,8.1,8.18,8.1,8.2,4752,39900.27,54
2026-04-01,INE075B01020,SICALLOG,BE,60.11,65.7,60.11,64.5,64.5,63.01,60066,3858485.06,84
2026-04-01,INE0SVO01019,SIDDHICOTS,ST,30.0,30.85,29.5,30.5,30.5,29.4,10800,327840.0,9
2026-04-01,INE1NPP01017,ENRIN,EQ,2640.0,2652.8,2585.0,2613.9,2625.0,2565.5,438974,1149909860.4,51030
2026-04-01,INE003A01024,SIEMENS,EQ,3010.0,3072.3,2985.7,3017.0,3025.0,2935.0,276980,838803078.7,22653
2026-04-01,INE0D0K01022,SIGACHI,EQ,18.1,20.12,17.43,19.47,19.3,16.92,7782816,146490282.96,10001
2026-04-01,INE933B01012,SIGMAADV,BE,150.0,154.89,150.0,154.89,154.89,147.52,37827,5855612.51,136
2026-04-01,INE0A0S01028,SIGMA,EQ,37.0,39.7,37.0,38.15,37.7,36.33,94094,3600102.93,1000
2026-04-01,INE903U01023,SIGNATURE,EQ,729.0,738.2,720.0,723.65,721.55,714.2,221423,161027308.3,7802
2026-04-01,INE529F01035,SIGIND,EQ,46.19,47.47,44.01,46.82,46.84,43.75,27391,1254427.12,425
2026-04-01,INE0RDE01010,SIGNORIA,SM,55.0,55.0,55.0,55.0,55.0,54.0,1000,55000.0,1
2026-04-01,INE0KGZ01021,SIGNPOST,EQ,226.61,235.0,226.6,231.11,234.0,221.45,33890,7878891.03,773
2026-04-01,INE112X01025,SIKKO,EQ,4.3,4.38,4.3,4.37,4.37,4.18,220115,960959.91,471
2026-04-01,INE923A01015,SILINV,EQ,404.0,404.0,391.3,396.0,402.0,381.55,1322,526031.9,119
2026-04-01,INE01II01013,SILGO,EQ,71.9,76.75,71.75,74.84,75.4,71.9,511423,38153828.52,1733
2026-04-01,IN901II01012,SILGOPP,E1,30.0,34.0,30.0,32.05,32.05,31.0,71209,2170251.22,49
2026-04-01,INE0STN01015,SILKFLEX,ST,108.55,108.55,108.55,108.55,108.55,103.4,2000,217100.0,1
2026-04-01,INE0SN801015,SILKY,SM,153.5,153.5,153.5,153.5,153.5,153.5,800,122800.0,1
2026-04-01,INE203Y01012,SILLYMONKS,EQ,16.21,16.21,15.73,15.73,16.0,15.44,64871,1048811.6,79
2026-04-01,INE625X01026,SILVERTUC,EQ,104.7,108.99,104.7,108.99,108.99,103.8,18434,2006130.91,93
2026-04-01,INE748T01016,SIMBHALS,BZ,7.09,7.09,6.9,7.09,7.09,6.76,2855,20241.19,16
2026-04-01,INE059B01024,SIMPLEXINF,EQ,149.41,160.8,142.4,158.97,159.0,140.3,525931,81960015.75,3136
2026-04-01,INE985A01022,SINCLAIR,EQ,74.95,75.5,73.42,75.15,75.5,72.55,31124,2323209.64,554
2026-04-01,INE325D01025,SINDHUTRAD,EQ,21.31,23.4,21.31,22.39,22.35,20.82,796376,17690648.94,1093
2026-04-01,INE638A01035,SINGERIND,EQ,62.15,67.6,62.15,66.86,67.5,60.92,83354,5502228.58,1249
2026-04-01,INE129Z01016,SINTERCOM,EQ,72.45,72.55,69.0,69.67,72.47,72.66,1856,131913.84,68
2026-04-01,INE792Z01011,SIRCA,EQ,409.15,431.8,409.15,422.75,420.0,401.35,432720,183085159.2,6857
2026-04-01,INE285J01028,SIS,EQ,295.0,295.0,284.05,287.4,285.0,280.3,42228,12234366.2,3163
2026-04-01,INE965H01011,SITINET,BZ,0.28,0.3,0.28,0.3,0.3,0.29,1100975,318042.05,275
2026-04-01,INE076B01028,SIYSIL,EQ,442.05,478.0,442.05,473.9,471.1,435.8,54982,25717610.15,3467
2026-04-01,INE284S01014,SJS,EQ,1622.0,1623.0,1570.9,1587.0,1583.9,1550.9,83101,132390046.4,11440
2026-04-01,INE002L01015,SJVN,EQ,65.26,67.99,64.51,67.26,67.6,63.35,6848942,454704924.0,31408
2026-04-01,INE2J8701016,SKFINDUS,EQ,2085.1,2237.6,2085.1,2199.7,2190.0,2083.2,16563,36338627.7,2267
2026-04-01,INE640A01023,SKFINDIA,EQ,1479.9,1524.0,1439.3,1517.1,1505.0,1413.7,42320,63439400.0,5464
2026-04-01,INE439E01022,SKIPPER,EQ,350.05,356.35,344.5,352.9,352.55,334.35,303504,107010411.95,5532
2026-04-01,INE411D01023,SKMEGGPROD,EQ,154.0,159.5,152.06,157.96,158.9,148.16,107331,16699219.74,1490
2026-04-01,INE0KZA01016,SKP,SM,149.0,149.0,148.5,148.5,148.5,140.0,5000,743200.0,9
2026-04-01,INE01IU01018,SKYGOLD,EQ,325.95,342.9,320.2,337.75,335.05,318.25,587499,197371296.8,12643
2026-04-01,INE0SMA01017,SLONE,SM,166.9,166.95,166.8,166.85,166.85,162.6,2400,400500.0,6
2026-04-01,INE14GK01016,SMARTEN,SM,48.0,48.0,47.0,47.0,47.0,43.05,2400,114000.0,2
2026-04-01,INE178C01020,SMARTLINK,EQ,113.97,113.97,109.99,111.57,111.5,104.52,1625,182407.8,48
2026-04-01,INE0NAZ01010,SMARTWORKS,EQ,381.5,390.0,378.9,382.7,385.0,372.45,101536,39029866.45,3870
2026-04-01,INE05NX24023,8SMC29,N1,501.0,505.0,501.0,504.87,505.0,512.0,364,183776.0,5
2026-04-01,INE05NX24031,8SMC30,N2,505.0,505.0,505.0,505.0,505.0,515.0,34,17170.0,1
2026-04-01,INE103C01036,SMCGLOBAL,EQ,59.0,60.0,57.63,59.54,59.4,55.59,480413,28566805.38,2912
2026-04-01,INE294B01019,SMLMAH,EQ,3949.9,3969.7,3905.1,3969.7,3969.7,3780.7,40907,162242635.0,1874
2026-04-01,INE812G01025,SMSPHARMA,EQ,393.8,404.9,382.05,392.75,393.05,374.85,334936,132521668.3,6987
2026-04-01,INE1OIC01018,SNEHAA,SM,41.45,41.45,40.55,41.05,40.7,38.45,6000,246000.0,6
2026-04-01,INE734N01019,SNOWMAN,EQ,31.6,34.5,31.6,34.25,34.26,30.7,514046,17202941.04,2451
2026-04-01,INE671H01015,SOBHA,EQ,1193.0,1237.7,1190.1,1197.9,1195.0,1187.4,184905,222962461.0,20023
2026-04-01,INE728Z01015,SOFTTECH,EQ,238.4,245.0,216.6,229.34,226.02,218.65,4319,990981.65,168
2026-04-01,INE343H01029,SOLARINDS,EQ,12420.0,12978.0,12233.0,12807.0,12849.0,12076.0,199157,2538243510.0,37335
2026-04-01,INE624Z01016,SOLARA,EQ,440.0,466.0,440.0,459.1,460.5,425.55,90326,41331187.55,2690
2026-04-01,IN9624Z01022,SOLARAPP1,E1,282.0,310.0,282.0,302.0,302.0,279.8,3446,1038039.5,24
2026-04-01,INE0TY101024,SOLARWORLD,EQ,149.8,170.0,147.56,165.88,167.2,143.07,2115228,338997434.98,19897
2026-04-01,INE880Y01017,SOLEX,EQ,940.0,1039.95,940.0,1009.45,1013.0,921.3,43553,43833140.3,2872
2026-04-01,INE0U0201016,BALCO,SM,14.05,14.05,14.05,14.05,14.05,13.4,1200,16860.0,1
2026-04-01,INE480C01038,SDBL,EQ,64.5,69.5,64.0,69.14,68.7,62.31,930769,62935253.69,8279
2026-04-01,INE314C01013,SOMATEX,BE,95.15,95.15,95.15,95.15,95.15,90.62,885,84207.75,17
2026-04-01,INE355A01028,SOMANYCERA,EQ,365.95,378.7,359.6,363.9,364.9,357.05,31023,11438849.05,3001
2026-04-01,INE323J01019,SOMICONVEY,EQ,94.0,98.0,92.61,95.49,97.8,88.76,6336,598438.32,113
2026-04-01,INE073K01018,SONACOMS,EQ,492.0,507.8,492.0,497.25,497.4,481.5,1772619,887391096.4,32320
2026-04-01,INE0Q6H01012,SONAMAC,SM,32.2,32.25,30.65,31.9,31.9,27.4,17000,530150.0,9
2026-04-01,INE00LM01029,SONAMLTD,EQ,51.1,54.25,51.1,53.91,54.2,50.86,38538,2047039.44,954
2026-04-01,INE269A01021,SONATSOFTW,EQ,217.5,226.34,215.55,220.74,220.0,209.6,1059320,235195296.38,23847
2026-04-01,INE0JZA01018,SONUINFRA,SM,39.9,39.9,39.9,39.9,39.9,38.0,3000,119700.0,2
2026-04-01,INE0O2D01012,SOTAC,SM,108.0,108.0,108.0,108.0,108.0,109.25,2400,259200.0,2
2026-04-01,INE980Y01015,SOUTHWEST,EQ,222.0,223.02,215.22,217.01,217.99,212.87,128785,28252337.55,1966
2026-04-01,INE970N01027,SPCENET,EQ,3.15,3.17,3.05,3.14,3.16,3.02,1153459,3638302.84,545
2026-04-01,IN9572J01019,SSFLPP,E1,85.0,86.7,76.3,78.15,78.0,80.1,32233,2550552.7,1269
2026-04-01,INE572J01011,SPANDANA,EQ,191.99,198.19,186.73,192.58,192.01,184.15,443152,85695763.97,6867
2026-04-01,INE247M01014,SPECIALITY,EQ,84.0,91.0,84.0,90.05,89.0,84.0,38868,3466503.13,742
2026-04-01,INE01EO01010,SPECTRUM,EQ,1555.0,1555.0,1456.0,1465.1,1490.0,1552.8,5678,8423457.5,786
2026-04-01,INE0OL001018,SPECTSTM,SM,55.15,56.6,55.15,56.6,56.6,51.5,5600,311960.0,7
2026-04-01,INE020801028,SPENCERS,EQ,25.81,28.28,25.81,27.98,28.02,24.58,106820,2936859.75,934
2026-04-01,INE147A01011,SPIC,EQ,58.0,62.0,57.3,61.03,61.0,55.42,949784,57146721.1,5712
2026-04-01,INE978G01016,SPLIL,EQ,21.6,23.8,21.6,23.05,23.01,21.5,4173,96063.05,141
2026-04-01,INE937A01023,SPMLINFRA,EQ,160.0,175.0,158.12,169.4,170.0,153.73,465363,77424085.61,7920
2026-04-01,INE885H01029,SPORTKING,EQ,116.0,122.95,113.94,121.25,122.4,112.3,273593,33005993.57,3024
2026-04-01,INE0QR801013,SPPPOLY,SM,11.0,11.3,10.3,11.3,11.3,10.8,26000,278900.0,12
2026-04-01,INE19QH01010,SPUNWEB,SM,95.9,105.0,95.0,104.95,104.95,92.6,82800,8085960.0,35
2026-04-01,INE917H01012,SRHHYPOLTD,EQ,391.4,420.0,391.4,411.95,413.9,384.0,10024,4123813.2,539
2026-04-01,INE099F01013,SREEL,EQ,166.0,177.79,166.0,174.44,176.5,166.85,6375,1100653.59,206
2026-04-01,INE647A01010,SRF,EQ,2500.4,2587.9,2464.1,2555.2,2560.4,2438.0,656244,1672228850.6,49229
2026-04-01,INE559N01010,SRGHFL,EQ,253.96,255.0,243.01,247.96,247.55,242.55,312,78441.27,20
2026-04-01,INE293B01029,HAVISHA,EQ,1.17,1.28,1.16,1.23,1.24,1.11,99199,120704.6,89
2026-04-01,INE0V9Q01010,LOTUSDEV,EQ,105.99,113.12,105.92,112.55,113.12,102.84,1864781,205388724.01,12811
2026-04-01,INE0TPJ01019,SPCON,SM,118.0,120.0,117.0,120.0,120.0,109.0,3600,426000.0,3
2026-04-01,INE0ON201012,SSFL,SM,119.9,119.9,110.6,113.3,112.0,109.9,8500,974650.0,14
2026-04-01,INE0R6Z01013,SRM,EQ,400.0,412.0,395.0,404.85,403.0,383.85,122184,49438645.15,3043
2026-04-01,INE0RYC01010,STALLION,EQ,106.9,107.59,104.45,106.98,106.06,102.47,455270,48778177.06,1309
2026-04-01,INE0M4D01010,SETL,EQ,109.8,123.0,107.0,121.4,122.0,105.65,650642,76647802.23,3916
2026-04-01,INE173A01025,SIL,EQ,12.49,12.49,11.91,12.26,12.13,11.8,36243,442918.05,318
2026-04-01,INE01A001028,STANLEY,EQ,131.0,134.89,128.11,130.08,130.0,123.7,397199,52023657.03,4971
2026-04-01,INE460H01021,STARCEMENT,EQ,205.11,207.31,203.45,205.82,205.0,203.24,149043,30576210.82,5151
2026-04-01,INE575P01011,STARHEALTH,EQ,453.3,472.0,447.9,469.9,471.85,457.5,589328,271012392.6,24184
2026-04-01,INE733A01018,STARPAPER,EQ,128.0,130.0,125.81,128.13,128.95,120.49,8005,1022721.93,241
2026-04-01,INE992I01013,STARTECK,EQ,234.99,247.0,225.69,244.93,247.0,216.0,7960,1855090.24,589
2026-04-01,INE062A01020,SBIN,EQ,1008.0,1031.0,998.45,1017.8,1018.0,979.4,17424479,17671492961.35,250727
2026-04-01,INE114A01011,SAIL,EQ,155.6,158.0,153.1,155.82,155.39,151.42,38264128,5968574774.28,88995
2026-04-01,INE395H01011,STEELCITY,EQ,73.44,76.84,72.61,74.8,74.06,72.0,10582,784944.71,225
2026-04-01,INE503B01021,STEELXIND,EQ,7.39,7.8,7.33,7.63,7.66,7.11,1425521,10737816.83,1704
2026-04-01,INE802C01033,SSWL,EQ,179.0,192.85,177.04,187.9,188.0,170.43,570432,107007787.92,11855
2026-04-01,INE124E01038,STEELCAS,EQ,239.09,240.28,229.0,236.28,235.2,225.88,64284,15189366.49,1973
2026-04-01,INE577L01016,STEL,EQ,418.0,446.15,417.95,432.8,425.0,422.4,3440,1503808.65,254
2026-04-01,INE334A01023,STERTOOLS,EQ,164.0,186.43,164.0,181.06,183.0,161.09,306206,55069328.39,6750
2026-04-01,INE089C01029,STLTECH,EQ,186.0,188.0,179.85,181.48,180.55,176.36,4967216,912522138.35,40117
2026-04-01,INE353H01010,SGL,EQ,8.98,9.39,8.98,9.31,9.32,8.54,12097,111652.81,77
2026-04-01,INE1VXE01018,STLNETWORK,EQ,16.89,17.79,16.5,17.39,17.35,15.92,1446255,25056052.0,2542
2026-04-01,INE00IN01015,STOVEKRAFT,EQ,456.5,483.35,456.5,477.4,482.9,453.5,145622,69050808.7,5353
2026-04-01,INE1XWN01017,STRIDERS,SM,64.0,65.25,62.0,62.0,62.0,63.5,30400,1931840.0,16
2026-04-01,INE939A01011,STAR,EQ,956.0,980.0,952.55,963.6,954.2,937.75,321571,311509837.05,26010
2026-04-01,INE00M201021,SWSOLAR,EQ,154.3,164.78,153.7,163.6,163.41,148.88,2156438,346649106.34,20485
2026-04-01,INE00Q601028,STUDDS,EQ,450.9,472.0,448.2,452.05,449.8,448.8,33426,15240393.9,3423
2026-04-01,INE17VO01028,STUDIOLSD,SM,8.5,8.85,8.5,8.85,8.85,7.4,50000,436800.0,22
2026-04-01,INE239C01020,STYLAMIND,EQ,2165.2,2185.3,2160.1,2175.1,2180.1,2164.0,59485,129058454.7,4260
2026-04-01,INE189B01011,STYRENIX,EQ,1830.0,1899.0,1830.0,1847.4,1831.5,1798.0,21159,39545804.2,2502
2026-04-01,INE0RYR01018,SUBAHOTELS,SM,109.0,111.8,105.0,107.8,107.8,100.95,82800,8974800.0,58
2026-04-01,INE754A01055,SUBEXLTD,EQ,6.89,7.54,6.89,7.46,7.5,6.68,4278515,31379705.88,3629
2026-04-01,INE287B01021,SUBROS,EQ,651.0,689.25,651.0,682.3,680.0,635.25,77290,52191012.9,4530
2026-04-01,INE659A01023,SUDARSCHEM,EQ,759.7,794.4,751.85,778.35,776.25,747.6,96567,75573273.8,8389
2026-04-01,INE492A01029,SUDARCOLOR,EQ,277.0,308.0,277.0,294.5,288.0,272.25,29030,8658540.5,3014
2026-04-01,INE0QPI01025,SUDEEPPHRM,EQ,604.0,629.45,598.95,614.0,610.2,592.55,71025,43797025.1,3731
2026-04-01,INE450E01029,SUKHJITS,EQ,155.15,163.0,155.0,158.25,158.5,154.45,20596,3290655.13,540
2026-04-01,INE142Q01026,SULA,EQ,148.8,156.99,142.73,155.39,155.55,139.34,813692,123605103.5,9728
2026-04-01,INE235C01036,SUMEETINDS,EQ,29.99,30.0,29.15,29.49,29.46,29.65,72672,2157265.55,790
2026-04-01,INE748Z01013,SUMIT,EQ,50.0,50.0,45.89,46.39,45.89,46.47,68018,3204469.5,451
2026-04-01,INE258G01013,SUMICHEM,EQ,371.0,382.0,371.0,380.2,378.0,364.45,125240,47391062.0,7975
2026-04-01,INE519C01017,SUMMITSEC,EQ,1378.0,1474.0,1378.0,1461.6,1474.0,1318.8,10242,14687698.1,1620
2026-04-01,INE232I01014,SPARC,EQ,120.0,122.3,118.23,120.34,120.4,114.89,939107,112915022.82,8795
2026-04-01,INE044A01036,SUNPHARMA,EQ,1762.1,1788.0,1713.2,1728.5,1730.9,1757.2,3245628,5679141446.4,116435
2026-04-01,INE424H01027,SUNTV,EQ,572.0,593.4,563.75,582.4,578.65,566.95,406593,233922607.15,18981
2026-04-01,INE073D01013,SUNDRMBRAK,EQ,530.0,530.0,483.2,497.65,493.4,465.05,3058,1526341.8,198
2026-04-01,INE0Q3R01026,SUNCLAY,EQ,1240.0,1256.9,1220.6,1240.3,1250.0,1192.2,9416,11723662.0,613
2026-04-01,INE660A01013,SUNDARMFIN,EQ,4485.0,4620.5,4413.2,4593.4,4574.0,4375.5,95738,435248136.8,18636
2026-04-01,INE108E01023,SUNDARAM,EQ,1.16,1.24,1.12,1.22,1.23,1.12,497228,593365.7,690
2026-04-01,INE387A01021,SUNDRMFAST,EQ,755.7,773.95,749.05,752.9,753.8,749.05,68139,51563196.75,8335
2026-04-01,INE0CTB01014,SOCL,SM,24.85,25.95,23.65,25.95,25.95,24.85,24000,578160.0,14
2026-04-01,INE209A01019,SUNDROP,EQ,604.95,604.95,580.6,586.55,590.0,560.85,10759,6316444.95,586
2026-04-01,INE947A01014,SUNFLAG,EQ,198.5,216.45,198.5,213.13,212.67,194.1,214792,45259194.96,3348
2026-04-01,INE0O3O01017,SEL,SM,128.0,132.0,128.0,132.0,132.0,120.0,400,52000.0,2
2026-04-01,INE0U2N01013,SUNLITE,SM,372.0,399.0,372.0,376.9,376.85,363.0,12600,4770510.0,17
2026-04-01,INE0PLZ01012,SUNREST,SM,37.0,37.5,37.0,37.5,37.5,37.0,4800,178400.0,3
2026-04-01,INE0SGZ01016,SUNTECH,SM,32.4,34.45,32.4,34.4,34.4,31.8,6400,216720.0,4
2026-04-01,INE805D01034,SUNTECK,EQ,282.75,301.1,278.55,295.1,293.1,273.2,182539,53411240.3,5498
2026-04-01,INE662A01027,SUPERSPIN,EQ,3.9,4.48,3.9,4.22,4.23,3.87,17357,72641.7,66
2026-04-01,INE712B01010,SUPERHOUSE,EQ,134.0,139.69,134.0,138.6,138.79,131.04,2477,338303.47,49
2026-04-01,INE399C01030,SUPRAJIT,EQ,405.0,428.45,401.0,421.95,420.0,400.1,131560,54438562.45,6767
2026-04-01,INE319Z01021,SUPREMEENG,BZ,0.96,0.98,0.9,0.97,0.95,0.94,120935,117108.0,105
2026-04-01,INE0U6N01014,SFML,SM,18.1,20.9,18.1,20.9,20.9,17.7,30400,575040.0,14
2026-04-01,INE822E01011,SUPREME,EQ,45.95,53.85,45.0,53.79,53.0,44.88,195692,10276621.87,639
2026-04-01,INE195A01028,SUPREMEIND,EQ,3779.9,3842.8,3640.0,3658.4,3640.0,3745.1,202689,755693920.4,28005
2026-04-01,INE550H01011,SUPREMEINF,BZ,60.99,61.05,58.32,60.93,60.91,58.17,10832,657142.47,69
2026-04-01,INE663A01033,SPLPETRO,EQ,749.9,772.9,735.0,738.85,737.0,738.4,103853,78008603.05,9662
2026-04-01,INE0QHG01026,SUPREMEPWR,SM,167.0,171.0,158.0,159.4,159.9,151.45,67500,11083425.0,119
2026-04-01,INE07RO01027,SUPRIYA,EQ,569.95,613.05,569.95,601.0,600.0,561.9,208875,125935989.9,8468
2026-04-01,INE843S01025,SURAJEST,EQ,180.55,188.79,180.1,186.71,185.05,175.23,95245,17698322.76,1258
2026-04-01,INE713C01016,SURAJLTD,EQ,220.0,259.2,216.25,258.39,259.2,216.0,54579,13883976.94,482
2026-04-01,INE877V01027,SURAKSHA,EQ,230.99,250.0,230.99,245.27,246.0,227.95,20205,4870827.97,745
2026-04-01,INE272L01022,SURANASOL,EQ,19.21,22.53,19.21,22.03,22.01,18.78,151631,3249044.57,1269
2026-04-01,INE130B01031,SURANAT&P,EQ,16.8,17.24,16.12,16.83,17.0,15.73,87916,1468902.71,338
2026-04-01,INE01ZJ01015,SURANI,ST,108.95,108.95,103.9,108.95,108.95,103.8,19800,2094030.0,33
2026-04-01,INE05ST01028,SBGLP,EQ,19.43,21.39,19.0,20.82,20.6,18.54,109099,2197608.84,663
2026-04-01,INE335A01020,SURYAROSNI,EQ,193.0,210.2,193.0,208.12,208.4,188.08,685738,141123950.89,11405
2026-04-01,INE713B01026,SURYALAXMI,EQ,44.9,50.76,44.9,49.87,50.3,43.11,22658,1100376.05,272
2026-04-01,INE428Q01011,SURYODAY,EQ,120.5,126.9,120.5,125.11,124.6,118.78,199589,24967865.17,3013
2026-04-01,INE645H01027,SUTLEJTEX,EQ,25.25,27.1,25.25,26.86,27.0,24.18,55666,1464283.41,821
2026-04-01,INE495B01038,SUVEN,EQ,139.5,148.95,135.5,147.43,147.7,131.7,915432,132104390.26,10185
2026-04-01,INE018401013,SUVIDHAA,EQ,2.35,2.54,2.31,2.44,2.5,2.26,146379,360162.07,410
2026-04-01,INE442P01014,SUYOG,EQ,634.7,668.95,622.8,636.45,633.0,614.35,45954,29521959.5,2007
2026-04-01,INE040H01021,SUZLON,EQ,41.39,41.59,40.8,41.12,41.19,39.56,58512083,2411428307.8,81925
2026-04-01,INE308E01029,SVPGLOB,EQ,2.25,2.46,2.25,2.35,2.35,2.24,88316,212587.37,73
2026-04-01,INE665A01038,SWANCORP,EQ,308.0,326.0,305.7,321.9,321.5,300.0,1139277,363491013.4,30726
2026-04-01,INE542F01020,SWANDEF,BE,1601.0,1669.7,1562.0,1584.6,1595.6,1592.8,19340,31364815.3,1169
2026-04-01,INE277A01016,SWARAJENG,EQ,3380.0,3455.8,3326.0,3421.4,3409.0,3308.9,18005,61306768.4,3542
2026-04-01,INE0GMR01016,SWARAJ,ST,272.5,279.45,272.5,275.95,275.9,269.8,13500,3725025.0,21
2026-04-01,INE0DGC01025,SWASTIK,SM,15.4,15.5,13.4,15.15,15.15,13.0,27600,404700.0,23
2026-04-01,INE409B01013,SWELECTES,EQ,514.0,539.2,514.0,532.05,530.0,499.1,19985,10615495.65,1106
2026-04-01,INE00H001014,SWIGGY,EQ,270.0,273.0,262.75,265.3,267.0,260.05,18390484,4906875933.4,88914
2026-04-01,INE01IH01015,SYLVANPLY,SM,46.0,47.0,45.0,47.0,47.0,40.0,12000,547000.0,6
2026-04-01,INE225D01027,SYMPHONY,EQ,704.0,727.9,698.0,724.0,723.2,688.3,119615,86017556.4,6915
2026-04-01,INE312C01025,SYNCOMF,EQ,10.7,11.32,10.47,11.17,11.25,10.3,2353476,25988498.04,4065
2026-04-01,INE00QT01015,SGIL,EQ,479.0,486.5,462.7,480.1,480.0,477.6,21286,10193916.15,960
2026-04-01,INE398R01022,SYNGENE,EQ,395.05,404.5,390.45,396.4,395.0,389.9,1377179,548668496.9,23871
2026-04-01,INE0BTR01012,SYNOPTICS,SM,41.05,41.05,41.05,41.05,41.05,39.65,600,24630.0,1
2026-04-01,INE0DYJ01015,SYRMA,EQ,809.9,818.9,791.4,797.6,798.15,773.1,1459952,1173756935.8,47013
2026-04-01,INE0O7R01011,SYSTANGO,SM,242.0,248.5,242.0,247.0,247.0,232.1,6800,1670520.0,17
2026-04-01,INE356B01024,SYSTMTXC,EQ,57.91,57.91,56.0,57.8,57.8,52.65,44413,2569782.55,152
2026-04-01,INE592B01024,TTL,BE,8.4,8.77,8.4,8.52,8.56,8.38,10161,86257.58,51
2026-04-01,INE0SOY01013,TAC,SM,432.9,438.5,431.0,438.5,438.5,398.65,53000,23195490.0,148
2026-04-01,INE123C01018,TAINWALCHM,EQ,169.64,179.0,169.64,178.55,179.0,169.13,4626,817276.41,141
2026-04-01,INE586B01026,TAJGVK,EQ,303.4,323.45,303.0,318.6,317.5,300.5,253412,80024705.65,5612
2026-04-01,INE142I01023,TAKE,BE,40.41,40.41,40.41,40.41,40.41,39.62,245848,9934717.68,1549
2026-04-01,INE187D01029,TALBROAUTO,EQ,244.71,247.39,236.25,243.31,243.0,231.8,95574,23182764.61,2512
2026-04-01,INE668A01016,TMB,EQ,609.0,619.0,600.25,606.6,602.7,579.4,209615,127275579.7,15906
2026-04-01,INE107A01015,TNPL,EQ,124.97,129.29,124.97,128.53,128.99,122.54,54972,7034663.42,1530
2026-04-01,INE148A01019,TNPETRO,EQ,82.98,84.8,82.32,83.56,84.0,79.98,103812,8702698.5,1390
2026-04-01,INE141D01018,TNTELE,EQ,8.78,8.78,8.32,8.68,8.7,8.11,8515,74078.93,60
2026-04-01,INE0Z7N01017,TANKUP,ST,390.0,418.95,390.0,418.95,418.95,399.0,2000,808950.0,7
2026-04-01,INE483C01032,TANLA,EQ,395.0,428.25,390.0,419.0,419.0,377.45,1143069,475745539.95,36149
2026-04-01,INE0M7001010,TAPIFRUIT,SM,57.0,58.9,57.0,58.9,58.9,56.6,9000,528562.5,3
2026-04-01,INE555Z01020,TARACHAND,EQ,54.25,57.88,54.25,56.31,56.22,53.74,206175,11529095.88,2744
2026-04-01,INE747K01017,TARAPUR,EQ,23.96,25.09,23.23,24.38,24.5,24.13,35149,840006.47,228
2026-04-01,INE0EK901012,TARC,EQ,117.39,121.24,115.51,119.6,120.0,111.59,811331,97036737.96,6554
2026-04-01,INE924H01018,TARMAT,BE,50.48,53.0,50.48,52.88,53.0,50.48,21105,1115596.72,52
2026-04-01,INE144Z01023,TARSONS,EQ,168.6,181.45,168.6,179.88,180.0,166.46,213979,37740394.07,2170
2026-04-01,INE488B01017,TASTYBITE,EQ,6885.0,6900.0,6550.0,6697.5,6660.0,6532.0,4019,26821014.0,1007
2026-04-01,INE976I01016,TATACAP,EQ,311.5,314.15,305.05,305.9,306.9,305.0,2958821,915749727.7,45995
2026-04-01,INE092A01019,TATACHEM,EQ,605.0,614.8,594.6,606.75,609.65,583.25,503010,305662419.35,20030
2026-04-01,INE151A01013,TATACOMM,EQ,1377.2,1417.4,1362.1,1390.2,1388.5,1347.9,251619,349021692.6,25587
2026-04-01,INE467B01029,TCS,EQ,2429.0,2472.0,2397.9,2408.2,2411.2,2358.9,4132661,10057637617.8,147044
2026-04-01,INE192A01025,TATACONSUM,EQ,1025.0,1036.0,1013.0,1023.8,1026.7,1014.8,1309809,1339854649.3,84537
2026-04-01,INE670A01012,TATAELXSI,EQ,4109.3,4217.9,4051.0,4127.1,4131.0,3976.6,263560,1095452356.4,28710
2026-04-01,INE672A01026,TATAINVEST,EQ,573.85,584.0,560.75,577.1,580.95,541.15,696718,399011499.6,27344
2026-04-01,INE1TAE01010,TMCV,EQ,414.5,417.85,391.0,396.05,392.95,394.8,17330457,7014782112.55,214664
2026-04-01,INE155A01022,TMPV,EQ,310.0,310.0,302.05,302.95,303.4,296.2,8911554,2709806397.15,111874
2026-04-01,INE245A01021,TATAPOWER,EQ,390.7,390.9,378.55,380.2,380.1,378.75,6063436,2318306071.3,77215
2026-04-01,INE081A01020,TATASTEEL,EQ,200.0,200.2,194.0,194.6,194.85,191.86,35813622,7036027199.85,173738
2026-04-01,INE142M01025,TATATECH,EQ,519.0,539.2,519.0,531.05,531.2,509.2,1067785,568541646.45,28576
2026-04-01,INE517B01013,TTML,EQ,32.93,36.78,32.54,35.19,34.69,31.36,45111226,1598467839.99,122748
2026-04-01,INF277K015R5,NETF,EQ,243.23,250.26,243.23,246.54,246.39,243.23,8858,2195903.69,280
2026-04-01,INF277K010X4,NPBET,EQ,256.0,260.0,252.67,254.11,255.17,248.56,635,162227.09,51
2026-04-01,INF277KA1364,TNIDETF,EQ,76.09,78.99,75.32,78.53,78.99,74.95,32240,2518089.0,625
2026-04-01,INF277KA1976,TATAGOLD,EQ,14.14,14.98,13.78,14.45,14.45,14.14,93571521,1354094336.74,122708
2026-04-01,INF277KA1984,TATSILV,EQ,22.48,23.15,22.21,22.86,22.87,21.94,118766644,2723322694.38,114574
2026-04-01,INE0GK401011,TATVA,EQ,1050.0,1115.1,1050.0,1103.8,1101.0,1052.4,31148,34309199.7,4287
2026-04-01,INE0XWS01018,TAURIAN,SM,207.0,211.0,207.0,210.0,210.0,198.0,10400,2180760.0,10
2026-04-01,INE053F07835,753IRFC30,NJ,1134.9,1135.01,1115.01,1115.01,1115.01,1119.0,5102,5782030.8,20
2026-04-01,INE906B07EP5,769NHAI31,NE,1128.7,1149.94,1128.7,1135.51,1135.51,1119.31,5876,6690304.26,48
2026-04-01,INE053F07843,750IRFC35,NK,1175.0,1184.0,1175.0,1183.99,1184.0,1175.0,550,648948.62,8
2026-04-01,INE906B07EJ8,76NHAI31,,1086.01,1110.0,1086.0,1093.89,1096.0,1085.16,6192,6824577.58,86
2026-04-01,INE020B07GX4,738REC27TF,N2,1042.6,1051.0,1042.6,1051.0,1051.0,1042.42,2,2093.6,2
2026-04-01,INE0N2D01013,TBI,SM,60.4,64.0,60.4,61.8,61.8,57.85,18600,1161750.0,28
2026-04-01,INE673O01025,TBOTEK,EQ,1099.9,1102.7,1069.0,1093.9,1100.0,1057.3,258487,281602529.8,25761
2026-04-01,INE887D01016,TCC,EQ,326.0,349.95,326.0,346.2,349.85,324.9,2247,778655.0,212
2026-04-01,INE586V01016,TCIEXP,EQ,463.15,477.9,463.15,474.05,471.3,461.5,13494,6392203.8,776
2026-04-01,INE911B01018,TCIFINANCE,EQ,13.75,13.77,12.73,13.39,13.4,12.53,30865,412323.52,212
2026-04-01,INE822C01015,TCPLPACK,EQ,2439.9,2439.9,2326.6,2390.4,2381.5,2279.2,1649,3934828.7,429
2026-04-01,INE419M01027,TDPOWERSYS,EQ,870.05,886.8,856.5,862.6,860.8,851.35,1004726,875132165.35,53234
2026-04-01,INE289C01025,TEAMGTY,EQ,259.9,259.9,250.06,251.08,256.0,246.85,1212,307542.17,64
2026-04-01,INE985S01024,TEAMLEASE,EQ,1109.4,1170.6,1109.4,1150.2,1159.9,1128.5,14928,17206077.9,2234
2026-04-01,INE065J01024,TPHQ,EQ,0.45,0.46,0.45,0.46,0.46,0.44,466930,214329.56,274
2026-04-01,INE669C01036,TECHM,EQ,1412.6,1422.8,1395.0,1404.5,1405.7,1384.0,1624500,2289194977.0,69055
2026-04-01,INE0Y5H01014,TECHD,SM,453.95,499.0,453.9,495.0,495.05,432.85,20400,9791850.0,34
2026-04-01,INE0JQS01019,TECHERA,SM,187.65,197.0,185.0,193.75,194.55,187.65,64800,12475080.0,65
2026-04-01,INE285K01026,TECHNOE,EQ,1022.45,1057.0,1011.1,1031.35,1030.0,985.1,320490,330984962.45,25502
2026-04-01,INE545H01011,TIIL,EQ,2213.2,2301.3,2213.2,2254.3,2251.0,2188.1,13578,30733351.6,1614
2026-04-01,INE014B01011,TECILCHEM,EQ,11.5,12.86,11.21,11.23,11.21,11.38,2807,33352.54,33
2026-04-01,INE0K6601012,TGL,ST,31.05,31.05,31.05,31.05,31.05,31.65,7600,235980.0,26
2026-04-01,INE011K01018,TEGA,EQ,1685.0,1715.4,1674.0,1693.0,1682.0,1660.8,41877,71032410.7,3575
2026-04-01,INE17WC01013,TEJASCARGO,SM,285.45,285.45,285.45,285.45,285.45,285.45,400,114180.0,1
2026-04-01,INE010J01012,TEJASNET,EQ,409.95,424.85,401.0,420.05,419.0,386.25,7117072,2962013487.95,71723
2026-04-01,INE869Y01010,TEMBO,EQ,488.0,489.6,470.0,480.0,475.65,467.8,293667,140242413.2,3484
2026-04-01,INE19RI01016,TENNIND,EQ,540.0,548.4,524.0,531.15,527.0,515.1,658692,352799290.05,29530
2026-04-01,INE482B01010,TERASOFT,EQ,301.1,312.65,301.1,312.65,312.65,297.8,6995,2179194.5,186
2026-04-01,INE435C01024,TEXINFRA,EQ,98.8,99.99,96.02,96.58,97.14,97.61,73907,7228764.15,1086
2026-04-01,INE621L01012,TEXRAIL,EQ,83.99,88.99,82.35,88.4,88.45,78.8,8488655,736710258.49,40840
2026-04-01,INE141K01013,TEXMOPIPES,EQ,35.9,38.37,34.72,37.84,37.95,33.08,80548,3020024.36,971
2026-04-01,INE733E07JW2,762NTPC35F,ND,1183.11,1195.5,1183.11,1195.5,1195.5,1182.46,473,565180.55,9
2026-04-01,INE797H01018,TGBHOTELS,EQ,7.61,8.3,7.61,8.19,8.23,7.56,11264,92038.28,71
2026-04-01,INE0QJL01014,TCL,SM,75.6,81.0,75.6,76.9,77.0,75.55,18400,1426800.0,23
2026-04-01,INE085J01014,THANGAMAYL,EQ,3549.7,3679.0,3500.7,3552.4,3522.5,3425.9,81043,291981058.1,11733
2026-04-01,INE294Z01018,ANUP,EQ,1673.5,1757.5,1650.1,1728.8,1721.0,1603.7,61604,105116289.4,9364
2026-04-01,INE319B01014,BYKE,EQ,27.24,30.67,27.24,30.15,30.0,27.09,172721,5191876.38,735
2026-04-01,INE017A01032,GESHIP,EQ,1449.0,1491.9,1435.5,1460.1,1456.0,1414.7,713339,1046466681.4,52898
2026-04-01,INE646C01018,GROBTEA,EQ,849.35,850.0,830.4,847.25,849.5,806.4,200,168797.2,31
2026-04-01,INE127B01011,HITECHGEAR,BE,521.25,575.0,521.25,567.9,568.0,548.3,396,225602.6,19
2026-04-01,INE383A01012,INDIACEM,EQ,347.95,359.5,347.95,357.2,357.6,343.8,194859,69090163.75,14889
2026-04-01,INE053A01029,INDHOTEL,EQ,597.0,597.0,581.0,585.2,587.45,570.95,5310511,3119833745.8,87827
2026-04-01,INE924D01017,THEINVEST,EQ,90.21,96.75,90.21,94.25,94.0,91.15,6785,645286.04,151
2026-04-01,INE470Y01017,NIACL,EQ,120.0,124.55,119.9,123.67,123.9,117.82,557654,68631322.76,10908
2026-04-01,INE431F01018,PKTEA,EQ,833.0,852.0,833.0,840.0,840.0,816.25,26,21945.55,11
2026-04-01,INE211B01039,PHOENIXLTD,EQ,1529.5,1544.0,1494.0,1517.6,1510.1,1506.3,699773,1060697028.9,36662
2026-04-01,INE331A01037,RAMCOCEM,EQ,932.65,953.25,927.0,943.5,940.0,920.1,183752,173161132.35,18460
2026-04-01,INE301D01026,RUBYMILLS,EQ,212.0,212.0,202.8,204.15,204.0,202.25,10648,2191113.81,281
2026-04-01,INE683A01023,SOUTHBANK,EQ,35.88,37.2,35.3,36.36,36.2,34.22,21315930,777504839.48,57575
2026-04-01,INE655A01013,STCINDIA,EQ,107.9,107.9,101.85,103.17,103.5,97.82,39764,4109481.84,898
2026-04-01,INE071E01023,UGARSUGAR,EQ,39.19,40.6,38.95,39.13,39.05,39.19,256095,10150829.37,1752
2026-04-01,INE215F01023,WIPL,EQ,145.4,150.0,145.4,150.0,150.0,144.53,687,101605.55,23
2026-04-01,INE121N01019,THEJO,EQ,1554.9,1554.9,1480.0,1487.3,1485.0,1457.4,3588,5374131.4,441
2026-04-01,INE083B01024,THEMISMED,EQ,67.0,74.95,67.0,74.18,73.47,66.07,108608,7897480.27,1224
2026-04-01,INE152A01029,THERMAX,EQ,3299.0,3353.0,3272.0,3345.4,3342.0,3260.7,173401,578267096.2,23816
2026-04-01,INE0SHE01019,THESL,SM,12.3,12.3,12.3,12.3,12.3,12.0,3000,36900.0,1
2026-04-01,INE338A01024,TIRUMALCHM,EQ,168.24,184.93,168.24,180.07,178.35,165.32,552818,98895241.21,12120
2026-04-01,INE332A01027,THOMASCOOK,EQ,94.0,96.79,91.84,95.78,95.52,89.83,750934,71538339.76,7901
2026-04-01,INE480M01011,THOMASCOTT,EQ,244.0,255.51,244.0,248.57,250.0,235.5,31582,7924874.2,1484
2026-04-01,INE594H01019,THYROCARE,EQ,359.55,373.25,354.75,362.0,362.1,349.55,291531,106422428.7,13779
2026-04-01,INE906O01029,TIGERLOGS,EQ,24.2,26.99,24.2,26.33,26.38,23.9,121449,3098619.31,638
2026-04-01,INE440L01017,TIJARIA,BE,4.27,4.27,3.87,4.02,4.03,4.07,65488,266678.27,169
2026-04-01,INE806C01018,TIL,EQ,171.0,178.99,168.22,176.88,171.01,163.56,74906,13086417.76,1354
2026-04-01,INE806C20026,TIL-RE1,BE,2.04,2.8,2.0,2.8,2.8,2.0,103582,287535.83,252
2026-04-01,INE133E01013,TI,EQ,423.0,433.0,422.25,425.75,426.0,416.15,392885,167933102.0,15987
2026-04-01,INE508G01029,TIMETECHNO,EQ,164.36,170.28,163.05,167.53,167.1,158.42,2568501,430723465.77,29584
2026-04-01,INE0IJY01014,TIMESCAN,SM,40.85,41.5,40.85,41.5,41.5,42.95,14000,573500.0,5
2026-04-01,INE325A01013,TIMKEN,EQ,3325.0,3420.0,3268.0,3339.6,3326.0,3225.3,44810,149854080.2,12160
2026-04-01,INE015C01016,TINNARUBR,EQ,543.95,602.8,543.95,597.15,596.6,536.0,48636,28499618.8,2744
2026-04-01,INE0LQS01015,TIPSFILMS,EQ,301.0,302.0,291.2,292.95,293.0,281.45,3322,982388.0,136
2026-04-01,INE716B01029,TIPSMUSIC,EQ,500.0,518.5,500.0,514.6,514.0,493.7,135645,69570565.65,9940
2026-04-01,INE319Y01024,TIRUPATIFL,BE,40.48,42.5,40.48,42.5,42.5,40.48,202637,8595692.05,633
2026-04-01,INE615H01020,TITAGARH,EQ,595.95,618.75,586.35,609.0,608.95,574.85,896156,546167900.4,41150
2026-04-01,INE280A01028,TITAN,EQ,4000.0,4100.0,4000.0,4065.5,4058.0,3951.4,781974,3182226649.5,69342
2026-04-01,INE932C01012,TOKYOPLAST,EQ,62.9,66.0,59.05,65.18,66.0,58.56,5984,373189.36,144
2026-04-01,INE0RWQ01014,TOLINS,EQ,92.86,93.9,87.71,93.15,93.9,84.45,104405,9588025.4,1786
2026-04-01,INE685A01028,TORNTPHARM,EQ,4277.6,4333.0,4092.0,4111.3,4101.6,4220.2,425740,1786195589.1,58869
2026-04-01,INE813H01021,TORNTPOWER,EQ,1345.0,1357.0,1321.0,1337.1,1343.8,1305.8,874785,1172359201.5,25578
2026-04-01,INE336X01012,TOTAL,EQ,45.9,50.99,45.9,50.65,50.67,47.71,63665,3216652.86,157
2026-04-01,INE486Y01013,TOUCHWOOD,EQ,68.75,68.75,65.5,65.89,65.9,63.05,816,54797.28,42
2026-04-01,INE305A01023,TFCILTD,EQ,66.39,66.39,64.26,65.75,65.68,63.6,8254436,539594778.05,7413
2026-04-01,INE413G01022,TPLPLASTEH,EQ,54.8,59.7,54.01,57.6,59.7,51.5,119936,6807942.21,908
2026-04-01,INE0HMF01019,TRACXN,EQ,26.3,29.55,26.3,28.98,29.1,25.99,657074,18325389.17,2507
2026-04-01,INE763I01026,TARIL,EQ,268.0,282.8,264.25,274.3,274.9,254.35,5299656,1461362957.6,73765
2026-04-01,INE0O3901029,TREL,EQ,24.53,25.4,24.1,24.87,25.04,24.53,74847,1877655.55,318
2026-04-01,INE688A01022,TCI,EQ,940.0,978.0,923.0,929.05,941.0,923.0,17098,16071728.7,4115
2026-04-01,INE454P01035,TRANSRAILL,EQ,468.0,487.4,468.0,483.7,483.0,452.0,642397,309345113.85,19930
2026-04-01,INE0NVI01020,TRANSTEEL,SM,141.05,146.3,141.05,143.6,142.0,138.15,11000,1585050.0,11
2026-04-01,INE804H01012,TFL,EQ,11.33,12.4,11.33,12.12,12.3,11.13,16032,193359.52,78
2026-04-01,INE792X01016,TRANSWIND,SM,19.5,19.5,19.5,19.5,19.5,19.5,4000,78000.0,1
2026-04-01,INE757B01015,TRANSWORLD,EQ,120.1,133.0,120.1,132.24,132.5,115.05,64572,8376366.85,1276
2026-04-01,INE103V01028,TRAVELFOOD,EQ,1261.8,1280.0,1240.8,1276.9,1278.0,1261.8,54497,68964797.2,7007
2026-04-01,INE040M01013,TREEHOUSE,BE,7.89,7.89,7.16,7.88,7.88,7.52,15851,117903.72,83
2026-04-01,INE00CA01015,TREJHARA,EQ,140.0,149.96,140.0,144.94,148.0,142.82,10322,1523313.45,301
2026-04-01,INE849A01020,TRENT,EQ,3447.0,3539.9,3398.0,3526.5,3521.9,3295.8,1628959,5700671245.3,116866
2026-04-01,INE391D01019,TRF,EQ,224.0,233.89,224.0,232.06,231.25,217.05,15846,3642248.49,574
2026-04-01,INE760L01018,TBZ,EQ,114.0,127.2,114.0,126.04,126.05,111.51,692983,85348011.37,8432
2026-04-01,INE064C01022,TRIDENT,EQ,23.49,24.06,23.04,23.89,23.92,22.51,8604057,203884268.28,21551
2026-04-01,INE0QD201012,TECHLABS,SM,160.0,166.75,160.0,166.75,166.75,158.85,7500,1232618.75,37
2026-04-01,INE0LWY01029,TRIDHYA,SM,7.35,7.55,7.35,7.55,7.55,6.95,9000,67350.0,3
2026-04-01,INE948A01012,TRIGYN,EQ,38.94,46.2,38.94,45.57,45.5,38.65,68049,2972031.34,1614
2026-04-01,INE256C01024,TRIVENI,EQ,388.7,400.4,383.5,392.7,390.05,379.4,578440,228629134.6,17661
2026-04-01,INE152M01016,TRITURBINE,EQ,445.95,456.55,443.7,454.05,452.2,439.85,253376,114425106.75,15933
2026-04-01,INE0SYV01018,TROM,SM,51.0,52.55,50.0,52.55,52.55,43.95,5400,275040.0,9
2026-04-01,INE0MWH01014,TRUALT,EQ,414.0,417.6,408.0,410.75,410.95,403.4,120490,49746189.85,3069
2026-04-01,INE615R01029,TRU,EQ,4.63,4.86,4.59,4.86,4.86,4.63,41754,198128.35,130
2026-04-01,INE0SWN01019,TRUST,SM,31.85,32.0,31.0,32.0,32.0,30.5,5400,169830.0,8
2026-04-01,INE16VK01010,TSC,SM,29.45,29.6,29.45,29.6,29.6,28.05,12000,354100.0,6
2026-04-01,INE202Z01029,TSFINV,EQ,341.0,366.6,341.0,357.45,363.9,337.65,104597,37268477.1,6967
2026-04-01,INE910C01018,TTKHLTCARE,EQ,758.0,798.7,757.8,783.5,766.5,739.6,14694,11481699.7,1013
2026-04-01,INE690A01028,TTKPRESTIG,EQ,436.0,449.35,431.85,445.2,445.8,428.7,120150,53062016.9,6419
2026-04-01,INE974X01010,TIINDIA,EQ,2630.0,2648.0,2562.0,2572.7,2562.0,2517.3,303488,789586945.1,38718
2026-04-01,INE0OXV01027,TUNWAL,SM,29.1,29.7,29.05,29.15,29.1,28.7,80000,2349100.0,33
2026-04-01,INE038F01029,TVTODAY,EQ,99.2,103.99,97.0,103.42,103.12,99.05,171106,17451139.97,3699
2026-04-01,INE871L01013,TVVISION,EQ,5.07,5.39,4.65,5.31,5.36,5.07,13048,68837.39,82
2026-04-01,INE236G01019,TVSELECT,EQ,374.45,392.0,374.0,375.8,375.0,360.05,45351,17268187.45,1727
2026-04-01,INE105A01035,TVSHLTD,EQ,14350.0,14496.0,14092.0,14217.0,14265.0,13957.0,5909,84349575.0,3358
2026-04-01,INE494B01023,TVSMOTOR,EQ,3434.7,3502.0,3394.3,3425.8,3438.6,3363.8,1234217,4246317472.8,107043
2026-04-01,INE494B04019,TVSMNCRPS,P1,10.15,10.25,10.15,10.15,10.15,10.25,2465330,25024805.15,1095
2026-04-01,INE421C01016,TVSSRICHAK,EQ,3252.0,3458.7,3252.0,3394.7,3402.0,3211.5,5195,17589666.9,1241
2026-04-01,INE395N01027,TVSSCS,BE,92.26,95.51,92.26,95.51,95.51,90.97,75886,7229560.21,630
2026-04-01,INE388G01026,TICL,EQ,22.2,22.57,22.01,22.42,22.06,21.5,1408381,31580314.61,770
2026-04-01,INE152C01025,UYFINCORP,EQ,13.2,13.2,12.48,12.88,12.98,11.58,53676,693716.43,184
2026-04-01,INE139B01016,UCAL,EQ,81.0,88.7,81.0,86.75,86.99,80.68,16235,1396514.3,348
2026-04-01,INE583D07570,1039UCL26,NE,1090.0,1090.0,1090.0,1090.0,1090.0,1087.5,10,10900.0,1
2026-04-01,INE691A01018,UCOBANK,EQ,23.45,23.93,23.05,23.68,23.75,22.45,8872623,209025287.45,19130
2026-04-01,INE0N0Y01013,USK,BE,20.85,20.95,18.97,20.26,20.55,19.96,99451,1949862.4,216
2026-04-01,INE516A01017,UFLEX,EQ,354.95,379.25,345.0,369.25,371.0,334.35,209578,77387739.95,6103
2026-04-01,INE527H01019,UFO,EQ,56.4,63.2,56.2,61.62,61.9,55.05,232949,14166397.68,1511
2026-04-01,INE583D01011,UGROCAP,EQ,87.99,89.5,82.0,88.83,87.98,81.3,566146,49210266.35,7786
2026-04-01,INE899L01030,UEL,EQ,137.6,138.48,135.26,138.48,138.48,131.89,3105,429927.02,46
2026-04-01,INE551W01018,UJJIVANSFB,EQ,52.48,54.25,51.8,53.62,53.52,50.51,12418726,663888241.23,43074
2026-04-01,INE481G01011,ULTRACEMCO,EQ,10802.0,11112.0,10643.0,10714.0,10725.0,10745.0,431636,4660213814.0,54186
2026-04-01,INE067901012,UMA,SM,16.4,16.4,16.4,16.4,16.4,15.45,4000,65600.0,1
2026-04-01,INE0GIU01018,UMAEXPORTS,EQ,19.9,20.89,19.4,20.35,20.75,18.53,39991,807520.34,400
2026-04-01,INE398B01018,UMIYA-MRO,EQ,76.7,76.8,74.02,74.74,74.31,72.23,12329,931777.98,154
2026-04-01,INE351A01035,UNICHEMLAB,EQ,292.1,307.8,292.1,298.2,297.95,293.45,107656,32270582.75,1990
2026-04-01,INE00U401027,UNIECOM,EQ,84.92,86.97,82.25,85.61,85.0,79.08,554360,47482570.89,4849
2026-04-01,INE0PRF01011,UNIHEALTH,ST,380.0,380.5,378.6,380.5,380.5,362.4,22000,8366600.0,14
2026-04-01,INE481Z01011,UNIINFO,EQ,11.25,11.25,9.96,10.77,11.2,9.96,6115,66120.6,39
2026-04-01,INE0B2801011,UNILEX,SM,23.05,24.5,22.2,24.5,24.5,22.0,9600,225280.0,6
2026-04-01,INE0U3I01011,UNIMECH,EQ,734.8,749.0,715.0,723.7,735.0,706.3,108138,78768835.85,8430
2026-04-01,INE692A01016,UNIONBANK,EQ,171.0,173.1,167.33,171.64,172.19,164.2,15095865,2575714424.35,71641
2026-04-01,INF582M01KS4,UNIONGOLD,EQ,145.65,150.3,145.1,146.85,146.1,141.15,14351,2099511.55,155
2026-04-01,INE244O01017,UNIPARTS,EQ,454.95,466.9,450.0,458.8,459.75,442.95,41272,19021709.15,2396
2026-04-01,INE037A01022,UNIENTER,EQ,97.69,97.69,93.01,94.24,94.26,91.19,1735,164471.6,97
2026-04-01,INE694A01020,UNITECH,EQ,3.35,3.79,3.35,3.79,3.79,3.16,16644359,61224040.03,5475
2026-04-01,INE686F01025,UBL,EQ,1580.0,1599.0,1547.3,1584.2,1599.0,1540.0,49620,78331502.9,8331
2026-04-01,INE961D01019,UNIDT,EQ,147.1,157.3,147.1,154.98,154.0,146.77,13434,2063005.4,548
2026-04-01,INE382M01027,UFBL,EQ,207.0,214.83,201.71,204.41,205.0,195.3,61249,12885203.73,2179
2026-04-01,INE0SMR01011,UHTL,SM,48.05,48.05,46.0,47.5,47.5,44.0,60000,2828100.0,7
2026-04-01,INE458F01011,UNITEDTEA,EQ,515.45,517.5,510.3,511.75,510.6,507.75,1330,682462.7,208
2026-04-01,INE368U01029,UNITEDPOLY,EQ,23.5,23.9,23.5,23.9,23.9,22.77,18969,453259.8,67
2026-04-01,INE854D01024,UNITDSPR,EQ,1262.5,1262.5,1228.7,1249.3,1250.0,1218.8,3909216,4863920975.1,62138
2026-04-01,INE562X01013,UNIVASTU,EQ,61.99,63.0,60.0,61.8,62.0,59.81,70928,4338459.36,411
2026-04-01,INE279A01012,UNIVCABLES,EQ,652.0,695.9,652.0,684.5,693.0,649.6,40137,27357724.7,2393
2026-04-01,INE03V001013,UNIVPHOTO,BE,403.0,403.0,403.0,403.0,403.0,411.2,91,36673.0,9
2026-04-01,INE405E01023,UNOMINDA,EQ,1061.0,1061.0,1030.6,1043.4,1040.4,1031.6,929316,975292387.2,40311
2026-04-01,INE148I08256,915SCL26,NE,1031.48,1031.48,1031.48,1031.48,1031.48,1026.0,98,101085.04,4
2026-04-01,INE530B08094,10IIFL28A,NE,998.0,999.9,998.0,999.9,999.9,990.0,128,127890.3,4
2026-04-01,INE530B08102,96IIFL28A,NF,993.05,994.5,992.0,992.08,992.0,993.05,1849,1836208.81,37
2026-04-01,INE477L08154,96IIFL28,N5,992.0,994.95,990.11,992.16,992.0,991.39,640,635042.36,16
2026-04-01,INE866I08295,105IIFL29,N7,1030.0,1030.0,1030.0,1030.0,1030.0,1014.83,50,51500.0,1
2026-04-01,INE774D08MG3,M&MFIN,N3,2288.0,2288.0,2288.0,2288.0,2288.0,2285.0,130,297440.0,1
2026-04-01,INE306N08342,885TCAPS29,NC,1075.0,1075.0,1075.0,1075.0,1075.0,1066.0,1,1075.0,1
2026-04-01,INE851I01011,UDS,EQ,133.7,137.5,131.25,136.81,136.5,127.47,121701,16479990.93,1939
2026-04-01,INE628A01036,UPL,EQ,573.0,601.85,573.0,594.5,598.2,567.95,2182769,1295787196.6,48423
2026-04-01,INE0CBM01019,USASEEDS,SM,94.5,94.5,94.5,94.5,94.5,90.0,1284,121338.0,3
2026-04-01,INE568Z01015,URAVIDEF,EQ,113.1,123.5,113.1,122.24,123.5,112.28,9572,1150755.61,519
2026-04-01,INE0CAZ01013,URBANCO,EQ,121.83,125.34,121.24,123.79,123.74,118.86,5992568,741685588.06,39087
2026-04-01,INE0O0201019,URBAN,SM,132.6,136.4,132.6,135.05,135.05,130.45,4000,539320.0,5
2026-04-01,INE550C01020,URJA,EQ,8.05,9.19,8.05,8.98,9.08,8.01,2194895,19246504.66,4610
2026-04-01,INE0LS001014,USHAFIN,SM,31.8,31.85,31.8,31.85,31.85,30.5,3200,101840.0,2
2026-04-01,INE240C01028,UMESLTD,BE,6.55,6.85,6.33,6.68,6.78,6.55,65035,434583.2,128
2026-04-01,INE228A01035,USHAMART,EQ,410.15,410.2,399.05,406.65,408.0,391.45,203044,82464990.5,10675
2026-04-01,INE00NI01015,UCL,ST,86.5,86.7,86.0,86.7,86.7,85.0,14000,1212000.0,7
2026-04-01,INE094J01016,UTIAMC,EQ,974.95,974.95,944.0,950.5,950.0,937.35,134195,128026630.75,12286
2026-04-01,INF789F1AUV1,BANKBETA,EQ,54.37,58.3,52.76,54.99,52.9,52.04,777655,42588768.1,1825
2026-04-01,INF789F1AZF3,GILT10BETA,EQ,25.82,26.02,25.5,25.99,26.0,25.7,999,25788.74,27
2026-04-01,INF789F1AZE6,GILT5BETA,EQ,64.37,64.37,63.49,64.37,64.37,63.54,2684,172741.03,42
2026-04-01,INF789F1AZD8,ITBETA,EQ,314.97,316.48,309.46,310.2,310.23,303.31,768,241265.98,16
2026-04-01,INF789F1AYX9,MIDCAPBETA,EQ,203.89,204.67,200.09,201.26,201.26,196.66,1404,284575.81,63
2026-04-01,INF789F1AUW9,NEXT50BETA,EQ,66.49,67.84,66.46,67.35,67.35,64.84,126699,8509349.1,1075
2026-04-01,INF789F1AZC0,NIFTYBETA,EQ,247.55,255.29,247.55,249.55,249.6,246.56,242742,60900337.23,3503
2026-04-01,INF789FB1X58,SENSEXBETA,EQ,813.88,831.9,806.09,813.94,831.0,791.43,10420,8446601.84,316
2026-04-01,INF789F1AYK6,SILVERBETA,EQ,224.65,229.75,224.65,227.29,227.3,219.86,713014,162485425.3,7784
2026-04-01,INF789F1AUU3,SNXT50BETA,EQ,77.87,83.69,77.87,83.25,83.49,80.28,6956,573804.35,154
2026-04-01,INF789F1AUX7,GOLDBETA,EQ,125.6,126.25,123.6,125.05,125.35,122.55,586783,73573374.6,4992
2026-04-01,INE735W01017,UTKARSHBNK,EQ,10.5,11.5,10.5,11.44,11.5,10.22,11854746,132266691.2,12617
2026-04-01,INE06IJ01010,UTSSAV,SM,198.5,204.5,198.4,199.7,199.7,185.45,11400,2286180.0,19
2026-04-01,INE786F01031,UTTAMSUGAR,EQ,258.41,268.8,243.0,244.53,243.98,249.86,457943,117204937.98,9027
2026-04-01,INE0GXK01018,VMARCIND,SM,646.0,646.0,608.05,621.0,620.0,580.3,26000,16279287.5,61
2026-04-01,INE0QQM01017,VR,SM,143.6,143.6,143.6,143.6,143.6,136.8,400,57440.0,1
2026-04-01,INE951I01027,VGUARD,EQ,325.05,325.05,312.0,315.7,312.0,315.05,149805,47659261.7,10543
2026-04-01,INE0QXL01015,VLINFRA,SM,21.0,21.0,20.4,20.5,20.5,18.6,9000,185175.0,5
2026-04-01,INE945H01021,V2RETAIL,EQ,198.2,198.99,187.0,189.42,188.0,189.1,1959738,373797223.65,26119
2026-04-01,INE956G01038,WABAG,EQ,1205.0,1242.0,1180.0,1236.2,1227.0,1157.4,310279,379981641.2,20239
2026-04-01,INE694D01016,VADILALIND,EQ,4150.0,4428.1,4150.0,4397.7,4381.0,4090.0,25419,110432467.7,5338
2026-04-01,INE551Q01028,VSCL,SM,22.2,22.2,22.2,22.2,22.2,21.15,6000,133200.0,2
2026-04-01,INE884A01027,VAIBHAVGBL,EQ,184.0,189.03,182.0,185.33,184.0,175.36,432298,80274450.58,10790
2026-04-01,INE0JR301013,MADHAVBAUG,SM,168.4,172.0,164.2,164.2,164.2,166.6,10800,1820580.0,13
2026-04-01,INE972X01022,VAISHALI,EQ,5.0,5.85,5.0,5.85,5.85,4.88,561827,3210920.62,638
2026-04-01,INE051B01021,VAKRANGEE,EQ,4.73,5.6,4.73,5.42,5.45,4.68,6494722,34062048.59,5912
2026-04-01,INE0JWS01017,VALIANTLAB,EQ,54.0,58.9,53.99,56.94,57.4,51.62,44054,2528507.99,453
2026-04-01,INE565V01010,VALIANTORG,EQ,205.24,239.42,205.24,230.75,226.0,202.07,102165,23404781.71,2575
2026-04-01,INE879I01012,DBREALTY,EQ,88.1,93.49,87.11,91.56,90.98,83.97,2196987,200333082.94,16490
2026-04-01,INE116G01013,VARDHACRLC,EQ,28.29,30.0,27.7,29.39,30.0,27.23,30516,880835.03,262
2026-04-01,INE701A01023,VHL,EQ,2952.5,3248.0,2952.5,3223.8,3240.0,2976.9,798,2536069.3,173
2026-04-01,INE835A01029,VARDMNPOLY,BE,6.47,6.79,6.34,6.78,6.79,6.47,218640,1456752.11,262
2026-04-01,INE050M01012,VSSL,EQ,217.76,226.76,212.01,223.88,223.4,208.4,32178,7166565.39,1286
2026-04-01,INE825A01020,VTL,EQ,525.0,532.4,520.65,529.8,530.0,523.7,726645,384126327.0,17957
2026-04-01,INE665L01035,VARROC,EQ,479.9,489.0,473.5,478.35,480.0,467.4,179124,86063822.4,8965
2026-04-01,INE200M01039,VBL,EQ,397.3,404.25,389.05,401.8,401.75,384.1,6465240,2571145702.7,79798
2026-04-01,INE273D01027,VGL,EQ,49.9,53.3,48.52,50.91,49.52,47.0,53004,2641324.88,892
2026-04-01,INE0N5801013,DENTALKART,SM,359.0,370.0,354.0,366.7,360.0,336.7,16750,6047050.0,47
2026-04-01,INE893I01013,VASCONEQ,EQ,28.02,30.85,28.02,30.53,30.85,27.06,1545603,46236905.44,5784
2026-04-01,INE590L01019,VASWANI,EQ,50.8,53.7,50.0,51.83,51.7,50.09,78921,4145205.14,1298
2026-04-01,INE098201036,VCL,EQ,1.3,1.3,1.28,1.29,1.3,1.28,217258,281702.78,245
2026-04-01,INE04HY07294,1025VCCL28,N0,95800.0,95800.0,95800.0,95800.0,95800.0,96500.0,1,95800.0,1
2026-04-01,INE04HY07377,115VCCL28,N0,100393.44,100393.44,100393.44,100393.44,100393.44,100299.92,25,2509836.0,2
2026-04-01,INE04HY07336,118VCCL27B,N0,97300.0,97300.0,97300.0,97300.0,97300.0,97500.0,1,97300.0,1
2026-04-01,INE04HY07229,12VCCL29B,N0,99099.0,99099.0,99000.0,99000.0,99000.0,98500.0,2,198099.0,2
2026-04-01,INE04HY08011,125VCCL31,N0,96000.0,96000.0,96000.0,96000.0,96000.0,96500.0,5,480000.0,1
2026-04-01,INE04HY07385,115VCCL28A,N0,98250.0,98250.0,98250.0,98250.0,98250.0,98250.0,3,294750.0,2
2026-04-01,INE0U2M01015,VDEAL,SM,170.0,195.0,170.0,186.9,186.9,166.5,3000,538200.0,4
2026-04-01,INE825V01034,MANYAVAR,EQ,358.0,378.9,354.5,374.35,377.0,351.0,320923,117978005.6,15087
2026-04-01,INE205A01025,VEDL,EQ,664.0,689.5,663.15,677.2,676.85,654.8,16756679,11403548975.15,164624
2026-04-01,INE484C01030,VEEDOL,EQ,1255.0,1298.7,1255.0,1288.8,1296.9,1246.2,10461,13423778.2,1404
2026-04-01,INE0KTW01013,VEEKAYEM,SM,127.1,127.1,127.1,127.1,127.1,126.5,500,63550.0,1
2026-04-01,INE0I3H01019,VELS,SM,52.0,52.2,52.0,52.1,52.2,49.75,2400,125040.0,2
2026-04-01,INE398A01010,VENKEYS,EQ,1210.0,1231.2,1191.8,1220.7,1217.0,1170.8,39957,48468593.9,3895
2026-04-01,INE781S01027,VENTIVE,EQ,568.8,586.95,555.25,577.2,572.0,548.9,81933,47139219.7,6543
2026-04-01,INE0JA001018,VENUSPIPES,EQ,945.0,999.0,916.35,988.45,992.0,894.0,77967,75755538.75,5098
2026-04-01,INE411B01019,VENUSREM,EQ,859.0,861.05,832.05,861.05,861.05,820.05,17138,14717860.6,269
2026-04-01,INE0IQ001011,VERANDA,EQ,139.48,147.4,137.22,143.85,143.43,133.86,316071,44416429.77,3800
2026-04-01,INE0SRI01019,VERITAAS,SM,41.5,41.55,41.5,41.55,41.55,39.6,2400,99660.0,2
2026-04-01,INE0NLB01018,VERTEXPLUS,SM,86.1,86.1,86.1,86.1,86.1,86.1,1800,154980.0,2
2026-04-01,INE0KXY23015,VERTIS,IV,106.5,106.5,104.0,104.28,106.0,106.6,525000,55162500.0,13
2026-04-01,INE188Y01031,VERTOZ,EQ,29.0,33.82,29.0,31.14,31.0,28.19,346944,11108272.39,3132
2026-04-01,INE386A01023,VESUVIUS,EQ,440.35,455.6,439.3,443.65,443.5,435.35,127048,56536027.5,11398
2026-04-01,INE918N01018,VETO,EQ,87.9,95.2,87.79,94.13,95.2,84.4,41371,3827031.13,741
2026-04-01,INE0MO401019,VIAZ,SM,61.25,61.25,61.0,61.0,61.0,61.0,14000,855700.0,7
2026-04-01,INE0QTF01015,VSTL,EQ,103.8,110.0,103.8,108.76,108.25,102.25,10835,1158505.53,260
2026-04-01,INE048C01025,VHLTD,BE,142.0,142.0,136.05,139.48,140.05,138.89,4433,615623.11,104
2026-04-01,INE0F8901022,VICTORYEV,SM,13.7,14.5,13.7,14.15,14.15,14.0,54000,768900.0,16
2026-04-01,INE632C01026,VIDHIING,EQ,278.0,302.0,278.0,298.15,294.0,275.2,32306,9401030.6,2202
2026-04-01,INE14UN01029,VIDYAWIRES,EQ,51.45,52.85,51.25,52.43,52.5,50.15,1202967,62742461.77,7777
2026-04-01,INE043W01024,VIJAYA,EQ,868.95,889.15,862.5,884.55,883.0,861.4,36948,32629688.5,4983
2026-04-01,INE0WL901019,VIJAYPD,ST,63.1,68.45,63.1,68.45,68.45,65.2,28000,1877200.0,7
2026-04-01,INE159N01027,VIJIFIN,BE,3.03,3.03,2.86,3.03,3.03,2.89,353014,1068448.21,294
2026-04-01,INE806A01020,VIKASECO,EQ,1.0,1.14,1.0,1.13,1.13,0.99,4128517,4601962.66,6344
2026-04-01,INE161L01027,VIKASLIFE,EQ,1.07,1.26,1.07,1.24,1.26,1.06,9851109,11668589.13,3345
2026-04-01,INE078V01014,VIKRAMSOLR,EQ,185.7,189.18,180.75,183.18,183.68,177.67,2240416,412562340.69,22836
2026-04-01,INE01R501028,VIKRAN,EQ,54.5,56.06,53.6,55.57,55.79,51.9,2368037,131043055.32,11268
2026-04-01,INE0AZY01017,VILAS,SM,363.0,370.0,353.7,357.2,353.8,337.85,145000,52224350.0,40
2026-04-01,INE0L4V01013,VILINBIO,ST,37.35,37.35,37.35,37.35,37.35,36.65,28000,1045800.0,1
2026-04-01,INE579C01029,VIMTALABS,EQ,397.0,413.6,392.2,408.2,410.25,380.7,211902,86334030.05,6671
2026-04-01,INE410B01037,VINATIORGA,EQ,1350.0,1364.0,1330.3,1342.2,1342.5,1324.3,31640,42615041.3,4796
2026-04-01,INE707A01012,VINDHYATEL,EQ,999.0,1088.8,998.65,1081.2,1084.0,975.0,29954,31748121.4,2240
2026-04-01,INE505Y01010,VINEETLAB,EQ,31.6,31.6,28.66,29.47,29.5,29.06,91068,2698136.9,751
2026-04-01,INE01KI01027,VINNY,EQ,0.98,1.07,0.98,1.03,1.05,0.97,482152,503597.51,284
2026-04-01,INE0OSJ01014,VINSYS,SM,250.0,258.0,235.0,251.25,250.0,233.4,8000,1951125.0,13
2026-04-01,INE498Q01014,VINCOFE,EQ,138.94,138.94,134.21,135.54,135.0,132.26,886606,120928135.2,8659
2026-04-01,INE0OLS01010,VINYAS,SM,822.0,846.0,822.0,835.1,826.5,813.2,6500,5460570.0,47
2026-04-01,INE250B01029,VINYLINDIA,EQ,166.58,197.0,166.58,186.59,182.6,164.98,54131,10199681.2,1714
2026-04-01,INE450G01024,VIPCLOTHNG,EQ,14.8,17.28,14.8,16.99,16.6,14.79,323437,5335633.89,1219
2026-04-01,INE054A01027,VIPIND,EQ,306.95,322.9,306.95,316.25,317.0,302.25,192240,61071600.55,7542
2026-04-01,INE946H01037,VIPULLTD,BE,10.35,10.35,10.35,10.35,10.35,10.56,78258,809970.3,82
2026-04-01,INE539B01017,VIRINCHI,EQ,15.2,15.41,14.67,15.37,15.22,14.01,104138,1584470.31,358
2026-04-01,INE0VRH01015,VGINFOTECH,SM,109.9,123.9,109.5,119.05,123.7,105.3,119000,13870550.0,112
2026-04-01,INE286H01012,VISASTEEL,EQ,27.05,29.78,27.05,29.61,29.71,28.37,26583,756630.58,231
2026-04-01,INE370E01029,VIVIDHA,EQ,0.45,0.51,0.45,0.48,0.49,0.43,779284,375263.65,292
2026-04-01,INE392A01021,VISAKAIND,EQ,52.0,55.72,52.0,55.09,55.0,51.5,129194,7099566.38,709
2026-04-01,INE0BHK01012,VISAMAN,ST,102.0,104.65,102.0,104.65,104.65,99.7,2000,206650.0,2
2026-04-01,INE01EA01019,VMM,EQ,108.98,108.99,104.25,105.11,105.3,105.3,19303940,2041478314.55,91258
2026-04-01,INE270I01022,VISHNU,EQ,490.2,505.7,490.2,497.15,498.5,488.6,45864,22921838.65,2857
2026-04-01,INE0AE001013,VPRPL,EQ,30.84,33.99,30.42,33.64,33.69,29.82,3344375,110548897.1,12833
2026-04-01,INE0PQ001012,VISHNUINFR,SM,129.0,135.0,129.0,134.95,135.0,125.6,19500,2597825.0,20
2026-04-01,INE430N01022,VISHWARAJ,EQ,4.22,4.6,4.22,4.55,4.57,4.18,426293,1910514.75,1123
2026-04-01,INE0TR001017,VIESL,SM,250.0,256.9,247.0,250.7,252.95,235.2,20000,5020880.0,22
2026-04-01,INE0L4K01016,VITAL,EQ,45.09,45.09,45.09,45.09,45.09,42.95,4299,193841.91,11
2026-04-01,INE0MEG01014,VIVIANA,SM,642.0,718.95,642.0,671.8,674.8,624.9,27400,18596620.0,112
2026-04-01,INE526G01021,VIVIMEDLAB,EQ,5.15,5.54,5.15,5.53,5.54,5.28,115252,625388.72,319
2026-04-01,INE807F01027,VIYASH,EQ,186.99,195.31,186.99,192.93,191.73,182.82,565164,108607345.58,10245
2026-04-01,INE03HW01020,VLEGOV,EQ,8.99,9.47,8.42,9.47,9.47,8.61,435718,4043623.01,767
2026-04-01,INE709A01018,VLSFINANCE,EQ,216.99,219.92,212.12,216.4,215.43,207.8,17928,3870020.72,766
2026-04-01,INE665J01013,VMART,EQ,475.05,502.8,475.05,483.2,489.9,477.2,132535,64474803.75,11532
2026-04-01,INE0SJA01013,VMSTMT,EQ,35.2,37.99,35.2,37.63,37.74,34.51,119388,4410334.31,1261
2026-04-01,INE669E01016,IDEA,EQ,8.94,8.94,8.63,8.64,8.65,8.53,664715028,5839394072.31,107740
2026-04-01,INE241X01014,VOLERCAR,SM,220.0,227.7,220.0,225.4,227.7,207.0,16800,3782440.0,20
2026-04-01,INE540H01012,VOLTAMP,EQ,8919.5,9120.0,8800.0,9055.0,9040.0,8685.5,48315,434863829.0,17056
2026-04-01,INE226A01021,VOLTAS,EQ,1300.0,1310.4,1214.4,1249.7,1241.0,1272.8,2810600,3542519436.7,61030
2026-04-01,INE0S2V01010,VRAJ,EQ,100.49,106.95,99.86,105.29,106.85,94.67,44265,4574969.99,897
2026-04-01,INE366I01010,VRLLOG,EQ,237.8,243.9,235.12,235.99,235.72,233.9,136144,32453129.77,4999
2026-04-01,INE710A01016,VSTIND,EQ,206.0,216.8,203.99,211.13,211.25,200.07,195196,40881914.79,3714
2026-04-01,INE764D01017,VSTTILLERS,EQ,4950.0,5051.0,4874.0,4936.7,4960.0,4804.0,19394,96216294.8,3680
2026-04-01,INE100D01014,WSI,EQ,66.49,69.44,65.31,68.38,68.2,63.68,60718,4075689.31,838
2026-04-01,INE377N01017,WAAREEENER,EQ,3220.0,3220.0,3041.1,3089.2,3091.0,3109.8,2210451,6836531200.2,113108
2026-04-01,INE299N01021,WAAREERTL,EQ,815.95,844.0,802.7,838.55,840.4,782.3,321884,266808874.4,16785
2026-04-01,INE0E7301029,WAKEFIT,EQ,151.95,158.5,145.78,147.69,148.1,152.01,270529,41026488.08,5234
2026-04-01,INE711A01022,WALCHANNAG,EQ,137.28,145.99,135.65,143.33,142.97,131.65,871821,123986424.58,7966
2026-04-01,INE107F01022,WANBURY,BE,232.87,233.04,225.0,230.42,230.5,221.95,69428,16049727.3,376
2026-04-01,INE0A3007065,1075WCA28,N0,9850.0,9850.0,9850.0,9850.0,9850.0,9700.0,1,9850.0,1
2026-04-01,INE082W01014,WEWIN,EQ,38.25,40.7,38.25,40.7,40.7,37.0,2169,86582.74,74
2026-04-01,INF2F0001370,TWCGOLDETF,EQ,147.99,148.5,146.7,147.62,148.0,145.0,13224,1954714.37,82
2026-04-01,INE658T01017,WEALTH,EQ,807.75,876.75,806.8,826.0,830.0,807.75,3911,3290449.3,418
2026-04-01,INE855C01023,WEBELSOLAR,EQ,68.8,71.34,67.26,71.34,71.34,64.86,3352485,235770081.86,7527
2026-04-01,INE080A01014,WEIZMANIND,EQ,69.9,69.9,66.61,69.0,69.0,66.5,2263,156758.94,31
2026-04-01,INE191B01025,WELCORP,EQ,825.8,847.65,823.5,827.8,833.0,812.7,338165,282410894.7,19671
2026-04-01,INE625G01013,WELENT,EQ,425.5,441.45,425.5,438.9,438.0,415.75,57096,24851478.75,3702
2026-04-01,INE389K01018,WELINV,EQ,1251.0,1295.0,1251.0,1265.4,1261.0,1260.0,289,367341.0,53
2026-04-01,INE192B01031,WELSPUNLIV,EQ,111.3,116.0,110.8,115.71,115.42,108.32,2508134,287550059.42,20074
2026-04-01,INE274C01019,WENDT,EQ,6100.0,6452.5,6040.0,6159.5,6100.0,5924.5,15633,98346855.5,3557
2026-04-01,INE976A01021,WSTCSTPAPR,EQ,414.5,438.0,413.25,434.45,434.0,406.7,91613,39304424.45,2424
2026-04-01,INE0CJF01024,WCIL,EQ,80.0,84.28,79.55,81.01,81.22,77.87,252644,20655486.93,2478
2026-04-01,INE274F01020,WESTLIFE,EQ,490.95,491.0,451.75,461.35,456.05,481.3,620251,286830928.25,30509
2026-04-01,INE085001019,WEWORK,EQ,481.9,482.0,445.8,454.85,456.0,455.35,249471,114933304.7,9277
2026-04-01,INE715A01015,WHEELS,EQ,1038.0,1044.0,977.35,987.55,992.0,997.25,142447,144660631.55,6351
2026-04-01,INE716A01013,WHIRLPOOL,EQ,810.0,832.5,803.2,830.25,829.0,789.7,187059,153876769.55,14863
2026-04-01,INE210A01017,WILLAMAGOR,EQ,25.0,25.0,22.35,23.93,23.26,21.75,14851,350252.22,467
2026-04-01,INE0H5O01029,WINDLAS,EQ,747.95,775.0,743.2,767.65,771.0,736.75,22215,17010581.05,1483
2026-04-01,INE052A01021,WINDMACHIN,EQ,215.0,222.63,209.45,217.86,219.1,205.55,33500,7341559.57,721
2026-04-01,INE0S9101013,WINNY,SM,38.95,38.95,38.95,38.95,38.95,38.95,500,19475.0,1
2026-04-01,INE0S3D01016,WINSOL,SM,101.25,106.0,98.0,100.05,100.05,95.9,14000,1421480.0,28
2026-04-01,INE075A01022,WIPRO,EQ,191.51,194.49,190.41,191.18,191.1,187.64,11769673,2265216829.13,92695
2026-04-01,INE623Y01011,WTICAB,SM,79.95,91.25,79.95,91.2,91.25,76.05,37000,3321975.0,57
2026-04-01,INE049B01025,WOCKPHARMA,EQ,1234.0,1283.5,1198.4,1267.6,1267.0,1175.7,949969,1194802775.8,41583
2026-04-01,INE0OO201011,WOL3D,ST,118.95,118.95,118.95,118.95,118.95,113.3,5000,594750.0,5
2026-04-01,INE0Q9601016,WOMANCART,SM,142.0,146.65,142.0,145.85,144.1,133.35,30800,4487200.0,35
2026-04-01,INE02WG01024,WEL,EQ,95.09,108.5,76.76,80.77,80.0,95.94,40288514,3620139237.28,225554
2026-04-01,INE066O01014,WONDERLA,EQ,509.8,525.0,500.85,522.75,521.6,485.8,58859,30342091.65,2428
2026-04-01,INE196Y01018,WORTHPERI,EQ,123.0,127.43,119.61,123.05,123.64,116.52,5964,730946.09,133
2026-04-01,INE692G01013,XCHANGING,EQ,50.0,53.48,49.1,53.13,52.0,47.79,179025,9367321.0,2046
2026-04-01,INE01P501012,XELPMOC,EQ,84.79,90.17,84.79,89.03,90.0,84.37,12338,1099068.08,291
2026-04-01,INE445C01015,XPROINDIA,EQ,1013.8,1067.0,1004.9,1038.7,1025.8,1012.5,44911,46610613.2,3767
2026-04-01,INE547B01028,XTGLOBAL,EQ,26.21,31.35,26.2,29.61,31.3,26.15,51185,1439239.52,462
2026-04-01,INE0U0J01015,YAAP,SM,142.0,142.2,136.0,139.85,142.2,138.15,23000,3190500.0,20
2026-04-01,INE0TO601017,YASHOPTICS,SM,106.0,110.0,106.0,110.0,110.0,104.05,10400,1132360.0,13
2026-04-01,INE616Z01012,YASHO,EQ,1309.4,1399.7,1303.8,1377.8,1390.0,1259.4,11017,14912911.5,1490
2026-04-01,INE0JO301016,YATHARTH,EQ,634.0,675.0,630.9,666.65,665.0,617.15,439199,288588056.6,17933
2026-04-01,INE0JR601024,YATRA,EQ,94.79,99.17,93.4,98.39,98.6,90.38,2645569,257970669.11,15786
2026-04-01,INE528G01035,YESBANK,EQ,17.66,18.1,17.63,17.91,17.95,17.25,98191539,1752150909.27,80976
2026-04-01,INE09FA01019,YUDIZ,ST,23.0,23.25,23.0,23.25,23.25,22.15,1600,37000.0,2
2026-04-01,INE384C01016,YUKEN,EQ,596.0,639.95,596.0,630.9,632.0,593.95,4476,2808587.1,420
2026-04-01,INE0ISZ01012,ZTECH,SM,511.1,535.5,510.0,533.65,535.0,507.35,23100,11999565.0,56
2026-04-01,INE07K301024,ZAGGLE,EQ,198.97,223.5,198.0,217.49,223.0,187.47,12937137,2768545933.36,110018
2026-04-01,INE0PPS01018,ZEAL,SM,59.95,66.0,59.95,66.0,66.0,57.3,4200,270360.0,7
2026-04-01,INE256A01028,ZEEL,EQ,74.0,76.85,73.8,76.07,76.2,72.14,7477556,568399063.23,33942
2026-04-01,INE565L01011,ZEELEARN,EQ,4.25,5.0,4.25,4.7,4.74,4.25,611893,2869957.14,682
2026-04-01,INE966H01019,ZEEMEDIA,BE,6.9,6.98,6.9,6.97,6.98,6.65,1387729,9685112.37,603
2026-04-01,INE251B01027,ZENTEC,EQ,1337.9,1386.0,1296.8,1345.4,1349.2,1279.0,543139,730715469.9,32905
2026-04-01,INE0QWN01013,ZENITHDRUG,SM,38.0,40.0,38.0,38.45,38.45,35.2,18400,718000.0,21
2026-04-01,INE058B01018,ZENITHEXPO,EQ,180.46,188.0,180.46,187.4,187.4,180.46,104,19170.96,6
2026-04-01,INE318D01020,ZENITHSTL,EQ,4.65,4.85,4.65,4.8,4.8,4.65,47109,224252.18,164
2026-04-01,INE520A01027,ZENSARTECH,EQ,524.95,543.8,521.55,538.2,538.0,514.55,343314,184283788.8,21952
2026-04-01,INF0R8F01042,GOLDCASE,EQ,22.21,23.73,22.21,23.48,23.51,22.9,11526561,270770875.86,20851
2026-04-01,INF0R8F01034,LIQUIDCASE,EQ,113.41,113.43,113.41,113.42,113.43,113.41,29973256,3399676220.52,15745
2026-04-01,INF0R8F01133,LTGILTCASE,EQ,30.39,30.39,29.12,29.61,29.6,29.5,73933,2182825.56,400
2026-04-01,INF0R8F01059,MID150CASE,EQ,10.03,10.1,9.91,9.96,9.95,9.73,3486489,34954961.54,6600
2026-04-01,INF0R8F01166,NIFTYCASE,EQ,8.91,9.2,8.91,9.07,9.11,8.91,2888953,26271564.39,2969
2026-04-01,INF0R8F01091,SILVERCASE,EQ,22.93,24.49,22.53,23.9,23.87,22.93,12113347,289904909.05,14682
2026-04-01,INF0R8F01141,SML100CASE,EQ,8.88,8.99,8.55,8.89,8.92,8.62,1806090,16084836.76,1635
2026-04-01,INF0R8F01067,TOP100CASE,EQ,9.84,9.86,9.59,9.7,9.75,9.55,2700780,26426703.4,2770
2026-04-01,INE342J01019,ZFCVINDIA,EQ,13899.0,14780.0,13807.0,14375.0,14780.0,13768.0,19207,274561665.0,8009
2026-04-01,INE518E01015,ZIMLAB,EQ,61.3,65.0,61.3,64.38,65.0,60.26,29351,1874116.92,516
2026-04-01,INE206B01013,ZODIACLOTH,EQ,63.0,67.8,62.15,66.95,67.5,59.54,14874,971476.93,269
2026-04-01,INE761Y01019,ZODIAC,EQ,217.5,248.0,217.5,241.44,242.5,213.5,31870,7522867.96,1514
2026-04-01,INE358U01012,ZOTA,EQ,1114.8,1136.0,1099.2,1116.2,1120.0,1064.8,35344,39608125.4,1966
2026-04-01,INE840M01016,ZUARI,EQ,187.0,197.93,185.69,196.37,197.92,181.17,254485,49246450.46,3847
2026-04-01,INE217A01012,ZUARIIND,EQ,217.0,232.39,217.0,229.81,230.0,213.3,50867,11596557.72,1546
2026-04-01,INE010B01027,ZYDUSLIFE,EQ,888.0,900.0,857.1,863.2,866.0,871.2,768431,671069385.9,37264
2026-04-01,INE768C01028,ZYDUSWELL,EQ,445.0,445.0,431.1,435.75,431.1,426.35,194848,85108877.55,9491
