trade_date,isin,symbol,series,open,high,low,close,last_price,prev_close,volume,turnover,trades
2026-05-21,IN0020200104,SGBJUN28,GB,15690.0,15795.6,15690.0,15731.5,15760.0,15690.0,35,551079.39,12
2026-05-21,IN0020200286,SGBN28VIII,GB,15965.62,15965.62,15651.01,15720.0,15720.0,15576.22,265,4167748.44,36
2026-05-21,IN0020210053,SGBMAY29I,GB,15750.0,15779.99,15702.0,15742.96,15760.0,15658.52,553,8698220.45,79
2026-05-21,IN0020210061,SGBJUN29II,GB,15727.0,15849.99,15727.0,15779.75,15780.0,15715.0,22,346572.0,9
2026-05-21,IN0020210087,SGBJU29III,GB,15745.0,15799.99,15745.0,15793.52,15760.0,15654.04,377,5945708.7,36
2026-05-21,IN0020210145,SGBSEP29VI,GB,15684.96,15896.0,15684.96,15888.0,15896.0,15684.96,305,4832675.47,39
2026-05-21,IN0020210178,SGBNV29VII,GB,15699.09,15974.98,15699.09,15865.69,15874.0,15699.09,216,3405939.47,33
2026-05-21,IN0020190073,SGBJUN27,GB,15701.0,15701.0,15700.0,15700.0,15700.0,15700.0,24,376810.0,2
2026-05-21,IN0020190081,SGBJUL27,GB,16000.0,16000.0,15452.0,15675.0,15675.0,15625.0,9,142382.0,7
2026-05-21,IN0020190107,SGBAUG27,GB,15704.0,15759.98,15625.0,15705.33,15713.6,15573.99,235,3688402.69,95
2026-05-21,IN0020190115,SGBSEP27,GB,15700.0,15700.0,15700.0,15700.0,15700.0,15610.0,10,157000.0,1
2026-05-21,IN0020180462,SGBJAN27,GB,15910.0,15945.44,15516.12,15945.44,15945.44,15650.0,3,47371.56,3
2026-05-21,IN0020190370,SGBOCT27,GB,15800.0,15800.0,15654.22,15699.78,15700.0,15601.19,28,440413.88,6
2026-05-21,IN0020190388,SGBOCT27VI,GB,15620.21,15700.0,15620.21,15655.0,15655.0,15600.0,20,313014.74,7
2026-05-21,IN0020190461,SGBDC27VII,GB,15750.0,15799.97,15716.02,15794.99,15794.99,15643.32,539,8482933.92,32
2026-05-21,IN0020200062,SGBAPR28I,GB,15700.0,15844.85,15649.99,15755.67,15720.0,15660.0,436,6851347.67,104
2026-05-21,IN0020200088,SGBMAY28,GB,15650.0,15701.0,15650.0,15700.4,15700.4,15608.32,294,4610633.97,42
2026-05-21,IN0020200146,SGBJUL28IV,GB,15651.0,15800.0,15651.0,15749.72,15750.0,15632.55,477,7496492.19,74
2026-05-21,IN0020190545,SGBFEB28IX,GB,15585.02,15889.67,15585.02,15889.67,15889.67,15575.0,2,31474.69,2
2026-05-21,IN0020200161,SGBAUG28V,GB,15623.2,15749.99,15600.0,15737.52,15701.11,15615.22,1345,21142972.34,136
2026-05-21,IN0020200195,SGBSEP28VI,GB,15622.01,15734.99,15621.0,15706.28,15725.0,15621.38,376,5899245.98,44
2026-05-21,IN0020200203,SGBOC28VII,GB,15700.0,15738.5,15662.0,15680.88,15682.0,15623.8,78,1223744.29,20
2026-05-21,IN0020190537,SGBJ28VIII,GB,15665.0,15800.0,15650.0,15675.0,15675.0,15654.06,146,2285563.21,23
2026-05-21,IN0020190552,SGBMAR28X,GB,15850.0,15850.0,15650.0,15650.1,15650.1,15600.0,9,141060.1,5
2026-05-21,IN0020210111,SGBJUL29IV,GB,15769.99,15800.0,15726.0,15751.0,15751.0,15645.31,233,3666908.83,23
2026-05-21,IN0020200377,SGBJAN29IX,GB,15662.0,15840.0,15662.0,15700.04,15702.0,15642.12,677,10649952.43,77
2026-05-21,IN0020210129,SGBAUG29V,GB,15844.0,15880.31,15800.01,15849.57,15847.0,15844.0,321,5084487.67,43
2026-05-21,IN0020210228,SGBD29VIII,GB,15700.0,15970.0,15700.0,15815.0,15815.0,15678.2,279,4412590.54,53
2026-05-21,IN0020200385,SGBJAN29X,GB,15700.0,15744.5,15700.0,15727.0,15730.0,15645.91,45,707255.5,12
2026-05-21,IN0020200393,SGBFEB29XI,GB,15678.0,15750.0,15678.0,15750.0,15750.0,15658.4,106,1664607.6,7
2026-05-21,IN0020200427,SGBMR29XII,GB,15695.0,15730.0,15672.0,15707.5,15730.0,15625.34,144,2260293.37,41
2026-05-21,IN0020220045,SGBJUN30,GB,15713.0,15878.0,15713.0,15850.75,15850.75,15705.38,96,1519754.22,36
2026-05-21,IN0020220078,SGBAUG30,GB,15801.0,15979.98,15780.0,15850.35,15880.0,15729.77,250,3960945.45,52
2026-05-21,IN0020220110,SGBDE30III,GB,15989.0,15989.0,15794.0,15819.28,15813.0,15792.16,139,2198233.27,42
2026-05-21,IN0020210236,SGBJAN30IX,GB,15696.0,15850.0,15696.0,15803.88,15801.0,15696.0,452,7130312.09,64
2026-05-21,IN0020210319,SGBMAR30X,GB,15720.0,15850.0,15720.0,15844.24,15844.0,15719.99,148,2339354.74,21
2026-05-21,IN0020230069,SGBJUN31I,GB,15843.04,15922.26,15800.01,15848.38,15875.0,15843.04,511,8099559.48,146
2026-05-21,IN0020230093,SGBSEP31II,GB,15840.0,15929.99,15812.0,15850.83,15850.02,15810.66,784,12422542.92,214
2026-05-21,IN0020230168,SGBDE31III,GB,15900.0,15999.99,15701.0,15939.31,15950.0,15884.9,1405,22319697.7,256
2026-05-21,IN0020220169,SGBMAR31IV,GB,15813.0,15975.01,15780.0,15832.95,15900.0,15805.99,408,6458377.05,77
2026-05-21,IN0020230184,SGBFEB32IV,GB,16135.01,16224.99,16021.0,16079.12,16090.0,16109.39,1387,22337829.1,288
2026-05-21,INE144J01027,20MICRONS,EQ,182.05,182.05,174.0,174.96,178.4,179.36,113230,20086700.31,2493
2026-05-21,INE253B01015,21STCENMGM,EQ,32.0,32.11,31.54,31.61,31.61,31.49,1268,40573.24,19
2026-05-21,INE466L01038,360ONE,EQ,1118.8,1131.0,1105.2,1111.8,1112.6,1107.4,833753,935039475.9,26567
2026-05-21,INF579M01BB5,GOLD360,EQ,154.05,154.7,153.0,154.0,154.2,153.6,13929,2146708.1,229
2026-05-21,INF579M01BC3,SILVER360,EQ,260.33,261.4,256.81,259.83,258.5,259.37,28182,7312530.59,655
2026-05-21,INE994E01018,3BBLACKBIO,EQ,1245.8,1291.2,1176.1,1201.8,1200.0,1263.0,15062,18373575.2,2204
2026-05-21,INE748C01038,3IINFOLTD,EQ,17.7,17.74,17.52,17.62,17.6,17.64,281039,4964707.05,681
2026-05-21,INE470A01017,3MINDIA,EQ,31425.0,32650.0,30800.0,32200.0,32240.0,31140.0,9817,311876765.0,5068
2026-05-21,INE105C01023,3PLAND,EQ,32.7,32.7,31.0,31.66,31.64,32.49,6646,212259.35,155
2026-05-21,INE618L01018,5PAISA,EQ,315.8,323.9,310.65,318.65,322.0,310.6,37332,11894590.8,1830
2026-05-21,INE111B01023,63MOONS,EQ,695.1,701.75,680.0,682.7,681.0,688.5,51430,35498096.9,3125
2026-05-21,INE053F07579,734IRFC28,N4,1070.3,1070.3,1070.3,1070.3,1070.3,1085.6,1,1070.3,1
2026-05-21,INE134E07588,760PFCL35,N3,1186.71,1186.71,1186.71,1186.71,1186.71,1186.76,1,1186.71,1
2026-05-21,INE261F07032,764NABAR31,N2,1098.0,1103.0,1098.0,1102.16,1103.0,1095.99,1198,1318941.55,15
2026-05-21,INE031A07AO5,764HUDCO31,N8,1116.0,1116.0,1116.0,1116.0,1116.0,1117.24,45,50220.0,1
2026-05-21,INE031A07AT4,769HUDCO31,N9,1120.0,1120.0,1118.0,1118.0,1118.0,1128.0,261,291808.0,3
2026-05-21,INE202E07229,774IREDA31,N7,1113.0,1113.0,1113.0,1113.0,1113.0,1113.0,166,184758.0,1
2026-05-21,INE020B07GH7,812REC27,NI,1091.0,1091.25,1091.0,1091.25,1091.25,1089.95,40,43642.5,3
2026-05-21,INE031A07840,82HUDCO27,N2,1034.0,1034.02,1033.2,1033.2,1033.2,1034.0,566,585144.2,5
2026-05-21,INE134E07208,830PFCL27,N5,1066.0,1066.0,1066.0,1066.0,1066.0,1065.0,100,106600.0,2
2026-05-21,INE906B07DE1,850NHAI29,N5,1099.99,1099.99,1097.99,1097.99,1097.99,1090.0,221,242897.79,4
2026-05-21,INE774D08LU6,872MMFSL26,N1,1023.0,1025.0,1023.0,1023.0,1023.0,1023.0,258,263942.0,5
2026-05-21,INE906B07DF8,875NHAI29,N6,1097.0,1101.0,1096.0,1096.99,1097.0,1095.99,763,837472.1,30
2026-05-21,INE031A07949,876HUDCO28,ND,1121.0,1121.5,1121.0,1121.5,1121.5,1121.0,607,680448.39,8
2026-05-21,INE848E07559,879NHPC28,N5,1144.99,1144.99,1144.99,1144.99,1144.99,1196.44,20,22899.8,2
2026-05-21,INE787H07370,891IIFCL34,N4,1241.01,1258.0,1241.01,1258.0,1258.0,1242.07,15,18785.05,2
2026-05-21,INE733E07JJ9,891NTPC33,N6,1254.1,1256.3,1254.0,1256.3,1256.3,1271.0,60,75263.9,4
2026-05-21,INE848E07567,892NHPC33,N6,1230.0,1230.0,1220.35,1220.35,1220.35,1230.0,162,197966.9,2
2026-05-21,INE134E07463,892PFCL33,N8,1309.1,1309.1,1300.0,1300.0,1300.0,1308.0,2038,2667481.9,8
2026-05-21,INE774D08MA6,9MMFSML,N2,1083.5,1083.5,1081.0,1081.0,1081.0,1082.0,24,25946.5,2
2026-05-21,INE031A07AB2,901HUDCO34,NE,1300.0,1300.0,1285.0,1300.0,1300.0,1286.04,699,906237.3,8
2026-05-21,INE08PH01015,ABCOTS,EQ,221.59,221.59,213.2,217.25,214.98,218.64,42111,9163112.59,1230
2026-05-21,INE00YB01025,ABINFRA,EQ,13.2,13.45,12.73,12.88,12.89,12.92,990877,12967735.17,2257
2026-05-21,INE850B01026,ABMKNO,EQ,227.0,236.0,220.0,220.46,220.01,226.0,3050,707228.95,48
2026-05-21,INE366C01021,ACSTECH,EQ,33.52,33.84,32.99,33.81,33.84,33.18,107536,3621054.94,269
2026-05-21,INE701G01012,AKCAPIT,EQ,1636.0,1640.0,1590.1,1595.2,1619.9,1589.3,1061,1713568.8,62
2026-05-21,INE619I01012,A2ZINFRA,EQ,14.34,15.05,14.34,15.05,15.05,14.34,293904,4406412.49,358
2026-05-21,INE0D0U01013,AAATECH,EQ,94.0,94.41,91.43,92.18,93.0,93.71,8890,824997.49,274
2026-05-21,INE883F01010,AADHARHFC,EQ,482.7,485.3,471.0,474.7,471.1,479.7,196565,93737036.15,15992
2026-05-21,INE1GYP01013,AAKAAR,SM,66.2,66.2,66.2,66.2,66.2,63.05,4800,317760.0,3
2026-05-21,INE087Z01024,AAKASH,BE,9.2,9.29,8.95,8.97,8.98,9.0,108382,981584.52,373
2026-05-21,INE124401014,AARADHYA,SM,88.0,88.0,87.5,87.5,87.5,94.0,2400,210600.0,2
2026-05-21,INE198H01019,AAREYDRUGS,BE,85.0,85.99,81.3,82.03,82.5,85.06,20489,1705109.64,163
2026-05-21,INE750R01016,AARNAV,EQ,23.7,24.18,22.8,23.85,23.4,22.55,200234,4799985.84,429
2026-05-21,INE721Z01010,AARON,EQ,120.0,124.49,120.0,120.44,120.05,122.51,17654,2133550.86,541
2026-05-21,INE01C001026,AARTECH,EQ,42.86,42.9,41.15,41.97,42.0,41.81,97515,4099112.59,195
2026-05-21,INE767A01016,AARTIDRUGS,EQ,384.95,384.95,378.3,380.4,380.05,381.65,51470,19614665.65,2996
2026-05-21,INE769A01020,AARTIIND,EQ,465.7,484.8,465.7,482.75,481.0,463.35,1122452,538717506.8,27273
2026-05-21,INE0LRU01027,AARTIPHARM,EQ,710.8,711.4,701.0,703.5,705.0,700.75,78237,55243077.45,6809
2026-05-21,INE09EO01013,AARTISURF,EQ,394.4,397.0,383.0,384.85,383.2,383.75,8490,3281612.4,718
2026-05-21,INE754X01016,AARVI,EQ,126.0,129.45,125.0,128.11,127.51,124.94,16548,2098495.06,234
2026-05-21,INE216P01012,AAVAS,EQ,1369.6,1384.0,1350.1,1374.8,1360.0,1358.2,43450,59505816.5,9013
2026-05-21,INE365O01028,ABANSENT,BE,25.2,27.26,24.76,25.75,27.0,25.97,37642,998032.83,204
2026-05-21,INE00ZE01026,AFSL,EQ,201.12,202.85,200.76,201.25,201.0,201.02,449924,90468101.31,289
2026-05-21,INE117A01022,ABB,EQ,6673.0,6718.0,6566.0,6598.0,6594.0,6605.0,498808,3307017526.0,46650
2026-05-21,INE358A01014,ABBOTINDIA,EQ,27495.0,27880.0,27495.0,27715.0,27780.0,27445.0,6955,192528370.0,3025
2026-05-21,INE0UYG01015,ABHAPOWER,SM,34.0,35.75,34.0,35.3,35.35,34.35,12800,446400.0,8
2026-05-21,INE251C01025,ABMINTLLTD,EQ,47.0,47.0,44.02,45.5,44.02,44.84,298,13774.6,16
2026-05-21,INE0QRV01016,ABSMARINE,SM,240.0,269.1,240.0,262.95,264.5,234.65,263500,67322125.0,437
2026-05-21,INE012A01025,ACC,EQ,1358.0,1365.0,1354.7,1360.8,1359.5,1351.6,119454,162451137.4,7762
2026-05-21,INE793A01012,ACCELYA,EQ,1125.0,1125.0,1108.1,1120.6,1122.0,1106.4,6682,7462881.9,679
2026-05-21,INE0Q5D01013,ACCENTMIC,SM,420.0,424.95,418.0,423.25,422.0,418.6,30000,12638925.0,43
2026-05-21,INE0T8T01010,ACCPL,ST,113.6,116.0,112.65,115.1,114.5,113.0,24000,2743020.0,16
2026-05-21,INE648Z01023,ACCURACY,EQ,5.35,5.55,5.21,5.55,5.55,5.29,130172,714844.27,294
2026-05-21,INE543V01017,ACEINTEG,EQ,19.9,20.2,19.51,19.79,20.04,19.83,1972,38851.69,46
2026-05-21,INE622W01025,ACMESOLAR,EQ,284.3,285.5,278.7,282.65,281.9,281.65,825045,232834778.75,12478
2026-05-21,INE731H01025,ACE,EQ,889.05,889.05,861.0,867.7,875.0,896.85,608360,529721364.35,24587
2026-05-21,INE00FF01025,ACUTAAS,EQ,2890.0,3025.0,2875.3,3000.4,2997.0,2880.6,825155,2456919719.3,50622
2026-05-21,INE931S01010,ADANIENSOL,EQ,1356.0,1395.0,1332.1,1342.2,1339.0,1346.1,3223315,4392742889.9,75571
2026-05-21,INE423A01024,ADANIENT,EQ,2727.9,2770.0,2684.0,2697.6,2690.0,2704.8,1606690,4382553937.9,60673
2026-05-21,INE364U01010,ADANIGREEN,EQ,1381.5,1401.0,1351.6,1358.2,1356.0,1363.2,2772832,3824833100.4,57298
2026-05-21,INE742F01042,ADANIPORTS,EQ,1781.4,1800.8,1776.8,1793.3,1790.0,1772.6,1628329,2915341592.2,50066
2026-05-21,INE814H01029,ADANIPOWER,EQ,222.3,226.4,218.5,219.33,219.8,220.24,34984894,7792971505.45,173433
2026-05-21,INE399L01023,ATGL,EQ,616.0,654.7,614.3,638.1,638.0,610.6,11446003,7360011500.25,157491
2026-05-21,INE0RDH01021,ADDICTIVE,SM,68.5,70.1,68.0,70.05,70.0,70.5,2000,138300.0,4
2026-05-21,INE982B01027,ADFFOODS,EQ,266.9,273.45,259.4,263.85,264.35,263.8,215341,57429493.75,5787
2026-05-21,INE20PL01012,ADISOFT,SM,206.0,206.9,196.0,197.85,197.5,205.55,53600,10824360.0,64
2026-05-21,INE404A01024,ABSLAMC,EQ,1030.0,1037.2,1010.2,1021.5,1016.9,1021.1,113012,115687170.8,11417
2026-05-21,INE674K01013,ABCAPITAL,EQ,358.85,363.0,348.1,349.4,348.15,353.1,4428896,1564865097.6,73808
2026-05-21,INE647O01011,ABFRL,EQ,62.87,67.21,62.8,66.76,67.1,62.53,8099577,530275522.79,28453
2026-05-21,INE14LE01019,ABLBL,EQ,102.25,104.37,101.92,103.4,103.85,101.46,473945,48854717.39,10831
2026-05-21,INE865C01022,BIRLAMONEY,EQ,135.9,139.0,134.05,134.68,134.1,134.85,41635,5668855.09,938
2026-05-21,INE055A01016,ABREL,EQ,1285.7,1295.9,1251.5,1254.7,1257.0,1279.0,138054,175287238.3,8937
2026-05-21,INE819V01029,CPPLUS,EQ,2438.0,2465.1,2401.0,2416.3,2414.0,2400.4,128880,313977941.1,13548
2026-05-21,INE01YQ01013,AUSL,SM,20.95,20.95,20.95,20.95,20.95,20.95,2000,41900.0,1
2026-05-21,INE679V01027,AVL,EQ,541.3,547.95,523.5,530.85,532.0,541.35,352629,187120904.6,10298
2026-05-21,INF209KB18D3,BSLGOLDETF,EQ,138.92,139.38,138.61,138.96,138.76,138.42,84311,11716241.77,1318
2026-05-21,INF209KB19D1,BSLNIFTY,EQ,27.2,28.25,27.2,27.55,27.6,27.57,235668,6511085.29,4172
2026-05-21,INE045A01017,ADOR,EQ,1070.0,1100.0,1068.6,1091.2,1099.3,1056.1,39182,42558480.1,2715
2026-05-21,INE737B01033,ADROITINFO,EQ,8.98,9.45,8.76,8.87,8.9,8.96,80534,723971.09,336
2026-05-21,INE0ALI01010,ADVAIT,EQ,2033.9,2141.7,2002.8,2090.2,2080.0,1992.2,89668,187014504.8,10561
2026-05-21,INE1B0W01010,ADVANCE,EQ,102.0,105.18,102.0,102.95,102.82,101.67,77554,8032905.42,1097
2026-05-21,INE837H01020,ADVENZYMES,EQ,393.7,393.7,380.15,386.2,384.45,388.9,175854,68038223.65,5888
2026-05-21,INE199C01026,ADVANIHOTR,EQ,53.0,53.83,52.8,53.02,53.03,53.2,12908,685234.12,354
2026-05-21,INE28GN01010,ADVENTHTL,EQ,143.0,143.98,138.0,141.06,139.99,141.69,150667,21088155.63,2752
2026-05-21,INE208C01025,AEGISLOG,EQ,709.0,731.6,709.0,727.85,726.0,709.95,477961,347104112.4,19000
2026-05-21,INE0INX01018,AEGISVOPAK,EQ,202.7,208.01,201.12,205.05,204.6,199.65,402568,82554841.58,8932
2026-05-21,INE423A07500,AEL12126,NI,951.0,1015.0,951.0,1003.0,1003.0,1015.0,221,216777.0,14
2026-05-21,INE423A07542,AEL1212026,NO,1052.0,1056.88,1052.0,1055.89,1056.88,1056.0,277,292483.04,3
2026-05-21,INE423A07534,875AEL29,NK,1018.05,1018.05,1018.05,1018.05,1018.05,1026.0,8,8144.4,1
2026-05-21,INE423A07427,885AEL28,NB,1129.69,1129.69,1129.69,1129.69,1129.69,1130.0,1,1129.69,1
2026-05-21,INE423A07526,890AEL31,NN,1038.0,1038.0,1037.0,1037.0,1037.0,1037.0,200,207430.0,4
2026-05-21,INE423A07443,9AEL30,NE,1046.0,1046.0,1045.99,1045.99,1045.99,1046.0,44,46023.57,4
2026-05-21,INE423A07393,930AEL30,NF,1086.01,1094.99,1085.55,1094.99,1094.99,1085.16,173,187962.55,5
2026-05-21,INE947N01017,AEQUS,EQ,209.2,219.5,203.14,214.75,216.2,206.19,6654794,1418473197.79,92912
2026-05-21,INE065D01027,AEROENTER,EQ,101.03,101.85,97.5,98.08,97.6,99.24,247894,24500138.06,1799
2026-05-21,INE024001021,AEROFLEX,EQ,395.95,397.75,378.1,379.95,379.45,391.05,1663081,641224069.95,19701
2026-05-21,INE035801013,AERONEU,EQ,93.77,93.89,86.75,91.52,91.7,92.41,119774,10899724.33,2659
2026-05-21,INE0WL801011,AERON,SM,84.0,91.4,79.05,90.0,90.0,98.0,165000,14084600.0,145
2026-05-21,INE0BWX01014,AETHER,EQ,1103.1,1103.1,1076.0,1082.8,1081.4,1085.5,390439,423167181.8,22045
2026-05-21,INE101I01011,AFCONS,EQ,305.45,308.4,299.15,301.15,300.0,305.4,684275,207318336.45,14398
2026-05-21,INE00WC01027,AFFLE,EQ,1445.0,1457.2,1415.5,1442.2,1445.9,1443.9,223840,321040524.8,19596
2026-05-21,INE692Z01013,AFFORDABLE,BE,164.85,172.0,161.6,168.94,169.8,164.26,10163,1714227.27,163
2026-05-21,INE916Y07065,1150AFIL28,N0,9680.0,9680.0,9680.0,9680.0,9680.0,9710.0,3,29040.0,1
2026-05-21,INE916Y07032,12AFIL27,N0,9727.63,9949.0,9727.63,9949.0,9949.0,9926.15,63,625615.63,7
2026-05-21,INE916Y07057,12AFIL28,N0,9875.0,9921.2,9873.0,9921.2,9921.2,9882.0,13,128835.0,3
2026-05-21,INE204E01012,AGARIND,EQ,405.95,419.95,402.8,412.8,411.5,400.55,53413,22047864.65,2371
2026-05-21,INE0P8X01016,AGARWALTUF,SM,125.15,128.0,125.05,127.2,125.05,125.15,6000,760740.0,5
2026-05-21,INE415A01038,AGI,EQ,582.95,587.25,578.1,584.35,584.0,574.4,90136,52540819.4,4525
2026-05-21,INE976R01033,AGIIL,EQ,390.0,399.0,377.4,380.5,382.5,381.7,2208143,853618539.6,17399
2026-05-21,INE0LF301013,AGNI,SM,20.0,20.0,20.0,20.0,20.0,20.0,2500,50000.0,1
2026-05-21,INE449G01018,AGRITECH,EQ,107.6,109.7,106.5,106.99,106.99,107.52,3047,326915.11,96
2026-05-21,INE740V01019,AGROPHOS,EQ,30.22,30.96,29.5,30.12,30.4,30.49,17261,524642.26,148
2026-05-21,INE00PV01013,AHLADA,EQ,40.0,40.0,38.75,39.17,38.75,39.5,12868,511623.66,82
2026-05-21,INE758C01029,AHLUCONT,EQ,789.4,800.85,776.9,782.25,776.9,789.95,16068,12664889.35,2278
2026-05-21,INE212H01026,AIAENG,EQ,3962.2,4042.1,3962.2,3995.4,3966.0,3962.2,31651,126553408.6,5019
2026-05-21,INE0RUV01018,AIMTRON,SM,1081.9,1145.35,1060.4,1133.8,1145.0,1078.95,71000,78803750.0,293
2026-05-21,INE805A01014,GOLDTECH,EQ,41.94,41.94,39.0,40.22,40.8,40.08,18767,752490.9,464
2026-05-21,INE645W01026,AIRAN,EQ,16.18,16.55,16.15,16.28,16.37,16.38,47990,782099.38,256
2026-05-21,INE801L01010,AIROLAM,EQ,83.01,85.38,81.84,83.08,83.1,82.86,1636,135638.76,72
2026-05-21,INE031B01049,AJANTPHARM,EQ,3213.5,3220.0,3140.1,3149.2,3148.0,3188.8,54083,170787644.1,10459
2026-05-21,INE274Y01021,AJAXENGG,EQ,569.1,574.9,561.3,567.55,569.9,569.35,34094,19424392.9,3161
2026-05-21,INE298G01035,AJMERA,EQ,122.19,123.9,117.5,118.46,122.0,122.04,219690,26280205.55,2593
2026-05-21,INE820Y01021,AJOONI,EQ,4.16,4.19,4.1,4.1,4.11,4.16,293128,1216283.43,309
2026-05-21,INE0PCY01014,AKANKSHA,ST,90.5,90.5,90.25,90.25,90.25,95.0,6000,541800.0,6
2026-05-21,INE737W01013,AKASH,EQ,27.8,27.9,26.5,27.79,27.9,27.47,19886,541749.81,94
2026-05-21,INE00Y801016,AKG,EQ,11.12,11.45,11.05,11.23,11.22,11.31,5803,65262.22,93
2026-05-21,INE642Z01026,AKI,EQ,4.9,5.09,4.84,4.91,4.9,4.88,53419,264469.22,180
2026-05-21,INE0PMR01017,AKIKO,ST,271.9,275.0,267.9,275.0,275.0,282.0,16800,4521600.0,19
2026-05-21,INE916Y01027,AFIL,BE,9.12,9.39,8.77,8.99,8.95,9.12,4285146,38665939.09,593
2026-05-21,INE523B01011,AKSHOPTFBR,BE,6.17,6.17,6.17,6.17,6.17,6.29,17823,109967.91,43
2026-05-21,INE256Z01025,AKSHAR,EQ,0.49,0.5,0.48,0.48,0.49,0.49,661682,324050.8,273
2026-05-21,INE542B01011,AKSHARCHEM,EQ,204.95,209.98,193.51,206.2,208.02,195.53,3734,742202.01,92
2026-05-21,INE09XN01023,AKUMS,EQ,516.0,527.4,509.15,521.35,523.5,514.95,221302,115046404.0,11729
2026-05-21,INE914E01040,ALANKIT,EQ,8.55,8.81,8.55,8.62,8.68,8.61,94765,821707.35,496
2026-05-21,INE155C01010,ALBERTDAVD,EQ,715.2,715.5,704.5,706.3,705.0,708.35,1239,875182.65,85
2026-05-21,INE448V01019,ALCODIS,ST,78.0,78.0,75.0,76.0,76.0,78.6,3125,237687.5,4
2026-05-21,INE426A01027,ALEMBICLTD,EQ,88.75,89.76,87.06,87.41,87.45,87.27,172234,15141250.98,2103
2026-05-21,INE901L01018,APLLTD,EQ,755.85,756.1,745.0,748.9,749.0,752.35,98559,73860998.25,4164
2026-05-21,INE598D01035,ALGOQUANT,EQ,59.15,59.8,58.06,58.83,58.95,58.26,1027877,60338930.68,1923
2026-05-21,INE062D01024,ALICON,EQ,656.85,665.0,651.1,658.3,655.5,656.55,6609,4358667.65,955
2026-05-21,INE03Q201024,ALIVUS,EQ,1069.1,1074.3,1048.3,1056.5,1060.0,1060.8,38056,40432422.5,4604
2026-05-21,INE773I01017,ALKALI,EQ,69.0,72.1,67.11,69.91,70.9,67.02,32381,2257074.1,411
2026-05-21,INE540L01014,ALKEM,EQ,5465.0,5604.0,5416.0,5501.5,5515.0,5436.5,100493,554175521.5,19520
2026-05-21,INE150B01039,ALKYLAMINE,EQ,1782.0,1807.9,1727.0,1742.4,1748.0,1776.6,91765,161901554.7,13110
2026-05-21,INE0M2X01012,ALLETEC,SM,149.0,154.65,148.7,152.95,152.9,148.7,14800,2247360.0,37
2026-05-21,INE0GV601021,ALLTIME,EQ,244.65,247.58,240.91,244.7,244.0,240.39,32039,7847172.75,832
2026-05-21,INE418H01029,ALLCARGO,EQ,8.75,8.82,8.6,8.66,8.65,8.63,3244164,28085202.83,3822
2026-05-21,INE0NN701020,ATL,EQ,24.93,25.2,23.2,24.19,24.35,24.62,143182,3520111.18,1126
2026-05-21,INE835G01018,ALLDIGI,EQ,825.4,827.85,814.15,826.45,825.0,821.2,4161,3426553.2,286
2026-05-21,INE552Z01027,ABDL,EQ,539.85,539.85,525.4,536.95,537.0,532.25,244733,130561576.75,7956
2026-05-21,INE102I01027,ADSL,EQ,126.99,136.8,125.02,129.68,128.5,124.22,655288,85995574.16,6881
2026-05-21,INE326B01035,ALMONDZ,EQ,15.98,15.98,13.65,14.22,14.18,15.13,183554,2654002.16,595
2026-05-21,INE270A01029,ALOKINDS,EQ,12.58,12.67,12.34,12.38,12.39,12.49,7623649,94728787.71,16686
2026-05-21,INE385I01010,ALPA,EQ,69.5,69.7,68.1,69.56,69.7,68.22,3771,259971.95,92
2026-05-21,INE0R4701017,ALPEXSOLAR,SM,1012.5,1047.0,996.0,1014.05,1000.0,1009.85,82200,84289315.0,628
2026-05-21,INE137C01018,ALPHAGEO,EQ,226.01,230.61,221.0,223.36,224.45,224.84,4663,1044496.49,256
2026-05-21,INE0STM01017,ALUWIND,SM,50.3,52.55,50.0,52.55,52.55,51.9,6000,304350.0,4
2026-05-21,INE121R01077,AMAGI,EQ,419.55,422.2,393.1,396.85,399.0,410.1,96296,39121230.55,6002
2026-05-21,INE084K01015,AMANTA,EQ,127.62,129.1,125.41,126.24,125.8,126.35,46513,5888321.63,774
2026-05-21,INE885A01032,ARE&M,EQ,820.65,831.4,818.0,821.45,819.0,814.65,276850,228304163.25,14325
2026-05-21,INE293601014,AMBAAUTO,SM,126.25,127.7,110.0,113.45,112.0,123.05,45000,5364100.0,32
2026-05-21,INE432A01017,AMBALALSA,EQ,32.46,34.5,31.85,32.75,32.81,32.84,161871,5362133.68,1772
2026-05-21,INE371P01015,AMBER,EQ,7150.0,7634.5,7120.0,7537.0,7500.0,7049.5,1293057,9635715783.0,121320
2026-05-21,INE0M3I01029,AMBEY,ST,24.7,25.8,24.7,25.8,25.8,24.65,6000,150400.0,3
2026-05-21,INE792B01012,AMBICAAGAR,EQ,23.44,24.48,23.33,23.77,23.89,23.55,6099,144618.35,148
2026-05-21,INE540G01014,AMBIKCO,EQ,1542.3,1542.3,1512.9,1530.5,1531.0,1520.2,2439,3730438.7,393
2026-05-21,INE079A01024,AMBUJACEM,EQ,435.0,438.0,430.95,436.45,437.2,430.25,2915980,1268084708.5,23570
2026-05-21,INE005I01014,AMDIND,EQ,45.5,46.5,45.2,45.95,46.0,45.45,8612,395552.66,127
2026-05-21,INE275D01022,AMNPLST,EQ,199.95,203.0,193.0,196.02,197.0,194.79,9025,1767628.93,177
2026-05-21,INE05TO01019,AMIRCHAND,EQ,130.5,131.1,127.7,128.34,129.09,128.9,164787,21276801.9,2176
2026-05-21,INE606A01024,AMJLAND,EQ,38.71,40.0,38.71,39.09,39.01,39.61,6779,266185.49,108
2026-05-21,INE098F01031,AMRUTANJAN,EQ,555.95,555.95,547.0,549.25,548.0,550.5,17963,9889851.85,884
2026-05-21,INE549H01021,ARSSBL,EQ,525.5,541.05,521.6,537.7,540.0,517.1,451519,240677740.1,9325
2026-05-21,INE463V01026,ANANDRATHI,EQ,3520.0,3644.1,3511.6,3595.6,3601.1,3533.7,265622,953990758.6,23995
2026-05-21,INE242C01024,ANANTRAJ,EQ,496.0,513.0,490.0,510.25,509.3,488.7,2044302,1025640276.65,32423
2026-05-21,INE1UA823019,ANANTAM,IV,109.4,109.4,107.05,107.5,107.35,107.56,11701,1262273.05,78
2026-05-21,INE0VG001016,AMCL,SM,529.0,529.0,500.0,504.75,513.3,509.0,18400,9290920.0,31
2026-05-21,INE666E01020,ACL,EQ,55.23,56.5,55.19,56.05,56.5,55.23,12126,677704.57,137
2026-05-21,INE435A01051,ANDHRAPAP,EQ,63.95,64.05,63.12,63.35,63.25,63.58,32479,2065643.88,389
2026-05-21,INE715B01021,ANDHRSUGAR,EQ,91.01,91.78,88.1,89.3,89.25,90.73,186823,16856903.11,2415
2026-05-21,INE732I01021,ANGELONE,EQ,327.8,343.3,327.0,339.65,339.8,325.0,25211127,8545143480.85,200024
2026-05-21,INE635Y01015,AISL,SM,60.85,60.85,59.85,59.85,59.85,59.4,1200,72420.0,2
2026-05-21,INE087B01017,ANIKINDS,BE,43.69,43.69,42.12,43.46,43.46,43.73,291,12523.69,14
2026-05-21,INE071F01012,APCL,EQ,116.0,119.0,114.18,115.18,117.0,113.0,7146,830342.32,163
2026-05-21,INE106I01010,ANKITMETAL,BZ,1.56,1.65,1.56,1.62,1.63,1.6,16843,26561.36,30
2026-05-21,INE0Y8W01025,AHCL,EQ,13.44,14.4,13.35,13.89,14.2,13.31,4173135,57885649.73,5511
2026-05-21,INE0LR101013,ANLON,ST,545.1,560.0,545.1,560.0,560.0,569.0,2800,1559440.0,7
2026-05-21,INE02AR01019,ANMOL,EQ,11.58,11.58,11.27,11.29,11.3,11.21,13332,151473.89,144
2026-05-21,INE0MGM01017,ANNAPURNA,SM,143.0,147.0,136.75,138.45,137.9,144.15,20750,2930637.5,75
2026-05-21,INE0VTV01012,ANONDITA,SM,1002.0,1074.9,1001.0,1066.15,1070.0,1000.05,21000,21873710.0,98
2026-05-21,INE436A01026,ANSALAPI,BZ,4.3,4.3,4.26,4.26,4.26,4.34,10301,44282.26,3
2026-05-21,INE414B01021,ANTGRAPHIC,EQ,0.83,0.89,0.83,0.86,0.87,0.85,172296,148641.85,163
2026-05-21,INE818A01017,ANTELOPUS,EQ,738.5,749.05,708.75,708.95,708.75,746.05,125329,89914871.8,4044
2026-05-21,INE0CZ201020,ANTHEM,EQ,789.5,794.35,763.5,769.1,769.8,780.5,337313,262495939.2,19184
2026-05-21,INE01BK01022,AWHCL,EQ,469.95,470.8,459.05,466.5,466.5,462.75,84246,39193273.1,4306
2026-05-21,INE489G01022,ANUHPHR,EQ,80.81,80.81,75.51,76.17,76.5,81.19,156645,12083201.29,2084
2026-05-21,INE930P01018,ANURAS,EQ,1372.0,1387.8,1360.3,1374.2,1370.7,1371.5,198362,272382030.8,6941
2026-05-21,INE0SI601032,ANYA,SM,17.0,17.1,17.0,17.1,17.1,17.0,50000,854000.0,6
2026-05-21,INF1J2R01114,AONEGOLD,EQ,14.68,14.88,14.61,14.75,14.75,14.68,440879,6506359.08,1223
2026-05-21,INF1J2R01056,AONELIQUID,EQ,1060.25,1060.27,1060.25,1060.25,1060.25,1060.12,20714,21962105.3,76
2026-05-21,INF1J2R01064,AONENIFTY,EQ,9.94,9.94,9.68,9.68,9.74,9.7,231762,2251986.18,1164
2026-05-21,INF1J2R01171,AONESILVER,EQ,10.19,10.19,9.96,10.06,10.07,10.07,568462,5713582.41,864
2026-05-21,INF1J2R01148,AONETMMQ50,EQ,10.27,10.42,10.22,10.27,10.35,10.22,36974,380907.44,255
2026-05-21,INF1J2R01015,AONETOTAL,EQ,11.78,11.78,11.43,11.44,11.45,11.44,114908,1320321.01,1332
2026-05-21,INE372A01015,APARINDS,EQ,12726.0,12888.0,12591.0,12855.0,12870.0,12676.0,67277,860880051.0,15173
2026-05-21,INE116A01032,APCOTEXIND,EQ,506.0,508.45,490.0,493.3,493.1,503.7,98939,49195488.25,3888
2026-05-21,INE0T4V01015,APEXECO,ST,185.0,190.0,184.0,187.5,188.0,192.2,18400,3429360.0,22
2026-05-21,INE346W01013,APEX,EQ,450.25,461.6,443.8,447.75,445.25,447.3,379016,170984248.65,10607
2026-05-21,INE702C01027,APLAPOLLO,EQ,1879.2,1882.9,1842.3,1860.6,1870.0,1857.1,458591,851636221.1,29765
2026-05-21,INE0TLC07069,930APMD29,N0,102100.0,102100.0,102050.0,102050.0,102050.0,101700.0,2,204150.0,2
2026-05-21,INE0TLC07101,930APMD32,N0,103816.23,103816.23,103816.23,103816.23,103816.23,103754.79,55,5709892.65,1
2026-05-21,INE0TLC07028,930APMD33,N0,104381.23,104381.23,104381.23,104381.23,104381.23,104999.0,4,417524.92,1
2026-05-21,INE0TLC07036,930APMD35,N0,106000.0,106000.0,106000.0,106000.0,106000.0,106899.0,5,530000.0,1
2026-05-21,INE437A01024,APOLLOHOSP,EQ,8198.5,8388.0,8051.5,8308.5,8330.0,8078.5,1425124,11762773562.5,134706
2026-05-21,INE713T01028,APOLLO,EQ,362.5,377.7,353.0,358.6,356.25,356.7,53090161,19450289249.05,381705
2026-05-21,INE126J01016,APOLLOPIPE,EQ,514.0,554.0,507.25,547.75,549.15,507.6,1247507,669645443.65,26645
2026-05-21,INE451F01024,APOLSINHOT,EQ,1121.2,1150.0,1116.2,1133.8,1132.2,1137.1,853,969954.9,81
2026-05-21,INE438A01022,APOLLOTYRE,EQ,379.5,379.55,370.4,371.9,372.85,375.9,1347201,502887703.15,31930
2026-05-21,INE0LQG01010,APRAMEYA,SM,192.9,195.0,192.9,194.5,194.0,192.9,2000,388450.0,4
2026-05-21,INE0M2307339,915APSBC30,N0,101120.0,101120.0,101120.0,101120.0,101120.0,102237.45,5,505600.0,5
2026-05-21,INE1OOJ01011,APSISAERO,ST,297.0,297.0,297.0,297.0,297.0,282.9,3600,1069200.0,3
2026-05-21,INE266F01018,APTECHT,EQ,95.85,97.22,94.39,94.88,94.97,95.4,288963,27600328.64,3346
2026-05-21,INE852O01025,APTUS,EQ,269.5,271.0,262.0,265.1,265.0,269.1,687721,182316505.15,21526
2026-05-21,INE416A01051,AQYLON,EQ,61.5,61.5,57.53,59.32,59.5,60.3,15637178,912949399.03,14377
2026-05-21,INE08NJ01024,ARABIAN,SM,70.0,70.0,69.55,69.55,69.55,67.2,10000,697300.0,5
2026-05-21,INE0YDV01010,ARCIIL,ST,54.0,56.0,54.0,56.0,56.0,54.0,3000,164000.0,3
2026-05-21,INE128X01021,ACI,EQ,526.0,529.0,517.3,521.85,520.0,521.5,88282,46169915.3,5558
2026-05-21,INE0CHO01012,ADL,EQ,77.0,80.0,73.84,78.27,78.78,77.71,1993,152594.7,56
2026-05-21,INE877I01016,ARCHIDPLY,EQ,84.0,84.0,78.02,79.02,79.15,80.01,11914,955379.77,373
2026-05-21,INE731A01020,ARCHIES,EQ,14.92,14.92,14.41,14.51,14.55,14.39,4109,60447.42,33
2026-05-21,INE784R01023,ARFIN,EQ,91.5,94.44,89.31,92.51,91.0,91.82,2201767,202564279.6,6353
2026-05-21,INE0L2Y01011,ARHAM,SM,140.05,141.0,139.0,139.0,139.0,140.9,17000,2377450.0,16
2026-05-21,INE298I01015,ARIES,EQ,359.95,361.0,351.95,355.3,353.1,354.8,16069,5716994.4,981
2026-05-21,INE420B01036,ARIHANTCAP,EQ,70.69,72.27,69.06,70.04,69.95,69.49,232611,16433077.23,1964
2026-05-21,INE413D01011,ARIHANT,EQ,918.9,918.9,867.1,899.35,900.0,865.9,3189,2866097.5,237
2026-05-21,INE643K01018,ARIHANTSUP,EQ,243.8,247.0,237.5,242.7,245.5,239.45,118946,28818640.0,2680
2026-05-21,INE0H9P01028,ARIS,EQ,123.2,123.89,112.11,118.97,119.0,122.5,3032124,357954392.96,21920
2026-05-21,INE082101010,ARISTO,ST,121.6,121.6,121.6,121.6,121.6,115.9,800,97280.0,1
2026-05-21,INE0QRL01017,ARKADE,EQ,115.99,116.66,114.32,114.94,114.32,115.09,85217,9808330.03,1212
2026-05-21,INE109C01017,ARMANFIN,EQ,1729.3,1740.9,1695.0,1701.8,1698.0,1713.1,32992,56576442.8,2751
2026-05-21,INE0TZX01019,ARMOUR,SM,21.5,22.0,21.5,22.0,22.0,20.9,6000,131000.0,3
2026-05-21,INE210C01013,AROGRANITE,EQ,26.47,26.47,25.01,25.24,25.15,25.3,3687,93657.26,62
2026-05-21,INE570D01018,ARROWGREEN,EQ,494.0,494.0,473.0,478.15,489.9,479.8,19764,9507801.45,1395
2026-05-21,INE968D01022,ARSHIYA,BZ,1.2,1.2,1.16,1.19,1.2,1.19,30216,35914.8,41
2026-05-21,INE738V01013,ARTNIRMAN,EQ,43.4,43.5,41.1,41.1,41.1,42.08,1491,64547.41,11
2026-05-21,INE757T01025,AEPL,EQ,17.0,17.0,16.25,16.48,16.58,16.69,41079,676155.14,640
2026-05-21,INE025R01021,ARTEMISMED,EQ,283.4,284.79,276.28,279.31,279.6,279.53,113349,31843380.65,3449
2026-05-21,INE0TTG01017,ARUNAYA,ST,28.0,28.0,27.7,27.7,27.7,29.15,36000,1001800.0,15
2026-05-21,INE006Z01016,ARVEE,EQ,160.2,165.39,160.0,161.0,161.0,161.66,726,117042.64,46
2026-05-21,INE955V01021,ARVINDFASN,EQ,429.05,445.35,429.05,443.15,443.35,429.05,149896,65800570.7,8305
2026-05-21,INE034A01011,ARVIND,EQ,490.95,498.35,483.0,490.15,488.2,487.45,958244,469170353.5,23735
2026-05-21,INE0P4T01013,ARVINDPORT,ST,35.5,36.4,33.65,33.7,33.65,35.4,10500,360750.0,7
2026-05-21,INE034S01021,ARVSMART,EQ,616.0,659.0,611.3,615.05,620.9,602.6,1135051,717509107.05,27040
2026-05-21,INE439A01020,ASAHIINDIA,EQ,834.5,860.95,832.15,852.7,851.0,828.95,105953,90178982.85,8825
2026-05-21,INE228I01012,ASAHISONG,EQ,240.0,249.88,236.59,241.17,243.0,237.39,50117,12181899.27,1193
2026-05-21,INE08KD01015,ASCOM,ST,243.4,263.0,243.4,263.0,263.0,256.2,2500,618600.0,4
2026-05-21,INE0LAA01017,ASHALOG,SM,62.55,62.55,62.55,62.55,62.55,62.0,1000,62550.0,1
2026-05-21,INE348A01023,ASHAPURMIN,EQ,639.9,653.3,631.85,636.4,634.0,634.35,399114,256341600.65,11268
2026-05-21,INE365D01021,ASHIANA,EQ,380.0,384.0,375.3,377.4,380.0,378.7,68962,26149562.3,2337
2026-05-21,INE094B01013,ASHIKA,EQ,379.0,385.9,379.0,380.45,385.9,382.65,137907,52562134.05,1280
2026-05-21,INE440A01010,ASHIMASYN,EQ,16.41,16.93,16.41,16.51,16.6,16.39,50982,848873.55,398
2026-05-21,INE208A01029,ASHOKLEY,EQ,156.0,158.48,153.75,154.48,154.4,153.61,23665678,3673117358.22,90866
2026-05-21,INE442H01029,ASHOKA,EQ,127.6,130.95,127.12,128.44,128.05,126.48,826256,106505529.04,8906
2026-05-21,INE760Y01011,ASHOKAMET,EQ,16.64,16.64,15.7,15.86,15.72,15.79,15202,243299.84,194
2026-05-21,INE1A6Q01010,ASHWINI,SM,146.0,147.0,138.0,143.0,143.0,146.0,16000,2306050.0,11
2026-05-21,INE276G01015,ASIANENE,EQ,355.0,372.4,347.2,363.55,364.0,354.75,1064077,385651677.85,24812
2026-05-21,INE022I01019,ASIANTILES,EQ,62.55,64.19,61.54,63.46,62.4,63.05,2052200,129408944.02,8261
2026-05-21,INE926K01017,AHLEAST,EQ,172.9,172.9,166.4,168.11,169.0,169.5,2514,427120.11,112
2026-05-21,INE363A01022,ASIANHOTNR,EQ,300.6,308.0,296.4,300.2,298.15,299.75,31518,9512253.25,857
2026-05-21,INE915K01010,AHLWEST,BE,715.65,715.65,715.65,715.65,715.65,681.6,2295,1642416.75,19
2026-05-21,INE021A01026,ASIANPAINT,EQ,2625.0,2648.3,2590.8,2598.8,2597.0,2598.6,1031843,2699911404.9,102329
2026-05-21,INE194D01017,ASTAR,EQ,671.6,678.0,623.0,670.0,670.0,619.0,534,353363.95,33
2026-05-21,INE491J01022,ASKAUTOLTD,EQ,452.2,452.2,443.0,446.1,445.3,444.5,92902,41544167.2,5002
2026-05-21,INE991I01015,ASPINWALL,EQ,233.0,233.0,227.0,227.39,227.39,227.96,349,79610.6,18
2026-05-21,INE073G01016,ASALCBR,EQ,824.4,833.1,805.0,820.15,820.1,817.8,30220,24657045.2,1834
2026-05-21,INE563J01010,ASTEC,EQ,758.0,758.95,731.0,736.65,743.0,751.55,41584,30958886.35,3118
2026-05-21,INE914M01019,ASTERDM,EQ,774.85,776.55,752.35,759.25,757.9,764.85,625618,476804629.35,24715
2026-05-21,INE386C01029,ASTRAMICRO,EQ,1160.0,1189.0,1150.0,1184.5,1187.6,1154.1,604898,712833245.9,26011
2026-05-21,INE006I01046,ASTRAL,EQ,1468.0,1488.9,1459.0,1480.0,1481.8,1443.7,862861,1272833552.7,41447
2026-05-21,INE203A01020,ASTRAZEN,EQ,8708.0,8708.0,8574.5,8589.5,8577.0,8609.5,4397,37979617.5,1496
2026-05-21,INE646X01014,ASTRON,BE,4.44,4.44,4.11,4.15,4.27,4.27,22504,94052.28,96
2026-05-21,INE0ALR01029,ATALREAL,EQ,28.79,28.9,27.9,28.05,28.4,28.42,2286281,65121385.77,1037
2026-05-21,INE09KD01013,ATAM,EQ,70.2,74.78,70.2,71.22,70.6,70.34,4382,318398.5,136
2026-05-21,INE0V0Q01019,ATCENERGY,ST,30.0,30.45,28.25,29.2,29.2,29.7,31200,895680.0,26
2026-05-21,INE0LEZ01016,ATHERENERG,EQ,916.0,921.0,885.0,889.3,890.0,909.05,3264904,2941728567.35,97356
2026-05-21,INE0Z4F01028,ATLANTAELE,EQ,1645.2,1680.0,1631.1,1640.9,1643.0,1645.2,74990,123848633.2,8069
2026-05-21,INE285H01022,ATLANTAA,EQ,41.35,44.2,41.2,41.81,41.98,41.16,207565,8765766.68,2001
2026-05-21,INE446A01025,ATLASCYCLE,EQ,101.18,102.18,98.65,99.24,100.49,100.45,8042,808546.58,146
2026-05-21,INE05DH01017,ATMASTCO,ST,181.05,190.0,179.55,186.9,187.8,184.7,18000,3347300.0,44
2026-05-21,INE951D01028,ATULAUTO,EQ,488.0,493.65,485.55,487.75,489.0,485.0,115112,56286449.0,3339
2026-05-21,INE100A01010,ATUL,EQ,7028.5,7170.0,6980.5,7057.0,7065.0,6992.0,27345,193944098.0,12135
2026-05-21,INE949L01017,AUBANK,EQ,982.0,984.8,953.4,958.7,964.4,974.0,1349805,1303850064.7,44347
2026-05-21,INE925Y01036,AURIGROW,EQ,0.32,0.32,0.3,0.31,0.32,0.31,6110786,1910503.1,1073
2026-05-21,INE132H01018,AURIONPRO,EQ,792.0,830.1,790.0,819.5,827.0,788.95,504640,411157576.7,21987
2026-05-21,INE406A01037,AUROPHARMA,EQ,1523.0,1550.0,1515.5,1546.7,1549.5,1517.5,1013775,1561389977.9,32986
2026-05-21,INE898S01029,AURUM,EQ,176.83,183.99,176.41,178.96,177.52,175.97,290872,52583072.03,4006
2026-05-21,INE218C01016,AUSOMENT,BE,124.0,128.68,123.01,128.68,128.68,122.56,1795,227743.32,28
2026-05-21,INE0P0001010,APS,SM,357.1,366.0,355.0,364.1,366.0,355.75,20250,7303187.5,68
2026-05-21,INE206F01022,AIIL,EQ,511.7,534.2,509.4,527.2,525.2,507.85,721963,379164420.5,28027
2026-05-21,INE718H01014,AUTOIND,EQ,85.2,89.45,84.12,86.99,87.89,85.31,360096,31478735.28,4693
2026-05-21,INE449A01011,AUTOAXLES,EQ,1787.2,1793.8,1748.1,1764.2,1764.0,1755.6,11525,20415250.7,1223
2026-05-21,INE900C01027,ASAL,EQ,479.0,494.85,479.0,480.95,482.6,477.75,12335,5942873.4,725
2026-05-21,INE349W01017,AVADHSUGAR,BE,472.05,479.85,470.75,473.4,474.0,474.4,9221,4391481.05,189
2026-05-21,INE325G01010,AVAILFC,EQ,159.01,161.78,155.5,156.83,156.75,158.24,18432,2919587.64,613
2026-05-21,INE0LCL01028,AVALON,EQ,1468.1,1512.3,1451.8,1461.8,1455.5,1464.4,695194,1025827273.3,42224
2026-05-21,INE1KU201016,AVANA,ST,149.9,152.0,149.0,151.8,151.8,149.0,38000,5734100.0,16
2026-05-21,INE005B01027,AVANTEL,EQ,155.9,165.47,155.9,162.16,161.55,154.68,3926799,636639614.47,29095
2026-05-21,INE871C01038,AVANTIFEED,EQ,1280.2,1319.2,1271.1,1297.5,1290.6,1267.5,371369,480124068.6,21352
2026-05-21,INE192R01011,DMART,EQ,4167.4,4253.0,4122.3,4137.2,4130.0,4144.2,498131,2074286131.5,34260
2026-05-21,INE483S01020,CCAVENUE,EQ,13.95,13.99,13.77,13.92,13.92,13.84,5460873,75935643.59,5814
2026-05-21,INE680Z01018,AVG,EQ,168.0,168.0,160.0,161.31,162.09,170.8,58062,9431230.66,1741
2026-05-21,INE0TFB01017,AVIANSH,SM,111.5,112.5,111.5,112.5,112.5,111.25,3000,336000.0,3
2026-05-21,INE323B01024,AVONMORE,EQ,10.99,11.22,10.77,10.99,11.0,10.72,136624,1500672.95,1145
2026-05-21,INE0R9401019,AVPINFRA,SM,77.95,81.9,74.1,74.1,74.1,78.0,284800,21758520.0,252
2026-05-21,INE652Z01025,AVROIND,EQ,10.65,10.65,10.0,10.37,10.41,10.31,308363,3202830.22,823
2026-05-21,INE488D01021,AVTNPL,EQ,66.5,68.0,65.93,66.41,67.0,67.38,42449,2829741.1,584
2026-05-21,INE108V01019,AWFIS,EQ,314.4,346.45,314.4,341.15,339.1,313.75,635159,211432538.9,13447
2026-05-21,INE699H01024,AWL,EQ,199.01,200.0,196.09,198.24,198.63,196.73,1566676,309865556.41,18781
2026-05-21,INE238A01034,AXISBANK,EQ,1256.9,1262.7,1244.8,1253.3,1252.0,1249.8,5171528,6488669758.8,153908
2026-05-21,INF846K01W80,AXISGOLD,EQ,132.78,132.78,131.56,131.78,131.56,131.19,859793,113307579.06,3362
2026-05-21,INF846K01X63,AXISBNKETF,EQ,553.0,554.78,546.9,550.19,550.22,551.09,267,147275.05,27
2026-05-21,INF846K016C7,AXISCETF,EQ,116.4,117.06,115.75,115.94,116.37,115.83,1035,120648.32,21
2026-05-21,INF846K01Z12,AXISHCETF,EQ,161.0,162.93,160.77,162.3,161.25,161.07,5942,962671.78,95
2026-05-21,INF846K011K1,AXISILVER,EQ,263.01,263.11,259.85,261.52,260.8,262.33,1453949,381487690.96,4407
2026-05-21,INF846K01W98,AXISNIFTY,EQ,266.3,266.3,259.52,260.08,259.75,260.74,7188,1875681.4,202
2026-05-21,INF846K01Y96,AXISTECETF,EQ,320.92,321.81,317.0,317.65,317.7,320.89,354822,112713746.27,94
2026-05-21,INF846KA1119,AXISVALUE,EQ,33.78,35.27,33.66,34.08,34.2,33.62,169429,5745655.13,389
2026-05-21,INF846K010Q0,AXSENSEX,EQ,77.78,78.26,77.39,77.69,77.74,77.78,3595,279320.22,54
2026-05-21,INE555B01013,AXISCADES,EQ,2098.0,2139.0,2035.2,2045.9,2050.8,2065.5,114629,238163558.4,8984
2026-05-21,INE02EZ01022,AXITA,EQ,7.94,7.94,7.7,7.91,7.89,7.85,348765,2723448.34,1163
2026-05-21,INE501X01029,AYE,EQ,141.83,144.81,136.35,138.2,138.0,141.22,1158487,162870197.02,16153
2026-05-21,INE193B01039,AYMSYNTEX,EQ,228.0,229.8,208.75,209.86,210.0,218.51,62691,13461607.94,1929
2026-05-21,INE02IJ01035,AZAD,EQ,2020.4,2090.0,1992.8,2024.0,2020.0,2007.6,408028,828719942.2,27859
2026-05-21,INE489D01011,BNALTD,EQ,364.7,368.9,364.7,367.9,367.9,364.8,82,30150.1,5
2026-05-21,INE01EE01011,BBTCL,EQ,189.11,194.0,187.01,194.0,194.0,189.03,5325,1023723.37,71
2026-05-21,INE116D01028,BAGFILMS,EQ,4.92,5.08,4.75,4.91,4.91,4.92,78958,390302.42,304
2026-05-21,INE350H01032,BLKASHYAP,EQ,57.36,58.15,55.93,57.07,57.03,56.51,293203,16770105.07,1940
2026-05-21,INE01FR01028,STYLEBAAZA,BE,354.9,365.0,341.1,343.0,341.5,354.9,273450,95225176.25,1475
2026-05-21,INE878I01022,BAFNAPH,EQ,139.05,140.0,133.41,135.84,136.0,138.36,2143,298400.36,28
2026-05-21,INE2OVN25015,BAGMANE,RR,104.0,104.39,103.81,103.89,103.81,104.0,1285922,133809653.1,9264
2026-05-21,INE029Q01017,BAHETI,SM,607.0,608.5,598.0,603.35,605.9,601.95,19500,11802018.75,40
2026-05-21,INE020D01022,BAIDFIN,EQ,10.35,10.47,10.09,10.33,10.26,10.04,39734,409601.83,448
2026-05-21,INE917I01010,BAJAJ-AUTO,EQ,10544.5,10735.0,10493.5,10667.0,10650.0,10462.5,522986,5567375776.5,77292
2026-05-21,INE933K01021,BAJAJCON,EQ,549.0,567.95,542.55,546.65,546.3,549.85,1010991,560876119.25,32809
2026-05-21,INE193E01025,BAJAJELEC,EQ,343.1,346.8,338.0,340.1,338.9,342.6,214642,73224492.15,7751
2026-05-21,INE296A01032,BAJFINANCE,EQ,933.0,934.9,903.25,907.65,908.1,923.1,9713326,8863646378.05,118898
2026-05-21,INE918I01026,BAJAJFINSV,EQ,1781.0,1784.4,1746.0,1752.2,1750.0,1772.0,479195,843675987.3,31997
2026-05-21,INE411U01027,BAJAJHCARE,EQ,303.5,307.5,297.45,304.45,303.45,298.7,198667,60218780.7,5151
2026-05-21,INE306A01021,BAJAJHIND,EQ,18.22,18.95,18.15,18.52,18.5,18.08,9226516,171954477.92,12431
2026-05-21,INE118A01012,BAJAJHLDNG,EQ,10540.0,10685.0,10200.0,10402.0,10389.0,10468.0,78531,828475420.0,19584
2026-05-21,INE377Y01014,BAJAJHFL,EQ,83.14,83.53,82.6,82.72,82.7,82.65,2674101,221836770.48,19406
2026-05-21,INE704G01024,BAJAJST,EQ,417.8,430.0,417.1,428.05,429.8,417.6,6373,2716406.95,490
2026-05-21,INE0KQN01018,BAJEL,EQ,178.0,184.65,176.93,182.22,182.0,176.45,342905,62260720.32,5071
2026-05-21,INE083D01012,BALPHARMA,EQ,80.25,87.11,80.25,85.13,84.51,79.88,78277,6628701.13,1077
2026-05-21,INE050E01027,BALAMINES,EQ,1845.1,1896.6,1811.0,1836.9,1816.0,1833.3,373026,695725683.3,19967
2026-05-21,INE0PQ601019,BALAJIPHOS,SM,97.05,99.9,78.8,96.0,96.1,98.45,82000,7016500.0,71
2026-05-21,INE794B01026,BALAJITELE,EQ,91.4,93.2,90.01,92.55,92.63,90.5,363180,33279853.61,3893
2026-05-21,INE618N01022,BALAXI,BE,24.5,25.58,24.5,25.04,24.71,24.49,16268,406835.49,101
2026-05-21,INE787D01026,BALKRISIND,EQ,2177.0,2220.0,2170.0,2205.4,2205.0,2155.0,79073,174393863.4,9333
2026-05-21,INE875R01011,BALKRISHNA,EQ,18.85,19.3,18.36,18.7,18.63,18.74,13246,247725.91,116
2026-05-21,INE164A01016,BALMLAWRIE,EQ,183.8,184.33,182.21,183.24,183.0,182.12,107467,19685509.2,1936
2026-05-21,INE525F01025,BLIL,EQ,73.11,74.5,73.11,74.01,74.2,73.22,57465,4254682.69,946
2026-05-21,INE119A01028,BALRAMCHIN,EQ,535.5,541.7,532.5,537.45,537.5,530.75,257585,138341627.1,8147
2026-05-21,INE011E01029,BALUFORGE,EQ,480.5,498.9,480.1,482.5,481.0,472.8,407884,199023369.3,14211
2026-05-21,INE655B01011,BANARBEADS,EQ,113.0,115.0,109.0,110.38,109.0,110.18,2410,266308.77,108
2026-05-21,INE213C01025,BANCOINDIA,EQ,595.5,602.95,592.25,600.65,602.95,590.65,111978,67036679.1,8350
2026-05-21,INE545U01014,BANDHANBNK,EQ,193.01,194.3,190.5,191.08,191.25,192.15,7549122,1447352235.7,34319
2026-05-21,INF194KB1KJ7,GOLDBND,EQ,157.01,158.66,157.01,157.99,157.47,156.91,18802,2970311.16,95
2026-05-21,INF194KA1U07,IDFNIFTYET,EQ,261.59,262.0,259.08,259.78,259.15,260.29,360,93705.93,34
2026-05-21,INF194KB1KI9,SILVERBND,EQ,263.9,266.61,261.7,263.0,263.2,263.9,25452,6709526.74,577
2026-05-21,INE863I01016,BANG,EQ,37.3,39.24,36.46,37.06,37.2,37.27,6149,228697.65,123
2026-05-21,INE028A01039,BANKBARODA,EQ,265.95,267.4,262.5,263.1,263.0,263.55,8207070,2168197186.0,54048
2026-05-21,INE084A01016,BANKINDIA,EQ,141.25,141.7,138.8,139.23,139.15,139.17,7439205,1039054029.57,31108
2026-05-21,INE457A01014,MAHABANK,EQ,79.9,80.34,79.35,79.76,79.68,78.75,11883310,947879032.67,40034
2026-05-21,INE862Y01015,BANKA,BE,83.5,83.5,81.83,81.83,81.83,83.5,2175,181320.25,6
2026-05-21,INE186H01022,BASML,EQ,24.09,24.09,21.98,23.45,23.35,23.52,124188,2889490.58,518
2026-05-21,INE459A01010,BANARISUG,EQ,3600.0,3655.9,3600.0,3600.5,3600.0,3607.9,798,2878353.2,104
2026-05-21,INE0B9K01025,BANSALWIRE,EQ,320.25,323.0,319.0,320.3,320.25,317.1,78442,25150982.55,1499
2026-05-21,INE629D01020,BANSWRAS,EQ,122.6,125.45,121.81,124.77,124.5,123.28,20918,2595181.9,323
2026-05-21,INE139I01011,BVCL,EQ,42.1,43.78,42.1,42.84,42.3,42.09,6334,270881.15,112
2026-05-21,INE0QX401014,BARFLEX,SM,60.9,60.9,58.1,59.3,59.3,59.5,258000,15072200.0,10
2026-05-21,INF251K01TL6,BBNPNBETF,EQ,55.0,55.0,53.56,53.9,53.9,54.06,481,26022.43,25
2026-05-21,INF251K01SU9,BBNPPGOLD,EQ,151.8,153.95,151.8,153.2,153.25,152.55,1762,269685.5,53
2026-05-21,INE855F01042,ASMS,EQ,7.5,7.5,7.29,7.31,7.3,7.35,353021,2601221.78,841
2026-05-21,INE373A01013,BASF,EQ,3658.5,3658.5,3560.6,3583.3,3570.9,3623.5,24787,89582366.4,4349
2026-05-21,INE0OCC01013,BASILIC,SM,219.7,221.0,214.05,214.15,214.05,215.2,12000,2583960.0,35
2026-05-21,INE176A01028,BATAINDIA,EQ,690.05,700.0,687.0,688.8,688.05,686.9,152024,105128916.35,8690
2026-05-21,INE177C01022,BATLIBOI,EQ,80.25,81.54,79.2,80.13,79.5,80.96,34313,2751641.65,709
2026-05-21,INE0JFJ01011,BAWEJA,SM,31.5,31.5,30.5,30.5,30.5,31.5,5600,173520.0,6
2026-05-21,INE462A01022,BAYERCROP,EQ,4341.5,4374.9,4309.0,4323.4,4327.0,4315.5,7387,31979397.5,2252
2026-05-21,INE412G01024,BCLIND,EQ,34.11,34.66,34.0,34.08,34.01,34.16,331055,11342756.89,1640
2026-05-21,INE00SW01015,BCPL,EQ,74.99,77.94,72.05,75.2,74.99,70.54,58429,4416296.91,2646
2026-05-21,INE639X01027,BEACON,ST,101.55,101.55,97.0,97.0,97.0,97.1,18000,1761200.0,18
2026-05-21,INE520H01022,BEARDSELL,EQ,24.26,25.39,24.0,24.07,24.27,24.74,42432,1035496.65,482
2026-05-21,INE844K01012,BEDMUTHA,EQ,109.45,110.89,107.0,110.23,110.79,107.28,2142,235543.83,66
2026-05-21,INE213D01015,BEEKAY,EQ,413.95,413.95,384.15,398.35,399.0,400.3,2422,962708.25,141
2026-05-21,INE344T01014,BELLACASA,EQ,240.0,240.0,231.35,233.05,233.0,236.6,3452,811997.4,244
2026-05-21,INE894V01022,BELRISE,EQ,212.2,216.5,211.05,212.21,212.0,209.98,2934499,626709065.72,37350
2026-05-21,INE0N7W01012,BLAL,EQ,190.3,191.5,187.71,188.65,188.0,186.38,19993,3791016.78,437
2026-05-21,INE258A01024,BEML,EQ,1840.5,1884.0,1832.1,1841.5,1841.0,1828.8,196152,364849921.3,15856
2026-05-21,INE083K01017,BENGALASM,EQ,6174.5,6506.0,6006.0,6252.5,6300.0,6174.5,510,3157291.5,168
2026-05-21,INE463A01038,BERGEPAINT,EQ,513.95,529.0,496.25,499.35,498.2,508.45,440704,221610682.6,19918
2026-05-21,INE052T01021,BESTAGRO,EQ,16.82,17.24,16.73,16.95,16.98,16.83,150973,2548391.67,842
2026-05-21,INE351Y01019,BETA,EQ,1231.8,1243.2,1215.0,1237.1,1230.1,1215.0,9743,11981336.8,697
2026-05-21,INE0HQI01014,BEWLTD,SM,58.5,60.7,58.25,58.25,58.25,61.3,80500,4703175.0,119
2026-05-21,INE878K01010,BFINVEST,EQ,397.9,404.0,387.5,390.05,391.9,394.95,35062,13862326.3,984
2026-05-21,INE243D01012,BFUTILITIE,EQ,539.8,543.45,527.0,543.45,543.45,517.6,16302,8788256.95,591
2026-05-21,INF0QA701714,BANKBETF,EQ,54.61,54.85,53.97,54.23,54.5,54.34,19559,1064576.59,194
2026-05-21,INF0QA701854,LIQUIDBETF,EQ,1082.35,1082.37,1082.35,1082.36,1082.36,1082.22,570636,617633638.07,209
2026-05-21,INF0QA701722,NIFTYBETF,EQ,244.37,244.37,241.29,241.58,241.44,241.88,548,133032.38,61
2026-05-21,INE661I01014,BGRENERGY,BE,295.55,295.55,295.55,295.55,295.55,281.5,46199,13654114.45,575
2026-05-21,INE0ZRC01017,BHADORA,SM,73.5,77.0,73.5,74.05,74.1,71.0,16800,1253400.0,14
2026-05-21,INE354C01027,BHAGERIA,EQ,153.1,155.14,151.8,152.14,153.0,152.71,22288,3407924.96,727
2026-05-21,INE414D01027,BHAGCHEM,EQ,253.85,255.0,246.8,252.6,253.4,249.7,48197,12127403.0,1048
2026-05-21,INE458B01036,BHAGYANGR,BE,294.4,297.8,276.95,277.6,276.95,291.5,149541,42058257.15,1816
2026-05-21,INE474E01029,BHANDARI,BE,3.26,3.26,3.14,3.19,3.2,3.2,283500,912046.26,288
2026-05-21,INE922A01025,BEPL,EQ,95.5,96.0,93.67,93.91,93.9,95.25,210111,19874815.34,2423
2026-05-21,INE464A01036,BBL,EQ,2750.0,2826.6,2672.2,2690.0,2685.0,2717.1,90739,248114142.5,9608
2026-05-21,INE05XR01022,BHARATCOAL,EQ,36.4,37.84,36.3,36.42,36.42,36.11,25229679,933583899.64,41480
2026-05-21,INE171Z01026,BDL,EQ,1311.8,1338.9,1300.0,1303.8,1301.5,1303.8,990418,1306173349.5,30165
2026-05-21,INE263A01024,BEL,EQ,420.0,426.1,418.05,420.4,420.1,413.3,19789651,8339381383.7,221174
2026-05-21,INE465A01025,BHARATFORG,EQ,1902.0,1931.9,1892.2,1898.8,1895.0,1888.2,589383,1124470855.9,27940
2026-05-21,INE561C01019,BHARATGEAR,EQ,114.9,117.5,112.5,113.38,112.5,113.83,36833,4218455.63,933
2026-05-21,INE029A01011,BPCL,EQ,295.0,298.5,294.75,296.4,296.3,293.75,10786772,3200856665.65,85291
2026-05-21,INE838B01021,BHARATRAS,EQ,1400.1,1407.9,1380.4,1393.7,1400.0,1395.7,5241,7314879.1,886
2026-05-21,INE727S01012,BRNL,EQ,20.48,20.48,19.97,20.19,20.21,20.11,13051,263599.73,276
2026-05-21,INE415D01024,BHARATSE,EQ,185.15,194.0,185.15,190.11,192.86,183.89,399047,76136851.54,6497
2026-05-21,INE316L01019,BHARATWIRE,EQ,222.0,224.0,216.54,218.08,216.6,218.8,134937,29708624.08,2268
2026-05-21,INE397D01024,BHARTIARTL,EQ,1911.0,1915.3,1880.8,1885.3,1884.0,1904.9,6419014,12173949974.3,171442
2026-05-21,INE343G01021,BHARTIHEXA,EQ,1618.5,1618.5,1560.5,1568.9,1562.2,1595.7,59422,93753738.7,6221
2026-05-21,INE828A01016,BIL,EQ,728.0,729.2,709.0,720.45,720.0,718.0,1404,1009885.4,119
2026-05-21,INE257A01026,BHEL,EQ,412.0,414.7,406.3,408.15,407.0,408.4,8203336,3357078157.0,85031
2026-05-21,INE274K01012,BTTL,EQ,37.0,37.72,34.93,36.2,36.47,36.16,20430,736066.88,312
2026-05-21,INE412U01025,BIGBLOC,EQ,54.3,56.0,54.2,54.53,54.28,54.35,86887,4777826.86,1067
2026-05-21,INE00E101023,BIKAJI,EQ,686.95,689.0,656.05,664.45,662.8,676.8,153003,101597799.0,11826
2026-05-21,INE0SQH01013,BIKEWO,SM,25.85,25.85,25.25,25.75,25.25,25.95,10000,257300.0,4
2026-05-21,INE986A01012,BI,EQ,64.2,64.3,62.5,62.56,62.5,62.61,300,19193.31,30
2026-05-21,INE0HOQ01053,GROWW,EQ,190.51,193.38,186.8,188.37,187.89,188.5,34865685,6625175245.09,198203
2026-05-21,INE469A01019,BIMETAL,EQ,560.05,572.85,550.0,571.45,572.0,552.0,178,100447.25,24
2026-05-21,INE376G01013,BIOCON,EQ,436.0,436.75,429.1,430.85,430.0,432.7,2683900,1160626519.85,31197
2026-05-21,INE829A01014,BIOFILCHEM,EQ,31.55,32.49,31.1,31.55,31.32,31.56,4534,143568.2,98
2026-05-21,INE0XW001014,BIOPOL,SM,125.0,126.0,121.1,121.5,121.1,122.0,33600,4133340.0,20
2026-05-21,INE800A01015,BIRLACABLE,BE,150.0,157.0,150.0,151.96,153.9,155.04,98245,15083582.93,825
2026-05-21,INE340A01012,BIRLACORPN,EQ,993.9,1034.85,992.6,1014.45,1011.0,981.3,110512,112349322.1,9834
2026-05-21,INE372E01025,BIRLAPREC,EQ,37.5,40.6,36.53,37.67,38.52,37.62,230868,8888644.47,1278
2026-05-21,INE557A01011,BIRLANU,EQ,1357.3,1397.0,1350.0,1378.6,1394.0,1351.7,6792,9320608.2,997
2026-05-21,INF209KC1134,ABGSEC,EQ,110.9,112.11,110.11,110.4,110.4,110.77,1086,120786.91,15
2026-05-21,INF209KC1670,ABSL10BANK,EQ,159.94,160.65,158.7,159.68,159.68,158.88,283,45203.01,11
2026-05-21,INF209KB17D5,ABSLBANETF,EQ,55.22,55.33,54.35,54.67,54.76,54.79,201327,11023044.4,310
2026-05-21,INF209KB18T9,ABSLLIQUID,EQ,1000.0,1000.01,999.99,1000.0,1000.0,1000.0,1151,1150999.96,16
2026-05-21,INF209KC1662,ABSLMSCIN,EQ,28.92,28.99,28.82,28.99,28.99,28.68,226,6523.5,6
2026-05-21,INF209KB16D7,ABSLNN50ET,EQ,72.51,73.66,72.51,73.12,73.49,72.87,2724,199753.6,148
2026-05-21,INF209KB10E8,BSLSENETFG,EQ,75.98,76.6,75.0,75.39,75.0,75.56,1963,148673.18,82
2026-05-21,INF209KC1142,GSEC10ABSL,EQ,109.0,110.09,108.01,110.09,110.09,109.0,100,10812.98,3
2026-05-21,INF209KB10C2,HEALTHY,EQ,16.72,16.72,15.93,16.38,16.42,16.32,268308,4390173.07,1041
2026-05-21,INF209KB14K7,MOMENTUM,EQ,30.41,30.77,30.18,30.31,30.44,30.41,20802,634656.63,182
2026-05-21,INF209KB15K4,NIFTYQLITY,EQ,20.77,21.21,20.77,21.02,21.09,20.99,19412,409034.09,142
2026-05-21,INF209KB19F6,SILVER,EQ,261.01,264.85,261.01,262.92,262.5,263.69,998606,262740833.51,8590
2026-05-21,INF209KB11D8,TECH,EQ,31.2,32.0,31.2,31.73,31.53,31.72,29673,941527.02,150
2026-05-21,INF209KB19Z4,ABSLPSE,EQ,10.98,10.98,10.68,10.82,10.7,10.76,118300,1280503.91,330
2026-05-21,INE836A01035,BSOFT,EQ,320.85,326.5,315.15,321.35,322.5,319.6,879912,281967692.15,20594
2026-05-21,INE676A01027,BBOX,EQ,954.8,958.3,932.95,952.05,954.0,944.15,498376,473261356.25,14196
2026-05-21,INE761G01016,BLACKROSE,EQ,100.24,102.49,97.66,98.45,98.4,100.24,26738,2658456.35,632
2026-05-21,INE0UIZ01018,BLACKBUCK,EQ,531.65,532.9,504.65,517.1,521.0,531.2,1580198,815081470.65,41443
2026-05-21,INE791A01024,BLBLIMITED,BE,15.03,15.75,15.03,15.66,15.7,15.32,33934,528389.4,128
2026-05-21,INE416D01022,BLISSGVS,EQ,292.0,301.45,287.85,295.2,295.0,290.05,2683229,790064942.45,22610
2026-05-21,INE0NLT01010,BLSE,EQ,205.01,209.65,203.22,208.07,208.0,205.51,287391,59492632.99,4018
2026-05-21,INE153T01027,BLS,EQ,275.0,275.45,266.05,268.65,268.75,268.4,2585854,697861342.75,30642
2026-05-21,INE657B01025,BLUECHIP,EQ,2.09,2.09,2.09,2.09,2.09,2.05,24978,52204.02,34
2026-05-21,INE472B01011,BLUECOAST,BE,32.0,32.48,30.95,31.55,32.48,32.5,1794,56481.0,17
2026-05-21,INE233B01017,BLUEDART,EQ,4841.0,4920.0,4841.0,4872.5,4860.0,4839.5,7241,35349821.0,2788
2026-05-21,INE0KBH01020,BLUEJET,EQ,440.15,451.1,434.15,439.95,441.3,437.55,224382,99273824.6,6791
2026-05-21,INE0SAK01011,BLUEPEBBLE,ST,99.4,99.4,97.0,97.0,97.0,94.7,10400,1029920.0,20
2026-05-21,INE472A01039,BLUESTARCO,EQ,1690.1,1710.6,1652.3,1662.5,1663.0,1678.1,231969,387563623.0,14480
2026-05-21,INE0X3M01010,BLUEWATER,ST,303.0,303.0,277.4,278.0,278.0,292.0,21000,5994400.0,20
2026-05-21,INE304W01038,BLUESTONE,EQ,466.0,469.0,458.65,461.35,462.85,462.75,76976,35670871.15,4973
2026-05-21,INE0U4101014,BLUSPRING,EQ,74.49,75.0,69.0,69.62,70.27,73.51,392329,28236386.47,3083
2026-05-21,INE965W01036,BMWVENTLTD,EQ,62.09,62.18,60.82,61.41,61.02,61.17,56871,3496776.03,488
2026-05-21,INE00HZ01011,BNAGROCHEM,BE,322.0,322.0,303.0,312.11,306.0,307.59,1731,536166.54,51
2026-05-21,INE338D01028,BODALCHEM,EQ,69.85,81.9,68.05,78.99,77.7,68.68,4719488,367768452.63,19479
2026-05-21,INE0EEJ01023,BTML,EQ,6.51,6.87,6.11,6.65,6.67,6.38,370208,2433923.75,723
2026-05-21,INE050A01025,BBTC,EQ,1528.4,1540.0,1518.3,1523.6,1521.0,1518.2,10606,16189995.5,1244
2026-05-21,INE032A01023,BOMDYEING,EQ,122.2,123.9,120.25,120.83,120.36,120.98,640758,78126537.39,6492
2026-05-21,INE0I3Y01014,BMETRICS,SM,37.5,37.5,37.5,37.5,37.5,37.5,800,30000.0,1
2026-05-21,INE032Z01020,BSHSL,BE,97.15,99.0,97.15,97.8,97.8,98.64,3354,327351.61,50
2026-05-21,INE053F07538,810IRFC27,N2,1063.4,1065.0,1063.2,1064.31,1064.0,1063.4,780,830265.68,21
2026-05-21,INE906B07CB9,830NHAI27,N2,1067.8,1070.0,1067.51,1068.06,1067.67,1068.1,686,732542.78,18
2026-05-21,INE020B07HT0,862REC33,,1232.0,1232.0,1232.0,1232.0,1232.0,1230.5,1000,1232000.0,1
2026-05-21,INE557F07090,863NHB29,N2,5509.1,6100.0,5509.1,6100.0,6100.0,6100.0,93,517664.4,2
2026-05-21,INE053F07686,865IRFC29,,1090.0,1098.92,1085.36,1098.92,1098.92,1088.66,3036,3310692.97,27
2026-05-21,INE020B07HS2,871REC28,N9,1109.05,1118.99,1109.05,1110.0,1110.0,1111.91,853,946780.9,9
2026-05-21,INE053F07744,888IRFC29,NE,1105.0,1115.0,1105.0,1110.0,1110.0,1115.0,2976,3293287.6,10
2026-05-21,INE557F07132,901NHB34,N6,6259.0,6299.0,6241.0,6260.0,6260.0,6269.62,401,2509054.9,19
2026-05-21,INE020B07IH3,886REC34,NG,1274.59,1274.59,1269.99,1270.0,1270.0,1256.0,366,465125.37,6
2026-05-21,INE020B07IG5,888REC29,NF,1125.01,1125.01,1125.01,1125.01,1125.01,1161.99,500,562505.0,2
2026-05-21,INE0B9A01018,BONLON,EQ,46.93,46.93,43.91,44.95,44.97,45.43,4441,202116.16,163
2026-05-21,INE16SF01016,BORANA,EQ,327.05,331.2,322.15,323.95,326.0,327.05,13899,4524663.05,575
2026-05-21,INE02PY01013,BOROLTD,EQ,232.48,232.48,227.75,229.04,228.5,229.04,56196,12879575.34,1899
2026-05-21,INE666D01022,BORORENEW,EQ,520.0,525.0,508.05,511.9,511.95,515.25,553854,284737759.9,16606
2026-05-21,INE02L001032,BOROSCI,EQ,146.0,148.8,139.5,141.27,141.99,142.49,1520211,218849257.09,13578
2026-05-21,INE782A01015,BOSCH-HCIL,EQ,1355.0,1382.8,1351.2,1370.1,1371.0,1332.4,22253,30485777.7,1814
2026-05-21,INE323A01026,BOSCHLTD,EQ,37190.0,37600.0,34830.0,35210.0,35115.0,36830.0,115544,4107412155.0,40242
2026-05-21,INE110A01019,BPL,EQ,53.52,55.0,53.52,54.66,54.5,54.62,36561,1992157.18,1071
2026-05-21,INE0R4Z01018,BRACEPORT,SM,54.5,54.5,52.1,52.55,52.55,54.9,4800,254640.0,3
2026-05-21,INE02RE01045,FIRSTCRY,EQ,222.93,237.7,220.55,234.09,234.5,220.89,10835468,2519880685.72,106371
2026-05-21,INE977Y01011,BCONCEPTS,EQ,227.2,227.2,207.25,208.89,207.25,226.06,32509,6889017.42,1150
2026-05-21,INE0XUD01014,BRANDMAN,ST,184.8,184.8,175.6,175.6,175.6,184.8,23200,4090080.0,17
2026-05-21,INE791I01019,BRIGADE,EQ,683.35,686.4,665.4,668.5,666.9,679.75,189971,127446276.05,10527
2026-05-21,INE03NU01014,BRIGHOTEL,EQ,60.65,61.78,59.06,60.8,60.3,59.67,34132,2070179.71,788
2026-05-21,INE425B01027,BCG,EQ,10.51,10.51,10.43,10.51,10.51,10.01,2456917,25820692.73,1014
2026-05-21,INE216A01030,BRITANNIA,EQ,5361.5,5373.0,5292.0,5333.0,5342.0,5344.5,485793,2594785856.5,34380
2026-05-21,INE0FDU25010,BIRET,RR,321.3,322.01,319.0,319.93,320.33,320.16,598788,191653027.37,12256
2026-05-21,INE650L01011,BROOKS,BE,50.64,51.5,49.0,51.18,51.34,49.51,44589,2255634.81,268
2026-05-21,INE118H01025,BSE,EQ,4270.0,4293.8,4153.2,4186.9,4188.9,4218.6,3507063,14801206761.7,156830
2026-05-21,INE594B01012,BSL,EQ,123.12,126.09,122.31,122.6,122.6,122.51,2018,249728.47,67
2026-05-21,INE295F01017,BUTTERFLY,EQ,679.0,682.65,665.1,667.85,666.5,667.25,18785,12648281.75,1778
2026-05-21,INE0SZ301012,BULKCORP,SM,39.65,43.05,39.65,43.05,43.05,41.0,4800,202500.0,4
2026-05-21,INE0SMX01019,CKKRETAIL,ST,126.2,128.65,126.2,128.6,128.6,122.55,71200,9152040.0,24
2026-05-21,INE0BV301023,MAPMYINDIA,EQ,913.0,929.4,886.35,895.95,891.0,911.95,408766,371877350.35,18002
2026-05-21,INE0U7V01015,C2C,SM,414.0,436.0,407.5,430.65,434.0,411.5,85350,36353475.0,435
2026-05-21,INE526B01014,CALSOFT,BE,20.66,22.63,20.66,21.28,21.2,21.57,374743,8229827.37,802
2026-05-21,INE627H01017,CTE,EQ,31.53,32.3,30.5,30.81,30.65,31.53,20847,648042.47,176
2026-05-21,INE052I01032,CAMLINFINE,EQ,122.05,124.79,121.05,122.54,122.75,121.21,468495,57510695.36,5002
2026-05-21,INE278Y01022,CAMPUS,EQ,235.0,240.75,233.11,236.98,236.1,231.97,184558,43663750.99,5950
2026-05-21,INE477A01020,CANFINHOME,EQ,846.0,849.4,841.0,845.4,845.0,838.5,78658,66472829.4,7051
2026-05-21,INE476A01022,CANBK,EQ,129.0,129.57,127.3,127.97,128.15,127.66,18615692,2383858211.12,90306
2026-05-21,INE01TY01017,CANHLIFE,EQ,139.2,140.14,138.09,139.21,139.0,138.47,122670,17059539.07,4621
2026-05-21,INE218I01013,CRAMC,EQ,240.3,243.0,236.25,238.45,237.6,237.4,161974,38752914.75,4567
2026-05-21,INE0QG301017,CANARYS,SM,21.0,21.0,19.5,19.85,19.5,20.05,76000,1538600.0,19
2026-05-21,INE068L01024,CANTABIL,EQ,220.14,223.0,216.1,216.75,217.95,219.37,100769,22007888.09,2341
2026-05-21,INE264T01014,CAPACITE,EQ,221.8,232.75,214.9,215.6,215.3,221.8,907993,202189745.85,16978
2026-05-21,INE0ILV01024,CAPILLARY,EQ,524.95,527.0,510.35,514.3,512.0,517.55,14639,7575679.8,856
2026-05-21,INE345H01024,CIFL,EQ,26.1,26.22,25.21,25.28,25.26,25.98,59991,1535868.86,718
2026-05-21,INE0Z8Z23013,CAPINVIT,IV,71.98,72.7,71.05,72.46,72.45,71.7,527488,38111654.04,16682
2026-05-21,INE646H01017,CAPITALSFB,EQ,281.1,284.15,277.5,280.4,280.5,281.1,14104,3955363.55,601
2026-05-21,INE707C01018,CAPTRUST,BE,14.0,14.05,13.62,13.98,14.05,13.39,30085,420008.65,133
2026-05-21,INE475E01026,CAPLIPOINT,EQ,2016.6,2050.0,1998.0,2025.9,2027.0,2016.6,97506,197331916.2,11620
2026-05-21,INE180C01042,CGCL,EQ,187.0,189.19,184.5,185.37,184.52,185.93,1630845,304878214.58,13341
2026-05-21,INE120A01034,CARBORUNIV,EQ,1058.55,1075.0,1048.25,1062.4,1059.0,1059.15,128566,136557172.3,9484
2026-05-21,INE752H01013,CARERATING,EQ,1749.0,1749.0,1710.0,1717.0,1717.0,1720.2,27260,46965818.5,5197
2026-05-21,INE0P6P01016,CPEDU,EQ,180.0,189.0,176.1,178.65,179.0,179.58,9312,1671257.44,81
2026-05-21,INE0V7W01012,CARRARO,EQ,574.45,592.9,567.2,577.25,582.95,564.05,193648,112787597.75,6638
2026-05-21,INE290S01011,CARTRADE,EQ,1825.6,1855.6,1750.0,1767.0,1760.0,1824.2,285100,513829696.3,25813
2026-05-21,INE482D01024,CARYSIL,EQ,1040.0,1074.0,1028.0,1049.95,1053.5,1022.3,843836,889580739.6,35542
2026-05-21,INE0WL201014,CUDML,SM,150.9,160.0,150.9,159.5,160.0,144.1,31000,4854600.0,24
2026-05-21,INE172A01027,CASTROLIND,EQ,182.34,183.49,182.16,182.24,182.2,182.32,524532,95808384.13,12516
2026-05-21,INE421D01022,CCL,EQ,1098.0,1112.0,1094.0,1107.6,1110.0,1096.0,115635,127520374.7,13650
2026-05-21,INE157D07EM8,990CCSP27,N0,99869.51,99869.51,99869.51,99869.51,99869.51,101727.31,1,99869.51,1
2026-05-21,INE482A01020,CEATLTD,EQ,3200.0,3228.1,3160.0,3180.4,3191.0,3167.4,87513,278838759.6,9276
2026-05-21,INE11J101017,CEDAAR,SM,26.5,26.5,26.5,26.5,26.5,26.1,1000,26500.0,1
2026-05-21,INE0AG901020,CEIGALL,EQ,323.0,336.0,322.55,331.1,328.25,319.15,378651,125198506.65,7883
2026-05-21,INE016Q01014,CEINSYS,EQ,940.0,957.0,907.6,916.1,919.0,920.2,54687,50740837.6,3409
2026-05-21,INE185H01016,CELEBRITY,EQ,7.67,7.85,7.53,7.66,7.63,7.67,8928,68038.41,83
2026-05-21,INE0O0001013,CELLPOINT,SM,16.3,16.3,16.3,16.3,16.3,16.45,1200,19560.0,1
2026-05-21,INE0OMO01025,CELLECOR,ST,41.1,42.1,40.5,40.5,40.5,41.1,270000,11190150.0,49
2026-05-21,INE0LMW01024,CELLO,EQ,389.9,389.9,385.05,387.8,387.1,385.35,98503,38115559.25,9896
2026-05-21,INE686A01026,CEMPRO,EQ,864.95,884.8,858.0,878.25,872.45,851.55,368038,321496909.0,17986
2026-05-21,INE483A01010,CENTRALBK,EQ,34.19,34.44,33.82,33.92,33.94,33.85,2536077,86415923.43,9175
2026-05-21,INE736A01011,CDSL,EQ,1228.0,1234.3,1196.0,1199.8,1197.9,1224.6,2489809,3012415355.8,68809
2026-05-21,INE05HV01027,CMPDI,EQ,230.7,241.7,230.7,235.52,236.0,228.59,5198553,1235167207.11,44107
2026-05-21,INE660C01027,CENTRUM,EQ,23.45,23.73,22.91,23.03,23.0,23.39,364976,8533398.63,745
2026-05-21,INE320B01020,CENTUM,EQ,3022.2,3289.9,3010.2,3233.2,3199.0,2998.2,346502,1107893479.0,26664
2026-05-21,INE485A01015,CENTENKA,EQ,451.6,540.1,450.15,539.65,540.1,450.1,989143,515056931.5,17465
2026-05-21,INE281A01026,CENTEXT,EQ,19.75,20.37,19.75,20.06,20.06,19.72,74145,1485883.96,509
2026-05-21,INE348B01021,CENTURYPLY,EQ,774.8,774.8,752.0,766.5,767.75,763.25,29601,22502234.4,3481
2026-05-21,INE739E01017,CERA,EQ,5789.5,5938.0,5770.5,5788.0,5776.0,5748.5,9521,55762925.0,3172
2026-05-21,INE345B01019,CEREBRAINT,BZ,3.01,3.19,2.98,3.14,3.11,3.13,263645,802956.08,379
2026-05-21,INE486A01021,CESC,EQ,181.2,182.48,179.16,179.84,179.45,180.65,1821751,328911245.99,30125
2026-05-21,INE067A01029,CGPOWER,EQ,865.0,870.3,857.05,864.9,864.25,853.25,2811644,2428072214.85,47838
2026-05-21,INE427F01016,CHALET,EQ,809.5,809.5,795.3,801.4,802.9,800.1,97510,78239486.4,8277
2026-05-21,INE419D01026,CLSEL,EQ,265.65,266.4,261.55,263.75,264.85,262.85,27648,7281999.25,890
2026-05-21,INE06PV01010,CMNL,SM,121.0,121.0,120.0,120.0,120.0,120.35,1500,180750.0,2
2026-05-21,INE085A01013,CHAMBLFERT,EQ,451.0,454.8,445.0,446.45,446.0,444.2,451956,202995991.0,12433
2026-05-21,INE11HG01018,CHAMUNDA,SM,43.1,43.15,43.0,43.15,43.15,43.7,9000,387750.0,3
2026-05-21,INE0B2N01016,CHANDAN,SM,227.2,243.4,227.2,235.2,235.0,236.2,56800,13437360.0,41
2026-05-21,INE0PT101017,CHAVDA,SM,95.0,96.0,93.7,95.95,96.0,95.65,10000,950800.0,10
2026-05-21,INE0TGX01019,CHEMBONDCH,BE,188.4,193.4,183.3,191.76,190.0,187.24,12393,2362942.99,126
2026-05-21,INE995D01025,CHEMBOND,BE,176.96,181.96,165.0,180.41,178.0,173.49,42872,7497477.36,179
2026-05-21,INE03YM01018,CHEMCON,EQ,180.89,182.01,175.1,177.1,178.0,180.73,67100,11950003.41,1271
2026-05-21,INE783X01023,CHEMFAB,BE,410.0,421.0,407.0,414.55,414.2,406.15,1425,592449.85,63
2026-05-21,INE488A01050,CHEMPLASTS,EQ,228.5,231.53,224.25,226.98,225.5,225.54,148046,33625644.54,5886
2026-05-21,INE178A01016,CHENNPETRO,EQ,1012.3,1032.5,1008.1,1011.5,1009.0,1012.2,619098,631940842.7,18708
2026-05-21,INE0U1T01012,CHETANA,ST,50.6,51.2,46.5,46.9,46.5,48.9,51200,2499200.0,25
2026-05-21,INE974B01016,CHEVIOT,EQ,1222.9,1274.0,1201.0,1207.5,1220.0,1222.9,5983,7378634.9,718
2026-05-21,INE102B01014,CHOICEIN,EQ,665.25,679.0,665.25,674.55,671.0,664.85,617869,416711676.6,10139
2026-05-21,INF2KCX01012,CHOICEGOLD,EQ,155.97,158.5,155.97,156.74,156.65,155.97,17819,2793691.08,225
2026-05-21,INE149A01033,CHOLAHLDNG,EQ,1657.8,1657.8,1600.0,1606.1,1608.9,1631.3,70341,113677703.1,12744
2026-05-21,INE121A01024,CHOLAFIN,EQ,1532.0,1540.5,1498.9,1504.0,1504.0,1518.9,1311311,1979863097.2,53231
2026-05-21,INE536H01010,CIEINDIA,EQ,464.95,471.65,460.15,462.8,462.15,462.9,413299,192320648.15,22020
2026-05-21,INE704H01022,CINELINE,EQ,83.0,83.0,80.4,80.63,80.65,80.77,3732,301844.96,129
2026-05-21,INE039B01026,CINEVISTA,EQ,16.39,16.39,15.76,15.88,16.1,15.99,3415,54216.37,39
2026-05-21,INE059A01026,CIPLA,EQ,1406.5,1415.9,1397.7,1401.9,1397.7,1399.5,1145360,1609698638.3,39106
2026-05-21,INE2Q7823014,CITIUSINVT,IV,105.9,105.9,103.75,104.17,103.85,104.9,164991,17239986.67,19110
2026-05-21,INE491A01021,CUB,EQ,251.5,253.3,246.85,252.15,252.35,250.05,1386922,348155407.35,25563
2026-05-21,INE201M01029,CLEDUCATE,EQ,43.92,45.97,43.41,45.66,45.3,43.92,15764,703509.33,221
2026-05-21,INE0UQ601012,CLASSICEIL,ST,50.75,50.85,50.75,50.85,50.85,48.45,8000,406640.0,5
2026-05-21,INE647U01026,CLEANMAX,EQ,1225.0,1234.2,1160.5,1172.1,1200.0,1205.2,150268,178284678.1,18341
2026-05-21,INE227W01023,CLEAN,EQ,761.3,772.0,752.5,760.7,753.5,754.75,117432,89425587.05,11350
2026-05-21,INE1EF801010,CSSL,SM,92.0,93.0,92.0,92.3,92.3,94.0,5000,461600.0,5
2026-05-21,INE925R01014,CMSINFO,EQ,306.9,309.7,300.8,303.0,304.0,305.95,800288,243429970.5,23120
2026-05-21,INE522F01014,COALINDIA,EQ,458.7,465.25,457.25,460.2,457.25,458.7,7425043,3426079631.8,62540
2026-05-21,INE377E01024,COASTCORP,EQ,59.75,60.68,57.62,57.82,58.22,59.66,143419,8408994.11,1647
2026-05-21,INE704P01025,COCHINSHIP,EQ,1526.2,1552.9,1523.0,1531.0,1530.0,1507.8,1576652,2424234174.5,47705
2026-05-21,INE335K01011,COFFEEDAY,EQ,24.89,24.89,24.15,24.27,24.34,24.27,448075,10937592.83,1949
2026-05-21,INE591G01025,COFORGE,EQ,1404.9,1423.5,1366.1,1377.0,1377.9,1402.3,2273142,3161051423.7,64168
2026-05-21,INE03QK01018,COHANCE,EQ,424.2,429.2,417.35,419.9,420.35,420.15,702715,296885814.0,24100
2026-05-21,INE259A01022,COLPAL,EQ,2195.0,2210.0,2153.5,2164.9,2166.0,2185.4,329867,717831587.0,18879
2026-05-21,INE819A01049,COMFINTE,EQ,6.89,7.2,6.85,6.88,6.87,7.02,423697,2948363.54,1022
2026-05-21,INE073V01015,COMSYN,EQ,157.89,159.18,155.0,156.63,155.0,155.29,21380,3369692.98,289
2026-05-21,INE597Z01014,COMMITTED,ST,282.0,282.0,280.0,280.0,280.0,290.0,3200,898400.0,4
2026-05-21,INE070C01037,COMPINFO,BZ,1.39,1.43,1.33,1.4,1.43,1.39,13420,18845.37,21
2026-05-21,INE453B01029,COMPUSOFT,EQ,13.2,13.65,13.2,13.35,13.35,13.3,8140,109254.96,104
2026-05-21,INE596I01020,CAMS,EQ,785.0,792.5,765.35,769.1,767.0,780.4,1090490,844274720.7,27414
2026-05-21,INE338H01029,CONCORDBIO,EQ,1116.5,1137.9,1110.1,1123.3,1121.0,1116.0,43441,48787733.1,5389
2026-05-21,INE037Z01029,CEWATER,EQ,283.0,285.05,271.4,273.1,274.0,279.75,53016,14704294.3,3000
2026-05-21,INE552D01024,CONFIPET,EQ,63.6,64.2,57.22,58.6,59.96,63.57,5195387,311213449.06,18836
2026-05-21,INE0EAS01014,CONNPLEX,SM,220.0,235.65,220.0,225.6,223.0,218.3,147200,33485920.0,103
2026-05-21,INE429I01024,CCCL,EQ,15.43,16.33,14.95,15.5,15.43,14.91,438166,6872494.87,1028
2026-05-21,INE025A01027,CONSOFINVT,EQ,237.0,237.0,226.22,227.85,226.26,232.38,4113,940206.63,89
2026-05-21,INE111A01025,CONCOR,EQ,506.65,510.5,497.5,505.9,510.0,504.15,2978741,1500267089.05,51630
2026-05-21,INE663B01015,CONTROLPR,EQ,639.0,639.0,619.95,623.45,623.0,643.2,27081,16946127.85,1698
2026-05-21,INE0HS001028,COOLCAPS,SM,22.55,23.9,22.55,23.9,23.9,22.85,27500,647437.5,17
2026-05-21,INE558D01021,CORALFINAC,EQ,33.2,33.25,32.16,32.76,32.8,32.79,5139,167801.36,192
2026-05-21,INE792I01017,CORDSCABLE,EQ,198.88,206.3,198.88,201.26,201.0,195.92,37289,7562886.87,1281
2026-05-21,INE169A01031,COROMANDEL,EQ,1880.4,1896.4,1854.1,1882.7,1879.0,1871.6,515835,969909242.2,25345
2026-05-21,INE02ZQ01018,CORONA,EQ,1760.0,1760.0,1703.1,1706.4,1720.0,1731.8,27164,46600363.9,2975
2026-05-21,INE757A01017,COSMOFIRST,EQ,835.0,865.0,794.0,799.75,796.0,797.5,1082916,898931840.85,35695
2026-05-21,INE652F01027,CCHHL,EQ,13.09,13.77,13.09,13.41,13.4,13.4,11937,160551.83,115
2026-05-21,INE695B01025,COUNCODOS,EQ,4.9,5.14,4.68,4.82,4.75,4.9,23686,115151.56,139
2026-05-21,INE521J01018,CPCAP,BE,93.9,97.2,92.6,95.23,95.0,92.6,10088,962262.21,52
2026-05-21,INF457M01133,CPSEETF,EQ,106.47,106.47,104.5,104.68,104.6,104.67,668347,70302119.6,6054
2026-05-21,INE00LO01017,CRAFTSMAN,EQ,8620.0,8650.0,8520.0,8543.0,8560.0,8575.0,35973,308908128.5,7988
2026-05-21,INE230B01021,CREATIVEYE,EQ,7.0,7.0,6.8,6.9,6.9,6.9,9389,64689.28,139
2026-05-21,INE0R7401011,CGRAPHICS,SM,158.0,158.0,150.0,150.15,150.0,151.25,26400,4013520.0,32
2026-05-21,INE985W01018,CNL,EQ,651.9,662.0,637.1,648.4,647.0,643.35,19869,12966338.8,1273
2026-05-21,INE741K01010,CREDITACC,EQ,1301.5,1326.6,1284.1,1289.1,1288.9,1293.9,253261,329778228.1,16793
2026-05-21,INE220Q01020,MUFTI,EQ,79.0,85.55,77.25,81.98,85.0,77.34,359415,29014012.73,2559
2026-05-21,INE559D01011,CREST,EQ,353.55,356.0,345.0,352.55,348.4,355.5,7075,2489350.55,212
2026-05-21,INE007A01025,CRISIL,EQ,4225.0,4250.0,4155.4,4173.4,4165.7,4213.7,39540,165707887.3,5698
2026-05-21,INE0S4R01014,CRIZAC,EQ,203.2,212.79,202.35,204.61,206.8,201.21,189011,39158449.96,7940
2026-05-21,INE299U01018,CROMPTON,EQ,291.9,293.95,289.6,291.85,292.5,290.6,1355199,395378428.15,17192
2026-05-21,INE00NH01017,CLSL,SM,42.65,42.7,41.5,41.5,41.5,42.5,12000,509500.0,6
2026-05-21,INE491V01019,CROWN,EQ,125.0,133.99,120.32,124.4,125.6,120.19,43720,5504973.04,1822
2026-05-21,INE679A01013,CSBBANK,EQ,366.35,366.55,359.1,364.05,363.9,363.85,565452,205484118.25,16107
2026-05-21,INE718F01018,CSLFINANCE,EQ,223.25,227.0,222.1,222.66,222.1,223.58,7250,1622710.9,288
2026-05-21,INE0NR623014,CUBEINVIT,IV,150.0,150.0,150.0,150.0,150.0,148.0,25000,3750000.0,1
2026-05-21,INE144D01012,CUBEXTUB,EQ,89.31,94.4,89.31,90.36,90.05,89.38,266620,24461492.17,2462
2026-05-21,INE298A01020,CUMMINSIND,EQ,5427.0,5454.0,5361.0,5390.0,5390.0,5399.5,338858,1829263708.5,27816
2026-05-21,INE509F01029,CUPID,EQ,120.4,122.94,119.65,120.16,120.5,119.44,14484922,1755842209.96,50493
2026-05-21,INE117B01020,CURAA,BE,87.35,87.35,86.64,86.64,86.64,91.2,405,35190.95,28
2026-05-21,INE1BZN01016,CURIS,SM,120.0,123.9,120.0,123.5,123.5,122.0,9000,1090900.0,9
2026-05-21,INE1CRQ01014,CURRENT,SM,111.5,116.9,111.5,116.9,116.9,119.35,3200,365440.0,2
2026-05-21,INE278G01037,CYBERMEDIA,BE,18.08,18.08,17.38,17.62,17.61,17.32,11588,201987.63,55
2026-05-21,INE214A01019,CYBERTECH,EQ,142.0,146.85,141.0,145.01,146.8,141.33,153660,22164187.31,2841
2026-05-21,INE055S01018,CYIENTDLM,EQ,417.0,421.5,412.0,413.6,412.0,412.85,71438,29694883.1,3589
2026-05-21,INE136B01020,CYIENT,EQ,909.0,912.5,897.5,902.25,903.9,905.05,108610,97964451.85,9978
2026-05-21,INE864X01013,DPWIRES,EQ,171.84,173.11,168.06,169.08,168.06,170.91,8658,1473601.89,470
2026-05-21,INE250K01012,DLINKINDIA,EQ,468.0,468.0,459.05,460.75,460.85,460.55,63311,29313040.75,2710
2026-05-21,INE266Y01019,DPABHUSHAN,EQ,895.6,943.7,890.0,927.4,920.0,895.6,98197,90333652.9,4911
2026-05-21,INE950I01011,DBCORP,EQ,209.44,209.89,206.21,208.76,207.1,206.7,49486,10295949.01,3454
2026-05-21,INE016A01026,DABUR,EQ,453.0,454.1,443.6,446.85,445.15,450.9,2589322,1157710280.35,56130
2026-05-21,INE928C01010,DAICHI,EQ,249.15,255.65,249.15,254.45,255.0,251.95,392,99560.6,19
2026-05-21,INE00R701025,DALBHARAT,EQ,1725.0,1754.1,1708.6,1747.8,1745.0,1706.8,293692,509481245.2,20964
2026-05-21,INE495A01022,DALMIASUG,EQ,353.4,353.95,344.1,345.95,347.6,350.95,89508,31208439.65,2706
2026-05-21,INE284H01025,DAMCAPITAL,EQ,153.66,156.45,152.5,154.59,154.24,152.04,308306,47543755.35,15849
2026-05-21,INE497D01022,DAMODARIND,EQ,30.88,31.49,29.51,30.53,31.0,29.96,11219,345797.11,113
2026-05-21,INE688Y01022,DANGEE,EQ,3.2,3.3,3.06,3.12,3.16,3.2,91580,287937.83,166
2026-05-21,INE0YU901016,DANISH,SM,855.0,879.9,834.0,837.7,835.0,844.85,35400,30461497.5,192
2026-05-21,INE0IX101010,DATAPATTNS,EQ,3910.0,4007.9,3872.1,3934.5,3956.0,3834.1,983950,3878619092.2,72920
2026-05-21,INE365B01017,DATAMATICS,EQ,777.8,814.65,777.8,809.45,810.9,766.2,405598,324973199.95,13855
2026-05-21,INE179G01029,DAVANGERE,EQ,4.22,4.34,4.2,4.26,4.27,4.15,15636000,66672082.71,3882
2026-05-21,INE921B01025,DBSTOCKBRO,EQ,29.95,29.95,29.0,29.56,29.03,29.64,11045,325249.34,236
2026-05-21,INE0A1101019,DCI,BE,303.9,306.0,293.05,298.9,300.0,298.35,4715,1418701.05,146
2026-05-21,INE503A01015,DCBBANK,EQ,181.27,183.96,179.05,182.05,180.9,181.26,710998,129118105.45,12878
2026-05-21,INE0S8401018,DCG,SM,64.5,65.0,64.5,65.0,65.0,63.2,2400,155400.0,2
2026-05-21,INE891B01012,DCMFINSERV,BE,4.89,4.96,4.89,4.96,4.96,4.87,2302,11326.1,15
2026-05-21,INE498A01018,DCM,EQ,82.95,84.0,82.0,82.18,82.1,82.2,2208,182647.92,121
2026-05-21,INE08KP01019,DCMNVL,BE,142.98,150.4,141.6,145.7,145.7,143.24,13191,1949450.84,63
2026-05-21,INE0OFM01015,DSFCL,EQ,26.0,28.0,26.0,27.47,27.33,26.8,88984,2398484.2,492
2026-05-21,INE843D01027,DCMSRIND,EQ,41.2,42.94,41.2,42.71,42.9,41.65,136788,5798649.88,975
2026-05-21,INE0OU201013,DCMSIL,BE,60.47,63.47,59.0,62.28,62.95,60.45,81092,4972394.53,379
2026-05-21,INE499A01024,DCMSHRIRAM,EQ,1115.5,1124.0,1101.0,1108.8,1103.0,1098.1,21535,23936808.7,4430
2026-05-21,INE500A01029,DCW,EQ,47.55,47.55,46.55,46.76,46.72,46.66,577908,27144514.3,2790
2026-05-21,INE0KL801015,DCXINDIA,EQ,197.14,206.88,196.1,200.67,200.5,193.98,1537177,310385187.05,16158
2026-05-21,INE0HR601026,DDEVPLSTIK,EQ,241.25,248.3,234.0,235.0,235.75,237.7,125097,29771458.85,2367
2026-05-21,INE0JWV01011,DENEERS,SM,239.5,240.0,232.0,235.0,235.0,238.35,31800,7514580.0,42
2026-05-21,INE244A01016,DENORA,EQ,722.15,724.25,705.0,709.3,706.5,717.95,3908,2794897.8,490
2026-05-21,INE583C01021,DECCANCE,EQ,596.4,610.85,593.55,602.9,600.0,592.05,5822,3516950.3,569
2026-05-21,INE945F01025,DECNGOLD,EQ,153.54,159.0,142.5,144.78,144.17,150.54,3134095,475642393.54,27434
2026-05-21,INE0S7C01019,DECCANTRAN,SM,21.95,23.4,21.85,23.4,23.4,20.6,18000,404640.0,15
2026-05-21,INE841L01016,DEEDEV,BE,494.9,498.9,451.4,498.9,498.9,475.15,853700,414815155.25,3909
2026-05-21,INE0FHS01024,DEEPINDS,EQ,475.0,485.0,465.05,469.75,468.6,470.55,241238,114187422.6,7448
2026-05-21,INE0OPA01019,DBEIL,EQ,76.56,77.36,73.81,74.93,76.0,75.85,26188,1987180.44,555
2026-05-21,INE501A01019,DEEPAKFERT,EQ,1323.1,1395.0,1322.5,1383.7,1392.0,1317.8,736148,1005270696.6,35229
2026-05-21,INE288B01029,DEEPAKNTR,EQ,1826.0,1854.8,1758.4,1785.3,1786.0,1824.0,229989,411592308.9,17029
2026-05-21,INE0SK801018,DELAPLEX,SM,116.4,125.0,116.4,125.0,125.0,121.0,1200,144840.0,2
2026-05-21,INE148O01028,DELHIVERY,EQ,459.65,464.3,451.45,452.75,452.5,456.8,2471320,1125117384.75,30167
2026-05-21,INE726L01027,DELPHIFX,EQ,10.98,11.39,10.56,10.67,10.9,10.91,174987,1878599.37,406
2026-05-21,INE0XRN01019,DELTIC,ST,40.8,41.0,39.4,39.45,39.45,40.8,7000,280500.0,7
2026-05-21,INE124G01033,DELTACORP,EQ,71.95,73.99,70.92,73.16,72.9,71.13,2509214,182199763.53,14287
2026-05-21,INE393A01011,DELTAMAGNT,EQ,63.9,63.9,59.11,59.95,62.0,61.25,7231,442042.08,148
2026-05-21,INE947J01015,DEN,EQ,26.69,28.39,26.01,27.14,27.1,26.7,958347,26295688.03,3935
2026-05-21,INE0R4L01018,DENTA,EQ,264.25,272.7,264.25,271.75,272.5,263.85,118927,32099913.45,3289
2026-05-21,INE0VOV01021,DEVX,EQ,40.69,40.69,39.4,39.93,39.95,39.98,265328,10583448.19,509
2026-05-21,INE060X01034,DEVIT,EQ,30.0,31.0,29.52,29.84,30.0,29.24,38269,1154173.23,709
2026-05-21,INE872J01023,DEVYANI,EQ,117.0,117.49,114.02,114.64,114.02,116.22,1261959,145512667.86,13433
2026-05-21,INE0I3401014,DBOL,BE,108.7,108.84,104.58,106.32,105.5,107.11,49766,5275971.49,297
2026-05-21,INE041A01016,DHAMPURSUG,EQ,146.94,147.0,144.0,146.11,146.5,144.34,177841,25873861.88,2316
2026-05-21,INE680A01011,DHANBANK,EQ,33.42,34.86,32.84,34.42,34.31,32.73,3877770,132108234.18,9738
2026-05-21,INE435G01025,DHANUKA,EQ,1173.7,1173.7,1148.0,1161.7,1162.0,1150.8,113454,131616717.9,13905
2026-05-21,INE2HJL01019,DHARARAIL,SM,125.0,127.85,122.9,122.9,122.9,121.05,18000,2272900.0,18
2026-05-21,INE0YRN01025,DHARIWAL,SM,33.2,35.0,33.0,34.9,34.9,33.35,111000,3757650.0,34
2026-05-21,INE00OQ01016,DHARMAJ,EQ,265.45,272.0,264.05,270.4,272.0,265.1,28457,7622693.5,1003
2026-05-21,INE506Z01015,DHRUV,BE,31.0,31.5,31.0,31.0,31.0,32.6,2280,70697.5,17
2026-05-21,INE320L01011,DHUNINV,EQ,868.65,868.9,837.0,845.4,851.0,844.9,301,254688.15,77
2026-05-21,INE341R01014,DTIL,EQ,133.0,142.85,132.5,133.18,134.39,136.22,3320,445153.52,159
2026-05-21,INE477B01010,DVL,EQ,243.17,249.6,242.09,245.76,248.0,243.21,6407,1576019.43,359
2026-05-21,INE591D01014,DIAMINESQ,EQ,259.65,259.8,244.0,245.35,248.0,253.95,11291,2812261.5,448
2026-05-21,INE989C01038,DIACABS,EQ,198.8,202.4,192.5,193.8,194.0,195.1,4576648,900640137.83,32305
2026-05-21,INE303A01010,DICIND,EQ,507.85,516.95,504.35,507.8,506.5,507.85,2206,1135677.95,25
2026-05-21,INE0JRD01019,DTL,SM,122.05,139.5,122.05,139.5,139.5,130.0,3600,472200.0,3
2026-05-21,INE184O01015,DIFFNKG,EQ,336.65,337.45,319.75,321.55,321.0,330.55,95080,31296620.2,2508
2026-05-21,INE03JI01017,DGCONTENT,EQ,28.0,28.99,25.71,26.62,27.19,26.96,19971,539702.66,259
2026-05-21,INE0PSC01024,DIGIDRIVE,EQ,22.27,22.27,18.95,19.97,20.03,21.83,321005,6423343.76,1897
2026-05-21,INE0QJ901011,DIGIKORE,SM,58.95,58.95,48.5,50.3,50.05,56.95,190000,9911300.0,299
2026-05-21,INE927C01020,DIGISPICE,BE,18.7,19.86,18.31,19.19,19.27,19.19,49964,940002.79,216
2026-05-21,INE0U4701011,DIGITIDE,EQ,85.9,87.9,84.4,86.39,86.9,85.34,150086,12901760.45,1814
2026-05-21,INE731U01028,DIGJAMLMTD,EQ,47.01,48.0,46.5,47.87,47.9,46.94,4948,235237.66,68
2026-05-21,INE016M01021,DNAMEDIA,EQ,2.9,3.08,2.9,3.0,3.02,3.02,20499,60976.98,157
2026-05-21,INE917M01012,DBL,EQ,440.7,441.45,430.0,432.85,432.05,436.85,113427,49290723.05,5958
2026-05-21,INE131C01011,DISAQ,EQ,11611.0,11744.0,11500.0,11593.0,11600.0,11612.0,504,5870992.0,404
2026-05-21,INE836F01026,DISHTV,BE,3.37,3.52,3.36,3.52,3.52,3.36,1238630,4314310.46,1101
2026-05-21,INE385W01011,DCAL,EQ,214.6,224.4,210.01,211.88,210.85,211.2,2226966,484405647.47,27450
2026-05-21,INE753U01022,DIVGIITTS,EQ,666.75,698.0,665.4,692.4,697.0,663.8,10142,6914220.7,1073
2026-05-21,INE361B01024,DIVISLAB,EQ,6905.0,6925.0,6829.0,6858.0,6867.0,6893.0,151586,1040708985.0,14084
2026-05-21,INE0NA501011,DIVINEHIRA,ST,329.5,329.5,314.1,324.7,324.7,329.5,3200,1034660.0,7
2026-05-21,INE0SCO01019,DPEL,SM,514.95,523.3,510.0,521.1,521.0,498.4,56000,29146225.0,88
2026-05-21,INE935N01020,DIXON,EQ,11010.0,11325.0,10911.0,11258.0,11230.0,10997.0,705488,7874268013.0,83762
2026-05-21,INE0B1K01014,DJML,EQ,101.0,101.0,95.22,97.39,97.6,96.58,571293,55896994.48,2117
2026-05-21,INE271C01023,DLF,EQ,589.8,591.9,582.85,587.95,588.25,583.3,2819385,1654729282.6,61847
2026-05-21,INE505A01010,DMCC,EQ,288.0,291.0,272.05,274.5,275.5,282.9,123911,34958535.6,3145
2026-05-21,INE021O01019,DODLA,EQ,1040.4,1041.0,1023.4,1038.8,1033.3,1024.8,14934,15472662.7,3344
2026-05-21,INE966A01022,DOLATALGO,EQ,79.49,80.39,78.69,79.16,78.93,78.8,128387,10190220.33,1183
2026-05-21,INE325C01035,DOLLAR,EQ,277.9,282.3,273.95,278.45,279.5,276.45,72200,20101140.0,2286
2026-05-21,INE920A01037,DOLPHIN,EQ,413.45,417.8,406.0,409.6,408.1,412.35,9062,3720351.45,681
2026-05-21,INE321T01012,DOMS,EQ,2295.0,2295.0,2225.0,2239.4,2235.0,2263.0,53816,120722237.8,13588
2026-05-21,INE668D01028,DONEAR,EQ,90.09,91.47,90.06,90.36,90.35,89.71,8965,812220.63,144
2026-05-21,INE360C01024,DPSCLTD,BE,8.47,8.73,8.47,8.47,8.47,8.91,157117,1332529.04,633
2026-05-21,INE943P01029,AGARWALEYE,EQ,461.0,490.95,461.0,481.1,482.0,459.7,471891,225584085.4,17732
2026-05-21,INE934C01018,DRAGARWQ,EQ,5170.1,6059.7,4600.0,5031.7,5050.5,5159.6,5018,25485640.6,1547
2026-05-21,INE600L01024,LALPATHLAB,EQ,1668.8,1717.1,1668.8,1680.8,1674.0,1668.6,177452,299808884.2,25239
2026-05-21,INE089A01031,DRREDDY,EQ,1325.0,1331.6,1314.2,1318.5,1320.0,1321.9,2183121,2889289862.3,42779
2026-05-21,INE03RS01027,DRCSYSTEMS,EQ,15.11,15.97,14.84,15.36,15.35,15.18,137372,2107371.98,270
2026-05-21,INE0JS101016,DREAMFOLKS,EQ,75.25,78.5,75.25,77.22,76.55,75.28,86159,6631861.34,1450
2026-05-21,INE506A01018,DREDGECORP,EQ,1092.9,1172.0,1092.9,1105.25,1097.85,1088.0,1542995,1751572472.05,61117
2026-05-21,INE0P7201019,DRONE,ST,40.45,41.5,40.0,41.1,41.35,40.3,28000,1135775.0,47
2026-05-21,INE055C01020,KEEPLEARN,EQ,2.16,2.23,2.11,2.15,2.17,2.08,16348,35157.52,63
2026-05-21,INF740KA1EU7,LIQUIDETF,EQ,1000.0,1000.01,999.99,999.99,1000.0,1000.0,110004,110003879.61,170
2026-05-21,INF740KA1YH2,BANK10ADD,EQ,16.07,16.84,15.63,15.92,16.82,15.96,16295,259903.19,101
2026-05-21,INF740KA1RX3,BANKADD,EQ,55.3,55.3,54.39,54.61,54.65,54.73,334264,18381117.77,118
2026-05-21,INF740KA1SW3,GOLDADD,EQ,153.24,156.0,153.1,153.7,155.48,152.93,352986,54266181.99,1716
2026-05-21,INF740KA1SX1,ITADD,EQ,30.79,31.15,30.59,30.76,31.15,30.7,26137,802125.69,116
2026-05-21,INF740KA1QK2,EQUAL50ADD,EQ,337.04,339.07,335.19,336.54,336.1,335.02,5904,1987964.41,202
2026-05-21,INF740KA1CL0,NIFTYADD,EQ,249.14,249.43,247.0,247.98,247.98,247.82,10911,2708520.62,119
2026-05-21,INF740KA1SY9,PSUBANKADD,EQ,81.51,81.76,79.23,80.15,81.0,80.58,50646,4092432.54,236
2026-05-21,INF740KA1TA7,PVTBANKADD,EQ,26.6,26.67,26.18,26.34,26.59,26.4,40897,1074773.29,130
2026-05-21,INF740KA1QL0,MIDQ50ADD,EQ,244.0,244.91,240.02,242.67,243.25,242.56,3236,787841.91,79
2026-05-21,INF740KA1SZ6,SENSEXADD,EQ,78.87,78.87,76.88,77.12,77.19,77.37,3760,290464.35,43
2026-05-21,INF740KA1RE3,SILVERADD,EQ,261.37,261.37,252.4,254.16,254.11,255.0,309965,78922787.02,2930
2026-05-21,INF740KA1WU9,FLEXIADD,EQ,9.73,9.79,9.67,9.74,9.79,9.66,126695,1232501.22,215
2026-05-21,INF740KA1UF4,HEALTHADD,EQ,163.15,163.15,159.52,160.85,160.62,159.95,5726,917318.06,42
2026-05-21,INF740KA1UM0,LIQUIDADD,EQ,1127.33,1127.35,1127.33,1127.34,1127.35,1127.19,296853,334654493.93,6784
2026-05-21,INF740KA1WW5,MIDCAPADD,EQ,22.57,22.66,22.42,22.54,22.54,22.45,7111,160452.8,24
2026-05-21,INF740KA1VE5,NEXT30ADD,EQ,39.93,42.66,39.93,42.49,42.49,42.03,43877,1833990.46,131
2026-05-21,INF740KA1XU7,NEXT50ADD,EQ,69.82,70.25,69.57,69.61,69.61,69.49,1942,135338.7,30
2026-05-21,INF740KA1WX3,SMALLADD,EQ,17.09,17.09,16.77,16.88,16.93,16.73,6653,112267.23,60
2026-05-21,INF740KA1UR9,TOP10ADD,EQ,87.22,87.4,86.33,86.54,86.99,86.87,267329,23189528.75,627
2026-05-21,INE0LZO01015,DUCOL,SM,109.15,113.05,109.1,111.8,111.0,111.1,8800,980680.0,9
2026-05-21,INE741L01018,DUCON,BE,3.25,3.26,3.19,3.2,3.2,3.19,113003,365454.42,155
2026-05-21,INE0HPK01020,DUGLOBAL,ST,38.25,38.25,38.25,38.25,38.25,39.95,5000,191250.0,2
2026-05-21,INE0OUW01013,DURLAX,ST,61.35,62.2,56.35,57.3,57.1,59.3,166000,9928900.0,64
2026-05-21,INE366A01041,DWARKESH,EQ,43.5,44.92,42.8,44.5,44.55,42.97,1298696,56895156.38,5319
2026-05-21,INE417B01040,DSSL,EQ,1523.8,1755.0,1500.0,1640.6,1667.0,1489.4,795498,1323798062.4,52566
2026-05-21,INE221B01012,DYNAMATECH,EQ,10500.0,11099.0,10500.0,10933.0,10904.0,10441.0,26324,284603580.0,8705
2026-05-21,INE600Y01019,DYCL,EQ,299.9,306.65,298.9,304.35,303.75,297.9,241612,73180962.4,6110
2026-05-21,INE0DZ701010,DYNAMIC,SM,114.7,127.7,114.7,124.35,123.45,112.55,17000,2059175.0,30
2026-05-21,INE256H01015,DYNPRO,EQ,227.68,229.91,226.1,227.1,227.9,227.67,2966,675796.04,170
2026-05-21,INE0KFF01017,EFACTOR,SM,200.0,200.0,200.0,200.0,200.0,200.1,400,80000.0,1
2026-05-21,INE1CEJ01017,E2ERAIL,ST,274.5,280.0,269.0,273.75,269.0,274.0,20800,5700000.0,25
2026-05-21,INE255Z01019,E2E,EQ,3395.5,3496.0,3335.0,3409.3,3415.0,3331.4,140353,479462447.4,11401
2026-05-21,INE962C01035,EASTSILK,BE,56.33,61.4,56.33,57.88,58.56,59.29,1088,62669.69,9
2026-05-21,INE07O001026,EASEMYTRIP,EQ,8.0,8.18,7.95,7.98,7.99,8.02,8003195,64293820.17,6980
2026-05-21,INE528S07110,888ECL28,N1,972.0,980.0,972.0,980.0,980.0,987.0,42,41152.0,2
2026-05-21,INE738I01010,ECLERX,EQ,1531.0,1562.6,1519.1,1537.0,1540.1,1518.1,187361,287888607.9,12884
2026-05-21,INE0VBS01016,ECOLINE,SM,154.0,163.8,150.0,152.6,153.5,149.6,276000,43572800.0,248
2026-05-21,INE06HJ01020,ECOSMOBLTY,EQ,131.35,132.97,129.25,130.03,129.5,129.4,109330,14267302.97,2014
2026-05-21,INF754K01OB1,BBETF0432,EQ,1303.11,1306.01,1296.21,1302.85,1302.99,1302.11,976,1268182.19,70
2026-05-21,INF754K01TE4,EBANKNIFTY,EQ,54.24,54.32,53.43,53.78,53.62,54.05,997,53831.54,31
2026-05-21,INF754K01KO2,EBBETF0430,EQ,1540.73,1576.8,1540.73,1560.82,1560.0,1567.3,5342,8348771.49,337
2026-05-21,INF754K01LE1,EBBETF0431,EQ,1389.78,1394.89,1389.3,1394.03,1389.73,1390.66,2645,3680028.11,70
2026-05-21,INF754K01QX0,EBBETF0433,EQ,1271.0,1271.0,1266.0,1266.37,1269.0,1270.34,831,1053581.6,73
2026-05-21,INF754K01TX4,ECAPINSURE,EQ,24.65,24.79,24.22,24.3,24.5,24.5,24055,592230.16,213
2026-05-21,INF754K01SE6,EGOLD,EQ,158.35,158.65,157.6,157.85,158.1,157.5,28699,4534633.9,533
2026-05-21,INF754K01VW2,ELIQUID,EQ,1031.57,1031.58,1031.57,1031.58,1031.58,1031.43,909,937701.08,8
2026-05-21,INF754K01VV4,ELM250,EQ,16.28,16.35,16.12,16.24,16.25,16.2,14292,232235.82,104
2026-05-21,INF754K01TF1,EMULTIMQ,EQ,42.75,43.08,41.45,41.84,42.0,42.69,32617,1380611.71,210
2026-05-21,INF754K01VX0,ENIFTY,EQ,24.32,24.32,23.66,23.8,23.8,23.73,2004,47654.93,32
2026-05-21,INF754K01VY8,ESENSEX,EQ,75.52,75.73,75.34,75.35,75.35,75.13,1423,107435.8,9
2026-05-21,INF754K01SF3,ESILVER,EQ,265.06,265.11,260.9,262.32,263.98,263.75,33916,8914886.23,1439
2026-05-21,INE532F01054,EDELWEISS,EQ,112.0,112.75,109.0,109.43,109.25,111.0,3091180,341054987.71,17479
2026-05-21,INE886D01026,EFCIL,EQ,190.61,191.7,185.59,190.99,191.5,187.25,470256,89203435.92,4636
2026-05-21,INE0U9101019,EFFWA,SM,246.0,262.0,243.0,255.2,253.35,240.7,27600,7099360.0,55
2026-05-21,INE066A01021,EICHERMOT,EQ,6902.0,6945.5,6863.0,6892.0,6912.0,6849.5,491206,3390880289.0,61358
2026-05-21,INE126A01031,EIDPARRY,EQ,801.95,801.95,787.0,789.5,788.6,798.05,94087,74537197.55,10892
2026-05-21,INE276C01014,EIHAHOTELS,EQ,326.1,334.0,322.35,327.9,328.0,324.15,10292,3358074.85,789
2026-05-21,INE230A01023,EIHOTEL,EQ,322.0,325.8,317.55,319.5,320.6,322.5,101773,32654395.3,4456
2026-05-21,INE158B01016,EIMCOELECO,EQ,1620.0,1690.0,1619.3,1642.7,1638.0,1609.6,30189,50024417.4,2316
2026-05-21,INE280B01018,ELANTAS,EQ,9106.5,9385.5,9015.0,9210.0,9150.5,9340.5,1905,17541186.0,497
2026-05-21,INE927X01018,ELCIDIN,EQ,118795.0,122000.0,118305.0,119200.0,119200.0,118205.0,10,1196820.0,10
2026-05-21,INE668G01021,ELDEHSG,EQ,830.05,870.2,830.05,865.0,865.0,850.0,773,670103.35,43
2026-05-21,INE205B01031,ELECON,EQ,490.0,520.35,488.05,504.15,510.0,486.25,1484242,752510668.4,43436
2026-05-21,INE0Q1W01012,EFORCE,SM,21.85,22.55,21.85,22.55,22.55,22.25,4800,105720.0,4
2026-05-21,INE02YR01019,EMIL,EQ,117.0,117.51,113.2,115.95,115.4,115.68,1387655,160209999.21,8758
2026-05-21,INE086A01029,ELECTCAST,EQ,79.0,79.4,76.85,78.16,77.82,78.01,2159418,168284053.38,11237
2026-05-21,INE822G01016,ELECTHERM,EQ,680.1,850.6,680.1,850.6,850.6,708.85,161995,131766848.45,4444
2026-05-21,INE0R9101015,ELGNZ,SM,84.75,84.95,82.0,84.95,84.95,81.6,12000,1007700.0,8
2026-05-21,INE285A01027,ELGIEQUIP,EQ,569.95,574.95,559.0,567.4,567.0,565.25,453648,257011148.6,25221
2026-05-21,INE819L01012,ELGIRUBCO,EQ,47.7,48.85,46.5,47.18,47.4,47.4,35177,1685323.47,604
2026-05-21,INE050401020,ELIN,EQ,121.0,122.04,118.55,119.33,119.0,119.78,98412,11776572.26,1695
2026-05-21,INE669R01026,ELITECON,EQ,32.27,33.25,31.81,32.92,32.0,31.67,5168358,170388396.33,5569
2026-05-21,INE236E01022,ELLEN,EQ,281.55,293.4,281.35,287.7,286.5,282.2,334281,96432400.55,6972
2026-05-21,INE579B01039,ELPROINTL,EQ,164.05,166.0,164.05,165.51,165.0,164.93,45917,7584681.97,433
2026-05-21,INE0ZOL01023,EMAPARTNER,SM,89.1,89.1,88.5,88.5,88.5,92.0,3000,266600.0,3
2026-05-21,INE548C01032,EMAMILTD,EQ,431.95,438.0,410.1,415.65,413.9,428.8,2130268,890972101.6,50563
2026-05-21,INE830C01026,EMAMIPAP,EQ,81.45,81.9,79.04,79.42,79.5,79.73,10535,839078.05,150
2026-05-21,INE778K01012,EMAMIREAL,BE,87.83,87.83,87.83,87.83,87.83,89.62,8796,772552.68,32
2026-05-21,INE069I01010,EMBDL,EQ,65.81,67.42,64.36,64.6,64.69,66.35,3538556,232201681.2,23946
2026-05-21,INE041025011,EMBASSY,RR,434.79,438.35,429.5,434.33,435.52,434.45,231669,100713050.57,13615
2026-05-21,INE168P01015,EMCURE,EQ,1752.0,1757.9,1721.0,1751.5,1751.3,1734.0,72517,126104952.7,8621
2026-05-21,INE0RHD01013,ETML,SM,86.25,86.3,83.0,84.1,84.1,85.25,69600,5939640.0,32
2026-05-21,INE296H01011,EMKAY,EQ,223.0,231.9,221.15,223.03,221.5,219.86,52000,11789877.67,1420
2026-05-21,INE332S01011,EMKAYTOOLS,SM,102.45,103.0,102.45,102.75,103.0,98.85,750,76935.0,5
2026-05-21,INE0PXC01024,ETL,SM,950.0,950.0,905.0,945.0,945.0,911.5,1800,1653000.0,8
2026-05-21,INE753K01015,EMMBI,EQ,83.9,84.31,82.25,82.65,82.25,83.9,6297,522409.25,175
2026-05-21,INE1C6T01020,EMMVEE,EQ,262.6,265.5,253.05,261.25,261.25,260.55,3426212,887386374.0,37801
2026-05-21,INE507F01023,EMPOWER,BE,2.51,2.51,2.51,2.51,2.51,2.56,350182,878956.82,308
2026-05-21,INE0OV601013,EMSLIMITED,EQ,321.9,323.4,310.85,317.0,317.3,316.55,112087,35753474.95,3982
2026-05-21,INE01QM01018,EMUDHRA,EQ,469.95,476.0,464.3,471.2,475.0,463.3,46126,21670774.5,2890
2026-05-21,INE433T01015,ENCOMPAS,SM,222.0,239.5,215.0,231.25,232.1,216.0,64800,15260780.0,43
2026-05-21,INE913H01037,ENDURANCE,EQ,2552.9,2636.4,2552.3,2623.0,2620.0,2552.3,93093,242299143.3,12574
2026-05-21,INE306C01019,ENERGYDEV,EQ,16.72,17.34,16.53,16.63,16.58,16.72,37268,630542.21,367
2026-05-21,INE0S1L01013,EMMIL,SM,142.0,146.95,141.0,143.95,141.0,142.0,4250,605000.0,16
2026-05-21,INE0S3X01014,ENFUSE,SM,175.0,192.0,174.0,192.0,192.0,179.9,10800,1991940.0,16
2026-05-21,INE510A01028,ENGINERSIN,EQ,243.7,247.7,235.35,237.2,237.95,241.4,3083203,740102380.15,33804
2026-05-21,INE010601016,ENTERO,EQ,1262.0,1318.6,1255.8,1299.9,1295.0,1254.7,391526,504090002.2,15789
2026-05-21,INE265F01028,ENIL,EQ,111.18,111.18,109.8,110.03,110.0,111.04,5349,589293.3,99
2026-05-21,INE0LLY01014,EIEL,EQ,189.45,194.54,186.1,187.17,186.8,188.26,1111115,210973285.05,11210
2026-05-21,INE0SUH01015,ENVIRO,SM,104.95,104.95,99.3,99.3,99.3,101.5,23000,2321950.0,21
2026-05-21,INE0G5901015,EPACK,EQ,237.55,244.0,229.15,232.8,232.35,259.2,3910658,925015567.55,41553
2026-05-21,INE0MLS01022,EPACKPEB,EQ,192.3,197.26,188.0,189.09,190.0,189.5,552996,106036197.65,11235
2026-05-21,INE071N01016,EPIGRAL,EQ,1252.0,1283.0,1237.8,1270.1,1269.0,1240.4,35798,45329436.7,4898
2026-05-21,INE255A01020,EPL,EQ,216.5,218.28,213.5,214.65,216.4,215.66,336564,72643920.03,7256
2026-05-21,INE11HF01010,EEPL,SM,106.25,108.7,105.1,106.0,105.1,103.75,10000,1062150.0,10
2026-05-21,INE1KEC01023,EPWINDIA,ST,138.0,138.0,138.0,138.0,138.0,138.5,1200,165600.0,1
2026-05-21,INE217G01035,EQUIPPP,BE,14.99,14.99,14.35,14.53,14.79,14.75,1364,19764.91,21
2026-05-21,INE063P01018,EQUITASBNK,EQ,68.39,69.39,67.6,68.96,68.32,68.04,2220212,152559284.69,17786
2026-05-21,INE406M01024,ERIS,EQ,1489.1,1530.0,1372.3,1385.9,1388.0,1458.2,665511,955482754.5,37964
2026-05-21,INE284A01012,ESABINDIA,EQ,6700.0,6883.5,6700.0,6802.0,6815.5,6646.0,5753,39192005.0,1765
2026-05-21,INE818W01011,ESAFSFB,EQ,27.8,28.17,27.58,27.67,27.62,27.6,574661,16005678.52,2196
2026-05-21,INE0RQZ01017,ESCONET,ST,135.95,136.05,127.0,134.95,135.9,129.6,24800,3256540.0,51
2026-05-21,INE042A01014,ESCORTS,EQ,2930.0,2938.6,2879.8,2904.1,2908.9,2895.6,194552,564748796.1,15685
2026-05-21,INE0SBP01018,ESPRIT,SM,72.0,72.0,70.0,70.0,70.0,73.5,6400,452000.0,4
2026-05-21,INE122M01019,ESSARSHPNG,EQ,23.49,24.83,23.39,23.8,24.17,23.49,401654,9546903.2,1841
2026-05-21,INE0ITO01014,ESFL,ST,130.4,130.4,129.95,129.95,129.95,128.1,2520,328086.0,7
2026-05-21,INE778B01029,ESTER,EQ,97.38,98.18,95.6,96.38,95.61,96.46,53510,5194206.56,1462
2026-05-21,INE758T01015,ETERNAL,EQ,245.7,247.91,241.56,242.05,241.8,243.34,21676835,5293361091.77,187804
2026-05-21,INE04TZ01018,ETHOSLTD,EQ,2380.6,2397.9,2327.1,2355.2,2360.0,2356.3,8231,19371687.7,1779
2026-05-21,INE0KCE01017,EUREKAFORB,EQ,478.5,481.0,465.05,469.2,468.15,473.45,261797,123248077.45,18025
2026-05-21,INE546V01010,EIFFL,EQ,228.02,247.4,228.02,243.79,246.0,231.39,24602,5951313.84,1132
2026-05-21,INE505V01016,EUROBOND,EQ,178.76,181.8,175.5,180.24,181.3,177.88,5398,966483.87,190
2026-05-21,INE198501012,EUROPRATIK,EQ,269.15,278.65,262.0,265.0,262.0,269.15,1405170,380710372.2,10653
2026-05-21,INE022C01012,EUROTEXIND,EQ,16.9,16.9,15.01,15.55,15.01,15.87,5996,96219.58,55
2026-05-21,INE128A01029,EVEREADY,EQ,324.0,324.7,318.25,320.65,321.0,318.55,42836,13773112.05,1757
2026-05-21,INE295A01018,EVERESTIND,EQ,386.0,399.2,385.9,390.75,390.0,375.65,17865,7019626.9,779
2026-05-21,INE184H01027,EKC,EQ,116.0,117.72,114.16,115.36,115.2,114.99,102024,11839197.97,1562
2026-05-21,INE369A01029,EXCELINDUS,EQ,975.8,1014.85,968.0,1006.05,998.05,956.75,30909,30799446.35,1718
2026-05-21,INE0Y4801011,EXCELLENT,ST,151.55,153.5,151.55,153.5,153.5,151.0,6400,976160.0,4
2026-05-21,INE606N01019,EXCELSOFT,EQ,89.1,91.85,88.15,88.63,88.2,88.81,786514,70855008.32,6053
2026-05-21,INE777F01014,EXICOM,EQ,116.35,137.91,116.35,137.91,137.91,114.93,10428662,1398030217.45,45992
2026-05-21,INE302A01020,EXIDEIND,EQ,343.85,346.3,340.0,340.8,340.45,339.55,1078372,369713518.35,21631
2026-05-21,INE19I001020,EXIMROUTES,SM,121.0,121.0,121.0,121.0,121.0,122.3,800,96800.0,1
2026-05-21,INE201K01015,EXPLEOSOL,EQ,945.0,977.7,945.0,954.6,959.0,931.45,91253,87920482.35,5119
2026-05-21,INE0GFE01026,EXXARO,EQ,6.6,6.66,6.5,6.55,6.6,6.53,101612,668666.33,276
2026-05-21,INE0HF201011,FABTECH,EQ,153.0,156.53,151.51,153.55,154.1,151.89,58368,8957455.37,1662
2026-05-21,INE188A01015,FACT,EQ,872.2,895.4,861.4,868.05,866.0,867.3,147421,129586853.3,9102
2026-05-21,INE0DNW01011,FAIRCHEMOR,EQ,599.95,609.95,596.15,604.7,605.1,600.55,9064,5468515.3,484
2026-05-21,INE963C01033,FAZE3Q,EQ,478.7,498.95,471.5,492.05,495.0,478.7,27973,13704364.15,1033
2026-05-21,INE512B01022,FCSSOFT,BE,1.54,1.54,1.5,1.5,1.51,1.51,959340,1458118.22,862
2026-05-21,INE258B01022,FDC,EQ,363.1,375.0,353.8,362.4,363.0,363.6,169075,60742616.2,15921
2026-05-21,INE007N01010,FEDFINA,EQ,151.68,156.42,150.02,155.22,155.35,150.85,998354,153876684.34,14529
2026-05-21,INE417D01020,FEDDERSHOL,EQ,33.0,33.8,32.82,32.94,33.25,33.08,148209,4961658.31,351
2026-05-21,INE171A01029,FEDERALBNK,EQ,290.5,292.5,283.05,283.75,284.0,289.9,6916472,1977332825.55,72069
2026-05-21,INE529A01010,FMGOETZE,EQ,458.5,467.75,447.3,454.2,452.5,450.95,47285,21673464.3,1697
2026-05-21,INE901X01013,FELIX,SM,198.0,198.6,195.0,195.75,195.0,200.55,14500,2843300.0,27
2026-05-21,INE225B01021,FERMENTA,EQ,314.85,314.85,301.0,306.2,306.2,306.35,10654,3264347.95,380
2026-05-21,INE296C01020,FIBERWEB,EQ,29.0,30.64,28.35,29.34,29.99,29.77,129701,3762203.88,861
2026-05-21,INE0LQQ01019,FIDEL,SM,167.5,167.5,163.95,163.95,163.95,164.0,3000,496400.0,3
2026-05-21,INE737H01014,FIEMIND,EQ,2174.7,2232.0,2154.0,2219.3,2232.0,2151.2,49084,107737601.9,7103
2026-05-21,INE185E01021,FILATFASH,BE,0.24,0.24,0.23,0.23,0.24,0.23,11470461,2687941.71,1729
2026-05-21,INE816B01035,FILATEX,EQ,42.48,42.94,42.13,42.38,42.54,42.18,287346,12202624.25,2269
2026-05-21,INE0EDU01014,FINBUD,SM,114.0,119.0,114.0,115.3,114.15,114.0,11000,1278300.0,9
2026-05-21,INE686Y01026,FINEORG,EQ,4594.1,4648.3,4551.0,4607.3,4599.9,4594.1,5868,27015277.3,1748
2026-05-21,INE045J01034,FCL,EQ,34.0,34.12,30.64,31.59,31.45,34.12,31253961,1019659914.26,45379
2026-05-21,INE734I01027,FINKURVE,EQ,71.99,74.99,67.7,68.13,68.4,69.68,56949,4022783.09,1014
2026-05-21,INE02NC01014,FINOPB,EQ,126.95,126.95,120.5,120.86,120.75,121.44,256024,31229071.17,2787
2026-05-21,INE235A01022,FINCABLES,EQ,1050.0,1074.1,1037.05,1043.1,1043.0,1039.7,298344,315125286.05,24002
2026-05-21,INE183A01024,FINPIPE,EQ,168.0,173.75,168.0,169.16,168.79,167.5,377899,64647005.75,8694
2026-05-21,INE684F01012,FSL,EQ,250.0,257.39,248.5,253.77,254.0,247.32,2652448,671493214.7,56155
2026-05-21,INE771F01041,FISCHER,EQ,35.74,36.49,34.6,34.76,34.95,35.04,979448,34868873.1,2101
2026-05-21,INE128S01021,FIVESTAR,EQ,444.75,453.4,440.4,445.1,444.5,444.05,994313,444755464.65,25418
2026-05-21,INE00Y201027,FLAIR,EQ,337.0,342.0,313.3,318.45,319.0,337.5,306344,100064097.9,4456
2026-05-21,INE060J01017,FLEXITUFF,EQ,6.99,7.45,6.75,7.19,7.3,6.92,18449,132689.0,58
2026-05-21,INE0VCK01011,FLYSBS,SM,404.0,417.8,404.0,407.0,407.0,401.45,9600,3937550.0,47
2026-05-21,INE0SQZ01015,FWSTC,SM,162.2,162.2,162.2,162.2,162.2,161.05,600,97320.0,1
2026-05-21,INE0I7D01019,FOCE,SM,567.0,567.0,553.0,555.0,553.0,561.0,2400,1345920.0,6
2026-05-21,INE593W01028,FOCUS,EQ,87.0,87.8,83.75,84.82,85.77,85.69,107591,9205911.73,1696
2026-05-21,INE0Q4701019,FONEBOX,SM,71.5,76.0,71.5,76.0,76.0,71.0,11000,823500.0,11
2026-05-21,INE976E01023,FOODSIN,EQ,57.64,57.64,55.11,55.88,55.55,55.23,38593,2154747.69,900
2026-05-21,INE0U2501017,FORCAS,SM,105.0,105.45,103.5,105.45,105.45,105.95,8000,834400.0,5
2026-05-21,INE451A01017,FORCEMOT,EQ,19482.0,19717.0,19302.0,19339.0,19306.0,19083.0,122198,2381374905.0,33150
2026-05-21,INE061F01013,FORTIS,EQ,980.9,992.7,965.2,967.3,971.0,974.6,1472617,1436059739.85,44385
2026-05-21,INE519A01011,FOSECOIND,EQ,5300.0,5300.0,5120.0,5188.6,5153.0,5279.3,3920,20302505.3,1206
2026-05-21,INE212S01015,FRACTAL,EQ,938.0,943.0,910.0,917.25,913.0,933.65,376610,348877321.75,19257
2026-05-21,INF090I01VX3,FICRF3GP,MF,189.0,228.9,189.0,189.0,189.0,210.0,47,9162.3,5
2026-05-21,INE0SFW01015,FRESHARA,ST,205.95,212.8,200.6,212.65,212.7,202.7,75600,15780990.0,105
2026-05-21,INE385O01018,FROG,ST,168.9,169.4,168.9,169.4,169.4,168.15,2400,406180.0,6
2026-05-21,INE572D01014,FRONTSP,EQ,1659.9,1740.0,1635.3,1659.9,1640.0,1654.2,17579,29734464.1,2508
2026-05-21,INE388Y01029,NYKAA,EQ,275.75,277.0,272.95,274.5,275.0,273.3,5838024,1601843216.85,90660
2026-05-21,INE12UR01024,UTLSOLAR,EQ,268.0,277.8,261.6,264.5,264.0,266.2,465394,125794943.4,8260
2026-05-21,INE139R01012,FUSION,EQ,183.7,184.0,178.5,179.73,179.5,180.43,364899,65856724.66,6864
2026-05-21,INE452O01016,FLFL,BZ,1.53,1.58,1.44,1.58,1.58,1.51,31268,47683.49,69
2026-05-21,INE623B01027,FEL,BZ,0.45,0.45,0.44,0.45,0.45,0.44,43226,19394.58,50
2026-05-21,IN9623B01058,FELDVR,BZ,2.44,2.67,2.43,2.55,2.55,2.55,2074,5311.31,12
2026-05-21,INE360L01017,FMNL,EQ,11.31,11.9,11.31,11.31,11.31,11.9,116262,1317759.24,118
2026-05-21,INE075D01018,GMBREW,EQ,930.0,950.45,920.5,940.9,937.9,924.0,72447,67721537.85,3760
2026-05-21,INE201P01022,GRINFRA,EQ,953.95,953.95,941.0,945.85,947.75,940.2,38001,35930310.1,3176
2026-05-21,INE586X01012,GTECJAINX,EQ,18.63,19.65,18.63,19.36,19.4,18.61,2945,56104.34,29
2026-05-21,INE524A01029,GABRIEL,EQ,1100.0,1117.0,1092.1,1106.4,1101.3,1089.1,228202,252407708.2,14267
2026-05-21,INE224E01028,GATECH,EQ,0.53,0.53,0.51,0.51,0.52,0.52,6185770,3216344.83,926
2026-05-21,INE224E01036,GATECHDVR,EQ,0.51,0.52,0.5,0.51,0.5,0.5,305256,156539.94,155
2026-05-21,INE129A01019,GAIL,EQ,156.5,157.54,154.9,155.9,155.8,155.64,11448733,1787320178.77,55420
2026-05-21,INE0QTE01018,GAJANAND,SM,8.8,8.85,8.4,8.85,8.85,8.8,12000,104700.0,3
2026-05-21,INE0RE001014,GALAPREC,EQ,833.75,853.25,830.0,847.6,846.0,827.95,9639,8114484.35,981
2026-05-21,INE09A801015,GML,SM,19.15,19.15,19.0,19.0,19.0,19.35,6000,114600.0,3
2026-05-21,INE600K01018,GALAXYSURF,EQ,1822.3,1832.9,1814.5,1821.2,1820.0,1825.8,5388,9816243.4,970
2026-05-21,INE297H01019,GALLANTT,EQ,678.0,680.2,660.55,666.25,665.0,669.85,136676,91299988.6,5851
2026-05-21,INE717W01049,GANDHAR,EQ,160.33,166.8,159.61,163.78,163.16,158.86,749808,122823590.63,9021
2026-05-21,INE524B01027,GANDHITUBE,EQ,930.0,955.55,922.05,929.35,931.0,878.0,62980,59027233.55,4146
2026-05-21,INE388A01029,GANESHBE,EQ,101.5,103.0,98.0,98.65,98.65,100.68,369006,36859596.03,5034
2026-05-21,INE652V01016,GANESHCP,EQ,191.72,212.0,191.72,205.91,203.01,192.39,149516,30817564.21,3727
2026-05-21,INE0R8C01018,GGBL,SM,344.8,371.9,344.8,352.75,349.95,339.5,215400,77002260.0,543
2026-05-21,INE460C01014,GANESHHOU,EQ,715.95,719.9,696.0,699.85,708.0,704.45,29628,20941673.85,2028
2026-05-21,INE0TVT01024,GANESHIN,ST,78.0,82.5,77.0,81.45,82.2,80.3,48000,3792960.0,45
2026-05-21,INE845D01014,GANECOS,EQ,1037.2,1069.5,1019.2,1049.5,1068.9,1021.9,214682,222804248.5,7690
2026-05-21,INE0ZI101018,GANGABATH,SM,23.55,23.55,23.55,23.55,23.55,23.4,3000,70650.0,1
2026-05-21,INE691Z01023,GANGAFORGE,EQ,2.51,2.51,2.4,2.43,2.46,2.46,216642,529698.68,239
2026-05-21,INE335W01016,GANGESSECU,EQ,124.6,125.99,120.7,121.9,122.0,123.11,2758,339232.19,157
2026-05-21,INE382Z01011,GRSE,EQ,2710.0,2743.9,2675.4,2690.6,2688.5,2647.4,1328528,3597310326.0,65891
2026-05-21,INE0JVO01026,GARUDA,EQ,174.94,175.48,169.96,170.93,170.47,172.14,554144,95394137.02,6454
2026-05-21,INE291A01017,GRWRHITECH,EQ,5655.0,5699.0,5486.5,5524.5,5499.0,5635.3,95275,532301883.2,17193
2026-05-21,INE276A01018,GARFIBRES,EQ,630.2,634.75,608.2,622.1,615.2,635.2,116775,72279026.85,12108
2026-05-21,INE079J01017,GATEWAY,EQ,55.89,56.04,55.24,55.53,55.46,54.93,302236,16812059.45,2310
2026-05-21,INE0P8B01020,GAUDIUMIVF,BE,116.4,118.0,114.5,116.74,116.02,112.93,281848,32879013.29,1799
2026-05-21,INE287Z01012,GAYAHWS,EQ,2.39,2.39,2.27,2.29,2.3,2.31,188792,438416.01,306
2026-05-21,INE336H01023,GAYAPROJ,BE,16.42,17.11,16.02,16.84,16.5,16.5,165977,2737650.28,328
2026-05-21,INE0LVM01018,GRCL,ST,552.05,552.1,550.55,550.55,550.55,579.5,1750,965675.0,7
2026-05-21,INE878A01011,GVPIL,EQ,679.0,697.55,678.95,697.55,697.55,664.35,139248,96255470.55,1628
2026-05-21,INE200A01026,GVT&D,EQ,4749.0,4962.4,4700.0,4794.6,4790.0,4679.4,1086952,5264672231.7,117909
2026-05-21,INE916G01016,GEECEE,EQ,338.9,346.7,333.0,335.35,335.25,337.15,5212,1768792.35,196
2026-05-21,INE669X01032,GEEKAYWIRE,EQ,24.28,25.6,23.82,24.32,24.3,24.28,110695,2729836.87,918
2026-05-21,INE06XZ01023,GEMAROMA,BE,160.0,165.0,153.61,160.05,159.5,158.45,63179,10161461.67,555
2026-05-21,INE481Y01014,GICRE,EQ,387.9,395.0,384.95,388.25,385.0,386.4,365919,142428205.5,7414
2026-05-21,INE854S01022,GENCON,EQ,39.1,39.46,38.02,38.74,38.84,38.73,35848,1384292.23,424
2026-05-21,INE727B01026,GENESYS,EQ,204.8,241.55,202.15,241.55,241.55,201.3,4617501,1059750716.35,49450
2026-05-21,INE949P01018,GENUSPAPER,EQ,13.23,13.8,12.81,12.81,12.81,12.76,116428,1513675.91,269
2026-05-21,INE955D01029,GENUSPOWER,EQ,316.8,322.6,310.0,313.1,313.35,309.95,727163,229103082.35,17029
2026-05-21,INE007B01023,GEOJITFSL,EQ,74.94,76.25,74.01,74.78,74.95,74.67,370694,27828714.99,4163
2026-05-21,INE538A01037,GFLLIMITED,EQ,46.26,46.78,43.0,45.04,46.02,45.91,49285,2211639.39,1710
2026-05-21,INE539A01019,GHCL,EQ,456.0,458.25,450.0,454.15,453.0,455.4,185298,83875626.8,18479
2026-05-21,INE0PA801013,GHCLTEXTIL,EQ,92.3,95.5,90.05,92.65,92.76,91.24,1348172,125546987.36,4460
2026-05-21,INE289B01019,GICHSGFIN,EQ,153.0,153.0,149.1,149.77,149.76,149.14,89167,13408982.29,1672
2026-05-21,INE047B01011,GILLANDERS,EQ,91.01,92.9,87.2,90.0,90.0,88.29,5919,534352.76,244
2026-05-21,INE322A01010,GILLETTE,EQ,7691.0,7779.5,7642.0,7655.0,7658.0,7684.5,14246,109386619.5,5303
2026-05-21,INE424C01010,GINNIFILA,EQ,42.3,43.9,41.24,43.11,43.9,41.42,92696,3967886.21,774
2026-05-21,INE614Z01017,GIRIRAJ,ST,157.65,157.65,152.0,157.65,157.65,150.15,1500,235062.5,5
2026-05-21,INE1AG301022,GKENERGY,EQ,128.99,128.99,122.2,123.54,123.9,126.04,394039,49355116.72,4393
2026-05-21,INE528A01020,GKWLIMITED,EQ,1666.4,1689.9,1620.0,1658.0,1655.0,1666.4,191,317463.7,31
2026-05-21,INE068V01023,GLAND,EQ,2230.0,2370.0,2230.0,2331.0,2338.0,2221.8,1019484,2344286232.7,57384
2026-05-21,INE159A01016,GLAXO,EQ,2379.0,2379.2,2314.0,2320.7,2314.5,2346.8,106325,247854394.5,12353
2026-05-21,INE935A01035,GLENMARK,EQ,2395.0,2407.8,2372.0,2393.0,2385.0,2379.0,381349,913479183.8,24008
2026-05-21,INE291W01037,GLOBAL,EQ,102.0,103.74,98.45,100.22,100.4,102.36,136077,13654419.41,1490
2026-05-21,INE474Q01031,MEDANTA,EQ,1254.5,1255.0,1228.2,1240.2,1241.0,1240.1,77180,95674577.0,9301
2026-05-21,INE0PS501019,GLOBALPET,ST,133.05,133.05,133.05,133.05,133.05,136.85,750,99787.5,1
2026-05-21,INE0JSX01015,GSLSU,EQ,56.0,56.0,54.86,55.28,54.9,54.7,38236,2109924.4,1412
2026-05-21,INE792H01019,GLOBALVECT,EQ,169.1,174.38,166.0,167.3,170.0,166.24,6654,1127280.8,366
2026-05-21,INE0URU01010,GLOBALE,BE,12.99,12.99,11.92,12.05,12.05,12.39,10283,131923.55,34
2026-05-21,INE0V3U01015,GLOBECIVIL,BE,44.12,45.42,43.16,44.52,44.5,43.26,25330,1127491.18,181
2026-05-21,INE581X01021,GLOBE,EQ,2.45,2.5,2.44,2.45,2.45,2.46,185340,455624.67,215
2026-05-21,INE947T01022,GICL,EQ,40.36,40.91,40.34,40.59,40.76,40.24,356644,14462050.83,770
2026-05-21,INE00WS01056,GSTL,ST,15.5,17.1,15.5,17.1,17.1,16.3,50000,815150.0,34
2026-05-21,INE615I01010,GLOBUSSPR,EQ,890.0,894.7,868.4,871.0,870.0,877.6,110064,96747731.6,5833
2026-05-21,INE350Z01018,GLOSTERLTD,EQ,649.0,666.3,625.35,633.4,633.6,647.65,7610,4860496.2,609
2026-05-21,INE0TQE01026,GLOTTIS,EQ,70.9,73.92,68.4,69.19,68.4,70.31,1417443,99798947.61,12460
2026-05-21,INE541A01023,GMMPFAUDLR,EQ,865.0,870.3,850.55,855.0,851.5,863.5,92470,79512140.3,6610
2026-05-21,INE776C01039,GMRAIRPORT,EQ,95.0,97.11,94.81,96.87,96.91,94.5,13703695,1314415736.09,41261
2026-05-21,INE0CU601026,GMRP&UI,EQ,113.24,117.9,111.76,116.13,116.25,112.13,3378593,386635846.53,17850
2026-05-21,INE934S01014,GNA,EQ,367.0,375.0,362.35,371.5,368.6,364.95,70593,26077952.25,3221
2026-05-21,INE18JU01028,EBGNG,EQ,428.0,453.3,426.05,443.75,440.6,426.35,1006814,445590347.7,22136
2026-05-21,INE03JT01014,GODIGIT,EQ,313.9,313.9,308.6,309.85,309.95,311.1,107468,33419021.65,5862
2026-05-21,INE0BJS01011,GOCOLORS,EQ,260.0,305.25,256.15,301.45,300.7,254.4,8323686,2447836491.45,75203
2026-05-21,INE426D01013,GOACARBON,EQ,401.95,403.9,393.1,396.8,398.0,395.85,9134,3636195.2,494
2026-05-21,INE077F01035,GOCLCORP,EQ,303.0,312.8,299.4,306.7,305.85,298.25,76813,23633982.25,4236
2026-05-21,INE497S01012,GODAVARIB,EQ,332.0,332.0,320.7,325.05,324.2,326.35,217940,71127926.55,5552
2026-05-21,INE177H01039,GPIL,EQ,308.0,308.4,295.7,297.75,296.9,305.85,5553472,1674732688.4,50439
2026-05-21,INE260B01028,GODFRYPHLP,EQ,2330.0,2375.4,2284.8,2312.1,2314.8,2305.3,1002246,2330531345.6,47350
2026-05-21,INE850D01014,GODREJAGRO,EQ,582.95,599.5,578.75,587.9,586.45,574.2,169739,100173658.4,11209
2026-05-21,INE102D01028,GODREJCP,EQ,1029.0,1032.7,1012.1,1017.3,1023.0,1022.9,1956260,1993507218.0,43683
2026-05-21,INE233A01035,GODREJIND,EQ,1129.95,1144.1,1105.5,1111.45,1115.0,1124.15,79298,89023919.55,7424
2026-05-21,INE484J01027,GODREJPROP,EQ,1740.0,1762.9,1717.2,1736.9,1732.9,1719.4,760318,1321811748.1,27251
2026-05-21,IN0020240183,675GS2029,GS,103.0,103.0,101.97,101.97,101.97,103.0,610,62212.0,3
2026-05-21,IN0020240100,697GR2034,GS,95.15,95.15,95.15,95.15,95.15,95.0,400,38060.0,2
2026-05-21,IN0020240175,698GR2054,GS,95.0,95.0,95.0,95.0,95.0,95.0,11,1045.0,2
2026-05-21,IN0020240142,709GS2074,GS,96.95,96.95,95.61,96.25,96.35,96.37,24869,2389055.03,51
2026-05-21,IN0020210186,574GS2026,GS,101.0,101.0,99.45,99.45,99.45,100.22,3,299.97,3
2026-05-21,IN0020250067,601GS2030,GS,101.0,101.0,98.61,99.3,99.3,101.0,1400,138889.0,4
2026-05-21,IN0020210095,610GS2031,GS,99.5,99.5,99.5,99.5,99.5,98.0,1,99.5,1
2026-05-21,IN0020250059,628GS2032,GS,98.15,98.15,98.15,98.15,98.15,98.15,200,19630.0,1
2026-05-21,IN0020250141,636GS2031,GS,99.9,100.0,99.9,100.0,100.0,99.9,1031,103040.0,6
2026-05-21,IN0020250091,648GS2035,GS,96.4,96.76,96.1,96.76,96.76,96.4,800501,77456209.1,4
2026-05-21,IN0020210244,654GS2032,GS,100.1,100.1,100.1,100.1,100.1,99.16,5000,500500.0,3
2026-05-21,IN0020200252,667GS2050,GS,93.5,93.5,93.5,93.5,93.5,93.5,1232,115192.0,1
2026-05-21,IN0020250133,668GS2033,GS,99.8,99.8,98.8,98.8,98.8,99.8,200,19770.0,2
2026-05-21,IN0020250042,668GS2040,GS,96.42,96.75,96.42,96.62,96.42,96.32,3333,322164.41,15
2026-05-21,IN0020200401,676GS2061,GS,89.9,90.0,89.83,89.83,89.83,89.89,7284,655102.09,22
2026-05-21,IN0020240126,679GS2034,GS,98.0,98.0,97.65,97.68,97.65,100.0,1712,167393.5,8
2026-05-21,IN0020200187,68GS2060,GS,94.4,94.4,92.2,92.2,92.2,94.4,4424,407913.4,13
2026-05-21,IN0020250018,690GS2065,GS,90.9,90.9,90.25,90.26,90.25,90.4,401931,36292571.59,63
2026-05-21,IN0020260025,694GS2036,GS,99.8,99.8,99.0,99.01,99.01,99.0,1800,178412.0,4
2026-05-21,IN0020210202,695GS2061,GS,95.0,95.0,92.0,94.79,94.79,94.0,10049,930496.32,20
2026-05-21,IN0020210194,699GS2051,GS,95.5,95.89,95.5,95.89,95.89,94.5,8021,766009.4,9
2026-05-21,IN0020240043,702GS2027,GS,103.56,104.0,103.52,104.0,104.0,103.51,246,25526.0,4
2026-05-21,IN0020240050,704GS2029,GS,103.61,103.61,103.61,103.61,103.61,103.61,100,10361.0,1
2026-05-21,IN0020230010,706GS2028,GS,101.3,101.3,101.3,101.3,101.3,101.43,500,50650.0,1
2026-05-21,IN0020240118,709GS2054,GS,95.7,95.75,95.4,95.4,95.4,95.4,13317,1274006.85,12
2026-05-21,IN0020240019,71GS2034,GS,102.0,102.0,102.0,102.0,102.0,102.0,10,1020.0,1
2026-05-21,IN0020230036,717GS2030,GS,101.4,101.4,101.0,101.0,101.0,101.4,5690,575279.0,10
2026-05-21,IN0020230085,718GS2033,GS,101.06,102.0,101.06,101.22,101.22,101.5,4176,423762.05,6
2026-05-21,IN0020230077,718GS2037,GS,102.2,102.2,102.01,102.01,102.01,102.24,15758,1609547.6,9
2026-05-21,IN0020240027,723GS2039,GS,104.5,104.5,103.46,103.46,103.46,104.5,20,2079.6,2
2026-05-21,IN0020250075,724GS2055,GS,97.1,98.0,96.75,97.99,97.99,96.86,648821,62987179.89,43
2026-05-21,IN0020230044,725GS2063,GS,97.8,97.99,97.06,97.33,97.45,97.35,40261,3920671.12,95
2026-05-21,IN0020220060,726GS2032,GS,102.8,103.25,102.0,103.24,103.25,103.1,44889,4610443.74,22
2026-05-21,IN0020220151,726GS2033,GS,102.2,102.2,102.2,102.2,102.2,102.01,8000,817600.0,3
2026-05-21,IN0020230051,73GS2053,GS,99.75,99.75,99.75,99.75,99.75,100.13,1141,113814.75,6
2026-05-21,IN0020230135,732GS2030,GS,102.2,102.2,102.2,102.2,102.2,101.5,250,25550.0,1
2026-05-21,IN0020230119,733GS2026,GS,100.53,100.55,100.53,100.55,100.55,101.1,254,25535.74,5
2026-05-21,IN0020240035,734GS2064,GS,96.48,96.48,95.96,96.09,96.47,96.11,1431225,137618479.72,1075
2026-05-21,IN0020220086,736GS2052,GS,102.0,102.0,102.0,102.0,102.0,107.1,21,2142.0,3
2026-05-21,IN0020230101,737GS2028,GS,102.5,102.5,101.8,101.8,101.8,102.2,3801,388009.8,9
2026-05-21,IN0020220094,74GS2062,GS,101.5,101.5,101.4,101.4,101.4,101.4,2010,204014.0,2
2026-05-21,IN0020220102,741GS2036,GS,104.5,104.5,104.48,104.48,104.48,103.95,2100,219438.0,2
2026-05-21,IN0020250117,743GS2076,GS,100.45,100.45,99.0,99.0,99.0,100.0,1001,99590.45,6
2026-05-21,IN0020230127,746GS2073,GS,99.0,99.0,97.25,98.4,98.4,98.07,29834,2918864.95,125
2026-05-21,IN0020260017,750GS2056,GS,98.5,98.5,98.5,98.5,98.5,98.5,200,19700.0,1
2026-05-21,IN0020220029,754GS2036,GS,106.95,107.0,106.81,106.98,106.97,106.87,142251,15212446.53,113
2026-05-21,IN0020260033,771GS2066,GS,100.47,101.4,99.0,101.4,101.4,100.48,14800,1492785.0,8
2026-05-21,IN0020010081,1018GS2026,GS,104.74,104.74,104.74,104.74,104.74,103.3,1242,130087.08,2
2026-05-21,IN0020160068,706GS2046,GS,98.95,99.0,98.9,99.0,99.0,98.0,7200,712250.0,6
2026-05-21,IN0020200054,716GS2050,GS,98.76,98.76,98.76,98.76,98.76,98.76,100,9876.0,1
2026-05-21,IN0020200039,719GS2060,GS,96.95,96.95,96.0,96.0,96.0,96.5,1526,147470.7,6
2026-05-21,IN0020180454,726GS2029,GS,104.01,104.01,104.01,104.01,104.01,103.16,1,104.01,1
2026-05-21,IN0020220037,738GS2027,GS,104.0,104.18,104.0,104.07,104.18,104.38,22234,2314209.57,20
2026-05-21,IN0020040039,75GS2034,GS,103.0,104.8,102.98,104.8,104.8,104.8,24302,2503239.58,13
2026-05-21,IN0020130053,92GS2030,GS,112.01,112.01,111.0,111.48,111.5,111.99,34897,3900469.24,40
2026-05-21,IN002025Y388,182D180626,TB,99.13,99.13,99.13,99.13,99.13,99.0,100,9913.0,1
2026-05-21,IN002025Y347,182D210526,TB,99.53,99.53,99.53,99.53,99.53,99.53,100,9953.0,1
2026-05-21,IN002025Z237,364D030926,TB,97.67,98.25,97.67,98.25,98.25,97.13,2000,195920.0,2
2026-05-21,IN002026X016,91D090726,TB,99.81,99.81,99.81,99.81,99.81,99.11,200,19962.0,2
2026-05-21,IN002025X497,91D110626,TB,99.6,99.6,99.6,99.6,99.6,99.6,100,9960.0,1
2026-05-21,IN002026X024,91D160726,TB,99.0,99.0,98.53,98.75,98.75,99.0,1200,118728.0,3
2026-05-21,IN002026X040,91D300726,TB,98.75,98.75,98.75,98.75,98.75,98.75,400,39500.0,1
2026-05-21,INE887G01027,GOKEX,EQ,685.0,693.0,680.0,686.65,689.05,681.4,195418,134260009.3,7496
2026-05-21,INE314T01033,GOKULAGRO,EQ,233.29,237.99,220.0,222.77,220.5,232.61,811430,183651836.92,17207
2026-05-21,INE020J01029,GOKUL,EQ,41.11,41.87,39.5,39.82,39.82,41.11,217618,8844413.56,1477
2026-05-21,INE973A01010,GOLDENTOBC,BZ,26.39,27.1,25.5,26.02,26.03,26.39,1691,44582.05,44
2026-05-21,INE025B01025,GOLDIAM,EQ,384.0,389.4,380.4,383.35,381.5,380.55,211973,81628700.7,5601
2026-05-21,INE06MH01016,GOLDKART,SM,151.65,151.65,151.65,151.65,151.65,159.6,625,94781.25,1
2026-05-21,INE405Y01021,GOLDSTAR,ST,6.9,7.05,6.9,7.05,7.05,6.75,45000,312187.5,4
2026-05-21,INE127I01024,GOODLUCK,EQ,1368.9,1450.0,1360.9,1437.4,1423.3,1348.6,582297,826973350.5,21400
2026-05-21,INE533A01012,GOODYEAR,EQ,727.15,740.95,727.15,736.9,736.0,736.25,7231,5323194.5,592
2026-05-21,INE0L9R01028,GOPAL,EQ,293.0,296.15,291.15,293.05,292.6,291.6,53652,15731874.35,2007
2026-05-21,INE705X01026,GOYALALUM,EQ,6.79,6.91,6.65,6.7,6.76,6.76,56405,383200.9,348
2026-05-21,INE0QFE01017,GOYALSALT,SM,111.0,114.45,110.0,110.9,110.0,110.7,10800,1201260.0,9
2026-05-21,INE0S7E01015,GPECO,SM,360.1,380.0,358.6,374.85,375.0,358.8,23000,8466500.0,89
2026-05-21,INE586G01017,GULFPETRO,EQ,33.09,33.7,32.22,32.88,32.8,32.96,22020,728502.61,297
2026-05-21,INE486R01017,GPTHEALTH,EQ,142.88,143.35,140.0,140.65,140.98,141.91,75215,10638930.56,1739
2026-05-21,INE390G01014,GPTINFRA,EQ,125.0,129.47,117.26,119.22,118.6,119.85,1416753,175008044.76,10626
2026-05-21,INE361K01017,GRADIENTE,BE,5.67,5.67,5.67,5.67,5.67,5.96,77747,440825.49,51
2026-05-21,INE12E301017,GCHOTELS,SM,85.0,92.0,83.0,90.0,89.0,85.55,33000,2855490.0,41
2026-05-21,INE926B01016,GRANDOAK,EQ,29.38,29.38,26.9,27.28,27.15,26.71,2456,69684.16,46
2026-05-21,INE101D01020,GRANULES,EQ,763.9,769.3,757.0,764.2,765.2,758.65,499967,381914056.6,18989
2026-05-21,INE0POU01017,GRAPHISAD,SM,34.2,34.2,34.2,34.2,34.2,36.0,2400,82080.0,2
2026-05-21,INE371A01025,GRAPHITE,EQ,746.0,767.95,741.0,744.25,743.6,740.55,1436398,1086520974.1,28354
2026-05-21,INE047A01021,GRASIM,EQ,3060.7,3180.0,3021.0,3154.5,3162.0,2971.1,4417489,13794608320.0,191573
2026-05-21,INE266D01021,GRAUWEIL,EQ,64.11,68.28,64.11,65.6,65.45,64.04,108424,7142673.86,1541
2026-05-21,INE214F01026,GRAVISSHO,EQ,30.8,30.8,29.0,29.36,29.39,29.59,12928,380873.41,62
2026-05-21,INE024L01027,GRAVITA,EQ,1630.0,1652.0,1607.0,1643.8,1645.4,1615.3,143155,233186128.0,14148
2026-05-21,INE224A01026,GREAVESCOT,EQ,168.04,172.05,168.04,169.25,169.0,168.04,624007,106197498.58,10361
2026-05-21,INE0O7P01015,GREENCHEF,SM,54.6,55.95,52.15,52.45,52.15,54.85,18400,969000.0,15
2026-05-21,INE544R01021,GREENLAM,EQ,238.0,238.0,231.25,233.49,234.09,235.93,52476,12250603.44,3455
2026-05-21,INE0PLX01017,GREENLEAF,SM,73.0,73.0,71.15,71.15,71.15,70.95,3000,215300.0,3
2026-05-21,INE08ZM01014,GREENPANEL,EQ,185.3,187.89,179.1,180.44,181.0,183.33,909440,165721082.16,8474
2026-05-21,INE461C01038,GREENPLY,EQ,253.25,256.7,251.0,252.5,251.0,253.5,100397,25476622.95,3606
2026-05-21,INE199P01028,GCSL,EQ,393.0,397.7,386.65,395.3,393.85,386.35,461583,181817215.15,3865
2026-05-21,INE0PC901019,BIRDYS,ST,130.15,130.15,130.15,130.15,130.15,137.0,1200,156180.0,1
2026-05-21,INE536A01023,GRINDWELL,EQ,1929.0,1999.0,1903.1,1962.5,1936.0,1928.8,73006,142105317.0,10531
2026-05-21,INE192H01020,GRMOVER,EQ,167.92,167.92,163.4,164.13,163.41,165.23,1612295,265661764.65,6359
2026-05-21,INE1TY801010,GJL,ST,133.85,133.85,130.05,133.85,133.85,127.5,4000,532360.0,5
2026-05-21,INF666M01MM4,GROWWCAPM,EQ,12.11,12.11,11.71,11.82,11.77,11.82,845663,10039394.09,1011
2026-05-21,INF666M01NP5,GROWWCHEM,EQ,29.49,29.49,28.73,29.06,29.16,28.99,538512,15673925.86,341
2026-05-21,INF666M01IO8,GROWWDEFNC,EQ,90.88,92.18,90.02,91.4,90.5,89.9,428913,39219244.56,3462
2026-05-21,INF666M01IH2,GROWWEV,EQ,30.05,30.4,29.79,29.9,30.12,29.9,250577,7514084.28,1469
2026-05-21,INF666M01OE7,GROWWGOLD,EQ,15.49,15.49,15.4,15.43,15.43,15.37,1471860,22734596.72,2580
2026-05-21,INF666M01OD9,GROWWHOSPI,EQ,51.98,52.8,51.54,52.26,52.0,51.64,266727,13920784.06,1033
2026-05-21,INF666M01IP5,GROWWLIQID,EQ,109.13,109.14,109.13,109.13,109.14,109.12,294331,32121204.01,204
2026-05-21,INF666M01LB9,GROWWLOVOL,EQ,10.34,10.42,10.25,10.31,10.32,10.26,4051,41629.51,86
2026-05-21,INF666M01MV5,GROWWMC150,EQ,229.55,229.55,222.21,224.56,224.5,225.2,1949,438621.61,46
2026-05-21,INF666M01NI0,GROWWMETAL,EQ,12.54,12.96,12.5,12.56,12.6,12.5,314338,3962903.57,1306
2026-05-21,INF666M01KJ4,GROWWMOM50,EQ,10.61,10.7,10.5,10.58,10.67,10.6,126755,1342288.78,484
2026-05-21,INF666M01JV1,GROWWN200,EQ,11.1,11.25,10.97,11.09,11.15,11.07,51490,570758.91,280
2026-05-21,INF666M01LI4,GROWWNET,EQ,9.24,9.24,9.01,9.07,9.06,9.06,113992,1034608.55,364
2026-05-21,INF666M01LL8,GROWWNIFTY,EQ,9.27,9.65,9.27,9.5,9.47,9.51,248481,2372301.57,1482
2026-05-21,INF666M01LZ8,GROWWNXT50,EQ,69.58,70.7,69.4,69.91,69.7,69.38,7633,534533.63,108
2026-05-21,INF666M01LM6,GROWWPOWER,EQ,12.2,12.36,12.1,12.2,12.21,12.18,3578124,43886324.49,3226
2026-05-21,INF666M01NQ3,GROWWPSE,EQ,104.78,106.5,103.99,105.57,104.0,103.99,1541,161876.99,47
2026-05-21,INF666M01OG2,GROWWPSUBK,EQ,80.96,81.0,79.87,80.74,80.5,80.35,5566,448133.79,74
2026-05-21,INF666M01JJ6,GROWWRAIL,EQ,31.51,31.9,31.26,31.55,31.84,31.17,629254,19830989.54,3183
2026-05-21,INF666M01MN2,GROWWRLTY,EQ,8.84,8.84,8.54,8.64,8.61,8.57,115515,1000782.19,419
2026-05-21,INF666M01MO0,GROWWSC250,EQ,9.5,9.8,9.5,9.66,9.72,9.61,105457,1022744.68,396
2026-05-21,INF666M01OF4,GROWWSLVR,EQ,25.81,25.97,25.63,25.81,25.76,25.89,2396906,61865885.61,3086
2026-05-21,INE137I01015,GRPLTD,EQ,1627.0,1730.0,1596.0,1687.3,1700.0,1594.8,7978,13263220.0,1127
2026-05-21,INE0SQY01018,GSMFOILS,SM,198.0,201.0,196.7,200.35,198.2,197.0,24500,4866550.0,40
2026-05-21,INE713R01022,GSPCROP,EQ,444.0,444.0,431.9,435.65,433.9,440.95,120694,53107678.5,957
2026-05-21,INE871H01011,GSS,BE,13.99,14.35,13.68,13.77,13.71,13.72,59336,832777.55,86
2026-05-21,INE221H01019,GTLINFRA,EQ,1.32,1.35,1.3,1.3,1.31,1.31,36015052,47714777.89,12034
2026-05-21,INE043A01012,GTL,EQ,7.3,7.7,7.3,7.61,7.61,7.35,265795,2026793.76,452
2026-05-21,INE869I01013,GTPL,EQ,68.8,68.8,67.0,67.1,67.0,67.84,11920,805121.27,328
2026-05-21,INE742B01025,GUFICBIO,EQ,284.4,290.15,284.4,288.7,287.25,285.65,13772,3964440.35,806
2026-05-21,INE162A01010,GIPCL,EQ,145.99,152.99,145.9,147.75,147.33,143.77,420759,63095672.33,5419
2026-05-21,INE113A01013,GNFC,EQ,522.0,526.8,508.7,522.2,520.0,520.45,826335,427124017.7,21541
2026-05-21,INE026A01025,GSFC,EQ,178.8,180.59,173.26,174.7,174.69,177.3,1310418,231324115.57,15800
2026-05-21,INE826C01016,GUJAPOLLO,EQ,380.25,390.95,373.2,376.75,377.05,378.95,6737,2561155.4,506
2026-05-21,INE186A01019,GUJALKALI,EQ,725.0,727.95,700.1,708.9,700.1,717.25,132157,94774384.4,6616
2026-05-21,INE036B01030,GAEL,EQ,167.0,168.15,162.8,165.32,164.89,164.98,1165824,192742897.36,16448
2026-05-21,INE09N301011,FLUOROCHEM,EQ,3750.0,3846.0,3728.3,3827.4,3820.5,3750.8,120954,458490400.4,20941
2026-05-21,INE844O01030,GUJGASLTD,EQ,373.05,381.75,366.0,374.0,375.2,372.6,373242,139201610.55,12719
2026-05-21,INE0V0W01025,GKSL,EQ,141.79,141.79,139.0,139.48,139.0,140.39,101978,14269562.86,1780
2026-05-21,INE540A01017,GLFL,BE,6.46,6.46,6.46,6.46,6.46,6.59,716,4625.36,4
2026-05-21,INE131A01031,GMDCLTD,EQ,648.2,668.75,647.05,652.2,650.95,642.8,2298754,1512550256.1,38731
2026-05-21,INE207H01018,GNRL,EQ,96.2,96.7,94.9,96.3,96.0,96.44,53556,5145642.84,989
2026-05-21,INE517F01014,GPPL,EQ,155.78,155.78,152.9,153.67,153.2,154.2,482054,74219825.37,11991
2026-05-21,INE610B01024,GUJRAFFIA,EQ,38.98,39.45,37.5,37.5,37.5,37.28,2962,114493.96,73
2026-05-21,INE942C01045,GUJTHEM,EQ,358.0,361.4,354.05,357.1,358.25,355.6,56938,20366741.35,1218
2026-05-21,INE635Q01029,GULFOILLUB,EQ,910.2,915.2,890.0,896.5,898.0,901.65,86065,77476955.55,14765
2026-05-21,INE255D01024,GULPOLY,EQ,202.25,209.4,198.39,203.72,205.0,197.81,847794,172043729.48,8794
2026-05-21,INE251H01024,GVKPIL,BE,3.19,3.19,3.17,3.19,3.19,3.13,633522,2020833.33,637
2026-05-21,INE382T01030,GVPTECH,EQ,6.52,6.73,6.51,6.64,6.65,6.52,52666,350631.61,181
2026-05-21,IN9382T01012,GVPTECHPP,E1,2.87,3.08,2.87,2.87,2.87,3.0,22505,64598.77,26
2026-05-21,INE640B01021,HBESD,EQ,75.21,77.55,73.0,74.05,74.05,75.21,300,22197.68,15
2026-05-21,INE926X01010,HGINFRA,EQ,583.0,611.15,572.5,603.35,606.0,594.75,287786,168524477.3,13491
2026-05-21,INE506D01020,HALDYNGL,EQ,102.77,118.0,102.77,109.32,110.0,102.77,252870,27938127.49,2547
2026-05-21,INE320X01016,HALEOSLABS,EQ,1639.9,1699.0,1577.6,1686.2,1690.0,1608.7,2789,4629190.4,358
2026-05-21,INE596H01014,HGM,EQ,62.99,62.99,59.1,60.59,61.93,61.0,4728,290521.14,65
2026-05-21,INE419U01012,HAPPSTMNDS,EQ,374.15,377.0,370.0,371.75,370.15,374.15,377395,140743982.0,12201
2026-05-21,INE330T01021,HAPPYFORGE,EQ,1399.0,1470.0,1370.0,1450.0,1452.0,1380.2,157730,225925960.0,14170
2026-05-21,INE0TLP01015,WHITEFORCE,ST,41.5,41.5,41.5,41.5,41.5,43.1,1600,66400.0,1
2026-05-21,INE626Z01029,HARDWYN,EQ,26.34,26.49,25.3,25.83,26.03,26.29,4719782,122570287.13,6051
2026-05-21,INE00EV01017,HARIOMPIPE,EQ,312.25,343.0,306.3,333.8,340.0,311.8,404168,131076650.35,8959
2026-05-21,INE544A01019,HARRMALAYA,EQ,219.0,228.0,215.93,218.54,217.0,212.22,42270,9354848.37,1048
2026-05-21,INE0JUS01029,HARSHA,EQ,405.95,414.8,403.9,405.6,406.3,404.35,101694,41506341.1,2159
2026-05-21,INE982F01036,HATHWAY,EQ,10.15,10.33,10.13,10.17,10.25,10.15,1893969,19340119.17,5327
2026-05-21,INE473B01035,HATSUN,EQ,926.0,948.8,917.8,921.2,923.4,939.0,32568,30323709.65,2346
2026-05-21,INE176B01034,HAVELLS,EQ,1209.9,1216.9,1200.3,1209.7,1212.2,1207.8,853872,1031695727.7,32916
2026-05-21,INE979B01015,HAWKINCOOK,EQ,7242.5,7250.0,7111.0,7171.5,7165.0,7206.0,894,6411271.5,291
2026-05-21,INE550B01022,HBSL,BE,63.0,63.0,59.45,61.84,61.69,60.0,1059,66256.33,25
2026-05-21,INE292B01021,HBLENGINE,EQ,773.95,797.25,773.9,784.3,782.0,767.65,1455727,1145047226.7,43705
2026-05-21,INE236A01020,HCL-INSYS,EQ,11.74,12.15,11.6,11.76,11.81,11.53,341513,4036127.99,924
2026-05-21,INE860A01027,HCLTECH,EQ,1173.7,1180.6,1163.2,1168.2,1168.0,1169.8,2245247,2627671522.1,73843
2026-05-21,INE756I01012,HDBFS,EQ,673.5,676.8,662.5,664.4,662.8,673.4,141774,94578357.15,9988
2026-05-21,INE127D01025,HDFCAMC,EQ,2711.0,2774.2,2705.0,2727.9,2728.0,2685.3,898831,2465360315.5,59106
2026-05-21,INE040A01034,HDFCBANK,EQ,767.0,768.25,755.15,759.15,758.8,759.5,34664725,26363966148.4,300382
2026-05-21,INF179KC1981,HDFCGOLD,EQ,135.15,135.45,134.71,135.03,134.99,134.56,2007024,271135823.97,7508
2026-05-21,INE795G01014,HDFCLIFE,EQ,612.0,616.5,605.65,614.35,615.0,605.1,3625135,2218785807.9,71395
2026-05-21,INF179KC1EZ4,HDFCBSE500,EQ,36.0,36.93,35.6,36.1,36.26,36.21,9872,358518.63,167
2026-05-21,INF179KC1DJ0,HDFCGROWTH,EQ,113.82,114.96,112.94,113.26,114.96,113.46,10198,1154945.86,187
2026-05-21,INF179KC1JG3,HDFCLIQUID,EQ,1056.0,1061.37,1055.55,1061.37,1061.37,1061.22,17008,18051527.61,41
2026-05-21,INF179KC1HU8,HDFCLOWVOL,EQ,20.56,20.56,19.95,19.96,20.04,20.06,11303,226037.25,70
2026-05-21,INF179KC1HT0,HDFCMID150,EQ,22.79,22.96,22.53,22.78,22.64,22.67,600133,13677908.11,1313
2026-05-21,INF179KC1HV6,HDFCMOMENT,EQ,30.63,30.79,30.27,30.34,30.7,30.4,266485,8136251.28,714
2026-05-21,INF179KC1HS2,HDFCNEXT50,EQ,71.44,71.44,70.69,70.96,71.06,70.58,40674,2894287.27,443
2026-05-21,INF179KC1HR4,HDFCNIF100,EQ,25.36,25.54,25.27,25.34,25.35,25.36,18885,479913.0,231
2026-05-21,INF179KC1HY0,HDFCNIFBAN,EQ,55.69,55.69,54.6,54.95,55.08,55.01,761417,41956277.33,1275
2026-05-21,INF179KC1IA8,HDFCNIFIT,EQ,31.04,31.12,30.77,30.88,31.1,30.92,76178,2357878.18,291
2026-05-21,INF179KC1965,HDFCNIFTY,EQ,258.69,268.19,258.69,264.82,264.36,265.33,187647,49820091.93,1467
2026-05-21,INF179KC1HZ7,HDFCPVTBAN,EQ,26.91,26.91,26.23,26.36,26.7,26.38,142090,3751265.65,315
2026-05-21,INF179KC1DL6,HDFCQUAL,EQ,57.06,57.58,57.0,57.09,57.17,57.06,4202,239893.55,78
2026-05-21,INF179KC1HX2,HDFCSENSEX,EQ,85.43,85.55,84.52,84.63,84.9,84.94,195382,16604656.66,643
2026-05-21,INF179KC1DI2,HDFCSILVER,EQ,255.48,255.48,250.2,251.9,251.69,252.85,3910179,985149893.99,14107
2026-05-21,INF179KC1FB2,HDFCSML250,EQ,169.07,170.65,168.51,168.97,168.85,168.18,1350717,228722943.77,7870
2026-05-21,INF179KC1DK8,HDFCVALUE,EQ,127.25,127.62,126.32,127.1,127.11,127.1,11704,1485495.62,76
2026-05-21,INF179KC1HW4,HDFCPSUBK,EQ,81.81,82.5,80.0,81.6,80.0,80.91,96323,7850371.69,302
2026-05-21,INE759V01019,HEADSUP,EQ,7.57,7.57,7.12,7.19,7.29,7.13,27603,199458.88,127
2026-05-21,INE019J01013,HEALTHX,EQ,298.0,298.0,280.5,284.75,284.0,288.15,7426,2113797.4,377
2026-05-21,INE075I01017,HCG,EQ,652.05,655.0,614.15,627.0,631.95,652.05,730722,456767757.25,22385
2026-05-21,INE558R01013,HECPROJECT,EQ,123.0,127.88,123.0,123.56,124.5,121.69,10542,1315115.74,633
2026-05-21,INE545A01024,HEG,EQ,598.0,615.0,590.05,592.3,592.0,593.05,1050623,633854301.1,26594
2026-05-21,INE578A01017,HEIDELBERG,EQ,159.0,159.98,157.1,157.77,157.99,157.94,35356,5585985.73,1449
2026-05-21,INE0AJG01018,HEMIPROP,EQ,151.0,153.54,148.76,149.12,149.0,144.91,1871691,282122489.9,14608
2026-05-21,INE694N01015,HERANBA,EQ,190.05,193.15,187.9,189.78,190.3,189.03,33374,6337845.88,1302
2026-05-21,INE978A01027,HERITGFOOD,EQ,328.3,333.15,326.05,326.65,326.5,328.45,161470,53161384.7,4712
2026-05-21,INE158A01026,HEROMOTOCO,EQ,5020.0,5039.5,4955.5,4969.5,4976.0,4968.0,335986,1674386758.0,33984
2026-05-21,INE782E01017,HESTERBIO,EQ,1878.1,1918.0,1869.7,1881.9,1885.0,1839.1,19295,36408808.2,1596
2026-05-21,INE750M01017,HEXATRADEX,EQ,168.58,168.58,164.0,164.08,164.0,165.27,1575,261196.84,83
2026-05-21,INE093A01041,HEXT,EQ,517.1,520.7,500.6,502.9,505.25,512.2,286205,145252908.8,13992
2026-05-21,INE548A01028,HFCL,EQ,140.9,146.2,138.95,141.75,141.56,139.34,40951694,5875189168.26,145618
2026-05-21,INE0PIC01017,HIGREEN,SM,153.0,153.0,140.1,144.3,140.1,148.6,20800,3052800.0,25
2026-05-21,INE106T01025,HITECH,EQ,86.19,87.18,85.05,85.57,85.7,85.58,360745,31081727.04,2984
2026-05-21,INE00RL01028,HILINFRA,BE,48.0,48.39,47.1,48.18,48.24,47.5,26058,1247125.29,321
2026-05-21,INE475B01022,HIKAL,EQ,205.98,209.36,203.65,205.5,205.11,204.69,190261,39204258.14,4384
2026-05-21,INE788H01017,HILTON,EQ,21.7,21.7,21.2,21.3,21.45,21.44,125400,2693273.95,587
2026-05-21,INE019C01026,HSCL,EQ,584.0,607.95,577.1,590.55,590.9,581.4,11914065,7063278383.25,89585
2026-05-21,INE049A01027,HIMATSEIDE,EQ,76.99,78.3,76.99,77.63,77.54,76.64,474428,36882345.48,4271
2026-05-21,INE835D01023,HIRECT,EQ,985.0,1020.0,968.25,990.4,990.0,973.6,195577,194117898.5,11235
2026-05-21,INE038A01020,HINDALCO,EQ,1098.7,1110.9,1089.3,1099.3,1100.0,1085.5,4584559,5040982004.6,104410
2026-05-21,INE642Y01029,HINDCON,BE,23.5,23.5,22.5,22.86,22.86,23.0,12230,282002.2,129
2026-05-21,INE05X901010,HPIL,EQ,134.0,134.0,131.55,131.55,131.55,129.13,235,31011.1,6
2026-05-21,INE170I01016,HGS,EQ,403.0,406.45,401.05,404.65,405.8,401.1,11922,4825901.45,705
2026-05-21,INE066F01020,HAL,EQ,4363.0,4420.9,4344.4,4370.4,4364.0,4326.5,1106287,4845691396.9,56640
2026-05-21,INE310C01029,HINDCOMPOS,EQ,406.45,416.8,400.1,404.3,406.65,405.55,13545,5510344.75,483
2026-05-21,INE549A01026,HCC,EQ,21.1,21.26,20.35,20.48,20.49,20.9,23234133,482122330.36,38905
2026-05-21,INE531E01026,HINDCOPPER,EQ,563.0,566.75,550.1,552.15,552.6,554.6,3540089,1975449419.85,51420
2026-05-21,INE254N01026,HNDFDS,EQ,528.0,531.95,521.6,527.45,527.0,522.2,32302,17016041.3,1820
2026-05-21,INE871K01015,HMVL,EQ,62.4,63.52,62.05,62.75,62.97,64.46,95700,5994682.1,851
2026-05-21,INE345A01011,HINDOILEXP,EQ,165.0,174.4,163.49,170.87,170.8,165.57,875350,149587148.55,10009
2026-05-21,INE094A01015,HINDPETRO,EQ,386.75,391.4,384.55,388.8,388.45,382.75,7148227,2777367503.6,74935
2026-05-21,INE030A01027,HINDUNILVR,EQ,2224.0,2229.0,2176.0,2179.0,2178.4,2209.3,1581812,3465842897.1,78825
2026-05-21,INE267A01025,HINDZINC,EQ,634.0,638.0,625.6,628.05,628.0,630.45,4109787,2594766573.85,48270
2026-05-21,INE05AN01011,HINDWAREAP,EQ,215.2,248.69,215.2,243.02,242.5,216.63,720499,171145696.94,14083
2026-05-21,INE598C01011,HISARMETAL,EQ,148.0,153.0,148.0,150.93,151.0,147.4,1644,248185.99,34
2026-05-21,INE07Y701011,POWERINDIA,EQ,35980.0,36750.0,35850.0,36450.0,36500.0,35525.0,164536,5985117060.0,52510
2026-05-21,INE120D01012,HITECHCORP,EQ,155.01,169.05,155.01,169.05,169.05,140.88,54220,8983364.15,299
2026-05-21,INE461D01028,HLEGLAS,EQ,307.35,332.5,307.15,326.0,323.15,306.2,218536,70635069.7,7847
2026-05-21,INE102A01024,HLVLTD,EQ,7.94,7.99,7.71,7.76,7.78,7.83,199326,1569669.17,549
2026-05-21,INE0ECP01024,HMAAGRO,EQ,24.55,24.55,24.04,24.27,24.29,24.01,101827,2471014.6,332
2026-05-21,INE262A01018,HMT,BZ,58.0,58.45,57.0,57.28,57.3,56.65,7284,420277.62,88
2026-05-21,INE0S6S01017,HOACFOODS,SM,540.55,540.55,489.15,513.45,520.0,514.85,13125,6933112.5,32
2026-05-21,INE0LXA01019,HOLMARC,SM,99.75,104.0,99.75,104.0,104.0,99.75,3000,308812.5,4
2026-05-21,INE481N01025,HOMEFIRST,EQ,1087.5,1089.2,1065.2,1072.4,1073.5,1079.1,155585,167876782.6,10940
2026-05-21,INE0J5401028,HONASA,EQ,361.0,363.8,352.85,360.5,361.7,356.75,935801,335746866.5,23817
2026-05-21,INE634A01018,HONDAPOWER,EQ,2206.2,2250.0,2202.1,2213.8,2211.0,2187.6,2857,6360200.6,748
2026-05-21,INE671A01010,HONAUT,EQ,31500.0,35735.0,31385.0,34965.0,34800.0,30180.0,190673,6497818950.0,73582
2026-05-21,INE191I01012,HDIL,BZ,2.01,2.01,1.94,1.98,1.98,1.94,120252,238644.55,162
2026-05-21,INE0GSL01024,HPAL,EQ,35.1,36.68,34.86,36.22,36.1,34.76,85562,3070819.67,941
2026-05-21,INE0VA601019,HPTL,SM,257.1,257.1,253.65,253.65,253.65,267.0,3000,766500.0,5
2026-05-21,INE495S01016,HPL,EQ,361.05,367.0,353.1,356.0,357.8,358.05,133344,47822058.25,4380
2026-05-21,INE0R3501012,HRHNEXT,SM,26.75,26.75,26.55,26.55,26.55,27.9,9000,239550.0,6
2026-05-21,INF336L01RX2,HSBCGOLD,EQ,135.23,138.47,135.23,138.23,138.24,137.5,1191,164084.9,45
2026-05-21,INE031A01017,HUDCO,EQ,206.8,208.5,204.5,206.1,205.0,205.93,2334800,482868783.53,18092
2026-05-21,INE501G01024,HTMEDIA,EQ,20.98,21.9,20.67,20.83,20.85,20.98,42810,894055.71,186
2026-05-21,INE703H01016,HUBTOWN,EQ,210.0,211.05,204.19,204.97,204.6,207.1,361827,74855973.7,5272
2026-05-21,INE275B01026,HUHTAMAKI,EQ,165.77,169.9,165.0,169.64,169.8,165.27,64250,10783430.38,1255
2026-05-21,INE0TO501019,HVAX,SM,780.0,780.0,773.0,775.0,775.0,809.0,450,349200.0,3
2026-05-21,INE965B01022,HYBRIDFIN,EQ,19.49,20.0,18.3,18.84,18.89,18.43,4510,84967.74,128
2026-05-21,INE0V6F01027,HYUNDAI,EQ,1797.9,1854.3,1792.1,1845.2,1850.0,1787.4,1864385,3422044734.3,57539
2026-05-21,INE204A01010,IGPL,EQ,434.0,442.5,427.55,428.95,427.55,434.1,18853,8204441.65,743
2026-05-21,INE0O7401018,IBLFL,SM,59.25,59.8,59.25,59.45,59.8,57.05,6000,356600.0,3
2026-05-21,INE613B01010,ICDSLTD,EQ,43.3,44.7,43.1,43.1,43.1,43.09,258,11283.55,8
2026-05-21,INE520Y01019,ICEMAKE,EQ,751.25,795.95,751.25,778.95,777.1,751.25,41897,32744745.25,2110
2026-05-21,INE090A01021,ICICIBANK,EQ,1245.3,1248.3,1234.4,1242.8,1244.4,1237.3,14394386,17884996507.3,179763
2026-05-21,INE765G01017,ICICIGI,EQ,1791.9,1805.0,1767.2,1801.0,1801.6,1784.8,387656,695515930.0,31582
2026-05-21,INF109KC19U5,LOWVOLIETF,EQ,21.89,21.89,21.45,21.46,21.5,21.46,222616,4786521.65,772
2026-05-21,INE726G01019,ICICIPRULI,EQ,513.45,517.9,507.75,510.1,511.0,509.25,1474562,756331365.3,32369
2026-05-21,INF109KC10W0,MIDSELIETF,EQ,18.33,18.4,18.2,18.27,18.2,18.24,129561,2376263.03,659
2026-05-21,INF109KC16V9,NIF100IETF,EQ,27.41,27.73,27.17,27.41,27.5,27.41,38222,1047718.0,1325
2026-05-21,INF109K012R6,NIFTYIETF,EQ,268.01,269.49,266.05,266.79,266.52,266.82,434383,116019418.55,12616
2026-05-21,INF346A01034,SENSEXIETF,EQ,865.0,866.39,857.0,859.46,861.0,860.2,16913,14538930.87,537
2026-05-21,INE346A01027,ICICIAMC,EQ,3155.0,3249.9,3152.0,3199.7,3177.1,3137.4,262149,840397102.5,33810
2026-05-21,INF109KC1NT3,GOLDIETF,EQ,134.73,135.75,134.72,135.42,135.3,134.73,3249375,440169782.11,22727
2026-05-21,INF109KC11V0,NV20IETF,EQ,14.1,14.1,13.52,13.71,13.73,13.7,872031,11971440.74,1625
2026-05-21,INF109KB15Y7,ICICIB22,EQ,121.59,121.59,120.02,120.61,120.5,120.34,588531,71229927.55,2964
2026-05-21,INF109K1A021,CASHIETF,EQ,1062.87,1062.89,1062.87,1062.87,1062.87,1062.74,162344,172552956.15,69
2026-05-21,INF109K1A153,EVIETF,EQ,30.9,30.9,29.95,30.11,30.01,29.93,120904,3639528.16,482
2026-05-21,INF109KC1V59,BSE500IETF,EQ,37.96,38.72,37.96,38.12,38.13,37.96,86066,3284797.24,1093
2026-05-21,INF109KC14A8,GSEC5IETF,EQ,64.37,64.5,64.05,64.34,64.34,64.05,10289,661220.43,35
2026-05-21,INF109KC17V7,ALPL30IETF,EQ,26.56,26.86,26.47,26.47,26.47,26.57,2510660,66540000.32,1061
2026-05-21,INF109KC10V2,AUTOIETF,EQ,27.26,27.26,26.7,26.8,26.76,26.72,259737,6966302.43,1424
2026-05-21,INF109KC18U7,PVTBANIETF,EQ,26.51,26.54,26.05,26.2,26.22,26.23,6116154,160165270.25,2655
2026-05-21,INF109KC19O8,COMMOIETF,EQ,104.15,104.81,103.63,104.14,104.36,103.46,41962,4373349.5,499
2026-05-21,INF109KC1V42,CONSUMIETF,EQ,118.22,118.72,115.53,116.56,115.6,116.6,7151,836492.55,288
2026-05-21,INF109KC19V3,FMCGIETF,EQ,54.39,54.54,53.76,53.83,53.98,54.11,527188,28449190.99,2945
2026-05-21,INF109KC16E5,INFRAIETF,EQ,96.51,96.79,96.05,96.3,96.1,96.02,102539,9889042.82,7646
2026-05-21,INF109KC1KT9,LIQUIDIETF,EQ,1000.01,1000.01,999.99,999.99,1000.0,999.99,650289,650288909.49,433
2026-05-21,INF109KC11W8,MIDCAPIETF,EQ,23.75,23.75,23.15,23.22,23.23,23.18,589113,13718305.74,2343
2026-05-21,INF109KC17C7,MOM30IETF,EQ,30.86,31.12,30.57,30.6,30.8,30.67,365705,11246645.93,1839
2026-05-21,INF109KC1NS5,NEXT50IETF,EQ,73.13,73.91,73.05,73.24,73.25,73.13,335097,24626412.93,3715
2026-05-21,INF109KC1Q72,HEALTHIETF,EQ,163.55,164.0,162.69,163.31,163.31,162.68,148428,24242983.9,1361
2026-05-21,INF109KC18V5,QUAL30IETF,EQ,20.95,20.97,20.71,20.8,20.92,20.79,147967,3079997.9,221
2026-05-21,INF109KC1Y56,SILVERIETF,EQ,270.4,270.4,261.37,262.89,262.66,263.81,2432586,640145597.15,17558
2026-05-21,INF109KC16I6,ITIETF,EQ,32.32,32.48,32.04,32.11,32.06,32.32,269030,8662963.35,1388
2026-05-21,INF109KC15I8,BANKIETF,EQ,55.29,55.4,54.45,54.8,54.91,54.86,379549,20833283.14,1592
2026-05-21,INF109KC19W1,METALIETF,EQ,13.49,13.49,13.26,13.3,13.3,13.26,5055456,67427967.43,8465
2026-05-21,INF109KC18W3,OILIETF,EQ,11.69,11.69,11.5,11.53,11.53,11.54,1229557,14210928.56,2221
2026-05-21,INF109KC10S8,PSUBNKIETF,EQ,81.74,82.1,80.95,81.27,81.23,81.01,79607,6473794.33,990
2026-05-21,INF109K1A344,TOP15IETF,EQ,9.89,9.89,9.58,9.6,9.69,9.65,84223,809997.37,336
2026-05-21,INF109KC16X5,VAL30IETF,EQ,16.03,16.03,15.6,15.67,15.7,15.64,564505,8858766.04,828
2026-05-21,INF109KC17L8,FINIETF,EQ,32.96,32.96,31.84,31.9,31.98,32.16,236371,7583426.74,1278
2026-05-21,INE725G01011,ICRA,EQ,5360.0,5498.5,5360.0,5461.5,5490.0,5419.5,2771,15075231.0,790
2026-05-21,INE008A01015,IDBI,EQ,73.74,74.4,72.6,72.9,72.73,73.3,8032650,588645039.23,32406
2026-05-21,INE349Y01013,IDEAFORGE,BE,756.0,769.5,727.0,739.0,739.05,753.35,276663,206295032.55,7915
2026-05-21,INE092T01019,IDFCFIRSTB,EQ,68.76,68.98,67.72,68.3,68.38,68.21,12011357,820745394.68,49305
2026-05-21,INE076C01018,IFBAGRO,BE,892.75,932.7,892.75,932.7,932.7,888.3,3737,3469849.7,242
2026-05-21,INE559A01017,IFBIND,EQ,1050.8,1069.8,1037.2,1042.0,1042.9,1044.8,35914,37634749.3,2690
2026-05-21,INE039A01010,IFCI,EQ,62.78,62.78,60.75,61.02,60.82,61.41,9562648,589430071.81,24478
2026-05-21,INE133Y01011,IFGLEXPOR,EQ,168.05,170.0,165.0,167.69,165.5,166.23,9586,1603505.65,441
2026-05-21,INE01XO07017,1225IFL27,N0,9111.12,9111.12,9111.11,9111.11,9111.11,9111.12,5,45555.57,2
2026-05-21,INE188B01013,IGARASHI,EQ,405.0,407.05,374.05,384.9,385.0,400.55,564255,217254249.6,11466
2026-05-21,INE489L01022,IIFLCAPS,EQ,343.3,345.45,340.0,341.75,341.9,341.8,892539,305799965.9,12053
2026-05-21,INE530B01024,IIFL,EQ,468.0,468.25,459.15,462.1,461.75,464.0,1338338,620445911.6,22192
2026-05-21,INE530B07625,IIFL60326,YB,1026.0,1026.0,973.0,999.5,973.0,999.0,40,39980.0,9
2026-05-21,INE0LOJ01019,IKIO,EQ,156.79,159.1,152.1,153.43,153.06,154.17,98588,15318037.28,2146
2026-05-21,INE369I01014,IL&FSENGG,BZ,25.55,27.3,25.0,27.3,27.3,26.0,33425,882485.72,52
2026-05-21,INE050B01023,IVC,EQ,7.59,7.6,7.36,7.39,7.4,7.45,174347,1308509.67,580
2026-05-21,INE975G01012,IL&FSTRANS,BZ,2.35,2.48,2.32,2.4,2.42,2.37,54604,131894.2,66
2026-05-21,INE172N01012,IMAGICAA,EQ,42.56,42.98,42.05,42.43,42.35,42.34,379960,16126952.95,2029
2026-05-21,INE691G01015,IMPEXFERRO,BZ,1.85,1.85,1.69,1.69,1.69,1.77,71016,121134.14,132
2026-05-21,INE452L01012,INCREDIBLE,EQ,35.99,37.0,34.35,36.85,36.85,34.18,11407,414052.74,82
2026-05-21,INE547E01014,IMPAL,EQ,1020.0,1176.9,1018.0,1117.4,1135.0,1013.5,79318,89688856.8,2484
2026-05-21,INE915B01019,INDSWFTLAB,EQ,137.45,138.0,134.99,135.35,135.1,135.88,151809,20685956.66,2264
2026-05-21,INE611L01021,INDTERRAIN,EQ,31.62,33.8,31.62,33.17,32.7,31.63,19351,638605.09,189
2026-05-21,INE841B01017,INDBANK,EQ,34.42,34.42,33.51,33.84,33.86,33.82,9967,337748.05,97
2026-05-21,INE0O9T01021,BAJAJINDEF,EQ,276.3,280.0,270.0,276.05,278.0,270.05,30245,8309379.85,1164
2026-05-21,INE065X01017,INDGN,EQ,510.15,517.85,507.15,509.25,508.15,513.6,72486,37049747.8,5635
2026-05-21,INE560A01023,INDIAGLYCO,EQ,1002.0,1038.3,991.0,997.2,991.4,993.2,96191,97891223.3,7728
2026-05-21,INE092B01025,INDNIPPON,EQ,794.5,805.0,787.0,794.05,791.0,782.25,16641,13231981.05,1235
2026-05-21,INE0D6701023,IPL,EQ,169.25,170.12,163.2,164.02,164.6,167.67,180826,30068392.77,3585
2026-05-21,INE922K01024,INDIASHLTR,EQ,775.0,800.0,775.0,790.1,800.0,779.75,146199,114456792.45,5117
2026-05-21,INE353K01014,ITDC,EQ,550.0,556.95,541.0,548.55,541.0,543.8,37500,20665718.9,1889
2026-05-21,INE126M01010,IBULLSLTD,BE,17.89,18.28,17.5,18.2,18.28,17.41,3191571,57451274.85,3414
2026-05-21,INE933S01016,INDIAMART,EQ,1999.9,2037.2,1995.0,2030.2,2030.0,1998.0,50216,101491175.3,6846
2026-05-21,INE562A01011,INDIANB,EQ,820.85,829.85,814.5,818.95,817.95,810.2,1742234,1429410436.8,38279
2026-05-21,INE061A01014,INDIANCARD,EQ,202.95,213.89,202.94,209.39,211.0,203.12,3766,784871.55,82
2026-05-21,INE0RRU01016,IEML,SM,52.2,53.85,51.35,52.45,52.0,52.2,74000,3901625.0,105
2026-05-21,INE022Q01020,IEX,EQ,126.21,127.25,125.78,127.05,126.99,125.62,2692159,340732285.82,19319
2026-05-21,INE323C01030,INDIANHUME,EQ,306.7,314.0,305.9,311.85,313.0,305.9,104102,32302551.6,2103
2026-05-21,INE919H01018,IMFA,EQ,1447.7,1459.9,1401.0,1412.8,1425.1,1440.2,133213,189206022.1,10142
2026-05-21,INE242A01010,IOC,EQ,139.6,141.0,138.24,140.53,140.36,138.04,26345901,3688469497.55,187549
2026-05-21,INE565A01014,IOB,EQ,33.9,34.07,33.62,33.77,33.8,33.49,2664971,90044692.22,8316
2026-05-21,INE0DHF01018,IPHL,SM,53.5,53.5,53.0,53.35,53.35,53.5,6000,319860.0,5
2026-05-21,INE335Y01020,IRCTC,EQ,530.0,534.2,526.0,527.15,526.95,527.85,695613,368064522.15,26759
2026-05-21,INE053F01010,IRFC,EQ,98.0,98.53,97.56,98.17,97.99,97.13,8098653,794178661.45,33429
2026-05-21,INE202E01016,IREDA,EQ,128.0,129.55,127.21,127.87,127.52,126.77,5175967,663654154.38,28288
2026-05-21,INE586E01020,IWP,EQ,35.43,36.0,34.09,35.49,36.0,34.74,2527,88809.89,53
2026-05-21,INE09VQ01012,INDIGOPNTS,EQ,988.0,995.0,972.0,991.6,991.7,983.75,92581,91326356.9,8052
2026-05-21,INE219X23014,INDIGRID,IV,169.4,169.56,168.5,169.48,169.56,168.98,399547,67629763.59,2991
2026-05-21,INE06ST01018,INDIQUBE,EQ,165.0,173.52,162.5,164.06,164.0,173.52,341326,56778559.18,4267
2026-05-21,INE760F01028,INDOAMIN,EQ,127.75,129.95,125.1,125.92,125.1,126.92,69846,8895795.57,1423
2026-05-21,INE803D01021,INDOBORAX,EQ,275.2,329.9,275.2,324.35,321.6,274.95,2228243,710040326.65,22587
2026-05-21,INE483B01026,ICIL,EQ,307.95,318.85,305.5,307.05,306.0,305.5,439283,137465613.9,11912
2026-05-21,INE622H01018,INDOFARM,EQ,129.11,131.98,127.41,128.65,129.7,128.33,114367,14773205.89,1766
2026-05-21,INE156A01020,INDORAMA,EQ,36.45,36.45,34.5,35.34,35.44,35.46,110696,3914701.14,807
2026-05-21,INE332H01014,INDOTECH,BE,2499.9,2537.0,2360.0,2381.1,2375.0,2454.9,36167,88065892.8,1341
2026-05-21,INE337M01021,INDOTHAI,EQ,273.9,274.8,266.4,270.05,267.55,272.2,1337576,360786547.0,7027
2026-05-21,INE250Z01010,INDOUS,EQ,103.88,104.56,100.26,101.67,101.7,101.91,39930,4070363.21,1044
2026-05-21,INE567A01028,NIPPOBATRY,EQ,340.0,365.8,338.25,355.95,358.0,331.3,23984,8493360.85,1608
2026-05-21,INE873D01024,INDOCO,EQ,212.01,212.99,203.23,204.29,204.8,211.72,94751,19615329.43,3278
2026-05-21,INE05J901018,IGCL,EQ,62.67,62.67,61.41,62.09,61.55,61.44,19141,1183705.79,211
2026-05-21,INE866K01023,WAAREEINDO,BE,399.95,407.95,390.0,397.0,400.0,393.6,19776,7906735.25,633
2026-05-21,INE896L01010,INDOSTAR,EQ,199.0,212.89,196.24,211.13,211.0,194.32,163570,33929683.01,3759
2026-05-21,INE227G01018,INDOWIND,BE,9.8,10.0,9.62,9.69,9.74,9.77,111624,1088570.08,400
2026-05-21,INE203G01027,IGL,EQ,155.0,156.61,153.72,154.81,154.91,154.8,7290980,1129145008.1,34986
2026-05-21,INE681B01017,INDRAMEDCO,EQ,367.05,372.5,352.6,355.45,357.3,359.8,623151,224698978.95,18506
2026-05-21,INE0NHL23019,INDUSINVIT,IV,124.58,124.6,123.02,123.32,123.1,123.4,81919,10121042.15,1544
2026-05-21,INE121J01017,INDUSTOWER,EQ,431.0,439.1,429.3,431.8,432.0,427.85,7212754,3138043925.6,51779
2026-05-21,INE095A01012,INDUSINDBK,EQ,905.5,913.9,892.3,899.95,903.0,897.15,2144884,1930711039.45,47235
2026-05-21,INE620D01011,INDPRUD,EQ,6649.0,6799.5,6495.0,6625.0,6495.0,6800.0,6,40123.0,5
2026-05-21,INE886A01014,IITL,EQ,164.0,166.99,161.2,162.77,166.0,162.38,97051,15943958.3,2249
2026-05-21,INE0MRE01011,INFINIUM,SM,214.75,214.75,210.9,210.9,210.9,205.1,1000,212825.0,2
2026-05-21,INE0MYZ01012,INFLUX,SM,255.0,256.0,228.0,233.3,236.75,279.4,399600,95386290.0,588
2026-05-21,INE663F01032,NAUKRI,EQ,941.0,951.3,921.5,926.25,921.5,942.25,2267419,2108072008.6,65182
2026-05-21,INE344S01016,INFOBEAN,EQ,151.5,156.59,151.5,152.36,152.01,150.5,250196,38436775.5,4061
2026-05-21,INE0NNZ01013,INFOLLION,SM,195.9,202.0,195.0,200.45,202.0,196.0,11200,2213940.0,22
2026-05-21,INE669A01022,INFOMEDIA,EQ,6.0,6.0,5.61,5.88,6.0,5.98,7540,43818.88,53
2026-05-21,INE009A01021,INFY,EQ,1196.1,1201.8,1177.0,1181.2,1178.2,1193.7,10021033,11881771275.1,192009
2026-05-21,INE177A01018,INGERRAND,EQ,4440.8,4493.9,4436.1,4448.0,4440.0,4430.8,29416,130917764.6,4344
2026-05-21,INE0S1D01010,INNOMET,ST,99.0,99.0,97.0,97.0,97.0,96.0,12600,1241820.0,15
2026-05-21,INE0DUT01020,INNOVACAP,EQ,894.7,894.7,867.0,872.25,870.5,880.2,33116,28966340.75,2109
2026-05-21,INE403Y01018,INNOVANA,EQ,350.25,371.0,350.2,361.7,365.0,368.15,6715,2446394.4,392
2026-05-21,INE0ADB01012,INNOVISION,EQ,311.5,314.4,308.2,309.4,309.15,311.5,72773,22624826.35,2002
2026-05-21,INE510W01014,INOXGREEN,EQ,180.2,183.4,179.42,180.18,179.5,180.42,367739,66713812.09,5337
2026-05-21,INE616N01034,INOXINDIA,EQ,1454.9,1495.9,1443.0,1463.2,1464.0,1449.2,211019,310690064.7,16865
2026-05-21,INE066P01011,INOXWIND,EQ,96.53,97.13,94.72,95.0,94.85,95.27,5172076,495944902.46,23262
2026-05-21,INE070I01018,INSECTICID,EQ,750.0,750.0,725.0,738.7,737.65,746.15,26707,19621155.0,1680
2026-05-21,INE0LGX01024,INA,EQ,138.8,141.5,134.31,138.84,139.5,135.53,907355,125164035.02,11075
2026-05-21,INE0NDX01019,INSPIRE,ST,11.05,11.05,11.05,11.05,11.05,11.25,2000,22100.0,1
2026-05-21,INE020G01017,INSPIRISYS,EQ,132.05,132.05,127.9,132.05,132.05,125.77,108276,14240681.6,866
2026-05-21,INE418N01035,ESSENTIA,BE,1.6,1.68,1.55,1.66,1.66,1.6,1974492,3208718.94,932
2026-05-21,INE02EE01019,IPSL,SM,214.5,214.5,214.5,214.5,214.5,210.0,6000,1287000.0,12
2026-05-21,INE306R01017,INTELLECT,EQ,692.7,705.2,690.2,696.4,695.55,689.95,253098,176507187.85,13570
2026-05-21,INE781A01025,INTENTECH,EQ,101.96,102.0,99.2,100.06,99.2,100.92,24340,2458059.79,349
2026-05-21,INE00M901018,INTERARCH,EQ,1725.0,1765.5,1694.1,1758.3,1762.0,1678.9,149098,258719891.5,10328
2026-05-21,INE646L01027,INDIGO,EQ,4305.0,4452.2,4305.0,4403.0,4400.0,4264.6,1656192,7301857586.1,89253
2026-05-21,INE575C01027,INTLCONV,EQ,80.1,80.52,77.23,77.44,77.4,79.45,88445,6925225.69,1839
2026-05-21,INE0Q9301021,IGIL,EQ,359.0,378.5,359.0,375.25,374.75,352.3,5496201,2048916235.35,79205
2026-05-21,INE566K01011,ISFT,EQ,83.68,86.29,80.0,85.45,86.19,82.04,41354,3504424.35,558
2026-05-21,INE878H01024,INVENTURE,EQ,0.97,0.98,0.96,0.97,0.97,0.96,569804,554096.04,399
2026-05-21,INE115Q01022,IKS,EQ,1640.6,1645.0,1594.4,1619.2,1625.0,1628.6,71743,115744603.9,9626
2026-05-21,INF205KA1BP1,IVZINGOLD,EQ,137.9,137.95,136.6,137.4,137.55,136.8,27537,3775890.15,135
2026-05-21,INF205K01DA9,IVZINNIFTY,EQ,2713.2,2713.2,2696.5,2700.5,2700.5,2692.4,29,78361.94,11
2026-05-21,INE155E01016,INVPRECQ,EQ,617.3,628.0,605.0,610.1,616.0,612.4,3190,1960682.35,324
2026-05-21,INE0XJ501010,INVICTA,ST,73.0,74.5,73.0,74.05,73.0,76.8,102400,7504160.0,50
2026-05-21,INE485C01029,IOLCP,EQ,118.81,126.72,114.47,121.17,121.11,119.54,17647224,2147776835.59,104806
2026-05-21,INE570A01022,IONEXCHANG,EQ,392.9,398.15,387.9,389.1,389.55,389.75,63350,24821165.85,5107
2026-05-21,INE571A01038,IPCALAB,EQ,1650.0,1660.0,1619.0,1637.0,1651.5,1646.6,220532,360501571.2,20310
2026-05-21,INE821I01022,IRB,EQ,21.15,23.95,21.13,22.84,22.56,21.13,428946595,9887053168.42,316396
2026-05-21,INE183W23014,IRBINVIT,IV,59.99,60.25,59.87,60.18,60.13,59.87,534573,32091625.92,4391
2026-05-21,INE962Y01021,IRCON,EQ,144.0,144.57,141.69,142.15,142.07,141.08,1945575,278180190.28,21809
2026-05-21,INE202E07138,880IREDA29,N5,1114.99,1114.99,1114.99,1114.99,1114.99,1099.0,2,2229.98,2
2026-05-21,INE01GN01025,IRISDOREME,EQ,36.32,37.0,35.15,35.35,35.15,36.32,176518,6413561.82,1040
2026-05-21,INE864K01010,IRIS,EQ,242.0,249.0,241.98,245.32,244.0,240.76,20540,5041558.84,679
2026-05-21,INE07U701015,IRMENERGY,EQ,271.0,281.35,270.95,277.75,278.75,275.35,493178,136628844.55,6778
2026-05-21,INE413U07459,920ISF28B,N0,9858.0,9858.0,9858.0,9858.0,9858.0,9858.31,2,19716.0,1
2026-05-21,INE413U07442,925ISF28,N0,9505.0,9773.2,9305.0,9770.0,9770.0,9727.0,28,265606.21,7
2026-05-21,INE413U07426,950ISF27C,N0,9950.0,9950.0,9950.0,9950.0,9950.0,9920.0,3,29850.0,1
2026-05-21,INE858B01029,ISGEC,EQ,1080.0,1113.9,1063.0,1073.6,1064.0,1060.3,123153,134310766.0,8694
2026-05-21,INE561M01018,ISHANCH,EQ,61.4,63.19,59.25,61.12,60.0,62.12,30505,1842491.04,255
2026-05-21,INE0LCW01025,ISHAN,SM,0.65,0.65,0.65,0.65,0.65,0.65,48000,31200.0,1
2026-05-21,INE379A01028,ITCHOTELS,EQ,154.2,155.97,153.98,154.5,154.49,153.52,1593826,246663059.73,21466
2026-05-21,INE154A01025,ITC,EQ,309.85,311.3,305.8,308.05,307.65,307.55,21868988,6734348842.6,230048
2026-05-21,INE248A01017,ITI,EQ,289.9,292.2,286.15,287.2,286.7,286.0,334795,96650451.6,8958
2026-05-21,INE056801025,IVALUE,EQ,245.7,250.0,240.85,244.5,243.0,246.9,35598,8791864.35,1373
2026-05-21,INE043C01018,IVP,EQ,155.1,169.15,155.1,164.35,167.37,157.06,20344,3350829.73,362
2026-05-21,INE1AII01014,IWARE,ST,341.0,350.0,336.1,342.0,341.0,343.85,14400,4926630.0,19
2026-05-21,INE848A01014,IZMO,EQ,713.4,734.25,710.0,720.45,717.5,699.3,190746,139071253.65,3478
2026-05-21,INE168A01041,J&KBANK,EQ,136.01,141.29,135.6,140.06,140.3,134.33,6759325,942166067.73,49272
2026-05-21,INE572A01036,JBCHEPHARM,EQ,2166.0,2194.9,2154.5,2178.9,2181.7,2163.6,417886,909626681.9,19269
2026-05-21,INE0MB501011,JGCHEM,EQ,395.2,399.25,388.5,390.6,391.8,396.05,37394,14703561.65,1601
2026-05-21,INE199G01027,JAGRAN,EQ,67.64,69.95,67.51,68.92,69.0,67.64,333551,22946603.76,2363
2026-05-21,INE048B01035,JAGSNPHARM,EQ,198.6,214.05,196.97,211.84,212.0,199.31,391333,81428558.27,6327
2026-05-21,INE091G01026,JAIBALAJI,BE,75.76,76.49,72.0,73.54,73.31,75.03,693186,50968518.57,1597
2026-05-21,INE070D01027,JAICORPLTD,EQ,113.56,116.5,113.56,115.58,115.67,113.15,398794,46027652.99,4725
2026-05-21,IN9175A01010,JISLDVREQS,EQ,22.6,22.9,21.5,21.95,21.91,22.11,14627,325050.08,136
2026-05-21,INE175A01038,JISLJALEQS,EQ,29.33,29.64,28.86,28.98,29.0,29.04,1815191,52807452.47,8158
2026-05-21,INE0YD401026,JAINREC,EQ,397.0,398.65,380.5,383.9,380.55,391.9,2817383,1098230870.5,42201
2026-05-21,INE02KC01010,JAINAM,SM,285.0,285.0,277.05,277.05,277.05,290.0,1000,281025.0,2
2026-05-21,INE0XIL01012,JAINIK,SM,140.05,140.05,140.0,140.0,140.0,145.0,2400,336060.0,2
2026-05-21,INE351F01018,JPPOWER,EQ,18.9,19.38,18.42,18.56,18.6,18.31,186605793,3524639423.67,92233
2026-05-21,INE349X01015,JALAN,SM,1.75,1.85,1.75,1.85,1.85,1.8,54000,97950.0,9
2026-05-21,INE039C01032,JAMNAAUTO,EQ,113.5,115.45,112.69,114.08,113.86,111.6,1204186,136929943.71,9781
2026-05-21,INE953L01027,JSFB,EQ,453.5,455.95,450.0,450.5,450.5,453.25,355132,160356241.05,4207
2026-05-21,INE00YJ01010,JARO,EQ,528.0,557.0,516.9,552.6,556.9,520.75,354817,192133254.9,11923
2026-05-21,INE039O01029,JASH,EQ,380.0,394.0,375.0,388.6,383.1,377.45,173607,66883504.55,4110
2026-05-21,INE0SMY01017,JAYBEE,ST,97.45,97.45,97.45,97.45,97.45,92.85,23500,2290075.0,27
2026-05-21,INE571B01036,JAYBARMARU,EQ,111.9,122.2,111.6,117.35,116.6,103.27,28409663,3333667754.56,134438
2026-05-21,INE0J6801010,KORE,SM,116.55,116.55,116.55,116.55,116.55,122.65,2500,291375.0,7
2026-05-21,INE785A01026,JAYAGROGN,EQ,215.4,221.19,210.35,219.15,220.0,211.35,12397,2682757.93,384
2026-05-21,INE854B01010,JAYNECOIND,EQ,104.0,109.0,103.22,106.49,105.8,103.02,7509029,804501692.99,39640
2026-05-21,INE1AE401014,JAYESH,SM,170.0,171.0,168.5,168.5,168.5,168.5,98000,16617500.0,9
2026-05-21,INE903A01025,JAYKAY,EQ,160.87,175.77,160.86,170.21,170.05,158.5,541361,92471617.18,11362
2026-05-21,INE364A01020,JAYSREETEA,EQ,85.02,86.79,84.24,85.24,85.1,84.01,27710,2367361.62,550
2026-05-21,INE927D01051,JBMA,EQ,647.0,652.0,640.1,642.55,640.95,643.6,378338,244337743.0,14874
2026-05-21,INE0J5801029,JSLL,EQ,660.0,680.2,642.0,654.2,658.8,650.6,363972,241281786.8,18683
2026-05-21,INE982V01025,JETFREIGHT,EQ,20.69,20.99,20.2,20.37,20.56,20.69,55821,1153498.07,276
2026-05-21,INE0RXB01022,JEYYAM,SM,32.85,32.85,32.3,32.3,32.3,32.0,6000,196000.0,3
2026-05-21,INE544H01014,JHS,EQ,8.97,8.97,8.25,8.37,8.5,8.55,31555,266671.23,108
2026-05-21,INE03DD01011,RETAIL,EQ,19.95,21.49,19.95,20.0,20.0,20.08,32,647.45,9
2026-05-21,INE147P01019,JPOLYINVST,EQ,1016.2,1035.7,1003.0,1006.8,1005.1,1015.7,5566,5648076.6,975
2026-05-21,INE742C01031,JINDRILL,EQ,659.95,676.75,635.5,645.25,650.0,657.9,2768641,1791937375.95,41204
2026-05-21,INE796G01012,JINDALPHOT,EQ,1042.9,1042.9,990.0,1005.6,1014.0,1004.1,2943,2958093.1,341
2026-05-21,INE197D01010,JINDALPOLY,EQ,715.0,715.0,690.0,691.85,695.2,704.45,10522,7336962.8,1190
2026-05-21,INE324A01032,JINDALSAW,EQ,222.0,224.99,218.13,219.08,219.0,219.54,967043,214071275.49,16134
2026-05-21,INE220G01021,JSL,EQ,742.0,743.75,732.1,736.75,737.9,736.95,296812,219089431.2,16466
2026-05-21,INE749A01030,JINDALSTEL,EQ,1243.0,1243.0,1194.0,1196.8,1197.5,1223.1,963285,1164728061.3,35875
2026-05-21,INE247D01039,JINDWORLD,EQ,26.6,26.75,26.0,26.16,26.3,26.45,214569,5655235.94,1864
2026-05-21,INE1FF001016,JKIPL,BE,84.0,85.99,83.99,85.94,85.5,84.71,10713,915331.94,289
2026-05-21,INE758E01017,JIOFIN,EQ,236.5,238.3,235.06,235.78,235.8,234.67,12084486,2858544789.81,78589
2026-05-21,INE863T01013,JITFINFRA,BE,282.95,293.35,280.0,286.7,290.0,283.3,14112,4037058.3,243
2026-05-21,INE823G01014,JKCEMENT,EQ,5370.5,5580.5,5370.5,5546.5,5530.0,5344.5,113357,622800826.0,15804
2026-05-21,INE786A01032,JKLAKSHMI,EQ,630.5,635.35,601.9,619.8,618.0,636.05,1678961,1040901927.05,19094
2026-05-21,INE789E01012,JKPAPER,EQ,386.5,387.55,379.75,382.95,382.0,380.95,309087,118390102.05,11825
2026-05-21,INE573A01042,JKTYRE,EQ,368.25,371.6,363.0,364.4,364.0,361.05,830355,304207785.85,21421
2026-05-21,INE576I01022,JKIL,EQ,475.35,487.0,471.5,481.1,479.0,473.3,92823,44385104.4,4498
2026-05-21,INE780C01023,JMFINANCIL,EQ,129.7,131.98,128.42,129.65,129.4,128.1,1651304,214731890.68,30118
2026-05-21,INE0OAF01028,JNKINDIA,EQ,410.45,410.45,394.0,409.9,410.45,373.15,1458707,596792266.2,7111
2026-05-21,INE839G01010,JOCIL,EQ,133.81,136.99,130.91,135.4,135.0,133.51,5665,755814.67,94
2026-05-21,INE515A01019,COCKERILL,EQ,5523.0,5600.0,5350.5,5373.0,5350.5,5473.5,2987,16231618.5,831
2026-05-21,INE718I01012,JSWCEMENT,EQ,121.28,132.13,121.28,127.46,127.99,120.91,41116895,5309423545.58,214083
2026-05-21,INE133A01011,JSWDULUX,EQ,2941.9,2954.7,2876.0,2902.3,2880.0,2928.2,67219,194965117.1,9532
2026-05-21,INE121E01018,JSWENERGY,EQ,545.0,553.3,543.05,548.45,547.05,537.1,3079588,1687547384.4,59685
2026-05-21,INE824G01012,JSWHL,EQ,12600.0,12831.0,12500.0,12693.0,12675.0,12612.0,2292,29098075.0,969
2026-05-21,INE880J01026,JSWINFRA,EQ,263.95,268.85,262.55,265.45,268.0,262.9,1501180,397719810.3,15866
2026-05-21,INE019A01038,JSWSTEEL,EQ,1293.0,1293.0,1272.8,1281.3,1280.6,1283.2,5339554,6839009610.6,53588
2026-05-21,INE643A01035,JTEKTINDIA,EQ,126.6,130.49,126.16,126.98,126.9,125.77,318605,40750928.95,4751
2026-05-21,INE391J01032,JTLIND,EQ,66.99,69.74,66.81,69.16,68.85,66.17,2213881,151408690.39,9067
2026-05-21,INE03CC01015,JUBLCPL,EQ,1712.7,1775.0,1700.0,1762.5,1775.0,1712.7,6316,11080285.5,455
2026-05-21,INE797F01020,JUBLFOOD,EQ,449.3,449.3,433.55,435.65,434.95,472.55,18865418,8283387252.15,169259
2026-05-21,INE0BY001018,JUBLINGREA,EQ,733.65,769.5,733.65,748.3,748.0,735.45,574599,434791149.45,33774
2026-05-21,INE700A01033,JUBLPHARMA,EQ,1022.0,1023.3,999.3,1011.65,1011.0,1014.2,90789,91540293.45,14250
2026-05-21,INE412C01023,JMA,EQ,84.98,87.0,83.2,84.13,84.94,83.2,2140,181443.55,130
2026-05-21,INE696F01016,JUNIPER,EQ,200.1,205.19,199.0,199.89,200.5,200.02,100523,20230317.34,4134
2026-05-21,INE682M01012,JLHL,EQ,1344.9,1365.0,1306.7,1312.0,1306.7,1318.2,14336,19105640.9,2764
2026-05-21,INE209L01016,JWL,EQ,278.95,280.0,275.15,276.3,275.9,273.05,789857,219069826.8,14373
2026-05-21,INE599M01018,JUSTDIAL,EQ,515.0,526.0,513.8,520.95,520.4,513.2,98104,51048694.55,10133
2026-05-21,INE668F01031,JYOTHYLAB,EQ,210.7,212.4,206.0,206.55,207.4,209.6,971263,202002599.45,21533
2026-05-21,INE980O01024,JYOTICNC,EQ,679.95,687.95,662.0,668.95,666.95,669.95,831690,556556855.25,25132
2026-05-21,INE1M3T01017,JYOTIGLOBL,ST,46.85,48.85,46.05,48.85,48.85,46.85,16000,745300.0,7
2026-05-21,INE197A01024,JYOTISTRUC,EQ,12.45,12.48,12.01,12.13,12.18,12.19,3755008,46067300.15,3993
2026-05-21,INE157H01023,KMSUGAR,EQ,27.83,28.32,27.66,27.84,28.0,27.83,47741,1331183.41,464
2026-05-21,INE127T01021,KPEL,EQ,359.0,363.0,353.4,356.1,355.0,356.25,199769,71396407.0,4904
2026-05-21,INE0DEZ01013,K2INFRA,SM,53.95,54.8,52.9,54.05,53.35,53.95,6600,353910.0,10
2026-05-21,INE900B01029,KABRAEXTRU,EQ,227.0,230.1,223.0,225.79,224.02,226.03,10559,2388510.9,538
2026-05-21,INE0XOW01017,KKJEWELS,SM,98.3,98.3,93.5,94.25,93.5,96.0,6000,571900.0,6
2026-05-21,INE217B01036,KAJARIACER,EQ,1062.9,1073.3,1053.0,1061.3,1063.3,1053.7,147924,157293275.1,17190
2026-05-21,INE437B01014,KAKATCEM,BE,120.1,125.0,120.1,121.38,120.7,123.0,1138,138702.4,27
2026-05-21,INE0T0L01014,KALANA,ST,22.7,22.75,21.7,21.7,21.7,21.7,14000,314000.0,7
2026-05-21,INE227J01012,KALPATARU,EQ,320.6,335.0,315.0,331.75,331.05,319.85,158153,51482858.7,5694
2026-05-21,INE220B01022,KPIL,EQ,1254.7,1283.9,1237.0,1276.8,1278.3,1243.4,222560,279852812.4,21571
2026-05-21,INE303R01014,KALYANKJIL,EQ,347.0,353.85,343.15,353.0,353.1,343.55,5540790,1933599037.4,54644
2026-05-21,INE314G01014,KALYANIFRG,EQ,624.5,629.4,611.0,624.0,624.0,610.3,225,139820.2,34
2026-05-21,INE029L01018,KICL,EQ,5097.9,5099.9,4956.1,4980.3,5011.0,5066.6,1244,6236677.3,318
2026-05-21,INE907A01026,KSL,EQ,821.55,835.0,810.2,812.15,811.55,818.2,21930,17916425.25,2010
2026-05-21,INE411F01010,KAMAHOLD,EQ,2604.2,2608.3,2552.1,2560.2,2560.0,2568.4,1849,4786884.8,160
2026-05-21,INE967C01018,KAMATHOTEL,EQ,165.36,170.0,164.47,167.22,166.0,164.16,40933,6821964.15,1103
2026-05-21,INE390H01020,KAMDHENU,EQ,24.29,24.7,24.17,24.47,24.61,24.17,603307,14767853.58,2041
2026-05-21,INE0BTI01037,KAMOPAINTS,EQ,5.2,5.41,5.2,5.26,5.22,5.27,206644,1093820.06,425
2026-05-21,INE879E01037,KANANIIND,EQ,1.53,1.66,1.5,1.65,1.66,1.51,829806,1344132.07,573
2026-05-21,INE081G01019,KANCHI,BE,370.0,386.45,363.0,382.95,382.95,370.65,728,278314.15,32
2026-05-21,INE0MOT01016,KANDARP,SM,148.95,148.95,148.95,148.95,148.95,140.0,1000,148950.0,1
2026-05-21,INE138C01024,KANORICHEM,BE,94.7,94.7,90.0,90.1,90.0,91.0,3053,280921.36,52
2026-05-21,INE694E01014,KANPRPLA,EQ,200.6,211.88,200.6,206.48,205.0,203.99,9498,1970427.15,303
2026-05-21,INE531A01024,KANSAINER,EQ,216.0,220.95,215.42,217.97,219.85,214.61,350375,76430667.79,11146
2026-05-21,INE542Z01028,KAPSTON,EQ,329.9,329.95,327.1,327.6,328.8,328.15,5407,1773621.4,239
2026-05-21,INE725L01011,KARMAENG,EQ,44.35,46.8,44.35,45.29,45.48,46.29,3622,164982.63,98
2026-05-21,INE614B01018,KTKBANK,EQ,267.0,273.75,262.2,270.85,270.65,263.8,4554046,1228095524.3,36427
2026-05-21,INE0MGA01012,KARNIKA,SM,130.95,140.0,128.5,136.9,140.0,126.1,66000,8874650.0,38
2026-05-21,INE036D01028,KARURVYSYA,EQ,288.0,292.1,286.6,288.1,288.5,286.55,1434427,414467735.35,21074
2026-05-21,INE0SVY01018,KATARIA,SM,100.8,101.2,100.2,100.2,100.2,100.8,3000,302160.0,4
2026-05-21,INE234I01028,KAUSHALYA,EQ,899.0,899.0,852.4,886.1,887.4,873.1,25,21999.95,14
2026-05-21,INE0Q2V01012,KLL,SM,38.05,38.95,34.0,35.7,36.0,38.0,19200,701480.0,22
2026-05-21,INE455I01029,KSCL,EQ,950.0,950.0,910.0,916.3,913.0,949.15,168157,155409884.3,9549
2026-05-21,INE641C01019,KAVDEFENCE,EQ,63.3,65.24,61.85,62.63,62.56,62.14,96381,6131034.88,953
2026-05-21,INE0RCG01017,KCEIL,ST,103.55,111.6,103.55,103.55,103.55,109.0,191000,19974000.0,178
2026-05-21,INE587G01015,KAYA,EQ,249.0,256.95,243.2,248.35,252.0,248.4,18160,4518525.0,482
2026-05-21,INE918Z01012,KAYNES,EQ,3048.0,3190.0,3030.4,3174.9,3190.0,3001.0,2230040,6949821225.1,116636
2026-05-21,INE13ZD01013,KAYTEX,SM,68.5,71.65,68.1,68.1,68.1,69.1,6400,446640.0,8
2026-05-21,INE0J1E01027,KCK,SM,14.6,14.8,12.8,13.2,13.2,14.15,315000,4262500.0,114
2026-05-21,INE805C01028,KCP,EQ,162.12,162.52,157.9,159.68,158.68,158.65,164535,26198606.14,1593
2026-05-21,INE790B01024,KCPSUGIND,EQ,24.67,24.67,24.21,24.34,24.47,24.18,57055,1392496.29,310
2026-05-21,INE291D01011,KDDL,EQ,2815.0,2952.8,2773.9,2883.7,2890.0,2614.2,833141,2391938109.5,63753
2026-05-21,INE389H01022,KEC,EQ,475.0,490.55,474.6,486.05,484.6,471.7,1895224,914126770.55,37618
2026-05-21,INE878B01027,KEI,EQ,5146.2,5295.0,5146.2,5237.0,5220.0,5119.8,550071,2877586758.6,44985
2026-05-21,INE164B01030,KELLTONTEC,EQ,15.34,15.7,15.15,15.23,15.23,15.22,1933458,29739572.29,4712
2026-05-21,INE15DO01012,KEN,SM,34.0,34.3,31.65,33.4,34.3,34.0,8400,279840.0,7
2026-05-21,INE717A01029,KENNAMET,EQ,2859.0,2918.9,2806.1,2835.1,2840.0,2794.1,9242,26321281.3,3402
2026-05-21,INE202H01019,KERNEX,EQ,1365.0,1407.9,1359.0,1363.8,1365.9,1353.2,95623,131654525.1,6243
2026-05-21,INE087A01019,KESORAMIND,BE,12.0,12.43,11.84,12.43,12.43,11.84,1154801,14211392.23,1481
2026-05-21,INE401H01017,KKCL,EQ,447.6,448.85,437.0,439.75,439.0,439.8,14774,6510416.1,573
2026-05-21,INE681C01015,KEYFINSERV,EQ,282.0,282.0,266.05,273.9,278.8,267.35,1327,365131.55,46
2026-05-21,INE263M01029,RUSTOMJEE,EQ,392.95,397.2,387.85,393.1,393.15,394.9,20136,7903644.25,1993
2026-05-21,INE138Y01010,KFINTECH,EQ,835.0,842.0,811.25,831.5,831.85,828.05,1463545,1211009335.85,33712
2026-05-21,INE834I01025,KHADIM,EQ,107.37,109.23,104.2,105.46,105.85,107.37,63707,6794855.03,1152
2026-05-21,INE731C01018,KHAITANLTD,BE,133.88,136.25,130.81,130.84,136.0,133.88,1295,172365.58,40
2026-05-21,INE745B01028,KHAICHEM,BE,56.1,56.8,55.25,56.03,56.28,56.0,30444,1703733.1,166
2026-05-21,INE060B01014,KHANDSE,EQ,17.0,17.59,17.0,17.55,17.55,16.91,1794,31403.12,19
2026-05-21,INE00UG01014,KHFM,SM,61.7,62.75,61.7,62.75,62.75,62.8,3100,192897.5,2
2026-05-21,INE338F01015,KLBRENG-B,EQ,487.75,487.75,472.0,474.7,476.65,479.5,22384,10731008.25,1046
2026-05-21,INE729D01010,KILITCH,EQ,184.2,188.8,179.83,183.06,183.5,183.8,177267,32730310.4,3007
2026-05-21,INE473D01015,KINGFA,EQ,5289.8,5314.8,5131.0,5172.2,5146.4,5231.9,2818,14692735.0,849
2026-05-21,INE880L01014,KIOCL,EQ,380.0,390.2,378.5,381.65,382.0,376.6,106595,40910750.25,4786
2026-05-21,INE555P01013,KIRANVYPAR,EQ,183.0,184.9,177.06,177.84,177.45,186.7,3622,656268.29,169
2026-05-21,INE415I01015,KIRIINDUS,EQ,398.0,401.55,393.85,396.35,397.0,393.35,173402,68759662.85,3159
2026-05-21,INE732A01036,KIRLOSBROS,EQ,1610.7,1658.4,1610.7,1622.2,1622.0,1605.8,38209,62478732.4,6549
2026-05-21,INE134B01017,KECL,BE,109.6,113.99,109.0,113.99,113.99,108.57,70689,7947524.53,473
2026-05-21,INE884B01025,KIRLFER,EQ,425.0,440.0,423.1,436.2,434.4,422.5,67946,29668130.6,4573
2026-05-21,INE250A01039,KIRLOSIND,EQ,3185.0,3220.0,3128.2,3163.8,3159.0,3175.9,11860,37695317.4,2357
2026-05-21,INE146L01010,KIRLOSENG,EQ,1682.9,1698.9,1653.8,1674.7,1671.9,1663.1,174854,292650852.4,12030
2026-05-21,INE811A01020,KIRLPNU,EQ,1644.5,1661.3,1590.0,1611.8,1604.0,1618.2,135986,220726378.5,14806
2026-05-21,INE602G01020,KITEX,EQ,157.58,158.75,156.0,157.14,156.0,156.42,256633,40411648.5,2688
2026-05-21,INE0KNW01016,KNAGRI,EQ,200.0,201.99,194.01,195.9,198.0,198.48,7540,1497001.14,560
2026-05-21,INE0CJD01029,KMEW,EQ,2104.2,2175.0,2066.5,2161.4,2163.0,2070.9,134073,285458323.9,16519
2026-05-21,INE1JAR25012,KRT,RR,117.6,117.92,116.26,116.65,116.52,117.39,267075,31238777.74,5299
2026-05-21,INE634I01029,KNRCON,EQ,128.24,136.5,128.24,132.72,133.0,128.17,6496064,862985344.8,39345
2026-05-21,INE0Q7P01013,KODYTECH,ST,898.0,898.0,866.1,889.25,897.0,878.0,5400,4775010.0,23
2026-05-21,INE080B01012,KOHINOOR,EQ,24.9,25.33,24.9,25.13,25.19,24.9,14191,355841.44,172
2026-05-21,INE760A01029,KOKUYOCMLN,EQ,85.73,87.49,85.65,86.33,86.4,86.16,20209,1749155.87,427
2026-05-21,INE094I01018,KOLTEPATIL,EQ,389.9,397.0,387.1,393.85,393.5,388.05,46555,18235027.55,1926
2026-05-21,INE0QEI01011,KONSTELEC,ST,33.75,37.25,33.75,37.25,37.25,35.5,4000,145500.0,4
2026-05-21,INE0KZ301010,KONTOR,SM,70.55,70.55,70.55,70.55,70.55,72.25,600,42330.0,1
2026-05-21,INE082A01010,KOPRAN,EQ,169.0,175.49,166.1,167.25,166.36,167.17,672996,114957211.34,7772
2026-05-21,INE0O4R01018,KDL,SM,125.35,136.15,125.35,134.95,134.55,129.7,17100,2313045.0,75
2026-05-21,INF174KA1HJ8,GOLD1,EQ,128.12,132.99,128.12,132.08,131.8,131.41,1421593,187787737.5,6115
2026-05-21,INE237A01036,KOTAKBANK,EQ,384.7,386.45,377.9,380.85,381.5,383.2,10133840,3867093316.75,131415
2026-05-21,INF174K014P6,NIFTY1,EQ,261.04,262.94,260.07,260.76,261.13,261.04,43900,11476750.45,1472
2026-05-21,INF373I01023,PSUBANK,EQ,804.51,808.16,800.0,802.91,806.0,800.5,35386,28443263.14,558
2026-05-21,INF174KA1XV0,CHEMICAL,EQ,29.4,29.46,29.07,29.2,29.21,29.12,587549,17201871.41,967
2026-05-21,INF174KA1IA5,ALPHA,EQ,48.62,50.48,48.62,50.08,50.2,49.87,1024355,51367084.94,2163
2026-05-21,INF174KA1ZF8,CONS,EQ,11.97,11.97,11.57,11.62,11.68,11.75,82412,959855.02,493
2026-05-21,INF174KA1GC5,IT,EQ,32.42,32.43,31.91,31.99,32.03,32.18,190824,6124402.64,910
2026-05-21,INF174KA1LV5,LIQUID1,EQ,1105.19,1105.19,1105.01,1105.16,1105.17,1105.01,646438,714420189.01,585
2026-05-21,INF174KA1IY5,LOWVOL1,EQ,20.42,20.88,20.4,20.59,20.86,20.42,451147,9247611.56,240
2026-05-21,INF174KA1ZC5,MIDCAP,EQ,17.89,18.1,17.77,17.84,17.85,17.89,316874,5664763.77,702
2026-05-21,INF174KA1JF2,MNC,EQ,32.87,33.03,32.61,32.78,33.0,32.63,43025,1409250.8,326
2026-05-21,INF174KA1ZD3,SILVER1,EQ,25.62,25.78,25.36,25.57,25.51,25.62,5902742,150845610.53,4814
2026-05-21,INF174KA1ZE1,NV20,EQ,14.12,14.2,14.05,14.08,14.12,14.04,26944,380179.94,165
2026-05-21,INF174KA1VW2,MID150,EQ,22.99,22.99,22.75,22.81,22.87,22.81,37535,858863.49,165
2026-05-21,INF174KA1XS6,MOMENTUM30,EQ,30.9,30.9,30.0,30.09,30.85,30.39,45343,1369952.19,133
2026-05-21,INF174KA1VD2,MSCIINDIA,EQ,29.28,29.32,29.04,29.15,29.15,29.14,5988,174594.77,51
2026-05-21,INF174KA1YO3,NEXT50ETF,EQ,70.14,70.35,69.74,70.03,69.8,69.72,7410,519402.23,81
2026-05-21,INF174KA1UW4,NIFTY100EW,EQ,33.96,34.12,33.7,33.86,33.94,33.78,23585,800117.23,138
2026-05-21,INF174KA1WT6,QUALITY30,EQ,20.6,20.6,20.42,20.47,20.52,20.37,5365,109868.76,25
2026-05-21,INF174KA1ZB7,BANKNIFTY1,EQ,56.0,56.0,55.09,55.22,55.44,55.43,289087,16023312.7,678
2026-05-21,INE972A01020,KOTIC,EQ,169.12,169.12,163.0,166.77,167.65,169.12,3098,513971.91,187
2026-05-21,INE720A01015,KOTHARIPET,EQ,127.09,130.88,124.0,124.78,125.18,126.66,65118,8242238.54,1246
2026-05-21,INE823A01017,KOTHARIPRO,EQ,73.99,74.0,72.36,73.6,73.99,73.15,8324,612225.2,92
2026-05-21,INE419A01022,KOTARISUG,EQ,25.3,25.59,25.0,25.23,25.28,25.08,26003,656052.69,272
2026-05-21,INE0J0B01017,KOTYARK,EQ,462.9,464.0,439.55,460.1,464.0,456.1,147771,67520454.4,1975
2026-05-21,INE177F01017,KOVAI,EQ,5389.0,5480.0,5351.0,5398.0,5392.0,5339.0,5805,31291821.5,1306
2026-05-21,INE542W01025,KPIGREEN,EQ,440.75,446.9,428.05,430.45,430.1,433.7,589291,256518678.55,15045
2026-05-21,INE04I401011,KPITTECH,EQ,755.6,756.95,742.5,750.9,749.0,750.8,2354499,1768277258.2,33248
2026-05-21,INE930H01031,KPRMILL,EQ,958.7,975.95,946.15,951.7,948.0,958.55,179112,172740559.3,15690
2026-05-21,INE001B01026,KRBL,EQ,335.0,339.0,331.95,337.8,335.5,329.95,301592,101081723.6,7002
2026-05-21,INE268B01013,KREBSBIO,EQ,56.39,57.0,54.32,56.07,56.0,55.16,1781,98719.0,45
2026-05-21,INE524L01026,KRIDHANINF,EQ,3.01,3.2,3.01,3.18,3.19,3.05,126670,400275.46,138
2026-05-21,INE506W01012,KRISHANA,EQ,692.0,704.0,676.05,702.5,702.85,684.35,618608,430395165.6,12315
2026-05-21,INE0NR701018,KRISHCA,SM,183.15,190.9,183.15,190.0,190.0,187.0,6000,1133875.0,10
2026-05-21,INE0GGO01015,KRISHIVAL,EQ,376.75,378.05,374.0,375.45,374.45,377.75,3567,1342345.1,124
2026-05-21,IN90GGO01013,KRISHPP,E1,115.0,115.0,115.0,115.0,115.0,115.0,199,22885.0,2
2026-05-21,INE0J5601015,KRISHNADEF,EQ,1249.0,1299.0,1130.0,1159.0,1155.0,1188.0,510673,620032669.6,31426
2026-05-21,INE967H01025,KIMS,EQ,756.0,771.0,747.5,769.15,769.85,755.8,229698,175609334.5,17424
2026-05-21,INE479D01038,KRITI,BE,70.9,72.0,70.0,70.77,70.81,70.19,7841,559118.45,81
2026-05-21,INE798K01010,KRITINUT,BE,84.45,88.26,83.0,88.08,86.7,84.06,21251,1838187.98,170
2026-05-21,INE00Z501029,KRITIKA,EQ,5.88,6.0,5.84,5.91,5.97,5.87,121438,719866.39,551
2026-05-21,INE1MTV01019,KRMAYURVED,ST,241.5,241.5,235.05,238.2,236.05,241.35,16000,3798000.0,16
2026-05-21,INE0Q3J01015,KRN,BE,1055.0,1098.0,1030.0,1098.0,1098.0,1045.8,173876,184828568.9,5682
2026-05-21,INE0ATZ01017,KRONOX,EQ,133.93,136.0,128.65,134.25,136.0,132.14,31505,4179058.24,1235
2026-05-21,INE0O6601022,KROSS,EQ,193.99,197.95,190.25,191.55,190.25,191.0,349620,67810184.09,4738
2026-05-21,INE08LI01020,KRSNAA,EQ,562.8,569.95,560.0,561.9,563.0,562.8,32981,18591818.45,2294
2026-05-21,INE0QN801017,KRYSTAL,EQ,580.25,589.9,575.5,578.75,579.55,581.4,8411,4883278.1,658
2026-05-21,INE999A01023,KSB,EQ,828.2,847.9,813.15,819.35,818.0,827.8,220960,182513721.35,19324
2026-05-21,INE987S01020,KSHINTL,EQ,665.0,697.8,651.2,694.0,694.95,653.9,601710,411234390.05,21420
2026-05-21,INE013801027,KSHITIJPOL,BE,3.67,3.97,3.67,3.79,3.89,3.86,547034,2086477.59,443
2026-05-21,INE0D6I01023,KSOLVES,EQ,278.6,281.9,278.0,279.45,278.55,278.15,17296,4830504.05,993
2026-05-21,INE1SPP01016,KSR,BE,36.5,36.54,35.35,35.75,35.71,36.57,6710,242673.42,29
2026-05-21,INE529I01021,KUANTUM,EQ,78.0,80.36,77.98,78.8,78.5,77.0,62305,4939931.93,1066
2026-05-21,INE552U01010,KPL,EQ,2097.0,2150.0,2036.1,2087.0,2093.0,2055.9,57856,121212792.6,5569
2026-05-21,INE2KCE01013,KWIL,EQ,26.15,26.48,25.5,25.57,25.71,26.35,9944511,256989833.46,23448
2026-05-21,INE498L01015,LTF,EQ,279.05,281.2,268.1,269.85,269.1,275.65,6141512,1667938134.2,47325
2026-05-21,INE010V01017,LTTS,EQ,3601.0,3647.8,3551.0,3587.3,3598.2,3580.6,53667,192502415.4,8015
2026-05-21,INE059D01020,LAOPALA,EQ,173.0,173.0,167.8,168.96,168.77,168.33,55224,9326836.2,2150
2026-05-21,INE548Z01017,LAGNAM,EQ,80.34,82.0,80.34,81.45,81.99,79.57,12141,990615.45,182
2026-05-21,INE515C01023,LAHOTIOV,EQ,43.59,44.7,42.1,43.79,44.0,42.45,13327,573175.23,153
2026-05-21,INE850E01012,LFIC,EQ,143.49,143.49,137.5,137.5,137.5,137.48,8,1108.49,3
2026-05-21,INE651C01018,LAKPRE,BZ,6.4,6.4,5.9,6.2,6.2,6.21,953,5903.56,19
2026-05-21,INE0VZS01015,LAKSHYA,ST,135.0,135.0,135.0,135.0,135.0,133.0,1600,216000.0,2
2026-05-21,INE112F01022,LAMBODHARA,EQ,104.8,104.8,101.62,103.0,103.0,101.32,4386,451402.68,98
2026-05-21,INE0R0201012,LAMOSAIC,SM,27.45,27.45,26.1,26.1,26.1,27.3,5400,143880.0,8
2026-05-21,INE572G01025,LANCORHOL,EQ,25.41,25.41,24.2,24.38,24.25,24.42,8881,215904.79,72
2026-05-21,INE559R01029,LANDMARK,EQ,363.1,364.75,353.1,358.3,355.0,361.25,61801,22153769.75,2360
2026-05-21,INE197J01017,LPDC,EQ,7.33,7.33,6.95,7.21,7.13,6.99,34486,246073.89,113
2026-05-21,INE688J01023,LANDSMILL,EQ,0.93,1.06,0.91,1.0,0.99,0.9,11789721,11691185.42,1902
2026-05-21,INE018A01030,LT,EQ,3970.0,3970.0,3912.7,3928.5,3931.0,3910.7,1624945,6396454575.8,95809
2026-05-21,INE670X01014,LASA,EQ,8.49,8.49,7.93,8.1,8.2,8.17,9615,77899.53,54
2026-05-21,INE0I7C01011,LATENTVIEW,EQ,322.3,330.15,316.25,321.25,320.9,317.95,873338,282906906.8,20067
2026-05-21,INE262Z01023,LATTEYS,BE,24.7,24.7,23.1,23.7,24.14,23.71,31359,755757.42,220
2026-05-21,INE947Q01028,LAURUSLABS,EQ,1373.9,1373.9,1342.2,1351.0,1348.0,1361.1,2056966,2782522620.5,52699
2026-05-21,INE801V01019,LAXMICOT,BE,14.99,14.99,14.13,14.57,14.51,14.37,4203,61845.41,26
2026-05-21,INE0WO601020,LAXMIDENTL,EQ,203.9,215.0,200.33,207.74,209.5,203.03,271266,56645010.68,3969
2026-05-21,INE258Y01016,LGHL,EQ,234.9,234.9,227.7,229.75,227.75,231.25,3994,920210.4,379
2026-05-21,INE06WU01026,LAXMIINDIA,BE,115.0,122.6,115.0,117.99,118.0,116.77,122274,14765199.47,484
2026-05-21,INE576O01020,LXCHEM,EQ,161.95,163.0,158.0,158.9,158.4,158.48,751922,120394254.9,7963
2026-05-21,INE938A01021,LCCINFOTEC,BE,4.41,4.71,4.31,4.7,4.7,4.5,6807,30165.3,15
2026-05-21,INE0G1L01017,LEMERITE,EQ,429.0,430.0,333.6,341.2,333.6,416.95,506290,191386299.95,9206
2026-05-21,INE0HV901016,IXIGO,EQ,162.0,167.0,162.0,163.65,163.1,161.87,1203539,198950511.09,23840
2026-05-21,INE0H4B01011,LRRPL,SM,95.55,96.05,89.05,95.5,95.5,91.5,42000,4004850.0,27
2026-05-21,INE0AQ201015,THELEELA,EQ,412.0,412.0,403.3,406.8,407.0,406.9,81101,33010112.4,4790
2026-05-21,INE970X01018,LEMONTREE,EQ,112.01,113.5,111.36,112.03,112.0,111.14,1485401,166705594.0,24204
2026-05-21,INE956O01016,LENSKART,EQ,513.0,517.0,490.0,498.5,498.0,486.85,43786428,21873639854.15,384913
2026-05-21,INE500X01013,LEXUS,EQ,18.75,19.19,18.5,18.7,19.0,18.39,27217,509065.82,79
2026-05-21,INE337A01034,LGBBROSLTD,EQ,1560.5,1578.7,1545.0,1552.6,1550.0,1545.2,32564,50785926.4,2097
2026-05-21,INE324D01010,LGEINDIA,EQ,1537.9,1544.7,1523.5,1530.2,1527.3,1523.9,287987,441965025.2,25868
2026-05-21,INE908V01012,LIBAS,EQ,12.4,12.6,12.25,12.44,12.47,12.46,31526,392458.68,104
2026-05-21,INE557B01019,LIBERTSHOE,EQ,238.25,246.9,238.25,242.0,242.0,237.75,17132,4153324.65,723
2026-05-21,INE115A01026,LICHSGFIN,EQ,549.5,552.75,535.3,537.95,537.05,546.8,929145,503344249.5,16595
2026-05-21,INF767K01SM1,LICMFGOLD,EQ,141.45,142.6,141.45,142.15,141.8,141.45,43075,6116090.4,505
2026-05-21,INF767K01OS7,LICNETFN50,EQ,257.19,265.48,257.19,263.49,263.49,263.79,242,63950.51,26
2026-05-21,INF767K01OT5,LICNETFSEN,EQ,845.0,846.19,840.87,841.9,841.15,844.91,45,37935.53,8
2026-05-21,INF767K01PC8,LICNFNHGP,EQ,269.87,270.0,267.28,269.03,269.03,268.68,260,70083.37,13
2026-05-21,INF767K01MV5,LICNETFGSC,EQ,28.95,28.95,28.4,28.56,28.57,28.36,57275,1633409.0,97
2026-05-21,INF767K01RN1,LICNMID100,EQ,61.44,62.29,61.44,61.67,61.76,61.44,6814,422049.31,105
2026-05-21,INE0J1Y01017,LICI,EQ,808.0,812.0,798.9,800.2,804.0,800.55,4073575,3274829604.3,50839
2026-05-21,INE060901027,LIKHITHA,BE,199.5,201.8,192.2,198.01,198.96,198.13,19046,3758278.97,339
2026-05-21,INE802B01027,LINC,EQ,96.1,100.4,95.21,99.66,99.9,97.97,46230,4586428.76,451
2026-05-21,INE405C01035,LINCOLN,EQ,710.8,735.0,700.1,732.15,734.85,705.2,134718,97350609.75,6112
2026-05-21,INE473A01011,LINDEINDIA,EQ,7302.0,7485.0,7252.5,7276.5,7300.0,7256.5,29517,217089160.0,5706
2026-05-21,INE093R01011,LLOYDSENGG,EQ,68.91,69.72,67.51,67.81,67.91,67.8,5681839,388462194.33,28809
2026-05-21,INE080I01025,LLOYDSENT,EQ,70.0,70.99,68.42,68.7,68.53,69.6,1851482,128927435.15,7922
2026-05-21,INE281B01032,LLOYDSME,EQ,1651.1,1721.0,1651.0,1714.1,1717.0,1654.9,567204,957160651.6,27261
2026-05-21,INE269B01029,LMW,EQ,14888.0,15208.0,14101.0,14212.0,14125.0,14395.0,8985,129714093.0,2535
2026-05-21,INE670K01029,LODHA,EQ,882.65,903.35,878.65,883.75,883.0,880.0,1339789,1190452085.6,33322
2026-05-21,INE397H01017,LOKESHMACH,BE,249.0,256.2,245.77,255.95,256.2,244.0,22494,5697360.5,227
2026-05-21,INE846D01012,LORDSCHLO,EQ,134.38,142.69,132.0,134.25,133.87,137.07,21425,2919482.86,653
2026-05-21,INE740X01023,LAL,EQ,6.85,7.15,6.85,6.95,6.94,7.02,12302,86264.17,100
2026-05-21,INE947I01017,LOTUSEYE,EQ,107.15,109.89,106.3,107.83,107.7,109.22,2876,309483.08,117
2026-05-21,INE597L01014,LOVABLE,EQ,73.9,73.95,70.15,71.0,72.0,71.67,11521,832385.8,279
2026-05-21,INE818H01020,LTFOODS,EQ,407.0,409.0,399.7,402.3,401.0,403.9,160188,64691454.05,7531
2026-05-21,INE214T01019,LTM,EQ,4177.9,4177.9,4100.2,4129.7,4134.9,4143.0,193777,799746063.6,19457
2026-05-21,INE872H01027,LUMAXTECH,EQ,1672.7,1672.7,1613.1,1629.6,1642.0,1649.8,85426,139453342.0,9709
2026-05-21,INE162B01018,LUMAXIND,EQ,5449.0,5719.5,5380.0,5660.5,5688.0,5364.0,37085,206310316.5,6934
2026-05-21,INE326A01037,LUPIN,EQ,2297.1,2304.3,2269.6,2284.5,2285.0,2285.5,1224058,2798213599.0,46369
2026-05-21,INE150G01020,LUXIND,EQ,1370.0,1399.0,1323.3,1341.6,1337.0,1361.1,39717,54413303.4,2711
2026-05-21,INE933A01014,LYKALABS,EQ,61.67,61.91,60.26,61.27,61.91,60.67,4052,246957.94,173
2026-05-21,INE142K01011,LYPSAGEMS,EQ,4.9,5.07,4.9,4.96,5.0,4.98,6972,34634.27,197
2026-05-21,INE08N601015,MBEL,EQ,298.85,300.0,289.0,291.4,291.0,294.85,102596,30268215.75,3992
2026-05-21,INE964W01021,MKPL,EQ,5.19,5.19,4.97,5.02,5.02,5.04,201508,1015578.9,487
2026-05-21,INE105Y01019,MPTODAY,SM,41.55,41.55,41.55,41.55,41.55,43.7,2000,83100.0,1
2026-05-21,INE774D01024,M&MFIN,EQ,312.0,312.0,301.0,301.95,302.45,309.0,2143055,654678633.5,33854
2026-05-21,INE0SGC01015,MVKAGRO,SM,491.0,491.0,485.1,485.1,485.1,491.9,1200,587130.0,4
2026-05-21,INE215I01027,MAANALU,EQ,142.27,143.13,139.94,140.84,142.83,139.65,37315,5274878.44,936
2026-05-21,INE435D01014,MCCHRLS-B,EQ,710.0,710.0,655.0,670.25,680.0,663.7,85,57990.0,23
2026-05-21,INE0R0J01010,MACOBSTECH,SM,227.0,240.0,226.3,239.0,239.0,228.0,167200,39812320.0,24
2026-05-21,INE155Z01011,MACPOWER,EQ,1192.0,1192.0,1142.1,1159.3,1168.0,1160.6,9317,10836552.8,961
2026-05-21,INE813V01022,MCL,BE,62.0,62.82,61.0,61.72,62.39,62.86,34552,2133914.34,466
2026-05-21,INE631R01026,MADHAVIPL,EQ,8.37,8.64,8.37,8.44,8.4,8.37,51497,436612.09,286
2026-05-21,INE925C01016,MADHAV,EQ,35.5,36.95,35.4,36.35,36.35,36.31,4633,168590.53,33
2026-05-21,INE378D01032,MADHUCON,EQ,6.06,6.06,5.72,5.72,5.72,6.02,35689,205502.73,198
2026-05-21,INE0P6701019,MADHUSUDAN,SM,168.0,170.95,164.1,164.1,164.1,167.95,4000,673850.0,4
2026-05-21,INE900L01010,MBAPL,EQ,549.0,552.0,540.2,546.35,545.0,541.55,151376,82769114.4,3621
2026-05-21,INE414A01015,MADRASFERT,EQ,67.0,68.2,66.38,66.8,67.0,66.25,73754,4957281.42,936
2026-05-21,INE270B01035,MAFATIND,EQ,128.01,130.0,126.16,127.38,127.85,127.09,18222,2354780.65,513
2026-05-21,INE347W01011,MAGADSUGAR,EQ,482.15,482.8,466.85,473.55,478.5,479.75,6814,3251572.75,579
2026-05-21,INE613C01026,MCLOUD,EQ,25.08,26.0,25.08,25.77,25.85,25.08,1451610,37257711.48,4405
2026-05-21,INE387I01016,MAGNUM,EQ,20.75,21.49,20.1,20.31,20.27,20.56,11535,240071.53,82
2026-05-21,INE0O1S01012,MAGSON,ST,187.0,187.0,182.0,184.5,185.0,179.0,6000,1108000.0,6
2026-05-21,INE843B01013,MAHAPEXLTD,EQ,48.0,48.29,47.0,47.53,47.9,48.1,20814,988946.97,291
2026-05-21,INE0US801024,MFML,EQ,25.75,25.75,24.31,24.49,24.5,24.79,2645,65203.36,27
2026-05-21,INE112D01035,MHLXMIRU,EQ,170.89,175.47,169.0,172.01,172.0,170.89,1326,226674.28,47
2026-05-21,INE451L01014,MAHASTEEL,BE,773.5,814.95,762.05,808.65,810.95,779.1,7885,6263296.6,159
2026-05-21,INE002S01010,MGL,EQ,1075.0,1079.6,1052.0,1053.8,1053.8,1075.6,121613,129639820.5,11691
2026-05-21,INE153A01019,MTNL,EQ,29.4,29.47,28.75,28.94,28.8,28.74,915576,26633725.43,3116
2026-05-21,INE288A01013,MAHSCOOTER,EQ,11650.0,11891.0,11513.0,11652.0,11743.0,11510.0,5477,64104159.0,2078
2026-05-21,INE271B01025,MAHSEAMLES,EQ,642.0,653.9,636.1,638.8,637.25,640.7,69647,44922836.15,5921
2026-05-21,INE263W01010,MAHESHWARI,EQ,55.0,55.95,54.28,55.03,54.58,55.79,1378,76148.8,70
2026-05-21,INE961Y01015,MAHICKRA,ST,245.0,245.0,232.9,232.9,232.9,245.0,6750,1585350.0,9
2026-05-21,INE101A01026,M&M,EQ,3147.0,3157.7,3079.8,3099.0,3099.0,3122.2,1877207,5831061425.9,97804
2026-05-21,INE215D01010,MAHEPC,EQ,121.0,121.0,118.07,119.14,118.51,119.14,13434,1602318.5,400
2026-05-21,INE998I01010,MHRIL,EQ,220.75,222.42,218.65,219.32,219.82,220.72,193333,42538009.41,10416
2026-05-21,INE813A01018,MAHLIFE,EQ,330.85,334.95,328.65,333.6,334.9,326.7,91755,30496194.1,4466
2026-05-21,INE766P01016,MAHLOG,EQ,356.45,359.5,347.0,355.85,359.5,354.5,183722,65174562.8,6184
2026-05-21,INE683C01011,MAITHANALL,EQ,965.0,974.95,948.5,952.5,954.0,961.65,39002,37290439.55,2588
2026-05-21,INE0PLQ01011,MAITREYA,SM,174.95,174.95,172.0,172.0,172.0,174.5,800,138780.0,2
2026-05-21,INE201B01022,MAJESAUT,EQ,312.0,321.0,310.0,319.35,319.95,304.3,3975,1260643.95,180
2026-05-21,INE389C01015,MALLCOM,EQ,1034.0,1035.0,1011.0,1023.8,1011.0,1032.7,1278,1312046.8,290
2026-05-21,INE383H01017,MALUPAPER,EQ,32.7,33.2,31.9,32.03,32.15,32.12,6808,219143.3,80
2026-05-21,INE0TO701015,MAMATA,EQ,406.0,410.65,401.55,405.55,402.0,400.8,31253,12697261.75,1962
2026-05-21,INE830Q01018,MANAKCOAT,EQ,99.6,101.84,98.78,100.06,99.2,99.57,174391,17503892.95,1764
2026-05-21,INE993A01026,MANINDS,EQ,600.0,606.4,533.3,562.35,564.0,592.55,3251897,1827074609.1,48804
2026-05-21,INE949H01023,MANINFRA,EQ,120.58,124.0,117.56,118.19,118.0,119.82,1284589,153346733.07,5804
2026-05-21,INE859Q01017,MANAKALUCO,EQ,34.45,34.45,33.23,33.9,33.93,33.25,49839,1689261.91,542
2026-05-21,INE015D01022,MANAKSIA,EQ,59.4,60.89,58.2,58.54,58.5,59.2,10319,608693.78,179
2026-05-21,INE824Q01011,MANAKSTEEL,BE,64.98,66.5,62.66,66.22,66.29,64.07,15698,1025930.07,119
2026-05-21,INE201A01024,MANALIPETC,EQ,58.0,58.0,55.0,55.52,55.65,56.38,228457,12825595.52,1759
2026-05-21,INE522D01027,MANAPPURAM,EQ,322.8,324.45,318.05,322.4,323.5,319.15,7531083,2421458326.35,43960
2026-05-21,INE0U4H01011,MPEL,SM,47.0,47.0,47.0,47.0,47.0,47.95,4800,225600.0,2
2026-05-21,INE939X01013,MANBA,EQ,108.1,108.53,105.25,106.39,106.45,106.51,33591,3586182.29,421
2026-05-21,INE545L01039,MANCREDIT,EQ,171.0,171.3,167.1,168.05,167.23,169.57,53451,8983201.69,245
2026-05-21,INE0PKD01011,MEIL,BE,322.0,328.0,319.2,323.3,324.0,320.55,28463,9241720.7,428
2026-05-21,INE00C401011,MAL,SM,39.05,39.05,39.05,39.05,39.05,37.2,1600,62480.0,1
2026-05-21,INE347A01017,MANGLMCEM,EQ,803.5,851.0,789.8,836.55,846.0,798.7,412044,342534708.9,7199
2026-05-21,INE584F01014,MANGALAM,BE,31.49,31.49,29.5,30.51,30.5,30.76,35619,1080217.3,128
2026-05-21,INE0APB01032,MGEL,EQ,13.35,13.4,13.02,13.08,13.04,13.11,141412,1868773.18,1064
2026-05-21,INE370D01013,MANORG,BE,573.6,592.0,565.0,569.45,570.0,570.75,7449,4301179.65,129
2026-05-21,INE0JYY01011,MWL,EQ,377.0,377.0,362.3,369.0,370.0,374.1,127057,47009989.7,1228
2026-05-21,INE0R3101011,MIEL,SM,15.25,15.25,15.25,15.25,15.25,15.2,2000,30500.0,1
2026-05-21,INE1ERK01013,MANILAM,SM,61.75,62.9,61.75,62.1,62.9,62.0,8000,496900.0,4
2026-05-21,INE634S01028,MANKIND,EQ,2613.0,2638.6,2497.7,2514.1,2519.3,2583.9,1813187,4612962905.8,86474
2026-05-21,INE0KNT01012,MVGJL,EQ,168.7,173.19,166.0,170.04,169.0,164.76,101291,17337179.54,1820
2026-05-21,INE784W01015,MANOMAY,EQ,177.02,183.0,177.02,180.78,179.01,177.72,15295,2749919.2,318
2026-05-21,INE00VM01036,MANORAMA,EQ,1399.3,1414.0,1360.1,1368.2,1374.9,1386.3,124303,171493516.1,11729
2026-05-21,INE867A01022,MANUGRAPH,EQ,16.3,16.3,16.0,16.3,16.3,14.82,78653,1281389.78,310
2026-05-21,INE882A01013,MARALOVER,BE,56.5,57.07,56.25,57.07,57.07,54.36,12443,706189.08,96
2026-05-21,INE182D01020,MARATHON,EQ,499.8,499.8,486.05,487.65,486.05,495.3,43813,21475857.05,765
2026-05-21,INE0TD401015,MARC,ST,88.2,88.2,88.2,88.2,88.2,90.9,1200,105840.0,1
2026-05-21,INE0QP001012,MARCO,SM,35.45,35.45,35.45,35.45,35.45,35.4,3000,106350.0,2
2026-05-21,INE196A01026,MARICO,EQ,843.85,845.85,829.85,831.85,834.0,838.45,1305803,1088289940.75,39853
2026-05-21,INE01JE01028,MARINE,EQ,228.4,239.78,228.4,232.37,232.5,224.65,865734,202954279.5,10254
2026-05-21,INE0FW001016,MARKOLINES,EQ,162.51,164.43,161.51,162.25,162.88,162.02,236132,38522435.54,1818
2026-05-21,INE750C01026,MARKSANS,EQ,219.98,221.27,214.37,216.17,217.4,217.42,1016639,220561145.59,16725
2026-05-21,INE415B01044,MARSONS,EQ,151.8,155.9,151.25,151.81,152.0,150.8,1308820,201254680.36,9585
2026-05-21,INE585B01010,MARUTI,EQ,13103.0,13150.0,12933.0,13010.0,12995.0,13003.0,213095,2775625784.0,38947
2026-05-21,INE575Z01010,MDL,SM,50.0,50.15,49.9,49.9,49.9,50.0,13000,650050.0,4
2026-05-21,INE348L01012,MASFIN,EQ,314.95,314.95,305.0,306.0,306.0,309.7,107343,33163138.15,4560
2026-05-21,INE885F01015,MASKINVEST,BE,148.99,150.59,148.99,149.12,149.1,148.99,500,74582.6,12
2026-05-21,INE0SH001010,MASON,SM,132.0,132.0,123.35,126.0,125.5,132.0,22000,2771250.0,27
2026-05-21,INE759A01021,MASTEK,EQ,1625.0,1657.1,1616.3,1642.0,1638.3,1619.3,43232,70762772.0,4440
2026-05-21,INE677D01037,MASTERTR,EQ,92.52,94.75,92.52,93.66,93.99,92.69,123178,11525798.87,1231
2026-05-21,INE866R01028,MATRIMONY,EQ,422.8,426.85,415.0,417.4,419.0,422.05,38977,16366307.8,433
2026-05-21,INE132901013,MGSL,SM,75.0,78.0,74.5,75.0,75.0,77.4,20400,1552740.0,17
2026-05-21,INE636A01039,MAWANASUG,BE,103.0,105.9,101.0,101.5,101.98,103.0,33881,3466523.63,212
2026-05-21,INE03EI01018,MAXESTATES,EQ,413.0,413.0,407.8,410.45,411.55,406.0,14865,6104062.0,856
2026-05-21,INE180A01020,MFSL,EQ,1632.4,1648.7,1602.3,1626.0,1634.3,1625.4,446480,723968254.1,34220
2026-05-21,INE027H01010,MAXHEALTH,EQ,1086.9,1111.0,1079.05,1091.1,1093.15,1075.7,2764467,3031429157.5,109655
2026-05-21,INE0CG601016,MAXIND,EQ,155.2,162.85,155.2,157.59,159.5,155.46,43776,6976000.35,2542
2026-05-21,INE0ECC01022,MAXPOSURE,SM,37.65,37.65,37.65,37.65,37.65,39.0,1000,37650.0,1
2026-05-21,INE10A501018,MAXVOLT,ST,413.25,433.9,413.25,433.9,433.9,413.25,42000,18136300.0,88
2026-05-21,INE040D01038,MAYURUNIQ,EQ,718.0,738.3,670.1,677.0,683.0,692.25,1450111,1024671363.85,40504
2026-05-21,INE249Z01020,MAZDOCK,EQ,2452.0,2496.0,2441.3,2454.8,2454.8,2437.8,825634,2040943522.3,33515
2026-05-21,INE885E01042,MAZDA,EQ,207.0,207.0,197.0,199.73,197.86,198.64,15704,3134864.79,274
2026-05-21,INE912H01013,MBLINFRA,EQ,25.45,25.45,24.5,25.08,24.55,24.56,19134,478006.65,122
2026-05-21,INE942G01012,MCLEODRUSS,BE,71.05,73.8,71.05,71.05,71.05,72.5,987426,70801637.0,739
2026-05-21,INE0O4M01019,MCON,SM,45.0,45.0,42.65,44.85,45.0,44.85,15000,664300.0,14
2026-05-21,INE456Z01021,MEDIASSIST,EQ,379.6,384.8,370.35,374.05,377.0,375.15,67497,25439753.9,4001
2026-05-21,INE200D01020,MMWL,BE,14.87,14.87,13.66,14.0,14.01,14.33,13400,191307.37,56
2026-05-21,INE646B01010,MEDICAMEQ,EQ,277.0,281.6,264.15,266.85,265.35,274.45,13292,3625074.75,555
2026-05-21,INE0PE401018,MEDIORG,SM,27.0,27.0,27.0,27.0,27.0,27.0,6000,162000.0,3
2026-05-21,INE630Y01024,MEDICO,EQ,46.6,48.0,45.0,47.12,46.53,45.96,367903,16908411.34,1042
2026-05-21,INE0UOY01019,MEDISTEP,SM,18.2,21.0,18.0,21.0,21.0,18.0,18000,334050.0,5
2026-05-21,INE804L01022,MEDPLUS,EQ,975.0,1022.2,941.2,953.9,950.3,910.8,2058973,2024783327.55,93262
2026-05-21,INE0VDM01015,MEESHO,EQ,195.0,201.99,191.0,192.49,191.89,193.95,17069953,3364316564.02,90317
2026-05-21,INE0G1D01014,MEGAFLEX,ST,133.6,133.6,133.6,133.6,133.6,140.6,2000,267200.0,2
2026-05-21,INE00EM01016,MEGASTAR,EQ,317.75,318.3,300.15,308.85,308.0,314.3,106651,32639226.95,1875
2026-05-21,INE531R01010,MEGATHERM,SM,250.0,250.0,243.0,243.0,243.0,250.7,6400,1575540.0,11
2026-05-21,INE0CT101020,MOL,EQ,49.01,50.56,48.61,48.87,48.98,48.98,874514,43102764.18,9254
2026-05-21,INE071D01033,MENONBE,EQ,152.0,152.78,146.52,148.65,148.15,150.61,183946,27316501.39,3198
2026-05-21,INE650G01029,MENNPIS,EQ,61.11,61.86,59.13,60.03,60.9,59.79,18111,1098297.87,205
2026-05-21,INE776I01010,MEP,BZ,0.97,0.97,0.97,0.97,0.97,0.98,136775,132671.75,37
2026-05-21,INE689O01013,MERCANTILE,EQ,26.85,26.98,24.0,25.26,25.73,24.8,10606,271608.66,217
2026-05-21,INE317I01021,METROBRAND,EQ,1087.9,1128.1,1067.1,1108.0,1101.1,1042.8,294140,323720426.7,17393
2026-05-21,INE085D01033,METROGLOBL,EQ,125.1,131.5,118.66,130.31,130.0,131.0,251,32325.26,34
2026-05-21,INE112L01020,METROPOLIS,EQ,525.05,537.35,525.05,528.8,525.5,518.3,436186,231509449.05,15507
2026-05-21,INE287C01037,MICEL,EQ,44.0,45.05,43.02,43.32,43.3,43.48,1063730,46723921.31,3802
2026-05-21,INE0XAD01024,MIDWESTLTD,EQ,1336.0,1370.0,1325.6,1344.6,1360.0,1339.1,20934,28166589.9,1789
2026-05-21,INE842C01021,MINDACORP,EQ,519.8,549.65,515.5,536.85,534.0,517.4,657876,352246711.15,29083
2026-05-21,INE0CCU25019,MINDSPACE,RR,462.0,462.0,458.26,459.89,459.68,462.06,675720,311037083.35,10779
2026-05-21,INE110B01017,MINDTECK,EQ,207.0,210.9,199.21,200.86,201.5,206.77,90294,18477032.62,1754
2026-05-21,INF769K01KU7,ALPHAETF,EQ,25.79,26.08,25.6,25.62,25.66,25.67,566401,14593534.1,848
2026-05-21,INF769K01KR3,BANKETF,EQ,548.9,548.9,540.0,543.42,543.08,544.45,19951,10848498.52,493
2026-05-21,INF769K01LZ4,BANKPSU,EQ,81.32,81.48,80.52,80.95,80.69,80.57,260239,21062304.85,323
2026-05-21,INF769K01NS5,CONSUMER,EQ,10.98,10.98,10.88,10.93,10.91,10.85,129095,1411958.15,224
2026-05-21,INF769K01QC2,DEFENCE,EQ,75.27,76.24,74.86,75.45,75.26,74.41,234114,17671153.69,724
2026-05-21,INF769K01PY8,DIVIDEND,EQ,36.27,36.41,36.05,36.13,36.13,36.09,5476,198369.39,61
2026-05-21,INF769K01PR2,ENERGY,EQ,41.37,41.37,40.36,40.46,40.4,40.38,685900,27810308.69,1411
2026-05-21,INF769K01OA1,EQUAL200,EQ,13.42,13.44,13.33,13.37,13.38,13.33,66020,883432.42,70
2026-05-21,INF769K01OO2,EQUAL50,EQ,325.52,326.62,324.99,326.0,325.64,324.96,5900,1923309.31,13
2026-05-21,INF769K01LQ3,EVINDIA,EQ,30.33,30.33,29.97,30.08,30.04,29.91,228247,6869601.68,1124
2026-05-21,INF769K01QA6,HEALTHCARE,EQ,20.46,20.49,20.33,20.41,20.43,20.33,115793,2364172.34,171
2026-05-21,INF769K01QB4,INFRA,EQ,12.04,12.05,11.98,11.98,11.99,11.88,27167,326251.0,131
2026-05-21,INF769K01PB6,INTERNET,EQ,12.29,12.32,12.15,12.18,12.15,12.2,60685,743943.64,134
2026-05-21,INF769K01KV5,ITETF,EQ,30.83,30.88,30.52,30.56,30.52,30.73,320859,9838278.39,688
2026-05-21,INF769K01KS1,LIQUID,EQ,999.99,1000.0,999.99,999.99,1000.0,999.99,79733,79732483.37,147
2026-05-21,INF769K01MY5,LIQUIDPLUS,EQ,1086.18,1086.2,1086.18,1086.19,1086.2,1086.05,208644,226626997.57,235
2026-05-21,INF769K01GS9,ESG,EQ,40.53,40.55,40.22,40.3,40.3,40.34,3815,154072.39,81
2026-05-21,INF769K01HF4,MAFANG,EQ,192.61,192.61,192.61,192.61,192.61,193.95,91855,17692191.55,573
2026-05-21,INF769K01HI8,BFSI,EQ,26.36,26.4,26.03,26.13,26.14,26.19,189982,4981075.89,704
2026-05-21,INF769K01JP9,GOLDETF,EQ,153.41,153.94,153.13,153.51,153.44,152.91,1312312,201517207.26,7383
2026-05-21,INF769K01KF8,GSEC10YEAR,EQ,29.56,29.7,29.4,29.4,29.4,29.42,3286,96755.83,18
2026-05-21,INF769K01HS7,MAHKTECH,EQ,24.07,24.07,24.07,24.07,24.07,23.97,145125,3493158.75,260
2026-05-21,INF769K01IC9,MIDCAPETF,EQ,23.12,23.12,22.89,22.95,22.95,22.89,1764086,40605896.65,7224
2026-05-21,INF769K01IB1,MAKEINDIA,EQ,160.66,160.78,159.78,159.92,159.79,159.51,11498,1844264.82,265
2026-05-21,INF769K01EG9,NIFTYETF,EQ,257.89,257.89,255.01,255.43,255.99,255.81,149081,38165174.12,1351
2026-05-21,INF769K01JU9,LOWVOL,EQ,200.71,201.46,200.59,200.68,200.68,200.63,791,158883.93,12
2026-05-21,INF769K01FN2,NEXT50,EQ,720.74,721.44,715.21,716.0,715.21,715.02,11156,8009440.02,676
2026-05-21,INF769K01KG6,SILVERAG,EQ,257.46,257.72,254.67,256.97,256.2,257.07,334193,85803477.11,5782
2026-05-21,INF769K01HP3,MASPTOP50,EQ,81.63,81.63,81.63,81.63,81.63,82.24,125346,10231993.98,223
2026-05-21,INF769K01LY7,METAL,EQ,13.54,13.54,13.25,13.29,13.3,13.27,2666815,35520615.34,4901
2026-05-21,INF769K01LJ8,MIDSMALL,EQ,51.39,51.39,50.7,50.79,50.79,50.84,561807,28664875.91,3420
2026-05-21,INF769K01LX9,MULTICAP,EQ,16.1,16.15,16.01,16.04,16.02,15.98,252551,4061212.27,350
2026-05-21,INF769K01ON4,SELECTIPO,EQ,43.3,43.4,43.07,43.07,43.17,43.07,5413,233732.16,65
2026-05-21,INF769K01KT9,SENSEXETF,EQ,77.71,77.74,77.0,77.16,77.2,77.33,13309,1030613.37,233
2026-05-21,INF769K01PQ4,SMALL250,EQ,16.84,16.88,16.78,16.81,16.8,16.69,226594,3812953.55,514
2026-05-21,INF769K01LC3,SMALLCAP,EQ,45.06,45.46,44.98,45.19,45.22,44.87,1220327,55221577.28,2571
2026-05-21,INF769K01PZ5,TOP20,EQ,8.58,8.58,8.48,8.49,8.5,8.53,22948,195640.26,165
2026-05-21,INF769K01QV2,VALUE,EQ,16.67,16.7,16.56,16.6,16.6,16.52,87703,1457170.33,119
2026-05-21,INE831A01028,MIRCELECTR,BE,36.8,39.2,36.25,38.61,38.7,37.87,1288106,48848058.41,2089
2026-05-21,INE771A01026,MIRZAINT,EQ,29.5,30.6,29.5,30.14,30.16,29.39,97106,2903376.2,907
2026-05-21,INE099Z01011,MIDHANI,EQ,405.0,416.9,399.0,402.35,401.15,398.65,916469,373294025.9,25047
2026-05-21,INE828O01033,MITCON,EQ,78.04,79.0,77.37,77.65,79.0,78.01,3985,312170.4,48
2026-05-21,INE997Y01027,MITTAL,EQ,1.04,1.05,1.0,1.01,1.02,0.99,2365563,2424826.39,789
2026-05-21,INE227C01017,MMFL,EQ,455.0,480.6,453.05,458.7,462.0,453.0,271421,126885658.8,12279
2026-05-21,INE511Y01018,MMP,EQ,288.0,290.0,282.04,284.53,283.0,287.77,30363,8672851.19,919
2026-05-21,INE123F01029,MMTC,EQ,64.13,64.84,63.7,64.02,63.8,63.93,1230889,79009267.8,7662
2026-05-21,INE1YNB01019,MOBILISE,ST,110.25,110.45,110.25,110.45,110.45,105.2,14400,1589760.0,8
2026-05-21,INE794W01014,MODTHREAD,EQ,45.39,45.4,43.5,43.63,43.51,43.29,1134,50159.02,39
2026-05-21,INE537F01012,MODINATUR,EQ,407.8,486.05,407.8,484.75,486.05,405.05,164376,76887864.3,7398
2026-05-21,INE832A01018,MODIRUBBER,EQ,127.08,133.34,127.08,130.58,132.34,128.65,3862,502519.35,469
2026-05-21,INE0L0L01012,MODIS,EQ,354.85,354.85,343.3,346.0,347.0,348.8,6044,2098975.35,243
2026-05-21,INE737D01021,MODISONLTD,EQ,175.45,178.5,171.0,175.71,174.55,172.18,133543,23364449.3,2105
2026-05-21,INE450S01011,MHHL,SM,39.0,39.0,39.0,39.0,39.0,40.0,1500,58500.0,1
2026-05-21,INE954E01012,MOHITIND,EQ,23.15,24.39,22.6,23.69,23.69,23.15,3482,80652.75,60
2026-05-21,INE490G01020,MOIL,EQ,301.8,307.5,296.9,298.35,297.85,298.8,532555,160943260.55,13401
2026-05-21,INE514Y01020,MOKSH,EQ,12.15,12.58,12.05,12.11,12.08,12.35,55469,686461.43,1480
2026-05-21,INE893J01029,MOLDTKPAC,EQ,676.9,693.0,672.1,686.1,687.0,671.85,78829,53832725.15,5041
2026-05-21,INE835B01035,MOLDTECH,EQ,120.07,123.99,120.07,121.08,121.05,120.75,22601,2745592.18,400
2026-05-21,INE903D01011,MONARCH,EQ,313.0,322.0,311.55,315.65,315.9,311.65,103978,33051035.4,2724
2026-05-21,INE296Q01012,MONEYBOXX,EQ,73.5,73.6,68.31,70.33,71.0,70.55,29961,2098777.17,405
2026-05-21,INE1DV401010,MONOLITH,SM,574.0,579.5,545.0,546.65,546.5,567.65,22750,12694350.0,79
2026-05-21,INE950M01013,MONTECARLO,EQ,574.55,574.55,558.05,561.05,563.0,563.65,27938,15734796.6,1737
2026-05-21,INE161G01027,MORARJEE,BZ,10.09,10.16,9.26,9.99,10.16,9.68,53327,532266.34,84
2026-05-21,INE083A01026,MOREPENLAB,EQ,43.44,43.76,42.82,42.98,42.9,42.52,2235567,96666856.54,8750
2026-05-21,INE0N7S01028,MOS,SM,12.85,12.85,12.4,12.65,12.45,13.0,92000,1163000.0,14
2026-05-21,INE935B01025,MOSCHIP,EQ,209.0,209.0,200.1,201.55,200.7,210.19,2742900,558372010.21,26290
2026-05-21,INE0FS801015,MSUMI,EQ,39.9,40.45,39.5,39.9,40.05,39.72,3744828,150002326.96,19555
2026-05-21,INF247L01023,MOM100,EQ,66.9,66.9,65.89,65.94,65.91,66.0,389416,25771627.77,2264
2026-05-21,INF247L01AP3,MON100,EQ,325.74,325.74,325.74,325.74,325.74,327.09,368534,120046265.16,1898
2026-05-21,INE338I01027,MOTILALOFS,EQ,852.95,865.35,835.85,843.2,841.95,846.45,900029,766387653.35,26317
2026-05-21,INF247L01536,MOM50,EQ,251.2,251.2,245.63,246.49,246.84,246.27,1518,374930.93,81
2026-05-21,INF247L01AK4,MOGSEC,EQ,63.56,63.56,63.08,63.34,63.2,63.28,5102,322502.66,86
2026-05-21,INF247L01FR8,MOALPHA50,EQ,52.39,53.1,51.73,52.11,51.75,52.52,4465,231983.89,64
2026-05-21,INF247L01GV8,MOBANK10,EQ,15.98,15.99,15.94,15.96,15.97,15.98,10384,165633.62,18
2026-05-21,INF247L01EV3,MOCAPITAL,EQ,56.24,57.02,55.78,56.02,56.05,56.17,1073470,60601206.09,3292
2026-05-21,INF247L01DJ0,MODEFENCE,EQ,100.77,101.28,99.4,100.18,100.39,98.9,2837902,284938525.5,8544
2026-05-21,INF247L01GH7,MOENERGY,EQ,40.85,40.85,40.0,40.42,40.49,40.34,362889,14711109.46,946
2026-05-21,INF247L01FY4,MOGOLD,EQ,156.15,157.0,155.7,156.35,156.1,155.3,15038,2351272.5,348
2026-05-21,INF247L01BB1,MOHEALTH,EQ,48.37,48.94,48.33,48.49,48.43,48.13,70790,3432407.61,633
2026-05-21,INF247L01FL1,MOINFRA,EQ,62.7,63.19,62.67,62.67,62.75,62.15,4531,284758.74,39
2026-05-21,INF247L01GI5,MOIPO,EQ,43.33,43.46,43.06,43.08,43.08,43.2,8235,354819.61,13
2026-05-21,INF247L01BL0,MOLOWVOL,EQ,36.52,36.6,36.35,36.5,36.5,36.34,539,19652.54,33
2026-05-21,INF247L01DK8,MOMENTUM50,EQ,52.59,52.77,51.6,52.02,52.2,52.15,270441,14142562.11,1463
2026-05-21,INF247L01FK3,MOMGF,EQ,157.24,157.81,156.92,157.58,157.58,156.46,682,107465.06,9
2026-05-21,INF247L01FQ0,MOMIDMTM,EQ,64.6,64.6,62.9,63.14,62.9,63.48,67402,4284143.41,253
2026-05-21,INF247L01GK1,MOMNC,EQ,31.82,31.82,31.8,31.8,31.8,31.82,85,2703.32,3
2026-05-21,INF247L01BK2,MOMOMENTUM,EQ,60.8,62.06,60.8,60.96,61.13,60.91,26484,1620072.28,358
2026-05-21,INF247L01FC0,MON50EQUAL,EQ,32.76,32.84,32.68,32.76,32.76,32.6,197,6453.36,17
2026-05-21,INF247L01FD8,MONEXT50,EQ,69.75,69.75,69.28,69.28,69.28,69.24,4152,288135.0,32
2026-05-21,INF247L01GG9,MONIFTY100,EQ,24.72,25.38,24.23,24.66,24.71,24.72,18885,467806.89,82
2026-05-21,INF247L01BU1,MONIFTY500,EQ,23.28,23.28,22.86,22.97,23.03,22.99,242472,5598732.1,1572
2026-05-21,INF247L01AU3,MONQ50,EQ,131.08,131.08,131.08,131.08,131.08,131.2,32214,4222611.12,176
2026-05-21,INF247L01FO5,MOPSE,EQ,106.0,106.78,105.7,105.96,105.96,105.15,1881,199496.88,14
2026-05-21,INF247L01BH8,MOQUALITY,EQ,202.17,202.82,201.0,201.15,201.58,200.58,1648,332175.73,30
2026-05-21,INF247L01CI4,MOREALTY,EQ,77.1,77.89,77.0,77.4,77.2,76.62,298810,23145968.58,1674
2026-05-21,INF247L01GJ3,MOSERVICE,EQ,29.93,30.59,29.68,29.84,30.59,29.93,1382,41255.47,29
2026-05-21,INF247L01FZ1,MOSILVER,EQ,261.27,262.13,258.63,259.4,258.63,260.54,19894,5189945.47,816
2026-05-21,INF247L01CH6,MOSMALL250,EQ,16.81,16.95,16.75,16.84,16.86,16.74,1007744,16991811.54,2359
2026-05-21,INF247L01FP2,MOTOUR,EQ,72.2,72.63,72.04,72.36,72.32,72.14,8412,608404.08,112
2026-05-21,INF247L01BE5,MOVALUE,EQ,115.89,116.66,115.3,115.73,115.36,115.29,37713,4380561.5,614
2026-05-21,INE0FRK01020,MOTISONS,EQ,11.9,12.24,11.88,11.99,11.96,11.89,1103372,13255375.06,2352
2026-05-21,INE861B01023,MOTOGENFIN,EQ,25.49,25.49,24.0,24.55,24.55,24.66,4649,113251.13,53
2026-05-21,INE0XM301010,MMEL,ST,36.6,36.6,36.6,36.6,36.6,34.9,6000,219600.0,3
2026-05-21,INE356A01018,MPHASIS,EQ,2241.0,2256.7,2215.6,2227.6,2218.2,2228.0,209269,467588518.4,19273
2026-05-21,INE943D01017,MPSLTD,EQ,1835.9,1847.9,1770.0,1782.5,1777.0,1835.8,12299,22190306.9,1512
2026-05-21,INE883A01011,MRF,EQ,127660.0,127990.0,125630.0,126070.0,125935.0,127125.0,5263,667724395.0,3917
2026-05-21,INE103A01014,MRPL,EQ,150.5,152.8,148.7,150.17,150.12,148.13,4607443,695443896.83,34687
2026-05-21,INE495P01020,BECTORFOOD,EQ,181.5,186.02,178.0,178.59,179.06,178.57,2342456,422914683.78,17626
2026-05-21,INE752G01015,MSPL,EQ,41.25,43.11,41.25,43.07,43.11,41.06,3208619,136976525.18,5374
2026-05-21,INE255X01014,MSTCLTD,EQ,423.3,430.45,421.5,426.25,424.15,419.1,82559,35153898.3,3211
2026-05-21,INE472M01018,MTEDUCARE,BE,1.61,1.74,1.61,1.62,1.61,1.69,28592,46879.59,39
2026-05-21,INE864I01014,MTARTECH,EQ,7531.0,8025.0,7370.0,7947.5,7950.0,7457.0,4822435,37682345224.0,408635
2026-05-21,INE08KJ01020,MUFIN,EQ,122.65,123.0,120.5,121.89,121.6,121.02,2772657,337974925.61,9338
2026-05-21,INE304A01026,MUKANDLTD,EQ,142.7,145.0,140.5,140.9,141.45,141.03,186516,26604345.69,2601
2026-05-21,INE0CG401037,MUKKA,EQ,22.71,23.13,22.55,22.67,22.65,22.69,176114,4018033.67,850
2026-05-21,INE374B01019,MUKTAARTS,EQ,52.01,60.7,52.0,59.52,59.6,52.0,28062,1623448.57,407
2026-05-21,INE745G01043,MCX,EQ,3470.0,3480.0,3308.0,3322.8,3316.0,3441.7,3460281,11670256373.2,156906
2026-05-21,INE1K8Y01018,MUNISH,ST,72.0,72.0,72.0,72.0,72.0,71.85,1200,86400.0,1
2026-05-21,INE672B01032,MUNJALAU,EQ,88.99,90.5,87.5,88.09,88.35,87.79,156233,13868465.93,2086
2026-05-21,INE577A01027,MUNJALSHOW,EQ,132.85,135.85,132.85,134.89,135.0,133.87,18533,2496754.88,463
2026-05-21,INE692B01014,MURUDCERA,EQ,33.55,34.15,32.8,33.68,34.15,33.65,21125,709160.0,319
2026-05-21,INE919I01024,RADIOCITY,EQ,6.07,6.22,6.04,6.12,6.12,6.1,8376,51509.48,62
2026-05-21,INE296G01013,MUTHOOTCAP,EQ,204.0,207.62,198.0,198.62,198.54,203.5,17847,3589798.27,497
2026-05-21,INE414G01012,MUTHOOTFIN,EQ,3331.0,3348.2,3267.0,3272.7,3273.5,3309.3,512509,1688552384.8,31257
2026-05-21,INE046W01019,MUTHOOTMF,EQ,184.9,184.9,180.0,181.33,181.49,179.61,164113,29907369.45,3398
2026-05-21,INE0RVQ01016,MYMUDRA,SM,72.1,74.45,72.05,72.7,72.5,74.85,68400,4932960.0,8
2026-05-21,INE740D01017,NRAIL,EQ,480.0,480.0,453.4,459.9,453.5,460.0,856,395264.5,116
2026-05-21,INE104101014,NRVANDANA,SM,61.0,69.9,59.45,69.0,69.0,60.0,774000,48082950.0,166
2026-05-21,INE365I01020,NBIFIN,EQ,1885.5,1915.0,1855.0,1861.2,1855.0,1876.2,354,669241.2,37
2026-05-21,INE295D01020,NACLIND,EQ,164.39,167.79,162.74,164.0,162.74,161.71,162611,26910531.0,2520
2026-05-21,INE756C01015,NDGL,EQ,2599.4,2600.0,2526.0,2579.7,2600.0,2510.6,40,102738.0,19
2026-05-21,INE454M01024,NAGAFERT,BZ,3.85,3.85,3.59,3.75,3.75,3.77,189476,704105.25,314
2026-05-21,INE245I01016,NAGREEKCAP,BE,28.0,29.49,27.4,29.16,29.4,28.43,7132,202798.3,42
2026-05-21,INE123B01028,NAGREEKEXP,EQ,25.56,27.0,25.56,26.16,26.16,26.38,5255,138345.5,53
2026-05-21,INE049I01012,NAHARCAP,EQ,249.7,257.8,249.6,251.3,251.1,248.9,6711,1696928.55,495
2026-05-21,INE289A01011,NAHARINDUS,EQ,111.59,113.37,108.42,110.72,110.9,108.23,11895,1327812.51,339
2026-05-21,INE308A01027,NAHARPOLY,EQ,249.1,268.0,249.1,253.4,253.65,249.0,27550,7110746.1,1503
2026-05-21,INE290A01027,NAHARSPING,BE,263.16,263.16,263.16,263.16,263.16,258.0,4348,1144219.68,37
2026-05-21,INE236Y01012,NGIL,BE,39.9,40.5,38.01,38.03,38.02,39.2,6454,251074.58,41
2026-05-21,INE023A01030,NSIL,EQ,5490.0,5624.5,5490.0,5553.0,5580.0,5479.5,1558,8653420.0,425
2026-05-21,INE0RJM01010,NAMAN,SM,49.05,50.45,48.0,50.45,50.45,49.05,16800,809240.0,14
2026-05-21,INE08NZ01012,NAMOEWASTE,SM,226.35,234.15,181.1,194.8,187.5,226.35,292000,59841640.0,312
2026-05-21,INE875G01048,NDL,EQ,2.62,2.68,2.61,2.62,2.65,2.64,854556,2255369.11,1009
2026-05-21,INE696V01013,JAIPURKURT,EQ,29.5,30.85,29.07,29.25,29.11,29.5,18188,542064.32,245
2026-05-21,INE410P01011,NH,EQ,1921.8,1938.8,1892.6,1930.9,1926.0,1902.4,394613,758286519.7,27243
2026-05-21,INE117Z01011,NARMADA,EQ,34.9,36.1,34.75,35.8,35.5,34.95,555195,19654031.54,1234
2026-05-21,INE987B01026,NATCOPHARM,EQ,1170.0,1192.5,1149.9,1174.3,1175.0,1156.3,544230,637885572.7,29673
2026-05-21,INE448G01010,NATHBIOGEN,EQ,168.54,176.02,166.92,170.53,170.5,166.88,129936,22314715.85,4223
2026-05-21,INE139A01034,NATIONALUM,EQ,407.0,410.95,404.35,406.4,406.5,402.4,5309235,2159932786.6,65037
2026-05-21,INE870D01012,NFL,EQ,75.42,76.48,74.54,74.93,74.98,74.78,900561,67944322.28,5279
2026-05-21,INE0H7R23014,NHIT,IV,162.0,162.0,162.0,162.0,162.0,160.1,25000,4050000.0,1
2026-05-21,INE166R01015,NATIONSTD,EQ,1160.0,1200.0,1135.0,1167.3,1199.0,1123.7,207,241064.7,52
2026-05-21,INE936B01015,NATCAPSUQ,EQ,152.5,162.45,150.5,151.72,151.75,154.38,4579,699125.28,144
2026-05-21,INE725A01030,NAVA,EQ,631.0,632.75,606.0,608.25,607.2,627.35,424327,261177405.75,10881
2026-05-21,INE048G01026,NAVINFLUOR,EQ,7090.0,7229.0,7075.5,7118.5,7080.5,7046.5,167825,1200073696.0,27398
2026-05-21,INE278M01019,NAVKARCORP,EQ,96.03,97.0,94.7,95.4,95.89,95.48,270637,25896906.26,2789
2026-05-21,INE268H01044,NAVKARURB,EQ,0.8,0.83,0.79,0.81,0.82,0.8,1137468,920544.77,268
2026-05-21,INE060A01024,NAVNETEDUL,EQ,142.05,150.9,142.05,146.88,147.2,141.79,918725,135760096.54,10358
2026-05-21,INE418L01047,NAZARA,EQ,293.8,294.0,283.8,285.2,284.95,291.05,1563302,449211900.85,14298
2026-05-21,INE095N01031,NBCC,EQ,94.0,94.62,92.8,93.07,93.09,93.01,5505477,515502917.36,22019
2026-05-21,INE868B01028,NCC,EQ,148.0,151.14,146.8,147.27,146.9,146.67,1939761,289325824.68,16776
2026-05-21,INE732C01016,NCLIND,EQ,168.49,172.45,168.49,171.52,171.75,168.19,40069,6845202.28,947
2026-05-21,INE353A01023,NDLVENTURE,EQ,131.04,133.5,126.26,127.2,127.0,131.04,23304,2995374.71,455
2026-05-21,INE07OG01012,NDRAUTO,EQ,815.55,827.6,800.0,816.35,817.9,811.45,24024,19560628.3,1877
2026-05-21,INE155G01029,NDTV,EQ,76.66,78.08,76.66,77.31,77.0,76.58,310280,24018305.44,2820
2026-05-21,INE023H01027,NECLIFE,BE,12.4,12.55,12.1,12.21,12.13,12.27,90589,1116010.57,360
2026-05-21,INE605D01012,NEAGI,EQ,3320.0,3320.0,3200.0,3200.0,3200.0,3340.0,21,67334.2,5
2026-05-21,INE189I01024,NELCAST,EQ,135.0,139.85,133.5,135.08,133.5,134.7,195173,26747227.71,3331
2026-05-21,INE045B01015,NELCO,EQ,676.0,688.0,662.25,665.35,663.85,669.7,50122,33800291.5,2828
2026-05-21,INE21UM01018,NEOCHEM,SM,101.85,105.0,97.2,98.0,98.0,101.85,25200,2538540.0,21
2026-05-21,INE136S01016,NEOGEN,EQ,1717.8,1717.8,1673.7,1687.1,1690.0,1695.7,41669,70457979.0,5566
2026-05-21,INE0SUN01013,NEPHROCARE,SM,78.95,81.0,78.95,80.85,81.0,78.95,12400,998480.0,21
2026-05-21,INE428V01029,NEPHROPLUS,EQ,618.0,625.8,583.1,585.45,588.2,614.1,312211,186684927.55,17199
2026-05-21,INE156901014,NEPTUNE,SM,194.15,194.15,191.05,191.85,191.15,194.0,3500,673500.0,7
2026-05-21,INE317F01035,NESCO,EQ,1250.0,1283.0,1233.3,1236.0,1233.3,1247.9,19575,24426398.6,2258
2026-05-21,INE239A01024,NESTLEIND,EQ,1425.0,1430.9,1403.5,1406.5,1407.0,1420.1,2049251,2889731597.0,70038
2026-05-21,INE518X01015,CBAZAAR,SM,3.95,4.1,3.9,3.9,3.9,3.95,48000,194000.0,6
2026-05-21,INE0NT901020,NETWEB,EQ,3900.0,4044.0,3757.7,3813.2,3822.0,3841.7,1920283,7491780179.8,147718
2026-05-21,INE0FFK01017,NPST,EQ,1058.1,1080.4,1015.1,1035.9,1027.0,1059.8,12130,12733154.0,1239
2026-05-21,INE870H01013,NETWORK18,EQ,32.15,32.55,31.96,32.07,32.15,31.78,1687358,54327491.74,5637
2026-05-21,INE794A01010,NEULANDLAB,EQ,16730.0,16844.0,16387.0,16690.0,16718.0,16624.0,30074,500027807.0,8866
2026-05-21,INE619B01017,NEWGEN,EQ,455.0,455.0,445.25,447.15,446.0,450.3,557951,250168385.6,15138
2026-05-21,INE0PW501021,NEWJAISA,ST,22.9,23.0,22.9,23.0,23.0,22.1,10500,241125.0,6
2026-05-21,INE0TP801012,NMSTEEL,SM,24.0,24.0,24.0,24.0,24.0,24.0,1600,38400.0,1
2026-05-21,INE747B01016,NEXTMEDIA,EQ,4.13,4.48,4.02,4.05,4.14,4.11,25499,107274.51,120
2026-05-21,INE0NDH25011,NXST,RR,156.11,158.3,154.9,155.97,155.78,156.63,1083676,168412091.46,9893
2026-05-21,INE887E01022,NGLFINE,EQ,2450.0,2525.0,2405.0,2501.9,2525.0,2410.1,11247,27784525.2,1303
2026-05-21,INE557F07181,893NHB29,N6,5555.0,5555.0,5470.0,5495.0,5495.0,5500.0,23,125970.0,6
2026-05-21,INE848E01016,NHPC,EQ,79.75,80.49,78.75,79.0,78.84,79.5,10434287,831047255.88,28252
2026-05-21,INE149O01018,NIBE,EQ,1204.0,1409.5,1190.0,1290.4,1295.7,1174.6,1980696,2640741623.1,91799
2026-05-21,INE0J6L01013,NIDAN,SM,13.8,14.45,13.6,14.45,14.45,13.8,3000,41850.0,3
2026-05-21,INE342G01023,NIITMTS,EQ,234.75,234.75,223.15,224.8,224.9,231.5,588057,132861687.3,9608
2026-05-21,INE161A01038,NIITLTD,EQ,65.2,67.25,64.25,65.04,65.2,65.14,411946,27207275.02,3862
2026-05-21,INE0FLF01015,NIKITA,SM,78.3,81.4,73.7,74.6,75.0,77.9,82800,6405180.0,59
2026-05-21,INE937C01029,NILAINFRA,EQ,8.55,8.55,8.11,8.2,8.28,7.83,202458,1689275.17,969
2026-05-21,INE00S901012,NILASPACES,EQ,13.07,13.29,13.01,13.07,13.15,13.07,492033,6439147.0,944
2026-05-21,INE445D01013,NILE,EQ,1794.0,1848.0,1764.3,1771.9,1768.3,1784.8,2032,3644695.5,369
2026-05-21,INE310A01015,NILKAMAL,EQ,1249.9,1264.9,1230.4,1237.4,1245.0,1244.2,7464,9288710.1,581
2026-05-21,INE875B01015,NIMBSPROJ,EQ,212.4,222.37,212.4,220.22,222.37,211.79,114104,24887449.5,552
2026-05-21,INE395U01014,NINSYS,BE,616.0,631.0,594.5,624.4,630.0,617.25,5863,3620670.4,246
2026-05-21,INF204KB15I9,BANKBEES,EQ,557.01,559.53,548.85,552.4,552.85,553.13,1398195,772940697.3,15604
2026-05-21,INF204KA1LD7,CONSUMBEES,EQ,124.4,126.53,124.4,125.5,125.45,125.46,62062,7804767.83,800
2026-05-21,INF204KA1MS3,DIVOPPBEES,EQ,79.19,79.19,77.13,77.77,78.0,77.92,22972,1790950.01,622
2026-05-21,INF204KB18I3,NV20BEES,EQ,141.61,143.89,140.65,141.48,143.65,141.19,15463,2187249.53,212
2026-05-21,INF204KB17I5,GOLDBEES,EQ,132.8,132.8,130.25,130.74,130.65,130.2,18076252,2364900477.48,62763
2026-05-21,INF204KB19I1,HNGSNGBEES,EQ,550.17,550.17,528.0,532.06,532.9,536.76,156187,83258793.74,6134
2026-05-21,INF732E01268,INFRABEES,EQ,969.9,974.05,963.23,965.27,968.0,962.92,8067,7810256.12,558
2026-05-21,INF204KB15V2,ITBEES,EQ,32.0,32.7,31.9,32.08,32.14,32.28,6939444,223182594.53,15404
2026-05-21,INF732E01045,JUNIORBEES,EQ,756.3,756.3,748.15,749.58,748.15,747.49,259355,194987565.38,6668
2026-05-21,INF732E01037,LIQUIDBEES,EQ,999.99,1000.01,999.99,1000.0,1000.01,999.99,1745942,1745941780.81,3659
2026-05-21,INF204KB1882,LTGILTBEES,EQ,29.15,29.15,28.99,29.03,29.04,29.02,1407767,40864827.26,673
2026-05-21,INF204KB1V68,MID150BEES,EQ,234.75,234.75,232.03,232.4,232.78,231.93,882237,205463064.46,6255
2026-05-21,INF204K014N5,NIF100BEES,EQ,261.05,262.13,259.2,259.96,259.35,259.65,32432,8453637.04,499
2026-05-21,INF204KB14I2,NIFTYBEES,EQ,269.24,270.24,267.39,268.21,268.08,268.05,6183084,1660269310.02,41526
2026-05-21,INF204KB16I7,PSUBNKBEES,EQ,89.24,90.51,89.09,89.29,89.35,89.24,1948515,174784104.88,7805
2026-05-21,INF732E01128,SHARIABEES,EQ,468.84,469.99,466.0,467.29,466.0,468.84,3502,1637927.93,257
2026-05-21,INE298J01013,NAM-INDIA,EQ,1110.0,1125.0,1074.1,1078.8,1078.5,1103.0,920224,1006599410.5,43128
2026-05-21,INF204KC1FU1,LIQGRWBEES,EQ,1040.18,1040.2,1040.18,1040.19,1040.2,1040.05,22343,23240908.66,121
2026-05-21,INF204KC1GH6,MANUFGBEES,EQ,158.37,158.83,157.03,158.28,158.2,157.59,15904,2508668.91,58
2026-05-21,INF204KC1337,AUTOBEES,EQ,268.63,269.99,266.34,267.26,267.6,266.41,192133,51474364.55,2011
2026-05-21,INF204KC1089,PHARMABEES,EQ,24.86,25.79,24.86,25.49,25.54,25.5,6367349,162541734.92,9300
2026-05-21,INF204KC1402,SILVERBEES,EQ,253.27,253.7,250.26,251.97,251.9,252.66,20609317,5196317668.07,64760
2026-05-21,INF204KC1EZ3,SNXT30BEES,EQ,42.37,42.77,41.82,42.21,42.25,42.16,6017,255036.06,84
2026-05-21,INE368I01016,NIRAJ,BE,29.5,30.4,29.0,30.02,30.0,29.2,20957,626381.06,72
2026-05-21,INE326T01011,NIRAJISPAT,EQ,217.0,217.0,216.0,216.0,216.0,217.0,6,1300.59,4
2026-05-21,INE910A01012,NIRLON,EQ,610.2,614.9,610.0,612.5,613.8,607.25,3299,2019963.1,237
2026-05-21,INE0OK701014,NIRMAN,ST,48.8,50.2,47.45,48.1,49.0,48.8,5700,275115.0,11
2026-05-21,INE858F01012,NITCO,EQ,97.91,99.79,96.49,97.18,97.47,95.88,369967,36298526.96,4283
2026-05-21,INE229H01012,NITINSPIN,EQ,500.5,519.9,500.5,515.6,516.65,498.55,188106,96352726.4,6073
2026-05-21,INE439T01012,NITIRAJ,EQ,199.98,199.98,196.0,197.84,196.0,196.33,82,16161.98,14
2026-05-21,INE265B01019,NITTAGELA,EQ,1325.9,1351.0,1325.05,1348.85,1349.95,1319.15,7700,10316922.85,791
2026-05-21,INE995S01015,NIVABUPA,EQ,82.0,85.5,80.89,83.62,83.82,81.51,3956204,331431956.15,25327
2026-05-21,INE542C01019,NKIND,EQ,68.29,68.3,67.21,67.21,67.21,67.73,440,29853.4,6
2026-05-21,INE589A01014,NLCINDIA,EQ,357.3,363.85,348.65,350.5,351.1,354.65,3873134,1376049098.05,40590
2026-05-21,INE579F24065,805NMC30,N2,126.0,126.0,126.0,126.0,126.0,126.0,100,12600.0,1
2026-05-21,INE579F24057,805NMC32,N4,125.5,126.0,125.5,126.0,126.0,126.0,105,13180.0,2
2026-05-21,INE579F24107,805NMC36,N8,125.7,126.45,125.7,126.45,126.45,125.7,193,24329.85,2
2026-05-21,INE584A01023,NMDC,EQ,89.2,89.65,87.9,88.16,88.06,88.48,11605971,1029362048.04,45611
2026-05-21,INE0NNS01018,NSLNISP,EQ,43.45,45.5,43.45,44.37,44.45,43.21,7073066,315548033.91,25531
2026-05-21,INE163A01018,NOCIL,EQ,168.2,170.0,165.0,166.19,165.79,167.87,407818,67996394.12,9859
2026-05-21,INE781B01015,NOIDATOLL,EQ,6.59,6.76,6.47,6.76,6.76,6.15,393329,2635736.04,451
2026-05-21,INE369C01017,NORBTEAEXP,EQ,78.0,82.25,75.1,82.22,82.25,78.37,7927,640394.82,83
2026-05-21,INE553C01016,NECCLTD,EQ,15.44,15.44,15.23,15.39,15.44,15.17,30643,471270.65,123
2026-05-21,INE850M01015,NORTHARC,EQ,278.8,292.9,276.85,289.05,289.0,275.85,1489272,423088491.45,27249
2026-05-21,INE02H701025,NOVAAGRI,EQ,28.47,29.45,28.13,28.45,28.65,28.47,88268,2539693.36,1436
2026-05-21,INE234A01025,NOVARTIND,EQ,1335.0,1356.9,1287.0,1346.6,1327.0,1323.0,44109,58703450.5,3923
2026-05-21,INE349A01021,NRBBEARING,EQ,363.0,370.95,357.55,366.95,365.2,357.95,659966,240012205.15,9211
2026-05-21,INE047O01014,NIBL,EQ,30.5,31.48,30.3,30.66,30.45,30.68,35454,1088662.83,206
2026-05-21,INE0ONG01011,NTPCGREEN,EQ,106.1,106.95,105.0,105.38,105.49,105.93,3902812,413234085.45,29675
2026-05-21,INE733E01010,NTPC,EQ,393.5,395.55,387.85,388.8,388.55,392.45,10596954,4135367077.75,93293
2026-05-21,INE096B01018,NUCLEUS,EQ,800.0,897.0,787.05,864.7,859.0,794.65,609318,525401565.5,17181
2026-05-21,INE0JM501013,NRL,EQ,52.38,53.4,52.0,52.61,52.2,52.37,23617,1239926.87,419
2026-05-21,INE0DSF01015,NURECA,EQ,271.4,279.45,271.2,271.8,271.2,272.65,7730,2129305.25,316
2026-05-21,INE531F01023,NUVAMA,EQ,1495.0,1514.9,1474.0,1499.0,1487.0,1476.2,376993,566088990.2,21857
2026-05-21,INE118D01016,NUVOCO,EQ,315.05,330.9,313.25,328.95,329.0,314.7,762272,247548783.65,19117
2026-05-21,INE093I01010,OBEROIRLTY,EQ,1639.9,1682.2,1635.0,1654.4,1645.1,1626.7,403175,670744075.8,23127
2026-05-21,INE0YHV01011,OBSCP,SM,396.0,448.0,390.0,434.75,430.0,375.95,444000,184507520.0,871
2026-05-21,INE0PK601023,OCCLLTD,EQ,93.52,98.2,93.52,96.79,98.1,94.42,64388,6227883.55,696
2026-05-21,INE054301028,ODIGMA,EQ,26.96,27.6,26.93,27.11,27.12,26.93,15942,434348.05,355
2026-05-21,INE213A01029,ONGC,EQ,296.65,299.6,294.15,295.85,295.8,298.3,14084672,4172454931.35,78644
2026-05-21,INE591A01010,OILCOUNTUB,BE,58.3,58.79,56.25,57.26,57.9,57.36,31526,1814460.06,179
2026-05-21,INE274J01014,OIL,EQ,502.0,507.0,499.3,503.5,502.1,504.4,2749706,1384676425.7,41555
2026-05-21,INE0LXG01040,OLAELEC,EQ,35.63,36.1,34.83,35.51,35.54,36.96,103799544,3680366668.75,143355
2026-05-21,INE260D01016,OLECTRA,EQ,1231.5,1238.9,1204.8,1210.7,1211.1,1220.8,346243,422329505.6,15695
2026-05-21,INE1BZC01019,OMFREIGHT,EQ,89.85,93.0,88.51,89.81,89.3,89.85,23916,2148732.84,503
2026-05-21,INE239D01028,OMINFRAL,EQ,87.09,87.69,84.61,85.83,86.02,86.39,73930,6359491.58,965
2026-05-21,INE25E901019,OMPOWER,EQ,193.5,197.29,193.45,194.81,194.5,192.44,273345,53374456.92,3072
2026-05-21,INE090B01011,OMAXAUTO,BE,204.0,206.62,197.0,206.62,206.62,196.79,41347,8407055.52,451
2026-05-21,INE800H01010,OMAXE,EQ,77.92,78.5,72.71,73.17,73.24,76.67,328433,24470542.06,1940
2026-05-21,INE338Y01016,OMFURN,ST,57.1,57.1,57.0,57.0,57.0,60.0,3600,205320.0,3
2026-05-21,INE0UH301010,OMNI,EQ,416.5,428.25,411.75,422.95,425.8,408.5,349709,147554591.35,14055
2026-05-21,INE00ER01015,ONDOOR,ST,172.05,172.05,168.6,170.0,171.0,177.45,8100,1377180.0,17
2026-05-21,INE982J01020,PAYTM,EQ,1170.2,1172.0,1141.4,1155.6,1150.0,1153.5,1233342,1424205709.9,34563
2026-05-21,INE0HLU01028,MOBIKWIK,EQ,198.04,204.4,191.05,193.03,192.45,196.48,3719590,736320145.96,24922
2026-05-21,INE840Y01029,ONEPOINT,EQ,59.79,62.6,59.49,61.15,60.5,59.79,1403591,84627734.14,3504
2026-05-21,INE0OPS01011,OLIL,ST,465.0,465.0,449.0,449.0,449.0,464.5,6800,3068800.0,8
2026-05-21,INE912L01015,ONELIFECAP,EQ,23.91,23.91,23.91,23.91,23.91,22.78,53280,1273924.8,92
2026-05-21,INE12F801023,KISSHT,EQ,249.0,259.5,241.12,244.52,245.02,247.41,5785648,1444704670.71,54102
2026-05-21,INE013P01021,ONESOURCE,EQ,1888.0,1888.0,1842.2,1861.8,1863.9,1867.4,151600,282372032.8,16169
2026-05-21,INE809I01019,ONMOBILE,EQ,49.8,52.06,49.8,50.29,50.0,50.14,374108,19085546.72,2819
2026-05-21,INE229A01017,ONWARDTEC,EQ,263.95,263.96,257.51,260.17,260.48,260.06,21791,5676063.06,1249
2026-05-21,INE0WVU01018,ONYX,SM,30.95,30.95,26.5,28.65,27.15,32.0,14000,400900.0,7
2026-05-21,INE350C01017,OPTIEMUS,EQ,420.0,433.6,417.0,420.4,420.0,418.35,93430,39668766.9,3334
2026-05-21,INE15B101011,OPTIVALUE,SM,83.5,84.5,83.5,84.5,84.5,82.0,4800,404000.0,3
2026-05-21,INE881D01027,OFSS,EQ,9808.0,9819.5,9652.0,9730.5,9729.0,9703.5,136752,1332472657.5,20692
2026-05-21,INE231G01010,ORBTEXP,EQ,162.0,166.36,156.1,163.71,165.22,164.05,14436,2336293.59,429
2026-05-21,INE215B01022,ORCHASP,EQ,2.09,2.09,1.98,2.02,2.03,2.03,130192,262392.2,142
2026-05-21,INE191A01027,ORCHPHARMA,EQ,717.55,730.45,700.05,707.55,704.0,715.3,29346,21021682.5,1933
2026-05-21,INE0OUT01019,ORIANA,SM,1800.1,1905.0,1786.55,1857.85,1852.0,1776.5,69525,129587733.75,732
2026-05-21,INE730A01022,ORICONENT,EQ,64.56,64.56,62.02,62.34,62.8,64.79,198035,12547640.5,1534
2026-05-21,INE607D01018,ORIENTBELL,EQ,340.2,351.45,336.0,339.95,338.9,341.75,13039,4482289.85,511
2026-05-21,INE876N01018,ORIENTCEM,EQ,135.45,136.95,134.81,136.27,136.48,134.61,106482,14482221.92,2646
2026-05-21,INE569C01020,ORIENTCER,EQ,40.25,40.94,39.65,40.02,39.95,40.25,22065,885730.29,396
2026-05-21,INE142Z01019,ORIENTELEC,EQ,186.52,187.99,184.1,184.84,184.4,186.52,154014,28609898.33,3700
2026-05-21,INE999K01014,GREENPOWER,EQ,11.12,11.27,10.8,10.86,10.88,11.02,4247943,46754658.39,5971
2026-05-21,INE750A01020,ORIENTHOT,EQ,97.9,98.56,97.4,97.91,97.63,96.8,100473,9837078.43,1055
2026-05-21,INE592A01026,ORIENTPPR,EQ,17.15,17.45,16.87,17.01,16.88,17.12,202507,3465681.27,1131
2026-05-21,INE609C01024,ORIENTLTD,EQ,63.4,64.0,61.0,61.26,61.5,60.92,2156,135057.39,67
2026-05-21,INE0PPK01015,ORIENTTECH,EQ,274.8,276.9,270.6,271.95,271.0,269.85,112796,30930302.8,3711
2026-05-21,INE959C01023,OAL,EQ,319.75,321.6,297.0,305.85,302.0,307.5,26637,8118996.25,1017
2026-05-21,INE998H01012,ORIENTALTL,EQ,6.46,6.56,6.25,6.49,6.52,6.46,46775,301667.06,267
2026-05-21,INE426Z01016,OBCL,EQ,54.05,54.52,53.51,53.75,53.98,53.89,1803,96946.81,47
2026-05-21,INE725E01024,ORISSAMINE,EQ,4099.1,4143.7,4040.0,4079.6,4046.9,4045.9,6391,26115904.5,1451
2026-05-21,INE16NZ01023,ORKLAINDIA,EQ,635.0,654.9,630.5,647.15,647.9,638.55,242508,156707945.1,8569
2026-05-21,INE849L01019,ORTEL,BZ,1.65,1.68,1.52,1.55,1.52,1.6,14952,23302.38,28
2026-05-21,INE749B01020,ORTINGLOBE,BE,15.75,15.75,14.3,15.6,15.6,15.0,2659,41300.96,22
2026-05-21,INE0RMF01018,OSELDEVICE,SM,511.0,518.75,488.6,501.45,503.0,518.6,82000,41014620.0,242
2026-05-21,INE06IR01021,OSIAHYPER,BE,3.88,3.88,3.88,3.88,3.88,4.08,1072143,4159914.84,1178
2026-05-21,INE142A01012,OSWALAGRO,BE,46.45,46.45,43.0,45.26,44.5,44.84,12948,577685.39,114
2026-05-21,INE143A01010,OSWALGREEN,EQ,25.75,26.5,25.16,25.43,25.49,25.51,117212,3008997.21,1160
2026-05-21,INE0BYP01024,OSWALPUMPS,EQ,375.9,375.9,359.45,362.25,362.0,367.75,470193,171959652.35,8174
2026-05-21,INE0R8M01017,OWAIS,SM,133.75,140.7,133.3,133.3,133.3,140.3,61100,8271030.0,276
2026-05-21,INE953R01016,PNGJL,EQ,524.4,532.35,512.8,524.95,524.5,521.25,565075,293678263.2,11741
2026-05-21,INE0XUS01012,PSRAJ,SM,400.0,408.95,392.0,405.25,407.0,400.0,12000,4847850.0,15
2026-05-21,INE179A01014,PGHH,EQ,9725.0,9725.0,9608.0,9660.0,9700.0,9621.0,10378,100247848.0,2714
2026-05-21,INE0KN801013,PROPEQUITY,SM,254.0,268.0,254.0,259.25,254.0,253.1,5400,1405200.0,9
2026-05-21,INE0S3G01027,PACEDIGITK,EQ,182.8,186.06,180.56,182.77,182.74,179.54,1729978,317091426.14,19233
2026-05-21,INE761H01022,PAGEIND,EQ,38450.0,39600.0,37625.0,38380.0,38320.0,38285.0,88001,3399721960.0,39278
2026-05-21,INE420C01059,PAISALO,EQ,49.89,51.01,48.75,49.92,50.09,49.32,16014623,799414369.43,18348
2026-05-21,INE551D01018,PAKKA,EQ,94.65,95.09,92.05,92.48,92.51,92.76,44759,4167528.78,1256
2026-05-21,INE471W01019,PALASHSECU,EQ,97.5,98.95,96.15,96.15,96.15,97.3,217,21182.42,22
2026-05-21,INE218G01033,PALREDTEC,BE,42.0,43.39,42.0,43.39,43.39,41.33,2723,117759.16,34
2026-05-21,INE922B01023,PANACEABIO,EQ,421.85,432.0,417.35,424.3,424.7,418.35,189244,80601844.9,6412
2026-05-21,INE895W01019,PANACHE,EQ,351.55,361.2,344.1,346.15,349.95,357.55,24288,8520336.0,516
2026-05-21,INE305C01029,PANAMAPET,EQ,323.5,340.3,320.95,323.65,323.0,322.7,458838,151975325.3,7984
2026-05-21,INE697V01011,PANSARI,EQ,262.5,273.95,250.0,262.05,260.0,265.9,24591,6374915.3,501
2026-05-21,INE04LG01015,PAR,EQ,86.98,86.98,81.0,83.27,83.86,84.94,9452,788723.85,288
2026-05-21,INE088F01024,PARADEEP,EQ,125.43,125.88,123.13,123.71,123.13,124.36,2275422,282597382.72,17120
2026-05-21,INE883N01014,PARAGMILK,EQ,213.49,215.04,209.1,210.06,210.0,211.54,327532,69175245.67,5019
2026-05-21,INE0N4G01012,PARAGON,SM,47.9,47.9,47.9,47.9,47.9,47.3,1200,57480.0,1
2026-05-21,INE0S2W01018,PARAMATRIX,SM,64.0,65.0,64.0,65.0,65.0,63.5,2400,154800.0,2
2026-05-21,INE074B01023,PARACABLES,EQ,55.09,59.35,55.08,57.17,57.1,54.55,2850853,163940892.54,10440
2026-05-21,INE0TG801013,PARAMOUNT,ST,40.85,42.8,40.5,40.5,40.5,40.85,3600,148980.0,3
2026-05-21,INE0Q6001012,PSFL,SM,30.85,31.0,30.85,31.0,31.0,31.0,10000,309700.0,5
2026-05-21,INE749Y01014,PARAMPARA,ST,11.55,11.55,11.45,11.45,11.45,11.0,24000,276400.0,2
2026-05-21,INE045601023,PARAS,EQ,769.05,824.0,768.5,790.7,790.6,761.85,2784809,2234533123.4,72247
2026-05-21,INE162C01024,PARASPETRO,EQ,2.17,2.17,2.07,2.08,2.09,2.08,153316,323945.0,219
2026-05-21,INE00U801010,PARIN,SM,680.0,680.0,651.5,663.6,651.5,660.8,38500,25563062.5,108
2026-05-21,INE119201023,PARKHOSPS,EQ,259.5,264.0,253.13,255.76,255.91,256.21,771198,199116694.42,11881
2026-05-21,INE988S01028,PARKHOTELS,EQ,117.8,119.89,117.15,118.08,117.55,117.8,68886,8163084.92,1990
2026-05-21,INE561H01026,PARSVNATH,BE,4.41,4.41,4.41,4.41,4.41,4.64,212255,936044.55,331
2026-05-21,INE1H7V01011,PARTH,ST,404.95,409.7,398.0,406.7,409.7,390.2,24400,9872060.0,50
2026-05-21,INE124Y01028,PASHUPATI,EQ,93.8,95.5,90.0,91.81,91.21,92.0,71347,6559635.52,1377
2026-05-21,INE818B01023,PASUPTAC,EQ,53.8,55.49,53.53,54.7,55.11,53.48,72101,3909088.39,497
2026-05-21,INE619A01035,PATANJALI,EQ,470.5,471.5,460.5,463.25,460.5,467.15,2183232,1016955382.9,102295
2026-05-21,INE244B01030,PATELENG,EQ,25.87,26.24,25.81,25.91,25.9,25.76,1769918,46050000.69,5225
2026-05-21,INE529D01014,PATINTLOG,EQ,12.0,12.55,11.9,12.0,12.17,11.87,69664,850232.34,341
2026-05-21,INE0R8B01010,PATELRMART,EQ,202.32,202.33,197.1,198.56,197.5,198.23,70572,14055386.0,837
2026-05-21,INE17GV01016,PATILAUTOM,ST,185.6,190.7,185.0,189.4,190.0,185.5,21600,4025430.0,30
2026-05-21,INE291E01019,PML,EQ,555.0,555.0,530.0,545.6,553.8,555.0,262,142148.8,43
2026-05-21,INE111F01024,PAUSHAKLTD,EQ,452.0,462.8,448.05,455.35,455.0,449.35,10077,4569598.55,615
2026-05-21,INE07S101038,PAVNAIND,BE,17.78,18.39,17.56,18.16,17.81,17.99,26686,475129.3,164
2026-05-21,INE417T01026,POLICYBZR,EQ,1830.0,1843.2,1814.6,1819.3,1816.1,1830.0,1110039,2023052550.9,50609
2026-05-21,INE785M01021,PCJEWELLER,EQ,8.28,8.38,8.21,8.29,8.28,8.21,34834719,289222495.52,18147
2026-05-21,INE602A01031,PCBL,EQ,293.95,296.25,287.35,290.15,288.0,292.65,1215776,355246760.5,20842
2026-05-21,INE111Q01021,PDSL,EQ,299.5,299.5,292.85,294.25,293.0,294.35,70753,20873614.5,3267
2026-05-21,INE940H01022,PGIL,EQ,1601.0,1652.2,1591.7,1610.8,1596.5,1591.6,31752,51678636.7,6867
2026-05-21,INE844A01013,PEARLPOLY,BE,19.75,19.75,18.62,18.9,19.0,18.95,6056,114971.27,33
2026-05-21,INE0VG601013,PELATRO,SM,275.0,275.0,275.0,275.0,275.0,270.7,300,82500.0,1
2026-05-21,INE138A01028,PENINLAND,BE,16.55,16.69,16.23,16.52,16.37,16.42,31489,519504.67,182
2026-05-21,INE932A01024,PENIND,EQ,151.0,153.5,147.65,148.28,148.2,149.56,428543,64411993.78,5433
2026-05-21,INE0ORS01017,PENTAGON,SM,64.55,66.8,64.55,66.8,66.8,72.95,3000,195900.0,3
2026-05-21,INE262H01021,PERSISTENT,EQ,5084.1,5110.0,4995.0,5019.0,5014.0,5084.1,282141,1422877497.8,22890
2026-05-21,INE998U01015,PCCL,SM,282.0,285.0,281.9,285.0,285.0,281.85,1600,453560.0,4
2026-05-21,INE347G01014,PETRONET,EQ,264.9,271.95,264.9,269.9,269.2,264.65,2614592,704627492.7,30232
2026-05-21,INE134E07DJ3,PFCL41A,NE,930.0,930.0,925.0,925.0,925.0,930.0,53,49075.0,3
2026-05-21,INE134E07DP0,7PFCL31,N3,995.0,995.0,995.0,995.0,995.0,995.0,10,9950.0,1
2026-05-21,INE134E07DU0,730PFCL41,NC,952.0,955.03,952.0,955.03,955.03,951.2,11,10502.3,2
2026-05-21,INE182A01018,PFIZER,EQ,4748.0,4748.0,4609.8,4651.3,4650.0,4687.6,28668,133201314.9,6423
2026-05-21,INE140A07740,905PFL26,N1,1051.9,1051.9,1046.0,1046.45,1046.0,1045.5,514,538351.4,10
2026-05-21,INE457L01029,PGEL,EQ,470.0,475.0,462.55,464.25,465.8,461.85,1852710,865353997.1,28536
2026-05-21,INE0MLZ01019,PHANTOMFX,SM,179.5,180.0,174.0,175.35,175.0,177.1,20100,3565560.0,59
2026-05-21,INE0FPO01018,PHOGLOBAL,SM,18.05,19.5,18.0,19.3,19.5,18.0,32000,602100.0,15
2026-05-21,INE0LP301011,PWL,EQ,112.9,113.98,109.0,109.85,109.8,112.55,2661414,294697419.12,16834
2026-05-21,INE603J01030,PIIND,EQ,2898.5,2898.5,2700.0,2740.5,2750.7,2901.2,1677319,4640600698.3,96162
2026-05-21,INE546C01010,PICCADIL,EQ,579.9,588.0,571.2,575.0,574.9,578.2,47401,27313813.7,3113
2026-05-21,INE0YAL01017,PPSL,ST,6.3,6.3,6.3,6.3,6.3,6.4,3000,18900.0,1
2026-05-21,INE318A01026,PIDILITIND,EQ,1471.0,1478.4,1465.8,1472.8,1472.5,1455.6,465411,685259693.3,24472
2026-05-21,INE600A01035,PILITA,BE,8.12,8.28,7.85,7.94,7.95,7.96,22644,180736.98,106
2026-05-21,INE417C01014,PILANIINVS,EQ,4450.0,4558.8,4449.6,4528.9,4549.0,4437.8,5224,23675768.1,646
2026-05-21,INE15B701018,PINELABS,EQ,150.5,152.91,146.78,148.32,147.9,149.27,5080368,756295135.83,103657
2026-05-21,INE156C01018,PIONEEREMB,EQ,26.99,26.99,26.1,26.2,26.45,26.86,3928,103542.94,72
2026-05-21,INE746D01014,PIONRINV,EQ,116.16,119.73,110.01,117.22,118.99,115.59,3911,446474.8,131
2026-05-21,INE202B01038,PIRAMALFIN,EQ,1935.0,1954.0,1912.0,1924.1,1929.7,1925.5,174923,337125344.2,16115
2026-05-21,INE0DK501011,PPLPHARMA,EQ,177.39,178.0,174.52,176.08,176.69,176.35,1983146,348232968.08,23141
2026-05-21,INE450D01021,PITTIENG,EQ,916.0,954.5,916.0,946.6,936.6,914.4,35865,33812707.1,2862
2026-05-21,INE751B01018,PIXTRANS,EQ,1541.4,1668.3,1541.4,1641.7,1650.0,1538.0,168028,272858819.9,13467
2026-05-21,INE083C01022,PLASTIBLEN,EQ,169.23,169.23,163.01,163.14,163.01,165.5,6475,1068582.79,280
2026-05-21,INE0PT501018,PLATIND,EQ,225.0,227.35,220.34,222.68,222.02,223.54,49596,11065696.47,1224
2026-05-21,INE0INJ01017,PLAZACABLE,BE,48.51,50.4,47.11,48.12,47.5,48.48,42113,2051282.63,473
2026-05-21,INE859A01011,PNBGILTS,EQ,79.41,82.8,79.4,80.84,80.35,79.27,2869035,231675200.55,16164
2026-05-21,INE572E01012,PNBHOUSING,EQ,1064.0,1071.0,1049.3,1055.9,1061.8,1060.8,930612,987187128.3,33131
2026-05-21,INE195J01029,PNCINFRA,EQ,211.0,224.7,211.0,213.15,213.5,209.08,1462919,320795946.5,25651
2026-05-21,INE1RDG01013,PNGSREVA,EQ,415.05,417.6,395.2,399.6,410.0,408.4,118212,48073135.85,4397
2026-05-21,INE371C01013,PODDARMENT,EQ,252.45,256.95,243.85,253.35,249.0,250.0,1877,473356.35,82
2026-05-21,INE637C01025,POKARNA,EQ,826.0,840.95,820.05,823.15,821.0,824.25,67475,55860919.55,2173
2026-05-21,INE205C01021,POLYMED,EQ,1465.0,1563.0,1461.5,1550.6,1559.0,1459.4,240513,366185666.9,18510
2026-05-21,INE455K01017,POLYCAB,EQ,9235.0,9309.5,9176.0,9193.5,9184.0,9199.0,231631,2137951279.5,33331
2026-05-21,INE633B01018,POLYPLEX,EQ,892.8,1011.9,892.8,983.85,976.0,888.6,1812219,1787464381.0,53767
2026-05-21,INE517M01028,POLYSIL,ST,144.9,148.7,144.9,148.7,148.7,141.65,3500,518150.0,7
2026-05-21,INE063E01053,POCL,EQ,1480.0,1480.0,1422.3,1448.4,1444.9,1457.4,316304,459280667.2,18781
2026-05-21,INE838E01017,PONNIERODE,EQ,311.55,311.55,303.2,303.7,303.2,306.15,6967,2122810.05,239
2026-05-21,INE511C01022,POONAWALLA,EQ,405.0,405.0,395.0,396.3,395.95,400.1,954628,380838779.9,29122
2026-05-21,INE772T01024,PVSL,EQ,105.57,109.3,104.11,107.84,108.0,105.58,105785,11404748.59,2116
2026-05-21,INE0S3H01017,POSITRON,ST,183.8,186.1,183.5,184.1,184.05,183.7,6000,1104705.0,13
2026-05-21,INE134E01011,PFC,EQ,435.4,441.65,430.0,431.0,430.6,429.35,6959709,3022198158.5,53695
2026-05-21,INE752E01010,POWERGRID,EQ,302.4,304.5,298.7,299.55,299.1,299.9,10353164,3124944914.0,76572
2026-05-21,INE557Z01018,PIGL,EQ,102.05,104.09,100.0,101.11,101.98,101.29,67501,6869223.01,951
2026-05-21,INE211R01019,POWERMECH,EQ,2524.0,2625.0,2452.7,2473.9,2473.8,2459.8,359651,908854117.2,37965
2026-05-21,INE0GGX23010,PGINVIT,IV,92.04,92.15,91.7,91.92,91.95,92.0,1878379,172760677.78,8163
2026-05-21,INE921L01032,POWERICA,EQ,579.0,581.9,550.15,555.0,554.0,559.25,477696,271948810.8,20332
2026-05-21,INE095I01015,PPAP,EQ,212.5,216.9,208.0,208.63,209.4,208.06,15976,3382399.51,768
2026-05-21,INE0I0M01023,PRABHA,EQ,167.0,171.99,167.0,169.01,168.65,167.23,34350,5809660.21,662
2026-05-21,INE770A01010,PRADPME,EQ,397.5,397.9,378.1,382.1,387.5,395.4,22710,8781250.6,699
2026-05-21,INE074A01025,PRAJIND,EQ,389.05,396.55,385.85,390.45,389.5,386.8,1169092,457137755.3,21011
2026-05-21,INE505C01016,PRAENG,EQ,21.8,22.38,21.66,21.98,21.95,21.54,12765,279026.5,148
2026-05-21,INE603A01013,PRAKASH,EQ,148.5,151.62,148.38,149.52,149.9,147.57,310454,46501231.65,3252
2026-05-21,INE050001010,PPL,EQ,189.69,192.91,187.97,190.23,189.95,186.89,74808,14246095.38,1789
2026-05-21,INE696K01024,PRAKASHSTL,EQ,4.44,4.44,4.31,4.34,4.38,4.37,104062,452984.27,305
2026-05-21,INE0O7A01017,PRAMARA,SM,197.9,232.9,197.9,197.9,197.9,247.35,921000,189858825.0,813
2026-05-21,INE0VJG01014,PRANIK,SM,49.65,49.65,49.65,49.65,49.65,49.65,1600,79440.0,1
2026-05-21,INE393P01035,DIAMONDYD,EQ,972.85,997.85,972.85,983.2,975.0,977.7,5681,5587813.1,398
2026-05-21,INE0QA601016,PRATHAM,SM,130.0,143.0,130.0,141.05,140.0,132.2,14000,1908520.0,31
2026-05-21,INE722B01019,PRAVEG,EQ,259.75,259.75,252.9,254.35,253.0,255.2,31455,8010006.3,585
2026-05-21,INE546Y01022,PRAXIS,BE,7.4,7.49,7.05,7.3,7.3,7.22,4374,32342.77,27
2026-05-21,INE484I01029,PRECAM,EQ,150.5,175.29,150.5,165.18,164.8,149.96,5261450,878900954.9,53577
2026-05-21,INE372C01037,PRECWIRE,EQ,401.3,406.05,395.15,398.4,398.0,396.6,556848,222945256.9,17840
2026-05-21,INE283A01014,PRECOT,EQ,724.9,783.9,720.0,769.4,778.0,716.0,30808,22955401.6,1880
2026-05-21,INE001E01012,PREMCO,EQ,401.2,401.2,388.05,390.55,393.7,391.05,453,176832.5,55
2026-05-21,INE0BS701011,PREMIERENE,EQ,994.2,1026.1,992.7,1015.1,1010.0,992.4,2372125,2397724499.9,43321
2026-05-21,INE863B01029,PREMEXPLN,EQ,559.8,583.25,555.15,575.85,576.6,556.45,973715,560958732.7,20888
2026-05-21,INE342A01018,PREMIER,BE,3.03,3.03,2.92,3.02,3.02,3.03,6201,18706.98,27
2026-05-21,INE309M01020,PREMIERPOL,BE,58.66,58.66,56.0,57.28,57.6,55.87,178649,10385758.91,561
2026-05-21,INE0CFG01012,PRLIND,SM,60.0,61.0,58.7,59.95,59.95,61.0,11000,655700.0,8
2026-05-21,INE0M1F01011,PREMIUM,SM,36.9,36.9,36.5,36.5,36.5,36.5,9000,329700.0,2
2026-05-21,INE0R1601012,PRESSTONIC,ST,35.0,35.5,34.3,34.3,34.3,36.1,60000,2074240.0,64
2026-05-21,INE811K01011,PRESTIGE,EQ,1399.8,1416.0,1373.4,1385.6,1380.0,1387.8,1164387,1626060961.0,25111
2026-05-21,INE726V01018,PRICOLLTD,EQ,545.0,555.7,540.3,553.6,553.75,538.3,750004,410242064.0,23799
2026-05-21,INE0CQA01020,PRIMECAB,ST,113.0,118.85,109.0,118.85,118.85,113.2,83200,9743600.0,48
2026-05-21,INE367G01038,PFOCUS,BE,260.0,264.0,248.6,252.4,251.0,255.85,404505,103948645.7,2705
2026-05-21,INE032B01021,PRIMESECU,EQ,281.15,285.4,280.1,282.2,280.1,281.2,2028,571832.35,123
2026-05-21,INE607A01022,PRIMO,EQ,22.97,23.0,22.15,22.26,22.4,22.57,113013,2548409.31,634
2026-05-21,INE689W01016,PRINCEPIPE,EQ,268.9,276.45,268.1,269.1,269.45,265.1,1166945,317442196.55,16427
2026-05-21,INE010A01011,PRSMJOHNSN,EQ,121.34,121.4,117.5,117.83,117.99,120.46,563428,66619203.49,12481
2026-05-21,INE974Z01015,PRITI,EQ,43.81,45.6,42.75,44.22,44.2,44.7,5009,221124.35,105
2026-05-21,INE583R01029,PRITIKAUTO,EQ,13.55,14.22,13.55,14.02,14.0,13.62,123177,1721046.68,534
2026-05-21,INE0MJQ01020,PRITIKA,SM,70.65,74.0,70.65,72.5,72.5,71.0,18000,1310500.0,9
2026-05-21,INE392B01011,PNC,EQ,18.98,18.98,18.35,18.41,18.78,18.62,12959,241345.18,91
2026-05-21,INE959A01019,PRIVISCL,EQ,3176.1,3282.0,3176.1,3267.3,3265.0,3173.0,96525,313762112.5,12033
2026-05-21,INE0V9N01017,PRIZOR,ST,689.8,702.0,650.0,658.2,650.0,669.5,17600,11955400.0,41
2026-05-21,INE0VJT01017,PROFX,SM,81.4,85.0,81.4,84.55,85.0,81.25,12800,1082240.0,8
2026-05-21,INE199A01012,PGHL,EQ,5365.0,5475.0,5318.5,5455.0,5459.0,5358.0,25051,135563149.5,2736
2026-05-21,INE994V01012,PROLIFE,SM,60.0,60.0,59.05,59.5,60.0,60.0,4500,268100.0,5
2026-05-21,INE0BX301013,PROSTARM,EQ,155.0,162.29,153.64,161.15,161.0,151.66,686528,109272783.33,7899
2026-05-21,INE004A01022,PROTEAN,EQ,601.0,654.2,601.0,654.2,654.2,545.2,4592822,2966655235.35,45763
2026-05-21,INE0ONE01016,PROV,SM,1598.0,1650.0,1565.0,1641.05,1650.0,1598.0,2240,3632264.0,26
2026-05-21,INE195N01013,PROZONER,EQ,54.1,54.5,51.38,51.8,51.55,53.15,198384,10501964.12,915
2026-05-21,INE00F201020,PRUDENT,EQ,2700.0,2750.0,2651.0,2687.7,2671.0,2690.9,25497,68471505.8,5641
2026-05-21,INE024D01016,PRUDMOULI,EQ,16.1,16.1,15.0,15.7,15.84,15.38,10748,166987.4,59
2026-05-21,INE488V01015,PSPPROJECT,EQ,782.5,796.95,771.45,785.45,782.9,767.15,83074,65257995.95,4920
2026-05-21,INE560K01014,PFS,EQ,30.16,31.88,30.16,30.94,30.96,30.0,946646,29428224.85,6723
2026-05-21,INE877F01012,PTC,EQ,197.01,202.9,195.2,196.01,195.8,196.32,1361894,271092021.71,15026
2026-05-21,INE596F01018,PTCIL,EQ,15880.0,16110.0,15700.0,15714.0,15700.0,15796.0,11653,184821296.0,3795
2026-05-21,INE034D01049,PTL,EQ,39.01,39.3,38.91,39.0,38.92,39.0,22203,866627.37,295
2026-05-21,INE865T01018,PDMJEPAPER,EQ,85.5,87.4,84.0,84.22,84.15,83.25,335721,28777248.86,2112
2026-05-21,INE335X01014,PULZ,SM,22.0,22.6,21.95,22.6,22.6,23.0,14000,309100.0,5
2026-05-21,INE608A01012,PSB,EQ,23.87,23.93,23.61,23.69,23.7,23.54,749260,17805304.29,4124
2026-05-21,INE277B01014,PUNJABCHEM,EQ,1026.5,1032.1,1012.3,1021.0,1016.0,1017.8,5988,6129892.9,560
2026-05-21,INE160A01022,PNB,EQ,103.22,103.45,101.66,101.92,101.84,102.22,21569101,2205976203.03,58300
2026-05-21,INE323I01011,PURVA,EQ,224.8,225.21,221.0,223.41,221.95,221.23,310130,69241384.82,8799
2026-05-21,INE0P5R01014,PURPLEUTED,SM,390.1,390.1,390.1,390.1,390.1,371.55,5000,1950500.0,10
2026-05-21,INE154801018,PUSHPA,SM,122.75,124.0,122.0,123.55,124.0,127.65,34000,4183300.0,22
2026-05-21,INE362A01016,PVP,EQ,26.55,27.24,25.87,26.24,26.01,25.99,799141,20979804.36,3537
2026-05-21,INE191H01014,PVRINOX,EQ,997.0,1003.5,983.0,987.6,985.1,996.1,107230,106639676.4,9828
2026-05-21,INE0MIS01010,PYRAMID,EQ,173.58,176.55,170.95,174.07,174.0,169.8,35477,6191755.29,616
2026-05-21,INE0LRY01011,QUADFUTURE,EQ,287.7,292.65,277.25,280.6,281.0,283.45,340003,96702336.1,7237
2026-05-21,INE0SII01026,QPOWER,BE,1090.1,1121.8,1090.1,1121.8,1121.8,1068.4,166722,186580879.2,1737
2026-05-21,INF082J01408,QGOLDHALF,EQ,130.9,131.59,130.7,131.0,131.07,130.89,79594,10429695.13,599
2026-05-21,INF082J01499,QNIFTY,EQ,259.4,260.8,259.0,259.0,259.0,259.2,315,81732.75,43
2026-05-21,INE615P01015,QUESS,EQ,205.0,205.0,200.73,201.42,201.0,201.86,106251,21496492.35,4027
2026-05-21,INE0TNW01017,QUESTLAB,ST,104.5,109.0,104.0,108.0,108.0,108.6,50400,5353500.0,25
2026-05-21,INE306L01010,QUICKHEAL,EQ,214.2,216.45,209.0,212.74,209.86,211.99,810517,172183287.57,13378
2026-05-21,INE0K4D01020,QUICKTOUCH,SM,26.95,27.25,25.5,26.45,27.2,26.0,5000,133800.0,10
2026-05-21,INE641R01017,QUINT,EQ,38.9,42.0,38.9,41.5,41.5,38.9,482,19391.95,10
2026-05-21,INE0KZF01015,QVCEL,SM,25.2,25.2,25.2,25.2,25.2,25.0,1600,40320.0,1
2026-05-21,INE0NQ801033,RKSWAMY,EQ,97.86,103.49,97.05,100.48,100.0,97.86,137484,13794635.5,2071
2026-05-21,INE219Y01026,RMDRIP,EQ,19.41,19.65,18.54,18.69,18.6,19.47,767337,14650664.02,1995
2026-05-21,INE951M01037,RRIL,EQ,21.0,21.05,20.32,20.94,21.0,20.65,76734,1606149.05,327
2026-05-21,INE777K01022,RRKABEL,EQ,1987.0,2008.0,1926.0,1945.2,1934.9,1962.4,698573,1385126718.3,33847
2026-05-21,INE616F01022,RSDFIN,EQ,97.99,101.92,90.16,101.92,101.92,84.94,20643,2074324.52,292
2026-05-21,INE411H01032,RSYSTEMS,EQ,273.15,276.45,268.15,270.55,270.0,274.2,147223,40079655.5,3614
2026-05-21,INE012Q01039,RNBDENIMS,EQ,11.45,11.64,10.85,11.05,11.03,11.42,1202519,13621545.43,1312
2026-05-21,INE165B01029,RSSOFTWARE,BE,32.75,33.75,32.75,33.05,32.75,33.32,11503,380525.48,121
2026-05-21,INE324L01013,RPPINFRA,EQ,69.52,71.63,68.25,69.26,69.3,69.45,40295,2825032.73,884
2026-05-21,INE2PB023011,RIIT,IV,111.0,111.0,110.56,110.83,111.0,110.52,102484,11353093.44,240
2026-05-21,INE084Q01012,RACE,BE,125.12,125.12,121.0,121.0,121.0,120.12,1301,158375.24,24
2026-05-21,INE02OY01016,RILINFRA,SM,32.0,32.0,31.0,31.9,31.9,31.95,6400,202770.0,35
2026-05-21,INE704B01017,RACLGEAR,EQ,1299.9,1425.0,1275.0,1398.9,1398.9,1270.0,147962,204026985.5,10442
2026-05-21,INE874F01027,RADAAN,EQ,2.87,3.12,2.87,3.05,3.09,2.92,37511,114265.62,135
2026-05-21,INE583V01021,RADHIKAJWE,EQ,56.49,58.0,55.05,56.65,56.55,59.14,275052,15637835.05,2880
2026-05-21,INE855R01021,RADIANTCMS,EQ,41.25,42.0,40.12,40.69,40.53,40.56,32866,1345915.1,512
2026-05-21,INE944F01028,RADICO,EQ,3584.9,3605.0,3537.9,3571.9,3570.0,3565.9,218325,780371431.2,44398
2026-05-21,INE430U01019,RADIOWALLA,SM,32.9,32.9,31.3,31.3,31.3,32.9,11200,353200.0,7
2026-05-21,INE912T01018,RPEL,EQ,924.0,927.0,901.3,920.6,917.3,910.65,71717,65559091.95,4349
2026-05-21,INE415G01027,RVNL,EQ,273.5,275.0,269.35,270.75,270.15,269.6,5924922,1609863747.0,51781
2026-05-21,INE0DD101019,RAILTEL,EQ,325.1,327.25,319.15,321.1,321.1,320.3,697177,225183831.55,11569
2026-05-21,INE855B01025,RAIN,EQ,154.75,158.88,152.64,153.26,154.35,152.84,2949028,458201503.65,23973
2026-05-21,INE961O01016,RAINBOW,EQ,1359.5,1365.0,1336.0,1344.8,1350.0,1342.0,64120,86506370.5,5083
2026-05-21,INE294G01026,ROML,EQ,46.9,47.44,45.1,46.84,46.12,45.61,2891,135298.72,55
2026-05-21,INE533D01032,RAJRILTD,BE,19.98,20.34,19.6,19.96,20.32,19.98,19045,378892.71,137
2026-05-21,INE952H01027,RAJTV,EQ,20.99,21.73,20.5,20.63,20.71,20.53,16081,335776.74,145
2026-05-21,INE296E01026,RAJPALAYAM,EQ,755.1,775.0,751.1,755.85,762.5,757.0,5799,4383604.25,112
2026-05-21,INE610C01014,ARENTERP,EQ,36.3,37.8,36.0,36.71,36.18,37.0,6721,248101.2,51
2026-05-21,INE343B01030,RAJESHEXPO,BZ,106.3,108.9,106.0,107.39,107.99,108.68,110514,11869429.83,1735
2026-05-21,INE0BZQ01011,RCDL,SM,21.0,22.0,21.0,22.0,22.0,22.1,12000,255000.0,4
2026-05-21,INE00KV01022,RAJMET,EQ,3.89,3.97,3.89,3.93,3.97,3.91,255638,1002496.76,706
2026-05-21,INE535F01024,RAJOOENG,EQ,55.0,55.72,54.76,55.45,55.4,54.65,161349,8919555.1,1624
2026-05-21,INE0VHU01019,RAJPUTANA,SM,241.0,241.0,237.0,237.0,237.0,241.0,1000,239000.0,2
2026-05-21,INE0PCU01012,RAJINDLTD,SM,76.3,78.3,74.0,78.0,78.3,77.5,36000,2754450.0,22
2026-05-21,INE313L01016,RSL,EQ,133.0,133.27,131.2,131.93,131.95,131.32,836994,110989828.0,3110
2026-05-21,INE451D01029,RAJRATAN,EQ,412.3,419.0,408.2,410.9,415.0,410.2,57418,23797984.95,4039
2026-05-21,INE760W01023,RPPL,EQ,16.85,16.85,16.16,16.2,16.3,16.12,3660,59979.58,70
2026-05-21,INE562B01019,RAJSREESUG,EQ,35.68,37.7,34.8,37.0,36.55,33.95,252759,9351351.16,1852
2026-05-21,INE613A01020,RALLIS,EQ,249.95,252.0,248.75,250.4,251.85,247.9,210637,52766485.35,8434
2026-05-21,INE207E01023,RAMRAT,EQ,440.55,447.7,430.0,431.45,432.45,437.85,125843,55227948.6,4807
2026-05-21,INE809A01032,RAMAPHO,EQ,120.61,124.32,120.61,121.66,121.1,122.04,38013,4635870.17,1098
2026-05-21,INE230R01035,RAMASTEEL,EQ,5.18,5.3,5.16,5.17,5.18,5.15,3694054,19315119.31,4155
2026-05-21,INE614A01028,RAMCOIND,EQ,276.9,279.95,273.0,277.9,276.55,273.95,41296,11455664.65,1350
2026-05-21,INE246B01019,RAMCOSYS,EQ,394.75,398.4,389.15,391.6,391.95,392.95,45197,17739709.0,1333
2026-05-21,INE0RJH01010,RBS,ST,103.0,103.0,99.0,99.0,99.0,102.0,5600,560800.0,4
2026-05-21,INE399G01023,RKFORGE,EQ,556.0,571.4,556.0,566.2,570.0,557.9,201297,113629231.4,6526
2026-05-21,INE874I01013,RAMKY,EQ,444.35,452.0,441.25,442.7,442.05,444.35,24727,11049410.35,909
2026-05-21,INE625B01014,RANASUG,EQ,12.75,13.02,12.4,12.57,12.62,12.65,181502,2299953.49,952
2026-05-21,INE050H01012,RML,EQ,892.95,931.0,888.05,927.0,928.0,886.05,46111,42184755.85,2629
2026-05-21,INE384A01010,RANEHOLDIN,EQ,1485.0,1498.1,1404.0,1410.7,1407.0,1472.0,59726,85003120.2,14800
2026-05-21,INE0QX901013,RAPIDFLEET,SM,197.5,198.8,193.05,194.75,195.0,186.1,20400,3995460.0,28
2026-05-21,INE0MVO01012,RAPPID,SM,250.0,251.0,237.35,237.95,237.35,249.5,15600,3773340.0,26
2026-05-21,INE0J1F01024,RPTECH,EQ,548.0,560.0,533.75,550.95,549.5,543.65,458317,252276218.5,12405
2026-05-21,INE027A01015,RCF,EQ,125.1,127.69,124.5,125.37,124.95,124.18,1505958,189729268.65,15032
2026-05-21,INE0CLI01024,RATEGAIN,EQ,671.35,685.0,645.55,652.45,648.1,659.5,2581648,1728854230.45,88544
2026-05-21,INE703B01027,RATNAMANI,EQ,2528.0,2553.8,2505.7,2528.8,2540.0,2539.8,25624,64772846.3,4782
2026-05-21,INE05CZ01011,RATNAVEER,EQ,185.0,189.4,183.68,186.2,184.5,182.91,1196869,222633674.96,10529
2026-05-21,INE834M01019,RTNINDIA,EQ,34.9,35.65,34.0,34.12,34.12,34.26,1770425,61657250.81,10869
2026-05-21,INE399K01017,RTNPOWER,EQ,9.12,9.3,9.12,9.16,9.17,9.1,10552027,97126640.7,10829
2026-05-21,INE722J01012,RKDL,EQ,21.0,21.8,20.61,20.78,20.72,20.56,17761,374759.19,212
2026-05-21,INE09E501017,RVHL,EQ,40.04,40.94,39.98,40.77,40.6,39.98,891,35977.86,39
2026-05-21,INE206N01018,RELTD,EQ,129.99,130.0,127.21,129.03,129.5,128.5,58241,7494606.95,1161
2026-05-21,INE02ID01020,RAYMONDLSL,EQ,735.0,738.95,723.0,726.65,724.2,727.4,138167,100861396.2,8669
2026-05-21,INE301A01014,RAYMOND,EQ,545.0,559.95,535.0,541.5,542.0,541.5,1003563,549723550.85,18909
2026-05-21,INE1SY401010,RAYMONDREL,EQ,568.8,586.45,550.0,551.15,550.2,565.3,446116,252311807.25,11859
2026-05-21,INE976G01028,RBLBANK,EQ,333.0,335.3,326.55,328.75,328.0,328.5,2458845,812619452.15,25560
2026-05-21,INE0NA301016,RBMINFRA,SM,370.0,376.0,365.0,367.7,366.0,370.65,9400,3498950.0,31
2026-05-21,INE0PEQ01016,RBZJEWEL,EQ,126.73,127.0,124.47,125.57,124.5,124.55,38234,4812533.61,920
2026-05-21,INE10QL01011,READYMIX,SM,86.0,86.0,86.0,86.0,86.0,85.0,1000,86000.0,1
2026-05-21,INE020B01018,RECLTD,EQ,336.4,338.8,333.0,333.7,333.2,333.0,4807537,1613450767.65,44209
2026-05-21,INE891D01026,REDINGTON,EQ,225.0,226.38,218.09,219.82,219.78,224.18,2850571,630211215.55,41227
2026-05-21,INE0LXT01019,REDTAPE,EQ,128.31,129.0,125.3,128.5,128.5,128.31,420075,53807508.44,15432
2026-05-21,INE056I01025,REFEX,EQ,280.05,288.8,276.4,278.55,278.0,277.05,1029974,289353410.65,14837
2026-05-21,INE0TNX01015,REFRACTORY,SM,40.3,40.3,38.85,38.9,38.85,40.3,7000,274550.0,7
2026-05-21,INE0MHO01029,REGAAL,BE,79.3,83.26,79.3,83.26,83.26,79.3,187814,15438614.41,626
2026-05-21,INE277C01012,REGENCERAM,EQ,42.7,43.39,41.5,41.69,41.51,42.6,1620,68292.05,54
2026-05-21,INE131B01039,RELAXO,EQ,293.9,297.2,290.85,293.8,291.9,291.3,59081,17365253.35,4011
2026-05-21,INF204KC1030,GILT5YBEES,EQ,64.19,64.63,63.85,64.09,64.13,64.08,370326,23741164.05,495
2026-05-21,INE375Y01018,RELIABLE,EQ,133.0,133.9,128.55,130.59,131.29,132.09,13771,1793287.14,306
2026-05-21,INE750D01016,RELCHEMQ,EQ,120.74,125.0,118.5,122.87,124.0,121.34,3110,380142.85,95
2026-05-21,INE330H01018,RCOM,BE,0.92,0.93,0.91,0.91,0.92,0.91,1689592,1550151.09,1388
2026-05-21,INE217K01011,RHFL,BZ,2.29,2.29,2.18,2.19,2.2,2.25,668725,1491667.66,799
2026-05-21,INE046A01015,RIIL,EQ,754.4,768.15,747.55,752.55,749.2,747.55,78267,59307728.7,4391
2026-05-21,INE002A01018,RELIANCE,EQ,1367.2,1370.9,1345.2,1349.6,1349.0,1359.7,17150630,23201823031.7,275605
2026-05-21,INE614G01033,RPOWER,EQ,27.32,28.04,27.0,27.26,27.19,27.13,33774070,931369989.66,40016
2026-05-21,INE621H01010,RELIGARE,EQ,229.2,233.0,227.01,229.96,230.35,228.52,1094883,252092486.72,12104
2026-05-21,INE474C01023,REMSONSIND,EQ,98.23,102.99,95.7,100.91,102.23,97.52,376513,36726500.35,3086
2026-05-21,INE0O5T01011,REMUS,SM,840.0,858.05,800.0,804.95,801.0,855.25,13000,10670485.0,111
2026-05-21,INE722H01024,RGL,EQ,102.25,104.0,102.0,102.9,103.2,102.54,314069,32248857.61,2824
2026-05-21,INE0VZX01015,RNPL,SM,121.55,121.55,109.4,109.4,109.4,121.55,24000,2683980.0,20
2026-05-21,INE612J01015,REPCOHOME,EQ,394.0,399.0,390.3,394.35,394.0,393.25,101422,40000292.95,2429
2026-05-21,INE461B01014,REPRO,EQ,359.9,372.5,357.05,368.7,362.2,360.25,15310,5588669.15,887
2026-05-21,INE688D01026,RESPONIND,EQ,166.41,169.7,165.0,165.47,165.01,164.71,104777,17531210.38,1725
2026-05-21,INE07T201019,RBA,EQ,68.25,68.95,67.75,67.94,67.93,68.43,1905817,129888360.42,3718
2026-05-21,INE0DAB01012,RVTH,EQ,661.0,709.6,661.0,698.4,697.0,680.65,344,234282.15,32
2026-05-21,INE00D001018,REXPIPES,SM,194.5,194.5,179.5,179.5,179.5,188.9,13000,2409000.0,10
2026-05-21,INE113601012,REXPRO,SM,42.0,42.05,42.0,42.05,42.05,40.05,5000,210200.0,5
2026-05-21,INE0V2V01015,RFBL,ST,60.7,60.7,60.65,60.7,60.7,57.85,969000,58816200.0,209
2026-05-21,INE0KKN01029,RHETAN,EQ,28.38,28.6,28.04,28.48,28.52,27.96,3535626,99862995.07,3009
2026-05-21,INE743M01012,RHIM,EQ,389.5,421.45,388.0,398.8,400.0,386.45,2587353,1045989460.45,41475
2026-05-21,INE0J1P01015,RICHA,SM,80.0,83.5,78.0,82.15,83.5,81.55,152000,12302300.0,24
2026-05-21,INE209B01025,RICOAUTO,EQ,115.75,117.95,115.51,116.42,116.34,114.83,706277,82438448.21,5107
2026-05-21,INE0N2P01017,RISHABH,EQ,521.9,537.95,512.3,517.2,515.7,520.55,151189,79620532.1,6530
2026-05-21,INE01EG01016,RITCO,EQ,260.25,270.1,258.3,261.4,262.0,260.82,98652,26075009.42,1431
2026-05-21,INE0MRA01019,RITEZONE,ST,21.15,21.5,20.25,20.9,21.05,21.2,56000,1164080.0,14
2026-05-21,INE320J01015,RITES,EQ,206.49,207.89,204.0,204.85,204.3,204.22,373167,76742580.22,10082
2026-05-21,INE786W01010,RKEC,EQ,31.96,32.35,30.71,31.74,31.3,30.98,22104,695671.94,295
2026-05-21,INE655V01019,RMC,BE,406.2,408.95,385.3,392.6,392.9,399.75,14868,5902048.2,221
2026-05-21,INE0SA001017,RNFI,SM,280.0,280.0,274.0,278.75,280.0,275.1,11400,3159630.0,18
2026-05-21,INE508K01013,RHL,EQ,196.0,196.0,189.17,192.24,193.8,190.75,9786,1900320.1,199
2026-05-21,INE0PTR01012,ROCKINGDCE,SM,194.0,202.5,194.0,202.5,202.5,194.8,1250,250500.0,3
2026-05-21,INE645S01024,ROLEXRINGS,EQ,143.8,145.25,143.13,144.19,144.06,143.64,570749,82289510.29,7852
2026-05-21,INE927A01040,ROLLT,BE,2.05,2.11,1.96,1.97,2.0,2.06,853344,1704916.17,232
2026-05-21,INE02A801020,ROSSARI,EQ,517.25,539.0,506.05,518.15,522.0,507.4,302993,159149546.4,10904
2026-05-21,INE847C01020,ROSSELLIND,EQ,56.85,56.85,55.3,55.54,55.3,55.31,18777,1047546.01,205
2026-05-21,INE0OJW01016,ROSSTECH,EQ,909.9,943.8,909.9,928.75,932.0,903.7,80333,74503860.15,5678
2026-05-21,INE535D01037,ROTO,EQ,58.0,58.07,56.75,57.17,57.1,56.68,144775,8307330.72,2092
2026-05-21,INE450U01017,ROUTE,EQ,516.0,523.05,513.0,516.7,515.55,514.45,68049,35161926.5,5957
2026-05-21,INE0PDJ01013,ROXHITECH,ST,33.05,33.5,33.05,33.5,33.5,34.0,3200,106480.0,2
2026-05-21,INE283H01019,ROHLTD,EQ,330.55,340.65,329.65,335.4,333.0,326.85,14506,4870269.55,690
2026-05-21,INE105J01010,RPGLIFE,EQ,2300.0,2330.9,2269.9,2274.2,2270.0,2300.0,3758,8598010.5,758
2026-05-21,INE425Y01011,RPSGVENT,EQ,958.25,985.0,906.2,935.95,928.0,951.25,126293,119327871.75,6621
2026-05-21,INE611A01016,RSWM,EQ,160.3,171.9,155.43,169.61,170.0,159.85,180177,29745230.33,2863
2026-05-21,INE642C01025,RUBFILA,EQ,76.9,80.0,75.61,77.62,77.95,76.01,68463,5365680.4,725
2026-05-21,INE506V01022,RUBICON,EQ,986.1,998.75,965.0,969.1,972.0,986.05,96567,94226523.05,9737
2026-05-21,INE413B01023,RUCHINFRA,EQ,6.49,6.49,6.16,6.2,6.23,6.36,76840,481340.76,276
2026-05-21,INE803H01014,RUCHIRA,EQ,124.25,127.99,123.34,125.62,125.5,122.49,70821,8960882.02,1120
2026-05-21,INE027T01023,RUDRA,BE,19.58,20.1,19.08,19.59,19.31,20.08,49710,972038.31,150
2026-05-21,INE364Z01019,REPL,EQ,70.21,72.9,70.21,71.42,72.44,71.34,2565,183701.69,68
2026-05-21,INE0R7301013,RULKA,SM,96.35,99.95,91.0,93.05,95.0,93.1,7500,710550.0,20
2026-05-21,INE895B01021,RUPA,EQ,146.89,148.38,145.2,145.7,145.3,147.08,41778,6119203.61,1240
2026-05-21,INE573K01025,RUSHIL,EQ,15.61,15.84,15.37,15.59,15.8,15.65,221730,3448674.87,833
2026-05-21,INE0BSN01013,SATECH,SM,43.5,45.8,43.3,44.6,44.05,45.35,10000,445750.0,10
2026-05-21,INE807K01035,SCHAND,EQ,176.0,182.39,174.15,176.89,178.8,176.27,55936,10009755.08,1096
2026-05-21,INE0X6F01017,SDREAMS,SM,90.0,90.0,88.05,90.0,90.0,90.0,11000,988050.0,8
2026-05-21,INE500L01026,SHK,EQ,127.0,128.38,125.5,126.47,126.5,125.52,326028,41337694.7,4439
2026-05-21,INE0F3301020,SJLOGISTIC,SM,303.0,319.95,299.0,312.35,316.55,296.0,34250,10693450.0,99
2026-05-21,INE902B01017,S&SPOWER,BE,354.1,354.1,354.1,354.1,354.1,355.0,493,174571.3,11
2026-05-21,INE212I01016,SPAL,EQ,765.0,775.4,732.4,763.5,753.0,792.3,102121,77183014.25,6773
2026-05-21,INE658G01014,SALSTEEL,BE,60.51,61.9,57.5,58.01,57.5,60.34,107869,6341825.55,477
2026-05-21,INE0PSK01027,SAAKSHI,SM,230.3,234.5,230.0,234.5,234.5,234.45,10800,2517390.0,9
2026-05-21,INE13B501022,SAATVIKGL,EQ,413.05,437.5,408.9,433.65,433.1,454.3,645632,273575608.6,10494
2026-05-21,INE0DZ101013,SABAR,SM,5.2,5.35,5.2,5.35,5.35,5.1,10000,52750.0,2
2026-05-21,INE1ARD01016,SACHEEROME,SM,339.45,347.0,330.0,339.9,339.9,339.45,25800,8760840.0,49
2026-05-21,INE226H01026,SADBHAV,BE,9.53,9.53,9.09,9.09,9.09,9.56,124304,1143470.12,263
2026-05-21,INE764L01010,SADBHIN,EQ,2.73,2.79,2.72,2.73,2.75,2.73,67017,184197.2,187
2026-05-21,INE888C01040,SADHNANIQ,BE,2.44,2.44,2.36,2.36,2.36,2.4,4346138,10515497.16,645
2026-05-21,INE0K5H01010,SADHAV,SM,110.0,110.0,105.3,110.0,110.0,110.0,3000,327150.0,5
2026-05-21,INE429E01023,SAFARI,EQ,1519.0,1574.4,1490.0,1544.5,1542.0,1495.2,197867,303313293.5,12285
2026-05-21,INE17D601016,SAFEENTP,SM,256.2,268.0,256.2,267.35,265.55,256.2,59500,15726425.0,98
2026-05-21,INE229C01021,SAGCEM,EQ,180.88,182.0,179.5,181.41,181.74,179.82,34287,6202400.72,945
2026-05-21,INE976T01013,SAGARDEEP,EQ,24.0,24.49,23.11,23.74,23.91,23.19,3394,81065.77,72
2026-05-21,INE0W2G01015,SAGILITY,EQ,42.6,42.78,41.3,41.43,41.46,42.1,12357824,516846928.6,28429
2026-05-21,INE0P4701011,SAHAJSOLAR,SM,143.0,143.0,138.3,139.2,138.55,141.25,24800,3478080.0,50
2026-05-21,INE0LEX01011,SAHANA,SM,820.0,820.0,810.0,810.7,810.0,815.0,750,610131.25,6
2026-05-21,INE0RBQ01018,SAHASRA,ST,335.2,355.0,335.2,340.75,340.05,341.15,42400,14725460.0,89
2026-05-21,INE280H01015,SAHYADRI,EQ,310.7,318.0,301.25,302.45,303.0,312.4,4687,1438354.45,269
2026-05-21,INE570L01029,SAILIFE,EQ,1151.0,1153.3,1115.0,1138.1,1138.3,1141.3,554263,626007990.0,23288
2026-05-21,INE0H9F01037,SAIPARENT,EQ,487.0,490.35,477.0,480.1,482.0,480.65,49817,24144755.2,2007
2026-05-21,INE438K01021,KALAMANDIR,EQ,103.5,107.95,103.06,103.68,103.84,102.57,822941,86537110.17,5807
2026-05-21,INE00MT01022,SAJHOTELS,SM,38.75,38.75,38.75,38.75,38.75,39.25,2000,77500.0,1
2026-05-21,INE732S01012,SAKAR,EQ,818.0,818.8,778.0,786.75,789.95,809.0,185465,146437844.0,7992
2026-05-21,INE667G01023,SAKSOFT,EQ,141.63,143.85,137.51,138.47,138.3,140.68,285146,39868762.31,5106
2026-05-21,INE623A01011,SAKHTISUG,EQ,17.98,18.14,17.7,17.84,17.8,17.56,49560,885514.47,408
2026-05-21,INE190H01024,SAKUMA,BE,1.71,1.76,1.71,1.73,1.75,1.76,672436,1163231.85,767
2026-05-21,INE170V01027,SALASAR,EQ,7.08,7.08,6.92,6.95,6.95,6.96,1705888,11924225.16,2580
2026-05-21,INE498E01010,SALONA,EQ,275.05,289.0,270.45,275.15,275.0,275.85,281,79139.2,67
2026-05-21,INE457F01013,SALZERELEC,EQ,713.95,713.95,692.0,701.9,705.0,697.35,55867,39199807.9,3804
2026-05-21,INE699B01027,SAMBHAAV,EQ,7.08,7.08,6.83,6.91,6.98,7.0,178261,1232862.62,220
2026-05-21,INE12NJ01018,SAMBHV,EQ,111.0,112.19,108.0,108.25,108.4,109.47,1070160,117584408.08,8002
2026-05-21,INE0PZA01015,SAIFL,SM,5.5,5.7,5.5,5.7,5.7,5.45,332000,1875200.0,71
2026-05-21,INE08U801020,SAMHI,EQ,148.0,149.6,144.91,146.64,146.3,144.18,573403,84376275.55,6547
2026-05-21,INE148I01020,SAMMAANCAP,EQ,148.19,158.6,148.0,154.26,154.75,141.8,120079677,18492456934.06,304738
2026-05-21,INE735M01018,SAMPANN,EQ,27.49,27.49,26.6,26.71,26.6,26.64,14622,395666.4,212
2026-05-21,INE775A01035,MOTHERSON,EQ,136.02,138.4,133.36,137.0,136.89,132.17,65674007,8956863814.5,236599
2026-05-21,INE0JPD01013,SANATHAN,EQ,397.0,425.0,397.0,414.05,421.95,402.4,33152,13744120.15,1836
2026-05-21,INE782L01012,SANCO,BZ,4.0,4.05,3.67,4.05,4.05,3.86,47380,184821.99,56
2026-05-21,INE583B01015,SANDESH,EQ,1000.0,1030.6,975.3,995.4,988.1,988.2,1279,1286176.0,182
2026-05-21,INE278H01035,SANDHAR,EQ,535.05,604.4,532.0,586.2,585.0,530.35,6383977,3682946194.05,116892
2026-05-21,INE149K01016,SANDUMA,EQ,226.3,232.24,225.0,226.5,225.1,224.67,1590321,364369370.47,25073
2026-05-21,INE495C01010,SANGAMIND,EQ,484.0,494.5,481.5,484.8,483.6,483.45,21207,10325699.0,969
2026-05-21,INE989A01032,SANGHVIMOV,EQ,351.75,378.25,342.3,352.2,353.0,322.1,9427798,3411232947.0,131978
2026-05-21,INE753W01010,SANGINITA,BE,25.95,25.95,25.95,25.95,25.95,25.45,227158,5894750.1,105
2026-05-21,INE0UOS01011,SANOFICONR,EQ,4850.3,4907.9,4648.3,4688.9,4714.0,4854.4,8284,39276314.4,2007
2026-05-21,INE058A01010,SANOFI,EQ,3190.0,3215.3,3180.1,3191.0,3190.0,3190.0,18215,58167650.2,2945
2026-05-21,INE953O01021,SANSERA,EQ,2820.0,2898.0,2740.0,2854.5,2870.0,2486.2,3037959,8551501655.2,231939
2026-05-21,INE08NE01025,SANSTAR,EQ,112.5,120.0,112.5,118.57,118.3,111.95,1471201,173821600.37,13436
2026-05-21,INE890C01046,SANWARIA,BZ,0.25,0.25,0.23,0.24,0.25,0.24,300137,73023.46,167
2026-05-21,INE806T01020,SAPPHIRE,EQ,181.0,183.51,179.0,182.41,181.01,181.05,507368,91974191.5,9357
2026-05-21,INE0PUC01020,SARTELE,SM,143.0,143.0,139.5,140.3,141.4,139.1,36000,5084250.0,55
2026-05-21,INE967G01019,ZSARACOM,EQ,9780.0,9780.0,9300.5,9780.0,9780.0,9780.0,27,261402.0,19
2026-05-21,INE0PQ101010,SSDL,EQ,61.95,61.95,60.1,60.38,60.1,61.43,7724,469980.25,334
2026-05-21,INE385C01021,SARDAEN,EQ,559.5,573.0,557.2,562.05,564.0,554.25,600724,339700397.95,22092
2026-05-21,INE979A01025,SAREGAMA,EQ,416.0,416.0,400.2,406.4,406.0,406.5,2299265,936153153.15,33158
2026-05-21,INE453D01025,SARLAPOLY,EQ,95.4,96.62,93.76,95.61,95.85,95.34,132980,12630444.82,2093
2026-05-21,INE017W01010,SMLT,EQ,76.96,76.96,74.25,74.96,74.9,75.11,9845,737075.25,171
2026-05-21,INE324X01026,SARVESHWAR,BE,3.67,3.7,3.6,3.68,3.65,3.64,735736,2701626.55,1018
2026-05-21,INE231F01020,SASKEN,EQ,1729.0,1769.9,1718.5,1732.5,1728.0,1718.5,61782,107429507.2,6830
2026-05-21,INE0NB801022,SATKARTAR,ST,187.0,188.0,176.0,180.6,181.15,183.45,39200,7107680.0,44
2026-05-21,INE0RFP01011,SSEGL,SM,385.0,385.0,364.55,368.75,369.9,378.35,17200,6352800.0,79
2026-05-21,INE170E01023,SATIA,EQ,64.5,65.48,64.2,64.61,64.55,64.1,56861,3682153.01,559
2026-05-21,INE836B01017,SATIN,EQ,224.0,224.48,215.35,217.62,217.0,222.53,306076,67472455.52,4875
2026-05-21,INE14DW01018,SATTVAENGG,SM,64.65,65.0,59.95,63.75,63.75,57.0,51200,3271600.0,24
2026-05-21,INE626A01014,SAURASHCEM,EQ,60.2,61.43,59.62,61.03,61.19,59.44,86726,5256611.99,666
2026-05-21,INE035D01020,SOTL,EQ,418.9,428.35,411.1,422.65,422.0,417.3,86086,36299000.05,2535
2026-05-21,INE0UCN01017,SAVY,SM,162.5,165.0,160.0,163.85,163.85,164.5,15600,2541180.0,11
2026-05-21,INE10VS01016,SAWALIYA,SM,272.95,281.25,267.0,280.3,280.3,270.05,55200,15281700.0,82
2026-05-21,INE318C01014,SAYAJIHOTL,EQ,285.0,285.0,282.8,282.95,283.0,285.0,5,1418.8,4
2026-05-21,INE04AK01028,SBC,EQ,35.69,38.31,35.66,37.88,37.77,35.46,30006628,1114858612.05,26750
2026-05-21,INE423Y01016,SBFC,EQ,91.44,92.28,90.91,91.4,91.0,90.59,312782,28637099.5,4516
2026-05-21,INE018E01016,SBICARD,EQ,627.05,633.7,616.45,620.2,618.8,624.35,1604313,997078196.0,26345
2026-05-21,INE123W01016,SBILIFE,EQ,1869.9,1876.4,1854.9,1859.9,1857.5,1864.2,383464,714689757.2,36408
2026-05-21,INF200KA16D8,SETFGOLD,EQ,131.61,135.87,131.61,134.9,134.71,134.33,2795572,377158461.26,9194
2026-05-21,INF200KA1FS1,SETFNIF50,EQ,253.38,256.19,252.51,253.09,253.33,253.38,1486068,376726058.31,12152
2026-05-21,INF200KA1580,SETFNIFBK,EQ,562.88,562.88,544.8,548.04,548.2,549.16,62714,34444153.18,928
2026-05-21,INF200KA1598,SETFNN50,EQ,749.6,749.6,740.51,743.76,740.51,739.87,16000,11921472.32,869
2026-05-21,INF200KA13Z8,LIQUIDSBI,EQ,1000.0,1000.01,999.99,1000.0,999.99,1000.0,27053,27052820.89,35
2026-05-21,INF200KB1712,SBIBPB,EQ,47.28,47.47,46.03,46.39,46.03,46.42,460542,21434847.75,639
2026-05-21,INF200KA1X17,SBIETFCON,EQ,117.31,118.97,116.08,116.27,116.74,116.15,3129,364430.79,75
2026-05-21,INF200KA1S14,SBIETFIT,EQ,325.0,325.0,319.53,320.78,324.7,323.93,8994,2889066.15,213
2026-05-21,INF200KA1S22,SBIETFPB,EQ,269.9,269.9,263.5,265.42,266.91,265.39,781,207239.67,60
2026-05-21,INF200KA1WX6,SBIETFQLTY,EQ,219.71,220.74,218.58,219.34,219.47,219.45,1010,221834.42,40
2026-05-21,INF200KB1969,SBILIQETF,EQ,1039.67,1039.67,1039.65,1039.65,1039.65,1039.52,63105,65607999.38,41
2026-05-21,INF200KB1AJ0,SBIMIDMOM,EQ,63.57,63.57,62.01,62.48,62.61,62.67,7295,458121.33,82
2026-05-21,INF200KB1282,SBINEQWETF,EQ,32.99,32.99,32.36,32.58,32.62,32.74,15645,513078.74,536
2026-05-21,INF200KB1AK8,SBINMID150,EQ,22.58,22.99,22.42,22.5,22.51,22.47,172997,3913906.58,237
2026-05-21,INF200KB1217,SBISILVER,EQ,261.99,261.99,256.24,257.71,257.99,258.89,915930,236274089.84,6888
2026-05-21,INF200KA1JT1,SETF10GILT,EQ,257.13,257.97,256.78,257.42,257.43,257.13,8666,2228726.49,40
2026-05-21,INE099G01011,SCANSTL,EQ,38.44,39.28,38.44,38.94,39.27,38.44,21325,830536.05,272
2026-05-21,INE513A01022,SCHAEFFLER,EQ,4046.0,4144.9,4046.0,4088.9,4107.0,4014.9,56408,232026811.3,11027
2026-05-21,INE839M01018,SCHNEIDER,EQ,1343.0,1350.1,1295.0,1325.3,1330.0,1300.0,219635,291707910.6,9537
2026-05-21,INE148I07VZ2,1025SCL35A,N1,1000.0,1000.0,1000.0,1000.0,1000.0,1033.0,10,10000.0,1
2026-05-21,INE148I07XG8,865SCL27,N4,990.0,990.0,990.0,990.0,990.0,990.0,200,198000.0,6
2026-05-21,INE148I07VH0,948SCL27R,N1,997.0,997.0,997.0,997.0,997.0,997.0,3,2991.0,1
2026-05-21,INE148I07VR9,99SCL27V,N1,996.9,1020.0,996.9,1012.2,1005.0,999.0,20,20145.0,5
2026-05-21,INE090501011,SCODATUBES,EQ,141.5,146.0,140.11,142.92,141.85,139.49,140681,20184984.43,2563
2026-05-21,IN1020240405,733AP43A,SG,104.9,104.9,104.9,104.9,104.9,100.0,100,10490.0,1
2026-05-21,IN1520230153,758GJ32,SG,99.9,99.95,99.9,99.95,99.95,99.95,1100,109935.0,2
2026-05-21,IN2220260060,779MH54,SG,97.5,97.5,97.5,97.5,97.5,95.0,100,9750.0,1
2026-05-21,IN2920260022,806RJ57,SG,100.0,100.0,100.0,100.0,100.0,100.0,200,20000.0,2
2026-05-21,INE027E07972,935LTF29,N5,1090.0,1090.0,1090.0,1090.0,1090.0,1080.14,35,38150.0,1
2026-05-21,INE497B01018,SEAMECLTD,EQ,1617.0,1636.8,1567.9,1587.1,1593.0,1617.2,77869,123929755.2,9157
2026-05-21,INE530B07351,IIFLZC26B,NY,1260.0,1260.0,1260.0,1260.0,1260.0,1258.0,140,176400.0,7
2026-05-21,INE530B07187,IIFLZC26,NN,1456.71,1456.8,1456.71,1456.8,1456.8,1456.71,97,141305.19,5
2026-05-21,INE741K07496,10CAGL27,N5,1029.99,1029.99,1029.99,1029.99,1029.99,1030.0,27,27809.73,1
2026-05-21,INE413U07269,1003ISFL28,N4,1023.0,1023.0,1000.01,1001.01,1001.01,1016.0,26,26108.15,5
2026-05-21,INE244L07523,890SFIL23A,NZ,440.0,440.0,440.0,440.0,440.0,440.0,10,4400.0,1
2026-05-21,INE583D07521,1025UCL26A,N1,1004.0,1004.0,995.0,995.0,995.0,990.0,413,411025.0,11
2026-05-21,INE148I07SQ7,1025SCL34,Z8,985.0,985.0,985.0,985.0,985.0,976.01,80,78800.0,1
2026-05-21,INE244L07283,1030SFIL28,NM,600.0,600.0,600.0,600.0,600.0,600.0,2,1200.0,1
2026-05-21,INE342T07460,1065NFL27,NC,1010.0,1010.0,1010.0,1010.0,1010.0,1010.0,10,10100.0,1
2026-05-21,INE148I07SR5,1075SCFL34,Z6,1000.2,1030.0,1000.0,1030.0,1030.0,1040.0,1050,1051510.0,16
2026-05-21,INE148I07PT7,1075SCL33A,N2,898.0,898.0,898.0,898.0,898.0,922.0,1,898.0,1
2026-05-21,INE148I07TP7,1075SCL34,ZR,1050.0,1050.0,1050.0,1050.0,1050.0,1055.0,3,3150.0,1
2026-05-21,INE0H7R07017,79NHIT35,N1,306.9,306.9,304.6,304.6,304.6,306.61,50,15264.5,3
2026-05-21,INE0H7R07025,79NHIT40,N2,307.0,307.0,305.26,305.26,305.26,307.0,47,14366.36,4
2026-05-21,INE0H7R07033,79NHIT47,N3,414.0,414.0,411.0,411.25,411.25,413.55,237,97510.75,12
2026-05-21,INE219X07264,82IGT31,NJ,1017.0,1025.0,1017.0,1025.0,1025.0,1007.37,405,411925.0,4
2026-05-21,INE121A07QY9,840CIFCL28,N4,1007.25,1007.25,1007.25,1007.25,1007.25,1007.1,500,503625.0,2
2026-05-21,INE121A07RO8,850CIFCL26,NE,1031.0,1031.0,1031.0,1031.0,1031.0,1043.0,2,2062.0,1
2026-05-21,INE477L07BB2,865IHFL27,N1,975.0,975.0,975.0,975.0,975.0,975.01,20,19500.0,1
2026-05-21,INE530B07385,865IFL28,NZ,982.5,982.5,982.5,982.5,982.5,982.5,100,98250.0,1
2026-05-21,INE530B07310,865IIFL28,NS,992.0,992.0,990.0,990.0,990.0,991.0,248,245916.0,4
2026-05-21,INE148I07LE8,889SCFL27,YC,996.85,996.85,980.7,996.85,996.85,997.02,29,28811.75,4
2026-05-21,INE338I07164,897MOFSL29,N4,1035.0,1035.0,1035.0,1035.0,1035.0,1032.7,33,34155.0,2
2026-05-21,INE477L07BC0,9IHFL27,N1,1034.29,1034.29,1034.29,1034.29,1034.29,1002.2,92,95154.68,1
2026-05-21,INE338I07149,91MOFSL27,N2,1010.0,1010.0,1010.0,1010.0,1010.0,1012.0,10,10100.0,1
2026-05-21,INE148I07ML1,905SC24B,Z9,980.0,990.0,980.0,990.0,990.0,960.55,83,81530.0,3
2026-05-21,INE148I07LT6,925SCL27,YR,991.2,991.2,991.2,991.2,991.2,977.25,30,29736.0,1
2026-05-21,INE338I07115,93MOFSL34,N6,1069.0,1069.0,1069.0,1069.0,1069.0,1069.11,215,229835.0,3
2026-05-21,INE148I07ND6,965SCL25C,N0,447.0,447.0,447.0,447.0,447.0,500.0,1509,674523.0,14
2026-05-21,INE148I07QK4,948SCL26A,NN,348.98,348.98,348.98,348.98,348.98,348.99,6,2093.88,2
2026-05-21,INE148I07ME6,915SCL27,Z7,1037.8,1037.8,1037.8,1037.8,1037.8,1037.8,2,2075.6,1
2026-05-21,INE423A07336,956AEL29,N6,1120.0,1120.0,1120.0,1120.0,1120.0,1041.0,1,1120.0,1
2026-05-21,INE413U07236,957ISFL26,N2,992.0,992.0,992.0,992.0,992.0,999.75,10,9920.0,1
2026-05-21,INE423A07328,965AEL27,N4,1070.7,1070.7,1070.5,1070.5,1070.5,1070.1,40,42824.0,3
2026-05-21,INE741K07579,970CAGL28,ND,1029.0,1029.0,1025.5,1025.5,1025.5,1029.0,50,51345.0,3
2026-05-21,INE148I07SN4,971SCL29,Z0,1000.0,1000.0,1000.0,1000.0,1000.0,1000.0,500,500000.0,2
2026-05-21,INE148I07NV8,971SCL28,AN,511.0,511.0,509.7,509.7,509.7,511.0,109,55558.6,2
2026-05-21,INE423A07344,99AEL29,N7,1110.0,1114.9,1110.0,1114.8,1114.8,1100.0,26,28917.7,4
2026-05-21,INE121A07RN0,CIFCZC28,NH,1215.0,1215.0,1215.0,1215.0,1215.0,1215.0,7,8505.0,1
2026-05-21,INE423A07369,AEL120924,N2,1150.0,1150.0,1150.0,1150.0,1150.0,1155.0,15,17250.0,1
2026-05-21,INE148I07TM4,SCL310524A,ZK,1180.0,1180.0,1180.0,1180.0,1180.0,1192.0,1,1180.0,1
2026-05-21,INE741K07504,CAGL27A,N6,1408.8,1408.8,1408.8,1408.8,1408.8,1408.8,200,281760.0,1
2026-05-21,INE530L07228,10NIDO26,N6,1078.0,1079.0,1078.0,1079.0,1079.0,1079.95,203,218984.0,5
2026-05-21,INE804IA7014,1015ECL29,NR,1025.0,1025.0,1023.0,1023.0,1023.0,1024.0,210,215230.0,4
2026-05-21,INE148I07GJ7,865SCL26,N8,993.0,993.0,993.0,993.0,993.0,990.0,11,10923.0,3
2026-05-21,INE721A07PK7,875SFL27,ZF,1019.99,1019.99,1019.99,1019.99,1019.99,1019.99,10,10199.9,1
2026-05-21,INE148I07GK5,885SCL26,N9,1048.0,1053.0,1048.0,1052.85,1053.0,1052.5,1155,1214471.5,8
2026-05-21,INE148I07GL3,9SCL26BA,,1052.0,1052.04,1052.0,1052.04,1052.04,1054.48,125,131501.0,4
2026-05-21,INE721A07OC7,930SFL28,YP,1087.0,1087.0,1087.0,1087.0,1087.0,1085.0,8,8696.0,1
2026-05-21,INE721A07PA8,931SFL26,Z5,1009.0,1009.0,994.0,994.0,994.0,1009.0,56,56399.0,2
2026-05-21,INE721A07NX5,94SFL28,YL,1109.0,1109.0,1109.0,1109.0,1109.0,1121.9,50,55450.0,1
2026-05-21,INE530L07210,957NIDO26,N5,1000.0,1000.0,1000.0,1000.0,1000.0,994.3,1,1000.0,1
2026-05-21,INE721A07PE0,97SFL26,Z9,1070.0,1080.0,1070.0,1079.0,1079.0,1070.0,722,777493.0,10
2026-05-21,INE804I079Y6,985ECL28,NK,1073.5,1073.5,1061.5,1061.5,1061.5,1069.99,704,749785.09,6
2026-05-21,INE530L07236,NIDOZC26,N7,2535.0,2539.0,2535.0,2539.0,2539.0,2535.0,75,190235.0,9
2026-05-21,INE0BTM01013,SECMARK,EQ,121.95,124.4,121.2,123.1,124.4,122.71,1079,132351.39,55
2026-05-21,INE650K01021,SECURKLOUD,EQ,20.8,22.0,20.8,21.95,21.97,21.56,11044,235347.83,100
2026-05-21,INE00XB01019,SEDEMAC,EQ,2060.0,2175.0,1971.8,1992.1,1988.1,2079.4,267755,548938055.0,23983
2026-05-21,INE955I01044,SEJALLTD,BE,797.45,797.5,770.5,786.4,795.0,770.5,5859,4591825.5,160
2026-05-21,INE105I01020,SELMC,EQ,29.53,30.32,29.1,29.56,29.51,29.5,6757,200257.26,138
2026-05-21,INE0IJF01013,SELLOWRAP,SM,71.0,71.0,71.0,71.0,71.0,70.8,1600,113600.0,1
2026-05-21,INE617A01013,SEMAC,BE,318.25,325.5,318.25,323.4,322.3,335.0,3467,1109400.25,108
2026-05-21,INE602W01027,SENCO,EQ,341.5,355.5,340.0,345.7,342.8,338.7,1683517,587520788.25,35200
2026-05-21,INE0RB801010,SENORES,EQ,1095.0,1127.8,1095.0,1109.35,1108.0,1083.7,306685,340724703.85,18881
2026-05-21,INE964H01014,SEPC,EQ,7.41,7.57,7.37,7.44,7.42,7.32,5759812,42970776.8,4149
2026-05-21,INE027E07BC8,865LTF26,NN,1037.51,1037.51,1037.51,1037.51,1037.51,1037.51,160,166001.6,4
2026-05-21,INE027E07998,898LTF29,N7,1079.0,1079.0,1079.0,1079.0,1079.0,1079.99,4,4316.0,4
2026-05-21,INE306N07LM5,865TCAPS27,N8,1073.0,1083.0,1030.0,1075.0,1075.0,1073.0,2416,2531870.91,28
2026-05-21,INE0P1Q01015,SERVICE,SM,50.1,50.1,50.1,50.1,50.1,50.35,2000,100200.0,1
2026-05-21,INE782X01033,SERVOTECH,EQ,93.0,96.6,92.81,94.16,93.71,92.78,1543129,146194878.4,12171
2026-05-21,INE04VU01023,STYL,EQ,260.27,264.95,257.0,261.82,260.77,254.92,156062,40739251.31,4052
2026-05-21,INE630A01024,SESHAPAPER,EQ,236.9,237.8,231.0,235.85,237.8,232.75,12414,2902418.85,689
2026-05-21,INE878E01021,SETCO,BE,25.45,25.45,25.45,25.45,25.45,24.96,75856,1930535.2,60
2026-05-21,INE573R01012,SEYAIND,BE,15.34,15.64,15.04,15.48,15.5,15.34,10597,165060.01,98
2026-05-21,INE618R01015,SGFIN,EQ,570.0,578.9,561.0,576.7,577.0,560.7,154874,88190168.0,4964
2026-05-21,INE385F01024,SGMART,EQ,631.75,638.1,611.8,618.1,620.5,621.65,517865,324148797.4,11704
2026-05-21,INE12UN01015,SHADOWFAX,EQ,195.33,211.77,194.99,205.42,205.0,195.33,9531358,1967153524.95,110440
2026-05-21,INE640C01011,SHAHALLOYS,EQ,70.02,71.25,69.99,70.01,69.99,69.33,1651,115739.2,43
2026-05-21,INE482J01021,SHAH,EQ,5.16,5.25,5.07,5.21,5.24,5.05,1860512,9661245.64,1196
2026-05-21,INE151G01028,SHAILY,EQ,2750.0,2795.0,2665.0,2752.5,2742.0,2733.8,284516,777716183.8,28975
2026-05-21,INE908D01010,SHAKTIPUMP,EQ,509.5,517.5,499.5,503.0,501.3,504.4,615576,311808310.85,21744
2026-05-21,INE597J01018,SHALBY,EQ,169.6,173.58,168.0,170.49,170.93,166.75,132146,22569903.69,2659
2026-05-21,INE861D01011,SAHLIBHFI,EQ,73.0,73.0,71.0,72.19,72.5,71.72,2170,157500.29,52
2026-05-21,INE849C01026,SHALPAINTS,EQ,49.99,50.97,49.5,49.98,49.5,49.66,16048,807800.06,289
2026-05-21,INE01NE01012,SRD,EQ,42.65,43.5,41.53,42.58,42.2,41.34,26203,1123699.08,182
2026-05-21,INE274V01019,SHANKARA,BE,122.7,124.0,122.7,124.0,124.0,125.2,25509,3144036.4,76
2026-05-21,INE24OJ01011,BUILDPRO,EQ,1115.0,1115.9,1045.0,1058.0,1052.0,1094.0,67865,73390737.7,4090
2026-05-21,INE0Q9Q01017,SHANTHALA,SM,25.0,25.0,24.05,24.05,24.05,25.0,3600,87720.0,3
2026-05-21,INE631A01022,SHANTIGEAR,EQ,441.0,445.25,441.0,442.15,441.15,442.75,5959,2638228.5,316
2026-05-21,INE440T01028,SEIL,EQ,201.25,204.49,194.51,197.71,198.1,199.54,467699,93200902.95,14890
2026-05-21,INE06ZD01017,SHANTIGOLD,EQ,223.25,233.75,218.4,227.45,224.75,221.24,2127296,481480317.19,16673
2026-05-21,INE933X01016,SHANTI,EQ,6.79,6.79,6.41,6.67,6.55,6.65,30068,199781.58,103
2026-05-21,INE220Z01013,SHINDL,EQ,155.46,162.0,151.69,156.31,158.5,154.97,130812,20234598.83,935
2026-05-21,INE221J01015,SHARDACROP,EQ,903.0,928.5,895.7,906.4,904.0,890.2,351195,320356494.6,15787
2026-05-21,INE597I01028,SHARDAMOTR,EQ,900.0,928.0,888.0,906.5,912.0,884.3,200859,182953380.45,12780
2026-05-21,INE037B01020,SHARDUL,EQ,28.86,28.89,26.0,26.57,28.39,28.98,7386,197973.71,63
2026-05-21,INE932X01026,SHAREINDIA,EQ,148.2,149.0,143.1,144.96,144.35,146.55,503580,73290162.82,5088
2026-05-21,INE460Q01014,SCML,SM,102.15,107.5,93.4,94.55,93.4,113.2,149000,14950550.0,118
2026-05-21,INE0YJV01017,SHEEL,SM,43.0,43.0,42.1,42.1,42.1,42.95,4000,170200.0,2
2026-05-21,INE916U01025,SFL,EQ,589.3,602.0,578.8,595.45,596.0,585.75,282695,166797513.45,13043
2026-05-21,INE501Y01019,SCPL,BE,464.0,467.8,441.15,461.8,465.0,451.3,44431,20112451.75,320
2026-05-21,INE04VX01019,SHEETAL,SM,294.0,297.75,288.0,297.6,297.5,295.25,4500,1322375.0,9
2026-05-21,INE268L01046,SHEKHAWATI,BE,13.59,14.4,13.24,13.81,13.85,13.87,17865,243496.27,63
2026-05-21,INE363M01019,SHEMAROO,EQ,99.8,99.8,95.45,96.33,97.49,95.37,5157,499456.06,85
2026-05-21,INE0MM001019,SHERA,ST,171.2,172.9,168.25,172.0,172.0,167.2,12000,2048400.0,12
2026-05-21,INE03KJ01013,SHIGAN,ST,87.0,88.0,83.0,88.0,88.0,86.95,7500,647100.0,5
2026-05-21,INE024F01011,SHILCTECH,EQ,4180.0,4216.0,4111.0,4143.5,4129.0,4119.0,19317,80315936.5,4127
2026-05-21,INE790G01031,SHILPAMED,EQ,479.9,486.85,468.05,474.65,476.0,476.3,634358,303209196.4,18008
2026-05-21,INE0PB301013,SCILAL,EQ,47.0,47.2,45.2,45.88,46.0,46.25,636418,29416486.38,3032
2026-05-21,INE109A01011,SCI,EQ,330.0,334.6,326.0,327.25,326.8,327.15,3416976,1128395441.8,32834
2026-05-21,INE719F01016,SHIVAUM,EQ,333.2,333.2,333.2,333.2,333.2,333.2,30,9996.0,5
2026-05-21,INE644Y01017,SHIVAMILLS,BE,64.8,66.99,62.1,66.9,66.9,65.36,2523,162445.38,27
2026-05-21,INE705C01020,SHIVATEX,EQ,173.01,181.0,167.25,169.42,169.79,173.01,5904,1021018.53,160
2026-05-21,INE0T7B01010,SPCL,SM,75.65,75.95,74.0,74.5,74.05,76.45,17400,1303530.0,27
2026-05-21,INE386D01027,SBCL,EQ,680.0,696.85,674.5,686.95,685.85,664.8,490184,335725960.15,16930
2026-05-21,INE788J01021,SHIVALIK,EQ,253.75,260.7,252.3,254.9,253.35,251.55,21947,5615097.85,1049
2026-05-21,INE637H01024,SHIVAMAUTO,BE,18.48,18.65,18.05,18.25,18.1,18.0,28991,526397.08,122
2026-05-21,INE1DLF01018,SHIVASHRIT,SM,129.0,129.0,119.15,120.95,119.15,129.0,26000,3186200.0,20
2026-05-21,INE498B01024,SHOPERSTOP,EQ,334.95,340.45,326.25,329.3,326.35,334.8,43966,14606843.95,2886
2026-05-21,INE715Y01031,SHRADHA,EQ,36.7,36.79,35.75,36.1,36.1,36.78,2173,79109.77,91
2026-05-21,INE712K01011,SHREEPUSHK,EQ,363.0,367.05,340.75,342.05,340.75,357.0,126193,44286755.0,4181
2026-05-21,INE185C01017,SAPPL,EQ,314.0,319.0,300.9,310.95,310.95,295.6,2104,655630.65,65
2026-05-21,INE070A01015,SHREECEM,EQ,24510.0,24870.0,24400.0,24605.0,24590.0,24420.0,11833,291858110.0,5284
2026-05-21,INE232A01011,SHREDIGCEM,EQ,71.5,71.59,70.26,70.68,70.65,70.58,37448,2653619.38,764
2026-05-21,INE0S4Y01010,SHREEKARNI,SM,430.0,442.5,430.0,437.8,440.0,430.0,2100,912967.5,9
2026-05-21,INE02S501018,SHREEOSFM,SM,65.35,67.1,60.35,61.95,61.0,68.5,22000,1389200.0,22
2026-05-21,INE19GK01015,SRTL,EQ,45.18,45.18,43.8,44.03,44.25,44.33,32736,1444390.26,494
2026-05-21,INE879A01019,SHREERAMA,EQ,42.9,46.45,42.62,45.97,46.24,43.02,255296,11485520.93,1727
2026-05-21,INE278B01020,RAMANEWS,EQ,30.0,30.4,28.99,29.37,29.28,29.71,28687,842156.53,220
2026-05-21,INE087H01022,RENUKA,EQ,24.49,24.6,23.87,23.93,23.92,24.28,6641414,160491184.99,13461
2026-05-21,INE0S2G01011,BALAJEE,EQ,30.8,31.49,30.3,30.38,30.58,30.85,179814,5514333.4,396
2026-05-21,INE00CE01017,SVLL,EQ,565.95,579.95,541.4,561.35,562.0,555.3,218,122647.05,79
2026-05-21,INE1FL101016,SHETHJI,SM,174.0,185.0,174.0,176.9,178.0,173.05,102000,18262950.0,84
2026-05-21,INE1B6101010,SHREEJISPG,EQ,442.0,445.9,431.0,437.4,436.0,437.35,824861,361001759.35,4674
2026-05-21,INE00IK01029,OSWALSEEDS,EQ,12.06,12.4,12.06,12.07,12.07,12.0,48694,588873.89,117
2026-05-21,INE0GTI23014,SHREMINVIT,IV,96.0,96.0,96.0,96.0,96.0,100.0,25000,2400000.0,1
2026-05-21,INE632X01030,SHRENIK,BZ,0.38,0.38,0.37,0.37,0.38,0.37,300598,113112.96,149
2026-05-21,INE231C01019,SHREYANIND,EQ,152.3,157.1,146.02,152.78,157.0,156.27,23852,3576002.13,782
2026-05-21,INE0DM401012,SHRIAHIMSA,SM,290.0,298.8,290.0,291.0,291.0,290.0,16200,4747500.0,26
2026-05-21,INE402H01015,SHBAJRG,EQ,173.6,173.6,153.02,158.0,158.39,160.04,2846,453093.7,236
2026-05-21,INE997I01012,SHRIKRISH,EQ,45.7,45.7,42.15,43.2,44.98,42.11,614,26917.8,37
2026-05-21,INE0OMF01015,SHRITECH,SM,68.05,74.7,68.0,74.7,74.7,75.0,18000,1252300.0,8
2026-05-21,INE1B3L01017,SHRINGARMS,EQ,212.39,212.49,208.16,208.93,208.6,209.99,454792,95556355.29,3769
2026-05-21,INF680P01422,LIQUIDSHRI,EQ,1105.14,1105.16,1105.14,1105.14,1105.14,1105.0,3500,3867994.98,18
2026-05-21,INE721A01047,SHRIRAMFIN,EQ,935.0,941.9,910.0,914.75,915.7,923.45,4598094,4232132913.8,93590
2026-05-21,INE526E01018,SHRIPISTON,EQ,3300.0,3336.1,3260.0,3278.8,3289.9,3281.8,25164,82823779.4,4041
2026-05-21,INE217L01019,SHRIRAMPPS,EQ,82.33,83.5,81.7,83.16,83.07,81.67,489829,40517252.19,3597
2026-05-21,INE01Z401013,SHUBHLAXMI,SM,21.25,21.25,20.1,20.15,20.1,21.0,3000,61600.0,3
2026-05-21,INE0UL701015,SHUBHSHREE,SM,300.0,300.0,300.0,300.0,300.0,303.0,300,90000.0,1
2026-05-21,INE979R01011,SHYAMCENT,EQ,4.9,5.08,4.81,4.95,5.05,4.98,177201,870257.59,428
2026-05-21,INE1CRP01016,SHYAMDHANI,SM,62.0,62.0,61.3,61.3,61.3,62.0,4000,246600.0,2
2026-05-21,INE810G01011,SHYAMMETL,EQ,933.0,938.0,919.55,934.75,931.0,922.6,949046,884749780.2,15485
2026-05-21,INE635A01023,SHYAMTEL,BE,20.1,20.11,20.1,20.1,20.1,20.51,768,15437.35,10
2026-05-21,INE176J01011,SICAGEN,EQ,53.6,55.5,51.13,53.16,52.85,52.41,9355,500109.6,133
2026-05-21,INE075B01020,SICALLOG,BE,63.0,64.95,63.0,64.85,64.85,64.27,3479,223813.02,50
2026-05-21,INE0SVO01019,SIDDHICOTS,ST,29.95,30.5,29.95,30.5,30.5,30.5,4800,145680.0,3
2026-05-21,INE0A1E01018,SIDDHIKA,SM,228.0,228.0,220.0,227.95,227.95,231.35,3500,784525.0,6
2026-05-21,INE1NPP01017,ENRIN,EQ,3485.0,3684.6,3480.0,3574.5,3546.0,3459.6,2115768,7637405976.8,136664
2026-05-21,INE003A01024,SIEMENS,EQ,3739.0,3780.0,3710.8,3720.6,3723.0,3696.4,346583,1297729744.9,27633
2026-05-21,INE0D0K01022,SIGACHI,BE,21.0,21.05,20.3,20.39,20.37,20.43,382407,7872622.7,988
2026-05-21,INE933B01012,SIGMAADV,BE,332.95,332.95,331.0,332.95,332.95,317.1,109984,36618620.3,523
2026-05-21,INE0A0S01028,SIGMA,EQ,40.07,40.89,38.25,39.1,38.85,39.28,49505,1956680.82,1406
2026-05-21,INE903U01023,SIGNATURE,EQ,838.0,838.0,819.35,821.85,825.0,820.75,164048,136252417.3,3056
2026-05-21,INE529F01035,SIGIND,EQ,50.0,51.45,48.8,49.65,50.1,48.5,7473,376380.73,190
2026-05-21,INE0RDE01010,SIGNORIA,SM,58.1,58.1,58.1,58.1,58.1,61.1,1000,58100.0,1
2026-05-21,INE0KGZ01021,SIGNPOST,EQ,286.9,289.95,272.35,282.3,287.7,281.35,46839,13287134.9,1181
2026-05-21,INE438E01032,SIKA,EQ,915.5,938.3,902.3,918.9,910.1,905.2,16813,15511563.8,1897
2026-05-21,INE112X01025,SIKKO,EQ,4.54,4.54,4.38,4.41,4.42,4.38,155123,684921.72,410
2026-05-21,INE923A01015,SILINV,EQ,446.95,447.0,430.0,434.8,435.85,441.95,6436,2808169.4,228
2026-05-21,INE01II01013,SILGO,EQ,77.0,78.8,74.2,74.55,74.9,80.15,529415,39962643.66,2921
2026-05-21,INE0STN01015,SILKFLEX,ST,200.0,200.0,196.9,200.0,200.0,207.25,4000,793800.0,4
2026-05-21,INE0SN801015,SILKY,SM,114.0,114.0,114.0,114.0,114.0,113.8,3200,364800.0,2
2026-05-21,INE203Y01012,SILLYMONKS,EQ,15.99,16.11,15.01,15.36,15.36,15.57,11727,178371.7,86
2026-05-21,INE625X01026,SILVERTUC,EQ,150.0,152.67,142.08,142.5,143.4,149.55,315681,45265954.67,2358
2026-05-21,INE1K4J01018,SIMCA,ST,158.9,163.85,153.0,160.95,163.85,156.05,178200,28848210.0,162
2026-05-21,INE059B01024,SIMPLEXINF,EQ,219.0,222.4,213.0,215.14,214.2,217.01,37429,8081410.63,849
2026-05-21,INE985A01022,SINCLAIR,EQ,76.08,78.54,73.71,74.52,74.16,75.89,79605,6014766.59,2591
2026-05-21,INE325D01025,SINDHUTRAD,EQ,27.2,28.2,26.36,26.54,26.5,26.83,13732879,373190618.8,20500
2026-05-21,INE638A01035,SINGERIND,EQ,68.5,73.0,67.06,72.26,73.0,66.87,69149,4911687.55,1364
2026-05-21,INE129Z01016,SINTERCOM,EQ,80.0,80.0,75.9,78.79,79.0,77.56,8000,623551.98,906
2026-05-21,INE792Z01011,SIRCA,EQ,424.7,428.55,417.05,420.45,420.45,420.4,827946,348643239.3,6154
2026-05-21,INE285J01028,SIS,EQ,394.1,399.5,388.3,391.8,388.3,395.0,54536,21512092.95,5146
2026-05-21,INE965H01011,SITINET,BZ,0.34,0.34,0.32,0.32,0.34,0.33,284935,95013.16,183
2026-05-21,INE076B01028,SIYSIL,EQ,584.4,598.95,574.55,590.75,590.1,573.25,372211,218345912.85,10827
2026-05-21,INE284S01014,SJS,EQ,1974.2,1992.2,1938.7,1969.6,1970.0,1966.4,63674,125253108.7,7082
2026-05-21,INE002L01015,SJVN,EQ,74.0,74.59,73.24,73.47,73.43,73.58,2179822,160956835.59,14154
2026-05-21,INE2J8701016,SKFINDUS,EQ,2068.8,2150.0,2053.5,2134.6,2138.0,2064.7,8647,18191205.5,1785
2026-05-21,INE640A01023,SKFINDIA,EQ,1680.0,1713.0,1662.0,1699.4,1695.0,1654.8,22997,39047943.1,5059
2026-05-21,INE439E01022,SKIPPER,EQ,467.9,473.95,457.05,459.4,459.9,464.15,301799,140184256.8,9297
2026-05-21,INE411D01023,SKMEGGPROD,EQ,197.51,199.45,192.81,197.17,198.0,196.97,265097,51885822.42,3517
2026-05-21,INE0KZA01016,SKP,SM,177.65,178.0,171.2,172.75,172.05,177.65,9500,1660825.0,16
2026-05-21,INE01IU01018,SKYGOLD,EQ,475.0,475.0,462.7,465.35,470.0,466.3,737645,345375843.0,12105
2026-05-21,INE0SMA01017,SLONE,SM,180.0,180.0,180.0,180.0,180.0,172.0,400,72000.0,1
2026-05-21,INE14GK01016,SMARTEN,SM,50.5,50.75,50.0,50.75,50.75,49.75,6000,302340.0,5
2026-05-21,INE178C01020,SMARTLINK,BE,169.8,169.8,162.25,164.49,166.0,162.09,9860,1630812.48,99
2026-05-21,INE0NAZ01010,SMARTWORKS,EQ,442.35,451.7,437.05,442.6,446.9,442.85,59719,26658528.0,2043
2026-05-21,INE103C01036,SMCGLOBAL,EQ,63.01,63.8,62.4,62.66,62.8,62.85,74876,4701717.51,942
2026-05-21,INE294B01019,SMLMAH,EQ,3810.0,3834.8,3736.1,3796.3,3770.0,3744.0,53694,203651626.5,6859
2026-05-21,INE812G01025,SMSPHARMA,EQ,428.5,432.8,422.1,425.85,424.1,424.3,251492,107617844.45,5708
2026-05-21,INE1OIC01018,SNEHAA,ST,42.15,42.15,42.0,42.0,42.0,43.0,3000,126150.0,3
2026-05-21,INE734N01019,SNOWMAN,EQ,38.5,38.5,37.51,37.93,38.19,37.45,99288,3768502.21,1023
2026-05-21,INE671H01015,SOBHA,EQ,1379.1,1411.4,1366.0,1390.1,1390.0,1371.6,92941,129108069.6,8737
2026-05-21,INE728Z01015,SOFTTECH,BE,411.0,411.0,400.05,402.05,402.05,404.85,918,374558.9,13
2026-05-21,INE343H01029,SOLARINDS,EQ,18301.0,18699.0,18250.0,18392.0,18398.0,18210.0,195807,3609790014.0,44528
2026-05-21,INE624Z01016,SOLARA,EQ,580.0,580.0,558.55,564.25,563.15,573.65,183486,103765207.45,6173
2026-05-21,INE0TY101024,SOLARWORLD,EQ,201.0,209.89,201.0,207.0,207.13,199.5,130638,26933595.59,1964
2026-05-21,INE880Y01017,SOLEX,EQ,1339.7,1342.6,1300.1,1309.7,1309.0,1308.9,35746,47256401.5,3569
2026-05-21,INE480C01038,SDBL,EQ,86.5,86.99,84.79,85.37,85.29,85.42,283404,24364207.52,3985
2026-05-21,INE314C01013,SOMATEX,EQ,101.0,107.48,101.0,102.16,101.56,100.88,9374,964429.32,181
2026-05-21,INE355A01028,SOMANYCERA,EQ,519.0,552.45,512.4,517.05,518.4,519.3,366242,195537791.25,11981
2026-05-21,INE323J01019,SOMICONVEY,EQ,106.3,106.3,97.68,100.41,100.4,110.87,88151,8943953.24,1738
2026-05-21,INE073K01018,SONACOMS,EQ,589.25,596.05,581.0,584.3,582.2,588.6,763533,448165357.55,24827
2026-05-21,INE321M01017,SONAL,EQ,92.0,92.0,92.0,92.0,92.0,92.0,1,92.0,1
2026-05-21,INE00LM01029,SONAMLTD,EQ,57.0,57.94,55.16,56.86,57.0,57.0,46523,2613732.11,1280
2026-05-21,INE269A01021,SONATSOFTW,EQ,269.0,271.65,266.35,269.7,269.5,267.05,364886,98231221.75,9166
2026-05-21,INE0JZA01018,SONUINFRA,SM,48.05,52.5,48.05,52.5,52.5,50.0,3000,150825.0,2
2026-05-21,INE980Y01015,SOUTHWEST,EQ,245.87,261.2,240.1,255.98,257.8,244.53,787686,201567579.84,13816
2026-05-21,INE0JW501011,SPRL,SM,89.3,90.0,89.3,90.0,90.0,94.0,2400,214880.0,3
2026-05-21,INE970N01027,SPCENET,EQ,3.67,3.81,3.61,3.69,3.7,3.63,640301,2384685.79,571
2026-05-21,IN9572J01019,SSFLPP,E1,121.75,125.7,120.3,121.9,121.9,121.75,1174,141895.45,37
2026-05-21,INE572J01011,SPANDANA,EQ,255.6,260.0,252.01,256.08,255.0,254.26,123070,31343932.36,3847
2026-05-21,INE1CW901027,SPEB,SM,79.0,81.2,79.0,80.75,79.5,78.15,14000,1123700.0,7
2026-05-21,INE247M01014,SPECIALITY,EQ,109.5,116.0,105.32,114.61,115.3,107.19,195820,22025491.5,1505
2026-05-21,INE01EO01010,SPECTRUM,EQ,1453.9,1453.9,1405.1,1413.2,1405.1,1428.5,4501,6412163.4,251
2026-05-21,INE0OL001018,SPECTSTM,ST,54.3,56.8,54.3,56.8,56.8,54.3,5600,310680.0,7
2026-05-21,INE020801028,SPENCERS,EQ,36.42,38.2,36.42,37.55,37.57,36.52,66809,2490806.37,1308
2026-05-21,INE147A01011,SPIC,EQ,70.0,71.2,69.85,70.36,70.18,69.51,460751,32470890.38,3313
2026-05-21,INE978G01016,SPLIL,EQ,29.06,30.55,28.6,29.49,29.5,29.54,5441,159369.47,182
2026-05-21,INE937A01023,SPMLINFRA,EQ,199.5,207.65,195.0,199.82,200.67,197.92,351093,71127188.08,6887
2026-05-21,INE885H01029,SPORTKING,EQ,155.48,165.4,153.21,159.5,160.0,151.42,1202085,192925807.53,14559
2026-05-21,INE917H01012,SRHHYPOLTD,EQ,539.9,563.95,520.5,528.95,531.95,511.85,55408,29906543.15,2160
2026-05-21,INE099F01013,SREEL,EQ,192.22,193.2,188.1,189.8,189.65,188.47,4774,911041.84,334
2026-05-21,INE647A01010,SRF,EQ,2634.5,2648.9,2600.1,2620.4,2627.0,2613.3,459611,1203225794.7,37174
2026-05-21,INE559N01010,SRGHFL,EQ,281.15,291.0,281.15,290.95,291.0,283.15,1880,542429.85,66
2026-05-21,INE293B01029,HAVISHA,EQ,1.58,1.61,1.53,1.56,1.59,1.58,18347,29257.25,48
2026-05-21,INE0V9Q01010,LOTUSDEV,EQ,139.09,142.25,137.98,141.18,141.0,137.06,360512,50561829.46,3052
2026-05-21,INE0TPJ01019,SPCON,SM,135.0,135.0,135.0,135.0,135.0,140.2,1200,162000.0,1
2026-05-21,INE0ON201012,SSFL,SM,119.9,122.0,110.0,120.2,120.95,113.9,62500,7376850.0,95
2026-05-21,INE0R6Z01013,SRM,EQ,494.0,514.0,491.2,504.65,502.0,485.05,107427,54116796.95,3269
2026-05-21,INE0RYC01010,STALLION,EQ,168.9,176.0,166.92,168.89,169.5,165.39,3633459,622200081.78,31948
2026-05-21,INE0M4D01010,SETL,EQ,138.38,138.38,132.5,133.47,132.9,135.55,145785,19510652.65,1397
2026-05-21,INE173A01025,SIL,EQ,15.76,16.53,15.6,15.72,15.94,15.76,29124,462382.17,388
2026-05-21,INE01A001028,STANLEY,EQ,157.5,172.0,157.0,157.9,158.0,156.13,608965,100368622.46,12963
2026-05-21,INE460H01021,STARCEMENT,EQ,217.6,217.65,214.31,215.29,215.0,213.37,69791,15044606.03,2875
2026-05-21,INE575P01011,STARHEALTH,EQ,522.0,532.2,520.0,526.65,522.5,519.8,966819,508966203.2,18198
2026-05-21,INE733A01018,STARPAPER,EQ,139.38,143.0,137.95,139.92,141.86,136.41,15472,2166606.42,250
2026-05-21,INE992I01013,STARTECK,EQ,251.76,251.76,247.2,249.39,249.68,245.1,7811,1950601.62,115
2026-05-21,INE062A01020,SBIN,EQ,957.0,960.9,946.5,950.9,950.0,950.9,11756520,11196637968.6,175233
2026-05-21,INE114A01011,SAIL,EQ,200.06,202.0,195.55,196.53,196.0,199.04,22316399,4429089657.45,126344
2026-05-21,INE395H01011,STEELCITY,EQ,80.82,80.82,79.0,79.17,79.15,78.93,1170,93112.18,70
2026-05-21,INE503B01021,STEELXIND,EQ,10.13,10.29,10.02,10.05,10.02,10.13,906438,9190894.43,1408
2026-05-21,INE802C01033,SSWL,EQ,208.3,214.5,208.05,210.49,211.9,207.97,323561,68295874.77,6442
2026-05-21,INE124E01038,STEELCAS,EQ,290.0,300.0,288.1,294.05,292.0,284.05,52847,15538878.65,1813
2026-05-21,INE577L01016,STEL,EQ,448.0,455.85,446.95,453.5,455.0,438.75,3514,1587929.85,284
2026-05-21,INE334A01023,STERTOOLS,EQ,238.0,241.38,234.36,236.01,235.9,233.74,31724,7544050.26,791
2026-05-21,INE089C01029,STLTECH,BE,407.4,424.7,405.0,420.15,422.0,404.9,2688353,1129339252.05,28095
2026-05-21,INE353H01010,SGL,EQ,11.01,11.99,11.01,11.27,11.35,11.22,11052,124973.25,66
2026-05-21,INE1VXE01018,STLNETWORK,BE,26.05,26.05,24.41,25.02,25.25,25.68,918564,23136460.11,1788
2026-05-21,INE00IN01015,STOVEKRAFT,EQ,551.0,559.0,541.05,551.55,552.95,543.85,140338,77086701.3,5934
2026-05-21,INE1XWN01017,STRIDERS,SM,58.5,64.15,56.5,60.35,60.5,61.3,59200,3573520.0,35
2026-05-21,INE939A01011,STAR,EQ,1160.3,1173.3,1131.1,1159.1,1163.5,1141.7,218771,252294943.5,12933
2026-05-21,INE00M201021,SWSOLAR,EQ,196.9,199.9,195.22,196.54,196.3,195.33,982798,193781094.47,13068
2026-05-21,INE00Q601028,STUDDS,EQ,445.0,445.0,435.1,443.05,444.5,438.1,27271,12040687.35,987
2026-05-21,INE17VO01028,STUDIOLSD,ST,10.3,10.8,10.0,10.35,10.8,10.4,10000,103700.0,5
2026-05-21,INE239C01020,STYLAMIND,EQ,2740.0,2787.6,2701.5,2758.9,2731.1,2741.7,43754,120365549.2,5920
2026-05-21,INE189B01011,STYRENIX,EQ,2219.5,2231.5,2187.6,2198.2,2205.0,2208.5,15731,34720790.4,1873
2026-05-21,INE0RYR01018,SUBAHOTELS,SM,129.55,130.0,126.0,127.0,126.0,129.55,50400,6465660.0,40
2026-05-21,INE754A01055,SUBEXLTD,BE,10.26,10.72,10.01,10.72,10.72,10.21,1207474,12732754.66,1341
2026-05-21,INE287B01021,SUBROS,EQ,715.8,727.5,711.0,714.7,715.0,714.2,53443,38287449.65,3218
2026-05-21,INE659A01023,SUDARSCHEM,EQ,868.1,1008.9,862.3,982.15,1007.0,862.3,1532211,1462867113.9,52935
2026-05-21,INE492A01029,SUDARCOLOR,EQ,347.15,373.25,340.5,366.8,367.75,345.35,13326,4749538.25,888
2026-05-21,INE0QPI01025,SUDEEPPHRM,EQ,657.8,680.0,656.0,668.2,665.0,650.1,118876,79459785.0,5053
2026-05-21,INE450E01029,SUKHJITS,EQ,194.9,196.36,189.91,193.53,192.31,193.41,32182,6188899.34,1048
2026-05-21,INE142Q01026,SULA,EQ,161.0,162.0,159.5,159.98,160.21,159.89,307700,49322853.91,3246
2026-05-21,INE235C01036,SUMEETINDS,EQ,29.97,30.3,29.11,30.0,30.0,29.3,179271,5310700.38,896
2026-05-21,INE748Z01013,SUMIT,BE,43.97,45.2,43.25,44.98,45.0,43.07,30592,1372660.01,102
2026-05-21,INE258G01013,SUMICHEM,EQ,462.8,476.95,462.8,473.45,472.0,460.75,272356,128940991.65,9142
2026-05-21,INE519C01017,SUMMITSEC,EQ,1503.6,1643.3,1491.1,1590.5,1599.9,1485.9,24696,39352762.3,2589
2026-05-21,INE232I01014,SPARC,EQ,185.0,189.29,179.2,180.33,180.0,183.68,4357447,803779995.54,41533
2026-05-21,INE044A01036,SUNPHARMA,EQ,1892.0,1899.6,1868.1,1891.3,1887.0,1880.3,1605806,3027052850.4,71066
2026-05-21,INE424H01027,SUNTV,EQ,525.05,526.8,514.5,518.75,517.5,517.45,222847,115584085.05,12913
2026-05-21,INE073D01013,SUNDRMBRAK,EQ,627.1,630.0,613.25,618.25,624.8,613.5,1392,865773.4,88
2026-05-21,INE0Q3R01026,SUNCLAY,EQ,1350.0,1404.0,1328.1,1343.1,1350.5,1341.3,9894,13444269.7,1281
2026-05-21,INE660A01013,SUNDARMFIN,EQ,4525.0,4543.0,4466.1,4483.4,4470.0,4480.6,21206,95414179.9,4708
2026-05-21,INE108E01023,SUNDARAM,EQ,1.39,1.44,1.38,1.4,1.4,1.39,173609,243823.82,243
2026-05-21,INE387A01021,SUNDRMFAST,EQ,836.25,845.0,826.25,834.1,836.15,834.55,65118,54357000.4,8257
2026-05-21,INE0CTB01014,SOCL,ST,32.5,34.0,30.9,32.1,30.9,32.5,33600,1069840.0,19
2026-05-21,INE209A01019,SUNDROP,EQ,677.45,686.0,672.2,677.8,685.8,669.6,9148,6230987.7,852
2026-05-21,INE947A01014,SUNFLAG,EQ,352.1,368.0,352.05,364.75,364.55,350.15,435378,157555589.95,7892
2026-05-21,INE0O3O01017,SEL,ST,197.5,197.5,192.0,192.0,192.0,188.1,800,155800.0,4
2026-05-21,INE0U2N01013,SUNLITE,ST,440.15,456.95,440.15,441.1,441.1,447.7,13200,5882685.0,34
2026-05-21,INE0PLZ01012,SUNREST,SM,35.0,37.0,35.0,37.0,37.0,35.0,6400,231680.0,4
2026-05-21,INE0SGZ01016,SUNTECH,SM,36.15,40.85,35.75,39.95,40.25,38.0,46400,1775840.0,26
2026-05-21,INE805D01034,SUNTECK,EQ,294.0,295.65,284.75,285.95,286.35,290.8,322113,92740055.8,11600
2026-05-21,INE662A01027,SUPERSPIN,EQ,5.12,5.35,5.02,5.1,5.18,5.12,10289,52739.04,63
2026-05-21,INE712B01010,SUPERHOUSE,EQ,153.59,158.8,149.0,152.52,150.21,150.05,7406,1131280.9,312
2026-05-21,INE399C01030,SUPRAJIT,EQ,422.7,429.0,416.25,421.2,422.2,418.9,96263,40837238.25,4351
2026-05-21,INE319Z01021,SUPREMEENG,BZ,0.95,1.0,0.95,0.95,0.99,0.99,28152,27204.88,73
2026-05-21,INE0U6N01014,SFML,SM,24.2,24.5,24.0,24.5,24.5,25.45,17600,426720.0,8
2026-05-21,INE822E01011,SUPREME,EQ,49.29,50.48,48.61,48.77,48.75,49.29,37402,1838773.19,865
2026-05-21,INE195A01028,SUPREMEIND,EQ,3488.0,3522.0,3435.0,3466.4,3479.3,3467.7,218587,756919474.3,25005
2026-05-21,INE550H01011,SUPREMEINF,EQ,82.4,82.9,82.0,82.07,82.3,82.04,26255,2156644.83,216
2026-05-21,INE663A01033,SPLPETRO,EQ,694.0,697.85,687.65,689.15,688.2,688.25,21730,15031868.05,1484
2026-05-21,INE0QHG01026,SUPREMEPWR,ST,240.0,243.5,231.5,238.0,238.0,237.65,25000,6002950.0,47
2026-05-21,INE07RO01027,SUPRIYA,EQ,733.95,742.35,721.0,733.9,740.0,725.25,193933,142357748.4,13506
2026-05-21,INE843S01025,SURAJEST,EQ,215.05,219.8,215.05,218.3,218.95,214.62,24895,5426599.03,814
2026-05-21,INE713C01016,SURAJLTD,EQ,230.0,237.85,228.85,230.82,234.98,231.68,1952,451733.93,33
2026-05-21,INE877V01027,SURAKSHA,EQ,305.05,324.95,305.05,320.1,322.0,305.05,173542,55461694.5,4085
2026-05-21,INE272L01022,SURANASOL,EQ,26.79,27.89,26.0,26.2,26.2,25.97,131423,3531380.02,1100
2026-05-21,INE130B01031,SURANAT&P,EQ,18.41,18.69,18.1,18.28,18.27,18.41,26037,477642.95,252
2026-05-21,INE01ZJ01015,SURANI,ST,133.05,140.0,133.0,140.0,140.0,140.0,8200,1140020.0,22
2026-05-21,INE05ST01028,SBGLP,EQ,25.8,26.76,24.91,25.76,25.45,25.77,329714,8503320.87,1009
2026-05-21,INE335A01020,SURYAROSNI,EQ,241.1,244.0,235.3,238.95,239.1,241.1,497384,118803316.45,19390
2026-05-21,INE713B01026,SURYALAXMI,EQ,58.98,60.24,58.61,58.62,58.62,58.69,2342,137712.82,50
2026-05-21,INE132C01027,SURYALA,EQ,366.0,366.0,359.15,362.0,361.8,355.6,585,211732.05,22
2026-05-21,INE428Q01011,SURYODAY,EQ,162.0,164.0,158.92,159.68,159.1,160.95,130494,20996528.46,2225
2026-05-21,INE645H01027,SUTLEJTEX,EQ,38.0,38.45,36.15,37.36,37.6,36.58,51446,1945879.95,629
2026-05-21,INE495B01038,SUVEN,EQ,266.11,277.0,265.21,269.52,269.0,268.98,1168469,317080262.09,20217
2026-05-21,INE018401013,SUVIDHAA,EQ,2.87,3.0,2.87,2.93,2.95,2.86,92988,273257.12,143
2026-05-21,INE442P01014,SUYOG,EQ,793.05,814.9,793.05,802.5,800.0,788.1,20476,16448708.1,1355
2026-05-21,INE040H01021,SUZLON,EQ,53.0,53.84,52.66,52.87,52.8,52.57,55852452,2973197066.74,76898
2026-05-21,INE308E01029,SVPGLOB,BE,4.03,4.03,3.9,3.9,3.9,4.05,43445,172305.85,68
2026-05-21,INE665A01038,SWANCORP,EQ,321.8,326.0,316.3,318.1,317.15,320.85,630520,202696567.75,22016
2026-05-21,INE542F01020,SWANDEF,BE,1914.0,1929.9,1851.1,1910.4,1914.0,1920.3,8303,15731805.2,648
2026-05-21,INE277A01016,SWARAJENG,EQ,3700.0,3743.9,3661.3,3677.7,3670.0,3690.0,11050,40770438.7,2709
2026-05-21,INE0GMR01016,SWARAJ,SM,251.0,256.6,235.1,242.9,244.75,257.1,134500,32827475.0,204
2026-05-21,INE409B01013,SWELECTES,EQ,633.85,650.0,628.4,645.95,650.0,624.25,17545,11224242.25,943
2026-05-21,INE00H001014,SWIGGY,EQ,259.0,259.5,250.0,250.75,250.15,256.35,9716798,2457817046.9,61257
2026-05-21,INE225D01027,SYMPHONY,EQ,725.0,727.95,713.2,715.4,715.0,719.15,86466,62117725.95,6030
2026-05-21,INE312C01025,SYNCOMF,EQ,14.14,14.65,14.11,14.26,14.3,14.11,1532153,21953201.42,3412
2026-05-21,INE00QT01015,SGIL,EQ,537.3,546.9,495.2,507.25,510.0,531.4,48939,24974444.9,1909
2026-05-21,INE398R01022,SYNGENE,EQ,473.0,473.8,464.35,470.2,470.0,466.05,370003,173709843.5,14084
2026-05-21,INE0BTR01012,SYNOPTICS,SM,51.0,51.0,50.5,50.5,50.5,48.9,1200,60900.0,2
2026-05-21,INE0DYJ01015,SYRMA,EQ,1020.0,1039.85,1009.0,1024.65,1026.0,1004.0,1700509,1743483673.7,51688
2026-05-21,INE0O7R01011,SYSTANGO,SM,235.5,238.8,232.0,238.0,238.8,240.9,28400,6669240.0,63
2026-05-21,INE356B01024,SYSTMTXC,EQ,66.98,68.17,66.01,67.0,66.45,67.27,82694,5544987.39,259
2026-05-21,INE592B01024,TTL,EQ,7.79,7.79,7.18,7.45,7.39,7.48,66006,492215.96,251
2026-05-21,INE524T01011,TAALTECH,EQ,2729.8,2840.5,2712.0,2818.0,2805.0,2731.6,758,2107063.4,207
2026-05-21,INE0SOY01013,TAC,SM,444.0,444.0,409.95,409.95,409.95,431.5,77600,32143480.0,272
2026-05-21,INE123C01018,TAINWALCHM,EQ,200.88,204.96,196.37,199.35,197.0,204.44,14703,2932642.86,381
2026-05-21,INE586B01026,TAJGVK,EQ,304.3,312.25,304.3,310.55,309.5,303.75,62018,19200661.45,1931
2026-05-21,INE142I01023,TAKE,BE,28.14,28.14,28.14,28.14,28.14,26.8,233952,6583409.28,493
2026-05-21,INE187D01029,TALBROAUTO,EQ,345.0,360.0,317.0,319.55,319.7,327.35,2154994,737250743.6,38188
2026-05-21,INE864J01012,TAMBOLIIN,EQ,168.0,168.85,165.5,166.0,166.0,165.4,2052,342672.76,42
2026-05-21,INE668A01016,TMB,EQ,694.0,710.0,683.0,691.6,685.0,692.75,269080,187680563.55,9537
2026-05-21,INE107A01015,TNPL,EQ,153.45,153.99,149.1,150.26,150.8,151.65,53389,8089554.96,1425
2026-05-21,INE148A01019,TNPETRO,EQ,90.2,91.06,88.62,89.72,90.05,90.66,121560,10938538.14,1402
2026-05-21,INE141D01018,TNTELE,EQ,9.42,9.7,9.25,9.38,9.38,9.07,10207,96001.64,49
2026-05-21,INE0Z7N01017,TANKUP,SM,650.0,650.0,635.0,635.0,635.0,630.0,3250,2067500.0,11
2026-05-21,INE483C01032,TANLA,EQ,523.35,528.8,514.25,516.05,514.8,516.85,311280,162174943.1,11869
2026-05-21,INE555Z01020,TARACHAND,EQ,57.84,59.09,57.02,57.53,57.8,57.84,63369,3671071.41,1325
2026-05-21,INE747K01017,TARAPUR,EQ,22.99,23.95,21.87,22.12,22.05,22.81,52376,1208524.0,359
2026-05-21,INE0EK901012,TARC,EQ,130.01,132.75,128.41,132.31,132.25,127.81,224224,29290838.29,3564
2026-05-21,INE924H01018,TARMAT,EQ,51.2,52.95,50.01,52.64,52.06,51.2,9992,516876.46,118
2026-05-21,INE144Z01023,TARSONS,EQ,216.48,216.48,210.0,211.03,210.79,212.71,29202,6206067.56,976
2026-05-21,INE488B01017,TASTYBITE,EQ,7598.0,7650.0,7400.0,7451.0,7433.0,7454.5,1643,12311518.0,530
2026-05-21,INE976I01016,TATACAP,EQ,302.1,304.0,297.15,297.8,297.5,300.6,1712950,512401832.2,36420
2026-05-21,INE092A01019,TATACHEM,EQ,733.0,770.7,727.0,755.1,755.0,729.95,1729960,1303541747.15,45190
2026-05-21,INE151A01013,TATACOMM,EQ,1785.0,1930.0,1771.1,1896.3,1892.3,1775.6,1722042,3197926590.3,83736
2026-05-21,INE467B01029,TCS,EQ,2331.0,2335.9,2314.0,2327.2,2325.4,2327.4,3299087,7667913393.7,106203
2026-05-21,INE192A01025,TATACONSUM,EQ,1211.2,1217.4,1192.0,1194.9,1195.2,1208.7,1443629,1730764942.5,43022
2026-05-21,INE670A01012,TATAELXSI,EQ,4214.9,4236.1,4182.6,4217.7,4218.0,4175.1,140584,592472923.6,15590
2026-05-21,INE672A01026,TATAINVEST,EQ,665.4,680.8,665.4,668.35,668.45,662.1,354981,238749559.8,16095
2026-05-21,INE1TAE01010,TMCV,EQ,386.7,388.5,378.8,379.9,380.2,379.7,7315842,2804987420.7,88007
2026-05-21,INE155A01022,TMPV,EQ,364.0,366.0,359.0,361.35,363.2,361.25,10834385,3923971005.85,85440
2026-05-21,INE245A01021,TATAPOWER,EQ,416.0,417.0,409.0,410.5,410.55,413.5,5013888,2061412463.55,54710
2026-05-21,INE081A01020,TATASTEEL,EQ,209.75,210.07,207.66,208.58,208.64,207.01,24385712,5091726277.92,134281
2026-05-21,INE142M01025,TATATECH,EQ,677.2,685.65,662.05,664.1,663.4,674.45,1304625,880425508.95,31493
2026-05-21,INE517B01013,TTML,EQ,42.6,43.11,42.06,42.18,42.08,42.12,1444735,61464025.86,8270
2026-05-21,INF277K015R5,NETF,EQ,256.5,257.93,254.92,254.98,254.92,255.75,4454,1143660.28,125
2026-05-21,INF277K010X4,NPBET,EQ,268.76,268.76,267.1,267.83,267.83,267.43,109,29143.46,13
2026-05-21,INF277KA1364,TNIDETF,EQ,81.99,83.64,81.03,81.33,81.03,81.6,173081,14049768.5,473
2026-05-21,INF277KA1976,TATAGOLD,EQ,14.89,15.4,14.89,15.34,15.35,15.28,49036474,752647942.29,58815
2026-05-21,INF277KA1984,TATSILV,EQ,25.32,25.99,25.32,25.54,25.52,25.63,63718179,1629587164.25,51203
2026-05-21,INE0GK401011,TATVA,EQ,1249.9,1263.4,1179.1,1187.7,1183.7,1241.9,92168,110594679.9,7215
2026-05-21,INE0XWS01018,TAURIAN,SM,293.95,314.3,289.0,296.95,296.95,281.6,37600,11197640.0,45
2026-05-21,INE053F07835,753IRFC30,NJ,1117.0,1117.0,1117.0,1117.0,1117.0,1129.0,1,1117.0,1
2026-05-21,INE053F07900,764IRFC31,NO,1134.1,1134.1,1129.0,1133.0,1133.0,1134.96,1007,1138243.9,17
2026-05-21,INE906B07EO8,739NHAI31A,ND,1125.0,1126.0,1125.0,1126.0,1126.0,1118.15,2,2251.0,2
2026-05-21,INE906B07EP5,769NHAI31,NE,1145.0,1145.0,1145.0,1145.0,1145.0,1139.99,1,1145.0,1
2026-05-21,INE906B07EI0,735NHAI31,N9,1092.0,1095.0,1089.0,1095.0,1095.0,1093.1,3712,4059206.0,6
2026-05-21,INE906B07EJ8,76NHAI31,,1095.0,1100.0,1095.0,1099.29,1100.0,1094.89,1250,1370712.51,12
2026-05-21,INE0N2D01013,TBI,SM,63.5,64.15,62.55,62.55,62.55,61.7,9600,606900.0,16
2026-05-21,INE673O01025,TBOTEK,EQ,1180.0,1209.8,1180.0,1200.3,1200.9,1179.3,41040,49278641.1,4770
2026-05-21,INE887D01016,TCC,EQ,374.0,374.0,359.2,361.75,367.7,356.9,1332,481347.8,165
2026-05-21,INE586V01016,TCIEXP,EQ,509.1,524.8,509.1,512.4,513.35,511.95,331522,171730420.6,1027
2026-05-21,INE911B01018,TCIFINANCE,EQ,13.32,13.8,13.21,13.47,13.52,13.32,7716,103195.94,124
2026-05-21,INE822C01015,TCPLPACK,EQ,2544.5,2590.1,2530.0,2571.6,2589.9,2546.9,842,2153093.9,249
2026-05-21,INE419M01027,TDPOWERSYS,EQ,1243.5,1310.0,1241.5,1302.1,1299.0,1231.2,2062899,2648440752.5,64624
2026-05-21,INE289C01025,TEAMGTY,EQ,265.0,270.05,250.0,255.05,255.0,267.7,8034,2090666.15,459
2026-05-21,INE985S01024,TEAMLEASE,EQ,1420.0,1429.0,1366.5,1372.7,1371.0,1412.6,98622,137112996.0,7895
2026-05-21,INE065J01024,TPHQ,EQ,0.52,0.53,0.51,0.51,0.52,0.51,1040874,540720.53,355
2026-05-21,INE669C01036,TECHM,EQ,1445.1,1450.0,1416.3,1420.0,1419.8,1439.0,999422,1426936676.6,46285
2026-05-21,INE0Y5H01014,TECHD,SM,631.95,727.45,619.15,697.35,698.9,607.0,133800,91461480.0,370
2026-05-21,INE0JQS01019,TECHERA,SM,172.5,184.0,172.5,183.05,182.55,175.25,78400,14145960.0,96
2026-05-21,INE285K01026,TECHNOE,EQ,1207.5,1300.0,1207.5,1294.3,1294.0,1202.7,1679959,2146123495.8,73621
2026-05-21,INE545H01011,TIIL,EQ,2619.8,2641.2,2589.8,2609.2,2615.0,2609.6,11106,29052459.8,1892
2026-05-21,INE314H01012,TECHNVISN,EQ,5450.0,5554.0,5400.0,5495.0,5500.0,5347.0,257,1421609.0,25
2026-05-21,INE014B01011,TECILCHEM,EQ,12.7,12.85,11.3,12.24,12.24,12.67,7111,87299.36,55
2026-05-21,INE0K6601012,TGL,ST,20.75,20.75,20.75,20.75,20.75,21.15,4000,83000.0,14
2026-05-21,INE011K01018,TEGA,EQ,1595.4,1600.8,1576.4,1582.3,1580.4,1578.6,15875,25161838.2,1795
2026-05-21,INE17WC01013,TEJASCARGO,SM,393.65,393.65,393.65,393.65,393.65,403.75,800,314920.0,2
2026-05-21,INE010J01012,TEJASNET,EQ,470.0,478.8,463.0,465.7,464.0,466.4,2677523,1262467208.1,50650
2026-05-21,INE869Y01010,TEMBO,EQ,598.5,603.95,590.0,598.7,597.0,587.55,33199,19856427.95,1706
2026-05-21,INE19RI01016,TENNIND,EQ,605.95,609.35,592.6,596.7,593.95,597.7,196185,117769858.2,11922
2026-05-21,INE482B01010,TERASOFT,EQ,350.3,350.3,335.2,342.25,340.0,333.65,54379,18697015.5,1241
2026-05-21,INE435C01024,TEXINFRA,EQ,97.57,98.88,96.5,96.68,96.5,97.71,22074,2154917.94,556
2026-05-21,INE621L01012,TEXRAIL,EQ,109.9,111.09,107.56,107.98,108.2,108.39,2436281,265394728.95,14009
2026-05-21,INE141K01013,TEXMOPIPES,EQ,45.2,45.86,44.21,44.61,44.75,45.86,28941,1305550.37,547
2026-05-21,INE797H01018,TGBHOTELS,EQ,9.49,9.49,9.2,9.31,9.3,9.24,8044,74761.66,45
2026-05-21,INE0QJL01014,TCL,SM,96.0,97.0,94.1,94.45,94.3,95.0,7200,683400.0,9
2026-05-21,INE077P01034,THACKER,EQ,1055.0,1096.7,1005.1,1005.1,1005.1,1100.0,9,9473.3,7
2026-05-21,INE085J01014,THANGAMAYL,EQ,3805.7,3889.4,3750.1,3861.8,3865.0,3780.8,150232,574345511.8,18613
2026-05-21,INE294Z01018,ANUP,EQ,1955.0,1986.0,1952.0,1978.4,1986.0,1952.0,15264,30058313.8,2498
2026-05-21,INE319B01014,BYKE,EQ,35.93,36.67,35.11,35.95,35.85,34.93,64842,2313700.02,322
2026-05-21,INE017A01032,GESHIP,EQ,1672.4,1745.0,1672.4,1719.6,1718.5,1665.4,2606607,4454916512.3,109334
2026-05-21,INE646C01018,GROBTEA,EQ,899.4,901.0,898.35,900.95,901.0,871.5,88,79174.6,18
2026-05-21,INE127B01011,HITECHGEAR,BE,575.0,591.45,570.0,586.25,585.0,577.7,2956,1726422.1,52
2026-05-21,INE383A01012,INDIACEM,EQ,401.25,405.0,398.45,403.3,404.0,400.25,126457,50892943.6,7048
2026-05-21,INE053A01029,INDHOTEL,EQ,662.0,666.7,652.35,657.4,657.5,659.6,1878182,1238965904.75,35948
2026-05-21,INE924D01017,THEINVEST,EQ,98.1,101.69,96.01,99.55,99.9,98.65,15972,1588917.53,511
2026-05-21,INE470Y01017,NIACL,EQ,163.1,169.6,162.4,166.08,165.66,163.1,1066435,177212514.44,15686
2026-05-21,INE431F01018,PKTEA,EQ,781.2,814.5,781.2,800.0,800.0,781.1,3,2395.7,3
2026-05-21,INE211B01039,PHOENIXLTD,EQ,1749.0,1805.0,1746.3,1795.7,1794.7,1745.3,497062,888455112.7,43636
2026-05-21,INE331A01037,RAMCOCEM,EQ,887.9,913.35,884.0,906.6,907.0,879.95,179559,161682084.85,12089
2026-05-21,INE301D01026,RUBYMILLS,EQ,230.01,233.0,228.0,230.85,230.01,228.08,11123,2573357.83,387
2026-05-21,INE683A01023,SOUTHBANK,EQ,41.4,41.49,40.55,41.01,40.73,41.4,12360645,505538645.56,27076
2026-05-21,INE655A01013,STCINDIA,EQ,116.89,117.78,115.5,115.68,115.55,115.72,10107,1177666.94,237
2026-05-21,INE071E01023,UGARSUGAR,EQ,41.97,42.5,41.52,42.05,41.9,41.97,111709,4707804.53,1091
2026-05-21,INE215F01023,WIPL,EQ,144.9,145.88,143.05,145.23,145.88,141.83,1245,180188.81,23
2026-05-21,INE121N01019,THEJO,EQ,1643.5,1665.8,1610.0,1640.2,1630.2,1642.6,6153,10087043.2,662
2026-05-21,INE083B01024,THEMISMED,EQ,98.9,99.99,97.85,98.64,99.0,97.46,30813,3045874.39,926
2026-05-21,INE152A01029,THERMAX,EQ,4449.8,4620.9,4449.7,4575.0,4547.0,4415.1,414005,1892914590.3,58180
2026-05-21,INE0SHE01019,THESL,SM,13.45,13.45,12.6,12.6,12.6,12.85,15000,199050.0,5
2026-05-21,INE338A01024,TIRUMALCHM,EQ,214.0,214.0,208.1,212.99,212.0,212.08,290284,61484527.57,6222
2026-05-21,INE332A01027,THOMASCOOK,EQ,93.97,94.49,92.15,93.07,92.5,93.31,2515132,234887251.5,24734
2026-05-21,INE480M01011,THOMASCOTT,EQ,250.25,265.05,250.25,256.35,253.6,258.1,19640,5058620.85,1227
2026-05-21,INE594H01019,THYROCARE,EQ,476.5,483.8,465.2,469.05,467.95,475.25,230619,109321477.85,12163
2026-05-21,INE906O01029,TIGERLOGS,BE,34.8,36.24,34.8,35.82,35.99,34.9,30236,1062226.69,210
2026-05-21,INE440L01017,TIJARIA,BE,4.76,4.88,4.63,4.64,4.63,4.74,4516,21191.1,24
2026-05-21,INE806C01018,TIL,EQ,187.0,192.96,185.24,186.56,187.49,184.65,59584,11235776.55,1147
2026-05-21,IN9806C01016,TILPP,E1,149.15,149.15,142.0,142.0,142.0,142.1,1403,199247.15,4
2026-05-21,INE133E01013,TI,EQ,425.0,434.2,425.0,432.35,432.55,422.8,312202,134410060.75,10804
2026-05-21,INE508G01029,TIMETECHNO,EQ,172.5,176.28,172.5,174.55,174.32,171.98,1859702,324145760.71,17109
2026-05-21,INE064A01026,TIMEX,EQ,341.6,367.8,341.6,364.05,363.0,344.4,450143,161043670.4,6921
2026-05-21,INE325A01013,TIMKEN,EQ,3690.0,3760.0,3682.5,3712.3,3705.0,3656.2,66270,246920612.0,12695
2026-05-21,INE015C01016,TINNARUBR,EQ,759.9,761.15,711.1,717.0,719.0,744.05,40773,29865992.65,2618
2026-05-21,INE0LQS01015,TIPSFILMS,EQ,382.95,387.7,380.85,384.15,383.0,378.55,1047,400414.85,99
2026-05-21,INE716B01029,TIPSMUSIC,EQ,665.0,683.95,653.0,658.85,658.0,659.3,307845,206845414.75,15977
2026-05-21,INE319Y01024,TIRUPATIFL,BE,40.02,42.25,39.02,40.43,40.6,41.02,845406,34200416.27,1345
2026-05-21,INE615H01020,TITAGARH,EQ,755.05,767.4,751.0,752.9,751.0,746.95,463328,351541064.7,16409
2026-05-21,INE280A01028,TITAN,EQ,4120.0,4136.4,4070.0,4083.1,4085.0,4106.4,863060,3528151203.6,51458
2026-05-21,INE932C01012,TOKYOPLAST,BE,84.2,87.0,84.2,84.22,84.25,84.01,1291,110443.35,44
2026-05-21,INE0RWQ01014,TOLINS,EQ,102.98,103.96,101.41,102.65,101.8,101.04,33199,3408725.38,873
2026-05-21,INE685A01028,TORNTPHARM,EQ,4517.7,4517.7,4444.2,4469.2,4475.0,4429.2,245755,1101105382.5,20400
2026-05-21,INE813H01021,TORNTPOWER,EQ,1524.0,1528.1,1485.1,1491.4,1489.9,1512.6,191467,288180113.2,18392
2026-05-21,INE336X01012,TOTAL,EQ,54.88,54.9,52.19,54.86,54.89,53.15,13630,740123.61,102
2026-05-21,INE486Y01013,TOUCHWOOD,EQ,71.35,71.35,70.15,71.1,71.3,71.3,73,5202.5,10
2026-05-21,INE305A01023,TFCILTD,EQ,74.0,76.6,73.76,74.26,74.2,73.63,4904611,368161014.97,7664
2026-05-21,INE413G01022,TPLPLASTEH,EQ,63.7,64.9,63.22,63.72,63.5,63.1,149461,9568543.62,1067
2026-05-21,INE0HMF01019,TRACXN,EQ,33.23,34.0,32.5,32.93,33.1,32.58,57376,1898381.97,918
2026-05-21,INE763I01026,TARIL,EQ,310.0,318.9,304.05,306.0,306.2,304.75,3083742,961809637.95,41613
2026-05-21,INE0O3901029,TREL,EQ,24.54,24.7,24.3,24.45,24.41,24.13,22340,546658.41,272
2026-05-21,INE687A01016,TRANSPEK,EQ,1245.4,1245.9,1203.0,1208.3,1208.2,1230.6,557,677165.0,102
2026-05-21,INE688A01022,TCI,EQ,889.3,910.0,885.05,900.85,896.1,886.0,26770,24047296.2,2542
2026-05-21,INE454P01035,TRANSRAILL,EQ,501.0,514.25,496.5,500.0,500.0,496.1,851703,429326261.95,21779
2026-05-21,INE0NVI01020,TRANSTEEL,SM,129.55,134.7,125.15,130.0,130.0,128.85,41000,5311000.0,41
2026-05-21,INE804H01012,TFL,EQ,11.82,12.19,11.71,11.85,11.85,11.86,1900,22514.99,27
2026-05-21,INE757B01015,TRANSWORLD,EQ,157.0,160.7,154.07,154.91,154.31,155.89,20396,3195425.39,927
2026-05-21,INE103V01028,TRAVELFOOD,EQ,1061.0,1075.0,1040.0,1061.4,1074.9,1060.1,134453,142203389.5,8600
2026-05-21,INE040M01013,TREEHOUSE,EQ,7.23,7.23,6.72,6.9,6.72,6.95,57875,401474.88,159
2026-05-21,INE00CA01015,TREJHARA,EQ,153.0,159.58,150.47,158.73,158.5,151.99,22306,3488590.06,735
2026-05-21,INE849A01020,TRENT,EQ,4135.0,4190.9,4052.0,4170.4,4172.9,4099.9,748071,3095448568.3,64838
2026-05-21,INE391D01019,TRF,EQ,234.45,239.85,232.0,232.7,232.0,234.45,5856,1373276.8,439
2026-05-21,INE760L01018,TBZ,EQ,131.0,134.29,131.0,133.71,133.5,130.5,156378,20752539.7,2225
2026-05-21,INE064C01022,TRIDENT,EQ,24.32,24.78,24.26,24.61,24.61,24.27,4528745,111073180.48,11568
2026-05-21,INE0QD201012,TECHLABS,ST,225.0,236.35,220.0,229.2,230.9,227.3,7875,1796818.75,46
2026-05-21,INE948A01012,TRIGYN,EQ,57.2,58.43,57.16,57.76,57.17,57.16,23304,1343209.53,606
2026-05-21,INE256C01024,TRIVENI,EQ,370.8,388.0,370.8,382.2,380.2,370.2,446060,170071612.85,15472
2026-05-21,INE152M01016,TRITURBINE,EQ,657.25,712.0,657.0,705.6,705.25,656.55,15939472,11116568933.2,268951
2026-05-21,INE0SYV01018,TROM,ST,56.0,57.0,56.0,56.95,56.95,54.45,1800,101970.0,3
2026-05-21,INE0MWH01014,TRUALT,EQ,478.95,489.0,474.3,478.15,476.0,478.2,162403,78061177.75,4353
2026-05-21,INE615R01029,TRU,EQ,6.24,6.24,6.0,6.04,6.03,6.17,101128,615530.16,202
2026-05-21,INE0SWN01019,TRUST,SM,34.0,34.45,32.95,34.0,34.0,34.5,15000,505050.0,14
2026-05-21,INE16VK01010,TSC,SM,32.3,32.3,32.3,32.3,32.3,35.0,2000,64600.0,1
2026-05-21,INE202Z01029,TSFINV,EQ,410.0,429.9,409.35,410.8,409.35,405.1,159049,66557440.25,7158
2026-05-21,INE1C3207065,935TSI30,N0,104280.44,104280.44,104280.44,104280.44,104280.44,105000.0,45,4692619.8,1
2026-05-21,INE910C01018,TTKHLTCARE,EQ,906.7,917.95,881.75,888.55,896.0,884.4,2826,2540275.35,402
2026-05-21,INE690A01028,TTKPRESTIG,EQ,543.0,548.8,536.0,541.75,537.5,542.6,102714,55638551.25,5379
2026-05-21,INE974X01010,TIINDIA,EQ,2984.6,3063.5,2984.0,3000.6,3000.0,2970.9,223521,678073455.9,19047
2026-05-21,INE0OXV01027,TUNWAL,SM,33.25,33.3,33.0,33.0,33.0,33.25,30000,992300.0,14
2026-05-21,INE038F01029,TVTODAY,EQ,110.0,111.0,108.34,109.98,110.0,109.38,33188,3646102.16,847
2026-05-21,INE871L01013,TVVISION,EQ,5.12,5.35,5.12,5.28,5.28,5.24,16310,86740.31,43
2026-05-21,INE236G01019,TVSELECT,EQ,454.0,473.95,454.0,458.25,462.0,452.65,41332,19136896.65,2010
2026-05-21,INE105A01035,TVSHLTD,EQ,13609.0,13609.0,13302.0,13457.0,13500.0,13569.0,3179,42689306.0,1674
2026-05-21,INE494B01023,TVSMOTOR,EQ,3378.5,3400.9,3342.0,3380.7,3385.0,3361.9,823043,2780471990.7,77374
2026-05-21,INE494B04019,TVSMNCRPS,P1,10.25,10.3,10.25,10.25,10.3,10.25,228167,2339332.95,230
2026-05-21,INE421C01016,TVSSRICHAK,EQ,3618.0,3670.0,3575.0,3599.1,3575.0,3592.0,3150,11399834.3,1208
2026-05-21,INE395N01027,TVSSCS,EQ,114.0,117.69,114.0,115.79,116.0,113.05,277849,32182745.52,3358
2026-05-21,INE388G01026,TICL,EQ,22.85,23.5,22.34,23.02,22.96,22.76,835965,19270169.98,920
2026-05-21,INE152C01025,UYFINCORP,EQ,15.15,15.15,14.62,14.92,14.98,14.83,155692,2322149.69,332
2026-05-21,INE139B01016,UCAL,EQ,90.7,92.0,90.03,91.44,91.7,88.94,17137,1560348.45,366
2026-05-21,INE583D07604,1015UCL27,NF,1019.7,1019.7,1019.7,1019.7,1019.7,1000.0,24,24472.8,1
2026-05-21,INE583D07596,1050UCL28,NH,1020.0,1020.0,1020.0,1020.0,1020.0,1027.7,10,10200.0,1
2026-05-21,INE691A01018,UCOBANK,EQ,24.75,24.95,24.72,24.82,24.8,24.53,3972708,98722206.21,10553
2026-05-21,INE0N0Y01013,USK,EQ,21.68,22.1,21.22,21.52,21.8,21.68,12095,260799.7,109
2026-05-21,INE516A01017,UFLEX,EQ,407.4,424.85,407.35,411.7,411.0,403.55,86842,36190215.55,2778
2026-05-21,INE527H01019,UFO,EQ,74.2,75.8,73.28,74.27,74.55,74.17,60619,4503505.44,748
2026-05-21,INE583D01011,UGROCAP,EQ,98.07,100.5,97.15,97.75,98.0,98.07,270581,26546147.35,1414
2026-05-21,INE899L01030,UEL,EQ,145.0,149.33,143.71,144.45,144.17,144.09,11974,1743953.27,666
2026-05-21,INE551W01018,UJJIVANSFB,EQ,54.49,55.35,52.75,52.9,53.0,53.53,12976398,700311876.31,62916
2026-05-21,INE405A01021,ULTRAMAR,EQ,410.0,416.35,398.45,404.55,404.4,416.35,35306,14300263.1,2947
2026-05-21,INE481G01011,ULTRACEMCO,EQ,11484.0,11517.0,11373.0,11474.0,11505.0,11409.0,244967,2808080151.0,43770
2026-05-21,INE067901012,UMA,SM,19.0,19.0,19.0,19.0,19.0,20.5,4000,76000.0,1
2026-05-21,INE0GIU01018,UMAEXPORTS,EQ,25.9,25.9,24.54,25.3,25.55,25.02,8213,208149.4,84
2026-05-21,INE398B01018,UMIYA-MRO,EQ,84.7,85.45,83.2,84.13,84.5,83.14,6356,534469.88,78
2026-05-21,INE351A01035,UNICHEMLAB,EQ,377.95,379.05,362.2,367.15,373.7,373.0,28189,10402075.55,1135
2026-05-21,INE00U401027,UNIECOM,EQ,87.37,87.75,84.65,85.13,85.95,86.07,269235,23213052.62,3102
2026-05-21,INE0PRF01011,UNIHEALTH,ST,431.1,454.5,431.1,452.8,454.5,444.5,16500,7377675.0,26
2026-05-21,INE481Z01011,UNIINFO,BE,11.8,11.9,11.5,11.9,11.9,11.9,1384,16208.6,19
2026-05-21,INE0B2801011,UNILEX,SM,28.4,28.4,26.0,27.5,27.5,23.7,25600,694480.0,15
2026-05-21,INE0U3I01011,UNIMECH,EQ,932.0,947.9,920.0,921.3,925.0,925.3,32512,30249411.7,1979
2026-05-21,INE692A01016,UNIONBANK,EQ,161.6,162.14,159.7,160.12,160.6,159.0,8330372,1338371985.31,43295
2026-05-21,INF582M01KS4,UNIONGOLD,EQ,153.15,156.9,153.15,154.55,154.55,154.35,1140,176521.15,46
2026-05-21,INE244O01017,UNIPARTS,EQ,539.9,558.0,537.0,552.05,551.6,537.1,65153,35697282.15,3591
2026-05-21,INE037A01022,UNIENTER,EQ,109.99,109.99,105.52,106.64,106.1,108.56,13889,1498677.57,191
2026-05-21,INE694A01020,UNITECH,EQ,4.58,4.77,4.54,4.67,4.71,4.54,7145451,33374616.87,22902
2026-05-21,INE686F01025,UBL,EQ,1360.0,1365.0,1326.0,1331.0,1335.0,1348.8,137791,183923592.1,13210
2026-05-21,INE961D01019,UNIDT,EQ,242.0,242.4,225.6,234.94,235.0,235.48,42907,9990548.01,1703
2026-05-21,INE382M01027,UFBL,EQ,410.0,480.95,405.45,480.95,480.95,400.8,7103895,3271851935.4,117869
2026-05-21,INE0SMR01011,UHTL,SM,57.5,59.0,56.55,56.85,56.55,58.0,32000,1855600.0,14
2026-05-21,INE458F01011,UNITEDTEA,EQ,565.0,566.0,522.2,528.0,524.2,535.25,2002,1069887.25,306
2026-05-21,INE368U01029,UNITEDPOLY,EQ,34.6,37.96,32.25,34.64,34.44,34.73,176384,6268885.74,822
2026-05-21,INE854D01024,UNITDSPR,EQ,1293.0,1294.4,1270.1,1272.6,1272.1,1284.6,946896,1212381676.7,27944
2026-05-21,INE562X01013,UNIVASTU,EQ,70.51,74.4,70.0,72.07,73.08,70.39,101244,7218494.37,1174
2026-05-21,INE279A01012,UNIVCABLES,EQ,1025.0,1051.0,995.15,999.05,996.6,1002.35,225638,231720387.65,12593
2026-05-21,INE03V001013,UNIVPHOTO,BE,415.15,415.15,415.15,415.15,415.15,423.6,105,43590.75,14
2026-05-21,INE405E01023,UNOMINDA,EQ,1066.0,1084.4,1057.1,1079.1,1081.0,1056.4,1269664,1363659489.8,49940
2026-05-21,INE148I08256,915SCL26,NE,1050.49,1050.49,1050.49,1050.49,1050.49,1049.0,107,112402.43,1
2026-05-21,INE530B08102,96IIFL28A,NF,997.65,999.0,997.65,997.7,997.7,997.2,756,754961.95,14
2026-05-21,INE477L08162,IIFLZC28C,N6,1526.0,1540.0,1525.35,1528.96,1540.0,1526.0,45,68803.5,3
2026-05-21,INE477L08147,10IIFL28,N4,1064.0,1064.0,1063.25,1063.25,1063.25,1067.0,1000,1063278.5,4
2026-05-21,INE477L08154,96IIFL28,N5,997.25,998.0,997.25,997.25,997.25,999.87,220,219462.5,6
2026-05-21,INE866I08279,10IIFL29,N6,1015.0,1015.0,1015.0,1015.0,1015.0,1030.0,196,198940.0,3
2026-05-21,INE774D08MG3,M&MFIN,N3,2307.0,2340.0,2301.01,2308.08,2302.3,2341.4,561,1297546.34,19
2026-05-21,INE851I01011,UDS,EQ,175.0,175.98,172.5,173.85,174.0,172.92,140020,24309108.44,1635
2026-05-21,INE628A01036,UPL,EQ,639.8,639.8,625.15,629.0,630.0,634.35,1405142,885005661.25,28716
2026-05-21,INE0CBM01019,USASEEDS,SM,100.0,100.0,99.9,99.95,100.0,104.0,2568,256757.2,6
2026-05-21,INE568Z01015,URAVIDEF,EQ,121.9,121.9,115.0,118.56,119.0,117.23,3173,374763.18,133
2026-05-21,INE0CAZ01013,URBANCO,EQ,120.07,121.5,118.21,119.48,119.49,119.49,2682167,321312348.67,22422
2026-05-21,INE0O0201019,URBAN,SM,131.5,136.0,130.5,131.45,131.2,137.95,44800,5926960.0,53
2026-05-21,INE550C01020,URJA,EQ,10.76,10.96,10.71,10.8,10.84,10.82,819105,8848036.64,2511
2026-05-21,INE0LS001014,USHAFIN,SM,32.15,36.45,32.15,35.6,35.5,31.0,60800,2108800.0,38
2026-05-21,INE240C01028,UMESLTD,BE,4.74,4.87,4.54,4.79,4.79,4.74,12708,60639.28,49
2026-05-21,INE228A01035,USHAMART,EQ,467.6,473.1,461.45,463.75,463.4,465.5,232905,108514522.95,9448
2026-05-21,INE00NI01015,UCL,ST,149.0,153.0,149.0,153.0,153.0,150.0,4000,604000.0,2
2026-05-21,INE094J01016,UTIAMC,EQ,955.0,956.95,939.5,941.45,941.0,947.95,72776,68848459.75,5710
2026-05-21,INF789F1AUV1,BANKBETA,EQ,55.24,55.88,54.75,55.13,55.22,55.24,6074736,334993663.23,4412
2026-05-21,INF789F1AZF3,GILT10BETA,EQ,26.15,26.5,25.95,26.17,26.5,26.15,397,10332.49,13
2026-05-21,INF789F1AZD8,ITBETA,EQ,305.85,305.91,303.23,303.23,303.23,304.33,275,83847.34,13
2026-05-21,INF789F1AYX9,MIDCAPBETA,EQ,227.56,228.55,226.22,227.3,226.22,226.43,982,223610.88,32
2026-05-21,INF789F1AUW9,NEXT50BETA,EQ,75.28,75.63,74.61,75.02,75.3,74.75,40325,3028664.15,508
2026-05-21,INF789F1AZC0,NIFTYBETA,EQ,262.33,262.41,260.0,260.86,260.68,261.03,83572,21874851.99,882
2026-05-21,INF789FB1X58,SENSEXBETA,EQ,831.71,834.84,824.0,825.52,824.0,828.97,838,695194.6,88
2026-05-21,INF789F1AYK6,SILVERBETA,EQ,259.9,259.9,252.74,254.18,254.59,255.09,334635,85224040.26,3368
2026-05-21,INF789F1AUU3,SNXT50BETA,EQ,89.38,91.49,88.51,89.35,90.38,89.82,3676,330059.08,123
2026-05-21,INF789F1AUX7,GOLDBETA,EQ,129.25,133.5,129.25,132.95,132.9,132.55,405280,53924873.6,2144
2026-05-21,INE735W01017,UTKARSHBNK,EQ,13.31,13.49,13.16,13.21,13.19,13.28,2034154,27031661.72,3722
2026-05-21,INE06IJ01010,UTSSAV,SM,261.0,261.0,254.0,260.75,261.0,259.25,72600,18861090.0,99
2026-05-21,INE786F01031,UTTAMSUGAR,EQ,247.9,247.9,240.55,241.65,241.35,245.25,53293,12971434.9,1385
2026-05-21,INE0GXK01018,VMARCIND,SM,1135.0,1141.95,1080.55,1111.3,1115.0,1125.7,51500,57188762.5,182
2026-05-21,INE0QQM01017,VR,SM,128.0,128.0,128.0,128.0,128.0,134.5,400,51200.0,1
2026-05-21,INE951I01027,VGUARD,EQ,310.0,315.0,304.2,304.9,305.0,308.05,463284,143105277.5,12707
2026-05-21,INE0QXL01015,VLINFRA,ST,23.75,24.0,23.45,23.45,23.45,24.6,7500,177600.0,5
2026-05-21,INE945H01021,V2RETAIL,EQ,228.99,232.8,225.65,231.92,231.2,227.28,1545042,356584300.67,15392
2026-05-21,INE956G01038,WABAG,EQ,1401.0,1424.0,1390.9,1410.5,1414.5,1393.7,274768,387506911.6,19521
2026-05-21,INE694D01016,VADILALIND,EQ,4297.9,4310.0,4160.0,4294.0,4291.0,4212.8,11369,48284188.4,2123
2026-05-21,INE551Q01028,VSCL,SM,20.95,20.95,19.95,19.95,19.95,20.95,72000,1442400.0,5
2026-05-21,INE884A01027,VAIBHAVGBL,EQ,228.0,228.98,224.03,228.08,228.5,225.71,246720,55990624.91,4756
2026-05-21,INE0JR301013,MADHAVBAUG,SM,195.0,195.0,190.05,193.4,193.6,190.0,14400,2765800.0,31
2026-05-21,INE972X01022,VAISHALI,BE,6.9,7.23,6.82,6.99,6.99,6.93,51771,363063.9,155
2026-05-21,INE051B01021,VAKRANGEE,EQ,6.4,6.4,6.27,6.32,6.3,6.32,1791888,11313759.09,1642
2026-05-21,INE0JWS01017,VALIANTLAB,BE,77.9,77.9,75.0,75.97,75.5,76.54,8349,631713.13,54
2026-05-21,INE565V01010,VALIANTORG,EQ,290.0,301.9,287.3,292.55,296.0,290.6,49285,14418668.4,1522
2026-05-21,INE879I01012,DBREALTY,BE,114.45,116.95,112.0,114.29,114.5,112.73,671418,76968419.84,2764
2026-05-21,INE1E7Y01018,VALUE360,ST,70.95,72.85,70.0,71.45,72.5,70.55,63600,4549560.0,44
2026-05-21,INE116G01013,VARDHACRLC,EQ,44.39,44.4,43.5,43.74,43.92,43.61,38059,1665308.97,265
2026-05-21,INE701A01023,VHL,EQ,3516.6,3516.6,3460.0,3487.4,3465.3,3516.6,214,748458.2,56
2026-05-21,INE835A01029,VARDMNPOLY,BE,6.2,6.44,6.2,6.4,6.43,6.17,101108,641308.85,183
2026-05-21,INE050M01012,VSSL,EQ,275.15,278.55,272.45,272.95,272.45,275.15,22669,6224744.35,931
2026-05-21,INE825A01020,VTL,EQ,605.0,626.8,605.0,619.65,621.2,609.75,534518,329884165.15,11482
2026-05-21,INE665L01035,VARROC,EQ,564.9,574.5,557.5,568.2,568.0,557.9,76695,43378752.3,4899
2026-05-21,INE200M01039,VBL,EQ,515.0,525.9,514.15,519.85,519.5,514.0,6850797,3572958175.25,120084
2026-05-21,INE273D01027,VGL,EQ,64.07,65.4,63.12,65.0,64.35,64.07,114436,7361928.59,641
2026-05-21,INE0N5801013,DENTALKART,SM,414.0,414.0,401.75,408.0,404.0,414.45,33000,13527325.0,82
2026-05-21,INE893I01013,VASCONEQ,BE,35.15,35.65,34.16,34.88,34.9,35.26,125035,4390009.3,653
2026-05-21,INE590L01019,VASWANI,EQ,53.5,55.98,52.51,54.04,53.51,53.89,62737,3363576.56,1267
2026-05-21,INE098201036,VCL,EQ,1.42,1.47,1.42,1.44,1.45,1.43,147427,213549.41,199
2026-05-21,INE04HY07377,115VCCL28,N0,98500.0,98500.0,98500.0,98500.0,98500.0,99499.99,1,98500.0,1
2026-05-21,INE04HY07229,12VCCL29B,N0,98599.0,98599.0,98599.0,98599.0,98599.0,95935.17,1,98599.0,1
2026-05-21,INE04HY08011,125VCCL31,N0,96005.0,96005.0,96000.0,96001.67,96000.0,96500.0,3,288005.01,3
2026-05-21,INE04HY07385,115VCCL28A,N0,98999.99,99499.66,98999.99,99499.66,99499.66,99499.66,5,496998.63,2
2026-05-21,INE0U2M01015,VDEAL,SM,184.85,184.85,170.0,178.0,178.0,178.8,3600,641010.0,6
2026-05-21,INE825V01034,MANYAVAR,EQ,425.05,428.8,418.0,422.2,428.05,415.05,173588,73706833.15,7788
2026-05-21,INE205A01025,VEDL,EQ,338.0,338.25,328.9,329.75,330.75,333.75,14507403,4833466515.1,116820
2026-05-21,INE484C01030,VEEDOL,EQ,1449.0,1460.0,1425.0,1434.4,1433.0,1435.4,20960,30266119.3,2124
2026-05-21,INE0KTW01013,VEEKAYEM,ST,134.25,134.25,134.25,134.25,134.25,127.9,500,67125.0,1
2026-05-21,INE232E01013,VELJAN,EQ,1040.3,1040.3,960.0,1040.0,1040.0,1040.3,205,203182.4,21
2026-05-21,INE398A01010,VENKEYS,EQ,1513.0,1543.3,1496.1,1510.2,1509.0,1504.9,41346,62562298.9,3140
2026-05-21,INE781S01027,VENTIVE,EQ,634.0,634.0,622.0,626.8,623.0,628.3,29977,18831751.5,875
2026-05-21,INE0JA001018,VENUSPIPES,EQ,1350.1,1401.8,1344.2,1352.2,1350.0,1335.8,53334,73330294.2,5796
2026-05-21,INE411B01019,VENUSREM,EQ,1054.95,1055.0,1004.35,1030.55,1025.1,1042.5,71894,74313612.5,3653
2026-05-21,INE0IQ001011,VERANDA,EQ,247.65,251.0,240.31,243.97,244.7,240.04,818945,201461000.16,4175
2026-05-21,INE188Y01031,VERTOZ,EQ,44.32,46.95,44.32,45.8,46.66,44.79,43650,1987970.49,505
2026-05-21,INE386A01023,VESUVIUS,EQ,483.0,483.2,473.2,475.45,475.3,479.2,39558,18917243.4,3140
2026-05-21,INE918N01018,VETO,EQ,112.2,113.46,111.12,111.79,111.23,111.02,27072,3043982.42,1084
2026-05-21,INE0MO401019,VIAZ,SM,69.9,69.9,63.3,63.3,63.3,66.6,16000,1047000.0,7
2026-05-21,INE0QTF01015,VSTL,EQ,119.9,120.79,116.44,117.34,117.01,119.87,20148,2378643.09,1122
2026-05-21,INE048C01025,VHLTD,BE,139.49,139.49,136.7,137.24,137.2,137.98,1294,178863.48,21
2026-05-21,INE0F8901022,VICTORYEV,SM,15.85,16.4,15.5,16.1,15.95,15.4,108000,1732800.0,35
2026-05-21,INE632C01026,VIDHIING,EQ,295.0,296.0,289.05,291.8,296.0,292.95,3960,1155855.1,298
2026-05-21,INE14UN01029,VIDYAWIRES,EQ,90.1,91.5,88.4,89.1,88.58,88.12,3618200,326701848.44,13857
2026-05-21,INE1DM601016,VIGOR,SM,47.2,52.5,47.05,51.0,51.0,53.0,12800,635120.0,8
2026-05-21,INE043W01024,VIJAYA,EQ,1269.1,1304.0,1252.0,1259.3,1256.3,1271.7,113969,144826956.4,8376
2026-05-21,INE0WL901019,VIJAYPD,ST,93.95,94.0,91.0,91.0,91.0,92.15,10000,924300.0,5
2026-05-21,INE159N01027,VIJIFIN,BE,3.8,3.93,3.73,3.83,3.8,3.78,65953,253416.58,147
2026-05-21,INE806A01020,VIKASECO,EQ,1.25,1.28,1.23,1.27,1.26,1.25,1526388,1931981.34,958
2026-05-21,INE161L01027,VIKASLIFE,EQ,1.43,1.47,1.43,1.44,1.45,1.43,1802674,2617364.09,1388
2026-05-21,INE078V01014,VIKRAMSOLR,EQ,200.84,202.43,196.84,198.85,199.2,198.84,1474878,293583088.48,16776
2026-05-21,INE01R501028,VIKRAN,EQ,66.5,67.0,63.68,64.12,64.2,65.39,2277296,148613393.31,10994
2026-05-21,INE0AZY01017,VILAS,SM,395.0,399.0,364.2,368.35,371.0,391.3,66250,24990287.5,189
2026-05-21,INE579C01029,VIMTALABS,EQ,452.0,457.7,448.35,450.3,453.5,449.8,106798,48350111.45,3405
2026-05-21,INE410B01037,VINATIORGA,EQ,1332.0,1346.8,1319.9,1333.8,1335.0,1329.4,37796,50366518.1,3187
2026-05-21,INE707A01012,VINDHYATEL,EQ,1640.0,1688.0,1612.7,1629.6,1625.0,1631.9,28969,47731473.4,3665
2026-05-21,INE505Y01010,VINEETLAB,BE,35.99,36.4,35.25,36.35,36.35,34.71,19910,714704.32,74
2026-05-21,INE01KI01027,VINNY,EQ,1.12,1.16,1.12,1.12,1.14,1.14,172029,195332.27,176
2026-05-21,INE0OSJ01014,VINSYS,SM,323.0,332.0,311.55,315.0,315.0,323.0,3500,1125887.5,5
2026-05-21,INE498Q01014,VINCOFE,EQ,134.97,140.0,131.35,132.34,132.0,134.06,3510864,476341780.94,49009
2026-05-21,INE0OLS01010,VINYAS,SM,989.9,1025.05,975.1,1023.35,1020.0,942.8,13000,13016420.0,82
2026-05-21,INE250B01029,VINYLINDIA,EQ,286.0,292.05,286.0,288.95,289.9,283.2,70155,20232462.8,1267
2026-05-21,INE450G01024,VIPCLOTHNG,BE,25.95,26.4,25.95,26.0,25.95,26.17,59208,1540806.2,173
2026-05-21,INE054A01027,VIPIND,EQ,300.45,302.95,296.35,300.05,300.0,300.05,312251,93778821.15,9811
2026-05-21,INE946H01037,VIPULLTD,EQ,8.88,9.28,8.88,9.09,9.14,9.02,24021,218311.63,97
2026-05-21,INE539B01017,VIRINCHI,EQ,16.46,16.64,16.21,16.31,16.27,16.46,113617,1857363.97,532
2026-05-21,INE0VRH01015,VGINFOTECH,SM,148.75,153.65,145.5,152.75,151.6,145.7,79000,11895600.0,71
2026-05-21,INE286H01012,VISACHROME,BE,52.8,52.82,47.8,51.07,51.4,50.31,17617,897831.42,139
2026-05-21,INE370E01029,VIVIDHA,EQ,0.51,0.52,0.5,0.5,0.51,0.5,245815,124418.76,390
2026-05-21,INE392A01021,VISAKAIND,EQ,73.0,73.45,71.21,71.49,71.31,72.42,62754,4532386.6,888
2026-05-21,INE01EA01019,VMM,EQ,122.6,123.9,121.24,123.33,123.0,122.14,11948110,1470960820.3,60416
2026-05-21,INE270I01022,VISHNU,EQ,606.0,608.0,594.9,597.25,599.5,599.6,56805,33998275.85,3231
2026-05-21,INE0AE001013,VPRPL,BE,39.2,40.0,38.51,38.98,39.15,38.9,125119,4907540.82,713
2026-05-21,INE0PQ001012,VISHNUINFR,SM,155.0,163.95,155.0,163.95,163.95,158.9,5000,802100.0,9
2026-05-21,INE430N01022,VISHWARAJ,EQ,5.46,5.64,5.22,5.45,5.46,5.46,188106,1013284.99,438
2026-05-21,INE0TR001017,VIESL,SM,313.5,313.5,308.0,312.35,311.75,307.1,12800,3968920.0,15
2026-05-21,INE0L4K01016,VITAL,BE,57.42,59.7,57.42,58.89,58.89,58.59,822,47855.74,15
2026-05-21,INE0MEG01014,VIVIANA,SM,809.95,850.0,787.5,829.5,820.05,790.2,36400,29929620.0,169
2026-05-21,INE24H301028,VIVIDEL,ST,1041.0,1041.0,952.0,980.0,980.0,993.0,30960,30820500.0,87
2026-05-21,INE526G01021,VIVIMEDLAB,BE,6.26,6.77,6.26,6.55,6.47,6.51,76991,505513.03,152
2026-05-21,INE0IA701014,VIVO,SM,86.0,86.0,85.95,85.95,85.95,82.15,6400,550320.0,4
2026-05-21,INE807F01027,VIYASH,EQ,256.8,258.0,245.5,247.54,247.5,251.69,2550358,641931319.93,43360
2026-05-21,INE03HW01020,VLEGOV,BE,13.66,14.39,13.66,14.2,14.33,13.93,70218,994930.84,328
2026-05-21,INE709A01018,VLSFINANCE,EQ,231.12,234.85,231.12,232.35,232.95,230.35,4744,1105639.45,109
2026-05-21,INE665J01013,VMART,EQ,636.0,645.95,631.0,636.7,631.0,633.65,81827,52279164.65,5858
2026-05-21,INE0SJA01013,VMSTMT,BE,46.0,49.0,46.0,46.63,47.1,47.52,16145,763393.6,236
2026-05-21,INE669E01016,IDEA,EQ,13.65,13.88,13.51,13.62,13.53,13.58,769010637,10548280544.61,526265
2026-05-21,INE241X01014,VOLERCAR,SM,225.0,225.0,214.0,222.0,222.0,228.0,70400,15509000.0,16
2026-05-21,INE540H01012,VOLTAMP,EQ,9219.0,9351.0,9163.0,9311.0,9308.0,9176.0,41082,381334849.0,11821
2026-05-21,INE226A01021,VOLTAS,EQ,1300.2,1311.5,1262.1,1273.5,1274.0,1295.8,1117551,1426152227.9,34991
2026-05-21,INE0S2V01010,VRAJ,EQ,121.6,123.96,120.0,120.8,122.0,119.83,23983,2908404.04,932
2026-05-21,INE366I01010,VRLLOG,EQ,247.25,250.9,245.2,246.0,245.5,247.25,247119,60899731.9,5592
2026-05-21,INE710A01016,VSTIND,EQ,258.0,259.95,256.0,256.85,257.15,256.3,143667,36994744.95,2577
2026-05-21,INE764D01017,VSTTILLERS,EQ,4489.5,4644.0,4455.0,4618.0,4640.0,4488.0,16972,77044078.5,3788
2026-05-21,INE765D01022,WPIL,EQ,433.0,442.85,426.0,432.85,433.9,435.95,40159,17409906.7,2713
2026-05-21,INE100D01014,WSI,EQ,70.0,70.0,66.5,67.03,67.0,68.63,92417,6225596.53,502
2026-05-21,INE377N01017,WAAREEENER,EQ,3040.0,3074.2,2999.0,3056.6,3056.0,3005.2,949176,2876367909.7,42965
2026-05-21,INE299N01021,WAAREERTL,EQ,945.0,955.4,936.0,947.3,950.4,938.7,176578,167373549.3,9026
2026-05-21,INE0E7301029,WAKEFIT,EQ,144.0,148.9,140.0,143.96,142.0,142.88,2853402,409039171.29,24428
2026-05-21,INE711A01022,WALCHANNAG,EQ,225.0,255.05,223.02,241.53,241.45,238.24,6473422,1576827055.74,87947
2026-05-21,INE107F01022,WANBURY,BE,274.0,284.35,274.0,283.0,284.35,270.9,86836,24382646.05,708
2026-05-21,INE0A3007065,1075WCA28,N0,9650.0,9650.0,9650.0,9650.0,9650.0,9695.0,2,19300.0,1
2026-05-21,INE082W01014,WEWIN,BE,56.15,57.77,56.12,57.43,57.45,55.02,4419,251913.65,78
2026-05-21,INF2F0001370,TWCGOLDETF,EQ,155.15,157.49,155.0,157.14,157.1,156.56,2124,332670.13,274
2026-05-21,INE658T01017,WEALTH,EQ,1043.0,1043.0,871.65,914.6,916.0,869.5,56352,55793631.9,4613
2026-05-21,INE855C01023,WEBELSOLAR,EQ,105.51,109.0,104.5,105.27,105.45,104.46,2756260,294683202.34,19204
2026-05-21,INE080A01014,WEIZMANIND,EQ,82.3,84.0,81.73,82.56,82.88,82.3,417,34437.62,48
2026-05-21,INE191B01025,WELCORP,EQ,1320.0,1357.7,1318.7,1330.2,1329.1,1316.7,936829,1257784665.1,49593
2026-05-21,INE625G01013,WELENT,EQ,492.1,502.5,490.3,497.2,495.15,487.0,146812,73043785.2,8073
2026-05-21,INE389K01018,WELINV,EQ,1815.0,1860.1,1800.0,1800.0,1800.0,1808.2,634,1144242.0,90
2026-05-21,INE192B01031,WELSPUNLIV,EQ,142.01,145.8,141.5,145.5,145.6,141.65,3451932,497879015.3,26237
2026-05-21,INE731F01037,WELSPLSOL,EQ,43.39,43.39,41.96,42.32,42.04,42.0,134847,5726380.58,864
2026-05-21,INE274C01019,WENDT,EQ,6800.0,6967.0,6800.0,6851.0,6854.5,6976.0,6212,42661768.5,1530
2026-05-21,INE976A01021,WSTCSTPAPR,EQ,478.0,491.95,476.8,479.7,480.0,476.7,90556,43807738.25,3539
2026-05-21,INE0CJF01024,WCIL,EQ,97.65,100.9,96.79,97.01,96.8,97.52,31707,3100878.21,883
2026-05-21,INE274F01020,WESTLIFE,EQ,467.5,473.25,464.25,468.1,471.0,468.2,56283,26389241.7,3439
2026-05-21,INE085001019,WEWORK,EQ,487.0,584.15,485.3,573.9,580.0,486.8,5088473,2835570007.5,89836
2026-05-21,INE715A01015,WHEELS,EQ,1580.0,1725.0,1580.0,1676.4,1665.0,1565.4,519499,870769338.9,34986
2026-05-21,INE716A01013,WHIRLPOOL,EQ,844.3,894.0,830.5,877.45,872.0,856.0,1237355,1078063628.1,50670
2026-05-21,INE210A01017,WILLAMAGOR,EQ,27.33,28.44,27.33,27.89,28.1,27.2,495,13875.6,14
2026-05-21,INE015B01018,WIMPLAST,EQ,355.05,362.45,350.2,354.35,350.2,358.45,2819,1004629.95,226
2026-05-21,INE0H5O01029,WINDLAS,EQ,807.95,814.8,779.0,782.35,782.0,798.05,58538,46230454.55,2867
2026-05-21,INE052A01021,WINDMACHIN,EQ,280.05,297.3,280.05,293.0,293.0,279.3,53122,15440552.65,1320
2026-05-21,INE0S3D01016,WINSOL,SM,139.0,139.5,133.25,137.0,137.0,135.45,4000,548340.0,10
2026-05-21,INE784B01035,WINSOME,BZ,2.22,2.22,2.18,2.21,2.19,2.18,24597,54478.36,63
2026-05-21,INE075A01022,WIPRO,EQ,198.5,200.04,197.5,199.74,199.51,197.12,18980608,3779460800.93,100328
2026-05-21,INE623Y01011,WTICAB,SM,90.1,90.35,81.6,82.95,81.85,89.6,37500,3213000.0,55
2026-05-21,INE049B01025,WOCKPHARMA,EQ,1618.0,1638.7,1594.6,1599.8,1595.9,1611.9,761546,1227361309.5,32019
2026-05-21,INE0OO201011,WOL3D,SM,183.95,195.85,183.5,195.1,195.85,178.05,50000,9639800.0,40
2026-05-21,INE0Q9601016,WOMANCART,SM,127.0,127.0,121.0,122.5,121.0,124.5,10800,1328940.0,27
2026-05-21,INE02WG01024,WEL,EQ,106.22,106.22,97.52,97.8,97.99,105.91,938198,94005964.06,3977
2026-05-21,INE066O01014,WONDERLA,EQ,487.0,489.3,483.0,487.55,487.0,487.0,25078,12194311.8,2466
2026-05-21,INE196Y01018,WORTHPERI,EQ,135.02,138.0,130.52,136.98,137.9,134.78,3868,524434.74,245
2026-05-21,INE692G01013,XCHANGING,EQ,68.0,71.4,66.73,67.29,67.11,67.0,373975,25638632.26,2824
2026-05-21,INE01P501012,XELPMOC,EQ,106.16,106.16,101.63,102.56,103.64,105.57,14689,1512077.61,404
2026-05-21,INE445C01015,XPROINDIA,EQ,1087.0,1157.0,1087.0,1102.6,1100.2,1070.9,87453,97034336.4,5350
2026-05-21,INE547B01028,XTGLOBAL,EQ,31.5,32.0,30.19,30.42,30.19,30.86,33768,1044602.01,413
2026-05-21,INE0U0J01015,YAAP,ST,195.7,195.85,195.7,195.7,195.7,195.7,13000,2544250.0,9
2026-05-21,INE0TO601017,YASHOPTICS,SM,132.3,132.5,130.8,130.8,130.8,132.55,4000,526680.0,5
2026-05-21,INE616Z01012,YASHO,EQ,2057.0,2080.0,1995.0,2010.1,1995.9,2058.9,65679,134203667.7,6494
2026-05-21,INE08S201019,YCCL,SM,9.5,9.5,9.5,9.5,9.5,9.7,3000,28500.0,1
2026-05-21,INE0JO301016,YATHARTH,EQ,854.2,863.45,850.35,859.55,859.8,846.75,200464,171878755.7,9478
2026-05-21,INE0JR601024,YATRA,EQ,95.9,96.8,94.45,96.1,96.0,94.5,1131032,108375145.28,9508
2026-05-21,INE528G01035,YESBANK,EQ,22.17,22.34,20.93,21.57,21.6,22.0,130253122,2824000900.71,83119
2026-05-21,INE09FA01019,YUDIZ,SM,28.4,28.4,25.7,26.6,26.6,27.05,11200,297400.0,10
2026-05-21,INE384C01016,YUKEN,EQ,685.0,692.35,668.2,670.7,668.2,656.6,23744,16132610.9,2086
2026-05-21,INE116C01012,ZFSTEERING,EQ,714.0,714.0,692.25,701.55,711.65,712.15,1067,749299.75,135
2026-05-21,INE0ISZ01012,ZTECH,SM,620.0,655.0,614.0,626.9,630.0,623.15,111300,70520535.0,265
2026-05-21,INE07K301024,ZAGGLE,EQ,215.7,217.7,211.53,213.49,212.8,213.48,1162344,248974768.98,15648
2026-05-21,INE0PPS01018,ZEAL,SM,69.0,69.0,69.0,69.0,69.0,69.0,600,41400.0,1
2026-05-21,INE256A01028,ZEEL,EQ,83.26,84.88,82.7,83.42,83.7,82.95,10403040,869475458.99,54889
2026-05-21,INE565L01011,ZEELEARN,EQ,5.76,5.92,5.74,5.76,5.75,5.8,476161,2759446.27,473
2026-05-21,INE966H01019,ZEEMEDIA,EQ,8.11,8.22,7.94,8.02,8.04,8.13,469365,3780142.0,638
2026-05-21,INE251B01027,ZENTEC,EQ,1612.1,1639.4,1590.0,1603.8,1608.0,1604.2,407853,657276821.5,23747
2026-05-21,INE0QWN01013,ZENITHDRUG,SM,39.95,39.95,39.95,39.95,39.95,38.85,800,31960.0,1
2026-05-21,INE058B01018,ZENITHEXPO,EQ,204.6,204.6,202.0,202.0,202.0,204.59,52,10630.7,8
2026-05-21,INE318D01020,ZENITHSTL,EQ,5.82,5.82,5.55,5.72,5.75,5.71,104235,593236.12,305
2026-05-21,INE520A01027,ZENSARTECH,EQ,493.5,503.15,488.3,489.85,490.0,490.35,274982,135849590.15,12904
2026-05-21,INF0R8F01042,GOLDCASE,EQ,24.78,25.52,24.71,24.89,24.88,24.78,7818172,194719778.89,9007
2026-05-21,INF0R8F01034,LIQUIDCASE,EQ,114.16,114.16,114.14,114.15,114.16,114.14,14418924,1645951360.14,8028
2026-05-21,INF0R8F01133,LTGILTCASE,EQ,29.11,29.9,29.11,29.6,29.58,29.59,43183,1277697.42,136
2026-05-21,INF0R8F01059,MID150CASE,EQ,11.25,11.48,11.25,11.26,11.26,11.25,1078721,12188416.95,3223
2026-05-21,INF0R8F01166,NIFTYCASE,EQ,9.2,9.55,9.2,9.43,9.44,9.44,1672357,15808817.89,1620
2026-05-21,INF0R8F01091,SILVERCASE,EQ,27.19,27.19,26.51,26.73,26.7,26.8,10746046,287496152.35,10269
2026-05-21,INF0R8F01141,SML100CASE,EQ,10.4,10.4,10.14,10.2,10.21,10.13,609205,6214085.18,898
2026-05-21,INF0R8F01067,TOP100CASE,EQ,10.43,10.43,10.24,10.29,10.33,10.28,614187,6327245.77,1035
2026-05-21,INE342J01019,ZFCVINDIA,EQ,14420.0,14920.0,14325.0,14833.0,14760.0,14410.0,18832,273241351.0,4499
2026-05-21,INE518E01015,ZIMLAB,BE,98.98,102.9,98.98,100.11,100.5,99.12,32689,3296803.32,224
2026-05-21,INE206B01013,ZODIACLOTH,EQ,77.0,78.89,76.23,77.02,77.5,76.97,1233,95338.57,41
2026-05-21,INE761Y01019,ZODIAC,BE,300.0,308.35,295.0,303.5,305.0,293.7,19072,5789203.55,285
2026-05-21,INE358U01012,ZOTA,EQ,1220.0,1228.4,1205.0,1216.3,1218.0,1202.6,9992,12149775.2,799
2026-05-21,INE840M01016,ZUARI,EQ,217.0,217.19,212.4,213.85,214.2,213.77,84126,18083739.27,1840
2026-05-21,INE217A01012,ZUARIIND,EQ,248.5,249.5,244.75,246.75,248.0,247.1,15671,3868805.0,1030
2026-05-21,INE010B01027,ZYDUSLIFE,EQ,1054.0,1054.0,1030.05,1036.45,1036.8,1040.85,1920511,1992603240.8,42548
2026-05-21,INE768C01028,ZYDUSWELL,EQ,511.05,512.9,491.05,493.7,495.6,512.55,470484,235580506.8,15360
