trade_date,isin,symbol,series,open,high,low,close,last_price,prev_close,volume,turnover,trades
2026-06-19,IN0020200104,SGBJUN28,GB,14735.0,14735.0,14403.0,14570.63,14613.63,14733.57,128,1860399.11,38
2026-06-19,IN0020200286,SGBN28VIII,GB,14500.0,14687.99,14340.0,14616.8,14640.0,14817.75,430,6234819.61,71
2026-06-19,IN0020210053,SGBMAY29I,GB,14785.0,14785.0,14399.99,14604.81,14600.0,14785.24,1119,16240237.55,196
2026-06-19,IN0020210061,SGBJUN29II,GB,14769.09,14769.09,14400.0,14601.31,14649.0,14769.09,442,6411847.57,59
2026-06-19,IN0020210087,SGBJU29III,GB,14305.01,14829.42,14305.01,14658.94,14600.0,14803.83,245,3570889.99,75
2026-06-19,IN0020210145,SGBSEP29VI,GB,14421.0,14692.99,14421.0,14605.0,14650.0,14784.21,515,7491147.3,83
2026-06-19,IN0020210178,SGBNV29VII,GB,14305.01,14699.0,14305.01,14607.85,14610.0,14773.34,597,8675383.76,94
2026-06-19,IN0020180249,SGBOCT26,GB,14710.0,14710.0,14702.0,14702.0,14702.0,14702.0,5,73542.0,3
2026-06-19,IN0020180314,SGBNOV26,GB,14630.0,14630.0,14630.0,14630.0,14630.0,14939.0,4,58520.0,1
2026-06-19,IN0020180389,SGBDEC26,GB,14310.0,14622.76,14180.0,14561.01,14561.01,14905.0,304,4370242.7,22
2026-06-19,IN0020190073,SGBJUN27,GB,14401.0,14549.0,14400.0,14549.0,14549.0,14767.73,60,866601.19,16
2026-06-19,IN0020190107,SGBAUG27,GB,14400.0,14600.0,14374.0,14599.99,14599.99,14782.71,219,3161760.8,47
2026-06-19,IN0020190115,SGBSEP27,GB,14351.0,14789.97,14350.0,14608.25,14789.97,14826.59,119,1721674.92,10
2026-06-19,IN0020180462,SGBJAN27,GB,14669.0,14720.0,14669.0,14720.0,14720.0,14929.22,15,220150.0,15
2026-06-19,IN0020190370,SGBOCT27,GB,14400.0,14640.0,14352.01,14531.65,14550.0,14775.0,209,3018986.38,29
2026-06-19,IN0020180561,SGBFEB27,GB,14809.8,14809.8,14500.0,14666.4,14500.0,14809.8,9,132265.8,6
2026-06-19,IN0020190388,SGBOCT27VI,GB,14400.0,14650.0,14333.09,14650.0,14650.0,14776.0,67,965800.07,17
2026-06-19,IN0020190461,SGBDC27VII,GB,14325.0,14598.99,14325.0,14518.12,14516.0,15000.0,134,1938820.58,22
2026-06-19,IN0020200062,SGBAPR28I,GB,14332.0,14674.0,14332.0,14605.91,14600.0,14788.8,562,8099107.69,87
2026-06-19,IN0020200088,SGBMAY28,GB,14780.16,14780.16,14310.01,14541.75,14505.5,14780.16,447,6461878.15,125
2026-06-19,IN0020200146,SGBJUL28IV,GB,14701.0,14701.0,14423.0,14626.66,14600.0,14846.53,436,6319197.26,44
2026-06-19,IN0020190545,SGBFEB28IX,GB,14487.0,14565.0,14487.0,14565.0,14565.0,14800.5,53,768812.01,11
2026-06-19,IN0020200161,SGBAUG28V,GB,14500.0,14683.06,14410.0,14597.36,14585.0,14809.39,467,6782550.0,122
2026-06-19,IN0020200195,SGBSEP28VI,GB,14550.0,14740.0,14409.0,14614.59,14625.0,14800.0,257,3741305.86,53
2026-06-19,IN0020200203,SGBOC28VII,GB,14747.0,14747.0,14430.0,14622.9,14640.0,14750.0,155,2254143.6,33
2026-06-19,IN0020190537,SGBJ28VIII,GB,14805.0,14805.0,14450.0,14699.0,14699.0,14805.0,23,333179.0,9
2026-06-19,IN0020190552,SGBMAR28X,GB,14501.0,14581.29,14500.0,14581.29,14581.29,14855.0,30,436023.23,12
2026-06-19,IN0020210111,SGBJUL29IV,GB,14849.0,14849.0,14500.0,14600.0,14600.0,14836.88,10,145541.0,6
2026-06-19,IN0020200377,SGBJAN29IX,GB,14774.0,14779.9,14500.0,14602.29,14600.0,14861.64,166,2427674.8,31
2026-06-19,IN0020210129,SGBAUG29V,GB,14401.0,14689.0,14055.55,14647.94,14680.0,14823.11,755,10955216.94,102
2026-06-19,IN0020210228,SGBD29VIII,GB,14748.0,14748.0,14400.0,14625.97,14670.0,14779.0,534,7768579.95,110
2026-06-19,IN0020200385,SGBJAN29X,GB,14738.99,14738.99,14649.0,14737.49,14737.49,14866.5,13,191500.39,8
2026-06-19,IN0020200393,SGBFEB29XI,GB,14521.0,14688.0,14415.0,14688.0,14688.0,14786.77,102,1478326.83,25
2026-06-19,IN0020200427,SGBMR29XII,GB,14670.0,14670.0,14405.01,14613.91,14625.0,14763.3,1890,27477128.92,125
2026-06-19,IN0020220045,SGBJUN30,GB,14850.0,14890.0,14549.0,14814.27,14826.0,14961.6,309,4539195.11,112
2026-06-19,IN0020220078,SGBAUG30,GB,14603.07,14998.99,14603.07,14875.4,14760.01,15030.67,79,1166342.61,51
2026-06-19,IN0020220110,SGBDE30III,GB,14969.88,14969.88,14650.0,14871.39,14746.0,15000.0,241,3549392.17,80
2026-06-19,IN0020210236,SGBJAN30IX,GB,14800.0,14970.0,14542.0,14788.75,14970.0,15015.2,186,2746629.95,41
2026-06-19,IN0020210319,SGBMAR30X,GB,14780.0,14784.0,14700.0,14784.0,14784.0,14904.68,24,354329.0,14
2026-06-19,IN0020230069,SGBJUN31I,GB,14899.99,15099.99,14799.99,15003.45,15040.0,15198.47,849,12641312.42,254
2026-06-19,IN0020230093,SGBSEP31II,GB,14983.72,15000.0,14777.01,14964.21,14866.0,15134.72,1322,19652297.46,371
2026-06-19,IN0020230168,SGBDE31III,GB,14900.0,15100.01,14875.01,15080.14,15100.0,15250.52,1192,17849705.64,321
2026-06-19,IN0020220169,SGBMAR31IV,GB,15147.69,15147.69,14800.0,14920.07,14932.8,15199.99,158,2352195.96,70
2026-06-19,IN0020230184,SGBFEB32IV,GB,15198.0,15349.98,15151.06,15326.32,15348.97,15511.42,1276,19448635.96,342
2026-06-19,INE144J01027,20MICRONS,EQ,186.14,188.3,182.6,184.14,185.53,185.05,91151,16873364.01,1976
2026-06-19,INE253B01015,21STCENMGM,EQ,34.08,34.08,32.8,33.51,32.8,33.42,8753,289336.66,59
2026-06-19,INE466L01038,360ONE,EQ,1141.8,1150.0,1130.5,1145.1,1149.1,1141.3,1587197,1809136558.3,32203
2026-06-19,INF579M01BB5,GOLD360,EQ,142.95,142.95,139.15,141.4,141.4,144.35,72753,10234704.9,649
2026-06-19,INF579M01BP5,MSCI360,EQ,10.12,10.12,9.93,10.07,10.07,10.12,2105,21083.6,14
2026-06-19,INF579M01BC3,SILVER360,EQ,231.0,231.0,222.52,228.76,229.1,236.05,67838,15309000.31,1450
2026-06-19,INE994E01018,3BBLACKBIO,EQ,1204.3,1225.9,1172.6,1196.1,1202.0,1201.1,23965,28701769.0,1694
2026-06-19,INE748C01038,3IINFOLTD,EQ,17.37,17.7,17.26,17.36,17.35,17.37,251257,4380547.51,931
2026-06-19,INE470A01017,3MINDIA,EQ,33250.0,33400.0,32805.0,33125.0,33220.0,33250.0,2784,92006150.0,2035
2026-06-19,INE105C01023,3PLAND,EQ,32.7,32.85,31.51,32.34,32.25,32.45,2123,67608.28,65
2026-06-19,INE618L01018,5PAISA,EQ,320.55,332.0,320.05,325.2,324.25,324.0,22320,7279767.9,1751
2026-06-19,INE111B01023,63MOONS,EQ,668.9,677.0,663.05,670.45,669.2,668.3,68504,45935072.0,3646
2026-06-19,INE020B07JU4,743REC35,NH,1188.0,1188.0,1188.0,1188.0,1188.0,1181.0,1,1188.0,1
2026-06-19,INE031A07865,751HUDCO28,N5,1052.21,1052.21,1051.25,1052.0,1052.0,1051.35,689,724770.44,7
2026-06-19,INE261F07032,764NABAR31,N2,1096.0,1098.0,1096.0,1096.91,1096.05,1095.5,1827,2003553.0,21
2026-06-19,INE031A07AO5,764HUDCO31,N8,1124.79,1124.79,1124.79,1124.79,1124.79,1110.0,1,1124.79,1
2026-06-19,INE031A07AT4,769HUDCO31,N9,1130.2,1130.2,1130.2,1130.2,1130.2,1129.94,150,169530.0,1
2026-06-19,INE020B07GH7,812REC27,NI,1017.01,1017.01,1017.01,1017.01,1017.01,1017.0,5,5085.05,1
2026-06-19,INE031A07840,82HUDCO27,N2,1037.2,1037.26,1037.15,1037.26,1037.26,1037.22,2900,3007821.8,31
2026-06-19,INE031A07915,851HUDCO28,NB,1115.0,1115.0,1115.0,1115.0,1115.0,1113.1,1,1115.0,1
2026-06-19,INE134E07455,867PFCL33,N7,1274.78,1274.78,1274.78,1274.78,1274.78,1398.99,137,174644.86,2
2026-06-19,INE906B07DF8,875NHAI29,N6,1103.0,1105.0,1102.0,1102.22,1102.0,1101.53,600,661375.0,14
2026-06-19,INE031A07949,876HUDCO28,ND,1126.8,1127.99,1126.0,1126.0,1126.0,1126.8,694,782328.0,9
2026-06-19,INE787H07370,891IIFCL34,N4,1253.99,1254.0,1253.99,1254.0,1254.0,1255.0,2,2507.99,2
2026-06-19,INE733E07JJ9,891NTPC33,N6,1263.11,1263.11,1263.11,1263.11,1263.11,1271.0,9,11367.99,1
2026-06-19,INE134E07463,892PFCL33,N8,1272.0,1272.0,1266.01,1267.46,1267.3,1269.99,1271,1614015.17,16
2026-06-19,INE031A07AB2,901HUDCO34,NE,1265.5,1277.89,1264.12,1273.95,1264.12,1265.5,24,30490.38,3
2026-06-19,INE08PH01015,ABCOTS,EQ,229.47,242.89,228.03,238.57,238.1,228.35,56215,13363686.33,2628
2026-06-19,INE00YB01025,ABINFRA,EQ,10.4,10.45,10.06,10.18,10.45,10.24,481599,4890732.62,1439
2026-06-19,INE850B01026,ABMKNO,EQ,210.0,218.0,210.0,217.98,218.0,217.9,740,157396.57,14
2026-06-19,INE366C01021,ACSTECH,EQ,37.1,38.43,36.5,38.08,38.4,37.83,34644,1290005.85,240
2026-06-19,INE701G01012,AKCAPIT,EQ,1650.0,1750.0,1650.0,1736.3,1745.0,1704.1,699,1202188.9,134
2026-06-19,INE619I01012,A2ZINFRA,EQ,14.1,14.65,14.1,14.36,14.49,14.26,110215,1581717.74,437
2026-06-19,INE0D0U01013,AAATECH,EQ,98.81,100.8,96.43,96.62,96.43,98.33,34693,3408502.54,864
2026-06-19,INE883F01010,AADHARHFC,EQ,486.45,524.5,482.05,515.1,518.1,486.45,3191119,1632097122.1,50338
2026-06-19,INE1GYP01013,AAKAAR,SM,73.0,73.0,71.0,71.0,71.0,71.0,4800,344000.0,3
2026-06-19,INE087Z01024,AAKASH,EQ,9.0,9.21,9.0,9.08,9.08,9.1,65232,595460.88,336
2026-06-19,INE198H01019,AAREYDRUGS,BE,79.6,85.98,79.6,83.6,82.03,81.89,128321,10684565.17,321
2026-06-19,INE750R01016,AARNAV,EQ,24.85,24.99,24.25,24.48,24.49,24.97,244176,6030484.46,228
2026-06-19,INE721Z01010,AARON,EQ,123.69,124.7,122.0,122.37,122.94,123.69,4635,569332.5,168
2026-06-19,INE01C001026,AARTECH,EQ,49.73,51.7,48.98,50.25,49.58,49.9,208445,10450929.49,630
2026-06-19,INE767A01016,AARTIDRUGS,EQ,372.35,375.9,368.2,370.35,370.0,370.15,135646,50423060.3,3392
2026-06-19,INE769A01020,AARTIIND,EQ,485.0,489.0,478.05,484.5,485.0,486.45,665082,321705128.3,17637
2026-06-19,INE0LRU01027,AARTIPHARM,EQ,657.4,706.0,653.0,691.8,690.0,658.5,675869,466741231.7,32839
2026-06-19,INE09EO01013,AARTISURF,EQ,392.0,392.0,380.1,386.7,388.5,387.8,3814,1472532.15,315
2026-06-19,INE754X01016,AARVI,EQ,140.89,145.0,140.01,141.9,142.45,139.94,31855,4539250.55,805
2026-06-19,INE216P01012,AAVAS,EQ,1467.7,1488.0,1458.4,1471.9,1475.0,1467.6,152382,224492003.2,16837
2026-06-19,INE365O01028,ABANSENT,BE,27.99,27.99,26.55,27.85,27.85,27.15,18354,503490.89,100
2026-06-19,INE00ZE01026,AFSL,EQ,201.41,201.46,201.0,201.02,201.0,201.27,8212,1650916.07,83
2026-06-19,INE117A01022,ABB,EQ,7288.0,7304.0,7183.0,7248.0,7234.0,7229.0,241827,1752408647.5,27475
2026-06-19,INE358A01014,ABBOTINDIA,EQ,26255.0,26345.0,26025.0,26215.0,26255.0,26145.0,7740,202362465.0,3041
2026-06-19,INE860H07IQ0,8ABCL26,N2,1046.0,1046.0,1046.0,1046.0,1046.0,1042.5,10,10460.0,1
2026-06-19,INE0UYG01015,ABHAPOWER,SM,27.1,27.6,27.1,27.6,27.6,28.75,3200,87520.0,2
2026-06-19,INE0CAJ01017,AILIMITED,ST,37.85,37.85,37.8,37.85,37.85,36.05,4500,170250.0,3
2026-06-19,INE251C01025,ABMINTLLTD,EQ,41.49,41.49,41.49,41.49,41.49,41.61,1,41.49,1
2026-06-19,INE0QRV01016,ABSMARINE,ST,222.1,229.0,222.1,228.0,227.0,226.6,50500,11427825.0,76
2026-06-19,INE012A01025,ACC,EQ,1364.0,1364.0,1340.0,1343.3,1346.0,1358.9,169169,228120188.4,11295
2026-06-19,INE793A01012,ACCELYA,EQ,1138.6,1140.0,1117.1,1127.7,1128.0,1141.6,6718,7563504.1,992
2026-06-19,INE0Q5D01013,ACCENTMIC,SM,446.0,455.0,446.0,452.0,450.0,454.65,24000,10834675.0,44
2026-06-19,INE113X01015,ACCORD,ST,109.75,109.75,109.75,109.75,109.75,104.55,2000,219500.0,1
2026-06-19,INE0T8T01010,ACCPL,ST,151.0,151.0,143.45,143.45,143.45,151.0,18000,2601240.0,14
2026-06-19,INE648Z01023,ACCURACY,EQ,5.56,5.59,5.5,5.5,5.56,5.56,114060,629705.58,258
2026-06-19,INE543V01017,ACEINTEG,EQ,22.22,23.63,20.51,20.91,21.0,23.04,77671,1679935.65,450
2026-06-19,INE1J6M01010,ACETEC,SM,120.0,121.4,120.0,121.4,121.4,123.8,2400,289680.0,2
2026-06-19,INE622W01025,ACMESOLAR,EQ,331.45,339.6,330.2,337.65,338.5,331.9,1238948,415271356.9,25431
2026-06-19,INE731H01025,ACE,EQ,978.05,984.95,970.1,975.65,975.6,976.45,371566,362803824.45,15286
2026-06-19,INE00FF01025,ACUTAAS,EQ,3151.9,3261.0,3130.2,3246.2,3252.0,3136.3,340557,1091160109.5,29010
2026-06-19,INE931S01010,ADANIENSOL,EQ,1530.0,1540.0,1496.9,1507.4,1510.6,1523.3,2482204,3758542486.3,48753
2026-06-19,INE423A01024,ADANIENT,EQ,3017.0,3051.9,3009.1,3038.4,3030.0,3013.4,3620222,10986283617.0,91842
2026-06-19,INE364U01010,ADANIGREEN,EQ,1508.0,1527.0,1493.1,1502.4,1506.0,1506.8,2962921,4471136950.2,57533
2026-06-19,INE742F01042,ADANIPORTS,EQ,1842.1,1849.0,1830.0,1835.3,1836.8,1842.1,4382841,8047698366.4,64788
2026-06-19,INE814H01029,ADANIPOWER,EQ,231.71,234.23,227.81,231.76,231.7,230.57,46115820,10687992895.71,151599
2026-06-19,INE399L01023,ATGL,EQ,735.0,742.3,721.5,727.3,724.5,724.35,3480575,2542482852.1,51938
2026-06-19,INE0RDH01021,ADDICTIVE,SM,43.35,47.35,43.35,45.55,45.8,45.6,17000,779225.0,30
2026-06-19,INE982B01027,ADFFOODS,EQ,304.75,313.0,300.3,306.85,307.15,305.6,182179,55936086.0,6815
2026-06-19,INE20PL01012,ADISOFT,SM,194.0,201.3,192.35,195.85,193.0,196.15,75200,14784360.0,89
2026-06-19,INE404A01024,ABSLAMC,EQ,1167.1,1189.0,1151.5,1180.6,1178.0,1167.1,443139,518381194.9,21577
2026-06-19,INE674K01013,ABCAPITAL,EQ,369.95,377.25,368.6,375.9,373.4,370.6,11199442,4206534869.5,51152
2026-06-19,INE647O01011,ABFRL,EQ,61.6,61.7,60.21,60.64,60.83,61.54,3087993,188070209.46,13799
2026-06-19,INE14LE01019,ABLBL,EQ,98.9,99.17,96.6,97.18,97.79,99.31,1331299,129961189.39,13095
2026-06-19,INE865C01022,BIRLAMONEY,EQ,146.0,150.09,142.82,144.4,145.5,146.96,111906,16352488.75,1826
2026-06-19,INE055A01016,ABREL,EQ,1318.3,1320.9,1258.2,1279.5,1292.0,1319.6,386849,495882503.8,25848
2026-06-19,INE819V01029,CPPLUS,EQ,3550.0,3654.0,3492.6,3637.8,3649.0,3513.7,354987,1273707214.1,25551
2026-06-19,INE01YQ01013,AUSL,SM,20.0,20.0,20.0,20.0,20.0,20.1,2000,40000.0,1
2026-06-19,INE679V01027,AVL,EQ,620.8,636.9,605.05,629.9,632.0,617.45,788668,490860031.6,25989
2026-06-19,INF209KB18D3,BSLGOLDETF,EQ,127.01,128.26,126.07,127.55,127.64,129.95,155926,19797144.82,2708
2026-06-19,INF209KB19D1,BSLNIFTY,EQ,28.29,28.6,27.95,28.13,28.45,28.25,1056667,29661049.47,4737
2026-06-19,INE045A01017,ADOR,EQ,1179.5,1225.0,1164.1,1216.4,1222.0,1174.8,51749,62563621.3,3576
2026-06-19,INE737B01033,ADROITINFO,EQ,9.18,9.35,9.07,9.18,9.13,9.18,22411,206948.18,126
2026-06-19,INE0ALI01010,ADVAIT,EQ,2439.0,2460.0,2366.0,2397.0,2402.0,2434.3,47086,113006490.1,5911
2026-06-19,INE1B0W01010,ADVANCE,EQ,97.24,104.5,93.77,102.91,103.0,96.76,454750,45362164.66,5414
2026-06-19,INE837H01020,ADVENZYMES,EQ,373.05,375.0,368.65,373.7,374.0,373.4,76626,28519692.65,2929
2026-06-19,INE199C01026,ADVANIHOTR,EQ,53.17,53.17,51.6,52.76,52.98,53.17,29630,1559683.99,568
2026-06-19,INE28GN01010,ADVENTHTL,EQ,136.9,146.88,135.21,137.77,138.0,136.2,446032,62332102.16,7281
2026-06-19,INE208C01025,AEGISLOG,EQ,996.0,1014.75,994.05,1007.8,1007.0,1006.9,747988,753387631.1,19412
2026-06-19,INE0INX01018,AEGISVOPAK,EQ,244.0,246.4,236.81,238.35,237.88,243.1,634061,152827564.55,13604
2026-06-19,INE423A07401,AEL17725,,1078.36,1078.36,1078.36,1078.36,1078.36,1060.0,3,3235.08,1
2026-06-19,INE423A07500,AEL12126,NI,1001.0,1001.0,1001.0,1001.0,1001.0,991.2,21,21021.0,2
2026-06-19,INE423A07492,848AEL29,NJ,1006.0,1006.0,1006.0,1006.0,1006.0,1006.0,41,41246.0,2
2026-06-19,INE423A07484,860AEL28,NH,1031.0,1031.0,1031.0,1031.0,1031.0,1020.1,10,10310.0,1
2026-06-19,INE423A07518,862AEL31,NM,1016.0,1029.9,1015.0,1029.9,1029.9,1025.0,760,774400.0,6
2026-06-19,INE423A07534,875AEL29,NK,1037.0,1040.0,1037.0,1040.0,1040.0,1036.0,46,47810.0,6
2026-06-19,INE423A07526,890AEL31,NN,1039.0,1044.3,1039.0,1044.22,1044.22,1039.0,1275,1328770.92,13
2026-06-19,INE423A07435,915AEL28,NC,1080.02,1080.02,1080.02,1080.02,1080.02,1080.02,100,108002.0,1
2026-06-19,INE947N01017,AEQUS,EQ,205.2,225.45,196.33,222.13,221.7,203.07,26291352,5613895587.85,253445
2026-06-19,INE065D01027,AEROENTER,EQ,123.4,137.95,121.5,135.87,134.55,124.42,6427192,861403138.77,48111
2026-06-19,INE024001021,AEROFLEX,EQ,488.4,518.8,486.8,507.25,506.0,489.0,3240258,1637770623.35,41915
2026-06-19,INE035801013,AERONEU,EQ,95.9,95.9,92.35,94.02,94.58,93.95,56296,5327910.67,288
2026-06-19,INE0WL801011,AERON,SM,79.05,80.0,78.35,80.0,80.0,80.05,10000,792250.0,10
2026-06-19,INE0TSF01011,AESTHETIK,SM,71.8,73.0,71.8,73.0,73.0,72.0,7000,503800.0,2
2026-06-19,INE0BWX01014,AETHER,EQ,1150.0,1172.0,1135.0,1162.3,1169.0,1154.5,188609,217665807.8,20050
2026-06-19,INE101I01011,AFCONS,EQ,319.2,320.8,311.45,313.45,314.5,319.15,541467,170027092.3,12574
2026-06-19,INE00WC01027,AFFLE,EQ,1494.3,1494.3,1451.3,1463.7,1470.0,1489.4,242527,355288358.2,23891
2026-06-19,INE692Z01013,AFFORDABLE,BE,170.0,172.79,169.26,171.39,171.48,169.26,13158,2246468.82,201
2026-06-19,INE916Y07057,12AFIL28,N0,9625.01,9983.0,9625.01,9983.0,9983.0,9983.0,35,348080.4,6
2026-06-19,INE0MLA01012,AGARWALFT,ST,32.95,32.95,30.5,32.9,32.9,31.4,6000,190275.0,4
2026-06-19,INE204E01012,AGARIND,EQ,548.2,552.9,539.7,547.8,552.0,550.4,67262,36734944.1,3241
2026-06-19,INE0P8X01016,AGARWALTUF,SM,124.0,134.9,123.0,129.1,126.8,124.5,73200,9405420.0,50
2026-06-19,INE415A01038,AGI,EQ,724.8,748.0,718.4,731.15,727.05,722.05,248173,182447068.4,11138
2026-06-19,INE976R01033,AGIIL,EQ,353.5,385.0,351.5,375.65,374.6,352.85,3481832,1286683515.15,20590
2026-06-19,INE0LF301013,AGNI,SM,18.2,18.2,18.2,18.2,18.2,18.3,2500,45500.0,1
2026-06-19,INE449G01018,AGRITECH,BE,111.01,119.36,111.01,116.01,115.83,113.68,15350,1800426.35,117
2026-06-19,INE740V01019,AGROPHOS,EQ,30.81,31.88,30.81,31.58,31.66,31.35,22525,708015.79,137
2026-06-19,INE00PV01013,AHLADA,EQ,39.9,42.8,39.06,40.54,40.98,39.91,43084,1753780.01,318
2026-06-19,INE758C01029,AHLUCONT,EQ,826.4,840.0,818.95,838.8,839.0,823.7,32611,27238446.7,3431
2026-06-19,INE212H01026,AIAENG,EQ,4521.0,4767.8,4521.0,4687.0,4700.0,4532.9,184500,867083992.6,27696
2026-06-19,INE0RUV01018,AIMTRON,SM,1250.0,1279.0,1235.0,1255.65,1259.9,1254.1,28000,35167970.0,129
2026-06-19,INE805A01014,GOLDTECH,EQ,43.84,44.5,41.61,43.06,43.5,43.85,27638,1188221.87,874
2026-06-19,INE645W01026,AIRAN,EQ,17.15,17.15,16.39,16.55,16.45,16.27,144509,2418683.23,560
2026-06-19,INE801L01010,AIROLAM,EQ,87.64,89.0,85.5,86.64,88.0,87.64,21639,1863689.48,68
2026-06-19,INE031B01049,AJANTPHARM,EQ,3091.2,3095.1,3050.0,3065.2,3071.3,3073.6,51177,156883759.0,12792
2026-06-19,INE274Y01021,AJAXENGG,EQ,565.55,565.55,547.5,549.95,548.5,559.95,59663,32854816.1,4415
2026-06-19,INE298G01035,AJMERA,EQ,134.86,142.0,133.22,140.94,140.4,135.33,1019562,141333583.48,11406
2026-06-19,INE820Y01021,AJOONI,EQ,3.86,3.88,3.75,3.77,3.79,3.83,416198,1581988.87,802
2026-06-19,INE0PCY01014,AKANKSHA,ST,86.25,86.25,81.2,81.2,81.2,84.25,5000,419450.0,5
2026-06-19,INE737W01013,AKASH,EQ,27.0,27.18,26.3,26.4,26.36,26.67,3312,87986.62,40
2026-06-19,INE00Y801016,AKG,EQ,11.48,11.48,10.67,10.84,10.8,11.12,7017,77024.69,85
2026-06-19,INE642Z01026,AKI,EQ,4.8,4.98,4.8,4.87,4.91,4.92,42164,207035.09,126
2026-06-19,INE0PMR01017,AKIKO,ST,269.9,283.4,263.1,282.95,282.0,269.95,46400,12898480.0,41
2026-06-19,INE916Y01027,AFIL,BE,10.6,11.0,10.3,10.91,10.9,10.58,1651482,17787659.02,705
2026-06-19,INE523B01011,AKSHOPTFBR,BE,7.6,7.6,7.24,7.59,7.6,7.24,997657,7563575.55,907
2026-06-19,INE256Z01025,AKSHAR,EQ,0.45,0.46,0.44,0.45,0.46,0.45,648812,290521.29,303
2026-06-19,INE542B01011,AKSHARCHEM,EQ,225.0,256.8,221.05,248.37,248.5,219.95,105932,26361060.59,2756
2026-06-19,INE09XN01023,AKUMS,EQ,602.05,608.35,596.1,604.7,607.45,601.7,112143,67452995.7,6788
2026-06-19,INE914E01040,ALANKIT,EQ,8.5,8.82,8.5,8.6,8.6,8.65,169960,1465395.1,575
2026-06-19,INE155C01010,ALBERTDAVD,EQ,711.6,719.9,710.0,711.15,718.4,711.9,1513,1076918.9,111
2026-06-19,INE448V01019,ALCODIS,ST,71.0,71.0,71.0,71.0,71.0,71.0,625,44375.0,1
2026-06-19,INE426A01027,ALEMBICLTD,EQ,93.75,94.1,89.36,89.98,90.2,93.77,2079838,189956394.54,9836
2026-06-19,INE901L01018,APLLTD,EQ,749.7,768.8,744.35,763.0,763.9,749.7,279321,212329588.8,14717
2026-06-19,INE598D01035,ALGOQUANT,EQ,60.01,61.38,58.61,59.31,59.47,60.01,1080926,64378229.27,3821
2026-06-19,INE062D01024,ALICON,EQ,655.0,656.9,646.9,651.15,649.05,655.95,12736,8291932.0,937
2026-06-19,INE03Q201024,ALIVUS,EQ,1058.0,1086.0,1054.6,1070.3,1073.0,1060.0,105388,113055784.3,8781
2026-06-19,INE773I01017,ALKALI,BE,88.28,90.0,85.7,86.16,86.16,87.41,10675,949790.5,69
2026-06-19,INE540L01014,ALKEM,EQ,5350.0,5405.0,5333.0,5373.5,5381.0,5372.0,82881,444891112.5,10822
2026-06-19,INE150B01039,ALKYLAMINE,EQ,1791.2,1854.0,1771.0,1845.4,1852.1,1791.2,80466,146708709.7,8955
2026-06-19,INE0M2X01012,ALLETEC,ST,146.95,147.95,142.0,144.6,144.6,148.6,26000,3724740.0,61
2026-06-19,INE0GV601021,ALLTIME,EQ,250.0,250.0,238.86,240.33,243.9,249.62,114903,27895504.34,2194
2026-06-19,INE418H01029,ALLCARGO,EQ,9.1,9.24,8.2,8.67,8.24,9.1,35408497,308137600.56,17841
2026-06-19,INE0NN701020,ATL,EQ,24.55,24.92,24.25,24.46,24.8,24.55,114569,2815139.52,963
2026-06-19,INE835G01018,ALLDIGI,EQ,805.0,827.0,783.1,815.65,826.9,810.0,6923,5623278.1,689
2026-06-19,INE552Z01027,ABDL,EQ,635.9,640.9,625.0,631.25,633.5,632.8,201779,127527083.95,8095
2026-06-19,INE102I01027,ADSL,EQ,120.8,126.0,119.41,123.83,124.0,121.29,276086,33877764.67,4731
2026-06-19,INE326B01035,ALMONDZ,EQ,12.98,13.8,12.85,13.35,13.3,12.94,231225,3096069.0,468
2026-06-19,INE270A01029,ALOKINDS,EQ,13.2,13.48,13.06,13.29,13.29,13.23,9360801,124458229.51,13153
2026-06-19,INE385I01010,ALPA,EQ,69.7,69.7,67.01,68.11,68.1,67.86,20235,1375897.15,229
2026-06-19,INE0R4701017,ALPEXSOLAR,SM,960.0,964.0,941.5,947.7,950.95,962.05,51300,48856670.0,310
2026-06-19,INE137C01018,ALPHAGEO,EQ,211.68,211.68,205.0,208.31,209.0,209.59,871,180949.21,55
2026-06-19,INE0STM01017,ALUWIND,SM,48.75,49.6,48.0,49.4,49.6,50.3,19500,945450.0,13
2026-06-19,INE121R01077,AMAGI,EQ,495.0,517.9,483.9,488.95,483.9,499.45,351872,176495199.05,17828
2026-06-19,INE084K01015,AMANTA,BE,148.94,156.39,145.5,156.39,156.39,148.95,123675,18986692.74,653
2026-06-19,INE885A01032,ARE&M,EQ,851.7,855.0,839.2,844.65,847.0,851.7,334786,282663125.7,21077
2026-06-19,INE293601014,AMBAAUTO,SM,87.5,91.0,84.2,89.0,91.0,87.5,30000,2622250.0,27
2026-06-19,INE432A01017,AMBALALSA,EQ,32.69,32.69,31.5,31.94,32.23,32.15,110381,3519444.29,734
2026-06-19,INE00C501018,AMBANIORGO,SM,120.95,133.15,120.95,132.8,132.8,127.3,10000,1281300.0,6
2026-06-19,INE371P01015,AMBER,EQ,8218.0,8218.0,7703.5,7889.0,7870.0,7965.5,1749015,13921923043.5,147157
2026-06-19,INE792B01012,AMBICAAGAR,EQ,25.36,25.36,24.05,24.29,24.75,25.24,9871,240171.75,74
2026-06-19,INE540G01014,AMBIKCO,EQ,1667.0,1705.0,1633.5,1679.1,1665.0,1659.2,21214,35719481.8,2141
2026-06-19,INE079A01024,AMBUJACEM,EQ,429.95,433.0,421.8,423.95,424.6,430.0,2145518,914354368.0,28471
2026-06-19,INE005I01014,AMDIND,EQ,45.15,47.44,45.06,46.2,46.2,46.44,17579,819222.84,134
2026-06-19,INE275D01022,AMNPLST,EQ,200.0,200.0,195.05,196.64,196.0,200.55,4190,824975.05,201
2026-06-19,INE05TO01019,AMIRCHAND,EQ,131.5,131.5,129.0,131.03,130.75,130.75,409579,53384187.76,2321
2026-06-19,INE606A01024,AMJLAND,EQ,39.45,39.45,38.51,39.01,39.05,39.25,7462,290761.99,111
2026-06-19,INE098F01031,AMRUTANJAN,EQ,545.9,555.85,538.3,545.45,544.0,545.9,51789,28420428.4,1443
2026-06-19,INE549H01021,ARSSBL,EQ,550.0,565.0,547.0,558.4,558.0,550.5,449305,251004741.45,10513
2026-06-19,INE463V01026,ANANDRATHI,EQ,1800.0,1887.0,1800.0,1867.5,1885.0,1805.3,933601,1730910914.4,41224
2026-06-19,INE242C01024,ANANTRAJ,EQ,527.0,527.0,516.9,520.2,522.4,528.75,1660399,864516074.4,40258
2026-06-19,INE1UA823019,ANANTAM,IV,103.86,104.4,103.66,104.01,104.05,104.0,5320,553545.23,161
2026-06-19,INE0VG001016,AMCL,SM,494.0,495.0,482.0,495.0,495.0,493.0,4000,1969540.0,9
2026-06-19,INE666E01020,ACL,EQ,52.32,53.98,52.32,53.74,53.9,53.36,7431,398189.17,143
2026-06-19,INE435A01051,ANDHRAPAP,EQ,63.01,63.88,63.01,63.26,63.11,63.32,24425,1547998.03,433
2026-06-19,INE715B01021,ANDHRSUGAR,EQ,84.52,86.18,84.03,84.42,84.5,84.52,153405,12994832.11,2109
2026-06-19,INE732I01021,ANGELONE,EQ,355.0,360.45,349.65,353.7,353.2,352.8,9378921,3331641620.1,70724
2026-06-19,INE087B01017,ANIKINDS,BE,48.5,48.5,44.46,46.56,47.0,46.79,9081,418259.24,77
2026-06-19,INE071F01012,APCL,EQ,118.66,118.66,113.0,113.66,113.0,114.32,1637,185917.82,60
2026-06-19,INE106I01010,ANKITMETAL,BZ,1.61,1.61,1.48,1.54,1.58,1.55,132402,200801.91,84
2026-06-19,INE0Y8W01025,AHCL,EQ,15.69,16.45,15.63,16.3,16.11,15.75,6640407,107040318.65,8944
2026-06-19,INE0LR101013,ANLON,ST,690.05,709.95,690.0,709.0,709.0,699.0,2400,1679580.0,6
2026-06-19,INE02AR01019,ANMOL,EQ,12.28,12.28,11.8,12.01,12.14,12.0,71598,862604.94,237
2026-06-19,INE0MGM01017,ANNAPURNA,SM,134.2,134.2,131.1,132.05,131.1,134.2,27750,3684837.5,67
2026-06-19,INE0VTV01012,ANONDITA,SM,1198.0,1205.0,1175.0,1193.0,1190.0,1172.3,23800,28318390.0,111
2026-06-19,INE436A01026,ANSALAPI,BZ,3.22,3.22,3.17,3.17,3.17,3.23,2031,6439.82,5
2026-06-19,INE414B01021,ANTGRAPHIC,EQ,0.8,0.83,0.79,0.8,0.8,0.79,184095,148078.54,200
2026-06-19,INE818A01017,ANTELOPUS,EQ,772.0,795.0,770.0,775.2,778.0,774.65,103085,80063153.65,4764
2026-06-19,INE0CZ201020,ANTHEM,EQ,798.0,814.8,784.0,791.05,788.05,798.1,1253392,999478484.95,53901
2026-06-19,INE01BK01022,AWHCL,EQ,469.5,479.9,462.5,474.5,477.0,469.5,156071,73543988.6,7169
2026-06-19,INE489G01022,ANUHPHR,EQ,78.92,79.6,76.5,77.6,77.65,78.9,60966,4762552.07,1689
2026-06-19,INE930P01018,ANURAS,EQ,1287.3,1295.0,1274.0,1277.1,1283.6,1287.3,163924,210633414.8,4690
2026-06-19,INE0SI601032,ANYA,SM,15.5,15.5,14.6,15.05,15.5,15.5,180000,2704750.0,27
2026-06-19,INE0MIZ23019,ANZEN,IV,128.95,130.0,128.0,129.63,130.0,126.0,250000,32193500.0,9
2026-06-19,INF1J2R01114,AONEGOLD,EQ,13.67,13.7,13.37,13.53,13.58,13.76,804032,10864988.39,2057
2026-06-19,INF1J2R01056,AONELIQUID,EQ,1064.26,1064.73,1064.26,1064.71,1064.73,1064.27,6022,6411761.87,103
2026-06-19,INF1J2R01064,AONENIFTY,EQ,9.67,10.16,9.67,9.89,9.89,9.92,161910,1597751.29,1083
2026-06-19,INF1J2R01171,AONESILVER,EQ,9.1,9.1,8.66,8.88,8.88,9.18,1555794,13647583.41,2596
2026-06-19,INF1J2R01148,AONETMMQ50,EQ,10.56,10.56,10.35,10.42,10.42,10.42,120372,1250053.29,279
2026-06-19,INF1J2R01015,AONETOTAL,EQ,11.83,11.9,11.64,11.77,11.78,11.78,249987,2934606.85,1500
2026-06-19,INE372A01015,APARINDS,EQ,15849.0,16375.0,15612.0,16280.0,16228.0,15812.0,118830,1903304830.0,26054
2026-06-19,INE116A01032,APCOTEXIND,EQ,528.85,549.0,522.5,546.65,548.7,526.25,106791,57449669.2,4019
2026-06-19,INE0T4V01015,APEXECO,ST,234.95,234.95,234.0,234.95,234.95,223.8,18400,4319160.0,23
2026-06-19,INE346W01013,APEX,EQ,428.0,428.0,417.05,419.75,419.95,424.75,142703,59953502.15,4735
2026-06-19,INE702C01027,APLAPOLLO,EQ,1860.0,1878.5,1846.1,1871.6,1872.5,1860.9,502095,933304675.1,29926
2026-06-19,INE0TLC07085,930APMD27,N0,101471.48,101471.48,101425.78,101425.78,101425.78,101470.31,9,912923.42,3
2026-06-19,INE0TLC07093,930APMD28,N0,101900.0,102411.0,101900.0,102411.0,102411.0,102411.0,3,306211.0,2
2026-06-19,INE0TLC07101,930APMD32,N0,103500.0,104700.0,103500.0,104116.66,104700.0,104513.7,22,2284400.0,12
2026-06-19,INE0TLC07028,930APMD33,N0,105999.0,105999.0,105926.58,105926.58,105926.58,105999.0,20,2118604.02,20
2026-06-19,INE0TLC07044,930APMD34,N0,106441.58,106441.58,106441.58,106441.58,106441.58,106000.0,20,2128831.6,10
2026-06-19,INE437A01024,APOLLOHOSP,EQ,8404.0,8521.0,8400.0,8489.5,8486.0,8411.5,333583,2826131118.5,35147
2026-06-19,INE713T01028,APOLLO,EQ,426.6,435.0,420.6,433.15,433.4,426.6,10218594,4391337791.8,93182
2026-06-19,INE126J01016,APOLLOPIPE,EQ,490.35,499.75,485.0,494.25,495.5,490.4,73221,36119454.65,3201
2026-06-19,INE451F01024,APOLSINHOT,EQ,1360.0,1394.0,1331.8,1378.4,1385.0,1370.9,1618,2212762.2,248
2026-06-19,INE438A01022,APOLLOTYRE,EQ,426.9,429.25,420.8,425.5,427.0,428.0,716052,304883979.25,17378
2026-06-19,INE0LQG01010,APRAMEYA,SM,165.0,165.0,158.55,159.55,158.55,160.2,16000,2597925.0,8
2026-06-19,INE0M2307396,915APSBC35,N0,103501.64,103501.64,103501.64,103501.64,103501.64,103500.0,17,1759527.88,11
2026-06-19,INE1OOJ01011,APSISAERO,ST,324.5,324.5,317.55,317.55,317.55,324.0,50400,16077060.0,25
2026-06-19,INE266F01018,APTECHT,BE,109.51,113.73,108.06,110.95,110.95,113.74,367711,40232351.21,1468
2026-06-19,INE852O01025,APTUS,EQ,273.0,273.9,266.1,269.75,272.0,272.75,848929,229030074.9,20513
2026-06-19,INE416A01051,AQYLON,EQ,48.87,49.9,45.64,48.52,48.58,48.04,3757071,179740771.83,10150
2026-06-19,INE08NJ01024,ARABIAN,SM,65.35,66.0,65.0,65.0,65.0,65.35,10000,655400.0,5
2026-06-19,INE0YDV01010,ARCIIL,ST,40.5,42.4,40.5,42.4,42.4,42.25,4000,165900.0,4
2026-06-19,INE128X01021,ACI,EQ,525.0,530.0,518.15,527.75,525.0,524.45,134137,70493952.3,7967
2026-06-19,INE0CHO01012,ADL,EQ,71.0,71.5,67.2,67.73,67.2,69.34,3745,254283.67,86
2026-06-19,INE877I01016,ARCHIDPLY,EQ,84.0,84.0,81.15,81.46,82.0,82.25,1624,132549.65,36
2026-06-19,INE731A01020,ARCHIES,EQ,14.6,15.0,14.09,14.77,14.83,14.67,14606,211707.81,154
2026-06-19,INE784R01023,ARFIN,EQ,99.73,101.0,96.51,98.88,97.8,99.16,2257584,224014129.72,9487
2026-06-19,INE0L2Y01011,ARHAM,SM,146.9,146.9,140.0,141.4,141.5,143.0,8000,1133450.0,8
2026-06-19,INE298I01015,ARIES,EQ,332.0,335.0,326.0,328.3,328.0,333.6,32328,10613198.45,1281
2026-06-19,INE0NCC01015,ARIHANTACA,SM,469.0,469.0,465.0,465.0,465.0,469.0,800,373600.0,2
2026-06-19,INE420B01036,ARIHANTCAP,EQ,69.85,71.65,69.22,70.02,70.11,69.95,142315,9976239.96,1616
2026-06-19,INE413D01011,ARIHANT,EQ,844.0,936.0,831.05,871.0,897.8,861.85,5079,4373279.85,377
2026-06-19,INE643K01018,ARIHANTSUP,EQ,268.1,275.65,264.5,270.8,275.0,267.85,46900,12700005.75,755
2026-06-19,INE0H9P01028,ARIS,EQ,119.19,122.5,118.21,120.57,120.25,119.23,544808,65746714.32,6627
2026-06-19,INE0QRL01017,ARKADE,EQ,114.94,115.0,113.51,114.25,115.0,114.31,124332,14194457.64,1726
2026-06-19,INE109C01017,ARMANFIN,EQ,1701.7,1711.1,1675.8,1694.2,1698.0,1696.1,15063,25488245.8,1734
2026-06-19,INE210C01013,AROGRANITE,EQ,25.2,26.99,24.65,26.67,26.94,25.29,14306,374576.42,264
2026-06-19,INE570D01018,ARROWGREEN,BE,602.0,605.0,582.0,596.5,593.1,604.35,8932,5326912.7,319
2026-06-19,INE968D01022,ARSHIYA,BZ,1.08,1.11,1.06,1.09,1.11,1.08,168793,183267.93,64
2026-06-19,INE738V01013,ARTNIRMAN,EQ,41.0,41.65,40.15,40.18,40.18,39.71,6645,272071.9,20
2026-06-19,INE757T01025,AEPL,EQ,16.45,16.45,16.12,16.39,16.44,16.29,15945,261053.25,104
2026-06-19,INE025R01021,ARTEMISMED,EQ,259.7,261.65,256.15,258.65,259.9,258.15,82231,21277590.35,2995
2026-06-19,INE0TTG01017,ARUNAYA,ST,17.2,17.3,17.2,17.3,17.3,17.2,6000,103400.0,3
2026-06-19,INE006Z01016,ARVEE,EQ,166.05,174.5,165.42,166.98,167.1,164.83,1066,179947.42,68
2026-06-19,INE955V01021,ARVINDFASN,EQ,478.2,495.0,473.9,484.05,492.1,478.1,415461,200177174.2,24207
2026-06-19,INE034A01011,ARVIND,EQ,510.6,519.4,505.8,516.6,518.6,510.65,527238,270382578.75,17919
2026-06-19,INE0P4T01013,ARVINDPORT,ST,31.9,32.6,31.9,32.6,32.6,31.05,19500,630300.0,13
2026-06-19,INE034S01021,ARVSMART,EQ,608.9,614.9,605.25,610.7,612.35,609.65,36917,22509286.1,2099
2026-06-19,INE439A01020,ASAHIINDIA,EQ,861.0,863.6,840.0,846.35,845.1,861.3,98893,83916622.0,11513
2026-06-19,INE228I01012,ASAHISONG,EQ,260.39,261.0,256.19,258.92,259.8,257.89,7929,2049267.16,313
2026-06-19,INE0LAA01017,ASHALOG,SM,54.0,56.8,54.0,56.8,56.8,55.15,2000,110800.0,2
2026-06-19,INE348A01023,ASHAPURMIN,EQ,707.5,718.75,702.15,708.15,715.45,712.95,368184,261070154.65,12500
2026-06-19,INE365D01021,ASHIANA,EQ,381.7,385.0,376.0,383.85,385.0,379.6,35618,13623725.2,1477
2026-06-19,INE094B01013,ASHIKA,EQ,403.15,405.45,396.15,398.7,396.5,403.15,150400,60538795.85,800
2026-06-19,INE440A01010,ASHIMASYN,EQ,15.69,16.0,15.32,15.85,16.0,15.69,170440,2657209.95,519
2026-06-19,INE208A01029,ASHOKLEY,EQ,157.89,158.18,155.53,156.66,156.75,158.45,15870225,2488186243.16,68616
2026-06-19,INE442H01029,ASHOKA,EQ,131.5,136.7,130.06,135.16,136.11,131.75,1386232,185119060.64,9804
2026-06-19,INE760Y01011,ASHOKAMET,EQ,15.25,15.67,15.02,15.2,15.2,15.21,16381,251816.02,122
2026-06-19,INE1A6Q01010,ASHWINI,SM,140.0,140.0,137.25,137.25,137.25,141.0,3000,414750.0,3
2026-06-19,INE276G01015,ASIANENE,EQ,356.3,376.75,353.0,367.25,370.0,354.55,510795,187859675.3,14657
2026-06-19,INE022I01019,ASIANTILES,EQ,59.44,59.6,59.02,59.19,59.2,60.18,292281,17314811.1,2143
2026-06-19,INE926K01017,AHLEAST,EQ,151.0,160.0,148.5,155.82,154.05,150.23,1514,235632.63,71
2026-06-19,INE363A01022,ASIANHOTNR,EQ,297.0,300.0,297.0,298.5,297.0,300.65,1210,361015.7,110
2026-06-19,INE915K01010,AHLWEST,BE,599.85,599.85,599.85,599.85,599.85,571.3,435,260934.75,25
2026-06-19,INE021A01026,ASIANPAINT,EQ,2752.9,2752.9,2718.8,2732.9,2736.0,2755.0,838991,2291920744.3,64347
2026-06-19,INE491J01022,ASKAUTOLTD,EQ,465.95,474.5,461.0,470.0,471.6,463.25,248211,116556290.1,12953
2026-06-19,INE991I01015,ASPINWALL,EQ,250.14,251.3,246.75,247.34,246.75,251.39,1076,269087.45,64
2026-06-19,INE073G01016,ASALCBR,EQ,845.15,849.95,833.25,843.85,842.5,838.45,33113,27919292.6,1661
2026-06-19,INE563J01010,ASTEC,EQ,793.0,808.6,786.65,797.7,798.0,793.85,32100,25609837.6,1725
2026-06-19,INE914M01019,ASTERDM,EQ,791.95,819.05,785.35,809.4,815.1,788.5,812938,650364591.1,29317
2026-06-19,INE386C01029,ASTRAMICRO,EQ,1665.0,1735.5,1660.1,1684.1,1692.5,1670.0,2096101,3568378527.7,91462
2026-06-19,INE006I01046,ASTRAL,EQ,1560.0,1563.8,1525.3,1542.1,1544.8,1565.7,464128,715503904.0,20291
2026-06-19,INE203A01020,ASTRAZEN,EQ,8540.0,8540.0,8354.0,8433.5,8455.0,8529.0,7045,59337075.0,2184
2026-06-19,INE646X01014,ASTRON,BE,4.03,4.09,3.76,3.97,4.0,3.95,44539,175561.21,110
2026-06-19,INE0ALR01029,ATALREAL,EQ,30.37,30.91,30.14,30.72,30.71,30.19,3921194,119745529.0,3924
2026-06-19,INE09KD01013,ATAM,EQ,73.8,74.0,71.0,71.74,71.01,71.98,14506,1040337.65,118
2026-06-19,INE0V0Q01019,ATCENERGY,ST,26.25,26.25,26.0,26.0,26.0,26.5,7200,187620.0,6
2026-06-19,INE0LEZ01016,ATHERENERG,EQ,970.0,979.2,957.95,971.7,973.0,969.05,2072410,2007620854.15,70702
2026-06-19,IN90NN701011,ATLPP,E1,9.31,9.65,9.1,9.12,9.12,9.33,615,5657.91,14
2026-06-19,INE0Z4F01028,ATLANTAELE,BE,1899.9,1930.0,1851.8,1915.7,1915.1,1905.5,26962,51062188.9,2307
2026-06-19,INE285H01022,ATLANTAA,EQ,40.5,42.0,40.13,41.67,41.75,40.58,44156,1820861.53,602
2026-06-19,INE446A01025,ATLASCYCLE,EQ,100.08,100.08,98.2,99.99,99.99,99.59,3950,391550.45,66
2026-06-19,INE05DH01017,ATMASTCO,ST,180.0,181.45,171.6,177.8,179.1,180.5,38000,6714140.0,77
2026-06-19,INE951D01028,ATULAUTO,EQ,469.0,483.5,466.0,473.95,472.5,468.9,111931,53109220.8,5078
2026-06-19,INE100A01010,ATUL,EQ,6532.0,6540.0,6401.5,6482.0,6483.0,6500.0,24097,155404452.5,5123
2026-06-19,INE949L01017,AUBANK,EQ,1024.1,1042.0,1017.05,1033.05,1034.45,1025.35,1437168,1484676474.05,38002
2026-06-19,INE925Y01036,AURIGROW,EQ,0.34,0.35,0.33,0.34,0.34,0.34,16704141,5729570.92,1123
2026-06-19,INE132H01018,AURIONPRO,EQ,862.45,879.85,840.4,876.4,877.0,877.0,229032,197959170.25,10905
2026-06-19,INE0NUL01018,AUROIMPEX,SM,27.1,28.55,27.1,28.55,28.55,27.5,20800,585040.0,10
2026-06-19,INE406A01037,AUROPHARMA,EQ,1454.0,1503.1,1446.4,1497.8,1499.5,1443.7,2506592,3705157574.3,75789
2026-06-19,INE898S01029,AURUM,EQ,200.17,205.0,196.16,203.91,204.02,200.27,149779,30196366.23,2400
2026-06-19,INE218C01016,AUSOMENT,BE,114.4,117.94,112.83,115.92,115.92,114.43,3402,392008.57,41
2026-06-19,INE0P0001010,APS,SM,307.65,309.85,305.5,307.2,307.0,311.8,10000,3071175.0,39
2026-06-19,INE206F01022,AIIL,EQ,550.0,550.5,531.0,543.8,545.0,551.55,622962,336587298.95,18586
2026-06-19,INE718H01014,AUTOIND,BE,81.11,81.75,78.0,79.07,79.39,80.71,31780,2519320.71,230
2026-06-19,INE449A01011,AUTOAXLES,EQ,1785.5,1800.0,1767.6,1793.3,1800.0,1785.5,6369,11378763.1,761
2026-06-19,INE900C01027,ASAL,EQ,516.0,516.0,503.2,509.95,513.4,507.85,12128,6163868.5,898
2026-06-19,INE349W01017,AVADHSUGAR,BE,450.3,462.0,445.0,448.45,450.0,453.55,9756,4414758.1,164
2026-06-19,INE0LCL01028,AVALON,EQ,1749.0,1798.7,1725.0,1744.6,1758.0,1755.3,242389,424808217.2,25832
2026-06-19,INE1KU201016,AVANA,ST,120.1,124.8,120.1,121.95,121.95,120.15,16000,1953200.0,8
2026-06-19,INE005B01027,AVANTEL,EQ,179.79,183.0,178.14,179.92,180.6,179.79,2023167,365722661.4,17201
2026-06-19,INE871C01038,AVANTIFEED,EQ,986.6,993.0,959.4,967.7,967.0,980.9,625837,607273508.4,24461
2026-06-19,INE192R01011,DMART,EQ,4294.9,4331.3,4260.0,4286.9,4297.6,4306.7,1411377,6054924431.7,58482
2026-06-19,INE483S01020,CCAVENUE,EQ,15.0,15.45,14.76,15.07,15.1,15.01,24579401,370682785.12,28438
2026-06-19,INE680Z01018,AVG,EQ,182.5,186.5,175.06,182.12,182.9,180.9,105288,18984168.26,1764
2026-06-19,INE0TFB01017,AVIANSH,SM,109.0,109.0,106.0,106.05,106.1,110.0,8000,856400.0,7
2026-06-19,INE855F01042,ASMS,BE,7.9,7.9,7.61,7.67,7.7,7.96,255473,1975776.07,613
2026-06-19,INE323B01024,AVONMORE,EQ,10.82,10.97,10.75,10.9,10.95,10.93,120825,1311428.82,360
2026-06-19,INE0R9401019,AVPINFRA,SM,70.0,71.5,68.7,68.9,69.0,69.95,67200,4662480.0,70
2026-06-19,INE652Z01025,AVROIND,EQ,10.2,10.33,10.13,10.25,10.18,10.39,129608,1326932.15,668
2026-06-19,INE488D01021,AVTNPL,EQ,72.9,73.04,71.69,72.17,72.8,72.57,38113,2753399.14,1107
2026-06-19,INE108V01019,AWFIS,EQ,304.45,307.0,299.3,304.1,307.0,304.45,205195,62014946.35,3802
2026-06-19,INE699H01024,AWL,EQ,192.43,192.43,183.13,184.31,185.3,192.43,11691354,2174694775.71,99869
2026-06-19,INE238A01034,AXISBANK,EQ,1356.8,1363.0,1350.5,1357.9,1360.1,1360.1,4640277,6293452921.6,89926
2026-06-19,INF846K01W80,AXISGOLD,EQ,124.09,124.09,118.75,120.41,120.49,122.86,5047335,605377815.9,17555
2026-06-19,INF846K01X63,AXISBNKETF,EQ,592.81,595.1,590.59,593.06,594.3,595.23,561,332687.48,38
2026-06-19,INF846K016C7,AXISCETF,EQ,119.16,119.2,118.2,119.13,119.13,119.16,543,64398.01,26
2026-06-19,INF846K01Z12,AXISHCETF,EQ,156.91,161.09,156.91,159.61,159.5,158.48,15935,2537228.63,79
2026-06-19,INF846K011K1,AXISILVER,EQ,244.92,244.92,224.32,230.04,230.0,238.95,3471633,787837381.31,11574
2026-06-19,INF846K01W98,AXISNIFTY,EQ,264.99,265.37,263.47,264.89,264.34,266.15,20713,5469369.29,431
2026-06-19,INF846K01Y96,AXISTECETF,EQ,309.7,309.7,294.02,302.08,303.5,313.51,27439,8152668.58,327
2026-06-19,INF846KA1119,AXISVALUE,EQ,34.18,34.18,33.75,33.86,34.03,34.16,69399,2349195.83,485
2026-06-19,INF846K010Q0,AXSENSEX,EQ,80.38,81.3,78.2,79.92,79.2,79.89,8181,648016.54,184
2026-06-19,INE555B01013,AXISCADES,EQ,1933.1,1970.0,1910.9,1943.2,1936.0,1942.6,96631,187661933.4,8196
2026-06-19,INE02EZ01022,AXITA,EQ,7.74,7.74,7.65,7.67,7.7,7.68,168994,1299678.2,654
2026-06-19,INE501X01029,AYE,EQ,163.59,168.32,161.62,164.77,164.55,163.05,759598,125060277.83,9207
2026-06-19,INE193B01039,AYMSYNTEX,EQ,217.05,220.4,215.0,215.25,215.92,216.62,6324,1369961.41,272
2026-06-19,INE02IJ01035,AZAD,EQ,2069.2,2118.0,2060.0,2095.2,2094.5,2067.7,530721,1109370524.8,28702
2026-06-19,INE489D01011,BNALTD,EQ,335.8,335.8,335.8,335.8,335.8,336.2,48,16118.4,1
2026-06-19,INE01EE01011,BBTCL,EQ,212.15,219.09,212.11,213.66,217.5,215.3,1835,394990.27,82
2026-06-19,INE116D01028,BAGFILMS,EQ,4.98,5.09,4.62,4.86,4.81,4.98,124149,603093.26,459
2026-06-19,INE17CQ01015,BAGDIGITAL,SM,107.5,110.5,107.0,110.5,110.5,106.5,12800,1404000.0,7
2026-06-19,INE350H01032,BLKASHYAP,EQ,53.88,55.85,53.51,54.47,54.8,53.88,366114,20011139.22,2197
2026-06-19,INE01FR01028,STYLEBAAZA,BE,345.05,355.0,340.1,343.55,343.0,348.6,154575,53475354.55,938
2026-06-19,INE0QW501012,BABAFP,SM,26.15,26.15,26.15,26.15,26.15,26.15,4800,125520.0,2
2026-06-19,INE878I01022,BAFNAPH,BE,154.36,162.07,153.99,160.19,160.2,154.36,17792,2857572.52,130
2026-06-19,INE2OVN25015,BAGMANE,RR,102.26,103.0,102.26,102.66,102.65,102.41,667323,68562790.17,2619
2026-06-19,INE029Q01017,BAHETI,SM,690.0,720.95,681.6,714.8,714.0,679.05,58875,41780006.25,133
2026-06-19,INE020D01022,BAIDFIN,EQ,10.05,10.05,9.85,9.94,9.96,10.02,80261,797780.27,261
2026-06-19,INE917I01010,BAJAJ-AUTO,EQ,10134.0,10134.0,9936.0,10066.0,10080.0,10077.0,739358,7416730889.0,114647
2026-06-19,INE933K01021,BAJAJCON,EQ,620.8,632.6,616.15,625.25,626.0,620.5,456196,285202201.4,15345
2026-06-19,INE193E01025,BAJAJELEC,EQ,329.05,329.05,323.45,325.65,326.6,329.05,107696,35088113.4,4909
2026-06-19,INE296A01032,BAJFINANCE,EQ,954.05,971.7,953.25,961.8,965.0,958.85,12941776,12457330966.7,158695
2026-06-19,INE918I01026,BAJAJFINSV,EQ,1770.8,1774.0,1752.0,1769.4,1768.3,1771.7,837089,1479530919.7,66246
2026-06-19,INE411U01027,BAJAJHCARE,EQ,317.7,318.15,310.0,312.95,315.65,317.1,187262,58605292.75,4346
2026-06-19,INE306A01021,BAJAJHIND,EQ,19.43,19.55,19.12,19.19,19.25,19.4,3212593,61944562.59,6675
2026-06-19,INE118A01012,BAJAJHLDNG,EQ,10740.0,10844.0,10582.0,10677.0,10695.0,10676.0,56613,606283816.0,15931
2026-06-19,INE377Y01014,BAJAJHFL,EQ,85.75,88.98,85.12,88.36,88.69,85.87,17570172,1546483340.47,70555
2026-06-19,INE704G01024,BAJAJST,EQ,385.0,460.9,380.15,420.05,420.0,384.1,253345,110151714.65,7423
2026-06-19,INE0KQN01018,BAJEL,EQ,199.8,207.64,196.06,204.68,206.0,199.17,605339,123821307.08,9046
2026-06-19,INE083D01012,BALPHARMA,EQ,87.85,89.8,86.11,86.83,86.11,87.79,19150,1688099.87,1144
2026-06-19,INE050E01027,BALAMINES,EQ,2208.0,2213.6,2128.1,2138.2,2154.0,2209.5,152581,330870297.7,12779
2026-06-19,INE0PQ601019,BALAJIPHOS,SM,89.1,90.0,86.1,87.15,87.0,89.1,132000,11649500.0,54
2026-06-19,INE794B01026,BALAJITELE,EQ,88.36,92.25,87.2,89.66,89.21,88.22,444837,40060646.09,6195
2026-06-19,INE618N01022,BALAXI,BE,23.85,23.9,22.5,23.65,23.69,23.67,22199,515409.83,131
2026-06-19,INE787D01026,BALKRISIND,EQ,2229.5,2258.8,2203.0,2243.7,2258.8,2234.2,130532,291513263.3,16373
2026-06-19,INE875R01011,BALKRISHNA,EQ,18.1,18.9,17.95,18.12,18.02,18.41,3428,62318.57,66
2026-06-19,INE164A01016,BALMLAWRIE,EQ,183.25,185.39,180.1,181.44,181.89,183.48,186735,34092969.88,2340
2026-06-19,INE525F01025,BLIL,EQ,72.4,72.48,71.5,71.61,71.88,72.09,44783,3212861.45,733
2026-06-19,INE119A01028,BALRAMCHIN,EQ,554.5,554.95,527.7,531.6,530.7,554.15,653495,352875869.4,17662
2026-06-19,INE011E01029,BALUFORGE,EQ,447.0,451.65,442.5,448.75,449.7,446.25,332080,148715166.45,8585
2026-06-19,INE655B01011,BANARBEADS,EQ,103.49,103.49,99.3,101.11,102.6,99.53,806,81323.3,60
2026-06-19,INE213C01025,BANCOINDIA,EQ,666.05,674.0,658.0,663.05,666.0,666.05,150267,99772995.85,8310
2026-06-19,INE545U01014,BANDHANBNK,EQ,214.0,214.0,207.01,208.09,207.9,214.28,7902818,1655877103.45,45557
2026-06-19,INF194KB1KJ7,GOLDBND,EQ,147.72,147.72,143.1,144.77,144.29,147.72,45222,6538270.84,486
2026-06-19,INF194KA1U07,IDFNIFTYET,EQ,264.19,272.0,263.0,267.41,265.41,265.47,1380,368588.42,44
2026-06-19,INF194KB1KI9,SILVERBND,EQ,234.57,234.57,226.24,232.12,231.75,240.94,81060,18642432.01,1188
2026-06-19,INE863I01016,BANG,EQ,29.94,32.19,29.56,31.57,31.75,29.94,112760,3518413.38,1027
2026-06-19,INE028A01039,BANKBARODA,EQ,281.95,282.5,278.1,281.05,281.0,283.0,4914684,1378642013.15,37939
2026-06-19,INE084A01016,BANKINDIA,EQ,147.4,147.44,145.3,146.57,146.46,147.67,10500090,1534478778.2,34306
2026-06-19,INE457A01014,MAHABANK,EQ,89.4,90.5,88.9,90.19,90.26,89.5,14248205,1279546338.06,48773
2026-06-19,INE862Y01015,BANKA,BE,90.0,91.8,89.0,89.0,89.0,90.3,6434,577111.66,20
2026-06-19,INE186H01022,BASML,EQ,24.79,25.24,24.76,25.13,25.23,24.79,49558,1234799.8,345
2026-06-19,INE459A01010,BANARISUG,EQ,3624.2,3631.3,3600.0,3600.7,3600.0,3600.2,457,1647981.6,61
2026-06-19,INE0B9K01025,BANSALWIRE,EQ,304.15,307.5,304.15,306.75,305.75,304.15,25849,7914913.5,607
2026-06-19,INE629D01020,BANSWRAS,EQ,134.54,144.0,132.91,137.79,136.02,134.28,216652,30263492.41,3428
2026-06-19,INE139I01011,BVCL,EQ,40.83,41.7,40.5,41.09,41.24,40.83,7890,324237.11,133
2026-06-19,INE0QX401014,BARFLEX,SM,57.95,57.95,55.05,56.7,56.7,56.8,12000,679500.0,6
2026-06-19,INF251K01TL6,BBNPNBETF,EQ,58.14,58.17,57.68,58.16,58.17,58.14,578,33610.92,22
2026-06-19,INF251K01SU9,BBNPPGOLD,EQ,143.15,143.15,138.6,140.3,140.65,143.15,8489,1186679.05,218
2026-06-19,INE373A01013,BASF,EQ,3470.0,3534.6,3421.8,3503.7,3503.0,3469.3,17743,61419954.2,3981
2026-06-19,INE0OCC01013,BASILIC,SM,203.0,210.0,200.4,207.9,208.95,202.65,20400,4227000.0,51
2026-06-19,INE176A01028,BATAINDIA,EQ,785.0,786.0,740.3,747.7,746.0,789.9,2990336,2272167222.05,77116
2026-06-19,INE177C01022,BATLIBOI,EQ,82.33,83.07,80.1,80.53,80.65,82.44,22782,1853823.28,403
2026-06-19,INE0JFJ01011,BAWEJA,ST,29.25,29.25,28.5,28.5,28.5,28.75,2400,69000.0,3
2026-06-19,INE462A01022,BAYERCROP,EQ,4270.1,4293.8,4231.0,4269.5,4288.0,4268.7,40894,174140363.0,6812
2026-06-19,INE412G01024,BCLIND,EQ,37.61,37.79,36.87,37.15,37.3,37.62,527224,19669937.33,2734
2026-06-19,INE00SW01015,BCPL,EQ,77.7,77.7,75.0,75.2,75.45,76.41,17047,1299851.01,545
2026-06-19,INE520H01022,BEARDSELL,EQ,29.21,29.9,28.8,29.44,29.3,29.21,29972,882095.21,260
2026-06-19,INE844K01012,BEDMUTHA,EQ,111.01,113.0,111.01,111.06,111.06,111.82,434,48384.06,9
2026-06-19,INE213D01015,BEEKAY,EQ,419.5,420.35,401.0,412.5,412.5,419.7,1836,760808.45,76
2026-06-19,INE344T01014,BELLACASA,EQ,238.76,241.0,229.99,234.96,239.99,238.76,10592,2511900.18,355
2026-06-19,INE894V01022,BELRISE,EQ,239.99,245.3,239.1,241.09,240.24,239.24,3749142,907150794.77,42659
2026-06-19,INE0N7W01012,BLAL,EQ,187.0,187.0,180.55,182.77,182.57,185.85,29401,5408379.58,426
2026-06-19,INE258A01024,BEML,EQ,1773.4,1788.9,1718.4,1749.3,1759.1,1773.4,591988,1030322091.8,26209
2026-06-19,INE083K01017,BENGALASM,EQ,6380.5,6400.0,6180.5,6313.0,6212.0,6256.0,314,1971957.0,111
2026-06-19,INE463A01038,BERGEPAINT,EQ,506.0,559.7,504.8,550.7,556.0,505.05,7790257,4247951979.7,197094
2026-06-19,INE052T01021,BESTAGRO,EQ,15.8,16.2,15.61,15.9,15.82,15.83,205874,3253899.48,993
2026-06-19,INE351Y01019,BETA,EQ,1959.0,2000.0,1911.0,1990.2,1990.0,1948.3,18168,35951427.1,1707
2026-06-19,INE0HQI01014,BEWLTD,SM,69.95,72.05,66.5,71.75,72.0,67.45,16500,1150000.0,29
2026-06-19,INE878K01010,BFINVEST,EQ,453.0,460.3,450.0,458.0,460.0,453.0,26467,12057266.8,1706
2026-06-19,INE243D01012,BFUTILITIE,EQ,655.9,680.0,648.4,659.5,660.0,653.2,179277,119225161.45,8114
2026-06-19,INF0QA701714,BANKBETF,EQ,58.75,58.75,58.35,58.6,58.6,58.73,12945,757247.34,173
2026-06-19,INF0QA701854,LIQUIDBETF,EQ,1086.32,1086.8,1084.82,1086.79,1086.79,1086.34,186001,202144300.48,143
2026-06-19,INF0QA701722,NIFTYBETF,EQ,247.09,247.09,245.09,246.53,247.09,247.09,2095,514724.64,54
2026-06-19,INE661I01014,BGRENERGY,BE,332.3,333.95,324.0,331.65,332.2,331.25,54484,17996225.95,439
2026-06-19,INE0ZRC01017,BHADORA,SM,75.6,86.95,75.6,84.2,84.0,75.55,132000,10989120.0,95
2026-06-19,INE354C01027,BHAGERIA,BE,229.99,229.99,217.8,224.67,226.0,226.35,73402,16487228.95,376
2026-06-19,INE414D01027,BHAGCHEM,EQ,258.99,298.0,242.7,279.26,280.0,258.99,4419217,1262348409.2,55666
2026-06-19,INE458B01036,BHAGYANGR,BE,396.2,396.2,377.45,388.05,394.0,377.45,221676,85759984.1,2589
2026-06-19,INE474E01029,BHANDARI,BE,3.1,3.13,2.96,3.03,3.03,3.1,267167,810437.19,284
2026-06-19,INE922A01025,BEPL,EQ,108.24,109.39,104.48,105.86,106.0,107.06,979119,104544785.56,10067
2026-06-19,INE464A01036,BBL,EQ,2765.0,2875.0,2765.0,2801.6,2799.1,2791.1,44876,126841008.3,5389
2026-06-19,INE05XR01022,BHARATCOAL,EQ,42.47,43.76,41.85,42.37,42.3,42.55,71566271,3059078605.87,103692
2026-06-19,INE171Z01026,BDL,EQ,1309.3,1378.8,1304.9,1373.4,1372.0,1311.8,3488237,4735278593.6,96043
2026-06-19,INE263A01024,BEL,EQ,427.9,431.6,424.55,426.9,427.0,428.6,10829044,4627552168.55,109590
2026-06-19,INE465A01025,BHARATFORG,EQ,2031.1,2059.5,2019.9,2041.4,2036.0,2019.9,1726725,3520139236.5,49354
2026-06-19,INE561C01019,BHARATGEAR,EQ,127.3,138.0,126.11,137.05,136.5,125.41,643971,86628391.08,9181
2026-06-19,INE029A01011,BPCL,EQ,315.0,315.0,305.1,306.6,306.9,316.3,11322845,3484528574.55,77078
2026-06-19,INE838B01021,BHARATRAS,EQ,1430.5,1437.3,1412.3,1422.3,1425.0,1437.4,7790,11096434.6,1161
2026-06-19,INE727S01012,BRNL,EQ,19.19,19.19,17.7,18.77,18.75,18.85,63791,1183964.86,501
2026-06-19,INE415D01024,BHARATSE,EQ,186.0,195.0,184.21,191.31,191.8,185.99,268664,51278979.69,4827
2026-06-19,INE316L01019,BHARATWIRE,EQ,213.57,216.0,207.0,214.57,213.07,214.22,156173,33310006.64,3088
2026-06-19,INE397D01024,BHARTIARTL,EQ,1874.3,1917.5,1867.2,1910.8,1906.9,1874.8,15918432,30336272702.9,156746
2026-06-19,INE343G01021,BHARTIHEXA,EQ,1439.0,1499.5,1435.3,1494.5,1490.0,1437.8,272580,404364017.2,20284
2026-06-19,INE828A01016,BIL,EQ,693.95,738.5,687.55,717.15,734.95,700.85,8814,6257814.5,455
2026-06-19,INE257A01026,BHEL,EQ,405.9,423.7,403.85,414.35,417.0,405.9,22020572,9137222676.85,151756
2026-06-19,INE274K01012,BTTL,EQ,35.01,35.01,34.5,34.58,34.58,35.8,1864,64891.91,34
2026-06-19,INE412U01025,BIGBLOC,EQ,50.3,50.5,48.23,49.41,49.15,48.99,65035,3204513.16,695
2026-06-19,INE00E101023,BIKAJI,EQ,660.0,667.0,656.05,660.2,661.65,659.85,128176,84664973.15,8046
2026-06-19,INE0SQH01013,BIKEWO,ST,29.95,30.55,28.2,28.9,28.2,29.65,64000,1861400.0,21
2026-06-19,INE071A01013,BILVYAPAR,BE,4.51,4.53,4.17,4.47,4.48,4.33,22109,98125.05,54
2026-06-19,INE986A01012,BI,EQ,57.99,58.0,55.01,57.72,58.0,56.5,4333,246609.53,190
2026-06-19,INE0HOQ01053,GROWW,EQ,201.1,202.84,197.65,199.87,199.05,200.54,92308697,18462554796.01,170886
2026-06-19,INE469A01019,BIMETAL,EQ,631.15,643.9,631.15,637.65,643.9,638.05,161,102273.55,21
2026-06-19,INE1BKA01015,BMLL,SM,139.05,141.0,138.0,139.6,140.0,140.35,24000,3329950.0,21
2026-06-19,INE376G01013,BIOCON,EQ,413.0,417.7,412.1,415.5,415.6,413.85,1865496,775114430.2,28675
2026-06-19,INE829A01014,BIOFILCHEM,EQ,35.4,36.4,34.55,36.05,36.39,35.4,35296,1252614.23,628
2026-06-19,INE0XW001014,BIOPOL,SM,90.45,95.7,90.45,92.3,91.05,92.05,117600,11127900.0,33
2026-06-19,INE800A01015,BIRLACABLE,BE,216.98,227.35,207.2,227.35,227.35,216.53,165630,36972357.07,1446
2026-06-19,INE340A01012,BIRLACORPN,EQ,1046.0,1046.0,1009.2,1018.3,1019.0,1049.7,77031,78607932.65,7358
2026-06-19,INE372E01025,BIRLAPREC,EQ,38.27,38.82,35.68,37.93,37.38,38.27,61186,2311448.76,1638
2026-06-19,INE557A01011,BIRLANU,EQ,1445.0,1490.0,1420.0,1423.1,1423.9,1444.0,5372,7715140.9,973
2026-06-19,INF209KC1134,ABGSEC,EQ,113.77,113.92,112.75,113.61,113.92,112.65,27,3062.99,7
2026-06-19,INF209KC1670,ABSL10BANK,EQ,170.93,171.0,169.1,171.0,171.0,170.08,385,65315.52,15
2026-06-19,INF209KB17D5,ABSLBANETF,EQ,59.21,59.21,58.85,58.99,59.13,59.21,52653,3105207.35,261
2026-06-19,INF209KB18T9,ABSLLIQUID,EQ,1000.0,1000.01,999.99,1000.0,1000.0,1000.0,9438,9437992.29,23
2026-06-19,INF209KC1662,ABSLMSCIN,EQ,29.65,35.22,29.2,33.38,35.22,29.53,9104,283583.75,97
2026-06-19,INF209KB16D7,ABSLNN50ET,EQ,75.05,76.25,75.05,75.83,75.7,75.97,5372,407927.91,182
2026-06-19,INF209KB10E8,BSLSENETFG,EQ,78.6,78.6,76.92,77.26,77.32,77.94,41688,3216758.05,159
2026-06-19,INF209KC1142,GSEC10ABSL,EQ,110.78,111.6,110.78,111.6,111.6,110.56,26,2892.58,4
2026-06-19,INF209KB10C2,HEALTHY,EQ,15.98,16.2,15.66,16.12,16.19,15.98,258989,4155590.14,883
2026-06-19,INF209KB14K7,MOMENTUM,EQ,30.81,31.75,30.81,31.57,31.53,31.6,109397,3444936.68,298
2026-06-19,INF209KB15K4,NIFTYQLITY,EQ,21.21,21.3,20.8,21.09,21.3,21.11,29134,609035.25,330
2026-06-19,INF209KB19F6,SILVER,EQ,236.4,236.4,225.55,231.12,231.04,240.19,3354030,766729109.82,29068
2026-06-19,INF209KB11D8,TECH,EQ,30.65,30.65,29.2,29.86,30.09,31.05,300069,8860364.33,715
2026-06-19,INF209KB19Z4,ABSLPSE,EQ,10.55,10.65,10.5,10.53,10.57,10.59,98598,1039139.6,396
2026-06-19,INE836A01035,BSOFT,EQ,315.0,328.15,311.1,326.4,325.55,325.15,1069584,342112071.45,21962
2026-06-19,INE676A01027,BBOX,EQ,1040.0,1061.0,1014.8,1023.0,1023.7,1042.0,493024,511986434.0,21351
2026-06-19,INE761G01016,BLACKROSE,EQ,94.0,96.99,92.42,95.64,94.67,94.3,18391,1744548.9,773
2026-06-19,INE0UIZ01018,BLACKBUCK,EQ,547.0,584.4,543.35,574.05,583.4,550.35,1348075,768610752.4,34606
2026-06-19,INE791A01024,BLBLIMITED,EQ,16.49,16.49,16.0,16.11,16.12,16.1,44178,710231.49,110
2026-06-19,INE416D01022,BLISSGVS,EQ,478.95,493.75,476.0,486.3,486.0,482.95,987034,478204158.95,13151
2026-06-19,INE0NLT01010,BLSE,EQ,225.1,229.37,220.1,227.03,228.5,225.11,121796,27559378.3,2312
2026-06-19,INE153T01027,BLS,EQ,267.0,269.5,260.15,267.45,269.0,266.85,1571291,417110920.4,28724
2026-06-19,INE472B01011,BLUECOAST,BE,26.91,27.98,26.91,27.98,27.98,28.32,512,13930.43,16
2026-06-19,INE233B01017,BLUEDART,EQ,4851.2,5000.0,4830.0,4968.8,4995.0,4870.4,24139,119337115.4,5711
2026-06-19,INE0KBH01020,BLUEJET,EQ,510.75,518.0,507.0,512.6,513.45,510.9,330012,168787848.4,9345
2026-06-19,INE0SAK01011,BLUEPEBBLE,SM,75.1,75.5,75.0,75.5,75.5,80.0,3200,240820.0,8
2026-06-19,INE472A01039,BLUESTARCO,EQ,1705.0,1705.0,1653.2,1668.3,1670.0,1706.3,502331,839966868.6,31424
2026-06-19,INE0X3M01010,BLUEWATER,ST,343.95,344.0,320.3,325.0,325.0,337.0,25000,8383050.0,23
2026-06-19,INE304W01038,BLUESTONE,EQ,505.0,524.7,497.5,522.8,524.7,503.95,267543,138469071.65,12193
2026-06-19,INE0U4101014,BLUSPRING,EQ,114.0,114.0,105.14,108.39,108.99,114.29,1077563,116511224.61,11103
2026-06-19,INE965W01036,BMWVENTLTD,EQ,59.56,59.88,58.01,58.56,58.5,59.27,65614,3882071.34,1021
2026-06-19,INE00HZ01011,BNAGROCHEM,BE,270.85,285.05,270.8,282.0,282.0,285.05,28565,7756407.05,79
2026-06-19,INE338D01028,BODALCHEM,BE,67.0,70.65,67.0,70.65,70.65,67.29,268038,18781259.91,937
2026-06-19,INE0EEJ01023,BTML,EQ,6.49,6.49,6.39,6.43,6.41,6.44,97108,624937.34,83
2026-06-19,INE802W01023,BOHRAIND,EQ,15.9,16.92,15.76,16.09,16.1,16.41,8380,135544.4,24
2026-06-19,INE050A01025,BBTC,EQ,1527.4,1547.5,1510.3,1537.6,1546.0,1527.4,35445,54114428.8,5074
2026-06-19,INE032A01023,BOMDYEING,EQ,132.5,135.81,131.71,135.0,135.8,133.44,832491,111794897.46,6744
2026-06-19,INE0I3Y01014,BMETRICS,SM,36.0,36.0,36.0,36.0,36.0,36.05,800,28800.0,1
2026-06-19,INE032Z01020,BSHSL,BE,93.4,93.4,90.0,90.07,90.05,92.22,11083,1002623.08,145
2026-06-19,INE906B07CB9,830NHAI27,N2,1075.0,1075.0,1073.0,1073.58,1073.0,1074.96,261,280233.0,6
2026-06-19,INE053F07686,865IRFC29,,1090.1,1094.99,1085.0,1090.0,1090.0,1104.61,4882,5311981.0,33
2026-06-19,INE020B07HS2,871REC28,N9,1115.0,1118.0,1113.51,1117.96,1117.99,1115.49,456,509161.45,11
2026-06-19,INE053F07744,888IRFC29,NE,1107.0,1109.99,1107.0,1109.8,1109.99,1109.95,254,281749.35,7
2026-06-19,INE557F07132,901NHB34,N6,6251.1,6290.0,6251.1,6265.0,6265.0,6294.5,154,964998.7,10
2026-06-19,INE020B07IG5,888REC29,NF,1156.0,1182.0,1156.0,1182.0,1182.0,1180.0,400,472231.5,9
2026-06-19,INE0B9A01018,BONLON,EQ,43.58,47.4,43.56,45.58,44.35,45.85,20268,922103.87,316
2026-06-19,INE16SF01016,BORANA,EQ,321.0,321.0,300.0,307.6,312.45,318.3,110585,34290917.7,2721
2026-06-19,INE02PY01013,BOROLTD,EQ,231.84,233.02,227.1,231.25,232.0,231.45,72627,16682406.88,1586
2026-06-19,INE666D01022,BORORENEW,EQ,594.9,610.3,590.5,598.25,600.0,595.2,777921,467400121.65,28670
2026-06-19,INE02L001032,BOROSCI,EQ,153.68,156.1,152.71,154.71,155.1,153.91,63641,9832658.78,1013
2026-06-19,INE782A01015,BOSCH-HCIL,EQ,1407.0,1444.0,1372.2,1382.8,1381.9,1407.0,956993,1344469537.8,23396
2026-06-19,INE323A01026,BOSCHLTD,EQ,40000.0,40385.0,39840.0,40195.0,40265.0,40035.0,41782,1677317775.0,15453
2026-06-19,INE110A01019,BPL,EQ,54.8,55.34,54.11,54.44,54.6,54.84,35284,1927209.18,480
2026-06-19,INE0R4Z01018,BRACEPORT,SM,56.6,56.6,56.6,56.6,56.6,55.05,3200,181120.0,2
2026-06-19,INE02RE01045,FIRSTCRY,EQ,218.7,218.7,214.36,215.75,215.95,219.08,873147,188220162.17,17949
2026-06-19,INE977Y01011,BCONCEPTS,EQ,175.04,178.38,171.62,174.94,175.0,174.03,11421,1992593.84,683
2026-06-19,INE0XUD01014,BRANDMAN,ST,173.0,179.9,170.05,170.25,170.2,176.0,10400,1793320.0,11
2026-06-19,INE791I01019,BRIGADE,EQ,550.6,550.6,540.1,545.45,546.0,554.6,528183,287329975.8,17729
2026-06-19,INE03NU01014,BRIGHOTEL,EQ,64.88,64.88,63.41,64.18,64.3,64.89,86571,5546322.64,1472
2026-06-19,INE425B01027,BCG,EQ,10.37,10.45,10.19,10.29,10.4,10.37,6627822,68022301.18,5096
2026-06-19,INE216A01030,BRITANNIA,EQ,5211.0,5240.0,5180.0,5195.0,5198.0,5245.0,273184,1420032968.5,23159
2026-06-19,INE0FDU25010,BIRET,RR,320.0,322.7,319.0,321.91,322.6,320.11,2251217,724363570.88,12535
2026-06-19,INE650L01011,BROOKS,BE,67.99,68.1,66.5,66.68,68.1,68.0,12640,846372.81,92
2026-06-19,INE118H01025,BSE,EQ,3991.0,4079.0,3975.6,4020.2,4024.8,4014.5,2001904,8061200353.5,90191
2026-06-19,INE594B01012,BSL,EQ,126.16,130.0,126.0,127.91,126.63,126.16,4564,584782.08,60
2026-06-19,INE295F01017,BUTTERFLY,EQ,656.65,659.0,645.55,649.6,652.0,651.85,19141,12459453.0,1068
2026-06-19,INE0SZ301012,BULKCORP,SM,40.85,40.85,40.85,40.85,40.85,43.0,3600,147060.0,3
2026-06-19,INE0SMX01019,CKKRETAIL,SM,150.1,150.15,150.0,150.05,150.05,150.05,152000,22806440.0,40
2026-06-19,INE0QBU01012,CPS,SM,1001.0,1047.55,1001.0,1046.0,1046.0,997.7,4200,4319182.5,18
2026-06-19,INE0BV301023,MAPMYINDIA,EQ,889.9,895.95,872.05,889.35,888.0,890.65,179538,158923433.9,12124
2026-06-19,INE0U7V01015,C2C,SM,398.0,402.85,388.0,396.75,399.0,404.2,93150,36902092.5,536
2026-06-19,INE526B01014,CALSOFT,BE,25.0,25.43,23.6,25.43,25.43,24.22,366409,9246231.53,542
2026-06-19,INE627H01017,CTE,EQ,33.39,33.39,31.07,31.69,31.51,31.8,5368,170751.35,80
2026-06-19,INE052I01032,CAMLINFINE,EQ,136.6,144.99,135.7,140.28,140.96,137.19,1849249,262043478.7,16482
2026-06-19,INE278Y01022,CAMPUS,EQ,240.65,246.35,236.3,237.45,237.0,240.5,669641,161383984.95,16126
2026-06-19,INE477A01020,CANFINHOME,EQ,879.3,890.0,876.65,885.35,885.0,883.7,109890,97201409.5,11053
2026-06-19,INE476A01022,CANBK,EQ,134.95,134.95,133.1,133.74,133.67,134.97,16485585,2207205661.03,57981
2026-06-19,INE01TY01017,CANHLIFE,EQ,141.5,143.49,140.0,141.38,141.5,141.75,185001,26232595.05,5107
2026-06-19,INE218I01013,CRAMC,EQ,254.0,257.0,252.38,254.6,256.4,256.19,263357,66960867.85,7619
2026-06-19,INE0QG301017,CANARYS,SM,19.4,20.4,19.4,19.95,19.95,19.7,52000,1040600.0,13
2026-06-19,INE068L01024,CANTABIL,EQ,228.9,234.7,225.55,227.19,227.0,229.25,531624,121302826.73,5224
2026-06-19,INE264T01014,CAPACITE,EQ,226.01,235.79,225.01,233.76,234.0,227.23,254758,58931077.85,5777
2026-06-19,INE0ILV01024,CAPILLARY,EQ,496.35,506.0,491.0,495.25,494.05,496.4,246923,122133098.4,2399
2026-06-19,INE345H01024,CIFL,EQ,25.0,26.0,24.56,25.55,26.0,24.81,145089,3651549.57,1209
2026-06-19,INE0Z8Z23013,CAPINVIT,IV,72.44,73.74,72.44,73.41,73.2,73.2,211905,15505795.91,1360
2026-06-19,INE646H01017,CAPITALSFB,EQ,290.0,291.25,285.0,285.5,286.35,291.0,21038,6028601.45,815
2026-06-19,INE707C01018,CAPTRUST,BE,13.51,13.51,12.88,12.9,13.2,13.51,15060,196362.88,144
2026-06-19,INE475E01026,CAPLIPOINT,EQ,2346.0,2560.0,2342.1,2503.5,2528.0,2359.4,402481,992598436.5,37283
2026-06-19,INE180C01042,CGCL,EQ,220.01,225.99,218.53,220.96,220.75,220.81,5205174,1154671618.06,30696
2026-06-19,INE120A01034,CARBORUNIV,EQ,1176.3,1306.9,1176.3,1241.7,1247.0,1192.2,2169097,2728941586.4,102030
2026-06-19,INE752H01013,CARERATING,EQ,1647.8,1750.0,1629.0,1713.3,1711.1,1642.9,79552,134514117.9,6798
2026-06-19,INE0P6P01016,CPEDU,EQ,186.85,197.99,185.15,193.87,193.0,182.23,25296,4875066.08,339
2026-06-19,INE0V7W01012,CARRARO,EQ,535.0,565.0,531.0,560.55,561.0,537.4,263840,146058653.15,7535
2026-06-19,INE290S01011,CARTRADE,EQ,2574.1,2624.6,2538.0,2558.6,2565.5,2585.0,533587,1375259619.7,40456
2026-06-19,INE482D01024,CARYSIL,EQ,1247.9,1247.9,1173.2,1199.3,1205.0,1237.8,193796,234927014.6,13470
2026-06-19,INE0WL201014,CUDML,ST,184.0,184.0,182.0,182.0,182.0,184.65,2000,366000.0,2
2026-06-19,INE172A01027,CASTROLIND,EQ,184.0,185.9,184.0,185.8,185.9,184.57,1153953,213678987.18,16915
2026-06-19,INE421D01022,CCL,EQ,1132.4,1156.0,1121.0,1137.3,1139.0,1132.4,158299,180173405.7,14231
2026-06-19,INE482A01020,CEATLTD,EQ,3500.0,3503.0,3414.0,3450.0,3465.0,3486.7,93493,322311289.3,14595
2026-06-19,INE11J101017,CEDAAR,SM,20.9,20.9,19.95,20.9,20.9,19.95,38000,773400.0,19
2026-06-19,INE0AG901020,CEIGALL,EQ,374.05,390.8,372.6,374.6,376.95,379.8,944948,360839750.75,11268
2026-06-19,INE016Q01014,CEINSYS,EQ,938.0,939.8,926.15,932.25,935.0,936.7,32338,30160544.7,1605
2026-06-19,INE185H01016,CELEBRITY,EQ,7.53,9.03,7.53,7.97,7.8,7.53,144688,1165041.11,493
2026-06-19,INE0OMO01025,CELLECOR,ST,36.85,36.85,36.05,36.15,36.15,36.9,102000,3704250.0,30
2026-06-19,INE0LMW01024,CELLO,EQ,387.85,395.2,383.65,390.2,390.0,387.85,271602,105951776.75,13394
2026-06-19,INE686A01026,CEMPRO,EQ,1190.0,1252.0,1180.2,1252.0,1252.0,1192.4,366853,452938015.2,15495
2026-06-19,INE483A01010,CENTRALBK,EQ,33.18,33.31,32.45,32.84,32.87,33.1,17618631,578771628.37,28535
2026-06-19,INE736A01011,CDSL,EQ,1351.9,1379.4,1337.5,1370.3,1370.0,1350.4,3067601,4178728958.4,111640
2026-06-19,INE05HV01027,CMPDI,EQ,248.5,254.2,245.44,250.55,251.48,248.97,2760156,687644491.77,34596
2026-06-19,INE660C01027,CENTRUM,EQ,22.3,22.3,21.75,21.83,21.92,21.95,418311,9128105.03,729
2026-06-19,INE320B01020,CENTUM,EQ,3489.6,3568.4,3485.0,3539.0,3533.3,3489.6,25627,90463106.4,7145
2026-06-19,INE485A01015,CENTENKA,EQ,508.95,538.0,502.0,524.85,522.2,506.9,172891,90701661.3,6727
2026-06-19,INE281A01026,CENTEXT,EQ,20.01,20.2,19.61,19.81,20.0,20.01,109178,2169742.11,603
2026-06-19,INE348B01021,CENTURYPLY,EQ,763.65,775.9,752.35,758.5,760.0,759.45,74762,56818868.3,7486
2026-06-19,INE739E01017,CERA,EQ,6160.0,6460.0,6100.0,6448.0,6450.5,6160.0,54046,345045908.0,9958
2026-06-19,INE345B01019,CEREBRAINT,BZ,4.2,4.2,3.85,3.95,3.95,4.01,91821,357463.4,120
2026-06-19,INE486A01021,CESC,EQ,169.8,171.49,168.45,168.9,169.0,170.69,979601,166073294.25,13075
2026-06-19,INE067A01029,CGPOWER,EQ,954.1,966.05,950.05,963.7,962.5,954.45,3828968,3681756509.8,52475
2026-06-19,INE427F01016,CHALET,EQ,778.0,809.9,769.8,802.35,802.0,776.65,522669,417366209.8,32614
2026-06-19,INE419D01026,CLSEL,EQ,295.4,297.35,291.25,295.35,294.15,296.8,75665,22234243.55,1454
2026-06-19,INE06PV01010,CMNL,SM,99.85,109.8,99.85,101.9,101.35,97.05,10500,1085812.5,13
2026-06-19,INE085A01013,CHAMBLFERT,EQ,482.0,486.9,477.0,484.2,484.5,482.05,678507,327245802.75,16951
2026-06-19,INE11HG01018,CHAMUNDA,SM,40.95,41.5,40.95,41.5,41.5,40.95,6000,247350.0,2
2026-06-19,INE0B2N01016,CHANDAN,SM,202.5,217.75,185.4,210.95,212.5,206.6,302400,59569080.0,340
2026-06-19,INE0PT101017,CHAVDA,SM,89.5,89.85,88.2,89.8,89.85,90.3,7000,623800.0,7
2026-06-19,INE0TGX01019,CHEMBONDCH,BE,199.5,207.0,190.3,204.23,202.0,198.05,8252,1639753.56,141
2026-06-19,INE995D01025,CHEMBOND,BE,176.49,182.0,170.5,174.02,178.99,176.49,3938,681427.89,85
2026-06-19,INE03YM01018,CHEMCON,EQ,194.98,195.49,190.41,192.6,192.13,194.98,48579,9365613.67,1517
2026-06-19,INE783X01023,CHEMFAB,BE,376.0,385.0,360.6,379.9,378.0,379.55,4552,1697267.8,57
2026-06-19,INE488A01050,CHEMPLASTS,EQ,223.6,223.96,211.78,214.47,214.0,225.08,610958,132386214.25,14086
2026-06-19,INE178A01016,CHENNPETRO,EQ,1120.1,1142.0,1092.1,1097.8,1098.6,1119.4,817851,906239838.5,28385
2026-06-19,INE0U1T01012,CHETANA,ST,45.0,46.5,42.75,44.95,46.0,44.95,25600,1128080.0,14
2026-06-19,INE974B01016,CHEVIOT,EQ,1112.9,1117.9,1091.0,1112.7,1114.0,1113.7,1741,1919827.9,260
2026-06-19,INE102B01014,CHOICEIN,EQ,706.9,733.9,705.5,726.1,725.0,707.55,1203479,873191345.25,21014
2026-06-19,INF2KCX01012,CHOICEGOLD,EQ,145.5,145.5,140.01,143.58,143.38,146.52,7589,1086728.52,178
2026-06-19,INE149A01033,CHOLAHLDNG,EQ,1589.0,1602.8,1570.5,1583.9,1578.6,1589.3,181356,287466581.5,15547
2026-06-19,INE121A01024,CHOLAFIN,EQ,1684.0,1704.1,1676.5,1693.4,1692.7,1688.9,1247083,2111161951.9,50476
2026-06-19,INE536H01010,CIEINDIA,EQ,458.6,466.6,452.2,464.0,462.55,456.3,250626,116113746.45,18255
2026-06-19,INE704H01022,CINELINE,EQ,80.15,81.5,78.26,79.32,79.06,81.44,27019,2146917.4,511
2026-06-19,INE039B01026,CINEVISTA,EQ,15.45,15.49,15.11,15.46,15.48,15.2,8840,135741.9,86
2026-06-19,INE059A01026,CIPLA,EQ,1355.0,1362.3,1346.6,1351.8,1353.0,1355.5,1476650,1997744897.9,35095
2026-06-19,INE2Q7823014,CITIUSINVT,IV,106.68,107.01,105.24,105.95,106.0,105.94,119706,12753925.13,228
2026-06-19,INE491A01021,CUB,EQ,198.0,201.25,196.0,196.65,196.4,198.35,1253441,247531177.95,22976
2026-06-19,INE201M01029,CLEDUCATE,BE,50.51,50.67,50.51,50.51,50.51,51.54,76294,3857670.53,112
2026-06-19,INE0UQ601012,CLASSICEIL,ST,42.5,45.0,40.8,45.0,45.0,42.9,51200,2220240.0,28
2026-06-19,INE647U01026,CLEANMAX,EQ,1330.4,1376.0,1325.0,1370.3,1372.0,1339.7,234012,319250914.3,16802
2026-06-19,INE227W01023,CLEAN,EQ,777.8,788.0,774.0,782.15,786.95,781.7,107590,83858355.45,8383
2026-06-19,INE1EF801010,CSSL,SM,93.05,96.95,93.0,96.95,96.95,94.0,12000,1121000.0,6
2026-06-19,INE00WV01027,CMRGREEN,EQ,246.71,252.9,240.5,242.95,242.68,247.58,2242963,553017082.01,23024
2026-06-19,INE925R01014,CMSINFO,EQ,294.8,299.9,290.1,298.7,299.8,294.2,305576,90411705.65,11928
2026-06-19,INE522F01014,COALINDIA,EQ,452.3,454.8,448.0,451.3,452.05,452.0,6128782,2763470576.3,55974
2026-06-19,INE377E01024,COASTCORP,EQ,51.47,53.29,49.9,51.85,51.3,51.53,132767,6896418.57,1222
2026-06-19,INE704P01025,COCHINSHIP,EQ,1463.0,1483.0,1454.9,1458.0,1463.0,1469.6,1194685,1750829459.6,42725
2026-06-19,INE335K01011,COFFEEDAY,BE,34.49,35.2,33.9,34.44,34.5,34.57,359584,12434120.65,1238
2026-06-19,INE591G01025,COFORGE,EQ,1403.7,1468.8,1397.8,1463.3,1468.0,1483.0,8297808,11952986866.8,347975
2026-06-19,INE03QK01018,COHANCE,EQ,410.0,412.3,403.55,405.85,406.3,413.8,777587,315776465.5,21734
2026-06-19,INE259A01022,COLPAL,EQ,2020.0,2026.0,1990.0,1997.8,2002.0,2027.3,417545,835580618.1,22757
2026-06-19,INE819A01049,COMFINTE,EQ,6.13,6.17,5.98,6.01,6.04,6.1,299563,1801433.25,587
2026-06-19,INE073V01015,COMSYN,EQ,162.17,165.01,160.82,163.41,161.1,163.35,11642,1892490.46,347
2026-06-19,INE597Z01014,COMMITTED,ST,290.0,299.0,288.0,298.4,299.0,285.5,26400,7795800.0,25
2026-06-19,INE070C01037,COMPINFO,BZ,1.33,1.37,1.3,1.34,1.3,1.33,13111,17336.1,26
2026-06-19,INE453B01029,COMPUSOFT,EQ,13.39,13.95,13.25,13.55,13.6,13.38,49599,667503.33,245
2026-06-19,INE596I01020,CAMS,EQ,832.9,833.3,815.05,823.15,823.95,832.8,1162760,957826693.65,32550
2026-06-19,INE338H01029,CONCORDBIO,EQ,1336.0,1351.1,1305.1,1315.1,1315.0,1347.5,282224,373650236.5,16165
2026-06-19,INE037Z01029,CEWATER,EQ,341.4,354.0,337.9,350.55,350.4,341.7,355356,123699176.65,13008
2026-06-19,INE552D01024,CONFIPET,EQ,68.9,71.04,67.11,70.44,70.2,67.89,4124933,288483326.11,14756
2026-06-19,INE0EAS01014,CONNPLEX,SM,212.75,217.9,212.0,214.85,215.4,212.75,36000,7718360.0,39
2026-06-19,INE429I01024,CCCL,EQ,15.28,15.28,14.65,14.75,14.77,14.78,131788,1946176.76,386
2026-06-19,INE025A01027,CONSOFINVT,EQ,227.8,228.84,225.0,225.26,227.74,225.49,3285,741854.0,126
2026-06-19,INE111A01025,CONCOR,EQ,465.45,472.75,462.75,471.75,471.15,467.15,1684768,790339977.1,24149
2026-06-19,INE663B01015,CONTROLPR,EQ,627.0,627.0,613.5,623.45,625.7,627.0,15416,9589018.65,1046
2026-06-19,INE0HS001028,COOLCAPS,ST,28.9,28.9,26.25,28.4,28.0,27.6,265000,7217750.0,96
2026-06-19,INE558D01021,CORALFINAC,EQ,33.0,33.0,31.05,31.9,32.4,32.66,33571,1068318.57,569
2026-06-19,INE792I01017,CORDSCABLE,BE,218.03,222.0,216.23,217.82,218.0,222.48,35287,7719842.21,275
2026-06-19,INE169A01031,COROMANDEL,EQ,2068.2,2072.9,2002.0,2015.2,2025.0,2068.2,705768,1424627446.8,69573
2026-06-19,INE02ZQ01018,CORONA,EQ,1824.9,1880.9,1809.3,1868.6,1863.0,1836.0,45175,83879851.0,5759
2026-06-19,INE757A01017,COSMOFIRST,EQ,766.85,790.25,760.7,780.75,777.0,766.8,91183,71069572.1,4332
2026-06-19,INE652F01027,CCHHL,EQ,12.99,13.08,12.65,12.96,12.88,12.78,14628,188092.31,100
2026-06-19,INE695B01025,COUNCODOS,EQ,4.89,5.14,4.68,4.8,4.81,4.81,36221,175227.81,136
2026-06-19,INE521J01018,CPCAP,BE,102.3,105.5,100.0,104.56,105.0,102.3,64886,6714372.94,169
2026-06-19,INF457M01133,CPSEETF,EQ,100.0,100.29,98.77,99.62,99.63,99.36,1426232,141818773.47,6942
2026-06-19,INE00LO01017,CRAFTSMAN,EQ,9480.0,9938.0,9475.0,9806.5,9770.0,9500.0,253361,2480654582.5,30524
2026-06-19,INE0OFK01019,CRAYONS,SM,29.75,29.75,28.3,28.7,29.05,29.75,19000,544600.0,14
2026-06-19,INE230B01021,CREATIVEYE,EQ,6.61,6.79,6.61,6.64,6.64,6.62,18710,124495.49,35
2026-06-19,INE0R7401011,CGRAPHICS,SM,137.0,142.1,137.0,141.0,141.0,142.0,12800,1793560.0,16
2026-06-19,INE985W01018,CNL,EQ,718.0,769.8,718.0,753.25,750.0,717.1,118960,90054942.1,4638
2026-06-19,INE741K01010,CREDITACC,EQ,1419.6,1433.0,1400.4,1406.4,1406.0,1419.6,118093,166538296.3,12966
2026-06-19,INE220Q01020,MUFTI,EQ,91.3,91.64,89.1,89.9,90.5,90.94,100082,9005801.19,1740
2026-06-19,INE559D01011,CREST,EQ,390.9,404.45,387.1,402.15,404.45,394.8,7711,3074447.5,209
2026-06-19,INE007A01025,CRISIL,EQ,4121.4,4171.4,4071.9,4132.0,4110.0,4121.4,61407,252376376.8,13747
2026-06-19,INE0S4R01014,CRIZAC,EQ,217.53,222.0,213.0,214.59,214.0,218.57,409265,88676584.49,7479
2026-06-19,INE299U01018,CROMPTON,EQ,276.7,277.45,272.1,275.25,276.0,277.1,1569459,431385257.4,19714
2026-06-19,INE491V01019,CROWN,EQ,112.0,119.9,111.0,112.61,114.0,113.04,28379,3264248.62,600
2026-06-19,INE679A01013,CSBBANK,EQ,368.1,369.4,360.0,365.5,364.15,367.5,392402,143099502.1,12700
2026-06-19,INE718F01018,CSLFINANCE,EQ,226.2,227.0,223.0,225.28,223.11,228.55,18262,4106959.57,681
2026-06-19,INE144D01012,CUBEXTUB,EQ,87.8,91.99,85.0,87.03,86.5,86.19,237605,21040127.53,2392
2026-06-19,INE298A01020,CUMMINSIND,EQ,5875.0,5908.0,5805.0,5865.0,5860.5,5858.0,323514,1899468443.5,29161
2026-06-19,INE509F01029,CUPID,EQ,170.25,177.0,170.25,176.92,177.0,169.19,32137212,5652842288.57,99108
2026-06-19,INE117B01020,CURAA,EQ,88.29,88.29,81.2,82.06,85.0,88.03,1426,120892.07,44
2026-06-19,INE1CRQ01014,CURRENT,SM,109.0,115.0,107.65,108.0,108.0,106.95,12800,1403680.0,8
2026-06-19,INE278G01037,CYBERMEDIA,BE,17.0,17.0,16.41,16.9,16.9,16.89,4145,69627.21,44
2026-06-19,INE075Z01011,CMRSL,SM,70.0,70.1,66.5,66.5,66.5,70.0,4000,277360.0,3
2026-06-19,INE214A01019,CYBERTECH,EQ,148.88,152.0,145.95,150.0,151.0,148.88,60978,9054576.85,1507
2026-06-19,INE055S01018,CYIENTDLM,EQ,467.55,475.0,463.05,473.65,474.5,469.1,195204,91731758.75,7042
2026-06-19,INE136B01020,CYIENT,EQ,861.0,869.8,853.6,859.05,859.8,873.45,359706,309690841.2,19928
2026-06-19,INE864X01013,DPWIRES,EQ,177.0,179.99,173.35,175.28,173.36,177.95,9090,1608268.15,342
2026-06-19,INE250K01012,DLINKINDIA,EQ,528.8,535.0,522.25,525.05,526.0,526.3,321197,169069340.4,8352
2026-06-19,INE266Y01019,DPABHUSHAN,EQ,919.95,921.0,910.05,918.3,921.0,920.65,4583,4203296.35,544
2026-06-19,INE950I01011,DBCORP,EQ,205.71,207.5,203.4,204.19,204.6,205.37,54517,11170979.0,2019
2026-06-19,INE016A01026,DABUR,EQ,427.7,427.7,421.4,423.5,424.4,428.7,1915071,812261311.0,30558
2026-06-19,INE928C01010,DAICHI,EQ,311.2,320.0,301.99,314.56,312.5,311.23,31296,9874642.13,679
2026-06-19,INE00R701025,DALBHARAT,EQ,1730.0,1730.0,1706.1,1717.2,1726.4,1725.7,227757,391199469.6,17756
2026-06-19,INE495A01022,DALMIASUG,EQ,341.0,341.0,337.0,337.3,337.5,340.6,37068,12552237.15,1421
2026-06-19,INE284H01025,DAMCAPITAL,EQ,155.54,155.6,153.31,154.89,155.0,154.82,201194,31107051.86,3038
2026-06-19,INE497D01022,DAMODARIND,EQ,32.25,32.25,30.05,30.57,30.52,31.88,3805,116210.71,109
2026-06-19,INE688Y01022,DANGEE,EQ,3.15,3.17,3.11,3.12,3.12,3.15,35285,110543.81,85
2026-06-19,INE0YU901016,DANISH,SM,945.65,1069.0,945.1,1036.35,1027.0,950.4,158250,160266742.5,832
2026-06-19,INE0IX101010,DATAPATTNS,EQ,4770.0,4955.9,4737.2,4822.1,4818.0,4802.1,1560709,7576089096.5,124765
2026-06-19,INE365B01017,DATAMATICS,EQ,814.0,814.0,793.25,801.5,804.0,816.45,73798,59171963.05,3314
2026-06-19,INE179G01029,DAVANGERE,EQ,3.65,3.65,3.6,3.61,3.63,3.63,3383037,12214437.54,1908
2026-06-19,INE921B01025,DBSTOCKBRO,EQ,30.8,30.99,29.11,29.93,29.52,29.45,3005,90501.22,227
2026-06-19,INE0A1101019,DCI,BE,273.7,273.7,265.3,266.15,266.5,271.2,5534,1484857.5,163
2026-06-19,INE503A01015,DCBBANK,EQ,184.12,187.29,182.5,184.59,185.5,185.97,729086,134551944.08,9820
2026-06-19,INE0S8401018,DCG,SM,58.45,59.5,58.45,58.75,59.0,56.55,9600,566040.0,8
2026-06-19,INE891B01012,DCMFINSERV,BE,5.2,5.34,5.2,5.34,5.34,5.24,1760,9382.0,18
2026-06-19,INE498A01018,DCM,BE,94.4,99.15,94.4,96.9,96.9,94.43,6128,599400.68,64
2026-06-19,INE08KP01019,DCMNVL,BE,147.0,150.0,145.0,148.95,150.0,149.16,2969,440619.8,47
2026-06-19,INE0OFM01015,DSFCL,BE,23.32,23.75,22.13,23.23,23.31,23.29,71323,1629125.08,157
2026-06-19,INE843D01027,DCMSRIND,EQ,39.4,39.4,38.0,38.29,38.4,38.5,63460,2432821.46,613
2026-06-19,INE0OU201013,DCMSIL,BE,66.17,66.17,66.17,66.17,66.17,64.88,2747,181768.99,18
2026-06-19,INE499A01024,DCMSHRIRAM,EQ,1037.0,1059.0,1032.1,1053.7,1057.0,1039.9,47364,49834622.7,9344
2026-06-19,INE500A01029,DCW,EQ,50.36,50.65,49.24,49.6,49.93,50.36,1100710,54852831.13,4263
2026-06-19,INE0KL801015,DCXINDIA,EQ,193.0,208.59,192.2,204.32,204.1,193.33,4211213,857989865.17,47655
2026-06-19,INE0HR601026,DDEVPLSTIK,EQ,253.42,283.38,251.95,273.17,275.0,253.41,1304276,357202896.9,20318
2026-06-19,INE0JWV01011,DENEERS,SM,219.05,223.0,218.0,220.45,221.9,222.5,8400,1849350.0,13
2026-06-19,INE244A01016,DENORA,EQ,831.0,859.9,823.45,855.0,859.9,833.9,42994,36279394.95,3427
2026-06-19,INE583C01021,DECCANCE,EQ,577.7,584.0,565.05,569.1,565.05,577.65,67008,38699701.25,1107
2026-06-19,INE945F01025,DECNGOLD,EQ,215.61,220.25,210.25,214.72,214.1,215.78,2776081,597630768.74,23173
2026-06-19,INE0S7C01019,DECCANTRAN,SM,21.5,21.5,21.0,21.2,21.2,21.9,10800,229500.0,9
2026-06-19,INE841L01016,DEEDEV,BE,715.0,738.0,686.6,703.05,701.0,714.0,113714,81152501.9,2434
2026-06-19,INE586O01011,DEEM,SM,48.25,52.35,47.75,52.0,52.0,48.0,6000,298500.0,6
2026-06-19,INE0FHS01024,DEEPINDS,EQ,492.0,496.0,483.3,487.05,487.0,492.25,169364,82755023.8,6249
2026-06-19,INE0OPA01027,DBEIL,BE,9.25,9.43,9.0,9.43,9.43,89.94,666483,6232568.18,1770
2026-06-19,INE501A01019,DEEPAKFERT,EQ,1532.9,1570.0,1526.0,1563.3,1554.0,1525.7,347529,539995742.9,22362
2026-06-19,INE288B01029,DEEPAKNTR,EQ,1667.9,1692.3,1634.7,1644.4,1650.0,1658.2,248472,411563726.1,26875
2026-06-19,INE148O01028,DELHIVERY,EQ,458.95,463.5,454.35,461.1,461.75,459.2,1719497,791316976.2,30500
2026-06-19,INE726L01027,DELPHIFX,EQ,9.2,9.2,8.1,8.38,8.42,8.4,222349,1861842.91,753
2026-06-19,INE0XRN01019,DELTIC,ST,36.5,36.5,34.95,34.95,34.95,36.75,24000,845650.0,24
2026-06-19,INE124G01033,DELTACORP,EQ,66.0,66.78,65.22,65.95,66.0,65.95,1569197,103612512.54,6552
2026-06-19,INE393A01011,DELTAMAGNT,EQ,62.2,63.5,60.74,63.02,63.43,59.88,7532,470410.55,107
2026-06-19,INE947J01015,DEN,EQ,31.59,33.6,31.01,33.08,33.2,31.31,4148351,136502814.45,12656
2026-06-19,INE0R4L01018,DENTA,EQ,276.2,299.2,274.8,292.0,291.0,277.75,621537,180520867.95,13183
2026-06-19,INE0VOV01021,DEVX,EQ,36.3,36.3,35.81,36.17,35.95,35.93,58367,2106688.33,326
2026-06-19,INE060X01034,DEVIT,EQ,28.9,28.9,27.95,28.39,28.35,28.27,21640,611431.23,186
2026-06-19,INE872J01023,DEVYANI,EQ,116.0,117.64,114.1,116.91,116.99,115.28,4058264,471644866.1,28483
2026-06-19,INE0I3401014,DBOL,BE,117.5,121.5,116.5,117.39,117.5,116.35,28996,3432509.17,260
2026-06-19,INE041A01016,DHAMPURSUG,EQ,141.1,142.08,140.09,141.14,140.9,141.15,123195,17369900.0,1980
2026-06-19,INE680A01011,DHANBANK,EQ,33.98,34.8,33.55,34.31,34.21,34.06,1926409,65769514.01,6810
2026-06-19,INE0M3I01029,DHANSA,ST,21.0,21.0,20.35,20.35,20.35,21.4,30000,613200.0,15
2026-06-19,INE435G01025,DHANUKA,EQ,1070.0,1075.9,1060.3,1068.3,1074.0,1071.1,18655,19908497.5,1592
2026-06-19,INE2HJL01019,DHARARAIL,SM,154.0,155.0,150.0,153.9,154.8,152.25,23000,3523800.0,20
2026-06-19,INE278R01034,DHARAN,BZ,0.17,0.17,0.16,0.16,0.17,0.16,9279113,1523041.3,1339
2026-06-19,INE0YRN01025,DHARIWAL,SM,34.0,34.0,31.5,33.55,33.7,33.05,120000,3946200.0,34
2026-06-19,INE00OQ01016,DHARMAJ,EQ,262.65,266.4,262.25,264.6,263.1,264.9,39391,10426076.25,1964
2026-06-19,INE506Z01015,DHRUV,BE,28.11,28.93,26.56,27.42,26.56,27.56,7893,222020.26,43
2026-06-19,INE320L01011,DHUNINV,EQ,859.0,859.0,833.1,843.0,843.0,850.05,171,143916.6,39
2026-06-19,INE341R01014,DTIL,EQ,139.47,141.78,136.75,139.39,139.4,139.47,673,93545.52,36
2026-06-19,INE477B01010,DVL,EQ,243.0,245.68,238.0,241.73,243.0,242.88,7013,1695605.56,274
2026-06-19,INE591D01014,DIAMINESQ,EQ,244.99,244.99,236.0,240.58,242.0,243.82,3895,937969.72,163
2026-06-19,INE989C01038,DIACABS,EQ,204.95,210.51,204.27,209.24,209.63,202.25,6366523,1326425330.26,40704
2026-06-19,INE303A01010,DICIND,EQ,514.0,515.0,499.0,511.75,511.9,499.85,5883,2963556.6,77
2026-06-19,INE184O01015,DIFFNKG,EQ,372.25,379.7,370.65,375.55,377.9,372.25,51373,19273007.95,2129
2026-06-19,INE03JI01017,DGCONTENT,EQ,25.49,27.49,25.49,26.91,26.97,26.01,7160,193453.91,81
2026-06-19,INE0PSC01024,DIGIDRIVE,EQ,19.28,19.28,18.31,18.97,19.0,18.86,24344,456789.49,145
2026-06-19,INE0QJ901011,DIGIKORE,SM,50.0,50.0,48.05,48.5,49.0,48.65,16800,821080.0,38
2026-06-19,INE927C01020,DIGISPICE,BE,20.29,20.39,19.1,19.87,20.0,20.01,147276,2865244.45,337
2026-06-19,INE0U4701011,DIGITIDE,EQ,91.0,91.34,87.5,88.48,89.47,91.57,353599,31405067.65,3325
2026-06-19,INE731U01028,DIGJAMLMTD,EQ,44.62,46.9,44.02,44.6,45.24,44.73,10975,497894.34,185
2026-06-19,INE016M01021,DNAMEDIA,EQ,2.94,2.96,2.82,2.91,2.88,2.94,36747,106956.46,157
2026-06-19,INE917M01012,DBL,EQ,429.25,443.85,424.45,439.5,442.0,429.55,187758,82001070.75,9410
2026-06-19,INE131C01011,DISAQ,EQ,12067.0,12200.0,12059.0,12200.0,12200.0,12011.0,236,2862172.0,106
2026-06-19,INE836F01026,DISHTV,BE,3.19,3.3,3.1,3.23,3.2,3.19,3502977,11079484.57,1527
2026-06-19,INE385W01011,DCAL,EQ,170.39,172.25,168.44,170.72,171.7,170.11,257522,43883589.63,3307
2026-06-19,INE753U01022,DIVGIITTS,EQ,859.1,860.0,843.0,856.7,860.0,850.6,22935,19597460.6,1131
2026-06-19,INE361B01024,DIVISLAB,EQ,6790.0,6795.0,6716.5,6743.0,6749.5,6767.0,372371,2513603752.5,35419
2026-06-19,INE0NA501011,DIVINEHIRA,ST,326.65,326.65,315.0,320.0,320.0,326.7,6400,2044600.0,13
2026-06-19,INE0SCO01019,DPEL,SM,479.0,479.25,473.0,475.7,478.5,474.45,15000,7136150.0,29
2026-06-19,INE0QYI01019,DIVYADHAN,ST,39.9,39.9,39.5,39.9,39.9,38.0,128000,5100400.0,42
2026-06-19,INE935N01020,DIXON,EQ,12515.0,12600.0,12351.0,12517.0,12571.0,12666.0,507450,6335475742.0,69325
2026-06-19,INE0B1K01014,DJML,EQ,115.9,117.66,111.62,116.74,115.5,114.56,537888,61718010.21,5700
2026-06-19,INE271C01023,DLF,EQ,639.0,639.0,619.65,624.5,625.0,640.7,4202998,2638093068.55,75270
2026-06-19,INE505A01010,DMCC,EQ,256.0,256.0,247.0,251.25,251.0,249.4,55954,14016560.75,2122
2026-06-19,INE021O01019,DODLA,EQ,1097.9,1118.0,1093.1,1108.9,1106.8,1099.6,9525,10551348.9,1340
2026-06-19,INE966A01022,DOLATALGO,EQ,76.4,77.25,75.81,76.95,77.24,76.44,114808,8789177.92,1279
2026-06-19,INE325C01035,DOLLAR,EQ,260.2,261.0,255.3,258.75,260.3,261.35,134615,34689177.95,4579
2026-06-19,INE0JHH01011,DOLLEX,SM,31.5,31.5,31.5,31.5,31.5,30.25,4000,126000.0,1
2026-06-19,INE920A01037,DOLPHIN,EQ,386.6,392.95,381.5,388.0,392.0,386.5,2699,1046655.75,230
2026-06-19,INE321T01012,DOMS,EQ,2329.2,2329.6,2245.1,2274.1,2284.0,2337.3,251860,570156767.2,25434
2026-06-19,INE668D01028,DONEAR,EQ,91.83,91.83,90.21,90.66,90.25,91.83,26448,2407314.16,495
2026-06-19,INE360C01024,DPSCLTD,BE,7.75,7.75,7.22,7.5,7.6,7.6,245054,1834411.79,573
2026-06-19,INE943P01029,AGARWALEYE,EQ,444.8,474.4,444.35,466.65,468.55,444.8,307298,142672890.05,12691
2026-06-19,INE934C01018,DRAGARWQ,EQ,5085.0,5089.9,4913.1,4999.1,4980.1,5044.3,1841,9185948.3,464
2026-06-19,INE600L01024,LALPATHLAB,EQ,1660.2,1677.0,1622.4,1635.8,1638.0,1662.9,226868,372807489.1,17708
2026-06-19,INE089A01031,DRREDDY,EQ,1267.0,1275.0,1261.0,1272.1,1267.1,1267.5,1312877,1666960033.7,30751
2026-06-19,INE03RS01027,DRCSYSTEMS,EQ,14.28,14.59,14.2,14.26,14.37,14.43,45438,648789.81,145
2026-06-19,INE0JS101016,DREAMFOLKS,EQ,73.98,73.98,70.55,70.73,70.96,71.82,78945,5605396.69,1368
2026-06-19,INE506A01018,DREDGECORP,EQ,1143.7,1156.6,1125.0,1136.0,1135.0,1137.2,165549,188616470.9,10502
2026-06-19,INE0P7201019,DRONE,ST,41.9,41.9,39.7,41.7,41.7,41.0,18500,764200.0,35
2026-06-19,INE055C01020,KEEPLEARN,EQ,1.99,2.0,1.95,1.98,1.99,1.98,13204,26288.66,40
2026-06-19,INF740KA1EU7,LIQUIDETF,EQ,1000.0,1000.01,999.99,999.99,1000.0,999.99,100652,100651737.63,204
2026-06-19,INF740KA1YH2,BANK10ADD,EQ,17.17,17.17,16.9,17.02,16.9,17.06,20013,341497.55,98
2026-06-19,INF740KA1RX3,BANKADD,EQ,59.15,59.18,58.87,59.05,59.14,59.15,19273,1137588.11,122
2026-06-19,INF740KA1SW3,GOLDADD,EQ,140.05,141.42,138.94,140.61,140.52,143.41,135582,18983302.49,2387
2026-06-19,INF740KA1SX1,ITADD,EQ,29.49,29.49,28.27,28.93,29.0,30.11,1824679,51887684.41,2410
2026-06-19,INF740KA1QK2,EQUAL50ADD,EQ,340.0,340.96,338.17,339.42,340.96,340.63,8033,2725040.56,226
2026-06-19,INF740KA1CL0,NIFTYADD,EQ,251.99,252.5,251.26,251.57,252.16,253.3,18634,4692578.19,337
2026-06-19,INF740KA1SY9,PSUBANKADD,EQ,88.09,90.0,87.75,88.68,88.0,88.77,14451,1276699.3,243
2026-06-19,INF740KA1TA7,PVTBANKADD,EQ,28.37,28.7,28.19,28.47,28.23,28.41,12654509,359064493.22,349
2026-06-19,INF740KA1QL0,MIDQ50ADD,EQ,250.13,252.0,246.88,251.03,252.0,251.03,3425,858245.82,178
2026-06-19,INF740KA1SZ6,SENSEXADD,EQ,79.57,79.57,78.9,79.09,79.09,79.3,708,55948.64,30
2026-06-19,INF740KA1RE3,SILVERADD,EQ,228.4,228.4,217.35,223.09,223.09,231.83,444607,98008149.36,7760
2026-06-19,INF740KA1WU9,FLEXIADD,EQ,9.89,9.89,9.73,9.82,9.88,9.89,135257,1321356.55,428
2026-06-19,INF740KA1ZA4,FMCGADD,EQ,49.54,49.75,49.25,49.55,49.74,49.77,4052,200707.38,37
2026-06-19,INF740KA1UF4,HEALTHADD,EQ,159.9,159.9,156.99,158.41,158.43,156.8,8974,1416151.65,110
2026-06-19,INF740KA1UM0,LIQUIDADD,EQ,1132.02,1132.04,1132.02,1132.02,1132.04,1131.58,1089443,1233275175.54,616
2026-06-19,INF740KA1WW5,MIDCAPADD,EQ,22.86,23.06,22.78,23.01,22.97,22.86,4924,112618.58,40
2026-06-19,INF740KA1WV7,MSCIADD,EQ,29.41,29.49,29.25,29.47,29.48,29.34,2004,58821.27,18
2026-06-19,INF740KA1VE5,NEXT30ADD,EQ,42.25,42.41,42.08,42.38,42.35,42.13,6243,263162.85,54
2026-06-19,INF740KA1XU7,NEXT50ADD,EQ,72.65,72.83,72.23,72.32,72.32,72.35,13345,967760.35,58
2026-06-19,INF740KA1WX3,SMALLADD,EQ,17.74,17.84,17.65,17.83,17.84,17.66,25254,447933.77,78
2026-06-19,INF740KA1UR9,TOP10ADD,EQ,88.33,88.34,87.44,88.02,88.05,88.9,54480,4777908.9,671
2026-06-19,INE0LZO01015,DUCOL,SM,108.4,108.4,105.05,108.0,108.0,110.0,9600,1027760.0,8
2026-06-19,INE741L01018,DUCON,BE,3.63,3.64,3.47,3.55,3.56,3.56,458002,1618927.2,218
2026-06-19,INE0HPK01020,DUGLOBAL,ST,33.2,33.6,33.2,33.2,33.2,32.3,15000,500625.0,6
2026-06-19,INE0OUW01013,DURLAX,ST,47.15,48.2,45.2,46.55,47.8,47.5,140000,6470100.0,30
2026-06-19,INE366A01041,DWARKESH,EQ,44.0,44.52,43.6,44.03,43.9,43.85,545315,24018946.21,2060
2026-06-19,INE417B01040,DSSL,EQ,1420.2,1491.2,1411.0,1449.3,1448.0,1420.2,206116,301163707.7,10663
2026-06-19,INE221B01012,DYNAMATECH,EQ,10840.0,10989.0,10792.0,10923.0,10910.0,10888.0,6895,75061478.0,3164
2026-06-19,INE600Y01019,DYCL,EQ,366.0,378.7,359.0,366.75,367.0,366.55,837094,308749073.9,21479
2026-06-19,INE0DZ701010,DYNAMIC,ST,146.8,162.2,146.8,160.85,162.2,154.5,16000,2559850.0,28
2026-06-19,INE256H01015,DYNPRO,EQ,229.25,236.45,228.2,232.2,230.6,230.4,5722,1332825.45,274
2026-06-19,INE0KFF01017,EFACTOR,SM,172.05,183.0,172.05,183.0,183.0,179.75,10000,1789680.0,15
2026-06-19,INE1CEJ01017,E2ERAIL,ST,289.9,289.9,280.25,280.25,280.25,283.0,8800,2492080.0,11
2026-06-19,INE255Z01027,E2E,EQ,419.0,425.9,415.0,425.9,425.9,405.7,558938,237320210.7,4144
2026-06-19,INE962C01035,EASTSILK,BE,48.1,50.0,47.5,49.92,49.92,50.0,2449,117135.76,18
2026-06-19,INE07O001026,EASEMYTRIP,EQ,8.02,8.05,7.81,7.95,8.04,7.99,12475792,98610773.19,10069
2026-06-19,INE528S07110,888ECL28,N1,980.0,984.0,980.0,984.0,984.0,984.0,55,54116.0,2
2026-06-19,INE738I01010,ECLERX,EQ,1440.0,1440.0,1393.0,1418.7,1427.0,1448.1,242043,342838958.7,24975
2026-06-19,INE0VBS01016,ECOLINE,ST,196.0,203.0,192.0,197.5,199.9,195.0,35000,6940500.0,30
2026-06-19,INE06HJ01020,ECOSMOBLTY,BE,137.62,137.62,132.0,136.7,137.5,137.62,52966,7154139.74,520
2026-06-19,INF754K01OB1,BBETF0432,EQ,1335.98,1336.99,1334.11,1335.36,1334.53,1334.46,2314,3088841.83,28
2026-06-19,INF754K01TE4,EBANKNIFTY,EQ,58.09,58.1,57.85,58.02,58.02,58.18,1568,91006.32,20
2026-06-19,INF754K01KO2,EBBETF0430,EQ,1599.88,1599.88,1591.9,1596.63,1596.5,1594.63,5667,9042277.14,293
2026-06-19,INF754K01LE1,EBBETF0431,EQ,1425.0,1429.0,1421.1,1422.67,1422.55,1424.76,10992,15660715.78,110
2026-06-19,INF754K01QX0,EBBETF0433,EQ,1299.89,1299.89,1291.04,1297.89,1293.6,1294.35,3536,4585111.55,145
2026-06-19,INF754K01TX4,ECAPINSURE,EQ,24.72,24.77,24.5,24.69,24.75,24.72,37755,931019.94,243
2026-06-19,INF754K01SE6,EGOLD,EQ,146.4,146.4,143.35,144.85,145.2,147.55,61016,8812479.1,1019
2026-06-19,INF754K01VW2,ELIQUID,EQ,1035.93,1035.94,1035.93,1035.93,1035.93,1035.5,4830,5003556.4,8
2026-06-19,INF754K01VV4,ELM250,EQ,16.57,16.58,16.35,16.45,16.52,16.57,22191,365418.3,170
2026-06-19,INF754K01TF1,EMULTIMQ,EQ,43.1,43.16,42.6,42.94,42.97,43.17,30690,1313566.3,228
2026-06-19,INF754K01XF3,ENEXT50,EQ,71.81,72.16,71.45,72.16,72.16,71.1,582,41598.59,5
2026-06-19,INF754K01VX0,ENIFTY,EQ,23.55,24.14,23.55,24.12,24.13,24.16,121588,2922407.23,161
2026-06-19,INF754K01VY8,ESENSEX,EQ,79.0,79.67,76.25,77.2,77.3,87.37,36496,2820125.9,248
2026-06-19,INF754K01SF3,ESILVER,EQ,233.97,233.97,225.86,231.38,231.05,240.19,150344,34558672.77,1632
2026-06-19,INE532F01054,EDELWEISS,EQ,121.31,125.98,119.69,124.71,124.54,121.34,11659114,1448438006.7,56970
2026-06-19,INE886D01026,EFCIL,EQ,183.5,191.8,180.3,190.86,191.4,183.4,945856,178871906.83,6887
2026-06-19,INE0U9101019,EFFWA,ST,348.2,356.5,342.0,351.85,352.0,349.9,22000,7745320.0,54
2026-06-19,INE066A01021,EICHERMOT,EQ,7550.0,7658.0,7501.0,7611.0,7649.0,7601.0,682982,5189697334.5,47137
2026-06-19,INE126A01031,EIDPARRY,EQ,724.5,725.5,698.2,704.1,707.9,721.4,1057022,744075650.25,46521
2026-06-19,INE276C01014,EIHAHOTELS,EQ,323.0,334.9,317.55,325.1,326.0,320.6,46038,15046017.8,1877
2026-06-19,INE230A01023,EIHOTEL,EQ,316.5,325.0,313.9,321.85,323.0,316.5,290506,92946194.85,10912
2026-06-19,INE158B01016,EIMCOELECO,EQ,1612.0,1640.0,1588.0,1596.4,1601.5,1623.8,20476,32988318.1,1320
2026-06-19,INE280B01018,ELANTAS,EQ,10675.0,10799.0,10289.0,10619.0,10659.0,10505.5,1515,15865745.5,867
2026-06-19,INE927X01018,ELCIDIN,EQ,116505.0,117000.0,116500.0,116550.0,116550.0,117690.0,12,1400040.0,12
2026-06-19,INE668G01021,ELDEHSG,EQ,804.05,814.8,785.0,794.15,810.0,800.05,274,220205.15,32
2026-06-19,INE205B01031,ELECON,EQ,533.0,545.0,524.1,539.05,543.65,535.0,553833,296377734.55,17881
2026-06-19,INE0Q1W01012,EFORCE,SM,22.9,22.9,22.0,22.5,22.5,24.2,9600,215820.0,8
2026-06-19,INE02YR01019,EMIL,EQ,118.75,123.2,115.6,120.86,120.9,118.88,2029337,244583048.25,24956
2026-06-19,INE086A01029,ELECTCAST,EQ,81.33,82.4,80.0,81.34,81.1,80.94,2522835,204922644.7,26046
2026-06-19,INE822G01016,ELECTHERM,EQ,1082.0,1121.0,1055.0,1073.7,1064.0,1081.5,26332,28628576.6,2941
2026-06-19,INE0R9101015,ELGNZ,SM,72.05,74.5,71.05,73.85,74.4,74.4,46000,3342450.0,36
2026-06-19,INE285A01027,ELGIEQUIP,EQ,603.95,614.95,600.0,612.75,610.0,602.0,773434,473146824.45,32733
2026-06-19,INE819L01012,ELGIRUBCO,EQ,48.1,49.33,48.1,49.19,49.05,48.64,21456,1049240.43,627
2026-06-19,INE050401020,ELIN,EQ,106.5,107.49,104.9,106.47,107.0,106.19,57265,6076669.56,1450
2026-06-19,INE669R01026,ELITECON,EQ,29.0,29.02,28.2,28.51,28.2,28.92,892818,25602736.63,4537
2026-06-19,INE236E01022,ELLEN,EQ,283.7,286.0,278.05,281.55,282.0,282.95,236971,66871563.45,3996
2026-06-19,INE579B01039,ELPROINTL,EQ,171.0,172.27,170.0,170.94,171.0,170.28,20201,3446735.75,289
2026-06-19,INE548C01032,EMAMILTD,EQ,400.95,415.5,398.0,413.5,411.1,400.35,1188740,488470308.05,43354
2026-06-19,INE830C01026,EMAMIPAP,EQ,87.03,87.03,84.02,84.41,84.3,86.39,32723,2776379.3,487
2026-06-19,INE778K01012,EMAMIREAL,BE,90.65,93.0,90.5,90.5,90.5,90.65,10060,924176.06,76
2026-06-19,INE069I01010,EMBDL,EQ,63.5,63.6,61.5,62.14,62.4,63.74,2837501,177336403.14,11296
2026-06-19,INE041025011,EMBASSY,RR,430.78,431.3,424.71,425.83,426.24,429.89,448679,191846632.69,17058
2026-06-19,INE168P01015,EMCURE,EQ,1753.0,1787.1,1750.9,1776.0,1779.2,1753.2,86127,152888663.5,8320
2026-06-19,INE0RHD01013,ETML,SM,85.0,92.5,85.0,88.0,88.0,82.2,66000,5965200.0,55
2026-06-19,INE296H01011,EMKAY,EQ,292.98,297.89,287.11,290.35,290.01,291.37,53663,15616930.14,1179
2026-06-19,INE332S01011,EMKAYTOOLS,SM,93.7,93.9,92.5,93.9,93.9,93.9,1800,167992.5,11
2026-06-19,INE0PXC01024,ETL,SM,1015.0,1015.0,970.0,970.0,970.0,955.05,300,297750.0,2
2026-06-19,INE753K01015,EMMBI,EQ,92.56,93.0,90.8,91.62,91.55,92.13,5320,486843.18,118
2026-06-19,INE1C6T01020,EMMVEE,EQ,331.95,339.1,328.65,332.1,332.75,333.7,2234780,746249071.3,28975
2026-06-19,INE507F01023,EMPOWER,BE,1.95,1.95,1.95,1.95,1.95,1.92,2546050,4964797.5,250
2026-06-19,INE0OV601013,EMSLIMITED,EQ,344.0,354.0,335.0,350.15,353.0,343.5,684928,236126877.85,17795
2026-06-19,INE01QM01018,EMUDHRA,EQ,468.0,468.0,455.5,459.85,460.4,463.6,62607,28757062.05,5141
2026-06-19,INE433T01015,ENCOMPAS,SM,236.0,240.0,235.0,240.0,240.0,235.15,15600,3716400.0,10
2026-06-19,INE913H01037,ENDURANCE,EQ,2620.1,2632.5,2583.2,2622.4,2616.0,2623.3,79748,208523478.1,12286
2026-06-19,INE306C01019,ENERGYDEV,EQ,16.98,17.39,16.35,16.58,16.6,16.82,24156,400933.27,227
2026-06-19,INE0S1L01013,EMMIL,SM,130.0,135.0,128.05,130.45,132.0,126.9,5750,754275.0,21
2026-06-19,INE0S3X01014,ENFUSE,SM,160.05,165.0,160.0,165.0,165.0,161.0,1800,291030.0,3
2026-06-19,INE510A01028,ENGINERSIN,EQ,253.5,258.9,248.2,250.74,251.0,253.15,6016884,1527190100.49,57187
2026-06-19,INE0R9I01021,ENSER,ST,16.95,16.95,16.5,16.5,16.5,16.95,35000,590250.0,6
2026-06-19,INE010601016,ENTERO,EQ,1105.0,1117.7,1085.0,1089.4,1094.0,1105.5,112161,122544603.7,5943
2026-06-19,INE265F01028,ENIL,EQ,109.95,111.57,105.83,110.59,110.55,107.71,24140,2622930.04,498
2026-06-19,INE0LLY01014,EIEL,EQ,195.0,213.2,192.85,205.87,206.99,194.76,6450644,1332485889.69,63824
2026-06-19,INE0SUH01015,ENVIRO,SM,78.9,80.0,77.0,79.35,80.0,77.7,50000,3958050.0,36
2026-06-19,INE0G5901015,EPACK,EQ,232.5,233.47,229.27,230.39,230.49,233.67,527047,121900606.69,6119
2026-06-19,INE0MLS01022,EPACKPEB,EQ,272.0,278.0,265.37,268.98,269.7,271.86,2223503,603351695.08,29321
2026-06-19,INE071N01016,EPIGRAL,EQ,1141.9,1149.9,1123.1,1127.6,1127.0,1141.9,25759,29088623.5,1865
2026-06-19,INE255A01020,EPL,EQ,230.2,231.01,227.26,229.57,231.0,229.23,265384,60771459.85,4164
2026-06-19,INE11HF01010,EEPL,SM,97.2,97.2,94.1,94.1,94.1,98.9,5000,480550.0,5
2026-06-19,INE1KEC01023,EPWINDIA,ST,156.0,157.5,151.0,157.5,157.5,150.0,34800,5440740.0,23
2026-06-19,INE217G01035,EQUIPPP,BE,22.13,22.13,21.0,22.0,22.0,21.1,24776,544019.75,77
2026-06-19,INE063P01018,EQUITASBNK,EQ,77.1,78.4,76.45,77.25,77.21,77.7,3156614,244150176.24,22331
2026-06-19,INE406M01024,ERIS,EQ,1438.1,1467.0,1407.0,1448.4,1445.0,1430.6,103405,149519654.1,11992
2026-06-19,INE284A01012,ESABINDIA,EQ,5733.0,5940.0,5680.5,5829.0,5835.0,5733.0,4851,28111993.5,1544
2026-06-19,INE818W01011,ESAFSFB,EQ,32.5,36.7,31.76,36.33,36.5,32.02,20668329,734396563.33,53043
2026-06-19,INE0RQZ01017,ESCONET,ST,118.4,121.05,117.0,119.2,119.0,117.1,9600,1143600.0,24
2026-06-19,INE042A01014,ESCORTS,EQ,2809.7,2837.8,2787.6,2821.2,2831.0,2809.7,175073,492522967.1,20973
2026-06-19,INE818W08149,113ESFB31,N0,99000.0,99000.0,99000.0,99000.0,99000.0,99999.0,10,990000.0,5
2026-06-19,INE818W08164,1165ESFB32,N0,104454.37,104454.37,102001.0,102001.0,102001.0,101001.0,25,2608905.88,3
2026-06-19,INE0SBP01018,ESPRIT,SM,67.25,69.5,67.0,67.5,67.5,66.95,20800,1415280.0,12
2026-06-19,INE122M01019,ESSARSHPNG,EQ,24.52,24.8,23.9,24.24,24.27,24.52,119827,2897112.48,861
2026-06-19,INE0ITO01014,ESFL,ST,117.2,120.4,115.05,117.6,117.15,117.0,16200,1910610.0,37
2026-06-19,INE778B01029,ESTER,EQ,92.49,94.0,91.0,92.73,93.29,90.95,102029,9415982.55,1465
2026-06-19,INE758T01015,ETERNAL,EQ,257.0,264.9,254.55,264.3,263.85,258.55,29061365,7601422863.7,125779
2026-06-19,INE04TZ01018,ETHOSLTD,EQ,2396.1,2460.5,2342.0,2380.9,2368.0,2396.1,23294,56149188.5,3400
2026-06-19,INE0KCE01017,EUREKAFORB,EQ,457.2,471.25,456.55,468.75,470.8,461.65,96425,44955824.8,6314
2026-06-19,INE546V01010,EIFFL,EQ,352.7,366.0,342.1,347.24,345.0,349.71,195241,68997888.67,4763
2026-06-19,INE505V01016,EUROBOND,EQ,185.99,185.99,176.99,178.33,177.3,178.91,4742,854093.25,177
2026-06-19,INE198501012,EUROPRATIK,EQ,278.4,289.0,277.0,278.75,279.8,277.0,223877,62829231.85,3961
2026-06-19,INE022C01012,EUROTEXIND,BE,18.87,18.87,17.91,18.81,18.82,18.82,9849,179663.46,25
2026-06-19,INE128A01029,EVEREADY,EQ,357.55,369.9,356.05,368.85,369.7,357.55,408155,149511736.0,6000
2026-06-19,INE295A01018,EVERESTIND,EQ,386.2,394.0,377.0,378.4,377.3,382.85,37725,14549978.8,1258
2026-06-19,INE184H01027,EKC,EQ,112.0,114.79,109.0,113.55,114.0,112.24,189030,21448456.2,2634
2026-06-19,INE369A01029,EXCELINDUS,EQ,936.6,944.0,921.1,927.05,924.0,932.95,4226,3934990.25,682
2026-06-19,INE0Y4801011,EXCELLENT,ST,198.1,198.25,198.1,198.25,198.25,200.1,4800,951360.0,3
2026-06-19,INE606N01019,EXCELSOFT,EQ,79.32,80.15,78.01,78.45,78.85,79.82,516269,40770349.89,4289
2026-06-19,INE777F01014,EXICOM,EQ,168.0,177.0,165.3,172.53,172.15,168.15,7296201,1258353337.02,42800
2026-06-19,INE302A01020,EXIDEIND,EQ,386.3,386.7,379.3,380.75,381.8,384.85,1489972,568643543.85,23432
2026-06-19,INE19I001020,EXIMROUTES,SM,111.0,113.0,110.0,113.0,113.0,105.95,204800,22733600.0,7
2026-06-19,INE201K01015,EXPLEOSOL,EQ,824.65,830.0,807.0,810.45,812.4,832.85,19727,16065781.1,1471
2026-06-19,INE0GFE01026,EXXARO,EQ,6.53,7.1,6.53,6.72,6.74,6.77,262924,1777687.75,494
2026-06-19,INE0HF201011,FABTECH,EQ,156.0,158.0,151.59,155.67,155.91,156.77,156826,24262180.14,2927
2026-06-19,INE188A01015,FACT,EQ,950.05,975.0,878.0,884.85,883.85,953.45,1631576,1494155851.3,62666
2026-06-19,INE0DNW01011,FAIRCHEMOR,EQ,591.0,615.0,586.55,608.9,612.0,603.25,3905,2360354.3,734
2026-06-19,INE0PQK01013,FALCONTECH,SM,12.55,12.55,11.2,11.95,12.05,12.4,87600,1007940.0,57
2026-06-19,INE963C01033,FAZE3Q,EQ,581.9,611.6,567.1,597.5,599.8,582.5,51446,30963892.85,2011
2026-06-19,INE512B01022,FCSSOFT,BE,1.53,1.55,1.5,1.55,1.55,1.53,1656817,2525067.89,556
2026-06-19,INE258B01022,FDC,EQ,380.2,393.8,380.2,389.35,390.5,384.2,138399,53703777.5,5864
2026-06-19,INE007N01010,FEDFINA,EQ,156.59,158.69,153.41,154.57,155.0,159.78,1492072,231811486.62,15666
2026-06-19,INE417D01020,FEDDERSHOL,EQ,37.6,39.2,37.5,39.03,39.11,38.06,426775,16238751.87,1437
2026-06-19,INE171A01029,FEDERALBNK,EQ,320.0,324.9,319.05,323.95,324.0,320.45,7763307,2502024561.4,40406
2026-06-19,INE529A01010,FMGOETZE,EQ,441.45,462.15,441.45,454.05,455.2,441.45,57168,25785607.4,1682
2026-06-19,INE901X01013,FELIX,SM,182.5,182.8,173.0,180.05,180.0,179.35,173500,30706200.0,222
2026-06-19,INE225B01021,FERMENTA,EQ,318.8,339.9,318.8,337.2,337.75,318.8,65669,21857343.65,2446
2026-06-19,INE296C01020,FIBERWEB,EQ,29.46,30.46,28.92,29.46,29.45,29.46,24022,707717.05,203
2026-06-19,INE0LQQ01019,FIDEL,SM,155.05,157.45,150.15,151.1,150.15,157.0,10000,1540200.0,10
2026-06-19,INE737H01014,FIEMIND,EQ,2291.5,2300.0,2265.0,2286.7,2294.8,2289.5,33390,76265610.6,6058
2026-06-19,INE185E01021,FILATFASH,BE,0.22,0.22,0.2,0.2,0.21,0.21,23723036,4986465.44,2353
2026-06-19,INE816B01035,FILATEX,EQ,54.65,55.5,54.23,54.86,55.0,54.49,879144,48204640.23,4116
2026-06-19,INE0EDU01014,FINBUD,SM,123.55,123.55,121.4,122.1,121.6,123.55,13000,1593950.0,13
2026-06-19,INE686Y01026,FINEORG,EQ,5165.3,5393.9,5109.6,5285.8,5285.0,5150.9,49844,263583030.7,12919
2026-06-19,INE045J01034,FCL,EQ,43.49,44.55,42.71,43.52,43.4,43.45,9239961,405027322.4,19074
2026-06-19,INE734I01027,FINKURVE,EQ,72.09,72.09,68.03,68.68,68.94,70.24,84427,5928612.91,503
2026-06-19,INE02NC01014,FINOPB,EQ,158.62,161.72,154.69,156.21,156.3,157.27,837869,131657290.63,9983
2026-06-19,INE235A01022,FINCABLES,EQ,1157.0,1174.0,1135.5,1164.3,1169.9,1158.6,552245,639006918.5,27255
2026-06-19,INE183A01024,FINPIPE,EQ,176.81,176.81,174.05,175.58,175.98,177.21,978926,171786211.13,13983
2026-06-19,INE684F01012,FSL,EQ,237.9,245.9,233.15,244.7,244.9,240.0,1649089,397372535.5,27799
2026-06-19,INE771F01041,FISCHER,EQ,36.0,36.6,35.6,35.94,36.2,36.29,954607,34478013.64,2295
2026-06-19,INE128S01021,FIVESTAR,EQ,518.9,527.85,506.15,519.45,523.8,518.85,1590868,822673248.95,43615
2026-06-19,INE00Y201027,FLAIR,EQ,272.85,280.95,272.85,279.4,279.7,276.2,79412,22063713.0,1702
2026-06-19,INE060J01017,FLEXITUFF,BE,6.98,6.98,6.6,6.8,6.8,6.88,11002,73054.98,19
2026-06-19,INE0VCK01011,FLYSBS,SM,498.0,510.0,485.1,492.9,492.2,508.85,40600,20057800.0,172
2026-06-19,INE0SQZ01015,FWSTC,SM,189.95,192.0,189.9,191.0,191.0,190.0,54000,10300350.0,14
2026-06-19,INE0I7D01019,FOCE,SM,598.0,610.0,598.0,607.0,607.0,600.0,2160,1305120.0,5
2026-06-19,INE593W01028,FOCUS,EQ,92.11,93.94,91.38,92.21,91.4,92.84,111492,10312127.1,1581
2026-06-19,INE976E01023,FOODSIN,EQ,56.54,57.0,55.31,56.39,57.0,56.51,66227,3706021.82,576
2026-06-19,INE0U2501017,FORCAS,SM,96.55,96.55,95.55,96.0,96.0,99.85,8000,768240.0,5
2026-06-19,INE451A01017,FORCEMOT,EQ,18634.0,18848.0,18365.0,18637.0,18700.0,18662.0,91552,1701788752.0,23798
2026-06-19,INE061F01013,FORTIS,EQ,958.75,967.0,953.1,962.95,963.1,958.75,1190940,1144969803.85,44036
2026-06-19,INE519A01011,FOSECOIND,EQ,5191.9,5299.9,5150.2,5258.5,5295.0,5191.9,2410,12583013.1,809
2026-06-19,INE212S01015,FRACTAL,EQ,961.5,974.0,945.0,962.8,968.0,966.4,296567,285313037.4,15899
2026-06-19,INE0SFW01015,FRESHARA,SM,244.8,247.95,242.6,245.9,247.95,242.5,46200,11340570.0,56
2026-06-19,INE385O01018,FROG,ST,159.0,165.5,158.0,162.6,165.5,162.9,24000,3826020.0,50
2026-06-19,INE572D01014,FRONTSP,EQ,1497.4,1497.4,1376.0,1417.6,1434.0,1490.0,75248,107541477.8,7360
2026-06-19,INE388Y01029,NYKAA,EQ,299.2,303.7,298.55,302.3,302.4,298.1,13610176,4108046456.85,103591
2026-06-19,INE12UR01024,UTLSOLAR,BE,313.2,315.0,309.0,311.0,311.9,313.85,121954,38111342.85,1675
2026-06-19,INE139R01012,FUSION,EQ,176.79,181.5,176.11,179.26,180.0,176.81,601143,107321443.89,7206
2026-06-19,INE452O01016,FLFL,BZ,1.34,1.4,1.3,1.4,1.4,1.34,71630,98572.49,69
2026-06-19,INE623B01027,FEL,BZ,0.42,0.42,0.4,0.4,0.41,0.41,256851,103725.85,144
2026-06-19,IN9623B01058,FELDVR,BZ,2.64,2.64,2.53,2.53,2.53,2.52,2262,5864.32,13
2026-06-19,INE360L01017,FMNL,BE,10.85,10.85,10.25,10.41,10.3,10.46,32343,347309.82,97
2026-06-19,INE075D01018,GMBREW,EQ,922.35,933.7,913.3,920.35,919.0,922.35,23584,21766168.3,1858
2026-06-19,INE201P01022,GRINFRA,EQ,891.55,902.95,884.3,895.15,892.0,891.55,16735,14953546.65,2299
2026-06-19,INE586X01012,GTECJAINX,BE,24.19,24.19,24.19,24.19,24.19,25.46,7112,172039.28,37
2026-06-19,INE524A01029,GABRIEL,EQ,1145.0,1216.0,1132.1,1197.4,1210.0,1141.9,1368095,1620737036.6,62910
2026-06-19,INE224E01028,GATECH,EQ,0.52,0.53,0.51,0.51,0.52,0.51,5031877,2609049.24,795
2026-06-19,INE224E01036,GATECHDVR,EQ,0.47,0.48,0.46,0.47,0.48,0.47,386011,181206.99,147
2026-06-19,INE129A01019,GAIL,EQ,176.0,176.42,173.1,173.9,174.1,176.44,11093745,1931127150.31,35730
2026-06-19,INE0QTE01018,GAJANAND,SM,8.2,8.2,8.15,8.15,8.15,8.2,6000,49050.0,2
2026-06-19,INE0RE001014,GALAPREC,EQ,1026.1,1070.0,1012.0,1060.35,1064.0,1021.0,98089,103186949.0,7339
2026-06-19,INE09A801015,GML,SM,18.4,19.3,18.35,19.3,19.3,19.3,10000,185600.0,5
2026-06-19,INE600K01018,GALAXYSURF,EQ,1923.0,1975.0,1875.0,1945.4,1969.0,1913.6,39452,75666564.5,6882
2026-06-19,INE297H01019,GALLANTT,EQ,742.5,745.95,707.0,713.35,717.0,738.8,148145,106486505.25,7343
2026-06-19,INE717W01049,GANDHAR,EQ,174.29,184.5,172.02,180.26,181.05,174.11,3490988,631169068.16,30345
2026-06-19,INE524B01027,GANDHITUBE,EQ,851.5,854.7,848.0,852.3,851.0,851.5,2859,2435227.55,189
2026-06-19,INE388A01029,GANESHBE,EQ,104.85,110.34,104.11,106.98,106.86,105.23,502035,54007558.11,5584
2026-06-19,INE652V01016,GANESHCP,EQ,197.85,201.18,194.51,198.04,196.5,198.16,138689,27512345.36,1828
2026-06-19,INE0R8C01018,GGBL,SM,317.0,317.0,299.0,304.45,302.0,315.2,98700,29904465.0,275
2026-06-19,INE460C01014,GANESHHOU,EQ,761.85,789.85,751.1,769.0,767.4,766.5,65331,50443316.35,4176
2026-06-19,INE0TVT01024,GANESHIN,ST,97.95,107.4,97.95,106.0,106.0,103.1,175200,18198400.0,114
2026-06-19,INE845D01014,GANECOS,EQ,928.5,947.0,924.1,927.55,930.0,928.5,51571,48153744.6,4769
2026-06-19,INE0ZI101018,GANGABATH,SM,23.55,23.55,23.55,23.55,23.55,23.0,6000,141300.0,2
2026-06-19,INE691Z01023,GANGAFORGE,EQ,2.49,2.58,2.49,2.51,2.53,2.57,106682,269866.6,274
2026-06-19,INE335W01016,GANGESSECU,EQ,122.0,122.0,119.34,119.44,120.0,121.46,1119,134938.33,57
2026-06-19,INE382Z01011,GRSE,EQ,2810.0,2860.0,2775.0,2798.3,2799.0,2825.3,1347157,3796986200.7,69562
2026-06-19,INE0JVO01026,GARUDA,EQ,169.0,171.35,168.41,170.16,170.86,170.33,212914,36182188.96,3572
2026-06-19,INE291A01017,GRWRHITECH,EQ,6615.0,6836.5,6525.0,6785.5,6780.0,6575.0,105921,715358316.0,18204
2026-06-19,INE276A01018,GARFIBRES,EQ,698.75,818.65,695.0,796.4,791.0,697.6,4899596,3862866390.95,143468
2026-06-19,INE079J01017,GATEWAY,EQ,59.9,61.95,59.24,60.94,61.0,60.27,2265941,138613316.9,12985
2026-06-19,INE0P8B01020,GAUDIUMIVF,BE,108.72,108.72,108.72,108.72,108.72,106.59,23414,2545570.08,96
2026-06-19,INE287Z01012,GAYAHWS,EQ,2.21,2.27,2.18,2.23,2.24,2.22,158305,352341.88,247
2026-06-19,INE336H01023,GAYAPROJ,BE,24.01,24.49,23.5,23.52,24.01,24.73,406806,9644740.1,819
2026-06-19,INE878A01011,GVPIL,EQ,960.0,1052.55,960.0,1052.55,1052.55,1002.45,429266,442941121.05,11178
2026-06-19,INE200A01026,GVT&D,EQ,5229.5,5632.0,5229.5,5533.5,5485.0,5250.0,1247092,6803302876.5,91521
2026-06-19,INE916G01016,GEECEE,EQ,356.4,369.9,350.0,353.75,356.8,350.35,6777,2421037.7,290
2026-06-19,INE669X01032,GEEKAYWIRE,EQ,25.8,26.19,25.25,25.82,25.9,25.85,67953,1732742.76,390
2026-06-19,INE06XZ01023,GEMAROMA,EQ,175.3,181.28,174.2,177.51,176.75,175.29,121817,21634528.24,2001
2026-06-19,INE481Y01014,GICRE,EQ,358.45,373.0,356.85,368.7,370.0,357.1,8541234,3128294588.75,68533
2026-06-19,INE854S01022,GENCON,EQ,37.44,40.65,37.44,39.73,40.39,38.03,561041,21575434.83,1946
2026-06-19,INE727B01026,GENESYS,EQ,348.15,360.0,343.0,350.75,352.5,349.9,383654,135567061.3,8896
2026-06-19,INE949P01018,GENUSPAPER,EQ,12.34,13.1,12.2,12.68,12.63,12.34,133905,1707768.02,515
2026-06-19,INE955D01029,GENUSPOWER,EQ,325.5,329.5,320.55,324.7,324.9,325.5,592647,192484638.85,13579
2026-06-19,INE1W0N01014,GENXAI,ST,89.0,90.9,86.3,88.7,88.45,90.75,105600,9321660.0,79
2026-06-19,INE007B01023,GEOJITFSL,EQ,77.69,78.99,77.2,78.35,78.23,77.69,315691,24731346.86,2454
2026-06-19,INE538A01037,GFLLIMITED,EQ,47.78,47.89,46.42,46.95,46.8,47.8,57571,2718928.69,776
2026-06-19,INE539A01019,GHCL,EQ,438.0,439.8,433.65,435.4,436.15,439.55,392251,170951544.6,6946
2026-06-19,INE0PA801013,GHCLTEXTIL,EQ,95.02,96.0,92.92,95.33,94.6,95.02,390428,36992503.1,3592
2026-06-19,INE289B01019,GICHSGFIN,EQ,163.0,165.45,162.0,163.71,163.55,162.38,330664,54151727.59,3154
2026-06-19,INE047B01011,GILLANDERS,EQ,89.5,90.99,87.7,88.99,88.99,90.09,3598,319660.5,62
2026-06-19,INE322A01010,GILLETTE,EQ,7820.0,7915.0,7770.0,7828.5,7830.0,7840.0,19359,151754311.0,4234
2026-06-19,INE424C01010,GINNIFILA,EQ,44.01,44.7,43.7,44.0,43.7,43.99,81483,3597204.35,582
2026-06-19,INE614Z01017,GIRIRAJ,SM,130.0,137.6,130.0,136.1,136.2,125.1,10000,1340712.5,40
2026-06-19,INE1AG301022,GKENERGY,EQ,149.5,153.0,147.01,151.24,151.8,149.7,692890,104360330.79,8827
2026-06-19,INE528A01020,GKWLIMITED,EQ,1875.0,1875.0,1836.0,1839.8,1840.0,1849.7,217,401288.4,34
2026-06-19,INE068V01023,GLAND,EQ,2209.0,2229.5,2185.0,2199.0,2197.6,2202.2,287608,632550175.4,27899
2026-06-19,INE159A01016,GLAXO,EQ,2260.0,2350.0,2237.6,2332.0,2345.0,2266.2,251981,582829101.9,22810
2026-06-19,INE935A01035,GLENMARK,EQ,2154.0,2221.6,2145.1,2213.6,2204.9,2154.0,954063,2097174159.2,48849
2026-06-19,INE291W01037,GLOBAL,EQ,111.0,111.13,105.3,107.37,108.48,111.38,84729,9103858.58,1395
2026-06-19,INE474Q01031,MEDANTA,EQ,1258.2,1281.0,1255.1,1265.8,1260.5,1258.2,161667,205284872.3,14442
2026-06-19,INE0PS501019,GLOBALPET,ST,145.0,145.0,145.0,145.0,145.0,147.05,1500,217500.0,2
2026-06-19,INE0JSX01015,GSLSU,EQ,50.05,50.88,46.31,46.82,46.9,50.53,376096,18155166.96,3589
2026-06-19,INE792H01019,GLOBALVECT,EQ,165.5,165.5,157.15,161.12,161.45,163.36,3881,626746.37,279
2026-06-19,INE0URU01010,GLOBALE,BE,12.0,12.43,11.67,12.37,12.37,12.0,1923,23710.63,22
2026-06-19,INE0V3U01015,GLOBECIVIL,BE,45.1,45.45,44.2,44.32,44.5,45.1,13242,590846.8,102
2026-06-19,INE581X01021,GLOBE,EQ,2.27,2.29,2.26,2.28,2.29,2.26,114902,261853.8,170
2026-06-19,INE947T01022,GICL,EQ,23.35,23.35,22.26,22.6,22.62,22.94,111385,2517699.76,490
2026-06-19,INE615I01010,GLOBUSSPR,EQ,894.0,898.05,882.1,889.6,892.0,890.9,58159,51804371.1,3044
2026-06-19,INE350Z01018,GLOSTERLTD,EQ,699.05,700.0,691.0,699.2,699.95,692.5,10969,7647704.05,444
2026-06-19,INE0TQE01026,GLOTTIS,BE,67.0,68.0,65.16,67.12,67.1,68.06,30869,2067408.16,346
2026-06-19,INE541A01023,GMMPFAUDLR,EQ,809.55,817.8,802.1,809.65,810.95,809.55,52245,42375149.25,4166
2026-06-19,INE776C01039,GMRAIRPORT,EQ,110.32,110.32,108.21,108.83,108.5,110.55,23639680,2576558289.23,44804
2026-06-19,INE0CU601026,GMRP&UI,EQ,101.7,102.41,100.1,100.51,100.81,101.77,1954972,197706390.93,15552
2026-06-19,INE934S01014,GNA,EQ,413.0,456.0,408.0,413.15,412.0,412.85,4186116,1817870945.9,83410
2026-06-19,INE18JU01028,EBGNG,EQ,469.95,501.95,469.9,501.95,501.95,456.35,1709557,849240488.15,15963
2026-06-19,INE03JT01014,GODIGIT,EQ,300.0,308.95,296.5,305.95,308.5,301.25,657351,199979242.9,17278
2026-06-19,INE0BJS01011,GOCOLORS,EQ,359.7,369.25,351.15,354.1,355.0,357.95,380717,136312092.05,7135
2026-06-19,INE426D01013,GOACARBON,EQ,425.0,425.0,414.55,417.9,414.55,420.6,15827,6625731.4,1021
2026-06-19,INE077F01035,GOCLCORP,EQ,429.0,449.0,425.25,437.5,433.6,424.95,394379,173406240.2,9928
2026-06-19,INE497S01012,GODAVARIB,EQ,295.0,299.7,288.05,294.05,294.9,293.95,79366,23273277.3,2511
2026-06-19,INE177H01039,GPIL,EQ,270.0,271.0,267.05,269.1,269.0,270.55,1150424,309644079.6,14614
2026-06-19,INE260B01028,GODFRYPHLP,EQ,2265.0,2299.0,2236.0,2271.0,2290.0,2271.2,324125,732395684.5,17495
2026-06-19,INE850D01014,GODREJAGRO,EQ,576.5,579.05,572.7,574.95,575.5,576.2,61251,35243904.15,4668
2026-06-19,INE102D01028,GODREJCP,EQ,1009.6,1014.6,994.7,1000.6,1003.0,1009.2,1412000,1414494847.0,32078
2026-06-19,INE233A01035,GODREJIND,EQ,1116.7,1145.0,1086.6,1112.4,1107.7,1111.2,285533,318582885.3,22300
2026-06-19,INE484J01027,GODREJPROP,EQ,1798.0,1800.6,1778.1,1795.9,1799.9,1810.2,462447,828137559.1,25742
2026-06-19,IN0020240191,679GS2031,GS,102.0,102.0,102.0,102.0,102.0,104.0,200,20400.0,1
2026-06-19,IN0020240100,697GR2034,GS,97.46,97.46,97.46,97.46,97.46,97.46,115,11207.9,1
2026-06-19,IN0020240142,709GS2074,GS,94.47,94.9,94.02,94.46,94.49,94.48,11404,1076725.78,34
2026-06-19,IN0020250125,603GS2029,GS,101.5,101.5,101.5,101.5,101.5,101.9,1,101.5,1
2026-06-19,IN0020210095,610GS2031,GS,105.0,105.0,105.0,105.0,105.0,105.0,1,105.0,1
2026-06-19,IN0020250026,633GS2035,GS,97.0,101.5,97.0,101.5,101.5,102.0,130,12745.0,3
2026-06-19,IN0020250141,636GS2031,GS,99.55,99.61,99.36,99.61,99.61,99.6,601,59861.92,7
2026-06-19,IN0020250091,648GS2035,GS,99.0,100.0,98.5,100.0,100.0,102.0,200,19862.5,3
2026-06-19,IN0020200252,667GS2050,GS,93.45,93.45,93.45,93.45,93.45,92.45,5,467.25,1
2026-06-19,IN0020250042,668GS2040,GS,99.0,99.5,98.0,98.01,98.01,98.5,15975,1576761.95,16
2026-06-19,IN0020200401,676GS2061,GS,91.8,91.8,91.5,91.79,91.79,91.6,1295,118702.76,16
2026-06-19,IN0020240126,679GS2034,GS,99.25,99.25,99.25,99.25,99.25,100.25,100,9925.0,2
2026-06-19,IN0020250018,690GS2065,GS,92.01,93.05,92.01,92.99,92.99,92.59,1394,129590.22,5
2026-06-19,IN0020260025,694GS2036,GS,99.31,100.25,99.31,100.25,100.25,101.0,300,29909.0,4
2026-06-19,IN0020210194,699GS2051,GS,97.05,97.05,94.11,95.13,95.29,95.6,2870,272818.57,7
2026-06-19,IN0020240050,704GS2029,GS,101.0,101.0,101.0,101.0,101.0,101.5,500,50500.0,2
2026-06-19,IN0020240118,709GS2054,GS,97.9,97.9,97.27,97.43,97.35,98.0,9537,927716.59,4
2026-06-19,IN0020230036,717GS2030,GS,101.7,101.7,101.7,101.7,101.7,101.58,1,101.7,1
2026-06-19,IN0020230077,718GS2037,GS,104.5,104.5,104.0,104.0,104.0,104.49,93332,9742794.0,10
2026-06-19,IN0020250075,724GS2055,GS,99.25,100.25,99.25,99.78,99.75,99.42,28776,2869937.06,30
2026-06-19,IN0020230044,725GS2063,GS,96.99,96.99,95.86,96.15,96.15,95.89,356155,34257752.73,149
2026-06-19,IN0020230051,73GS2053,GS,98.5,98.5,98.25,98.5,98.5,98.49,1840,181239.75,9
2026-06-19,IN0020240035,734GS2064,GS,98.24,98.25,97.7,98.23,98.23,98.25,81822,8029796.49,50
2026-06-19,IN0020230101,737GS2028,GS,102.6,102.9,102.6,102.89,102.9,103.0,3050,313830.0,6
2026-06-19,IN0020220094,74GS2062,GS,100.0,102.0,100.0,101.98,101.99,99.99,2787,279231.55,15
2026-06-19,IN0020220102,741GS2036,GS,103.6,103.99,103.2,103.9,103.9,103.62,7700,795079.0,8
2026-06-19,IN0020250117,743GS2076,GS,101.0,101.9,100.9,101.29,101.9,100.89,349,35286.1,6
2026-06-19,IN0020230127,746GS2073,GS,99.95,100.0,98.5,99.62,99.84,99.7,3706,367750.9,10
2026-06-19,IN0020260017,750GS2056,GS,99.3,99.3,99.3,99.3,99.3,99.3,300,29790.0,1
2026-06-19,IN0020220029,754GS2036,GS,105.25,105.67,105.25,105.52,105.5,105.36,600952,63423588.94,139
2026-06-19,IN0020260033,771GS2066,GS,102.9,102.9,102.9,102.9,102.9,102.5,200,20580.0,2
2026-06-19,IN0020010081,1018GS2026,GS,102.37,104.0,102.37,103.2,103.2,105.0,3630,372190.0,9
2026-06-19,IN0020190362,645GS2029,GS,99.51,99.51,99.51,99.51,99.51,99.75,1,99.51,1
2026-06-19,IN0020220011,710GS2029,GS,102.5,102.56,102.5,102.56,102.56,102.5,1200,123012.0,2
2026-06-19,IN0020170174,717GS2028,GS,104.1,104.1,104.1,104.1,104.1,104.0,10,1041.0,1
2026-06-19,IN0020220037,738GS2027,GS,103.9,104.1,101.93,102.56,102.8,105.3,91582,9369774.44,48
2026-06-19,IN0020190024,762GS2039,GS,103.51,107.0,103.51,107.0,107.0,103.5,2000,210510.0,2
2026-06-19,IN0020190057,763GS2059,GS,101.4,101.4,101.4,101.4,101.4,105.5,230,23322.0,2
2026-06-19,IN0020110055,897GS2030,GS,111.0,111.0,111.0,111.0,111.0,110.0,700,77700.0,3
2026-06-19,IN0020130053,92GS2030,GS,114.77,114.77,111.01,111.99,111.99,111.98,6942,779892.79,7
2026-06-19,IN002026Y105,182D101226,TB,96.39,97.0,96.39,97.0,97.0,97.31,400,38678.0,2
2026-06-19,IN002025Y412,182D170726,TB,98.84,99.25,98.84,99.25,99.25,98.75,200,19809.0,2
2026-06-19,IN002025Z146,364D020726,TB,99.13,99.13,99.13,99.13,99.13,97.95,500,49565.0,1
2026-06-19,IN002025Z328,364D061126,TB,97.5,97.5,97.5,97.5,97.5,97.1,500,48750.0,1
2026-06-19,IN002025Z294,364D151026,TB,98.36,98.36,98.36,98.36,98.36,98.3,1900,186884.0,1
2026-06-19,IN002025Z385,364D171226,TB,97.39,97.39,97.39,97.39,97.39,96.26,5000,486950.0,1
2026-06-19,IN002025Z393,364D251226,TB,97.27,97.27,97.27,97.27,97.27,96.13,4000,389080.0,1
2026-06-19,IN002026X057,91D060826,TB,99.08,99.08,99.08,99.08,99.08,99.01,300,29724.0,3
2026-06-19,IN002026X065,91D130826,TB,98.96,98.96,98.95,98.95,98.95,98.55,400,39581.0,4
2026-06-19,IN002026X073,91D200826,TB,98.82,98.82,98.82,98.82,98.82,98.63,300,29646.0,3
2026-06-19,IN002026X040,91D300726,TB,99.21,99.21,99.21,99.21,99.21,99.18,300,29763.0,3
2026-06-19,INE887G01027,GOKEX,EQ,777.95,825.0,765.15,818.7,817.5,784.1,3078701,2487438498.35,80221
2026-06-19,INE314T01033,GOKULAGRO,EQ,223.68,227.09,220.32,221.77,223.46,225.67,311979,69652208.73,7311
2026-06-19,INE020J01029,GOKUL,EQ,41.45,42.4,41.21,41.67,41.4,41.34,162134,6768616.62,953
2026-06-19,INE973A01010,GOLDENTOBC,BZ,26.2,26.2,25.06,25.12,25.12,25.17,425,10909.36,24
2026-06-19,INE025B01025,GOLDIAM,EQ,472.55,487.2,470.35,474.6,474.7,479.7,559318,267449316.0,12492
2026-06-19,INE405Y01021,GOLDSTAR,SM,7.85,7.85,7.85,7.85,7.85,7.95,22500,176625.0,2
2026-06-19,INE127I01024,GOODLUCK,EQ,1345.3,1450.0,1333.0,1423.4,1429.5,1354.8,571773,808501912.5,23987
2026-06-19,INE533A01012,GOODYEAR,EQ,754.55,756.95,745.65,749.05,751.5,753.15,3525,2645274.3,360
2026-06-19,INE0L9R01028,GOPAL,EQ,280.65,288.4,279.1,283.8,284.6,281.85,119404,33932002.3,2896
2026-06-19,INE705X01026,GOYALALUM,EQ,7.0,7.19,7.0,7.03,7.02,7.07,45983,325896.68,438
2026-06-19,INE0QFE01017,GOYALSALT,SM,114.0,118.0,114.0,118.0,118.0,116.9,7800,892200.0,9
2026-06-19,INE0S7E01015,GPECO,ST,438.15,448.9,432.0,443.5,438.05,438.15,11600,5121920.0,46
2026-06-19,INE586G01017,GULFPETRO,BE,40.0,41.25,39.64,39.88,40.25,40.5,25034,1015174.81,127
2026-06-19,INE486R01017,GPTHEALTH,EQ,146.9,149.69,146.55,147.82,148.0,146.76,88633,13121145.18,1606
2026-06-19,INE390G01014,GPTINFRA,EQ,122.3,123.88,120.01,121.39,121.0,122.35,248348,30354522.49,3213
2026-06-19,INE361K01017,GRADIENTE,EQ,2.45,2.46,2.4,2.46,2.46,2.35,239766,588609.93,102
2026-06-19,INE12E301017,GCHOTELS,SM,125.0,128.0,123.0,127.0,127.0,125.7,11400,1433160.0,18
2026-06-19,INE926B01016,GRANDOAK,EQ,50.3,50.59,50.03,50.59,50.59,48.19,30695,1549321.87,114
2026-06-19,INE101D01020,GRANULES,EQ,778.2,795.6,771.35,786.9,789.9,782.1,1781812,1403816109.0,43408
2026-06-19,INE371A01025,GRAPHITE,EQ,648.1,649.5,633.7,639.55,640.0,649.05,420335,269459730.65,14987
2026-06-19,INE047A01021,GRASIM,EQ,3135.1,3167.0,3130.0,3149.5,3158.0,3145.1,534084,1680645976.4,30036
2026-06-19,INE266D01021,GRAUWEIL,EQ,74.5,76.99,74.5,76.39,76.19,75.25,234951,17852814.66,4134
2026-06-19,INE214F01026,GRAVISSHO,EQ,29.0,29.74,29.0,29.24,29.4,29.31,8462,249324.77,16
2026-06-19,INE024L01027,GRAVITA,EQ,1726.4,1748.5,1700.0,1721.6,1732.0,1726.4,203137,350532661.2,16547
2026-06-19,INE224A01026,GREAVESCOT,EQ,191.99,201.0,190.12,198.54,198.3,192.04,2770897,548260798.23,24482
2026-06-19,INE0O7P01015,GREENCHEF,SM,50.55,50.55,50.55,50.55,50.55,50.5,1600,80880.0,2
2026-06-19,INE544R01021,GREENLAM,EQ,255.0,257.63,247.0,252.25,254.39,255.55,123223,30963691.17,4264
2026-06-19,INE0PLX01017,GREENLEAF,SM,70.35,73.85,69.1,73.85,73.85,70.35,41000,2980250.0,38
2026-06-19,INE08ZM01014,GREENPANEL,EQ,191.6,191.6,186.8,188.86,189.0,189.84,129296,24461132.99,3034
2026-06-19,INE461C01038,GREENPLY,EQ,290.0,295.79,289.04,291.67,290.89,292.21,83223,24356742.13,2555
2026-06-19,INE199P01028,GCSL,EQ,435.5,442.4,431.3,439.2,439.75,435.25,498036,217130733.7,7654
2026-06-19,INE0PC901019,BIRDYS,ST,96.2,96.2,95.8,95.8,95.8,100.8,2400,230400.0,2
2026-06-19,INE536A01023,GRINDWELL,EQ,2109.0,2150.0,2087.0,2136.8,2142.0,2105.5,48173,102105978.7,10964
2026-06-19,INE192H01020,GRMOVER,EQ,92.8,96.5,92.67,93.31,93.89,93.27,2032539,191569397.18,12035
2026-06-19,INE1TY801010,GJL,ST,162.0,170.15,162.0,170.15,170.15,162.05,12000,2026840.0,13
2026-06-19,INF666M01MM4,GROWWCAPM,EQ,11.8,11.8,11.59,11.7,11.78,11.65,450746,5264196.21,764
2026-06-19,INF666M01NP5,GROWWCHEM,EQ,29.87,29.95,29.41,29.78,29.86,29.89,67724,2013956.81,310
2026-06-19,INF666M01IO8,GROWWDEFNC,EQ,94.85,96.1,94.15,95.96,96.0,94.86,338155,32376019.38,4131
2026-06-19,INF666M01IH2,GROWWEV,EQ,30.58,31.46,30.51,31.41,31.4,31.2,347480,10852519.89,1717
2026-06-19,INF666M01OE7,GROWWGOLD,EQ,14.1,14.24,13.98,14.15,14.24,14.41,4092314,57646983.05,4921
2026-06-19,INF666M01OD9,GROWWHOSPI,EQ,52.99,52.99,52.2,52.78,52.8,52.3,187206,9834183.08,1286
2026-06-19,INF666M01IP5,GROWWLIQID,EQ,109.52,109.58,109.16,109.57,109.58,109.52,195417,21411758.88,263
2026-06-19,INF666M01LB9,GROWWLOVOL,EQ,10.39,10.39,10.16,10.26,10.27,10.26,16175,166278.66,117
2026-06-19,INF666M01MV5,GROWWMC150,EQ,229.8,231.0,226.52,229.2,230.0,229.83,654,149800.83,67
2026-06-19,INF666M01NI0,GROWWMETAL,EQ,12.3,12.5,12.15,12.36,12.32,12.33,629398,7769114.18,1556
2026-06-19,INF666M01KJ4,GROWWMOM50,EQ,10.66,10.93,10.66,10.84,10.87,10.88,1764780,19200025.25,648
2026-06-19,INF666M01JV1,GROWWN200,EQ,11.37,11.37,11.13,11.26,11.3,11.34,48305,545165.42,278
2026-06-19,INF666M01LI4,GROWWNET,EQ,9.34,9.34,9.05,9.29,9.33,9.29,500687,4632499.07,650
2026-06-19,INF666M01LL8,GROWWNIFTY,EQ,9.94,9.94,9.61,9.67,9.69,9.7,608433,5881818.6,2291
2026-06-19,INF666M01LZ8,GROWWNXT50,EQ,72.48,72.48,71.6,72.14,72.28,72.14,40075,2873214.55,109
2026-06-19,INF666M01LM6,GROWWPOWER,EQ,12.3,12.5,12.22,12.46,12.45,12.37,3847464,47901666.29,4119
2026-06-19,INF666M01NQ3,GROWWPSE,EQ,103.2,103.5,101.26,102.43,101.56,102.46,18424,1878558.14,52
2026-06-19,INF666M01OG2,GROWWPSUBK,EQ,88.68,88.68,86.52,87.48,87.66,88.07,8482,742728.32,194
2026-06-19,INF666M01JJ6,GROWWRAIL,EQ,30.28,30.28,29.97,30.05,30.11,30.28,837238,25218913.9,2051
2026-06-19,INF666M01MN2,GROWWRLTY,EQ,9.25,9.25,8.99,9.1,9.15,9.15,146630,1331929.86,496
2026-06-19,INF666M01MO0,GROWWSC250,EQ,9.88,10.2,9.88,10.18,10.2,10.14,311951,3165250.91,532
2026-06-19,INF666M01OF4,GROWWSLVR,EQ,22.42,22.79,22.11,22.67,22.69,23.56,8891738,199091653.94,7861
2026-06-19,INF666M01OT5,PVTBKGROWW,EQ,27.52,28.7,27.52,27.94,28.04,28.08,60150,1685597.6,182
2026-06-19,INF666M01PG9,SMALLGROWW,EQ,46.95,47.0,46.0,46.67,47.0,46.44,18873,874235.48,279
2026-06-19,INE137I01015,GRPLTD,EQ,1908.4,1926.6,1870.1,1905.0,1897.5,1900.4,1382,2624897.6,252
2026-06-19,INE0SQY01018,GSMFOILS,SM,218.05,219.5,213.0,218.95,219.0,218.05,34500,7442175.0,56
2026-06-19,INE713R01022,GSPCROP,EQ,433.6,446.4,433.6,436.85,437.5,444.95,183595,80834512.0,3690
2026-06-19,INE871H01011,GSS,BE,13.4,13.4,12.66,13.01,13.1,13.03,11981,154887.32,69
2026-06-19,INE221H01019,GTLINFRA,EQ,1.53,1.56,1.51,1.52,1.53,1.53,56527766,86245038.11,21940
2026-06-19,INE043A01012,GTL,EQ,8.15,8.34,8.15,8.2,8.22,8.2,375249,3078722.19,789
2026-06-19,INE869I01013,GTPL,EQ,64.88,69.0,62.93,64.27,64.01,63.61,308869,20273005.2,3022
2026-06-19,INE742B01025,GUFICBIO,EQ,357.65,361.35,352.7,355.25,354.05,357.65,70549,25074641.85,2175
2026-06-19,INE162A01010,GIPCL,EQ,162.51,163.5,159.68,161.35,160.2,161.62,208462,33608178.36,4180
2026-06-19,INE113A01013,GNFC,EQ,559.8,580.75,559.35,567.65,569.95,562.6,812906,464119058.85,33780
2026-06-19,INE026A01025,GSFC,EQ,165.0,169.25,165.0,165.44,166.48,166.62,867578,144774351.21,9585
2026-06-19,INE826C01016,GUJAPOLLO,EQ,372.85,382.5,359.8,374.95,377.0,377.25,16536,6155840.2,680
2026-06-19,INE186A01019,GUJALKALI,EQ,638.35,644.0,632.8,638.65,636.0,638.35,26232,16795567.25,1294
2026-06-19,INE036B01030,GAEL,EQ,158.78,160.5,156.75,159.98,160.5,158.78,546603,87065036.96,8622
2026-06-19,INE09N301011,FLUOROCHEM,EQ,3837.5,3920.0,3801.0,3839.9,3890.0,3837.5,185370,715046481.6,21880
2026-06-19,INE844O01030,GUJGASLTD,EQ,397.1,397.1,385.05,388.45,388.9,399.7,1127745,437935148.6,26266
2026-06-19,INE0V0W01025,GKSL,EQ,128.2,129.58,127.0,128.42,128.3,128.2,84330,10821171.86,1519
2026-06-19,INE540A01017,GLFL,BE,7.48,7.48,6.85,7.15,7.15,7.14,14935,109839.8,55
2026-06-19,INE131A01031,GMDCLTD,EQ,615.0,619.8,610.55,612.9,612.8,619.05,792372,486667283.35,15371
2026-06-19,INE207H01018,GNRL,EQ,86.76,86.76,85.25,85.55,85.25,86.66,64164,5509752.95,696
2026-06-19,INE517F01014,GPPL,EQ,156.0,156.05,152.6,153.08,153.2,154.97,3430275,527803420.06,14952
2026-06-19,INE610B01024,GUJRAFFIA,EQ,42.7,42.75,40.3,42.6,42.74,40.72,10219,431969.03,67
2026-06-19,INE942C01045,GUJTHEM,EQ,373.5,389.45,372.0,383.55,384.0,372.55,165511,63178692.65,4624
2026-06-19,INE635Q01029,GULFOILLUB,EQ,1028.15,1035.0,1012.3,1026.8,1029.95,1031.4,67768,69440744.25,7064
2026-06-19,INE255D01024,GULPOLY,EQ,209.85,212.85,207.54,209.47,209.94,208.6,154103,32435843.23,3204
2026-06-19,INE251H01024,GVKPIL,BE,2.79,2.82,2.74,2.81,2.82,2.77,928860,2591031.3,1056
2026-06-19,INE382T01030,GVPTECH,EQ,6.74,6.96,6.61,6.84,6.88,6.61,115799,793294.14,391
2026-06-19,IN9382T01012,GVPTECHPP,E1,2.13,2.37,1.7,1.91,2.04,2.12,131030,244400.15,153
2026-06-19,INE640B01021,HBESD,EQ,77.6,77.6,72.16,75.64,75.5,76.96,1119,83298.29,45
2026-06-19,INE926X01010,HGINFRA,EQ,579.1,586.6,571.45,582.85,584.0,579.05,123440,71659983.25,7939
2026-06-19,INE115S01010,HALDER,EQ,241.84,243.5,234.0,238.16,234.0,240.57,25436,6150826.77,129
2026-06-19,INE506D01020,HALDYNGL,EQ,123.0,132.0,123.0,130.35,131.0,123.34,362033,46722111.86,4753
2026-06-19,INE320X01016,HALEOSLABS,EQ,1466.1,1475.0,1380.1,1410.2,1385.5,1448.5,2512,3561394.6,111
2026-06-19,INE596H01014,HGM,EQ,53.0,53.79,52.01,52.63,52.9,53.17,3415,179969.69,62
2026-06-19,INE419U01012,HAPPSTMNDS,EQ,343.7,348.1,340.2,345.35,346.5,350.85,1002606,345441894.55,25087
2026-06-19,INE330T01021,HAPPYFORGE,EQ,1440.0,1486.0,1440.0,1465.0,1465.0,1453.9,813443,1191172090.7,12526
2026-06-19,INE0TLP01015,WHITEFORCE,ST,46.9,46.9,46.9,46.9,46.9,44.7,4800,225120.0,3
2026-06-19,INE626Z01029,HARDWYN,EQ,25.78,26.0,25.0,25.19,25.11,25.84,3255262,82852570.29,3477
2026-06-19,INE00EV01017,HARIOMPIPE,EQ,410.45,418.45,405.6,415.2,414.05,412.4,221852,91618283.5,5573
2026-06-19,INE544A01019,HARRMALAYA,EQ,209.5,213.98,206.62,209.52,210.5,209.64,6371,1339041.75,304
2026-06-19,INE0JUS01029,HARSHA,EQ,433.1,438.3,428.9,431.05,431.3,434.25,131803,57009549.35,3957
2026-06-19,INE982F01036,HATHWAY,EQ,11.87,12.89,11.6,12.18,12.16,11.6,32958142,408288732.57,36741
2026-06-19,INE473B01035,HATSUN,EQ,924.35,924.35,912.7,920.75,920.1,924.35,23311,21435201.7,1454
2026-06-19,INE176B01034,HAVELLS,EQ,1194.4,1194.4,1168.2,1176.3,1179.8,1194.4,681280,802970754.4,27552
2026-06-19,INE979B01015,HAWKINCOOK,EQ,7818.5,7818.5,7651.0,7762.0,7745.0,7797.5,707,5476295.0,358
2026-06-19,INE550B01022,HBSL,BE,54.0,55.35,53.0,54.02,54.01,53.97,3225,173220.17,49
2026-06-19,INE292B01021,HBLENGINE,EQ,801.0,832.5,798.7,815.5,815.95,804.4,2138130,1750729112.45,52878
2026-06-19,INE236A01020,HCL-INSYS,EQ,12.54,12.54,12.05,12.37,12.4,12.54,304800,3758825.94,994
2026-06-19,INE860A01027,HCLTECH,EQ,1110.0,1136.0,1091.4,1131.7,1135.9,1161.8,10014063,11200126630.8,191632
2026-06-19,INE756I01012,HDBFS,EQ,696.05,733.0,685.75,717.4,719.7,695.45,5185606,3707201607.7,109286
2026-06-19,INE127D01025,HDFCAMC,EQ,2720.1,2729.9,2685.6,2719.0,2717.9,2728.2,430133,1165832983.7,24917
2026-06-19,INE040A01034,HDFCBANK,EQ,788.7,789.05,776.2,779.8,781.0,799.0,33798761,26389948086.3,342920
2026-06-19,INF179KC1981,HDFCGOLD,EQ,123.74,124.47,122.29,123.79,123.75,126.09,6302699,776431123.37,25290
2026-06-19,INE795G01014,HDFCLIFE,EQ,586.0,593.8,584.3,591.85,593.8,591.3,2678289,1576819296.4,39843
2026-06-19,INF179KC1EZ4,HDFCBSE500,EQ,37.7,37.7,36.78,37.15,37.22,37.32,119300,4427266.88,236
2026-06-19,INF179KC1DJ0,HDFCGROWTH,EQ,114.07,114.07,110.8,112.06,111.95,113.51,20615,2295747.02,388
2026-06-19,INF179KC1JG3,HDFCLIQUID,EQ,1065.85,1065.87,1065.85,1065.87,1065.87,1065.43,5830,6213993.92,30
2026-06-19,INF179KC1HU8,HDFCLOWVOL,EQ,20.33,20.33,20.13,20.29,20.2,20.27,1554,31419.01,59
2026-06-19,INF179KC1HT0,HDFCMID150,EQ,23.1,23.29,22.75,23.25,23.24,23.25,577094,13382152.66,1349
2026-06-19,INF179KC1HV6,HDFCMOMENT,EQ,31.5,31.54,31.22,31.45,31.25,31.5,245112,7702110.13,600
2026-06-19,INF179KC1HS2,HDFCNEXT50,EQ,75.08,75.08,73.39,73.91,73.9,74.18,389848,28798800.79,1144
2026-06-19,INF179KC1HR4,HDFCNIF100,EQ,25.86,25.96,25.79,25.88,25.96,26.0,82543,2135165.18,238
2026-06-19,INF179KC1HY0,HDFCNIFBAN,EQ,58.21,59.45,58.21,59.35,59.21,59.4,397551,23551404.87,518
2026-06-19,INF179KC1IA8,HDFCNIFIT,EQ,29.99,29.99,28.52,29.28,29.36,30.48,1059203,30486641.36,2170
2026-06-19,INF179KC1965,HDFCNIFTY,EQ,274.0,274.0,269.04,270.17,270.25,271.04,75361,20313989.97,902
2026-06-19,INF179KC1HZ7,HDFCPVTBAN,EQ,28.41,28.6,28.31,28.47,28.6,28.42,43575,1239073.18,287
2026-06-19,INF179KC1DL6,HDFCQUAL,EQ,56.85,57.63,56.58,56.89,57.63,57.48,6174,350738.89,138
2026-06-19,INF179KC1HX2,HDFCSENSEX,EQ,86.88,87.12,86.45,86.85,86.94,87.3,141579,12282012.48,1293
2026-06-19,INF179KC1DI2,HDFCSILVER,EQ,225.4,225.4,215.58,221.35,221.14,229.89,9386243,2050460267.62,43458
2026-06-19,INF179KC1FB2,HDFCSML250,EQ,177.47,180.0,176.21,178.63,179.27,177.47,2052034,365154411.69,10247
2026-06-19,INF179KC1DK8,HDFCVALUE,EQ,126.85,127.32,126.36,126.75,126.82,128.32,10697,1354175.49,125
2026-06-19,INF179KC1HW4,HDFCPSUBK,EQ,88.62,88.68,87.61,88.18,88.0,88.62,8757,772071.23,186
2026-06-19,INE759V01019,HEADSUP,EQ,7.33,7.55,7.11,7.23,7.24,7.33,16659,120271.6,217
2026-06-19,INE019J01013,HEALTHX,EQ,318.0,318.9,315.0,316.2,318.0,317.65,2653,838178.55,100
2026-06-19,INE075I01017,HCG,EQ,614.75,620.1,607.4,610.95,610.0,614.75,240499,147871530.85,14882
2026-06-19,INE558R01013,HECPROJECT,EQ,124.35,127.39,123.0,124.23,125.0,124.35,7623,954748.29,273
2026-06-19,INE545A01024,HEG,EQ,538.0,538.05,529.0,531.85,534.95,538.65,349176,185711335.65,11710
2026-06-19,INE578A01017,HEIDELBERG,EQ,150.05,153.49,149.71,152.78,152.9,150.01,270125,40738041.45,2488
2026-06-19,INE0AJG01018,HEMIPROP,EQ,138.77,140.36,137.56,139.55,139.99,138.77,285188,39710928.07,3172
2026-06-19,INE694N01015,HERANBA,EQ,187.0,191.59,187.0,188.35,189.59,188.59,37804,7143957.53,1209
2026-06-19,INE978A01027,HERITGFOOD,EQ,330.2,334.6,326.85,330.0,331.5,328.7,229960,76098328.85,5714
2026-06-19,INE158A01026,HEROMOTOCO,EQ,5009.7,5018.4,4932.2,4974.9,4984.9,5021.6,461353,2293321126.3,49631
2026-06-19,INE782E01017,HESTERBIO,EQ,2058.7,2108.4,2016.3,2076.4,2086.7,2058.7,11530,23800451.0,1872
2026-06-19,INE750M01017,HEXATRADEX,EQ,163.85,165.01,162.0,162.5,162.5,163.89,3087,504665.69,87
2026-06-19,INE0JUI01012,HEXAGON,BE,51.1,53.0,50.5,52.6,52.79,50.93,1306148,68180904.62,2803
2026-06-19,INE093A01041,HEXT,EQ,489.65,504.45,472.0,499.6,499.5,493.0,922512,450488478.6,40595
2026-06-19,INE548A01028,HFCL,EQ,206.99,209.61,204.01,209.61,209.61,199.63,26062936,5450164174.06,35746
2026-06-19,INE0PIC01017,HIGREEN,SM,157.05,160.85,148.0,149.15,151.8,154.75,28000,4288840.0,32
2026-06-19,INE106T01025,HITECH,EQ,90.67,94.1,90.4,92.6,92.79,91.16,669916,62143303.06,5583
2026-06-19,INE00RL01028,HILINFRA,BE,47.89,48.0,46.94,47.3,47.68,47.9,42513,2011851.06,417
2026-06-19,INE475B01022,HIKAL,EQ,199.26,209.8,196.96,204.77,205.45,198.6,723618,148353323.54,9962
2026-06-19,INE788H01017,HILTON,BE,23.5,23.75,22.5,23.74,23.75,22.62,413342,9654950.08,608
2026-06-19,INE019C01026,HSCL,EQ,689.0,699.95,665.6,671.05,672.4,690.3,13846530,9493090925.5,103572
2026-06-19,INE049A01027,HIMATSEIDE,EQ,83.11,86.39,82.61,83.94,83.99,83.71,1929851,163159217.49,13330
2026-06-19,INE835D01023,HIRECT,EQ,1153.5,1169.4,1135.3,1152.4,1154.8,1147.0,63546,73370698.1,4629
2026-06-19,INE038A01020,HINDALCO,EQ,998.0,1016.8,985.2,1010.0,1014.2,1008.5,6013455,6061683873.1,88559
2026-06-19,INE642Y01029,HINDCON,BE,21.5,21.95,21.11,21.54,21.5,21.57,7637,164132.85,107
2026-06-19,INE05X901010,HPIL,EQ,127.01,131.78,126.99,129.94,128.12,127.0,3071,399731.1,71
2026-06-19,INE170I01016,HGS,EQ,424.25,428.0,419.0,424.9,427.9,424.3,10505,4446493.45,787
2026-06-19,INE066F01020,HAL,EQ,4411.5,4435.6,4385.7,4408.1,4397.0,4411.5,834712,3679797593.6,43230
2026-06-19,INE310C01029,HINDCOMPOS,EQ,416.0,424.0,415.8,421.85,421.75,414.4,2155,904535.7,193
2026-06-19,INE549A01026,HCC,EQ,27.34,27.68,26.71,27.02,27.03,27.35,57016131,1548919506.7,49127
2026-06-19,INE531E01026,HINDCOPPER,EQ,506.85,513.0,500.9,511.15,512.65,509.7,3191552,1614797113.1,54531
2026-06-19,INE254N01026,HNDFDS,EQ,555.0,568.95,543.3,545.4,544.1,554.25,110538,61418757.8,3888
2026-06-19,INE871K01015,HMVL,EQ,84.31,86.7,82.52,86.13,86.69,84.83,90977,7761026.97,1100
2026-06-19,INE345A01011,HINDOILEXP,EQ,159.5,164.8,158.61,162.68,163.9,159.62,722760,117172585.65,7563
2026-06-19,INE094A01015,HINDPETRO,EQ,400.2,400.3,390.0,392.1,392.75,401.6,5929061,2334942541.25,50958
2026-06-19,INE030A01027,HINDUNILVR,EQ,2209.6,2210.6,2179.9,2194.6,2202.0,2218.5,1508994,3309697096.2,56099
2026-06-19,INE267A01025,HINDZINC,EQ,563.0,565.3,552.55,563.55,563.45,571.45,3550093,1994582349.1,48456
2026-06-19,INE05AN01011,HINDWAREAP,EQ,250.39,251.7,245.0,248.65,251.0,250.39,110284,27348729.43,1806
2026-06-19,INE598C01011,HISARMETAL,EQ,162.99,162.99,156.1,156.69,156.35,159.17,176,27582.45,21
2026-06-19,INE07Y701011,POWERINDIA,EQ,36215.0,37115.0,36115.0,36880.0,36740.0,36300.0,114962,4217268725.0,33566
2026-06-19,INE120D01012,HITECHCORP,BE,309.5,316.0,306.0,307.73,309.9,309.82,19495,6001605.08,144
2026-06-19,INE461D01028,HLEGLAS,EQ,378.4,385.85,371.1,375.0,374.5,378.4,70143,26367448.7,2955
2026-06-19,INE102A01024,HLVLTD,EQ,7.88,8.08,7.77,7.83,7.85,7.91,350785,2768015.73,902
2026-06-19,INE0ECP01024,HMAAGRO,EQ,22.88,22.88,22.2,22.27,22.3,22.46,288017,6437593.08,958
2026-06-19,INE2T2Q07345,850HMDA32,N0,101339.04,101339.04,101339.04,101339.04,101339.04,100000.0,11,1114729.44,10
2026-06-19,INE262A01018,HMT,BZ,64.74,64.74,64.74,64.74,64.74,61.66,7409,479658.66,44
2026-06-19,INE0S6S01017,HOACFOODS,ST,609.0,635.0,609.0,635.0,635.0,634.0,2625,1642312.5,7
2026-06-19,INE0LXA01019,HOLMARC,SM,98.0,98.0,96.45,96.85,96.45,101.5,4500,437025.0,6
2026-06-19,INE481N01025,HOMEFIRST,EQ,1152.6,1165.0,1137.8,1153.9,1153.0,1146.1,176136,203515998.7,14593
2026-06-19,INE0N7F01017,HOMESFY,SM,112.05,112.05,107.0,107.0,107.0,106.75,900,99330.0,3
2026-06-19,INE0J5401028,HONASA,EQ,406.5,419.7,403.0,417.4,419.7,406.5,837800,346952239.8,22795
2026-06-19,INE634A01018,HONDAPOWER,EQ,2215.0,2219.8,2164.8,2185.5,2165.1,2216.6,5129,11233238.0,1041
2026-06-19,INE671A01010,HONAUT,EQ,37170.0,37750.0,36955.0,37460.0,37570.0,37170.0,6229,233205005.0,3201
2026-06-19,INE191I01012,HDIL,BZ,1.81,1.85,1.79,1.82,1.81,1.81,138017,250193.93,195
2026-06-19,INE0GSL01024,HPAL,EQ,37.02,37.59,36.0,36.33,36.45,37.02,39109,1428279.51,795
2026-06-19,INE0VA601019,HPTL,SM,269.0,269.0,269.0,269.0,269.0,269.0,600,161400.0,1
2026-06-19,INE495S01016,HPL,EQ,380.9,390.0,372.8,383.5,384.4,377.65,286221,109586682.05,6409
2026-06-19,INE0R3501012,HRHNEXT,SM,24.55,25.5,24.45,24.45,24.45,25.7,24000,590325.0,16
2026-06-19,INF336L01RX2,HSBCGOLD,EQ,128.69,130.99,124.46,126.4,126.27,128.69,13737,1759123.67,154
2026-06-19,INE031A01017,HUDCO,EQ,211.5,212.61,207.01,208.65,209.1,211.55,2550460,534663085.58,25363
2026-06-19,INE501G01024,HTMEDIA,EQ,22.61,23.71,22.33,22.77,23.0,22.71,141693,3259028.88,644
2026-06-19,INE703H01016,HUBTOWN,EQ,197.0,199.4,192.92,195.04,194.55,197.98,297249,58075574.14,4378
2026-06-19,INE275B01026,HUHTAMAKI,EQ,182.75,187.69,182.75,185.85,185.5,184.31,171777,31809202.33,3448
2026-06-19,INE0TO501019,HVAX,SM,660.0,660.0,660.0,660.0,660.0,660.0,300,198000.0,2
2026-06-19,INE965B01022,HYBRIDFIN,EQ,24.5,27.0,24.11,25.69,25.9,22.69,1434518,36873756.63,7531
2026-06-19,INE0V6F01027,HYUNDAI,EQ,1965.0,1981.5,1957.1,1973.2,1979.2,1976.6,294293,580825709.8,25824
2026-06-19,INE204A01010,IGPL,EQ,455.5,462.95,442.55,446.8,445.5,452.35,22649,10228034.55,1146
2026-06-19,INE0O7401018,IBLFL,SM,57.5,57.5,57.5,57.5,57.5,57.5,2000,115000.0,1
2026-06-19,INE613B01010,ICDSLTD,EQ,44.0,45.0,42.94,42.99,43.0,44.17,1142,49584.44,26
2026-06-19,INE520Y01019,ICEMAKE,EQ,743.0,757.0,742.0,752.1,757.0,751.4,22130,16596169.85,1081
2026-06-19,INE090A01021,ICICIBANK,EQ,1340.5,1352.3,1332.0,1346.5,1347.8,1342.3,9057322,12194367731.9,141850
2026-06-19,INE765G01017,ICICIGI,EQ,1844.9,1884.1,1818.7,1870.1,1877.0,1839.0,1503031,2795617209.2,47139
2026-06-19,INF109KC19U5,LOWVOLIETF,EQ,22.43,22.43,21.43,21.7,21.78,21.78,530966,11498318.98,966
2026-06-19,INE726G01019,ICICIPRULI,EQ,518.0,522.55,498.35,500.3,503.3,522.1,3733720,1882103376.9,56848
2026-06-19,INF109KC10W0,MIDSELIETF,EQ,18.97,19.1,18.88,19.08,19.09,19.0,1517534,28807097.34,735
2026-06-19,INF109KC16V9,NIF100IETF,EQ,28.0,28.06,27.79,27.93,27.97,28.0,54968,1532913.87,1211
2026-06-19,INF109K012R6,NIFTYIETF,EQ,272.2,272.2,270.55,271.56,271.66,272.57,948430,257054356.5,13244
2026-06-19,INF346A01034,SENSEXIETF,EQ,880.16,882.0,876.51,880.62,878.0,885.6,12322,10834869.46,1146
2026-06-19,INE346A01027,ICICIAMC,EQ,3430.0,3568.0,3332.0,3429.0,3525.0,3431.7,4005867,13683498858.4,105299
2026-06-19,INF109KC1NT3,GOLDIETF,EQ,124.04,124.77,122.38,124.0,124.04,126.39,7793524,961738753.37,45549
2026-06-19,INF109KC11V0,NV20IETF,EQ,13.99,13.99,13.55,13.79,13.8,13.93,393766,5404012.6,1875
2026-06-19,INF109KB15Y7,ICICIB22,EQ,121.11,121.23,119.66,121.1,121.0,121.11,224444,27107702.67,2748
2026-06-19,INF109K1A021,CASHIETF,EQ,1066.9,1067.39,1066.9,1067.37,1067.39,1066.92,208851,222922970.97,102
2026-06-19,INF109K1A153,EVIETF,EQ,31.89,31.89,31.12,31.42,31.8,31.49,240474,7538466.32,609
2026-06-19,INF109KC1V59,BSE500IETF,EQ,39.5,39.5,38.78,38.95,39.11,39.05,366693,14289749.44,1388
2026-06-19,INF109KC14A8,GSEC5IETF,EQ,65.94,66.08,65.5,65.58,66.03,65.62,8341,548334.82,33
2026-06-19,INF109KC17V7,ALPL30IETF,EQ,27.15,27.24,27.05,27.2,27.17,27.21,208675,5667714.8,798
2026-06-19,INF109KC10V2,AUTOIETF,EQ,27.89,27.89,27.3,27.4,27.45,27.55,334531,9160425.1,1865
2026-06-19,INF109KC18U7,PVTBANIETF,EQ,28.24,28.25,28.11,28.19,28.17,28.25,12358124,348187436.93,3092
2026-06-19,INF109KC19O8,COMMOIETF,EQ,102.62,103.03,101.6,102.16,102.0,102.41,50711,5192761.72,546
2026-06-19,INF109KC1V42,CONSUMIETF,EQ,119.78,120.54,119.04,119.99,119.84,119.78,14543,1738620.83,210
2026-06-19,INF109KC19V3,FMCGIETF,EQ,53.04,53.08,52.64,52.95,53.07,53.05,526895,27843858.49,2846
2026-06-19,INF109KC16E5,INFRAIETF,EQ,97.8,98.04,96.7,97.62,96.92,97.83,104771,10232884.35,7549
2026-06-19,INF109KC1KT9,LIQUIDIETF,EQ,1000.0,1000.01,999.99,999.99,999.99,999.99,212527,212526908.95,220
2026-06-19,INF109KC11W8,MIDCAPIETF,EQ,23.69,23.8,23.23,23.76,23.8,23.69,868531,20554422.34,3102
2026-06-19,INF109KC17C7,MOM30IETF,EQ,31.74,31.84,31.63,31.76,31.77,31.78,5755955,182640848.5,2250
2026-06-19,INF109KC1NS5,NEXT50IETF,EQ,75.31,76.94,75.31,76.38,76.53,76.6,3734820,285375002.34,6022
2026-06-19,INF109KC1Q72,HEALTHIETF,EQ,160.99,161.0,159.08,160.5,159.25,159.4,74608,11949257.15,1271
2026-06-19,INF109KC18V5,QUAL30IETF,EQ,20.74,20.91,20.6,20.79,20.91,20.91,99055,2048190.26,351
2026-06-19,INF109KC1Y56,SILVERIETF,EQ,234.99,234.99,225.46,231.21,231.0,240.38,7961124,1817005536.34,50772
2026-06-19,INF109KC16I6,ITIETF,EQ,32.41,32.41,29.65,30.45,30.42,31.62,4841980,145074824.89,6117
2026-06-19,INF109KC15I8,BANKIETF,EQ,58.88,59.3,58.87,59.2,59.07,59.24,269257,15924810.03,1869
2026-06-19,INF109KC19W1,METALIETF,EQ,12.96,13.18,12.82,13.1,13.11,13.07,7032521,91936372.83,8515
2026-06-19,INF109KC18W3,OILIETF,EQ,11.49,11.49,11.31,11.35,11.37,11.45,1053537,11983105.2,2590
2026-06-19,INF109KC10S8,PSUBNKIETF,EQ,88.77,88.95,87.9,88.35,88.47,88.92,144437,12756607.74,1082
2026-06-19,INF109K1A344,TOP15IETF,EQ,9.85,9.85,9.75,9.79,9.83,9.87,110229,1079121.35,271
2026-06-19,INF109KC16X5,VAL30IETF,EQ,15.97,15.99,15.7,15.74,15.76,15.88,524929,8264460.55,659
2026-06-19,INF109KC17L8,FINIETF,EQ,32.26,32.34,32.05,32.24,32.29,32.26,412686,13308425.58,1157
2026-06-19,INE725G01011,ICRA,EQ,5280.0,5479.5,5280.0,5322.0,5315.0,5224.0,94265,508587149.0,16752
2026-06-19,INE008A01015,IDBI,EQ,84.65,85.2,82.57,82.98,83.12,84.62,22635586,1894810971.92,71363
2026-06-19,INE349Y01013,IDEAFORGE,BE,918.9,950.0,886.05,931.45,931.0,919.75,278657,259415196.55,7617
2026-06-19,INE0T9I01011,IDEALTECHO,SM,190.0,190.0,190.0,190.0,190.0,195.95,500,95000.0,1
2026-06-19,INE0TD101011,IDENTICAL,ST,16.3,16.3,16.3,16.3,16.3,17.1,6000,97800.0,2
2026-06-19,INE092T01019,IDFCFIRSTB,EQ,77.93,78.93,77.54,78.68,78.6,78.09,17050266,1336666031.93,54525
2026-06-19,INE076C01018,IFBAGRO,BE,906.0,933.0,900.0,914.7,903.1,918.1,6047,5488865.2,297
2026-06-19,INE559A01017,IFBIND,EQ,1284.9,1299.7,1272.0,1284.5,1288.2,1288.4,41296,53050274.8,4745
2026-06-19,INE039A01010,IFCI,EQ,82.8,87.98,82.7,85.73,85.95,82.31,205777880,17731354820.12,410809
2026-06-19,INE133Y01011,IFGLEXPOR,EQ,185.01,194.95,185.01,192.68,192.12,188.91,21635,4131439.6,719
2026-06-19,INE01XO07025,1225IFL28,N0,8999.99,8999.99,8999.99,8999.99,8999.99,9000.0,10,89999.9,1
2026-06-19,INE188B01013,IGARASHI,EQ,392.0,418.85,390.15,414.3,418.0,394.5,492699,201287616.5,13348
2026-06-19,INE530B07633,865IIFL31,Y6,991.2,991.2,991.2,991.2,991.2,986.0,10,9912.0,1
2026-06-19,INE530B07575,885IIFL29,Y8,1034.0,1034.0,1034.0,1034.0,1034.0,1028.0,15,15510.0,1
2026-06-19,INE530B07609,9IIFL31,Y9,998.0,1008.0,997.9,1008.0,1008.0,997.9,230,230305.0,4
2026-06-19,INE489L01022,IIFLCAPS,EQ,348.8,348.8,343.5,344.4,345.0,348.35,663406,228798578.55,8753
2026-06-19,INE530B01024,IIFL,EQ,526.0,537.6,525.0,532.6,534.0,529.2,1839003,978867900.05,31307
2026-06-19,INE530B07542,IIFL210425,NW,1102.0,1102.0,1100.0,1100.0,1100.0,1102.0,236,259672.0,3
2026-06-19,INE530B07641,IIFL06326,YC,980.0,980.0,971.0,971.0,971.0,980.0,51,49742.0,8
2026-06-19,INE0LOJ01019,IKIO,EQ,162.01,163.39,159.87,162.17,162.9,162.48,59763,9656148.01,1288
2026-06-19,INE369I01014,IL&FSENGG,BZ,31.3,32.4,30.51,32.17,32.4,31.3,16424,522332.16,66
2026-06-19,INE050B01023,IVC,EQ,8.49,8.71,8.48,8.55,8.55,8.49,188351,1615010.05,767
2026-06-19,INE975G01012,IL&FSTRANS,BZ,2.69,2.7,2.54,2.66,2.6,2.58,78224,210197.44,116
2026-06-19,INE172N01012,IMAGICAA,EQ,44.0,45.35,42.51,44.53,44.72,45.92,2807362,124046374.92,7046
2026-06-19,INE452L01012,INCREDIBLE,EQ,34.67,34.89,33.22,33.84,33.78,34.67,3823,129746.93,48
2026-06-19,INE547E01014,IMPAL,EQ,1081.4,1085.0,1047.3,1065.7,1062.0,1081.3,4635,4915524.3,433
2026-06-19,INE915B01019,INDSWFTLAB,EQ,172.0,190.5,169.5,187.38,189.25,168.68,4532691,821739612.29,44200
2026-06-19,INE611L01021,INDTERRAIN,EQ,33.49,35.0,32.62,33.55,33.5,32.85,53898,1820678.68,393
2026-06-19,INE841B01017,INDBANK,EQ,34.75,34.75,33.56,33.82,33.85,34.26,38440,1308105.99,381
2026-06-19,INE0O9T01021,BAJAJINDEF,EQ,240.0,260.0,238.85,248.85,244.4,239.7,200572,49276549.85,4327
2026-06-19,INE065X01017,INDGN,EQ,520.0,535.0,515.85,532.4,535.0,518.6,237674,125372314.95,17785
2026-06-19,INE560A01023,INDIAGLYCO,EQ,963.7,970.9,951.8,957.75,959.5,963.7,47819,45967344.8,3682
2026-06-19,INE092B01025,INDNIPPON,EQ,916.95,941.0,910.0,914.3,915.0,911.95,28400,26176315.9,2072
2026-06-19,INE0D6701023,IPL,EQ,161.3,162.99,158.1,160.28,159.51,161.34,160712,25818321.17,2469
2026-06-19,INE922K01024,INDIASHLTR,EQ,759.95,794.0,759.9,784.35,788.0,768.2,171370,134488643.1,18196
2026-06-19,INE353K01014,ITDC,EQ,608.95,623.0,606.3,619.0,620.2,611.65,123317,76103014.3,8062
2026-06-19,INE126M01010,IBULLSLTD,BE,26.51,26.51,26.0,26.51,26.51,25.25,7814526,207079767.57,3737
2026-06-19,INE933S01016,INDIAMART,EQ,2080.9,2115.1,2060.1,2089.4,2090.0,2137.7,143738,300993034.3,16238
2026-06-19,INE562A01011,INDIANB,EQ,875.05,878.8,867.3,870.1,870.05,875.7,1460346,1273484149.95,30653
2026-06-19,INE061A01014,INDIANCARD,EQ,223.8,224.42,214.86,217.23,220.0,217.01,761,167766.02,52
2026-06-19,INE0RRU01016,IEML,SM,44.3,47.15,43.9,46.6,47.15,45.9,75000,3379050.0,102
2026-06-19,INE022Q01020,IEX,EQ,123.04,123.49,122.25,122.78,123.2,123.56,2602240,319331263.73,21552
2026-06-19,INE323C01030,INDIANHUME,EQ,321.9,321.9,316.15,317.65,316.55,321.0,27989,8898271.5,1085
2026-06-19,INE919H01018,IMFA,EQ,1438.0,1454.4,1425.0,1429.1,1430.0,1441.8,57425,82504761.5,4927
2026-06-19,INE242A01010,IOC,EQ,144.98,145.74,142.67,143.43,143.58,146.11,15764700,2264548905.88,97376
2026-06-19,INE565A01014,IOB,EQ,35.19,35.28,34.75,35.09,35.21,35.23,4843466,169544404.76,15735
2026-06-19,INE0DHF01018,IPHL,SM,56.55,56.55,54.5,54.5,54.5,56.55,12000,663900.0,10
2026-06-19,INE335Y01020,IRCTC,EQ,523.9,523.9,518.55,519.6,520.65,524.0,756287,393465779.75,26368
2026-06-19,INE053F01010,IRFC,EQ,99.01,100.8,98.84,99.51,99.74,100.13,13152144,1311371805.75,55162
2026-06-19,INE202E01016,IREDA,EQ,127.5,128.19,126.33,127.15,127.43,127.96,3976588,505370248.56,24998
2026-06-19,INE586E01020,IWP,EQ,33.7,34.89,32.59,33.9,34.88,33.7,19562,653622.46,109
2026-06-19,INE0PS301014,INDIFRA,SM,12.65,12.65,12.65,12.65,12.65,13.2,2000,25300.0,1
2026-06-19,INE09VQ01012,INDIGOPNTS,EQ,1020.6,1033.2,1013.4,1025.15,1020.95,1027.3,43617,44682417.5,4473
2026-06-19,INE219X23014,INDIGRID,IV,172.2,175.0,171.85,174.14,174.77,172.15,1125231,194634509.36,8657
2026-06-19,INE06ST01018,INDIQUBE,EQ,168.99,177.0,166.7,175.99,175.05,170.33,160583,27994636.68,2109
2026-06-19,INE760F01028,INDOAMIN,EQ,134.0,145.0,132.3,143.55,142.44,133.74,1012071,143107664.96,11681
2026-06-19,INE803D01021,INDOBORAX,EQ,356.45,369.7,356.45,364.1,362.4,359.9,26870,9745935.6,1288
2026-06-19,INE483B01026,ICIL,EQ,406.35,407.0,383.75,394.6,392.1,405.85,2676331,1057339449.4,66839
2026-06-19,INE622H01018,INDOFARM,EQ,140.85,155.0,138.63,149.39,150.0,140.67,1035187,153626167.69,15236
2026-06-19,INE156A01020,INDORAMA,EQ,46.58,46.9,45.7,46.17,46.5,46.62,90313,4175621.21,1114
2026-06-19,INE332H01014,INDOTECH,BE,2549.0,2679.7,2520.0,2679.7,2679.7,2552.1,11699,31017223.5,586
2026-06-19,INE337M01021,INDOTHAI,EQ,239.29,244.26,235.21,236.51,236.03,238.09,748214,179533172.06,6653
2026-06-19,INE250Z01010,INDOUS,EQ,91.49,92.2,89.15,91.21,90.49,89.66,12636,1148779.92,833
2026-06-19,INE567A01028,NIPPOBATRY,EQ,360.3,365.7,347.2,352.05,353.9,363.8,4547,1607824.4,410
2026-06-19,INE873D01024,INDOCO,EQ,230.81,239.0,229.05,234.99,233.2,232.09,127773,30029319.22,3002
2026-06-19,INE05J901018,IGCL,EQ,63.05,63.55,60.0,61.33,61.49,63.05,215320,13262666.92,1850
2026-06-19,INE866K01023,WAAREEINDO,EQ,398.55,416.5,390.6,416.5,416.5,396.7,71278,29344323.55,1410
2026-06-19,INE896L01010,INDOSTAR,EQ,245.0,252.0,244.13,249.47,249.2,243.91,157999,39275753.4,2690
2026-06-19,INE227G01018,INDOWIND,BE,9.32,9.32,9.06,9.18,9.18,9.27,98943,906768.81,349
2026-06-19,INE203G01027,IGL,EQ,169.99,170.33,166.55,167.6,167.18,169.99,2528508,425493432.45,32220
2026-06-19,INE681B01017,INDRAMEDCO,EQ,379.95,388.1,377.05,382.95,383.05,379.8,195121,74778505.3,6275
2026-06-19,INE0NHL23019,INDUSINVIT,IV,125.98,126.0,125.3,125.49,125.5,125.57,369087,46320458.78,1853
2026-06-19,INE121J01017,INDUSTOWER,EQ,413.85,417.8,409.5,411.2,410.95,414.3,8098769,3337377256.95,59538
2026-06-19,INE095A01012,INDUSINDBK,EQ,938.5,950.55,931.2,947.45,943.95,938.75,6521623,6163054499.15,50157
2026-06-19,INE620D01011,INDPRUD,EQ,6484.5,6500.0,6302.0,6499.5,6500.0,6445.0,45,290597.0,14
2026-06-19,INE886A01014,IITL,EQ,140.79,140.79,123.74,127.54,127.7,138.03,187819,25308133.11,2168
2026-06-19,INE0MRE01011,INFINIUM,SM,208.0,211.5,203.0,209.8,211.5,206.6,35000,7226175.0,21
2026-06-19,INE0MYZ01012,INFLUX,SM,240.0,244.8,239.0,239.75,240.0,240.0,13200,3177480.0,21
2026-06-19,INE663F01032,NAUKRI,EQ,987.85,988.5,955.0,984.25,984.5,1006.8,2539070,2489305414.5,61960
2026-06-19,INE344S01016,INFOBEAN,EQ,167.0,169.5,163.25,166.83,168.99,169.03,347462,57548511.51,4942
2026-06-19,INE0NNZ01013,INFOLLION,SM,176.4,176.4,170.0,172.0,172.0,177.0,10800,1858120.0,25
2026-06-19,INE669A01022,INFOMEDIA,EQ,6.08,6.1,5.75,5.91,5.98,5.86,14311,85321.77,95
2026-06-19,INE009A01021,INFY,EQ,1062.3,1066.0,1030.0,1051.4,1054.2,1127.5,45665442,47666665585.6,765616
2026-06-19,INE177A01018,INGERRAND,EQ,4744.0,4756.2,4555.8,4611.3,4600.0,4714.1,21389,99373942.5,5703
2026-06-19,INE0S1D01010,INNOMET,ST,119.75,119.75,119.75,119.75,119.75,117.45,37800,4526550.0,28
2026-06-19,INE0DUT01020,INNOVACAP,EQ,937.95,956.85,932.1,949.55,950.0,932.95,28432,26973881.8,3580
2026-06-19,INE403Y01018,INNOVANA,EQ,319.5,320.95,314.05,316.0,315.6,319.8,71966,22860119.05,498
2026-06-19,INE070Y01023,ITTL,ST,75.45,75.45,75.45,75.45,75.45,75.45,105,7922.25,1
2026-06-19,INE0ADB01012,INNOVISION,EQ,302.0,302.0,295.0,296.75,296.5,298.25,13883,4128425.5,693
2026-06-19,INE510W01014,INOXGREEN,EQ,195.5,203.9,194.0,199.47,199.5,195.11,1306203,261198706.26,16192
2026-06-19,INE616N01034,INOXINDIA,EQ,1801.4,1945.0,1801.4,1917.8,1936.0,1812.4,566528,1078336951.4,33363
2026-06-19,INE066P01011,INOXWIND,EQ,89.01,92.25,88.2,90.72,91.25,89.33,18771345,1696550827.27,50428
2026-06-19,INE070I01018,INSECTICID,EQ,699.8,703.45,686.0,688.5,689.0,699.8,18884,13078052.1,1372
2026-06-19,INE0LGX01024,INA,EQ,118.7,118.7,115.68,116.91,117.5,117.78,465953,54354635.38,3582
2026-06-19,INE020G01017,INSPIRISYS,BE,113.41,113.8,109.1,109.69,110.94,112.29,10992,1210144.77,86
2026-06-19,INE418N01035,ESSENTIA,BE,1.42,1.43,1.39,1.42,1.43,1.42,9788093,13801471.38,718
2026-06-19,INE306R01017,INTELLECT,EQ,749.7,754.4,730.15,746.7,746.0,757.3,624525,463228207.1,26193
2026-06-19,INE781A01025,INTENTECH,EQ,101.0,103.02,101.0,101.41,101.8,101.63,32544,3309965.81,431
2026-06-19,INE00M901018,INTERARCH,EQ,1908.1,1913.9,1883.8,1900.1,1904.4,1898.6,28415,54019910.9,2947
2026-06-19,INE646L01027,INDIGO,EQ,5011.8,5035.0,4968.0,5021.5,5022.0,5011.8,1070918,5352833143.9,68681
2026-06-19,INE575C01027,INTLCONV,EQ,82.03,84.05,81.16,83.39,83.7,82.03,53151,4421666.46,1173
2026-06-19,INE0Q9301021,IGIL,EQ,355.7,360.0,351.8,355.75,356.1,355.7,228166,81084832.2,11920
2026-06-19,INE566K01011,ISFT,EQ,82.4,82.4,80.35,81.01,80.73,82.5,16020,1300329.47,313
2026-06-19,INE878H01024,INVENTURE,EQ,0.97,0.98,0.96,0.97,0.98,0.98,954372,926647.17,401
2026-06-19,INE115Q01022,IKS,EQ,1662.0,1686.0,1645.0,1675.2,1671.8,1673.4,233117,390424399.0,10183
2026-06-19,INF205KA1BP1,IVZINGOLD,EQ,127.65,127.65,124.1,125.85,125.8,128.45,24533,3067686.95,332
2026-06-19,INF205K01DA9,IVZINNIFTY,EQ,2816.03,2816.03,2731.1,2738.85,2738.85,2760.81,206,563396.36,30
2026-06-19,INE155E01016,INVPRECQ,EQ,659.7,759.9,632.75,724.55,740.0,646.85,39779,28290558.2,2526
2026-06-19,INE0XJ501010,INVICTA,ST,64.7,65.0,64.7,64.75,64.75,62.8,6400,414720.0,4
2026-06-19,INE485C01029,IOLCP,EQ,128.3,131.71,126.97,130.21,130.1,128.3,1066231,138804735.76,8070
2026-06-19,INE570A01022,IONEXCHANG,EQ,369.0,380.0,366.7,370.4,371.0,369.55,1037887,387783910.35,25429
2026-06-19,INE571A01038,IPCALAB,EQ,1551.0,1609.1,1542.5,1585.8,1590.2,1543.6,262446,417425479.6,23844
2026-06-19,INE821I01022,IRB,EQ,21.43,21.7,21.24,21.44,21.5,21.42,11326942,243281061.25,19798
2026-06-19,INE183W23014,IRBINVIT,IV,60.69,60.9,60.26,60.74,60.7,60.58,7318276,442644965.43,6495
2026-06-19,INE962Y01021,IRCON,EQ,138.0,139.17,136.8,137.19,137.7,139.18,1904430,262167692.38,21790
2026-06-19,INE202E07138,880IREDA29,N5,1110.0,1110.0,1110.0,1110.0,1110.0,1110.0,50,55500.0,2
2026-06-19,INE202E07153,880IREDA34,N6,1238.0,1238.0,1238.0,1238.0,1238.0,1238.0,92,113896.0,4
2026-06-19,INE01GN01025,IRISDOREME,EQ,39.9,40.84,39.26,39.91,40.3,39.93,285060,11455091.72,2688
2026-06-19,INE864K01010,IRIS,EQ,240.55,288.65,235.05,270.9,272.85,240.55,703027,193552283.15,10439
2026-06-19,INE07U701015,IRMENERGY,EQ,266.0,290.0,262.1,279.85,279.0,266.35,814279,227779439.55,19932
2026-06-19,INE413U07392,950ISF27A,N0,96991.12,96991.12,96991.12,96991.12,96991.12,99348.09,1,96991.12,1
2026-06-19,INE413U07434,965ISF28,N0,99999.0,99999.0,99999.0,99999.0,99999.0,99999.0,2,199998.0,1
2026-06-19,INE413U07418,975ISF28,N0,98000.0,98731.77,98000.0,98731.77,98731.77,99999.99,3,295463.54,2
2026-06-19,INE858B01029,ISGEC,EQ,926.05,929.55,912.8,925.0,928.0,925.65,17545,16213252.75,2477
2026-06-19,INE561M01018,ISHANCH,EQ,60.9,60.9,56.9,57.72,57.5,58.32,32639,1893999.93,180
2026-06-19,INE379A01028,ITCHOTELS,EQ,160.5,174.8,159.99,170.92,174.2,161.13,21936839,3706904192.37,142634
2026-06-19,INE154A01025,ITC,EQ,289.8,294.55,288.4,292.5,293.9,291.15,13874008,4036648451.4,254060
2026-06-19,INE248A01017,ITI,EQ,310.75,325.85,309.15,312.45,314.0,311.15,2700187,856392502.35,42454
2026-06-19,INE056801025,IVALUE,EQ,266.0,287.85,266.0,272.62,273.0,264.67,720338,197435000.08,14730
2026-06-19,INE043C01018,IVP,EQ,159.5,159.5,156.3,157.57,157.88,159.33,6866,1081299.08,165
2026-06-19,INE1AII01014,IWARE,ST,352.5,359.0,352.5,358.0,358.0,352.5,4200,1497300.0,7
2026-06-19,INE848A01014,IZMO,EQ,1040.0,1075.55,1024.35,1075.55,1075.55,1024.35,79754,85002744.45,2518
2026-06-19,INE168A01041,J&KBANK,EQ,162.9,166.23,162.02,163.56,164.0,162.9,3046354,499131728.98,25759
2026-06-19,INE572A01036,JBCHEPHARM,EQ,2198.5,2213.3,2179.2,2193.5,2193.0,2198.5,313537,688500440.4,19416
2026-06-19,INE0MB501011,JGCHEM,EQ,443.35,445.0,434.1,437.6,437.7,440.75,69687,30617654.1,3170
2026-06-19,INE199G01027,JAGRAN,EQ,66.3,66.49,65.8,66.04,65.95,66.05,238092,15735958.41,2393
2026-06-19,INE048B01035,JAGSNPHARM,EQ,209.84,214.0,209.2,212.28,213.0,210.56,50490,10716346.32,2563
2026-06-19,INE091G01026,JAIBALAJI,BE,67.97,68.5,66.7,67.97,68.3,68.06,257484,17469285.34,1367
2026-06-19,INE070D01027,JAICORPLTD,EQ,119.6,125.35,119.4,121.16,121.8,121.19,1097703,133866318.63,8920
2026-06-19,IN9175A01010,JISLDVREQS,EQ,23.5,25.5,23.5,24.83,24.56,24.37,70151,1750614.22,380
2026-06-19,INE175A01038,JISLJALEQS,EQ,33.15,35.5,32.7,34.87,34.87,33.17,12521188,431323312.92,27917
2026-06-19,INE0YD401026,JAINREC,EQ,368.0,378.4,362.85,376.8,375.7,371.15,2137735,795304791.9,30064
2026-06-19,INE02KC01010,JAINAM,SM,250.0,250.0,245.05,245.05,245.05,255.45,1000,247525.0,2
2026-06-19,INE0XIL01012,JAINIK,SM,134.1,134.1,134.0,134.0,134.0,138.5,4800,643380.0,4
2026-06-19,INE351F01018,JPPOWER,EQ,18.07,18.2,17.93,18.06,18.09,18.16,44890371,810855487.76,30109
2026-06-19,INE039C01032,JAMNAAUTO,EQ,131.99,134.09,130.29,132.37,132.02,132.11,2079930,276072329.98,18523
2026-06-19,INE953L01027,JSFB,EQ,471.4,474.0,455.05,460.1,459.95,471.4,454193,210384004.45,8696
2026-06-19,INE00YJ01010,JARO,EQ,547.5,547.5,518.0,520.0,519.0,542.45,79948,42208564.2,3252
2026-06-19,INE039O01029,JASH,EQ,493.25,503.95,485.85,500.05,499.5,493.5,115531,57587874.6,11297
2026-06-19,INE0SMY01017,JAYBEE,ST,91.0,92.5,89.1,91.0,91.0,91.2,10500,950025.0,19
2026-06-19,INE571B01036,JAYBARMARU,EQ,173.0,178.89,165.04,169.55,169.85,172.79,1744373,301170171.01,19513
2026-06-19,INE0J6801010,KORE,SM,137.5,140.0,137.5,140.0,140.0,137.5,500,69375.0,2
2026-06-19,INE785A01026,JAYAGROGN,EQ,218.5,219.9,216.01,219.8,219.9,216.58,2720,594148.81,169
2026-06-19,INE854B01010,JAYNECOIND,EQ,90.0,90.4,89.0,89.68,89.79,90.31,2011665,180183841.72,15567
2026-06-19,INE1AE401014,JAYESH,SM,169.0,187.2,160.0,161.5,160.0,156.0,45000,7509900.0,21
2026-06-19,INE903A01025,JAYKAY,EQ,177.0,186.2,173.89,184.48,184.01,177.08,398529,73056711.24,5752
2026-06-19,INE364A01020,JAYSREETEA,EQ,89.28,89.95,88.12,88.46,88.2,89.95,14084,1257323.5,415
2026-06-19,INE927D01051,JBMA,EQ,708.0,738.0,699.15,727.3,727.0,706.5,5104745,3712311111.2,105716
2026-06-19,INE0J5801029,JSLL,EQ,552.55,563.4,545.05,557.2,557.15,549.45,1531176,845682066.55,43226
2026-06-19,INE982V01025,JETFREIGHT,EQ,22.44,22.75,22.16,22.29,22.28,22.43,72887,1626230.5,422
2026-06-19,INE564T01017,JETKNIT,ST,76.55,76.55,76.55,76.55,76.55,80.55,750,57412.5,1
2026-06-19,INE0LA901015,JFLLIFE,SM,9.15,9.15,9.1,9.15,9.15,9.25,18000,164400.0,3
2026-06-19,INE544H01014,JHS,EQ,8.2,8.2,7.83,7.99,8.0,8.17,113254,907168.62,236
2026-06-19,INE03DD01011,RETAIL,EQ,17.31,20.5,17.0,19.03,19.01,17.64,28371,543690.76,267
2026-06-19,INE147P01019,JPOLYINVST,EQ,1093.9,1098.9,1081.3,1092.0,1096.0,1095.0,2693,2937295.7,523
2026-06-19,INE742C01031,JINDRILL,EQ,583.0,583.9,572.1,580.2,581.35,582.35,145001,83831581.05,4190
2026-06-19,INE796G01012,JINDALPHOT,EQ,1114.0,1130.0,1100.1,1114.0,1123.0,1107.5,1736,1925660.3,225
2026-06-19,INE197D01010,JINDALPOLY,EQ,690.95,696.0,677.2,686.9,694.0,690.95,13367,9152228.25,1093
2026-06-19,INE324A01032,JINDALSAW,EQ,263.02,269.91,259.5,260.88,262.5,264.06,3446472,906463771.55,40983
2026-06-19,INE220G01021,JSL,EQ,709.0,709.0,690.45,696.7,698.95,707.0,1001225,698715518.3,51029
2026-06-19,INE749A01030,JINDALSTEL,EQ,1131.9,1143.0,1122.1,1137.7,1141.8,1131.9,1345823,1527243001.3,28449
2026-06-19,INE247D01039,JINDWORLD,EQ,30.71,33.99,30.67,32.44,32.5,30.39,15617349,508625613.98,62402
2026-06-19,INE1FF001016,JKIPL,BE,112.89,112.89,108.18,110.01,110.0,112.18,9583,1053994.23,137
2026-06-19,INE758E01017,JIOFIN,EQ,244.0,246.85,242.03,244.45,244.56,244.1,22160659,5422640002.23,101741
2026-06-19,INE863T01013,JITFINFRA,EQ,299.65,303.0,283.35,289.6,284.0,299.65,30982,9065054.6,835
2026-06-19,INE0N5H01017,JIWANRAM,SM,5.4,6.15,5.4,6.05,6.15,5.8,90000,517200.0,15
2026-06-19,INE823G01014,JKCEMENT,EQ,5510.5,5548.0,5445.0,5503.5,5530.0,5540.0,39304,215890131.0,11043
2026-06-19,INE786A01032,JKLAKSHMI,EQ,602.0,610.8,590.1,605.5,608.0,596.85,196389,118303344.45,13310
2026-06-19,INE789E01012,JKPAPER,EQ,358.9,359.3,348.5,349.9,350.9,357.05,260817,91678561.5,8907
2026-06-19,INE573A01042,JKTYRE,EQ,394.95,405.0,390.4,401.3,400.0,397.25,1073950,429200244.85,22269
2026-06-19,INE576I01022,JKIL,EQ,495.8,503.55,488.05,500.2,503.55,495.8,71882,35630802.5,3073
2026-06-19,INE780C01023,JMFINANCIL,EQ,124.99,128.16,123.55,126.32,126.7,125.31,2884769,364775068.5,24418
2026-06-19,INE0OAF01028,JNKINDIA,EQ,469.9,494.5,469.15,486.95,488.0,467.0,742031,359280970.7,16551
2026-06-19,INE839G01010,JOCIL,BE,153.0,153.0,146.65,152.16,152.24,153.0,2588,391532.73,24
2026-06-19,INE515A01019,COCKERILL,EQ,9069.0,9350.0,8860.5,9125.0,9188.0,9021.5,13391,122447053.0,4294
2026-06-19,INE718I01012,JSWCEMENT,EQ,131.48,133.3,128.2,128.66,128.81,130.72,4132651,539129855.69,24782
2026-06-19,INE133A01011,JSWDULUX,EQ,3203.0,3329.0,3195.0,3291.8,3315.0,3230.9,31857,104272552.8,5687
2026-06-19,INE121E01018,JSWENERGY,EQ,573.25,581.0,564.6,570.1,571.6,575.55,3659448,2092992099.85,58602
2026-06-19,INE824G01012,JSWHL,EQ,12751.0,12911.0,12521.0,12578.0,12624.0,12863.0,4346,55117400.0,1746
2026-06-19,INE880J01026,JSWINFRA,EQ,307.95,312.85,306.15,308.15,307.7,307.95,4072021,1257938062.7,49123
2026-06-19,INE019A01038,JSWSTEEL,EQ,1289.0,1295.0,1267.1,1287.7,1295.0,1293.9,1138608,1466145970.6,30506
2026-06-19,INE643A01035,JTEKTINDIA,EQ,136.52,138.95,132.6,137.3,137.7,137.29,123140,16895589.97,2170
2026-06-19,INE391J01032,JTLIND,EQ,74.0,82.34,71.16,79.23,79.5,75.28,17539224,1367533178.87,70190
2026-06-19,INE03CC01015,JUBLCPL,EQ,1912.5,1913.0,1847.0,1867.2,1869.0,1866.3,4155,7783285.7,414
2026-06-19,INE797F01020,JUBLFOOD,EQ,423.2,423.25,416.05,419.0,418.6,422.95,7105506,2976113706.85,51312
2026-06-19,INE0BY001018,JUBLINGREA,EQ,639.0,647.95,635.1,637.65,637.35,646.0,371162,236618842.15,10250
2026-06-19,INE700A01033,JUBLPHARMA,EQ,970.0,976.85,960.2,966.35,965.5,973.45,85733,82922039.85,6398
2026-06-19,INE412C01023,JMA,EQ,97.0,97.0,92.31,93.32,92.5,95.93,17731,1688393.53,978
2026-06-19,INE696F01016,JUNIPER,EQ,196.76,207.0,196.24,201.76,200.6,196.26,279474,56563893.72,4272
2026-06-19,INE682M01012,JLHL,EQ,1348.7,1348.7,1323.1,1342.1,1345.0,1342.0,26584,35593895.5,4252
2026-06-19,INE209L01016,JWL,EQ,277.05,278.5,276.05,277.3,277.9,279.5,918346,254620433.1,20487
2026-06-19,INE599M01018,JUSTDIAL,EQ,541.2,547.3,535.3,539.9,539.9,549.3,323774,175042354.6,8731
2026-06-19,INE668F01031,JYOTHYLAB,EQ,203.93,203.93,200.01,202.28,203.0,203.96,695937,140360945.48,15776
2026-06-19,INE980O01024,JYOTICNC,EQ,699.0,754.75,696.0,737.95,737.8,700.65,5625870,4168560587.95,140921
2026-06-19,INE1M3T01017,JYOTIGLOBL,ST,37.0,40.0,37.0,39.9,40.0,38.6,14000,549700.0,7
2026-06-19,INE197A01024,JYOTISTRUC,EQ,12.24,12.75,12.17,12.37,12.5,12.24,7339202,91214584.99,5957
2026-06-19,INE157H01023,KMSUGAR,EQ,27.49,27.49,26.85,27.15,27.1,27.2,66122,1790912.07,474
2026-06-19,INE127T01021,KPEL,EQ,354.8,355.5,346.0,351.55,351.2,355.65,196595,68882559.9,5181
2026-06-19,INE0DEZ01013,K2INFRA,SM,69.05,71.15,65.9,69.05,69.95,71.15,76800,5246010.0,118
2026-06-19,INE900B01029,KABRAEXTRU,EQ,239.24,240.0,234.0,237.74,239.85,237.87,12351,2923453.86,588
2026-06-19,INE0XOW01017,KKJEWELS,SM,103.5,104.7,103.2,104.5,104.5,105.0,7000,727900.0,7
2026-06-19,INE217B01036,KAJARIACER,EQ,1164.0,1174.8,1147.2,1170.4,1169.0,1164.1,186254,216524768.7,24051
2026-06-19,INE437B01014,KAKATCEM,BE,123.78,125.0,122.01,122.79,124.55,123.78,1931,237647.9,47
2026-06-19,INE0T0L01014,KALANA,SM,19.5,19.5,18.2,18.9,19.45,19.85,18000,335200.0,9
2026-06-19,INE227J01012,KALPATARU,EQ,328.3,329.0,321.05,326.0,326.1,326.55,50586,16425766.75,3146
2026-06-19,INE220B01022,KPIL,EQ,1369.1,1409.9,1363.6,1398.7,1399.2,1367.9,380962,532347643.8,21241
2026-06-19,INE303R01014,KALYANKJIL,EQ,380.55,386.5,375.25,383.5,384.0,382.95,4107954,1566669543.05,40653
2026-06-19,INE314G01014,KALYANIFRG,EQ,618.0,618.0,602.55,612.8,614.95,612.75,1218,743607.45,123
2026-06-19,INE029L01018,KICL,EQ,5203.0,5290.0,5151.0,5212.0,5207.5,5200.0,2585,13458639.5,345
2026-06-19,INE907A01026,KSL,EQ,814.7,833.9,810.65,829.3,831.0,814.7,62667,51789948.85,2949
2026-06-19,INE411F01010,KAMAHOLD,EQ,2606.0,2665.7,2600.1,2632.3,2623.9,2603.5,2716,7158622.5,373
2026-06-19,INE967C01018,KAMATHOTEL,EQ,173.72,174.54,168.35,171.04,173.5,173.72,53797,9238909.78,1555
2026-06-19,INE390H01020,KAMDHENU,BE,29.5,30.0,28.28,28.83,28.9,29.76,782895,22590714.11,993
2026-06-19,INE0BTI01037,KAMOPAINTS,EQ,5.36,5.36,5.2,5.32,5.3,5.28,193513,1029039.57,424
2026-06-19,INE879E01037,KANANIIND,EQ,1.59,1.61,1.57,1.59,1.58,1.59,81781,129921.61,172
2026-06-19,INE081G01019,KANCHI,BE,400.3,404.8,390.0,396.0,396.0,396.35,1904,768796.8,28
2026-06-19,INE0MOT01016,KANDARP,SM,112.5,112.5,112.5,112.5,112.5,113.4,3000,337500.0,3
2026-06-19,INE138C01024,KANORICHEM,BE,120.72,120.72,119.98,120.72,120.72,114.98,120295,14521780.14,370
2026-06-19,INE694E01014,KANPRPLA,EQ,191.95,192.0,189.01,190.62,191.19,192.13,1320,252393.29,86
2026-06-19,INE531A01024,KANSAINER,EQ,210.0,214.43,208.47,211.13,211.49,209.46,613630,129862733.01,15755
2026-06-19,INE542Z01028,KAPSTON,EQ,352.45,352.45,343.55,346.6,346.0,350.45,11596,4018955.95,557
2026-06-19,INE725L01011,KARMAENG,EQ,42.0,42.0,39.62,40.58,41.0,42.0,8109,329127.49,97
2026-06-19,INE614B01018,KTKBANK,EQ,278.15,281.5,273.95,274.7,275.0,277.9,1162649,321735441.6,14350
2026-06-19,INE0MGA01012,KARNIKA,SM,130.1,133.0,130.1,133.0,133.0,135.5,2000,263100.0,2
2026-06-19,INE036D01028,KARURVYSYA,EQ,295.75,298.15,288.7,291.75,292.4,296.75,1874712,546625685.45,35532
2026-06-19,INE0SVY01018,KATARIA,SM,102.75,103.95,100.5,103.35,103.35,100.5,8400,859500.0,14
2026-06-19,INE234I01028,KAUSHALYA,EQ,865.0,865.0,845.0,846.8,846.05,859.0,84,71605.65,25
2026-06-19,INE0Q2V01012,KLL,SM,33.7,33.7,33.4,33.55,33.5,32.7,4800,160920.0,6
2026-06-19,INE455I01029,KSCL,EQ,862.75,862.75,848.0,849.5,850.0,862.75,63770,54340353.2,5029
2026-06-19,INE641C01019,KAVDEFENCE,EQ,67.41,67.41,64.02,64.95,65.0,66.03,141114,9220893.17,1539
2026-06-19,INE0RCG01017,KCEIL,ST,85.0,85.0,82.15,83.8,84.0,84.5,22000,1837275.0,41
2026-06-19,INE587G01015,KAYA,EQ,256.73,257.5,250.55,252.94,251.0,256.73,7643,1942426.22,200
2026-06-19,INE918Z01012,KAYNES,EQ,3385.0,3385.0,3235.0,3253.1,3268.0,3385.5,1012288,3343996210.3,57022
2026-06-19,INE13ZD01013,KAYTEX,SM,60.55,62.75,60.55,62.5,62.5,60.55,5600,348760.0,7
2026-06-19,INE0J1E01027,KCK,SM,13.7,13.8,13.0,13.65,13.65,13.5,170000,2318625.0,19
2026-06-19,INE805C01028,KCP,EQ,167.49,172.7,164.0,167.85,167.2,165.99,234631,39224924.58,4645
2026-06-19,INE790B01024,KCPSUGIND,EQ,22.04,22.29,21.89,21.97,22.03,22.04,252319,5554665.49,858
2026-06-19,INE291D01011,KDDL,EQ,2879.7,2983.4,2870.0,2959.7,2980.0,2908.8,24109,70802783.0,4116
2026-06-19,INE389H01022,KEC,EQ,524.6,544.5,522.0,541.45,542.0,525.8,1975784,1060585062.35,51049
2026-06-19,INE878B01027,KEI,EQ,5649.5,5649.5,5470.5,5631.0,5630.0,5630.5,339856,1889670422.5,32482
2026-06-19,INE164B01030,KELLTONTEC,EQ,15.72,15.72,15.4,15.56,15.64,15.76,1346615,20909000.25,3382
2026-06-19,INE15DO01012,KEN,SM,36.05,36.25,35.75,36.25,36.25,38.0,9600,346800.0,8
2026-06-19,INE717A01029,KENNAMET,EQ,2969.8,3043.6,2945.0,2999.3,3015.0,2956.0,6279,18825333.4,1255
2026-06-19,INE202H01019,KERNEX,EQ,2073.6,2108.0,1985.6,1999.5,2011.0,2077.7,262760,531445780.3,17925
2026-06-19,INE087A01019,KESORAMIND,BE,12.05,12.05,12.05,12.05,12.05,12.29,249160,3002378.0,270
2026-06-19,INE401H01017,KKCL,EQ,491.4,497.0,478.1,493.5,495.0,491.45,49402,24232921.6,1292
2026-06-19,INE681C01015,KEYFINSERV,EQ,250.0,258.4,250.0,255.65,255.95,254.95,601,153689.95,20
2026-06-19,INE263M01029,RUSTOMJEE,EQ,396.65,401.1,386.5,388.3,389.0,395.65,30808,12070705.75,1773
2026-06-19,INE138Y01010,KFINTECH,EQ,904.55,919.4,893.0,915.35,915.1,906.85,1122101,1020026311.85,27151
2026-06-19,INE834I01025,KHADIM,BE,106.0,109.2,106.0,107.61,109.1,108.29,32310,3482864.43,257
2026-06-19,INE731C01018,KHAITANLTD,BE,126.0,126.61,123.8,124.25,126.0,126.0,177,22107.33,9
2026-06-19,INE745B01028,KHAICHEM,BE,56.28,56.93,55.6,56.38,56.72,56.28,47300,2659179.82,231
2026-06-19,INE060B01014,KHANDSE,EQ,18.0,18.6,17.56,18.3,18.3,18.4,1609,29636.58,37
2026-06-19,INE00UG01014,KHFM,SM,62.35,64.95,52.4,56.5,52.95,65.45,55800,3170835.0,32
2026-06-19,INE338F01015,KLBRENG-B,EQ,489.0,499.9,481.95,485.35,483.05,489.55,51551,25184352.7,1956
2026-06-19,INE729D01010,KILITCH,EQ,182.69,189.99,181.27,185.86,188.0,182.69,97355,17919771.13,1420
2026-06-19,INE473D01015,KINGFA,EQ,5126.5,5210.0,5051.5,5159.5,5150.0,5126.5,6285,32413128.0,2833
2026-06-19,INE880L01014,KIOCL,EQ,407.0,411.7,401.5,405.45,406.45,409.15,127701,51887962.4,5034
2026-06-19,INE555P01013,KIRANVYPAR,EQ,202.0,202.0,194.98,200.13,200.5,200.11,1437,285573.37,171
2026-06-19,INE415I01015,KIRIINDUS,EQ,387.3,398.5,387.3,394.65,395.0,390.65,207618,82015891.35,5203
2026-06-19,INE732A01036,KIRLOSBROS,EQ,1898.8,1965.0,1884.3,1933.6,1944.5,1903.2,229309,441425259.6,20196
2026-06-19,INE134B01017,KECL,BE,102.0,104.56,102.0,104.56,104.56,102.51,19893,2050848.0,82
2026-06-19,INE884B01025,KIRLFER,EQ,473.7,489.3,466.55,476.8,477.5,473.7,491734,235408451.1,18364
2026-06-19,INE250A01039,KIRLOSIND,EQ,3839.0,3955.0,3704.3,3749.8,3727.3,3808.7,60486,232605050.7,7692
2026-06-19,INE146L01010,KIRLOSENG,EQ,1991.3,2022.0,1948.0,1991.5,2000.0,1983.5,343321,682082220.2,37725
2026-06-19,INE811A01020,KIRLPNU,EQ,1835.0,1987.0,1814.5,1950.0,1969.3,1828.0,727663,1405316985.4,67363
2026-06-19,INE602G01020,KITEX,EQ,161.9,166.98,160.1,163.41,163.5,161.21,1561552,255962688.37,12870
2026-06-19,INE0KNW01016,KNAGRI,EQ,207.95,213.1,202.01,211.32,213.1,204.28,12314,2552831.63,284
2026-06-19,INE0CJD01029,KMEW,EQ,2054.8,2129.3,1965.0,2072.9,2074.0,2054.3,345596,708604802.4,29839
2026-06-19,INE1JAR25012,KRT,RR,116.92,118.0,115.77,116.66,117.0,116.94,9200780,1073203493.03,15836
2026-06-19,INE634I01029,KNRCON,EQ,139.0,142.79,137.0,140.86,141.01,139.13,2442331,343296117.24,24275
2026-06-19,INE0Q7P01013,KODYTECH,SM,1099.6,1133.0,1075.05,1117.25,1112.0,1105.25,19700,21747680.0,145
2026-06-19,INE080B01012,KOHINOOR,EQ,26.09,26.5,25.18,25.84,25.45,26.08,121780,3176898.39,2408
2026-06-19,INE760A01029,KOKUYOCMLN,EQ,88.49,89.3,86.1,87.1,87.0,87.78,51745,4558129.4,652
2026-06-19,INE094I01018,KOLTEPATIL,EQ,379.0,381.55,375.05,377.8,377.0,379.9,30130,11394568.6,1022
2026-06-19,INE0QEI01011,KONSTELEC,ST,50.05,51.0,48.65,48.65,48.65,51.1,12000,596800.0,9
2026-06-19,INE0KZ301010,KONTOR,SM,59.0,60.0,59.0,60.0,60.0,58.35,1200,71400.0,2
2026-06-19,INE082A01010,KOPRAN,BE,187.0,194.01,187.0,194.01,194.01,184.78,170382,32924446.33,1037
2026-06-19,INE0O4R01018,KDL,SM,127.0,132.5,123.0,128.55,130.0,127.3,24150,3105690.0,85
2026-06-19,INF174KA1HJ8,GOLD1,EQ,123.15,123.15,119.09,120.59,120.71,123.15,5898775,708611698.62,18599
2026-06-19,INE237A01036,KOTAKBANK,EQ,402.5,403.55,398.0,399.25,399.5,402.95,17504009,6996811406.65,144218
2026-06-19,INF174K014P6,NIFTY1,EQ,266.82,266.82,260.0,265.78,266.18,266.82,166489,44180840.9,1532
2026-06-19,INF373I01023,PSUBANK,EQ,890.3,890.3,870.0,872.76,872.0,881.12,16171,14115511.76,525
2026-06-19,INF174KA1XV0,CHEMICAL,EQ,29.97,29.98,29.7,29.82,29.88,29.84,627239,18709798.04,1013
2026-06-19,INF174KA1IA5,ALPHA,EQ,50.75,52.25,50.75,52.13,52.25,51.58,1398325,72480630.55,3020
2026-06-19,INF174KA1ZF8,CONS,EQ,11.91,12.0,11.82,11.94,12.0,11.91,231447,2750092.27,251
2026-06-19,INF174KA1GC5,IT,EQ,31.1,31.1,29.52,30.38,30.49,31.58,3267977,97896851.36,4776
2026-06-19,INF174KA1LV5,LIQUID1,EQ,1109.41,1111.44,1108.02,1109.87,1109.88,1109.41,1522257,1689506833.86,697
2026-06-19,INF174KA1IY5,LOWVOL1,EQ,20.68,20.95,20.59,20.87,20.95,20.78,439628,9095904.49,169
2026-06-19,INF174KA1ZC5,MIDCAP,EQ,18.43,18.43,17.78,18.1,18.13,18.1,460659,8315886.84,834
2026-06-19,INF174KA1JF2,MNC,EQ,33.74,33.74,32.95,33.39,33.55,33.42,58428,1953771.65,378
2026-06-19,INF174KA1ZD3,SILVER1,EQ,23.33,23.33,21.9,22.51,22.48,23.33,14242247,315967253.16,12673
2026-06-19,INF174KA1ZE1,NV20,EQ,14.26,14.26,13.98,14.13,14.25,14.26,46083,648267.4,254
2026-06-19,INF174KA1VW2,MID150,EQ,23.19,23.3,23.11,23.28,23.29,23.19,44231,1024919.33,150
2026-06-19,INF174KA1XS6,MOMENTUM30,EQ,31.18,31.33,30.57,30.99,30.57,31.23,26271,819363.01,87
2026-06-19,INF174KA1VD2,MSCIINDIA,EQ,29.69,29.7,29.48,29.61,29.7,29.71,154523,4569883.44,98
2026-06-19,INF174KA1YO3,NEXT50ETF,EQ,72.8,72.98,72.51,72.92,72.95,72.89,15349,1117305.45,82
2026-06-19,INF174KA1UW4,NIFTY100EW,EQ,34.76,34.88,33.76,34.74,34.88,34.76,422887,14693553.48,247
2026-06-19,INF174KA1WT6,QUALITY30,EQ,20.47,20.57,20.19,20.31,20.31,20.49,38432,779566.23,72
2026-06-19,INF174KA1ZB7,BANKNIFTY1,EQ,59.0,59.91,59.0,59.84,59.84,59.91,345318,20633794.81,784
2026-06-19,INE972A01020,KOTIC,EQ,168.99,168.99,163.0,164.0,164.0,165.33,5587,919647.05,132
2026-06-19,INE720A01015,KOTHARIPET,EQ,123.64,123.78,121.37,122.67,123.11,123.64,24486,3001492.13,957
2026-06-19,INE823A01017,KOTHARIPRO,EQ,71.55,72.0,70.2,71.26,71.64,71.52,3698,262918.67,88
2026-06-19,INE419A01022,KOTARISUG,EQ,26.5,26.5,25.58,26.01,26.09,26.21,16859,439514.7,198
2026-06-19,INE0J0B01017,KOTYARK,EQ,407.7,407.7,385.25,393.3,388.0,400.0,72605,28880564.9,1335
2026-06-19,INE177F01017,KOVAI,EQ,5809.0,5883.5,5809.0,5842.5,5865.0,5867.5,1604,9359242.0,728
2026-06-19,INE542W01025,KPIGREEN,EQ,406.6,412.9,402.0,409.15,409.6,407.4,610005,247615949.0,16462
2026-06-19,INE04I401011,KPITTECH,EQ,729.9,769.85,711.1,760.05,765.0,745.95,2632393,1941646951.3,59913
2026-06-19,INE930H01031,KPRMILL,EQ,1186.0,1186.0,1125.0,1159.75,1162.0,1186.4,1246017,1422995219.45,60388
2026-06-19,INE001B01026,KRBL,EQ,382.95,391.7,380.25,384.95,385.4,383.4,508555,196272694.45,13520
2026-06-19,INE268B01013,KREBSBIO,EQ,65.0,65.89,64.5,65.58,65.89,64.31,1289,83902.69,29
2026-06-19,INE524L01026,KRIDHANINF,BE,2.99,2.99,2.84,2.86,2.86,2.93,12274,35373.22,43
2026-06-19,INE506W01012,KRISHANA,EQ,688.1,699.75,675.1,679.5,679.0,686.7,338324,232832887.75,9288
2026-06-19,INE0NR701018,KRISHCA,SM,180.0,180.0,175.0,175.8,175.0,176.1,18500,3254525.0,33
2026-06-19,INE0GGO01015,KRISHIVAL,EQ,410.0,410.0,406.0,407.6,408.7,407.3,10406,4239936.3,245
2026-06-19,IN90GGO01013,KRISHPP,E1,130.0,142.3,129.0,142.3,142.3,118.6,34720,4847922.9,209
2026-06-19,INE0J5601015,KRISHNADEF,EQ,1319.7,1368.9,1302.0,1350.6,1352.0,1320.0,145242,195026921.5,10010
2026-06-19,INE967H01025,KIMS,EQ,782.0,818.0,781.05,804.25,806.75,789.75,761160,612040338.2,28236
2026-06-19,INE479D01038,KRITI,BE,72.3,74.8,70.51,72.57,71.55,72.3,6405,462233.15,66
2026-06-19,INE798K01010,KRITINUT,BE,81.62,83.98,80.5,81.72,82.4,83.29,11488,937345.16,135
2026-06-19,INE00Z501029,KRITIKA,EQ,5.99,6.06,5.93,5.99,5.98,5.99,148566,889275.65,396
2026-06-19,INE1MTV01019,KRMAYURVED,ST,245.25,249.75,232.1,236.9,236.9,244.3,84000,19850750.0,68
2026-06-19,INE0Q3J01015,KRN,BE,1215.0,1249.0,1210.0,1235.2,1243.0,1219.4,85091,104940349.9,2492
2026-06-19,INE0ATZ01017,KRONOX,EQ,150.1,154.5,149.41,152.77,153.0,152.97,121047,18412841.8,2118
2026-06-19,INE0O6601022,KROSS,EQ,186.6,193.6,184.12,188.46,190.0,186.88,275539,52181217.4,4541
2026-06-19,INE08LI01020,KRSNAA,EQ,531.0,536.3,528.1,531.3,532.25,533.65,55907,29763617.0,3298
2026-06-19,INE0QN801017,KRYSTAL,EQ,605.0,619.0,602.6,608.5,608.0,601.65,25223,15412089.9,1132
2026-06-19,INE999A01023,KSB,EQ,878.15,909.0,872.2,902.55,907.7,878.15,179225,160695402.8,11552
2026-06-19,INE987S01020,KSHINTL,EQ,876.7,907.5,871.0,886.2,888.0,885.55,240542,213946611.75,17069
2026-06-19,INE013801027,KSHITIJPOL,BE,5.32,5.32,5.32,5.32,5.32,5.59,213219,1134325.08,690
2026-06-19,INE0D6I01023,KSOLVES,EQ,292.0,294.0,289.3,291.05,293.65,291.45,25981,7561295.55,1320
2026-06-19,INE1SPP01016,KSR,EQ,32.0,33.32,31.13,33.15,32.75,31.74,24445,800085.21,121
2026-06-19,INE529I01021,KUANTUM,EQ,77.5,78.92,74.76,75.55,75.2,76.98,146079,11129803.89,2618
2026-06-19,INE0OWX01025,KEL,SM,79.5,79.5,79.25,79.25,79.25,77.9,4800,380820.0,4
2026-06-19,INE552U01010,KPL,EQ,2360.0,2500.0,2360.0,2485.2,2490.0,2342.6,29001,70704110.9,3495
2026-06-19,INE2KCE01013,KWIL,EQ,36.59,37.5,35.55,35.95,35.9,36.65,13971598,510645377.37,24805
2026-06-19,INE498L01015,LTF,EQ,282.4,289.8,282.4,286.5,286.75,286.9,4742265,1360139578.75,36807
2026-06-19,INE010V01017,LTTS,EQ,3300.0,3366.4,3275.0,3331.2,3332.0,3407.8,92960,309825170.0,18349
2026-06-19,INE059D01020,LAOPALA,EQ,181.4,184.5,179.73,183.46,182.98,181.41,77135,14039390.96,1595
2026-06-19,INE548Z01017,LAGNAM,EQ,79.96,84.68,79.96,82.48,82.9,80.37,17200,1410313.36,246
2026-06-19,INE515C01023,LAHOTIOV,EQ,44.95,46.87,44.0,44.16,45.98,44.66,2365,105778.65,50
2026-06-19,INE850E01012,LFIC,EQ,150.0,150.75,146.1,148.11,148.11,152.77,1356,201554.13,37
2026-06-19,INE651C01018,LAKPRE,BZ,4.75,4.75,4.6,4.6,4.6,4.73,149,691.9,3
2026-06-19,INE0VZS01015,LAKSHYA,ST,111.0,112.0,109.1,110.1,110.1,113.0,3200,353760.0,4
2026-06-19,INE112F01022,LAMBODHARA,EQ,110.0,124.4,109.98,114.13,115.0,108.56,305746,36334045.55,4766
2026-06-19,INE0R0201012,LAMOSAIC,SM,34.4,36.9,34.4,35.95,36.0,35.35,116400,4202040.0,46
2026-06-19,INE572G01025,LANCORHOL,EQ,24.17,25.99,24.17,24.96,24.66,25.3,31304,790397.84,421
2026-06-19,INE559R01029,LANDMARK,EQ,447.6,447.6,420.0,426.05,429.0,447.6,313542,135262965.2,7372
2026-06-19,INE197J01017,LPDC,EQ,6.75,7.14,6.65,6.75,6.81,6.75,22316,151003.79,91
2026-06-19,INE688J01023,LANDSMILL,EQ,0.86,0.86,0.83,0.84,0.85,0.85,2571469,2174693.22,948
2026-06-19,INE018A01030,LT,EQ,4190.0,4217.5,4161.6,4209.4,4210.0,4190.0,1397746,5865057216.4,82723
2026-06-19,INE670X01014,LASA,EQ,7.65,7.79,7.25,7.51,7.56,7.81,32645,245275.79,158
2026-06-19,INE0I7C01011,LATENTVIEW,EQ,302.25,303.0,293.5,299.15,299.9,309.3,1383380,410899522.3,32178
2026-06-19,INE262Z01023,LATTEYS,BE,22.1,22.65,21.5,21.58,22.0,22.6,78314,1718644.01,221
2026-06-19,INE947Q01028,LAURUSLABS,EQ,1368.0,1424.6,1363.8,1412.9,1411.2,1368.8,2349174,3287921818.6,51855
2026-06-19,INE801V01019,LAXMICOT,EQ,14.98,15.3,14.61,14.8,14.79,14.98,10534,157499.72,48
2026-06-19,INE0WO601020,LAXMIDENTL,EQ,224.8,225.0,220.11,223.74,224.55,223.03,90927,20242670.83,2091
2026-06-19,INE258Y01016,LGHL,EQ,233.5,233.5,225.0,229.15,229.43,229.73,41821,9613135.36,659
2026-06-19,INE06WU01026,LAXMIINDIA,BE,112.1,112.99,108.5,110.07,110.9,112.77,53691,5932446.5,406
2026-06-19,INE576O01020,LXCHEM,EQ,152.4,154.67,151.18,152.37,152.5,153.21,386027,58899650.18,5229
2026-06-19,INE938A01021,LCCINFOTEC,EQ,4.81,4.81,4.6,4.75,4.75,4.59,90212,429249.38,124
2026-06-19,INE0G1L01025,LEMERITE,EQ,25.5,27.36,25.47,27.27,27.36,26.06,1044447,28036091.24,2142
2026-06-19,INE0HV901016,IXIGO,EQ,188.9,193.9,186.98,189.98,190.9,188.9,966294,183824603.51,18540
2026-06-19,INE0H4B01011,LRRPL,SM,90.0,95.0,90.0,92.1,92.1,92.0,25500,2400150.0,8
2026-06-19,INE0AQ201015,THELEELA,EQ,457.6,502.0,450.4,494.2,492.15,457.6,3439293,1676436477.6,71429
2026-06-19,INE970X01018,LEMONTREE,EQ,111.95,113.5,111.62,113.04,113.34,111.86,4434976,500409120.27,48442
2026-06-19,INE956O01016,LENSKART,EQ,505.05,521.6,502.25,511.95,510.0,505.05,36824632,18841552421.55,109443
2026-06-19,INE500X01013,LEXUS,EQ,16.32,16.99,15.11,15.85,15.65,16.32,28179,443945.09,228
2026-06-19,INE337A01034,LGBBROSLTD,EQ,1550.0,1560.0,1525.0,1554.8,1560.0,1549.9,13291,20601792.7,1940
2026-06-19,INE324D01010,LGEINDIA,EQ,1600.0,1705.2,1565.4,1647.8,1680.0,1607.6,7829058,12860016176.5,150259
2026-06-19,INE908V01012,LIBAS,EQ,11.76,12.0,11.75,11.79,11.81,11.81,25398,300125.81,76
2026-06-19,INE557B01019,LIBERTSHOE,EQ,259.72,266.9,256.0,258.62,258.58,259.72,71030,18563095.9,2022
2026-06-19,INE115A01026,LICHSGFIN,EQ,548.55,553.65,545.15,549.9,550.35,550.15,1088518,598325523.45,16361
2026-06-19,INF767K01SM1,LICMFGOLD,EQ,132.35,132.4,129.0,131.0,131.0,133.7,84795,11062141.6,1172
2026-06-19,INF767K01OS7,LICNETFN50,EQ,272.0,272.0,267.18,267.18,267.18,269.32,159,42633.64,17
2026-06-19,INF767K01OT5,LICNETFSEN,EQ,866.64,866.64,861.77,865.0,865.0,865.93,104,89667.25,6
2026-06-19,INF767K01PC8,LICNFNHGP,EQ,274.9,275.23,273.22,273.85,273.85,274.72,39,10700.72,16
2026-06-19,INF767K01MV5,LICNETFGSC,EQ,29.09,29.23,28.97,29.11,29.15,29.09,111921,3258063.5,131
2026-06-19,INF767K01RN1,LICNMID100,EQ,61.18,62.75,61.18,62.73,62.74,62.75,4221,263716.93,73
2026-06-19,INE0J1Y01017,LICI,EQ,430.8,450.2,430.05,440.15,441.5,430.0,12106383,5344054919.05,103308
2026-06-19,INE060901027,LIKHITHA,BE,245.77,248.0,240.51,243.21,245.0,245.77,44455,10881948.18,406
2026-06-19,INE802B01027,LINC,EQ,100.96,108.4,100.21,104.13,103.85,100.96,68215,7152138.14,881
2026-06-19,INE405C01035,LINCOLN,EQ,618.0,622.9,611.1,614.65,614.0,608.75,25584,15798853.35,1369
2026-06-19,INE473A01011,LINDEINDIA,EQ,7272.0,7570.0,7123.5,7460.5,7490.0,7275.5,48489,358564308.5,8252
2026-06-19,INE093R01011,LLOYDSENGG,EQ,84.5,87.4,81.29,86.84,87.0,84.76,41805397,3548473145.68,113530
2026-06-19,INE080I01025,LLOYDSENT,EQ,77.33,77.99,74.36,77.22,76.9,76.88,5589903,425605305.22,22342
2026-06-19,INE0DTQ01028,LLOYDS,ST,83.05,87.4,83.05,87.4,87.4,83.25,14000,1206400.0,13
2026-06-19,INE281B01032,LLOYDSME,EQ,1753.1,1786.9,1742.0,1766.2,1769.0,1756.2,235003,414588650.0,14318
2026-06-19,INE269B01029,LMW,EQ,16625.0,16957.0,16580.0,16665.0,16644.0,16720.0,6732,112412462.0,3228
2026-06-19,INE670K01029,LODHA,EQ,922.65,923.0,907.0,918.15,921.5,924.0,1749432,1601450199.95,28702
2026-06-19,INE397H01017,LOKESHMACH,BE,278.0,280.0,267.0,270.25,270.55,275.0,20309,5576193.25,176
2026-06-19,INE846D01012,LORDSCHLO,EQ,132.38,134.5,131.0,132.66,132.07,132.38,5896,783080.8,262
2026-06-19,INE740X01023,LAL,EQ,7.8,7.85,7.57,7.8,7.83,7.6,28441,220502.82,117
2026-06-19,INE947I01017,LOTUSEYE,EQ,132.86,132.86,126.0,127.69,128.0,132.86,23855,3077243.59,436
2026-06-19,INE597L01014,LOVABLE,EQ,74.7,75.5,73.5,74.28,74.0,73.66,8368,624220.58,199
2026-06-19,INE818H01020,LTFOODS,EQ,385.25,388.85,380.4,383.0,384.65,386.45,465674,179014972.05,18156
2026-06-19,INE214T01019,LTM,EQ,3829.9,3842.0,3756.0,3832.5,3840.0,3998.0,940238,3574155690.1,70201
2026-06-19,INE872H01027,LUMAXTECH,EQ,1670.0,1672.0,1636.0,1646.4,1649.9,1672.4,70642,116548863.8,9283
2026-06-19,INE162B01018,LUMAXIND,EQ,5320.0,5325.5,5258.5,5279.5,5273.0,5320.0,6074,32099740.0,1941
2026-06-19,INE326A01037,LUPIN,EQ,2303.2,2355.8,2303.2,2351.6,2352.3,2327.1,1186959,2777238625.8,51755
2026-06-19,INE150G01020,LUXIND,EQ,1257.4,1257.8,1240.0,1246.2,1248.6,1257.4,30386,37879869.5,2210
2026-06-19,INE933A01014,LYKALABS,EQ,70.06,71.03,66.86,67.38,67.85,70.06,50100,3415151.26,708
2026-06-19,INE142K01011,LYPSAGEMS,EQ,4.83,5.0,4.83,4.88,4.95,4.84,13863,68071.81,111
2026-06-19,INE08N601015,MBEL,EQ,312.0,325.95,307.05,310.55,311.9,311.5,331793,105208203.05,12008
2026-06-19,INE964W01021,MKPL,EQ,4.98,4.99,4.9,4.91,4.91,4.96,80512,397585.44,330
2026-06-19,INE813V01022,MCL,EQ,58.74,59.25,57.4,57.79,57.85,58.74,43423,2519972.94,797
2026-06-19,INE774D01024,M&MFIN,EQ,294.0,295.1,289.5,294.1,294.55,296.05,1749245,512705479.05,22324
2026-06-19,INE0SGC01015,MVKAGRO,SM,398.75,398.75,375.0,380.65,380.0,398.75,15600,5977710.0,49
2026-06-19,INE215I01027,MAANALU,EQ,127.44,128.46,126.25,127.14,127.48,128.25,36853,4680181.51,1076
2026-06-19,INE435D01014,MCCHRLS-B,EQ,705.0,705.0,705.0,705.0,705.0,690.0,1,705.0,1
2026-06-19,INE0R0J01010,MACOBSTECH,SM,230.0,232.0,224.0,224.0,224.0,230.0,43200,9826360.0,32
2026-06-19,INE155Z01011,MACPOWER,EQ,1052.0,1207.75,1052.0,1182.05,1174.0,1052.05,209582,242261683.75,14448
2026-06-19,INE631R01026,MADHAVIPL,EQ,8.82,9.13,8.77,8.88,8.92,8.82,98997,878512.51,342
2026-06-19,INE925C01016,MADHAV,EQ,40.25,40.25,37.9,38.98,39.55,38.39,6327,245716.3,85
2026-06-19,INE378D01032,MADHUCON,EQ,6.39,6.55,6.1,6.16,6.16,6.36,60785,379490.46,145
2026-06-19,INE0P6701019,MADHUSUDAN,SM,150.0,180.0,146.4,177.75,180.0,150.0,160000,27776450.0,113
2026-06-19,INE900L01010,MBAPL,EQ,565.8,569.0,555.05,563.0,564.8,565.9,106213,59648965.25,2070
2026-06-19,INE414A01015,MADRASFERT,EQ,70.3,73.3,70.3,71.84,72.0,70.7,220897,15899710.34,2768
2026-06-19,INE270B01035,MAFATIND,EQ,129.0,136.78,127.21,132.09,133.85,129.0,170734,22604032.08,3478
2026-06-19,INE347W01011,MAGADSUGAR,EQ,465.0,465.0,448.0,452.9,454.4,459.9,9333,4247904.1,490
2026-06-19,INE613C01026,MCLOUD,EQ,32.29,34.29,28.61,29.24,29.4,31.53,61411454,1956581737.95,109912
2026-06-19,INE387I01016,MAGNUM,EQ,19.8,20.4,19.54,19.73,19.64,19.89,3492,69332.5,81
2026-06-19,INE0O1S01012,MAGSON,ST,160.0,160.0,160.0,160.0,160.0,157.75,150000,24000000.0,2
2026-06-19,INE843B01013,MAHAPEXLTD,EQ,48.0,48.75,47.02,48.27,48.75,47.51,7258,348836.51,93
2026-06-19,INE0US801024,MFML,EQ,24.7,24.78,23.0,23.0,23.0,22.87,3962,94335.61,45
2026-06-19,INE112D01035,MHLXMIRU,EQ,170.9,172.0,165.15,168.79,171.96,168.75,2117,357204.3,112
2026-06-19,INE451L01014,MAHASTEEL,BE,796.95,831.15,776.2,830.1,831.15,791.6,8617,7090803.75,173
2026-06-19,INE002S01010,MGL,EQ,1209.0,1223.0,1200.1,1209.0,1210.1,1210.7,243182,294792899.9,13564
2026-06-19,INE153A01019,MTNL,EQ,32.0,32.6,31.54,31.87,32.06,32.04,1534615,49039295.29,5253
2026-06-19,INE288A01013,MAHSCOOTER,EQ,12596.0,12689.0,12412.0,12597.0,12590.0,12544.0,3451,43388611.0,1382
2026-06-19,INE271B01025,MAHSEAMLES,EQ,635.0,637.0,624.0,630.65,635.0,632.7,96267,60685788.25,5362
2026-06-19,INE632Q01018,MRIL,SM,59.0,59.0,59.0,59.0,59.0,56.2,9600,566400.0,5
2026-06-19,INE263W01010,MAHESHWARI,BE,72.6,72.6,71.54,72.01,72.3,72.25,23945,1729025.63,81
2026-06-19,INE961Y01015,MAHICKRA,ST,251.0,251.0,246.0,246.0,246.0,248.0,1500,372750.0,2
2026-06-19,INE101A01026,M&M,EQ,3110.0,3130.0,3059.0,3074.8,3079.7,3136.5,3408840,10509268754.6,115716
2026-06-19,INE215D01010,MAHEPC,EQ,115.5,117.68,115.47,116.5,116.06,116.61,21960,2555122.95,482
2026-06-19,INE998I01010,MHRIL,EQ,231.8,239.87,230.25,235.01,235.82,232.92,237208,55648393.62,4618
2026-06-19,INE813A01018,MAHLIFE,EQ,352.0,356.6,344.3,352.35,356.35,350.15,378073,132593775.55,7991
2026-06-19,INE766P01016,MAHLOG,EQ,356.2,364.95,349.3,354.95,358.0,354.55,276682,98292330.65,7831
2026-06-19,INE683C01011,MAITHANALL,EQ,1139.0,1148.2,1105.0,1111.2,1114.0,1136.2,95747,107686264.3,6339
2026-06-19,INE0PLQ01011,MAITREYA,SM,152.0,152.0,145.0,150.8,152.0,146.5,3200,477740.0,8
2026-06-19,INE201B01022,MAJESAUT,EQ,342.0,343.0,340.5,340.8,341.0,340.2,874,298571.8,42
2026-06-19,INE0CDK01019,MAKS,SM,24.25,24.25,24.25,24.25,24.25,25.5,15000,363750.0,7
2026-06-19,INE389C01015,MALLCOM,EQ,1101.0,1139.0,1081.0,1099.1,1081.5,1080.8,15978,17626205.45,745
2026-06-19,INE383H01017,MALUPAPER,EQ,32.3,32.3,31.0,31.33,31.5,32.0,14919,465878.72,437
2026-06-19,INE0TO701015,MAMATA,EQ,366.0,371.0,362.7,369.8,368.0,366.4,48182,17711441.3,1313
2026-06-19,INE830Q01018,MANAKCOAT,EQ,114.0,118.0,111.66,116.1,116.02,114.12,172707,19822433.42,2313
2026-06-19,INE993A01026,MANINDS,EQ,590.9,613.0,575.15,587.6,589.0,588.5,834859,498942154.5,20155
2026-06-19,INE949H01023,MANINFRA,EQ,106.72,106.75,104.4,104.97,104.86,105.63,1035988,108943640.07,5282
2026-06-19,INE859Q01017,MANAKALUCO,EQ,40.13,40.13,39.06,39.58,39.75,40.54,57107,2257900.49,900
2026-06-19,INE015D01022,MANAKSIA,EQ,59.85,61.3,58.6,59.16,59.2,59.85,33145,1981863.88,270
2026-06-19,INE824Q01011,MANAKSTEEL,BE,70.0,72.6,69.12,72.4,72.6,69.15,58652,4211326.37,293
2026-06-19,INE201A01024,MANALIPETC,EQ,66.55,66.76,65.16,65.5,65.81,66.55,347843,22860239.86,2982
2026-06-19,INE522D01027,MANAPPURAM,EQ,311.75,319.75,305.9,318.65,318.6,321.35,3024159,958514080.9,43577
2026-06-19,INE0U4H01011,MPEL,ST,42.0,43.55,39.6,43.55,43.55,41.5,70400,2941920.0,24
2026-06-19,INE939X01013,MANBA,EQ,131.35,135.79,129.6,132.35,132.0,131.35,91260,12116476.52,1240
2026-06-19,INE545L01039,MANCREDIT,EQ,207.0,220.0,207.0,217.77,217.0,213.88,245891,53193824.42,1695
2026-06-19,INE0PKD01011,MEIL,BE,312.5,320.0,311.05,315.7,318.5,315.45,33364,10507714.5,373
2026-06-19,INE00C401011,MAL,SM,35.2,36.8,33.5,35.0,35.55,35.25,104000,3536160.0,45
2026-06-19,INE347A01017,MANGLMCEM,EQ,849.0,857.9,843.15,852.6,857.0,849.15,30047,25610133.1,1558
2026-06-19,INE584F01014,MANGALAM,EQ,30.5,30.5,29.2,30.03,30.19,30.11,29416,871975.64,209
2026-06-19,INE0APB01032,MGEL,BE,15.7,16.0,15.01,15.77,15.98,15.7,160052,2518627.41,342
2026-06-19,INE370D01013,MANORG,BE,544.0,567.5,530.1,563.45,565.0,544.1,5507,3074677.55,158
2026-06-19,INE0JYY01011,MWL,EQ,373.95,377.65,371.15,375.85,377.0,373.95,11108,4163658.25,406
2026-06-19,INE0R3101011,MIEL,SM,13.6,13.6,13.0,13.1,13.1,13.45,8000,105500.0,4
2026-06-19,INE634S01028,MANKIND,EQ,2417.0,2430.0,2395.0,2414.2,2418.0,2406.0,484809,1171423114.0,26978
2026-06-19,INE0KNT01012,MVGJL,EQ,151.0,151.0,146.6,147.5,147.95,148.38,61225,9044570.56,1408
2026-06-19,INE784W01015,MANOMAY,EQ,194.94,197.0,177.87,194.19,190.0,188.89,102599,19478353.43,2082
2026-06-19,INE00VM01036,MANORAMA,EQ,1530.7,1574.2,1519.1,1558.2,1563.5,1529.3,126904,197022258.5,9762
2026-06-19,INE867A01022,MANUGRAPH,BE,15.11,16.0,15.1,15.75,15.75,15.37,792,12332.75,23
2026-06-19,INE882A01013,MARALOVER,BE,58.4,58.4,56.41,57.0,57.0,57.3,4235,242551.79,48
2026-06-19,INE182D01020,MARATHON,EQ,405.2,407.85,394.15,398.25,397.9,405.2,72292,28977102.35,2941
2026-06-19,INE0TD401015,MARC,ST,77.0,80.45,77.0,80.45,80.45,76.65,8400,670560.0,6
2026-06-19,INE0QP001012,MARCO,SM,32.0,32.0,30.5,31.0,31.0,30.6,10500,327300.0,7
2026-06-19,INE196A01026,MARICO,EQ,820.4,825.45,805.4,817.05,818.45,820.75,2005978,1637794862.8,40704
2026-06-19,INE01JE01028,MARINE,EQ,263.05,265.2,252.95,258.45,258.5,261.5,520331,135380962.95,8044
2026-06-19,INE0FW001016,MARKOLINES,EQ,167.75,171.99,167.75,171.36,171.99,167.58,366658,62366094.69,2589
2026-06-19,INE750C01026,MARKSANS,EQ,260.99,265.36,257.29,259.67,259.0,261.45,2398746,625234316.98,29243
2026-06-19,INE415B01044,MARSONS,EQ,116.65,118.64,116.41,116.99,117.06,117.48,847213,99392273.26,3782
2026-06-19,INE0X7G01013,MARUSHIKA,SM,89.0,89.95,89.0,89.95,89.95,89.95,6000,537660.0,5
2026-06-19,INE585B01010,MARUTI,EQ,13484.0,13507.0,13353.0,13395.0,13422.0,13484.0,719756,9647776045.0,58625
2026-06-19,INE575Z01010,MDL,ST,73.3,73.3,73.3,73.3,73.3,70.3,1000,73300.0,1
2026-06-19,INE348L01012,MASFIN,EQ,321.7,321.9,317.1,319.05,319.0,320.05,112538,35953359.25,5640
2026-06-19,INE885F01015,MASKINVEST,BE,154.5,162.98,154.24,154.48,154.24,162.35,528,81868.82,21
2026-06-19,INE0SH001010,MASON,SM,140.0,140.0,136.0,136.0,136.0,142.8,1500,207000.0,3
2026-06-19,INE759A01021,MASTEK,EQ,1605.1,1621.7,1586.1,1605.5,1619.0,1636.2,71045,113638130.4,9420
2026-06-19,INE0OJM01017,MASTER,SM,362.0,362.25,356.8,356.8,356.8,359.0,1500,540525.0,3
2026-06-19,INE677D01037,MASTERTR,EQ,79.4,79.64,78.07,78.63,78.99,79.61,305164,24029930.95,2314
2026-06-19,INE866R01028,MATRIMONY,EQ,390.15,392.0,388.05,389.15,389.75,390.25,7293,2839462.35,401
2026-06-19,INE132901013,MGSL,SM,63.0,65.2,60.0,60.55,61.0,63.0,13200,812700.0,9
2026-06-19,INE636A01039,MAWANASUG,BE,109.5,110.25,107.0,109.41,110.2,108.46,50196,5482602.15,457
2026-06-19,INE03EI01018,MAXESTATES,EQ,449.6,457.8,443.2,452.6,455.0,454.15,42741,19170866.05,1934
2026-06-19,INE180A01020,MFSL,EQ,1690.9,1691.6,1646.5,1669.3,1675.6,1688.2,366339,610305423.7,19860
2026-06-19,INE027H01010,MAXHEALTH,EQ,1083.8,1102.75,1079.1,1094.75,1097.0,1090.45,2057402,2242501567.1,82188
2026-06-19,INE0CG601016,MAXIND,EQ,169.89,171.02,164.41,167.97,168.25,168.68,48853,8254439.74,1503
2026-06-19,INE0ECC01022,MAXPOSURE,SM,34.45,34.45,34.45,34.45,34.45,36.0,1000,34450.0,1
2026-06-19,INE10A501018,MAXVOLT,ST,392.0,400.0,392.0,397.0,395.2,396.55,15200,6004700.0,36
2026-06-19,INE040D01038,MAYURUNIQ,EQ,827.0,847.7,818.8,826.25,830.0,827.45,101206,84204296.2,6195
2026-06-19,INE249Z01020,MAZDOCK,EQ,2530.0,2545.0,2499.0,2518.7,2525.0,2533.9,765738,1932890153.2,33845
2026-06-19,INE885E01042,MAZDA,EQ,239.99,239.99,232.37,233.67,232.52,236.99,18340,4311376.67,670
2026-06-19,INE912H01013,MBLINFRA,BE,27.21,27.5,26.22,26.73,26.77,27.46,55083,1474095.92,150
2026-06-19,INE942G01012,MCLEODRUSS,BE,65.2,65.2,64.9,65.0,65.0,64.73,302222,19651815.2,329
2026-06-19,INE0O4M01019,MCON,SM,47.65,49.0,47.65,48.0,48.0,50.15,6000,287600.0,6
2026-06-19,INE456Z01021,MEDIASSIST,EQ,363.8,370.2,360.0,364.35,365.0,363.8,54685,19946981.95,2758
2026-06-19,INE200D01020,MMWL,BE,13.45,13.5,12.87,13.46,13.04,13.32,49326,647864.25,58
2026-06-19,INE646B01010,MEDICAMEQ,EQ,225.5,230.7,224.6,228.9,229.65,225.8,18826,4300233.3,641
2026-06-19,INE0PE401018,MEDIORG,SM,23.2,23.2,21.55,22.9,22.9,22.55,10000,228100.0,4
2026-06-19,INE630Y01024,MEDICO,EQ,43.21,43.51,42.38,42.63,43.0,43.07,29866,1277877.12,668
2026-06-19,INE0UOY01019,MEDISTEP,SM,21.0,21.0,21.0,21.0,21.0,21.5,3000,63000.0,1
2026-06-19,INE804L01022,MEDPLUS,EQ,850.9,854.95,840.75,844.45,845.0,850.9,74427,62975496.1,4574
2026-06-19,INE0VDM01015,MEESHO,EQ,170.72,179.3,165.05,173.56,177.0,170.72,71815467,12291317627.65,285124
2026-06-19,INE00EM01016,MEGASTAR,EQ,318.0,336.2,314.35,334.0,334.9,315.55,125097,41310348.5,3299
2026-06-19,INE531R01010,MEGATHERM,SM,190.1,194.95,189.35,194.3,194.05,191.4,56800,10827540.0,100
2026-06-19,INE0CT101020,MOL,EQ,50.0,50.83,49.61,50.29,50.51,50.22,382418,19196096.61,2603
2026-06-19,INE071D01033,MENONBE,EQ,169.64,179.39,169.0,175.43,175.9,169.64,313911,55199919.08,5624
2026-06-19,INE650G01029,MENNPIS,EQ,55.81,55.99,54.7,55.55,55.53,55.83,8851,491881.36,219
2026-06-19,INE776I01010,MEP,BZ,0.79,0.79,0.77,0.78,0.78,0.78,439012,343274.86,102
2026-06-19,INE689O01013,MERCANTILE,EQ,25.52,26.91,25.35,25.42,25.35,25.52,1311,33580.98,34
2026-06-19,INE763M01028,MERCURYEV,BE,33.29,33.29,33.29,33.29,33.29,32.64,20819,693064.51,93
2026-06-19,INE317I01021,METROBRAND,EQ,1028.0,1041.8,1026.0,1037.6,1040.5,1031.8,21349,22077736.4,3922
2026-06-19,INE085D01033,METROGLOBL,EQ,124.0,131.44,122.1,128.69,130.74,127.4,1198,154267.86,55
2026-06-19,INE112L01020,METROPOLIS,EQ,540.0,556.55,540.0,552.75,552.25,542.5,227539,125075262.05,10095
2026-06-19,INE287C01037,MICEL,EQ,42.7,43.0,42.03,42.29,42.4,42.78,379329,16066663.07,2513
2026-06-19,INE0PZK01014,MICROPRO,SM,18.5,18.5,18.5,18.5,18.5,18.65,1600,29600.0,1
2026-06-19,INE0XAD01024,MIDWESTLTD,EQ,1295.0,1318.9,1275.0,1290.1,1290.0,1299.4,16355,21085526.3,1391
2026-06-19,INE842C01021,MINDACORP,EQ,650.0,661.7,642.95,652.95,653.0,650.9,330070,215377795.9,13490
2026-06-19,INE0CCU25019,MINDSPACE,RR,461.08,464.0,461.0,463.52,464.0,461.08,227737,105466224.56,11293
2026-06-19,INE110B01017,MINDTECK,EQ,211.88,213.29,207.0,209.26,208.55,211.17,56933,11949864.7,1394
2026-06-19,INF769K01KU7,ALPHAETF,EQ,26.35,26.45,26.22,26.4,26.43,26.36,264323,6963334.84,821
2026-06-19,INF769K01KR3,BANKETF,EQ,586.81,587.49,584.35,586.08,586.89,588.08,70416,41254139.97,192
2026-06-19,INF769K01LZ4,BANKPSU,EQ,88.03,88.35,87.55,87.91,88.14,88.41,293102,25799053.75,288
2026-06-19,INF769K01NS5,CONSUMER,EQ,11.39,11.45,11.35,11.43,11.45,11.39,197233,2247132.82,290
2026-06-19,INF769K01QC2,DEFENCE,EQ,79.47,80.36,79.03,80.06,79.99,79.44,295471,23601986.36,958
2026-06-19,INF769K01PY8,DIVIDEND,EQ,36.58,36.58,35.08,35.43,35.46,35.69,23824,838498.56,152
2026-06-19,INF769K01PR2,ENERGY,EQ,40.22,40.84,40.22,40.73,40.78,40.67,706505,28750878.55,1131
2026-06-19,INF769K01OA1,EQUAL200,EQ,13.62,13.69,13.58,13.63,13.69,13.64,10742,146433.84,41
2026-06-19,INF769K01OO2,EQUAL50,EQ,328.0,328.71,327.05,328.65,328.71,330.41,1619,531533.58,13
2026-06-19,INF769K01LQ3,EVINDIA,EQ,31.68,31.68,31.01,31.4,31.45,31.45,136641,4280201.75,1321
2026-06-19,INF769K01QA6,HEALTHCARE,EQ,20.22,20.34,20.14,20.27,20.29,20.14,44633,902907.14,123
2026-06-19,INF769K01QB4,INFRA,EQ,12.51,12.61,12.14,12.43,12.43,12.39,79695,989218.52,158
2026-06-19,INF769K01PB6,INTERNET,EQ,12.52,12.6,12.41,12.57,12.58,12.52,53839,672239.69,116
2026-06-19,INF769K01KV5,ITETF,EQ,29.7,29.7,28.26,28.99,29.05,30.13,2766548,78914989.84,4707
2026-06-19,INF769K01KS1,LIQUID,EQ,999.99,1000.0,999.99,999.99,1000.0,999.99,391485,391484656.23,171
2026-06-19,INF769K01MY5,LIQUIDPLUS,EQ,1090.76,1090.8,1074.74,1090.78,1090.78,1090.34,125359,136650515.16,388
2026-06-19,INF769K01GS9,ESG,EQ,41.0,41.1,40.81,40.97,40.99,41.28,28788,1178797.44,131
2026-06-19,INF769K01HF4,MAFANG,EQ,190.1,190.1,190.1,190.1,190.1,192.82,56849,10806994.9,325
2026-06-19,INF769K01HI8,BFSI,EQ,27.19,27.47,27.15,27.34,27.42,27.48,845841,23062942.51,1016
2026-06-19,INF769K01JP9,GOLDETF,EQ,142.0,142.0,139.23,140.83,141.0,143.6,1263823,177314922.23,10363
2026-06-19,INF769K01KF8,GSEC10YEAR,EQ,30.3,30.3,30.06,30.13,30.18,30.15,155,4678.64,17
2026-06-19,INF769K01HS7,MAHKTECH,EQ,22.68,22.68,22.64,22.68,22.68,22.64,407826,9249393.12,4021
2026-06-19,INF769K01IC9,MIDCAPETF,EQ,23.38,23.48,23.19,23.44,23.48,23.38,1982890,46339424.57,7581
2026-06-19,INF769K01IB1,MAKEINDIA,EQ,163.26,163.26,162.03,162.83,163.15,162.89,30681,4985376.12,391
2026-06-19,INF769K01EG9,NIFTYETF,EQ,261.19,267.71,257.6,260.49,260.68,261.19,291962,75853266.16,1168
2026-06-19,INF769K01JU9,LOWVOL,EQ,202.1,202.16,201.15,201.15,201.15,203.02,44,8890.31,8
2026-06-19,INF769K01FN2,NEXT50,EQ,729.42,749.2,729.42,746.29,746.72,748.13,180043,134351083.86,1053
2026-06-19,INF769K01KG6,SILVERAG,EQ,228.0,228.0,219.43,225.23,224.85,233.89,557134,123997403.84,6952
2026-06-19,INF769K01HP3,MASPTOP50,EQ,77.61,77.61,77.61,77.61,77.61,79.11,50082,3886864.02,156
2026-06-19,INF769K01LY7,METAL,EQ,13.44,13.44,13.0,13.14,13.15,13.12,3791102,49618457.78,5904
2026-06-19,INF769K01LJ8,MIDSMALL,EQ,51.62,51.89,51.36,51.76,51.89,51.7,350989,18115384.94,913
2026-06-19,INF769K01LX9,MULTICAP,EQ,16.45,16.56,16.4,16.5,16.55,16.51,725010,11933738.04,673
2026-06-19,INF769K01ON4,SELECTIPO,EQ,44.55,45.04,44.38,44.84,45.0,44.51,39700,1773553.27,90
2026-06-19,INF769K01KT9,SENSEXETF,EQ,79.01,79.1,78.57,78.98,79.1,79.49,22575,1779190.59,340
2026-06-19,INF769K01PQ4,SMALL250,EQ,18.08,18.08,17.56,17.76,17.76,17.64,641632,11351265.68,654
2026-06-19,INF769K01LC3,SMALLCAP,EQ,46.17,46.5,45.92,46.37,46.5,46.17,1802918,83387114.45,3336
2026-06-19,INF769K01PZ5,TOP20,EQ,8.89,8.89,8.6,8.66,8.67,8.72,52164,450605.27,217
2026-06-19,INF769K01QV2,VALUE,EQ,16.6,16.63,16.51,16.62,16.62,16.6,35988,596971.42,90
2026-06-19,INE771A01026,MIRZAINT,EQ,33.25,34.43,32.71,33.41,33.51,33.09,276229,9236293.54,1555
2026-06-19,INE099Z01011,MIDHANI,EQ,431.05,443.95,429.85,437.0,437.8,431.05,930739,406669167.0,20655
2026-06-19,INE828O01033,MITCON,BE,80.5,84.0,78.6,81.08,84.0,81.0,5145,409240.72,47
2026-06-19,INE997Y01027,MITTAL,EQ,1.01,1.03,0.98,1.0,0.98,1.0,655331,653429.62,381
2026-06-19,INE227C01017,MMFL,EQ,466.95,481.9,463.65,469.8,470.0,471.4,65799,31147177.75,2954
2026-06-19,INE511Y01018,MMP,EQ,274.35,275.65,267.1,269.9,271.0,276.3,24620,6658583.85,685
2026-06-19,INE123F01029,MMTC,EQ,74.68,75.75,74.06,74.55,74.8,74.95,6629184,495685416.91,22182
2026-06-19,INE1YNB01019,MOBILISE,ST,106.95,106.95,101.15,101.15,101.15,101.9,9600,1008480.0,6
2026-06-19,INE794W01014,MODTHREAD,EQ,42.24,42.91,42.24,42.83,42.62,43.71,282,11974.74,9
2026-06-19,INE537F01012,MODINATUR,BE,410.0,414.45,395.0,401.45,400.0,411.85,12581,5039990.8,158
2026-06-19,INE832A01018,MODIRUBBER,EQ,129.4,129.4,126.07,126.18,127.0,127.92,1025,130409.18,47
2026-06-19,INE0L0L01012,MODIS,EQ,343.35,351.0,343.35,348.0,349.95,345.05,10678,3719762.35,363
2026-06-19,INE737D01021,MODISONLTD,BE,305.0,322.35,295.1,322.15,322.35,307.0,152547,48221737.2,1622
2026-06-19,INE450S01011,MHHL,SM,30.7,30.7,29.2,29.2,29.2,30.7,24000,705825.0,16
2026-06-19,INE954E01012,MOHITIND,EQ,23.0,23.4,22.45,22.63,22.45,22.65,1056,24044.35,31
2026-06-19,INE490G01020,MOIL,EQ,294.9,295.5,292.65,293.85,294.25,295.6,275382,80960151.0,6768
2026-06-19,INE514Y01020,MOKSH,EQ,12.1,12.28,11.82,11.96,11.96,12.04,87943,1055931.19,141
2026-06-19,INE893J01029,MOLDTKPAC,EQ,689.9,707.95,680.3,698.1,701.0,685.6,50065,34976093.15,3575
2026-06-19,INE835B01035,MOLDTECH,EQ,131.1,136.89,130.62,134.76,133.0,133.01,52336,6969138.06,891
2026-06-19,INE903D01011,MONARCH,EQ,348.0,355.45,343.2,350.25,352.0,348.4,359639,126404845.35,3277
2026-06-19,INE296Q01012,MONEYBOXX,EQ,71.2,71.2,68.43,69.87,70.5,70.4,16953,1185293.05,400
2026-06-19,INE1DV401010,MONOLITH,SM,691.95,725.0,689.0,707.65,702.0,688.45,96000,68177587.5,306
2026-06-19,INE950M01013,MONTECARLO,EQ,559.15,564.0,553.5,560.7,564.0,558.2,18999,10638956.15,1251
2026-06-19,INE161G01027,MORARJEE,BZ,9.55,9.55,9.55,9.55,9.55,9.1,13858,132343.9,17
2026-06-19,INE083A01026,MOREPENLAB,EQ,50.98,51.35,48.6,49.5,49.99,51.03,6160692,307933141.59,17291
2026-06-19,INE0N7S01028,MOS,ST,15.2,15.2,14.45,14.45,14.45,15.2,48000,696800.0,12
2026-06-19,INE935B01025,MOSCHIP,EQ,213.77,215.54,210.0,212.62,213.45,214.09,1437148,305568309.82,17324
2026-06-19,INE0FS801015,MSUMI,EQ,37.65,38.6,37.42,38.03,38.5,37.75,12257716,463943808.35,55868
2026-06-19,INF247L01023,MOM100,EQ,67.34,67.6,66.82,67.45,67.55,67.34,608492,40880633.62,2572
2026-06-19,INF247L01AP3,MON100,EQ,328.41,328.41,328.41,328.41,328.41,331.76,201525,66182825.25,1346
2026-06-19,INE338I01027,MOTILALOFS,EQ,948.15,958.95,940.55,953.45,954.95,948.15,836211,796548139.7,28018
2026-06-19,INF247L01536,MOM50,EQ,247.35,251.55,247.35,250.64,251.43,251.34,4422,1107049.28,151
2026-06-19,INF247L01AK4,MOGSEC,EQ,65.99,65.99,64.43,64.43,64.43,64.7,3099,199961.4,31
2026-06-19,INF247L01FR8,MOALPHA50,EQ,53.53,54.97,53.53,54.25,54.07,53.53,15694,848338.94,116
2026-06-19,INF247L01GV8,MOBANK10,EQ,17.12,17.97,16.99,17.12,17.12,17.07,11826,202638.33,43
2026-06-19,INF247L01EV3,MOCAPITAL,EQ,55.55,56.01,55.31,55.74,55.88,55.68,725821,40356679.42,2848
2026-06-19,INF247L01DJ0,MODEFENCE,EQ,106.45,106.45,104.3,105.3,105.14,104.4,2285955,240494290.29,9381
2026-06-19,INF247L01GH7,MOENERGY,EQ,40.25,40.78,40.1,40.65,40.78,40.52,252624,10254004.09,930
2026-06-19,INF247L01FY4,MOGOLD,EQ,145.45,145.45,141.85,143.7,143.75,146.3,71866,10303597.05,1114
2026-06-19,INF247L01BB1,MOHEALTH,EQ,48.16,48.59,47.46,48.32,48.5,48.16,85072,4105947.09,556
2026-06-19,INF247L01FL1,MOINFRA,EQ,63.11,63.5,63.09,63.47,63.5,63.29,3382,214273.64,62
2026-06-19,INF247L01GI5,MOIPO,EQ,43.6,47.0,43.6,45.89,46.99,44.49,31710,1418871.89,447
2026-06-19,INF247L01BL0,MOLOWVOL,EQ,35.81,36.73,35.81,36.58,36.67,36.73,3580,130874.68,31
2026-06-19,INF247L01DK8,MOMENTUM50,EQ,54.0,54.0,53.2,53.67,53.7,53.61,641590,34375605.9,1707
2026-06-19,INF247L01FK3,MOMGF,EQ,160.0,161.9,159.07,160.22,160.2,160.35,284,45451.56,21
2026-06-19,INF247L01FQ0,MOMIDMTM,EQ,65.67,66.4,64.69,65.63,66.4,66.01,220786,14465288.76,438
2026-06-19,INF247L01GK1,MOMNC,EQ,32.56,32.58,32.36,32.58,32.58,32.53,928,30184.5,19
2026-06-19,INF247L01BK2,MOMOMENTUM,EQ,62.15,63.24,62.15,63.06,62.43,63.21,54830,3453504.36,391
2026-06-19,INF247L01FC0,MON50EQUAL,EQ,33.23,33.25,32.77,33.03,33.25,33.1,4420,145423.23,62
2026-06-19,INF247L01FD8,MONEXT50,EQ,71.5,73.66,71.5,72.22,72.34,72.53,6464,467420.75,86
2026-06-19,INF247L01GG9,MONIFTY100,EQ,25.4,25.58,25.12,25.2,25.3,25.29,32248,814715.52,90
2026-06-19,INF247L01BU1,MONIFTY500,EQ,23.62,23.68,23.51,23.63,23.63,23.68,5322786,125879065.45,1577
2026-06-19,INF247L01AU3,MONQ50,EQ,142.29,142.29,142.29,142.29,142.29,142.81,36314,5167119.06,135
2026-06-19,INF247L01FO5,MOPSE,EQ,103.5,103.66,103.03,103.26,103.26,103.38,1187,122718.27,14
2026-06-19,INF247L01BH8,MOQUALITY,EQ,202.96,204.63,202.34,204.04,203.97,204.02,232,47095.83,17
2026-06-19,INF247L01CI4,MOREALTY,EQ,82.49,82.8,80.5,80.95,80.56,81.8,524023,42405332.12,2322
2026-06-19,INF247L01GJ3,MOSERVICE,EQ,30.59,30.76,30.49,30.66,30.76,30.87,5781,176953.42,47
2026-06-19,INF247L01FZ1,MOSILVER,EQ,233.3,233.3,223.5,229.05,229.54,237.65,74642,16932170.73,1465
2026-06-19,INF247L01CH6,MOSMALL250,EQ,17.73,17.8,17.49,17.75,17.74,17.66,1578012,27936949.43,2269
2026-06-19,INF247L01FP2,MOTOUR,EQ,77.59,78.51,77.13,78.3,78.43,77.59,113200,8804418.29,372
2026-06-19,INF247L01BE5,MOVALUE,EQ,117.76,118.2,116.7,117.23,117.35,117.77,56613,6631719.09,760
2026-06-19,INE0FRK01020,MOTISONS,EQ,14.16,14.8,13.9,14.33,14.35,14.16,45375413,650877044.02,38604
2026-06-19,INE861B01023,MOTOGENFIN,BE,30.3,30.3,29.16,30.0,30.0,29.93,17174,514660.6,39
2026-06-19,INE0XM301010,MMEL,ST,31.1,33.85,31.1,33.85,33.85,32.7,10000,316500.0,5
2026-06-19,INE356A01018,MPHASIS,EQ,2174.7,2279.0,2150.0,2267.5,2268.0,2336.6,1187118,2640415033.5,68302
2026-06-19,INE943D01017,MPSLTD,EQ,1792.2,1820.5,1788.0,1812.1,1801.0,1810.3,5244,9470028.6,818
2026-06-19,INE883A01011,MRF,EQ,130310.0,130485.0,128380.0,128645.0,128615.0,130085.0,6602,852102125.0,4965
2026-06-19,INE103A01014,MRPL,EQ,158.8,158.93,153.61,154.19,154.25,159.07,5718000,887466514.87,40131
2026-06-19,INE495P01020,BECTORFOOD,EQ,187.0,191.49,184.86,190.32,190.3,187.54,458550,86791217.96,10583
2026-06-19,INE752G01015,MSPL,EQ,42.4,44.32,42.4,44.32,44.32,42.21,5362185,235804549.64,7030
2026-06-19,INE255X01014,MSTCLTD,EQ,685.95,697.05,673.0,692.75,686.7,687.6,750201,513107721.9,13660
2026-06-19,INE472M01018,MTEDUCARE,BE,1.99,2.05,1.99,2.05,2.05,1.96,29565,60491.8,35
2026-06-19,INE864I01014,MTARTECH,EQ,8525.0,8714.0,8260.0,8374.5,8385.0,8305.5,2734902,23200015755.0,275597
2026-06-19,INE08KJ01020,MUFIN,EQ,128.6,133.5,127.32,130.86,130.5,128.66,2111684,276837172.97,10316
2026-06-19,INE304A01026,MUKANDLTD,EQ,136.5,137.88,133.82,135.81,134.15,136.96,146935,19985088.69,1498
2026-06-19,INE0CG401037,MUKKA,EQ,24.95,24.95,24.04,24.31,24.3,24.55,286525,6980657.13,1535
2026-06-19,INE374B01019,MUKTAARTS,EQ,64.01,68.0,64.0,65.39,64.25,63.59,28273,1868282.03,368
2026-06-19,INE745G01043,MCX,EQ,2804.0,2814.4,2761.8,2803.8,2804.5,2817.2,2642248,7368510427.8,157394
2026-06-19,INE1K8Y01018,MUNISH,ST,62.05,66.15,62.05,66.15,66.15,63.0,390000,25212540.0,85
2026-06-19,INE672B01032,MUNJALAU,EQ,97.0,99.26,96.3,98.53,98.55,97.13,287280,28092168.06,2237
2026-06-19,INE577A01027,MUNJALSHOW,EQ,129.56,129.63,127.7,128.81,128.9,129.64,25950,3336260.34,544
2026-06-19,INE692B01014,MURUDCERA,EQ,33.85,34.05,32.6,32.87,32.83,33.62,28139,933426.77,308
2026-06-19,INE919I01024,RADIOCITY,EQ,6.48,6.48,6.03,6.31,6.33,6.24,84992,523746.79,174
2026-06-19,INE296G01013,MUTHOOTCAP,EQ,200.83,207.58,190.62,205.52,207.3,200.83,34083,6937730.39,778
2026-06-19,INE414G01012,MUTHOOTFIN,EQ,3126.0,3137.1,3079.8,3126.1,3124.5,3182.4,1096624,3400304335.6,54184
2026-06-19,INE046W01019,MUTHOOTMF,EQ,206.1,210.16,199.11,203.77,206.8,207.48,406619,82930560.22,6089
2026-06-19,INE0RVQ01016,MYMUDRA,SM,74.0,74.0,71.25,73.25,72.5,74.65,76800,5638500.0,21
2026-06-19,INE740D01017,NRAIL,EQ,448.0,479.7,446.2,462.6,475.3,442.7,9890,4549994.8,391
2026-06-19,INE104101014,NRVANDANA,ST,70.75,70.75,69.9,70.0,70.0,70.25,297000,20809800.0,40
2026-06-19,INE365I01020,NBIFIN,EQ,1859.0,1897.9,1805.1,1873.3,1897.9,1859.3,407,753268.8,75
2026-06-19,INE295D01020,NACLIND,EQ,168.58,195.8,167.84,193.8,194.0,167.65,8783924,1670091971.87,73850
2026-06-19,INE756C01015,NDGL,EQ,2681.0,2750.0,2640.4,2724.2,2750.0,2674.7,204,554492.0,24
2026-06-19,INE245I01016,NAGREEKCAP,BE,26.83,28.69,26.29,27.36,26.4,27.66,86801,2294369.31,134
2026-06-19,INE123B01028,NAGREEKEXP,EQ,27.05,28.0,26.53,27.58,27.79,27.59,1587,43592.65,52
2026-06-19,INE049I01012,NAHARCAP,EQ,255.95,256.95,248.2,254.85,255.0,254.7,894,227689.25,15
2026-06-19,INE289A01011,NAHARINDUS,EQ,118.0,125.1,118.0,119.59,118.01,117.6,25535,3071648.83,605
2026-06-19,INE308A01027,NAHARPOLY,EQ,262.0,262.0,250.0,252.65,250.4,253.95,4491,1141568.2,251
2026-06-19,INE290A01027,NAHARSPING,BE,260.0,261.0,250.6,255.5,258.4,256.35,2925,751493.3,64
2026-06-19,INE236Y01012,NGIL,BE,37.0,38.0,37.0,38.0,38.0,37.07,4054,152378.75,24
2026-06-19,INE023A01030,NSIL,EQ,5728.0,5800.0,5615.5,5732.5,5800.0,5718.5,2751,15717139.5,610
2026-06-19,INE0RJM01010,NAMAN,SM,46.55,48.4,46.55,48.4,48.4,46.35,2400,114680.0,3
2026-06-19,INE08NZ01012,NAMOEWASTE,ST,268.0,275.0,260.2,270.0,270.0,268.65,33600,9022520.0,40
2026-06-19,INE875G01048,NDL,EQ,2.63,2.65,2.57,2.61,2.65,2.62,1009217,2617354.98,1013
2026-06-19,INE696V01013,JAIPURKURT,EQ,30.35,30.35,28.0,28.56,28.75,28.55,30099,863692.96,133
2026-06-19,INE410P01011,NH,EQ,1869.0,1889.0,1857.1,1878.7,1879.0,1869.0,265396,497605319.7,25271
2026-06-19,INE117Z01011,NARMADA,EQ,35.45,36.03,35.0,35.63,35.76,35.25,494993,17566141.72,1885
2026-06-19,INE987B01026,NATCOPHARM,EQ,884.9,910.0,876.1,889.0,889.4,883.5,1020729,907152749.4,44399
2026-06-19,INE448G01010,NATHBIOGEN,EQ,168.4,172.21,157.62,160.78,160.75,172.01,153993,25076344.88,2806
2026-06-19,INE139A01034,NATIONALUM,EQ,365.9,376.75,362.4,376.0,376.0,367.75,8824485,3290664884.85,57072
2026-06-19,INE870D01012,NFL,EQ,77.17,79.3,76.51,77.86,77.85,77.17,2436000,190894206.77,12866
2026-06-19,INE0H7R23014,NHIT,IV,168.0,168.0,168.0,168.0,168.0,168.0,325000,54600000.0,13
2026-06-19,INE166R01015,NATIONSTD,EQ,1277.3,1300.0,1251.0,1255.0,1255.0,1296.8,18,23168.3,11
2026-06-19,INE936B01015,NATCAPSUQ,EQ,156.0,165.0,156.0,161.07,161.02,158.94,11778,1891673.43,115
2026-06-19,INE725A01030,NAVA,EQ,607.85,627.0,602.05,621.55,625.0,607.3,467152,288414650.85,17239
2026-06-19,INE048G01026,NAVINFLUOR,EQ,7345.0,7573.0,7298.5,7493.5,7549.5,7303.5,219971,1633442172.5,39002
2026-06-19,INE278M01019,NAVKARCORP,EQ,104.59,107.85,103.5,104.98,105.1,104.24,466309,49223313.83,4936
2026-06-19,INE268H01044,NAVKARURB,BE,1.07,1.16,1.07,1.13,1.15,1.12,944820,1052120.1,396
2026-06-19,INE060A01024,NAVNETEDUL,EQ,137.55,141.25,137.31,139.31,139.5,137.51,167137,23356683.57,2050
2026-06-19,INE418L01047,NAZARA,EQ,301.0,303.0,295.75,297.35,296.95,301.0,1132791,338267878.85,12413
2026-06-19,INE095N01031,NBCC,EQ,109.8,113.37,109.01,111.45,111.79,110.15,21519579,2403521905.91,79695
2026-06-19,INE868B01028,NCC,EQ,153.4,159.9,153.07,155.84,156.0,154.98,3287428,515826341.94,27767
2026-06-19,INE732C01016,NCLIND,EQ,192.0,193.68,189.0,191.88,192.86,192.36,31484,6037250.68,838
2026-06-19,INE353A01023,NDLVENTURE,EQ,129.82,139.98,126.92,134.39,135.5,128.48,98537,13240029.97,1183
2026-06-19,INE07OG01012,NDRAUTO,EQ,841.15,867.0,827.4,855.35,858.0,836.95,38137,32557202.7,2686
2026-06-19,INE155G01029,NDTV,EQ,83.3,85.5,79.64,81.03,81.35,83.15,970020,79891583.57,7547
2026-06-19,INE023H01027,NECLIFE,BE,11.47,11.7,11.3,11.44,11.3,11.63,131033,1505498.08,401
2026-06-19,INE605D01012,NEAGI,EQ,3410.0,3410.0,3125.0,3152.9,3150.1,3248.8,76,238542.4,16
2026-06-19,INE189I01024,NELCAST,EQ,138.0,138.0,136.53,137.19,137.96,137.37,61133,8388673.95,1324
2026-06-19,INE045B01015,NELCO,EQ,886.0,993.8,886.0,940.35,936.5,871.9,8378943,7913402035.6,203330
2026-06-19,INE21UM01018,NEOCHEM,ST,103.0,105.7,102.95,105.7,105.7,100.7,36000,3772020.0,25
2026-06-19,INE136S01016,NEOGEN,EQ,1929.7,1959.0,1907.8,1932.0,1938.0,1929.5,41494,80252982.8,6653
2026-06-19,INE0SUN01013,NEPHROCARE,ST,69.0,69.0,67.55,67.85,68.0,69.0,12400,848100.0,24
2026-06-19,INE428V01029,NEPHROPLUS,EQ,728.0,737.5,721.0,733.75,734.0,723.35,281890,206484468.4,7642
2026-06-19,INE156901014,NEPTUNE,SM,191.0,195.0,191.0,195.0,195.0,191.5,1000,193000.0,2
2026-06-19,INE317F01035,NESCO,EQ,1110.0,1144.0,1101.0,1138.0,1144.0,1116.4,50664,57158636.0,5152
2026-06-19,INE239A01024,NESTLEIND,EQ,1394.0,1420.0,1394.0,1414.8,1417.5,1400.4,1832928,2583502140.1,42753
2026-06-19,INE518X01015,CBAZAAR,SM,4.4,4.5,4.4,4.5,4.5,4.3,40000,178000.0,5
2026-06-19,INE0NT901020,NETWEB,EQ,5094.8,5244.0,5001.5,5060.9,5068.0,5079.6,2415443,12357121459.6,182308
2026-06-19,INE0FFK01017,NPST,EQ,1611.4,1633.9,1537.7,1572.0,1572.2,1604.0,20884,33336858.1,2498
2026-06-19,INE870H01013,NETWORK18,EQ,34.4,35.13,33.8,33.98,33.98,34.54,11302310,389038790.93,22450
2026-06-19,INE794A01010,NEULANDLAB,EQ,17128.0,17450.0,17128.0,17345.0,17259.0,17220.0,26662,461998191.0,8591
2026-06-19,INE619B01017,NEWGEN,EQ,474.25,488.6,465.85,481.95,486.5,487.95,1131792,537107614.85,28326
2026-06-19,INE0PW501021,NEWJAISA,ST,17.4,18.15,17.4,18.05,18.15,17.35,19500,345600.0,9
2026-06-19,INE747B01016,NEXTMEDIA,EQ,4.02,4.09,4.01,4.04,4.05,4.01,4217,17075.45,25
2026-06-19,INE0NDH25011,NXST,RR,155.42,156.45,154.8,155.6,155.8,155.42,892497,138892018.14,7288
2026-06-19,INE0T1501010,NFPSAMPOOR,SM,24.55,25.3,24.55,24.55,24.55,25.8,156000,3853500.0,73
2026-06-19,INE887E01022,NGLFINE,EQ,3059.0,3166.0,3013.8,3055.6,3080.0,3045.4,15448,47727606.0,2918
2026-06-19,INE848E01016,NHPC,EQ,75.7,76.01,75.13,75.82,75.82,75.94,12361623,933915192.98,30368
2026-06-19,INE149O01018,NIBE,EQ,1762.0,1836.0,1721.0,1815.4,1814.0,1748.4,433116,776983016.5,25930
2026-06-19,INE0J6L01013,NIDAN,SM,13.5,13.5,13.5,13.5,13.5,13.5,1000,13500.0,1
2026-06-19,INE342G01023,NIITMTS,EQ,224.74,231.55,221.01,229.55,229.5,226.22,315997,71829929.84,10184
2026-06-19,INE161A01038,NIITLTD,EQ,97.87,98.92,94.4,94.91,94.95,97.87,1360229,130023268.68,10063
2026-06-19,INE0FLF01015,NIKITA,SM,105.0,107.8,101.15,107.25,107.8,105.0,63600,6726000.0,31
2026-06-19,INE937C01029,NILAINFRA,EQ,8.1,8.1,7.95,7.98,7.96,8.05,174941,1400897.88,500
2026-06-19,INE00S901012,NILASPACES,EQ,12.76,13.25,12.7,13.0,13.0,12.9,363201,4714776.8,783
2026-06-19,INE445D01013,NILE,EQ,1765.1,1795.0,1760.0,1763.3,1765.0,1766.6,1336,2376319.0,216
2026-06-19,INE310A01015,NILKAMAL,EQ,1305.6,1305.6,1286.2,1290.9,1294.0,1299.2,7061,9120900.9,550
2026-06-19,INE875B01015,NIMBSPROJ,BE,210.5,215.0,206.0,206.19,206.0,207.98,124,26099.15,22
2026-06-19,INE395U01014,NINSYS,BE,700.0,725.0,676.6,720.3,724.9,694.75,8981,6355750.25,232
2026-06-19,INF204KB15I9,BANKBEES,EQ,597.49,597.82,582.0,597.32,597.0,597.77,834824,497826972.35,8059
2026-06-19,INF204KA1LD7,CONSUMBEES,EQ,128.96,129.42,127.52,128.9,129.16,128.96,116902,15026325.08,1094
2026-06-19,INF204KA1MS3,DIVOPPBEES,EQ,78.8,78.8,76.66,77.52,77.8,78.12,52933,4082951.69,1078
2026-06-19,INF204KB18I3,NV20BEES,EQ,142.35,142.35,139.44,140.95,141.5,142.35,16936,2380912.93,349
2026-06-19,INF204KB17I5,GOLDBEES,EQ,119.85,120.58,118.37,119.79,119.82,122.12,43571941,5197964641.33,183434
2026-06-19,INF204KB19I1,HNGSNGBEES,EQ,492.0,492.0,484.56,486.68,487.06,489.45,99520,48473439.19,5171
2026-06-19,INF732E01268,INFRABEES,EQ,984.99,985.0,974.05,981.32,984.0,979.53,16103,15794739.95,786
2026-06-19,INF204KB15V2,ITBEES,EQ,30.48,31.0,29.66,30.41,30.48,31.62,89400734,2678787221.54,97091
2026-06-19,INF732E01045,JUNIORBEES,EQ,787.31,787.31,777.5,781.04,782.25,783.47,352600,275317894.36,9103
2026-06-19,INF732E01037,LIQUIDBEES,EQ,999.99,1000.01,999.09,1000.0,1000.01,999.99,3972075,3972097305.68,5149
2026-06-19,INF204KB1882,LTGILTBEES,EQ,29.61,29.68,29.57,29.66,29.65,29.6,1272775,37707564.69,780
2026-06-19,INF204KB1V68,MID150BEES,EQ,237.25,237.4,234.5,237.0,237.3,236.39,1465250,346082284.8,7074
2026-06-19,INF204K014N5,NIF100BEES,EQ,266.68,266.68,264.11,265.38,264.11,266.68,44199,11719445.37,797
2026-06-19,INF204KB14I2,NIFTYBEES,EQ,274.19,274.19,272.0,272.95,273.18,273.97,6515178,1775289964.01,44599
2026-06-19,INF204KB16I7,PSUBNKBEES,EQ,96.25,98.21,96.25,97.54,97.6,98.21,1872167,182410448.26,6568
2026-06-19,INF732E01128,SHARIABEES,EQ,457.73,457.73,445.81,450.05,452.78,457.73,13702,6136714.54,938
2026-06-19,INE298J01013,NAM-INDIA,EQ,1175.0,1191.3,1157.8,1186.9,1187.0,1167.4,1616527,1901369501.1,34708
2026-06-19,INF204KC1FU1,LIQGRWBEES,EQ,1043.94,1044.35,1043.82,1044.34,1044.35,1043.94,57890,60456313.65,159
2026-06-19,INF204KC1GH6,MANUFGBEES,EQ,159.95,163.11,159.8,160.68,160.28,160.89,7479,1200584.99,115
2026-06-19,INF204KC1337,AUTOBEES,EQ,274.01,275.98,272.93,274.19,274.4,275.99,189909,52046615.65,2787
2026-06-19,INF204KC1089,PHARMABEES,EQ,24.4,25.52,24.4,25.09,25.15,24.9,4440408,111106862.35,7915
2026-06-19,INF204KC1402,SILVERBEES,EQ,219.44,222.35,216.02,221.42,221.6,229.99,69714932,15263901211.59,247694
2026-06-19,INF204KC1EZ3,SNXT30BEES,EQ,42.2,42.2,41.92,42.09,42.09,42.06,6578,277384.5,54
2026-06-19,INE368I01016,NIRAJ,BE,34.17,34.17,34.17,34.17,34.17,32.55,127387,4352813.79,127
2026-06-19,INE326T01011,NIRAJISPAT,EQ,203.9,217.4,203.9,209.72,214.4,218.65,130,27646.61,24
2026-06-19,INE910A01012,NIRLON,EQ,620.0,623.65,619.15,620.25,623.65,620.45,5478,3399609.95,271
2026-06-19,INE0OK701014,NIRMAN,SM,45.0,45.8,44.45,45.1,45.05,45.05,5400,244035.0,14
2026-06-19,INE858F01012,NITCO,EQ,106.9,114.44,105.55,113.74,113.5,106.92,6446037,715644975.9,43476
2026-06-19,INE229H01012,NITINSPIN,EQ,560.0,573.9,551.1,568.7,571.4,561.0,113794,64584016.2,3987
2026-06-19,INE439T01012,NITIRAJ,EQ,192.11,197.85,188.1,194.77,196.7,197.86,5431,1053650.7,179
2026-06-19,INE265B01019,NITTAGELA,EQ,1625.0,1660.0,1564.1,1578.1,1590.9,1602.7,7811,12490734.8,1188
2026-06-19,INE995S01015,NIVABUPA,EQ,87.1,89.0,85.39,86.87,87.01,87.09,7306794,637656686.99,42620
2026-06-19,INE542C01019,NKIND,EQ,62.05,65.0,62.05,63.0,63.0,63.49,279,17529.3,13
2026-06-19,INE589A01014,NLCINDIA,EQ,324.8,328.7,318.8,321.7,321.7,323.75,7203482,2338627144.35,54569
2026-06-19,INE584A01023,NMDC,EQ,88.5,89.25,88.08,88.42,88.58,88.53,20685578,1833513275.14,53170
2026-06-19,INE0NNS01018,NSLNISP,EQ,46.99,47.23,46.25,46.88,46.91,47.11,5563304,259152918.36,21585
2026-06-19,INE163A01018,NOCIL,EQ,163.39,163.39,158.05,159.02,160.1,162.52,271457,43445915.86,3687
2026-06-19,INE781B01015,NOIDATOLL,BE,5.03,5.03,4.81,4.89,4.87,4.96,158629,772468.14,279
2026-06-19,INE369C01017,NORBTEAEXP,EQ,72.5,75.09,71.5,71.5,71.5,72.66,3458,252672.03,60
2026-06-19,INE553C01016,NECCLTD,EQ,17.36,17.7,16.76,16.97,17.13,17.36,78655,1349925.39,365
2026-06-19,INE850M01015,NORTHARC,EQ,295.05,298.4,292.1,295.05,295.2,295.05,208893,61633550.5,5001
2026-06-19,INE02H701025,NOVAAGRI,BE,26.62,26.62,25.14,25.85,25.8,26.44,88772,2288253.37,482
2026-06-19,INE234A01025,NOVARTIND,EQ,1371.2,1395.0,1356.8,1388.9,1392.0,1364.3,13788,19069835.8,1700
2026-06-19,INE349A01021,NRBBEARING,EQ,419.8,432.85,417.2,428.25,429.9,419.8,434365,185265247.15,9468
2026-06-19,INE047O01014,NIBL,EQ,32.78,32.78,30.62,30.82,30.8,30.94,9070,281061.22,132
2026-06-19,INE0ONG01011,NTPCGREEN,EQ,95.75,97.18,94.34,96.04,96.27,95.84,5507610,526904635.81,59799
2026-06-19,INE733E01010,NTPC,EQ,361.95,368.0,359.95,365.8,365.75,361.95,17465450,6390314708.6,103032
2026-06-19,INE096B01018,NUCLEUS,EQ,791.0,791.0,770.5,785.35,789.0,796.75,24858,19459114.0,2086
2026-06-19,INE0JM501013,NRL,BE,79.9,80.9,79.0,79.74,79.8,79.1,73253,5841868.06,360
2026-06-19,INE0DSF01015,NURECA,EQ,237.0,239.0,235.4,237.05,239.0,238.85,5168,1225152.25,345
2026-06-19,INE531F01023,NUVAMA,EQ,1688.0,1747.8,1688.0,1739.6,1735.0,1720.4,393516,682203604.7,20441
2026-06-19,INE118D01016,NUVOCO,EQ,312.15,315.0,309.4,312.75,312.0,311.95,189958,59365888.55,7144
2026-06-19,INE093I01010,OBEROIRLTY,EQ,1694.0,1694.0,1665.4,1683.5,1688.5,1694.2,168755,283380506.8,10001
2026-06-19,INE0YHV01011,OBSCP,SM,521.0,531.5,521.0,527.5,524.0,520.9,17600,9269100.0,44
2026-06-19,INE0PK601023,OCCLLTD,BE,126.0,131.9,126.0,129.05,130.0,128.21,19524,2500638.63,189
2026-06-19,INE054301028,ODIGMA,EQ,23.11,25.24,23.11,25.24,25.24,24.04,82891,2060698.63,866
2026-06-19,INE213A01029,ONGC,EQ,245.3,246.7,243.3,246.25,246.45,245.3,7609532,1865227169.2,66961
2026-06-19,INE591A01010,OILCOUNTUB,BE,58.09,58.09,55.81,56.63,56.09,56.54,13132,741142.17,106
2026-06-19,INE274J01014,OIL,EQ,420.5,420.55,415.6,418.15,417.95,420.6,2283403,954519721.4,28695
2026-06-19,INE0LXG01040,OLAELEC,EQ,42.03,42.9,41.05,42.25,42.41,42.27,109127303,4573972914.78,154011
2026-06-19,INE260D01016,OLECTRA,EQ,1443.9,1534.7,1435.2,1520.3,1528.0,1446.6,4118033,6202649665.0,191845
2026-06-19,INE1BZC01019,OMFREIGHT,EQ,82.0,82.98,81.03,81.19,81.2,81.71,10692,870128.99,177
2026-06-19,INE239D01028,OMINFRAL,EQ,85.39,89.4,84.4,87.97,89.0,85.39,120678,10489047.99,1885
2026-06-19,INE25E901019,OMPOWER,EQ,184.0,184.0,178.15,179.43,179.04,178.38,129079,23246474.35,2708
2026-06-19,INE090B01011,OMAXAUTO,BE,218.2,229.99,218.2,226.26,229.0,224.31,46510,10459446.56,440
2026-06-19,INE800H01010,OMAXE,EQ,77.8,80.0,77.59,78.15,78.49,77.86,84090,6584637.17,991
2026-06-19,INE338Y01016,OMFURN,ST,55.05,55.05,54.55,54.8,54.95,56.1,12000,657300.0,6
2026-06-19,INE0UH301010,OMNI,EQ,492.05,499.95,477.15,494.5,496.5,493.75,303923,148050228.25,10924
2026-06-19,INE00ER01015,ONDOOR,ST,190.0,195.7,188.0,190.15,188.0,191.1,19500,3727680.0,33
2026-06-19,INE982J01020,PAYTM,EQ,1093.0,1106.0,1081.1,1090.1,1091.4,1093.9,1585508,1730231171.1,42763
2026-06-19,INE0HLU01028,MOBIKWIK,EQ,198.0,200.87,196.16,198.34,198.9,198.21,656851,130408842.84,6012
2026-06-19,INE840Y01029,ONEPOINT,EQ,58.85,59.35,57.8,58.32,58.16,59.12,1286394,75248773.72,5286
2026-06-19,INE0OPS01011,OLIL,ST,425.0,425.0,409.45,424.95,424.95,431.0,10400,4297260.0,21
2026-06-19,INE912L01015,ONELIFECAP,BE,29.98,31.63,29.1,31.19,31.62,30.13,71816,2209462.86,178
2026-06-19,INE12F801023,KISSHT,EQ,271.15,298.9,271.05,295.7,298.0,271.9,6019506,1743176581.85,66044
2026-06-19,INE013P01021,ONESOURCE,EQ,1650.0,1650.0,1596.7,1608.6,1605.4,1651.2,215991,348024267.8,18837
2026-06-19,INE831A01028,ONIDA,BE,38.2,40.13,37.75,40.1,40.13,38.22,510807,20026397.77,906
2026-06-19,INE809I01019,ONMOBILE,EQ,52.65,52.94,52.2,52.53,52.52,52.92,94853,4986729.83,1003
2026-06-19,INE229A01017,ONWARDTEC,EQ,256.4,260.15,249.7,256.8,258.0,256.4,36123,9246035.05,1438
2026-06-19,INE0WVU01018,ONYX,ST,34.1,37.15,34.1,37.15,37.15,35.4,2384000,82755300.0,93
2026-06-19,INE350C01017,OPTIEMUS,EQ,444.8,447.0,435.15,440.85,441.5,442.55,58502,25659408.1,2316
2026-06-19,INE15B101011,OPTIVALUE,SM,76.05,76.2,76.05,76.2,76.2,77.95,4800,365360.0,3
2026-06-19,INE881D01027,OFSS,EQ,9200.0,9695.0,9127.5,9638.5,9669.0,9399.5,254329,2412669127.5,32099
2026-06-19,INE231G01010,ORBTEXP,EQ,213.04,220.5,213.04,216.98,216.21,213.69,33715,7365672.93,1104
2026-06-19,INE215B01022,ORCHASP,EQ,1.97,1.97,1.82,1.84,1.86,1.86,156331,290305.66,246
2026-06-19,INE191A01027,ORCHPHARMA,EQ,1008.25,1010.1,965.0,979.05,970.2,1008.25,107623,106148532.4,9585
2026-06-19,INE0OUT01019,ORIANA,SM,1628.0,1688.5,1605.0,1656.35,1666.0,1628.35,71925,117972588.75,781
2026-06-19,INE730A01022,ORICONENT,EQ,56.3,57.04,56.05,56.42,56.29,57.04,37713,2127183.05,713
2026-06-19,INE607D01018,ORIENTBELL,EQ,327.9,333.8,325.0,328.9,328.85,327.6,3759,1231144.95,221
2026-06-19,INE876N01018,ORIENTCEM,EQ,136.1,137.82,134.6,135.51,135.51,136.69,160398,21755013.07,4572
2026-06-19,INE569C01020,ORIENTCER,EQ,40.09,41.6,40.0,41.06,41.08,40.09,61410,2521584.48,855
2026-06-19,INE142Z01019,ORIENTELEC,EQ,181.88,183.49,179.5,180.53,180.4,181.95,79650,14442175.49,2888
2026-06-19,INE999K01014,GREENPOWER,EQ,11.15,11.18,11.07,11.13,11.18,11.18,2342068,26064929.92,3182
2026-06-19,INE750A01020,ORIENTHOT,EQ,119.0,123.8,118.0,121.31,121.5,119.72,578505,70504578.83,7231
2026-06-19,INE592A01026,ORIENTPPR,EQ,17.64,17.85,17.4,17.57,17.58,17.72,171386,3013494.58,599
2026-06-19,INE609C01024,ORIENTLTD,EQ,73.7,73.7,69.0,70.7,71.59,70.57,7647,545242.33,135
2026-06-19,INE0PPK01015,ORIENTTECH,EQ,258.2,258.35,252.3,254.7,255.4,258.2,101319,25807684.5,3222
2026-06-19,INE959C01023,OAL,EQ,342.4,352.0,336.55,343.3,348.1,346.7,19406,6679237.3,1153
2026-06-19,INE998H01012,ORIENTALTL,EQ,6.2,6.4,6.16,6.21,6.21,6.31,106806,667903.11,336
2026-06-19,INE426Z01016,OBCL,EQ,57.0,59.73,55.0,57.88,57.88,56.61,8507,478988.03,98
2026-06-19,INE725E01024,ORISSAMINE,EQ,4210.1,4210.1,4086.1,4118.2,4132.0,4213.6,17145,70860423.1,2988
2026-06-19,INE16NZ01023,ORKLAINDIA,EQ,631.5,635.95,616.0,619.1,620.95,638.15,159857,100147439.8,4033
2026-06-19,INE849L01019,ORTEL,BZ,1.59,1.62,1.54,1.54,1.54,1.62,3077,4748.71,19
2026-06-19,INE749B01020,ORTINGLOBE,BE,17.01,17.01,16.66,16.71,17.01,17.01,7694,129824.51,33
2026-06-19,INE0RMF01018,OSELDEVICE,SM,471.9,471.9,446.0,457.35,455.0,472.8,44000,20200370.0,152
2026-06-19,INE06IR01021,OSIAHYPER,BE,3.86,3.86,3.5,3.5,3.51,3.68,1941121,7010897.17,1167
2026-06-19,INE142A01012,OSWALAGRO,BE,44.16,44.84,43.0,43.12,43.0,44.16,29596,1283278.07,97
2026-06-19,INE143A01010,OSWALGREEN,EQ,24.0,24.25,23.62,23.82,23.98,24.14,155447,3718138.86,858
2026-06-19,INE0BYP01024,OSWALPUMPS,EQ,421.0,427.0,414.3,422.9,424.9,419.95,426412,179609440.5,8631
2026-06-19,INE0R8M01017,OWAIS,ST,120.05,120.05,120.05,120.05,120.05,114.35,9800,1176490.0,35
2026-06-19,INE953R01016,PNGJL,EQ,559.0,559.05,549.5,552.8,553.0,559.0,93111,51489330.95,3279
2026-06-19,INE0XUS01012,PSRAJ,ST,410.0,426.0,406.6,425.0,425.0,428.0,18500,7779400.0,13
2026-06-19,INE179A01014,PGHH,EQ,9035.0,9389.5,8981.0,9274.5,9353.0,9005.0,47332,435761438.5,12285
2026-06-19,INE0KN801013,PROPEQUITY,SM,240.0,240.0,238.0,240.0,240.0,240.0,2400,574800.0,4
2026-06-19,INE0S3G01027,PACEDIGITK,EQ,182.5,185.1,180.1,181.82,182.69,183.23,939738,171702714.96,8580
2026-06-19,INE761H01022,PAGEIND,EQ,40000.0,40480.0,39545.0,39975.0,40000.0,40180.0,84195,3368396945.0,16781
2026-06-19,INE420C01059,PAISALO,EQ,58.54,59.75,58.06,58.81,58.77,58.51,6346774,373609902.67,12762
2026-06-19,INE551D01018,PAKKA,EQ,82.0,82.14,80.39,80.88,80.62,82.37,45392,3673721.88,1579
2026-06-19,INE471W01019,PALASHSECU,EQ,95.5,96.9,93.0,95.99,95.99,95.01,636,60587.05,30
2026-06-19,INE218G01033,PALREDTEC,BE,55.9,55.91,54.11,55.91,55.91,53.25,8369,467009.99,100
2026-06-19,INE922B01023,PANACEABIO,EQ,535.0,564.9,530.0,536.4,537.8,534.85,385112,209675136.5,10380
2026-06-19,INE895W01019,PANACHE,EQ,423.8,434.8,406.0,425.8,434.8,424.15,13445,5598166.3,1604
2026-06-19,INE305C01029,PANAMAPET,EQ,409.85,489.9,409.2,483.25,489.9,408.25,10473948,4902426816.3,148192
2026-06-19,INE697V01011,PANSARI,EQ,295.0,304.0,290.0,301.25,303.0,303.0,5353,1595577.9,184
2026-06-19,INE04LG01015,PAR,EQ,93.3,96.25,93.3,94.6,94.94,96.4,7994,759352.74,213
2026-06-19,INE088F01024,PARADEEP,EQ,134.15,138.9,133.61,136.22,136.5,134.25,8663706,1181630270.42,50733
2026-06-19,INE883N01014,PARAGMILK,EQ,229.4,232.31,227.54,229.61,230.5,230.9,266116,61146761.7,5539
2026-06-19,INE0N4G01012,PARAGON,SM,51.5,53.5,50.1,50.3,50.5,52.45,9600,496080.0,8
2026-06-19,INE0S2W01018,PARAMATRIX,SM,62.0,62.0,62.0,62.0,62.0,62.0,3600,223200.0,3
2026-06-19,INE074B01023,PARACABLES,EQ,70.0,74.34,68.94,73.06,73.34,69.82,7921488,574236587.84,28536
2026-06-19,INE0Q6001012,PSFL,SM,33.1,38.75,33.0,37.0,38.75,34.55,60000,2106200.0,30
2026-06-19,INE749Y01014,PARAMPARA,SM,10.45,10.45,10.45,10.45,10.45,10.5,8000,83600.0,1
2026-06-19,INE045601023,PARAS,EQ,1305.0,1443.0,1299.0,1408.65,1396.1,1310.3,19692749,27447207071.25,464110
2026-06-19,INE162C01024,PARASPETRO,EQ,1.91,2.17,1.91,2.1,2.1,2.03,505529,1054582.39,512
2026-06-19,INE00U801010,PARIN,SM,720.0,720.0,702.0,713.55,713.0,724.05,6500,4639762.5,25
2026-06-19,INE119201023,PARKHOSPS,EQ,256.9,280.75,256.9,277.6,278.9,255.25,1679032,454244971.55,30601
2026-06-19,INE988S01028,PARKHOTELS,EQ,120.15,122.5,119.52,120.99,121.4,120.51,117400,14233200.89,1610
2026-06-19,INE561H01026,PARSVNATH,BE,3.02,3.02,3.02,3.02,3.02,3.08,90404,273020.08,156
2026-06-19,INE1H7V01011,PARTH,ST,441.75,445.0,440.0,442.25,443.5,433.1,7200,3185160.0,17
2026-06-19,INE06ZX01015,PARTYCRUS,SM,95.0,95.0,95.0,95.0,95.0,100.0,1000,95000.0,1
2026-06-19,INE124Y01028,PASHUPATI,EQ,87.99,89.64,85.6,87.37,88.21,86.9,131959,11545374.35,2184
2026-06-19,INE818B01023,PASUPTAC,BE,65.79,68.1,65.77,67.45,67.98,66.89,67775,4564790.62,335
2026-06-19,INE619A01035,PATANJALI,EQ,423.95,424.1,419.2,421.7,421.0,424.2,1950271,822647591.75,35376
2026-06-19,INE244B01030,PATELENG,EQ,30.01,31.72,29.61,31.02,31.05,30.01,17055822,530611447.73,30943
2026-06-19,INE529D01014,PATINTLOG,EQ,15.0,15.3,14.58,14.85,14.83,14.28,472012,6992358.27,825
2026-06-19,INE0R8B01010,PATELRMART,EQ,219.6,224.2,216.01,217.89,217.3,220.92,81894,17994216.72,1906
2026-06-19,INE17GV01016,PATILAUTOM,ST,187.0,187.0,183.1,183.25,183.15,187.0,8400,1543320.0,14
2026-06-19,INE291E01019,PML,EQ,509.0,509.0,491.25,498.75,502.0,499.3,413,206548.45,43
2026-06-19,INE111F01024,PAUSHAKLTD,EQ,467.05,469.0,460.0,460.95,460.3,467.05,7254,3355745.8,369
2026-06-19,INE07S101038,PAVNAIND,BE,17.99,18.94,17.5,18.33,18.38,18.1,22636,416566.05,111
2026-06-19,INE417T01026,POLICYBZR,EQ,1609.9,1644.0,1604.7,1636.7,1642.0,1617.7,718290,1170044097.2,33684
2026-06-19,INE785M01021,PCJEWELLER,EQ,8.93,8.99,8.84,8.91,8.88,8.93,44829041,399385718.08,18298
2026-06-19,INE602A01031,PCBL,EQ,305.1,318.8,303.6,309.5,310.5,306.25,2361545,739629357.7,43378
2026-06-19,INE111Q01021,PDSL,EQ,344.0,344.0,336.55,338.75,340.0,346.75,154778,52527558.25,3488
2026-06-19,INE940H01022,PGIL,EQ,1752.9,1833.4,1729.5,1793.5,1809.2,1743.5,191093,343657731.7,24576
2026-06-19,INE844A01013,PEARLPOLY,BE,18.99,18.99,18.16,18.36,18.91,18.99,629,11666.29,22
2026-06-19,INE0VG601013,PELATRO,SM,305.1,308.5,305.1,308.5,308.5,320.0,600,184080.0,2
2026-06-19,INE138A01028,PENINLAND,BE,16.68,16.68,16.03,16.25,16.3,16.36,90492,1475945.8,333
2026-06-19,INE932A01024,PENIND,EQ,161.0,162.2,159.6,160.9,161.71,160.66,295621,47492246.88,3955
2026-06-19,INE0ORS01017,PENTAGON,SM,58.95,58.95,58.95,58.95,58.95,55.0,3000,176850.0,3
2026-06-19,INE262H01021,PERSISTENT,EQ,4700.0,4844.5,4602.0,4829.0,4837.0,4940.5,1504523,7132106818.0,104324
2026-06-19,INE998U01015,PCCL,SM,250.0,252.0,240.0,242.7,240.0,252.25,10800,2647100.0,21
2026-06-19,INE347G01014,PETRONET,EQ,288.0,291.9,285.55,288.7,288.25,288.25,2152318,622274488.85,45065
2026-06-19,INE134E07DJ3,PFCL41A,NE,949.0,949.0,949.0,949.0,949.0,950.0,20,18980.0,1
2026-06-19,INE134E07DP0,7PFCL31,N3,980.0,980.0,980.0,980.0,980.0,980.0,10,9800.0,1
2026-06-19,INE134E07DU0,730PFCL41,NC,972.0,980.0,972.0,972.0,972.0,972.0,130,126840.0,4
2026-06-19,INE182A01018,PFIZER,EQ,4528.0,4560.0,4503.0,4533.7,4524.0,4539.3,20700,93769752.3,5118
2026-06-19,INE140A07765,920PFL28,N2,1080.0,1080.0,1080.0,1080.0,1080.0,1065.25,20,21600.0,1
2026-06-19,INE457L01029,PGEL,EQ,565.1,568.2,554.65,560.5,562.5,564.25,2528045,1418763090.5,32852
2026-06-19,INE0MLZ01019,PHANTOMFX,SM,178.05,184.0,175.0,175.65,175.0,179.6,17700,3145800.0,56
2026-06-19,INE0FPO01018,PHOGLOBAL,SM,17.95,17.95,17.05,17.6,17.6,17.0,16000,280400.0,8
2026-06-19,INE0LP301011,PWL,EQ,114.25,123.5,112.98,122.61,121.88,115.02,20593842,2479542428.04,78478
2026-06-19,INE603J01030,PIIND,EQ,2839.9,2845.9,2781.7,2803.6,2812.3,2846.0,258029,723018460.4,20026
2026-06-19,INE546C01010,PICCADIL,EQ,583.0,586.35,576.0,579.0,583.0,584.65,81318,47262209.7,5010
2026-06-19,INE0YAL01017,PPSL,ST,4.8,4.8,4.6,4.65,4.8,4.8,78000,366600.0,20
2026-06-19,INE318A01026,PIDILITIND,EQ,1572.0,1595.0,1565.0,1579.9,1580.0,1581.1,847276,1339319788.8,34422
2026-06-19,INE600A01035,PILITA,BE,8.14,8.2,8.04,8.17,8.18,8.12,32774,266512.37,93
2026-06-19,INE417C01014,PILANIINVS,EQ,4439.9,4480.0,4406.4,4424.4,4425.0,4440.7,843,3737350.1,322
2026-06-19,INE15B701018,PINELABS,EQ,149.5,156.0,149.2,152.31,152.7,149.83,51017033,7814890016.3,143566
2026-06-19,INE156C01018,PIONEEREMB,EQ,24.77,25.5,23.75,24.68,25.0,24.29,39051,959115.77,116
2026-06-19,INE746D01014,PIONRINV,EQ,91.75,93.0,89.01,91.84,90.1,92.19,28453,2589189.67,58
2026-06-19,INE202B01038,PIRAMALFIN,EQ,1999.0,2173.8,1999.0,2153.1,2150.0,1998.4,2019590,4298479673.9,99657
2026-06-19,INE0DK501011,PPLPHARMA,EQ,160.4,162.08,158.15,158.9,158.98,160.2,4540136,728927868.14,23430
2026-06-19,INE450D01021,PITTIENG,EQ,982.9,1020.0,982.9,1009.45,1014.0,991.65,73926,74388441.55,4722
2026-06-19,INE751B01018,PIXTRANS,EQ,1600.5,1659.0,1600.5,1640.6,1649.5,1616.5,19589,32130472.1,1591
2026-06-19,INE083C01022,PLASTIBLEN,EQ,174.92,174.92,172.5,173.52,173.4,173.21,8290,1437278.91,241
2026-06-19,INE0PT501018,PLATIND,EQ,228.47,232.98,226.75,228.3,230.0,228.37,30563,7014502.15,1214
2026-06-19,INE0INJ01017,PLAZACABLE,BE,47.99,48.0,46.71,47.67,47.95,47.76,17917,847421.05,185
2026-06-19,INE859A01011,PNBGILTS,EQ,91.17,92.99,89.47,92.05,91.99,91.19,827845,75602948.28,5607
2026-06-19,INE572E01012,PNBHOUSING,EQ,1004.0,1006.0,989.7,1003.0,1004.1,1003.9,354706,354274343.1,21758
2026-06-19,INE195J01029,PNCINFRA,EQ,215.79,227.77,213.85,226.01,226.9,216.81,2505262,559692154.09,38211
2026-06-19,INE1RDG01013,PNGSREVA,EQ,386.9,404.0,385.55,400.45,401.0,386.35,207816,81979995.15,7658
2026-06-19,INE371C01013,PODDARMENT,EQ,260.0,260.0,251.0,259.05,252.5,255.65,947,242114.3,41
2026-06-19,INE637C01025,POKARNA,EQ,950.0,971.7,936.1,951.3,956.1,944.05,100328,95760221.3,6592
2026-06-19,INE205C01021,POLYMED,EQ,1570.0,1594.7,1546.0,1563.3,1565.0,1573.2,107588,168811953.0,10814
2026-06-19,INE455K01017,POLYCAB,EQ,9900.0,10120.0,9831.0,10083.0,10105.0,9952.5,470348,4711548071.5,46185
2026-06-19,INE633B01018,POLYPLEX,EQ,926.5,955.55,925.0,951.1,955.45,929.45,129385,122458481.8,7437
2026-06-19,INE517M01028,POLYSIL,SM,133.45,133.45,133.45,133.45,133.45,132.0,500,66725.0,1
2026-06-19,INE063E01053,POCL,EQ,1321.7,1367.3,1309.0,1343.0,1344.2,1322.1,272358,367835464.2,14603
2026-06-19,INE838E01017,PONNIERODE,EQ,321.8,321.8,314.45,315.2,315.55,318.05,4301,1358551.9,208
2026-06-19,INE511C01022,POONAWALLA,EQ,403.7,436.0,400.7,426.7,433.75,404.5,11450981,4854761283.8,138500
2026-06-19,INE772T01024,PVSL,EQ,97.2,97.2,95.01,95.32,96.0,95.94,34575,3304949.61,2325
2026-06-19,INE0S3H01017,POSITRON,ST,186.1,189.95,186.0,186.3,186.3,193.35,1800,337260.0,6
2026-06-19,INE134E01011,PFC,EQ,429.3,432.0,425.65,431.0,430.5,429.3,3496218,1504757455.7,35512
2026-06-19,INE752E01010,POWERGRID,EQ,288.95,292.9,287.65,292.25,292.6,288.7,10295261,2997837092.15,56966
2026-06-19,INE557Z01018,PIGL,EQ,109.0,117.0,108.0,112.31,112.1,105.43,390551,44183867.25,4052
2026-06-19,INE211R01019,POWERMECH,EQ,2814.2,2850.8,2790.0,2839.9,2849.0,2814.2,64257,181639121.3,7963
2026-06-19,INE0GGX23010,PGINVIT,IV,93.75,93.9,93.25,93.89,93.9,93.76,1347587,126406804.24,5676
2026-06-19,INE921L01032,POWERICA,EQ,564.0,599.0,558.0,590.85,597.95,551.6,1199323,701511335.6,29077
2026-06-19,INE095I01015,PPAP,EQ,261.5,261.5,250.98,254.93,252.84,259.6,47730,12180830.98,1651
2026-06-19,INE0I0M01023,PRABHA,EQ,156.0,158.5,155.25,156.5,157.65,157.54,43271,6782802.54,540
2026-06-19,INE770A01010,PRADPME,EQ,527.0,545.25,513.2,518.15,516.0,527.5,50761,26562845.3,2232
2026-06-19,INE074A01025,PRAJIND,EQ,343.0,343.0,337.5,340.5,340.8,343.15,488816,166011527.65,12795
2026-06-19,INE505C01016,PRAENG,EQ,22.14,22.14,20.95,21.16,21.33,21.47,39482,832055.76,193
2026-06-19,INE603A01013,PRAKASH,EQ,148.25,149.28,144.3,145.6,145.2,148.24,726095,106351454.01,4687
2026-06-19,INE050001010,PPL,EQ,259.91,262.76,255.04,259.63,261.5,259.91,93148,24155011.91,2642
2026-06-19,INE696K01024,PRAKASHSTL,EQ,4.6,4.69,4.4,4.52,4.53,4.55,118304,531347.89,413
2026-06-19,INE0O7A01017,PRAMARA,SM,137.0,138.0,131.05,133.3,135.0,135.4,45500,6171600.0,55
2026-06-19,INE0VJG01014,PRANIK,SM,45.25,48.4,45.0,45.6,45.0,50.7,20800,951040.0,13
2026-06-19,INE393P01035,DIAMONDYD,EQ,1125.0,1149.0,1111.4,1135.7,1144.5,1124.8,20067,22832462.5,2883
2026-06-19,INE0QA601016,PRATHAM,SM,114.25,114.25,108.0,109.0,109.0,114.0,22400,2463420.0,47
2026-06-19,INE722B01019,PRAVEG,EQ,234.95,237.8,230.4,232.95,236.0,234.95,84036,19757704.75,821
2026-06-19,INE546Y01022,PRAXIS,BE,8.3,8.3,7.82,8.09,8.1,8.18,35445,286984.35,95
2026-06-19,INE484I01029,PRECAM,EQ,150.17,155.48,148.62,152.32,152.4,150.97,226756,34672136.8,3882
2026-06-19,INE0HKW01018,PRECISION,SM,6.95,6.95,6.85,6.9,6.9,7.1,24000,165900.0,10
2026-06-19,INE372C01037,PRECWIRE,EQ,420.0,423.0,405.0,408.25,409.5,423.75,372231,153461830.2,11985
2026-06-19,INE283A01014,PRECOT,EQ,760.0,762.95,751.0,753.3,760.0,727.4,6046,4564015.55,378
2026-06-19,INE001E01012,PREMCO,EQ,375.9,380.7,370.3,374.4,373.2,373.1,252,94616.65,31
2026-06-19,INE0BS701011,PREMIERENE,EQ,1055.3,1087.5,1050.0,1079.6,1078.6,1057.7,1350684,1445936977.9,35652
2026-06-19,INE863B01029,PREMEXPLN,EQ,744.8,798.9,743.35,775.3,774.0,741.1,2574942,2003615858.5,53246
2026-06-19,INE342A01018,PREMIER,BE,2.85,3.0,2.85,2.98,2.98,2.91,3652,10552.81,28
2026-06-19,INE309M01020,PREMIERPOL,BE,62.8,63.9,61.0,63.33,63.7,61.12,137231,8685471.15,656
2026-06-19,INE0CFG01012,PRLIND,SM,49.25,49.5,48.85,49.0,49.0,49.25,8000,392600.0,6
2026-06-19,INE0M1F01011,PREMIUM,SM,37.1,37.1,37.0,37.0,37.0,37.0,27000,999300.0,6
2026-06-19,INE0R1601012,PRESSTONIC,SM,31.0,31.05,28.95,29.1,29.0,30.8,136000,4037080.0,113
2026-06-19,INE811K01011,PRESTIGE,EQ,1500.0,1504.8,1473.0,1497.3,1500.5,1527.7,810768,1210259654.9,25092
2026-06-19,INE726V01018,PRICOLLTD,EQ,560.35,562.55,554.2,559.15,558.0,559.4,411741,230348239.2,18554
2026-06-19,INE0CQA01020,PRIMECAB,ST,110.0,114.0,106.0,112.75,114.0,110.0,33600,3741840.0,19
2026-06-19,INE367G01038,PFOCUS,BE,240.0,244.9,228.74,231.72,228.74,240.77,3030295,703425147.97,8617
2026-06-19,INE032B01021,PRIMESECU,EQ,294.15,303.75,293.75,299.9,295.0,292.4,61822,18436856.35,606
2026-06-19,INE607A01022,PRIMO,EQ,23.73,24.41,23.73,24.22,24.22,24.08,98351,2373781.46,499
2026-06-19,INE689W01016,PRINCEPIPE,EQ,282.55,288.65,279.1,281.95,283.0,282.55,340563,96456228.95,6956
2026-06-19,INE010A01011,PRSMJOHNSN,EQ,122.99,123.0,118.4,119.26,118.81,122.43,291083,34902394.62,7595
2026-06-19,INE974Z01015,PRITI,BE,43.33,43.7,42.5,43.01,43.5,43.33,1931,83392.88,40
2026-06-19,INE583R01029,PRITIKAUTO,EQ,17.9,19.45,17.41,19.01,19.1,18.0,1171108,21480161.41,2599
2026-06-19,INE0MJQ01020,PRITIKA,SM,64.0,64.0,60.2,62.35,62.0,68.9,24000,1483900.0,12
2026-06-19,INE392B01011,PNC,EQ,23.0,24.01,22.52,23.03,22.99,22.96,21665,511689.96,196
2026-06-19,INE959A01019,PRIVISCL,EQ,3465.1,3500.0,3429.7,3493.9,3499.0,3463.6,52959,183817092.1,7816
2026-06-19,INE0V9N01017,PRIZOR,ST,869.1,894.45,869.1,873.0,870.05,881.85,8400,7365820.0,21
2026-06-19,INE0VJT01017,PROFX,SM,72.0,72.0,71.0,71.1,71.0,70.0,8000,570400.0,4
2026-06-19,INE199A01012,PGHL,EQ,6293.0,6380.0,6212.0,6244.0,6320.0,6310.5,12057,75590340.0,2813
2026-06-19,INE994V01012,PROLIFE,SM,65.55,65.55,65.55,65.55,65.55,69.0,500,32775.0,1
2026-06-19,INE0BX301013,PROSTARM,EQ,140.7,141.75,139.35,140.37,140.5,141.2,147886,20737154.85,1803
2026-06-19,INE004A01022,PROTEAN,EQ,622.85,635.0,600.0,606.45,606.8,624.55,886268,540608866.55,22523
2026-06-19,INE0ONE01016,PROV,SM,1420.15,1569.0,1420.1,1569.0,1569.0,1570.0,560,849300.0,6
2026-06-19,INE195N01013,PROZONER,EQ,48.4,48.65,47.75,47.93,47.75,48.49,106265,5112515.07,692
2026-06-19,INE00F201020,PRUDENT,EQ,2927.0,3047.5,2908.3,3029.2,3045.0,2954.7,21528,64816971.0,5293
2026-06-19,INE024D01016,PRUDMOULI,BE,15.51,16.27,15.51,15.97,15.97,15.5,8373,133138.49,36
2026-06-19,INE488V01015,PSPPROJECT,EQ,912.65,987.0,893.3,969.1,973.95,911.15,474690,456050952.25,17506
2026-06-19,INE560K01014,PFS,EQ,31.2,31.44,30.81,31.05,31.13,30.95,374601,11645624.41,1990
2026-06-19,INE877F01012,PTC,EQ,188.9,189.65,186.27,186.65,186.9,188.95,714746,133852211.96,8945
2026-06-19,INE596F01018,PTCIL,EQ,17420.0,18650.0,17400.0,18333.0,18480.0,17420.0,46305,839566649.0,15462
2026-06-19,INE034D01049,PTL,EQ,42.04,42.4,41.5,42.29,42.2,41.95,72509,3058080.83,861
2026-06-19,INE865T01018,PDMJEPAPER,EQ,83.79,83.79,82.32,82.73,82.5,82.97,45356,3756704.36,837
2026-06-19,INE335X01014,PULZ,SM,23.3,24.4,23.1,23.75,24.4,24.05,6000,141600.0,3
2026-06-19,INE608A01012,PSB,EQ,25.1,25.25,24.85,25.09,25.05,25.15,1900659,47600058.26,5971
2026-06-19,INE277B01014,PUNJABCHEM,EQ,1022.6,1074.0,1010.1,1042.8,1051.0,1016.5,107298,110774559.9,4298
2026-06-19,INE160A01022,PNB,EQ,109.0,109.48,108.3,108.77,108.74,109.58,13771644,1497785323.1,38371
2026-06-19,INE323I01011,PURVA,EQ,225.0,225.0,218.95,220.36,221.79,225.04,109785,24299938.78,3639
2026-06-19,INE0P5R01014,PURPLEUTED,SM,409.0,426.2,395.0,425.7,421.0,405.95,61250,25760725.0,175
2026-06-19,INE0R6C01012,PURVFLEXI,ST,51.5,51.5,51.5,51.5,51.5,49.7,800,41200.0,1
2026-06-19,INE154801018,PUSHPA,SM,109.8,109.8,109.8,109.8,109.8,109.8,1000,109800.0,1
2026-06-19,INE362A01016,PVP,EQ,29.3,30.29,29.01,29.85,30.0,29.42,262751,7811788.04,917
2026-06-19,INE191H01014,PVRINOX,EQ,956.7,961.65,938.25,948.9,948.0,956.7,266037,251535383.0,17326
2026-06-19,INE0MIS01010,PYRAMID,EQ,175.35,178.0,174.55,175.41,176.0,175.3,14286,2520111.01,397
2026-06-19,INE1G2W01011,QLINE,SM,528.95,568.0,527.0,562.6,564.0,525.85,342800,189240160.0,699
2026-06-19,INE0FMW01018,QMSMEDI,EQ,102.85,106.9,98.8,105.0,105.0,101.75,32039,3341330.95,224
2026-06-19,INE0LRY01011,QUADFUTURE,EQ,421.4,421.4,404.05,408.75,409.7,424.15,478263,196090980.65,8385
2026-06-19,INE0O1M01015,QFIL,SM,58.6,58.6,58.6,58.6,58.6,55.85,1000,58600.0,1
2026-06-19,INE0SII01026,QPOWER,BE,1300.0,1335.5,1280.0,1320.6,1314.0,1309.7,173032,227084835.5,4712
2026-06-19,INF082J01408,QGOLDHALF,EQ,120.4,120.69,117.81,120.0,120.1,122.35,112937,13532931.69,1632
2026-06-19,INF082J01499,QNIFTY,EQ,263.0,263.79,263.0,263.61,263.79,265.11,324,85321.83,31
2026-06-19,INE615P01015,QUESS,EQ,248.7,252.81,247.0,249.87,251.0,249.94,394002,98689282.89,7778
2026-06-19,INE0TNW01017,QUESTLAB,SM,106.0,108.8,101.15,102.8,102.0,108.75,112800,11720820.0,87
2026-06-19,INE306L01010,QUICKHEAL,BE,181.3,181.3,175.0,178.7,178.99,182.3,75126,13341960.68,996
2026-06-19,INE0K4D01020,QUICKTOUCH,SM,23.55,25.5,23.5,25.5,25.5,24.3,6000,143200.0,7
2026-06-19,INE641R01017,QUINT,EQ,42.5,43.95,42.0,43.18,42.0,43.25,1033,44714.65,19
2026-06-19,INE0NQ801033,RKSWAMY,EQ,98.49,99.0,97.5,98.06,98.0,98.49,27895,2734762.67,546
2026-06-19,INE219Y01026,RMDRIP,EQ,19.2,19.2,18.6,18.65,18.62,19.21,358527,6734353.23,1580
2026-06-19,INE951M01037,RRIL,EQ,19.56,20.0,17.17,17.98,17.96,19.56,166226,3043866.74,503
2026-06-19,INE777K01022,RRKABEL,EQ,2273.8,2329.0,2261.1,2321.1,2315.0,2296.2,732638,1683623027.3,47141
2026-06-19,INE616F01022,RSDFIN,EQ,82.0,85.0,81.0,85.0,85.0,81.0,265,21916.7,12
2026-06-19,INE411H01032,RSYSTEMS,EQ,264.95,265.0,259.2,264.15,264.95,267.6,126485,33195838.0,2666
2026-06-19,INE012Q01039,RNBDENIMS,EQ,11.0,11.28,10.64,10.98,11.0,10.85,371251,4073583.25,944
2026-06-19,INE165B01029,RSSOFTWARE,BE,36.61,36.61,36.61,36.61,36.61,34.87,21914,802271.54,98
2026-06-19,INE324L01013,RPPINFRA,EQ,65.25,65.25,63.14,63.9,63.9,64.58,30090,1927853.58,771
2026-06-19,INE2PB023011,RIIT,IV,113.14,114.0,113.14,113.47,113.5,113.14,427756,48585968.81,1916
2026-06-19,INE084Q01012,RACE,BE,110.0,110.69,108.01,109.87,109.5,110.25,2318,254964.34,34
2026-06-19,INE02OY01016,RILINFRA,SM,39.5,39.9,37.8,38.25,38.25,38.5,26700,1039310.0,88
2026-06-19,INE704B01017,RACLGEAR,EQ,1340.0,1358.5,1307.0,1318.8,1315.5,1332.6,14979,19902699.8,1527
2026-06-19,INE874F01027,RADAAN,EQ,3.11,3.23,3.05,3.11,3.11,3.11,34482,108396.68,74
2026-06-19,INE583V01021,RADHIKAJWE,EQ,56.51,57.5,56.21,56.66,57.14,57.12,132824,7547316.01,1406
2026-06-19,INE855R01021,RADIANTCMS,EQ,40.16,40.59,39.4,39.82,40.1,40.05,112577,4485462.45,988
2026-06-19,INE944F01028,RADICO,EQ,3699.0,3778.0,3686.0,3769.2,3765.0,3690.0,746962,2792570802.8,51384
2026-06-19,INE430U01019,RADIOWALLA,SM,25.3,26.5,25.25,25.35,25.25,26.55,12800,327440.0,8
2026-06-19,INE912T01018,RPEL,EQ,1171.9,1234.0,1171.9,1197.95,1205.0,1189.75,99793,120970654.45,7143
2026-06-19,INE415G01027,RVNL,EQ,246.5,246.5,242.29,243.99,244.31,247.58,5474304,1336822680.77,46101
2026-06-19,INE0DD101019,RAILTEL,EQ,321.0,324.5,316.35,319.4,320.0,322.7,640456,205281680.0,13694
2026-06-19,INE855B01025,RAIN,EQ,189.15,195.9,187.36,191.0,192.0,189.15,3687315,705605791.79,27193
2026-06-19,INE961O01016,RAINBOW,EQ,1442.8,1495.0,1428.0,1470.8,1463.5,1450.0,216444,316911664.1,17092
2026-06-19,INE294G01026,ROML,EQ,45.11,50.0,45.11,46.95,47.16,45.18,47041,2244647.68,496
2026-06-19,INE533D01032,RAJRILTD,BE,21.5,21.57,21.07,21.57,21.57,21.15,18853,406053.16,115
2026-06-19,INE952H01027,RAJTV,EQ,12.8,12.8,12.3,12.47,12.72,12.54,33672,421784.15,178
2026-06-19,INE296E01026,RAJPALAYAM,EQ,838.0,845.95,833.75,839.75,841.0,844.7,821,688940.2,117
2026-06-19,INE610C01014,ARENTERP,EQ,37.85,37.85,36.85,37.04,36.85,37.85,802,29664.52,32
2026-06-19,INE343B01030,RAJESHEXPO,BZ,97.51,97.51,97.51,97.51,97.51,92.87,208037,20285687.87,1052
2026-06-19,INE0BZQ01011,RCDL,SM,25.5,25.75,25.5,25.6,25.6,28.0,12000,307500.0,4
2026-06-19,INE00KV01022,RAJMET,EQ,3.86,3.86,3.68,3.77,3.8,3.81,402872,1508569.2,740
2026-06-19,INE535F01024,RAJOOENG,EQ,55.3,56.84,54.31,55.44,55.6,54.76,388340,21488094.18,4333
2026-06-19,INE0PCU01012,RAJINDLTD,SM,72.95,72.95,70.0,70.65,71.0,73.0,16500,1175700.0,11
2026-06-19,INE313L01016,RSL,EQ,130.6,130.78,128.91,129.99,129.5,129.98,152703,19898638.67,1419
2026-06-19,INE451D01029,RAJRATAN,EQ,454.5,459.25,446.25,448.6,451.95,454.6,54525,24582636.9,2824
2026-06-19,INE760W01023,RPPL,EQ,19.29,19.8,18.51,19.3,19.44,18.49,197416,3807765.4,511
2026-06-19,INE562B01019,RAJSREESUG,EQ,34.35,34.35,33.23,33.85,34.1,33.94,23357,795978.94,207
2026-06-19,INE613A01020,RALLIS,EQ,228.44,232.8,227.0,229.78,229.88,228.44,1396643,319757715.91,12023
2026-06-19,INE207E01023,RAMRAT,EQ,405.25,410.0,400.1,407.15,409.0,408.2,124648,50359611.8,3033
2026-06-19,INE809A01032,RAMAPHO,EQ,121.0,132.8,120.8,129.08,129.0,122.11,98933,12690103.54,2185
2026-06-19,INE230R01035,RAMASTEEL,EQ,5.04,5.05,4.89,4.9,4.9,5.04,19014435,94023135.64,8857
2026-06-19,INE14W901010,RTL,ST,82.0,87.4,81.05,87.4,87.4,85.15,14000,1162000.0,7
2026-06-19,INE614A01028,RAMCOIND,EQ,293.0,295.7,288.0,291.0,293.9,292.95,153464,44605498.4,2149
2026-06-19,INE246B01019,RAMCOSYS,EQ,553.0,568.2,516.25,557.2,556.0,560.75,245907,135564825.8,8046
2026-06-19,INE0RJH01010,RBS,ST,86.0,88.0,85.0,88.0,88.0,86.25,11200,966000.0,13
2026-06-19,INE399G01023,RKFORGE,EQ,594.4,595.25,584.45,588.7,588.75,589.2,210369,124188164.15,9075
2026-06-19,INE874I01013,RAMKY,EQ,428.35,433.5,425.0,427.25,429.7,430.45,81986,35218001.55,1801
2026-06-19,INE625B01014,RANASUG,EQ,12.85,12.96,12.75,12.82,12.81,12.86,160561,2062597.08,713
2026-06-19,INE050H01012,RML,EQ,986.0,1137.0,980.0,1121.15,1124.6,986.75,2085525,2315788207.55,74342
2026-06-19,INE384A01010,RANEHOLDIN,EQ,1632.0,1795.0,1622.7,1688.3,1699.9,1654.3,126251,218888827.9,12984
2026-06-19,INE0QX901013,RAPIDFLEET,SM,190.0,191.0,190.0,191.0,191.0,186.0,1200,228600.0,2
2026-06-19,INE0MVO01012,RAPPID,SM,278.95,278.95,271.95,271.95,271.95,278.95,4200,1150740.0,7
2026-06-19,INE0J1F01024,RPTECH,EQ,726.0,762.9,716.95,750.65,755.0,730.0,4217460,3155849225.85,64035
2026-06-19,INE027A01015,RCF,EQ,133.2,139.25,133.2,136.65,136.35,134.45,6504274,893935114.87,48488
2026-06-19,INE0CLI01024,RATEGAIN,EQ,883.85,895.0,853.15,867.7,867.7,889.0,962428,835052106.2,30434
2026-06-19,INE703B01027,RATNAMANI,EQ,2625.0,2848.0,2600.0,2770.9,2845.0,2626.0,65426,180213159.3,10647
2026-06-19,INE05CZ01011,RATNAVEER,EQ,186.7,195.0,185.4,188.99,189.0,187.13,2537463,481246921.09,17420
2026-06-19,INE834M01019,RTNINDIA,EQ,35.4,35.47,34.79,35.07,35.25,35.03,1322142,46371621.62,5940
2026-06-19,INE399K01017,RTNPOWER,EQ,9.29,9.5,9.23,9.37,9.38,9.31,10418010,97159190.95,13529
2026-06-19,INE722J01012,RKDL,EQ,18.49,19.44,18.18,18.74,18.7,18.4,35769,677016.03,296
2026-06-19,INE09E501017,RVHL,EQ,45.99,46.75,44.1,46.53,46.7,45.2,34918,1585457.81,1244
2026-06-19,INE206N01018,RELTD,EQ,150.0,172.75,143.99,170.75,168.0,143.96,8980426,1483608843.19,66589
2026-06-19,INE206N20018,RELTD-RE,BE,36.37,36.37,36.37,36.37,36.37,25.98,2798231,101771661.47,189
2026-06-19,INE02ID01020,RAYMONDLSL,EQ,816.0,817.05,794.05,810.65,814.95,816.05,178594,144220803.2,6679
2026-06-19,INE301A01014,RAYMOND,EQ,586.1,596.45,582.25,586.45,586.0,589.25,403104,237241782.35,11782
2026-06-19,INE1SY401010,RAYMONDREL,EQ,624.0,639.9,615.2,633.6,634.5,621.85,948702,600110492.6,19575
2026-06-19,INE976G01028,RBLBANK,EQ,370.2,379.9,367.5,378.85,379.85,369.25,9737378,3652879876.65,63738
2026-06-19,INE0NA301016,RBMINFRA,SM,307.1,311.7,300.0,301.6,300.0,307.1,24400,7398830.0,98
2026-06-19,INE0PEQ01016,RBZJEWEL,EQ,131.78,135.0,131.02,133.32,134.3,132.74,33490,4439889.81,940
2026-06-19,INE10QL01011,READYMIX,SM,74.5,74.5,74.5,74.5,74.5,74.5,1000,74500.0,1
2026-06-19,INE020B01018,RECLTD,EQ,355.2,357.95,352.8,355.35,355.65,358.7,2926136,1040209796.65,31497
2026-06-19,INE891D01026,REDINGTON,EQ,270.0,290.46,268.54,280.76,280.78,271.95,22331777,6308532654.22,226899
2026-06-19,INE0LXT01019,REDTAPE,EQ,133.89,135.0,132.56,134.13,133.8,133.9,265452,35571555.45,5033
2026-06-19,INE056I01025,REFEX,EQ,315.0,342.0,315.0,336.9,340.0,318.65,3756870,1260943904.1,49407
2026-06-19,INE0MHO01029,REGAAL,BE,80.0,80.0,76.0,77.23,77.2,79.04,379039,29353003.47,1175
2026-06-19,INE277C01012,REGENCERAM,EQ,44.75,44.75,40.01,40.55,40.1,40.51,934,39078.16,18
2026-06-19,INE131B01039,RELAXO,EQ,367.0,367.45,352.1,355.85,358.0,367.85,251468,89920633.7,11037
2026-06-19,INF204KC1030,GILT5YBEES,EQ,65.59,65.75,65.25,65.55,65.75,65.6,224920,14731456.88,549
2026-06-19,INE375Y01018,RELIABLE,EQ,155.9,155.9,150.0,153.3,154.1,153.81,45001,6894642.03,399
2026-06-19,INE750D01016,RELCHEMQ,EQ,141.0,141.0,136.05,138.39,136.05,137.76,2261,313766.85,98
2026-06-19,INE330H01018,RCOM,BE,0.93,0.94,0.92,0.92,0.93,0.94,2832405,2629632.5,1704
2026-06-19,INE217K01011,RHFL,BZ,2.21,2.26,2.15,2.2,2.2,2.21,675584,1487494.96,752
2026-06-19,INE046A01015,RIIL,EQ,859.0,882.95,851.0,858.4,858.95,862.0,176308,152748814.85,7039
2026-06-19,INE002A01018,RELIANCE,EQ,1328.0,1338.2,1305.3,1309.5,1311.5,1328.1,24887034,32795056305.4,271929
2026-06-19,INE614G01033,RPOWER,EQ,26.6,26.85,26.02,26.1,26.19,26.66,33990385,895596110.41,42799
2026-06-19,INE621H01010,RELIGARE,EQ,247.85,258.7,245.61,253.4,253.37,247.63,2467002,630305687.57,28273
2026-06-19,INE474C01023,REMSONSIND,EQ,85.5,88.0,84.43,85.61,85.51,86.17,279148,23853257.23,3261
2026-06-19,INE0O5T01011,REMUS,SM,809.9,819.9,793.0,799.95,800.0,827.5,3200,2571035.0,30
2026-06-19,INE722H01024,RGL,EQ,110.0,112.0,108.83,111.33,111.42,110.11,394005,43609712.02,3778
2026-06-19,INE0VZX01015,RNPL,SM,85.5,86.5,84.9,86.45,86.45,85.0,8400,721680.0,7
2026-06-19,INE612J01015,REPCOHOME,EQ,390.5,398.85,388.8,393.65,394.5,391.0,57133,22476865.45,1595
2026-06-19,INE461B01014,REPRO,EQ,365.3,379.15,364.5,370.5,365.0,366.55,28535,10528572.45,1116
2026-06-19,INE688D01026,RESPONIND,EQ,185.72,192.66,184.61,191.09,190.15,185.72,176171,33281686.01,3279
2026-06-19,INE07T201019,RBA,EQ,69.89,78.8,69.3,73.67,73.99,69.69,77847711,5737003536.22,164772
2026-06-19,INE0DAB01012,RVTH,EQ,690.05,719.0,690.05,702.2,701.8,702.0,607,426985.6,60
2026-06-19,INE113601012,REXPRO,SM,40.0,40.0,39.4,39.45,39.45,41.25,9000,356200.0,7
2026-06-19,INE0V2V01015,RFBL,SM,83.25,83.5,81.2,81.5,81.2,83.1,21000,1732200.0,7
2026-06-19,INE0KKN01029,RHETAN,EQ,28.26,30.04,27.76,29.46,29.6,28.1,17414651,506764522.81,11900
2026-06-19,INE743M01012,RHIM,EQ,370.0,384.95,366.95,381.95,379.0,370.85,259533,98493129.9,7007
2026-06-19,INE0J1P01015,RICHA,ST,91.0,91.0,91.0,91.0,91.0,91.0,3000,273000.0,3
2026-06-19,INE209B01025,RICOAUTO,EQ,144.0,148.9,143.01,145.28,145.8,144.43,4534708,660982262.29,29330
2026-06-19,INE0N2P01017,RISHABH,EQ,575.0,593.0,571.0,578.65,583.0,574.25,140658,81694177.7,6464
2026-06-19,INE01EG01016,RITCO,EQ,259.0,281.0,258.9,274.65,275.5,258.65,836330,229884925.45,14415
2026-06-19,INE320J01015,RITES,EQ,210.91,214.0,209.0,213.32,213.49,212.18,390637,83099191.75,11190
2026-06-19,INE786W01010,RKEC,EQ,28.8,29.37,27.5,29.37,29.37,26.7,115371,3359244.42,298
2026-06-19,INE655V01019,RMC,BE,300.0,314.0,300.0,312.1,313.2,299.55,10933,3340253.15,216
2026-06-19,INE0SA001017,RNFI,SM,267.55,267.55,263.0,265.5,264.15,266.15,18000,4774290.0,27
2026-06-19,INE508K01013,RHL,EQ,178.0,179.98,176.25,177.61,178.9,178.31,17036,3030491.84,81
2026-06-19,INE0PTR01012,ROCKINGDCE,SM,184.0,184.0,181.5,181.5,181.5,184.0,1250,227500.0,5
2026-06-19,INE645S01024,ROLEXRINGS,EQ,141.49,143.6,140.02,143.23,143.39,141.01,1093800,155941516.82,7100
2026-06-19,INE927A01040,ROLLT,BE,3.4,3.4,3.3,3.4,3.4,3.24,669742,2274357.35,479
2026-06-19,INE02A801020,ROSSARI,EQ,533.7,574.0,522.0,560.9,557.5,533.7,819039,457291094.3,25689
2026-06-19,INE847C01020,ROSSELLIND,EQ,56.95,56.95,56.01,56.1,56.05,56.37,13918,781994.88,225
2026-06-19,INE0OJW01016,ROSSTECH,EQ,1055.0,1065.0,1017.0,1027.6,1020.0,1042.3,262969,271514837.4,15343
2026-06-19,INE535D01037,ROTO,EQ,64.5,64.87,63.8,64.39,64.42,64.64,239693,15431854.89,1862
2026-06-19,INE450U01017,ROUTE,EQ,535.0,548.5,523.95,545.5,546.0,538.2,175811,94501482.8,6661
2026-06-19,INE0PDJ01013,ROXHITECH,ST,32.65,32.65,32.6,32.65,32.65,31.1,17600,574480.0,11
2026-06-19,INE0EO401019,ROYALARC,SM,148.0,148.0,148.0,148.0,148.0,148.0,1200,177600.0,1
2026-06-19,INE283H01019,ROHLTD,EQ,337.0,337.0,329.0,330.2,329.45,331.6,33134,10988137.6,1201
2026-06-19,INE105J01010,RPGLIFE,EQ,2280.0,2318.8,2255.5,2277.4,2318.8,2278.1,3109,7079021.3,564
2026-06-19,INE425Y01011,RPSGVENT,EQ,872.55,882.0,866.05,871.2,868.2,872.55,7986,6984752.45,831
2026-06-19,INE611A01016,RSWM,BE,193.37,197.5,190.25,191.63,191.5,195.32,61088,11841998.73,1015
2026-06-19,INE642C01025,RUBFILA,EQ,71.66,73.7,71.26,71.64,71.5,71.66,26430,1912855.79,468
2026-06-19,INE506V01022,RUBICON,EQ,1317.9,1375.0,1310.6,1361.8,1347.0,1307.3,334786,450745460.9,24353
2026-06-19,INE413B01023,RUCHINFRA,EQ,6.46,6.46,6.15,6.2,6.25,6.34,75650,475643.54,198
2026-06-19,INE803H01014,RUCHIRA,EQ,111.4,111.4,110.05,110.52,110.36,110.86,11704,1293711.71,257
2026-06-19,INE027T01023,RUDRA,BE,18.41,18.41,17.92,18.04,18.0,18.32,27166,488761.85,104
2026-06-19,INE364Z01019,REPL,BE,69.57,71.35,69.57,70.93,71.15,72.41,3533,248758.69,24
2026-06-19,INE0R7301013,RULKA,SM,87.0,88.95,87.0,88.0,88.0,86.8,1800,158385.0,6
2026-06-19,INE895B01021,RUPA,EQ,159.98,164.19,159.0,160.76,162.2,160.74,191076,30825921.63,3068
2026-06-19,INE573K01025,RUSHIL,EQ,17.75,18.28,17.46,17.57,17.6,17.82,799645,14290366.19,1870
2026-06-19,INE0BSN01013,SATECH,SM,37.75,38.15,37.55,37.85,37.55,39.5,25000,939750.0,19
2026-06-19,INE807K01035,SCHAND,EQ,148.76,151.95,147.2,150.37,151.25,149.7,26235,3934663.05,859
2026-06-19,INE0X6F01017,SDREAMS,SM,90.05,91.0,90.05,91.0,91.0,92.25,2000,181050.0,2
2026-06-19,INE500L01026,SHK,EQ,139.79,142.4,137.5,140.07,139.67,138.41,473873,66606837.88,8696
2026-06-19,INE0F3301020,SJLOGISTIC,SM,343.0,344.0,336.0,337.6,336.75,343.7,30500,10377425.0,93
2026-06-19,INE902B01017,S&SPOWER,BE,398.8,398.8,372.0,388.45,388.45,380.95,508,195897.45,30
2026-06-19,INE212I01016,SPAL,EQ,948.0,1084.0,935.15,1028.4,1017.0,920.95,2021580,2070614014.0,74562
2026-06-19,INE658G01014,SALSTEEL,BE,54.8,57.59,53.0,57.51,56.72,54.85,156433,8858641.73,534
2026-06-19,INE0PSK01027,SAAKSHI,SM,268.5,268.5,265.0,265.5,265.0,268.65,6600,1757430.0,11
2026-06-19,INE13B501022,SAATVIKGL,EQ,479.05,483.9,473.0,477.2,479.0,476.65,77163,36928889.85,2841
2026-06-19,INE860T01019,SABEVENTS,BE,7.6,7.6,7.25,7.31,7.5,7.6,1437,10520.45,24
2026-06-19,INE1ARD01016,SACHEEROME,SM,322.3,325.0,318.0,324.0,324.2,322.3,10800,3488775.0,36
2026-06-19,INE226H01026,SADBHAV,EQ,9.0,9.13,8.77,8.96,8.98,9.03,151065,1351325.09,398
2026-06-19,INE764L01010,SADBHIN,BE,2.93,2.98,2.79,2.85,2.84,2.93,172779,494394.02,191
2026-06-19,INE888C01040,SADHNANIQ,BE,2.75,2.86,2.75,2.85,2.86,2.73,6640038,18851304.97,1873
2026-06-19,INE0K5H01010,SADHAV,SM,118.1,118.15,115.1,116.95,117.9,120.0,9000,1054950.0,15
2026-06-19,INE429E01023,SAFARI,EQ,1670.9,1685.0,1640.2,1675.5,1682.9,1660.0,65249,108770774.4,8419
2026-06-19,INE17D601016,SAFEENTP,SM,276.85,276.85,270.05,270.7,270.2,276.3,34000,9277375.0,60
2026-06-19,INE229C01021,SAGCEM,EQ,172.0,173.0,170.2,172.03,172.75,171.13,35596,6114095.6,1468
2026-06-19,INE976T01013,SAGARDEEP,EQ,25.46,25.46,24.79,25.46,25.46,24.78,3416,86289.34,38
2026-06-19,INE0W2G01015,SAGILITY,EQ,39.5,39.99,38.52,39.49,39.82,39.83,23225441,910841092.94,45626
2026-06-19,INE0P4701011,SAHAJSOLAR,SM,134.75,134.75,130.3,133.3,133.0,132.6,18400,2449980.0,32
2026-06-19,INE0LEX01011,SAHANA,SM,959.0,968.0,901.35,954.1,955.0,957.35,29875,28098550.0,185
2026-06-19,INE0RBQ01018,SAHASRA,ST,358.0,358.0,329.0,339.9,339.9,342.85,161600,55039720.0,325
2026-06-19,INE280H01015,SAHYADRI,EQ,293.75,293.9,283.1,287.3,291.8,290.45,3074,888325.6,443
2026-06-19,INE570L01029,SAILIFE,EQ,1206.1,1238.9,1206.1,1216.4,1214.7,1206.8,468762,573304982.8,23711
2026-06-19,INE0H9F01037,SAIPARENT,EQ,586.8,597.0,578.15,593.1,593.1,584.2,294950,173334215.35,8769
2026-06-19,INE438K01021,KALAMANDIR,EQ,109.85,112.25,108.35,109.31,109.8,110.26,993567,109655101.1,8505
2026-06-19,INE00MT01022,SAJHOTELS,SM,37.0,38.0,33.0,34.0,33.2,36.0,46000,1620600.0,15
2026-06-19,INE732S01012,SAKAR,EQ,788.0,820.0,788.0,803.6,804.65,795.9,53400,43105599.6,3281
2026-06-19,INE667G01023,SAKSOFT,EQ,140.64,141.09,138.0,139.96,140.0,140.64,146161,20427995.62,2241
2026-06-19,INE623A01011,SAKHTISUG,EQ,18.45,18.45,16.5,17.53,17.57,18.13,231839,4071717.46,1166
2026-06-19,INE190H01024,SAKUMA,BE,1.92,1.95,1.86,1.91,1.95,1.93,1003363,1917836.3,920
2026-06-19,INE170V01027,SALASAR,EQ,7.07,7.15,7.01,7.07,7.09,7.09,3700116,26192339.57,3252
2026-06-19,INE498E01010,SALONA,EQ,270.0,274.0,264.1,273.95,273.95,273.4,391,105058.3,47
2026-06-19,INE457F01013,SALZERELEC,EQ,649.15,661.0,636.65,652.7,650.2,645.3,53840,34945407.55,3180
2026-06-19,INE124101010,SAMAY,SM,47.4,48.2,47.4,48.2,48.2,45.95,32000,1530200.0,8
2026-06-19,INE699B01027,SAMBHAAV,EQ,7.1,7.17,6.58,6.63,6.65,7.12,77343,518400.39,330
2026-06-19,INE12NJ01018,SAMBHV,EQ,107.96,110.5,107.0,109.64,109.8,108.17,661996,72284759.15,5665
2026-06-19,INE0PZA01015,SAIFL,SM,5.15,5.4,5.1,5.35,5.4,5.15,572000,2977600.0,113
2026-06-19,INE08U801020,SAMHI,EQ,173.32,179.9,170.1,175.81,175.96,171.6,2095257,369448581.64,33460
2026-06-19,INE148I01020,SAMMAANCAP,EQ,174.13,178.5,171.9,174.6,174.99,174.4,24969139,4369511040.54,57875
2026-06-19,INE735M01018,SAMPANN,EQ,27.18,27.44,26.27,27.0,27.37,27.31,20272,541750.04,271
2026-06-19,INE775A01035,MOTHERSON,EQ,144.5,146.05,143.02,145.54,144.95,144.68,20254043,2938013641.23,55004
2026-06-19,INE0JPD01013,SANATHAN,EQ,428.6,445.0,426.6,439.5,438.0,428.6,41365,18027171.05,1460
2026-06-19,INE583B01015,SANDESH,EQ,969.0,987.8,968.4,980.0,985.5,968.6,319,311639.1,72
2026-06-19,INE278H01035,SANDHAR,EQ,693.7,730.05,688.05,707.95,711.1,694.6,792100,565127210.75,19110
2026-06-19,INE149K01016,SANDUMA,EQ,212.9,214.4,210.5,211.72,212.1,214.58,1075119,228648626.18,9103
2026-06-19,INE495C01010,SANGAMIND,EQ,541.65,549.7,530.25,541.0,542.0,540.75,20614,11097513.1,1090
2026-06-19,INE0OVI01010,SANGANI,SM,45.0,45.0,44.1,44.1,44.1,44.6,6000,268650.0,4
2026-06-19,INE989A01032,SANGHVIMOV,EQ,410.0,421.7,406.4,414.75,416.7,412.3,335442,139034230.45,8864
2026-06-19,INE753W01010,SANGINITA,BE,38.43,38.43,36.93,38.43,38.43,37.68,590665,22453048.95,397
2026-06-19,INE0UOS01011,SANOFICONR,EQ,4921.9,4921.9,4731.0,4812.5,4819.0,4948.6,15085,72264267.9,2451
2026-06-19,INE058A01010,SANOFI,EQ,3372.5,3385.9,3332.0,3341.0,3336.0,3370.5,17691,59304000.0,3811
2026-06-19,INE953O01021,SANSERA,EQ,2860.0,2950.0,2860.0,2945.8,2948.9,2886.8,192639,564261413.4,19608
2026-06-19,INE08NE01025,SANSTAR,EQ,115.19,117.25,112.62,116.45,116.96,115.12,334616,38500064.8,4148
2026-06-19,INE890C01046,SANWARIA,BZ,0.23,0.23,0.21,0.22,0.22,0.22,1255770,281755.32,169
2026-06-19,INE806T01020,SAPPHIRE,EQ,185.83,189.0,183.1,187.87,188.0,184.82,1384876,258399224.73,16525
2026-06-19,INE0PUC01020,SARTELE,SM,158.4,158.4,148.0,150.25,151.0,158.65,79000,11924500.0,142
2026-06-19,INE967G01019,ZSARACOM,EQ,9905.0,9905.0,9405.0,9405.0,9405.0,9706.5,8,77598.0,7
2026-06-19,INE0PQ101010,SSDL,EQ,58.59,58.59,56.79,57.29,57.95,57.18,25082,1447422.3,1024
2026-06-19,INE385C01021,SARDAEN,EQ,519.0,527.5,510.0,523.65,524.05,519.55,281005,146665100.4,11948
2026-06-19,INE979A01025,SAREGAMA,EQ,458.75,469.5,456.15,465.9,468.9,456.15,879079,407828129.05,21774
2026-06-19,INE453D01025,SARLAPOLY,EQ,98.6,99.64,95.44,96.49,96.7,98.99,126147,12249398.31,2131
2026-06-19,INE0PCL01011,SAROJA,SM,31.85,32.3,31.85,32.3,32.3,30.8,4800,154240.0,3
2026-06-19,INE017W01010,SMLT,EQ,71.7,72.88,70.0,72.41,71.89,71.75,20121,1453162.05,365
2026-06-19,INE324X01026,SARVESHWAR,BE,3.86,4.15,3.79,3.98,3.99,3.98,1714620,6780896.37,2072
2026-06-19,INE231F01020,SASKEN,EQ,2699.6,2780.2,2540.0,2586.1,2564.5,2647.9,241298,639824387.5,19671
2026-06-19,INE0NB801022,SATKARTAR,ST,149.55,156.15,147.25,150.35,147.5,155.0,89600,13375280.0,97
2026-06-19,INE0RFP01011,SSEGL,SM,329.5,340.0,329.0,336.7,336.0,335.45,15000,5001430.0,53
2026-06-19,INE0RPM01017,SATIPOLY,ST,33.9,33.9,33.9,33.9,33.9,35.65,1000,33900.0,2
2026-06-19,INE170E01023,SATIA,EQ,55.4,56.23,55.16,55.5,55.41,55.73,46322,2574602.4,651
2026-06-19,INE836B01017,SATIN,EQ,230.1,236.45,228.87,235.43,235.75,231.43,288640,67395888.81,5689
2026-06-19,INE14DW01018,SATTVAENGG,SM,67.1,68.0,65.05,65.05,65.05,66.0,11200,750400.0,7
2026-06-19,INE626A01014,SAURASHCEM,EQ,59.25,59.8,57.8,58.49,58.51,58.95,113388,6643289.34,1525
2026-06-19,INE035D01020,SOTL,EQ,589.4,609.9,585.0,604.8,606.0,589.4,186206,111765354.05,5344
2026-06-19,INE0UCN01017,SAVY,SM,130.5,134.35,130.5,134.35,134.35,132.1,13200,1745160.0,10
2026-06-19,INE10VS01016,SAWALIYA,SM,309.0,312.5,305.0,311.0,309.05,304.1,28800,8886990.0,36
2026-06-19,INE318C01014,SAYAJIHOTL,EQ,304.0,304.0,304.0,304.0,304.0,292.1,1,304.0,1
2026-06-19,INE04AK01028,SBC,EQ,40.3,45.0,40.1,43.59,44.0,39.88,59439267,2565153967.87,92271
2026-06-19,INE423Y01016,SBFC,EQ,91.5,97.45,91.5,95.4,94.74,91.95,3794321,359477484.96,26654
2026-06-19,INE018E01016,SBICARD,EQ,624.95,624.95,611.0,616.9,618.8,624.95,805565,496274318.6,28965
2026-06-19,INE123W01016,SBILIFE,EQ,1800.0,1814.2,1786.9,1800.2,1804.9,1807.6,352560,634963978.1,19175
2026-06-19,INF200KA16D8,SETFGOLD,EQ,123.61,124.26,122.0,123.52,123.6,125.96,5371067,660670298.97,22684
2026-06-19,INF200KA1FS1,SETFNIF50,EQ,258.91,258.91,254.6,257.95,258.34,258.91,872508,224667999.43,10128
2026-06-19,INF200KA1580,SETFNIFBK,EQ,591.24,593.21,590.1,591.79,592.0,593.02,47441,28059934.5,669
2026-06-19,INF200KA1598,SETFNN50,EQ,774.73,780.5,771.22,773.03,772.23,774.74,30741,23765466.45,1627
2026-06-19,INF200KA13Z8,LIQUIDSBI,EQ,1000.0,1000.01,999.99,999.99,1000.01,1000.0,6104,6103977.64,33
2026-06-19,INF200KB1712,SBIBPB,EQ,51.95,51.95,50.05,50.66,50.73,50.94,60094,3043324.46,584
2026-06-19,INF200KA1X17,SBIETFCON,EQ,120.61,120.61,118.55,119.3,119.88,119.42,5574,664680.91,166
2026-06-19,INF200KA1S14,SBIETFIT,EQ,307.99,309.65,295.31,304.31,307.5,316.01,78616,23572784.89,1348
2026-06-19,INF200KA1S22,SBIETFPB,EQ,288.9,288.9,280.56,283.72,285.42,284.63,9926,2819394.41,189
2026-06-19,INF200KA1WX6,SBIETFQLTY,EQ,220.15,220.15,215.4,218.17,219.04,220.15,3338,725292.15,72
2026-06-19,INF200KB1969,SBILIQETF,EQ,1044.0,1044.02,1044.0,1044.02,1044.02,1043.58,13639,14239377.5,34
2026-06-19,INF200KB1AJ0,SBIMIDMOM,EQ,64.82,67.74,63.15,64.78,64.2,64.44,125566,8106434.98,525
2026-06-19,INF200KB1282,SBINEQWETF,EQ,33.14,33.4,32.67,33.07,33.4,33.14,11846,391154.72,165
2026-06-19,INF200KB1AK8,SBINMID150,EQ,22.98,23.19,22.73,22.94,23.19,22.86,34075,781788.59,161
2026-06-19,INF200KB1217,SBISILVER,EQ,225.0,227.75,221.0,226.79,226.89,235.36,3460837,774810021.79,27565
2026-06-19,INF200KB1AY9,SBISMLETF,EQ,17.82,17.85,17.42,17.73,17.85,17.65,18207,321650.32,99
2026-06-19,INF200KB1AX1,SBIVALETF,EQ,15.27,15.39,15.2,15.25,15.25,15.27,11783,179663.63,45
2026-06-19,INF200KA1JT1,SETF10GILT,EQ,261.84,263.4,261.02,262.4,261.03,261.94,3280,860351.87,37
2026-06-19,INE099G01011,SCANSTL,EQ,37.54,38.36,36.8,37.04,37.18,37.54,38218,1420171.25,316
2026-06-19,INE513A01022,SCHAEFFLER,EQ,4186.0,4369.0,4144.3,4329.9,4333.0,4186.0,259040,1113633141.4,33575
2026-06-19,INE839M01018,SCHNEIDER,EQ,1299.9,1338.0,1285.0,1331.4,1325.5,1301.0,389634,513627102.8,24828
2026-06-19,INE148I07XX3,SCL01825,N6,1038.8,1061.8,1038.8,1061.8,1061.8,1060.0,200,210060.0,2
2026-06-19,INE148I07WH8,925SCL27B,N1,984.0,984.0,984.0,984.0,984.0,984.0,30,29520.0,3
2026-06-19,INE148I07XA1,945SCL28,N0,109066.97,109066.97,109066.97,109066.97,109066.97,109600.0,5,545334.85,1
2026-06-19,INE148I07WY3,950SCL30,N0,108987.76,108987.76,108987.76,108987.76,108987.76,108961.73,35,3814571.6,9
2026-06-19,INE148I07TY9,975SCL28A,N0,108479.54,108479.54,108479.54,108479.54,108479.54,108370.07,1,108479.54,1
2026-06-19,INE090501011,SCODATUBES,EQ,140.0,147.7,139.12,144.38,145.0,140.55,769458,110769855.94,7619
2026-06-19,IN2920200697,703RJ36,SG,98.79,98.79,98.79,98.79,98.79,95.48,10000,987900.0,1
2026-06-19,IN2920210209,713RJ41,SG,99.56,99.56,99.56,99.56,99.56,100.0,40000,3982400.0,1
2026-06-19,IN3120210270,707TN38,SG,99.58,99.58,99.58,99.58,99.58,99.45,1000,99580.0,1
2026-06-19,IN4520250403,744TS48,SG,95.0,95.0,95.0,95.0,95.0,95.0,100,9500.0,1
2026-06-19,INE027E07972,935LTF29,N5,1071.24,1071.24,1071.24,1071.24,1071.24,1070.71,20,21424.8,1
2026-06-19,INE497B01018,SEAMECLTD,EQ,1354.7,1370.6,1325.0,1366.8,1370.0,1349.4,61311,83376744.6,5453
2026-06-19,INE530B07187,IIFLZC26,NN,1475.0,1475.0,1475.0,1475.0,1475.0,1475.0,508,749300.0,1
2026-06-19,INE530B07369,IIFLZC28B,Y1,1280.0,1280.55,1232.77,1232.84,1232.77,1273.99,88,112501.29,5
2026-06-19,INE413U07277,10ISFL26,N3,1043.79,1043.79,1043.79,1043.79,1043.79,1038.0,100,104379.0,1
2026-06-19,INE413U07269,1003ISFL28,N4,1015.0,1023.29,1015.0,1023.29,1023.29,1016.0,50,50998.7,2
2026-06-19,INE413U07301,1003IIFL29,NC,1043.0,1043.0,972.0,1008.5,977.0,997.0,20,20170.0,4
2026-06-19,INE244L07523,890SFIL23A,NZ,440.0,440.0,440.0,440.0,440.0,440.0,1,440.0,1
2026-06-19,INE583D07521,1025UCL26A,N1,996.91,996.91,996.91,996.91,996.91,996.91,198,197388.18,7
2026-06-19,INE148I07SQ7,1025SCL34,Z8,1013.0,1013.0,1013.0,1013.0,1013.0,1013.17,25,25325.0,1
2026-06-19,INE148I07TN2,1025SCL34A,ZT,1015.0,1015.0,1015.0,1015.0,1015.0,1000.0,50,50750.0,1
2026-06-19,INE148I07RZ0,835SCL23B,YM,1012.0,1012.0,1012.0,1012.0,1012.0,1012.16,311,314732.0,6
2026-06-19,INE244L07283,1030SFIL28,NM,414.92,414.92,414.92,414.92,414.92,488.0,58,24065.36,1
2026-06-19,INE583D07513,1040UCL27B,N1,1008.0,1008.0,1008.0,1008.0,1008.0,994.5,2,2016.0,1
2026-06-19,INE342T07387,1050NFL26,N7,1002.0,1002.0,1002.0,1002.0,1002.0,1002.0,5,5010.0,2
2026-06-19,INE342T07460,1065NFL27,NC,1022.99,1022.99,1022.99,1022.99,1022.99,1025.0,1,1022.99,1
2026-06-19,INE148I07SR5,1075SCFL34,Z6,1045.0,1045.0,1045.0,1045.0,1045.0,1045.0,100,104500.0,1
2026-06-19,INE148I07QZ2,980SCL33,NX,930.0,930.0,900.0,930.0,930.0,800.4,41,37530.0,4
2026-06-19,INE0H7R07017,79NHIT35,N1,306.99,306.99,306.0,306.0,306.0,306.99,300,91800.99,2
2026-06-19,INE0H7R07025,79NHIT40,N2,307.0,309.98,307.0,309.98,309.98,307.06,575,177011.92,4
2026-06-19,INE477L07AN9,820IIFL27,N9,988.99,988.99,988.99,988.99,988.99,989.03,169,167139.31,2
2026-06-19,INE219X07264,82IGT31,NJ,1018.25,1018.25,1017.76,1017.76,1017.76,1017.3,627,638349.95,10
2026-06-19,INE121A07RE9,84CIFCL28,,1074.5,1074.5,1074.4,1074.45,1074.4,1074.4,190,204146.0,4
2026-06-19,INE530B07161,842IIFL26,NL,995.0,999.0,988.2,999.0,999.0,995.0,232,230840.59,8
2026-06-19,INE477L07AQ2,843IHFL29,NC,983.0,983.0,983.0,983.0,983.0,983.0,500,491500.0,1
2026-06-19,INE530B07310,865IIFL28,NS,991.4,991.4,991.4,991.4,991.4,988.16,2,1982.8,2
2026-06-19,INE148I07LE8,889SCFL27,YC,998.64,998.64,998.64,998.64,998.64,994.59,20,19972.8,1
2026-06-19,INE338I07149,91MOFSL27,N2,1010.0,1010.0,1000.0,1000.96,1000.0,1012.05,400,400385.0,11
2026-06-19,INE148I07MZ1,93SCL24A,ZN,952.55,952.55,952.55,952.55,952.55,953.35,5,4762.75,1
2026-06-19,INE423A07351,925AEL26,N1,1066.0,1066.0,1066.0,1066.0,1066.0,1066.0,81,86346.0,3
2026-06-19,INE477L07BE6,925IHFL31,N1,1003.0,1003.0,1003.0,1003.0,1003.0,1003.0,5,5015.0,1
2026-06-19,INE148I07LC2,925SCFL27,YA,1038.53,1038.53,1038.53,1038.53,1038.53,1027.2,10,10385.3,1
2026-06-19,INE148I07ND6,965SCL25C,N0,500.0,500.0,500.0,500.0,500.0,570.0,12,6000.0,2
2026-06-19,INE148I07QK4,948SCL26A,NN,333.0,333.0,333.0,333.0,333.0,359.99,50,16650.0,2
2026-06-19,INE148I07MV0,915SCL27A,ZL,1042.0,1042.0,1042.0,1042.0,1042.0,1042.0,10,10420.0,1
2026-06-19,INE423A07328,965AEL27,N4,1088.0,1094.0,1088.0,1094.0,1094.0,1085.0,200,217612.0,3
2026-06-19,INE741K07579,970CAGL28,ND,1035.0,1038.0,1035.0,1035.0,1035.0,1039.0,103,106839.0,6
2026-06-19,INE148I07RP1,980SCL33D,YG,950.7,950.7,950.7,950.7,950.7,1008.0,25,23767.5,1
2026-06-19,INE244L07416,985SFIL28,NO,444.0,444.0,444.0,444.0,444.0,400.0,3,1332.0,2
2026-06-19,INE00QS24027,IMC1,N2,257.0,257.0,256.7,257.0,257.0,257.0,538,138206.0,6
2026-06-19,INE530L07228,10NIDO26,N6,1085.0,1085.0,1085.0,1085.0,1085.0,1083.0,1,1085.0,1
2026-06-19,INE804IA7014,1015ECL29,NR,1020.0,1020.0,1010.0,1018.0,1018.0,1024.9,168,170945.4,8
2026-06-19,INE511C07706,829PFL29,N6,1250.0,1250.0,1250.0,1250.0,1250.0,1228.5,2,2500.0,1
2026-06-19,INE148I07GL3,9SCL26BA,,1060.0,1060.0,1060.0,1060.0,1060.0,1060.0,1,1060.0,1
2026-06-19,INE721A07NU1,903SFL28,YI,1043.8,1045.0,1043.8,1045.0,1045.0,1045.0,14,14625.2,2
2026-06-19,INE721A07OC7,930SFL28,YP,1120.0,1120.0,1120.0,1120.0,1120.0,1041.0,105,117600.0,3
2026-06-19,INE721A07ON4,957ICCL25,YW,1050.0,1050.0,1047.0,1047.0,1047.0,1045.0,71,74400.0,5
2026-06-19,INE804I078Y8,943ECL28,NJ,1000.99,1000.99,1000.99,1000.99,1000.99,997.0,1,1000.99,1
2026-06-19,INE530L07210,957NIDO26,N5,991.54,991.54,991.54,991.54,991.54,1001.55,16,15864.64,1
2026-06-19,INE804I079Y6,985ECL28,NK,1073.1,1073.1,1073.0,1073.0,1073.0,1067.56,140,150225.0,4
2026-06-19,INE530L07236,NIDOZC26,N7,2560.0,2566.0,2553.0,2566.0,2566.0,2554.0,86,219700.0,7
2026-06-19,INE721A07PH3,SFLZC26A,ZC,1881.0,1881.0,1881.0,1881.0,1881.0,1881.0,39,73359.0,1
2026-06-19,INE0BTM01013,SECMARK,EQ,126.45,131.69,123.21,131.69,131.69,126.45,12,1519.4,3
2026-06-19,INE650K01021,SECURKLOUD,EQ,19.74,19.74,18.46,19.35,19.4,19.25,17694,338181.37,158
2026-06-19,INE00XB01019,SEDEMAC,EQ,2730.5,2767.4,2681.0,2696.1,2700.0,2730.8,71660,194358766.8,11628
2026-06-19,INE955I01044,SEJALLTD,BE,839.25,839.25,805.6,825.2,825.0,799.3,25391,21104767.45,542
2026-06-19,INE105I01020,SELMC,EQ,31.8,31.8,29.5,29.75,29.61,29.68,6869,205709.69,101
2026-06-19,INE617A01013,SEMAC,BE,323.0,328.5,315.1,318.5,323.8,330.95,469,150476.25,26
2026-06-19,INE602W01027,SENCO,EQ,339.45,341.05,336.0,340.4,340.0,342.05,288718,97876681.1,8547
2026-06-19,INE0RB801010,SENORES,EQ,1315.4,1339.9,1305.0,1315.0,1314.0,1315.4,185610,244858089.6,13906
2026-06-19,INE964H01014,SEPC,EQ,7.19,7.55,7.06,7.47,7.52,7.19,36529793,269696197.25,18310
2026-06-19,INE027E07BC8,865LTF26,NN,1045.0,1045.0,1040.0,1045.0,1045.0,1048.31,521,544396.09,8
2026-06-19,INE027E07AN7,87LTF27,NH,1022.0,1022.0,1022.0,1022.0,1022.0,1022.0,42,42924.0,5
2026-06-19,INE306N07LM5,865TCAPS27,N8,1076.0,1076.0,1065.0,1075.0,1075.0,1071.0,435,465178.09,14
2026-06-19,INE782X01033,SERVOTECH,EQ,101.2,103.5,100.61,101.67,102.1,101.85,1252851,127785616.68,9401
2026-06-19,INE04VU01023,STYL,EQ,292.0,298.9,289.1,293.15,295.0,293.15,78292,23034617.2,2358
2026-06-19,INE630A01024,SESHAPAPER,EQ,220.4,232.36,219.1,225.76,226.0,220.71,47803,10788767.08,1794
2026-06-19,INE878E01021,SETCO,BE,17.54,17.54,17.54,17.54,17.54,17.89,54788,960981.52,158
2026-06-19,INE023M01027,SETUINFRA,BZ,0.45,0.46,0.44,0.44,0.44,0.44,8224,3681.44,32
2026-06-19,INE573R01012,SEYAIND,BE,13.27,13.53,13.01,13.48,13.28,13.27,9915,131911.89,73
2026-06-19,INE618R01015,SGFIN,EQ,588.85,599.7,579.0,590.4,592.8,583.45,138222,81741367.35,4993
2026-06-19,INE385F01024,SGMART,EQ,585.0,601.0,580.25,597.9,597.0,587.95,81469,48211356.65,3382
2026-06-19,INE12UN01015,SHADOWFAX,EQ,220.8,225.0,213.8,222.15,222.0,219.81,1667506,365226521.52,20739
2026-06-19,INE640C01011,SHAHALLOYS,EQ,66.99,71.4,65.0,69.22,70.3,66.28,18177,1259444.74,259
2026-06-19,INE482J01021,SHAH,EQ,4.69,4.76,4.64,4.66,4.66,4.65,5842697,27341665.62,3157
2026-06-19,INE482J20021,SHAH-RE1,BE,0.08,0.08,0.06,0.06,0.06,0.07,9404841,614085.21,1234
2026-06-19,INE151G01028,SHAILY,EQ,2749.0,2820.0,2702.1,2803.8,2815.0,2731.8,469300,1298393991.8,40048
2026-06-19,INE908D01010,SHAKTIPUMP,EQ,540.0,557.0,538.0,551.05,551.7,543.05,751662,412917132.1,23595
2026-06-19,INE597J01018,SHALBY,EQ,170.4,172.38,168.0,170.82,170.01,170.46,45036,7693304.96,1649
2026-06-19,INE861D01011,SAHLIBHFI,EQ,77.4,77.4,75.0,75.73,75.12,77.44,14754,1130849.71,192
2026-06-19,INE849C01026,SHALPAINTS,EQ,51.82,54.7,51.11,54.21,54.0,51.62,286731,15364370.45,1994
2026-06-19,INE01NE01012,SRD,EQ,42.0,42.0,40.52,41.36,41.83,41.48,27369,1132592.06,257
2026-06-19,INE274V01019,SHANKARA,BE,121.81,121.81,121.81,121.81,121.81,119.43,15995,1948350.95,64
2026-06-19,INE24OJ01011,BUILDPRO,EQ,1050.0,1094.0,1017.2,1061.4,1055.0,1047.8,36893,38523479.0,2790
2026-06-19,INE0Q9Q01017,SHANTHALA,SM,21.8,21.8,21.8,21.8,21.8,23.1,1200,26160.0,1
2026-06-19,INE631A01022,SHANTIGEAR,EQ,451.85,459.0,450.0,450.6,450.0,451.8,25914,11726983.25,521
2026-06-19,INE440T01028,SEIL,EQ,204.81,206.83,201.0,203.46,203.98,204.81,178961,36419010.54,3583
2026-06-19,INE06ZD01017,SHANTIGOLD,EQ,224.0,224.54,216.1,219.48,220.0,224.78,754879,165684712.64,6137
2026-06-19,INE933X01016,SHANTI,EQ,6.9,6.9,6.15,6.56,6.63,6.55,25967,171095.78,96
2026-06-19,INE220Z01013,SHINDL,EQ,157.8,157.8,150.15,152.29,152.58,156.66,111488,17327195.67,545
2026-06-19,INE221J01015,SHARDACROP,EQ,908.25,919.9,897.6,900.8,901.0,908.25,165582,150178770.55,8128
2026-06-19,INE597I01028,SHARDAMOTR,EQ,814.8,829.4,808.55,825.85,828.0,814.3,46507,38223337.3,3547
2026-06-19,INE037B01020,SHARDUL,EQ,24.21,29.9,24.21,29.38,28.56,29.9,6468,187553.62,69
2026-06-19,INE932X01026,SHAREINDIA,EQ,138.11,140.95,137.71,138.9,139.37,139.29,233505,32596834.92,2185
2026-06-19,INE460Q01014,SCML,SM,79.9,80.25,79.9,80.25,80.25,79.9,4000,320650.0,4
2026-06-19,INE0YJV01017,SHEEL,SM,72.9,75.4,69.3,69.3,69.3,72.9,82000,5988100.0,37
2026-06-19,INE916U01025,SFL,EQ,702.45,711.2,693.25,700.65,704.0,702.45,259025,182411107.6,9998
2026-06-19,INE501Y01019,SCPL,EQ,486.0,487.7,478.5,482.85,483.3,489.8,6914,3336334.6,419
2026-06-19,INE04VX01019,SHEETAL,SM,289.9,290.0,289.0,290.0,290.0,290.4,46000,13316500.0,56
2026-06-19,INE268L01046,SHEKHAWATI,BE,15.3,15.3,14.32,14.36,14.35,14.94,41097,590526.07,67
2026-06-19,INE363M01019,SHEMAROO,EQ,136.85,137.0,130.1,130.6,130.1,136.93,21734,2901110.67,545
2026-06-19,INE0MM001019,SHERA,ST,163.95,167.0,160.0,160.0,160.0,163.9,24000,3930550.0,21
2026-06-19,INE03KJ01013,SHIGAN,SM,66.95,67.0,66.95,66.95,66.95,66.95,4500,301350.0,3
2026-06-19,INE024F01011,SHILCTECH,EQ,4453.0,4779.9,4448.5,4711.9,4690.0,4453.9,81622,380407172.8,18791
2026-06-19,INE790G01031,SHILPAMED,EQ,545.6,558.85,542.05,551.35,553.0,545.6,543714,300128581.55,17011
2026-06-19,INE0PB301013,SCILAL,EQ,46.19,46.48,45.06,45.86,45.9,45.96,376310,17207315.1,2012
2026-06-19,INE109A01011,SCI,EQ,309.5,319.5,309.5,312.15,312.2,309.25,5887279,1852157722.75,49941
2026-06-19,INE719F01016,SHIVAUM,EQ,370.0,370.0,370.0,370.0,370.0,369.0,1,370.0,1
2026-06-19,INE644Y01017,SHIVAMILLS,BE,63.89,63.89,61.07,61.2,61.2,62.34,140,8567.48,6
2026-06-19,INE705C01020,SHIVATEX,EQ,152.5,152.5,146.96,151.22,152.0,152.1,1390,210040.21,91
2026-06-19,INE0T7B01010,SPCL,SM,71.65,73.0,71.65,72.5,73.0,71.3,8400,606630.0,14
2026-06-19,INE386D01027,SBCL,EQ,740.0,774.5,730.0,746.55,754.0,738.4,952725,719630950.9,40693
2026-06-19,INE788J01021,SHIVALIK,BE,219.9,221.0,214.0,216.8,217.9,219.6,37391,8168462.3,390
2026-06-19,INE637H01024,SHIVAMAUTO,BE,16.91,17.32,16.9,17.12,17.12,16.89,10335,175833.54,82
2026-06-19,INE1DLF01018,SHIVASHRIT,SM,115.0,118.5,115.0,118.0,118.0,115.5,10000,1168450.0,8
2026-06-19,INE498B01024,SHOPERSTOP,EQ,361.7,365.95,357.3,360.5,364.0,362.0,16501,5972708.3,1159
2026-06-19,INE715Y01031,SHRADHA,EQ,34.94,35.0,34.2,34.99,35.0,34.94,14835,517690.12,123
2026-06-19,INE712K01011,SHREEPUSHK,EQ,389.1,398.85,382.15,396.0,395.0,389.1,32285,12669018.75,1468
2026-06-19,INE185C01017,SAPPL,EQ,270.0,279.95,263.2,274.8,274.9,268.15,546,147349.5,46
2026-06-19,INE070A01015,SHREECEM,EQ,25350.0,25405.0,24940.0,25075.0,25100.0,25410.0,14059,353267520.0,4705
2026-06-19,INE232A01011,SHREDIGCEM,EQ,76.16,77.23,75.1,76.26,76.0,76.16,103238,7859899.31,1191
2026-06-19,INE0S4Y01010,SHREEKARNI,SM,460.3,475.7,459.5,475.7,475.7,460.0,8850,4111267.5,28
2026-06-19,INE02S501018,SHREEOSFM,SM,63.9,64.95,63.9,64.8,64.8,63.9,8000,516950.0,8
2026-06-19,INE19GK01015,SRTL,EQ,40.5,40.5,39.0,39.56,39.98,39.85,72652,2887377.08,752
2026-06-19,INE879A01019,SHREERAMA,EQ,45.98,48.0,45.0,46.06,45.6,46.03,282641,13219121.52,2272
2026-06-19,INE278B01020,RAMANEWS,EQ,29.88,30.19,28.66,29.27,29.15,29.88,42976,1250955.65,219
2026-06-19,INE087H01022,RENUKA,EQ,23.17,23.3,22.88,23.09,23.17,23.21,4750525,109514568.19,9653
2026-06-19,INE0S2G01011,BALAJEE,EQ,28.22,30.0,28.22,29.72,29.6,28.88,36448,1072996.43,321
2026-06-19,INE00CE01017,SVLL,BE,684.0,717.0,684.0,714.95,717.0,720.0,2453,1741963.5,37
2026-06-19,INE1FL101016,SHETHJI,ST,157.5,159.0,155.0,157.25,158.8,157.5,18000,2815050.0,18
2026-06-19,INE1B6101010,SHREEJISPG,EQ,494.0,502.15,493.55,500.6,500.2,496.6,647171,322107390.65,5336
2026-06-19,INE00IK01029,OSWALSEEDS,EQ,10.71,11.08,10.71,10.84,10.84,10.77,42229,458920.99,163
2026-06-19,INE632X01030,SHRENIK,BZ,0.37,0.37,0.36,0.37,0.37,0.36,418196,152651.15,124
2026-06-19,INE231C01019,SHREYANIND,EQ,136.9,142.0,136.0,137.83,137.9,136.62,3550,491502.01,125
2026-06-19,INE0DM401012,SHRIAHIMSA,ST,375.0,378.75,370.0,370.5,370.5,371.4,20400,7603830.0,30
2026-06-19,INE402H01015,SHBAJRG,EQ,197.42,197.42,193.1,196.04,196.0,197.42,931,180471.98,17
2026-06-19,INE0NON01025,SHKSIL,SM,35.0,35.0,35.0,35.0,35.0,37.0,2000,70000.0,1
2026-06-19,INE1V4601019,SHRIKANHA,ST,27.4,27.4,26.75,26.75,26.75,27.5,4800,130480.0,3
2026-06-19,INE997I01012,SHRIKRISH,EQ,45.85,45.85,40.51,43.89,43.89,42.94,130,5685.27,11
2026-06-19,INE1B3L01017,SHRINGARMS,EQ,213.69,215.75,210.64,214.08,212.5,213.26,945298,201580320.19,5357
2026-06-19,INF680P01422,LIQUIDSHRI,EQ,1109.54,1109.56,1109.54,1109.54,1109.54,1109.14,22382,24833764.2,42
2026-06-19,INE721A01047,SHRIRAMFIN,EQ,1001.65,1007.7,992.3,1001.9,1001.0,1002.7,2611538,2615631434.7,58998
2026-06-19,INE526E01018,SHRIPISTON,EQ,3830.0,3860.0,3714.4,3739.7,3759.0,3807.2,66281,249391408.0,15325
2026-06-19,INE217L01019,SHRIRAMPPS,EQ,88.26,93.9,87.6,91.81,92.5,88.44,2417055,221320838.3,11952
2026-06-19,INE01Z401013,SHUBHLAXMI,SM,27.0,28.5,27.0,28.4,28.5,27.4,11000,310800.0,11
2026-06-19,INE0UL701015,SHUBHSHREE,SM,326.0,326.0,326.0,326.0,326.0,327.0,300,97800.0,1
2026-06-19,INE979R01011,SHYAMCENT,EQ,4.9,5.15,4.9,5.09,5.05,5.09,86175,437101.59,247
2026-06-19,INE1CRP01016,SHYAMDHANI,SM,65.0,65.0,63.75,63.75,63.75,65.0,4000,257500.0,2
2026-06-19,INE810G01011,SHYAMMETL,EQ,979.9,982.7,963.05,970.3,966.05,975.1,417295,405542593.7,9121
2026-06-19,INE635A01023,SHYAMTEL,BE,18.45,19.01,18.45,19.01,19.01,18.11,17828,336142.22,57
2026-06-19,INE176J01011,SICAGEN,EQ,55.42,55.42,53.53,54.1,54.5,55.41,4531,246227.01,71
2026-06-19,INE075B01020,SICALLOG,BE,96.0,101.0,95.83,95.91,95.83,100.87,130139,12647036.94,390
2026-06-19,INE0SVO01019,SIDDHICOTS,SM,29.5,29.5,28.65,29.05,29.4,29.2,10800,315780.0,8
2026-06-19,INE0A1E01018,SIDDHIKA,SM,206.0,206.0,205.95,205.95,205.95,204.35,1000,205975.0,2
2026-06-19,INE1NPP01017,ENRIN,EQ,3769.8,3845.0,3750.0,3833.9,3841.0,3783.4,539337,2053540410.7,45208
2026-06-19,INE003A01024,SIEMENS,EQ,3744.5,3776.1,3710.5,3759.6,3762.8,3746.2,339876,1276122774.5,25504
2026-06-19,INE0D0K01022,SIGACHI,BE,22.05,23.03,21.86,22.95,23.03,21.94,1794882,40557199.11,2174
2026-06-19,INE933B01012,SIGMAADV,BE,513.0,525.05,510.05,525.05,525.05,500.05,144015,75136961.15,818
2026-06-19,INE0A0S01028,SIGMA,EQ,38.82,40.0,38.46,38.67,38.98,38.82,67891,2638582.53,768
2026-06-19,INE903U01023,SIGNATURE,EQ,792.1,804.0,781.5,798.8,802.0,791.4,257371,203289991.4,8306
2026-06-19,INE529F01035,SIGIND,EQ,49.3,50.0,48.06,48.4,48.4,49.06,4955,240562.85,61
2026-06-19,INE0RDE01010,SIGNORIA,SM,88.2,88.2,80.0,87.15,85.1,84.0,25000,2176650.0,21
2026-06-19,INE0KGZ01021,SIGNPOST,EQ,246.1,255.0,236.4,248.0,249.9,246.05,217759,53441692.15,5508
2026-06-19,INE438E01032,SIKA,EQ,992.95,1118.95,979.0,1090.4,1100.0,988.0,1023970,1107684360.6,48970
2026-06-19,INE112X01025,SIKKO,EQ,3.88,3.9,3.75,3.79,3.8,3.91,498070,1905569.01,831
2026-06-19,INE923A01015,SILINV,EQ,435.0,442.4,425.9,427.6,426.55,436.45,1925,822081.05,63
2026-06-19,INE01II01013,SILGO,EQ,75.15,76.0,74.55,74.94,74.55,74.96,313613,23581649.83,1063
2026-06-19,INE0STN01015,SILKFLEX,ST,210.0,214.0,204.25,204.25,204.25,204.0,10000,2113050.0,10
2026-06-19,INE203Y01012,SILLYMONKS,EQ,17.3,17.3,16.69,16.91,17.29,16.61,5392,90916.44,48
2026-06-19,INE625X01026,SILVERTUC,EQ,180.0,187.79,179.9,186.06,185.77,185.69,444863,81793493.81,6322
2026-06-19,INE748T01016,SIMBHALS,BZ,6.95,6.95,6.73,6.84,6.9,6.9,8895,60541.02,56
2026-06-19,INE1K4J01018,SIMCA,SM,153.6,167.0,153.6,163.45,163.9,153.05,139200,22276230.0,163
2026-06-19,INE059B01024,SIMPLEXINF,EQ,280.0,284.2,271.0,274.85,274.0,282.0,1379517,384545878.1,4493
2026-06-19,INE985A01022,SINCLAIR,EQ,78.43,80.99,78.43,79.92,79.8,78.44,47745,3814234.71,431
2026-06-19,INE325D01025,SINDHUTRAD,EQ,25.48,25.48,25.06,25.21,25.23,25.48,351146,8847084.33,727
2026-06-19,INE638A01035,SINGERIND,EQ,73.0,76.47,71.81,72.79,72.5,74.63,76639,5688792.22,1552
2026-06-19,INE129Z01016,SINTERCOM,EQ,78.5,78.99,76.0,78.73,78.99,78.5,4542,353056.71,92
2026-06-19,INE792Z01011,SIRCA,EQ,411.8,414.8,408.35,412.3,412.0,411.15,133916,55164364.35,2538
2026-06-19,INE285J01028,SIS,EQ,426.7,441.0,422.1,429.75,427.0,424.2,221039,95532124.35,10914
2026-06-19,INE965H01011,SITINET,BZ,0.35,0.36,0.34,0.35,0.34,0.35,644324,227015.5,171
2026-06-19,INE076B01028,SIYSIL,EQ,635.55,639.4,626.05,631.6,631.0,638.8,47821,30236657.8,2569
2026-06-19,INE284S01014,SJS,EQ,2207.7,2236.0,2187.0,2215.3,2216.0,2216.1,60172,132995911.8,8173
2026-06-19,INE002L01015,SJVN,EQ,74.18,74.18,72.73,72.88,72.9,74.21,2745661,200865310.32,21989
2026-06-19,INE2J8701016,SKFINDUS,EQ,2495.7,2672.0,2480.5,2626.8,2625.0,2495.7,48739,127205764.5,7476
2026-06-19,INE640A01023,SKFINDIA,EQ,1649.9,1651.7,1624.9,1638.3,1638.0,1646.2,40543,66460657.0,4916
2026-06-19,INE439E01022,SKIPPER,EQ,541.7,555.35,535.05,543.3,545.7,547.05,534289,291386033.6,16836
2026-06-19,INE411D01023,SKMEGGPROD,EQ,239.8,239.8,233.21,237.26,236.1,238.96,291463,68672581.55,4478
2026-06-19,INE0KZA01016,SKP,SM,149.25,153.0,149.05,152.6,153.0,149.25,6500,985850.0,12
2026-06-19,INE01IU01018,SKYGOLD,EQ,516.0,521.4,501.2,509.4,512.0,522.1,637782,325088796.1,12740
2026-06-19,INE0SMA01017,SLONE,SM,113.0,117.0,110.0,116.1,117.0,116.5,4000,455780.0,9
2026-06-19,INE14GK01016,SMARTEN,SM,64.9,65.25,63.0,64.35,64.5,62.15,104400,6714420.0,73
2026-06-19,INE178C01020,SMARTLINK,BE,167.5,169.9,165.15,169.37,167.0,167.5,1479,249564.01,28
2026-06-19,INE0NAZ01010,SMARTWORKS,EQ,472.1,472.1,461.1,462.8,468.9,472.1,60820,28349875.7,3774
2026-06-19,INE103C01036,SMCGLOBAL,EQ,72.99,72.99,70.06,72.09,71.87,72.59,449315,32240555.75,2190
2026-06-19,INE294B01019,SMLMAH,EQ,4056.1,4126.6,4012.2,4092.2,4104.0,4035.9,72589,295783545.9,12606
2026-06-19,INE812G01025,SMSPHARMA,EQ,374.4,386.0,373.15,378.6,380.0,374.15,103827,39424002.6,2916
2026-06-19,INE1OIC01018,SNEHAA,ST,43.55,43.55,42.0,42.0,42.0,43.55,4000,170600.0,4
2026-06-19,INE734N01019,SNOWMAN,EQ,39.59,39.89,38.78,39.39,39.11,39.59,160228,6315076.37,1126
2026-06-19,INE671H01015,SOBHA,EQ,1414.6,1425.0,1403.3,1418.9,1424.0,1426.9,58836,83242839.3,6884
2026-06-19,INE728Z01015,SOFTTECH,BE,424.8,424.8,422.7,424.8,424.8,416.5,2367,1004580.6,19
2026-06-19,INE343H01029,SOLARINDS,EQ,17775.0,18379.0,17696.0,18052.0,18060.0,17764.0,283451,5135676024.0,52705
2026-06-19,INE624Z01016,SOLARA,EQ,566.1,576.6,558.35,563.1,565.0,567.55,127675,72139278.55,4150
2026-06-19,INE0TY101024,SOLARWORLD,EQ,188.0,190.59,186.39,187.6,188.0,188.89,236434,44521312.29,3162
2026-06-19,INE880Y01017,SOLEX,EQ,1139.8,1139.8,1099.5,1103.8,1113.0,1130.2,35677,39800932.5,2524
2026-06-19,INE480C01038,SDBL,EQ,81.1,84.09,73.65,75.31,75.9,85.9,5855376,454612760.64,37476
2026-06-19,INE314C01013,SOMATEX,EQ,96.6,98.0,95.0,96.86,97.05,96.81,10120,976868.18,152
2026-06-19,INE355A01028,SOMANYCERA,EQ,516.5,518.8,513.15,516.4,517.55,519.6,37511,19364142.7,1800
2026-06-19,INE323J01019,SOMICONVEY,EQ,99.0,100.51,98.2,99.07,99.2,98.67,2768,273459.41,95
2026-06-19,INE073K01018,SONACOMS,EQ,604.8,618.75,598.3,613.8,614.7,605.05,1977764,1211807734.8,44347
2026-06-19,INE0Q6H01012,SONAMAC,ST,34.3,34.4,34.0,34.4,34.4,32.8,11000,377700.0,10
2026-06-19,INE00LM01029,SONAMLTD,EQ,54.1,55.29,53.06,54.38,54.71,54.21,17497,944928.38,540
2026-06-19,INE269A01021,SONATSOFTW,EQ,300.0,303.6,295.0,297.4,296.3,309.0,2546184,759306500.0,34960
2026-06-19,INE0JZA01018,SONUINFRA,SM,44.0,46.2,44.0,46.2,46.2,44.0,49500,2219100.0,9
2026-06-19,INE980Y01015,SOUTHWEST,EQ,247.95,250.45,240.35,244.35,245.7,249.25,322746,78853027.05,6402
2026-06-19,INE0JW501011,SPRL,SM,95.9,95.9,95.9,95.9,95.9,91.35,800,76720.0,1
2026-06-19,INE970N01027,SPCENET,EQ,3.37,3.58,3.35,3.53,3.57,3.34,1159229,4036332.45,824
2026-06-19,IN9572J01019,SSFLPP,E1,125.65,126.3,119.75,122.55,120.5,127.15,19384,2358568.7,421
2026-06-19,INE572J01011,SPANDANA,EQ,256.25,258.2,252.25,254.7,254.2,256.65,98966,25220351.15,3949
2026-06-19,INE1CW901027,SPEB,ST,82.75,86.0,82.75,86.0,86.0,86.65,10000,851300.0,5
2026-06-19,INE247M01014,SPECIALITY,EQ,111.0,120.48,108.0,118.41,117.4,109.5,106482,12266063.2,1499
2026-06-19,INE01EO01010,SPECTRUM,EQ,1779.9,1853.0,1718.1,1805.0,1805.0,1770.7,24301,43566076.9,3073
2026-06-19,INE0OL001018,SPECTSTM,ST,55.3,55.3,54.0,54.0,54.0,55.45,2400,130640.0,3
2026-06-19,INE020801028,SPENCERS,EQ,37.32,37.5,36.82,37.07,36.99,37.03,37967,1412668.8,552
2026-06-19,INE147A01011,SPIC,EQ,70.88,72.23,69.71,70.66,70.84,70.86,939279,66509384.34,5419
2026-06-19,INE978G01016,SPLIL,EQ,29.77,30.5,29.7,29.86,29.81,29.77,4305,129540.22,54
2026-06-19,INE937A01023,SPMLINFRA,EQ,187.7,203.9,186.2,198.3,199.0,187.0,1442976,284196159.66,19095
2026-06-19,INE885H01029,SPORTKING,EQ,183.55,186.13,181.46,183.07,183.5,182.7,178466,32695691.43,2929
2026-06-19,INE0QR801013,SPPPOLY,SM,11.9,11.9,11.85,11.85,11.85,12.35,4000,47500.0,2
2026-06-19,INE19QH01010,SPUNWEB,SM,106.95,107.95,106.95,107.95,107.95,104.0,9600,1030320.0,5
2026-06-19,INE917H01012,SRHHYPOLTD,EQ,492.85,493.0,485.1,490.25,492.0,490.45,5900,2893360.05,298
2026-06-19,INE099F01013,SREEL,EQ,203.0,237.0,202.9,214.96,214.51,202.99,92491,20114371.71,2828
2026-06-19,INE647A01010,SRF,EQ,2701.0,2719.8,2687.1,2709.8,2712.0,2703.0,321703,871406245.7,23673
2026-06-19,INE559N01010,SRGHFL,EQ,270.25,295.05,270.25,290.8,285.5,277.7,6458,1830784.1,150
2026-06-19,INE293B01029,HAVISHA,EQ,1.26,1.3,1.2,1.23,1.28,1.28,32450,40473.28,104
2026-06-19,INE0V9Q01010,LOTUSDEV,EQ,141.14,144.2,139.25,142.48,141.5,141.14,558127,79086776.6,3602
2026-06-19,INE0TPJ01019,SPCON,SM,135.0,135.0,130.0,130.0,130.0,140.35,3600,474000.0,3
2026-06-19,INE0ON201012,SSFL,ST,201.05,209.4,201.05,209.4,209.4,199.45,11500,2403925.0,12
2026-06-19,INE0NPI01014,SRIVASAVI,SM,65.0,69.95,65.0,67.0,67.0,64.1,20000,1359950.0,19
2026-06-19,INE0R6Z01013,SRM,EQ,494.95,497.9,486.35,489.75,489.6,492.2,72210,35451261.1,2549
2026-06-19,INE0RYC01010,STALLION,EQ,192.0,194.42,185.01,188.73,190.0,191.39,1606745,304204564.18,16471
2026-06-19,INE0M4D01010,SETL,EQ,180.18,188.1,179.0,186.11,187.0,180.17,1112956,205256469.45,11018
2026-06-19,INE173A01025,SIL,EQ,15.65,15.89,15.45,15.73,15.77,15.65,5620,88005.83,143
2026-06-19,INE01A001028,STANLEY,EQ,152.18,152.18,145.5,146.96,147.0,152.18,407715,59818184.59,7903
2026-06-19,INE460H01021,STARCEMENT,EQ,216.3,216.95,212.2,213.25,213.25,215.15,293430,62996154.7,7163
2026-06-19,INE575P01011,STARHEALTH,EQ,563.9,595.8,558.55,580.25,579.2,565.65,2848303,1658386619.15,68929
2026-06-19,INE733A01018,STARPAPER,EQ,137.88,138.4,136.1,137.22,136.51,137.88,2678,368798.21,52
2026-06-19,INE992I01013,STARTECK,EQ,272.95,279.0,269.1,273.2,279.0,275.3,6129,1689589.2,207
2026-06-19,INE062A01020,SBIN,EQ,1042.0,1042.0,1029.3,1035.1,1036.0,1042.7,9099878,9414899536.85,116893
2026-06-19,INE114A01011,SAIL,EQ,181.4,183.86,178.33,180.05,180.0,182.16,20204155,3649696649.86,86006
2026-06-19,INE395H01011,STEELCITY,EQ,79.61,80.0,77.05,79.18,78.99,78.83,11880,936348.0,207
2026-06-19,INE503B01021,STEELXIND,EQ,13.0,13.5,12.84,13.39,13.42,13.05,9542689,126990700.93,10005
2026-06-19,INE802C01033,SSWL,EQ,227.65,236.29,224.16,229.09,229.7,226.52,891327,206330769.05,11919
2026-06-19,INE124E01038,STEELCAS,EQ,295.3,296.45,290.95,293.4,294.0,292.4,30896,9058340.85,1127
2026-06-19,INE577L01016,STEL,EQ,596.25,600.8,575.1,598.05,598.0,600.9,12971,7683116.95,821
2026-06-19,INE334A01023,STERTOOLS,EQ,243.79,249.86,241.22,245.52,246.1,243.38,43478,10714975.21,1754
2026-06-19,INE089C01029,STLTECH,BE,669.5,678.0,645.2,654.35,654.9,647.2,2652413,1751848047.45,26040
2026-06-19,INE353H01010,SGL,EQ,10.45,10.46,10.12,10.2,10.15,10.27,8336,85503.42,72
2026-06-19,INE1VXE01018,STLNETWORK,BE,28.68,28.68,27.79,28.21,28.44,28.45,673687,18994795.94,1526
2026-06-19,INE00IN01015,STOVEKRAFT,EQ,687.75,698.9,681.25,694.25,696.0,687.75,121332,83502922.95,4408
2026-06-19,INE939A01011,STAR,EQ,1095.0,1122.0,1095.0,1110.9,1118.5,1110.8,68321,76111827.1,7955
2026-06-19,INE00M201021,SWSOLAR,EQ,221.84,241.5,218.79,235.47,236.5,222.13,11739576,2762158531.32,116151
2026-06-19,INE00Q601028,STUDDS,EQ,489.6,490.7,472.6,479.05,478.5,487.35,140539,67231067.05,4774
2026-06-19,INE17VO01028,STUDIOLSD,ST,9.8,9.95,9.7,9.95,9.95,9.7,12000,118200.0,6
2026-06-19,INE239C01020,STYLAMIND,EQ,3331.6,3348.9,3276.0,3327.8,3347.0,3312.9,25216,83751212.9,5706
2026-06-19,INE189B01011,STYRENIX,EQ,2240.0,2344.5,2235.6,2312.9,2314.0,2251.8,42345,97303983.9,3655
2026-06-19,INE0RYR01018,SUBAHOTELS,SM,119.0,119.0,116.0,117.8,117.85,119.0,21600,2548920.0,18
2026-06-19,INE754A01055,SUBEXLTD,BE,11.67,11.75,11.22,11.46,11.45,11.68,756555,8684279.9,1051
2026-06-19,INE287B01021,SUBROS,EQ,740.3,749.95,725.7,747.45,749.35,736.65,68862,51247673.75,3146
2026-06-19,INE659A01023,SUDARSCHEM,EQ,906.45,930.7,903.0,913.6,910.0,906.45,247962,227610122.35,13149
2026-06-19,INE492A01029,SUDARCOLOR,EQ,378.95,378.95,360.5,362.65,360.5,369.85,23669,8677739.3,301
2026-06-19,INE0QPI01025,SUDEEPPHRM,EQ,850.0,862.6,838.0,842.95,841.75,852.5,185673,158066618.5,11687
2026-06-19,INE450E01029,SUKHJITS,EQ,169.12,173.89,169.1,172.24,173.85,171.93,4989,855753.23,108
2026-06-19,INE142Q01026,SULA,EQ,159.65,159.65,156.5,156.87,157.0,159.37,229273,36047549.54,5372
2026-06-19,INE235C01036,SUMEETINDS,EQ,26.48,26.49,25.71,25.84,25.98,25.87,5205241,136406151.05,4278
2026-06-19,INE748Z01013,SUMIT,BE,40.51,40.98,39.76,40.03,40.01,41.78,88976,3567498.78,228
2026-06-19,INE258G01013,SUMICHEM,EQ,454.5,456.95,450.8,452.7,453.0,452.35,113818,51620641.4,5493
2026-06-19,INE519C01017,SUMMITSEC,EQ,1551.0,1585.0,1540.8,1550.0,1560.0,1569.4,2110,3304466.3,334
2026-06-19,INE232I01014,SPARC,EQ,242.0,245.69,236.0,238.09,238.1,242.47,1855116,446014391.51,17623
2026-06-19,INE044A01036,SUNPHARMA,EQ,1824.0,1842.7,1820.9,1838.3,1840.4,1824.8,2126703,3898863213.1,99442
2026-06-19,INE424H01027,SUNTV,EQ,526.0,526.6,516.75,520.85,522.9,521.9,291184,151696444.5,21611
2026-06-19,INE073D01013,SUNDRMBRAK,EQ,768.0,870.0,752.4,808.95,810.0,762.4,31023,25508259.7,2371
2026-06-19,INE0Q3R01026,SUNCLAY,EQ,1333.5,1350.0,1318.6,1339.5,1337.6,1333.5,3794,5082037.8,582
2026-06-19,INE660A01013,SUNDARMFIN,EQ,4400.0,4512.0,4395.2,4475.5,4499.0,4409.6,114567,512073521.9,19568
2026-06-19,INE108E01023,SUNDARAM,EQ,1.36,1.39,1.35,1.37,1.37,1.36,307662,421713.59,243
2026-06-19,INE387A01021,SUNDRMFAST,EQ,869.0,880.0,859.6,878.55,872.1,867.2,102577,89548919.3,12973
2026-06-19,INE0CTB01014,SOCL,ST,27.05,27.05,27.05,27.05,27.05,27.05,1600,43280.0,1
2026-06-19,INE209A01019,SUNDROP,EQ,665.85,665.95,650.0,653.55,651.0,658.85,5458,3585542.95,230
2026-06-19,INE947A01014,SUNFLAG,EQ,357.6,360.8,352.5,358.55,358.8,360.0,93273,33289519.0,2400
2026-06-19,INE0O3O01017,SEL,ST,180.0,182.0,174.6,174.6,174.6,183.75,2200,392890.0,11
2026-06-19,INE0U2N01013,SUNLITE,ST,470.6,470.6,456.0,464.05,460.1,470.6,9000,4146030.0,27
2026-06-19,INE0SGZ01016,SUNTECH,ST,37.35,37.85,37.35,37.7,37.85,37.0,6400,241280.0,3
2026-06-19,INE805D01034,SUNTECK,EQ,324.0,327.45,319.5,326.1,326.9,324.45,268420,87139352.35,5587
2026-06-19,INE662A01027,SUPERSPIN,BE,5.09,5.1,4.85,5.07,4.96,4.92,119853,608497.13,80
2026-06-19,INE712B01010,SUPERHOUSE,EQ,157.31,159.85,154.15,155.58,155.0,157.31,5553,871402.01,201
2026-06-19,INE399C01030,SUPRAJIT,EQ,468.9,473.85,464.05,466.55,467.5,469.8,69636,32593015.5,4756
2026-06-19,INE319Z01021,SUPREMEENG,BZ,1.3,1.3,1.3,1.3,1.3,1.28,95180,123734.0,33
2026-06-19,INE822E01011,SUPREME,EQ,46.99,46.99,45.59,45.9,46.36,45.89,6288,288095.87,224
2026-06-19,INE195A01028,SUPREMEIND,EQ,3507.0,3557.0,3476.5,3525.5,3535.0,3524.5,183436,643478164.4,15419
2026-06-19,INE550H01011,SUPREMEINF,EQ,77.72,81.75,73.51,79.28,79.99,77.72,53409,4119933.61,1056
2026-06-19,INE663A01033,SPLPETRO,EQ,724.8,757.35,719.0,750.25,749.45,721.7,450869,336802892.55,28688
2026-06-19,INE0QHG01026,SUPREMEPWR,ST,238.9,245.5,238.9,243.75,245.5,237.85,55000,13349900.0,76
2026-06-19,INE07RO01027,SUPRIYA,EQ,924.0,949.0,924.0,932.2,932.0,932.25,129230,121043112.05,6228
2026-06-19,INE843S01025,SURAJEST,EQ,193.69,204.25,185.71,196.1,195.6,192.92,124930,24202675.36,2324
2026-06-19,INE713C01016,SURAJLTD,EQ,231.0,231.15,225.0,226.59,226.36,229.99,510,116990.4,29
2026-06-19,INE877V01027,SURAKSHA,EQ,259.65,269.95,255.0,268.35,268.0,259.65,99651,26286496.55,3688
2026-06-19,INE272L01022,SURANASOL,EQ,26.89,27.0,25.78,26.75,26.73,26.89,133732,3526792.69,898
2026-06-19,INE130B01031,SURANAT&P,EQ,19.05,21.48,18.7,19.35,19.4,18.88,488241,9880969.35,1790
2026-06-19,INE01ZJ01015,SURANI,ST,113.25,115.0,113.25,115.0,115.0,119.2,2000,227390.0,10
2026-06-19,INE05ST01028,SBGLP,EQ,26.92,26.92,25.68,26.05,26.07,26.24,25293,659280.36,416
2026-06-19,INE335A01020,SURYAROSNI,EQ,261.1,267.41,259.03,266.34,267.0,261.39,993473,262973982.6,13078
2026-06-19,INE713B01026,SURYALAXMI,EQ,60.95,61.0,59.0,59.62,59.05,59.5,4281,257680.28,35
2026-06-19,INE132C01027,SURYALA,EQ,479.95,479.95,436.0,467.75,467.85,452.35,1749,808798.35,128
2026-06-19,INE428Q01011,SURYODAY,EQ,173.19,175.8,169.5,175.09,174.76,173.43,928246,160246379.58,11264
2026-06-19,INE0R8O23017,SEITINVIT,IV,123.0,123.0,123.0,123.0,123.0,123.0,2050000,252150000.0,7
2026-06-19,INE645H01027,SUTLEJTEX,EQ,38.2,39.0,37.3,38.18,38.85,37.84,45583,1727715.75,971
2026-06-19,INE495B01038,SUVEN,EQ,258.05,271.6,254.55,268.2,267.6,259.7,1458412,390140001.0,25329
2026-06-19,INE018401013,SUVIDHAA,EQ,2.77,2.81,2.77,2.79,2.81,2.75,203382,568054.93,342
2026-06-19,INE442P01014,SUYOG,EQ,790.4,840.0,790.4,813.05,816.0,805.2,77830,64187222.9,5083
2026-06-19,INE040H01021,SUZLON,EQ,58.44,60.45,58.21,59.2,59.3,58.44,139917727,8313256745.39,170434
2026-06-19,INE308E01029,SVPGLOB,BE,4.27,4.27,3.92,4.09,4.02,4.07,28674,118641.74,60
2026-06-19,INE665A01038,SWANCORP,EQ,318.4,319.9,314.15,318.25,317.8,318.95,450104,142917477.35,9049
2026-06-19,INE542F01020,SWANDEF,BE,2003.0,2060.0,1993.0,2026.7,2030.0,2035.1,6378,12969262.8,416
2026-06-19,INE277A01016,SWARAJENG,EQ,3874.1,3940.0,3859.3,3927.6,3938.0,3872.3,14327,55995515.8,2049
2026-06-19,INE0GMR01016,SWARAJ,SM,253.0,253.0,245.0,249.65,248.95,247.6,24500,6104900.0,39
2026-06-19,INE0DGC01025,SWASTIK,ST,19.75,19.75,19.75,19.75,19.75,20.75,1200,23700.0,1
2026-06-19,INE409B01013,SWELECTES,EQ,633.6,658.75,631.45,639.35,632.25,637.1,25430,16337087.3,1889
2026-06-19,INE00H001014,SWIGGY,EQ,255.95,256.5,252.0,254.05,253.9,255.95,8866241,2251844249.6,44325
2026-06-19,INE225D01027,SYMPHONY,EQ,680.0,701.85,677.55,697.15,696.0,684.8,67523,46744443.45,3345
2026-06-19,INE312C01025,SYNCOMF,EQ,13.85,14.14,13.85,13.99,14.09,13.98,1450107,20291691.63,2739
2026-06-19,INE00QT01015,SGIL,EQ,586.3,594.6,582.4,586.4,588.9,589.95,4722,2774963.2,319
2026-06-19,INE398R01022,SYNGENE,EQ,439.1,445.95,436.3,440.75,441.9,440.3,761776,335631940.5,38138
2026-06-19,INE0BTR01012,SYNOPTICS,SM,69.0,69.0,65.2,65.2,65.2,68.6,1800,120180.0,3
2026-06-19,INE0DYJ01015,SYRMA,EQ,1345.0,1355.0,1312.5,1334.0,1339.0,1346.8,899504,1195706300.1,41408
2026-06-19,INE0O7R01011,SYSTANGO,SM,226.0,242.0,226.0,233.85,233.45,229.95,31200,7352940.0,75
2026-06-19,INE356B01024,SYSTMTXC,BE,65.66,67.2,65.0,66.65,65.86,67.0,18619,1222670.19,78
2026-06-19,INE592B01024,TTL,EQ,6.85,7.0,6.56,6.83,6.81,6.85,64351,437673.52,159
2026-06-19,INE524T01011,TAALTECH,EQ,3440.8,3460.0,3390.0,3417.4,3410.0,3419.1,1550,5288970.2,256
2026-06-19,INE0SOY01013,TAC,SM,386.0,409.95,384.0,407.65,406.0,396.2,51200,20128850.0,214
2026-06-19,INE123C01018,TAINWALCHM,EQ,200.0,204.67,198.3,201.22,203.94,198.24,602,121301.97,42
2026-06-19,INE586B01026,TAJGVK,EQ,332.65,342.7,330.05,338.45,337.0,332.65,124429,42069037.95,3658
2026-06-19,INE142I01023,TAKE,BE,29.8,30.48,29.15,30.03,30.42,29.76,110103,3269233.95,5272
2026-06-19,INE187D01029,TALBROAUTO,EQ,354.1,366.0,350.0,360.45,361.0,354.05,137375,49346785.25,5099
2026-06-19,INE864J01012,TAMBOLIIN,EQ,186.38,191.0,183.61,189.28,187.04,186.38,9316,1759037.58,105
2026-06-19,INE668A01016,TMB,EQ,780.6,788.45,768.45,780.6,786.0,780.6,192839,150170761.5,8039
2026-06-19,INE107A01015,TNPL,EQ,144.2,145.99,144.2,145.39,145.62,145.15,19088,2768583.31,430
2026-06-19,INE148A01019,TNPETRO,EQ,90.61,91.65,90.05,90.59,90.83,90.93,50398,4576123.65,861
2026-06-19,INE141D01018,TNTELE,EQ,8.56,9.79,8.56,9.23,9.1,9.08,20255,186385.99,138
2026-06-19,INE0Z7N01017,TANKUP,ST,1000.0,1000.0,1000.0,1000.0,1000.0,1000.0,2000,2000000.0,5
2026-06-19,INE483C01032,TANLA,EQ,516.95,524.5,509.25,521.35,522.5,525.5,406502,210468433.0,11849
2026-06-19,INE0M7001010,TAPIFRUIT,SM,50.0,50.0,50.0,50.0,50.0,52.2,750,37500.0,1
2026-06-19,INE555Z01020,TARACHAND,EQ,56.31,56.67,55.52,56.16,56.3,56.31,93496,5248804.34,1475
2026-06-19,INE747K01017,TARAPUR,EQ,20.16,20.5,19.51,20.35,20.5,20.26,21495,434163.64,199
2026-06-19,INE0EK901012,TARC,EQ,128.47,129.79,125.42,126.18,126.25,127.76,378125,47835479.27,2486
2026-06-19,INE924H01018,TARMAT,EQ,52.07,52.58,51.0,52.37,52.39,51.82,11473,596045.24,113
2026-06-19,INE144Z01023,TARSONS,EQ,262.0,266.08,256.61,262.62,265.75,267.32,288751,75466051.27,4975
2026-06-19,INE488B01017,TASTYBITE,EQ,8225.0,8445.5,8205.0,8297.5,8307.0,8251.0,2388,19921213.0,837
2026-06-19,INE976I01016,TATACAP,EQ,345.5,379.95,342.6,366.8,379.95,345.45,47899182,17511403599.0,155413
2026-06-19,INE092A01019,TATACHEM,EQ,732.0,743.6,723.3,729.15,728.55,732.65,449003,326517676.95,14025
2026-06-19,INE151A01013,TATACOMM,EQ,1921.0,2016.5,1921.0,1988.8,2003.0,1942.0,1088874,2146915109.7,49691
2026-06-19,INE467B01029,TCS,EQ,2105.0,2138.0,2059.9,2125.0,2135.9,2203.3,13286502,27758042714.1,481812
2026-06-19,INE192A01025,TATACONSUM,EQ,1105.0,1118.5,1103.2,1111.5,1113.0,1111.4,1309050,1454355442.3,32381
2026-06-19,INE670A01012,TATAELXSI,EQ,4050.0,4095.0,3926.1,4065.5,4084.5,4116.0,593779,2380711417.7,53154
2026-06-19,INE672A01026,TATAINVEST,EQ,694.15,694.9,675.55,691.0,690.2,694.15,500016,341975358.7,19798
2026-06-19,INE1TAE01010,TMCV,EQ,408.0,409.5,400.05,402.1,402.0,407.05,7163080,2885529435.05,103458
2026-06-19,INE155A01022,TMPV,EQ,363.75,363.75,356.5,359.5,359.4,364.65,11928855,4279923420.4,128867
2026-06-19,INE245A01021,TATAPOWER,EQ,402.5,403.7,399.5,402.35,403.0,402.9,4585159,1840420500.6,36275
2026-06-19,INE081A01020,TATASTEEL,EQ,199.25,199.36,196.5,198.96,199.28,200.52,31571461,6264898192.72,207938
2026-06-19,INE142M01025,TATATECH,EQ,743.0,751.8,732.6,742.25,743.5,753.7,1493749,1110594708.1,40443
2026-06-19,INE517B01013,TTML,EQ,44.89,45.46,44.02,44.19,44.22,44.89,3305285,147427946.31,10972
2026-06-19,INF277K015R5,NETF,EQ,267.59,267.59,257.64,259.85,261.25,261.07,2899,752016.13,127
2026-06-19,INF277K010X4,NPBET,EQ,289.75,290.34,287.69,288.53,288.26,288.9,1385,400555.89,30
2026-06-19,INF277KA1364,TNIDETF,EQ,82.4,82.89,80.0,81.47,82.8,82.43,104324,8435062.78,921
2026-06-19,INF277KA1976,TATAGOLD,EQ,14.34,14.34,13.92,14.08,14.1,14.34,83916027,1176506056.03,99554
2026-06-19,INF277KA1984,TATSILV,EQ,23.0,23.0,21.91,22.48,22.47,23.34,168073739,3734852070.98,142971
2026-06-19,INE0GK401011,TATVA,EQ,1204.7,1205.1,1180.0,1194.0,1195.0,1196.2,16844,20052361.8,2087
2026-06-19,INE0XWS01018,TAURIAN,SM,285.7,289.8,277.55,289.8,289.8,282.45,14400,4043880.0,18
2026-06-19,INE053F07835,753IRFC30,NJ,1120.0,1129.73,1120.0,1129.73,1129.73,1121.0,305,344519.0,4
2026-06-19,INE053F07900,764IRFC31,NO,1135.0,1135.0,1135.0,1135.0,1135.0,1137.99,25,28375.0,2
2026-06-19,INE906B07EP5,769NHAI31,NE,1140.99,1140.99,1140.99,1140.99,1140.99,1140.93,100,114099.0,1
2026-06-19,INE906B07EI0,735NHAI31,N9,1101.2,1101.3,1099.0,1099.0,1099.0,1100.0,304,334766.0,4
2026-06-19,INE906B07EJ8,76NHAI31,,1097.0,1099.98,1096.02,1096.18,1096.1,1096.14,1537,1685021.11,20
2026-06-19,INE0N2D01013,TBI,SM,65.3,66.6,64.45,66.35,66.3,65.3,25800,1680060.0,25
2026-06-19,INE673O01025,TBOTEK,EQ,1465.0,1499.5,1426.2,1489.8,1496.0,1465.2,177526,260282977.2,14906
2026-06-19,INE887D01016,TCC,EQ,346.0,350.35,342.35,345.4,347.4,347.0,6461,2244624.75,201
2026-06-19,INE586V01016,TCIEXP,EQ,539.85,541.95,528.6,537.55,540.0,535.8,10244,5486385.5,724
2026-06-19,INE911B01018,TCIFINANCE,BE,22.73,22.73,22.73,22.73,22.73,23.92,4491,102080.43,78
2026-06-19,INE822C01015,TCPLPACK,EQ,2906.0,3046.2,2868.1,3029.4,3035.0,2880.1,9751,29085281.9,1934
2026-06-19,INE419M01027,TDPOWERSYS,EQ,1273.8,1290.0,1264.1,1272.7,1270.0,1269.0,508115,648265025.6,31496
2026-06-19,INE289C01025,TEAMGTY,EQ,235.05,237.75,228.45,230.7,229.0,235.05,796,183440.1,35
2026-06-19,INE985S01024,TEAMLEASE,EQ,1457.2,1470.0,1442.6,1465.0,1465.0,1456.4,59621,86715523.9,6528
2026-06-19,INE065J01024,TPHQ,EQ,0.49,0.5,0.48,0.49,0.49,0.49,1277412,623130.22,370
2026-06-19,INE2OL601013,TEAMTECH,SM,75.6,79.95,75.3,78.75,78.05,76.85,70000,5453100.0,34
2026-06-19,INE669C01036,TECHM,EQ,1350.0,1417.2,1344.0,1409.6,1414.0,1447.7,5864187,8115025020.5,262136
2026-06-19,INE0Y5H01014,TECHD,ST,619.0,623.5,605.25,622.6,622.9,619.6,8700,5364090.0,28
2026-06-19,INE0JQS01019,TECHERA,SM,164.85,173.05,159.1,171.95,173.05,164.85,253600,43051680.0,222
2026-06-19,INE285K01026,TECHNOE,EQ,1072.2,1095.0,1067.0,1079.3,1080.3,1072.2,242432,262274552.5,14491
2026-06-19,INE545H01011,TIIL,EQ,2500.0,2648.0,2497.3,2616.7,2623.9,2512.2,40259,105147237.2,5094
2026-06-19,INE314H01012,TECHNVISN,EQ,5125.0,5130.0,5045.5,5068.0,5067.0,5114.0,102,519410.5,36
2026-06-19,INE014B01011,TECILCHEM,EQ,11.6,11.75,10.96,11.19,11.2,11.66,31168,347109.36,81
2026-06-19,INE0K6601012,TGL,SM,19.85,20.35,19.55,19.75,19.75,19.95,9400,185950.0,31
2026-06-19,INE011K01018,TEGA,EQ,1804.0,1847.0,1780.0,1794.9,1799.0,1819.7,95703,173187243.9,8237
2026-06-19,INE010J01012,TEJASNET,EQ,598.05,644.75,596.0,632.35,635.0,600.15,17342068,10863852155.55,224813
2026-06-19,INE869Y01010,TEMBO,EQ,570.35,579.1,558.0,561.6,562.0,570.35,173209,98751230.75,3578
2026-06-19,INE19RI01016,TENNIND,EQ,568.55,605.7,562.15,584.95,604.0,569.65,7066520,4116755781.9,128978
2026-06-19,INE482B01010,TERASOFT,EQ,418.0,422.45,403.1,416.55,416.2,416.2,26825,11029464.0,1184
2026-06-19,INE435C01024,TEXINFRA,EQ,100.51,103.49,100.2,102.39,102.15,102.23,90151,9210477.11,1293
2026-06-19,INE621L01012,TEXRAIL,EQ,108.5,109.97,107.5,109.29,109.75,109.32,1604439,174529045.51,13270
2026-06-19,INE141K01013,TEXMOPIPES,EQ,45.34,46.75,45.11,45.74,45.82,45.34,39217,1800408.88,568
2026-06-19,INE733E07JT8,737NTPC35C,,1221.0,1221.0,1221.0,1221.0,1221.0,1228.0,5,6105.0,1
2026-06-19,INE733E07JV4,753NTPC30E,NC,1130.0,1130.0,1130.0,1130.0,1130.0,1124.0,50,56500.0,1
2026-06-19,INE797H01018,TGBHOTELS,EQ,8.93,9.14,8.93,9.1,9.11,8.93,9814,88838.19,24
2026-06-19,INE0QJL01014,TCL,SM,100.0,100.1,100.0,100.1,100.1,102.0,3200,320080.0,4
2026-06-19,INE077P01034,THACKER,BE,1222.1,1241.7,1220.1,1220.1,1220.1,1284.3,372,456548.0,38
2026-06-19,INE403F01017,THAKDEV,EQ,131.9,131.9,127.0,131.9,131.9,131.95,4,518.8,4
2026-06-19,INE085J01014,THANGAMAYL,EQ,5440.0,5502.0,5371.0,5454.6,5450.0,5435.7,58334,317212216.0,12655
2026-06-19,INE294Z01018,ANUP,EQ,2215.1,2323.0,2173.7,2246.0,2243.8,2218.8,169129,382923165.9,19245
2026-06-19,INE319B01014,BYKE,BE,35.31,36.45,34.72,35.11,35.06,35.49,45210,1582098.21,1648
2026-06-19,INE017A01032,GESHIP,EQ,1408.0,1451.0,1407.0,1437.7,1440.0,1412.1,749040,1078688869.9,48692
2026-06-19,INE646C01018,GROBTEA,EQ,960.0,960.0,910.3,914.8,919.9,942.6,135,124897.45,38
2026-06-19,INE127B01011,HITECHGEAR,BE,588.0,588.0,574.0,574.3,574.0,576.1,979,564554.85,40
2026-06-19,INE383A01012,INDIACEM,EQ,383.7,383.7,373.6,374.85,374.9,383.7,213204,80361660.05,7926
2026-06-19,INE053A01029,INDHOTEL,EQ,710.2,728.9,706.05,724.75,722.3,710.45,3177687,2295314659.6,49420
2026-06-19,INE924D01017,THEINVEST,EQ,100.0,100.0,97.1,98.57,98.05,100.12,5921,582177.21,138
2026-06-19,INE470Y01017,NIACL,EQ,180.0,206.6,179.41,202.31,200.9,178.67,119622490,23663833656.51,569236
2026-06-19,INE431F01018,PKTEA,EQ,760.0,770.0,760.0,763.0,763.0,764.35,28,21413.0,5
2026-06-19,INE211B01039,PHOENIXLTD,EQ,1861.7,1911.0,1851.0,1881.1,1877.0,1853.7,584631,1103029469.7,35912
2026-06-19,INE331A01037,RAMCOCEM,EQ,893.8,893.8,882.05,885.3,882.3,890.35,60903,53929000.65,4058
2026-06-19,INE301D01026,RUBYMILLS,BE,343.3,348.95,334.25,339.9,337.7,333.95,14342,4923293.5,236
2026-06-19,INE683A01023,SOUTHBANK,EQ,48.5,49.15,48.05,48.46,48.48,48.49,14135084,686188995.16,36042
2026-06-19,INE655A01013,STCINDIA,EQ,135.1,138.99,134.0,135.95,136.39,135.76,187058,25510515.94,4322
2026-06-19,INE071E01023,UGARSUGAR,EQ,40.3,40.3,39.13,39.64,39.85,39.59,93539,3714749.57,947
2026-06-19,INE215F01023,WIPL,EQ,151.35,166.81,151.35,163.19,162.5,157.41,7143,1158917.58,172
2026-06-19,INE121N01019,THEJO,EQ,1748.9,1863.9,1733.0,1817.7,1806.0,1747.6,29186,52584636.8,1639
2026-06-19,INE083B01024,THEMISMED,EQ,101.97,103.19,101.0,101.73,101.95,101.81,30800,3143600.21,1203
2026-06-19,INE152A01029,THERMAX,EQ,4696.3,4759.0,4680.0,4702.4,4725.0,4696.3,74248,349794731.1,10120
2026-06-19,INE0SHE01019,THESL,SM,12.35,13.0,12.35,13.0,13.0,13.0,39000,502800.0,6
2026-06-19,INE338A01024,TIRUMALCHM,EQ,173.39,174.78,165.98,167.0,168.2,173.39,432923,73078461.22,6669
2026-06-19,INE332A01027,THOMASCOOK,EQ,116.03,116.03,108.71,111.6,112.9,116.56,2950171,329743662.55,25860
2026-06-19,INE480M01011,THOMASCOTT,EQ,299.0,322.15,294.9,314.2,315.0,296.95,147620,46303109.55,5021
2026-06-19,INE594H01019,THYROCARE,EQ,534.85,542.5,532.05,540.55,541.5,534.4,138650,74572024.5,6144
2026-06-19,INE906O01029,TIGERLOGS,BE,35.16,35.72,34.8,35.35,35.2,35.16,25740,908126.69,167
2026-06-19,INE440L01017,TIJARIA,EQ,4.79,5.15,4.7,4.89,4.96,4.78,91287,445353.26,170
2026-06-19,INE806C01018,TIL,EQ,215.01,237.9,213.14,232.67,231.3,215.69,420945,95543516.98,8096
2026-06-19,INE133E01013,TI,EQ,432.0,452.65,432.0,443.1,444.0,433.85,988779,442126623.85,23224
2026-06-19,INE508G01029,TIMETECHNO,EQ,179.2,180.42,177.26,178.42,178.84,178.29,2445810,437759978.36,14758
2026-06-19,INE064A01026,TIMEX,EQ,477.0,522.9,477.0,518.7,521.05,476.95,1318434,669507677.1,20318
2026-06-19,INE325A01013,TIMKEN,EQ,3585.0,3724.8,3566.1,3689.4,3712.0,3573.9,162512,595445482.6,30569
2026-06-19,INE015C01016,TINNARUBR,EQ,882.55,903.0,866.05,891.25,880.05,882.55,97757,87099886.3,2978
2026-06-19,INE0LQS01015,TIPSFILMS,EQ,355.0,355.0,341.1,344.3,342.2,348.05,2299,799052.55,154
2026-06-19,INE716B01029,TIPSMUSIC,EQ,650.4,661.0,642.6,653.0,650.0,642.5,202966,132731746.0,11671
2026-06-19,INE319Y01024,TIRUPATIFL,BE,47.16,48.83,46.5,47.98,47.83,47.16,264923,12637824.18,656
2026-06-19,INE615H01020,TITAGARH,EQ,930.0,944.0,908.0,922.45,925.0,932.6,922105,855365326.35,37250
2026-06-19,INE280A01028,TITAN,EQ,4360.0,4441.7,4360.0,4419.9,4411.0,4387.9,941346,4149601875.5,63875
2026-06-19,INE932C01012,TOKYOPLAST,BE,85.89,86.99,84.0,86.29,86.0,85.68,8042,697867.64,41
2026-06-19,INE0RWQ01014,TOLINS,EQ,107.89,107.89,104.66,106.13,106.8,107.04,63833,6767839.88,1111
2026-06-19,INE685A01028,TORNTPHARM,EQ,4417.7,4486.9,4415.0,4429.8,4424.3,4445.5,736331,3269227064.0,36638
2026-06-19,INE813H01021,TORNTPOWER,EQ,1455.0,1455.0,1419.3,1438.4,1440.8,1448.6,389436,558437498.6,27063
2026-06-19,INE336X01012,TOTAL,EQ,51.5,52.1,49.99,50.74,50.74,51.1,4108,207968.09,54
2026-06-19,INE486Y01013,TOUCHWOOD,EQ,74.5,76.5,71.2,73.04,73.04,75.72,5731,424218.21,210
2026-06-19,INE305A01023,TFCILTD,EQ,74.3,75.3,73.57,74.16,74.72,74.5,1696001,126059460.99,6257
2026-06-19,INE413G01022,TPLPLASTEH,EQ,67.67,68.58,66.07,66.81,66.6,67.2,46900,3156920.07,740
2026-06-19,INE0HMF01019,TRACXN,EQ,31.24,31.24,30.1,30.55,30.44,31.07,232444,7097227.42,1589
2026-06-19,INE763I01026,TARIL,EQ,326.7,372.0,325.0,357.55,357.5,324.85,41817664,14993050568.2,388199
2026-06-19,INE0O3901029,TREL,EQ,26.0,26.5,24.86,26.07,26.45,26.25,227211,5823242.96,1284
2026-06-19,INE687A01016,TRANSPEK,EQ,1009.1,1016.8,979.9,1012.1,1015.0,1017.2,1570,1565416.4,316
2026-06-19,INE688A01022,TCI,EQ,944.4,955.95,929.15,948.05,943.25,939.75,51986,49206362.5,5471
2026-06-19,INE454P01035,TRANSRAILL,EQ,495.2,514.0,492.3,507.7,509.0,496.45,835678,422665730.05,20104
2026-06-19,INE0NVI01020,TRANSTEEL,SM,118.5,123.0,118.0,121.6,123.0,120.15,23000,2753100.0,22
2026-06-19,INE804H01012,TFL,EQ,12.66,13.56,12.3,12.53,12.52,12.66,143120,1866411.65,431
2026-06-19,INE757B01015,TRANSWORLD,BE,176.84,184.0,175.0,177.95,180.0,179.84,5907,1055751.3,104
2026-06-19,INE103V01028,TRAVELFOOD,EQ,1331.9,1363.5,1316.0,1354.0,1351.0,1332.8,44165,59505779.7,5265
2026-06-19,INE040M01013,TREEHOUSE,EQ,7.07,7.25,6.9,7.0,6.92,7.07,19335,134564.93,55
2026-06-19,INE00CA01015,TREJHARA,EQ,145.02,145.02,139.32,140.93,140.1,145.42,16177,2284352.88,773
2026-06-19,INE849A01020,TRENT,EQ,3182.0,3218.8,3140.0,3205.8,3203.6,3179.7,2456189,7831101286.4,91514
2026-06-19,INE391D01019,TRF,EQ,236.63,241.5,229.89,233.8,236.95,236.55,10942,2571228.96,596
2026-06-19,INE760L01018,TBZ,EQ,189.4,194.84,187.2,188.88,188.65,189.67,360453,68650299.0,5850
2026-06-19,INE064C01022,TRIDENT,EQ,25.86,26.16,25.52,25.93,25.95,25.97,8995498,232849162.76,21528
2026-06-19,INE0QD201012,TECHLABS,ST,123.9,126.95,118.5,123.55,124.75,124.7,47000,5660843.75,238
2026-06-19,INE0LWY01029,TRIDHYA,ST,11.75,11.75,11.75,11.75,11.75,11.9,3000,35250.0,1
2026-06-19,INE948A01012,TRIGYN,EQ,58.0,58.0,56.5,57.0,57.45,58.12,9018,513982.74,233
2026-06-19,INE256C01024,TRIVENI,EQ,408.45,415.55,400.3,403.55,402.05,405.55,494475,202132756.95,16441
2026-06-19,INE152M01016,TRITURBINE,EQ,677.0,696.6,665.0,672.3,671.0,674.15,919523,621756366.35,34479
2026-06-19,INE0SYV01018,TROM,ST,59.95,59.95,59.0,59.0,59.0,57.1,9600,573780.0,16
2026-06-19,INE0MWH01014,TRUALT,EQ,498.85,504.8,488.0,491.7,490.15,489.0,422845,209211104.0,9846
2026-06-19,INE615R01029,TRU,EQ,5.87,6.05,5.7,5.77,5.7,5.87,136280,789888.95,230
2026-06-19,INE0SWN01019,TRUST,SM,30.6,32.1,29.35,32.1,32.1,30.75,13800,427350.0,22
2026-06-19,INE16VK01010,TSC,SM,30.9,30.9,27.45,27.45,27.45,27.35,20000,561800.0,10
2026-06-19,INE202Z01029,TSFINV,EQ,397.0,399.8,389.8,395.4,398.0,395.05,89059,35106713.9,3616
2026-06-19,INE1C3207073,935TSI29,N0,103000.0,103500.0,103000.0,103500.0,103500.0,101901.0,3,310000.0,2
2026-06-19,INE1C3207040,935TSI31,N0,103992.6,104095.07,103992.6,104095.07,104095.07,103241.37,13,1352211.21,2
2026-06-19,INE1C3207024,935TSIIC33,N0,105195.07,105195.07,105195.07,105195.07,105195.07,106305.35,8,841560.56,8
2026-06-19,INE910C01018,TTKHLTCARE,EQ,883.35,964.0,875.35,929.4,929.0,883.35,15990,14866069.6,1513
2026-06-19,INE690A01028,TTKPRESTIG,EQ,538.0,549.0,531.1,541.3,545.05,537.3,81663,44056688.9,9144
2026-06-19,INE974X01010,TIINDIA,EQ,3227.0,3302.0,3227.0,3285.6,3290.0,3256.5,265126,870616888.8,29174
2026-06-19,INE0OXV01027,TUNWAL,SM,27.5,27.5,26.25,26.65,26.6,27.5,226000,6047600.0,90
2026-06-19,INE038F01029,TVTODAY,EQ,107.83,109.34,106.04,107.37,107.78,107.05,42493,4582284.99,1431
2026-06-19,INE871L01013,TVVISION,EQ,5.26,5.3,5.1,5.2,5.28,5.26,23431,121474.57,72
2026-06-19,INE236G01019,TVSELECT,EQ,480.1,490.0,477.25,482.35,484.5,483.15,75869,36674613.9,3092
2026-06-19,INE105A01035,TVSHLTD,EQ,13280.0,13280.0,13043.0,13132.0,13239.0,13287.0,28471,374022706.0,11942
2026-06-19,INE494B01023,TVSMOTOR,EQ,3437.6,3460.8,3414.3,3442.9,3460.0,3457.6,926221,3185410257.4,46944
2026-06-19,INE494B04019,TVSMNCRPS,P1,10.3,10.5,10.3,10.4,10.4,10.35,6098069,63115270.3,710
2026-06-19,INE421C01016,TVSSRICHAK,EQ,4124.9,4150.0,4056.0,4105.6,4100.0,4101.8,5178,21262827.5,896
2026-06-19,INE395N01027,TVSSCS,EQ,135.05,141.88,134.85,140.31,140.44,136.12,1891206,262891198.76,16409
2026-06-19,INE388G01026,TICL,EQ,19.62,19.88,19.24,19.35,19.5,19.51,1338921,26359957.74,1025
2026-06-19,INE152C01025,UYFINCORP,EQ,14.62,14.62,14.38,14.51,14.56,14.62,18831,273510.19,158
2026-06-19,INE139B01016,UCAL,EQ,101.96,106.7,100.0,106.05,106.65,101.28,31880,3328607.83,840
2026-06-19,INE583D07588,1025UCL27A,NG,1020.0,1020.0,975.2,975.2,975.2,1006.0,39,38884.0,2
2026-06-19,INE583D07596,1050UCL28,NH,1010.0,1015.0,1010.0,1015.0,1015.0,1010.0,35,35400.0,3
2026-06-19,INE691A01018,UCOBANK,EQ,27.92,27.92,27.45,27.58,27.67,27.99,10035499,276779097.02,19965
2026-06-19,INE0N0Y01013,USK,EQ,23.8,24.7,23.5,23.97,24.2,23.95,3309,79017.73,68
2026-06-19,INE516A01017,UFLEX,EQ,435.0,435.0,422.3,425.9,427.0,424.3,49331,21067625.4,1674
2026-06-19,INE527H01019,UFO,EQ,74.5,74.84,72.91,73.39,73.16,73.98,39276,2888787.09,595
2026-06-19,INE583D01011,UGROCAP,EQ,100.23,100.35,98.86,99.73,99.65,100.23,110444,10988016.07,1174
2026-06-19,INE899L01030,UEL,EQ,141.2,142.33,138.0,138.86,138.0,141.2,4190,583957.28,281
2026-06-19,INE551W01018,UJJIVANSFB,EQ,58.52,58.84,57.02,57.27,57.32,58.62,6884920,397248076.42,26317
2026-06-19,INE405A01021,ULTRAMAR,EQ,365.8,376.4,364.9,371.4,371.5,365.8,14983,5577458.0,689
2026-06-19,INE481G01011,ULTRACEMCO,EQ,11311.0,11476.0,11300.0,11367.0,11375.0,11430.0,403613,4589053292.0,46026
2026-06-19,INE0GIU01018,UMAEXPORTS,BE,23.7,23.82,23.0,23.0,23.0,23.66,134746,3110903.75,236
2026-06-19,INE398B01018,UMIYA-MRO,EQ,87.0,90.5,85.6,89.05,89.0,87.47,16339,1455919.37,391
2026-06-19,INE033L08270,TCHF30,NB,1041.0,1045.11,1041.0,1045.11,1045.11,1140.1,380,396730.8,7
2026-06-19,INE351A01035,UNICHEMLAB,EQ,448.1,465.1,440.55,444.3,446.6,448.3,195599,88568107.75,8291
2026-06-19,INE00U401027,UNIECOM,EQ,90.0,90.0,88.6,89.69,89.95,90.15,320219,28603810.94,2426
2026-06-19,INE0PRF01011,UNIHEALTH,ST,582.0,582.95,545.35,566.0,566.0,574.0,14000,7926825.0,27
2026-06-19,INE481Z01011,UNIINFO,BE,12.18,12.32,11.21,12.22,12.0,11.74,13358,159507.95,50
2026-06-19,INE0U3I01011,UNIMECH,EQ,1140.0,1224.95,1140.0,1197.65,1194.0,1133.65,365512,437411065.6,19971
2026-06-19,INE692A01016,UNIONBANK,EQ,176.1,176.69,174.5,175.76,175.85,176.12,11232086,1972617029.61,48906
2026-06-19,INF582M01KS4,UNIONGOLD,EQ,144.75,145.2,140.0,141.5,141.4,144.75,6887,979949.75,108
2026-06-19,INE244O01017,UNIPARTS,EQ,661.0,705.8,651.05,674.7,675.0,652.9,674525,463264654.25,22900
2026-06-19,INE037A01022,UNIENTER,EQ,108.0,108.75,106.3,107.13,106.4,107.41,2840,305507.48,59
2026-06-19,INE694A01020,UNITECH,EQ,5.21,5.22,4.98,5.01,5.03,5.18,8983514,45497478.24,9668
2026-06-19,INE686F01025,UBL,EQ,1348.0,1364.6,1323.0,1341.9,1345.0,1341.3,430193,578215700.0,30173
2026-06-19,INE961D01019,UNIDT,BE,213.3,225.6,213.3,222.51,224.0,220.22,9242,2019589.69,195
2026-06-19,INE382M01027,UFBL,EQ,619.0,657.2,619.0,644.15,643.0,624.55,276906,178268325.45,11807
2026-06-19,INE0SMR01011,UHTL,ST,119.0,119.6,112.5,119.6,119.6,113.95,126000,14980700.0,63
2026-06-19,INE458F01011,UNITEDTEA,EQ,495.65,495.65,487.05,492.85,490.6,490.15,5864,2869298.95,61
2026-06-19,INE368U01029,UNITEDPOLY,BE,33.0,33.88,32.0,33.36,33.35,32.6,45630,1514170.43,144
2026-06-19,INE854D01024,UNITDSPR,EQ,1348.0,1348.4,1312.0,1320.5,1322.0,1350.3,784253,1038400949.2,27183
2026-06-19,INE562X01013,UNIVASTU,EQ,90.1,91.7,87.42,89.12,89.79,89.7,220125,19548561.47,1280
2026-06-19,INE279A01012,UNIVCABLES,EQ,1235.0,1328.3,1227.1,1273.5,1283.8,1236.0,497951,643115673.6,24586
2026-06-19,INE03V001013,UNIVPHOTO,BE,360.0,360.0,352.5,352.5,352.5,360.75,109,38629.0,12
2026-06-19,INE405E01023,UNOMINDA,EQ,1097.0,1118.0,1089.3,1115.6,1112.0,1097.9,551672,610975546.9,20027
2026-06-19,INE530B08110,IIFLZC28,NG,1632.35,1632.35,1632.35,1632.35,1632.35,1630.61,50,81617.5,1
2026-06-19,INE530B08094,10IIFL28A,NE,1025.0,1025.0,1025.0,1025.0,1025.0,1030.0,10,10250.0,1
2026-06-19,INE530B08102,96IIFL28A,NF,1004.98,1004.98,998.2,1001.09,1001.0,998.6,278,278557.9,9
2026-06-19,INE477L08162,IIFLZC28C,N6,1565.0,1565.0,1555.02,1555.02,1555.02,1565.0,315,492675.6,2
2026-06-19,INE477L08147,10IIFL28,N4,1076.0,1076.2,1076.0,1076.09,1076.0,1074.0,708,761846.54,4
2026-06-19,INE477L08154,96IIFL28,N5,999.99,1000.99,999.99,1000.99,1000.99,999.0,519,519013.81,5
2026-06-19,INE866I08279,10IIFL29,N6,1011.0,1011.0,1008.0,1008.0,1008.0,1025.0,2,2019.0,2
2026-06-19,INE306N08292,910TCAP28,,1090.0,1109.98,1090.0,1090.47,1090.47,1090.0,1358,1496738.05,24
2026-06-19,INE851I01011,UDS,EQ,180.3,183.16,178.65,181.02,180.59,180.24,286392,52091574.45,2837
2026-06-19,INE628A01036,UPL,EQ,610.8,611.7,603.0,608.65,608.85,610.8,4384034,2667253117.05,47905
2026-06-19,INE568Z01015,URAVIDEF,EQ,113.59,117.5,111.0,113.54,113.01,113.66,11339,1291138.82,314
2026-06-19,INE0CAZ01013,URBANCO,EQ,131.0,131.38,128.75,130.15,129.29,131.34,1761877,229032055.21,14972
2026-06-19,INE0O0201019,URBAN,SM,131.85,131.85,127.5,129.95,129.95,129.55,6400,826200.0,8
2026-06-19,INE550C01020,URJA,EQ,10.14,10.21,10.05,10.12,10.15,10.14,2100953,21287542.64,3074
2026-06-19,INE0LS001014,USHAFIN,SM,34.7,37.5,34.7,36.0,36.0,34.7,22400,807440.0,12
2026-06-19,INE240C01028,UMESLTD,BE,5.6,5.9,5.47,5.74,5.74,5.75,24110,136256.09,44
2026-06-19,INE228A01035,USHAMART,EQ,490.6,492.0,470.9,476.05,472.0,490.8,2261017,1079089006.55,40546
2026-06-19,INE00NI01015,UCL,ST,157.0,161.55,157.0,161.55,161.55,158.4,8000,1283300.0,4
2026-06-19,INE094J01016,UTIAMC,EQ,958.0,958.7,947.55,950.25,950.0,958.0,185099,176029972.85,9925
2026-06-19,INF789F1AUV1,BANKBETA,EQ,59.51,59.72,59.42,59.6,59.57,59.71,71368,4253171.65,524
2026-06-19,INF789F1AZF3,GILT10BETA,EQ,26.1,26.61,26.1,26.11,26.49,26.05,3221,84218.67,29
2026-06-19,INF789F1AZE6,GILT5BETA,EQ,65.71,66.35,65.44,65.63,65.63,65.06,7370,486598.59,19
2026-06-19,INF789F1AZD8,ITBETA,EQ,291.11,291.11,280.6,288.07,289.09,299.17,9255,2635048.0,192
2026-06-19,INF789F1AYX9,MIDCAPBETA,EQ,229.94,232.56,229.62,231.84,232.56,230.55,2876,665592.16,60
2026-06-19,INF789F1AUW9,NEXT50BETA,EQ,78.07,79.2,77.69,78.68,79.2,78.08,4158346,325794045.05,2723
2026-06-19,INF789F1AZC0,NIFTYBETA,EQ,265.64,266.49,264.53,265.53,265.43,266.54,37502,9947815.7,877
2026-06-19,INF789FB1X58,SENSEXBETA,EQ,852.0,860.0,840.21,850.13,847.0,852.11,2237,1895803.6,168
2026-06-19,INF789F1AYK6,SILVERBETA,EQ,223.5,224.31,217.75,223.37,223.4,232.13,1179820,260174460.98,12134
2026-06-19,INF789F1AUU3,SNXT50BETA,EQ,93.04,95.07,92.17,92.83,92.35,93.5,10311,966821.94,152
2026-06-19,INF789F1AUX7,GOLDBETA,EQ,127.45,127.45,120.5,122.0,122.05,124.35,494296,60099921.95,3858
2026-06-19,INE1V1R01014,UTKAL,ST,56.65,56.65,56.65,56.65,56.65,59.6,4000,226600.0,2
2026-06-19,INE735W01017,UTKARSHBNK,EQ,15.19,15.3,14.67,14.79,14.8,15.02,13778301,206893127.17,16350
2026-06-19,INE06IJ01010,UTSSAV,ST,381.7,381.7,381.7,381.7,381.7,363.55,20400,7786680.0,25
2026-06-19,INE786F01031,UTTAMSUGAR,EQ,240.0,240.0,235.67,237.85,240.0,239.92,28052,6660396.91,986
2026-06-19,INE0GXK01018,VMARCIND,SM,1595.95,1605.75,1551.0,1599.75,1603.9,1598.75,20000,31636825.0,79
2026-06-19,INE951I01027,VGUARD,EQ,310.45,316.15,308.1,311.25,311.5,310.45,359177,111970189.6,13914
2026-06-19,INE0QXL01015,VLINFRA,ST,26.6,27.25,25.95,27.25,27.25,27.25,9000,238275.0,6
2026-06-19,INE945H01021,V2RETAIL,EQ,234.0,241.2,230.16,236.85,237.52,230.44,1525962,361799086.65,22693
2026-06-19,INE956G01038,WABAG,EQ,1851.8,2009.7,1850.0,1983.6,2001.2,1821.8,2889807,5554303148.2,115833
2026-06-19,INE694D01016,VADILALIND,EQ,6247.9,6247.9,6100.0,6108.0,6100.0,6212.3,10920,67223277.0,1687
2026-06-19,INE884A01027,VAIBHAVGBL,EQ,251.0,251.0,242.5,244.33,244.95,251.2,308711,75806419.38,6456
2026-06-19,INE972X01022,VAISHALI,BE,7.67,7.85,7.41,7.59,7.59,7.67,59763,460948.95,206
2026-06-19,INE051B01021,VAKRANGEE,EQ,6.37,6.39,6.23,6.29,6.32,6.37,1457731,9169949.96,1739
2026-06-19,INE0JWS01017,VALIANTLAB,BE,68.95,70.35,66.16,67.9,67.9,68.73,6766,457614.56,47
2026-06-19,INE565V01010,VALIANTORG,EQ,309.9,309.9,287.25,290.95,291.5,310.7,100001,29512814.35,3546
2026-06-19,INE879I01012,DBREALTY,BE,114.85,119.22,113.0,118.12,119.22,113.55,486543,56893028.03,1916
2026-06-19,INE1E7Y01018,VALUE360,SM,82.0,83.8,80.1,81.55,81.1,82.35,12000,984720.0,9
2026-06-19,INE116G01013,VARDHACRLC,EQ,45.07,45.49,43.92,44.48,44.2,45.07,42891,1915565.56,659
2026-06-19,INE701A01023,VHL,EQ,3604.6,3675.0,3571.8,3674.3,3675.0,3604.6,1266,4628074.0,243
2026-06-19,INE835A01029,VARDMNPOLY,EQ,6.76,8.0,6.7,7.1,7.08,6.85,444892,3232468.0,652
2026-06-19,INE050M01012,VSSL,EQ,283.5,284.05,280.0,281.55,282.9,283.2,17712,4996890.75,645
2026-06-19,INE825A01020,VTL,EQ,660.0,670.05,650.9,657.45,658.7,661.4,613055,404690343.95,22502
2026-06-19,INE665L01035,VARROC,EQ,605.65,618.85,600.7,615.2,615.9,613.35,83632,50957083.9,5884
2026-06-19,INE200M01039,VBL,EQ,535.9,538.7,526.35,529.5,530.0,531.55,9495702,5051746089.2,75724
2026-06-19,INE273D01027,VGL,EQ,67.59,70.22,65.9,69.47,69.48,67.3,226227,15511703.5,1539
2026-06-19,INE0N5801013,DENTALKART,SM,367.0,382.95,367.0,377.35,377.0,377.15,9500,3595162.5,27
2026-06-19,INE893I01013,VASCONEQ,BE,35.9,37.0,35.9,36.31,36.2,36.88,183738,6671304.66,652
2026-06-19,INE590L01019,VASWANI,EQ,59.2,59.2,57.22,57.53,57.78,58.62,18958,1091983.53,335
2026-06-19,INE098201036,VCL,EQ,1.32,1.35,1.28,1.3,1.3,1.31,254486,333662.44,284
2026-06-19,INE04HY07336,118VCCL27B,N0,99999.0,99999.0,99999.0,99999.0,99999.0,98501.01,4,399996.0,3
2026-06-19,INE04HY07344,12VCCL28,N0,99000.0,99000.0,99000.0,99000.0,99000.0,100000.0,6,594000.0,4
2026-06-19,INE04HY07229,12VCCL29B,N0,98250.0,98250.0,98250.0,98250.0,98250.0,99000.0,1,98250.0,1
2026-06-19,INE04HY08011,125VCCL31,N0,96500.0,96500.0,96001.0,96001.0,96001.0,96500.0,3,289000.0,3
2026-06-19,INE0U2M01015,VDEAL,SM,184.0,184.0,170.0,183.9,183.9,185.0,4800,855600.0,8
2026-06-19,INE825V01034,MANYAVAR,EQ,422.0,423.15,408.1,412.5,414.5,419.1,378839,156089683.35,19239
2026-06-19,INE1CDF01017,VAML,BE,440.0,465.0,440.0,457.77,460.0,448.08,10683293,4885030292.5,111582
2026-06-19,INE1CLE01013,VISL,BE,24.45,25.57,23.26,25.57,25.57,24.36,79039406,1989793726.79,66908
2026-06-19,INE205A01025,VEDL,EQ,302.4,304.9,299.5,300.8,300.7,306.0,15040336,4528332077.3,127939
2026-06-19,INE704J01044,VOGL,BE,31.0,32.88,30.42,32.87,32.88,31.32,108329755,3528925255.49,79322
2026-06-19,INE694L01019,VEDPOWER,BE,40.4,42.25,39.2,41.03,42.0,40.53,38488201,1587239170.53,93030
2026-06-19,INE484C01030,VEEDOL,EQ,1503.9,1534.9,1478.0,1482.2,1479.0,1496.4,18527,27857752.6,2544
2026-06-19,INE0KTW01013,VEEKAYEM,ST,129.0,134.8,128.25,134.8,134.8,134.95,3500,453575.0,7
2026-06-19,INE232E01013,VELJAN,EQ,1206.0,1260.0,1206.0,1255.0,1255.0,1200.0,669,832651.1,62
2026-06-19,INE398A01010,VENKEYS,EQ,1425.8,1432.0,1402.8,1423.5,1427.0,1418.6,25663,36445110.7,2248
2026-06-19,INE781S01027,VENTIVE,EQ,659.5,659.5,643.05,647.15,647.5,650.55,13563,8790358.8,1269
2026-06-19,INE0JA001018,VENUSPIPES,EQ,1499.0,1579.0,1496.0,1546.1,1550.0,1482.4,616396,949045268.5,29553
2026-06-19,INE411B01019,VENUSREM,BE,1703.0,1790.0,1703.0,1739.1,1743.7,1739.1,44027,76490175.0,1714
2026-06-19,INE0IQ001011,VERANDA,EQ,244.58,247.5,239.15,244.89,244.95,242.44,438301,106955663.74,4762
2026-06-19,INE0NLB01018,VERTEXPLUS,SM,41.8,41.8,41.8,41.8,41.8,43.95,4200,175560.0,4
2026-06-19,INE0KXY23015,VERTIS,IV,108.0,108.0,108.0,108.0,108.0,108.0,25000,2700000.0,1
2026-06-19,INE188Y01031,VERTOZ,BE,45.9,45.9,43.05,43.4,44.0,44.11,19352,848169.91,262
2026-06-19,INE386A01023,VESUVIUS,EQ,459.2,466.85,454.2,464.9,464.9,457.3,43324,20096112.85,2118
2026-06-19,INE918N01018,VETO,BE,135.05,137.8,131.74,131.74,131.74,138.67,105083,13942208.75,697
2026-06-19,INE0MO401019,VIAZ,SM,63.9,63.9,63.9,63.9,63.9,63.15,12000,766800.0,4
2026-06-19,INE0QTF01015,VSTL,EQ,116.85,121.38,116.85,118.19,117.71,118.77,7075,834267.05,340
2026-06-19,INE048C01025,VHLTD,BE,139.94,144.36,133.4,141.07,143.75,137.49,195064,26605255.55,484
2026-06-19,INE0F8901022,VICTORYEV,ST,17.65,17.7,17.1,17.1,17.1,17.95,33000,575400.0,11
2026-06-19,INE632C01026,VIDHIING,EQ,286.2,288.95,283.55,284.4,283.6,284.55,5035,1438133.0,263
2026-06-19,INE14UN01029,VIDYAWIRES,EQ,106.85,108.78,102.99,107.32,107.2,106.68,2604294,277367123.35,16063
2026-06-19,INE1DM601016,VIGOR,ST,95.8,98.8,91.0,98.8,98.8,94.1,112000,10983520.0,62
2026-06-19,INE043W01024,VIJAYA,EQ,1305.6,1390.0,1294.7,1364.2,1390.0,1305.6,327949,442891994.8,21440
2026-06-19,INE0WL901019,VIJAYPD,ST,85.9,85.95,85.9,85.95,85.95,84.55,4000,343700.0,2
2026-06-19,INE159N01027,VIJIFIN,BE,4.51,4.51,4.51,4.51,4.51,4.3,190551,859385.01,77
2026-06-19,INE806A01020,VIKASECO,EQ,1.29,1.29,1.26,1.27,1.28,1.29,1968807,2512459.02,9011
2026-06-19,INE161L01027,VIKASLIFE,EQ,1.49,1.5,1.47,1.48,1.49,1.49,1707840,2526214.51,17255
2026-06-19,INE078V01014,VIKRAMSOLR,EQ,209.95,214.2,195.4,200.42,199.89,209.95,15078336,3070525953.14,120605
2026-06-19,INE01R501028,VIKRAN,EQ,74.0,76.0,73.23,74.65,74.69,74.41,2124190,158844550.08,10120
2026-06-19,INE0AZY01017,VILAS,SM,386.0,404.9,385.1,399.8,395.5,394.65,50500,19848337.5,115
2026-06-19,INE0L4V01013,VILINBIO,ST,46.1,46.1,46.05,46.05,46.05,45.2,12000,553000.0,3
2026-06-19,INE579C01029,VIMTALABS,EQ,566.25,578.0,560.7,571.4,571.0,567.1,247219,141394918.3,8149
2026-06-19,INE410B01037,VINATIORGA,EQ,1306.8,1342.0,1298.0,1333.9,1336.6,1308.3,62936,83695824.2,7107
2026-06-19,INE707A01012,VINDHYATEL,EQ,2176.2,2400.0,2171.0,2374.1,2394.1,2179.5,217681,507414845.5,18355
2026-06-19,INE505Y01010,VINEETLAB,BE,34.5,35.4,33.56,34.67,34.74,35.08,50923,1767874.27,207
2026-06-19,INE01KI01027,VINNY,EQ,1.22,1.23,1.16,1.21,1.22,1.2,1253548,1514112.09,296
2026-06-19,INE0OSJ01014,VINSYS,SM,408.9,411.5,403.8,409.7,407.05,403.95,22250,9129375.0,26
2026-06-19,INE498Q01014,VINCOFE,EQ,151.2,153.79,150.0,152.16,152.0,151.27,1259524,191970650.55,7215
2026-06-19,INE0OLS01010,VINYAS,SM,1455.0,1500.0,1420.0,1463.8,1470.0,1443.95,24100,35321685.0,213
2026-06-19,INE250B01029,VINYLINDIA,EQ,254.55,258.5,245.0,253.9,257.0,254.55,22963,5800699.8,1524
2026-06-19,INE450G01024,VIPCLOTHNG,BE,25.4,25.85,24.8,24.99,24.99,25.64,119793,2995734.75,240
2026-06-19,INE054A01027,VIPIND,EQ,317.95,325.0,315.35,317.5,320.0,318.2,191361,61324574.05,4528
2026-06-19,INE946H01037,VIPULLTD,EQ,11.14,11.14,11.14,11.14,11.14,10.13,314415,3502583.1,183
2026-06-19,INE539B01017,VIRINCHI,EQ,16.84,17.09,16.71,16.83,16.82,16.84,29503,497660.87,145
2026-06-19,INE0VRH01015,VGINFOTECH,SM,156.0,158.95,156.0,158.7,158.85,158.15,15000,2368400.0,15
2026-06-19,INE286H01012,VISACHROME,BE,42.0,43.4,41.0,41.48,42.48,41.51,95460,4049956.15,135
2026-06-19,INE370E01029,VIVIDHA,EQ,0.54,0.56,0.53,0.55,0.55,0.54,265986,144830.5,172
2026-06-19,INE392A01021,VISAKAIND,EQ,77.0,77.5,76.27,77.17,77.5,76.82,66006,5083860.76,817
2026-06-19,INE0BHK01012,VISAMAN,ST,107.6,107.6,107.6,107.6,107.6,113.25,1000,107600.0,1
2026-06-19,INE01EA01019,VMM,EQ,117.87,119.25,116.72,118.66,119.0,117.87,18912604,2239682568.74,45510
2026-06-19,INE270I01022,VISHNU,EQ,601.9,607.9,595.0,601.0,606.5,600.15,40118,24076692.25,1609
2026-06-19,INE0AE001013,VPRPL,BE,31.47,31.47,31.47,31.47,31.47,32.11,380026,11959418.22,850
2026-06-19,INE0PQ001012,VISHNUINFR,SM,168.55,174.4,168.55,170.0,170.0,169.0,20000,3394925.0,16
2026-06-19,INE430N01022,VISHWARAJ,EQ,5.5,5.75,5.4,5.62,5.66,5.58,248740,1382356.59,509
2026-06-19,INE0S2E01016,VISHWAS,SM,50.3,51.9,50.25,51.9,51.9,52.85,6400,324320.0,4
2026-06-19,INE0TR001017,VIESL,SM,318.0,336.25,308.0,333.05,334.0,321.3,66400,21284120.0,79
2026-06-19,INE0L4K01016,VITAL,BE,54.39,54.39,53.5,54.39,54.39,53.82,2437,131002.4,11
2026-06-19,INE0MEG01014,VIVIANA,BE,788.2,820.0,775.0,813.85,818.0,793.55,29341,23747976.55,488
2026-06-19,INE24H301028,VIVIDEL,ST,1270.0,1273.55,1232.0,1261.4,1270.0,1212.95,36720,46480824.0,108
2026-06-19,INE526G01021,VIVIMEDLAB,BE,5.89,6.1,5.84,5.92,5.9,5.98,100812,599600.29,116
2026-06-19,INE807F01027,VIYASH,EQ,253.7,260.0,253.0,254.95,256.15,253.85,2478353,637425295.35,23912
2026-06-19,INE03HW01020,VLEGOV,BE,13.01,13.64,13.01,13.32,13.24,13.21,62895,837200.2,236
2026-06-19,INE709A01018,VLSFINANCE,EQ,242.5,243.48,240.1,242.24,242.6,242.11,4842,1171978.45,197
2026-06-19,INE665J01013,VMART,EQ,789.2,803.0,773.05,797.8,802.7,789.2,168516,132692631.95,12316
2026-06-19,INE0SJA01013,VMSTMT,BE,45.19,45.75,43.52,45.5,44.88,45.19,12693,569715.48,167
2026-06-19,INE669E01016,IDEA,EQ,14.98,15.16,14.83,14.92,14.89,15.01,416172167,6234340298.61,424199
2026-06-19,INE241X01014,VOLERCAR,SM,248.9,249.7,234.5,239.4,245.8,250.05,94400,23259960.0,47
2026-06-19,INE540H01012,VOLTAMP,EQ,10000.0,10430.0,9961.5,10237.5,10270.0,10031.0,46149,473493431.5,13830
2026-06-19,INE226A01021,VOLTAS,EQ,1357.6,1366.7,1332.6,1343.4,1349.2,1357.6,987277,1329082932.9,38621
2026-06-19,INE0S2V01010,VRAJ,EQ,122.74,124.5,121.8,122.34,122.96,121.63,14407,1766438.04,433
2026-06-19,INE366I01010,VRLLOG,EQ,241.88,242.72,239.0,240.01,240.61,241.69,64792,15596126.93,2480
2026-06-19,INE710A01016,VSTIND,EQ,259.5,260.05,257.0,259.95,260.0,258.65,262027,67970421.0,4764
2026-06-19,INE764D01017,VSTTILLERS,EQ,4540.0,4634.0,4540.0,4566.6,4570.1,4549.3,4706,21530390.3,1152
2026-06-19,INE765D01022,WPIL,EQ,471.25,484.6,460.45,467.15,468.0,468.65,76318,36352382.4,3169
2026-06-19,INE100D01014,WSI,EQ,67.28,67.76,66.5,66.79,67.49,67.22,43339,2903679.04,250
2026-06-19,INE377N01017,WAAREEENER,EQ,3066.3,3147.5,3052.6,3125.4,3126.1,3065.9,1902606,5932286302.3,85623
2026-06-19,INE299N01021,WAAREERTL,EQ,974.0,995.0,965.8,988.05,986.0,975.85,341652,337118478.9,16590
2026-06-19,INE0E7301029,WAKEFIT,EQ,123.01,132.29,123.01,127.43,127.95,124.16,1457189,187495672.18,17402
2026-06-19,INE711A01022,WALCHANNAG,EQ,300.45,315.8,296.7,312.05,313.95,301.35,5681026,1755582276.0,54895
2026-06-19,INE107F01022,WANBURY,EQ,253.8,270.35,253.8,266.75,264.0,261.45,129470,34261768.05,2446
2026-06-19,INE082W01014,WEWIN,BE,50.39,50.39,48.0,49.36,49.36,48.13,973,47526.42,25
2026-06-19,INF2F0001370,TWCGOLDETF,EQ,144.0,147.84,142.29,144.71,144.28,146.74,3896,563754.04,570
2026-06-19,INE658T01017,WEALTH,EQ,974.0,989.9,960.05,971.45,974.15,962.55,2514,2444472.4,303
2026-06-19,INE855C01023,WEBELSOLAR,EQ,103.0,107.4,103.0,104.71,105.25,104.1,2085136,219676751.41,12337
2026-06-19,INE080A01014,WEIZMANIND,EQ,84.0,94.0,83.11,88.58,87.55,84.04,18655,1655331.18,171
2026-06-19,INE191B01025,WELCORP,EQ,1389.0,1434.3,1386.1,1423.4,1428.0,1397.4,707135,999986698.1,31241
2026-06-19,INE625G01013,WELENT,EQ,570.0,580.0,564.0,567.85,570.0,570.35,254944,145492478.35,11684
2026-06-19,INE389K01018,WELINV,BE,1705.1,1780.0,1705.1,1775.0,1775.0,1775.0,66,116193.3,7
2026-06-19,INE192B01031,WELSPUNLIV,EQ,162.0,164.58,158.2,162.23,161.9,163.0,5648234,911056045.27,48039
2026-06-19,INE731F01037,WELSPLSOL,EQ,60.57,61.89,56.87,58.03,58.3,60.43,1638188,97030782.15,10750
2026-06-19,INE274C01019,WENDT,EQ,7945.0,8149.0,7781.0,7909.0,7925.0,7875.0,12124,96431733.0,2658
2026-06-19,INE976A01021,WSTCSTPAPR,EQ,521.8,523.7,508.55,513.35,514.9,520.85,92248,47671721.65,3670
2026-06-19,INE0CJF01024,WCIL,EQ,105.0,105.0,101.51,102.45,104.0,104.61,57275,5915881.37,954
2026-06-19,INE274F01020,WESTLIFE,EQ,465.8,472.9,458.25,467.1,467.0,464.25,30420,14173353.0,3049
2026-06-19,INE085001019,WEWORK,EQ,631.65,641.6,625.0,630.55,629.2,634.25,99069,62478385.75,6825
2026-06-19,INE715A01015,WHEELS,EQ,1530.0,1567.6,1456.7,1553.4,1549.9,1527.2,89140,137495592.8,6009
2026-06-19,INE716A01013,WHIRLPOOL,EQ,807.5,807.5,790.2,794.95,797.0,807.5,141683,112895919.2,7573
2026-06-19,INE210A01017,WILLAMAGOR,EQ,26.31,27.5,26.31,26.81,26.7,26.85,588,15914.91,21
2026-06-19,INE0H5O01029,WINDLAS,EQ,807.65,830.0,803.05,816.0,816.0,807.65,44783,36637204.15,2653
2026-06-19,INE052A01021,WINDMACHIN,EQ,325.2,332.15,322.6,325.05,326.0,325.05,65523,21369562.7,1638
2026-06-19,INE0S3D01016,WINSOL,SM,125.0,125.1,123.0,125.0,125.0,127.0,2400,298460.0,6
2026-06-19,INE784B01035,WINSOME,BZ,2.52,2.52,2.45,2.45,2.45,2.5,40150,98371.0,9
2026-06-19,INE075A01022,WIPRO,EQ,176.76,181.48,174.89,180.8,180.5,182.84,37469436,6671799706.57,194008
2026-06-19,INE623Y01011,WTICAB,SM,126.05,134.95,126.05,131.5,132.45,124.85,104500,13759825.0,168
2026-06-19,INE049B01025,WOCKPHARMA,EQ,1990.1,2024.0,1980.1,2011.1,2013.0,1989.2,797012,1595533410.6,37132
2026-06-19,INE0OO201011,WOL3D,ST,123.95,126.05,123.95,126.05,126.05,120.05,13000,1627200.0,11
2026-06-19,INE0Q9601016,WOMANCART,SM,107.25,109.95,105.0,108.55,109.85,108.35,13600,1464180.0,33
2026-06-19,INE02WG01024,WEL,EQ,93.67,94.66,92.9,94.37,94.09,93.67,80845,7579727.06,795
2026-06-19,INE066O01014,WONDERLA,EQ,484.55,485.0,475.05,480.7,480.05,482.05,49094,23517464.05,2339
2026-06-19,INE196Y01018,WORTHPERI,EQ,131.77,131.77,129.1,129.1,129.1,131.43,4696,609193.18,24
2026-06-19,INE692G01013,XCHANGING,EQ,64.0,64.75,62.86,63.2,63.8,64.21,110681,7032786.19,1653
2026-06-19,INE01P501012,XELPMOC,EQ,84.1,87.72,84.0,85.95,86.55,84.6,18191,1568384.15,443
2026-06-19,INE445C01015,XPROINDIA,EQ,1300.2,1392.0,1288.2,1344.8,1360.0,1303.7,186021,252661893.8,15304
2026-06-19,INE547B01028,XTGLOBAL,EQ,29.0,29.0,27.25,27.69,27.5,28.77,51769,1464895.65,639
2026-06-19,INE0U0J01015,YAAP,ST,178.75,182.0,177.85,182.0,182.0,182.95,5000,899200.0,5
2026-06-19,INE0TO601017,YASHOPTICS,SM,120.15,120.25,120.0,120.0,120.0,123.9,5600,672800.0,7
2026-06-19,INE616Z01012,YASHO,EQ,2892.4,2892.4,2766.2,2878.6,2860.0,2892.4,31165,88117956.6,5552
2026-06-19,INE0JO301016,YATHARTH,EQ,845.15,850.0,834.95,839.75,844.0,845.15,291652,246269967.55,10836
2026-06-19,INE0JR601024,YATRA,EQ,111.5,117.8,110.02,112.96,112.9,111.13,5838604,667809482.91,35718
2026-06-19,INE528G01035,YESBANK,EQ,25.43,25.6,25.25,25.41,25.42,25.48,132491220,3370437420.33,97401
2026-06-19,INE384C01016,YUKEN,EQ,703.7,708.5,687.0,692.45,691.4,701.9,4006,2789700.9,244
2026-06-19,INE116C01012,ZFSTEERING,EQ,689.0,703.35,689.0,699.65,700.85,689.75,2863,1998894.15,198
2026-06-19,INE0ISZ01012,ZTECH,SM,597.0,605.0,585.35,603.2,598.0,597.0,14400,8566725.0,45
2026-06-19,INE07K301024,ZAGGLE,EQ,209.0,216.5,204.13,213.17,213.5,210.39,829077,175875555.9,10305
2026-06-19,INE0PPS01018,ZEAL,SM,66.0,66.0,66.0,66.0,66.0,67.1,600,39600.0,1
2026-06-19,INE256A01028,ZEEL,EQ,112.0,117.79,110.66,113.36,113.59,111.78,75042015,8642353972.57,206739
2026-06-19,INE565L01011,ZEELEARN,BE,8.82,8.82,8.82,8.82,8.82,8.4,919980,8114223.6,418
2026-06-19,INE966H01019,ZEEMEDIA,EQ,8.49,8.88,8.4,8.54,8.54,8.49,1814808,15722058.3,2732
2026-06-19,INE251B01027,ZENTEC,EQ,1932.0,2013.5,1926.0,1997.0,1993.0,1929.4,1662568,3302632147.8,81694
2026-06-19,INE0QWN01013,ZENITHDRUG,SM,42.0,42.5,40.2,42.05,42.5,42.15,10400,428240.0,13
2026-06-19,INE058B01018,ZENITHEXPO,EQ,213.0,220.16,213.0,216.5,216.5,213.25,365,79095.97,16
2026-06-19,INE318D01020,ZENITHSTL,EQ,6.01,6.08,5.52,5.87,5.89,5.99,127560,739694.74,274
2026-06-19,INE520A01027,ZENSARTECH,EQ,457.95,457.95,444.65,447.95,448.0,462.75,1084325,486259210.4,20405
2026-06-19,INF0R8F01042,GOLDCASE,EQ,22.88,22.91,22.51,22.77,22.77,23.23,18275026,414504087.0,19373
2026-06-19,INF0R8F01034,LIQUIDCASE,EQ,114.62,114.64,114.62,114.63,114.63,114.59,17450433,2000353621.58,14993
2026-06-19,INF0R8F01133,LTGILTCASE,EQ,30.05,30.3,30.05,30.1,30.14,30.14,70613,2131197.46,290
2026-06-19,INF0R8F01059,MID150CASE,EQ,11.37,11.54,11.37,11.51,11.54,11.47,958594,10993918.31,3305
2026-06-19,INF0R8F01166,NIFTYCASE,EQ,9.88,9.88,9.55,9.59,9.61,9.64,1012414,9691195.57,1580
2026-06-19,INF0R8F01091,SILVERCASE,EQ,23.95,23.95,22.93,23.51,23.53,24.45,27227325,633323298.84,24800
2026-06-19,INF0R8F01141,SML100CASE,EQ,10.67,10.7,10.46,10.64,10.7,10.6,952912,10118965.6,1395
2026-06-19,INF0R8F01067,TOP100CASE,EQ,10.27,10.54,10.27,10.48,10.49,10.54,1074366,11240134.57,1211
2026-06-19,INE342J01019,ZFCVINDIA,EQ,15585.0,16002.0,15581.0,15795.0,15800.0,15581.0,22859,361963251.0,7770
2026-06-19,INE518E01015,ZIMLAB,BE,113.96,119.66,109.0,119.43,119.66,113.97,309307,36451015.88,913
2026-06-19,INE206B01013,ZODIACLOTH,EQ,84.37,84.37,79.2,80.63,80.05,83.1,17128,1382868.01,410
2026-06-19,INE761Y01019,ZODIAC,BE,284.85,284.85,277.0,280.7,281.25,286.9,4588,1285038.2,198
2026-06-19,INE358U01012,ZOTA,EQ,1284.9,1364.0,1279.0,1307.6,1292.0,1274.4,166132,219306070.6,9904
2026-06-19,INE840M01016,ZUARI,EQ,233.2,251.62,233.2,238.46,238.4,234.98,794592,194240061.41,14926
2026-06-19,INE217A01012,ZUARIIND,EQ,266.7,275.9,264.25,267.35,267.0,268.0,48857,13199177.55,1865
2026-06-19,INE010B01027,ZYDUSLIFE,EQ,1074.4,1083.0,1065.0,1070.8,1072.2,1074.4,887232,951244913.3,20534
2026-06-19,INE768C01028,ZYDUSWELL,EQ,508.3,515.0,503.3,512.35,515.0,504.65,189453,96570574.0,9285
