trade_date,isin,symbol,series,open,high,low,close,last_price,prev_close,volume,turnover,trades
2026-02-25,IN0020200104,SGBJUN28,GB,15719.87,15999.3,15719.0,15755.26,15750.0,15719.87,221,3484399.94,40
2026-02-25,IN0020200286,SGBN28VIII,GB,15730.0,15791.0,15711.0,15745.5,15780.0,15717.77,154,2424088.16,48
2026-02-25,IN0020210053,SGBMAY29I,GB,15750.0,16099.99,15713.01,15963.58,15949.0,15892.78,611,9665116.94,132
2026-02-25,IN0020210061,SGBJUN29II,GB,15800.0,15800.0,15501.0,15742.11,15730.0,15756.8,1848,28949028.78,209
2026-02-25,IN0020210087,SGBJU29III,GB,15750.0,15800.0,15714.01,15779.0,15779.0,15727.87,265,4177103.56,48
2026-02-25,IN0020210145,SGBSEP29VI,GB,15800.0,15852.56,15726.0,15774.96,15790.0,15804.75,391,6166649.94,85
2026-02-25,IN0020210178,SGBNV29VII,GB,15809.0,15859.0,15730.0,15743.44,15732.01,15810.7,90,1420821.01,33
2026-02-25,IN0020180033,SGBMAY26,GB,15652.01,15746.71,15652.01,15710.81,15721.0,15647.0,20,314240.5,9
2026-02-25,IN0020180249,SGBOCT26,GB,15799.0,15799.0,15719.01,15727.0,15727.0,15750.0,19,299524.01,6
2026-02-25,IN0020180314,SGBNOV26,GB,15671.0,15749.0,15671.0,15749.0,15749.0,15657.82,7,109780.03,5
2026-02-25,IN0020180389,SGBDEC26,GB,15700.0,16915.0,15700.0,16456.35,16915.0,15380.09,39,620614.55,11
2026-02-25,IN0020190073,SGBJUN27,GB,15700.0,15795.0,15700.0,15795.0,15795.0,15501.06,27,424103.03,12
2026-02-25,IN0020190081,SGBJUL27,GB,15699.99,15699.99,15653.0,15670.0,15670.0,15667.0,16,250890.99,5
2026-02-25,IN0020190107,SGBAUG27,GB,15675.0,15774.0,15621.01,15709.99,15706.0,15679.88,278,4358936.06,76
2026-02-25,IN0020190115,SGBSEP27,GB,15785.0,15785.0,15699.0,15723.5,15748.0,15694.49,13,204620.0,8
2026-02-25,IN0020180462,SGBJAN27,GB,15523.66,15700.0,15523.66,15700.0,15700.0,15799.0,21,329523.66,5
2026-02-25,IN0020190370,SGBOCT27,GB,15982.99,15998.0,15664.31,15850.66,15851.0,15982.99,25,396076.59,11
2026-02-25,IN0020180561,SGBFEB27,GB,15847.0,15847.0,15847.0,15847.0,15847.0,15274.05,2,31694.0,1
2026-02-25,IN0020190388,SGBOCT27VI,GB,15696.28,15700.0,15690.0,15697.14,15700.0,15696.28,13,204064.28,6
2026-02-25,IN0020190461,SGBDC27VII,GB,15633.0,15682.0,15633.0,15680.0,15680.0,15651.0,30,470275.02,13
2026-02-25,IN0020200062,SGBAPR28I,GB,15740.0,15790.96,15711.01,15732.05,15733.0,15741.66,139,2190136.12,40
2026-02-25,IN0020200088,SGBMAY28,GB,15712.5,15858.98,15712.5,15776.28,15772.99,15712.5,158,2494136.58,44
2026-02-25,IN0020200146,SGBJUL28IV,GB,15800.0,15840.0,15601.0,15797.57,15800.0,15772.82,544,8563784.08,98
2026-02-25,IN0020190545,SGBFEB28IX,GB,15567.27,15766.68,15567.24,15686.79,15716.0,15699.9,44,690154.34,19
2026-02-25,IN0020200161,SGBAUG28V,GB,15800.0,15827.0,15703.0,15749.93,15750.0,15740.22,1465,23086340.74,194
2026-02-25,IN0020200195,SGBSEP28VI,GB,15720.0,15800.0,15711.0,15737.41,15740.0,15715.47,854,13451971.73,132
2026-02-25,IN0020200203,SGBOC28VII,GB,15701.5,15800.0,15656.0,15730.31,15740.0,15701.5,501,7891000.52,84
2026-02-25,IN0020190537,SGBJ28VIII,GB,15924.0,15924.0,15617.0,15617.0,15617.0,15600.0,3,47465.0,2
2026-02-25,IN0020190552,SGBMAR28X,GB,15730.0,15849.0,15690.0,15752.7,15731.67,15690.0,31,488013.35,6
2026-02-25,IN0020210111,SGBJUL29IV,GB,15700.0,15780.0,15683.0,15719.72,15712.0,15778.73,415,6520316.81,54
2026-02-25,IN0020200377,SGBJAN29IX,GB,15774.0,15774.0,15700.0,15731.0,15709.0,15756.83,232,3651379.54,48
2026-02-25,IN0020210129,SGBAUG29V,GB,15799.0,15909.0,15735.0,15819.32,15741.01,15932.99,123,1944796.01,53
2026-02-25,IN0020210228,SGBD29VIII,GB,15728.77,15890.0,15728.77,15825.0,15825.0,15728.77,142,2242378.9,33
2026-02-25,IN0020200385,SGBJAN29X,GB,15700.0,15890.0,15700.0,15718.15,15735.0,15675.13,231,3637185.8,51
2026-02-25,IN0020200393,SGBFEB29XI,GB,15785.0,15785.0,15700.5,15782.15,15785.0,15725.0,45,709377.0,16
2026-02-25,IN0020200427,SGBMR29XII,GB,15700.0,15800.0,15680.0,15778.95,15790.0,15789.11,736,11565431.61,204
2026-02-25,IN0020220045,SGBJUN30,GB,16098.0,16098.0,15781.0,15909.93,15925.51,15931.65,183,2912445.54,47
2026-02-25,IN0020220078,SGBAUG30,GB,16199.0,16199.0,15850.0,15984.35,15990.0,15945.57,166,2644410.51,52
2026-02-25,IN0020220110,SGBDE30III,GB,16105.92,16105.92,15950.0,15992.11,16000.0,16105.92,374,5987429.4,72
2026-02-25,IN0020210236,SGBJAN30IX,GB,15890.0,15902.64,15787.0,15840.62,15840.0,15889.93,89,1410018.16,38
2026-02-25,IN0020210319,SGBMAR30X,GB,15872.5,15928.84,15810.0,15891.0,15891.0,15874.5,35,555477.93,14
2026-02-25,IN0020230069,SGBJUN31I,GB,16020.0,16083.99,16001.0,16018.35,16059.99,16051.88,294,4715850.55,101
2026-02-25,IN0020230093,SGBSEP31II,GB,16061.18,16100.0,15922.02,16089.16,16098.99,16061.06,1086,17439598.14,289
2026-02-25,IN0020230168,SGBDE31III,GB,16265.0,16299.99,16240.0,16277.01,16281.0,16275.08,837,13621763.04,205
2026-02-25,IN0020220169,SGBMAR31IV,GB,15932.0,16048.9,15912.01,15994.33,15990.0,16004.06,464,7411666.01,99
2026-02-25,IN0020230184,SGBFEB32IV,GB,16720.0,17000.0,16416.0,16749.8,16750.0,16851.55,1579,26421574.18,387
2026-02-25,INE144J01027,20MICRONS,EQ,175.7,177.8,174.01,174.92,177.0,175.7,45707,8025966.65,1152
2026-02-25,INE253B01015,21STCENMGM,EQ,36.67,37.39,36.1,36.27,36.17,36.67,4986,183619.07,37
2026-02-25,INE466L01038,360ONE,EQ,1120.0,1137.3,1104.5,1131.8,1137.3,1113.4,682336,768019058.8,24917
2026-02-25,INF579M01BB5,GOLD360,EQ,154.65,155.7,154.35,154.7,154.45,154.35,45817,7102883.5,709
2026-02-25,INF579M01BC3,SILVER360,EQ,259.89,261.98,258.88,260.06,259.5,257.64,79807,20773100.34,2676
2026-02-25,INE748C01038,3IINFOLTD,EQ,14.2,14.37,13.93,13.97,13.94,14.1,638302,8960203.68,1235
2026-02-25,INE470A01017,3MINDIA,EQ,36000.0,36695.0,35740.0,36440.0,36675.0,35875.0,3213,116402585.0,2112
2026-02-25,INE105C01023,3PLAND,EQ,34.0,34.3,33.7,34.19,34.14,33.77,1156,39133.22,43
2026-02-25,INE618L01018,5PAISA,EQ,328.45,334.2,322.25,325.15,325.0,328.25,42743,14001789.7,1216
2026-02-25,INE111B01023,63MOONS,EQ,597.9,614.15,591.65,605.25,601.0,600.95,236663,143118416.7,10542
2026-02-25,INE053F07579,734IRFC28,N4,1076.0,1076.0,1060.6,1060.6,1060.6,1064.0,7,7439.6,2
2026-02-25,INE020B07JU4,743REC35,NH,1162.5,1166.0,1162.5,1166.0,1166.0,1165.0,66,76798.5,2
2026-02-25,INE031A07865,751HUDCO28,N5,1039.01,1039.03,1039.01,1039.03,1039.03,1037.11,35,36365.85,2
2026-02-25,INE134E07588,760PFCL35,N3,1192.05,1192.05,1192.05,1192.05,1192.05,1192.0,5,5960.25,1
2026-02-25,INE261F07032,764NABAR31,N2,1154.5,1154.5,1154.0,1154.0,1154.0,1154.5,1755,2025272.5,5
2026-02-25,INE031A07AO5,764HUDCO31,N8,1101.0,1101.0,1092.0,1092.26,1095.0,1103.0,282,308019.0,5
2026-02-25,INE031A07AT4,769HUDCO31,N9,1100.7,1105.0,1100.61,1105.0,1105.0,1099.0,106,116673.98,5
2026-02-25,INE202E07229,774IREDA31,N7,1095.57,1095.57,1095.11,1095.41,1095.11,1092.89,575,629862.65,3
2026-02-25,INE031A07840,82HUDCO27,N2,1022.0,1022.2,1021.3,1021.82,1022.0,1024.19,11724,11978839.1,33
2026-02-25,INE134E07208,830PFCL27,N5,1059.99,1059.99,1051.76,1052.04,1052.01,1051.03,854,898664.69,8
2026-02-25,INE906B07DF8,875NHAI29,N6,1179.0,1182.0,1174.0,1176.0,1176.0,1179.0,909,1071296.29,21
2026-02-25,INE031A07949,876HUDCO28,ND,1106.1,1106.1,1102.11,1102.11,1102.11,1108.0,500,551904.3,7
2026-02-25,INE787H07370,891IIFCL34,N4,1224.99,1224.99,1223.99,1224.0,1224.0,1225.0,349,427193.84,19
2026-02-25,INE733E07JJ9,891NTPC33,N6,1230.0,1249.9,1230.0,1230.0,1230.0,1230.0,68,83938.5,4
2026-02-25,INE848E07567,892NHPC33,N6,1303.0,1303.0,1303.0,1303.0,1303.0,1302.0,119,155057.0,2
2026-02-25,INE134E07463,892PFCL33,N8,1236.0,1237.0,1236.0,1237.0,1237.0,1235.0,59,72973.0,2
2026-02-25,INE774D08MA6,9MMFSML,N2,1059.1,1061.6,1059.1,1059.1,1059.1,1063.3,45,47722.0,5
2026-02-25,INE031A07AB2,901HUDCO34,NE,1242.0,1245.0,1240.0,1245.0,1245.0,1241.6,946,1176315.87,34
2026-02-25,INE08PH01015,ABCOTS,EQ,423.65,423.7,413.5,416.1,417.65,413.75,19317,8071623.6,513
2026-02-25,INE00YB01025,ABINFRA,EQ,21.0,21.0,18.27,18.31,18.27,20.3,6884514,128913254.38,5959
2026-02-25,INE0O6N01012,AGUL,SM,80.75,80.75,80.75,80.75,80.75,84.95,2000,161500.0,1
2026-02-25,INE619I01012,A2ZINFRA,EQ,17.51,17.51,16.53,17.51,17.51,15.92,1933667,33766718.89,1779
2026-02-25,INE0D0U01013,AAATECH,EQ,102.3,105.3,101.5,102.63,101.5,102.66,18367,1897492.53,407
2026-02-25,INE883F01010,AADHARHFC,EQ,452.0,459.3,434.2,457.25,455.0,452.35,2158969,974851482.7,38322
2026-02-25,INE1GYP01013,AAKAAR,SM,66.6,66.6,60.05,63.5,63.5,66.5,22400,1431840.0,13
2026-02-25,INE087Z01024,AAKASH,EQ,8.57,8.79,8.4,8.61,8.52,8.6,149617,1287775.6,579
2026-02-25,INE124401014,AARADHYA,SM,108.0,108.0,107.5,107.5,107.5,108.0,2400,258600.0,2
2026-02-25,INE198H01019,AAREYDRUGS,EQ,74.0,76.95,70.1,71.75,73.0,75.54,136352,10028240.53,1594
2026-02-25,INE750R01016,AARNAV,EQ,28.11,29.0,25.28,27.93,28.75,28.11,78610,2216979.21,526
2026-02-25,INE721Z01010,AARON,EQ,164.89,164.89,160.6,161.08,161.39,161.05,2691,435756.52,245
2026-02-25,INE01C001026,AARTECH,EQ,44.44,44.84,43.33,43.76,43.93,43.11,13881,608944.05,278
2026-02-25,INE767A01016,AARTIDRUGS,EQ,369.85,372.45,367.0,369.7,370.5,369.5,60673,22424814.0,2737
2026-02-25,INE769A01020,AARTIIND,EQ,451.0,458.35,448.1,456.35,455.5,449.8,470877,213650139.0,16237
2026-02-25,INE0LRU01027,AARTIPHARM,EQ,689.0,711.45,689.0,708.3,708.95,690.9,171833,121086406.95,10317
2026-02-25,INE09EO01013,AARTISURF,EQ,400.0,409.95,400.0,405.95,409.0,401.1,4593,1854146.4,406
2026-02-25,INE754X01016,AARVI,EQ,125.49,129.16,125.29,127.1,127.0,124.59,7008,887926.55,344
2026-02-25,INE216P01012,AAVAS,EQ,1269.2,1294.9,1247.0,1285.9,1282.9,1269.2,232503,295533745.8,32097
2026-02-25,INE421A01028,ABAN,BE,20.26,20.26,19.75,19.84,19.78,19.94,56778,1132863.33,331
2026-02-25,INE00ZE01026,AFSL,EQ,201.31,207.7,201.05,201.1,201.05,201.21,20220,4108176.68,676
2026-02-25,INE117A01022,ABB,EQ,6101.0,6180.0,6046.5,6167.5,6158.0,6056.0,363747,2234186114.0,37983
2026-02-25,INE358A01014,ABBOTINDIA,EQ,26485.0,26500.0,26100.0,26410.0,26415.0,26365.0,5546,145901060.0,3381
2026-02-25,INE0UYG01015,ABHAPOWER,SM,31.0,31.0,30.6,30.6,30.6,32.0,3200,98560.0,2
2026-02-25,INE251C01025,ABMINTLLTD,BE,42.83,43.7,42.0,42.0,42.0,42.83,376,16100.13,9
2026-02-25,INE0QRV01016,ABSMARINE,SM,161.8,163.0,158.8,161.15,160.0,161.8,37000,5938625.0,67
2026-02-25,INE012A01025,ACC,EQ,1620.2,1631.6,1618.0,1623.9,1625.3,1619.1,99578,161746883.8,8794
2026-02-25,INE793A01012,ACCELYA,EQ,1170.3,1198.0,1170.3,1191.0,1198.0,1164.8,16162,19161700.1,1417
2026-02-25,INE0Q5D01013,ACCENTMIC,SM,330.0,331.0,325.55,327.5,327.5,326.45,8000,2626250.0,16
2026-02-25,INE0T8T01010,ACCPL,ST,67.5,68.0,67.5,67.8,67.8,68.45,3600,243960.0,3
2026-02-25,INE648Z01023,ACCURACY,EQ,4.94,5.0,4.84,4.9,4.91,4.81,63777,314955.23,379
2026-02-25,INE543V01017,ACEINTEG,EQ,18.98,18.98,18.05,18.22,18.54,18.83,3607,65650.28,61
2026-02-25,INE622W01025,ACMESOLAR,EQ,231.89,234.5,226.08,233.92,234.0,231.6,618522,143994659.79,9016
2026-02-25,INE731H01025,ACE,EQ,868.0,876.65,866.1,871.2,871.0,865.55,78846,68632887.5,5761
2026-02-25,INE00FF01025,ACUTAAS,EQ,2178.2,2178.2,2128.9,2165.9,2167.0,2152.3,179632,387166377.4,19389
2026-02-25,INE931S01010,ADANIENSOL,EQ,1041.0,1051.8,1007.55,1013.0,1021.7,1037.1,1394329,1425704377.45,38151
2026-02-25,INE423A01024,ADANIENT,EQ,2193.2,2237.3,2180.1,2231.7,2225.0,2183.0,1474187,3257967789.7,63011
2026-02-25,INE364U01010,ADANIGREEN,EQ,984.95,988.6,960.0,964.15,963.0,981.35,1345367,1305065084.05,26908
2026-02-25,INE742F01042,ADANIPORTS,EQ,1567.0,1584.0,1518.5,1528.7,1529.0,1555.4,2153982,3329550144.5,74386
2026-02-25,INE814H01029,ADANIPOWER,EQ,144.7,145.6,139.81,140.54,140.5,144.31,17864508,2540592979.61,87070
2026-02-25,INE399L01023,ATGL,EQ,523.65,523.65,513.05,515.15,515.35,518.15,276399,143065289.9,11518
2026-02-25,INE0RDH01021,ADDICTIVE,SM,98.0,101.0,98.0,99.6,99.6,98.85,10000,1000200.0,13
2026-02-25,INE982B01027,ADFFOODS,EQ,212.57,212.96,203.2,204.54,204.75,211.7,120943,25038104.83,4073
2026-02-25,INE404A01024,ABSLAMC,EQ,927.15,933.95,905.4,911.5,910.1,927.15,255263,234610603.7,12312
2026-02-25,INE674K01013,ABCAPITAL,EQ,351.5,360.0,350.2,353.1,352.9,349.3,16813613,5970733940.2,53791
2026-02-25,INE647O01011,ABFRL,EQ,68.33,69.8,68.33,68.91,68.68,68.8,1019290,70303683.71,8996
2026-02-25,INE14LE01019,ABLBL,EQ,104.51,105.8,103.71,104.42,104.95,104.44,1537561,161247041.49,8738
2026-02-25,INE865C01022,BIRLAMONEY,EQ,135.21,137.69,131.51,132.73,131.52,134.95,25621,3443716.57,866
2026-02-25,INE055A01016,ABREL,EQ,1267.8,1287.8,1254.0,1262.4,1263.0,1267.8,64750,82133243.7,6626
2026-02-25,INE819V01029,CPPLUS,EQ,1509.9,1621.9,1500.0,1575.7,1578.0,1474.5,1429956,2245658141.1,68824
2026-02-25,INE679V01027,AVL,EQ,482.0,488.7,476.05,480.9,480.0,481.2,150386,72334858.05,9730
2026-02-25,INF209KB18D3,BSLGOLDETF,EQ,140.77,140.77,139.11,139.96,139.7,139.22,349311,48824002.77,2119
2026-02-25,INF209KB19D1,BSLNIFTY,EQ,28.9,29.99,28.9,29.72,29.73,29.65,158059,4703527.03,4278
2026-02-25,INE045A01017,ADOR,EQ,1060.0,1079.7,1047.0,1058.7,1052.1,1065.8,8135,8655581.6,1594
2026-02-25,INE737B01033,ADROITINFO,EQ,9.66,9.89,9.4,9.78,9.8,9.47,37979,366583.64,230
2026-02-25,INE0ALI01010,ADVAIT,EQ,1715.0,1753.7,1670.0,1678.5,1682.0,1717.6,18517,31584307.1,2752
2026-02-25,INE1B0W01010,ADVANCE,EQ,125.15,129.43,125.15,128.31,128.34,125.15,122654,15584950.61,1569
2026-02-25,INE837H01020,ADVENZYMES,EQ,308.5,312.45,302.2,304.25,309.0,308.6,101585,31144157.85,2766
2026-02-25,INE199C01026,ADVANIHOTR,EQ,54.8,56.49,54.7,54.83,54.7,54.8,18057,998106.77,480
2026-02-25,INE28GN01010,ADVENTHTL,EQ,198.0,202.78,196.4,197.65,197.0,198.09,96136,19145499.09,1486
2026-02-25,INE208C01025,AEGISLOG,EQ,710.0,734.5,704.6,727.45,724.05,699.5,1092061,787885820.0,32116
2026-02-25,INE0INX01018,AEGISVOPAK,EQ,225.0,240.01,224.52,235.69,236.0,227.8,1438355,337510200.11,26572
2026-02-25,INE423A07401,AEL17725,,1043.0,1043.0,1043.0,1043.0,1043.0,1044.0,8,8344.0,1
2026-02-25,INE423A07542,AEL1212026,NO,1000.0,1000.0,1000.0,1000.0,1000.0,1005.0,61,61000.0,2
2026-02-25,INE423A07492,848AEL29,NJ,1003.5,1003.5,1003.05,1003.05,1003.05,1003.0,4,4012.65,2
2026-02-25,INE423A07484,860AEL28,NH,1015.0,1015.0,1015.0,1015.0,1015.0,1012.01,6,6090.0,1
2026-02-25,INE423A07518,862AEL31,NM,1010.0,1010.0,1007.25,1007.25,1007.25,1008.5,72,72549.5,3
2026-02-25,INE423A07534,875AEL29,NK,1020.05,1020.05,1020.05,1020.05,1020.05,1020.05,35,35701.75,3
2026-02-25,INE423A07526,890AEL31,NN,1108.0,1108.0,1009.0,1010.92,1010.92,1008.2,1154,1168034.62,26
2026-02-25,INE423A07450,895AEL27,N9,1048.37,1048.37,1040.11,1040.11,1040.11,1040.11,76,79473.18,3
2026-02-25,INE423A07443,9AEL30,NE,1024.98,1024.99,1024.98,1024.99,1024.99,1024.99,200,204997.03,2
2026-02-25,INE423A07393,930AEL30,NF,1065.0,1065.0,1065.0,1065.0,1065.0,1065.0,16,17040.0,2
2026-02-25,INE947N01017,AEQUS,EQ,144.0,145.19,142.2,143.04,142.73,142.61,445267,63782243.56,14799
2026-02-25,INE065D01027,AEROENTER,EQ,79.0,79.31,77.61,78.42,78.9,77.98,289069,22656439.22,1307
2026-02-25,INE024001021,AEROFLEX,EQ,220.5,234.99,219.96,227.38,227.04,218.62,5908243,1353955769.5,56645
2026-02-25,INE035801013,AERONEU,EQ,69.5,70.77,67.15,68.26,68.99,69.05,29902,2085369.13,412
2026-02-25,INE0WL801011,AERON,SM,96.8,96.95,94.0,94.25,94.25,97.0,5000,476200.0,5
2026-02-25,INE0TSF01011,AESTHETIK,SM,79.0,82.0,79.0,79.25,79.0,81.0,25000,2006600.0,21
2026-02-25,INE0BWX01014,AETHER,EQ,979.0,979.0,960.5,970.9,965.1,965.0,63947,62032671.8,5512
2026-02-25,INE101I01011,AFCONS,EQ,306.0,310.0,294.5,307.75,307.1,308.0,1103904,332814875.45,53815
2026-02-25,INE00WC01027,AFFLE,EQ,1404.5,1416.5,1349.0,1373.6,1375.0,1398.5,495748,681247633.8,41897
2026-02-25,INE692Z01013,AFFORDABLE,EQ,195.3,199.52,190.45,191.58,191.9,195.0,26890,5200554.78,770
2026-02-25,INE916Y07040,12AFIL27A,N0,9790.0,9790.0,9790.0,9790.0,9790.0,9800.0,8,78320.0,2
2026-02-25,INE916Y07057,12AFIL28,N0,9940.0,9950.0,9700.0,9700.0,9700.0,9600.0,11,108700.0,4
2026-02-25,INE0MLA01012,AGARWALFT,SM,28.0,28.0,28.0,28.0,28.0,28.0,3000,84000.0,2
2026-02-25,INE204E01012,AGARIND,EQ,563.0,567.15,550.0,550.95,554.9,557.65,18247,10197647.7,1462
2026-02-25,INE0P8X01016,AGARWALTUF,SM,97.0,100.3,97.0,100.1,100.1,96.0,60000,5925300.0,29
2026-02-25,INE415A01038,AGI,EQ,553.0,573.95,545.15,555.85,557.0,549.95,379232,210778823.4,17289
2026-02-25,INE976R01033,AGIIL,EQ,296.25,311.0,292.0,307.35,308.85,294.2,2936941,891598938.45,31698
2026-02-25,INE0LF301013,AGNI,SM,18.6,18.9,18.55,18.55,18.55,19.0,7500,140125.0,3
2026-02-25,INE449G01018,AGRITECH,BE,124.36,128.29,124.05,125.16,125.17,124.36,972,121447.0,25
2026-02-25,INE740V01019,AGROPHOS,EQ,33.34,34.89,32.0,33.24,33.4,33.34,25290,834367.92,302
2026-02-25,INE583L01014,AGSTRA,BZ,3.69,3.7,3.53,3.58,3.59,3.6,126164,454681.77,330
2026-02-25,INE00PV01013,AHLADA,EQ,46.6,47.38,45.15,45.7,45.5,46.6,20407,935988.43,253
2026-02-25,INE758C01029,AHLUCONT,EQ,805.75,807.1,743.15,753.75,751.0,809.0,296329,226252531.4,23549
2026-02-25,INE212H01026,AIAENG,EQ,3860.0,3932.5,3813.8,3912.1,3880.3,3859.6,43568,169283924.7,8399
2026-02-25,INE0RUV01018,AIMTRON,SM,800.0,807.95,785.35,790.2,790.0,798.5,13600,10785200.0,61
2026-02-25,INE805A01014,GOLDTECH,EQ,40.93,41.29,39.01,39.33,39.87,40.76,68354,2750114.8,864
2026-02-25,INE645W01026,AIRAN,EQ,16.55,17.31,16.55,16.75,16.84,16.62,70851,1199824.16,493
2026-02-25,INE801L01010,AIROLAM,EQ,91.8,94.89,91.75,92.9,92.3,92.75,2406,222709.98,93
2026-02-25,INE031B01049,AJANTPHARM,EQ,2988.0,3036.5,2957.2,3021.3,3019.5,2948.8,185709,556594938.3,22846
2026-02-25,INE274Y01021,AJAXENGG,EQ,494.0,498.7,490.0,490.5,490.55,490.4,32163,15799842.05,3704
2026-02-25,INE298G01035,AJMERA,EQ,135.0,136.19,131.2,131.74,131.41,133.55,171618,22897642.54,12495
2026-02-25,INE820Y01021,AJOONI,EQ,4.74,4.79,4.6,4.61,4.63,4.68,239516,1120243.88,490
2026-02-25,INE0PCY01014,AKANKSHA,SM,73.55,73.55,71.0,71.95,71.95,72.45,12000,867650.0,10
2026-02-25,INE737W01013,AKASH,EQ,25.2,27.8,25.2,26.35,26.31,25.8,32980,890827.39,239
2026-02-25,INE00Y801016,AKG,EQ,14.24,14.24,13.8,13.82,13.94,13.96,8042,112272.8,74
2026-02-25,INE642Z01026,AKI,EQ,4.99,5.53,4.99,5.21,5.3,4.98,360494,1899784.98,725
2026-02-25,INE0PMR01017,AKIKO,ST,210.05,218.0,210.0,218.0,218.0,214.0,4000,847240.0,5
2026-02-25,INE916Y01027,AFIL,EQ,7.03,7.4,6.95,7.19,7.2,7.07,3190142,23097277.27,3121
2026-02-25,INE523B01011,AKSHOPTFBR,EQ,5.0,5.01,4.88,4.95,4.97,4.73,159986,793223.65,357
2026-02-25,INE256Z01025,AKSHAR,EQ,0.45,0.46,0.44,0.44,0.45,0.45,2072902,923193.55,676
2026-02-25,INE542B01011,AKSHARCHEM,EQ,217.05,222.69,212.11,214.12,214.0,217.79,2224,479825.77,101
2026-02-25,INE09XN01023,AKUMS,EQ,483.7,489.4,475.0,478.65,479.0,483.7,136595,65882598.9,7556
2026-02-25,INE133A01011,AKZOINDIA,EQ,3121.0,3125.0,3072.4,3091.0,3094.8,3117.8,17046,52706877.2,4441
2026-02-25,INE914E01040,ALANKIT,EQ,9.24,9.4,8.36,8.95,8.91,9.23,289350,2614038.85,1146
2026-02-25,INE155C01010,ALBERTDAVD,EQ,724.4,738.8,712.0,713.55,712.0,710.5,950,686792.7,125
2026-02-25,INE448V01019,ALCODIS,SM,72.0,80.8,70.3,78.95,78.95,72.0,5625,424750.0,7
2026-02-25,INE426A01027,ALEMBICLTD,EQ,92.5,93.74,91.77,92.1,91.8,92.47,125607,11606981.24,1817
2026-02-25,INE901L01018,APLLTD,EQ,752.05,773.45,733.05,739.9,736.9,750.85,143443,107015300.85,9078
2026-02-25,INE598D01035,ALGOQUANT,EQ,59.37,60.68,59.27,59.92,59.65,60.05,1120665,67117960.86,1455
2026-02-25,INE062D01024,ALICON,EQ,796.2,802.9,781.0,787.05,790.0,795.4,5433,4310618.0,792
2026-02-25,INE03Q201024,ALIVUS,EQ,890.65,912.3,886.15,907.55,912.3,883.6,41715,37633372.45,8111
2026-02-25,INE773I01017,ALKALI,EQ,71.77,71.78,67.11,67.85,67.5,69.07,11630,791176.79,160
2026-02-25,INE540L01014,ALKEM,EQ,5508.5,5655.0,5468.0,5625.0,5646.0,5495.5,231439,1283549761.5,22777
2026-02-25,INE150B01039,ALKYLAMINE,EQ,1496.1,1510.0,1482.0,1490.4,1490.9,1496.1,25867,38620136.2,5195
2026-02-25,INE0M2X01012,ALLETEC,SM,159.5,161.0,153.5,156.0,155.45,160.85,76800,12149100.0,133
2026-02-25,INE0GV601021,ALLTIME,EQ,245.35,249.99,243.57,245.12,245.07,245.35,29412,7237473.3,1044
2026-02-25,INE418H01029,ALLCARGO,EQ,8.72,8.73,8.54,8.56,8.6,8.69,3217176,27754739.94,6441
2026-02-25,INE0NN701020,ATL,EQ,25.59,25.85,24.25,24.86,24.9,25.59,232322,5810313.33,2329
2026-02-25,INE835G01018,ALLDIGI,EQ,831.1,836.35,817.55,819.95,821.9,825.8,4504,3713187.6,410
2026-02-25,INE552Z01027,ABDL,EQ,502.0,503.0,484.9,489.95,487.1,495.8,214609,105308863.15,9563
2026-02-25,INE102I01027,ADSL,EQ,120.01,121.38,117.0,117.88,118.8,119.07,126239,15019514.04,2147
2026-02-25,INE326B01035,ALMONDZ,EQ,16.0,16.25,15.7,15.92,15.98,15.99,98106,1567914.06,262
2026-02-25,INE270A01029,ALOKINDS,EQ,14.6,14.74,14.25,14.5,14.4,14.55,3990509,58070869.03,7204
2026-02-25,INE385I01010,ALPA,EQ,66.89,66.95,64.4,64.82,64.5,65.41,20003,1308090.53,274
2026-02-25,INE0R4701017,ALPEXSOLAR,SM,778.05,778.05,742.1,748.45,742.5,780.55,62500,47230845.0,474
2026-02-25,INE137C01018,ALPHAGEO,EQ,202.61,209.4,200.25,202.05,206.79,202.59,3208,655803.63,195
2026-02-25,INE0STM01017,ALUWIND,SM,61.5,62.0,61.5,61.75,62.0,63.0,3000,185250.0,2
2026-02-25,INE121R01077,AMAGI,EQ,384.95,388.2,376.3,386.45,385.0,383.15,321229,123170566.65,16792
2026-02-25,INE084K01015,AMANTA,EQ,103.0,103.0,100.01,100.65,101.3,101.41,26361,2660134.46,708
2026-02-25,INE885A01032,ARE&M,EQ,858.8,862.65,845.1,848.1,849.8,858.8,241359,205554662.5,13065
2026-02-25,INE371P01015,AMBER,EQ,7957.5,8073.5,7957.5,8044.5,8016.0,7929.5,256525,2056643617.5,25261
2026-02-25,INE0M3I01029,AMBEY,SM,26.65,26.65,24.8,24.8,24.8,27.25,56000,1418600.0,24
2026-02-25,INE792B01012,AMBICAAGAR,EQ,25.11,26.3,25.11,25.22,25.22,25.19,9431,240791.4,118
2026-02-25,INE540G01014,AMBIKCO,EQ,1365.6,1386.0,1356.1,1373.3,1375.0,1367.8,3519,4833826.3,508
2026-02-25,INE079A01024,AMBUJACEM,EQ,514.75,518.5,507.4,511.1,511.45,514.5,1574610,808097152.6,25279
2026-02-25,INE005I01014,AMDIND,EQ,43.0,44.22,41.78,42.34,42.95,42.37,28641,1228176.83,270
2026-02-25,INE0KT901015,AMEYA,SM,94.65,94.65,94.65,94.65,94.65,94.65,1000,94650.0,1
2026-02-25,INE275D01022,AMNPLST,EQ,161.12,164.56,160.0,160.4,160.05,161.89,3317,535255.79,118
2026-02-25,INE606A01024,AMJLAND,EQ,40.13,41.34,40.13,40.44,40.6,40.96,13175,535386.47,340
2026-02-25,INE098F01031,AMRUTANJAN,EQ,605.9,610.9,599.2,600.05,601.85,602.9,9350,5626524.05,718
2026-02-25,INE549H01021,ARSSBL,EQ,507.4,514.4,497.9,505.2,505.8,504.2,388406,195999791.7,9945
2026-02-25,INE463V01026,ANANDRATHI,EQ,3064.9,3079.9,3040.3,3055.9,3051.0,3056.5,165189,504782910.8,13838
2026-02-25,INE242C01024,ANANTRAJ,EQ,546.9,548.7,535.0,537.55,538.15,543.9,1341423,726015212.7,26697
2026-02-25,INE1UA823019,ANANTAM,IV,102.99,102.99,102.75,102.99,102.99,102.96,5339,549754.1,50
2026-02-25,INE0VG001016,AMCL,ST,418.95,418.95,418.0,418.0,418.0,415.9,3200,1339840.0,4
2026-02-25,INE666E01020,ACL,EQ,55.01,56.84,54.5,55.39,55.05,55.06,18568,1034082.81,1083
2026-02-25,INE435A01051,ANDHRAPAP,EQ,68.02,68.78,68.0,68.36,68.57,67.56,107120,7316094.95,1368
2026-02-25,INE715B01021,ANDHRSUGAR,EQ,71.81,72.89,71.6,72.32,72.59,71.84,50059,3619142.17,694
2026-02-25,INE732I01013,ANGELONE,EQ,2474.0,2504.0,2415.0,2489.9,2493.9,2460.2,947656,2332400654.5,49624
2026-02-25,INE087B01017,ANIKINDS,EQ,45.96,47.55,45.96,46.57,47.55,45.74,887,41737.66,22
2026-02-25,INE071F01012,APCL,EQ,128.0,134.9,128.0,128.4,128.0,126.47,13507,1757059.38,705
2026-02-25,INE106I01010,ANKITMETAL,BZ,1.76,1.76,1.63,1.66,1.66,1.69,17071,28478.05,36
2026-02-25,INE0Y8W01017,AHCL,EQ,115.4,116.55,107.6,108.35,108.15,116.66,200292,22293826.81,2094
2026-02-25,INE0LR101013,ANLON,SM,378.0,378.0,378.0,378.0,378.0,378.0,800,302400.0,2
2026-02-25,INE02AR01019,ANMOL,EQ,11.75,12.0,11.44,11.66,11.85,11.61,33705,394560.65,317
2026-02-25,INE0MGM01017,ANNAPURNA,SM,173.1,177.0,167.5,175.4,175.0,173.2,39000,6733462.5,112
2026-02-25,INE0VTV01012,ANONDITA,SM,718.0,740.0,718.0,726.1,730.0,717.65,29000,21153400.0,23
2026-02-25,INE436A01026,ANSALAPI,BZ,3.86,3.86,3.8,3.86,3.86,3.79,102201,393972.72,93
2026-02-25,INE414B01021,ANTGRAPHIC,EQ,0.84,0.96,0.83,0.86,0.86,0.83,587131,515611.0,422
2026-02-25,INE818A01017,ANTELOPUS,EQ,573.85,585.9,537.3,540.95,542.95,573.85,261876,145305833.2,10927
2026-02-25,INE0CZ201020,ANTHEM,EQ,699.0,713.65,695.45,704.1,697.1,697.5,355974,251317313.15,14502
2026-02-25,INE01BK01022,AWHCL,EQ,504.55,519.0,492.75,513.55,514.35,500.35,212209,107561551.95,8263
2026-02-25,INE489G01022,ANUHPHR,EQ,76.8,77.43,75.5,76.0,75.51,75.58,20519,1560810.98,699
2026-02-25,INE930P01018,ANURAS,EQ,1282.2,1282.3,1265.1,1269.5,1269.2,1268.8,199262,253069383.5,3982
2026-02-25,INE0SI601032,ANYA,SM,19.6,19.95,19.05,19.7,19.7,19.5,85000,1655250.0,12
2026-02-25,INF1J2R01114,AONEGOLD,EQ,14.4,14.98,14.4,14.82,14.8,14.77,784498,11624537.55,3466
2026-02-25,INF1J2R01056,AONELIQUID,EQ,1048.36,1048.36,1048.34,1048.34,1048.36,1048.23,5077,5322470.99,90
2026-02-25,INF1J2R01064,AONENIFTY,EQ,10.7,10.71,10.44,10.46,10.48,10.44,268014,2809563.85,1857
2026-02-25,INF1J2R01148,AONETMMQ50,EQ,9.85,9.9,9.79,9.84,9.85,9.77,84158,826992.18,154
2026-02-25,INF1J2R01015,AONETOTAL,EQ,11.79,11.87,11.76,11.79,11.82,11.76,231119,2730942.45,1587
2026-02-25,INE372A01015,APARINDS,EQ,10962.5,11079.5,10349.5,10579.0,10558.0,10825.0,123318,1309069790.0,30132
2026-02-25,INE116A01032,APCOTEXIND,EQ,369.45,372.5,367.3,371.25,369.15,369.45,4976,1841060.6,476
2026-02-25,INE0T4V01015,APEXECO,SM,132.0,133.0,130.0,130.0,130.0,133.75,5600,736800.0,7
2026-02-25,INE346W01013,APEX,EQ,435.1,444.85,416.5,419.95,422.5,431.8,914224,392425519.35,12967
2026-02-25,INE702C01027,APLAPOLLO,EQ,2208.7,2233.4,2186.3,2230.6,2231.0,2195.6,627610,1390077459.2,31889
2026-02-25,INE0TLC07085,930APMD27,N0,100900.0,100964.99,100900.0,100951.99,100964.99,100900.0,5,504759.96,2
2026-02-25,INE0TLC07077,930APMD30,N0,102500.0,102500.0,102500.0,102500.0,102500.0,103000.0,4,410000.0,2
2026-02-25,INE0TLC07051,930APMD31,N0,103270.0,103270.0,103270.0,103270.0,103270.0,103111.11,2,206540.0,1
2026-02-25,INE0TLC07101,930APMD32,N0,104599.0,104699.0,104599.0,104699.0,104699.0,103582.0,4,418596.0,2
2026-02-25,INE0TLC07028,930APMD33,N0,104357.67,104357.67,104000.0,104000.0,104000.0,103400.32,14,1459576.7,2
2026-02-25,INE0TLC07036,930APMD35,N0,103700.0,103700.0,103700.0,103700.0,103700.0,104978.32,1,103700.0,1
2026-02-25,INE437A01024,APOLLOHOSP,EQ,7770.5,7800.0,7714.0,7783.0,7764.0,7720.5,383833,2980783858.0,33810
2026-02-25,INE713T01028,APOLLO,EQ,240.0,242.55,237.55,239.1,239.1,238.6,1442888,345911121.75,17952
2026-02-25,INE126J01016,APOLLOPIPE,EQ,327.4,349.9,325.25,340.3,339.3,327.05,384525,130851143.65,9337
2026-02-25,INE451F01024,APOLSINHOT,EQ,1259.0,1262.7,1227.8,1244.0,1257.7,1241.6,469,584417.9,110
2026-02-25,INE438A01022,APOLLOTYRE,EQ,456.6,465.05,453.95,463.25,463.85,454.75,1262686,582610631.35,38723
2026-02-25,INE0LQG01010,APRAMEYA,SM,225.5,225.5,205.65,208.0,208.0,217.15,19500,4144550.0,33
2026-02-25,INE0M2307404,915APSBC33,N0,102000.0,102000.0,102000.0,102000.0,102000.0,101548.26,2,204000.0,2
2026-02-25,INE0M2307396,915APSBC35,N0,102500.0,102500.0,102500.0,102500.0,102500.0,102805.0,1,102500.0,1
2026-02-25,INE266F01018,APTECHT,EQ,89.11,90.0,87.0,87.46,87.76,88.31,94161,8356307.27,1671
2026-02-25,INE852O01025,APTUS,EQ,238.9,248.45,238.9,247.3,247.05,236.5,2674174,654566036.95,41911
2026-02-25,INE416A01044,AQYLON,EQ,1426.9,1435.9,1329.2,1330.8,1329.2,1399.1,77326,105626079.1,1571
2026-02-25,INE08NJ01024,ARABIAN,SM,64.0,75.7,64.0,70.05,70.05,72.85,22000,1579800.0,11
2026-02-25,INE0YDV01010,ARCIIL,SM,49.75,49.75,49.7,49.7,49.7,49.7,2000,99450.0,2
2026-02-25,INE128X01021,ACI,EQ,579.05,593.05,565.8,590.15,589.1,574.75,121531,70667898.95,5079
2026-02-25,INE0CHO01012,ADL,EQ,75.99,75.99,68.01,70.46,72.96,73.82,747,52854.1,66
2026-02-25,INE877I01016,ARCHIDPLY,EQ,82.87,84.98,81.75,82.09,82.01,82.87,13961,1154581.65,184
2026-02-25,INE731A01020,ARCHIES,EQ,15.31,15.58,15.22,15.34,15.4,15.51,19628,301479.41,111
2026-02-25,INE784R01023,ARFIN,EQ,73.5,73.5,69.1,70.89,70.5,70.84,771105,53913015.32,3067
2026-02-25,INE0L2Y01011,ARHAM,ST,131.15,136.5,128.0,136.4,136.4,131.15,8000,1050350.0,8
2026-02-25,INE298I01015,ARIES,EQ,335.1,343.7,335.1,337.65,336.0,339.95,18595,6302807.9,686
2026-02-25,INE0NCC01015,ARIHANTACA,SM,440.0,528.0,440.0,492.5,505.0,440.0,11200,5648780.0,24
2026-02-25,INE420B01036,ARIHANTCAP,EQ,84.6,84.99,77.72,80.29,81.09,84.41,1300429,104938328.08,10860
2026-02-25,INE643K01018,ARIHANTSUP,EQ,254.9,263.0,252.6,259.85,260.5,251.7,405112,105199065.3,2067
2026-02-25,INE0H9P01028,ARIS,EQ,112.6,113.99,109.55,110.38,111.79,111.71,1617904,180242012.11,7313
2026-02-25,INE082101010,ARISTO,SM,94.95,94.95,94.95,94.95,94.95,95.0,800,75960.0,1
2026-02-25,INE0QRL01017,ARKADE,EQ,116.8,116.8,113.81,114.75,113.9,115.98,315547,36237323.36,3152
2026-02-25,INE109C01017,ARMANFIN,EQ,1617.0,1645.0,1600.0,1610.5,1619.1,1617.8,14843,24073975.8,2295
2026-02-25,INE0TZX01019,ARMOUR,SM,26.2,26.95,26.0,26.1,26.0,26.5,54000,1436200.0,21
2026-02-25,INE210C01013,AROGRANITE,EQ,28.65,28.65,26.55,26.98,27.58,26.79,50224,1378560.16,628
2026-02-25,INE570D01018,ARROWGREEN,EQ,415.1,422.05,411.2,413.95,415.65,418.7,16408,6834170.35,923
2026-02-25,INE738V01013,ARTNIRMAN,EQ,37.6,43.0,37.6,40.69,40.69,40.49,838,34604.79,32
2026-02-25,INE025R01021,ARTEMISMED,EQ,232.8,236.0,230.52,232.21,232.0,231.59,81989,19125054.26,2718
2026-02-25,INE0TTG01017,ARUNAYA,SM,19.45,19.45,19.45,19.45,19.45,20.3,6000,116700.0,1
2026-02-25,INE006Z01016,ARVEE,BE,154.0,154.0,153.0,154.0,154.0,155.0,349,53644.0,17
2026-02-25,INE955V01021,ARVINDFASN,EQ,444.5,447.05,436.35,439.55,439.1,444.5,100351,44361326.55,8172
2026-02-25,INE034A01011,ARVIND,EQ,359.3,365.85,355.1,357.1,356.3,357.55,342795,122939913.45,10760
2026-02-25,INE0P4T01013,ARVINDPORT,SM,28.0,29.4,28.0,29.4,29.4,28.0,7500,214200.0,5
2026-02-25,INE034S01021,ARVSMART,EQ,529.65,541.0,526.0,534.75,533.0,532.05,57828,30963648.3,2447
2026-02-25,INE439A01020,ASAHIINDIA,EQ,935.9,939.6,924.7,931.4,929.2,933.6,46229,43012372.1,7099
2026-02-25,INE228I01012,ASAHISONG,EQ,216.9,218.04,207.0,210.57,214.0,214.62,3818,813927.03,236
2026-02-25,INE08KD01015,ASCOM,ST,190.0,190.0,190.0,190.0,190.0,189.0,500,95000.0,1
2026-02-25,INE0LAA01017,ASHALOG,SM,62.85,65.2,62.85,65.2,65.2,62.95,7000,442700.0,6
2026-02-25,INE348A01023,ASHAPURMIN,EQ,535.0,556.25,531.4,546.95,547.8,531.2,887563,486022292.3,28110
2026-02-25,INE365D01021,ASHIANA,EQ,324.0,332.4,319.0,322.8,323.0,324.8,54143,17599268.15,2198
2026-02-25,INE440A01010,ASHIMASYN,EQ,14.95,15.5,14.93,15.13,15.24,15.0,79755,1214294.53,304
2026-02-25,INE208A01029,ASHOKLEY,EQ,210.46,213.7,209.63,211.61,211.45,210.18,13401777,2832461589.45,88978
2026-02-25,INE442H01029,ASHOKA,EQ,141.05,141.5,136.8,137.8,137.93,140.36,1054025,146320837.55,16443
2026-02-25,INE760Y01011,ASHOKAMET,EQ,15.91,16.34,15.3,15.64,15.87,15.62,37669,597446.84,288
2026-02-25,INE1A6Q01010,ASHWINI,SM,128.1,129.1,128.0,128.35,128.0,130.5,12000,1542250.0,12
2026-02-25,INE276G01015,ASIANENE,EQ,311.5,314.15,303.5,305.55,303.5,309.85,55226,17075659.5,1583
2026-02-25,INE022I01019,ASIANTILES,EQ,69.77,74.0,69.5,73.58,72.89,69.71,4840994,351809611.72,10347
2026-02-25,INE926K01017,AHLEAST,EQ,154.99,163.95,152.3,160.8,162.5,153.25,4507,712317.18,72
2026-02-25,INE363A01022,ASIANHOTNR,EQ,304.4,304.4,280.0,286.05,280.0,298.25,18399,5370593.25,772
2026-02-25,INE021A01026,ASIANPAINT,EQ,2416.0,2427.9,2400.0,2416.4,2412.5,2413.1,526764,1271877118.0,45274
2026-02-25,INE491J01022,ASKAUTOLTD,EQ,431.95,431.95,423.3,426.9,426.2,427.8,78256,33447266.9,4106
2026-02-25,INE991I01015,ASPINWALL,EQ,216.99,218.0,212.0,216.51,216.95,213.77,6929,1488445.55,159
2026-02-25,INE0S7801010,ASPIRE,SM,13.4,14.0,13.4,13.6,13.6,14.1,16000,216500.0,8
2026-02-25,INE073G01016,ASALCBR,EQ,825.0,837.0,812.05,816.45,818.0,825.9,33093,27223255.4,1742
2026-02-25,INE563J01010,ASTEC,EQ,615.0,624.0,615.0,620.65,621.0,618.35,19864,12306744.55,740
2026-02-25,INE914M01019,ASTERDM,EQ,638.0,649.95,633.6,642.6,643.0,638.0,402191,258719785.8,18543
2026-02-25,INE386C01029,ASTRAMICRO,EQ,923.1,975.7,922.8,955.25,958.9,922.85,496851,474266734.7,26944
2026-02-25,INE006I01046,ASTRAL,EQ,1667.0,1687.5,1654.2,1683.2,1673.6,1664.0,662060,1107036314.1,32886
2026-02-25,INE203A01020,ASTRAZEN,EQ,8771.0,8889.0,8771.0,8869.0,8889.0,8800.5,2566,22680028.0,803
2026-02-25,INE646X01014,ASTRON,EQ,4.12,4.2,4.09,4.09,4.09,4.09,16769,69168.89,67
2026-02-25,INE0ALR01029,ATALREAL,EQ,24.8,26.22,24.6,25.61,26.07,24.65,2675469,67890598.07,2354
2026-02-25,INE09KD01013,ATAM,EQ,67.5,67.9,63.06,63.85,63.54,65.69,17298,1115714.22,402
2026-02-25,INE0V0Q01019,ATCENERGY,SM,30.85,31.0,30.1,30.3,30.4,30.85,16800,512100.0,14
2026-02-25,INE0LEZ01016,ATHERENERG,EQ,706.0,729.3,699.1,706.3,706.0,698.85,1389510,991420774.65,43218
2026-02-25,IN90NN701011,ATLPP,E1,11.45,11.45,10.34,10.46,10.34,10.61,8715,92175.63,56
2026-02-25,INE0Z4F01028,ATLANTAELE,EQ,889.45,902.95,875.0,884.35,886.0,881.35,54347,48308303.55,2432
2026-02-25,INE285H01022,ATLANTAA,EQ,40.69,41.71,39.12,39.97,39.38,40.69,36341,1488883.59,764
2026-02-25,INE446A01025,ATLASCYCLE,EQ,87.06,90.51,87.0,89.33,89.78,88.1,2701,238724.49,86
2026-02-25,INE05DH01017,ATMASTCO,SM,150.05,153.0,140.1,148.65,149.45,152.6,28000,4126940.0,54
2026-02-25,INE951D01028,ATULAUTO,EQ,475.05,481.5,470.7,477.7,479.5,473.4,122243,58287765.9,4859
2026-02-25,INE100A01010,ATUL,EQ,6500.0,6549.0,6420.0,6540.0,6544.0,6468.0,14654,95316444.0,4742
2026-02-25,INE949L01017,AUBANK,EQ,1003.8,1007.85,977.6,982.1,979.0,1002.2,2811304,2779329186.1,59531
2026-02-25,INE925Y01036,AURIGROW,BE,0.3,0.3,0.28,0.28,0.28,0.29,18271335,5155108.64,3258
2026-02-25,INE132H01018,AURIONPRO,EQ,905.0,911.8,890.2,894.7,897.55,896.35,136244,122630077.95,7096
2026-02-25,INE0NUL01018,AUROIMPEX,SM,30.0,30.0,29.9,30.0,30.0,30.5,4800,143840.0,3
2026-02-25,INE406A01037,AUROPHARMA,EQ,1166.0,1217.0,1162.4,1211.5,1215.2,1164.4,3039244,3659175134.1,72041
2026-02-25,INE898S01029,AURUM,EQ,183.0,185.76,177.0,180.4,180.94,183.7,52655,9630109.44,1132
2026-02-25,INE218C01016,AUSOMENT,BE,99.0,99.3,96.5,98.58,97.95,97.16,8872,872008.6,125
2026-02-25,INE0P0001010,APS,SM,331.0,332.4,312.0,316.2,315.0,329.65,26250,8406112.5,100
2026-02-25,INE206F01022,AIIL,EQ,500.0,500.0,490.0,492.65,490.0,496.65,150117,74151271.85,11700
2026-02-25,INE718H01014,AUTOIND,EQ,77.75,78.8,76.06,77.57,78.79,75.69,57114,4405462.18,1063
2026-02-25,INE449A01011,AUTOAXLES,EQ,2000.0,2069.0,1985.1,2051.3,2055.0,2003.3,16839,34343467.3,3747
2026-02-25,INE900C01027,ASAL,EQ,464.6,465.55,454.6,458.15,455.5,458.3,8212,3775334.8,575
2026-02-25,INE349W01017,AVADHSUGAR,EQ,325.7,327.9,321.0,323.8,324.45,323.95,13326,4323706.05,579
2026-02-25,INE0LCL01028,AVALON,EQ,978.75,1000.95,966.0,988.5,982.0,978.75,113243,111581124.8,10213
2026-02-25,INE1KU201016,AVANA,SM,68.95,69.8,68.0,68.0,68.0,66.5,12000,827500.0,5
2026-02-25,INE005B01027,AVANTEL,EQ,144.9,145.96,143.12,143.87,143.12,144.49,498803,71988500.74,4920
2026-02-25,INE871C01038,AVANTIFEED,EQ,1334.5,1365.0,1321.5,1355.6,1355.0,1334.5,420211,567337413.2,15663
2026-02-25,INE192R01011,DMART,EQ,3880.0,3945.8,3857.8,3888.2,3871.6,3849.3,325095,1268132677.7,30260
2026-02-25,INE483S01020,CCAVENUE,EQ,17.9,18.0,17.04,17.23,17.3,17.72,10350865,180231925.23,20780
2026-02-25,INE680Z01018,AVG,EQ,151.0,152.0,142.25,144.71,145.65,146.59,84635,12373744.54,1372
2026-02-25,INE0TFB01017,AVIANSH,SM,116.0,116.0,111.0,114.0,114.0,115.0,20000,2274000.0,12
2026-02-25,INE323B01024,AVONMORE,EQ,15.0,15.31,14.88,15.01,15.21,15.14,113269,1697934.41,493
2026-02-25,INE0R9401019,AVPINFRA,SM,98.6,98.6,96.0,96.95,96.55,98.6,33600,3260440.0,35
2026-02-25,INE652Z01017,AVROIND,EQ,121.0,128.14,119.06,126.59,127.89,122.04,25524,3151441.08,430
2026-02-25,INE488D01021,AVTNPL,EQ,65.0,65.99,64.52,65.23,65.0,65.37,34290,2239052.54,510
2026-02-25,INE108V01019,AWFIS,EQ,304.0,309.15,296.05,298.3,298.1,304.7,297347,89412635.3,8829
2026-02-25,INE699H01024,AWL,EQ,194.0,194.69,189.7,190.73,190.48,191.73,2314746,443172871.27,50133
2026-02-25,INE238A01034,AXISBANK,EQ,1394.0,1404.3,1387.6,1403.0,1402.5,1387.6,4379373,6118721869.5,123830
2026-02-25,INF846K01W80,AXISGOLD,EQ,134.0,134.0,132.25,132.83,132.7,132.48,728235,96654266.44,5195
2026-02-25,INF846K01X63,AXISBNKETF,EQ,630.0,630.71,624.58,628.11,627.95,628.41,254,159772.66,30
2026-02-25,INF846K01Z04,AXISBPSETF,EQ,13.24,13.24,13.17,13.17,13.17,13.18,12240,161348.5,274
2026-02-25,INF846K016C7,AXISCETF,EQ,121.97,122.0,120.0,122.0,122.0,119.39,965,116624.39,17
2026-02-25,INF846K01Z12,AXISHCETF,EQ,149.0,151.44,148.39,151.14,151.12,149.18,6569,988974.81,97
2026-02-25,INF846K011K1,AXISILVER,EQ,253.25,264.4,253.25,262.77,262.99,259.75,475939,125077724.3,6569
2026-02-25,INF846K01W98,AXISNIFTY,EQ,281.35,282.2,279.71,280.54,280.67,279.95,7397,2078311.23,205
2026-02-25,INF846K01Y96,AXISTECETF,EQ,334.45,339.07,333.84,334.66,334.31,330.0,6253,2105157.87,167
2026-02-25,INF846KA1119,AXISVALUE,EQ,34.24,34.61,34.24,34.53,34.6,34.17,294936,10172474.26,475
2026-02-25,INF846K010Q0,AXSENSEX,EQ,85.22,85.58,84.8,84.83,85.01,84.8,5809,494303.39,50
2026-02-25,INE555B01013,AXISCADES,EQ,1512.0,1535.0,1468.0,1496.4,1487.0,1474.6,177405,268365686.8,11058
2026-02-25,INE02EZ01022,AXITA,BE,9.28,9.28,8.85,9.02,9.01,9.08,458258,4153133.69,1100
2026-02-25,INE501X01029,AYE,EQ,119.21,121.59,118.37,119.99,119.7,119.42,758224,90883046.99,12770
2026-02-25,INE193B01039,AYMSYNTEX,EQ,203.4,209.0,200.41,204.11,200.7,200.44,74534,15294135.98,16579
2026-02-25,INE02IJ01035,AZAD,EQ,1750.0,1769.0,1720.0,1735.8,1737.0,1742.1,166857,289974164.4,14799
2026-02-25,INE01EE01011,BBTCL,EQ,178.11,184.98,178.1,178.15,178.1,178.1,1899,340061.78,76
2026-02-25,INE116D01028,BAGFILMS,EQ,5.34,5.38,5.2,5.23,5.29,5.23,58145,303983.64,286
2026-02-25,INE17CQ01015,BAGDIGITAL,SM,112.0,114.0,112.0,114.0,114.0,112.0,3200,361600.0,2
2026-02-25,INE350H01032,BLKASHYAP,EQ,48.6,49.0,47.8,48.05,47.96,48.23,360437,17395207.77,2044
2026-02-25,INE01FR01028,STYLEBAAZA,EQ,331.9,332.3,315.15,317.1,316.55,326.95,188246,60520135.75,4148
2026-02-25,INE0QW501012,BABAFP,SM,25.0,25.0,25.0,25.0,25.0,26.9,1600,40000.0,1
2026-02-25,INE878I01022,BAFNAPH,EQ,110.1,110.84,106.81,106.88,106.81,109.22,1105,119193.34,57
2026-02-25,INE029Q01017,BAHETI,SM,587.0,605.0,587.0,594.0,598.5,586.3,19875,11831887.5,44
2026-02-25,INE020D01022,BAIDFIN,EQ,11.01,11.19,11.01,11.06,11.05,11.04,33855,375573.29,151
2026-02-25,INE917I01010,BAJAJ-AUTO,EQ,9859.5,10160.0,9839.5,10097.0,10098.5,9829.0,334366,3362110441.5,44376
2026-02-25,INE933K01021,BAJAJCON,EQ,400.0,408.7,392.7,397.05,397.1,402.2,551499,221288957.2,14321
2026-02-25,INE193E01025,BAJAJELEC,EQ,373.45,373.75,367.7,368.6,369.0,370.0,91311,33722361.35,2988
2026-02-25,INE296A01032,BAJFINANCE,EQ,1028.0,1034.0,1013.4,1021.05,1020.4,1023.55,3182612,3253411039.8,76008
2026-02-25,INE918I01026,BAJAJFINSV,EQ,2050.0,2074.9,2043.0,2049.3,2043.0,2043.3,508162,1045624047.0,46732
2026-02-25,INE411U01027,BAJAJHCARE,EQ,341.3,349.8,333.0,339.6,335.1,341.8,150274,51463444.5,2607
2026-02-25,INE306A01021,BAJAJHIND,EQ,15.24,15.34,14.85,14.93,14.92,15.24,5044364,76146379.5,9971
2026-02-25,INE118A01012,BAJAJHLDNG,EQ,11400.0,11449.0,11112.0,11166.0,11140.0,11330.0,114964,1290315570.0,17651
2026-02-25,INE377Y01014,BAJAJHFL,EQ,87.49,88.07,86.9,87.78,87.8,87.32,4266575,372832267.75,35714
2026-02-25,INE0KQN01018,BAJEL,EQ,158.95,162.95,158.62,161.73,162.0,160.69,62819,10119769.83,1469
2026-02-25,INE083D01012,BALPHARMA,EQ,76.03,77.89,74.0,75.62,75.41,76.03,7863,594835.92,156
2026-02-25,INE050E01027,BALAMINES,EQ,1088.0,1122.5,1078.8,1101.8,1095.0,1082.1,97195,107142868.9,8474
2026-02-25,INE0PQ601019,BALAJIPHOS,SM,130.0,130.0,128.0,128.0,128.0,130.0,5000,645000.0,5
2026-02-25,INE794B01026,BALAJITELE,EQ,101.97,104.17,101.13,102.38,103.5,101.16,385224,39436847.5,3372
2026-02-25,INE618N01022,BALAXI,EQ,20.58,20.7,20.05,20.54,20.7,20.02,72253,1473157.12,303
2026-02-25,INE787D01026,BALKRISIND,EQ,2518.5,2525.4,2476.2,2517.0,2489.0,2518.5,241035,603947605.4,20574
2026-02-25,INE875R01011,BALKRISHNA,EQ,16.28,16.58,15.6,15.77,15.99,16.13,26992,431622.58,180
2026-02-25,INE164A01016,BALMLAWRIE,EQ,180.05,181.29,179.51,180.14,179.85,180.34,84288,15186821.43,2795
2026-02-25,INE119A01028,BALRAMCHIN,EQ,460.9,468.05,458.2,466.9,466.8,456.95,234404,108478205.9,9551
2026-02-25,INE011E01029,BALUFORGE,EQ,460.9,467.15,442.0,444.95,444.85,459.95,1032279,463728609.35,12950
2026-02-25,INE655B01011,BANARBEADS,EQ,125.1,127.69,116.21,121.51,121.32,123.27,2287,281297.03,369
2026-02-25,INE213C01025,BANCOINDIA,EQ,655.95,658.85,637.05,639.7,639.8,651.75,108510,70243376.6,5366
2026-02-25,INE545U01014,BANDHANBNK,EQ,180.55,183.3,179.0,182.88,182.9,180.55,7659686,1389708777.22,41409
2026-02-25,INF194KB1KJ7,GOLDBND,EQ,160.69,160.7,158.04,159.24,158.6,158.44,56231,8941645.68,742
2026-02-25,INF194KA1U07,IDFNIFTYET,EQ,281.11,281.23,279.02,279.82,279.82,279.72,704,197563.71,41
2026-02-25,INF194KB1KI9,SILVERBND,EQ,264.64,266.68,263.06,264.25,264.35,263.24,83009,21972842.37,1853
2026-02-25,INE863I01016,BANG,EQ,43.49,43.5,41.32,42.41,42.01,41.89,7494,319431.72,191
2026-02-25,INE028A01039,BANKBARODA,EQ,313.0,316.45,311.55,315.85,316.25,313.1,9318353,2927410103.45,71928
2026-02-25,INE084A01016,BANKINDIA,EQ,175.8,176.35,173.7,175.58,175.2,175.5,9784182,1709675298.76,46582
2026-02-25,INE457A01014,MAHABANK,EQ,72.39,74.8,71.68,74.08,74.24,71.86,61816255,4562454077.72,188456
2026-02-25,INE862Y01015,BANKA,EQ,59.52,60.1,58.1,58.13,58.1,59.52,1612,94424.87,39
2026-02-25,INE186H01022,BASML,EQ,23.3,23.47,22.77,22.98,23.0,23.06,95112,2195080.32,805
2026-02-25,INE459A01010,BANARISUG,EQ,3603.3,3618.0,3580.1,3599.0,3600.0,3608.4,138,497360.3,42
2026-02-25,INE0B9K01025,BANSALWIRE,EQ,269.0,272.65,266.2,266.7,268.0,269.0,32659,8750277.35,1067
2026-02-25,INE629D01020,BANSWRAS,EQ,112.92,115.76,110.02,114.81,114.0,110.01,33793,3813625.86,405
2026-02-25,INE139I01011,BVCL,EQ,42.0,43.09,41.21,42.04,42.39,42.05,15735,662397.5,289
2026-02-25,INE0QX401014,BARFLEX,SM,60.0,61.0,60.0,61.0,61.0,60.5,4000,242000.0,2
2026-02-25,INF251K01TL6,BBNPNBETF,EQ,61.69,62.77,60.96,62.55,61.1,61.12,1180,73203.76,42
2026-02-25,INF251K01SU9,BBNPPGOLD,EQ,154.0,154.85,152.2,153.7,153.05,153.55,7372,1134258.65,242
2026-02-25,INE855F01042,ASMS,EQ,10.99,10.99,10.51,10.69,10.85,10.79,629732,6810514.6,1616
2026-02-25,INE373A01013,BASF,EQ,3534.1,3555.2,3514.0,3526.5,3525.0,3530.6,12078,42632578.6,3176
2026-02-25,INE0OCC01013,BASILIC,SM,227.85,230.0,220.6,224.15,222.2,225.25,32100,7212300.0,63
2026-02-25,INE176A01028,BATAINDIA,EQ,800.0,802.0,794.0,797.5,797.5,799.05,84672,67519066.0,7152
2026-02-25,INE0JFJ01011,BAWEJA,SM,30.65,30.75,29.5,29.5,29.5,29.75,8000,239480.0,9
2026-02-25,INE462A01022,BAYERCROP,EQ,4738.0,4749.7,4695.0,4727.9,4734.0,4711.3,7342,34646078.0,3737
2026-02-25,INE412G01024,BCLIND,EQ,28.19,28.19,27.72,27.82,27.79,28.12,329600,9205473.15,1589
2026-02-25,INE639X01027,BEACON,ST,82.4,83.8,82.4,83.8,83.8,82.4,4000,332750.0,4
2026-02-25,INE520H01022,BEARDSELL,EQ,27.64,28.0,26.41,26.83,26.5,26.83,9611,260069.92,182
2026-02-25,INE844K01012,BEDMUTHA,BE,137.61,140.9,134.0,138.8,138.8,137.61,2979,409211.85,27
2026-02-25,INE344T01014,BELLACASA,EQ,272.0,294.65,272.0,282.15,280.0,278.7,7131,2016357.6,819
2026-02-25,INE894V01022,BELRISE,EQ,185.0,187.98,183.76,184.99,185.24,183.34,2167193,403027582.74,26848
2026-02-25,INE0N7W01012,BLAL,EQ,186.1,189.99,186.1,187.65,188.45,187.22,13642,2572139.19,338
2026-02-25,INE258A01024,BEML,EQ,1706.2,1733.3,1703.1,1719.2,1717.4,1697.9,118324,203371999.1,12884
2026-02-25,INE463A01038,BERGEPAINT,EQ,462.7,464.55,454.05,456.05,458.0,462.7,241718,110939526.5,19267
2026-02-25,INE052T01021,BESTAGRO,BE,17.21,17.5,17.03,17.1,17.12,17.28,253608,4386409.04,840
2026-02-25,INE351Y01019,BETA,EQ,1059.6,1059.6,990.1,1030.3,1044.0,1046.5,28458,28882905.4,1788
2026-02-25,INE0HQI01014,BEWLTD,SM,102.9,104.95,102.0,102.2,102.0,100.4,11000,1133725.0,16
2026-02-25,INE878K01010,BFINVEST,EQ,398.9,417.95,396.0,409.45,411.0,394.8,26248,10681415.85,1157
2026-02-25,INE243D01012,BFUTILITIE,BZ,495.0,510.0,491.05,493.05,494.95,497.3,21888,10845201.4,348
2026-02-25,INF0QA701714,BANKBETF,EQ,61.87,62.16,61.57,61.8,61.79,61.87,33187,2052140.5,191
2026-02-25,INF0QA701854,LIQUIDBETF,EQ,1070.52,1070.54,1070.52,1070.53,1070.53,1070.42,190687,204136678.22,82
2026-02-25,INF0QA701722,NIFTYBETF,EQ,261.05,262.59,260.5,260.64,260.61,260.27,1287,336542.99,85
2026-02-25,INE661I01014,BGRENERGY,BE,330.0,337.9,318.5,320.4,321.1,330.9,62144,20174698.0,820
2026-02-25,INE0ZRC01017,BHADORA,SM,66.2,66.5,66.2,66.5,66.5,68.0,2400,159240.0,2
2026-02-25,INE354C01027,BHAGERIA,EQ,158.7,158.7,154.0,155.13,155.95,156.33,21736,3393665.98,680
2026-02-25,INE414D01027,BHAGCHEM,EQ,201.84,205.9,200.79,204.63,205.0,200.57,60996,12379603.67,1097
2026-02-25,INE458B01036,BHAGYANGR,EQ,149.99,155.0,148.3,152.03,151.01,147.91,98297,14986856.36,1607
2026-02-25,INE474E01029,BHANDARI,EQ,3.49,3.7,2.98,3.05,3.07,3.57,2714426,8693509.72,2791
2026-02-25,INE922A01025,BEPL,EQ,82.58,82.69,80.26,81.28,80.81,82.37,310693,25397308.27,2126
2026-02-25,INE464A01036,BBL,EQ,2428.3,2468.2,2411.0,2420.1,2433.9,2423.1,20519,49982729.7,4187
2026-02-25,INE05XR01022,BHARATCOAL,EQ,33.06,33.56,32.58,33.28,33.42,32.9,11041182,366218538.12,26629
2026-02-25,INE171Z01026,BDL,EQ,1251.0,1257.4,1233.3,1240.8,1244.0,1240.1,697128,868045500.7,23220
2026-02-25,INE263A01024,BEL,EQ,435.0,441.0,433.55,439.3,439.25,435.05,9469190,4151443077.75,128912
2026-02-25,INE465A01025,BHARATFORG,EQ,1868.0,1908.9,1849.2,1902.0,1905.0,1858.3,1539022,2903435631.5,51448
2026-02-25,INE561C01019,BHARATGEAR,EQ,109.25,111.09,107.15,108.34,109.0,108.12,22134,2417348.47,1514
2026-02-25,INE029A01011,BPCL,EQ,376.1,381.9,374.0,381.05,380.9,374.45,7003584,2651549000.25,86088
2026-02-25,INE838B01021,BHARATRAS,EQ,1571.8,1571.8,1510.1,1520.2,1515.0,1571.8,28775,43993867.1,5033
2026-02-25,INE727S01012,BRNL,EQ,19.15,19.75,19.15,19.42,19.36,19.67,27801,540899.87,347
2026-02-25,INE415D01024,BHARATSE,EQ,202.89,202.9,192.39,195.64,196.2,199.5,299693,59464460.34,5158
2026-02-25,INE316L01019,BHARATWIRE,EQ,176.64,179.19,175.21,177.68,177.0,176.13,69816,12392605.29,1577
2026-02-25,INE397D01024,BHARTIARTL,EQ,1955.0,1961.8,1904.0,1913.4,1916.8,1941.0,8285195,15951164616.7,204352
2026-02-25,INE343G01021,BHARTIHEXA,EQ,1664.7,1664.7,1645.1,1656.2,1656.0,1653.7,86999,143923624.8,11562
2026-02-25,INE828A01016,BIL,EQ,829.95,841.0,818.1,822.25,818.5,830.0,618,512256.6,119
2026-02-25,INE257A01026,BHEL,EQ,262.4,265.1,260.0,261.95,261.55,261.8,8855564,2324070468.25,41967
2026-02-25,INE412U01025,BIGBLOC,EQ,50.8,52.24,50.11,51.5,51.5,51.06,131659,6740523.15,1591
2026-02-25,INE00E101023,BIKAJI,EQ,628.0,631.6,619.5,624.7,624.85,628.9,137880,86127000.35,13673
2026-02-25,INE0SQH01013,BIKEWO,ST,19.95,19.95,19.95,19.95,19.95,19.95,2000,39900.0,1
2026-02-25,INE071A01013,BILVYAPAR,BE,6.61,6.85,6.58,6.7,6.7,6.58,1521,10150.4,17
2026-02-25,INE0HOQ01053,GROWW,EQ,164.5,165.11,161.22,164.44,164.5,163.11,15327735,2504943951.16,58739
2026-02-25,INE376G01013,BIOCON,EQ,392.0,396.85,390.3,395.85,395.3,390.75,3958867,1559331253.3,35489
2026-02-25,INE829A01014,BIOFILCHEM,EQ,33.67,34.9,32.3,32.55,32.5,33.83,19245,633311.09,347
2026-02-25,INE0XW001014,BIOPOL,ST,95.4,95.5,95.0,95.0,95.0,94.1,27600,2623080.0,6
2026-02-25,INE800A01015,BIRLACABLE,EQ,136.73,141.49,135.22,138.56,138.05,136.73,22877,3189030.31,997
2026-02-25,INE340A01012,BIRLACORPN,EQ,1003.0,1010.9,993.0,999.9,1000.0,998.7,23894,23898800.4,3364
2026-02-25,INE557A01011,BIRLANU,EQ,1519.4,1536.4,1509.0,1522.3,1535.0,1519.4,12568,19076095.5,1038
2026-02-25,INF209KC1134,ABGSEC,EQ,112.01,112.61,112.01,112.01,112.01,112.01,159,17856.37,6
2026-02-25,INF209KB17D5,ABSLBANETF,EQ,62.73,62.73,62.05,62.29,62.2,62.36,350281,21853764.46,1382
2026-02-25,INF209KB18T9,ABSLLIQUID,EQ,1000.01,1000.01,999.99,999.99,999.99,1000.0,17226,17225849.7,26
2026-02-25,INF209KC1662,ABSLMSCIN,EQ,30.32,30.36,30.15,30.29,30.25,30.03,76,2297.95,6
2026-02-25,INF209KB16D7,ABSLNN50ET,EQ,72.99,73.82,72.99,73.62,73.75,72.99,9929,730690.0,225
2026-02-25,INF209KB10E8,BSLSENETFG,EQ,82.95,83.86,82.1,82.54,82.99,82.53,3428,283611.58,110
2026-02-25,INF209KC1142,GSEC10ABSL,EQ,110.64,110.65,110.22,110.65,110.65,110.67,25,2757.64,5
2026-02-25,INF209KB10C2,HEALTHY,EQ,15.15,15.34,15.04,15.31,15.3,15.04,8841565,134399481.16,1680
2026-02-25,INF209KB14K7,MOMENTUM,EQ,31.95,32.22,31.92,32.18,32.2,31.95,62766,2010523.61,240
2026-02-25,INF209KB15K4,NIFTYQLITY,EQ,21.11,21.26,21.07,21.22,21.25,21.0,43134,912888.42,322
2026-02-25,INF209KB19F6,SILVER,EQ,261.39,266.32,261.0,264.03,263.95,261.39,3794561,1002235812.17,20171
2026-02-25,INF209KB11D8,TECH,EQ,32.12,33.98,32.12,33.12,33.98,32.58,60560,2009265.63,403
2026-02-25,INF209KB19Z4,ABSLPSE,EQ,10.8,10.97,10.78,10.84,10.86,10.78,720617,7838732.87,682
2026-02-25,INE836A01035,BSOFT,EQ,370.25,391.65,366.1,371.75,370.8,366.35,6128841,2329522239.35,93158
2026-02-25,INE676A01027,BBOX,EQ,520.0,553.5,512.35,545.45,552.0,518.65,1017209,546407944.7,28766
2026-02-25,INE0UIZ01018,BLACKBUCK,EQ,605.5,610.35,598.0,599.9,600.0,603.2,473941,285722078.1,25532
2026-02-25,INE791A01024,BLBLIMITED,BE,18.51,18.51,17.62,17.7,17.63,18.54,127858,2280526.68,316
2026-02-25,INE416D01022,BLISSGVS,EQ,212.0,221.8,209.62,219.02,218.89,210.58,1767287,383214327.66,17439
2026-02-25,INE0NLT01010,BLSE,EQ,158.6,161.87,155.5,156.8,158.94,158.0,204037,32206664.34,2316
2026-02-25,INE153T01027,BLS,EQ,283.5,291.3,282.3,290.2,288.5,286.15,1908816,549305252.65,28986
2026-02-25,INE472B01011,BLUECOAST,EQ,24.06,25.0,22.86,22.86,22.86,24.06,9266,212462.61,82
2026-02-25,INE233B01017,BLUEDART,EQ,5579.5,5630.0,5529.0,5622.0,5615.5,5550.5,8775,49101947.0,2938
2026-02-25,INE0KBH01020,BLUEJET,EQ,407.8,414.7,390.15,399.75,400.5,409.4,1270697,511391455.55,17770
2026-02-25,INE472A01039,BLUESTARCO,EQ,1965.1,1980.4,1928.0,1942.2,1935.0,1959.5,302374,591638821.3,23003
2026-02-25,INE0X3M01010,BLUEWATER,SM,148.5,148.5,143.0,144.0,144.0,145.0,8000,1150500.0,4
2026-02-25,INE304W01038,BLUESTONE,EQ,408.55,431.4,402.45,422.1,418.5,403.45,439133,185080469.5,19915
2026-02-25,INE0U4101014,BLUSPRING,EQ,56.3,56.5,53.75,54.04,54.1,55.3,170497,9388245.71,1894
2026-02-25,INE965W01036,BMWVENTLTD,EQ,60.39,62.5,59.53,60.37,60.25,60.39,585815,36086186.91,2076
2026-02-25,INE338D01028,BODALCHEM,EQ,47.89,47.89,46.21,46.62,46.99,47.01,91077,4255666.59,1444
2026-02-25,INE0EEJ01023,BTML,EQ,7.52,7.7,7.31,7.45,7.49,7.53,764537,5739530.95,890
2026-02-25,INE802W01023,BOHRAIND,BE,18.6,19.49,17.71,19.48,19.48,18.64,2323,43614.17,17
2026-02-25,INE050A01025,BBTC,EQ,1766.4,1787.9,1743.4,1764.0,1756.9,1766.4,17185,30296577.6,2813
2026-02-25,INE032A01023,BOMDYEING,EQ,114.9,115.75,112.89,113.39,113.5,114.87,473609,54064010.62,5006
2026-02-25,INE0I3Y01014,BMETRICS,SM,36.3,38.0,35.85,37.65,37.65,38.7,14400,530280.0,17
2026-02-25,INE032Z01020,BSHSL,EQ,91.2,91.73,89.5,89.98,90.0,90.95,6411,577917.87,271
2026-02-25,INE053F07538,810IRFC27,N2,1051.0,1051.95,1050.95,1050.95,1050.95,1051.0,7822,8220700.9,32
2026-02-25,INE906B07CB9,830NHAI27,N2,1053.9,1057.0,1053.9,1056.33,1056.0,1053.91,306,323211.0,5
2026-02-25,INE053F07686,865IRFC29,,1160.0,1160.0,1152.25,1158.92,1154.27,1165.0,1105,1278419.5,13
2026-02-25,INE020B07HS2,871REC28,N9,1095.39,1095.39,1090.55,1093.99,1093.99,1091.48,874,954863.45,14
2026-02-25,INE053F07744,888IRFC29,NE,1190.0,1196.9,1185.0,1190.0,1190.0,1190.0,1405,1674163.0,19
2026-02-25,INE557F07132,901NHB34,N6,6195.0,6195.0,6185.0,6186.7,6185.0,6191.5,98,606200.0,8
2026-02-25,INE0B9A01018,BONLON,BE,43.1,46.49,43.1,44.16,44.0,45.0,4943,218195.38,102
2026-02-25,INE16SF01016,BORANA,BE,407.9,419.7,406.0,415.4,415.0,399.75,124873,51747248.25,1678
2026-02-25,INE02PY01013,BOROLTD,EQ,246.95,249.95,240.15,241.25,241.5,245.45,72664,17723008.45,1634
2026-02-25,INE666D01022,BORORENEW,EQ,466.4,478.85,456.65,473.6,475.0,464.55,638027,300873302.6,19397
2026-02-25,INE02L001032,BOROSCI,EQ,105.85,107.94,103.8,104.7,104.3,105.27,52355,5515711.64,983
2026-02-25,INE782A01015,BOSCH-HCIL,EQ,1379.0,1429.0,1375.7,1405.5,1416.0,1378.0,19206,27147455.7,1811
2026-02-25,INE323A01026,BOSCHLTD,EQ,35430.0,37455.0,35430.0,36570.0,36660.0,35330.0,62472,2295838440.0,24535
2026-02-25,INE110A01019,BPL,EQ,54.2,54.68,53.6,53.98,54.59,53.56,66719,3603505.38,847
2026-02-25,INE0R4Z01018,BRACEPORT,SM,80.6,80.6,80.6,80.6,80.6,76.0,1600,128960.0,1
2026-02-25,INE02RE01045,FIRSTCRY,EQ,214.5,218.9,209.4,210.5,210.05,212.65,1964792,418866446.7,42223
2026-02-25,INE977Y01011,BCONCEPTS,EQ,259.0,265.45,255.3,257.45,256.5,259.95,3951,1019856.65,321
2026-02-25,INE0XUD01014,BRANDMAN,SM,210.8,212.0,192.1,203.05,205.0,213.65,132800,26845480.0,138
2026-02-25,INE791I01019,BRIGADE,EQ,733.0,735.45,705.0,714.35,717.85,729.85,350767,250342765.75,16503
2026-02-25,INE03NU01014,BRIGHOTEL,EQ,61.51,63.5,61.22,62.63,62.35,61.47,312882,19505402.15,5578
2026-02-25,INE425B01027,BCG,BE,10.75,10.85,10.45,10.45,10.45,11.0,2906361,30505967.24,4475
2026-02-25,INE216A01030,BRITANNIA,EQ,6170.0,6208.5,6140.0,6158.0,6145.0,6162.5,253773,1566348232.0,28235
2026-02-25,INE0FDU25010,BIRET,RR,353.0,353.95,350.03,351.88,351.1,352.19,2430715,853433012.5,27139
2026-02-25,INE650L01011,BROOKS,EQ,71.0,71.0,67.8,68.14,68.5,70.97,36704,2548145.84,739
2026-02-25,INE118H01025,BSE,EQ,2760.0,2789.2,2740.2,2772.7,2766.2,2751.1,2863159,7924337893.7,88195
2026-02-25,INE594B01012,BSL,EQ,128.12,136.77,128.12,131.77,132.83,131.01,48218,6367681.93,294
2026-02-25,INE295F01017,BUTTERFLY,EQ,605.55,609.85,600.0,601.0,602.15,600.5,1102,664925.1,111
2026-02-25,INE0SZ301012,BULKCORP,SM,51.7,51.7,51.7,51.7,51.7,54.4,4800,248160.0,4
2026-02-25,INE0SMX01019,CKKRETAIL,ST,196.0,214.4,196.0,214.4,214.4,204.2,392800,82818840.0,259
2026-02-25,INE0QBU01012,CPS,ST,1201.75,1201.75,1141.7,1141.7,1141.7,1201.75,2550,2921917.5,7
2026-02-25,INE0BV301023,MAPMYINDIA,EQ,1080.0,1085.7,1041.6,1046.8,1045.5,1075.4,131958,139996408.0,14226
2026-02-25,INE0U7V01015,C2C,SM,360.8,368.85,350.0,356.4,356.0,355.9,63450,22658925.0,256
2026-02-25,INE090Y01013,CADSYS,SM,48.95,48.95,46.0,47.3,47.3,47.05,1500,71125.0,3
2026-02-25,INE526B01014,CALSOFT,EQ,13.92,14.19,13.01,13.41,13.59,13.65,35901,483158.87,210
2026-02-25,INE627H01017,CTE,EQ,30.79,32.59,28.3,28.38,28.5,30.75,35885,1055822.93,656
2026-02-25,INE052I01032,CAMLINFINE,EQ,140.6,143.75,139.65,141.0,140.0,140.39,405313,57566198.01,8123
2026-02-25,INE278Y01022,CAMPUS,EQ,264.7,266.35,262.0,263.15,263.95,262.65,103157,27189295.55,4141
2026-02-25,INE477A01020,CANFINHOME,EQ,891.0,894.15,883.8,888.35,887.55,883.8,53569,47611136.95,5443
2026-02-25,INE476A01022,CANBK,EQ,157.49,159.6,156.9,158.93,158.99,157.03,34100843,5402251440.12,90638
2026-02-25,INE01TY01017,CANHLIFE,EQ,149.78,151.98,148.02,149.98,150.0,149.64,426825,64040891.72,16916
2026-02-25,INE218I01013,CRAMC,EQ,255.0,256.95,252.7,253.6,253.45,254.8,233209,59349284.2,8652
2026-02-25,INE0QG301017,CANARYS,SM,25.75,25.9,25.15,25.2,25.15,26.0,92000,2353600.0,23
2026-02-25,INE068L01024,CANTABIL,EQ,275.35,277.4,270.05,271.35,272.85,275.6,41242,11270296.05,1178
2026-02-25,INE264T01014,CAPACITE,EQ,241.0,255.0,241.0,252.5,250.0,242.13,1045379,260387012.55,8094
2026-02-25,INE0ILV01024,CAPILLARY,EQ,522.0,545.0,515.1,518.95,516.0,511.75,89216,46844962.75,3622
2026-02-25,INE345H01024,CIFL,EQ,31.03,31.9,30.86,31.64,31.89,31.34,27302,856850.21,334
2026-02-25,INE0Z8Z23013,CAPINVIT,IV,70.79,71.2,69.98,70.0,70.0,70.79,2699599,189261897.75,3111
2026-02-25,INE646H01017,CAPITALSFB,EQ,264.45,266.0,262.05,262.95,262.2,262.4,20606,5431960.8,377
2026-02-25,INE707C01018,CAPTRUST,EQ,13.57,13.57,12.7,12.75,12.71,13.07,36915,476267.83,261
2026-02-25,INE475E01026,CAPLIPOINT,EQ,1730.0,1734.0,1717.6,1727.0,1729.0,1712.6,21410,36938875.9,3028
2026-02-25,INE180C01042,CGCL,EQ,169.25,170.9,166.72,169.83,170.0,167.63,703590,118805006.8,18490
2026-02-25,INE120A01034,CARBORUNIV,EQ,842.1,848.85,831.85,833.9,832.0,842.1,67172,56432645.0,5238
2026-02-25,INE752H01013,CARERATING,EQ,1619.8,1629.6,1585.1,1611.9,1602.2,1601.4,23230,37565951.9,3939
2026-02-25,INE0P6P01016,CPEDU,EQ,215.4,217.7,202.0,205.67,206.8,215.41,9040,1899333.39,958
2026-02-25,INE0V7W01012,CARRARO,EQ,521.0,534.9,513.4,518.3,519.0,517.45,40826,21353268.05,2301
2026-02-25,INE290S01011,CARTRADE,EQ,1786.0,1827.9,1762.2,1779.7,1786.0,1778.4,700669,1257725609.2,49870
2026-02-25,INE482D01024,CARYSIL,EQ,922.75,931.9,905.0,911.85,917.9,918.2,30213,27659934.9,2353
2026-02-25,INE0WL201014,CUDML,SM,110.25,110.25,106.5,106.5,106.5,111.1,20000,2180000.0,16
2026-02-25,INE172A01027,CASTROLIND,EQ,187.13,187.74,186.25,186.83,187.0,186.94,996108,186289730.45,14077
2026-02-25,INE421D01022,CCL,EQ,1062.75,1064.0,1027.15,1036.0,1032.75,1061.75,364843,379960954.3,16430
2026-02-25,INE482A01020,CEATLTD,EQ,3752.6,3822.0,3712.2,3749.7,3748.7,3723.1,97952,368662960.4,14957
2026-02-25,INE11J101017,CEDAAR,SM,27.8,29.75,27.0,29.75,29.75,28.35,50000,1450850.0,35
2026-02-25,INE0AG901020,CEIGALL,EQ,286.35,289.35,282.95,287.9,285.6,286.35,75598,21689869.6,2103
2026-02-25,INE016Q01014,CEINSYS,EQ,977.9,998.9,964.0,972.5,980.0,953.5,25508,24892122.4,2608
2026-02-25,INE185H01016,CELEBRITY,EQ,7.72,8.03,7.66,7.85,7.8,7.88,40807,320134.21,132
2026-02-25,INE0O0001013,CELLPOINT,SM,15.15,15.15,15.05,15.1,15.1,15.75,9600,145080.0,8
2026-02-25,INE0OMO01025,CELLECOR,SM,26.75,26.75,26.35,26.35,26.35,26.8,75000,1989600.0,19
2026-02-25,INE0LMW01024,CELLO,EQ,424.3,427.85,412.35,413.95,414.55,427.9,257366,107589120.15,21134
2026-02-25,INE686A01026,CEMPRO,EQ,592.05,608.85,585.25,589.5,591.0,591.2,319935,190612512.6,19339
2026-02-25,INE483A01010,CENTRALBK,EQ,40.0,40.85,39.3,40.25,40.21,39.39,29869875,1201191586.48,52728
2026-02-25,INE736A01011,CDSL,EQ,1329.0,1338.8,1319.5,1326.8,1326.0,1324.8,873158,1161104797.6,25408
2026-02-25,INE660C01027,CENTRUM,EQ,24.59,24.59,23.72,23.88,23.96,24.32,92655,2222341.31,498
2026-02-25,INE320B01020,CENTUM,EQ,2801.4,2871.0,2650.0,2684.4,2662.0,2780.2,119188,326883575.1,14699
2026-02-25,INE485A01015,CENTENKA,EQ,435.6,437.45,431.95,432.7,432.15,432.6,8488,3682382.95,352
2026-02-25,INE281A01026,CENTEXT,EQ,20.09,20.67,19.75,20.05,20.2,20.09,69861,1406983.94,616
2026-02-25,INE348B01021,CENTURYPLY,EQ,758.7,762.6,741.95,749.85,761.75,754.75,41658,31263317.95,7699
2026-02-25,INE739E01017,CERA,EQ,4994.5,5048.9,4900.0,4932.1,4924.0,4994.5,12147,60165572.4,3280
2026-02-25,INE345B01019,CEREBRAINT,BZ,4.84,5.08,4.84,5.07,5.08,4.84,76160,384173.53,152
2026-02-25,INE486A01021,CESC,EQ,155.66,161.0,155.66,160.06,160.07,155.72,2329548,371525241.5,35446
2026-02-25,INE067A01029,CGPOWER,EQ,725.0,728.0,710.65,713.4,711.5,724.5,2099052,1506173452.65,44402
2026-02-25,INE427F01016,CHALET,EQ,844.95,846.4,805.6,829.05,830.0,843.75,279638,229549835.0,21623
2026-02-25,INE419D01026,CLSEL,EQ,273.33,286.65,271.89,276.66,276.0,271.16,252030,70751390.56,6624
2026-02-25,INE06PV01010,CMNL,SM,106.0,107.8,106.0,107.7,107.7,105.9,4500,483525.0,5
2026-02-25,INE085A01013,CHAMBLFERT,EQ,458.45,461.5,455.5,458.95,458.5,458.0,696884,319162713.3,25219
2026-02-25,INE11HG01018,CHAMUNDA,SM,51.5,51.5,51.4,51.4,51.4,51.0,6000,308700.0,2
2026-02-25,INE0B2N01016,CHANDAN,SM,268.0,274.8,268.0,270.8,271.0,268.95,8000,2169160.0,10
2026-02-25,INE0PT101017,CHAVDA,SM,105.4,105.4,100.3,102.95,100.3,105.4,17000,1770450.0,17
2026-02-25,INE0TGX01019,CHEMBONDCH,EQ,148.33,152.4,146.0,151.22,150.0,148.04,9033,1349903.33,433
2026-02-25,INE995D01025,CHEMBOND,EQ,144.51,150.35,142.51,147.72,148.0,142.02,10347,1526999.66,250
2026-02-25,INE03YM01018,CHEMCON,EQ,163.75,166.33,160.2,161.63,160.5,163.68,37078,6062324.6,2093
2026-02-25,INE783X01023,CHEMFAB,EQ,392.2,397.0,385.6,389.2,385.6,390.6,6100,2389841.0,778
2026-02-25,INE488A01050,CHEMPLASTS,EQ,261.9,264.5,251.5,252.95,252.0,262.4,87968,22586097.9,4127
2026-02-25,INE178A01016,CHENNPETRO,EQ,921.15,933.9,914.1,916.85,917.15,916.6,1002921,926419886.55,28865
2026-02-25,INE974B01016,CHEVIOT,EQ,1080.0,1090.9,1068.1,1070.4,1069.0,1074.3,998,1074056.1,158
2026-02-25,INE102B01014,CHOICEIN,EQ,762.45,767.75,752.1,754.7,754.0,760.65,417429,316666094.7,10776
2026-02-25,INF2KCX01012,CHOICEGOLD,EQ,157.25,158.13,157.08,157.61,157.35,157.25,24452,3854577.3,318
2026-02-25,INE149A01033,CHOLAHLDNG,EQ,1683.0,1724.2,1655.0,1677.2,1675.0,1662.3,129675,219249622.6,21854
2026-02-25,INE121A01024,CHOLAFIN,EQ,1746.0,1757.0,1727.6,1754.5,1757.0,1735.1,779164,1360566421.6,43324
2026-02-25,INE536H01010,CIEINDIA,EQ,499.0,514.0,487.0,497.25,495.0,495.6,891824,448113053.45,25111
2026-02-25,INE675C01017,CIGNITITEC,EQ,1209.9,1247.4,1194.6,1199.5,1197.0,1201.7,84824,103070107.6,5514
2026-02-25,INE704H01022,CINELINE,EQ,87.2,92.0,85.14,90.66,91.8,87.19,70626,6422939.02,508
2026-02-25,INE039B01026,CINEVISTA,EQ,15.96,16.0,15.1,15.26,15.45,15.63,15033,229710.12,113
2026-02-25,INE059A01026,CIPLA,EQ,1326.7,1349.0,1326.7,1346.1,1345.0,1326.7,1018377,1366068840.4,46940
2026-02-25,INE491A01021,CUB,EQ,288.0,294.9,287.1,289.95,289.2,288.85,1379491,402049072.4,41252
2026-02-25,INE201M01029,CLEDUCATE,EQ,45.31,45.8,40.59,40.96,41.39,45.1,279772,11943363.45,1627
2026-02-25,INE0UQ601012,CLASSICEIL,SM,47.25,48.7,47.0,47.0,47.0,48.45,25600,1213200.0,16
2026-02-25,INE227W01023,CLEAN,EQ,726.95,729.9,718.8,720.5,720.0,725.7,127557,92161114.65,8328
2026-02-25,INE1EF801010,CSSL,SM,128.1,128.1,125.0,127.15,126.9,128.1,22000,2797700.0,19
2026-02-25,INE925R01014,CMSINFO,EQ,310.95,311.3,297.5,298.5,299.0,310.2,1517429,461306790.2,38302
2026-02-25,INE522F01014,COALINDIA,EQ,430.95,439.65,428.55,438.6,437.5,430.95,8935314,3897212708.7,108052
2026-02-25,INE377E01024,COASTCORP,BE,46.46,48.44,46.05,47.25,47.25,46.47,73751,3495032.2,224
2026-02-25,INE704P01025,COCHINSHIP,EQ,1494.0,1504.6,1476.0,1487.1,1487.6,1489.9,355321,528867105.0,18523
2026-02-25,INE335K01011,COFFEEDAY,EQ,31.4,31.62,30.07,30.31,30.39,31.32,764166,23509748.54,4950
2026-02-25,INE591G01025,COFORGE,EQ,1227.9,1265.9,1208.0,1212.9,1211.8,1212.2,5227982,6426568347.6,119030
2026-02-25,INE03QK01018,COHANCE,EQ,310.9,314.5,306.6,310.5,308.75,309.55,468717,145225726.25,13519
2026-02-25,INE259A01022,COLPAL,EQ,2240.1,2274.8,2234.1,2270.4,2272.0,2236.3,822577,1861129259.4,33334
2026-02-25,INE073V01015,COMSYN,EQ,195.0,195.5,152.47,154.46,159.0,190.58,3135062,535449975.5,16110
2026-02-25,INE597Z01014,COMMITTED,SM,214.7,216.9,210.1,216.9,216.9,211.75,4800,1030640.0,6
2026-02-25,INE070C01037,COMPINFO,BZ,1.37,1.46,1.34,1.39,1.38,1.4,33505,46085.13,42
2026-02-25,INE453B01029,COMPUSOFT,EQ,14.12,14.51,14.12,14.31,14.31,14.34,13240,189776.99,209
2026-02-25,INE596I01020,CAMS,EQ,709.35,718.85,707.0,713.75,714.55,709.2,669618,477195805.2,24515
2026-02-25,INE338H01029,CONCORDBIO,EQ,1075.0,1291.3,1072.7,1230.9,1260.0,1076.1,11424384,13877647456.1,275002
2026-02-25,INE037Z01029,CEWATER,EQ,322.5,325.2,315.0,316.15,315.45,323.4,43100,13724982.65,1832
2026-02-25,INE552D01024,CONFIPET,EQ,31.54,31.98,31.15,31.49,31.93,31.54,226233,7107961.75,1571
2026-02-25,INE0EAS01014,CONNPLEX,SM,233.0,237.0,230.0,236.5,236.0,233.2,20000,4664040.0,21
2026-02-25,INE429I01024,CCCL,EQ,16.67,16.79,15.73,15.94,16.13,16.21,222980,3584889.69,686
2026-02-25,INE025A01027,CONSOFINVT,BE,240.0,245.0,240.0,240.0,240.0,240.02,9874,2372201.57,120
2026-02-25,INE111A01025,CONCOR,EQ,506.0,507.6,498.7,500.7,500.6,505.5,837478,421031891.15,21228
2026-02-25,INE340Z01019,CONTI,SM,16.5,16.7,16.5,16.7,16.7,15.95,83325,1375529.1,6
2026-02-25,INE663B01015,CONTROLPR,EQ,656.75,698.0,650.0,675.35,675.0,656.75,50685,34578145.45,6067
2026-02-25,INE0HS001028,COOLCAPS,SM,32.5,32.5,31.2,32.05,31.6,32.8,100000,3183125.0,68
2026-02-25,INE558D01021,CORALFINAC,EQ,35.59,35.59,33.4,33.59,33.56,33.78,7047,238797.72,164
2026-02-25,INE792I01017,CORDSCABLE,EQ,172.0,172.1,165.24,167.62,169.0,168.23,26649,4492208.84,661
2026-02-25,INE169A01031,COROMANDEL,EQ,2288.0,2324.9,2266.0,2311.0,2310.0,2280.3,206686,474370923.1,16833
2026-02-25,INE02ZQ01018,CORONA,EQ,1607.0,1633.6,1600.8,1618.9,1613.0,1594.7,12896,20885654.5,2301
2026-02-25,INE757A01017,COSMOFIRST,EQ,653.0,728.8,653.0,700.25,703.0,653.1,917241,646873519.9,30370
2026-02-25,INE652F01027,CCHHL,EQ,14.39,14.39,12.57,13.43,13.31,13.82,33893,447324.6,298
2026-02-25,INE695B01025,COUNCODOS,EQ,5.24,5.45,5.11,5.13,5.11,5.3,14448,75096.23,226
2026-02-25,INE521J01018,CPCAP,EQ,91.05,93.8,88.0,89.97,89.6,91.21,15075,1364593.4,233
2026-02-25,INF457M01133,CPSEETF,EQ,101.96,103.5,100.03,103.32,103.32,102.67,2419633,249769772.12,9783
2026-02-25,INE00LO01017,CRAFTSMAN,EQ,7960.0,7960.0,7600.0,7795.0,7770.0,7876.5,66792,517060491.0,16796
2026-02-25,INE0OFK01019,CRAYONS,SM,37.7,37.9,35.6,36.75,37.9,39.45,15000,550250.0,15
2026-02-25,INE230B01021,CREATIVEYE,EQ,6.92,6.92,6.61,6.64,6.81,6.85,11195,75892.16,103
2026-02-25,INE0R7401011,CGRAPHICS,SM,146.0,149.6,145.9,146.0,146.0,145.9,20800,3076240.0,17
2026-02-25,INE985W01018,CNL,EQ,646.85,655.45,640.0,641.05,646.9,646.8,3683,2368702.4,246
2026-02-25,INE741K01010,CREDITACC,EQ,1279.2,1310.0,1274.0,1306.3,1302.0,1279.3,268714,348161779.7,20140
2026-02-25,INE220Q01020,MUFTI,EQ,84.69,85.61,83.0,83.88,84.18,84.85,131805,11049850.22,2209
2026-02-25,INE559D01011,CREST,EQ,337.9,360.05,337.9,358.45,359.9,335.35,15823,5522188.15,537
2026-02-25,INE007A01025,CRISIL,EQ,4519.9,4549.0,4485.3,4538.8,4536.5,4508.0,19107,86326424.3,3878
2026-02-25,INE0S4R01014,CRIZAC,EQ,226.9,226.9,220.0,222.25,223.5,223.55,104535,23251613.35,2838
2026-02-25,INE299U01018,CROMPTON,EQ,264.0,267.6,260.56,263.3,262.15,262.43,1630052,430320528.12,19856
2026-02-25,INE00NH01017,CLSL,SM,46.8,48.0,46.8,48.0,48.0,46.5,18000,854500.0,6
2026-02-25,INE491V01019,CROWN,EQ,123.5,126.89,122.0,122.49,122.03,125.62,11009,1362188.41,444
2026-02-25,INE679A01013,CSBBANK,EQ,394.75,394.75,386.6,391.75,391.85,390.6,281799,110002238.35,9306
2026-02-25,INE718F01018,CSLFINANCE,EQ,263.0,264.0,260.0,261.45,260.8,261.9,4010,1050476.6,179
2026-02-25,INE0NR623014,CUBEINVIT,IV,141.0,141.0,141.0,141.0,141.0,140.0,50000,7050000.0,2
2026-02-25,INE144D01012,CUBEXTUB,EQ,108.85,111.09,105.6,106.75,107.0,107.39,256424,27870525.4,3871
2026-02-25,INE298A01020,CUMMINSIND,EQ,4930.0,4957.0,4872.7,4918.5,4920.0,4910.4,708623,3484331374.2,43242
2026-02-25,INE509F01029,CUPID,EQ,418.0,425.9,410.0,412.75,412.5,416.9,2549635,1065107650.25,31703
2026-02-25,INE1BZN01016,CURIS,SM,96.0,96.0,96.0,96.0,96.0,95.8,1000,96000.0,1
2026-02-25,INE278G01037,CYBERMEDIA,EQ,14.52,15.46,14.52,15.29,15.39,14.83,12587,190314.56,136
2026-02-25,INE075Z01011,CMRSL,SM,63.85,64.6,63.85,64.6,64.6,66.95,1600,102760.0,2
2026-02-25,INE214A01019,CYBERTECH,EQ,118.78,119.01,113.6,114.31,113.6,115.26,47759,5522240.84,1233
2026-02-25,INE055S01018,CYIENTDLM,EQ,321.15,325.0,308.8,312.2,309.95,319.0,191361,60565197.25,7448
2026-02-25,INE136B01020,CYIENT,EQ,950.8,959.8,929.1,931.8,931.8,950.1,245304,230821499.8,16353
2026-02-25,INE0GN101014,DKEGL,SM,68.55,70.0,68.55,69.2,69.2,76.9,6000,414450.0,4
2026-02-25,INE864X01013,DPWIRES,EQ,159.05,159.19,153.0,153.22,153.0,154.1,9230,1427080.97,319
2026-02-25,INE250K01012,DLINKINDIA,EQ,410.1,420.0,408.35,412.9,413.0,407.9,54469,22568766.7,2196
2026-02-25,INE266Y01019,DPABHUSHAN,EQ,1209.0,1219.9,1187.0,1190.5,1187.0,1209.5,6774,8137205.6,669
2026-02-25,INE950I01011,DBCORP,EQ,223.39,228.5,220.26,227.86,228.45,219.71,39685,8890442.59,1662
2026-02-25,INE016A01026,DABUR,EQ,521.25,523.75,516.5,518.65,519.0,518.05,3015805,1565299598.3,40693
2026-02-25,INE00R701025,DALBHARAT,EQ,2076.8,2076.8,2035.0,2063.5,2046.8,2069.4,223028,458915937.8,13003
2026-02-25,INE495A01022,DALMIASUG,EQ,284.7,284.7,278.6,281.85,282.6,282.35,26917,7564564.25,1250
2026-02-25,INE284H01025,DAMCAPITAL,EQ,157.17,157.99,150.1,150.84,151.2,157.16,498100,76362575.26,8673
2026-02-25,INE497D01022,DAMODARIND,EQ,25.39,25.39,24.61,24.86,24.97,24.81,351,8733.89,33
2026-02-25,INE688Y01022,DANGEE,EQ,3.0,3.2,3.0,3.04,3.07,3.04,97840,301300.66,281
2026-02-25,INE0YU901016,DANISH,SM,698.0,703.0,675.0,681.0,675.0,697.75,15150,10445602.5,94
2026-02-25,INE04Q901010,DCCL,SM,47.75,47.75,47.75,47.75,47.75,47.75,6000,286500.0,3
2026-02-25,INE0IX101010,DATAPATTNS,EQ,3113.1,3144.0,3042.0,3070.6,3080.0,3097.7,454935,1404458329.8,29542
2026-02-25,INE365B01017,DATAMATICS,EQ,795.0,813.0,751.3,776.75,782.0,797.8,272244,211891134.15,12481
2026-02-25,INE179G01029,DAVANGERE,EQ,4.22,4.49,4.05,4.08,4.09,4.29,11905707,49128254.47,4447
2026-02-25,INE921B01025,DBSTOCKBRO,EQ,25.46,25.8,25.25,25.63,25.8,25.46,1857,47524.65,49
2026-02-25,INE0A1101019,DCI,EQ,264.0,273.9,258.0,259.84,258.99,260.95,19888,5294523.77,805
2026-02-25,INE503A01015,DCBBANK,EQ,187.98,191.9,186.52,191.28,191.9,187.45,1624663,308419759.36,20964
2026-02-25,INE0S8401018,DCG,SM,60.0,60.0,60.0,60.0,60.0,60.0,1200,72000.0,1
2026-02-25,INE891B01012,DCMFINSERV,EQ,4.31,4.77,4.31,4.43,4.41,4.48,11807,53060.91,68
2026-02-25,INE498A01018,DCM,EQ,81.25,82.0,79.0,80.39,80.2,80.95,3999,321575.88,103
2026-02-25,INE08KP01019,DCMNVL,EQ,133.5,140.01,133.5,136.85,136.03,136.73,1697,233960.45,79
2026-02-25,INE0OFM01015,DSFCL,BE,35.35,36.99,35.35,35.35,35.35,37.21,109675,3891828.7,432
2026-02-25,INE843D01027,DCMSRIND,EQ,35.4,36.28,34.22,34.73,34.5,35.0,168387,5906054.43,1547
2026-02-25,INE0OU201013,DCMSIL,BE,58.15,59.9,57.27,57.76,57.27,60.28,135934,7844578.32,481
2026-02-25,INE499A01024,DCMSHRIRAM,EQ,1074.4,1087.8,1054.0,1063.4,1067.4,1083.1,37824,40352522.7,4162
2026-02-25,INE500A01029,DCW,EQ,48.85,49.1,47.79,48.18,48.12,48.72,1091550,52754795.6,6418
2026-02-25,INE0KL801015,DCXINDIA,EQ,171.97,181.0,171.97,175.18,175.0,171.51,791707,140215778.93,11074
2026-02-25,INE0HR601026,DDEVPLSTIK,EQ,278.0,278.6,274.5,276.6,277.0,276.75,27415,7582946.8,945
2026-02-25,INE0JWV01011,DENEERS,ST,160.0,160.0,151.0,156.65,156.65,158.05,46200,7247970.0,67
2026-02-25,INE244A01016,DENORA,EQ,649.7,651.95,641.15,646.25,646.95,642.65,1834,1186990.1,246
2026-02-25,INE583C01021,DECCANCE,EQ,735.0,735.0,701.2,711.4,721.0,709.7,9475,6748252.75,479
2026-02-25,INE0S7C01019,DECCANTRAN,SM,22.4,22.4,21.1,21.3,21.1,22.5,14400,315960.0,10
2026-02-25,INE841L01016,DEEDEV,EQ,281.0,309.77,270.2,299.14,296.01,281.0,49609675,14377623297.7,302371
2026-02-25,INE586O01011,DEEM,SM,37.0,38.95,37.0,38.95,38.95,37.3,2000,75950.0,2
2026-02-25,INE0FHS01024,DEEPINDS,EQ,361.5,364.2,347.3,351.8,353.0,358.5,117372,41592069.75,3174
2026-02-25,INE0OPA01019,DBEIL,EQ,83.0,84.37,79.11,79.91,79.95,81.75,50663,4097595.28,889
2026-02-25,INE501A01019,DEEPAKFERT,EQ,999.0,1005.0,985.0,989.0,991.5,994.2,127249,126378999.0,9896
2026-02-25,INE288B01029,DEEPAKNTR,EQ,1598.9,1600.0,1574.0,1581.7,1583.0,1588.4,45615,72219240.4,7689
2026-02-25,INE0SK801018,DELAPLEX,SM,107.55,108.0,107.0,108.0,108.0,109.0,3000,321990.0,5
2026-02-25,INE148O01028,DELHIVERY,EQ,439.5,441.4,434.15,439.65,437.8,436.75,1851942,813210934.3,25619
2026-02-25,INE726L01027,DELPHIFX,EQ,13.35,13.91,13.32,13.54,13.78,13.02,2437363,33197511.75,3243
2026-02-25,INE0XRN01019,DELTIC,SM,38.35,39.6,37.5,37.6,37.6,38.9,53000,1997600.0,14
2026-02-25,INE124G01033,DELTACORP,EQ,62.5,62.5,61.4,62.21,62.0,61.98,1255097,77811919.96,4644
2026-02-25,INE393A01011,DELTAMAGNT,EQ,62.3,63.97,59.4,61.58,60.76,61.47,2873,177592.93,75
2026-02-25,INE947J01015,DEN,EQ,28.6,28.6,27.57,27.81,27.7,28.22,234275,6532002.98,1740
2026-02-25,INE0R4L01018,DENTA,EQ,252.3,256.0,250.0,252.1,252.0,251.2,81296,20563904.3,1677
2026-02-25,INE0VOV01021,DEVX,EQ,42.5,43.3,42.11,43.1,42.8,42.37,149819,6424842.43,850
2026-02-25,INE060X01034,DEVIT,EQ,23.79,24.0,22.7,22.86,23.0,23.8,108282,2528362.89,906
2026-02-25,INE872J01023,DEVYANI,EQ,129.7,132.09,128.71,131.56,131.29,129.48,1066689,139571922.39,12127
2026-02-25,INE0I3401014,DBOL,EQ,102.1,103.02,99.6,100.78,100.0,101.29,106736,10773903.58,1466
2026-02-25,INE041A01016,DHAMPURSUG,EQ,114.0,114.93,113.27,113.98,113.7,113.79,93686,10675255.51,1408
2026-02-25,INE680A01011,DHANBANK,EQ,23.75,24.09,23.5,23.93,24.04,23.74,622052,14807234.41,1979
2026-02-25,INE435G01025,DHANUKA,EQ,1087.0,1099.6,1053.5,1068.7,1063.0,1092.2,58484,63004113.3,8368
2026-02-25,INE704V01015,DIRL,SM,13.3,13.3,13.3,13.3,13.3,14.0,6000,79800.0,1
2026-02-25,INE2HJL01019,DHARARAIL,SM,122.2,122.2,121.0,121.0,121.0,122.0,10000,1214200.0,6
2026-02-25,INE278R01034,DHARAN,BZ,0.15,0.16,0.14,0.15,0.16,0.15,18492738,2843128.87,2507
2026-02-25,INE0YRN01025,DHARIWAL,ST,77.9,77.9,77.9,77.9,77.9,76.4,249000,19397100.0,76
2026-02-25,INE00OQ01016,DHARMAJ,EQ,235.19,248.8,235.02,240.52,241.0,234.9,84056,20511903.03,4621
2026-02-25,INE506Z01015,DHRUV,EQ,27.5,28.89,27.0,27.87,27.9,26.98,108591,2999793.99,686
2026-02-25,INE320L01011,DHUNINV,EQ,1005.0,1005.0,955.7,976.3,989.0,981.3,1195,1163491.8,158
2026-02-25,INE341R01014,DTIL,EQ,141.67,142.9,134.42,138.27,138.0,140.96,6701,924066.86,261
2026-02-25,INE477B01010,DVL,EQ,256.75,257.2,249.05,253.2,252.25,254.5,31832,8056101.2,1653
2026-02-25,INE591D01014,DIAMINESQ,EQ,236.65,238.95,234.05,237.05,237.0,235.1,931,219339.15,44
2026-02-25,INE989C01038,DIACABS,EQ,134.0,137.52,132.07,136.62,136.19,132.48,1740744,234761245.61,8736
2026-02-25,INE303A01010,DICIND,EQ,545.0,549.95,540.0,543.85,543.9,541.05,3892,2114042.7,246
2026-02-25,INE184O01015,DIFFNKG,EQ,274.98,277.9,260.35,262.7,264.0,269.75,84265,22521720.35,1912
2026-02-25,INE03JI01017,DGCONTENT,EQ,26.0,28.5,26.0,27.46,27.89,27.7,7680,209818.44,94
2026-02-25,INE0PSC01024,DIGIDRIVE,EQ,21.36,22.89,21.1,21.2,21.49,22.03,21345,459572.68,333
2026-02-25,INE0QJ901011,DIGIKORE,SM,79.15,81.8,78.0,78.95,80.0,82.1,79200,6350240.0,63
2026-02-25,INE927C01020,DIGISPICE,EQ,19.62,20.38,19.53,19.9,19.54,19.97,488244,9746068.63,509
2026-02-25,INE0U4701011,DIGITIDE,EQ,98.07,99.91,94.39,94.6,94.85,98.01,214817,20703247.92,2656
2026-02-25,INE731U01028,DIGJAMLMTD,EQ,44.89,48.0,42.61,46.56,46.01,44.95,4740,215922.51,95
2026-02-25,INE016M01021,DNAMEDIA,EQ,3.49,3.53,3.34,3.38,3.39,3.4,61839,211497.06,162
2026-02-25,INE917M01012,DBL,EQ,449.8,449.8,430.0,432.35,432.0,445.35,271199,118505532.8,15864
2026-02-25,INE836F01026,DISHTV,EQ,3.02,3.02,2.95,2.97,2.95,2.98,2519989,7509915.03,2087
2026-02-25,INE385W01011,DCAL,EQ,180.0,182.61,173.94,175.53,179.0,179.06,195704,34548787.91,4105
2026-02-25,INE753U01022,DIVGIITTS,EQ,741.95,748.1,712.5,717.75,717.5,752.1,32514,23842983.55,2988
2026-02-25,INE361B01024,DIVISLAB,EQ,6254.5,6418.0,6250.0,6395.5,6387.5,6255.5,348440,2211327823.5,22639
2026-02-25,INE0NA501011,DIVINEHIRA,ST,270.0,270.0,270.0,270.0,270.0,270.0,3200,864000.0,2
2026-02-25,INE0SCO01019,DPEL,ST,289.6,289.6,281.0,286.9,286.9,289.6,20500,5876125.0,26
2026-02-25,INE0QYI01019,DIVYADHAN,SM,20.9,20.9,20.9,20.9,20.9,20.9,300000,6270000.0,2
2026-02-25,INE935N01020,DIXON,EQ,10550.0,10688.0,10320.0,10388.0,10360.0,10525.0,384975,4026133702.0,52561
2026-02-25,INE0B1K01014,DJML,BE,93.0,93.8,90.1,91.36,91.95,92.95,10175,924463.06,85
2026-02-25,INE271C01023,DLF,EQ,617.0,623.85,607.45,611.2,611.0,611.65,3522834,2168100229.15,42506
2026-02-25,INE505A01010,DMCC,EQ,215.1,222.99,215.1,220.71,221.9,216.13,9728,2146793.78,541
2026-02-25,INE0OGG01015,DHTL,SM,43.8,43.8,43.75,43.75,43.75,42.3,2400,105040.0,3
2026-02-25,INE021O01019,DODLA,EQ,1153.0,1180.0,1136.8,1144.4,1148.0,1150.4,35185,40435023.9,4121
2026-02-25,INE966A01022,DOLATALGO,EQ,75.28,77.82,74.55,76.23,76.04,76.23,196031,14863992.48,2388
2026-02-25,INE325C01035,DOLLAR,EQ,294.8,297.1,288.0,288.35,288.0,294.8,87897,25549547.2,1311
2026-02-25,INE0JHH01011,DOLLEX,SM,33.55,35.85,32.5,33.75,35.45,36.55,44000,1479200.0,11
2026-02-25,INE920A01037,DOLPHIN,EQ,430.0,443.5,390.5,400.05,410.0,439.2,1836284,766845324.95,30142
2026-02-25,INE321T01012,DOMS,EQ,2369.6,2389.4,2365.5,2378.1,2375.6,2364.6,57261,136110334.1,4392
2026-02-25,INE668D01028,DONEAR,EQ,89.0,91.5,88.54,89.85,89.9,89.56,34424,3102270.72,639
2026-02-25,INE360C01024,DPSCLTD,EQ,9.65,11.0,9.12,9.33,9.31,9.28,388402,3784096.18,1190
2026-02-25,INE943P01029,AGARWALEYE,EQ,456.0,459.9,445.95,451.2,449.1,455.55,89804,40459085.85,5707
2026-02-25,INE600L01024,LALPATHLAB,EQ,1409.1,1430.3,1403.6,1425.0,1428.7,1409.1,99166,140995192.7,17399
2026-02-25,INE089A01031,DRREDDY,EQ,1281.0,1324.0,1266.9,1306.5,1305.0,1300.2,2296240,2985603626.7,82106
2026-02-25,INE03RS01027,DRCSYSTEMS,EQ,15.23,15.88,15.21,15.22,15.3,15.23,32996,507794.22,310
2026-02-25,INE0JS101016,DREAMFOLKS,EQ,82.01,83.89,81.16,81.72,81.5,82.52,93852,7690459.82,2212
2026-02-25,INE506A01018,DREDGECORP,EQ,922.9,975.5,912.0,931.6,933.0,919.1,303036,285901507.9,14892
2026-02-25,INE0P7201019,DRONE,SM,49.0,49.4,48.0,49.4,49.4,49.25,11500,559025.0,20
2026-02-25,INE02CV01017,DRSDILIP,ST,105.0,105.0,105.0,105.0,105.0,102.0,800,84000.0,1
2026-02-25,INE055C01020,KEEPLEARN,EQ,2.02,2.02,1.95,1.98,1.98,1.96,26734,53086.51,114
2026-02-25,INF740KA1EU7,LIQUIDETF,EQ,1000.0,1000.01,999.99,1000.0,1000.0,1000.0,297700,297700020.68,230
2026-02-25,INF740KA1RX3,BANKADD,EQ,62.29,62.6,62.03,62.32,62.36,62.34,299260,18656395.16,92
2026-02-25,INF740KA1SW3,GOLDADD,EQ,153.86,154.96,152.86,154.6,154.36,153.86,130711,20195221.66,2283
2026-02-25,INF740KA1SX1,ITADD,EQ,32.42,32.6,31.85,32.18,31.99,31.64,3782835,121992927.34,2056
2026-02-25,INF740KA1QK2,EQUAL50ADD,EQ,348.42,348.67,346.55,347.5,347.98,345.77,15462,5374001.44,185
2026-02-25,INF740KA1CL0,NIFTYADD,EQ,267.74,268.46,266.32,266.98,267.01,266.43,4921,1316278.41,223
2026-02-25,INF740KA1SY9,PSUBANKADD,EQ,98.97,99.4,97.82,98.8,98.55,98.83,91380,9009960.06,644
2026-02-25,INF740KA1TA7,PVTBANKADD,EQ,29.2,29.43,29.18,29.27,29.25,29.21,4960,145285.01,94
2026-02-25,INF740KA1QL0,MIDQ50ADD,EQ,241.4,242.57,240.46,242.49,242.45,240.8,25902,6239104.54,77
2026-02-25,INF740KA1SZ6,SENSEXADD,EQ,84.75,85.06,84.25,84.42,84.25,84.22,1116,94341.91,35
2026-02-25,INF740KA1RE3,SILVERADD,EQ,253.75,257.4,253.52,255.48,255.15,252.41,562008,143516069.22,11580
2026-02-25,INF740KA1WU9,FLEXIADD,EQ,10.07,10.07,9.88,9.94,9.96,9.87,91737,912471.41,334
2026-02-25,INF740KA1UF4,HEALTHADD,EQ,148.16,154.0,148.16,151.05,153.47,147.43,5041,757271.76,54
2026-02-25,INF740KA1UM0,LIQUIDADD,EQ,1114.9,1114.9,1114.88,1114.89,1114.9,1114.73,482247,537654939.26,706
2026-02-25,INF740KA1WW5,MIDCAPADD,EQ,21.87,22.04,21.85,21.94,22.04,21.82,36916,807647.02,38
2026-02-25,INF740KA1WV7,MSCIADD,EQ,30.7,30.7,30.09,30.3,30.3,30.48,693,21006.39,20
2026-02-25,INF740KA1VE5,NEXT30ADD,EQ,41.73,41.96,41.69,41.83,41.83,41.53,41971,1753761.65,55
2026-02-25,INF740KA1XU7,NEXT50ADD,EQ,69.87,70.59,69.87,70.11,70.11,69.87,708,49672.29,17
2026-02-25,INF740KA1WX3,SMALLADD,EQ,16.04,16.08,15.94,16.01,15.98,15.9,7524,120490.83,72
2026-02-25,INF740KA1UR9,TOP10ADD,EQ,95.58,96.1,95.0,95.25,96.1,95.12,21239,2026250.92,338
2026-02-25,INE0LZO01015,DUCOL,SM,129.6,129.9,129.6,129.9,129.9,133.15,2400,311280.0,3
2026-02-25,INE741L01018,DUCON,EQ,3.39,3.45,3.3,3.32,3.31,3.39,285901,960158.4,555
2026-02-25,INE0HPK01020,DUGLOBAL,SM,37.75,44.25,37.75,42.85,43.75,39.8,80000,3424875.0,21
2026-02-25,INE0OUW20013,DURLAX-RE,ST,0.8,0.95,0.75,0.8,0.8,1.2,156880,118918.0,70
2026-02-25,INE0OUW01013,DURLAX,SM,42.15,42.55,41.6,41.6,41.6,41.6,26000,1100300.0,12
2026-02-25,INE366A01041,DWARKESH,EQ,35.5,35.5,34.83,35.14,35.21,35.17,225344,7903744.47,1280
2026-02-25,INE417B01040,DSSL,EQ,933.6,937.95,910.1,915.5,914.5,931.3,24920,22929379.05,2276
2026-02-25,INE221B01012,DYNAMATECH,EQ,10029.5,10290.0,9850.0,9962.5,9949.5,9924.5,23303,235197807.5,7611
2026-02-25,INE600Y01019,DYCL,EQ,280.0,286.0,275.05,278.05,278.5,278.4,153674,43059458.75,5017
2026-02-25,INE0DZ701010,DYNAMIC,SM,122.95,124.95,122.95,123.95,124.95,121.95,3500,433850.0,7
2026-02-25,INE256H01015,DYNPRO,EQ,226.44,238.17,226.44,229.22,229.95,226.47,17457,4063174.1,1335
2026-02-25,INE0KFF01017,EFACTOR,SM,239.05,242.0,226.15,231.4,236.7,243.7,7600,1814460.0,16
2026-02-25,INE1CEJ01017,E2ERAIL,SM,211.5,211.5,200.1,201.9,201.25,211.0,22400,4606240.0,27
2026-02-25,INE255Z01019,E2E,BE,2418.0,2563.1,2402.0,2560.6,2563.1,2441.1,92773,234418725.9,5838
2026-02-25,INE962C01035,EASTSILK,BE,74.09,74.09,74.09,74.09,74.09,70.57,566,41934.94,12
2026-02-25,INE07O001026,EASEMYTRIP,EQ,8.76,8.97,8.41,8.51,8.47,8.76,27086790,234484010.36,16946
2026-02-25,INE528S07110,888ECL28,N1,785.11,980.0,785.11,973.0,973.0,978.46,1410,1156764.91,7
2026-02-25,INE528S07128,925ECL28,N2,1050.0,1050.0,1050.0,1050.0,1050.0,1046.5,75,78750.0,1
2026-02-25,INE738I01010,ECLERX,EQ,3361.0,3426.9,3274.0,3297.9,3298.0,3345.6,105681,352663453.6,20854
2026-02-25,INE0VBS01016,ECOLINE,SM,140.45,140.45,140.45,140.45,140.45,137.0,1000,140450.0,1
2026-02-25,INE06HJ01020,ECOSMOBLTY,EQ,153.7,154.89,148.25,148.84,149.0,152.87,378460,56998222.84,6960
2026-02-25,INF754K01OB1,BBETF0432,EQ,1320.4,1320.4,1315.8,1319.45,1320.4,1317.42,3871,5099975.7,46
2026-02-25,INF754K01TE4,EBANKNIFTY,EQ,61.65,61.87,61.15,61.17,61.53,61.35,4272,262024.77,32
2026-02-25,INF754K01KO2,EBBETF0430,EQ,1612.43,1612.43,1562.38,1573.33,1572.52,1573.11,20589,32406898.07,302
2026-02-25,INF754K01LE1,EBBETF0431,EQ,1402.92,1405.0,1400.51,1401.13,1400.51,1400.45,8610,12073247.29,107
2026-02-25,INF754K01QX0,EBBETF0433,EQ,1283.82,1283.82,1276.3,1276.88,1277.9,1279.08,4490,5741992.48,88
2026-02-25,INF754K01TX4,ECAPINSURE,EQ,24.53,24.67,24.38,24.6,24.62,24.41,33332,818161.26,263
2026-02-25,INF754K01SE6,EGOLD,EQ,158.4,159.55,157.45,158.3,158.0,157.65,22474,3562741.2,504
2026-02-25,INF754K01VW2,ELIQUID,EQ,1019.97,1019.97,1019.97,1019.97,1019.97,1019.84,2002,2041979.94,4
2026-02-25,INF754K01VV4,ELM250,EQ,17.17,17.17,16.49,16.57,16.63,16.56,934649,15499692.93,128
2026-02-25,INF754K01TF1,EMULTIMQ,EQ,40.99,41.41,40.93,41.15,41.28,40.86,164212,6773203.75,173
2026-02-25,INF754K01VX0,ENIFTY,EQ,25.54,25.71,25.45,25.46,25.45,25.51,665,17005.02,18
2026-02-25,INF754K01VY8,ESENSEX,EQ,82.89,83.07,82.37,82.45,82.45,82.48,2328,192102.23,13
2026-02-25,INF754K01SF3,ESILVER,EQ,263.59,266.43,263.37,264.98,265.22,262.28,398796,105675846.28,2475
2026-02-25,INE532F01054,EDELWEISS,EQ,122.49,123.14,115.44,118.17,118.36,121.71,6275207,745359427.13,36814
2026-02-25,INE886D01026,EFCIL,EQ,246.9,247.2,231.2,233.35,232.0,243.05,439112,104757860.9,14470
2026-02-25,INE0U9101019,EFFWA,SM,205.3,209.25,200.25,201.25,200.25,206.5,26000,5275940.0,45
2026-02-25,INE066A01021,EICHERMOT,EQ,7930.0,8082.0,7772.0,8008.0,8040.0,7929.0,618719,4939443322.5,87730
2026-02-25,INE126A01031,EIDPARRY,EQ,868.05,876.45,861.75,866.65,865.0,867.0,130603,113083741.75,12052
2026-02-25,INE276C01014,EIHAHOTELS,EQ,332.4,334.55,328.0,328.55,328.0,332.4,16491,5459791.7,694
2026-02-25,INE230A01023,EIHOTEL,EQ,321.5,323.1,313.55,318.45,320.0,320.45,200340,63686127.35,7059
2026-02-25,INE158B01016,EIMCOELECO,EQ,1588.3,1600.0,1570.0,1595.5,1600.0,1574.9,8710,13841443.0,1103
2026-02-25,INE668G01021,ELDEHSG,EQ,865.0,890.0,865.0,888.15,890.0,879.45,888,782330.5,100
2026-02-25,INE205B01031,ELECON,EQ,421.0,427.95,417.25,423.15,422.9,419.7,168987,71401736.25,8902
2026-02-25,INE0Q1W01012,EFORCE,SM,28.4,28.4,26.05,27.25,27.3,28.4,40800,1120320.0,32
2026-02-25,INE02YR01019,EMIL,EQ,100.25,101.59,99.71,100.05,99.9,100.12,217811,21856076.31,2734
2026-02-25,INE086A01029,ELECTCAST,EQ,69.59,70.36,68.44,68.9,69.5,69.41,910832,63221554.31,5847
2026-02-25,INE822G01016,ELECTHERM,EQ,728.35,776.05,717.5,747.2,730.0,717.6,171299,128852104.5,7650
2026-02-25,INE0R9101015,ELGNZ,SM,74.4,75.5,70.6,71.8,73.8,72.85,18000,1332500.0,9
2026-02-25,INE285A01027,ELGIEQUIP,EQ,546.4,549.5,540.35,544.95,544.0,540.7,332733,181463817.2,18254
2026-02-25,INE819L01012,ELGIRUBCO,EQ,38.71,39.88,38.7,39.58,39.5,38.81,4560,179785.81,98
2026-02-25,INE050401020,ELIN,EQ,133.6,133.6,131.0,131.34,131.6,132.17,20850,2746551.91,623
2026-02-25,INE236E01022,ELLEN,EQ,241.5,242.8,230.55,234.75,237.0,238.25,206784,48839409.35,4578
2026-02-25,INE0ZOL01023,EMAPARTNER,SM,86.0,89.45,85.0,89.45,89.45,87.8,5000,432500.0,5
2026-02-25,INE548C01032,EMAMILTD,EQ,474.75,480.0,472.0,479.1,479.75,474.7,255811,122158305.55,12841
2026-02-25,INE830C01026,EMAMIPAP,EQ,86.01,87.92,85.01,86.27,85.8,86.62,9153,789040.44,136
2026-02-25,INE778K01012,EMAMIREAL,EQ,66.95,68.68,65.05,65.93,65.05,66.75,8663,572747.3,115
2026-02-25,INE069I01010,EMBDL,BE,58.75,59.3,57.5,58.79,58.76,58.75,1835837,107312609.34,6827
2026-02-25,INE041025011,EMBASSY,RR,420.0,428.2,420.0,426.59,427.45,420.02,3617378,1538188092.54,45259
2026-02-25,INE168P01015,EMCURE,EQ,1440.5,1440.5,1416.4,1430.8,1425.0,1434.5,90077,128693895.1,12323
2026-02-25,INE296H01011,EMKAY,EQ,244.35,246.9,232.55,233.7,232.55,236.0,10136,2407820.2,275
2026-02-25,INE332S01011,EMKAYTOOLS,SM,101.2,101.2,101.0,101.0,101.0,101.2,900,90967.5,5
2026-02-25,INE753K01015,EMMBI,EQ,90.14,93.0,89.37,92.18,91.0,90.14,11000,1009839.54,146
2026-02-25,INE1C6T01020,EMMVEE,EQ,210.0,210.1,202.7,208.03,207.5,213.25,2061058,427444169.36,43228
2026-02-25,INE0OV601013,EMSLIMITED,EQ,303.1,305.0,288.0,289.15,289.05,301.85,334568,98461665.65,8732
2026-02-25,INE01QM01018,EMUDHRA,EQ,443.55,446.9,432.35,439.0,435.4,443.55,134673,59354409.2,6649
2026-02-25,INE433T01015,ENCOMPAS,SM,261.0,265.6,256.0,263.1,263.1,259.0,25200,6610920.0,19
2026-02-25,INE913H01037,ENDURANCE,EQ,2698.8,2704.2,2638.8,2675.8,2680.0,2685.0,100126,266958961.2,18180
2026-02-25,INE306C01019,ENERGYDEV,EQ,16.7,16.99,16.15,16.31,16.35,16.3,59409,969146.0,307
2026-02-25,INE0S1L01013,EMMIL,SM,143.0,150.85,140.0,150.85,150.85,145.0,4500,665562.5,17
2026-02-25,INE0S3X01014,ENFUSE,SM,190.0,190.0,187.0,190.0,190.0,197.95,2400,454200.0,3
2026-02-25,INE510A01028,ENGINERSIN,EQ,217.0,221.49,216.0,219.8,219.5,215.76,5188158,1136178864.59,41804
2026-02-25,INE0R9I01021,ENSER,SM,11.5,12.5,11.5,12.15,12.15,11.5,65000,780750.0,13
2026-02-25,INE010601016,ENTERO,EQ,1038.9,1077.0,1008.0,1060.9,1058.0,1028.3,53702,56571189.9,3362
2026-02-25,INE265F01028,ENIL,EQ,106.84,108.5,105.5,105.58,105.99,105.84,9821,1047986.99,420
2026-02-25,INE0LLY01014,EIEL,EQ,161.69,162.49,158.0,158.98,158.5,160.41,330500,52808196.33,6315
2026-02-25,INE0SUH01015,ENVIRO,SM,102.0,105.0,101.0,102.45,105.0,102.5,546000,55675900.0,14
2026-02-25,INE0G5901015,EPACK,EQ,253.01,255.17,248.0,248.89,248.88,251.65,289990,72859932.55,5679
2026-02-25,INE0MLS01022,EPACKPEB,EQ,188.95,188.95,179.53,181.25,180.77,180.68,254451,46218027.56,3830
2026-02-25,INE071N01016,EPIGRAL,EQ,948.2,951.5,916.4,926.5,928.4,940.7,66833,62177896.4,5500
2026-02-25,INE255A01020,EPL,EQ,215.6,217.46,214.1,215.84,215.68,215.07,155905,33668460.51,9036
2026-02-25,INE11HF01010,EEPL,SM,147.0,147.0,143.0,144.1,144.1,145.6,6000,870100.0,6
2026-02-25,INE1KEC01023,EPWINDIA,SM,126.0,129.0,125.0,127.35,126.55,125.9,26400,3344040.0,13
2026-02-25,INE217G01035,EQUIPPP,BE,17.01,17.95,17.01,17.5,17.5,17.5,3922,68786.5,27
2026-02-25,INE063P01018,EQUITASBNK,EQ,65.25,66.51,64.36,65.71,65.71,65.29,3070095,201718097.95,30945
2026-02-25,INE406M01024,ERIS,EQ,1391.9,1424.0,1367.6,1380.2,1380.4,1384.6,30161,41645329.6,5436
2026-02-25,INE284A01012,ESABINDIA,EQ,5500.0,5519.0,5480.0,5494.5,5502.5,5504.0,1195,6566861.0,373
2026-02-25,INE818W01011,ESAFSFB,EQ,27.0,27.25,26.87,27.17,27.14,26.88,246185,6665359.87,1030
2026-02-25,INE0RQZ01017,ESCONET,SM,126.6,127.0,124.45,124.45,124.45,130.95,64000,8014340.0,116
2026-02-25,INE042A01014,ESCORTS,EQ,3590.0,3650.0,3544.7,3602.8,3584.9,3565.4,84096,303217757.7,18277
2026-02-25,INE818W08131,111ESFB31,N0,99500.0,99500.0,99500.0,99500.0,99500.0,99225.0,2,199000.0,1
2026-02-25,INE0SBP01018,ESPRIT,SM,69.2,71.0,69.2,71.0,71.0,69.5,3200,224320.0,2
2026-02-25,INE122M01019,ESSARSHPNG,EQ,26.01,26.79,25.25,25.8,25.8,26.18,199205,5200178.43,1662
2026-02-25,INE0ITO01014,ESFL,SM,116.0,122.15,116.0,121.95,122.15,116.35,186840,22717134.0,235
2026-02-25,INE778B01029,ESTER,EQ,97.25,108.75,97.12,108.0,108.35,97.12,1318187,139998356.22,10612
2026-02-25,INE758T01015,ETERNAL,EQ,255.2,256.6,249.45,250.2,250.1,254.0,103388324,26025158187.35,364328
2026-02-25,INE04TZ01018,ETHOSLTD,EQ,2445.5,2451.8,2404.0,2424.2,2445.0,2436.3,9415,22831195.7,3645
2026-02-25,INE0KCE01017,EUREKAFORB,EQ,497.75,497.75,480.0,484.75,484.45,492.75,135110,66005216.65,9990
2026-02-25,INE546V01010,EIFFL,EQ,242.35,245.45,234.75,241.85,241.95,238.8,9628,2299293.25,528
2026-02-25,INE505V01016,EUROBOND,EQ,174.0,174.0,167.01,168.37,169.95,168.54,3705,625568.85,124
2026-02-25,INE198501012,EUROPRATIK,EQ,252.0,255.0,249.1,253.76,254.0,249.25,81067,20525833.51,5690
2026-02-25,INE022C01012,EUROTEXIND,BE,12.24,12.3,12.24,12.3,12.3,12.3,21,258.0,4
2026-02-25,INE128A01029,EVEREADY,EQ,325.95,327.75,321.2,325.55,327.0,324.4,48573,15749724.4,1786
2026-02-25,INE295A01018,EVERESTIND,EQ,398.7,405.0,392.4,394.65,393.5,394.3,10345,4117822.65,345
2026-02-25,INE184H01027,EKC,EQ,115.71,116.02,113.6,114.11,114.61,115.17,98453,11284995.67,1445
2026-02-25,INE369A01029,EXCELINDUS,EQ,955.3,995.0,953.5,973.15,975.0,949.15,13106,12793834.55,1672
2026-02-25,INE688J01023,EXCEL,EQ,1.14,1.17,1.12,1.13,1.14,1.12,2389816,2718075.93,1112
2026-02-25,INE0Y4801011,EXCELLENT,ST,98.45,98.45,89.35,95.35,92.9,93.95,46400,4381760.0,24
2026-02-25,INE606N01019,EXCELSOFT,EQ,79.06,87.7,79.06,86.82,86.8,79.88,3414026,291485767.84,21339
2026-02-25,INE777F01014,EXICOM,EQ,94.87,99.0,94.27,95.13,96.0,94.78,163054,15513036.03,2374
2026-02-25,INE302A01020,EXIDEIND,EQ,338.4,343.0,335.65,337.35,337.45,335.95,2484898,841071098.65,21804
2026-02-25,INE19I001020,EXIMROUTES,ST,161.5,161.5,161.5,161.5,161.5,164.75,17600,2842400.0,11
2026-02-25,INE201K01015,EXPLEOSOL,EQ,783.0,796.0,761.8,768.35,765.2,781.8,11842,9186199.55,1156
2026-02-25,INE0GFE01026,EXXARO,EQ,7.79,7.79,7.3,7.47,7.5,7.42,145676,1093981.69,508
2026-02-25,INE0HF201011,FABTECH,EQ,154.5,155.98,150.52,152.98,152.25,154.0,159706,24425436.58,2669
2026-02-25,INE188A01015,FACT,EQ,762.95,774.35,753.3,756.8,758.8,757.25,48563,36974736.95,4113
2026-02-25,INE0DNW01011,FAIRCHEMOR,EQ,577.05,585.15,572.3,575.7,574.0,577.05,4550,2632488.45,613
2026-02-25,INE0PQK01013,FALCONTECH,SM,14.85,15.25,14.6,15.25,15.25,15.35,10800,159600.0,7
2026-02-25,INE963C01033,FAZE3Q,BE,480.15,487.0,464.7,464.7,464.7,489.15,29829,14046244.75,642
2026-02-25,INE512B01022,FCSSOFT,EQ,1.63,1.64,1.59,1.6,1.6,1.61,1181025,1911995.52,1404
2026-02-25,INE258B01022,FDC,EQ,370.2,370.6,362.0,364.3,365.8,368.85,46679,17070366.65,3796
2026-02-25,INE007N01010,FEDFINA,EQ,138.49,138.76,134.5,135.04,135.5,136.71,455243,62207874.15,6853
2026-02-25,INE171A01029,FEDERALBNK,EQ,296.35,301.05,296.35,299.1,299.75,295.65,5928219,1768071229.05,59067
2026-02-25,INE529A01010,FMGOETZE,EQ,418.0,429.0,409.0,411.2,410.45,418.2,62675,25967593.0,1706
2026-02-25,INE901X01013,FELIX,SM,186.0,187.0,181.05,183.75,183.2,185.35,15000,2771725.0,29
2026-02-25,INE296C01020,FIBERWEB,BE,41.4,42.0,41.0,41.58,41.9,41.87,10333,425029.88,71
2026-02-25,INE0LQQ01019,FIDEL,SM,134.0,135.8,134.0,135.8,135.8,132.0,2000,269800.0,2
2026-02-25,INE737H01014,FIEMIND,EQ,2237.6,2268.0,2215.5,2262.3,2265.9,2243.2,62426,140281313.5,10530
2026-02-25,INE185E01021,FILATFASH,EQ,0.22,0.23,0.21,0.22,0.23,0.22,56342262,12654743.09,3929
2026-02-25,INE816B01035,FILATEX,EQ,44.55,45.27,43.1,44.2,44.15,44.89,1237717,54330652.02,4124
2026-02-25,INE0EDU01014,FINBUD,SM,106.0,106.0,100.6,101.35,101.4,108.0,21000,2162800.0,20
2026-02-25,INE686Y01026,FINEORG,EQ,4905.9,4949.0,4849.1,4883.5,4879.9,4872.3,27021,132414034.4,5426
2026-02-25,INE045J01034,FCL,EQ,24.28,24.59,23.5,23.8,23.85,24.26,2233817,53588069.35,4238
2026-02-25,INE734I01027,FINKURVE,EQ,82.36,82.5,78.75,79.93,80.0,81.78,21299,1705097.74,802
2026-02-25,INE02NC01014,FINOPB,EQ,207.03,208.39,202.51,202.95,204.45,205.02,175007,35803433.36,2405
2026-02-25,INE235A01022,FINCABLES,EQ,815.0,829.0,812.35,826.6,824.0,812.35,230950,190092857.35,13573
2026-02-25,INE183A01024,FINPIPE,EQ,183.95,185.48,181.4,184.16,184.5,182.65,352329,64696567.6,9286
2026-02-25,INE684F01012,FSL,EQ,230.0,231.15,217.2,218.65,218.2,227.9,3558245,792018914.5,53248
2026-02-25,INE771F01041,FISCHER,EQ,40.31,40.84,38.51,38.76,39.0,40.04,1346791,52943680.53,4606
2026-02-25,INE128S01021,FIVESTAR,EQ,426.0,429.3,423.55,426.35,425.15,426.15,1217294,518977320.25,19276
2026-02-25,INE00Y201027,FLAIR,EQ,312.45,314.0,305.15,311.6,311.5,309.25,78011,24154243.25,2315
2026-02-25,INE060J01017,FLEXITUFF,EQ,10.43,10.49,9.5,10.19,10.19,10.43,2968,29823.29,44
2026-02-25,INE0VCK01011,FLYSBS,SM,481.0,495.0,472.0,484.45,480.0,481.95,11600,5588040.0,37
2026-02-25,INE0SQZ01015,FWSTC,SM,182.0,187.9,181.6,187.9,187.9,188.4,2400,443610.0,4
2026-02-25,INE0I7D01019,FOCE,SM,1747.0,1747.0,1747.0,1747.0,1747.0,1747.0,100,174700.0,1
2026-02-25,INE593W01028,FOCUS,EQ,65.16,66.31,64.51,65.44,66.0,65.16,78218,5088737.54,901
2026-02-25,INE0Q4701019,FONEBOX,SM,78.0,81.0,76.1,76.1,76.1,80.0,7000,551100.0,7
2026-02-25,INE976E01023,FOODSIN,EQ,61.5,62.85,59.3,59.59,59.51,60.03,133367,8157776.78,1424
2026-02-25,INE0U2501017,FORCAS,SM,104.0,107.0,104.0,106.45,106.0,101.95,16000,1690880.0,10
2026-02-25,INE451A01017,FORCEMOT,EQ,25189.0,25436.0,25005.0,25262.0,25175.0,25038.0,48697,1230359100.0,15757
2026-02-25,INE0YKW01013,FORGEAUTO,SM,84.2,84.2,84.2,84.2,84.2,88.35,1200,101040.0,1
2026-02-25,INE061F01013,FORTIS,EQ,924.3,935.0,917.6,930.75,933.0,919.55,1678874,1560344310.75,46255
2026-02-25,INE519A01011,FOSECOIND,EQ,4700.0,4898.0,4700.0,4852.5,4890.0,4731.5,2355,11404733.4,886
2026-02-25,INE212S01015,FRACTAL,EQ,833.0,844.45,802.35,808.65,805.0,831.85,815905,664693987.1,44084
2026-02-25,INF090I01VX3,FICRF3GP,MF,136.0,136.0,136.0,136.0,136.0,125.0,1,136.0,1
2026-02-25,INE0SFW01015,FRESHARA,ST,199.0,205.0,196.0,204.9,204.9,198.9,15600,3154110.0,21
2026-02-25,INE385O01018,FROG,SM,148.0,152.7,146.5,151.9,151.9,148.05,6400,954580.0,15
2026-02-25,INE388Y01029,NYKAA,EQ,265.0,268.4,262.66,266.63,266.75,261.36,4486992,1194506119.01,39129
2026-02-25,INE12UR01024,UTLSOLAR,EQ,199.0,200.38,191.51,194.36,194.88,197.91,157757,30698124.64,6462
2026-02-25,INE139R01012,FUSION,EQ,188.0,191.9,184.99,191.06,190.3,186.79,345295,65453814.03,4044
2026-02-25,INE452O01016,FLFL,BZ,1.17,1.22,1.13,1.16,1.15,1.17,45690,53406.38,97
2026-02-25,INE623B01027,FEL,BZ,0.43,0.44,0.43,0.43,0.44,0.43,99666,43212.94,61
2026-02-25,IN9623B01058,FELDVR,BZ,2.78,2.91,2.78,2.91,2.91,2.78,1834,5329.91,17
2026-02-25,INE360L01017,FMNL,EQ,8.5,8.65,8.08,8.12,8.09,8.5,34304,283786.03,157
2026-02-25,INE075D01018,GMBREW,EQ,1014.0,1034.0,995.0,1001.35,1003.8,1005.2,74911,75706144.3,5440
2026-02-25,INE201P01022,GRINFRA,EQ,986.0,991.45,970.25,987.1,987.0,986.0,19799,19527793.65,3481
2026-02-25,INE586X01012,GTECJAINX,EQ,21.0,21.0,18.1,18.8,19.19,19.0,23831,468832.18,236
2026-02-25,INE524A01029,GABRIEL,EQ,965.8,1023.7,964.15,1011.6,1012.35,965.8,662099,662849007.95,34469
2026-02-25,INE224E01028,GATECH,EQ,0.52,0.53,0.5,0.5,0.51,0.52,6479770,3321790.5,1102
2026-02-25,INE224E01036,GATECHDVR,EQ,0.48,0.48,0.46,0.47,0.47,0.47,321767,151076.75,203
2026-02-25,INE129A01019,GAIL,EQ,168.0,170.31,167.75,170.0,169.89,167.86,10027465,1696998933.05,99093
2026-02-25,INE0RE001014,GALAPREC,EQ,754.4,758.5,739.1,744.95,752.0,746.45,10533,7846269.4,705
2026-02-25,INE09A801015,GML,ST,17.45,17.45,17.45,17.45,17.45,17.5,4000,69800.0,1
2026-02-25,INE600K01018,GALAXYSURF,EQ,1942.0,1975.0,1934.3,1964.6,1975.0,1942.0,5681,11129470.1,1320
2026-02-25,INE297H01019,GALLANTT,EQ,556.0,563.85,550.0,558.7,559.0,553.85,43808,24451410.55,2941
2026-02-25,INE717W01049,GANDHAR,EQ,140.8,143.0,140.0,140.54,140.7,140.82,72419,10233757.58,1598
2026-02-25,INE524B01027,GANDHITUBE,EQ,898.45,911.0,885.0,888.7,886.1,902.95,4576,4100310.65,463
2026-02-25,INE388A01029,GANESHBE,EQ,82.0,82.86,81.04,81.64,82.0,82.84,65565,5359474.96,1037
2026-02-25,INE652V01016,GANESHCP,EQ,170.0,172.45,162.42,164.29,163.0,170.71,128362,21281254.81,3146
2026-02-25,INE0R8C01018,GGBL,SM,268.3,268.3,258.2,263.1,266.0,258.65,10800,2826255.0,34
2026-02-25,INE460C01014,GANESHHOU,EQ,690.0,695.4,659.0,673.8,672.0,688.6,81524,55007344.7,5364
2026-02-25,INE0TVT01024,GANESHIN,SM,82.45,83.9,78.35,78.35,78.35,82.45,356800,28264680.0,229
2026-02-25,INE845D01014,GANECOS,EQ,783.1,800.0,768.5,774.45,775.0,779.1,68261,53074394.0,4055
2026-02-25,INE0ZI101018,GANGABATH,SM,17.05,17.15,16.95,17.05,16.95,17.75,21000,358200.0,7
2026-02-25,INE691Z01023,GANGAFORGE,EQ,2.95,3.07,2.95,2.96,3.02,2.93,334185,1002063.3,375
2026-02-25,INE335W01016,GANGESSECU,EQ,132.91,133.0,125.41,129.97,130.0,123.0,2200,287230.45,140
2026-02-25,INE382Z01011,GRSE,EQ,2427.0,2448.0,2408.0,2423.3,2426.0,2416.3,336511,816152675.0,17586
2026-02-25,INE0JVO01026,GARUDA,EQ,182.15,187.0,178.19,180.35,180.0,180.24,510181,92389136.16,7352
2026-02-25,INE291A01017,GRWRHITECH,EQ,3970.0,4059.0,3922.2,4025.1,4051.0,3962.8,29875,119185683.9,6235
2026-02-25,INE276A01018,GARFIBRES,EQ,646.0,656.85,637.05,642.9,641.15,645.45,117495,76019266.1,15185
2026-02-25,INE079J01017,GATEWAY,EQ,59.19,59.39,58.52,59.0,59.02,59.32,550711,32488431.23,5416
2026-02-25,INE287Z01012,GAYAHWS,EQ,2.2,2.29,2.16,2.25,2.27,2.23,221688,496303.67,400
2026-02-25,INE0LVM01018,GRCL,SM,400.0,400.0,400.0,400.0,400.0,409.0,250,100000.0,1
2026-02-25,INE878A01011,GVPIL,BE,479.0,479.8,456.0,467.3,468.0,478.05,194399,90746020.0,3983
2026-02-25,INE200A01026,GVT&D,EQ,3753.5,3868.0,3711.5,3815.5,3810.0,3735.9,525115,1993721134.5,49663
2026-02-25,INE916G01016,GEECEE,EQ,298.9,298.9,286.35,288.3,288.4,290.15,1165,336797.2,89
2026-02-25,INE669X01032,GEEKAYWIRE,EQ,25.97,26.26,25.41,25.65,25.45,25.58,93986,2425578.57,663
2026-02-25,INE06XZ01023,GEMAROMA,EQ,192.0,198.3,188.82,196.23,196.0,191.73,170906,33241146.85,2412
2026-02-25,INE481Y01014,GICRE,EQ,386.1,392.8,386.0,391.2,391.25,386.1,387571,151494344.05,14356
2026-02-25,INE854S01022,GENCON,EQ,58.67,59.96,46.94,47.1,46.94,58.67,2911785,148355984.76,14114
2026-02-25,INE727B01026,GENESYS,EQ,306.3,308.65,299.5,301.25,301.25,306.3,236307,71697876.7,6754
2026-02-25,INE949P01018,GENUSPAPER,EQ,12.59,13.0,12.41,12.78,12.89,12.59,79381,999882.72,183
2026-02-25,INE955D01029,GENUSPOWER,EQ,262.0,268.95,257.45,261.95,264.0,258.05,559509,147700699.25,15136
2026-02-25,INE007B01023,GEOJITFSL,EQ,65.57,65.67,64.08,64.55,64.2,65.41,251724,16349689.52,1883
2026-02-25,INE538A01037,GFLLIMITED,EQ,47.35,47.6,45.17,46.53,46.55,46.51,53699,2508993.83,983
2026-02-25,INE539A01019,GHCL,EQ,489.05,498.3,475.0,480.95,482.45,489.05,151611,72981560.1,6693
2026-02-25,INE0PA801013,GHCLTEXTIL,EQ,78.49,80.52,77.0,77.26,77.79,77.87,112285,8762847.51,1621
2026-02-25,INE289B01019,GICHSGFIN,EQ,155.05,156.9,155.05,155.55,155.98,154.96,53047,8283123.14,945
2026-02-25,INE047B01011,GILLANDERS,EQ,92.01,92.54,90.2,90.47,91.0,90.84,6904,628000.2,152
2026-02-25,INE322A01010,GILLETTE,EQ,8457.0,8505.0,8385.0,8410.5,8415.0,8417.5,9490,80049060.5,3320
2026-02-25,INE424C01010,GINNIFILA,EQ,39.12,39.63,38.43,39.09,39.0,39.0,39200,1529638.94,506
2026-02-25,INE614Z01017,GIRIRAJ,ST,148.9,148.9,148.0,148.0,148.0,142.5,1000,148625.0,3
2026-02-25,INE1AG301022,GKENERGY,EQ,118.8,119.5,112.22,113.73,113.2,117.36,495441,57421708.55,4232
2026-02-25,INE528A01020,GKWLIMITED,EQ,1677.0,1677.0,1626.3,1641.8,1645.0,1667.1,133,219336.6,18
2026-02-25,INE068V01023,GLAND,EQ,1802.4,1857.5,1791.6,1848.5,1845.0,1802.4,92312,168957427.9,10579
2026-02-25,INE159A01016,GLAXO,EQ,2602.5,2667.4,2602.5,2652.5,2650.0,2618.2,39395,104277290.3,7644
2026-02-25,INE935A01035,GLENMARK,EQ,2070.0,2092.3,2061.0,2085.0,2078.5,2058.6,455454,946739772.6,23988
2026-02-25,INE291W01037,GLOBAL,BE,101.5,105.0,101.01,104.07,104.15,104.46,51025,5262781.12,341
2026-02-25,INE474Q01031,MEDANTA,EQ,1149.9,1166.0,1138.6,1155.0,1159.8,1149.9,234454,270011006.5,20059
2026-02-25,INE0PS501019,GLOBALPET,SM,115.0,115.5,115.0,115.0,115.5,115.35,12750,1466625.0,5
2026-02-25,INE0JSX01015,GSLSU,EQ,90.4,91.78,88.1,88.61,89.48,90.36,15984,1440255.76,274
2026-02-25,INE792H01019,GLOBALVECT,EQ,166.0,168.59,161.1,162.0,161.1,163.2,4740,778555.53,362
2026-02-25,INE0URU01010,GLOBALE,EQ,11.5,13.1,11.02,12.02,12.03,10.92,35391,423301.09,187
2026-02-25,INE0V3U01015,GLOBECIVIL,EQ,51.7,52.41,48.8,49.6,49.8,50.94,113774,5656227.99,1448
2026-02-25,INE581X01021,GLOBE,EQ,2.7,2.8,2.7,2.74,2.75,2.71,227609,628727.9,430
2026-02-25,INE947T01022,GICL,BE,48.15,50.9,48.15,50.0,50.0,50.0,129635,6412145.5,115
2026-02-25,INE00WS01056,GSTL,ST,26.35,26.35,26.2,26.3,26.3,25.9,19000,499400.0,17
2026-02-25,INE615I01010,GLOBUSSPR,EQ,923.0,926.8,908.0,913.05,915.0,923.0,49940,45829962.8,3516
2026-02-25,INE350Z01018,GLOSTERLTD,EQ,574.05,589.85,561.0,568.75,563.0,575.1,1829,1050995.85,186
2026-02-25,INE0TQE01026,GLOTTIS,EQ,49.05,49.5,48.56,49.06,49.15,49.72,178841,8783067.95,1125
2026-02-25,INE541A01023,GMMPFAUDLR,EQ,960.3,999.0,939.45,985.65,986.0,960.3,72367,70234703.8,5574
2026-02-25,INE776C01039,GMRAIRPORT,EQ,102.78,103.03,101.5,102.27,102.15,101.7,10916245,1115192897.1,46151
2026-02-25,INE0CU601026,GMRP&UI,EQ,118.3,123.0,115.97,121.97,122.04,118.3,2571321,307933407.95,15423
2026-02-25,INE934S01014,GNA,EQ,418.15,426.4,416.85,421.75,423.95,418.15,56493,23772024.9,2905
2026-02-25,INE18JU01028,EBGNG,EQ,374.95,377.0,363.05,365.7,365.55,372.7,92573,34021737.35,3505
2026-02-25,INE03JT01014,GODIGIT,EQ,338.5,344.95,334.65,340.5,343.0,337.75,167268,56711860.85,7980
2026-02-25,INE0BJS01011,GOCOLORS,EQ,320.45,333.0,319.0,332.3,333.0,322.7,70205,22970391.55,2486
2026-02-25,INE426D01013,GOACARBON,EQ,376.0,382.05,367.95,370.3,369.0,374.7,43641,16415416.1,2575
2026-02-25,INE077F01035,GOCLCORP,EQ,253.3,255.0,250.1,253.6,254.85,251.5,26078,6587795.7,909
2026-02-25,INE497S01012,GODAVARIB,EQ,274.0,279.3,273.25,277.3,276.05,272.9,61625,17052632.65,1742
2026-02-25,INE177H01039,GPIL,EQ,269.5,272.03,266.41,270.9,271.8,268.61,1267580,341897220.66,16985
2026-02-25,INE260B01028,GODFRYPHLP,EQ,2160.0,2185.7,2081.4,2093.4,2091.7,2148.0,1406388,2978843003.5,81323
2026-02-25,INE850D01014,GODREJAGRO,EQ,639.95,642.95,621.2,623.6,626.0,638.35,106513,66862608.4,7613
2026-02-25,INE102D01028,GODREJCP,EQ,1236.1,1240.2,1229.1,1237.4,1235.0,1234.6,762999,942275886.1,36014
2026-02-25,INE233A01035,GODREJIND,EQ,1052.0,1052.0,1025.05,1035.7,1032.0,1050.3,39517,40919868.35,4266
2026-02-25,INE484J01027,GODREJPROP,EQ,1789.4,1819.0,1780.0,1797.8,1800.0,1770.7,1078579,1942149205.7,27930
2026-02-25,IN0020240191,679GS2031,GS,101.0,101.5,101.0,101.5,101.5,102.22,153,15503.0,2
2026-02-25,IN0020240159,679GS2034A,GS,99.22,99.22,99.22,99.22,99.22,94.5,750,74415.0,2
2026-02-25,IN0020240175,698GR2054,GS,95.49,95.49,95.49,95.49,95.49,95.49,6,572.94,1
2026-02-25,IN0020240142,709GS2074,GS,96.69,97.9,96.57,97.0,97.0,96.69,134565,13011294.3,64
2026-02-25,IN0020210012,563GS2026,GS,101.91,101.91,101.83,101.83,101.83,101.83,2000,203668.0,2
2026-02-25,IN0020250067,601GS2030,GS,99.0,99.0,99.0,99.0,99.0,97.31,230,22770.0,3
2026-02-25,IN0020250125,603GS2029,GS,98.9,98.9,98.9,98.9,98.9,100.0,2000,197800.0,1
2026-02-25,IN0020210095,610GS2031,GS,96.12,96.12,96.12,96.12,96.12,96.5,1,96.12,1
2026-02-25,IN0020250059,628GS2032,GS,99.5,100.75,99.5,100.75,100.75,99.0,2887,288668.2,4
2026-02-25,IN0020250026,633GS2035,GS,98.6,98.6,97.85,97.85,97.85,97.85,10000,980005.7,5
2026-02-25,IN0020250091,648GS2035,GS,100.75,101.25,100.75,101.25,101.25,100.25,10000,1012450.0,2
2026-02-25,IN0020210244,654GS2032,GS,100.0,100.25,100.0,100.0,100.0,100.0,11000,1100125.0,5
2026-02-25,IN0020210152,667GS2035,GS,100.37,101.89,100.36,101.89,101.89,102.95,1429,143567.54,3
2026-02-25,IN0020250042,668GS2040,GS,97.6,98.5,97.6,98.48,98.5,97.27,13357,1306293.7,12
2026-02-25,IN0020200401,676GS2061,GS,93.8,93.8,91.65,91.8,91.8,91.52,29734,2729002.92,18
2026-02-25,IN0020240126,679GS2034,GS,102.0,102.0,102.0,102.0,102.0,102.7,500,51000.0,1
2026-02-25,IN0020250018,690GS2065,GS,95.4,95.4,95.3,95.35,95.35,95.5,75190,7170776.0,17
2026-02-25,IN0020210202,695GS2061,GS,95.0,95.0,95.0,95.0,95.0,95.4,17,1615.0,1
2026-02-25,IN0020210194,699GS2051,GS,97.45,97.6,97.45,97.6,97.6,97.18,2,195.05,2
2026-02-25,IN0020240050,704GS2029,GS,104.0,104.0,104.0,104.0,104.0,103.6,2000,208000.0,1
2026-02-25,IN0020230010,706GS2028,GS,103.61,104.0,103.61,104.0,104.0,104.51,3550,368595.5,4
2026-02-25,IN0020240118,709GS2054,GS,96.03,97.62,96.03,97.25,97.49,96.25,5736,555386.81,26
2026-02-25,IN0020230036,717GS2030,GS,104.0,105.0,104.0,104.0,104.0,104.25,2100,218900.0,4
2026-02-25,IN0020230085,718GS2033,GS,103.55,103.55,102.71,102.72,102.72,102.4,497,51052.66,3
2026-02-25,IN0020230077,718GS2037,GS,103.2,103.61,102.9,103.44,103.44,102.75,835773,86412311.2,10
2026-02-25,IN0020250075,724GS2055,GS,98.2,98.5,98.1,98.5,98.5,98.2,74547,7324664.7,68
2026-02-25,IN0020230044,725GS2063,GS,98.61,99.09,98.5,98.67,98.61,98.56,26035,2572179.83,30
2026-02-25,IN0020220060,726GS2032,GS,103.5,103.6,103.2,103.6,103.6,103.2,22197,2295183.44,21
2026-02-25,IN0020220151,726GS2033,GS,103.99,103.99,103.99,103.99,103.99,103.0,10000,1039900.0,4
2026-02-25,IN0020230051,73GS2053,GS,99.8,99.8,99.75,99.75,99.75,99.99,4300,429075.0,2
2026-02-25,IN0020230119,733GS2026,GS,103.0,103.55,102.51,102.62,102.62,102.61,952,98193.24,6
2026-02-25,IN0020240035,734GS2064,GS,100.7,101.3,100.7,100.71,100.71,100.7,17397,1757233.76,17
2026-02-25,IN0020220086,736GS2052,GS,103.0,103.0,103.0,103.0,103.0,103.9,100,10300.0,1
2026-02-25,IN0020230101,737GS2028,GS,105.05,105.05,105.0,105.0,105.0,105.05,200,21005.0,2
2026-02-25,IN0020220094,74GS2062,GS,102.95,102.95,102.1,102.95,102.95,102.3,976,100458.8,5
2026-02-25,IN0020220102,741GS2036,GS,105.01,105.5,105.01,105.4,105.4,105.5,61984,6529630.66,26
2026-02-25,IN0020250117,743GS2076,GS,101.25,101.25,100.31,100.35,100.35,100.3,2700,271440.85,9
2026-02-25,IN0020230127,746GS2073,GS,102.0,102.05,102.0,102.01,102.05,102.0,8302,846859.55,15
2026-02-25,IN0020220029,754GS2036,GS,107.35,107.75,107.28,107.58,107.67,107.73,413801,44549558.0,237
2026-02-25,IN0020010081,1018GS2026,GS,107.15,108.45,107.15,107.9,107.9,105.11,1018,109085.4,7
2026-02-25,IN0020200070,579GS2030,GS,99.7,99.7,99.5,99.7,99.7,96.35,2901,289229.5,3
2026-02-25,IN0020220011,710GS2029,GS,105.0,105.0,105.0,105.0,105.0,105.6,6165,647325.0,2
2026-02-25,IN0020170174,717GS2028,GS,101.02,101.02,101.02,101.02,101.02,103.0,1,101.02,1
2026-02-25,IN0020200039,719GS2060,GS,100.99,100.99,100.99,100.99,100.99,100.85,3000,302970.0,3
2026-02-25,IN0020190016,727GS2026,GS,100.27,101.85,100.27,101.85,101.85,102.85,22,2223.32,2
2026-02-25,IN0020220037,738GS2027,GS,103.59,103.6,103.36,103.38,103.4,103.54,45076,4664028.03,30
2026-02-25,IN0020150077,772GS2055,GS,105.6,105.6,105.6,105.6,105.6,111.0,2,211.2,1
2026-02-25,IN0020060078,824GS2027,GS,106.0,106.0,106.0,106.0,106.0,103.48,109,11554.0,3
2026-02-25,IN0020110063,883GS2041,GS,118.66,118.66,118.5,118.5,118.5,113.01,125,14828.5,2
2026-02-25,IN0020110055,897GS2030,GS,111.3,111.3,111.3,111.3,111.3,113.15,4,445.2,1
2026-02-25,IN0020130053,92GS2030,GS,115.25,115.25,114.91,115.0,115.0,115.01,17497,2011937.0,10
2026-02-25,IN002025Y362,182D040626,TB,98.1,98.25,98.1,98.25,98.25,97.65,400,39270.0,2
2026-02-25,IN002025Y446,182D060826,TB,97.29,97.29,97.29,97.29,97.29,96.99,100,9729.0,1
2026-02-25,IN002025Y339,182D140526,TB,98.6,98.6,98.6,98.6,98.6,98.6,1000,98600.0,1
2026-02-25,IN002025Y461,182D210826,TB,97.27,97.27,97.27,97.27,97.27,97.0,100,9727.0,1
2026-02-25,IN002025Z278,364D021026,TB,96.3,96.3,96.3,96.3,96.3,96.34,1000,96300.0,1
2026-02-25,IN002025Z369,364D031226,TB,95.34,95.34,95.34,95.34,95.34,95.23,100,9534.0,1
2026-02-25,IN002025Z336,364D121126,TB,95.65,95.8,95.65,95.8,95.8,95.4,200,19145.0,2
2026-02-25,IN002025Z039,364D160426,TB,99.15,99.15,99.15,99.15,99.15,99.04,3300,327195.0,1
2026-02-25,IN002025Z468,364D190227,TB,94.3,94.31,94.3,94.31,94.31,94.3,200,18861.0,2
2026-02-25,IN002025X364,91D050326,TB,99.85,99.85,99.85,99.85,99.85,99.8,1000,99850.0,4
2026-02-25,IN002025X448,91D070526,TB,98.67,98.75,98.67,98.75,98.75,98.64,200,19742.0,2
2026-02-25,IN002025X406,91D090426,TB,99.18,99.18,99.18,99.18,99.18,99.25,100,9918.0,1
2026-02-25,IN002025X455,91D140526,TB,98.54,98.54,98.53,98.53,98.53,98.52,1100,108384.0,2
2026-02-25,IN002025X380,91D190326,TB,99.58,99.69,99.58,99.69,99.69,99.4,400,39865.0,2
2026-02-25,IN002025X422,91D230426,TB,98.92,98.92,98.92,98.92,98.92,98.9,100,9892.0,1
2026-02-25,INE887G01027,GOKEX,EQ,717.0,729.75,692.15,697.7,697.1,709.85,810254,571981443.35,24617
2026-02-25,INE314T01033,GOKULAGRO,EQ,174.7,174.7,169.22,169.83,169.6,173.23,128923,22014838.05,2990
2026-02-25,INE020J01029,GOKUL,EQ,41.0,42.9,40.29,41.61,41.89,40.39,58932,2434031.51,389
2026-02-25,INE973A01010,GOLDENTOBC,BZ,29.0,29.9,28.85,29.9,29.9,29.52,3454,100969.56,45
2026-02-25,INE025B01025,GOLDIAM,EQ,356.0,360.0,342.25,350.3,357.0,353.75,456145,159629800.95,7626
2026-02-25,INE06MH01016,GOLDKART,SM,246.2,252.1,239.0,252.1,252.1,246.0,21250,5248062.5,34
2026-02-25,INE405Y01021,GOLDSTAR,SM,7.2,7.2,7.2,7.2,7.2,6.9,11250,81000.0,1
2026-02-25,INE127I01024,GOODLUCK,EQ,1202.4,1233.9,1190.5,1203.8,1199.1,1198.4,63517,76999888.2,5073
2026-02-25,INE0L9R01028,GOPAL,EQ,292.3,309.0,288.8,306.95,306.1,288.8,225001,67678052.65,7620
2026-02-25,INE705X01026,GOYALALUM,BE,6.85,7.05,6.77,6.83,6.87,6.82,63435,435710.29,318
2026-02-25,INE0QFE01017,GOYALSALT,SM,134.0,134.0,134.0,134.0,134.0,139.0,600,80400.0,1
2026-02-25,INE0S7E01015,GPECO,SM,325.0,358.05,325.0,343.5,340.1,326.0,25000,8628720.0,62
2026-02-25,INE586G01017,GULFPETRO,EQ,32.97,33.49,31.99,32.56,32.7,32.32,14148,460130.77,280
2026-02-25,INE486R01017,GPTHEALTH,EQ,122.0,127.98,122.0,125.35,124.7,122.45,183161,22844080.09,2096
2026-02-25,INE390G01014,GPTINFRA,EQ,123.67,125.1,122.52,124.01,124.62,123.36,130449,16113486.58,1632
2026-02-25,INE12E301017,GCHOTELS,SM,116.2,120.0,116.2,117.65,117.6,116.45,33600,3968610.0,22
2026-02-25,INE101D01020,GRANULES,EQ,599.6,606.95,594.95,599.95,599.95,599.6,775187,465486464.85,21477
2026-02-25,INE0POU01017,GRAPHISAD,ST,31.75,33.3,31.75,31.75,31.75,33.4,32400,1033980.0,26
2026-02-25,INE371A01025,GRAPHITE,EQ,688.0,727.0,687.0,719.3,724.0,683.65,5128142,3658771476.1,89000
2026-02-25,INE047A01021,GRASIM,EQ,2892.0,2910.7,2867.1,2878.4,2878.0,2879.3,595400,1717680648.4,26871
2026-02-25,INE024L01027,GRAVITA,EQ,1584.3,1600.8,1579.8,1594.5,1591.3,1579.8,65822,104802848.5,7318
2026-02-25,INE224A01026,GREAVESCOT,EQ,155.9,156.5,150.5,152.62,152.65,154.52,728065,111477337.13,14301
2026-02-25,INE0O7P01015,GREENCHEF,SM,43.5,45.15,43.25,43.5,43.5,45.0,42400,1852000.0,20
2026-02-25,INE544R01021,GREENLAM,EQ,236.0,239.68,236.0,238.36,238.65,236.59,8285,1971966.58,354
2026-02-25,INE0PLX01017,GREENLEAF,SM,114.45,114.45,104.0,110.2,113.95,113.2,11000,1198750.0,11
2026-02-25,INE08ZM01014,GREENPANEL,EQ,210.6,211.26,205.1,206.64,208.2,209.53,45066,9358995.4,1812
2026-02-25,INE461C01038,GREENPLY,EQ,224.3,226.55,221.2,223.35,224.5,224.06,120411,26964215.9,2658
2026-02-25,INE199P01028,GCSL,BE,342.7,356.6,342.7,356.6,356.6,349.65,5500,1946542.4,27
2026-02-25,INE985P01012,GRETEX,SM,270.0,270.0,270.0,270.0,270.0,263.75,750,202500.0,1
2026-02-25,INE536A01023,GRINDWELL,EQ,1670.1,1685.9,1647.3,1662.2,1664.0,1681.8,13108,21819593.4,4110
2026-02-25,INE192H01020,GRMOVER,EQ,161.0,166.25,159.8,164.38,164.79,159.67,1547883,253198420.03,5076
2026-02-25,INE1TY801010,GJL,SM,163.9,171.65,163.9,171.65,171.65,156.05,33600,5660000.0,20
2026-02-25,INF666M01MM4,GROWWCAPM,EQ,9.91,9.97,9.8,9.95,9.96,9.83,208723,2068629.21,515
2026-02-25,INF666M01NP5,GROWWCHEM,EQ,27.62,28.4,27.61,27.89,27.9,27.72,15797,440564.96,242
2026-02-25,INF666M01IO8,GROWWDEFNC,EQ,80.02,81.14,80.01,80.85,80.02,80.19,251666,20314696.18,2549
2026-02-25,INF666M01IH2,GROWWEV,EQ,30.0,31.0,29.81,30.93,30.8,30.42,171577,5294450.57,1378
2026-02-25,INF666M01OE7,GROWWGOLD,EQ,15.52,15.6,15.44,15.57,15.58,15.5,5809730,90356353.0,6008
2026-02-25,INF666M01IP5,GROWWLIQID,EQ,107.97,108.0,107.97,107.99,107.99,107.97,199404,21534998.26,220
2026-02-25,INF666M01LB9,GROWWLOVOL,EQ,10.48,10.88,10.48,10.79,10.83,10.69,46954,506714.14,122
2026-02-25,INF666M01MV5,GROWWMC150,EQ,221.7,221.7,218.12,218.85,218.77,217.83,1042,228831.51,52
2026-02-25,INF666M01NI0,GROWWMETAL,EQ,11.71,11.79,11.35,11.75,11.79,11.43,1506078,17608355.68,3021
2026-02-25,INF666M01KJ4,GROWWMOM50,EQ,10.52,10.66,10.48,10.62,10.48,10.5,287383,3042338.87,582
2026-02-25,INF666M01JV1,GROWWN200,EQ,11.74,11.76,11.41,11.54,11.55,11.6,62427,721272.93,370
2026-02-25,INF666M01LI4,GROWWNET,EQ,9.16,9.19,8.94,8.97,8.98,8.98,296008,2661457.39,783
2026-02-25,INF666M01LL8,GROWWNIFTY,EQ,9.97,10.48,9.97,10.24,10.25,10.23,304917,3130189.27,1295
2026-02-25,INF666M01LZ8,GROWWNXT50,EQ,70.0,70.69,69.65,70.35,70.3,69.62,16155,1137590.55,97
2026-02-25,INF666M01LM6,GROWWPOWER,EQ,10.65,10.71,10.54,10.61,10.66,10.56,2645441,28128830.25,1863
2026-02-25,INF666M01NQ3,GROWWPSE,EQ,104.42,105.9,104.05,104.77,104.67,104.6,6293,660377.67,172
2026-02-25,INF666M01JJ6,GROWWRAIL,EQ,33.14,33.37,32.9,32.99,33.04,33.34,678498,22437528.98,3443
2026-02-25,INF666M01MN2,GROWWRLTY,EQ,8.7,9.18,8.4,8.93,8.91,8.97,358622,3222474.43,562
2026-02-25,INF666M01MO0,GROWWSC250,EQ,9.39,9.39,9.16,9.23,9.25,9.19,81448,752591.96,422
2026-02-25,INF666M01OF4,GROWWSLVR,EQ,25.85,26.14,25.66,25.92,25.92,25.66,6020429,155973952.92,5952
2026-02-25,INE137I01015,GRPLTD,EQ,1729.2,1753.9,1650.1,1672.8,1662.1,1729.8,2172,3690822.7,334
2026-02-25,INE0SQY01018,GSMFOILS,SM,202.85,202.9,202.85,202.9,202.9,202.85,1500,304300.0,2
2026-02-25,INE871H01011,GSS,EQ,14.78,14.78,13.6,14.13,14.24,14.37,50522,723411.05,378
2026-02-25,INE221H01019,GTLINFRA,EQ,1.15,1.17,1.11,1.12,1.12,1.15,29798130,33854703.52,11464
2026-02-25,INE043A01012,GTL,EQ,7.29,7.3,7.11,7.12,7.11,7.12,128295,919443.85,570
2026-02-25,INE869I01013,GTPL,EQ,69.48,70.9,55.52,59.08,59.0,68.83,1048849,62919104.94,10554
2026-02-25,INE742B01025,GUFICBIO,EQ,281.15,285.6,277.6,279.3,279.0,281.1,39032,10991822.9,1553
2026-02-25,INE162A01010,GIPCL,EQ,140.02,147.7,139.6,143.82,144.43,140.14,715332,103524825.61,7035
2026-02-25,INE113A01013,GNFC,EQ,459.75,462.0,456.05,457.6,458.3,457.55,121996,55901852.0,4506
2026-02-25,INE026A01025,GSFC,EQ,171.35,174.45,171.0,171.53,171.51,171.29,609688,104947085.27,9212
2026-02-25,INE826C01016,GUJAPOLLO,EQ,383.75,383.75,370.0,375.85,378.95,378.3,7737,2902584.6,537
2026-02-25,INE186A01019,GUJALKALI,EQ,477.95,482.75,471.0,477.3,476.0,475.2,20250,9654003.8,1840
2026-02-25,INE036B01030,GAEL,EQ,144.28,145.56,143.0,144.35,144.5,144.28,533605,76998296.94,6918
2026-02-25,INE09N301011,FLUOROCHEM,EQ,3534.6,3534.6,3435.1,3494.5,3499.0,3538.6,66039,229295879.3,8552
2026-02-25,INE844O01030,GUJGASLTD,EQ,404.75,407.95,402.55,405.95,406.0,405.4,329651,133574464.4,10781
2026-02-25,INE0V0W01025,GKSL,EQ,111.85,112.29,110.61,111.99,112.0,110.71,589742,65998603.92,2205
2026-02-25,INE540A01017,GLFL,BE,6.45,6.45,6.16,6.16,6.16,6.48,108,667.6,3
2026-02-25,INE131A01031,GMDCLTD,EQ,566.0,576.95,561.6,564.65,564.4,560.85,1627328,925384702.0,31301
2026-02-25,INE517F01014,GPPL,EQ,174.91,180.8,174.76,178.35,178.75,174.74,1234542,221036282.7,19088
2026-02-25,INE610B01024,GUJRAFFIA,EQ,40.75,40.75,38.72,38.88,38.72,40.75,3167,123733.81,65
2026-02-25,INE246F01010,GSPL,EQ,303.0,305.95,302.45,304.0,304.8,303.1,187694,57103953.85,9822
2026-02-25,INE942C01045,GUJTHEM,EQ,321.15,321.8,314.3,316.3,318.9,319.3,32182,10220000.55,1549
2026-02-25,INE635Q01029,GULFOILLUB,EQ,1072.2,1097.6,1069.9,1092.8,1096.7,1072.2,31452,34130157.7,3894
2026-02-25,INE255D01024,GULPOLY,EQ,153.6,154.9,152.28,154.34,154.0,151.87,57216,8770568.26,849
2026-02-25,INE1CCX01012,GURUNANAK,SM,30.0,30.0,30.0,30.0,30.0,30.0,1600,48000.0,1
2026-02-25,INE251H01024,GVKPIL,BE,2.94,2.95,2.87,2.89,2.89,2.92,957686,2769006.01,1247
2026-02-25,INE382T01030,GVPTECH,EQ,7.2,7.39,6.82,7.1,7.0,6.79,63167,450075.92,373
2026-02-25,IN9382T01012,GVPTECHPP,E1,3.95,3.95,3.36,3.37,3.38,3.3,15337,56547.18,60
2026-02-25,INE926X01010,HGINFRA,EQ,588.9,609.95,555.5,566.15,564.05,569.0,1401231,814239974.5,34830
2026-02-25,INE115S01010,HALDER,EQ,252.0,252.0,238.8,248.1,250.0,251.35,3985,980056.35,136
2026-02-25,INE320X01016,HALEOSLABS,EQ,1241.5,1279.0,1241.5,1257.5,1257.5,1266.8,330,416361.1,44
2026-02-25,INE596H01014,HGM,EQ,57.99,57.99,54.9,56.54,56.98,56.84,4530,255322.71,74
2026-02-25,INE419U01012,HAPPSTMNDS,EQ,366.0,369.6,358.0,359.65,359.0,362.8,412739,149900154.65,15519
2026-02-25,INE330T01021,HAPPYFORGE,EQ,1339.9,1344.8,1318.1,1333.0,1338.0,1329.7,35766,47622850.3,6373
2026-02-25,INE0TLP01015,WHITEFORCE,SM,37.1,37.2,34.95,34.95,34.95,37.1,20800,743120.0,13
2026-02-25,INE626Z01029,HARDWYN,BE,17.14,17.3,16.65,17.02,17.06,16.78,853585,14506142.19,471
2026-02-25,INE00EV01017,HARIOMPIPE,EQ,370.1,376.5,366.0,370.75,372.8,368.55,62054,23003925.8,2036
2026-02-25,INE544A01019,HARRMALAYA,EQ,195.95,196.76,190.99,193.46,195.0,191.13,22576,4383968.55,607
2026-02-25,INE0JUS01029,HARSHA,EQ,367.0,375.5,363.65,373.7,372.5,365.95,43443,16035425.65,1468
2026-02-25,INE982F01036,HATHWAY,EQ,10.71,10.8,10.51,10.61,10.65,10.7,1875036,19994509.17,3069
2026-02-25,INE473B01035,HATSUN,EQ,899.8,906.95,887.6,893.35,891.95,895.05,13995,12577028.6,1255
2026-02-25,INE176B01034,HAVELLS,EQ,1411.2,1420.6,1395.5,1417.6,1416.0,1403.8,1008679,1421895752.4,27714
2026-02-25,INE550B01022,HBSL,EQ,58.4,62.89,58.33,58.89,58.33,61.4,21172,1245025.13,200
2026-02-25,INE292B01021,HBLENGINE,EQ,705.0,716.05,701.6,708.65,709.9,700.55,726822,515411106.4,23857
2026-02-25,INE236A01020,HCL-INSYS,EQ,13.35,13.63,12.9,12.99,12.96,13.04,365151,4796577.19,1629
2026-02-25,INE860A01027,HCLTECH,EQ,1355.0,1391.4,1354.0,1378.2,1375.9,1339.2,5703505,7866989822.4,119569
2026-02-25,INE756I01012,HDBFS,EQ,716.8,726.7,716.8,725.45,723.9,717.0,302501,218847900.95,12399
2026-02-25,INE127D01025,HDFCAMC,EQ,2689.0,2766.7,2682.8,2743.9,2745.0,2681.4,849803,2317791721.6,41941
2026-02-25,INE040A01034,HDFCBANK,EQ,910.55,916.0,903.1,907.6,907.4,910.5,27884303,25346943106.45,323744
2026-02-25,INF179KC1981,HDFCGOLD,EQ,134.63,136.28,134.63,135.99,136.0,135.45,4133161,561572285.43,14062
2026-02-25,INE795G01014,HDFCLIFE,EQ,740.0,741.9,732.85,735.25,737.0,734.75,2075312,1528853151.6,61712
2026-02-25,INF179KC1EZ4,HDFCBSE500,EQ,37.68,39.0,37.42,38.17,37.45,37.3,40701,1549350.77,210
2026-02-25,INF179KC1DJ0,HDFCGROWTH,EQ,119.81,123.0,119.64,121.01,122.8,119.65,27235,3280601.66,279
2026-02-25,INF179KC1JG3,HDFCLIQUID,EQ,1049.62,1049.66,1049.62,1049.65,1049.66,1049.49,106746,112046932.44,58
2026-02-25,INF179KC1HU8,HDFCLOWVOL,EQ,21.18,21.31,21.0,21.22,21.0,21.08,5167,109697.82,110
2026-02-25,INF179KC1HT0,HDFCMID150,EQ,22.16,22.25,22.03,22.17,22.19,22.08,532429,11793254.62,1586
2026-02-25,INF179KC1HV6,HDFCMOMENT,EQ,31.89,32.13,31.79,31.94,32.0,31.74,133570,4272958.18,579
2026-02-25,INF179KC1HS2,HDFCNEXT50,EQ,71.44,71.74,71.21,71.55,71.24,70.99,51491,3681978.54,563
2026-02-25,INF179KC1HR4,HDFCNIF100,EQ,27.04,27.15,26.91,27.01,26.92,26.91,52276,1416011.67,288
2026-02-25,INF179KC1HY0,HDFCNIFBAN,EQ,62.85,62.91,62.39,62.64,62.69,62.63,54178,3392512.34,559
2026-02-25,INF179KC1IA8,HDFCNIFIT,EQ,32.59,32.93,32.27,32.41,32.3,31.94,588501,19224685.71,1097
2026-02-25,INF179KC1965,HDFCNIFTY,EQ,289.0,289.0,285.02,285.7,285.72,284.93,107169,30685449.54,2980
2026-02-25,INF179KC1HZ7,HDFCPVTBAN,EQ,29.9,29.9,29.25,29.41,29.36,29.32,35879,1053630.12,1344
2026-02-25,INF179KC1DL6,HDFCQUAL,EQ,57.91,58.23,57.53,58.09,58.13,57.54,33259,1920569.39,151
2026-02-25,INF179KC1HX2,HDFCSENSEX,EQ,93.28,93.58,92.66,92.86,93.29,92.85,35676,3318461.42,490
2026-02-25,INF179KC1DI2,HDFCSILVER,EQ,256.87,256.88,251.01,253.05,253.0,250.61,7563946,1916981094.17,28084
2026-02-25,INF179KC1FB2,HDFCSML250,EQ,160.27,161.95,160.27,161.51,161.6,160.15,775876,125180426.25,6529
2026-02-25,INF179KC1DK8,HDFCVALUE,EQ,137.94,138.13,136.8,137.04,137.0,136.3,1827,251474.08,65
2026-02-25,INF179KC1HW4,HDFCPSUBK,EQ,101.17,101.17,98.15,98.66,99.26,99.11,58970,5828978.35,452
2026-02-25,INE759V01019,HEADSUP,EQ,8.06,8.06,7.44,7.86,7.84,7.91,26711,210119.14,158
2026-02-25,INE075I01017,HCG,EQ,583.0,587.45,570.1,579.95,581.15,584.7,161656,93749236.85,10638
2026-02-25,INE558R01013,HECPROJECT,EQ,118.5,118.5,112.0,114.79,114.0,115.99,12397,1424484.22,213
2026-02-25,INE545A01024,HEG,EQ,567.0,583.2,564.55,578.85,576.1,564.75,3030396,1745242662.6,53733
2026-02-25,INE578A01017,HEIDELBERG,EQ,167.36,167.43,163.12,163.85,164.0,167.36,63430,10456045.01,1832
2026-02-25,INE0AJG01018,HEMIPROP,EQ,141.1,144.04,141.01,141.45,141.12,141.39,381466,54357108.97,3724
2026-02-25,INE694N01015,HERANBA,EQ,209.72,216.0,207.0,208.03,207.7,208.68,17584,3659809.57,744
2026-02-25,INE978A01027,HERITGFOOD,EQ,331.75,333.9,319.95,324.65,326.5,328.45,653955,213723053.15,16599
2026-02-25,INE158A01026,HEROMOTOCO,EQ,5511.0,5840.0,5500.5,5737.5,5740.0,5511.0,898486,5147881746.5,84005
2026-02-25,INE782E01017,HESTERBIO,EQ,1555.7,1575.0,1540.1,1559.0,1563.9,1548.1,3768,5868883.1,459
2026-02-25,INE750M01017,HEXATRADEX,EQ,160.85,160.85,157.6,158.41,158.01,157.7,1297,206392.17,52
2026-02-25,INE093A01041,HEXT,EQ,481.3,489.6,458.75,467.2,468.9,477.2,3237577,1512382801.25,89818
2026-02-25,INE548A01028,HFCL,EQ,69.69,71.0,69.46,70.25,70.19,69.4,8828806,619081581.34,27385
2026-02-25,INE0PIC01017,HIGREEN,SM,136.0,137.0,134.0,136.1,137.0,133.0,7200,977040.0,9
2026-02-25,INE106T01025,HITECH,EQ,87.9,89.89,86.65,88.16,87.7,86.34,1000592,88604712.82,7070
2026-02-25,INE00RL01028,HILINFRA,EQ,56.8,56.81,55.11,55.55,55.68,57.1,90714,5069152.06,1390
2026-02-25,INE475B01022,HIKAL,EQ,202.0,203.62,198.46,200.89,201.5,200.56,181465,36427597.46,3716
2026-02-25,INE788H01017,HILTON,EQ,19.7,19.7,17.37,17.91,17.9,19.27,410699,7607702.29,2107
2026-02-25,INE019C01026,HSCL,EQ,494.0,496.9,480.6,483.05,483.9,488.2,1329925,650247498.9,18827
2026-02-25,INE049A01027,HIMATSEIDE,EQ,102.64,103.01,99.61,100.01,99.97,101.11,344887,34775990.18,3081
2026-02-25,INE835D01023,HIRECT,EQ,1414.0,1427.7,1361.2,1383.1,1381.0,1413.7,32174,44624866.8,3513
2026-02-25,INE038A01020,HINDALCO,EQ,936.0,946.0,928.5,937.4,936.6,922.85,5288850,4958298173.75,81790
2026-02-25,INE642Y01029,HINDCON,EQ,20.2,20.94,20.2,20.44,20.57,20.76,14412,294674.42,264
2026-02-25,INE05X901010,HPIL,EQ,127.03,127.03,125.83,125.97,125.83,127.0,8983,1138895.13,116
2026-02-25,INE170I01016,HGS,EQ,382.95,388.0,380.7,382.05,383.6,381.0,10614,4062313.35,751
2026-02-25,INE066F01020,HAL,EQ,3970.0,4004.0,3957.6,3985.0,3985.0,3952.6,1239941,4939742375.6,62041
2026-02-25,INE310C01029,HINDCOMPOS,EQ,427.8,432.1,420.15,422.25,421.0,428.1,1688,718560.7,191
2026-02-25,INE549A01026,HCC,EQ,18.37,18.43,17.74,18.05,18.1,18.17,16514407,298282232.58,17578
2026-02-25,INE531E01026,HINDCOPPER,EQ,568.8,589.0,567.15,585.95,586.0,563.45,17518066,10139509379.6,184660
2026-02-25,INE254N01026,HNDFDS,EQ,483.05,486.75,477.05,485.5,486.7,484.85,29778,14328260.05,1993
2026-02-25,INE871K01015,HMVL,EQ,69.4,71.6,69.4,70.44,71.45,69.84,6744,472968.58,55
2026-02-25,INE345A01011,HINDOILEXP,EQ,132.69,134.25,131.99,132.57,132.6,132.7,330191,43930014.72,2844
2026-02-25,INE094A01015,HINDPETRO,EQ,449.7,454.7,432.45,436.7,437.35,447.05,5442008,2389561062.8,61830
2026-02-25,INE030A01027,HINDUNILVR,EQ,2368.9,2380.0,2349.0,2374.9,2374.2,2358.6,1158620,2744001485.4,63805
2026-02-25,INE267A01025,HINDZINC,EQ,607.5,621.3,602.85,619.05,620.0,597.35,10715612,6585779480.35,133862
2026-02-25,INE05AN01011,HINDWAREAP,EQ,229.9,235.85,227.0,233.19,231.03,228.71,29989,6967331.17,1049
2026-02-25,INE598C01011,HISARMETAL,EQ,167.0,172.01,167.0,168.3,170.0,169.28,2040,344444.06,79
2026-02-25,INE07Y701011,POWERINDIA,EQ,24903.0,25275.0,24769.0,24986.0,24971.0,24903.0,120875,3025050884.0,36520
2026-02-25,INE120D01012,HITECHCORP,EQ,148.0,151.25,146.55,149.08,147.21,147.1,1533,227121.01,87
2026-02-25,INE461D01028,HLEGLAS,EQ,317.0,319.4,313.0,317.65,317.0,315.2,46739,14793992.45,2044
2026-02-25,INE102A01024,HLVLTD,EQ,8.13,8.38,8.0,8.15,8.12,8.13,312572,2545434.22,1054
2026-02-25,INE0ECP01024,HMAAGRO,EQ,26.65,27.54,26.45,26.77,27.25,26.74,214249,5703757.61,663
2026-02-25,INE262A01018,HMT,BZ,55.29,55.29,55.29,55.29,55.29,52.66,18134,1002628.86,46
2026-02-25,INE0S6S01017,HOACFOODS,ST,378.3,378.3,378.3,378.3,378.3,386.0,1500,567450.0,2
2026-02-25,INE0LXA01019,HOLMARC,SM,96.95,96.95,96.85,96.85,96.85,101.9,2250,218025.0,3
2026-02-25,INE481N01025,HOMEFIRST,EQ,1210.0,1260.0,1205.1,1247.8,1245.5,1205.1,389119,482414522.3,29169
2026-02-25,INE0J5401028,HONASA,EQ,306.0,307.4,302.3,304.45,304.4,305.65,239606,73020164.55,9457
2026-02-25,INE634A01018,HONDAPOWER,EQ,2187.1,2201.1,2157.0,2167.4,2160.5,2187.1,2835,6168118.4,568
2026-02-25,INE671A01010,HONAUT,EQ,31700.0,32125.0,31200.0,31440.0,31355.0,31610.0,2499,78683165.0,1742
2026-02-25,INE0GSL01024,HPAL,EQ,36.6,37.66,36.6,36.91,37.66,37.05,41157,1528363.22,525
2026-02-25,INE0VA601019,HPTL,SM,247.0,252.9,247.0,252.9,252.9,255.6,2400,599340.0,3
2026-02-25,INE495S01016,HPL,EQ,349.65,354.05,343.05,346.95,346.0,346.0,134680,46972038.7,5623
2026-02-25,INE0R3501012,HRHNEXT,SM,27.0,27.0,26.35,26.35,26.35,27.7,6000,159075.0,4
2026-02-25,INE031A01017,HUDCO,EQ,191.04,191.86,188.2,190.45,190.59,190.08,2812044,535175071.67,18451
2026-02-25,INE501G01024,HTMEDIA,EQ,22.0,22.26,21.81,21.99,22.25,22.01,20937,461462.11,161
2026-02-25,INE703H01016,HUBTOWN,EQ,202.98,205.0,199.35,200.89,202.0,201.81,355525,71961867.77,3877
2026-02-25,INE275B01026,HUHTAMAKI,EQ,175.85,177.33,172.0,172.74,172.0,175.67,136907,23841288.78,2901
2026-02-25,INE0TO501019,HVAX,SM,720.0,720.0,711.0,711.0,711.0,704.0,600,429900.0,4
2026-02-25,INE965B01022,HYBRIDFIN,EQ,20.02,20.02,19.05,19.18,19.15,20.02,12357,237819.4,79
2026-02-25,INE0V6F01027,HYUNDAI,EQ,2170.0,2213.6,2152.1,2206.5,2206.8,2159.9,667797,1458457684.5,36110
2026-02-25,INE204A01010,IGPL,EQ,372.5,372.5,366.15,368.05,368.5,370.4,15584,5742497.5,306
2026-02-25,INE613B01010,ICDSLTD,EQ,43.29,46.39,41.11,41.74,44.98,43.29,843,35699.0,49
2026-02-25,INE520Y01019,ICEMAKE,EQ,821.8,836.9,805.0,807.05,808.1,821.8,33841,27654129.8,2589
2026-02-25,INE090A01021,ICICIBANK,EQ,1391.8,1407.4,1388.2,1400.5,1398.1,1384.8,16297015,22814495610.0,219690
2026-02-25,INE765G01017,ICICIGI,EQ,1912.8,1944.2,1898.0,1939.3,1930.0,1903.9,449526,868110140.3,24560
2026-02-25,INF109KC19U5,LOWVOLIETF,EQ,23.35,23.35,22.73,22.78,22.77,22.67,228438,5215274.64,730
2026-02-25,INE726G01019,ICICIPRULI,EQ,662.0,670.0,660.5,668.25,669.0,661.4,707124,470604584.9,27107
2026-02-25,INF109KC10W0,MIDSELIETF,EQ,17.41,17.83,17.41,17.68,17.71,17.64,134954,2388740.03,726
2026-02-25,INF109KC16V9,NIF100IETF,EQ,29.34,29.34,28.33,29.11,29.14,29.06,64811,1892294.72,1127
2026-02-25,INF109K012R6,NIFTYIETF,EQ,288.28,288.7,286.5,287.25,287.35,286.5,410260,117999879.88,12145
2026-02-25,INF346A01034,SENSEXIETF,EQ,947.37,949.3,938.08,941.02,945.0,939.74,10967,10335814.15,2204
2026-02-25,INE346A01027,ICICIAMC,EQ,3193.0,3193.0,3089.0,3108.5,3092.0,3150.0,329355,1037453911.4,40133
2026-02-25,INF109KC1NT3,GOLDIETF,EQ,139.1,140.0,135.59,136.37,136.35,135.71,7867258,1071726732.4,31222
2026-02-25,INF109KC11V0,NV20IETF,EQ,15.23,15.23,14.52,14.87,14.81,14.79,414652,6166688.4,1690
2026-02-25,INF109KB15Y7,ICICIB22,EQ,126.0,128.81,125.7,127.91,128.0,127.09,984138,125889233.33,3672
2026-02-25,INF109K1A021,CASHIETF,EQ,1051.1,1051.1,1051.03,1051.03,1051.05,1050.89,69628,73181841.2,54
2026-02-25,INF109K1A153,EVIETF,EQ,30.77,31.15,30.64,31.09,31.12,30.65,43529,1349008.43,424
2026-02-25,INF109KC18O0,GSEC10IETF,EQ,259.76,260.33,259.44,259.65,259.49,259.77,566,147002.24,10
2026-02-25,INF109KC1V59,BSE500IETF,EQ,39.62,39.83,39.33,39.46,39.5,39.43,40700,1609944.86,1085
2026-02-25,INF109KC14A8,GSEC5IETF,EQ,64.63,64.87,64.45,64.72,64.87,64.6,16558,1070682.37,43
2026-02-25,INF109KC17V7,ALPL30IETF,EQ,28.37,28.55,28.37,28.46,28.44,28.37,624012,17776553.93,1145
2026-02-25,INF109KC10V2,AUTOIETF,EQ,28.78,29.36,28.76,29.27,29.3,28.79,741315,21648588.88,1907
2026-02-25,INF109KC18U7,PVTBANIETF,EQ,29.07,29.29,29.07,29.23,29.22,29.06,2715152,79283159.53,1656
2026-02-25,INF109KC19O8,COMMOIETF,EQ,101.79,102.49,101.0,101.9,101.9,101.29,98696,10058351.67,766
2026-02-25,INF109KC1V42,CONSUMIETF,EQ,121.0,121.19,118.97,120.04,120.0,120.65,21128,2545844.92,312
2026-02-25,INF109KC19V3,FMCGIETF,EQ,54.3,56.1,54.3,55.64,55.67,55.78,1216644,67782452.77,3790
2026-02-25,INF109KC16E5,INFRAIETF,EQ,99.41,99.88,98.55,98.92,99.56,99.2,116019,11509907.4,1419
2026-02-25,INF109KC1KT9,LIQUIDIETF,EQ,1000.0,1000.01,999.99,999.99,1000.0,999.99,368184,368183939.26,319
2026-02-25,INF109KC11W8,MIDCAPIETF,EQ,21.0,22.74,21.0,22.72,22.73,22.54,1020767,23151949.68,2081
2026-02-25,INF109KC17C7,MOM30IETF,EQ,31.73,32.4,31.73,32.25,32.28,32.03,446741,14415556.65,1489
2026-02-25,INF109KC1NS5,NEXT50IETF,EQ,74.18,74.18,73.45,74.05,74.06,73.41,870881,64394046.54,4655
2026-02-25,INF109KC1Q72,HEALTHIETF,EQ,150.69,152.71,149.93,152.39,151.75,150.4,99887,15150027.08,2132
2026-02-25,INF109KC18V5,QUAL30IETF,EQ,20.94,21.15,20.9,21.02,21.15,20.79,133717,2808395.19,248
2026-02-25,INF109KC1Y56,SILVERIETF,EQ,268.23,268.23,258.4,264.13,264.4,261.69,7247539,1915187798.4,33226
2026-02-25,INF109KC16I6,ITIETF,EQ,34.0,34.2,33.25,33.71,33.71,33.19,1962301,66504627.16,3708
2026-02-25,INF109KC15I8,BANKIETF,EQ,62.68,62.71,62.26,62.5,62.54,62.53,214823,13423621.91,1515
2026-02-25,INF109KC19W1,METALIETF,EQ,11.8,12.46,11.8,12.43,12.43,12.11,28201654,349086514.83,17711
2026-02-25,INF109KC18W3,OILIETF,EQ,12.38,12.46,12.28,12.32,12.35,12.35,3688984,45689616.16,2975
2026-02-25,INF109KC10S8,PSUBNKIETF,EQ,100.02,100.02,98.16,98.9,99.36,100.16,482987,47784494.72,2893
2026-02-25,INF109K1A344,TOP15IETF,EQ,10.99,10.99,10.67,10.71,10.71,10.77,91821,986594.65,210
2026-02-25,INF109KC16X5,VAL30IETF,EQ,16.31,17.7,16.3,16.67,17.0,16.3,852806,14048804.54,693
2026-02-25,INF109KC17L8,FINIETF,EQ,32.58,32.77,32.4,32.65,32.4,32.42,598198,19512245.68,1108
2026-02-25,INE725G01011,ICRA,EQ,5600.0,5709.5,5600.0,5694.5,5700.0,5660.5,2232,12671587.5,779
2026-02-25,INE008A01015,IDBI,EQ,113.99,114.6,112.01,113.52,113.59,113.13,10401573,1179731548.27,29262
2026-02-25,INE349Y01013,IDEAFORGE,EQ,415.0,415.4,405.15,409.9,409.55,408.9,94454,38672228.45,3832
2026-02-25,INE0T9I01011,IDEALTECHO,SM,220.0,256.8,220.0,221.0,221.0,214.0,8500,2004625.0,16
2026-02-25,INE0TD101011,IDENTICAL,SM,18.15,19.15,18.15,18.55,18.55,18.55,14000,264100.0,7
2026-02-25,INE092T01019,IDFCFIRSTB,EQ,71.55,71.68,69.82,70.22,70.16,70.97,90865348,6402097536.1,189872
2026-02-25,INE076C01018,IFBAGRO,EQ,900.0,920.0,890.1,894.8,895.0,893.0,20258,18404026.4,1332
2026-02-25,INE559A01017,IFBIND,EQ,1130.5,1138.9,1099.0,1107.4,1104.1,1121.0,38243,42582429.3,5370
2026-02-25,INE039A01010,IFCI,EQ,58.98,59.3,57.85,58.37,58.24,58.72,8911474,521352795.22,23790
2026-02-25,INE133Y01011,IFGLEXPOR,EQ,169.7,172.0,169.25,171.82,172.0,167.41,16753,2860468.81,409
2026-02-25,INE01XO07017,1225IFL27,N0,9077.0,9108.0,9076.0,9108.0,9108.0,9101.0,21,190918.0,5
2026-02-25,INE188B01013,IGARASHI,EQ,360.0,363.45,354.5,356.05,354.75,358.2,23065,8266963.7,1587
2026-02-25,INE489L01022,IIFLCAPS,EQ,303.0,311.0,292.95,299.0,299.0,300.05,487476,146174980.75,10849
2026-02-25,INE530B01024,IIFL,EQ,505.95,510.4,503.0,508.95,509.5,502.45,668457,338416365.4,19150
2026-02-25,INE0LOJ01019,IKIO,EQ,142.55,144.15,142.0,142.58,142.08,142.8,44601,6373175.41,1183
2026-02-25,INE369I01014,IL&FSENGG,BZ,24.0,25.2,23.5,25.19,25.2,24.0,93331,2325241.08,97
2026-02-25,INE050B01023,IVC,EQ,7.5,7.52,7.37,7.37,7.45,7.48,210074,1557682.61,859
2026-02-25,INE975G01012,IL&FSTRANS,BZ,2.48,2.53,2.43,2.48,2.48,2.48,38242,94259.42,47
2026-02-25,INE172N01012,IMAGICAA,EQ,44.96,45.8,44.37,44.82,44.79,44.96,244089,11006203.3,1552
2026-02-25,INE691G01015,IMPEXFERRO,BZ,1.71,1.74,1.66,1.69,1.69,1.71,25994,44405.91,25
2026-02-25,INE452L01012,INCREDIBLE,EQ,35.77,36.9,35.03,35.58,35.58,35.37,2848,102726.38,38
2026-02-25,INE547E01014,IMPAL,EQ,1052.5,1052.5,1038.2,1048.6,1050.0,1045.1,1030,1076656.5,163
2026-02-25,INE915B01019,INDSWFTLAB,EQ,142.5,148.0,142.5,147.22,147.4,142.26,517782,75366649.62,9718
2026-02-25,INE611L01021,INDTERRAIN,EQ,31.9,32.92,31.86,32.22,32.05,32.61,10145,325738.27,193
2026-02-25,INE841B01017,INDBANK,EQ,35.51,36.7,35.51,35.77,36.2,35.97,55404,1998056.76,445
2026-02-25,INE0O9T01021,BAJAJINDEF,EQ,254.95,254.95,247.75,249.9,248.0,251.2,9427,2357616.65,508
2026-02-25,INE065X01017,INDGN,EQ,483.9,502.0,481.0,493.25,492.0,479.8,503164,247891785.35,20820
2026-02-25,INE560A01023,INDIAGLYCO,EQ,935.5,942.55,921.5,928.5,932.0,928.8,36477,33971176.1,3439
2026-02-25,INE092B01025,INDNIPPON,EQ,829.0,840.0,819.6,828.3,830.0,827.9,20404,16878894.0,1671
2026-02-25,INE0D6701023,IPL,EQ,154.93,158.9,152.7,155.97,155.9,153.16,168942,26368765.11,2711
2026-02-25,INE922K01024,INDIASHLTR,EQ,725.0,733.0,712.9,719.05,720.0,714.15,128684,92898409.8,9165
2026-02-25,INE353K01014,ITDC,EQ,532.55,538.8,528.3,530.2,531.0,532.55,11713,6251925.2,804
2026-02-25,INE126M01010,IBULLSLTD,EQ,9.14,9.23,8.96,9.11,9.14,9.11,2674975,24362141.61,3718
2026-02-25,INE933S01016,INDIAMART,EQ,2223.9,2242.9,2189.4,2194.4,2196.0,2213.0,100781,222700422.5,18051
2026-02-25,INE562A01011,INDIANB,EQ,989.95,990.4,971.3,983.6,981.85,985.85,1095273,1073957237.25,31863
2026-02-25,INE061A01014,INDIANCARD,EQ,215.0,215.0,209.7,210.1,209.75,211.81,7643,1616548.17,95
2026-02-25,INE0RRU01016,IEML,SM,77.0,78.75,75.45,76.85,76.85,77.45,18000,1391450.0,17
2026-02-25,INE022Q01020,IEX,EQ,125.63,129.0,125.63,127.72,127.57,125.63,5525290,704295063.34,40050
2026-02-25,INE323C01030,INDIANHUME,EQ,348.65,351.15,339.3,340.75,339.3,346.8,20797,7170289.1,1041
2026-02-25,INE919H01018,IMFA,EQ,1250.1,1295.0,1242.1,1271.8,1277.0,1245.1,148479,189606374.9,13848
2026-02-25,INE242A01010,IOC,EQ,181.0,183.8,180.51,183.03,183.0,180.19,24353791,4446319387.93,159617
2026-02-25,INE565A01014,IOB,EQ,36.76,37.36,36.25,36.5,36.51,36.48,9856940,362371128.98,25827
2026-02-25,INE0DHF01018,IPHL,SM,53.15,54.5,53.15,54.5,54.5,54.0,2400,129180.0,2
2026-02-25,INE335Y01020,IRCTC,EQ,615.05,622.8,605.0,605.9,605.5,614.45,2460682,1504470488.95,43958
2026-02-25,INE053F01010,IRFC,EQ,105.99,105.99,104.4,104.56,104.43,109.44,56904412,5973701488.13,181622
2026-02-25,INE202E01016,IREDA,EQ,127.34,127.34,124.2,125.49,125.05,126.01,5795505,725748805.61,32498
2026-02-25,INE0PS301014,INDIFRA,SM,14.0,14.0,13.6,13.6,13.6,14.3,6000,82400.0,3
2026-02-25,INE09VQ01012,INDIGOPNTS,EQ,949.0,965.9,943.6,947.9,945.1,948.3,113239,108092812.0,7734
2026-02-25,INE219X23014,INDIGRID,IV,164.74,164.75,164.38,164.74,164.7,164.49,779560,128355094.95,67966
2026-02-25,INE06ST01018,INDIQUBE,EQ,174.0,176.5,173.5,175.44,175.01,174.02,10119,1767220.11,321
2026-02-25,INE760F01028,INDOAMIN,EQ,110.7,111.95,108.15,109.1,109.4,109.06,50337,5515969.42,1079
2026-02-25,INE803D01021,INDOBORAX,EQ,242.3,248.2,242.3,244.64,244.99,243.11,29243,7165470.17,653
2026-02-25,INE483B01026,ICIL,EQ,266.16,272.5,263.16,270.17,270.01,266.14,290347,78012170.89,7815
2026-02-25,INE622H01018,INDOFARM,EQ,142.5,143.34,137.9,138.5,138.93,141.3,266362,37118102.32,2647
2026-02-25,INE156A01020,INDORAMA,EQ,36.2,36.49,35.53,35.86,35.93,36.12,93444,3359919.84,636
2026-02-25,INE332H01014,INDOTECH,EQ,1512.8,1579.7,1512.8,1553.0,1555.0,1511.8,40898,63576576.6,5432
2026-02-25,INE337M01021,INDOTHAI,EQ,251.0,263.9,249.39,262.66,262.14,252.15,882234,224879432.34,7327
2026-02-25,INE250Z01010,INDOUS,EQ,146.0,147.66,136.0,136.99,138.0,145.44,62491,8855776.06,4694
2026-02-25,INE567A01028,NIPPOBATRY,EQ,343.05,397.7,333.1,341.7,338.2,333.85,117646,43117334.5,6208
2026-02-25,INE873D01024,INDOCO,EQ,206.0,207.2,203.0,203.05,203.0,203.11,59954,12193873.27,982
2026-02-25,INE05J901018,IGCL,EQ,63.9,64.9,62.51,64.43,63.95,63.7,44969,2881867.68,495
2026-02-25,INE866K01023,WAAREEINDO,BE,379.5,379.5,362.05,362.2,362.05,381.1,133533,48559947.15,1640
2026-02-25,INE896L01010,INDOSTAR,EQ,223.7,226.88,220.5,222.55,223.65,224.06,49563,11093077.64,3253
2026-02-25,INE227G01018,INDOWIND,EQ,9.8,9.89,9.31,9.38,9.45,9.66,487635,4653341.24,1660
2026-02-25,INE203G01027,IGL,EQ,170.51,171.52,168.41,168.89,168.93,170.16,1913191,324035052.45,33373
2026-02-25,INE681B01017,INDRAMEDCO,EQ,401.7,410.05,401.25,406.9,407.9,401.3,127375,51828918.5,5600
2026-02-25,INE0NHL23019,INDUSINVIT,IV,124.98,125.25,123.0,124.99,125.0,124.01,183450,22911003.55,27655
2026-02-25,INE121J01017,INDUSTOWER,EQ,470.0,473.0,454.25,461.45,460.8,469.9,6005431,2780472119.6,80627
2026-02-25,INE095A01012,INDUSINDBK,EQ,934.0,941.85,932.1,937.35,936.3,931.4,1173030,1099205747.2,42422
2026-02-25,INE886A01014,IITL,EQ,128.7,134.79,122.1,132.9,133.0,128.67,17329,2226990.28,725
2026-02-25,INE0MRE01011,INFINIUM,SM,214.9,214.9,214.9,214.9,214.9,210.0,500,107450.0,1
2026-02-25,INE0MYZ01012,INFLUX,SM,197.2,204.75,192.1,201.7,200.15,202.55,103800,20920200.0,149
2026-02-25,INE663F01032,NAUKRI,EQ,1018.4,1049.1,1018.4,1043.2,1044.0,1017.9,2557686,2661120982.2,76793
2026-02-25,INE344S01016,INFOBEAN,EQ,837.5,866.6,790.0,801.6,804.0,828.75,374995,308954235.3,16678
2026-02-25,INE0NNZ01013,INFOLLION,SM,318.0,318.0,302.0,309.95,313.0,315.1,6000,1855160.0,15
2026-02-25,INE669A01022,INFOMEDIA,EQ,5.08,5.08,4.78,4.92,4.93,5.0,106429,515699.58,144
2026-02-25,INE009A01021,INFY,EQ,1286.2,1323.6,1286.2,1290.1,1289.9,1275.5,16669618,21716539259.2,282845
2026-02-25,INE177A01018,INGERRAND,EQ,3959.0,3986.8,3934.2,3956.4,3968.3,3955.0,8046,31849653.8,2159
2026-02-25,INE0S1D01010,INNOMET,SM,75.3,75.3,75.0,75.0,75.0,75.1,3000,225180.0,4
2026-02-25,INE0DUT01020,INNOVACAP,EQ,668.0,678.5,659.55,668.35,668.0,671.8,12022,8030214.75,1120
2026-02-25,INE403Y01018,INNOVANA,EQ,420.0,440.0,414.9,437.3,440.0,423.9,5650,2408766.35,208
2026-02-25,INE510W01014,INOXGREEN,EQ,176.0,181.0,172.5,173.64,173.8,175.76,626397,109528684.9,8722
2026-02-25,INE616N01034,INOXINDIA,EQ,1149.0,1161.9,1136.5,1145.3,1151.0,1155.2,27143,31210020.0,5565
2026-02-25,INE066P01011,INOXWIND,EQ,95.4,95.89,94.11,95.17,95.4,95.03,7867351,747536379.73,23422
2026-02-25,INE070I01018,INSECTICID,EQ,621.2,633.0,621.2,629.75,633.0,626.9,10966,6877744.6,816
2026-02-25,INE020G01017,INSPIRISYS,BE,88.98,88.98,85.23,85.92,85.23,89.0,6496,563194.7,82
2026-02-25,INE418N01035,ESSENTIA,EQ,1.36,1.37,1.12,1.28,1.3,1.36,2556503,3314701.85,1892
2026-02-25,INE0YSH01017,INTEGRITY,SM,122.0,122.0,122.0,122.0,122.0,121.15,12000,1464000.0,2
2026-02-25,INE306R01017,INTELLECT,EQ,701.0,705.7,686.3,688.0,687.5,697.0,417184,289627546.6,23977
2026-02-25,INE781A01025,INTENTECH,EQ,101.1,107.0,93.86,103.09,102.01,100.99,404135,40514611.98,3808
2026-02-25,INE00M901018,INTERARCH,EQ,1890.0,1936.0,1867.1,1883.9,1880.0,1902.3,85953,162470738.4,9239
2026-02-25,INE646L01027,INDIGO,EQ,4855.0,4974.9,4850.3,4947.4,4945.1,4850.3,831769,4113505786.1,56996
2026-02-25,INE0Q9301021,IGIL,EQ,328.05,333.05,325.0,332.2,332.1,330.0,456919,150759022.85,12112
2026-02-25,INE575C01027,INTLCONV,EQ,78.1,80.8,78.1,79.72,80.38,78.05,44404,3528609.57,980
2026-02-25,INE566K01011,ISFT,EQ,74.1,77.0,71.23,72.85,72.05,72.96,18420,1370082.28,593
2026-02-25,INE878H01024,INVENTURE,EQ,1.1,1.13,1.09,1.1,1.11,1.09,827184,920831.37,550
2026-02-25,INE115Q01022,IKS,EQ,1465.3,1468.0,1395.1,1432.5,1434.5,1456.1,448362,636851847.2,42581
2026-02-25,INF205K01361,IVZINGOLD,EQ,13865.4,13891.35,13803.05,13843.6,13822.4,13796.45,353,4886510.25,129
2026-02-25,INF205K01DA9,IVZINNIFTY,EQ,2907.51,2921.22,2895.5,2895.5,2895.5,2904.33,66,191963.9,7
2026-02-25,INE0XJ501010,INVICTA,SM,63.5,63.5,62.05,62.05,62.05,64.1,9600,598000.0,2
2026-02-25,INE485C01029,IOLCP,EQ,73.49,75.5,73.26,74.78,74.82,71.86,1397187,103946565.89,8907
2026-02-25,INE570A01022,IONEXCHANG,EQ,375.8,380.65,372.0,373.9,376.0,375.8,116722,43984247.65,7688
2026-02-25,INE571A01038,IPCALAB,EQ,1531.9,1533.1,1500.3,1524.5,1523.3,1515.3,102371,155770904.9,12971
2026-02-25,INE821I01022,IRB,EQ,40.4,41.25,40.08,41.1,41.24,40.16,7364224,299951651.55,26475
2026-02-25,INE183W23014,IRBINVIT,IV,61.49,61.78,61.35,61.71,61.65,61.49,896574,55216165.14,15517
2026-02-25,INE962Y01021,IRCON,EQ,148.41,149.4,146.3,146.77,146.8,148.03,1065971,157279040.45,17446
2026-02-25,INE01GN01025,IRISDOREME,EQ,33.24,34.5,32.11,33.25,32.51,32.45,436699,14296938.73,757
2026-02-25,INE864K01010,IRIS,EQ,247.6,252.55,245.0,249.15,249.0,250.15,35783,8905947.7,1197
2026-02-25,INE07U701015,IRMENERGY,EQ,234.36,235.8,232.0,232.75,232.9,233.22,42665,9951228.44,1516
2026-02-25,INE413U07418,975ISF28,N0,104400.0,104400.0,104400.0,104400.0,104400.0,94201.01,1,104400.0,1
2026-02-25,INE858B01029,ISGEC,EQ,885.05,904.3,871.0,900.3,901.0,884.4,60623,54196706.9,6768
2026-02-25,INE561M01018,ISHANCH,EQ,63.47,63.47,60.07,61.0,61.0,61.56,11769,715565.93,302
2026-02-25,INE0LCW01025,ISHAN,SM,0.65,0.65,0.65,0.65,0.65,0.65,384000,249600.0,8
2026-02-25,INE0R7R01018,ITALIANE,SM,40.3,40.3,40.1,40.1,40.1,41.1,10000,402200.0,5
2026-02-25,INE379A01028,ITCHOTELS,EQ,179.9,180.06,177.55,178.49,178.55,179.64,1600245,286358834.6,26785
2026-02-25,INE154A01025,ITC,EQ,325.5,326.6,318.1,319.75,319.2,323.5,13492101,4331678210.95,143953
2026-02-25,INE248A01017,ITI,EQ,274.9,278.2,270.0,270.8,271.7,273.5,203931,55821912.65,6252
2026-02-25,INE056801025,IVALUE,EQ,225.0,232.8,219.65,226.9,225.36,225.02,119117,26767622.2,2638
2026-02-25,INE043C01018,IVP,EQ,137.24,140.3,136.03,138.75,139.4,137.92,3791,524023.67,45
2026-02-25,INE1AII01014,IWARE,ST,271.0,283.0,271.0,271.55,271.55,271.45,9600,2640600.0,8
2026-02-25,INE848A01014,IZMO,BE,806.0,819.0,779.0,783.75,784.9,806.7,32910,26089707.2,1167
2026-02-25,INE168A01041,J&KBANK,EQ,111.06,113.98,109.5,112.31,112.21,110.05,9317903,1042262739.19,44536
2026-02-25,INE572A01036,JBCHEPHARM,EQ,2089.0,2090.6,2050.9,2085.9,2087.9,2070.4,172356,358162003.3,10524
2026-02-25,INE0MB501011,JGCHEM,EQ,366.2,374.7,352.05,354.6,355.3,366.85,66733,24149744.7,2894
2026-02-25,INE199G01027,JAGRAN,EQ,63.48,63.74,62.9,63.35,63.32,63.48,131465,8326726.71,1457
2026-02-25,INE048B01035,JAGSNPHARM,EQ,173.0,173.0,169.0,169.96,170.65,173.28,25809,4394771.07,843
2026-02-25,INE091G01026,JAIBALAJI,EQ,60.85,72.2,60.38,68.24,69.2,60.85,34310768,2291796065.13,125344
2026-02-25,INE070D01027,JAICORPLTD,EQ,113.99,114.95,111.1,111.72,111.3,112.88,339753,38304765.07,4491
2026-02-25,IN9175A01010,JISLDVREQS,EQ,23.39,23.39,21.59,22.16,22.5,22.25,5992,133538.99,159
2026-02-25,INE175A01038,JISLJALEQS,EQ,35.02,35.4,34.0,34.65,34.99,34.84,2492799,86744412.46,6345
2026-02-25,INE0YD401026,JAINREC,EQ,369.9,380.0,365.55,378.7,379.65,369.05,946581,354918511.35,18315
2026-02-25,INE02KC01010,JAINAM,SM,204.1,210.0,204.05,210.0,210.0,209.05,1500,309075.0,3
2026-02-25,INE0XIL01012,JAINIK,SM,122.0,125.0,122.0,125.0,125.0,126.1,3600,443400.0,3
2026-02-25,INE455F01025,JPASSOCIAT,BE,3.08,3.12,2.98,2.99,3.0,3.06,3105371,9375763.93,2471
2026-02-25,INE351F01018,JPPOWER,EQ,14.54,14.75,14.38,14.68,14.66,14.39,23395950,340788437.23,21048
2026-02-25,INE349X01015,JALAN,SM,2.85,2.85,2.85,2.85,2.85,3.0,3000,8550.0,1
2026-02-25,INE039C01032,JAMNAAUTO,EQ,143.31,146.5,142.67,143.89,144.11,142.9,4243362,612384572.5,52650
2026-02-25,INE953L01027,JSFB,EQ,370.9,376.0,361.6,363.65,366.8,370.9,233024,85477833.4,4867
2026-02-25,INE00YJ01010,JARO,EQ,440.0,472.75,434.8,451.35,451.35,437.35,314418,141514459.2,9684
2026-02-25,INE039O01029,JASH,EQ,397.8,398.25,386.0,387.2,386.0,394.65,60398,23530913.05,2154
2026-02-25,INE0SMY01017,JAYBEE,SM,79.1,81.7,78.5,79.1,79.0,79.5,21000,1680775.0,38
2026-02-25,INE571B01036,JAYBARMARU,EQ,105.3,106.4,103.0,104.75,105.5,104.46,243362,25496347.49,2131
2026-02-25,INE0J6801010,KORE,SM,117.05,120.0,117.05,120.0,120.0,120.5,500,59262.5,2
2026-02-25,INE785A01026,JAYAGROGN,EQ,174.49,179.8,174.29,178.19,179.4,175.18,8300,1477747.17,186
2026-02-25,INE854B01010,JAYNECOIND,EQ,78.99,81.69,76.31,77.35,77.79,77.56,6448330,507349117.07,22344
2026-02-25,INE903A01025,JAYKAY,EQ,152.83,156.0,141.68,143.0,143.0,150.87,298071,43932341.64,4596
2026-02-25,INE364A01020,JAYSREETEA,EQ,82.9,83.6,82.0,83.37,82.82,81.77,34088,2828733.43,310
2026-02-25,INE927D01051,JBMA,EQ,558.2,562.35,548.05,556.45,556.4,556.5,207196,115053640.7,10009
2026-02-25,INE0J5801029,JSLL,EQ,663.0,665.25,640.6,643.95,644.0,660.6,255721,166181834.9,16944
2026-02-25,INE982V01025,JETFREIGHT,BE,18.14,18.5,17.31,18.06,18.2,18.14,74850,1361376.7,135
2026-02-25,INE0RXB01022,JEYYAM,SM,36.0,36.85,36.0,36.7,36.7,37.0,26000,952700.0,11
2026-02-25,INE0LA901015,JFLLIFE,SM,10.5,10.5,10.5,10.5,10.5,10.9,6000,63000.0,1
2026-02-25,INE544H01014,JHS,EQ,9.7,10.19,9.61,9.69,9.7,9.68,55655,546818.38,375
2026-02-25,INE03DD01011,RETAIL,EQ,23.82,24.77,23.8,24.06,24.77,23.92,2993,71654.19,42
2026-02-25,INE147P01019,JPOLYINVST,EQ,1273.6,1316.0,1273.6,1280.95,1280.0,1277.25,16687,21555036.65,2696
2026-02-25,INE742C01031,JINDRILL,EQ,463.0,470.45,460.5,464.3,468.0,464.95,35522,16530751.8,2747
2026-02-25,INE796G01012,JINDALPHOT,EQ,1345.9,1360.0,1313.4,1323.4,1330.0,1322.2,5859,7829226.4,1269
2026-02-25,INE197D01010,JINDALPOLY,EQ,547.0,657.4,543.0,638.05,637.0,552.7,6276304,3901653572.2,121495
2026-02-25,INE324A01032,JINDALSAW,EQ,176.79,189.85,176.79,188.21,186.7,175.69,15628369,2915327957.19,104874
2026-02-25,INE220G01021,JSL,EQ,797.0,808.3,789.5,803.4,803.4,793.65,825590,660500025.9,16663
2026-02-25,INE749A01030,JINDALSTEL,EQ,1241.9,1269.9,1237.7,1266.5,1260.9,1233.3,1271115,1598935832.6,38194
2026-02-25,INE247D01039,JINDWORLD,EQ,24.66,25.5,24.66,25.35,25.5,24.89,369417,9252579.47,2078
2026-02-25,INE1FF001016,JKIPL,EQ,68.5,68.5,64.1,65.53,65.1,66.73,26879,1778522.0,386
2026-02-25,INE758E01017,JIOFIN,EQ,257.05,259.45,255.65,256.95,256.9,255.25,8837176,2278012708.45,64436
2026-02-25,INE863T01013,JITFINFRA,BE,385.0,385.0,366.4,376.65,378.0,382.4,45432,17142625.3,368
2026-02-25,INE0N5H01017,JIWANRAM,SM,5.15,5.15,5.15,5.15,5.15,5.2,18000,92700.0,3
2026-02-25,INE823G01014,JKCEMENT,EQ,5644.0,5698.0,5617.0,5660.5,5649.0,5626.0,50610,286333319.0,10152
2026-02-25,INE786A01032,JKLAKSHMI,EQ,725.0,738.45,718.5,730.9,738.45,719.9,65654,47714891.4,5254
2026-02-25,INE789E01012,JKPAPER,EQ,337.5,342.25,336.2,341.05,340.05,338.1,117395,39819321.7,4470
2026-02-25,INE573A01042,JKTYRE,EQ,535.5,557.0,532.55,535.8,536.5,534.75,2338504,1265881606.8,53581
2026-02-25,INE576I01022,JKIL,EQ,547.6,551.6,540.75,544.8,545.85,547.6,122935,67149199.8,6485
2026-02-25,INE780C01023,JMFINANCIL,EQ,135.0,135.0,132.31,133.59,133.7,132.88,1739740,232403874.05,16393
2026-02-25,INE0OAF01028,JNKINDIA,EQ,246.93,248.58,237.4,238.22,238.0,244.97,202107,48718664.09,3743
2026-02-25,INE839G01010,JOCIL,EQ,134.99,135.8,130.37,133.4,133.4,132.06,2437,325847.5,70
2026-02-25,INE718I01012,JSWCEMENT,EQ,127.5,128.28,124.5,124.92,125.01,127.48,1582117,198615840.96,20370
2026-02-25,INE121E01018,JSWENERGY,EQ,490.25,495.8,487.0,490.05,490.3,490.25,1377169,676312907.85,29452
2026-02-25,INE824G01012,JSWHL,EQ,17269.0,17650.0,17000.0,17073.0,17099.0,17166.0,1117,19206007.0,523
2026-02-25,INE880J01026,JSWINFRA,EQ,256.7,257.0,252.8,253.85,254.75,256.5,1148357,291988839.15,22729
2026-02-25,INE019A01038,JSWSTEEL,EQ,1261.0,1284.7,1257.3,1275.0,1274.0,1254.5,2095033,2665003420.3,78692
2026-02-25,INE643A01035,JTEKTINDIA,EQ,136.09,147.39,135.89,140.51,141.0,136.09,475853,67141641.21,6087
2026-02-25,INE391J01032,JTLIND,EQ,64.0,64.49,62.74,63.82,64.05,63.77,1736741,110265079.14,6092
2026-02-25,INE03CC01015,JUBLCPL,EQ,1875.9,1882.5,1770.3,1808.6,1800.6,1857.3,2518,4629033.4,547
2026-02-25,INE797F01020,JUBLFOOD,EQ,518.9,525.55,510.45,517.95,517.0,518.9,1325873,683709237.3,26666
2026-02-25,INE0BY001018,JUBLINGREA,EQ,604.0,608.85,590.9,593.3,594.9,602.45,117147,69743523.5,6825
2026-02-25,INE700A01033,JUBLPHARMA,EQ,880.0,909.5,874.0,897.35,906.0,879.0,305230,273183483.0,27735
2026-02-25,INE412C01023,JMA,EQ,88.01,90.89,88.01,90.06,90.25,90.1,7083,636105.74,175
2026-02-25,INE696F01016,JUNIPER,EQ,220.0,220.0,212.21,215.3,215.0,215.03,184262,39731254.11,3936
2026-02-25,INE682M01012,JLHL,EQ,1283.2,1304.9,1265.0,1279.0,1275.0,1284.5,15905,20430700.2,4364
2026-02-25,INE209L01016,JWL,EQ,286.0,287.5,274.0,277.5,277.45,284.05,840222,235244067.7,15781
2026-02-25,INE599M01018,JUSTDIAL,EQ,586.35,588.15,573.25,575.55,576.5,584.8,230609,133357323.25,10660
2026-02-25,INE668F01031,JYOTHYLAB,EQ,256.55,260.4,255.7,259.68,259.0,255.77,530258,136819194.29,14710
2026-02-25,INE980O01024,JYOTICNC,EQ,854.0,859.0,831.0,838.45,837.5,848.05,263906,221906737.3,12319
2026-02-25,INE1M3T01017,JYOTIGLOBL,SM,45.8,45.8,45.8,45.8,45.8,45.8,2000,91600.0,1
2026-02-25,INE197A01024,JYOTISTRUC,EQ,12.5,12.54,12.0,12.08,12.0,12.41,7432726,91388344.76,6955
2026-02-25,INE157H01023,KMSUGAR,EQ,24.16,24.47,23.7,24.07,24.29,24.12,101626,2442658.57,673
2026-02-25,INE127T01021,KPEL,EQ,289.2,290.95,285.0,287.8,288.65,289.2,90806,26119589.3,3328
2026-02-25,INE0DEZ01013,K2INFRA,SM,51.7,52.95,50.0,50.1,50.0,51.0,24600,1258380.0,31
2026-02-25,INE900B01029,KABRAEXTRU,EQ,269.0,269.0,256.0,258.9,261.5,266.63,18714,4867973.07,753
2026-02-25,INE0XOW01017,KKJEWELS,SM,89.0,89.0,86.15,87.3,86.15,88.5,5000,441650.0,5
2026-02-25,INE217B01036,KAJARIACER,EQ,954.35,964.5,949.45,952.55,953.9,949.6,79970,76338936.6,12215
2026-02-25,INE437B01014,KAKATCEM,EQ,112.05,120.31,112.05,114.75,116.95,113.08,3358,392334.5,99
2026-02-25,INE0T0L01014,KALANA,SM,16.0,16.35,16.0,16.35,16.35,15.25,6000,97300.0,3
2026-02-25,INE227J01012,KALPATARU,EQ,349.0,349.0,333.1,335.45,336.0,337.0,37144,12608893.4,1646
2026-02-25,INE220B01022,KPIL,EQ,1208.4,1219.0,1186.2,1213.9,1218.0,1205.4,223897,269442932.3,17852
2026-02-25,INE303R01014,KALYANKJIL,EQ,409.0,410.3,402.4,405.7,405.4,406.9,2124454,862084353.45,30940
2026-02-25,INE314G01014,KALYANIFRG,EQ,634.95,634.95,623.0,632.05,634.0,621.5,439,276423.95,62
2026-02-25,INE029L01018,KICL,EQ,4899.9,5170.0,4899.9,5086.4,5098.7,4890.4,4981,25172202.0,982
2026-02-25,INE907A01026,KSL,EQ,730.9,764.25,730.9,755.85,751.25,729.7,64392,48528564.75,4455
2026-02-25,INE967C01018,KAMATHOTEL,EQ,187.64,188.76,184.6,186.21,187.44,186.59,10331,1923106.34,287
2026-02-25,INE390H01020,KAMDHENU,EQ,21.41,23.25,20.25,21.24,21.44,21.55,13806034,298857151.05,14305
2026-02-25,INE0BTI01037,KAMOPAINTS,EQ,4.49,4.49,4.36,4.43,4.41,4.32,392220,1730382.23,905
2026-02-25,INE879E01037,KANANIIND,EQ,1.51,1.55,1.47,1.51,1.52,1.52,159701,242044.38,198
2026-02-25,INE0MOT01016,KANDARP,SM,160.0,160.0,154.0,155.0,155.0,159.75,7000,1094000.0,5
2026-02-25,INE138C01024,KANORICHEM,EQ,70.13,72.4,70.13,70.64,70.15,71.59,12972,924097.46,205
2026-02-25,INE694E01014,KANPRPLA,EQ,190.77,190.77,183.31,184.1,184.0,187.31,3478,646569.6,184
2026-02-25,INE531A01024,KANSAINER,EQ,198.0,204.8,197.13,200.64,201.0,197.66,1893550,376566597.02,22357
2026-02-25,INE542Z01028,KAPSTON,BE,394.1,398.0,391.05,394.5,396.0,394.1,4717,1855245.45,146
2026-02-25,INE725L01011,KARMAENG,EQ,45.0,45.0,43.12,43.85,43.85,43.89,1281,56017.32,49
2026-02-25,INE614B01018,KTKBANK,EQ,204.0,208.55,201.52,206.21,207.4,202.92,3917166,807952562.61,25005
2026-02-25,INE0MGA01012,KARNIKA,SM,134.7,140.0,130.0,131.65,131.0,144.15,55000,7316250.0,50
2026-02-25,INE036D01028,KARURVYSYA,EQ,337.05,343.45,332.95,336.85,337.1,336.05,2981986,1005551396.15,46448
2026-02-25,INE0SVY01018,KATARIA,SM,105.15,106.2,102.0,103.6,104.0,105.15,26400,2749890.0,40
2026-02-25,INE234I01028,KAUSHALYA,EQ,850.05,884.9,818.05,858.05,864.0,850.0,584,500455.1,72
2026-02-25,INE0Q2V01012,KLL,SM,41.25,42.9,41.25,41.6,41.5,41.7,10400,436560.0,9
2026-02-25,INE455I01029,KSCL,EQ,801.9,814.0,795.0,803.25,798.05,801.85,182532,146817033.4,12366
2026-02-25,INE641C01019,KAVDEFENCE,BE,66.44,67.44,63.62,63.96,63.62,66.44,75080,4851901.81,802
2026-02-25,INE0RCG01017,KCEIL,SM,126.85,129.95,124.05,125.35,124.05,123.75,8500,1081425.0,15
2026-02-25,INE587G01015,KAYA,EQ,322.35,328.6,315.55,327.3,328.6,316.65,7901,2558743.15,431
2026-02-25,INE918Z01012,KAYNES,EQ,3871.0,3982.0,3865.1,3908.4,3916.2,3838.6,1305141,5115778260.0,68429
2026-02-25,INE13ZD01013,KAYTEX,SM,73.0,78.95,73.0,75.25,75.25,69.75,35200,2643720.0,43
2026-02-25,INE0J1E01027,KCK,SM,26.15,26.25,24.1,25.95,25.95,25.25,50000,1246375.0,14
2026-02-25,INE805C01028,KCP,EQ,162.3,163.64,160.31,161.43,161.15,161.86,61963,10049845.57,1198
2026-02-25,INE790B01024,KCPSUGIND,EQ,22.07,22.68,22.01,22.04,22.01,22.27,116606,2597517.52,505
2026-02-25,INE291D01011,KDDL,EQ,2360.0,2365.5,2296.0,2334.3,2327.0,2349.2,12859,29995675.9,1901
2026-02-25,INE389H01022,KEC,EQ,595.45,598.8,586.05,591.5,591.0,590.7,448501,265771338.45,17309
2026-02-25,INE878B01027,KEI,EQ,4819.4,4974.5,4796.5,4944.0,4935.0,4781.0,362593,1782594679.3,42018
2026-02-25,INE164B01030,KELLTONTEC,EQ,20.01,20.38,19.5,19.87,20.0,19.93,3033825,60516225.87,6843
2026-02-25,INE15DO01012,KEN,SM,41.0,41.95,41.0,41.9,41.95,40.8,8400,347580.0,7
2026-02-25,INE202H01019,KERNEX,EQ,1108.8,1114.5,1075.7,1083.3,1086.0,1103.3,58807,64265005.1,4651
2026-02-25,INE087A01019,KESORAMIND,BE,9.14,9.14,8.75,8.84,8.9,8.97,530062,4703321.64,1146
2026-02-25,INE401H01017,KKCL,EQ,501.0,523.5,501.0,508.1,504.0,503.65,23429,12030172.7,1463
2026-02-25,INE681C01015,KEYFINSERV,EQ,290.05,292.0,278.05,283.85,282.1,281.45,3146,893324.15,333
2026-02-25,INE263M01029,RUSTOMJEE,EQ,440.65,440.65,412.15,424.95,425.0,437.15,98956,42095024.85,7192
2026-02-25,INE138Y01010,KFINTECH,EQ,1004.0,1009.6,990.3,999.1,998.0,1001.3,391925,391640049.6,13746
2026-02-25,INE834I01025,KHADIM,EQ,135.4,136.94,123.55,125.81,125.0,136.32,253875,32376609.92,4021
2026-02-25,INE731C01018,KHAITANLTD,EQ,90.13,95.95,90.13,93.46,94.48,91.84,836,78542.57,85
2026-02-25,INE745B01028,KHAICHEM,EQ,58.59,59.6,56.71,57.25,57.7,58.53,146031,8451580.45,1801
2026-02-25,INE060B01014,KHANDSE,EQ,17.9,17.9,17.02,17.32,17.5,17.32,462,8027.24,29
2026-02-25,INE00UG01014,KHFM,SM,64.0,64.0,61.25,61.6,61.25,67.45,9300,586287.5,5
2026-02-25,INE729D01010,KILITCH,EQ,323.4,323.4,318.75,319.65,320.4,320.1,2919,934109.6,131
2026-02-25,INE473D01015,KINGFA,EQ,4163.1,4510.0,4163.0,4490.4,4473.1,4172.6,30945,136992617.9,6284
2026-02-25,INE880L01014,KIOCL,EQ,335.4,352.7,335.4,338.95,340.1,334.1,226660,77714772.85,12157
2026-02-25,INE415I01015,KIRIINDUS,EQ,459.2,459.3,451.75,453.3,454.9,456.3,248896,112909713.55,3144
2026-02-25,INE732A01036,KIRLOSBROS,EQ,1569.3,1603.0,1561.1,1578.0,1578.0,1565.4,25749,40602369.8,4175
2026-02-25,INE134B01017,KECL,EQ,89.3,91.64,88.61,89.18,89.28,89.29,101219,9093032.54,1801
2026-02-25,INE250A01039,KIRLOSIND,EQ,2888.1,2938.1,2800.0,2832.0,2811.0,2850.9,8313,23717692.4,2086
2026-02-25,INE146L01010,KIRLOSENG,EQ,1385.0,1425.0,1385.0,1407.9,1403.0,1392.8,206060,290675148.6,16621
2026-02-25,INE811A01020,KIRLPNU,EQ,1130.5,1158.0,1125.6,1154.7,1158.0,1136.0,37896,43530147.1,6784
2026-02-25,INE602G01020,KITEX,EQ,191.0,193.69,183.8,185.0,184.9,189.9,934478,175398020.23,8003
2026-02-25,INE0KNW01016,KNAGRI,EQ,183.99,183.99,180.0,181.16,181.0,180.85,6601,1198960.72,199
2026-02-25,INE0CJD01029,KMEW,EQ,1569.0,1689.0,1567.0,1632.7,1622.5,1567.6,151072,247951254.7,15599
2026-02-25,INE1JAR25012,KRT,RR,124.1,125.0,123.45,123.8,123.5,124.55,900335,111821479.38,40263
2026-02-25,INE634I01029,KNRCON,EQ,135.9,136.5,134.2,134.69,134.7,135.32,769779,104100177.07,8966
2026-02-25,INE0Q7P01013,KODYTECH,ST,882.1,882.1,866.0,875.0,875.0,882.1,1800,1582130.0,12
2026-02-25,INE080B01012,KOHINOOR,EQ,24.8,24.99,24.33,24.69,24.79,24.61,81033,1997131.24,1215
2026-02-25,INE760A01029,KOKUYOCMLN,EQ,81.9,83.78,81.9,82.94,83.5,81.96,15702,1304492.85,358
2026-02-25,INE094I01018,KOLTEPATIL,EQ,362.1,372.45,360.65,366.9,366.0,362.0,80966,29621469.5,2169
2026-02-25,INE0KZ301010,KONTOR,SM,81.5,81.5,79.85,79.85,79.85,80.0,1200,96810.0,2
2026-02-25,INE082A01010,KOPRAN,EQ,128.75,133.0,128.3,129.77,128.93,128.62,151098,19707663.79,2267
2026-02-25,INE0O4R01018,KDL,ST,138.6,138.6,129.05,135.05,134.2,135.8,19650,2625390.0,99
2026-02-25,INF174KA1HJ8,GOLD1,EQ,132.41,132.93,131.67,132.73,132.6,132.14,2221426,294142908.96,8486
2026-02-25,INE237A01036,KOTAKBANK,EQ,425.5,430.15,421.4,424.95,423.65,427.7,10192468,4331521565.95,114437
2026-02-25,INF174K014P6,NIFTY1,EQ,273.54,282.55,273.54,281.25,281.34,280.56,267303,75196933.78,1503
2026-02-25,INF373I01023,PSUBANK,EQ,980.11,984.29,970.02,975.82,976.52,981.35,24929,24350753.92,1147
2026-02-25,INF174KA1XV0,CHEMICAL,EQ,28.19,28.19,27.73,27.95,28.1,27.81,259570,7235443.77,659
2026-02-25,INF174KA1IA5,ALPHA,EQ,48.67,49.21,48.67,49.04,48.85,48.62,962058,47170316.04,2036
2026-02-25,INF174KA1JE5,CONS,EQ,120.06,120.41,119.3,120.23,120.3,119.59,5645,677767.16,148
2026-02-25,INF174KA1GC5,IT,EQ,33.14,34.12,33.14,33.65,33.85,33.14,7035763,238442586.64,2566
2026-02-25,INF174KA1LV5,LIQUID1,EQ,1094.75,1094.75,1092.61,1092.76,1092.75,1092.6,829291,906218648.1,456
2026-02-25,INF174KA1IY5,LOWVOL1,EQ,21.52,21.8,21.4,21.66,21.71,21.53,821501,17838597.48,490
2026-02-25,INF174KA1IB3,MIDCAP,EQ,171.48,172.48,170.71,171.4,172.2,171.06,57009,9786475.87,744
2026-02-25,INF174KA1JF2,MNC,EQ,32.4,32.88,32.4,32.73,32.55,32.4,126590,4142679.64,643
2026-02-25,INF174KA1KU9,SILVER1,EQ,253.67,258.46,253.67,257.49,257.0,253.67,1667044,428392756.66,11792
2026-02-25,INF174K01Z71,NV20,EQ,152.82,153.93,151.84,152.23,152.59,151.78,11813,1804077.06,279
2026-02-25,INF174KA1VW2,MID150,EQ,22.5,22.5,22.16,22.21,22.2,22.26,104665,2328458.44,746
2026-02-25,INF174KA1XS6,MOMENTUM30,EQ,31.41,31.95,31.41,31.68,31.69,31.51,9313,295758.44,58
2026-02-25,INF174KA1VD2,MSCIINDIA,EQ,30.6,30.71,30.03,30.28,30.03,30.45,44337,1355891.32,88
2026-02-25,INF174KA1YO3,NEXT50ETF,EQ,70.16,70.67,70.15,70.43,70.28,68.93,2335,164093.18,37
2026-02-25,INF174KA1UW4,NIFTY100EW,EQ,34.5,34.64,34.05,34.41,34.35,34.32,230897,7948246.91,231
2026-02-25,INF174KA1WT6,QUALITY30,EQ,20.54,20.6,20.46,20.55,20.46,20.45,5256,108030.59,59
2026-02-25,INF174K01F59,BANKNIFTY1,EQ,634.38,634.38,628.25,630.93,631.29,631.54,47263,29851802.77,570
2026-02-25,INE720A01015,KOTHARIPET,EQ,117.15,121.0,113.91,114.65,114.5,118.1,41195,4790012.14,1169
2026-02-25,INE823A01017,KOTHARIPRO,EQ,67.79,70.99,67.24,67.91,68.26,67.79,22456,1536682.65,335
2026-02-25,INE419A01022,KOTARISUG,EQ,24.17,25.29,24.17,24.32,24.35,24.6,21664,533035.03,281
2026-02-25,INE0J0B01017,KOTYARK,SM,241.0,241.0,237.7,239.85,241.0,240.6,9800,2348535.0,42
2026-02-25,INE542W01025,KPIGREEN,EQ,386.9,391.0,380.6,383.65,383.6,385.7,493085,189654511.55,13872
2026-02-25,INE04I401011,KPITTECH,EQ,764.1,805.0,764.0,788.7,791.9,760.5,5094300,4034038404.5,122079
2026-02-25,INE930H01031,KPRMILL,EQ,920.8,927.5,895.1,922.65,915.0,920.15,439822,400060459.7,26229
2026-02-25,INE001B01026,KRBL,EQ,361.85,361.85,349.0,350.4,350.5,351.85,228148,80477912.75,6893
2026-02-25,INE268B01013,KREBSBIO,EQ,59.98,59.98,57.69,58.99,59.94,57.9,3983,234171.88,43
2026-02-25,INE524L01026,KRIDHANINF,EQ,3.42,3.54,3.35,3.37,3.4,3.47,35790,121344.58,121
2026-02-25,INE506W01012,KRISHANA,EQ,498.1,502.5,491.1,494.65,494.5,498.85,27498,13659276.0,1033
2026-02-25,INE0NR701018,KRISHCA,SM,180.0,180.0,178.0,178.05,178.05,176.2,2000,358000.0,4
2026-02-25,INE0GGO01015,KRISHIVAL,EQ,324.1,327.1,301.75,310.5,307.6,317.8,22603,7063885.9,771
2026-02-25,IN90GGO01013,KRISHPP,E1,108.0,110.95,108.0,109.3,108.0,110.95,133,14408.95,5
2026-02-25,INE0J5601015,KRISHNADEF,EQ,1009.6,1040.0,1000.0,1012.7,1011.0,1001.6,53009,53735904.9,4266
2026-02-25,INE967H01025,KIMS,EQ,732.7,739.55,721.2,726.6,727.5,735.85,227408,165247131.4,11798
2026-02-25,INE479D01038,KRITI,EQ,85.49,85.52,82.12,85.27,85.33,84.48,31358,2632129.94,1784
2026-02-25,INE798K01010,KRITINUT,EQ,70.74,70.89,68.21,68.65,68.7,68.28,5429,377871.86,194
2026-02-25,INE00Z501029,KRITIKA,EQ,6.23,6.3,6.01,6.13,6.14,6.11,158563,975987.99,520
2026-02-25,INE1MTV01019,KRMAYURVED,SM,207.5,213.0,205.0,205.15,205.0,209.0,34000,7101900.0,32
2026-02-25,INE0Q3J01015,KRN,EQ,950.0,1019.9,939.95,999.65,992.9,946.25,12710982,12606135066.55,243535
2026-02-25,INE0ATZ01017,KRONOX,EQ,118.0,118.7,111.1,112.0,111.8,116.96,70888,8076420.49,1807
2026-02-25,INE0O6601022,KROSS,EQ,201.0,204.26,196.35,197.99,198.69,198.97,236890,47614681.89,5213
2026-02-25,INE08LI01020,KRSNAA,EQ,644.0,644.0,621.0,629.75,638.0,627.45,62007,38869085.6,3172
2026-02-25,INE0QN801017,KRYSTAL,EQ,625.95,634.0,625.0,626.3,625.0,625.05,26333,16479758.6,333
2026-02-25,INE999A01023,KSB,EQ,716.1,730.4,704.3,717.1,723.0,710.4,229177,164421688.7,10285
2026-02-25,INE987S01020,KSHINTL,EQ,364.8,369.0,359.3,361.9,362.0,361.25,70942,25641515.35,4183
2026-02-25,INE013801027,KSHITIJPOL,BE,2.8,2.82,2.62,2.8,2.81,2.75,269683,738330.89,242
2026-02-25,INE0D6I01023,KSOLVES,EQ,305.0,313.0,303.0,304.35,304.95,304.4,33369,10256626.55,1709
2026-02-25,INE1SPP01016,KSR,BE,29.2,29.2,27.98,27.98,27.98,29.45,24027,682893.46,129
2026-02-25,INE529I01021,KUANTUM,EQ,90.01,92.89,87.25,88.26,88.4,88.24,48354,4319579.99,495
2026-02-25,INE0OWX01025,KEL,SM,83.35,88.0,81.35,88.0,88.0,85.5,19200,1644660.0,10
2026-02-25,INE2KCE01013,KWIL,BE,26.17,26.38,25.23,25.74,25.7,26.21,9306265,239335835.13,25855
2026-02-25,INE498L01015,LTF,EQ,301.0,310.5,298.9,303.35,303.45,297.45,9098084,2780512204.3,70939
2026-02-25,INE010V01017,LTTS,EQ,3156.6,3328.0,3156.6,3276.0,3270.0,3148.6,389783,1275530165.5,44944
2026-02-25,INE059D01020,LAOPALA,EQ,208.33,208.33,201.3,202.7,202.0,208.33,118417,24131703.73,4423
2026-02-25,INE548Z01017,LAGNAM,EQ,78.29,78.29,72.0,75.48,77.35,74.11,9458,697951.57,163
2026-02-25,INE850E01012,LFIC,EQ,134.89,153.9,127.51,144.86,146.99,128.57,112433,16410634.33,2649
2026-02-25,INE651C01018,LAKPRE,BZ,4.7,4.99,4.62,4.75,4.75,4.76,2538,12256.56,13
2026-02-25,INE0VZS01015,LAKSHYA,SM,109.0,109.0,109.0,109.0,109.0,111.0,800,87200.0,1
2026-02-25,INE112F01022,LAMBODHARA,EQ,107.02,108.9,105.0,108.07,107.11,106.6,10665,1145848.95,146
2026-02-25,INE572G01025,LANCORHOL,BE,25.4,26.85,24.58,24.69,24.7,25.87,128051,3180971.01,268
2026-02-25,INE559R01029,LANDMARK,EQ,416.1,419.0,410.0,416.3,417.0,412.8,36125,14999808.95,1829
2026-02-25,INE197J01017,LPDC,EQ,6.19,6.28,5.9,5.98,6.05,6.06,37061,223660.03,243
2026-02-25,INE018A01030,LT,EQ,4270.0,4344.9,4254.2,4298.5,4302.0,4259.2,2481469,10683430729.9,145176
2026-02-25,INE670X01014,LASA,EQ,7.77,8.26,7.77,7.8,7.99,8.26,29732,235181.56,296
2026-02-25,INE0I7C01011,LATENTVIEW,EQ,345.95,350.25,338.05,340.15,341.65,345.2,493617,168872957.15,16413
2026-02-25,INE262Z01023,LATTEYS,EQ,22.9,23.2,21.75,22.13,22.32,21.92,44017,987833.82,263
2026-02-25,INE947Q01028,LAURUSLABS,EQ,1035.0,1078.9,1032.15,1076.35,1075.0,1028.5,2096497,2226181458.55,48065
2026-02-25,INE801V01019,LAXMICOT,BE,16.99,16.99,16.99,16.99,16.99,17.88,14825,251876.75,65
2026-02-25,INE0WO601020,LAXMIDENTL,EQ,189.06,189.8,185.64,187.18,186.47,187.56,89726,16805832.06,2036
2026-02-25,INE258Y01016,LGHL,EQ,288.65,290.0,281.3,288.1,290.0,281.05,58680,16658547.75,581
2026-02-25,INE06WU01026,LAXMIINDIA,EQ,94.0,96.59,93.57,94.52,94.13,93.74,383106,36207682.86,3239
2026-02-25,INE576O01020,LXCHEM,EQ,132.52,132.99,130.23,130.61,130.5,132.33,398795,52340575.48,7953
2026-02-25,INE938A01021,LCCINFOTEC,BE,4.61,4.93,4.61,4.74,4.93,4.7,9700,45482.12,23
2026-02-25,INE0G1L01017,LEMERITE,EQ,460.6,460.6,448.95,451.65,457.9,456.3,27629,12500367.5,304
2026-02-25,INE0HV901016,IXIGO,EQ,166.14,168.9,162.01,165.3,167.86,164.4,3589476,591857829.74,34491
2026-02-25,INE0H4B01011,LRRPL,SM,65.5,65.5,62.25,62.25,62.25,65.5,19500,1218975.0,11
2026-02-25,INE0AQ201015,THELEELA,EQ,441.0,442.95,436.3,439.9,440.5,437.8,52629,23157451.5,6543
2026-02-25,INE970X01018,LEMONTREE,EQ,114.4,115.99,113.9,114.33,114.35,113.67,3551755,407949425.92,36548
2026-02-25,INE956O01016,LENSKART,EQ,487.25,510.95,480.1,505.45,506.5,484.5,3857628,1933038605.45,65246
2026-02-25,INE500X01013,LEXUS,BE,38.8,38.8,36.33,37.65,37.8,38.24,61984,2284897.37,158
2026-02-25,INE337A01034,LGBBROSLTD,EQ,1928.5,1949.5,1905.4,1922.0,1918.0,1928.5,21629,41759066.9,4043
2026-02-25,INE324D01010,LGEINDIA,EQ,1565.0,1584.0,1541.1,1568.0,1568.0,1568.1,495988,776595510.8,40447
2026-02-25,INE908V01012,LIBAS,EQ,10.59,10.8,10.04,10.16,10.25,10.13,4467,45592.66,133
2026-02-25,INE557B01019,LIBERTSHOE,EQ,244.0,246.6,238.51,241.97,242.88,242.74,9272,2250081.49,433
2026-02-25,INE115A01026,LICHSGFIN,EQ,534.8,551.4,531.6,547.0,546.75,532.05,2120355,1154394581.25,41636
2026-02-25,INF397L01554,LICMFGOLD,EQ,14387.7,14399.95,14255.2,14313.85,14300.0,14212.6,1964,28131715.9,697
2026-02-25,INF767K01OS7,LICNETFN50,EQ,284.51,286.01,284.44,284.79,284.79,283.14,498,141783.04,27
2026-02-25,INF767K01OT5,LICNETFSEN,EQ,930.86,932.62,924.45,925.81,925.84,936.53,37,34342.45,16
2026-02-25,INF767K01PC8,LICNFNHGP,EQ,285.36,287.56,285.36,286.43,286.43,285.0,157,45027.25,15
2026-02-25,INF767K01MV5,LICNETFGSC,EQ,28.88,28.98,28.84,28.91,28.91,28.83,143179,4139067.55,157
2026-02-25,INF767K01RN1,LICNMID100,EQ,59.49,59.99,59.37,59.86,59.86,59.48,3412,203826.94,82
2026-02-25,INE0J1Y01017,LICI,EQ,887.0,896.5,872.6,874.85,875.95,882.0,1353348,1192957055.55,28608
2026-02-25,INE060901027,LIKHITHA,EQ,152.1,154.78,150.0,150.62,150.2,151.31,31394,4750701.79,1075
2026-02-25,INE802B01027,LINC,EQ,109.72,111.3,108.61,109.26,109.23,109.72,11542,1268654.38,297
2026-02-25,INE405C01035,LINCOLN,EQ,611.0,624.45,610.0,612.25,614.9,615.65,17974,11031854.65,753
2026-02-25,INE473A01011,LINDEINDIA,EQ,6680.0,6850.0,6636.0,6710.5,6711.0,6636.5,40053,270170439.5,8149
2026-02-25,INE093R01011,LLOYDSENGG,EQ,49.5,50.28,48.9,49.24,49.08,48.88,2083314,103269072.78,12415
2026-02-25,INE080I01025,LLOYDSENT,EQ,54.0,55.49,53.0,54.14,53.95,54.22,6427764,351013258.41,23433
2026-02-25,INE0DTQ01028,LLOYDS,SM,50.0,50.0,49.75,49.8,49.8,49.75,4000,199500.0,4
2026-02-25,INE281B01032,LLOYDSME,EQ,1182.6,1258.0,1178.3,1251.8,1248.1,1164.1,1388532,1703913030.6,59493
2026-02-25,INE269B01029,LMW,EQ,15547.0,15668.0,15450.0,15524.0,15500.0,15517.0,1102,17105320.0,438
2026-02-25,INE670K01029,LODHA,EQ,1044.45,1059.15,1015.65,1022.5,1019.5,1040.8,1280861,1324833547.55,42832
2026-02-25,INE397H01017,LOKESHMACH,EQ,179.0,183.0,178.57,181.54,183.0,180.97,46752,8462343.64,815
2026-02-25,INE846D01012,LORDSCHLO,EQ,122.0,122.0,112.1,117.07,119.02,118.71,37188,4319030.64,883
2026-02-25,INE740X01023,LAL,EQ,7.94,7.94,7.52,7.53,7.69,7.65,16545,127997.39,151
2026-02-25,INE947I01017,LOTUSEYE,EQ,107.5,111.99,106.81,109.83,109.95,108.21,37975,4168205.07,669
2026-02-25,INE597L01014,LOVABLE,EQ,75.56,77.99,72.7,73.82,73.9,76.62,10592,794162.94,279
2026-02-25,INE970D01010,LOYALTEX,BE,217.0,223.99,212.1,215.14,215.0,216.29,316,68398.07,29
2026-02-25,INE818H01020,LTFOODS,EQ,410.75,412.15,403.65,408.5,409.0,408.7,395092,161151255.55,17361
2026-02-25,INE214T01019,LTIM,EQ,4524.0,4661.5,4515.5,4559.0,4549.5,4501.0,370208,1696072454.5,38276
2026-02-25,INE872H01027,LUMAXTECH,EQ,1685.2,1768.0,1681.1,1719.0,1737.5,1672.7,465044,806501248.1,34852
2026-02-25,INE162B01018,LUMAXIND,EQ,5980.0,6256.9,5961.1,6214.6,6222.0,5950.8,25591,157332025.3,7961
2026-02-25,INE326A01037,LUPIN,EQ,2267.2,2299.7,2254.8,2292.2,2293.0,2250.2,1104224,2519865478.4,63588
2026-02-25,INE150G01020,LUXIND,EQ,920.0,927.0,900.05,908.2,906.0,918.05,27772,25263997.65,2002
2026-02-25,INE933A01014,LYKALABS,EQ,60.2,62.99,60.2,61.82,62.99,61.36,41521,2559792.11,317
2026-02-25,INE142K01011,LYPSAGEMS,EQ,5.2,5.4,5.2,5.26,5.29,5.15,27484,146511.0,161
2026-02-25,INE08N601015,MBEL,EQ,316.6,320.9,298.95,302.7,305.0,315.05,209909,64295908.5,7369
2026-02-25,INE964W01021,MKPL,EQ,5.2,5.27,4.99,5.09,5.11,5.18,219823,1123277.3,614
2026-02-25,INE774D01024,M&MFIN,EQ,368.0,384.2,364.7,378.25,378.0,364.65,2797739,1059647718.05,40717
2026-02-25,INE0SGC01015,MVKAGRO,SM,505.0,549.9,505.0,544.2,549.9,511.6,15300,7964280.0,30
2026-02-25,INE215I01027,MAANALU,BE,142.65,145.39,142.0,143.18,143.89,143.36,38121,5468272.18,214
2026-02-25,INE0R0J01010,MACOBSTECH,SM,209.0,215.5,209.0,215.5,215.5,210.0,3200,677200.0,4
2026-02-25,INE155Z01011,MACPOWER,EQ,927.3,998.0,907.05,990.95,965.5,915.3,76590,74109476.4,5685
2026-02-25,INE813V01022,MCL,BE,60.0,61.04,60.0,61.04,61.04,59.85,147092,8906396.14,1023
2026-02-25,INE925C01016,MADHAV,EQ,37.41,37.98,37.0,37.08,37.1,37.3,1791,66655.24,47
2026-02-25,INE378D01032,MADHUCON,EQ,4.91,4.93,4.74,4.79,4.74,4.76,13198,63743.85,44
2026-02-25,INE0P6701019,MADHUSUDAN,SM,128.2,135.0,128.1,135.0,135.0,130.0,6000,779200.0,6
2026-02-25,INE900L01010,MBAPL,EQ,466.85,470.85,461.0,461.95,462.0,463.6,287473,134199782.55,5813
2026-02-25,INE414A01015,MADRASFERT,EQ,69.99,69.99,68.51,69.36,69.96,69.24,37072,2565031.49,545
2026-02-25,INE347W01011,MAGADSUGAR,EQ,429.5,435.85,429.5,432.35,430.15,429.45,1191,516302.2,157
2026-02-25,INE613C01026,MCLOUD,EQ,24.75,25.35,24.5,24.83,24.7,24.63,1160085,28881776.71,3574
2026-02-25,INE387I01016,MAGNUM,EQ,23.0,23.0,21.51,21.87,21.51,22.33,49830,1118352.6,147
2026-02-25,INE0O1S01012,MAGSON,SM,139.1,139.2,138.9,138.95,139.0,139.0,7000,973100.0,5
2026-02-25,INE843B01013,MAHAPEXLTD,EQ,92.02,95.98,90.3,94.43,95.95,92.22,6857,633475.06,182
2026-02-25,INE0US801024,MFML,EQ,26.4,26.4,23.63,23.74,24.5,24.26,577,14216.74,38
2026-02-25,INE112D01035,MHLXMIRU,EQ,192.3,196.8,169.99,173.55,172.0,192.27,23751,4222171.77,615
2026-02-25,INE451L01014,MAHASTEEL,BE,730.1,779.95,717.2,771.65,746.05,753.8,3864,2901903.35,246
2026-02-25,INE002S01010,MGL,EQ,1194.9,1209.9,1187.7,1201.0,1201.2,1193.0,198177,238141576.6,16623
2026-02-25,INE153A01019,MTNL,EQ,29.83,30.1,29.05,29.47,29.52,29.69,822096,24289527.37,3856
2026-02-25,INE288A01013,MAHSCOOTER,EQ,13397.0,13445.0,13169.0,13272.0,13445.0,13266.0,2525,33504865.0,944
2026-02-25,INE271B01025,MAHSEAMLES,EQ,534.05,549.6,534.05,544.7,545.8,533.85,120061,64990735.95,7541
2026-02-25,INE632Q01018,MRIL,SM,50.85,50.85,50.0,50.3,50.0,49.75,6400,322720.0,4
2026-02-25,INE263W01010,MAHESHWARI,EQ,43.7,43.7,41.3,41.78,41.5,42.0,18210,766721.91,151
2026-02-25,INE961Y01015,MAHICKRA,SM,194.8,194.8,178.0,180.25,185.0,185.4,21750,4029525.0,26
2026-02-25,INE101A01026,M&M,EQ,3435.0,3500.9,3425.4,3491.3,3480.0,3433.2,2273269,7905718227.1,113036
2026-02-25,INE215D01010,MAHEPC,EQ,119.4,123.88,119.06,119.78,119.4,119.38,40926,4950005.83,1128
2026-02-25,INE998I01010,MHRIL,EQ,286.0,288.35,281.1,282.35,282.1,285.7,62826,17826049.45,4401
2026-02-25,INE813A01018,MAHLIFE,EQ,368.25,374.5,368.1,371.05,371.05,369.75,49419,18356611.6,2970
2026-02-25,INE766P01016,MAHLOG,EQ,405.5,410.0,393.55,401.25,401.8,405.8,138757,55786535.15,4556
2026-02-25,INE683C01011,MAITHANALL,EQ,1000.0,1035.0,1000.0,1022.9,1020.9,998.5,26481,26997511.3,2138
2026-02-25,INE389C01015,MALLCOM,EQ,1150.0,1219.9,1126.1,1153.4,1150.0,1137.5,18364,21526565.5,2069
2026-02-25,INE383H01017,MALUPAPER,EQ,31.99,32.45,31.2,31.4,31.8,31.36,2973,93643.34,106
2026-02-25,INE0TO701015,MAMATA,EQ,440.05,448.0,436.0,438.0,437.5,433.85,204670,90177962.8,5425
2026-02-25,INE830Q01018,MANAKCOAT,EQ,119.02,120.29,110.53,114.39,114.5,118.08,6806183,779649745.74,14028
2026-02-25,INE993A01026,MANINDS,EQ,431.4,437.85,426.55,432.75,434.7,427.4,373166,161344559.4,8066
2026-02-25,INE949H01023,MANINFRA,EQ,107.87,109.18,106.0,106.2,107.2,108.21,247361,26585512.52,3105
2026-02-25,INE859Q01017,MANAKALUCO,BE,29.38,30.39,29.05,29.46,29.5,29.09,125475,3724286.62,486
2026-02-25,INE015D01022,MANAKSIA,EQ,59.75,60.83,59.59,59.64,59.9,59.86,10269,616179.35,276
2026-02-25,INE824Q01011,MANAKSTEEL,EQ,59.05,61.0,59.05,60.34,60.2,59.24,11463,687661.66,258
2026-02-25,INE201A01024,MANALIPETC,EQ,55.05,55.29,54.5,54.92,54.99,54.59,109117,5983901.89,1356
2026-02-25,INE522D01027,MANAPPURAM,EQ,305.0,305.85,294.8,296.6,295.8,305.3,9105927,2722083615.0,52873
2026-02-25,INE0U4H01011,MPEL,SM,55.0,55.0,55.0,55.0,55.0,52.0,8000,440000.0,3
2026-02-25,INE939X01013,MANBA,EQ,122.01,125.4,120.6,122.37,122.79,121.74,29745,3628908.03,757
2026-02-25,INE0R3T01013,MANDEEP,SM,18.9,18.9,18.9,18.9,18.9,18.0,2000,37800.0,1
2026-02-25,INE545L01039,MANCREDIT,EQ,177.5,177.51,168.1,170.7,168.15,175.77,15920,2771543.73,317
2026-02-25,INE0PKD01011,MEIL,EQ,245.5,250.0,235.35,239.55,239.0,244.9,77632,18797592.25,2475
2026-02-25,INE00C401011,MAL,SM,42.0,42.0,41.55,41.55,41.55,43.65,8000,334560.0,3
2026-02-25,INE347A01017,MANGLMCEM,EQ,887.1,924.0,887.1,921.7,923.9,885.95,234003,213746235.95,6129
2026-02-25,INE584F01014,MANGALAM,EQ,29.89,30.93,28.46,29.2,29.45,29.95,146446,4267815.85,1124
2026-02-25,INE0APB01032,MGEL,EQ,11.26,11.26,10.95,11.01,11.0,11.01,700156,7707996.59,543
2026-02-25,INE370D01013,MANORG,EQ,417.5,420.15,413.8,414.25,414.0,418.6,3650,1513817.55,178
2026-02-25,INE0JYY01011,MWL,EQ,275.0,275.0,264.9,267.7,265.15,270.45,35279,9439201.05,519
2026-02-25,INE634S01028,MANKIND,EQ,2067.5,2165.0,2052.8,2155.7,2165.0,2054.7,802399,1705903164.9,41570
2026-02-25,INE0KNT01012,MVGJL,EQ,158.49,159.83,155.35,156.59,156.0,158.0,40857,6457431.66,1388
2026-02-25,INE784W01015,MANOMAY,BE,226.85,226.85,216.0,218.53,218.18,218.64,5054,1105319.41,39
2026-02-25,INE00VM01036,MANORAMA,EQ,1411.0,1444.0,1411.0,1432.3,1440.0,1415.1,53904,76775274.8,6279
2026-02-25,INE867A01022,MANUGRAPH,EQ,15.2,15.2,14.41,14.59,14.6,14.25,9241,136875.6,96
2026-02-25,INE882A01013,MARALOVER,EQ,45.53,47.0,45.0,45.16,45.6,45.92,8958,410981.91,142
2026-02-25,INE182D01020,MARATHON,EQ,408.3,422.2,393.8,415.75,419.0,406.15,113069,45786248.55,3224
2026-02-25,INE0QP001012,MARCO,SM,32.5,32.5,32.5,32.5,32.5,32.5,1500,48750.0,1
2026-02-25,INE196A01026,MARICO,EQ,810.35,811.6,801.75,806.35,810.0,810.35,1360182,1096631873.05,52365
2026-02-25,INE01JE01028,MARINE,EQ,192.0,192.0,185.0,185.83,186.1,189.2,136375,25571332.7,3009
2026-02-25,INE0P1P01017,MARINETRAN,ST,20.35,20.35,20.35,20.35,20.35,19.45,4000,81400.0,1
2026-02-25,INE0FW001016,MARKOLINES,EQ,157.7,160.9,156.37,159.1,158.95,156.51,179364,28445337.08,1653
2026-02-25,INE750C01026,MARKSANS,EQ,175.0,177.39,174.5,175.86,176.1,174.07,352017,61913787.72,12544
2026-02-25,INE0X7G01013,MARUSHIKA,ST,100.0,101.8,98.8,98.8,98.8,103.95,60000,5945640.0,36
2026-02-25,INE585B01010,MARUTI,EQ,14860.0,15133.0,14837.0,15070.0,15125.0,14926.0,356495,5359501097.0,44815
2026-02-25,INE575Z01010,MDL,SM,49.0,49.0,43.0,43.1,43.1,49.0,8000,364150.0,7
2026-02-25,INE348L01012,MASFIN,EQ,344.0,344.0,335.6,339.95,338.05,338.15,116922,39722209.1,4099
2026-02-25,INE885F01015,MASKINVEST,EQ,156.0,156.0,143.21,154.82,145.0,156.0,211,32593.66,11
2026-02-25,INE0SH001010,MASON,SM,170.0,178.0,158.4,164.25,165.0,174.35,37500,6190125.0,62
2026-02-25,INE759A01021,MASTEK,EQ,1592.6,1638.5,1569.1,1620.3,1617.0,1567.6,128999,208215137.9,10504
2026-02-25,INE0OJM01017,MASTER,SM,302.5,316.0,301.15,306.1,316.0,317.0,4000,1212750.0,8
2026-02-25,INE677D01037,MASTERTR,EQ,84.64,87.66,84.64,87.07,87.25,84.61,153199,13167617.64,1077
2026-02-25,INE866R01028,MATRIMONY,EQ,438.0,439.1,386.85,418.65,419.0,433.25,198524,80709130.65,9743
2026-02-25,INE132901013,MGSL,SM,83.0,84.0,83.0,84.0,84.0,83.0,4800,402000.0,3
2026-02-25,INE636A01039,MAWANASUG,EQ,78.75,78.75,76.23,76.81,77.0,77.99,17578,1356830.95,453
2026-02-25,INE03EI01018,MAXESTATES,EQ,403.35,409.9,396.6,406.9,402.05,400.15,41033,16523555.6,2525
2026-02-25,INE180A01020,MFSL,EQ,1844.6,1857.5,1836.4,1854.7,1855.8,1841.9,378587,699611641.0,29642
2026-02-25,INE027H01010,MAXHEALTH,EQ,1084.1,1090.9,1072.75,1088.1,1086.0,1086.4,1836316,1992024075.65,73334
2026-02-25,INE0CG601016,MAXIND,EQ,151.5,163.0,151.5,157.44,159.7,155.72,33192,5259847.87,1045
2026-02-25,INE0ECC01022,MAXPOSURE,SM,35.0,36.6,35.0,35.9,35.9,35.0,9000,322050.0,8
2026-02-25,INE10A501018,MAXVOLT,SM,310.85,343.55,310.85,339.6,336.0,327.2,117600,37770760.0,128
2026-02-25,INE040D01038,MAYURUNIQ,EQ,522.05,547.5,521.25,542.05,544.8,531.3,102434,55086801.35,6262
2026-02-25,INE249Z01020,MAZDOCK,EQ,2270.9,2273.1,2231.1,2237.8,2240.0,2256.4,517093,1164883662.0,29095
2026-02-25,INE885E01042,MAZDA,EQ,195.7,205.25,193.05,200.85,205.25,196.25,22387,4426421.52,827
2026-02-25,INE912H01013,MBLINFRA,EQ,27.9,27.9,25.9,26.6,26.05,26.91,60568,1606308.13,609
2026-02-25,INE942G01012,MCLEODRUSS,EQ,41.28,42.28,40.5,41.52,41.11,41.28,227687,9367452.85,1177
2026-02-25,INE0O4M01019,MCON,ST,46.9,47.05,44.5,44.65,44.5,44.9,28000,1288400.0,17
2026-02-25,INE456Z01021,MEDIASSIST,EQ,391.0,395.6,376.2,386.85,387.6,388.6,175626,67437317.05,6829
2026-02-25,INE646B01010,MEDICAMEQ,EQ,303.0,306.15,288.15,292.3,290.05,299.6,16474,4894482.55,983
2026-02-25,INE0PE401018,MEDIORG,SM,25.0,25.0,23.75,25.0,25.0,25.0,26000,638300.0,12
2026-02-25,INE630Y01024,MEDICO,EQ,45.45,46.6,45.45,45.65,45.54,46.05,32257,1482083.69,442
2026-02-25,INE0UOY01019,MEDISTEP,ST,22.5,22.5,22.5,22.5,22.5,23.45,3000,67500.0,1
2026-02-25,INE804L01022,MEDPLUS,EQ,835.9,860.65,833.3,854.8,854.0,835.05,242215,205405924.75,13034
2026-02-25,INE0VDM01015,MEESHO,EQ,155.0,160.0,154.12,159.13,159.96,154.96,1554161,245837213.48,20570
2026-02-25,INE0G1D01014,MEGAFLEX,ST,132.5,132.5,129.0,129.0,129.0,130.6,9000,1171500.0,3
2026-02-25,INE00EM01016,MEGASTAR,EQ,204.4,224.37,204.4,224.37,224.37,213.69,13170,2857215.07,100
2026-02-25,INE531R01010,MEGATHERM,SM,214.0,214.0,205.35,210.85,214.0,214.0,17600,3697980.0,42
2026-02-25,INE0CT101020,MOL,EQ,51.38,53.1,51.09,52.4,52.7,51.09,661660,34503692.07,3886
2026-02-25,INE071D01033,MENONBE,EQ,116.9,118.69,114.8,115.52,115.4,116.09,16906,1966085.71,765
2026-02-25,INE776I01010,MEP,BZ,1.05,1.05,1.05,1.05,1.05,1.07,33561,35239.05,46
2026-02-25,INE317I01021,METROBRAND,EQ,1046.6,1055.0,1025.0,1027.4,1027.0,1041.1,20495,21197024.4,4059
2026-02-25,INE112L01020,METROPOLIS,EQ,1900.0,1910.5,1880.0,1886.4,1880.1,1894.6,13604,25744781.5,2787
2026-02-25,INE287C01037,MICEL,EQ,40.13,40.55,39.75,39.99,39.81,40.13,1533671,61392772.61,2882
2026-02-25,INE0XAD01024,MIDWESTLTD,EQ,1314.8,1352.9,1287.6,1298.1,1305.0,1308.4,53064,69687471.8,5379
2026-02-25,INE376Y01016,MILTON,ST,46.0,48.0,46.0,48.0,48.0,47.3,35200,1680800.0,2
2026-02-25,INE842C01021,MINDACORP,EQ,573.65,584.5,572.5,579.15,583.0,573.65,171486,99093432.75,11444
2026-02-25,INE0CCU25019,MINDSPACE,RR,483.5,489.25,479.0,480.97,480.0,483.96,300964,145701275.88,6302
2026-02-25,INE110B01017,MINDTECK,EQ,211.7,218.39,210.63,213.12,212.5,209.76,70576,15182356.63,1805
2026-02-25,INF769K01KU7,ALPHAETF,EQ,25.6,25.82,25.59,25.72,25.77,25.52,594950,15293297.37,865
2026-02-25,INF769K01KR3,BANKETF,EQ,621.69,622.01,617.01,619.75,619.99,619.89,4698,2916198.51,194
2026-02-25,INF769K01LZ4,BANKPSU,EQ,99.0,99.16,97.59,98.2,98.37,98.67,62774,6178321.64,290
2026-02-25,INF769K01NS5,CONSUMER,EQ,11.29,11.36,11.27,11.32,11.33,11.25,154211,1745921.8,335
2026-02-25,INF769K01QC2,DEFENCE,EQ,67.4,67.7,67.09,67.49,67.45,67.0,73339,4949080.04,107
2026-02-25,INF769K01PY8,DIVIDEND,EQ,36.5,37.0,36.5,36.91,36.9,36.36,27349,1007856.7,93
2026-02-25,INF769K01PR2,ENERGY,EQ,37.46,37.5,37.07,37.31,37.28,37.27,1607650,60091976.18,1474
2026-02-25,INF769K01OA1,EQUAL200,EQ,13.48,13.52,13.46,13.48,13.48,13.41,50433,680300.06,46
2026-02-25,INF769K01OO2,EQUAL50,EQ,336.76,338.58,336.22,336.22,336.22,335.66,3028,1021599.83,11
2026-02-25,INF769K01LQ3,EVINDIA,EQ,30.77,31.19,30.75,31.05,31.13,30.6,240181,7449532.34,1323
2026-02-25,INF769K01QA6,HEALTHCARE,EQ,18.71,18.91,18.62,18.9,18.91,18.62,22033,414969.57,63
2026-02-25,INF769K01QB4,INFRA,EQ,11.58,11.61,11.51,11.55,11.55,11.5,30470,352463.84,70
2026-02-25,INF769K01PB6,INTERNET,EQ,12.18,12.22,12.05,12.06,12.09,12.1,131663,1595375.36,290
2026-02-25,INF769K01KV5,ITETF,EQ,32.09,32.6,32.0,32.11,32.11,31.63,1345429,43434806.38,2569
2026-02-25,INF769K01KS1,LIQUID,EQ,1000.0,1000.0,999.99,999.99,999.99,999.99,60349,60348711.69,85
2026-02-25,INF769K01MY5,LIQUIDPLUS,EQ,1073.95,1077.3,1073.95,1074.06,1074.07,1073.92,162121,174129114.63,207
2026-02-25,INF769K01GS9,ESG,EQ,42.99,43.2,42.79,42.93,42.96,42.78,17454,750061.2,60
2026-02-25,INF769K01HF4,MAFANG,EQ,150.87,150.87,150.87,150.87,150.87,154.78,304224,45898274.88,489
2026-02-25,INF769K01HI8,BFSI,EQ,29.79,29.79,29.2,29.28,29.29,29.26,146569,4296274.15,604
2026-02-25,INF769K01JP9,GOLDETF,EQ,154.05,156.0,153.2,154.53,154.05,154.05,1547838,239028311.05,5922
2026-02-25,INF769K01KF8,GSEC10YEAR,EQ,29.75,29.87,29.75,29.81,29.81,29.8,26606,793090.94,18
2026-02-25,INF769K01HS7,MAHKTECH,EQ,24.98,25.0,24.53,24.71,24.65,24.34,824497,20482922.66,5425
2026-02-25,INF769K01IC9,MIDCAPETF,EQ,21.67,22.4,21.67,22.38,22.38,22.23,1459753,32642713.42,4074
2026-02-25,INF769K01IB1,MAKEINDIA,EQ,155.0,161.97,155.0,161.04,161.05,158.91,561678,90297508.14,674
2026-02-25,INF769K01EG9,NIFTYETF,EQ,277.1,277.3,274.89,275.53,275.58,275.05,123206,33974725.33,1025
2026-02-25,INF769K01JU9,LOWVOL,EQ,212.27,212.64,212.27,212.64,212.64,211.56,10,2123.42,4
2026-02-25,INF769K01FN2,NEXT50,EQ,738.15,738.15,716.74,722.87,723.69,716.65,15072,10872504.79,685
2026-02-25,INF769K01KG6,SILVERAG,EQ,256.15,259.76,256.15,258.6,258.97,255.9,413096,106633418.87,4549
2026-02-25,INF769K01HP3,MASPTOP50,EQ,69.51,69.67,69.51,69.67,69.67,69.15,64959,4525409.57,1639
2026-02-25,INF769K01LY7,METAL,EQ,12.34,12.5,11.81,12.43,12.44,12.12,11491681,142287471.71,8754
2026-02-25,INF769K01LJ8,MIDSMALL,EQ,47.36,47.79,47.29,47.56,47.54,47.05,218958,10395966.66,658
2026-02-25,INF769K01LX9,MULTICAP,EQ,16.31,16.31,16.17,16.22,16.24,16.17,41692,676736.94,400
2026-02-25,INF769K01ON4,SELECTIPO,EQ,42.74,42.86,42.55,42.73,42.74,42.85,3870,165193.35,126
2026-02-25,INF769K01KT9,SENSEXETF,EQ,84.65,85.04,84.29,84.46,84.4,84.38,43034,3647753.31,284
2026-02-25,INF769K01PQ4,SMALL250,EQ,16.01,16.07,15.97,16.04,16.06,15.94,142502,2285266.58,428
2026-02-25,INF769K01LC3,SMALLCAP,EQ,42.2,42.46,42.11,42.3,42.33,42.05,1193309,50464076.56,2625
2026-02-25,INF769K01PZ5,TOP20,EQ,9.4,9.44,9.35,9.37,9.36,9.35,113768,1070114.81,110
2026-02-25,INE831A01028,MIRCELECTR,EQ,28.0,28.64,27.9,28.28,28.31,28.18,356188,10055832.28,1400
2026-02-25,INE771A01026,MIRZAINT,EQ,34.5,34.92,34.33,34.68,34.5,34.73,88934,3080371.51,693
2026-02-25,INE099Z01011,MIDHANI,EQ,338.1,349.5,338.1,346.85,347.5,338.5,377613,130432109.95,12175
2026-02-25,INE828O01033,MITCON,EQ,55.1,58.4,55.1,56.28,57.2,57.02,3609,206397.45,85
2026-02-25,INE997Y01027,MITTAL,EQ,1.01,1.01,0.98,1.0,1.01,0.99,746553,742220.51,462
2026-02-25,INE227C01017,MMFL,EQ,462.7,473.0,451.0,470.1,463.1,461.0,191883,89274755.35,5038
2026-02-25,INE511Y01018,MMP,EQ,240.0,244.95,237.35,239.75,244.95,239.35,17391,4181495.0,755
2026-02-25,INE123F01029,MMTC,EQ,62.0,62.84,61.45,62.22,62.1,61.68,1219994,75746911.71,7679
2026-02-25,INE794W01014,MODTHREAD,EQ,41.11,45.96,41.11,42.0,42.0,41.24,1388,59744.15,19
2026-02-25,INE537F01012,MODINATUR,EQ,305.8,316.0,300.25,303.05,302.2,303.7,850,260110.25,84
2026-02-25,INE832A01018,MODIRUBBER,EQ,123.88,125.0,118.25,119.41,118.25,121.36,10301,1252615.48,819
2026-02-25,INE0L0L01012,MODIS,EQ,321.55,327.0,319.4,325.35,326.85,326.15,1430,462393.0,125
2026-02-25,INE737D01021,MODISONLTD,EQ,139.0,142.08,138.1,140.26,140.02,138.96,34286,4814928.65,584
2026-02-25,INE450S01011,MHHL,SM,40.1,40.25,37.0,40.15,40.15,38.45,190500,7655550.0,32
2026-02-25,INE954E01012,MOHITIND,EQ,24.97,25.4,23.6,24.57,24.62,24.39,16106,389738.49,93
2026-02-25,INE490G01020,MOIL,EQ,300.0,309.0,299.5,307.6,308.5,298.5,638414,194664006.1,15201
2026-02-25,INE514Y01020,MOKSH,EQ,13.04,13.07,12.75,12.95,13.07,12.78,77151,1000093.14,148
2026-02-25,INE893J01029,MOLDTKPAC,EQ,560.1,564.5,544.45,563.3,563.95,563.45,34108,18994179.75,2806
2026-02-25,INE835B01035,MOLDTECH,EQ,135.2,135.2,127.35,128.4,128.0,131.93,32654,4229386.93,736
2026-02-25,INE903D01011,MONARCH,EQ,283.0,283.2,277.1,279.85,278.0,276.6,177685,49948002.75,4184
2026-02-25,INE296Q01012,MONEYBOXX,EQ,67.0,69.9,62.5,67.16,69.7,65.41,88828,5902671.61,946
2026-02-25,INE0OIP01012,MONOPHARMA,SM,13.1,13.1,13.1,13.1,13.1,13.1,2000,26200.0,1
2026-02-25,INE1DV401010,MONOLITH,SM,455.0,461.95,433.15,440.05,439.2,456.25,10500,4693250.0,37
2026-02-25,INE950M01013,MONTECARLO,EQ,569.95,576.0,568.0,571.65,572.95,569.05,10242,5866820.5,854
2026-02-25,INE161G01027,MORARJEE,BZ,6.99,6.99,6.75,6.75,6.75,7.1,3994,27038.0,13
2026-02-25,INE083A01026,MOREPENLAB,EQ,46.61,46.94,43.72,44.18,43.9,46.47,13547519,606930126.78,31293
2026-02-25,INE0N7S01028,MOS,SM,22.6,22.7,21.9,22.0,22.0,21.8,188000,4154600.0,41
2026-02-25,INE935B01025,MOSCHIP,EQ,200.6,201.49,193.62,194.7,194.4,199.04,1363888,267453639.64,15986
2026-02-25,INE0FS801015,MSUMI,EQ,43.61,43.95,43.11,43.57,43.65,43.61,2513061,109421002.78,19452
2026-02-25,INF247L01023,MOM100,EQ,64.08,64.22,63.6,63.96,64.06,63.77,741436,47496120.25,2207
2026-02-25,INF247L01AP3,MON100,EQ,227.32,230.99,227.32,229.69,229.66,228.33,432176,99230402.09,10203
2026-02-25,INE338I01027,MOTILALOFS,EQ,750.95,753.7,728.5,733.35,734.3,743.2,759120,559695815.35,28384
2026-02-25,INF247L01536,MOM50,EQ,269.68,269.68,264.61,265.18,265.46,265.29,5141,1367380.72,131
2026-02-25,INF247L01AK4,MOGSEC,EQ,64.02,64.02,63.52,63.53,63.95,64.02,1499,95417.26,57
2026-02-25,INF247L01FR8,MOALPHA50,EQ,51.57,51.57,50.7,50.95,50.95,50.55,1207,61634.94,22
2026-02-25,INF247L01EV3,MOCAPITAL,EQ,47.7,47.7,46.78,47.27,47.25,46.78,611417,28863865.5,1554
2026-02-25,INF247L01DJ0,MODEFENCE,EQ,90.2,90.2,88.0,88.75,88.8,88.0,1918371,170022614.99,6153
2026-02-25,INF247L01GH7,MOENERGY,EQ,37.1,37.53,37.0,37.33,37.32,37.1,780343,29159013.96,1209
2026-02-25,INF247L01FY4,MOGOLD,EQ,157.0,157.9,155.6,156.6,156.1,156.65,77927,12231120.4,1036
2026-02-25,INF247L01BB1,MOHEALTH,EQ,44.02,44.7,43.45,44.51,44.4,44.01,161571,7167381.04,777
2026-02-25,INF247L01FL1,MOINFRA,EQ,61.89,62.08,61.26,61.52,61.64,61.59,3601,222278.18,72
2026-02-25,INF247L01GI5,MOIPO,EQ,43.88,43.88,42.69,42.73,42.88,42.86,1653,70834.25,31
2026-02-25,INF247L01BL0,MOLOWVOL,EQ,38.8,43.07,38.38,39.74,38.38,38.82,1553,61459.91,42
2026-02-25,INF247L01DK8,MOMENTUM50,EQ,52.3,52.72,52.0,52.51,52.5,52.06,367575,19243557.09,1369
2026-02-25,INF247L01FK3,MOMGF,EQ,156.94,158.24,156.94,157.59,157.43,156.09,268,42194.76,9
2026-02-25,INF247L01FQ0,MOMIDMTM,EQ,63.67,63.67,62.41,63.31,63.3,62.97,79529,5012620.17,214
2026-02-25,INF247L01GK1,MOMNC,EQ,31.71,31.95,31.71,31.76,31.77,31.45,5936,188651.7,21
2026-02-25,INF247L01BK2,MOMOMENTUM,EQ,60.0,64.5,60.0,64.18,64.1,63.64,58938,3782049.88,427
2026-02-25,INF247L01FC0,MON50EQUAL,EQ,33.62,33.9,33.62,33.83,33.82,33.6,1545,52233.84,19
2026-02-25,INF247L01FD8,MONEXT50,EQ,69.74,70.0,69.57,69.85,70.0,69.5,3349,233524.22,33
2026-02-25,INF247L01GG9,MONIFTY100,EQ,26.65,26.65,26.26,26.31,26.31,26.23,27090,715536.74,39
2026-02-25,INF247L01BU1,MONIFTY500,EQ,24.38,24.38,23.81,23.92,23.94,23.79,496773,11879213.25,1236
2026-02-25,INF247L01AU3,MONQ50,EQ,96.44,99.84,96.44,99.02,99.12,98.92,58532,5803335.72,1368
2026-02-25,INF247L01FO5,MOPSE,EQ,106.42,107.55,106.0,106.71,107.0,105.89,4998,532407.76,44
2026-02-25,INF247L01BH8,MOQUALITY,EQ,194.66,196.7,194.44,195.98,196.01,193.42,1803,352858.42,19
2026-02-25,INF247L01CI4,MOREALTY,EQ,79.0,80.95,79.0,79.78,79.73,79.96,492782,39473379.17,2521
2026-02-25,INF247L01GJ3,MOSERVICE,EQ,33.0,33.07,32.63,32.72,32.72,32.77,1532,50317.77,31
2026-02-25,INF247L01FZ1,MOSILVER,EQ,258.93,263.2,258.87,261.7,261.0,258.94,75892,19848990.43,2308
2026-02-25,INF247L01CH6,MOSMALL250,EQ,16.03,16.16,15.88,16.08,16.11,16.02,1088585,17521782.09,1905
2026-02-25,INF247L01FP2,MOTOUR,EQ,79.62,79.62,78.59,79.19,79.2,80.22,10513,832694.57,359
2026-02-25,INF247L01BE5,MOVALUE,EQ,126.19,127.01,124.91,126.51,126.46,125.66,237376,29998552.71,1135
2026-02-25,INE0FRK01020,MOTISONS,EQ,15.95,16.22,15.61,15.89,15.96,15.93,5728576,91121233.37,8641
2026-02-25,INE861B01023,MOTOGENFIN,EQ,21.2,21.5,20.71,20.79,20.8,20.89,2137,44675.74,49
2026-02-25,INE0XM301010,MMEL,SM,28.85,31.55,28.0,31.0,31.0,30.0,80000,2343600.0,38
2026-02-25,INE0N6D01014,MOXSH,ST,113.2,113.2,113.0,113.0,113.0,113.1,6400,723840.0,2
2026-02-25,INE356A01018,MPHASIS,EQ,2230.0,2323.4,2227.3,2257.6,2250.0,2223.0,667290,1517130021.7,64433
2026-02-25,INE943D01017,MPSLTD,EQ,1545.5,1553.1,1471.2,1479.5,1475.0,1539.7,37102,55727477.1,3837
2026-02-25,INE883A01011,MRF,EQ,145000.0,148000.0,144245.0,147585.0,147200.0,143950.0,7166,1049592015.0,5315
2026-02-25,INE103A01014,MRPL,EQ,198.0,203.89,197.1,200.1,199.8,196.86,13271249,2665880397.6,94450
2026-02-25,INE495P01020,BECTORFOOD,EQ,217.75,218.59,214.1,216.29,216.7,216.68,296574,64073405.04,16183
2026-02-25,INE752G01015,MSPL,EQ,31.88,32.5,31.3,31.47,31.65,31.62,2232102,71216738.5,4221
2026-02-25,INE255X01014,MSTCLTD,EQ,455.0,459.8,450.15,453.3,450.15,453.0,64095,29130933.7,2961
2026-02-25,INE472M01018,MTEDUCARE,BE,1.42,1.44,1.33,1.4,1.4,1.39,56197,77742.02,66
2026-02-25,INE864I01014,MTARTECH,EQ,3775.0,3907.5,3595.2,3681.5,3697.0,3759.2,714445,2687523391.0,66018
2026-02-25,INE08KJ01020,MUFIN,EQ,116.49,117.29,115.0,116.31,116.5,116.25,604160,70271270.36,1954
2026-02-25,INE304A01026,MUKANDLTD,EQ,127.45,132.65,126.32,128.87,128.0,126.82,108171,14020478.35,1740
2026-02-25,INE0CG401037,MUKKA,EQ,23.02,23.52,22.5,22.6,22.59,23.29,399232,9096108.13,1293
2026-02-25,INE374B01019,MUKTAARTS,EQ,54.51,56.94,54.0,55.34,54.5,54.53,922,50978.95,34
2026-02-25,INE745G01043,MCX,EQ,2414.9,2484.9,2400.2,2449.2,2448.0,2395.8,2689531,6583472335.4,84798
2026-02-25,INE1K8Y01018,MUNISH,SM,70.1,73.0,70.0,73.0,73.0,72.5,57600,4113180.0,12
2026-02-25,INE672B01032,MUNJALAU,EQ,81.79,85.7,80.22,82.6,83.0,80.78,131885,10799386.51,2028
2026-02-25,INE577A01027,MUNJALSHOW,EQ,128.0,131.0,127.51,129.01,129.5,127.3,35721,4630427.53,984
2026-02-25,INE692B01014,MURUDCERA,EQ,32.66,32.67,31.85,32.19,32.36,32.2,10524,338695.49,172
2026-02-25,INE919I01024,RADIOCITY,EQ,5.95,6.16,5.95,6.01,6.0,6.07,178166,1074445.33,253
2026-02-25,INE296G01013,MUTHOOTCAP,EQ,230.2,234.5,228.11,230.06,230.0,230.16,6560,1517701.42,337
2026-02-25,INE414G01012,MUTHOOTFIN,EQ,3510.0,3523.4,3466.0,3504.6,3508.0,3494.0,476959,1668438168.3,41695
2026-02-25,INE046W01019,MUTHOOTMF,EQ,178.68,183.75,175.62,176.64,176.17,177.87,143284,25580019.73,2147
2026-02-25,INE0RVQ01016,MYMUDRA,SM,79.0,79.0,79.0,79.0,79.0,79.0,6000,474000.0,5
2026-02-25,INE740D01017,NRAIL,EQ,463.2,463.95,433.0,435.85,436.25,439.6,4606,2031471.25,391
2026-02-25,INE104101014,NRVANDANA,SM,59.0,59.0,56.0,57.5,57.5,57.0,18000,1030500.0,4
2026-02-25,INE365I01020,NBIFIN,EQ,1890.0,1890.1,1809.0,1872.2,1875.0,1871.6,463,858541.6,85
2026-02-25,INE295D01020,NACLIND,EQ,136.04,138.92,131.71,132.77,132.25,135.16,148350,19813057.67,2837
2026-02-25,INE756C01015,NDGL,EQ,2535.1,2550.0,2525.0,2528.6,2525.0,2525.0,76,192176.5,15
2026-02-25,INE454M01024,NAGAFERT,EQ,4.48,4.48,4.36,4.39,4.4,4.41,228049,1008151.0,560
2026-02-25,INE245I01016,NAGREEKCAP,EQ,25.75,26.88,25.75,26.77,26.8,26.33,17083,451657.99,88
2026-02-25,INE123B01028,NAGREEKEXP,EQ,25.66,25.76,25.02,25.14,25.02,25.5,5924,151042.03,56
2026-02-25,INE049I01012,NAHARCAP,EQ,244.96,255.1,240.5,242.99,244.5,233.53,11473,2806506.01,329
2026-02-25,INE289A01011,NAHARINDUS,EQ,99.5,103.99,98.1,98.84,98.5,98.72,15212,1524585.07,489
2026-02-25,INE308A01027,NAHARPOLY,EQ,238.81,254.8,238.02,251.38,250.55,236.13,24447,6078309.37,1204
2026-02-25,INE290A01027,NAHARSPING,EQ,202.87,203.0,198.1,199.75,201.0,200.93,27129,5433849.9,863
2026-02-25,INE236Y01012,NGIL,EQ,24.2,25.9,24.2,25.01,24.85,25.02,19344,481842.79,235
2026-02-25,INE023A01030,NSIL,EQ,5900.0,5995.0,5880.5,5937.5,5952.5,5911.5,1754,10399575.5,453
2026-02-25,INE0RJM01010,NAMAN,SM,57.0,58.9,57.0,58.5,58.5,56.7,16800,979400.0,8
2026-02-25,INE08NZ01012,NAMOEWASTE,SM,175.0,178.75,170.5,173.3,174.95,174.85,155200,26736720.0,50
2026-02-25,INE875G01048,NDL,EQ,2.77,2.8,2.74,2.75,2.76,2.77,1110721,3061287.52,1321
2026-02-25,INE696V01013,JAIPURKURT,EQ,35.81,38.02,34.2,35.0,35.0,34.78,155255,5577662.12,1748
2026-02-25,INE410P01011,NH,EQ,1828.0,1877.0,1814.0,1864.2,1852.0,1821.0,346453,641117599.9,29694
2026-02-25,INE117Z01011,NARMADA,EQ,32.5,33.71,31.32,32.73,32.64,32.53,390464,12783135.78,1546
2026-02-25,INE987B01026,NATCOPHARM,EQ,948.0,990.0,942.95,978.2,976.2,944.85,5721916,5584194394.45,134104
2026-02-25,INE448G01010,NATHBIOGEN,EQ,150.0,152.57,148.0,148.05,148.05,148.94,11538,1722018.81,323
2026-02-25,INE139A01034,NATIONALUM,EQ,347.0,361.0,346.6,359.8,360.9,343.0,14931791,5326388417.7,132108
2026-02-25,INE870D01012,NFL,EQ,77.59,78.5,77.42,78.3,78.4,77.42,479832,37425033.82,3776
2026-02-25,INE0H7R23014,NHIT,IV,155.0,155.0,155.0,155.0,155.0,153.5,25000,3875000.0,1
2026-02-25,INE936B01015,NATCAPSUQ,EQ,163.0,163.0,152.0,155.45,157.8,157.09,3007,474257.06,88
2026-02-25,INE725A01030,NAVA,EQ,576.0,584.9,571.6,583.2,580.75,577.6,280611,162177487.9,10760
2026-02-25,INE048G01026,NAVINFLUOR,EQ,6378.5,6497.0,6262.0,6430.5,6412.0,6328.0,126588,810428249.5,17935
2026-02-25,INE278M01019,NAVKARCORP,EQ,94.66,95.98,94.1,94.53,94.45,94.0,121854,11576071.89,1477
2026-02-25,INE268H01044,NAVKARURB,EQ,1.42,1.47,1.35,1.35,1.35,1.42,1700247,2323999.88,424
2026-02-25,INE060A01024,NAVNETEDUL,EQ,152.6,152.6,147.18,147.86,148.26,148.73,73483,10968018.09,1773
2026-02-25,INE418L01047,NAZARA,EQ,270.1,270.35,262.5,267.65,267.0,269.5,1901829,506997662.0,8097
2026-02-25,INE095N01031,NBCC,EQ,94.9,95.93,93.74,94.63,94.75,94.54,10414932,987843882.21,35860
2026-02-25,INE868B01028,NCC,EQ,149.0,151.9,148.84,151.68,151.28,149.0,1678509,253121238.46,17405
2026-02-25,INE732C01016,NCLIND,EQ,182.61,184.0,182.0,183.5,184.0,182.34,15103,2763503.32,431
2026-02-25,INE353A01023,NDLVENTURE,EQ,117.0,118.0,107.37,110.72,111.0,113.68,74830,8407764.19,1222
2026-02-25,INE07OG01012,NDRAUTO,EQ,775.0,775.95,755.0,759.5,758.0,758.15,12799,9762905.05,1098
2026-02-25,INE155G01029,NDTV,EQ,80.55,81.99,79.84,80.4,80.3,80.76,98496,7943832.59,1454
2026-02-25,INE023H01027,NECLIFE,EQ,12.28,12.42,12.2,12.27,12.25,12.29,175749,2161705.71,523
2026-02-25,INE0N1401016,NEELAM,SM,11.6,11.6,11.6,11.6,11.6,11.6,12000,139200.0,2
2026-02-25,INE189I01024,NELCAST,EQ,114.15,120.9,111.6,116.7,115.7,115.15,323619,37475272.27,3773
2026-02-25,INE045B01015,NELCO,EQ,625.0,649.0,622.6,625.95,627.0,623.0,118898,75280043.2,5413
2026-02-25,INE21UM01018,NEOCHEM,SM,81.75,81.75,81.75,81.75,81.75,83.4,1200,98100.0,1
2026-02-25,INE136S01016,NEOGEN,EQ,1355.8,1367.0,1322.2,1337.2,1338.0,1346.1,35969,48240704.0,4217
2026-02-25,INE0SUN01013,NEPHROCARE,SM,68.4,70.0,65.5,66.4,67.85,68.95,96400,6505740.0,185
2026-02-25,INE428V01029,NEPHROPLUS,EQ,567.05,584.4,561.0,575.5,580.0,567.45,79213,45461263.0,4224
2026-02-25,INE156901014,NEPTUNE,ST,228.6,229.0,228.6,229.0,229.0,239.5,2000,457600.0,2
2026-02-25,INE317F01035,NESCO,EQ,1115.7,1149.0,1115.0,1144.2,1149.0,1115.7,28815,32767093.6,3148
2026-02-25,INE239A01024,NESTLEIND,EQ,1328.0,1334.8,1315.0,1323.4,1322.4,1320.0,991399,1314678333.0,46738
2026-02-25,INE518X01015,CBAZAAR,ST,4.7,4.7,4.65,4.65,4.65,4.65,24000,112000.0,3
2026-02-25,INE0NT901020,NETWEB,EQ,3609.0,3728.0,3577.2,3629.9,3630.0,3563.2,3564811,13062646048.3,195878
2026-02-25,INE0FFK01017,NPST,EQ,1162.5,1171.4,1131.1,1148.0,1131.2,1130.8,33973,39082211.1,2464
2026-02-25,INE870H01013,NETWORK18,EQ,35.1,35.24,33.61,33.95,34.05,34.69,3596016,123140666.12,18452
2026-02-25,INE794A01010,NEULANDLAB,EQ,13366.0,13529.0,13218.0,13331.0,13366.0,13366.0,27190,363581514.0,9440
2026-02-25,INE619B01017,NEWGEN,EQ,519.4,535.0,495.0,499.9,500.0,513.95,9158255,4686123062.75,132016
2026-02-25,INE0PW501021,NEWJAISA,SM,17.9,18.05,17.4,17.5,17.5,17.2,48000,855900.0,23
2026-02-25,INE0TP801012,NMSTEEL,SM,24.65,24.65,24.05,24.05,24.05,26.1,8000,195120.0,5
2026-02-25,INE747B01016,NEXTMEDIA,EQ,5.99,5.99,5.67,5.69,5.7,5.99,3258,18945.04,85
2026-02-25,INE0NDH25011,NXST,RR,162.8,162.8,161.0,161.27,161.01,161.74,182024,29441368.85,3673
2026-02-25,INE887E01022,NGLFINE,EQ,2270.8,2273.9,2206.8,2242.5,2254.0,2254.6,2875,6437785.1,528
2026-02-25,INE557F07181,893NHB29,N6,6005.0,6005.0,5979.0,5979.0,5979.0,5855.0,55,329805.0,7
2026-02-25,INE848E01016,NHPC,EQ,75.69,76.3,74.75,75.67,75.45,75.77,8286035,625821497.77,37635
2026-02-25,INE149O01018,NIBE,EQ,1052.0,1054.5,1013.4,1039.7,1040.0,1025.6,58563,60672335.4,4329
2026-02-25,INE0J6L01013,NIDAN,SM,16.0,16.0,16.0,16.0,16.0,16.0,1000,16000.0,1
2026-02-25,INE342G01023,NIITMTS,EQ,345.0,345.0,335.3,339.55,340.0,345.65,70491,23905214.25,2903
2026-02-25,INE161A01038,NIITLTD,EQ,72.24,72.78,71.53,72.01,72.1,71.7,177791,12835901.13,1883
2026-02-25,INE0FLF01015,NIKITA,SM,128.0,128.0,123.0,124.8,124.8,125.0,6000,750720.0,5
2026-02-25,INE937C01029,NILAINFRA,EQ,8.01,8.17,8.01,8.05,8.07,8.06,94256,759498.79,317
2026-02-25,INE00S901012,NILASPACES,EQ,14.2,14.26,13.86,13.96,14.04,13.91,222717,3134867.26,638
2026-02-25,INE310A01015,NILKAMAL,EQ,1397.1,1410.0,1380.1,1392.6,1410.0,1395.3,1921,2671373.1,396
2026-02-25,INE395U01014,NINSYS,EQ,340.0,340.0,282.35,314.7,331.8,325.9,22262,6770637.35,2255
2026-02-25,INF204KB15I9,BANKBEES,EQ,629.0,632.16,627.5,629.49,629.0,629.96,285891,180104469.58,8143
2026-02-25,INF204KA1LD7,CONSUMBEES,EQ,125.0,131.0,125.0,130.22,130.54,129.7,71205,9268750.69,931
2026-02-25,INF204KA1MS3,DIVOPPBEES,EQ,84.4,84.4,82.11,83.11,82.87,82.64,33598,2796672.47,699
2026-02-25,INF204KB18I3,NV20BEES,EQ,152.56,153.41,152.3,152.47,152.3,152.03,11455,1751215.17,176
2026-02-25,INF204KB17I5,GOLDBEES,EQ,131.1,132.0,130.64,131.69,131.7,131.22,44906554,5907825187.5,112289
2026-02-25,INF204KB19I1,HNGSNGBEES,EQ,549.0,549.99,535.71,536.71,536.0,538.58,110131,59511914.01,4427
2026-02-25,INF732E01268,INFRABEES,EQ,990.0,1004.05,988.71,992.33,990.0,996.0,17069,17010644.34,881
2026-02-25,INF204KB15V2,ITBEES,EQ,33.5,34.2,33.3,33.73,33.7,33.2,33637615,1141267355.41,45792
2026-02-25,INF732E01045,JUNIORBEES,EQ,749.73,757.2,749.73,756.01,753.0,750.28,567721,428728655.08,9415
2026-02-25,INF732E01037,LIQUIDBEES,EQ,1000.0,1000.01,999.99,999.99,1000.0,1000.0,4951315,4951298852.92,5225
2026-02-25,INF204KB1882,LTGILTBEES,EQ,29.44,29.44,29.34,29.35,29.37,29.36,1548271,45444249.44,797
2026-02-25,INF204KB1V68,MID150BEES,EQ,227.99,227.99,224.87,226.22,226.07,225.52,831019,187782249.77,7435
2026-02-25,INF204K014N5,NIF100BEES,EQ,277.35,278.72,276.29,277.21,277.03,275.98,55043,15312938.34,628
2026-02-25,INF204KB14I2,NIFTYBEES,EQ,292.0,292.0,286.01,288.63,288.6,287.85,5638852,1632351121.78,38903
2026-02-25,INF204KB16I7,PSUBNKBEES,EQ,109.5,110.4,108.26,109.13,109.2,109.5,4556290,497482763.59,11032
2026-02-25,INF732E01128,SHARIABEES,EQ,475.0,483.0,475.0,478.75,483.0,474.92,10547,5053557.41,608
2026-02-25,INE298J01013,NAM-INDIA,EQ,987.5,987.5,962.0,975.7,974.0,977.15,396756,386963195.65,21461
2026-02-25,INF204KC1FU1,LIQGRWBEES,EQ,1029.08,1029.18,1029.08,1029.16,1029.18,1029.04,47646,49035940.6,145
2026-02-25,INF204KC1GH6,MANUFGBEES,EQ,159.12,160.0,156.47,158.87,160.0,156.47,24210,3833316.83,176
2026-02-25,INF204KC1337,AUTOBEES,EQ,280.0,293.09,280.0,292.07,292.0,287.5,241321,70306568.7,3125
2026-02-25,INF204KC1089,PHARMABEES,EQ,23.24,23.71,22.0,23.66,23.68,23.24,8808455,207097274.47,10531
2026-02-25,INF204KC1402,SILVERBEES,EQ,250.22,255.15,250.22,253.25,253.1,250.67,68648801,17400764241.33,176377
2026-02-25,INF204KC1EZ3,SNXT30BEES,EQ,41.23,41.85,40.86,41.34,40.86,41.19,12768,531388.15,86
2026-02-25,INE368I01016,NIRAJ,EQ,31.83,31.99,27.71,28.41,29.29,30.78,223131,6488621.43,1799
2026-02-25,INE326T01011,NIRAJISPAT,BE,278.17,285.48,278.17,278.17,278.17,292.81,925,257588.95,49
2026-02-25,INE0OK701014,NIRMAN,ST,52.0,52.45,50.3,52.2,52.2,50.05,17100,885150.0,51
2026-02-25,INE858F01012,NITCO,EQ,77.0,77.66,75.05,75.52,75.87,76.84,97459,7439277.04,1156
2026-02-25,INE229H01012,NITINSPIN,EQ,390.0,395.9,383.25,388.1,388.0,381.95,549369,213539910.0,9161
2026-02-25,INE439T01012,NITIRAJ,EQ,213.0,213.0,201.0,212.65,207.5,209.33,10079,2110686.05,253
2026-02-25,INE995S01015,NIVABUPA,EQ,76.5,77.0,76.0,76.44,76.6,76.5,353822,27078106.22,4653
2026-02-25,INE542C01019,NKIND,EQ,63.5,70.0,61.7,63.26,66.4,62.93,975,63234.27,65
2026-02-25,INE589A01014,NLCINDIA,EQ,264.4,267.5,261.5,263.45,263.1,263.9,1143302,302249502.2,15944
2026-02-25,INE584A01023,NMDC,EQ,81.0,82.14,80.4,81.86,81.78,80.8,26680650,2175358356.0,143613
2026-02-25,INE0NNS01018,NSLNISP,EQ,39.0,40.09,38.88,39.23,39.3,38.66,5363197,211891853.73,16552
2026-02-25,INE163A01018,NOCIL,EQ,147.8,149.88,145.49,148.22,148.5,147.57,128750,19003539.62,2366
2026-02-25,INE781B01015,NOIDATOLL,EQ,3.79,3.94,3.77,3.79,3.79,3.8,35940,136608.38,175
2026-02-25,INE369C01017,NORBTEAEXP,BE,96.9,96.9,94.57,94.57,94.57,96.5,2271,215637.83,24
2026-02-25,INE553C01016,NECCLTD,EQ,14.7,14.7,14.1,14.26,14.51,14.43,57270,819447.73,260
2026-02-25,INE850M01015,NORTHARC,EQ,258.0,260.7,254.85,255.95,256.0,253.9,379029,97361813.2,6205
2026-02-25,INE02H701025,NOVAAGRI,EQ,30.14,30.34,29.51,29.65,29.6,30.14,392267,11673884.64,1538
2026-02-25,INE349A01021,NRBBEARING,EQ,273.35,276.3,270.6,272.9,274.0,272.25,48668,13313977.15,1518
2026-02-25,INE047O01014,NIBL,EQ,31.01,32.0,30.79,31.25,31.0,31.01,16764,527254.22,379
2026-02-25,INE0ONG01011,NTPCGREEN,EQ,89.5,91.09,89.5,90.22,90.5,89.9,2487345,224728024.58,17811
2026-02-25,INE733E01010,NTPC,EQ,382.75,388.55,382.7,384.9,385.9,382.75,12750016,4913933443.55,280313
2026-02-25,INE096B01018,NUCLEUS,EQ,798.9,808.2,795.15,801.5,803.0,793.2,20292,16258210.4,2659
2026-02-25,INE0JM501013,NRL,EQ,51.05,52.61,51.0,51.92,51.35,51.78,39275,2039675.89,272
2026-02-25,INE0DSF01015,NURECA,EQ,302.0,307.0,287.55,290.95,292.8,300.35,13378,3951602.1,844
2026-02-25,INE531F01023,NUVAMA,EQ,1281.8,1282.0,1261.9,1274.9,1278.0,1275.8,175943,223584979.9,15510
2026-02-25,INE118D01016,NUVOCO,EQ,334.85,336.75,330.55,332.4,331.0,334.85,82356,27434712.75,6124
2026-02-25,INE093I01010,OBEROIRLTY,EQ,1511.9,1529.7,1492.9,1518.1,1517.0,1511.9,228439,345695296.5,13004
2026-02-25,INE0YHV01011,OBSCP,SM,312.95,312.95,303.1,305.0,303.1,310.8,10800,3326580.0,27
2026-02-25,INE0PK601023,OCCLLTD,EQ,90.49,91.85,88.95,90.04,90.59,88.95,46061,4154622.9,1538
2026-02-25,INE054301028,ODIGMA,EQ,26.96,27.03,26.05,26.4,26.7,26.56,12511,332683.06,520
2026-02-25,INE213A01029,ONGC,EQ,276.5,278.95,274.0,277.45,277.25,276.5,7573116,2095573211.95,140253
2026-02-25,INE591A01010,OILCOUNTUB,EQ,47.25,48.88,46.8,47.49,47.3,47.09,22109,1051726.9,510
2026-02-25,INE274J01014,OIL,EQ,472.2,475.25,463.25,470.25,470.6,472.2,2027246,952078188.05,28568
2026-02-25,INE0LXG01040,OLAELEC,EQ,25.39,25.79,24.82,25.56,25.62,25.14,72323150,1830282315.14,85510
2026-02-25,INE260D01016,OLECTRA,EQ,1027.0,1029.9,1006.0,1011.1,1011.0,1024.6,292835,297518074.1,15317
2026-02-25,INE1BZC01019,OMFREIGHT,EQ,85.01,87.26,85.01,85.46,85.85,85.97,23473,2015397.84,469
2026-02-25,INE239D01028,OMINFRAL,EQ,88.0,88.76,85.6,86.12,86.73,88.34,50863,4394223.78,773
2026-02-25,INE090B01011,OMAXAUTO,EQ,107.13,111.65,107.13,108.85,108.88,107.13,81479,8913001.67,2320
2026-02-25,INE800H01010,OMAXE,EQ,76.55,78.5,76.3,77.59,78.0,76.55,55426,4277352.02,683
2026-02-25,INE474L01016,OMKARCHEM,BZ,4.93,5.1,4.79,4.91,4.91,4.92,2797,13637.37,41
2026-02-25,INE00ER01015,ONDOOR,SM,146.0,146.0,146.0,146.0,146.0,144.0,9900,1445400.0,8
2026-02-25,INE982J01020,PAYTM,EQ,1142.7,1147.8,1119.7,1133.2,1135.6,1131.7,2046403,2320993023.9,46404
2026-02-25,INE0HLU01028,MOBIKWIK,EQ,206.4,207.9,198.52,202.57,202.9,205.79,4430728,894553593.51,34496
2026-02-25,INE840Y01029,ONEPOINT,EQ,48.09,48.27,47.45,47.8,47.7,47.94,389524,18618371.21,1713
2026-02-25,INE0OPS01011,OLIL,SM,294.1,304.0,292.5,300.0,300.0,293.2,14800,4399120.0,29
2026-02-25,INE912L20015,ONECAP-RE,BE,0.29,0.29,0.29,0.29,0.29,0.47,45842,13294.18,49
2026-02-25,INE912L01015,ONELIFECAP,EQ,15.5,15.99,15.5,15.71,15.56,15.96,121107,1906013.2,95
2026-02-25,INE013P01021,ONESOURCE,EQ,1325.0,1335.5,1286.1,1292.8,1292.5,1322.9,112230,145960664.6,11594
2026-02-25,INE809I01019,ONMOBILE,EQ,52.0,52.0,50.11,50.64,51.4,51.58,162791,8303000.66,1573
2026-02-25,INE229A01017,ONWARDTEC,EQ,267.0,273.35,266.0,267.35,267.0,267.55,33201,8948203.75,1190
2026-02-25,INE0WVU01018,ONYX,SM,33.7,33.9,33.7,33.9,33.9,34.55,4000,135200.0,2
2026-02-25,INE350C01017,OPTIEMUS,EQ,406.35,423.0,406.35,421.1,417.75,406.35,112508,47070476.5,3644
2026-02-25,INE15B101011,OPTIVALUE,SM,68.1,69.9,66.3,66.4,66.3,68.85,17600,1192640.0,11
2026-02-25,INE881D01027,OFSS,EQ,6519.0,6670.0,6519.0,6612.0,6631.0,6454.0,148595,978055003.0,21713
2026-02-25,INE231G01010,ORBTEXP,EQ,176.21,178.48,174.0,174.47,174.0,171.39,2820,495806.62,125
2026-02-25,INE215B01022,ORCHASP,EQ,2.66,2.69,2.6,2.63,2.64,2.62,87406,230778.92,172
2026-02-25,INE191A01027,ORCHPHARMA,EQ,650.25,654.05,624.0,630.6,635.6,647.9,129612,82002098.0,5461
2026-02-25,INE0OUT01019,ORIANA,SM,1939.0,1980.0,1907.0,1924.2,1940.0,1936.35,41325,80474291.25,403
2026-02-25,INE730A01022,ORICONENT,EQ,64.09,68.0,64.09,67.7,67.5,64.09,158152,10559190.77,1031
2026-02-25,INE607D01018,ORIENTBELL,EQ,301.05,305.2,297.15,299.3,299.3,303.55,5349,1614187.85,349
2026-02-25,INE876N01018,ORIENTCEM,EQ,158.51,159.32,156.5,157.92,157.25,157.87,196648,31080218.5,4227
2026-02-25,INE569C01020,ORIENTCER,EQ,40.4,40.4,39.45,39.63,39.58,39.52,22930,912728.15,422
2026-02-25,INE142Z01019,ORIENTELEC,EQ,178.7,178.99,172.12,174.98,175.02,174.06,159966,28177131.78,3971
2026-02-25,INE999K01014,GREENPOWER,EQ,10.02,10.07,9.76,9.84,9.84,9.97,2743727,27089334.17,5282
2026-02-25,INE750A01020,ORIENTHOT,EQ,100.73,100.95,99.13,99.77,99.5,100.73,84508,8434141.78,1211
2026-02-25,INE592A01026,ORIENTPPR,EQ,18.71,18.87,18.54,18.64,18.68,18.63,135613,2531341.18,598
2026-02-25,INE609C01024,ORIENTLTD,EQ,62.75,65.0,61.02,61.98,62.0,62.75,2059,128902.61,52
2026-02-25,INE0PPK01015,ORIENTTECH,EQ,303.85,306.3,298.2,298.75,298.9,303.2,216332,65144871.1,5030
2026-02-25,INE959C01023,OAL,EQ,279.35,279.95,271.5,273.5,274.0,274.5,17349,4783541.7,667
2026-02-25,INE998H01012,ORIENTALTL,EQ,6.9,6.9,6.52,6.65,6.75,6.92,363520,2426990.03,835
2026-02-25,INE426Z01016,OBCL,EQ,55.01,56.0,55.0,55.01,55.1,55.75,2864,157774.39,38
2026-02-25,INE725E01024,ORISSAMINE,EQ,4159.8,4280.0,4159.8,4192.1,4195.0,4151.8,6027,25379168.5,1550
2026-02-25,INE16NZ01023,ORKLAINDIA,EQ,589.8,603.9,586.4,601.1,602.5,583.85,128702,76751800.2,10233
2026-02-25,INE849L01019,ORTEL,BZ,1.66,1.66,1.57,1.57,1.57,1.65,1784,2817.57,28
2026-02-25,INE749B01020,ORTINGLOBE,BE,17.3,17.61,17.08,17.08,17.08,17.97,55799,963579.26,103
2026-02-25,INE0RMF01018,OSELDEVICE,SM,480.0,498.8,480.0,498.8,498.8,475.05,6800,3311330.0,28
2026-02-25,INE06IR01021,OSIAHYPER,EQ,9.58,10.21,9.43,9.55,9.43,9.92,3815394,36753716.1,4511
2026-02-25,INE142A01012,OSWALAGRO,EQ,48.99,48.99,47.41,47.54,47.41,47.61,13741,657521.07,264
2026-02-25,INE143A01010,OSWALGREEN,EQ,28.4,28.49,26.5,26.88,26.71,27.37,188462,5186399.55,1673
2026-02-25,INE0BYP01024,OSWALPUMPS,EQ,324.25,331.95,315.0,324.3,325.0,322.65,1105243,357340240.75,17055
2026-02-25,INE0R8M01017,OWAIS,SM,199.7,200.0,185.2,188.5,187.0,199.7,30700,5893225.0,228
2026-02-25,INE953R01016,PNGJL,EQ,554.0,554.0,545.55,547.0,550.0,550.7,78360,43012981.6,2799
2026-02-25,INE0XUS01012,PSRAJ,ST,275.0,277.35,275.0,277.35,277.35,277.35,17000,4694350.0,7
2026-02-25,INE179A01014,PGHH,EQ,11500.0,11502.0,11403.0,11443.0,11459.0,11493.0,3864,44235232.0,1709
2026-02-25,INE0KN801013,PROPEQUITY,SM,192.0,193.95,191.0,192.9,192.9,180.0,5400,1039530.0,8
2026-02-25,INE0S3G01027,PACEDIGITK,EQ,183.5,184.39,175.5,177.21,176.55,182.61,578728,104379798.5,7779
2026-02-25,INE761H01022,PAGEIND,EQ,33285.0,33555.0,32635.0,32725.0,32660.0,33160.0,15961,525845025.0,7648
2026-02-25,INE420C01059,PAISALO,EQ,35.3,35.45,35.01,35.27,35.2,35.22,2498862,88089713.54,6740
2026-02-25,INE551D01018,PAKKA,EQ,88.0,89.5,87.65,88.29,88.98,88.37,41815,3703332.89,774
2026-02-25,INE471W01019,PALASHSECU,EQ,95.0,95.65,93.4,94.43,95.65,94.43,351,33184.03,14
2026-02-25,INE218G01033,PALREDTEC,EQ,37.17,37.17,35.3,35.3,35.3,37.15,11947,428765.62,147
2026-02-25,INE922B01023,PANACEABIO,EQ,328.5,343.0,328.5,336.25,334.0,334.25,60105,20256785.7,1892
2026-02-25,INE895W01019,PANACHE,BE,336.85,348.0,335.0,347.4,340.0,345.45,2614,892892.75,29
2026-02-25,INE305C01029,PANAMAPET,EQ,279.3,282.4,274.85,280.75,281.6,277.1,26985,7523440.35,1143
2026-02-25,INE697V01011,PANSARI,EQ,294.35,305.0,282.45,289.65,284.45,294.35,2304,675490.95,81
2026-02-25,INE04LG01015,PAR,EQ,94.62,98.94,94.0,95.29,94.52,95.13,6221,599967.17,181
2026-02-25,INE088F01024,PARADEEP,EQ,116.2,117.25,114.03,116.31,116.36,115.42,4248604,490370602.2,37965
2026-02-25,INE883N01014,PARAGMILK,EQ,192.25,200.65,191.0,193.35,193.9,190.2,1418531,278565133.75,17475
2026-02-25,INE0N4G01012,PARAGON,SM,48.8,49.6,48.5,49.6,49.6,47.0,25200,1235580.0,21
2026-02-25,INE0S2W01018,PARAMATRIX,SM,74.9,74.9,71.0,73.75,73.75,70.05,3600,263580.0,3
2026-02-25,INE074B01023,PARACABLES,EQ,35.7,35.7,33.41,33.98,34.35,35.07,656884,22615313.6,2674
2026-02-25,INE0TG801013,PARAMOUNT,SM,44.5,44.5,44.0,44.25,44.0,47.0,2400,106200.0,2
2026-02-25,INE045601023,PARAS,EQ,633.0,640.0,628.15,631.1,631.5,632.65,173471,109699879.35,9159
2026-02-25,INE162C01024,PARASPETRO,BE,2.24,2.33,2.16,2.21,2.24,2.24,180021,403309.27,289
2026-02-25,INE00U801010,PARIN,SM,709.0,709.0,708.5,708.5,708.5,719.0,2000,1417125.0,2
2026-02-25,INE119201023,PARKHOSPS,EQ,193.59,197.7,186.94,188.89,188.8,192.96,988637,191164123.34,14842
2026-02-25,INE988S01028,PARKHOTELS,EQ,127.3,128.29,125.41,126.09,126.19,125.73,130537,16560956.27,1607
2026-02-25,INE561H01026,PARSVNATH,EQ,6.69,6.87,6.02,6.75,6.7,6.55,1472971,9459094.89,3463
2026-02-25,INE1H7V01011,PARTH,SM,249.5,259.85,247.15,253.5,250.05,242.25,19200,4859960.0,46
2026-02-25,INE06ZX01015,PARTYCRUS,SM,83.0,84.5,83.0,84.5,84.5,83.6,4000,333500.0,2
2026-02-25,INE124Y01010,PASHUPATI,EQ,975.0,1000.0,966.0,983.2,985.0,965.05,1830,1789758.85,500
2026-02-25,INE818B01023,PASUPTAC,EQ,51.5,51.77,50.3,50.82,51.25,50.9,99972,5092933.14,870
2026-02-25,INE619A01035,PATANJALI,EQ,523.0,527.8,513.0,518.75,514.0,522.4,2476713,1287389897.4,28467
2026-02-25,INE244B01030,PATELENG,EQ,28.5,28.67,27.97,28.19,28.01,28.32,4014922,113294342.05,11521
2026-02-25,INE529D01014,PATINTLOG,EQ,10.46,10.49,10.1,10.23,10.25,10.3,104452,1067665.47,498
2026-02-25,INE0R8B01010,PATELRMART,EQ,179.04,182.28,178.23,179.23,179.25,179.04,30187,5444550.83,804
2026-02-25,INE17GV01016,PATILAUTOM,SM,153.75,153.75,153.75,153.75,153.75,158.4,600,92250.0,1
2026-02-25,INE111F01024,PAUSHAKLTD,EQ,489.0,493.9,462.3,466.5,465.25,482.0,18203,8599666.1,2422
2026-02-25,INE07S101038,PAVNAIND,EQ,23.49,24.5,23.0,23.01,23.04,23.48,99601,2326154.1,477
2026-02-25,INE417T01026,POLICYBZR,EQ,1494.6,1539.6,1492.5,1519.4,1514.7,1494.6,1854653,2816285055.2,55940
2026-02-25,INE785M01021,PCJEWELLER,EQ,10.1,10.15,9.97,10.07,10.06,10.07,30575375,307874361.17,17366
2026-02-25,INE602A01031,PCBL,EQ,312.0,314.65,303.7,306.5,306.0,310.5,1015916,312780467.05,19042
2026-02-25,INE111Q01021,PDSL,EQ,310.05,310.9,292.35,303.95,301.9,309.95,119143,36545358.65,4891
2026-02-25,INE940H01022,PGIL,EQ,1549.9,1573.0,1521.6,1539.2,1543.8,1546.4,70508,108211929.2,8553
2026-02-25,INE844A01013,PEARLPOLY,EQ,19.4,19.51,18.8,18.94,18.9,19.19,4274,82174.45,64
2026-02-25,INE0VG601013,PELATRO,SM,305.5,308.0,304.0,304.0,304.0,305.5,1500,458310.0,4
2026-02-25,INE138A01028,PENINLAND,EQ,18.08,18.32,17.22,17.44,17.41,17.97,236864,4166076.03,1072
2026-02-25,INE932A01024,PENIND,EQ,143.75,147.0,139.6,140.63,140.78,141.92,1162058,166045157.92,10902
2026-02-25,INE0ORS01017,PENTAGON,SM,64.0,65.0,64.0,64.5,65.0,63.1,2000,129000.0,2
2026-02-25,INE262H01021,PERSISTENT,EQ,4792.0,4941.0,4690.0,4731.0,4720.0,4662.0,1573003,7493741076.5,125706
2026-02-25,INE998U01015,PCCL,SM,211.25,221.0,210.1,219.9,221.0,210.45,17200,3705600.0,28
2026-02-25,INE347G01014,PETRONET,EQ,308.95,316.25,307.65,313.9,313.8,307.95,3896456,1219672471.1,37954
2026-02-25,INE134E07DP0,7PFCL31,N3,997.0,997.0,997.0,997.0,997.0,996.0,50,49850.0,5
2026-02-25,INE134E07DU0,730PFCL41,NC,970.22,989.85,970.22,989.85,989.85,970.21,61,59203.05,3
2026-02-25,INE182A01018,PFIZER,EQ,5110.0,5159.8,5070.6,5146.2,5140.1,5084.5,10993,56502379.4,3309
2026-02-25,INE457L01029,PGEL,EQ,614.95,626.3,609.5,621.7,620.0,613.35,1578456,978311996.6,25575
2026-02-25,INE0MLZ01019,PHANTOMFX,SM,208.6,213.35,206.15,209.0,209.0,210.5,4200,877875.0,14
2026-02-25,INE0FPO01018,PHOGLOBAL,SM,19.45,19.7,17.5,18.6,18.6,20.05,36000,682300.0,16
2026-02-25,INE0LP301011,PWL,EQ,91.5,97.65,90.96,91.8,91.63,91.05,15798886,1483765576.26,75579
2026-02-25,INE603J01030,PIIND,EQ,3107.2,3113.8,3069.0,3093.5,3100.0,3107.2,123132,380738957.6,13799
2026-02-25,INE546C01010,PICCADIL,EQ,570.3,581.85,568.4,575.15,577.1,569.95,112268,64409767.2,6327
2026-02-25,INE0YAL01017,PPSL,SM,7.25,7.75,7.25,7.45,7.45,7.65,36000,267600.0,12
2026-02-25,INE318A01026,PIDILITIND,EQ,1491.1,1503.0,1481.0,1497.6,1494.9,1480.5,577178,863023055.7,27016
2026-02-25,INE600A01035,PILITA,EQ,8.57,8.74,8.36,8.42,8.45,8.56,39927,337731.69,304
2026-02-25,INE417C01014,PILANIINVS,EQ,4500.9,4551.9,4473.1,4529.2,4515.0,4497.9,1952,8828747.2,453
2026-02-25,INE15B701018,PINELABS,EQ,204.45,206.98,198.2,198.73,198.62,203.26,1678116,341107654.0,17829
2026-02-25,INE156C01018,PIONEEREMB,EQ,27.94,27.94,27.01,27.09,27.01,27.13,2910,79423.28,29
2026-02-25,INE202B01038,PIRAMALFIN,EQ,1763.4,1795.0,1747.3,1772.3,1765.5,1755.6,94694,168123845.8,10314
2026-02-25,INE0DK501011,PPLPHARMA,EQ,159.99,162.5,159.35,161.06,161.05,159.48,1292223,208027266.05,13147
2026-02-25,INE450D01021,PITTIENG,EQ,900.0,907.55,879.1,885.25,885.0,897.25,18130,16206109.1,1372
2026-02-25,INE751B01018,PIXTRANS,EQ,1498.0,1498.0,1448.5,1452.7,1450.0,1489.8,8736,12783620.9,1299
2026-02-25,INE0PXD01014,PLADAINFO,SM,11.1,11.1,11.1,11.1,11.1,10.6,6000,66600.0,2
2026-02-25,INE083C01022,PLASTIBLEN,EQ,148.11,151.69,146.0,146.96,146.5,147.56,2613,386739.99,124
2026-02-25,INE0PT501018,PLATIND,EQ,229.7,229.7,220.53,223.04,221.5,225.79,82908,18631706.72,3551
2026-02-25,INE0INJ01017,PLAZACABLE,EQ,38.09,38.97,35.81,37.46,38.25,38.09,49260,1836353.12,882
2026-02-25,INE859A01011,PNBGILTS,EQ,77.1,78.72,77.1,78.41,78.16,77.63,150808,11785403.23,1482
2026-02-25,INE572E01012,PNBHOUSING,EQ,835.0,859.8,832.25,849.15,848.5,831.7,782646,664819307.85,19020
2026-02-25,INE195J01029,PNCINFRA,EQ,213.45,214.57,211.3,212.49,212.99,212.93,181368,38555522.67,5061
2026-02-25,INE371C01013,PODDARMENT,EQ,237.7,239.5,234.3,235.28,235.8,236.44,1676,394667.17,82
2026-02-25,INE637C01025,POKARNA,EQ,934.0,950.0,908.1,919.95,922.35,934.8,76354,70833930.65,5896
2026-02-25,INE205C01021,POLYMED,EQ,1299.9,1307.9,1282.2,1299.2,1287.0,1287.1,286105,371247453.8,9751
2026-02-25,INE455K01017,POLYCAB,EQ,8120.5,8407.5,8119.5,8348.5,8348.0,8120.5,886874,7376573945.0,79604
2026-02-25,INE633B01018,POLYPLEX,EQ,812.2,831.5,802.35,824.4,825.0,808.75,52814,43397171.7,2808
2026-02-25,INE517M01028,POLYSIL,ST,190.0,200.0,190.0,199.05,200.0,194.7,478500,94270425.0,30
2026-02-25,INE063E01053,POCL,EQ,1120.0,1167.1,1120.0,1152.9,1152.0,1115.0,229274,263727014.4,11818
2026-02-25,INE838E01017,PONNIERODE,EQ,265.45,266.7,263.0,264.15,264.5,264.1,4747,1255959.65,210
2026-02-25,INE511C01022,POONAWALLA,EQ,470.0,472.9,454.6,461.05,460.5,468.1,1082759,500643857.45,22005
2026-02-25,INE772T01024,PVSL,EQ,86.94,89.89,83.0,84.88,84.93,86.94,170741,14608357.1,2320
2026-02-25,INE0S3H01017,POSITRON,SM,168.8,168.95,151.0,167.0,167.0,168.45,21000,3393000.0,55
2026-02-25,INE134E01011,PFC,EQ,421.0,425.25,417.0,423.6,423.05,419.4,7232299,3050570683.6,59283
2026-02-25,INE752E01010,POWERGRID,EQ,307.0,311.7,305.15,307.25,306.9,304.8,14240500,4380969509.2,121781
2026-02-25,INE557Z01018,PIGL,EQ,113.0,116.98,111.0,113.57,112.0,115.0,47839,5412270.94,712
2026-02-25,INE211R01019,POWERMECH,EQ,2130.1,2145.0,2102.5,2137.6,2140.0,2124.3,42679,90731095.0,7134
2026-02-25,INE0GGX23010,PGINVIT,IV,89.89,91.08,89.75,90.19,90.35,89.69,1655237,149317048.66,10964
2026-02-25,INE095I01015,PPAP,EQ,218.78,222.97,215.62,218.08,218.85,218.86,5386,1171847.45,273
2026-02-25,INE0I0M01023,PRABHA,EQ,183.11,192.3,177.55,178.2,178.15,183.11,119244,21772402.11,3233
2026-02-25,INE074A01025,PRAJIND,EQ,307.0,309.9,300.0,301.6,302.1,305.35,952079,288822313.95,18635
2026-02-25,INE505C01016,PRAENG,EQ,22.99,23.15,21.68,21.79,21.75,22.3,38158,844244.54,313
2026-02-25,INE603A01013,PRAKASH,EQ,135.99,137.75,135.35,136.81,136.48,135.65,237426,32420644.25,2732
2026-02-25,INE050001010,PPL,EQ,205.4,205.52,197.61,200.04,201.28,202.3,49731,10007980.14,1616
2026-02-25,INE696K01024,PRAKASHSTL,EQ,4.37,4.48,4.3,4.42,4.46,4.37,135647,596988.52,509
2026-02-25,INE0O7A01017,PRAMARA,SM,368.0,368.0,357.0,359.55,362.0,364.8,22500,8099700.0,41
2026-02-25,INE0VJG01014,PRANIK,SM,48.1,48.1,47.1,47.1,47.1,49.0,4800,229120.0,3
2026-02-25,INE393P01035,DIAMONDYD,EQ,1074.0,1085.0,1066.5,1073.0,1075.0,1073.8,16003,17207317.1,938
2026-02-25,INE0QA601016,PRATHAM,SM,135.0,136.0,132.7,133.0,133.35,130.0,2800,376820.0,7
2026-02-25,INE546Y01022,PRAXIS,EQ,8.29,8.34,7.81,7.88,7.81,8.16,317854,2605961.12,250
2026-02-25,INE484I01029,PRECAM,EQ,141.51,143.7,137.2,138.04,137.3,141.51,225746,31583396.02,5125
2026-02-25,INE0HKW01018,PRECISION,SM,9.55,10.35,9.55,10.35,10.35,10.05,8000,81200.0,4
2026-02-25,INE372C01037,PRECWIRE,EQ,304.69,309.98,297.36,302.37,301.1,302.37,1700473,517493576.45,33767
2026-02-25,INE283A01014,PRECOT,BE,474.5,474.9,453.2,460.55,467.0,470.55,1289,601845.55,50
2026-02-25,INE0BS701011,PREMIERENE,EQ,699.35,744.95,666.9,729.4,731.5,777.05,12482197,8995601072.05,175509
2026-02-25,INE863B01029,PREMEXPLN,EQ,486.0,519.8,475.05,512.7,513.95,486.7,662796,334498658.05,16830
2026-02-25,INE342A01018,PREMIER,BE,3.07,3.07,2.85,2.86,2.86,2.99,2453,7056.72,28
2026-02-25,INE309M01020,PREMIERPOL,EQ,52.11,54.38,51.51,53.79,53.75,51.86,178293,9529215.64,2137
2026-02-25,INE0CFG01012,PRLIND,SM,61.45,61.45,59.2,59.75,59.2,61.45,3000,181000.0,3
2026-02-25,INE0M1F01011,PREMIUM,SM,34.45,34.45,34.45,34.45,34.45,35.55,3000,103350.0,1
2026-02-25,INE0R1620012,PRESS-RE,ST,1.95,2.85,1.95,2.4,2.45,2.4,444000,931520.0,163
2026-02-25,INE0R1601012,PRESSTONIC,ST,51.5,52.75,47.75,51.55,52.6,50.25,33600,1690880.0,38
2026-02-25,INE811K01011,PRESTIGE,EQ,1427.0,1468.4,1413.3,1420.7,1419.2,1425.6,827326,1184814803.6,27460
2026-02-25,INE726V01018,PRICOLLTD,EQ,620.0,627.7,613.9,624.3,626.5,619.05,322917,200315067.2,17038
2026-02-25,INE0CQA01020,PRIMECAB,SM,76.15,77.0,74.5,76.45,76.5,75.5,81600,6180160.0,41
2026-02-25,INE367G01038,PFOCUS,EQ,270.45,275.0,265.6,270.8,269.0,268.03,4065922,1101706204.97,33483
2026-02-25,INE032B01021,PRIMESECU,EQ,272.95,281.0,268.2,277.9,281.0,272.85,116205,32003990.7,655
2026-02-25,INE607A01022,PRIMO,EQ,19.85,20.1,19.65,19.93,20.0,19.94,77727,1541029.6,295
2026-02-25,INE689W01016,PRINCEPIPE,EQ,251.64,253.46,246.5,249.61,249.95,250.41,79594,19880349.9,2324
2026-02-25,INE010A01011,PRSMJOHNSN,EQ,125.6,126.69,125.0,125.88,125.5,125.4,168115,21155430.37,4466
2026-02-25,INE974Z01015,PRITI,EQ,47.49,48.49,45.5,47.22,46.8,46.14,5365,250569.43,244
2026-02-25,INE583R01029,PRITIKAUTO,EQ,13.45,13.86,13.35,13.55,13.61,13.37,96461,1302029.57,462
2026-02-25,INE0MJQ01020,PRITIKA,SM,56.0,61.45,54.2,60.75,61.45,58.85,26000,1520300.0,9
2026-02-25,INE392B01011,PNC,EQ,24.84,25.49,23.9,24.01,24.0,24.82,2349,57669.56,250
2026-02-25,INE959A01019,PRIVISCL,EQ,3000.3,3036.9,2937.0,2968.3,2961.2,2989.6,72128,215469391.7,8177
2026-02-25,INE0V9N01017,PRIZOR,SM,301.0,309.0,296.0,309.0,309.0,299.6,7200,2161940.0,15
2026-02-25,INE0VJT01017,PROFX,SM,60.25,60.5,60.25,60.5,60.45,63.0,6400,386720.0,4
2026-02-25,INE199A01012,PGHL,EQ,5118.5,5149.5,5090.0,5136.0,5130.0,5161.0,7919,40595743.5,2375
2026-02-25,INE994V01012,PROLIFE,SM,65.9,65.9,65.9,65.9,65.9,69.35,1000,65900.0,2
2026-02-25,INE0BX301013,PROSTARM,EQ,154.0,155.86,150.1,152.22,151.0,152.35,148350,22594561.53,3079
2026-02-25,INE004A01022,PROTEAN,EQ,594.0,605.5,580.0,582.9,583.0,594.0,313406,184419012.35,11636
2026-02-25,INE0ONE01016,PROV,SM,1200.0,1200.0,1200.0,1200.0,1200.0,1200.0,1440,1728000.0,8
2026-02-25,INE195N01013,PROZONER,EQ,50.0,51.4,49.6,49.91,50.0,51.1,156970,7866210.04,805
2026-02-25,INE00F201020,PRUDENT,EQ,2573.9,2574.0,2494.2,2539.7,2539.0,2539.1,39346,99926709.1,8553
2026-02-25,INE024D01016,PRUDMOULI,EQ,16.36,16.91,16.12,16.71,16.69,16.49,2763,45883.8,69
2026-02-25,INE488V01015,PSPPROJECT,EQ,759.0,765.95,740.75,751.1,749.0,742.2,29674,22360933.65,1924
2026-02-25,INE560K01014,PFS,EQ,31.4,31.8,30.8,31.01,30.92,31.2,639532,19951027.53,2717
2026-02-25,INE877F01012,PTC,EQ,165.8,166.7,163.5,165.59,165.7,165.5,818478,135615160.66,18442
2026-02-25,INE596F01018,PTCIL,EQ,17891.0,18097.0,17838.0,18047.0,18030.0,17897.0,7307,131456134.0,2097
2026-02-25,INE034D01049,PTL,EQ,38.3,39.0,38.14,38.79,38.8,38.07,68179,2635714.84,563
2026-02-25,INE865T01018,PDMJEPAPER,EQ,81.01,81.9,80.78,81.5,81.74,81.2,78986,6421293.27,1179
2026-02-25,INE335X01014,PULZ,SM,26.15,27.75,26.0,27.3,27.3,27.15,22000,579800.0,5
2026-02-25,INE608A01012,PSB,EQ,26.39,26.39,25.74,25.78,25.75,26.04,6285017,163610568.59,18669
2026-02-25,INE277B01014,PUNJABCHEM,EQ,1040.0,1109.0,1017.8,1094.5,1088.2,1039.1,17112,18380799.2,1962
2026-02-25,INE160A01022,PNB,EQ,131.15,131.66,129.51,130.54,130.55,131.03,11964857,1561285466.69,46006
2026-02-25,INE323I01011,PURVA,EQ,219.08,219.09,212.1,213.99,212.16,218.38,255323,55024166.74,7392
2026-02-25,INE0P5R01014,PURPLEUTED,SM,323.95,325.0,323.95,325.0,325.0,324.8,1250,405237.5,5
2026-02-25,INE154801018,PUSHPA,SM,88.0,88.0,87.2,87.8,88.0,89.0,7000,614300.0,6
2026-02-25,INE362A01016,PVP,EQ,28.2,28.77,27.5,27.68,27.95,28.05,133312,3727615.73,523
2026-02-25,INE191H01014,PVRINOX,EQ,1032.8,1055.0,1024.2,1035.15,1036.0,1032.1,174522,180382502.15,9749
2026-02-25,INE0MIS01010,PYRAMID,EQ,152.9,152.9,150.0,150.31,150.57,151.64,11943,1796531.64,219
2026-02-25,INE0FMW01018,QMSMEDI,SM,85.2,85.2,85.2,85.2,85.2,87.6,1000,85200.0,1
2026-02-25,INE0LRY01011,QUADFUTURE,EQ,295.9,295.9,285.5,287.15,287.95,291.0,280712,81400347.9,8385
2026-02-25,INE0SII01026,QPOWER,EQ,890.0,917.0,882.45,899.45,899.0,884.65,1408556,1270552146.65,31958
2026-02-25,INF082J01408,QGOLDHALF,EQ,132.04,132.25,131.18,131.95,131.95,131.47,58421,7702885.52,724
2026-02-25,INF082J01499,QNIFTY,EQ,282.9,282.9,278.6,278.86,278.85,278.25,2228,622859.12,85
2026-02-25,INE615P01015,QUESS,EQ,200.91,201.99,195.0,196.86,196.3,199.92,136661,26991013.27,5498
2026-02-25,INE0TNW01017,QUESTLAB,ST,130.0,133.2,126.5,132.85,132.5,130.0,42000,5496480.0,24
2026-02-25,INE306L01010,QUICKHEAL,EQ,175.49,178.61,167.0,167.78,167.15,174.1,277319,47491520.2,4771
2026-02-25,INE0K4D01020,QUICKTOUCH,SM,34.0,34.0,33.5,34.0,34.0,34.0,1500,50750.0,3
2026-02-25,INE0KZF01015,QVCEL,SM,23.8,25.0,23.75,24.0,24.0,25.0,14400,344480.0,9
2026-02-25,INE0NQ801033,RKSWAMY,EQ,103.0,103.05,98.0,98.74,99.97,99.74,52657,5276496.07,819
2026-02-25,INE219Y01026,RMDRIP,EQ,123.12,123.8,97.95,97.95,97.95,122.43,11125500,1212492141.51,15000
2026-02-25,INE777K01022,RRKABEL,EQ,1519.0,1540.0,1493.1,1508.2,1512.0,1502.0,319627,486038126.2,25560
2026-02-25,INE411H01032,RSYSTEMS,EQ,295.05,309.0,294.2,295.85,296.0,293.55,55912,16688116.95,2691
2026-02-25,INE012Q01021,RNBDENIMS,BE,201.01,203.0,189.25,189.25,189.25,199.21,375011,74410692.59,1738
2026-02-25,INE165B01029,RSSOFTWARE,EQ,37.2,37.2,35.6,35.79,35.7,37.25,29566,1066601.97,605
2026-02-25,INE324L01013,RPPINFRA,EQ,78.06,79.0,76.5,77.07,76.9,78.7,49435,3841161.82,1019
2026-02-25,INE084Q01012,RACE,EQ,122.01,125.45,110.14,112.2,111.01,120.97,17891,2097878.17,284
2026-02-25,INE02OY01016,RILINFRA,SM,37.0,37.0,35.35,35.75,35.9,37.35,9200,333545.0,55
2026-02-25,INE704B01017,RACLGEAR,EQ,1395.0,1479.8,1373.4,1429.1,1424.0,1401.4,78655,113114364.9,10499
2026-02-25,INE874F01027,RADAAN,EQ,2.93,3.12,2.93,3.06,3.06,2.91,43315,131742.93,117
2026-02-25,INE583V01021,RADHIKAJWE,EQ,67.81,68.0,66.56,66.96,66.66,66.79,151962,10222364.41,2027
2026-02-25,INE855R01021,RADIANTCMS,EQ,37.4,38.08,36.5,37.77,38.0,37.16,147442,5512437.02,1681
2026-02-25,INE944F01028,RADICO,EQ,2730.0,2746.0,2704.1,2721.1,2716.1,2720.1,134818,366972401.4,24259
2026-02-25,INE430U01019,RADIOWALLA,SM,49.0,54.6,49.0,52.5,52.5,50.05,9600,495840.0,6
2026-02-25,INE912T01018,RPEL,EQ,707.3,722.45,705.0,711.85,715.0,715.9,19974,14235486.05,1442
2026-02-25,INE415G01027,RVNL,EQ,324.0,324.0,315.0,317.6,315.7,321.65,6473531,2062573624.45,46866
2026-02-25,INE0DD101019,RAILTEL,EQ,325.1,325.6,316.0,317.55,317.5,323.45,768330,245359384.0,15431
2026-02-25,INE855B01025,RAIN,EQ,146.6,153.9,146.6,152.63,152.92,146.18,3308912,501822873.19,21492
2026-02-25,INE961O01016,RAINBOW,EQ,1199.0,1213.4,1199.0,1210.5,1210.0,1199.1,45346,54819717.8,5671
2026-02-25,INE294G01026,ROML,EQ,41.35,44.02,41.35,42.4,41.84,42.84,1829,78305.17,86
2026-02-25,INE533D01032,RAJRILTD,BE,22.05,22.05,22.05,22.05,22.05,22.49,4408,97196.4,93
2026-02-25,INE952H01027,RAJTV,EQ,40.17,40.5,39.1,39.23,39.23,40.37,3438,136496.16,109
2026-02-25,INE610C01014,ARENTERP,EQ,43.0,43.0,39.5,40.33,42.0,42.1,251,10535.39,26
2026-02-25,INE343B01030,RAJESHEXPO,BZ,156.2,159.18,152.0,152.23,152.15,155.76,200901,30913482.99,10752
2026-02-25,INE00KV01022,RAJMET,EQ,3.89,3.93,3.85,3.89,3.91,3.89,177444,691420.12,827
2026-02-25,INE535F01024,RAJOOENG,EQ,62.01,64.6,62.01,63.33,63.3,62.01,526063,33419740.67,3143
2026-02-25,INE0VHU01019,RAJPUTANA,SM,239.0,239.0,232.25,232.25,232.25,225.1,1500,351850.0,3
2026-02-25,INE0PCU01012,RAJINDLTD,SM,74.0,75.7,72.85,73.05,73.05,74.55,22500,1655925.0,15
2026-02-25,INE451D01029,RAJRATAN,EQ,415.95,424.5,414.25,420.95,422.65,413.15,69470,29154539.3,4095
2026-02-25,INE760W01023,RPPL,EQ,17.49,17.95,17.06,17.31,17.06,17.29,77132,1343311.4,458
2026-02-25,INE562B01019,RAJSREESUG,EQ,26.01,26.32,24.7,25.64,25.94,26.08,27948,724691.88,440
2026-02-25,INE613A01020,RALLIS,EQ,271.4,281.0,270.1,276.85,278.5,270.5,393998,108691894.8,12462
2026-02-25,INE207E01023,RAMRAT,EQ,321.8,322.65,316.0,318.3,319.95,319.8,25044,7973934.3,762
2026-02-25,INE809A01032,RAMAPHO,EQ,129.51,131.43,126.3,127.42,126.7,129.1,58367,7486570.61,1269
2026-02-25,INE230R01035,RAMASTEEL,EQ,7.33,7.39,7.3,7.32,7.34,7.32,3228589,23689859.99,4493
2026-02-25,INE14W901010,RTL,SM,72.0,83.5,72.0,81.45,81.95,74.5,160000,12378600.0,79
2026-02-25,INE614A01028,RAMCOIND,EQ,302.1,303.15,294.1,296.25,294.1,300.6,35663,10668664.05,1390
2026-02-25,INE246B01019,RAMCOSYS,EQ,461.7,472.35,443.5,459.05,456.5,463.0,196783,90350092.85,9809
2026-02-25,INE0RJH01010,RBS,SM,85.0,87.4,85.0,85.35,85.0,85.4,6400,548360.0,8
2026-02-25,INE399G01023,RKFORGE,EQ,545.3,549.85,536.15,542.6,541.75,543.95,126289,68624795.65,6297
2026-02-25,INE874I01013,RAMKY,EQ,458.65,468.9,458.65,464.1,462.05,462.05,20227,9387789.75,875
2026-02-25,INE625B01014,RANASUG,EQ,10.9,11.1,10.75,10.82,10.75,10.88,122135,1329327.15,464
2026-02-25,INE050H01012,RML,EQ,819.0,827.95,805.0,811.0,810.0,809.75,6461,5275313.3,794
2026-02-25,INE384A01010,RANEHOLDIN,EQ,1218.7,1223.9,1185.0,1194.9,1192.1,1219.3,14200,17030158.8,1163
2026-02-25,INE0QX901013,RAPIDFLEET,SM,183.0,183.0,183.0,183.0,183.0,175.0,600,109800.0,1
2026-02-25,INE0MVO01012,RAPPID,SM,265.0,265.0,265.0,265.0,265.0,280.0,600,159000.0,1
2026-02-25,INE0J1F01024,RPTECH,EQ,350.0,353.0,339.85,341.0,341.1,344.8,116763,40188944.5,2128
2026-02-25,INE027A01015,RCF,EQ,128.02,129.5,127.61,128.75,129.0,127.61,577981,74223211.3,7515
2026-02-25,INE0CLI01024,RATEGAIN,EQ,523.0,523.0,495.4,509.1,508.6,513.0,685038,345898120.9,23596
2026-02-25,INE703B01027,RATNAMANI,EQ,2487.3,2505.4,2401.0,2411.5,2412.9,2487.2,53182,131195338.5,6468
2026-02-25,INE05CZ01011,RATNAVEER,EQ,159.66,163.28,151.6,152.26,152.2,159.85,1461096,227783229.03,10702
2026-02-25,INE834M01019,RTNINDIA,EQ,29.35,30.32,29.35,29.81,29.86,30.42,3392477,101100499.94,18226
2026-02-25,INE399K01017,RTNPOWER,EQ,8.37,8.44,8.28,8.36,8.38,8.36,7399212,61818419.07,10102
2026-02-25,INE722J01012,RKDL,EQ,19.47,19.98,19.01,19.36,19.21,19.47,8515,164796.5,160
2026-02-25,INE09E501017,RVHL,EQ,38.64,40.65,38.07,39.08,39.0,38.83,27708,1081081.53,364
2026-02-25,INE206N01018,RELTD,EQ,144.0,146.5,143.1,145.07,144.73,142.92,35915,5212558.77,1819
2026-02-25,INE02ID01020,RAYMONDLSL,EQ,912.0,935.2,890.0,897.9,898.9,894.5,63221,57383855.9,7714
2026-02-25,INE301A01014,RAYMOND,EQ,400.0,404.0,394.8,397.6,397.0,400.95,204207,81607758.1,8872
2026-02-25,INE1SY401010,RAYMONDREL,EQ,430.0,439.3,424.2,427.3,429.8,432.2,107049,46005216.65,6449
2026-02-25,INE976G01028,RBLBANK,EQ,328.0,332.95,322.55,329.8,330.0,326.0,4824687,1584818683.2,53168
2026-02-25,INE0NA301016,RBMINFRA,SM,361.0,368.0,355.0,356.7,356.7,362.0,5400,1945580.0,26
2026-02-25,INE0PEQ01016,RBZJEWEL,EQ,125.18,126.54,123.72,124.35,124.5,124.56,73911,9219926.16,1075
2026-02-25,INE10QL01011,READYMIX,SM,91.0,92.0,91.0,92.0,92.0,95.0,2000,183000.0,2
2026-02-25,INE020B01018,RECLTD,EQ,356.2,357.5,350.35,354.0,354.05,354.0,5564761,1969488953.25,41348
2026-02-25,INE891D01026,REDINGTON,EQ,242.0,245.3,239.15,242.55,243.5,239.95,1193147,289168909.95,31055
2026-02-25,INE0LXT01019,REDTAPE,EQ,124.99,125.6,124.0,124.14,124.15,124.9,232140,28896776.18,4449
2026-02-25,INE056I01025,REFEX,EQ,238.31,238.31,226.02,229.12,229.99,235.71,530832,121986364.08,15638
2026-02-25,INE0TNX01015,REFRACTORY,SM,43.2,43.2,41.05,41.1,41.05,43.2,21000,870000.0,21
2026-02-25,INE0MHO01029,REGAAL,EQ,69.0,71.34,67.01,68.35,67.85,66.44,11958967,828580582.8,37971
2026-02-25,INE277C01012,REGENCERAM,EQ,43.4,43.4,42.5,42.52,42.52,43.45,2029,86511.06,26
2026-02-25,INE131B01039,RELAXO,EQ,352.0,356.0,350.25,353.95,351.05,352.95,39821,14074736.45,2090
2026-02-25,INF204KC1030,GILT5YBEES,EQ,64.21,64.49,64.05,64.39,64.32,64.33,330762,21293115.7,547
2026-02-25,INF204KC1022,SDL26BEES,EQ,137.02,137.02,136.5,136.53,136.5,136.5,2995,409178.12,86
2026-02-25,INE375Y01018,RELIABLE,BE,141.93,145.0,137.0,139.13,139.9,141.93,15341,2150718.11,226
2026-02-25,INE750D01016,RELCHEMQ,EQ,124.99,129.9,122.95,123.36,122.95,123.8,4325,545787.25,245
2026-02-25,INE330H01018,RCOM,BE,0.93,0.96,0.91,0.94,0.95,0.93,3149776,2960387.58,1901
2026-02-25,INE217K01011,RHFL,BZ,2.3,2.3,2.18,2.2,2.21,2.28,999386,2225810.83,1504
2026-02-25,INE046A01015,RIIL,EQ,721.05,721.95,700.0,708.25,706.5,709.6,68045,48517692.55,2750
2026-02-25,INE002A01018,RELIANCE,EQ,1435.0,1440.5,1393.5,1398.5,1400.8,1428.8,10728792,15171307392.7,204165
2026-02-25,INE036A01016,RELINFRA,BE,95.9,99.9,95.8,97.63,97.95,95.59,1065820,104438053.32,6582
2026-02-25,INE614G01033,RPOWER,EQ,25.4,25.98,25.25,25.54,25.6,25.44,23816041,609569096.97,35686
2026-02-25,INE621H01010,RELIGARE,EQ,212.0,212.0,206.3,207.16,207.3,210.9,1923432,400579154.28,24879
2026-02-25,INE474C01023,REMSONSIND,EQ,112.29,115.37,111.95,112.61,112.0,112.01,140784,16019925.7,2262
2026-02-25,INE0O5T01011,REMUS,SM,690.0,690.0,679.0,679.0,679.0,679.0,400,274900.0,4
2026-02-25,INE722H01024,RGL,EQ,113.7,130.0,113.55,128.25,128.35,113.92,16559322,2079831623.67,45026
2026-02-25,INE0VZX01015,RNPL,SM,148.0,148.0,143.5,144.6,144.9,144.3,22800,3299160.0,10
2026-02-25,INE612J01015,REPCOHOME,EQ,390.0,390.0,383.05,384.35,384.0,387.95,101668,39142854.6,2903
2026-02-25,INE461B01014,REPRO,EQ,405.9,416.8,401.05,407.85,411.0,400.4,11058,4486998.75,449
2026-02-25,INE688D01026,RESPONIND,EQ,178.06,180.88,172.33,177.92,176.35,177.62,195204,34436849.32,2089
2026-02-25,INE07T201019,RBA,EQ,63.8,64.05,63.52,63.7,63.79,63.6,3339858,212449063.85,3927
2026-02-25,INE0DAB01012,RVTH,EQ,635.0,644.3,615.05,643.0,643.0,625.0,353,224863.25,21
2026-02-25,INE00D001018,REXPIPES,SM,202.95,203.0,202.95,203.0,203.0,200.35,2000,405950.0,2
2026-02-25,INE0KKN01029,RHETAN,EQ,26.84,27.1,25.45,26.26,26.05,26.63,4063071,106089017.17,8237
2026-02-25,INE743M01012,RHIM,EQ,440.0,441.0,431.15,435.45,434.95,440.3,120694,52718445.15,6935
2026-02-25,INE0J1P01015,RICHA,SM,63.95,64.95,63.95,64.65,64.95,61.95,11000,711400.0,8
2026-02-25,INE209B01025,RICOAUTO,EQ,127.2,132.49,125.58,127.96,128.07,125.37,7567321,978526400.01,38625
2026-02-25,INE0N2P01017,RISHABH,EQ,420.95,430.0,416.25,421.5,417.5,420.25,42308,17933741.6,1733
2026-02-25,INE01EG01016,RITCO,EQ,225.21,229.53,222.86,226.38,227.0,222.18,163873,37181051.11,536
2026-02-25,INE0MRA01019,RITEZONE,SM,18.2,18.2,18.2,18.2,18.2,18.2,1600,29120.0,1
2026-02-25,INE320J01015,RITES,EQ,217.5,219.7,215.82,218.63,218.64,216.94,289570,63156764.46,9355
2026-02-25,INE786W01010,RKEC,EQ,45.57,45.57,43.23,43.57,43.5,45.29,40833,1830385.5,217
2026-02-25,INE0SA001017,RNFI,SM,285.5,293.0,285.0,285.0,285.0,286.4,11400,3283500.0,12
2026-02-25,INE508K01013,RHL,EQ,191.95,191.96,187.1,190.65,189.25,186.74,3753,712498.32,255
2026-02-25,INE0PTR01012,ROCKINGDCE,ST,209.45,209.45,199.05,202.0,202.0,209.5,1750,351700.0,6
2026-02-25,INE645S01024,ROLEXRINGS,EQ,138.92,142.47,137.0,140.87,140.2,138.87,898278,125787400.0,13758
2026-02-25,INE927A01040,ROLLT,BE,1.29,1.29,1.29,1.29,1.29,1.23,146870,189462.3,53
2026-02-25,INE02A801020,ROSSARI,EQ,497.95,500.0,490.0,493.25,492.6,499.35,37287,18423625.3,2138
2026-02-25,INE847C01020,ROSSELLIND,EQ,42.23,45.9,42.23,45.59,45.01,43.41,70530,3147887.37,832
2026-02-25,INE0OJW01016,ROSSTECH,EQ,679.0,689.45,665.05,668.15,668.9,679.0,23417,15756100.75,1887
2026-02-25,INE535D01037,ROTO,EQ,60.0,60.79,57.86,57.99,58.0,59.98,569718,33366366.03,3373
2026-02-25,INE450U01017,ROUTE,EQ,495.4,502.45,487.0,491.15,489.95,494.7,205636,101243806.45,8577
2026-02-25,INE0PDJ01013,ROXHITECH,SM,35.9,37.45,32.4,34.4,34.2,35.8,59200,2077200.0,23
2026-02-25,INE283H01019,ROHLTD,EQ,368.9,373.3,360.25,366.4,371.0,364.25,31874,11660405.6,1866
2026-02-25,INE105J01010,RPGLIFE,EQ,1880.0,1925.0,1875.0,1914.2,1897.8,1882.3,9690,18452373.3,1711
2026-02-25,INE425Y01011,RPSGVENT,EQ,677.6,681.9,654.75,659.55,659.0,668.0,19109,12709451.95,1210
2026-02-25,INE611A01016,RSWM,EQ,150.46,150.5,148.35,149.38,149.2,149.41,31311,4669884.47,649
2026-02-25,INE642C01025,RUBFILA,EQ,64.6,67.72,64.08,64.94,65.5,65.5,21186,1387019.85,497
2026-02-25,INE506V01022,RUBICON,EQ,772.7,794.55,766.1,788.6,781.65,774.0,91319,71925160.7,9282
2026-02-25,INE413B01023,RUCHINFRA,EQ,6.08,6.16,5.82,5.92,6.0,5.94,35378,210203.56,183
2026-02-25,INE803H01014,RUCHIRA,EQ,105.17,106.65,104.34,105.61,105.51,103.74,44280,4681044.14,614
2026-02-25,INE027T01023,RUDRA,EQ,17.93,19.0,17.75,17.84,17.81,17.67,21103,381394.74,217
2026-02-25,INE364Z01019,REPL,EQ,89.85,89.85,86.12,86.66,86.27,87.62,11711,1023146.97,225
2026-02-25,INE0R7301013,RULKA,SM,93.0,93.0,91.5,91.5,91.5,93.0,1200,110700.0,3
2026-02-25,INE895B01021,RUPA,EQ,140.2,141.79,138.0,138.16,138.3,140.7,103659,14438946.09,3225
2026-02-25,INE573K01025,RUSHIL,EQ,18.51,18.8,18.11,18.18,18.25,18.45,168085,3088168.81,768
2026-02-25,INE0BSN01013,SATECH,ST,50.0,50.0,47.1,49.8,49.8,48.6,7000,339950.0,7
2026-02-25,INE807K01035,SCHAND,EQ,155.01,158.26,154.21,155.85,157.7,153.8,17784,2783528.99,438
2026-02-25,INE500L01026,SHK,EQ,155.0,155.5,148.35,149.79,150.0,153.13,564209,85653693.08,8035
2026-02-25,INE0F3301020,SJLOGISTIC,SM,316.45,316.5,310.6,312.85,313.15,314.25,22500,7041662.5,50
2026-02-25,INE902B01017,S&SPOWER,BE,324.45,324.45,310.1,312.9,316.0,324.45,3497,1095145.1,68
2026-02-25,INE212I01016,SPAL,EQ,708.7,719.0,688.55,695.8,691.1,703.15,92920,65332128.0,6652
2026-02-25,INE658G01014,SALSTEEL,BE,46.5,47.0,46.5,46.5,46.5,46.5,44567,2074705.5,121
2026-02-25,INE0PSK01027,SAAKSHI,SM,184.15,184.15,184.1,184.1,184.1,182.65,1800,331440.0,3
2026-02-25,INE13B501022,SAATVIKGL,EQ,395.0,399.95,377.2,380.95,378.0,393.5,164846,63399211.9,5684
2026-02-25,INE860T01019,SABEVENTS,BE,18.25,18.25,17.62,17.62,17.62,17.97,58004,1031503.79,102
2026-02-25,INE1ARD01016,SACHEEROME,ST,394.2,399.0,376.0,388.95,388.95,394.35,9000,3467790.0,15
2026-02-25,INE226H01026,SADBHAV,EQ,10.73,10.73,10.45,10.73,10.73,10.22,523531,5612938.52,447
2026-02-25,INE764L01010,SADBHIN,EQ,3.36,3.44,3.28,3.28,3.29,3.45,865603,2850437.68,529
2026-02-25,INE888C01040,SADHNANIQ,EQ,2.34,2.37,2.16,2.16,2.16,2.27,6000110,13493604.67,2950
2026-02-25,INE0K5H01010,SADHAV,SM,112.0,119.9,111.1,115.0,115.0,116.5,40800,4681470.0,59
2026-02-25,INE429E01023,SAFARI,EQ,1870.0,1883.8,1851.6,1867.5,1852.4,1872.8,16931,31659054.0,4208
2026-02-25,INE17D601016,SAFEENTP,SM,231.35,235.5,225.0,235.25,235.2,231.35,13000,3022675.0,24
2026-02-25,INE229C01021,SAGCEM,EQ,194.0,196.57,192.5,193.09,193.0,194.84,24193,4702297.55,983
2026-02-25,INE976T01013,SAGARDEEP,EQ,24.11,24.85,24.1,24.26,24.25,24.34,7517,182411.29,87
2026-02-25,INE0W2G01015,SAGILITY,EQ,42.66,43.58,42.37,42.75,42.9,42.4,19297162,828282370.3,61863
2026-02-25,INE0P4701011,SAHAJSOLAR,SM,140.05,140.05,128.05,131.95,128.1,141.05,36400,4911120.0,84
2026-02-25,INE0LEX01011,SAHANA,SM,1010.0,1023.0,995.0,1016.6,1010.0,999.75,17750,17910875.0,94
2026-02-25,INE0RBQ01018,SAHASRA,SM,259.5,260.0,248.0,252.6,256.0,254.0,140400,35071160.0,93
2026-02-25,INE280H01015,SAHYADRI,EQ,250.0,250.71,244.23,250.33,250.64,253.39,3059,760607.8,62
2026-02-25,INE570L01029,SAILIFE,EQ,945.95,961.45,915.6,923.8,925.0,942.9,562931,525455991.0,28729
2026-02-25,INE438K01021,KALAMANDIR,EQ,112.49,114.75,110.96,111.41,111.1,112.36,289430,32461799.27,2932
2026-02-25,INE00MT01022,SAJHOTELS,SM,43.0,44.5,39.0,44.0,44.0,42.8,118000,5033500.0,20
2026-02-25,INE732S01012,SAKAR,EQ,525.2,536.95,510.0,520.6,520.0,521.05,98925,51843201.5,4306
2026-02-25,INE667G01023,SAKSOFT,EQ,148.37,152.02,147.0,148.07,148.0,148.37,179022,26623654.97,3732
2026-02-25,INE623A01011,SAKHTISUG,EQ,15.9,15.95,15.5,15.53,15.51,15.6,54833,860757.91,367
2026-02-25,INE190H01024,SAKUMA,EQ,1.9,1.92,1.84,1.85,1.87,1.89,1466498,2749970.16,1642
2026-02-25,INE170V01027,SALASAR,EQ,7.94,8.23,7.85,7.89,7.88,7.9,7285402,58496887.75,4981
2026-02-25,INE498E01010,SALONA,EQ,243.0,269.0,240.0,265.47,265.0,244.38,6514,1687442.78,547
2026-02-25,INE457F01013,SALZERELEC,EQ,662.5,666.35,654.25,658.9,659.05,661.0,43889,28953152.95,2538
2026-02-25,INE699B01027,SAMBHAAV,EQ,7.25,7.74,7.25,7.35,7.4,7.38,6160,45482.15,68
2026-02-25,INE12NJ01018,SAMBHV,EQ,97.82,103.0,97.26,101.16,101.1,97.34,1120987,113068203.12,10338
2026-02-25,INE0PZA01015,SAIFL,SM,9.7,10.1,9.7,10.0,10.0,10.1,56000,558200.0,14
2026-02-25,INE08U801020,SAMHI,EQ,164.84,169.2,163.4,167.04,166.35,162.13,1018927,170081836.75,16041
2026-02-25,INE148I01020,SAMMAANCAP,EQ,154.9,162.0,153.55,157.94,157.89,153.42,28900400,4579486471.96,81572
2026-02-25,INE735M01018,SAMPANN,EQ,31.44,31.44,30.11,30.27,30.2,30.38,14867,454309.49,191
2026-02-25,INE775A01035,MOTHERSON,EQ,132.5,133.85,132.12,133.24,132.9,131.56,13635449,1815145346.28,82730
2026-02-25,INE0JPD01013,SANATHAN,EQ,419.8,419.8,397.15,401.75,400.0,413.25,17876,7232718.0,1035
2026-02-25,INE782L01012,SANCO,BZ,2.26,2.32,2.11,2.26,2.3,2.22,10847,23867.18,27
2026-02-25,INE583B01015,SANDESH,EQ,1014.4,1015.8,985.1,988.2,985.1,1007.5,411,408989.6,94
2026-02-25,INE278H01035,SANDHAR,EQ,488.5,505.4,479.0,498.75,497.0,486.15,222535,110221087.65,7605
2026-02-25,INE149K01016,SANDUMA,EQ,195.25,215.05,195.25,213.07,214.0,195.06,12697266,2680525200.89,100975
2026-02-25,INE495C01010,SANGAMIND,EQ,467.2,471.85,466.55,468.3,468.85,467.85,11053,5172938.75,464
2026-02-25,INE999B01013,SANGHIIND,EQ,61.36,61.57,60.64,61.12,61.2,61.35,472582,28866106.12,1422
2026-02-25,INE989A01032,SANGHVIMOV,EQ,261.0,266.6,260.4,262.0,262.0,261.4,118155,31092876.95,4911
2026-02-25,INE753W01010,SANGINITA,EQ,15.3,15.45,15.01,15.02,15.01,14.55,253374,3868342.29,467
2026-02-25,INE0UOS01011,SANOFICONR,EQ,4031.5,4130.0,3990.0,4009.2,3990.0,3999.5,10801,43524892.1,2332
2026-02-25,INE058A01010,SANOFI,EQ,4080.7,4140.0,4080.7,4134.7,4138.0,4080.7,16004,65925490.1,3366
2026-02-25,INE953O01021,SANSERA,EQ,2345.5,2384.0,2315.0,2353.4,2345.1,2345.5,157700,370735663.1,20914
2026-02-25,INE08NE01025,SANSTAR,EQ,87.0,87.75,85.52,85.9,85.65,86.6,118274,10244246.83,1155
2026-02-25,INE890C01046,SANWARIA,BZ,0.24,0.24,0.24,0.24,0.24,0.25,302722,72653.28,46
2026-02-25,INE806T01020,SAPPHIRE,EQ,217.3,217.3,212.4,214.37,215.0,215.1,154900,33195496.88,9110
2026-02-25,INE0PUC01020,SARTELE,SM,216.1,220.9,213.25,213.95,214.5,214.95,72000,15690050.0,74
2026-02-25,INE0PQ101010,SSDL,EQ,63.25,64.43,60.97,61.55,61.99,63.23,41035,2556467.67,983
2026-02-25,INE385C01021,SARDAEN,EQ,519.35,535.0,515.1,532.2,534.0,519.35,614433,323920456.0,16958
2026-02-25,INE979A01025,SAREGAMA,EQ,328.0,335.0,324.0,332.6,333.0,328.0,330071,108819119.8,9956
2026-02-25,INE453D01025,SARLAPOLY,EQ,84.36,86.28,82.2,82.65,82.2,84.48,61205,5137561.77,979
2026-02-25,INE0PCL01011,SAROJA,SM,33.5,33.5,33.5,33.5,33.5,35.0,1600,53600.0,1
2026-02-25,INE017W01010,SMLT,EQ,70.58,72.3,70.0,71.16,71.5,70.77,11160,792730.32,217
2026-02-25,INE324X01026,SARVESHWAR,EQ,3.89,3.93,3.85,3.88,3.9,3.91,4195535,16248071.07,3070
2026-02-25,INE231F01020,SASKEN,EQ,1177.0,1188.9,1134.0,1153.6,1154.0,1166.6,18697,21730170.5,2779
2026-02-25,INE019J01013,SASTASUNDR,EQ,282.25,285.9,276.0,283.55,285.0,280.85,8025,2264812.95,364
2026-02-25,INE0NB801022,SATKARTAR,SM,162.15,181.95,162.15,177.2,178.4,162.15,58400,10062800.0,72
2026-02-25,INE0RFP01011,SSEGL,SM,372.95,380.85,360.55,363.2,362.75,371.55,23000,8458250.0,84
2026-02-25,INE0RPM01017,SATIPOLY,SM,50.5,50.5,50.45,50.45,50.45,53.1,1500,75725.0,2
2026-02-25,INE170E01023,SATIA,EQ,64.96,66.15,64.16,64.56,65.0,64.63,54998,3563671.85,1301
2026-02-25,INE836B01017,SATIN,EQ,154.2,154.64,152.0,153.94,153.12,154.76,47067,7214700.26,1038
2026-02-25,INE14DW01018,SATTVAENGG,SM,49.9,49.9,49.9,49.9,49.9,49.95,1600,79840.0,1
2026-02-25,INE626A01014,SAURASHCEM,EQ,67.5,67.84,65.01,65.41,65.5,65.59,52347,3431713.86,612
2026-02-25,INE035D01020,SOTL,EQ,369.95,373.0,360.2,364.7,367.45,370.2,26465,9717620.75,652
2026-02-25,INE0UCN01017,SAVY,SM,137.0,137.0,131.55,133.55,133.55,135.5,8400,1131360.0,7
2026-02-25,INE10VS01016,SAWALIYA,SM,311.0,311.0,300.0,305.7,308.05,306.25,55800,17031990.0,66
2026-02-25,INE04AK01028,SBC,EQ,32.11,32.45,31.8,32.12,32.11,32.09,12868696,414062364.94,6590
2026-02-25,INE423Y01016,SBFC,EQ,97.32,97.58,95.52,96.25,96.42,96.87,633945,61191263.2,11742
2026-02-25,INE018E01016,SBICARD,EQ,779.0,794.0,773.05,788.75,780.0,779.6,957320,749032412.05,29405
2026-02-25,INE123W01016,SBILIFE,EQ,2089.7,2106.0,2069.5,2073.6,2075.0,2082.9,355352,741052262.2,38267
2026-02-25,INF200KA16D8,SETFGOLD,EQ,135.35,136.14,134.78,135.77,135.75,135.35,5720121,775947546.1,18592
2026-02-25,INF200KA1FS1,SETFNIF50,EQ,273.87,274.33,272.33,272.86,272.65,272.21,603975,165040871.8,11256
2026-02-25,INF200KA1580,SETFNIFBK,EQ,627.37,627.37,622.75,624.71,624.7,625.0,43732,27376985.85,428
2026-02-25,INF200KA1598,SETFNN50,EQ,744.62,750.0,744.62,749.19,749.85,744.15,43180,32314790.39,1356
2026-02-25,INF200KA13Z8,LIQUIDSBI,EQ,1000.0,1000.01,999.99,1000.01,1000.01,999.99,12760,12760043.01,61
2026-02-25,INF200KB1712,SBIBPB,EQ,57.77,57.77,56.01,56.61,56.55,56.67,198574,11248566.89,1279
2026-02-25,INF200KA1X17,SBIETFCON,EQ,123.92,123.92,120.04,120.43,120.43,120.31,8906,1073535.72,184
2026-02-25,INF200KA1S14,SBIETFIT,EQ,340.24,341.99,333.01,336.81,338.0,331.95,37546,12718896.78,703
2026-02-25,INF200KA1S22,SBIETFPB,EQ,299.59,299.59,293.4,294.84,295.9,294.6,3987,1173770.3,97
2026-02-25,INF200KA1WX6,SBIETFQLTY,EQ,220.32,221.84,218.67,220.25,218.67,218.67,2851,629301.51,66
2026-02-25,INF200KB1969,SBILIQETF,EQ,1028.14,1028.16,1028.14,1028.15,1028.14,1028.02,21650,22259473.36,29
2026-02-25,INF200KB1282,SBINEQWETF,EQ,33.7,34.0,33.7,33.76,33.83,33.69,33385,1130034.5,193
2026-02-25,INF200KB1217,SBISILVER,EQ,256.55,261.14,254.88,259.08,258.98,256.32,2595901,672457502.07,15635
2026-02-25,INF200KA1JT1,SETF10GILT,EQ,260.43,260.51,259.43,259.72,259.51,260.44,8112,2106433.67,57
2026-02-25,INE513A01022,SCHAEFFLER,EQ,4275.0,4334.7,4131.2,4264.4,4250.9,4084.8,1238284,5268180764.5,138828
2026-02-25,INE839M01018,SCHNEIDER,BE,888.1,890.0,856.25,871.1,872.9,896.8,108396,94732333.5,3549
2026-02-25,INE148I07VL2,925SCL26W,N1,970.0,970.0,970.0,970.0,970.0,983.0,1000,970000.0,5
2026-02-25,INE148I07YB7,925SCL30,NF,900.3,900.3,900.3,900.3,900.3,945.0,10,9003.0,2
2026-02-25,INE148I07WI6,990SCL28,N1,1058.5,1058.5,1050.0,1058.0,1058.0,1035.2,76,80311.0,3
2026-02-25,INE090501011,SCODATUBES,EQ,132.75,136.4,132.75,135.32,135.0,133.73,33977,4590414.19,595
2026-02-25,IN1020230646,771AP37A,SG,100.49,100.49,100.0,100.0,100.0,99.0,500,50049.0,2
2026-02-25,IN1520230138,755GJ31,SG,99.0,99.0,99.0,99.0,99.0,99.0,400,39600.0,1
2026-02-25,IN1520230104,758GJ26,SG,100.06,100.06,100.06,100.06,100.06,100.06,500,50030.0,1
2026-02-25,IN1620250283,76HR39,SG,100.0,100.0,100.0,100.0,100.0,100.0,100,10000.0,1
2026-02-25,IN1920220010,768KA31,SG,100.5,100.5,100.5,100.5,100.5,100.5,300,30150.0,1
2026-02-25,IN3320230151,773UP34,SG,100.0,100.0,100.0,100.0,100.0,100.45,100,10000.0,1
2026-02-25,INE497B01018,SEAMECLTD,EQ,1316.2,1368.0,1310.4,1344.0,1345.0,1311.1,37293,49960573.8,4055
2026-02-25,INE477L07AP4,IIFLHFZC27,NB,1367.8,1367.8,1367.8,1367.8,1367.8,1367.8,35,47873.0,1
2026-02-25,INE530B07369,IIFLZC28B,Y1,1197.2,1197.2,1197.2,1197.2,1197.2,1195.2,210,251412.0,2
2026-02-25,INE741K07496,10CAGL27,N5,1025.0,1025.01,1024.0,1024.67,1024.51,1030.0,190,194696.5,7
2026-02-25,INE413U07269,1003ISFL28,N4,1010.0,1010.0,1010.0,1010.0,1010.0,1005.0,10,10100.0,1
2026-02-25,INE244L07523,890SFIL23A,NZ,620.0,644.7,620.0,644.7,644.7,644.8,160,99249.4,10
2026-02-25,INE583D07505,1015UCL26,N1,1012.0,1012.0,998.0,998.0,998.0,1024.97,40,40364.0,3
2026-02-25,INE148I07RS5,925SCL28B,YC,985.0,985.0,985.0,985.0,985.0,982.37,12,11820.0,1
2026-02-25,INE583D07521,1025UCL26A,N1,999.0,999.0,997.6,997.6,997.6,999.0,10,9980.2,5
2026-02-25,INE148I07SQ7,1025SCL34,Z8,995.0,995.0,995.0,995.0,995.0,980.0,200,199000.0,1
2026-02-25,INE148I07TN2,1025SCL34A,ZT,951.1,951.1,951.1,951.1,951.1,989.0,3,2853.3,1
2026-02-25,INE148I07UV3,1025SCL34B,N1,995.0,995.0,995.0,995.0,995.0,980.0,10,9950.0,1
2026-02-25,INE148I07RB1,965SCL25F,NZ,886.0,886.0,886.0,886.0,886.0,760.3,3,2658.0,1
2026-02-25,INE583D07513,1040UCL27B,N1,1005.0,1005.0,1000.0,1000.0,1000.0,1005.0,3,3005.0,3
2026-02-25,INE583D07463,105UCL2026,NB,1045.25,1045.25,1045.25,1045.25,1045.25,1049.0,7,7316.75,1
2026-02-25,INE148I07TP7,1075SCL34,ZR,1062.95,1062.95,1062.95,1062.95,1062.95,1057.67,50,53147.5,1
2026-02-25,INE148I07UW1,1075SCL34C,N1,1050.0,1050.0,1050.0,1050.0,1050.0,955.0,1,1050.0,1
2026-02-25,INE583D07455,11UCL26,NC,988.2,1015.2,988.2,995.0,995.0,1100.0,25,25043.0,3
2026-02-25,INE342T07445,1119NFL27,ND,1104.0,1104.0,1104.0,1104.0,1104.0,1104.0,5,5520.0,1
2026-02-25,INE0H7R07017,79NHIT35,N1,320.0,320.0,315.1,315.5,315.5,326.8,201,63381.4,5
2026-02-25,INE219X07264,82IGT31,NJ,1078.0,1078.0,1078.0,1078.0,1078.0,1078.96,178,191884.0,1
2026-02-25,INE530B07161,842IIFL26,NL,990.0,990.0,986.01,989.99,989.99,990.89,561,555365.96,6
2026-02-25,INE530B07310,865IIFL28,NS,984.16,984.16,984.16,984.16,984.16,981.44,3,2952.48,1
2026-02-25,INE477L07AR0,875IHFL29,ND,970.0,970.0,970.0,970.0,970.0,968.0,503,487910.0,6
2026-02-25,INE338I07164,897MOFSL29,N4,1015.0,1019.98,1015.0,1019.98,1019.98,1025.98,190,193334.8,6
2026-02-25,INE516Y07428,9PCHFL31A,,1380.0,1380.0,1057.0,1057.0,1057.0,1155.55,28,38002.0,4
2026-02-25,INE477L07BH9,925IHFL29,N1,891.0,891.0,891.0,891.0,891.0,990.0,1,891.0,1
2026-02-25,INE148I07ND6,965SCL25C,N0,403.8,403.8,403.8,403.8,403.8,403.8,636,256816.8,5
2026-02-25,INE148I07QK4,948SCL26A,NN,315.52,315.52,315.52,315.52,315.52,334.0,1043,329087.36,1
2026-02-25,INE148I07OP8,948SCL26I,AX,304.0,304.0,304.0,304.0,304.0,378.0,31,9424.0,1
2026-02-25,INE148I07SI4,948SCL27,YV,980.0,980.0,980.0,980.0,980.0,980.0,100,98000.0,1
2026-02-25,INE148I07MV0,915SCL27A,ZL,1001.0,1001.0,1001.0,1001.0,1001.0,1001.0,30,30030.0,1
2026-02-25,INE413U07236,957ISFL26,N2,1000.0,1000.0,982.21,995.0,995.0,1000.0,732,728966.96,8
2026-02-25,INE148I07SD5,965SCL26,YO,1085.0,1089.0,1085.0,1089.0,1089.0,1085.0,69,74889.0,3
2026-02-25,INE148I07TE1,965SCL26A,ZB,1060.5,1060.5,1060.0,1060.5,1060.5,1055.8,201,213155.5,3
2026-02-25,INE423A07328,965AEL27,N4,1053.0,1053.0,1053.0,1053.0,1053.0,1053.01,99,104247.0,2
2026-02-25,INE148I07NW6,965SCL28,AK,659.8,659.8,659.8,659.8,659.8,650.55,49,32330.2,1
2026-02-25,INE148I07QT5,971SCL28A,NT,750.0,750.0,681.0,681.0,681.0,664.28,205,139812.0,7
2026-02-25,INE148I07PY7,990SCL26,N7,372.9,372.9,372.9,372.9,372.9,375.0,2,745.8,2
2026-02-25,INE148I07UA7,SCL25924D,N1,1100.0,1100.0,1100.0,1100.0,1100.0,1100.0,140,154000.0,1
2026-02-25,INE148I07QB3,SCLZC26C,NB,1241.24,1241.24,1241.24,1241.24,1241.24,1235.0,7,8688.68,1
2026-02-25,INE423A07385,AEL120924B,N8,1155.0,1155.0,1155.0,1155.0,1155.0,1150.0,32,36960.0,1
2026-02-25,INE148I07NY2,990SCFL26,AJ,1315.0,1315.0,1315.0,1315.0,1315.0,1315.0,5,6575.0,2
2026-02-25,INE00QS24043,IMC1,N1,252.49,252.49,252.0,252.0,252.0,252.49,42,10584.49,2
2026-02-25,INE00QS24027,IMC1,N2,250.01,250.01,250.01,250.01,250.01,251.0,42,10500.42,2
2026-02-25,INE00QS24035,IMC1,N3,250.04,250.04,250.04,250.04,250.04,250.04,42,10501.68,1
2026-02-25,INE530L07228,10NIDO26,N6,1055.0,1055.0,1055.0,1055.0,1055.0,1052.0,110,116050.0,2
2026-02-25,INE804IA7022,1060ECL29,NS,1012.0,1177.0,1012.0,1025.0,1025.0,1025.0,465,488794.0,8
2026-02-25,INE033L07GU2,84TCHF28,,1025.0,1025.0,1021.1,1021.1,1021.1,1020.11,25,25566.5,2
2026-02-25,INE148I07GJ7,865SCL26,N8,1000.02,1000.02,1000.02,1000.02,1000.02,1020.0,4,4000.08,1
2026-02-25,INE721A07PK7,875SFL27,ZF,1050.0,1050.0,1049.0,1049.0,1049.0,1034.0,102,107098.0,2
2026-02-25,INE148I07GK5,885SCL26,N9,1016.2,1016.2,1016.2,1016.2,1016.2,1031.0,2,2032.4,1
2026-02-25,INE148I07GL3,9SCL26BA,,1026.99,1026.99,1021.15,1021.23,1021.15,1025.5,170,174156.4,7
2026-02-25,INE721A07OC7,930SFL28,YP,1054.0,1054.0,1054.0,1054.0,1054.0,1055.0,1,1054.0,1
2026-02-25,INE721A07ON4,957ICCL25,YW,1045.0,1050.0,1045.0,1050.0,1050.0,1045.0,20,20950.0,2
2026-02-25,INE804I078Y8,943ECL28,NJ,1187.0,1187.0,990.31,991.51,993.0,992.31,1229,1259958.13,17
2026-02-25,INE804I079Y6,985ECL28,NK,1032.02,1032.02,1032.02,1032.02,1032.02,1029.11,1137,1173406.74,2
2026-02-25,INE148I07GN9,SCLZC26,NB,2212.0,2212.0,2212.0,2212.0,2212.0,2210.0,45,99540.0,1
2026-02-25,INE721A07PH3,SFLZC26A,ZC,1825.0,1825.0,1825.0,1825.0,1825.0,1823.22,5,9125.0,1
2026-02-25,INE0BTM01013,SECMARK,EQ,101.7,122.04,101.7,122.04,122.04,101.7,58857,7003006.77,715
2026-02-25,INE650K01021,SECURKLOUD,BE,22.5,22.5,21.11,21.64,21.9,21.81,15811,347443.98,54
2026-02-25,INE955I01044,SEJALLTD,EQ,623.0,623.0,595.05,600.45,600.0,611.1,9030,5461440.15,407
2026-02-25,INE105I01020,SELMC,EQ,30.51,31.5,29.87,29.87,29.87,31.44,16506,495822.87,181
2026-02-25,INE0IJF01013,SELLOWRAP,SM,67.9,69.5,66.5,66.5,66.5,65.2,41600,2871840.0,7
2026-02-25,INE617A01013,SEMAC,EQ,255.03,255.03,246.1,247.4,246.21,247.1,144,35931.82,33
2026-02-25,INE602W01027,SENCO,EQ,322.6,329.0,317.5,318.7,319.2,322.95,398785,128392089.35,10785
2026-02-25,INE0RB801010,SENORES,EQ,787.0,789.7,767.7,772.7,776.0,779.25,215796,167922870.6,9298
2026-02-25,INE964H01014,SEPC,EQ,8.15,8.24,7.73,7.77,7.75,7.94,41834659,331927754.29,18831
2026-02-25,INE027E07BC8,865LTF26,NN,1019.5,1019.5,1019.5,1019.5,1019.5,1019.11,125,127437.5,3
2026-02-25,INE027E07AN7,87LTF27,NH,1033.0,1033.0,1033.0,1033.0,1033.0,1033.0,100,103300.0,2
2026-02-25,INE027E07998,898LTF29,N7,1093.0,1093.0,1093.0,1093.0,1093.0,1086.58,1,1093.0,1
2026-02-25,INE027E07AL1,905LTF27,NF,1085.1,1090.0,1085.05,1090.0,1090.0,1099.0,41,44508.3,4
2026-02-25,INE0P1Q01015,SERVICE,ST,52.0,52.0,52.0,52.0,52.0,50.35,4000,208000.0,2
2026-02-25,INE782X01033,SERVOTECH,EQ,74.49,75.81,73.05,73.63,73.63,74.49,824552,61381948.52,4562
2026-02-25,INE04VU01023,STYL,EQ,240.1,242.98,239.0,239.94,239.9,240.1,39869,9574058.5,1501
2026-02-25,INE630A01024,SESHAPAPER,EQ,273.55,276.49,271.01,275.96,276.4,271.38,7473,2048321.2,483
2026-02-25,INE878E01021,SETCO,EQ,14.64,15.37,14.02,15.37,15.37,14.64,138723,2091037.59,431
2026-02-25,INE023M01027,SETUINFRA,BZ,0.43,0.43,0.4,0.42,0.42,0.42,79248,32439.4,40
2026-02-25,INE573R01012,SEYAIND,BE,13.29,13.29,12.67,13.07,12.86,13.33,11745,149266.83,94
2026-02-25,INE618R01015,SGFIN,EQ,395.0,404.7,388.0,394.05,393.0,394.85,141613,55806040.55,4052
2026-02-25,INE385F01024,SGMART,EQ,428.4,445.1,428.4,438.75,439.0,430.45,180201,79014977.7,6770
2026-02-25,INE12UN01015,SHADOWFAX,EQ,115.73,119.0,114.28,118.43,118.7,116.32,1406814,165106150.39,15007
2026-02-25,INE640C01011,SHAHALLOYS,EQ,65.03,68.1,64.12,65.89,68.1,66.74,28826,1890616.14,225
2026-02-25,INE482J01021,SHAH,EQ,4.79,4.87,4.74,4.81,4.8,4.77,2425263,11640133.66,559
2026-02-25,INE151G01028,SHAILY,EQ,1950.0,1979.0,1923.0,1941.5,1941.5,1945.5,150307,292053980.8,16921
2026-02-25,INE908D01010,SHAKTIPUMP,EQ,540.0,546.0,518.5,527.8,530.0,537.55,1146596,604314896.0,48015
2026-02-25,INE597J01018,SHALBY,EQ,152.45,159.49,152.11,157.59,157.7,151.9,147243,23079754.21,2124
2026-02-25,INE849C01026,SHALPAINTS,EQ,55.49,58.0,55.49,56.05,56.0,55.48,48845,2742314.2,986
2026-02-25,INE01NE01012,SRD,EQ,52.79,52.79,50.4,51.0,51.9,51.72,12631,650456.41,259
2026-02-25,INE274V01019,SHANKARA,EQ,99.97,113.75,98.25,110.43,111.25,99.97,1049416,114588606.88,10394
2026-02-25,INE24OJ01011,BUILDPRO,EQ,958.75,1044.0,952.05,1029.6,1039.0,948.45,94357,95557815.85,4867
2026-02-25,INE0Q9Q01017,SHANTHALA,SM,32.45,32.45,32.45,32.45,32.45,32.3,1200,38940.0,1
2026-02-25,INE631A01022,SHANTIGEAR,EQ,451.7,451.7,449.5,450.6,450.8,450.7,11197,5039996.4,304
2026-02-25,INE06ZD01017,SHANTIGOLD,EQ,215.45,217.19,208.65,209.73,210.5,215.45,239046,50865185.49,4007
2026-02-25,INE933X01016,SHANTI,EQ,7.14,7.14,6.83,6.9,6.95,7.04,32054,222458.54,133
2026-02-25,INE221J01015,SHARDACROP,EQ,1162.8,1206.0,1150.0,1189.0,1179.7,1162.8,220424,260798782.6,21178
2026-02-25,INE597I01028,SHARDAMOTR,EQ,968.0,970.0,947.3,957.55,958.9,951.0,24713,23665931.75,2972
2026-02-25,INE932X01026,SHAREINDIA,EQ,135.44,135.44,129.7,130.14,130.0,133.96,429996,56661919.88,4691
2026-02-25,INE460Q01014,SCML,SM,128.15,137.5,128.0,132.3,137.0,130.0,42000,5536350.0,26
2026-02-25,INE0YJV01017,SHEEL,SM,64.65,64.65,59.6,60.25,60.25,59.8,42000,2570400.0,20
2026-02-25,INE916U01025,SFL,EQ,555.0,560.8,547.65,552.95,551.3,555.85,46852,25916286.4,3410
2026-02-25,INE501Y01019,SCPL,BE,310.0,327.0,310.0,324.0,324.0,312.0,5363,1728376.25,108
2026-02-25,INE04VX01019,SHEETAL,ST,245.9,245.9,244.8,244.8,244.8,246.0,5000,1225200.0,5
2026-02-25,INE268L01046,SHEKHAWATI,EQ,13.3,13.3,12.26,12.43,12.78,12.52,23308,292542.79,205
2026-02-25,INE363M01019,SHEMAROO,EQ,99.99,105.01,97.2,103.48,102.14,97.25,30838,3163430.06,334
2026-02-25,INE0MM001019,SHERA,SM,121.5,121.5,119.0,119.0,119.0,122.2,16000,1919050.0,14
2026-02-25,INE03KJ01013,SHIGAN,ST,58.15,61.0,58.15,58.3,58.3,61.15,13500,799200.0,9
2026-02-25,INE024F01011,SHILCTECH,EQ,3840.0,3840.0,3689.4,3765.4,3750.0,3765.1,19014,71476525.0,4848
2026-02-25,INE790G01031,SHILPAMED,EQ,328.0,332.0,322.5,327.45,328.0,320.55,194423,63533760.7,11153
2026-02-25,INE0PB301013,SCILAL,EQ,44.92,46.99,44.92,45.36,45.3,44.92,1068640,49133549.78,2926
2026-02-25,INE109A01011,SCI,EQ,261.5,267.95,261.19,265.32,265.3,259.9,3488898,925591737.91,34487
2026-02-25,INE719F01016,SHIVAUM,EQ,276.0,276.0,275.0,275.0,275.0,275.0,30,8263.0,5
2026-02-25,INE644Y01017,SHIVAMILLS,EQ,56.97,56.97,54.0,54.0,54.01,54.41,112,6344.58,17
2026-02-25,INE705C01020,SHIVATEX,EQ,166.4,166.4,158.0,160.42,160.5,158.89,1186,190119.2,62
2026-02-25,INE0T7B01010,SPCL,SM,82.4,83.45,79.0,79.65,79.6,82.5,15600,1266390.0,26
2026-02-25,INE386D01027,SBCL,EQ,481.85,481.85,458.0,459.8,461.0,478.05,74131,34666994.25,5196
2026-02-25,INE788J01021,SHIVALIK,EQ,286.8,286.8,271.7,273.35,272.4,282.4,51973,14321038.0,1565
2026-02-25,INE637H01024,SHIVAMAUTO,EQ,21.0,21.1,19.85,20.0,20.21,19.92,40093,812044.55,207
2026-02-25,INE1DLF01018,SHIVASHRIT,SM,127.0,132.0,122.15,129.95,132.0,127.0,38000,4857150.0,32
2026-02-25,INE498B01024,SHOPERSTOP,EQ,315.0,323.35,309.1,320.15,318.6,315.9,116535,36757902.55,7405
2026-02-25,INE715Y01031,SHRADHA,EQ,37.25,39.9,37.25,38.33,38.33,38.69,11497,441795.41,81
2026-02-25,INE712K01011,SHREEPUSHK,EQ,312.0,317.0,307.1,314.4,317.0,307.0,37412,11649497.2,1183
2026-02-25,INE070A01015,SHREECEM,EQ,26400.0,26980.0,26400.0,26865.0,26950.0,26525.0,16889,452327290.0,7790
2026-02-25,INE232A01011,SHREDIGCEM,EQ,72.4,72.64,71.0,71.92,71.2,71.78,144302,10344016.12,1346
2026-02-25,INE0S4Y01010,SHREEKARNI,SM,434.95,434.95,434.95,434.95,434.95,439.9,150,65242.5,1
2026-02-25,INE02S501018,SHREEOSFM,SM,78.35,78.35,78.1,78.1,78.1,80.4,2000,156450.0,2
2026-02-25,INE879A01019,SHREERAMA,EQ,56.8,56.9,55.06,55.33,55.6,55.6,82754,4608235.84,9682
2026-02-25,INE278B01020,RAMANEWS,EQ,36.7,40.38,35.5,37.16,37.01,34.5,747491,28800329.46,4654
2026-02-25,INE087H01022,RENUKA,EQ,23.2,23.5,23.05,23.16,23.09,23.23,2189590,50862880.37,5857
2026-02-25,INE0S2G01011,BALAJEE,EQ,32.8,32.8,29.7,29.96,29.99,30.82,114325,3453229.18,1260
2026-02-25,INE00CE01017,SVLL,EQ,538.55,553.0,537.55,543.0,549.9,553.0,139,75617.95,22
2026-02-25,INE1FL101016,SHETHJI,SM,116.0,116.8,116.0,116.75,116.75,116.9,25000,2912200.0,15
2026-02-25,INE1B6101010,SHREEJISPG,EQ,404.0,409.9,400.0,401.9,404.35,400.1,285686,115686916.65,2926
2026-02-25,INE00IK01029,OSWALSEEDS,EQ,12.83,12.98,12.35,12.7,12.75,12.83,23208,293653.91,153
2026-02-25,INE0GTI23014,SHREMINVIT,IV,100.0,100.0,99.1,99.1,99.1,101.0,125000,12432500.0,4
2026-02-25,INE632X01030,SHRENIK,BZ,0.4,0.4,0.39,0.4,0.4,0.39,356419,141811.87,187
2026-02-25,INE231C01019,SHREYANIND,EQ,152.8,152.8,150.0,150.57,150.53,150.7,5601,844315.2,171
2026-02-25,INE0DM401012,SHRIAHIMSA,SM,228.95,235.0,223.1,225.0,223.1,229.0,37800,8598900.0,51
2026-02-25,INE0NON01025,SHKSIL,SM,43.4,43.4,43.4,43.4,43.4,43.35,4000,173600.0,2
2026-02-25,INE1V4601019,SHRIKANHA,SM,24.1,24.3,23.1,24.25,24.3,23.1,68800,1655360.0,17
2026-02-25,INE1B3L01017,SHRINGARMS,EQ,246.5,254.44,245.52,249.12,247.01,245.43,1469248,368167639.64,9023
2026-02-25,INF680P01422,LIQUIDSHRI,EQ,1093.45,1093.47,1093.45,1093.45,1093.45,1093.34,2168,2370610.89,23
2026-02-25,INE721A01047,SHRIRAMFIN,EQ,1065.0,1095.0,1055.8,1085.9,1085.0,1061.7,3115583,3366894181.4,70901
2026-02-25,INE526E01018,SHRIPISTON,EQ,3218.0,3230.0,3135.3,3166.2,3154.9,3183.6,108471,345240705.8,15951
2026-02-25,INE217L01019,SHRIRAMPPS,EQ,80.96,81.17,78.14,78.94,79.0,79.67,202195,16057916.02,2186
2026-02-25,INE0UL701015,SHUBHSHREE,SM,312.15,312.15,310.05,310.05,310.05,310.05,4800,1490070.0,15
2026-02-25,INE979R01011,SHYAMCENT,EQ,5.2,5.39,5.04,5.11,5.1,5.2,195273,1001468.91,234
2026-02-25,INE1CRP01016,SHYAMDHANI,SM,80.05,80.05,76.65,78.5,78.5,80.95,22000,1729200.0,11
2026-02-25,INE810G01011,SHYAMMETL,EQ,837.0,864.2,829.0,861.6,853.1,830.9,148294,126751336.65,9051
2026-02-25,INE635A01023,SHYAMTEL,EQ,10.16,10.94,9.56,10.31,10.49,10.11,8188,84112.38,72
2026-02-25,INE075B01020,SICALLOG,BE,66.02,67.85,64.25,65.63,65.02,66.02,7994,526393.94,89
2026-02-25,INE0SVO01019,SIDDHICOTS,ST,29.9,29.9,29.5,29.5,29.5,28.5,6000,178920.0,4
2026-02-25,INE1NPP01017,ENRIN,EQ,2920.0,3011.0,2885.0,2997.8,2991.2,2906.8,695808,2065397580.2,53284
2026-02-25,INE003A01024,SIEMENS,EQ,3376.9,3396.0,3304.0,3350.8,3343.9,3365.6,386158,1295362789.6,32161
2026-02-25,INE0D0K01022,SIGACHI,EQ,20.92,21.16,19.86,20.21,20.29,20.72,6218564,126422403.26,12268
2026-02-25,INE933B01012,SIGMAADV,EQ,167.0,170.0,162.5,166.25,165.01,165.66,145305,24072224.84,2037
2026-02-25,INE0A0S01028,SIGMA,EQ,37.16,39.99,37.16,37.56,37.79,37.95,69709,2663883.74,1477
2026-02-25,INE903U01023,SIGNATURE,EQ,925.0,954.0,925.0,947.55,945.1,931.1,317277,298284291.3,10239
2026-02-25,INE529F01035,SIGIND,EQ,45.22,47.88,45.22,45.64,46.0,45.04,28741,1328167.69,389
2026-02-25,INE0KGZ01021,SIGNPOST,EQ,246.3,251.0,244.72,249.84,250.9,242.54,104256,25976032.43,1754
2026-02-25,INE112X01025,SIKKO,EQ,4.83,4.83,4.55,4.62,4.68,4.71,591077,2773004.01,752
2026-02-25,INE923A01015,SILINV,EQ,433.25,439.85,421.0,428.05,426.0,433.05,1404,605471.15,131
2026-02-25,INE01II01013,SILGO,EQ,72.2,75.0,72.2,74.01,75.0,74.35,16253,1202814.07,295
2026-02-25,IN901II01012,SILGOPP,E1,30.01,30.01,28.7,30.0,30.0,30.15,1864,55497.3,18
2026-02-25,INE0STN01015,SILKFLEX,SM,126.0,126.75,126.0,126.75,126.75,120.75,30000,3799800.0,14
2026-02-25,INE0SN801015,SILKY,SM,142.0,142.0,142.0,142.0,142.0,147.0,800,113600.0,1
2026-02-25,INE203Y01012,SILLYMONKS,EQ,17.8,18.9,17.5,18.19,18.19,18.16,3803,69019.65,56
2026-02-25,INE625X01018,SILVERTUC,EQ,1423.3,1489.0,1410.3,1432.9,1430.0,1430.2,71255,103427872.1,7036
2026-02-25,INE748T01016,SIMBHALS,BZ,8.5,8.89,8.36,8.65,8.65,8.6,8218,70663.08,49
2026-02-25,INE059B01024,SIMPLEXINF,EQ,200.31,211.89,199.76,209.15,203.0,200.31,434085,87566470.65,2411
2026-02-25,INE985A01022,SINCLAIR,EQ,73.65,74.58,72.38,73.95,73.75,74.71,42242,3111526.81,549
2026-02-25,INE325D01025,SINDHUTRAD,EQ,25.2,25.82,25.2,25.5,25.5,25.54,348605,8898021.29,549
2026-02-25,INE129Z01016,SINTERCOM,EQ,80.31,80.31,80.09,80.1,80.1,80.26,225,18064.35,6
2026-02-25,INE792Z01011,SIRCA,EQ,464.5,465.9,457.2,459.35,457.25,464.3,138999,64123458.7,1623
2026-02-25,INE285J01028,SIS,EQ,294.35,297.45,290.65,293.15,292.95,294.05,87506,25680219.25,5607
2026-02-25,INE965H01011,SITINET,BZ,0.36,0.37,0.36,0.36,0.36,0.37,365337,131636.4,242
2026-02-25,INE076B01028,SIYSIL,EQ,538.0,546.2,530.6,535.2,533.85,539.95,42354,22715252.0,2545
2026-02-25,INE284S01014,SJS,EQ,1846.0,1858.5,1825.1,1845.6,1842.8,1846.0,55146,101796179.2,9214
2026-02-25,INE002L01015,SJVN,EQ,74.5,75.85,74.5,75.16,74.66,74.19,4181386,314344536.32,24188
2026-02-25,INE2J8701016,SKFINDUS,EQ,2511.9,2587.9,2511.9,2541.3,2557.0,2533.9,24306,61922755.9,7060
2026-02-25,INE640A01023,SKFINDIA,EQ,1890.0,1897.7,1809.9,1820.2,1837.0,1898.9,74674,138087968.1,13397
2026-02-25,INE439E01022,SKIPPER,EQ,371.0,376.2,362.9,366.15,366.8,370.95,134277,49446952.3,3892
2026-02-25,INE411D01023,SKMEGGPROD,EQ,172.63,173.47,166.13,168.4,170.25,170.28,145375,24592854.46,2495
2026-02-25,INE0KZA01016,SKP,SM,164.0,164.0,160.05,162.85,164.0,167.0,4000,647275.0,8
2026-02-25,INE01IU01018,SKYGOLD,EQ,364.85,369.2,359.0,362.0,362.5,362.25,372069,135423293.25,8063
2026-02-25,INE14GK01016,SMARTEN,SM,57.95,59.0,57.95,58.0,58.0,56.6,7200,418680.0,6
2026-02-25,INE178C01020,SMARTLINK,EQ,123.03,126.87,123.03,123.13,123.15,124.74,1836,228226.73,93
2026-02-25,INE0NAZ01010,SMARTWORKS,EQ,431.05,432.4,409.55,416.05,414.0,428.95,113850,47643801.25,2469
2026-02-25,INE05NX24023,8SMC29,N1,515.0,515.0,500.5,511.0,511.0,515.0,280,141837.5,16
2026-02-25,INE05NX24031,8SMC30,N2,500.4,500.4,500.4,500.4,500.4,508.1,12,6004.8,1
2026-02-25,INE103C01036,SMCGLOBAL,EQ,79.11,80.54,78.41,79.0,78.99,78.72,307057,24294156.06,3189
2026-02-25,INE294B01019,SMLMAH,EQ,5143.8,5145.0,4850.0,4918.2,4934.0,5043.8,102476,511614726.7,12791
2026-02-25,INE812G01025,SMSPHARMA,EQ,381.9,385.85,376.55,380.9,382.8,380.8,213591,81415784.35,5127
2026-02-25,INE1OIC01018,SNEHAA,SM,47.05,48.0,40.5,43.85,40.5,46.05,10000,459500.0,8
2026-02-25,INE734N01019,SNOWMAN,EQ,39.83,40.0,39.13,39.32,39.19,39.35,155560,6126012.22,1121
2026-02-25,INE671H01015,SOBHA,EQ,1462.4,1474.9,1428.9,1455.7,1443.0,1455.6,144930,210437908.2,11822
2026-02-25,INE728Z01015,SOFTTECH,EQ,283.85,289.9,281.0,281.05,281.05,284.75,1948,553429.9,72
2026-02-25,INE343H01029,SOLARINDS,EQ,13377.0,13507.0,13276.0,13459.0,13450.0,13279.0,68997,926466982.0,13198
2026-02-25,INE624Z01016,SOLARA,EQ,476.0,482.5,462.8,472.7,476.0,473.15,65419,30840844.6,2915
2026-02-25,IN9624Z01022,SOLARAPP1,E1,318.0,318.05,309.0,310.0,310.0,317.0,2101,653291.55,37
2026-02-25,INE0TY101024,SOLARWORLD,EQ,202.55,203.95,198.2,199.33,199.97,199.95,123128,24707514.95,6297
2026-02-25,INE880Y01017,SOLEX,EQ,957.3,957.35,870.0,883.15,884.0,957.3,105621,94608211.7,6277
2026-02-25,INE0U0201016,BALCO,SM,19.0,19.0,18.05,18.05,18.05,19.0,37200,675720.0,29
2026-02-25,INE480C01038,SDBL,EQ,80.0,80.88,78.51,79.46,79.65,79.85,945853,75278203.83,8591
2026-02-25,INE314C01013,SOMATEX,BE,115.35,115.35,115.35,115.35,115.35,117.7,1694,195402.9,20
2026-02-25,INE355A01028,SOMANYCERA,EQ,392.35,401.0,392.35,398.55,396.55,392.35,20497,8128726.95,1512
2026-02-25,INE323J01019,SOMICONVEY,EQ,107.76,107.76,105.37,106.96,106.97,105.99,1877,200137.2,77
2026-02-25,INE073K01018,SONACOMS,EQ,530.2,543.3,529.05,542.0,542.5,529.45,1312350,706505251.3,24375
2026-02-25,INE0Q6H01012,SONAMAC,SM,37.6,38.2,37.5,37.5,37.5,38.05,10000,376150.0,10
2026-02-25,INE00LM01029,SONAMLTD,EQ,49.58,49.58,47.51,47.92,48.09,48.24,26170,1258197.88,332
2026-02-25,INE269A01021,SONATSOFTW,EQ,272.95,278.0,271.05,272.6,272.25,270.15,454794,124773233.15,16932
2026-02-25,INE0JZA01018,SONUINFRA,SM,70.0,72.0,69.35,72.0,72.0,73.0,7500,525300.0,5
2026-02-25,INE0O2D01012,SOTAC,SM,111.0,111.0,111.0,111.0,111.0,115.0,1200,133200.0,1
2026-02-25,INE980Y01015,SOUTHWEST,BE,181.4,186.29,180.5,182.12,183.3,184.14,33730,6189892.65,322
2026-02-25,INE0JW501011,SPRL,SM,106.7,106.7,106.45,106.45,106.45,101.65,3200,341040.0,3
2026-02-25,INE970N01027,SPCENET,EQ,5.19,5.26,5.06,5.11,5.11,5.19,630935,3267316.62,1134
2026-02-25,IN9572J01019,SSFLPP,E1,122.6,128.95,122.5,124.1,128.95,124.9,880,109121.9,53
2026-02-25,INE572J01011,SPANDANA,EQ,249.0,255.0,249.0,253.0,250.5,249.95,99732,25138757.7,2250
2026-02-25,INE247M01014,SPECIALITY,EQ,100.78,102.25,100.11,101.73,101.51,100.78,34216,3466366.9,551
2026-02-25,INE01EO01010,SPECTRUM,EQ,1389.9,1428.0,1380.0,1413.1,1415.0,1395.4,5760,8106602.8,659
2026-02-25,INE0OL001018,SPECTSTM,SM,70.0,74.0,70.0,74.0,74.0,76.5,3200,230400.0,4
2026-02-25,INE020801028,SPENCERS,EQ,33.98,33.98,33.05,33.45,33.65,33.13,35502,1188011.64,324
2026-02-25,INE147A01011,SPIC,EQ,69.2,70.2,68.91,69.39,69.3,69.36,370002,25649979.98,2234
2026-02-25,INE978G01016,SPLIL,EQ,29.53,30.5,29.5,29.5,29.5,29.6,2374,70848.58,50
2026-02-25,INE937A01023,SPMLINFRA,EQ,172.7,175.13,169.44,171.46,171.69,172.56,84858,14593296.0,1770
2026-02-25,INE885H01029,SPORTKING,EQ,115.4,117.0,114.43,116.15,117.0,114.22,120002,13840812.27,1156
2026-02-25,INE0QR801013,SPPPOLY,SM,14.7,14.7,14.45,14.6,14.45,15.05,8000,116900.0,4
2026-02-25,INE19QH01010,SPUNWEB,SM,112.0,122.05,112.0,122.05,122.05,115.0,52800,6415740.0,8
2026-02-25,INE917H01012,SRHHYPOLTD,EQ,474.75,494.0,473.85,481.7,494.0,471.4,6228,2981471.15,344
2026-02-25,INE099F01013,SREEL,EQ,201.99,204.0,200.16,202.8,202.06,200.41,4093,830214.82,135
2026-02-25,INE647A01010,SRF,EQ,2594.1,2619.3,2571.5,2614.9,2613.0,2583.6,377432,980113828.2,22263
2026-02-25,INE559N01010,SRGHFL,EQ,278.0,278.0,270.2,270.25,270.2,273.55,131,35857.35,10
2026-02-25,INE293B01029,HAVISHA,EQ,1.56,1.65,1.5,1.51,1.5,1.65,79849,123707.22,259
2026-02-25,INE0V9Q01010,LOTUSDEV,EQ,141.55,144.58,139.35,142.22,142.7,141.05,1235864,175550061.56,9213
2026-02-25,INE0ON201012,SSFL,SM,142.0,142.0,139.4,140.0,140.0,140.35,7000,982600.0,14
2026-02-25,INE0NPI01014,SRIVASAVI,SM,51.8,51.8,51.8,51.8,51.8,50.9,1000,51800.0,1
2026-02-25,INE0R6Z01013,SRM,EQ,424.85,431.7,407.25,411.15,409.7,420.35,51135,21186862.55,2538
2026-02-25,INE0RYC01010,STALLION,EQ,121.0,128.49,120.01,128.38,127.0,122.38,1727751,218034211.68,6724
2026-02-25,INE0M4D01010,SETL,EQ,124.04,126.53,121.26,122.43,122.81,124.05,110372,13623783.81,1860
2026-02-25,INE173A01025,SIL,EQ,16.48,16.65,14.52,15.25,15.28,16.32,116178,1772880.17,1060
2026-02-25,INE01A001028,STANLEY,EQ,171.0,171.0,162.51,163.54,163.0,167.74,244991,40448390.41,3821
2026-02-25,INE460H01021,STARCEMENT,EQ,218.15,218.6,215.51,217.36,217.9,217.6,208226,45142692.55,8535
2026-02-25,INE575P01011,STARHEALTH,EQ,463.95,486.45,460.05,467.85,468.1,455.65,3009791,1420502535.65,60816
2026-02-25,INE733A01018,STARPAPER,EQ,142.56,145.01,142.01,143.81,144.9,142.56,12265,1761914.45,430
2026-02-25,INE992I01013,STARTECK,EQ,273.05,273.05,268.6,268.9,270.0,268.75,8855,2393875.65,223
2026-02-25,INE062A01020,SBIN,EQ,1228.1,1228.1,1197.5,1200.1,1199.3,1223.3,19581100,23605463052.3,257788
2026-02-25,INE114A01011,SAIL,EQ,161.55,167.2,160.85,164.93,164.75,160.18,64790496,10698460855.96,137930
2026-02-25,INE395H01011,STEELCITY,EQ,86.35,87.9,85.4,85.67,85.4,88.23,4557,394643.25,224
2026-02-25,INE503B01021,STEELXIND,EQ,7.69,7.98,7.69,7.85,7.9,7.69,1103139,8617713.84,1676
2026-02-25,INE802C01033,SSWL,EQ,213.03,216.84,211.02,215.21,215.0,213.57,106406,22771577.55,2643
2026-02-25,INE124E01038,STEELCAS,EQ,241.55,241.55,231.84,233.61,233.0,238.84,47756,11328438.95,1514
2026-02-25,INE577L01016,STEL,EQ,494.0,494.0,478.65,489.5,490.0,488.45,5720,2777977.35,545
2026-02-25,INE334A01023,STERTOOLS,EQ,226.15,229.7,224.0,225.55,225.0,228.15,24784,5621781.55,908
2026-02-25,INE089C01029,STLTECH,EQ,166.75,171.48,165.25,166.29,166.0,165.11,5623736,944587252.93,60986
2026-02-25,INE353H01010,SGL,EQ,12.13,12.74,12.06,12.17,12.06,12.33,4516,54963.15,57
2026-02-25,INE1VXE01018,STLNETWORK,EQ,20.98,21.23,20.55,20.62,20.68,20.74,1042208,21716318.77,1668
2026-02-25,INE00IN01015,STOVEKRAFT,EQ,484.95,503.45,484.95,489.7,486.9,483.45,55293,27476419.45,1922
2026-02-25,INE939A01011,STAR,EQ,868.0,873.05,859.65,863.6,860.15,861.0,85803,74277025.65,6477
2026-02-25,INE00M201021,SWSOLAR,EQ,205.1,206.64,199.7,201.8,202.49,204.51,1227365,249105671.29,12492
2026-02-25,INE00Q601028,STUDDS,EQ,523.85,523.85,516.05,520.15,520.05,520.35,17476,9076599.5,1758
2026-02-25,INE17VO01028,STUDIOLSD,SM,10.3,10.45,10.15,10.35,10.35,10.35,60000,620600.0,28
2026-02-25,INE239C01020,STYLAMIND,EQ,2232.0,2232.0,2210.0,2214.1,2220.0,2216.1,29442,65212223.6,2343
2026-02-25,INE189B01011,STYRENIX,EQ,1911.0,1933.1,1906.8,1919.9,1915.0,1915.8,10662,20420693.0,1690
2026-02-25,INE0RYR01018,SUBAHOTELS,SM,128.05,137.7,128.05,134.2,133.8,128.25,64800,8648460.0,53
2026-02-25,INE754A01055,SUBEXLTD,EQ,9.72,9.87,9.26,9.39,9.3,9.71,1960499,18658629.11,3022
2026-02-25,INE287B01021,SUBROS,EQ,799.4,813.0,795.9,799.25,799.5,799.4,29925,23998834.0,2441
2026-02-25,INE659A01023,SUDARSCHEM,EQ,890.0,913.7,886.25,889.65,887.0,887.6,20027,17814429.75,1677
2026-02-25,INE492A01029,SUDARCOLOR,EQ,350.5,354.9,345.8,352.55,350.1,347.4,7292,2562799.5,240
2026-02-25,INE0QPI01025,SUDEEPPHRM,EQ,640.1,653.95,635.55,648.5,649.0,644.2,45577,29439149.8,2527
2026-02-25,INE450E01029,SUKHJITS,EQ,181.6,187.98,179.44,185.99,187.0,181.22,36188,6654477.97,862
2026-02-25,INE142Q01026,SULA,EQ,173.5,173.62,171.0,171.42,171.4,172.39,165744,28466115.78,4202
2026-02-25,INE235C01036,SUMEETINDS,EQ,21.64,24.42,21.64,24.42,24.42,22.2,126339,2974984.38,419
2026-02-25,INE748Z01013,SUMIT,EQ,44.8,44.8,36.5,38.22,38.0,41.16,237070,9376899.85,1848
2026-02-25,INE258G01013,SUMICHEM,EQ,404.85,407.45,396.0,400.5,403.85,404.85,242952,97187097.8,11374
2026-02-25,INE519C01017,SUMMITSEC,EQ,1678.0,1720.4,1677.5,1689.5,1685.0,1683.9,1982,3364801.5,423
2026-02-25,INE232I01014,SPARC,EQ,127.5,132.2,126.3,130.92,129.38,127.5,619179,79931868.78,7290
2026-02-25,INE044A01036,SUNPHARMA,EQ,1742.0,1770.4,1733.4,1764.2,1763.3,1731.8,1200997,2113970010.5,94816
2026-02-25,INE424H01027,SUNTV,EQ,594.0,609.0,591.15,603.85,601.2,588.65,284335,169877962.8,11410
2026-02-25,INE073D01013,SUNDRMBRAK,EQ,679.0,679.0,652.0,657.65,658.0,671.05,777,515202.5,62
2026-02-25,INE0Q3R01026,SUNCLAY,EQ,1359.7,1366.8,1341.1,1353.2,1360.0,1352.4,4207,5693777.6,658
2026-02-25,INE660A01013,SUNDARMFIN,EQ,5401.0,5555.0,5320.0,5496.0,5553.0,5467.0,85758,465376640.5,21580
2026-02-25,INE108E01023,SUNDARAM,EQ,1.57,1.6,1.53,1.55,1.57,1.55,172236,269531.27,411
2026-02-25,INE387A01021,SUNDRMFAST,EQ,926.95,936.5,908.55,910.4,910.0,923.05,39516,36137468.55,3756
2026-02-25,INE0CTB01014,SOCL,SM,27.0,27.1,24.6,24.6,24.6,25.85,81600,2053280.0,43
2026-02-25,INE209A01019,SUNDROP,EQ,655.2,658.05,647.25,650.75,648.0,655.2,8790,5731319.5,658
2026-02-25,INE947A01014,SUNFLAG,EQ,239.98,251.77,239.98,249.88,249.63,238.82,229984,57176220.76,3247
2026-02-25,INE0O3O01017,SEL,SM,182.55,182.55,182.0,182.0,182.0,190.0,600,109310.0,3
2026-02-25,INE0U2N01013,SUNLITE,ST,339.45,343.0,335.0,339.95,339.95,332.55,7800,2634660.0,13
2026-02-25,INE0SGZ01016,SUNTECH,SM,38.0,38.0,38.0,38.0,38.0,37.7,116800,4438400.0,2
2026-02-25,INE805D01034,SUNTECK,EQ,401.25,409.5,401.25,407.95,407.0,401.25,78690,31882767.3,4659
2026-02-25,INE662A01027,SUPERSPIN,EQ,6.66,6.84,6.16,6.26,6.2,6.66,35138,222677.53,149
2026-02-25,INE712B01010,SUPERHOUSE,EQ,157.0,159.61,154.0,154.39,154.0,157.59,7269,1131545.3,341
2026-02-25,INE399C01030,SUPRAJIT,EQ,422.3,453.85,413.55,449.0,442.65,423.3,284082,124195677.9,18044
2026-02-25,INE319Z01021,SUPREMEENG,BZ,0.89,0.93,0.89,0.93,0.93,0.89,46912,43109.84,64
2026-02-25,INE0U6N01014,SFML,SM,26.5,26.5,26.5,26.5,26.5,26.65,1600,42400.0,1
2026-02-25,INE822E01011,SUPREME,EQ,55.58,57.11,55.33,56.11,56.9,55.55,6674,372828.19,175
2026-02-25,INE195A01028,SUPREMEIND,EQ,3995.1,4064.0,3978.2,4052.6,4054.0,3961.4,361416,1453358084.0,29416
2026-02-25,INE550H01011,SUPREMEINF,BZ,81.89,82.0,80.0,81.07,81.89,79.91,30695,2485425.5,88
2026-02-25,INE663A01033,SPLPETRO,EQ,642.55,656.1,641.0,646.65,648.5,649.55,23520,15253420.2,1849
2026-02-25,INE0QHG01026,SUPREMEPWR,SM,143.6,144.0,140.0,140.05,140.05,141.95,20000,2840550.0,32
2026-02-25,INE07RO01027,SUPRIYA,EQ,660.0,672.45,660.0,665.3,665.2,662.85,65817,43893886.75,4929
2026-02-25,INE843S01025,SURAJEST,EQ,213.45,218.95,207.0,216.47,218.95,211.76,228121,48302216.01,3294
2026-02-25,INE713C01016,SURAJLTD,EQ,228.98,232.45,225.4,231.54,232.45,228.98,231,53078.45,15
2026-02-25,INE877V01027,SURAKSHA,EQ,275.1,288.0,275.1,281.0,282.0,282.25,23131,6591721.2,746
2026-02-25,INE272L01022,SURANASOL,EQ,23.2,23.85,22.5,22.85,22.8,23.1,41196,946915.85,970
2026-02-25,INE130B01031,SURANAT&P,EQ,17.93,18.46,17.6,18.02,18.17,18.01,130400,2347518.6,1660
2026-02-25,INE05ST01028,SBGLP,EQ,29.5,30.34,29.05,29.68,30.33,29.47,9509,280105.4,196
2026-02-25,INE335A01020,SURYAROSNI,EQ,223.08,225.73,221.5,222.84,222.8,222.69,182453,40720024.03,4776
2026-02-25,INE713B01026,SURYALAXMI,EQ,61.0,61.0,57.05,58.21,57.8,60.69,2733,159281.22,62
2026-02-25,INE428Q01011,SURYODAY,EQ,116.99,120.24,116.19,117.08,117.4,116.44,616366,72670748.78,4577
2026-02-25,INE645H01027,SUTLEJTEX,EQ,32.94,32.94,31.44,31.48,31.9,31.34,24907,790204.77,173
2026-02-25,INE495B01038,SUVEN,EQ,150.5,152.6,148.94,149.76,150.24,148.96,112567,16905847.05,1928
2026-02-25,INE018401013,SUVIDHAA,EQ,2.99,3.5,2.95,3.0,3.0,3.01,215259,664977.27,357
2026-02-25,INE442P01014,SUYOG,EQ,664.7,675.95,650.0,656.1,657.8,662.75,28647,19001721.75,1135
2026-02-25,INE040H01021,SUZLON,EQ,44.34,44.74,42.6,43.18,43.23,44.13,75839738,3289204668.8,133474
2026-02-25,INE308E01029,SVPGLOB,BE,2.94,2.94,2.94,2.94,2.94,2.99,17008,50003.52,46
2026-02-25,INE665A01038,SWANCORP,EQ,386.6,390.2,369.0,373.7,371.2,385.75,1339423,510024492.25,31322
2026-02-25,INE277A01016,SWARAJENG,EQ,3540.0,3578.9,3532.0,3560.2,3560.0,3538.3,4023,14303667.6,812
2026-02-25,INE0GMR01016,SWARAJ,ST,310.0,310.0,303.0,304.5,304.5,309.35,24000,7342700.0,48
2026-02-25,INE0DGC01025,SWASTIK,SM,18.3,18.4,18.3,18.4,18.4,18.5,4800,87960.0,4
2026-02-25,INE409B01013,SWELECTES,EQ,527.3,537.0,520.0,523.95,530.0,528.35,10583,5578081.6,960
2026-02-25,INE00H001014,SWIGGY,EQ,316.05,317.6,304.0,307.4,307.5,314.0,10518650,3259020423.9,113096
2026-02-25,INE01IH01015,SYLVANPLY,SM,46.75,46.75,46.75,46.75,46.75,47.9,4000,187000.0,2
2026-02-25,INE225D01027,SYMPHONY,EQ,841.75,844.85,833.45,835.75,836.5,839.35,81930,68698526.9,8560
2026-02-25,INE312C01025,SYNCOMF,EQ,12.83,13.13,12.42,12.69,12.77,12.82,1814892,23335360.15,3964
2026-02-25,INE00QT01015,SGIL,EQ,519.95,522.4,515.0,515.65,515.0,519.95,12230,6314788.4,299
2026-02-25,INE398R01022,SYNGENE,EQ,437.15,440.6,430.65,433.6,433.7,437.1,1063281,461533448.85,20239
2026-02-25,INE0BTR01012,SYNOPTICS,SM,57.0,57.0,57.0,57.0,57.0,57.0,1200,68400.0,2
2026-02-25,INE0DYJ01015,SYRMA,EQ,832.0,855.0,827.2,833.9,837.0,826.95,847544,711953884.2,32518
2026-02-25,INE0O7R01011,SYSTANGO,ST,259.0,264.5,259.0,259.35,259.0,258.45,12400,3228460.0,25
2026-02-25,INE356B01024,SYSTMTXC,EQ,78.9,78.9,74.3,75.87,76.0,76.29,70429,5336958.51,524
2026-02-25,INE592B01024,TTL,BE,9.98,9.98,9.34,9.61,9.41,9.78,88568,856364.03,148
2026-02-25,INE0SOY01013,TAC,SM,446.0,470.0,372.6,413.65,410.0,443.35,344200,141910750.0,1311
2026-02-25,INE123C01018,TAINWALCHM,EQ,190.0,198.0,186.0,193.92,196.01,190.08,8733,1681169.65,298
2026-02-25,INE586B01026,TAJGVK,EQ,337.0,345.5,336.95,343.55,342.2,337.75,64041,21895058.3,2083
2026-02-25,INE142I01023,TAKE,BE,47.0,47.12,44.37,45.64,46.02,46.7,1284262,58283718.11,6030
2026-02-25,INE187D01029,TALBROAUTO,EQ,265.8,271.7,264.0,266.1,265.4,263.8,57530,15387420.45,1507
2026-02-25,INE668A01016,TMB,EQ,699.9,701.55,682.5,688.2,691.45,692.55,193351,133498493.95,8507
2026-02-25,INE107A01015,TNPL,EQ,136.12,137.8,135.01,135.43,135.82,136.16,43652,5925497.6,1079
2026-02-25,INE148A01019,TNPETRO,EQ,91.07,92.9,90.0,91.45,91.0,91.12,104302,9519973.11,1606
2026-02-25,INE141D01018,TNTELE,EQ,8.86,9.0,8.68,8.72,8.76,8.68,17932,157556.38,118
2026-02-25,INE0Z7N01017,TANKUP,ST,532.75,532.75,532.75,532.75,532.75,543.6,1500,799125.0,5
2026-02-25,INE483C01032,TANLA,EQ,450.0,454.45,441.0,442.5,442.5,446.55,300987,134431826.35,12634
2026-02-25,INE555Z01020,TARACHAND,EQ,63.42,63.96,61.33,61.81,61.95,63.36,65137,4042617.53,1415
2026-02-25,INE747K01017,TARAPUR,EQ,26.06,27.35,25.6,25.94,26.0,26.06,7571,197231.06,127
2026-02-25,INE0EK901012,TARC,EQ,151.49,153.24,150.12,150.99,150.55,150.99,172825,26222482.08,3120
2026-02-25,INE924H01018,TARMAT,EQ,55.79,56.48,53.54,54.08,54.0,53.94,28709,1598103.89,360
2026-02-25,INE144Z01023,TARSONS,EQ,185.0,194.0,184.3,193.22,193.03,185.49,655640,124046797.46,3473
2026-02-25,INE488B01017,TASTYBITE,EQ,7325.5,7421.5,7300.0,7327.0,7398.0,7325.5,547,4020915.0,279
2026-02-25,INE976I01016,TATACAP,EQ,337.5,341.4,333.15,334.85,334.5,337.45,1065257,358271416.55,29468
2026-02-25,INE092A01019,TATACHEM,EQ,710.5,723.55,705.6,719.35,720.7,710.0,544976,389214910.05,19451
2026-02-25,INE151A01013,TATACOMM,EQ,1630.8,1659.9,1583.6,1629.6,1648.0,1622.8,276162,443909220.8,34576
2026-02-25,INE467B01029,TCS,EQ,2596.0,2654.2,2595.0,2629.3,2629.0,2573.7,3621285,9531784527.2,170312
2026-02-25,INE192A01025,TATACONSUM,EQ,1183.1,1185.0,1161.0,1172.3,1174.5,1178.0,565726,662596432.6,40003
2026-02-25,INE670A01012,TATAELXSI,EQ,4524.5,4670.0,4524.0,4577.0,4580.5,4498.0,433884,1993696593.5,44572
2026-02-25,INE672A01026,TATAINVEST,EQ,667.05,675.2,656.25,658.95,656.95,666.2,635039,422526465.6,24469
2026-02-25,INE1TAE01010,TMCV,EQ,478.0,482.95,474.3,479.85,479.65,475.5,7335673,3508646650.05,103539
2026-02-25,INE155A01022,TMPV,EQ,378.0,385.6,376.1,381.85,381.75,377.55,7748663,2958231534.7,100090
2026-02-25,INE245A01021,TATAPOWER,EQ,380.0,383.65,376.5,381.25,380.4,379.75,3122278,1186217214.95,36413
2026-02-25,INE081A01020,TATASTEEL,EQ,210.1,216.45,209.4,214.64,214.22,209.13,48873839,10472763121.31,267230
2026-02-25,INE142M01025,TATATECH,EQ,573.0,584.65,573.0,577.75,576.25,572.15,891075,516339228.2,26938
2026-02-25,INE517B01013,TTML,EQ,42.56,42.67,41.6,41.94,41.88,42.33,915015,38469670.68,7893
2026-02-25,INF277K015R5,NETF,EQ,275.2,278.54,273.73,275.24,274.75,275.2,3675,1014314.22,179
2026-02-25,INF277K010X4,NPBET,EQ,300.56,300.85,298.61,299.0,298.66,299.39,658,197021.84,16
2026-02-25,INF277KA1364,TNIDETF,EQ,84.98,84.98,82.49,82.82,82.75,82.5,135085,11229443.98,1282
2026-02-25,INF277KA1976,TATAGOLD,EQ,15.47,15.48,15.34,15.41,15.42,15.36,72134734,1111423387.97,93668
2026-02-25,INF277KA1984,TATSILV,EQ,26.06,26.06,25.41,25.7,25.69,25.43,130643981,3359537220.84,114316
2026-02-25,INE0GK401011,TATVA,EQ,1228.6,1238.3,1214.0,1217.5,1215.1,1228.6,20031,24496087.6,2057
2026-02-25,INE0XWS01018,TAURIAN,SM,235.8,235.8,222.9,226.5,227.0,232.45,36800,8341960.0,41
2026-02-25,INE053F07835,753IRFC30,NJ,1104.57,1106.0,1104.05,1106.0,1106.0,1101.0,8619,9528532.26,24
2026-02-25,INE053F07900,764IRFC31,NO,1115.0,1115.0,1110.0,1111.23,1111.19,1115.5,1749,1943937.45,14
2026-02-25,INE906B07EP5,769NHAI31,NE,1118.0,1118.0,1116.09,1118.0,1118.0,1119.0,40,44695.99,9
2026-02-25,INE906B07EJ8,76NHAI31,,1150.0,1154.9,1150.0,1154.9,1154.9,1152.99,743,854533.9,13
2026-02-25,INE0N2D01013,TBI,SM,71.5,71.5,68.55,69.45,69.6,71.45,10800,758610.0,13
2026-02-25,INE673O01025,TBOTEK,EQ,1313.0,1322.9,1274.1,1285.4,1289.0,1309.4,167880,216820085.4,24633
2026-02-25,INE887D01016,TCC,EQ,526.4,526.4,456.05,466.25,463.0,438.7,422570,210080818.8,6021
2026-02-25,INE586V01016,TCIEXP,EQ,544.5,555.3,540.95,543.65,545.0,545.2,6577,3584555.3,515
2026-02-25,INE911B01018,TCIFINANCE,BE,14.58,15.27,14.58,15.27,15.27,14.55,50003,755909.47,176
2026-02-25,INE822C01015,TCPLPACK,EQ,2720.7,2799.8,2720.0,2760.9,2740.0,2718.1,1250,3434157.5,290
2026-02-25,INE419M01027,TDPOWERSYS,EQ,892.0,899.0,863.8,878.9,880.0,888.2,882288,776088602.95,33553
2026-02-25,INE289C01025,TEAMGTY,EQ,277.8,277.8,258.0,263.5,261.2,269.75,1806,492611.65,46
2026-02-25,INE985S01024,TEAMLEASE,EQ,1271.5,1272.5,1255.4,1267.5,1268.0,1259.5,16658,21096172.1,1283
2026-02-25,INE065J01024,TPHQ,EQ,0.57,0.59,0.57,0.58,0.58,0.57,1872917,1096075.03,522
2026-02-25,INE669C01036,TECHM,EQ,1355.1,1397.7,1351.4,1361.8,1356.0,1345.4,2683571,3677894121.8,79781
2026-02-25,INE0Y5H01014,TECHD,SM,402.65,410.0,386.0,400.55,400.0,402.65,54600,21905130.0,80
2026-02-25,INE0JQS01019,TECHERA,SM,189.55,198.2,180.65,184.1,183.5,189.55,57600,10821080.0,66
2026-02-25,INE285K01026,TECHNOE,EQ,1174.0,1190.0,1149.9,1159.2,1159.9,1169.45,170642,199456431.35,14442
2026-02-25,INE545H01011,TIIL,EQ,2399.8,2400.4,2277.0,2290.0,2285.0,2379.9,8032,18569950.6,1299
2026-02-25,INE014B01011,TECILCHEM,EQ,13.68,13.87,12.0,13.12,13.5,13.08,11527,151558.73,117
2026-02-25,INE0K6601012,TGL,ST,51.0,52.3,47.55,47.65,49.4,50.05,61200,3035310.0,148
2026-02-25,INE011K01018,TEGA,EQ,1776.1,1830.0,1776.1,1823.8,1822.0,1782.2,104517,189964410.0,10397
2026-02-25,INE010J01012,TEJASNET,EQ,318.55,321.75,314.0,317.8,319.95,317.0,604800,192144512.55,15706
2026-02-25,INE869Y01010,TEMBO,EQ,531.55,549.85,528.0,533.55,537.0,535.5,77296,41361883.85,2156
2026-02-25,INE19RI01016,TENNIND,EQ,571.6,595.0,568.15,589.4,590.5,565.6,963993,565752978.25,39961
2026-02-25,INE482B01010,TERASOFT,EQ,406.0,406.0,385.5,385.95,385.5,405.75,25798,10075084.4,849
2026-02-25,INE435C01024,TEXINFRA,EQ,94.78,97.5,94.78,95.88,96.0,94.51,88602,8548769.22,1319
2026-02-25,INE621L01012,TEXRAIL,EQ,107.8,108.33,104.81,106.08,105.9,106.7,1716773,182267021.79,15158
2026-02-25,INE141K01013,TEXMOPIPES,EQ,46.77,46.78,44.1,44.69,45.02,45.82,35011,1578083.79,448
2026-02-25,INE733E07JT8,737NTPC35C,,1190.0,1190.0,1190.0,1190.0,1190.0,1391.0,40,47600.0,1
2026-02-25,INE733E07JV4,753NTPC30E,NC,1100.01,1110.0,1100.01,1109.9,1109.99,1097.13,1609,1777656.12,13
2026-02-25,INE797H01018,TGBHOTELS,EQ,9.35,10.5,9.01,9.45,9.45,9.04,150881,1464363.65,543
2026-02-25,INE0QJL01014,TCL,SM,99.95,99.95,97.0,97.05,97.5,98.0,22400,2182280.0,23
2026-02-25,INE085J01014,THANGAMAYL,EQ,3778.3,3892.0,3735.1,3832.4,3838.7,3745.8,134309,513707074.8,17748
2026-02-25,INE294Z01018,ANUP,EQ,1650.0,1651.5,1570.1,1586.2,1580.0,1630.6,87811,139800763.7,13803
2026-02-25,INE319B01014,BYKE,EQ,47.96,47.96,42.11,43.42,43.11,46.4,107506,4793033.16,1881
2026-02-25,INE017A01032,GESHIP,EQ,1335.0,1375.0,1313.4,1346.8,1346.0,1323.2,559062,757112846.9,34877
2026-02-25,INE646C01018,GROBTEA,EQ,918.15,948.9,918.15,947.25,947.4,918.15,56,52495.95,30
2026-02-25,INE127B01011,HITECHGEAR,BE,636.9,639.8,625.0,630.0,631.85,629.95,1695,1070716.5,54
2026-02-25,INE383A01012,INDIACEM,EQ,429.75,429.75,419.75,422.45,420.75,425.75,163395,69242753.0,7932
2026-02-25,INE053A01029,INDHOTEL,EQ,678.0,682.9,671.25,676.7,676.5,676.15,1463623,991734289.45,27792
2026-02-25,INE924D01017,THEINVEST,EQ,101.4,101.4,95.0,97.05,97.6,100.31,20428,1990009.41,324
2026-02-25,INE470Y01017,NIACL,EQ,149.61,151.47,148.21,149.09,148.5,149.47,210654,31501162.84,5676
2026-02-25,INE431F01018,PKTEA,EQ,799.0,812.0,798.75,805.5,800.0,789.9,168,134442.4,35
2026-02-25,INE211B01039,PHOENIXLTD,EQ,1694.9,1727.4,1680.1,1694.0,1698.1,1692.6,410255,699090278.4,30363
2026-02-25,INE331A01037,RAMCOCEM,EQ,1147.0,1160.7,1140.2,1151.4,1151.4,1147.1,78302,90345679.2,8208
2026-02-25,INE301D01026,RUBYMILLS,EQ,192.4,193.0,188.25,189.83,190.04,190.93,7443,1416964.19,284
2026-02-25,INE683A01023,SOUTHBANK,EQ,41.29,41.44,40.79,40.95,40.98,41.16,11849546,486689455.28,24043
2026-02-25,INE655A01013,STCINDIA,EQ,117.5,118.58,115.5,116.06,115.52,116.56,23586,2768465.3,622
2026-02-25,INE071E01023,UGARSUGAR,EQ,35.74,36.36,35.5,35.74,35.6,35.58,75221,2700671.77,638
2026-02-25,INE215F01023,WIPL,EQ,151.81,153.0,150.0,152.69,153.0,152.91,2000,302624.62,35
2026-02-25,INE121N01019,THEJO,EQ,1678.0,1755.6,1678.0,1730.6,1724.1,1671.9,11827,20559255.1,1210
2026-02-25,INE083B01024,THEMISMED,EQ,85.5,87.56,81.5,82.5,82.7,85.61,68556,5733738.66,1124
2026-02-25,INE152A01029,THERMAX,EQ,3159.5,3218.0,3133.3,3186.6,3188.6,3148.2,153123,487777942.8,16998
2026-02-25,INE0SHE01019,THESL,SM,16.0,16.0,15.75,15.75,15.75,16.55,6000,95250.0,2
2026-02-25,INE338A01024,TIRUMALCHM,EQ,195.0,197.66,192.57,195.23,193.8,192.72,243614,47427119.35,4914
2026-02-25,INE332A01027,THOMASCOOK,EQ,107.63,107.9,101.81,103.77,103.7,107.13,1314253,136483058.83,17327
2026-02-25,INE480M01011,THOMASCOTT,EQ,318.0,320.0,313.05,315.0,314.3,313.85,7593,2400883.05,537
2026-02-25,INE594H01019,THYROCARE,EQ,405.95,408.4,396.95,403.3,402.5,399.95,166563,67257255.85,13867
2026-02-25,INE906O01029,TIGERLOGS,EQ,32.4,32.4,31.14,32.01,32.1,31.88,96344,3056938.43,820
2026-02-25,INE440L01017,TIJARIA,BE,4.54,4.54,4.32,4.45,4.53,4.54,92178,402273.09,148
2026-02-25,INE806C01018,TIL,EQ,229.9,229.9,206.0,208.78,208.5,227.41,136856,29399964.39,2715
2026-02-25,INE133E01013,TI,EQ,445.7,447.0,439.05,442.35,442.0,444.75,338248,149929871.9,12657
2026-02-25,INE508G01029,TIMETECHNO,EQ,189.24,190.95,186.46,189.01,188.91,188.87,2067694,390974872.87,16829
2026-02-25,INE325A01013,TIMKEN,EQ,3255.8,3350.0,3245.3,3330.6,3339.2,3254.9,56582,188096274.8,9599
2026-02-25,INE015C01016,TINNARUBR,EQ,725.1,726.3,712.0,714.45,715.55,725.1,11095,7956363.2,1273
2026-02-25,INE0LQS01015,TIPSFILMS,EQ,388.4,392.0,357.55,363.6,361.85,392.0,6331,2346651.1,549
2026-02-25,INE716B01029,TIPSMUSIC,EQ,562.7,564.5,550.8,556.05,551.2,561.1,37884,21121508.7,3629
2026-02-25,INE319Y01024,TIRUPATIFL,EQ,37.25,37.56,36.2,36.57,36.84,36.89,207837,7660136.36,1001
2026-02-25,INE615H01020,TITAGARH,EQ,735.0,738.5,714.0,718.9,717.0,733.9,365664,265826539.95,17252
2026-02-25,INE280A01028,TITAN,EQ,4304.0,4349.0,4289.8,4325.0,4332.9,4294.5,586295,2533976706.6,57827
2026-02-25,INE932C01012,TOKYOPLAST,EQ,88.32,88.32,81.61,83.9,83.01,87.89,7971,668101.39,369
2026-02-25,INE0RWQ01014,TOLINS,EQ,117.17,118.49,113.0,113.66,113.51,117.17,130429,14986862.78,2122
2026-02-25,INE685A01028,TORNTPHARM,EQ,4420.0,4443.5,4358.0,4418.9,4435.0,4397.9,359916,1589457092.1,47691
2026-02-25,INE813H01021,TORNTPOWER,EQ,1546.9,1569.1,1542.2,1565.7,1565.0,1541.8,499561,778825832.6,27871
2026-02-25,INE336X01012,TOTAL,EQ,64.0,65.5,64.0,65.13,65.0,65.5,3192,208460.98,42
2026-02-25,INE486Y01013,TOUCHWOOD,EQ,85.13,85.13,81.3,81.79,83.4,85.13,3264,274336.29,116
2026-02-25,INE305A01023,TFCILTD,EQ,78.74,78.9,74.62,75.04,74.92,78.02,7974532,610764084.45,15870
2026-02-25,INE413G01022,TPLPLASTEH,EQ,69.1,70.0,68.58,68.94,68.95,69.78,116030,8020412.07,1395
2026-02-25,INE0HMF01019,TRACXN,EQ,32.6,33.0,32.1,32.11,32.1,32.24,113370,3664760.08,943
2026-02-25,INE763I01026,TARIL,EQ,304.5,306.9,293.18,296.08,296.9,302.52,2611806,778913920.0,35927
2026-02-25,INE0O3901029,TREL,EQ,23.97,24.0,23.1,23.6,23.64,23.44,89028,2104188.86,459
2026-02-25,INE688A01022,TCI,EQ,1033.1,1052.7,1021.4,1038.3,1030.1,1030.1,23449,24379221.7,2753
2026-02-25,INE454P01035,TRANSRAILL,EQ,563.0,569.4,550.0,551.8,550.45,561.2,347225,193730751.55,12729
2026-02-25,INE0NVI01020,TRANSTEEL,SM,138.65,141.0,138.0,139.95,140.0,139.1,41000,5729500.0,29
2026-02-25,INE804H01012,TFL,EQ,13.5,14.97,12.66,14.53,14.11,12.98,578122,8290083.68,738
2026-02-25,INE757B01015,TRANSWORLD,EQ,145.0,148.7,139.0,140.85,140.25,142.88,51961,7431285.45,1096
2026-02-25,INE103V01028,TRAVELFOOD,EQ,1212.6,1239.0,1212.6,1231.1,1234.0,1229.9,21322,26167465.1,2857
2026-02-25,INE040M01013,TREEHOUSE,EQ,9.15,9.5,8.42,9.23,9.15,9.12,45284,404515.66,320
2026-02-25,INE00CA01015,TREJHARA,BE,203.99,203.99,196.0,196.98,197.9,196.94,8732,1725578.34,59
2026-02-25,INE849A01020,TRENT,EQ,3939.8,3964.5,3900.0,3922.0,3923.0,3931.3,395546,1554651840.9,41387
2026-02-25,INE391D01019,TRF,EQ,262.0,274.0,262.0,270.75,270.25,267.3,13787,3738396.7,470
2026-02-25,INE760L01018,TBZ,EQ,149.0,150.55,147.05,148.08,148.5,148.14,164504,24490635.71,3434
2026-02-25,INE064C01022,TRIDENT,EQ,25.85,26.16,25.41,25.98,26.06,25.87,6839114,175934150.46,18993
2026-02-25,INE0QD201012,TECHLABS,SM,174.95,176.95,172.0,176.95,176.95,168.55,10000,1764475.0,43
2026-02-25,INE948A01012,TRIGYN,EQ,53.9,55.87,50.85,51.46,51.23,52.74,73227,3882039.49,1051
2026-02-25,INE256C01024,TRIVENI,EQ,378.15,388.0,378.0,385.1,387.75,380.0,144255,55161052.85,5684
2026-02-25,INE152M01016,TRITURBINE,EQ,485.5,497.35,485.5,493.7,494.0,484.65,1048517,513731739.25,37461
2026-02-25,INE0SYV01018,TROM,SM,64.0,64.0,57.35,59.75,59.75,64.0,12000,723210.0,19
2026-02-25,INE0MWH01014,TRUALT,EQ,410.3,414.0,405.7,407.75,405.7,411.2,58538,23999035.15,2250
2026-02-25,INE615R01029,TRU,EQ,6.5,6.85,6.21,6.28,6.4,6.53,114064,739157.7,306
2026-02-25,INE0SWN01019,TRUST,SM,37.9,38.5,36.0,38.5,38.5,37.7,25800,945030.0,23
2026-02-25,INE202Z01029,TSFINV,EQ,407.35,422.05,405.1,411.35,412.0,402.5,109242,44952349.4,6253
2026-02-25,INE1C3207040,935TSI31,N0,105014.52,105014.52,105014.52,105014.52,105014.52,104963.29,6,630087.12,1
2026-02-25,INE1C3207081,935TSIIC28,N0,103093.5,103093.5,103093.5,103093.5,103093.5,103045.5,31,3195898.5,5
2026-02-25,INE1C3207024,935TSIIC33,N0,104095.13,104095.13,104095.12,104095.12,104095.12,103896.0,5,520475.62,2
2026-02-25,INE910C01018,TTKHLTCARE,EQ,921.0,933.0,905.0,915.25,922.0,916.25,4475,4106200.5,768
2026-02-25,INE690A01028,TTKPRESTIG,EQ,545.0,545.7,525.0,531.0,526.5,540.65,21733,11614546.25,3379
2026-02-25,INE974X01010,TIINDIA,EQ,2575.0,2625.0,2572.1,2618.7,2612.0,2562.7,460966,1202064199.1,28979
2026-02-25,INE0OXV01027,TUNWAL,SM,29.3,29.3,28.8,29.0,29.0,28.95,36000,1045300.0,12
2026-02-25,INE038F01029,TVTODAY,EQ,125.0,127.6,125.0,125.28,125.67,125.09,50584,6372123.66,768
2026-02-25,INE871L01013,TVVISION,BE,5.98,6.1,5.75,5.99,6.0,5.98,9928,58755.15,50
2026-02-25,INE236G01019,TVSELECT,BE,375.9,377.0,365.25,371.25,374.0,368.75,8180,3046061.75,300
2026-02-25,INE105A01035,TVSHLTD,EQ,14440.0,15602.0,14440.0,15151.0,15175.0,14325.0,47295,722529006.0,17580
2026-02-25,INE1JNC23012,TVSINVIT,IV,115.0,115.0,115.0,115.0,115.0,114.5,50000,5750000.0,2
2026-02-25,INE494B01023,TVSMOTOR,EQ,3812.1,3945.0,3800.2,3932.0,3939.5,3816.2,647290,2530645347.3,49235
2026-02-25,INE421C01016,TVSSRICHAK,EQ,4011.0,4085.8,3971.3,4020.9,4020.0,3998.8,2781,11246655.9,600
2026-02-25,INE395N01027,TVSSCS,BE,115.5,116.5,112.0,113.12,113.6,115.88,578531,66067933.55,3813
2026-02-25,INE388G01026,TICL,EQ,25.38,25.38,24.08,25.04,25.06,24.37,270433,6702209.65,1365
2026-02-25,INE152C01025,UYFINCORP,EQ,14.83,14.85,14.2,14.2,14.2,14.34,91850,1327375.67,246
2026-02-25,INE139B01016,UCAL,EQ,106.05,109.0,106.05,108.3,107.85,107.21,3536,381879.38,160
2026-02-25,INE583D07596,1050UCL28,NH,1009.9,1009.9,1005.0,1009.0,1009.0,1008.0,317,320041.95,15
2026-02-25,INE691A01018,UCOBANK,EQ,29.5,30.27,29.25,29.54,29.5,29.24,17790525,528292905.29,36387
2026-02-25,INE0N0Y01013,USK,EQ,29.5,29.95,29.03,29.77,29.95,28.24,154199,4542694.41,862
2026-02-25,INE516A01017,UFLEX,EQ,459.25,473.5,458.1,469.45,470.0,457.8,53596,24956070.65,1507
2026-02-25,INE527H01019,UFO,EQ,72.0,72.58,70.2,71.23,71.99,72.15,46908,3341647.22,792
2026-02-25,INE583D01011,UGROCAP,EQ,114.42,117.75,112.65,114.66,114.98,114.53,571671,65641376.97,6110
2026-02-25,INE899L01030,UEL,EQ,204.0,206.67,186.99,192.34,186.99,196.83,73538,14762433.42,2389
2026-02-25,INE551W01018,UJJIVANSFB,EQ,61.39,62.08,60.29,61.22,61.29,60.74,13573877,832158896.87,70765
2026-02-25,INE481G01011,ULTRACEMCO,EQ,12961.0,13061.0,12866.0,13041.0,13045.0,12960.0,201537,2614641400.0,35809
2026-02-25,INE067901012,UMA,SM,18.3,18.4,18.1,18.4,18.4,18.4,32000,583800.0,8
2026-02-25,INE0GIU01018,UMAEXPORTS,EQ,29.49,30.17,27.51,27.88,27.6,28.99,53457,1515282.64,765
2026-02-25,INE398B01018,UMIYA-MRO,EQ,86.79,87.8,84.23,86.49,87.0,85.39,4937,424615.54,139
2026-02-25,INE351A01035,UNICHEMLAB,EQ,352.15,361.7,352.15,356.05,356.7,354.65,12220,4360012.65,623
2026-02-25,INE00U401027,UNIECOM,EQ,108.51,110.46,105.73,107.14,107.59,107.81,711613,76770724.64,7479
2026-02-25,INE0PRF01011,UNIHEALTH,ST,335.0,336.0,317.0,318.85,322.0,333.3,17000,5545700.0,17
2026-02-25,INE481Z01011,UNIINFO,EQ,13.77,14.5,13.75,14.35,14.43,13.97,4789,68790.7,36
2026-02-25,INE0B2801011,UNILEX,SM,28.55,28.55,28.0,28.0,28.0,30.0,16000,449680.0,10
2026-02-25,INE0U3I01011,UNIMECH,EQ,898.95,898.95,875.05,884.2,885.4,883.95,23635,20849479.65,2214
2026-02-25,INE692A01016,UNIONBANK,EQ,201.3,202.54,196.62,199.3,199.0,200.62,20245353,4036850513.9,86052
2026-02-25,INF582M01KS4,UNIONGOLD,EQ,157.35,157.35,154.65,155.35,155.6,154.45,7532,1169714.0,145
2026-02-25,INE244O01017,UNIPARTS,EQ,479.1,480.0,471.75,473.45,479.1,471.75,22028,10437140.8,1198
2026-02-25,INE037A01022,UNIENTER,EQ,106.79,108.98,105.05,106.45,107.99,107.5,3947,423898.65,130
2026-02-25,INE694A01020,UNITECH,EQ,4.93,5.01,4.9,4.94,4.96,4.93,2576513,12723612.63,2494
2026-02-25,INE686F01025,UBL,EQ,1588.0,1598.7,1574.2,1587.4,1588.4,1599.4,238007,377771683.0,15243
2026-02-25,INE961D01019,UNIDT,EQ,177.4,177.7,170.1,170.47,170.4,174.81,18673,3223934.4,1056
2026-02-25,INE382M01027,UFBL,EQ,244.8,249.74,244.21,248.68,249.0,245.39,27887,6911147.06,765
2026-02-25,INE0SMR01011,UHTL,SM,50.0,50.5,49.3,50.5,50.5,50.0,10000,501600.0,5
2026-02-25,INE458F01011,UNITEDTEA,EQ,508.0,513.0,502.1,510.65,512.4,501.7,7223,3665316.3,429
2026-02-25,INE368U01029,UNITEDPOLY,EQ,20.6,22.38,20.6,22.38,22.38,21.32,35876,784767.55,161
2026-02-25,INE854D01024,UNITDSPR,EQ,1424.0,1427.3,1406.5,1412.5,1411.7,1421.5,381768,539857505.7,21397
2026-02-25,INE562X01013,UNIVASTU,EQ,63.12,75.68,62.5,66.63,66.68,63.07,918931,65478181.47,4511
2026-02-25,INE279A01012,UNIVCABLES,EQ,675.1,694.95,673.0,676.6,675.55,677.1,30697,20994166.4,2102
2026-02-25,INE03V001013,UNIVPHOTO,BE,365.6,396.23,358.51,396.23,396.23,377.37,18690,7246264.2,366
2026-02-25,INE405E01023,UNOMINDA,EQ,1182.4,1220.6,1175.9,1217.8,1214.3,1177.5,508503,614808281.8,41438
2026-02-25,INE530B08094,10IIFL28A,NE,1075.01,1080.0,1075.01,1080.0,1080.0,1078.31,1155,1242250.0,6
2026-02-25,INE530B08102,96IIFL28A,NF,996.0,998.0,996.0,996.83,997.0,996.0,2632,2623586.37,31
2026-02-25,INE477L08162,IIFLZC28C,N6,1502.5,1505.8,1495.0,1495.0,1495.0,1490.5,332,499332.2,5
2026-02-25,INE477L08147,10IIFL28,N4,1034.0,1037.0,1032.33,1033.01,1033.01,1032.33,1105,1141218.58,7
2026-02-25,INE477L08154,96IIFL28,N5,996.21,997.39,995.0,995.83,996.0,997.0,1265,1259938.39,17
2026-02-25,INE866I08279,10IIFL29,N6,1025.0,1025.0,1024.0,1024.0,1024.0,1024.0,43,44057.0,4
2026-02-25,INE866I08295,105IIFL29,N7,1050.0,1100.0,987.0,1100.0,1100.0,1085.0,253,270941.0,5
2026-02-25,INE306N08342,885TCAPS29,NC,955.0,955.0,955.0,955.0,955.0,1071.0,294,280770.0,1
2026-02-25,INE306N08292,910TCAP28,,1075.0,1075.0,1075.0,1075.0,1075.0,1072.01,25,26875.0,1
2026-02-25,INE851I01011,UDS,EQ,155.46,165.0,154.57,163.71,164.25,154.23,479781,78084562.06,9914
2026-02-25,INE628A01036,UPL,EQ,635.0,635.0,620.5,626.2,625.0,630.55,5081011,3181748871.75,79224
2026-02-25,INE568Z01015,URAVIDEF,EQ,158.0,158.0,145.0,146.26,145.0,150.36,27194,4085466.11,1392
2026-02-25,INE0CAZ01013,URBANCO,EQ,109.21,112.09,107.5,107.92,108.0,109.21,3307877,362353321.35,30754
2026-02-25,INE0O0201019,URBAN,SM,145.5,145.5,138.3,139.55,139.0,143.05,10400,1476680.0,13
2026-02-25,INE550C01020,URJA,EQ,9.5,9.58,9.28,9.33,9.34,9.51,1419666,13368282.4,3887
2026-02-25,INE0LS001014,USHAFIN,SM,28.6,28.6,28.6,28.6,28.6,29.95,1600,45760.0,1
2026-02-25,INE240C01028,UMESLTD,EQ,4.31,4.7,4.11,4.6,4.7,4.4,46062,210408.07,180
2026-02-25,INE228A01035,USHAMART,EQ,406.15,441.0,404.35,425.75,425.75,406.05,9323469,4031353943.1,136542
2026-02-25,INE00NI01015,UCL,ST,66.9,72.95,66.9,72.95,72.95,69.5,4000,279700.0,2
2026-02-25,INE094J01016,UTIAMC,EQ,1051.75,1066.7,1039.15,1045.85,1049.0,1051.75,84334,88630366.05,8776
2026-02-25,INF789F1AUV1,BANKBETA,EQ,63.49,63.49,62.6,62.88,62.95,63.01,363260,22879802.85,992
2026-02-25,INF789F1AZF3,GILT10BETA,EQ,26.47,26.47,25.95,26.08,26.06,26.36,3217,84664.9,118
2026-02-25,INF789F1AZE6,GILT5BETA,EQ,65.15,65.22,64.51,65.21,65.21,65.15,3405,221209.31,29
2026-02-25,INF789F1AZD8,ITBETA,EQ,319.97,323.85,317.52,319.14,319.0,314.09,4496,1444471.92,160
2026-02-25,INF789F1AYX9,MIDCAPBETA,EQ,219.51,225.9,219.51,222.32,225.9,220.61,677,149861.8,28
2026-02-25,INF789F1AUW9,NEXT50BETA,EQ,75.7,75.7,75.0,75.41,75.52,74.95,103738,7820236.39,781
2026-02-25,INF789F1AZC0,NIFTYBETA,EQ,280.37,282.74,280.37,281.13,281.06,280.47,62984,17742388.2,2693
2026-02-25,INF789FB1X58,SENSEXBETA,EQ,917.46,917.46,904.5,907.31,910.0,913.19,6386,5813884.59,165
2026-02-25,INF789F1AYK6,SILVERBETA,EQ,249.0,257.71,245.5,255.59,255.28,252.83,1318263,336549940.26,8511
2026-02-25,INF789F1AUU3,SNXT50BETA,EQ,91.36,95.5,91.36,92.75,92.7,91.9,7945,739879.65,152
2026-02-25,INF789F1AUX7,GOLDBETA,EQ,136.85,136.9,133.1,133.8,133.8,133.55,773533,103493465.9,3664
2026-02-25,INE735W01017,UTKARSHBNK,EQ,15.39,15.85,14.5,14.63,14.59,15.26,25098736,378846786.83,26065
2026-02-25,INE06IJ01010,UTSSAV,SM,204.0,209.0,204.0,204.55,204.55,202.65,9000,1859910.0,15
2026-02-25,INE786F01031,UTTAMSUGAR,EQ,194.5,196.64,186.08,187.38,187.8,193.88,131779,24946649.59,2126
2026-02-25,INE0GXK01018,VMARCIND,SM,670.0,694.65,660.0,664.85,660.0,686.7,25250,16994225.0,89
2026-02-25,INE0QQM01017,VR,SM,151.0,151.0,151.0,151.0,151.0,143.85,400,60400.0,1
2026-02-25,INE951I01027,VGUARD,EQ,313.45,315.5,310.0,312.95,313.75,312.4,119129,37281597.05,6608
2026-02-25,INE0QXL01015,VLINFRA,SM,26.8,27.7,24.65,25.5,25.9,25.9,9000,235425.0,5
2026-02-25,INE945H01013,V2RETAIL,EQ,1991.0,1992.7,1946.4,1966.3,1962.0,1994.4,106049,207375899.7,11397
2026-02-25,INE956G01038,WABAG,EQ,1272.0,1279.6,1250.0,1256.8,1257.0,1275.7,171536,216960787.5,12531
2026-02-25,INE694D01016,VADILALIND,EQ,4882.5,4925.0,4857.5,4882.9,4884.7,4854.7,9962,48675778.6,2015
2026-02-25,INE551Q01028,VSCL,SM,24.2,24.2,24.2,24.2,24.2,24.2,3000,72600.0,1
2026-02-25,INE884A01027,VAIBHAVGBL,EQ,231.34,235.84,227.15,228.62,229.99,230.28,355658,82004835.28,8008
2026-02-25,INE0JR301013,MADHAVBAUG,SM,212.0,219.35,212.0,217.95,217.95,209.55,2000,429720.0,4
2026-02-25,INE972X01022,VAISHALI,EQ,7.68,7.93,7.16,7.46,7.3,7.68,977427,7302534.39,820
2026-02-25,INE051B01021,VAKRANGEE,EQ,6.7,6.73,6.55,6.6,6.57,6.69,2680860,17726139.52,3225
2026-02-25,INE0JWS01017,VALIANTLAB,EQ,61.0,61.3,58.81,59.11,59.52,59.34,6990,417263.43,107
2026-02-25,INE565V01010,VALIANTORG,EQ,241.7,242.91,232.93,236.73,236.0,239.32,26166,6172300.26,691
2026-02-25,INE879I01012,DBREALTY,EQ,113.0,113.99,110.0,111.79,112.25,112.86,1039032,116184504.84,8606
2026-02-25,INE116G01013,VARDHACRLC,EQ,36.0,37.01,35.99,36.18,36.1,35.89,19552,711049.21,175
2026-02-25,INE701A01023,VHL,EQ,3265.5,3319.7,3265.5,3287.7,3300.0,3265.5,346,1139138.9,130
2026-02-25,INE835A01029,VARDMNPOLY,EQ,7.02,8.14,7.02,7.96,7.85,7.1,1484064,11521945.86,1570
2026-02-25,INE050M01012,VSSL,EQ,247.6,253.95,246.85,249.75,248.5,248.1,32426,8114222.15,1060
2026-02-25,INE825A01020,VTL,EQ,539.65,547.5,525.55,545.3,547.45,539.65,542486,291856163.9,16502
2026-02-25,INE665L01035,VARROC,EQ,547.0,553.25,542.3,551.2,552.95,546.0,57924,31826803.7,3967
2026-02-25,INE200M01039,VBL,EQ,460.1,462.0,454.55,455.85,455.5,459.1,2400024,1095565907.85,27556
2026-02-25,INE273D01019,VGL,EQ,135.2,138.78,129.35,131.73,131.0,134.48,17041,2266630.02,565
2026-02-25,INE0N5801013,DENTALKART,SM,475.05,480.0,460.1,468.15,470.0,474.9,14250,6722900.0,42
2026-02-25,INE893I01013,VASCONEQ,EQ,39.32,39.9,38.51,39.64,39.54,39.27,404509,15840142.71,1987
2026-02-25,INE590L01019,VASWANI,EQ,62.82,62.82,59.85,60.35,60.65,59.85,55625,3389768.77,1517
2026-02-25,INE098201036,VCL,BE,2.21,2.26,2.15,2.18,2.23,2.21,621110,1365714.63,388
2026-02-25,INE04HY07294,1025VCCL28,N0,97921.44,97921.44,97921.44,97921.44,97921.44,96000.0,1,97921.44,1
2026-02-25,INE04HY07377,115VCCL28,N0,100182.0,100182.6,99800.0,100182.6,100182.6,100151.5,26,2602977.6,12
2026-02-25,INE04HY07229,12VCCL29B,N0,98000.0,98700.0,97800.0,97800.0,97800.0,99000.0,28,2741700.0,8
2026-02-25,INE04HY08011,125VCCL31,N0,96500.0,96500.0,96500.0,96500.0,96500.0,96500.0,2,193000.0,2
2026-02-25,INE04HY07203,12VCCL29A,N0,97500.0,97500.0,97500.0,97500.0,97500.0,97500.0,2,195000.0,2
2026-02-25,INE04HY07385,115VCCL28A,N0,96000.0,96000.0,96000.0,96000.0,96000.0,96000.0,4,384000.0,1
2026-02-25,INE0U2M01015,VDEAL,SM,157.0,157.0,157.0,157.0,157.0,155.0,600,94200.0,1
2026-02-25,INE825V01034,MANYAVAR,EQ,408.25,410.2,398.0,399.95,400.0,407.25,297694,119225497.7,11991
2026-02-25,INE205A01025,VEDL,EQ,706.4,732.35,706.4,727.8,728.5,695.1,23666523,17132176038.4,267441
2026-02-25,INE484C01030,VEEDOL,EQ,1412.2,1422.0,1379.0,1389.2,1393.4,1406.6,13308,18624787.5,1770
2026-02-25,INE0KTW01013,VEEKAYEM,SM,151.25,155.0,151.25,153.1,155.0,158.9,1000,153125.0,2
2026-02-25,INE0I3H01019,VELS,SM,52.3,52.3,52.3,52.3,52.3,55.05,1200,62760.0,1
2026-02-25,INE398A01010,VENKEYS,EQ,1375.1,1376.0,1357.1,1364.4,1360.3,1366.9,23928,32656347.0,1951
2026-02-25,INE781S01027,VENTIVE,EQ,717.95,719.65,697.85,710.0,716.0,713.8,66897,47372238.9,3377
2026-02-25,INE0JA001018,VENUSPIPES,EQ,1052.9,1058.4,1040.8,1050.0,1050.8,1050.3,32899,34526355.5,3842
2026-02-25,INE411B01019,VENUSREM,BE,710.1,721.1,674.5,685.6,695.0,709.95,71779,48863025.75,1274
2026-02-25,INE0IQ001011,VERANDA,EQ,193.47,193.47,186.0,186.58,187.0,191.93,101669,19095070.06,1774
2026-02-25,INE0SRI01019,VERITAAS,SM,58.65,58.65,58.65,58.65,58.65,61.7,1200,70380.0,1
2026-02-25,INE0NLB01018,VERTEXPLUS,SM,94.0,94.0,92.0,92.0,92.0,89.65,4200,387600.0,3
2026-02-25,INE0KXY23015,VERTIS,IV,109.0,109.0,109.0,109.0,109.0,110.0,75000,8175000.0,2
2026-02-25,INE188Y01031,VERTOZ,EQ,46.65,47.45,45.23,45.98,45.23,46.53,146998,6884103.41,1359
2026-02-25,INE386A01023,VESUVIUS,EQ,510.0,530.45,508.05,519.9,519.4,506.05,286957,148402148.15,15054
2026-02-25,INE918N01018,VETO,EQ,106.1,108.44,104.71,105.11,105.0,106.59,17711,1876248.32,414
2026-02-25,INE0MO401019,VIAZ,SM,64.95,65.0,64.7,64.9,64.9,64.95,40000,2593900.0,6
2026-02-25,INE0QTF01015,VSTL,EQ,116.43,117.48,114.0,115.42,114.05,115.21,21089,2420585.26,337
2026-02-25,INE048C01025,VHLTD,BE,152.0,152.0,144.0,145.64,146.99,145.8,7727,1132613.65,198
2026-02-25,INE0F8901022,VICTORYEV,SM,16.95,17.5,16.9,16.9,16.9,16.9,51000,869400.0,16
2026-02-25,INE632C01026,VIDHIING,EQ,302.8,308.0,300.0,304.2,308.0,301.25,4692,1418505.25,378
2026-02-25,INE14UN01029,VIDYAWIRES,EQ,49.5,51.3,48.87,50.89,51.1,48.96,1948679,98597965.23,7136
2026-02-25,INE1DM601016,VIGOR,SM,52.0,52.5,51.6,51.6,51.6,53.95,11200,583440.0,7
2026-02-25,INE043W01024,VIJAYA,EQ,977.0,1001.6,977.0,990.2,990.5,986.0,65444,64775298.9,7598
2026-02-25,INE0WL901019,VIJAYPD,ST,61.15,65.0,61.1,64.95,65.0,64.3,40000,2475600.0,10
2026-02-25,INE159N01027,VIJIFIN,EQ,2.23,2.28,2.09,2.1,2.09,2.19,787608,1689398.16,497
2026-02-25,INE806A01020,VIKASECO,EQ,1.5,1.5,1.47,1.47,1.48,1.48,1286909,1904277.58,1121
2026-02-25,INE161L01027,VIKASLIFE,EQ,1.53,1.53,1.46,1.48,1.49,1.49,3191371,4742719.32,15628
2026-02-25,INE078V01014,VIKRAMSOLR,EQ,178.5,178.99,171.0,175.18,174.9,185.39,12369570,2171933529.82,94990
2026-02-25,INE01R501028,VIKRAN,EQ,68.94,69.99,66.24,67.25,67.35,68.65,2888778,195441611.54,15684
2026-02-25,INE0AZY01017,VILAS,SM,401.95,403.0,387.0,393.0,393.0,399.25,16000,6314825.0,57
2026-02-25,INE0L4V01013,VILINBIO,ST,34.65,34.65,34.6,34.6,34.6,33.0,24000,831400.0,4
2026-02-25,INE579C01029,VIMTALABS,EQ,466.0,476.0,461.2,464.45,463.95,462.25,127661,59713665.1,5971
2026-02-25,INE410B01037,VINATIORGA,EQ,1497.0,1512.8,1488.5,1509.9,1508.0,1504.8,15515,23353217.2,2363
2026-02-25,INE707A01012,VINDHYATEL,EQ,1050.4,1075.0,1037.2,1040.4,1043.9,1057.5,12280,12928719.1,1425
2026-02-25,INE505Y01010,VINEETLAB,EQ,31.99,31.99,30.75,30.89,30.77,30.25,50817,1594776.7,796
2026-02-25,INE01KI01027,VINNY,EQ,1.12,1.17,1.12,1.13,1.13,1.12,504175,574859.53,317
2026-02-25,INE0OSJ01014,VINSYS,SM,316.0,319.05,314.0,318.95,319.0,314.15,8000,2546125.0,25
2026-02-25,INE498Q01014,VINCOFE,EQ,147.09,150.4,145.2,148.12,147.1,147.09,1884720,279507641.59,13356
2026-02-25,INE0OLS01010,VINYAS,SM,1000.0,1005.0,985.05,1004.95,1005.0,993.0,24300,24295495.0,36
2026-02-25,INE250B01029,VINYLINDIA,EQ,215.25,217.89,210.0,212.02,211.06,214.8,10697,2282723.28,465
2026-02-25,INE450G01024,VIPCLOTHNG,EQ,21.89,21.89,20.08,20.21,20.13,21.38,292002,6040697.86,1709
2026-02-25,INE054A01027,VIPIND,EQ,366.25,367.95,359.55,361.1,361.05,366.25,102740,37224006.05,5468
2026-02-25,INE946H01037,VIPULLTD,BE,11.26,12.14,11.04,12.11,12.14,11.57,912581,10458356.09,454
2026-02-25,INE539B01017,VIRINCHI,EQ,19.1,19.74,18.72,19.01,19.1,19.18,54907,1046559.7,276
2026-02-25,INE0VRH01015,VGINFOTECH,SM,130.55,139.9,130.0,137.0,133.25,132.45,92000,12312300.0,57
2026-02-25,INE286H01012,VISASTEEL,EQ,38.52,38.9,37.53,38.3,37.6,38.52,6595,250132.9,92
2026-02-25,INE370E01029,VIVIDHA,EQ,0.57,0.58,0.56,0.57,0.56,0.57,264794,151214.39,200
2026-02-25,INE392A01021,VISAKAIND,EQ,62.9,62.9,61.5,62.0,61.97,62.25,34183,2119695.78,465
2026-02-25,INE0BHK01012,VISAMAN,ST,125.0,134.0,125.0,134.0,134.0,129.8,3000,388000.0,3
2026-02-25,INE01EA01019,VMM,EQ,124.02,124.44,121.71,122.97,122.99,123.59,7827133,960541526.53,40026
2026-02-25,INE270I01022,VISHNU,EQ,508.4,515.35,502.4,510.25,511.7,513.8,121857,62047627.15,2277
2026-02-25,INE0AE001013,VPRPL,EQ,44.15,47.7,43.96,45.47,45.22,44.12,2888285,132707303.79,15702
2026-02-25,INE0PQ001012,VISHNUINFR,SM,166.6,169.55,166.6,166.75,166.75,165.0,2000,334800.0,4
2026-02-25,INE430N01022,VISHWARAJ,EQ,5.58,5.69,5.52,5.6,5.66,5.58,220786,1232916.81,591
2026-02-25,INE0S2E01016,VISHWAS,SM,38.25,38.25,38.2,38.2,38.2,39.0,3200,122320.0,2
2026-02-25,INE0TR001017,VIESL,SM,264.95,264.95,254.2,254.2,254.2,255.55,17600,4555040.0,22
2026-02-25,INE0L4K01016,VITAL,SM,51.1,51.1,50.4,50.4,50.4,51.1,4800,242760.0,4
2026-02-25,INE0MEG01014,VIVIANA,SM,705.0,719.95,670.0,683.9,680.0,703.15,17800,12326240.0,78
2026-02-25,INE526G01021,VIVIMEDLAB,EQ,8.36,8.36,7.63,7.7,7.75,8.01,209162,1633738.65,613
2026-02-25,INE807F01027,VIYASH,EQ,219.0,221.9,213.65,219.27,220.0,219.42,684480,149402726.13,16639
2026-02-25,INE03HW01020,VLEGOV,EQ,15.08,15.69,13.52,13.89,14.0,15.08,1423687,20823247.98,3585
2026-02-25,INE709A01018,VLSFINANCE,EQ,260.85,261.0,253.55,257.3,258.5,257.35,9348,2402433.05,481
2026-02-25,INE665J01013,VMART,EQ,573.05,580.4,566.25,571.1,572.55,569.05,68207,39248691.45,4473
2026-02-25,INE0SJA01013,VMSTMT,EQ,47.01,47.4,46.4,46.54,46.49,46.67,57140,2668955.64,679
2026-02-25,INE669E01016,IDEA,EQ,11.01,11.08,10.69,10.73,10.75,10.91,305829521,3310682743.06,74511
2026-02-25,INE241X01014,VOLERCAR,SM,218.05,228.0,206.0,216.65,227.5,220.45,35200,7617480.0,18
2026-02-25,INE540H01012,VOLTAMP,EQ,8519.0,8988.0,8467.0,8724.0,8740.0,8429.5,107938,945717124.0,30088
2026-02-25,INE226A01021,VOLTAS,EQ,1548.0,1566.4,1513.1,1522.4,1527.0,1538.0,1200666,1842739859.7,29948
2026-02-25,INE0S2V01010,VRAJ,EQ,126.1,127.74,125.0,125.26,125.0,125.22,10164,1281096.67,389
2026-02-25,INE366I01010,VRLLOG,EQ,286.25,287.9,281.8,283.0,282.95,286.1,108352,30874576.8,5914
2026-02-25,INE710A01016,VSTIND,EQ,237.0,238.78,234.78,236.38,237.0,236.83,112891,26698884.25,4428
2026-02-25,INE764D01017,VSTTILLERS,EQ,5871.0,5921.0,5811.0,5844.5,5823.0,5865.0,7857,46095266.5,3313
2026-02-25,INE100D01014,WSI,EQ,72.99,72.99,70.5,70.77,71.0,72.23,125302,8973877.63,1252
2026-02-25,INE377N01017,WAAREEENER,EQ,2819.0,2821.1,2570.0,2708.5,2705.0,3023.5,14831874,39737564403.3,491981
2026-02-25,INE299N01021,WAAREERTL,EQ,850.0,855.85,810.0,839.3,841.0,865.8,935213,775479456.45,50834
2026-02-25,INE0E7301029,WAKEFIT,EQ,189.0,195.4,188.2,194.05,194.9,189.68,202899,39065916.72,7199
2026-02-25,INE711A01022,WALCHANNAG,EQ,171.0,171.87,166.56,168.53,168.0,169.28,377950,63847009.41,4896
2026-02-25,INE107F01022,WANBURY,EQ,261.0,265.0,252.75,255.7,258.0,263.28,99613,25660514.72,2128
2026-02-25,INE0A3007065,1075WCA28,N0,9736.0,9850.0,9400.0,9850.0,9850.0,9499.0,54,527128.0,8
2026-02-25,INE082W01014,WEWIN,EQ,40.94,40.94,38.2,39.13,39.01,40.02,1628,63933.21,62
2026-02-25,INF2F0001370,TWCGOLDETF,EQ,159.93,159.93,156.38,157.57,157.5,156.78,2008,315899.84,306
2026-02-25,INE658T01017,WEALTH,EQ,981.25,986.05,965.15,977.65,967.5,971.3,2002,1949072.4,175
2026-02-25,INE855C01023,WEBELSOLAR,EQ,60.0,61.45,56.08,56.91,57.1,61.1,11567383,671086763.7,55101
2026-02-25,INE080A01014,WEIZMANIND,EQ,84.12,87.67,83.11,84.26,87.67,84.02,392,32772.04,18
2026-02-25,INE191B01025,WELCORP,EQ,776.4,798.95,774.45,797.25,795.15,776.4,262064,207123117.35,13664
2026-02-25,INE625G01013,WELENT,EQ,498.6,502.85,492.65,496.75,495.9,500.65,84032,41824918.7,2427
2026-02-25,INE389K01018,WELINV,EQ,1220.0,1266.0,1220.0,1241.2,1233.1,1270.0,3100,3839893.0,201
2026-02-25,INE192B01031,WELSPUNLIV,EQ,134.21,136.04,126.1,127.09,127.57,134.21,5112032,661476560.11,43614
2026-02-25,INE274C01019,WENDT,EQ,6716.0,6850.0,6691.0,6735.0,6716.0,6750.0,5556,37704615.5,952
2026-02-25,INE976A01021,WSTCSTPAPR,EQ,416.8,418.75,408.0,410.6,409.85,414.2,118085,48628501.45,4557
2026-02-25,INE0CJF01024,WCIL,EQ,112.6,115.88,112.6,114.53,114.4,113.31,58340,6672364.86,1347
2026-02-25,INE274F01020,WESTLIFE,EQ,492.85,515.0,488.3,500.7,495.0,492.85,54088,26799411.2,4366
2026-02-25,INE085001019,WEWORK,EQ,529.75,548.25,500.1,530.15,546.0,515.3,147119,76285841.9,7377
2026-02-25,INE715A01015,WHEELS,EQ,885.15,911.95,885.15,893.35,890.15,891.95,26319,23678386.05,2530
2026-02-25,INE716A01013,WHIRLPOOL,EQ,907.0,925.0,907.0,919.85,920.5,904.25,234355,215353231.35,12838
2026-02-25,INE210A01017,WILLAMAGOR,EQ,29.89,29.89,27.32,27.71,27.32,28.57,2021,57598.96,70
2026-02-25,INE0H5O01029,WINDLAS,EQ,768.9,790.0,752.0,758.65,753.6,761.3,18923,14496002.95,1502
2026-02-25,INE052A01021,WINDMACHIN,EQ,240.25,249.4,232.7,242.6,249.0,237.4,43509,10411883.2,1054
2026-02-25,INE0S9101013,WINNY,SM,47.05,47.05,45.3,45.65,46.0,52.0,2000,92675.0,4
2026-02-25,INE0S3D01016,WINSOL,SM,143.85,143.85,137.6,138.7,138.55,140.2,5600,784520.0,14
2026-02-25,INE784B01035,WINSOME,BZ,1.75,1.75,1.69,1.72,1.72,1.72,2702,4609.11,19
2026-02-25,INE075A01022,WIPRO,EQ,201.31,205.48,201.31,201.92,201.79,200.14,13979068,2840945214.89,140141
2026-02-25,INE623Y01011,WTICAB,SM,115.05,118.45,115.0,118.45,118.45,117.7,1500,174250.0,3
2026-02-25,INE049B01025,WOCKPHARMA,EQ,1362.0,1388.0,1351.2,1377.1,1387.0,1362.0,213080,291561608.1,12832
2026-02-25,INE0Q9601016,WOMANCART,SM,155.0,158.45,149.0,153.15,155.45,152.95,37200,5683580.0,69
2026-02-25,INE02WG01024,WEL,EQ,145.0,154.3,134.15,139.3,138.9,141.55,44940,6280126.88,669
2026-02-25,INE066O01014,WONDERLA,EQ,484.45,487.2,475.0,478.6,482.0,486.55,72161,34560964.3,4155
2026-02-25,INE196Y01018,WORTHPERI,EQ,138.01,140.39,137.1,137.23,137.2,137.09,3002,414679.24,66
2026-02-25,INE692G01013,XCHANGING,EQ,67.0,67.54,65.0,65.16,65.39,66.5,107523,7050674.11,2183
2026-02-25,INE01P501012,XELPMOC,EQ,136.79,136.79,129.22,130.49,131.56,132.25,12950,1699620.52,320
2026-02-25,INE445C01015,XPROINDIA,EQ,870.25,893.3,858.05,868.35,861.0,874.6,15237,13306318.25,1399
2026-02-25,INE547B01028,XTGLOBAL,EQ,28.68,29.0,27.52,28.03,27.8,28.68,6110,172182.73,183
2026-02-25,INE0TO601017,YASHOPTICS,SM,108.1,109.0,108.0,109.0,109.0,108.6,5600,605680.0,7
2026-02-25,INE616Z01012,YASHO,EQ,1450.0,1498.0,1442.5,1469.1,1497.0,1454.6,7918,11538879.0,763
2026-02-25,INE08S201019,YCCL,SM,10.4,10.4,10.4,10.4,10.4,11.2,33000,343200.0,1
2026-02-25,INE0JO301016,YATHARTH,EQ,705.6,712.45,692.5,697.0,699.9,704.1,264934,185889896.1,13385
2026-02-25,INE0JR601024,YATRA,EQ,111.55,116.4,100.54,114.21,113.7,116.92,29959661,3268082601.93,175176
2026-02-25,INE528G01035,YESBANK,EQ,20.8,20.94,20.57,20.72,20.78,20.82,66907423,1386136567.64,68671
2026-02-25,INE09FA01019,YUDIZ,ST,35.45,35.45,33.5,33.5,33.5,34.05,4000,137640.0,5
2026-02-25,INE384C01016,YUKEN,EQ,732.4,750.05,726.35,746.8,750.0,739.15,2559,1898029.1,162
2026-02-25,INE0ISZ01012,ZTECH,SM,518.75,538.75,518.75,528.75,527.0,514.95,18900,10005645.0,37
2026-02-25,INE07K301024,ZAGGLE,EQ,226.3,226.8,215.4,216.9,218.75,224.15,1785507,392660482.65,31427
2026-02-25,INE0PPS01018,ZEAL,SM,83.1,84.2,82.0,82.0,82.0,83.0,1800,149580.0,3
2026-02-25,INE256A01028,ZEEL,EQ,88.47,89.62,88.05,88.38,88.3,88.04,3416912,303436665.12,14133
2026-02-25,INE565L01011,ZEELEARN,EQ,5.81,5.98,5.41,5.49,5.53,5.81,883375,5033236.36,1670
2026-02-25,INE966H01019,ZEEMEDIA,BE,8.85,9.0,8.41,8.41,8.41,8.85,897354,7653967.17,1376
2026-02-25,INE251B01027,ZENTEC,EQ,1325.0,1344.0,1315.9,1340.4,1341.0,1325.0,276290,367907889.6,14892
2026-02-25,INE0QWN01013,ZENITHDRUG,SM,47.5,51.0,47.5,49.0,49.0,48.25,16800,825320.0,21
2026-02-25,INE058B01018,ZENITHEXPO,EQ,199.3,207.4,199.09,201.21,201.1,198.31,195,39230.16,28
2026-02-25,INE318D01020,ZENITHSTL,EQ,4.98,5.23,4.95,5.16,5.23,4.99,116630,589138.06,263
2026-02-25,INE520A01027,ZENSARTECH,EQ,541.7,557.25,539.05,542.8,540.1,537.4,450296,245638008.4,25387
2026-02-25,INF0R8F01042,GOLDCASE,EQ,25.71,25.71,24.72,25.06,25.06,24.96,9667511,241975492.98,13526
2026-02-25,INF0R8F01034,LIQUIDCASE,EQ,112.9,112.9,112.88,112.89,112.89,112.86,14212290,1604460189.78,8825
2026-02-25,INF0R8F01133,LTGILTCASE,EQ,30.78,30.78,28.98,29.88,29.88,29.88,53969,1613417.03,180
2026-02-25,INF0R8F01059,MID150CASE,EQ,11.2,11.2,10.0,10.99,11.0,10.93,2507258,27534738.4,3851
2026-02-25,INF0R8F01166,NIFTYCASE,EQ,10.39,10.39,9.9,10.14,10.16,10.14,436449,4438482.8,1264
2026-02-25,INF0R8F01091,SILVERCASE,EQ,27.26,27.26,26.22,26.88,26.94,26.6,17558951,471908714.74,16003
2026-02-25,INF0R8F01141,SML100CASE,EQ,9.9,9.9,9.62,9.69,9.7,9.61,1251459,12096167.92,1159
2026-02-25,INF0R8F01067,TOP100CASE,EQ,10.75,11.02,10.75,10.94,10.95,10.9,1009140,11057030.43,1280
2026-02-25,INE342J01019,ZFCVINDIA,EQ,15855.0,15976.0,15426.0,15516.0,15550.0,15799.0,8156,127411011.0,4200
2026-02-25,INE518E01015,ZIMLAB,EQ,68.07,69.98,68.07,68.45,68.31,68.07,34105,2356666.86,530
2026-02-25,INE206B01013,ZODIACLOTH,EQ,80.7,80.71,77.4,79.97,79.97,80.72,5874,468838.17,166
2026-02-25,INE761Y01019,ZODIAC,EQ,257.0,257.0,244.0,245.85,247.45,246.7,16018,3958482.3,997
2026-02-25,INE358U01012,ZOTA,EQ,1249.9,1275.0,1200.0,1214.8,1230.0,1248.7,83147,102718418.3,4171
2026-02-25,INE840M01016,ZUARI,EQ,226.6,229.55,222.6,224.65,224.95,224.35,64158,14447065.2,1412
2026-02-25,INE217A01012,ZUARIIND,EQ,252.0,254.45,247.2,248.7,250.55,252.85,29007,7267866.05,1165
2026-02-25,INE010B01027,ZYDUSLIFE,EQ,903.5,921.0,902.1,919.65,918.7,903.85,564586,516047930.25,22304
2026-02-25,INE768C01028,ZYDUSWELL,EQ,401.8,402.45,390.0,393.7,393.45,399.0,87399,34551538.35,5789
