trade_date,isin,symbol,series,open,high,low,close,last_price,prev_close,volume,turnover,trades
2026-05-19,IN0020200104,SGBJUN28,GB,15700.0,15740.0,15694.0,15730.21,15740.0,15575.05,1622,25490323.9,85
2026-05-19,IN0020200286,SGBN28VIII,GB,15636.87,15746.0,15605.02,15629.99,15630.0,15636.87,1517,23711946.16,89
2026-05-19,IN0020210053,SGBMAY29I,GB,15613.2,15710.0,15613.2,15664.2,15664.2,15608.94,356,5570041.3,65
2026-05-19,IN0020210061,SGBJUN29II,GB,15650.0,15745.0,15640.0,15730.07,15740.0,15628.12,253,3973837.71,46
2026-05-19,IN0020210087,SGBJU29III,GB,15640.0,15740.0,15640.0,15737.94,15740.0,15618.31,478,7508267.1,37
2026-05-19,IN0020210145,SGBSEP29VI,GB,15659.41,15734.0,15626.2,15685.26,15690.0,15659.41,96,1505362.3,38
2026-05-19,IN0020210178,SGBNV29VII,GB,15640.01,15869.0,15605.0,15652.77,15650.0,15640.0,220,3445185.68,68
2026-05-19,IN0020180314,SGBNOV26,GB,15600.0,15640.0,15600.0,15610.0,15610.0,15600.0,13,203230.01,6
2026-05-19,IN0020180389,SGBDEC26,GB,15649.0,15649.0,15649.0,15649.0,15649.0,15650.0,24,375576.0,5
2026-05-19,IN0020190073,SGBJUN27,GB,15700.0,15700.0,15615.0,15700.0,15700.0,15789.99,137,2150560.0,8
2026-05-19,IN0020190081,SGBJUL27,GB,15626.0,15949.99,15502.01,15625.0,15625.0,15625.0,12,187211.04,5
2026-05-19,IN0020190107,SGBAUG27,GB,15570.01,15660.0,15570.01,15635.0,15635.0,15557.8,261,4073144.0,35
2026-05-19,IN0020190115,SGBSEP27,GB,15670.0,15675.0,15610.0,15610.0,15610.0,15575.34,97,1518412.7,9
2026-05-19,IN0020180462,SGBJAN27,GB,15700.0,15700.0,15650.0,15650.0,15650.0,15452.0,71,1114150.0,6
2026-05-19,IN0020190370,SGBOCT27,GB,15550.0,15798.99,15550.0,15626.5,15639.0,15519.0,61,951380.21,11
2026-05-19,IN0020190388,SGBOCT27VI,GB,15519.01,15699.0,15519.0,15600.0,15600.0,15617.14,114,1774980.2,12
2026-05-19,IN0020190461,SGBDC27VII,GB,15601.36,15729.0,15601.36,15729.0,15729.0,15601.36,280,4394494.73,18
2026-05-19,IN0020200062,SGBAPR28I,GB,15582.01,15748.99,15561.5,15637.93,15638.0,15581.1,607,9486476.32,88
2026-05-19,IN0020200088,SGBMAY28,GB,15592.71,15690.0,15575.26,15635.0,15635.0,15592.71,317,4958174.72,56
2026-05-19,IN0020200146,SGBJUL28IV,GB,15593.0,15695.0,15593.0,15638.91,15639.99,15591.1,129,2015138.69,35
2026-05-19,IN0020190545,SGBFEB28IX,GB,15506.0,15669.0,15506.0,15669.0,15669.0,15725.0,60,934375.0,9
2026-05-19,IN0020200161,SGBAUG28V,GB,15612.01,15709.0,15600.01,15655.99,15657.99,15597.95,974,15226743.39,117
2026-05-19,IN0020200195,SGBSEP28VI,GB,15649.0,15700.0,15600.04,15633.88,15620.0,15581.0,424,6632017.86,65
2026-05-19,IN0020200203,SGBOC28VII,GB,15577.57,15699.0,15306.0,15606.18,15615.0,15577.57,665,10376073.87,125
2026-05-19,IN0020190537,SGBJ28VIII,GB,15645.0,15665.0,15645.0,15654.06,15665.0,15615.0,32,500930.0,3
2026-05-19,IN0020210111,SGBJUL29IV,GB,15605.11,15700.0,15605.11,15639.62,15680.0,15600.0,214,3354193.69,41
2026-05-19,IN0020200377,SGBJAN29IX,GB,15606.01,15675.0,15606.0,15642.54,15650.0,15590.32,335,5236210.35,46
2026-05-19,IN0020210129,SGBAUG29V,GB,15515.01,15737.0,15515.01,15736.0,15737.0,15645.0,247,3866125.24,54
2026-05-19,IN0020210228,SGBD29VIII,GB,15688.18,15710.0,15641.01,15704.04,15705.0,15620.77,307,4817070.47,50
2026-05-19,IN0020200385,SGBJAN29X,GB,15760.0,15800.0,15613.5,15647.89,15650.0,15599.93,97,1518924.52,27
2026-05-19,IN0020200393,SGBFEB29XI,GB,15620.2,15650.0,15605.11,15633.76,15622.0,15600.16,50,781213.22,18
2026-05-19,IN0020200427,SGBMR29XII,GB,15611.0,15700.0,15605.0,15633.59,15630.0,15588.86,244,3812699.57,57
2026-05-19,IN0020220045,SGBJUN30,GB,15870.0,15870.0,15671.0,15705.0,15705.0,15649.14,15,235723.0,10
2026-05-19,IN0020220078,SGBAUG30,GB,15899.0,15899.0,15687.01,15745.0,15745.0,15678.86,81,1273095.0,25
2026-05-19,IN0020220110,SGBDE30III,GB,15889.99,15889.99,15652.0,15701.82,15692.0,15676.48,334,5246760.15,92
2026-05-19,IN0020210236,SGBJAN30IX,GB,15800.0,15800.0,15641.01,15710.7,15721.0,15624.0,95,1492251.46,29
2026-05-19,IN0020210319,SGBMAR30X,GB,15660.0,15725.01,15633.0,15717.62,15717.62,15669.89,17,266722.81,8
2026-05-19,IN0020230069,SGBJUN31I,GB,15800.01,15899.98,15770.0,15840.2,15815.0,15779.74,1007,15921247.04,157
2026-05-19,IN0020230093,SGBSEP31II,GB,15800.0,15869.99,15784.5,15837.05,15820.1,15780.3,652,10323159.64,170
2026-05-19,IN0020230168,SGBDE31III,GB,15916.2,15950.0,15895.0,15918.25,15925.0,15907.73,1050,16717526.39,216
2026-05-19,IN0020220169,SGBMAR31IV,GB,15722.0,15800.0,15722.0,15785.14,15799.0,15702.79,82,1293809.85,37
2026-05-19,IN0020230184,SGBFEB32IV,GB,16140.21,16200.01,16100.0,16163.78,16151.0,16140.21,1194,19268472.24,239
2026-05-19,INE144J01027,20MICRONS,EQ,171.01,172.59,162.05,165.18,164.92,169.75,176805,29309272.02,5535
2026-05-19,INE253B01015,21STCENMGM,EQ,31.95,31.95,30.9,30.92,30.92,31.5,180,5659.01,23
2026-05-19,INE466L01038,360ONE,EQ,1104.0,1121.5,1092.0,1098.4,1094.6,1104.9,442746,489708075.5,25657
2026-05-19,INF579M01BB5,GOLD360,EQ,152.75,154.35,152.4,153.8,153.9,152.6,23389,3597574.5,254
2026-05-19,INF579M01BC3,SILVER360,EQ,261.56,266.88,260.3,261.02,261.24,261.61,39823,10446738.9,737
2026-05-19,INE994E01018,3BBLACKBIO,EQ,1295.3,1341.8,1250.0,1269.6,1250.0,1295.3,7336,9455859.4,1133
2026-05-19,INE748C01038,3IINFOLTD,EQ,17.75,17.75,17.58,17.61,17.6,17.69,236113,4161936.47,872
2026-05-19,INE470A01017,3MINDIA,EQ,31700.0,32275.0,31600.0,31810.0,31845.0,31705.0,3651,116641795.0,1222
2026-05-19,INE105C01023,3PLAND,EQ,33.8,34.0,32.01,32.49,32.5,33.52,8462,277625.08,138
2026-05-19,INE618L01018,5PAISA,EQ,307.25,317.0,294.0,313.1,313.25,302.7,60564,18535542.4,2690
2026-05-19,INE111B01023,63MOONS,EQ,694.85,710.9,659.7,697.4,694.0,677.35,315619,218102195.4,12809
2026-05-19,INE134E07588,760PFCL35,N3,1220.0,1220.0,1182.0,1182.0,1182.0,1181.1,330,401004.0,2
2026-05-19,INE261F07032,764NABAR31,N2,1094.0,1097.95,1094.0,1096.5,1096.5,1094.21,515,564459.55,7
2026-05-19,INE031A07AO5,764HUDCO31,N8,1116.0,1116.0,1116.0,1116.0,1116.0,1100.4,109,121644.0,3
2026-05-19,INE202E07229,774IREDA31,N7,1113.92,1113.92,1113.92,1113.92,1113.92,1110.0,50,55696.0,1
2026-05-19,INE906B07DE1,850NHAI29,N5,1098.75,1098.75,1098.59,1098.59,1098.59,1086.01,43,47243.37,2
2026-05-19,INE774D08LU6,872MMFSL26,N1,1020.0,1020.0,1020.0,1020.0,1020.0,1022.0,10,10200.0,1
2026-05-19,INE906B07DF8,875NHAI29,N6,1098.0,1098.49,1094.14,1096.1,1096.1,1096.62,2880,3155309.28,62
2026-05-19,INE031A07949,876HUDCO28,ND,1128.99,1128.99,1121.0,1121.0,1121.0,1120.93,851,960673.5,10
2026-05-19,INE787H07370,891IIFCL34,N4,1232.0,1249.7,1231.01,1242.07,1241.01,1245.0,1060,1309415.19,15
2026-05-19,INE733E07JJ9,891NTPC33,N6,1269.0,1271.0,1269.0,1271.0,1271.0,1261.0,300,380943.6,7
2026-05-19,INE134E07463,892PFCL33,N8,1307.55,1307.55,1307.5,1307.5,1307.5,1307.0,423,553072.72,5
2026-05-19,INE774D08MA6,9MMFSML,N2,1083.75,1083.75,1080.96,1083.51,1083.55,1080.96,2068,2237333.45,20
2026-05-19,INE031A07AB2,901HUDCO34,NE,1265.0,1300.0,1265.0,1282.1,1282.1,1281.2,132,169871.1,6
2026-05-19,INE08PH01015,ABCOTS,EQ,218.7,221.85,213.58,219.75,214.0,219.16,62544,13714903.41,1497
2026-05-19,INE00YB01025,ABINFRA,EQ,13.49,13.79,12.56,12.82,12.92,13.21,906629,11979746.94,2709
2026-05-19,INE850B01026,ABMKNO,EQ,232.0,238.0,228.0,230.0,230.0,231.32,1276,299206.78,18
2026-05-19,INE366C01021,ACSTECH,EQ,33.15,34.49,33.15,33.28,34.18,33.82,70243,2367437.55,362
2026-05-19,INE701G01012,AKCAPIT,EQ,1560.0,1599.9,1555.0,1599.9,1599.9,1571.2,30,46939.5,10
2026-05-19,INE619I01012,A2ZINFRA,EQ,14.33,14.68,14.04,14.13,14.2,14.5,298401,4277515.96,763
2026-05-19,INE0D0U01013,AAATECH,EQ,94.5,96.5,92.14,95.45,96.49,91.64,12380,1177422.56,324
2026-05-19,INE883F01010,AADHARHFC,EQ,464.6,476.95,458.35,472.7,475.55,464.3,302300,141426903.4,13597
2026-05-19,INE1GYP01013,AAKAAR,SM,60.05,60.05,60.05,60.05,60.05,57.2,1600,96080.0,1
2026-05-19,INE087Z01024,AAKASH,BE,8.61,9.14,8.61,8.91,8.96,8.78,148212,1316663.73,395
2026-05-19,INE124401014,AARADHYA,SM,88.0,88.0,88.0,88.0,88.0,87.85,1200,105600.0,1
2026-05-19,INE198H01019,AAREYDRUGS,BE,87.11,87.11,84.6,85.38,86.0,87.11,51677,4460948.05,168
2026-05-19,INE750R01016,AARNAV,EQ,21.75,22.77,21.75,21.99,22.0,22.36,8951,197510.2,127
2026-05-19,INE721Z01010,AARON,EQ,121.55,129.15,121.55,123.7,123.25,124.47,8478,1054567.95,423
2026-05-19,INE01C001026,AARTECH,EQ,43.49,43.49,42.0,42.55,42.3,43.07,45711,1939139.95,483
2026-05-19,INE767A01016,AARTIDRUGS,EQ,365.9,381.7,363.0,378.35,378.4,365.9,214964,81112659.6,8798
2026-05-19,INE769A01020,AARTIIND,EQ,460.0,471.6,458.0,469.25,468.9,461.2,432987,201852770.15,13904
2026-05-19,INE0LRU01027,AARTIPHARM,EQ,701.0,718.65,697.2,705.9,707.1,701.3,77871,55288955.8,9133
2026-05-19,INE09EO01013,AARTISURF,EQ,387.0,395.0,384.75,389.4,389.0,386.8,9505,3683924.1,440
2026-05-19,INE754X01016,AARVI,EQ,121.96,125.0,121.96,124.11,123.76,121.96,12572,1558411.64,287
2026-05-19,INE216P01012,AAVAS,EQ,1339.6,1351.5,1324.2,1336.4,1335.2,1339.2,86179,114913972.6,4407
2026-05-19,INE365O01028,ABANSENT,BE,27.5,28.18,27.33,27.33,27.33,28.76,20292,556461.05,154
2026-05-19,INE00ZE01026,AFSL,EQ,202.9,202.9,201.0,201.0,201.0,201.3,55039,11064148.91,147
2026-05-19,INE117A01022,ABB,EQ,6430.5,6463.5,6310.0,6329.0,6327.0,6413.5,344676,2189267393.5,36637
2026-05-19,INE358A01014,ABBOTINDIA,EQ,27945.0,28015.0,27685.0,27795.0,27810.0,27925.0,5009,139282355.0,2756
2026-05-19,INE0UYG01015,ABHAPOWER,SM,33.45,33.55,33.45,33.55,33.55,31.05,4800,160800.0,3
2026-05-19,INE251C01025,ABMINTLLTD,EQ,50.51,50.51,45.71,45.73,45.75,48.11,3924,186764.72,33
2026-05-19,INE0QRV01016,ABSMARINE,SM,235.0,242.0,235.0,236.55,236.5,229.75,36500,8745125.0,67
2026-05-19,INE012A01025,ACC,EQ,1367.5,1373.1,1353.3,1359.3,1359.9,1359.6,111606,151922241.7,9971
2026-05-19,INE793A01012,ACCELYA,EQ,1104.0,1122.6,1104.0,1120.2,1121.6,1104.4,3312,3705717.8,505
2026-05-19,INE0Q5D01013,ACCENTMIC,SM,427.75,430.0,424.9,425.25,427.0,428.35,49000,20912725.0,81
2026-05-19,INE113X01015,ACCORD,ST,50.5,50.5,50.5,50.5,50.5,48.1,6000,303000.0,2
2026-05-19,INE0T8T01010,ACCPL,ST,115.0,115.0,108.95,108.95,108.95,114.65,19200,2119740.0,16
2026-05-19,INE648Z01023,ACCURACY,EQ,5.44,5.49,5.2,5.24,5.37,5.46,146804,778924.17,495
2026-05-19,INE543V01017,ACEINTEG,EQ,19.69,19.69,19.09,19.09,19.09,19.09,1710,33518.72,15
2026-05-19,INE1J6M01010,ACETEC,SM,124.0,124.0,124.0,124.0,124.0,124.2,1200,148800.0,1
2026-05-19,INE622W01025,ACMESOLAR,EQ,276.95,283.9,275.55,282.85,283.0,275.6,1414066,396496517.35,23082
2026-05-19,INE731H01025,ACE,EQ,883.0,893.0,876.2,881.95,881.15,880.8,155792,137557911.9,9261
2026-05-19,INE00FF01025,ACUTAAS,EQ,2809.1,2906.0,2809.0,2886.5,2890.3,2799.1,610355,1756388230.9,42133
2026-05-19,INE931S01010,ADANIENSOL,EQ,1345.0,1361.1,1311.3,1329.5,1325.0,1328.3,3103779,4136381859.7,77778
2026-05-19,INE423A01024,ADANIENT,EQ,2734.7,2774.5,2697.0,2725.0,2712.7,2689.8,4204144,11519941533.0,115540
2026-05-19,INE364U01010,ADANIGREEN,EQ,1390.0,1443.0,1369.0,1377.8,1374.0,1369.0,8654467,12155068703.3,144680
2026-05-19,INE742F01042,ADANIPORTS,EQ,1790.8,1805.0,1758.8,1762.8,1764.0,1787.7,2274987,4056338908.8,65892
2026-05-19,INE814H01029,ADANIPOWER,EQ,223.8,225.0,218.3,219.09,218.7,219.3,35941457,7916927272.58,192767
2026-05-19,INE399L01023,ATGL,EQ,623.35,636.4,614.4,623.3,619.5,610.1,3834175,2403595660.45,72241
2026-05-19,INE0RDH01021,ADDICTIVE,SM,70.0,70.85,70.0,70.85,70.85,67.5,2500,176650.0,5
2026-05-19,INE982B01027,ADFFOODS,EQ,262.2,277.7,262.2,269.15,270.9,264.1,242712,65399656.4,9261
2026-05-19,INE20PL01012,ADISOFT,SM,209.0,217.0,204.6,209.0,208.5,206.4,65600,13820680.0,74
2026-05-19,INE404A01024,ABSLAMC,EQ,990.4,1042.0,981.1,1036.9,1040.0,987.2,251387,257477052.3,34333
2026-05-19,INE674K01013,ABCAPITAL,EQ,351.85,353.85,346.35,351.2,350.65,350.1,3020769,1059869959.6,50338
2026-05-19,INE647O01011,ABFRL,EQ,62.35,63.3,62.11,62.46,62.47,61.96,1234228,77404173.11,10584
2026-05-19,INE14LE01019,ABLBL,EQ,104.48,104.7,102.8,103.24,103.25,103.57,287877,29847064.01,8515
2026-05-19,INE865C01022,BIRLAMONEY,EQ,133.9,135.9,131.81,134.68,134.5,133.26,25161,3398014.8,743
2026-05-19,INE055A01016,ABREL,EQ,1235.0,1289.0,1235.0,1271.2,1277.0,1241.1,115165,146449042.5,11912
2026-05-19,INE819V01029,CPPLUS,EQ,2401.0,2416.9,2351.5,2375.1,2356.0,2417.1,208126,495567387.7,23283
2026-05-19,INE01YQ01013,AUSL,SM,21.2,21.25,21.15,21.15,21.15,22.25,10000,211900.0,5
2026-05-19,INE679V01027,AVL,EQ,550.0,558.05,547.1,551.45,548.1,551.35,265133,146449168.9,13555
2026-05-19,INF209KB18D3,BSLGOLDETF,EQ,138.63,138.9,138.31,138.71,138.9,137.92,284626,39466273.03,1629
2026-05-19,INF209KB19D1,BSLNIFTY,EQ,26.88,28.45,26.88,27.55,27.6,27.57,398372,11014740.0,4844
2026-05-19,INE045A01017,ADOR,EQ,1055.2,1095.0,1050.0,1055.2,1060.0,1065.4,36314,38805357.1,3233
2026-05-19,INE737B01033,ADROITINFO,EQ,9.3,9.68,8.96,9.16,9.19,9.3,55414,512763.19,231
2026-05-19,INE0ALI01010,ADVAIT,EQ,1870.5,1935.0,1870.0,1890.4,1900.0,1878.1,45471,86476781.4,6662
2026-05-19,INE1B0W01010,ADVANCE,EQ,102.24,103.15,100.0,100.62,100.27,101.16,58107,5901062.94,993
2026-05-19,INE837H01020,ADVENZYMES,EQ,363.5,389.9,359.0,386.3,387.0,363.75,536664,204189947.0,18665
2026-05-19,INE199C01026,ADVANIHOTR,EQ,53.3,53.65,52.1,52.71,52.5,52.53,25940,1381601.18,389
2026-05-19,INE28GN01010,ADVENTHTL,EQ,145.15,153.8,143.95,150.57,149.05,145.87,80415,11950760.48,3688
2026-05-19,INE208C01025,AEGISLOG,EQ,687.0,708.7,687.0,700.5,700.0,685.95,483607,338730474.4,22663
2026-05-19,INE0INX01018,AEGISVOPAK,EQ,198.49,201.0,195.0,199.1,199.0,197.29,225953,44860060.92,5850
2026-05-19,INE423A07500,AEL12126,NI,1015.0,1015.0,1015.0,1015.0,1015.0,1015.0,3,3045.0,1
2026-05-19,INE423A07484,860AEL28,NH,1035.0,1035.0,1035.0,1035.0,1035.0,1035.0,3,3105.0,1
2026-05-19,INE423A07518,862AEL31,NM,1010.0,1010.25,1007.0,1007.0,1007.0,1005.05,320,322412.5,7
2026-05-19,INE423A07534,875AEL29,NK,1027.0,1027.0,1026.0,1026.0,1026.0,1030.0,12,12318.0,2
2026-05-19,INE423A07427,885AEL28,NB,1002.1,1002.1,1002.1,1002.1,1002.1,1002.1,18,18037.8,2
2026-05-19,INE423A07526,890AEL31,NN,1036.15,1037.0,1036.15,1037.0,1037.0,1040.0,70,72540.7,3
2026-05-19,INE423A07443,9AEL30,NE,1050.0,1050.0,1025.0,1049.0,1049.0,1109.0,106,111268.0,5
2026-05-19,INE947N01017,AEQUS,EQ,195.56,204.64,194.25,197.67,197.0,195.35,1427581,284473475.73,49392
2026-05-19,INE065D01027,AEROENTER,EQ,101.0,104.0,99.2,100.2,100.43,100.79,354161,36018036.54,3531
2026-05-19,INE024001021,AEROFLEX,EQ,371.5,389.0,363.0,381.8,383.3,368.9,3721146,1418690152.55,50020
2026-05-19,INE035801013,AERONEU,EQ,88.67,95.0,85.3,93.55,94.5,86.49,120871,10900959.4,1886
2026-05-19,INE0WL801011,AERON,SM,96.15,96.15,96.15,96.15,96.15,96.35,1000,96150.0,1
2026-05-19,INE0TSF01011,AESTHETIK,SM,75.0,75.0,72.0,73.0,73.0,76.5,33000,2441000.0,32
2026-05-19,INE0BWX01014,AETHER,EQ,1110.0,1110.0,1081.1,1095.9,1096.0,1114.9,215246,235986137.8,16164
2026-05-19,INE101I01011,AFCONS,EQ,296.5,324.75,289.8,315.75,316.0,317.55,5794407,1780733007.2,84295
2026-05-19,INE00WC01027,AFFLE,EQ,1451.9,1503.6,1451.4,1457.2,1456.3,1456.2,193426,285939601.8,23792
2026-05-19,INE692Z01013,AFFORDABLE,BE,164.95,169.05,159.4,163.9,164.0,164.49,16370,2681856.98,180
2026-05-19,INE916Y07065,1150AFIL28,N0,9700.0,9710.0,9700.0,9710.0,9710.0,9795.0,10,97010.0,5
2026-05-19,INE916Y07040,12AFIL27A,N0,9900.0,9900.0,9900.0,9900.0,9900.0,9900.0,2,19800.0,1
2026-05-19,INE916Y07057,12AFIL28,N0,9900.3,9971.99,9805.0,9971.0,9971.0,9805.01,27,267614.25,7
2026-05-19,INE0MLA01012,AGARWALFT,ST,34.25,34.25,34.25,34.25,34.25,36.0,3000,102750.0,2
2026-05-19,INE204E01012,AGARIND,EQ,406.2,412.95,400.0,403.75,404.8,404.25,19815,8046993.25,1329
2026-05-19,INE0P8X01016,AGARWALTUF,SM,124.7,124.7,123.5,123.6,123.5,124.7,10800,1337340.0,9
2026-05-19,INE415A01038,AGI,EQ,575.65,589.1,575.0,577.8,579.8,572.85,133104,77438418.9,8719
2026-05-19,INE976R01033,AGIIL,EQ,379.9,394.2,373.4,381.35,380.0,378.85,4272067,1642890015.6,23118
2026-05-19,INE0LF301013,AGNI,SM,19.55,20.8,19.55,20.0,20.0,20.55,7500,150875.0,3
2026-05-19,INE449G01018,AGRITECH,EQ,108.0,109.8,106.1,107.14,106.25,107.59,1641,175912.73,99
2026-05-19,INE740V01019,AGROPHOS,EQ,29.75,30.3,29.15,29.68,29.83,29.71,10567,314786.03,91
2026-05-19,INE00PV01013,AHLADA,EQ,41.0,42.39,36.71,39.25,40.0,41.45,60204,2338807.22,576
2026-05-19,INE758C01029,AHLUCONT,EQ,789.6,800.1,785.0,789.7,785.0,789.6,11673,9272180.0,1495
2026-05-19,INE212H01026,AIAENG,EQ,3876.0,4040.9,3867.3,4002.6,4009.0,3883.3,35842,143334380.6,7382
2026-05-19,INE0RUV01018,AIMTRON,SM,1059.1,1091.35,1050.0,1071.5,1072.85,1037.85,40400,43168750.0,182
2026-05-19,INE805A01014,GOLDTECH,EQ,40.21,41.02,38.72,40.11,40.6,40.19,18559,746400.63,697
2026-05-19,INE645W01026,AIRAN,EQ,16.27,16.93,16.25,16.31,16.49,16.67,58422,960002.58,536
2026-05-19,INE801L01010,AIROLAM,EQ,84.0,85.46,84.0,84.16,84.16,84.0,169,14319.28,11
2026-05-19,INE031B01049,AJANTPHARM,EQ,3249.1,3314.9,3172.1,3248.2,3270.0,3214.1,158173,515353780.2,36737
2026-05-19,INE274Y01021,AJAXENGG,EQ,533.95,576.95,533.9,568.0,567.2,524.75,338484,191606154.0,13624
2026-05-19,INE298G01035,AJMERA,EQ,122.68,125.09,118.3,120.06,120.0,122.68,293002,35714738.67,4309
2026-05-19,INE820Y01021,AJOONI,EQ,4.11,4.19,4.08,4.17,4.19,4.09,201397,832466.47,302
2026-05-19,INE0PCY01014,AKANKSHA,ST,93.7,95.0,90.45,95.0,95.0,93.7,7000,655550.0,6
2026-05-19,INE737W01013,AKASH,EQ,26.65,27.25,26.65,26.77,27.19,26.14,5195,139692.81,53
2026-05-19,INE00Y801016,AKG,EQ,11.04,11.7,11.04,11.19,11.2,11.06,4443,50575.51,65
2026-05-19,INE642Z01026,AKI,EQ,4.79,4.99,4.7,4.86,4.9,4.8,50938,245172.43,230
2026-05-19,INE0PMR01017,AKIKO,ST,280.95,280.95,258.15,270.0,270.0,270.8,8800,2362120.0,11
2026-05-19,INE916Y01027,AFIL,BE,8.85,9.09,8.71,8.82,8.88,8.79,294353,2619129.11,452
2026-05-19,INE523B01011,AKSHOPTFBR,BE,6.41,6.41,6.41,6.41,6.41,6.54,58173,372888.93,69
2026-05-19,INE256Z01025,AKSHAR,EQ,0.5,0.5,0.48,0.49,0.5,0.49,520623,258023.54,236
2026-05-19,INE542B01011,AKSHARCHEM,EQ,197.82,203.8,196.21,197.66,200.0,197.82,965,192967.97,173
2026-05-19,INE09XN01023,AKUMS,EQ,519.75,530.9,517.95,519.8,519.8,519.75,301490,157944764.6,14592
2026-05-19,INE914E01040,ALANKIT,EQ,8.6,8.85,8.05,8.62,8.66,8.65,255569,2162627.57,1251
2026-05-19,INE155C01010,ALBERTDAVD,EQ,708.95,719.2,708.95,716.45,716.95,708.95,1145,819011.95,94
2026-05-19,INE426A01027,ALEMBICLTD,EQ,88.55,91.26,88.55,89.84,89.7,88.36,179530,16173203.95,3648
2026-05-19,INE901L01018,APLLTD,EQ,728.0,768.5,727.55,751.1,752.9,724.4,220439,165186589.5,15999
2026-05-19,INE598D01035,ALGOQUANT,EQ,59.56,59.56,57.51,58.45,57.51,58.68,1152188,67009580.16,3540
2026-05-19,INE062D01024,ALICON,EQ,635.7,655.8,635.05,653.05,651.0,645.4,10009,6477837.7,1066
2026-05-19,INE03Q201024,ALIVUS,EQ,1055.3,1074.9,1050.2,1061.6,1062.0,1055.3,48645,51611573.7,6264
2026-05-19,INE773I01017,ALKALI,EQ,63.13,65.66,63.13,64.68,65.66,63.59,1155,74641.81,35
2026-05-19,INE540L01014,ALKEM,EQ,5465.0,5605.5,5445.5,5470.0,5467.5,5468.0,105741,585256911.5,26942
2026-05-19,INE150B01039,ALKYLAMINE,EQ,1719.2,1803.9,1706.3,1766.3,1760.0,1711.0,148837,262072166.8,21431
2026-05-19,INE0M2X01012,ALLETEC,SM,150.15,153.0,147.0,152.0,152.0,146.2,18800,2818140.0,37
2026-05-19,INE0GV601021,ALLTIME,EQ,230.13,240.0,229.99,235.39,233.0,230.13,39157,9248752.88,2560
2026-05-19,INE418H01029,ALLCARGO,EQ,8.71,8.97,8.54,8.66,8.6,8.57,2816077,24460633.3,3685
2026-05-19,INE0NN701020,ATL,EQ,24.21,26.0,24.21,24.46,24.35,24.26,115986,2854741.65,689
2026-05-19,INE835G01018,ALLDIGI,EQ,800.0,830.0,791.05,825.4,827.85,796.05,4539,3721432.4,384
2026-05-19,INE552Z01027,ABDL,EQ,520.0,539.7,505.15,531.5,531.5,527.6,470772,248359868.4,15089
2026-05-19,INE102I01027,ADSL,EQ,122.56,127.99,122.56,124.56,124.65,122.56,146438,18386246.91,4094
2026-05-19,INE326B01035,ALMONDZ,EQ,14.1,14.6,14.06,14.35,14.34,14.55,38023,546046.53,269
2026-05-19,INE270A01029,ALOKINDS,EQ,13.22,13.29,12.83,12.88,12.85,13.18,8258868,106841424.76,13454
2026-05-19,INE385I01010,ALPA,EQ,69.95,71.0,69.0,69.78,69.1,69.62,4855,340038.82,111
2026-05-19,INE0R4701017,ALPEXSOLAR,SM,949.85,997.7,942.5,980.85,985.1,937.85,69000,66987310.0,467
2026-05-19,INE137C01018,ALPHAGEO,EQ,229.95,235.0,227.3,229.65,231.0,229.14,7036,1617187.01,276
2026-05-19,INE0STM01017,ALUWIND,SM,47.25,48.5,47.25,48.5,48.5,49.15,3000,143625.0,2
2026-05-19,INE121R01077,AMAGI,EQ,408.7,415.0,395.5,406.65,406.0,400.2,77110,31214842.8,6648
2026-05-19,INE084K01015,AMANTA,EQ,126.0,135.0,126.0,132.36,132.0,125.82,101401,13337400.75,2516
2026-05-19,INE885A01032,ARE&M,EQ,809.95,826.6,809.15,817.2,813.0,809.15,327891,268690790.8,21516
2026-05-19,INE293601014,AMBAAUTO,SM,130.0,132.5,126.5,130.0,130.0,128.5,85000,10999400.0,23
2026-05-19,INE432A01017,AMBALALSA,EQ,31.06,32.2,31.0,31.26,31.5,31.32,38176,1207824.33,320
2026-05-19,INE371P01015,AMBER,EQ,7158.0,7208.0,6955.0,7128.5,7115.0,7153.5,1102307,7821770450.5,101669
2026-05-19,INE0M3I01029,AMBEY,ST,26.0,26.0,25.75,25.75,25.75,27.1,16000,414000.0,8
2026-05-19,INE792B01012,AMBICAAGAR,EQ,24.48,24.48,23.1,23.82,24.0,23.77,6662,157947.79,56
2026-05-19,INE540G01014,AMBIKCO,EQ,1589.0,1589.0,1520.7,1530.2,1539.0,1532.0,6158,9426930.6,558
2026-05-19,INE079A01024,AMBUJACEM,EQ,430.5,434.6,428.8,431.7,431.0,430.15,1856159,802836788.2,27467
2026-05-19,INE005I01014,AMDIND,EQ,44.45,46.4,44.45,45.02,45.3,45.07,22470,1023225.27,154
2026-05-19,INE0KT901015,AMEYA,SM,113.0,115.9,113.0,115.9,115.9,113.0,3000,343900.0,3
2026-05-19,INE275D01022,AMNPLST,EQ,194.07,219.0,188.42,197.33,197.0,194.07,75727,15481316.3,3239
2026-05-19,INE05TO01019,AMIRCHAND,EQ,126.0,131.24,125.51,130.57,130.5,125.99,534510,68873381.97,5939
2026-05-19,INE606A01024,AMJLAND,EQ,38.2,39.8,38.2,38.44,39.3,37.93,6718,260328.25,100
2026-05-19,INE098F01031,AMRUTANJAN,EQ,557.0,562.9,551.4,557.35,552.5,557.85,10722,5992083.95,1250
2026-05-19,INE549H01021,ARSSBL,EQ,517.45,533.35,517.0,530.05,528.65,519.65,243221,128268467.8,8612
2026-05-19,INE463V01026,ANANDRATHI,EQ,3572.0,3594.9,3531.2,3566.7,3560.0,3575.7,193842,691070021.5,14003
2026-05-19,INE242C01024,ANANTRAJ,EQ,480.0,489.6,477.2,482.45,482.45,476.25,1533816,741282146.3,33491
2026-05-19,INE1UA823019,ANANTAM,IV,107.0,107.56,106.11,107.05,107.56,107.32,2394,256062.93,75
2026-05-19,INE0VG001016,AMCL,SM,499.7,554.0,499.7,534.6,549.95,503.7,37600,19800620.0,78
2026-05-19,INE666E01020,ACL,EQ,56.0,56.0,54.73,55.12,55.6,54.68,6420,354334.83,160
2026-05-19,INE435A01051,ANDHRAPAP,EQ,64.88,64.99,63.01,63.26,63.19,63.44,59386,3777988.73,1554
2026-05-19,INE715B01021,ANDHRSUGAR,EQ,88.2,91.54,88.2,90.82,90.97,87.74,297663,26838334.49,5407
2026-05-19,INE732I01021,ANGELONE,EQ,303.95,330.0,303.9,328.0,329.8,303.95,20805019,6707356901.8,167954
2026-05-19,INE635Y01015,AISL,SM,55.05,59.4,55.05,59.4,59.4,57.85,1800,101730.0,3
2026-05-19,INE087B01017,ANIKINDS,BE,43.15,43.5,41.7,42.14,43.47,43.19,2406,102896.76,47
2026-05-19,INE071F01012,APCL,EQ,111.47,116.55,111.2,115.84,116.55,110.53,1425,162420.23,70
2026-05-19,INE106I01010,ANKITMETAL,BZ,1.64,1.64,1.56,1.62,1.63,1.59,51631,83817.95,34
2026-05-19,INE0Y8W01025,AHCL,EQ,13.69,13.76,13.35,13.47,13.41,13.49,961897,13029651.24,2179
2026-05-19,INE0LR101013,ANLON,ST,550.05,551.0,550.0,550.0,550.0,550.0,1200,660420.0,3
2026-05-19,INE02AR01019,ANMOL,EQ,11.86,12.0,11.43,11.47,11.46,11.63,22790,263442.77,168
2026-05-19,INE0MGM01017,ANNAPURNA,SM,143.95,146.0,141.2,145.05,144.0,140.9,53000,7660212.5,117
2026-05-19,INE0VTV01012,ANONDITA,SM,970.0,1014.0,955.1,993.0,990.0,953.55,35600,35416690.0,119
2026-05-19,INE436A01026,ANSALAPI,BZ,4.45,4.45,4.41,4.42,4.45,4.49,16351,72268.99,18
2026-05-19,INE414B01021,ANTGRAPHIC,EQ,0.85,0.89,0.83,0.86,0.86,0.85,121733,104699.07,202
2026-05-19,INE818A01017,ANTELOPUS,EQ,778.05,784.9,745.0,750.3,758.0,779.6,107579,82260783.65,6411
2026-05-19,INE0CZ201020,ANTHEM,EQ,799.8,814.8,779.65,787.35,780.0,788.85,293810,233968546.8,17466
2026-05-19,INE01BK01022,AWHCL,EQ,463.85,478.8,460.1,471.6,475.0,463.85,67451,31831285.05,5059
2026-05-19,INE489G01022,ANUHPHR,EQ,77.88,80.86,77.79,79.76,80.0,77.56,34407,2728895.13,602
2026-05-19,INE930P01018,ANURAS,EQ,1378.2,1378.2,1351.2,1361.4,1366.3,1361.1,170546,232796940.5,7582
2026-05-19,INE0SI601032,ANYA,SM,16.55,17.1,16.55,16.95,16.95,17.7,90000,1529750.0,10
2026-05-19,INF1J2R01114,AONEGOLD,EQ,15.09,15.09,14.67,14.72,14.73,14.65,432046,6357373.79,1442
2026-05-19,INF1J2R01056,AONELIQUID,EQ,1059.99,1059.99,1059.97,1059.98,1059.99,1059.84,7718,8180959.67,79
2026-05-19,INF1J2R01064,AONENIFTY,EQ,9.93,9.93,9.68,9.7,9.75,9.69,175207,1703931.06,1410
2026-05-19,INF1J2R01171,AONESILVER,EQ,10.15,10.25,10.1,10.12,10.15,10.1,328226,3333469.12,879
2026-05-19,INF1J2R01148,AONETMMQ50,EQ,10.16,10.22,10.11,10.16,10.17,10.11,46345,472193.02,233
2026-05-19,INF1J2R01015,AONETOTAL,EQ,11.74,11.74,11.11,11.37,11.32,11.4,246515,2813577.67,1166
2026-05-19,INE372A01015,APARINDS,EQ,12220.0,12393.0,11864.0,12327.0,12280.0,12154.0,82373,1004909200.0,24649
2026-05-19,INE116A01032,APCOTEXIND,EQ,490.0,523.0,488.0,508.45,505.0,483.2,202933,103205712.7,9036
2026-05-19,INE0T4V01015,APEXECO,ST,196.95,205.0,187.3,189.0,189.0,197.15,24800,4745000.0,26
2026-05-19,INE346W01013,APEX,EQ,430.0,437.7,428.0,430.65,430.0,429.6,318470,137548018.1,8338
2026-05-19,INE702C01027,APLAPOLLO,EQ,1882.0,1888.9,1853.6,1864.5,1863.0,1876.0,352685,658012634.9,28973
2026-05-19,INE0TLC07085,930APMD27,N0,100060.01,100760.0,100060.01,100760.0,100760.0,100000.0,10,1004100.05,3
2026-05-19,INE0TLC07093,930APMD28,N0,101200.0,101200.0,101200.0,101200.0,101200.0,101580.0,2,202400.0,1
2026-05-19,INE0TLC07069,930APMD29,N0,101800.0,101800.0,101800.0,101800.0,101800.0,102074.79,2,203600.0,1
2026-05-19,INE0TLC07036,930APMD35,N0,106999.0,106999.0,106899.0,106899.0,106899.0,104900.0,6,641894.0,2
2026-05-19,INE437A01024,APOLLOHOSP,EQ,8030.0,8093.5,7983.0,8026.0,8042.0,8020.5,396261,3185531153.0,38494
2026-05-19,INE713T01028,APOLLO,EQ,326.8,357.7,317.8,340.7,342.5,311.0,114856385,38970090386.8,740077
2026-05-19,INE126J01016,APOLLOPIPE,EQ,516.0,523.9,505.95,509.1,507.0,508.35,287913,148507655.85,9446
2026-05-19,INE451F01024,APOLSINHOT,EQ,1095.0,1133.0,1093.0,1100.4,1100.0,1093.8,295,324584.2,69
2026-05-19,INE438A01022,APOLLOTYRE,EQ,378.95,379.65,370.0,371.9,373.0,375.15,3739290,1393338178.85,78029
2026-05-19,INE0LQG01010,APRAMEYA,SM,175.0,195.0,175.0,191.6,192.85,177.55,7500,1403350.0,14
2026-05-19,INE1OOJ01011,APSISAERO,ST,269.5,269.5,269.45,269.45,269.45,283.6,18000,4850160.0,15
2026-05-19,INE266F01018,APTECHT,EQ,98.41,101.9,97.5,98.27,97.8,97.73,454006,45056310.87,4899
2026-05-19,INE852O01025,APTUS,EQ,255.8,257.9,253.75,254.55,254.5,257.1,498188,127152069.2,20249
2026-05-19,INE416A01051,AQYLON,EQ,56.52,58.64,55.45,57.44,57.41,56.52,4362920,252993141.21,5900
2026-05-19,INE0YDV01010,ARCIIL,ST,56.0,56.0,56.0,56.0,56.0,58.2,1000,56000.0,1
2026-05-19,INE128X01021,ACI,EQ,543.95,544.85,534.15,538.8,534.15,539.25,70820,38208792.25,4463
2026-05-19,INE0CHO01012,ADL,EQ,73.36,78.0,73.36,75.9,75.9,73.36,163,12320.1,8
2026-05-19,INE877I01016,ARCHIDPLY,EQ,78.54,81.8,78.54,79.99,80.4,79.28,6581,529088.52,222
2026-05-19,INE731A01020,ARCHIES,EQ,14.33,14.99,14.33,14.82,14.95,14.26,8330,122463.57,51
2026-05-19,INE784R01023,ARFIN,EQ,87.3,89.79,86.53,89.21,89.15,88.31,1888499,165438280.42,6218
2026-05-19,INE0L2Y01011,ARHAM,SM,140.05,140.65,139.95,139.95,139.95,140.75,14000,1964500.0,13
2026-05-19,INE298I01015,ARIES,EQ,358.05,363.5,355.0,356.4,357.95,357.05,22529,8075526.4,900
2026-05-19,INE0NCC01015,ARIHANTACA,SM,450.0,450.0,450.0,450.0,450.0,438.0,400,180000.0,1
2026-05-19,INE420B01036,ARIHANTCAP,EQ,69.0,70.48,68.26,68.93,68.98,68.23,194533,13518159.67,2193
2026-05-19,INE413D01011,ARIHANT,EQ,771.1,877.3,751.0,852.35,863.8,806.15,4086,3353623.25,579
2026-05-19,INE643K01018,ARIHANTSUP,EQ,261.0,268.95,241.2,245.15,243.9,258.5,734897,188551576.75,12923
2026-05-19,INE0H9P01028,ARIS,EQ,127.0,127.8,123.01,125.06,125.95,126.37,708914,88820899.11,11092
2026-05-19,INE0QRL01017,ARKADE,EQ,115.3,115.79,113.1,114.16,113.21,113.56,141350,16236478.59,1901
2026-05-19,INE109C01017,ARMANFIN,EQ,1731.0,1755.4,1674.3,1682.0,1676.0,1719.8,25860,44374665.4,3716
2026-05-19,INE210C01013,AROGRANITE,EQ,25.2,26.74,25.08,25.17,25.12,25.2,4595,118118.91,192
2026-05-19,INE570D01018,ARROWGREEN,EQ,479.5,487.3,465.05,467.7,467.5,474.3,24549,11690648.35,2393
2026-05-19,INE968D01022,ARSHIYA,BZ,1.2,1.2,1.14,1.17,1.2,1.19,281342,324704.25,161
2026-05-19,INE738V01013,ARTNIRMAN,EQ,38.4,40.41,38.4,40.12,40.0,38.49,3847,153766.46,30
2026-05-19,INE757T01025,AEPL,EQ,16.0,16.43,16.0,16.18,16.18,15.92,3717,59938.13,43
2026-05-19,INE025R01021,ARTEMISMED,EQ,271.1,280.78,271.1,275.22,273.5,272.46,104113,28839951.97,5230
2026-05-19,INE0TTG01017,ARUNAYA,ST,28.55,30.6,28.55,29.35,29.95,29.9,536000,15950700.0,182
2026-05-19,INE006Z01016,ARVEE,EQ,162.0,166.75,158.0,163.89,166.0,155.4,1247,203750.91,92
2026-05-19,INE955V01021,ARVINDFASN,EQ,421.4,435.55,421.4,429.3,433.0,429.0,154692,66761843.2,10374
2026-05-19,INE034A01011,ARVIND,EQ,472.0,489.9,470.0,485.8,487.5,472.6,1111479,537503616.6,25918
2026-05-19,INE0P4T01013,ARVINDPORT,ST,33.75,34.0,33.75,34.0,34.0,33.75,4500,152625.0,3
2026-05-19,INE034S01021,ARVSMART,EQ,586.9,604.0,580.95,589.5,590.0,583.5,23914,14231698.75,1362
2026-05-19,INE439A01020,ASAHIINDIA,EQ,800.5,845.95,796.4,837.75,833.95,802.7,136107,112555951.5,12645
2026-05-19,INE228I01012,ASAHISONG,EQ,228.12,240.9,227.08,239.22,240.0,227.92,47764,11269368.49,1765
2026-05-19,INE08KD01015,ASCOM,ST,252.0,274.0,252.0,256.2,252.5,264.9,5000,1312150.0,10
2026-05-19,INE0LAA01017,ASHALOG,SM,61.0,62.0,61.0,62.0,62.0,59.5,3000,184000.0,3
2026-05-19,INE348A01023,ASHAPURMIN,EQ,641.0,656.5,634.0,638.2,639.9,640.3,408050,263368308.45,12153
2026-05-19,INE365D01021,ASHIANA,EQ,355.0,368.2,355.0,364.45,361.3,356.25,46105,16733687.6,2456
2026-05-19,INE094B01013,ASHIKA,EQ,386.0,386.0,375.2,379.8,380.5,380.55,107817,41141276.65,1387
2026-05-19,INE440A01010,ASHIMASYN,EQ,16.35,16.97,16.1,16.22,16.12,16.59,59372,979298.19,447
2026-05-19,INE208A01029,ASHOKLEY,EQ,150.61,153.16,149.02,151.38,151.2,151.14,22007430,3331564225.29,86732
2026-05-19,INE442H01029,ASHOKA,EQ,125.33,126.3,124.0,124.27,124.0,125.09,680183,85069021.28,13197
2026-05-19,INE760Y01011,ASHOKAMET,EQ,15.9,16.6,15.8,16.05,15.95,15.66,15250,246047.98,97
2026-05-19,INE1A6Q01010,ASHWINI,SM,149.0,151.8,148.0,148.35,149.0,145.1,9000,1341900.0,9
2026-05-19,INE276G01015,ASIANENE,EQ,312.0,325.8,309.25,320.0,322.8,310.05,747880,239078082.45,16178
2026-05-19,INE022I01019,ASIANTILES,EQ,59.02,62.95,59.01,62.3,61.3,59.41,4107002,250595009.81,14943
2026-05-19,INE926K01017,AHLEAST,EQ,158.0,162.0,158.0,160.1,160.1,158.0,814,130584.81,30
2026-05-19,INE363A01022,ASIANHOTNR,EQ,300.15,302.15,293.0,295.05,297.0,300.1,26529,7974209.4,472
2026-05-19,INE915K01010,AHLWEST,BE,649.15,649.15,649.15,649.15,649.15,618.25,1051,682256.65,27
2026-05-19,INE021A01026,ASIANPAINT,EQ,2629.0,2646.0,2595.1,2600.7,2597.6,2614.0,688639,1803309833.7,61364
2026-05-19,INE491J01022,ASKAUTOLTD,EQ,452.25,462.0,448.35,455.8,457.0,452.25,105006,47878089.45,6906
2026-05-19,INE991I01015,ASPINWALL,EQ,229.33,231.28,226.3,229.8,229.98,229.33,1209,276568.04,23
2026-05-19,INE0S7801010,ASPIRE,SM,15.5,15.5,15.5,15.5,15.5,15.5,8000,124000.0,4
2026-05-19,INE073G01016,ASALCBR,EQ,825.0,843.95,793.5,803.1,812.0,832.4,44035,35966769.85,3060
2026-05-19,INE563J01010,ASTEC,EQ,748.0,761.85,723.0,738.75,735.05,754.75,196637,146921260.3,9770
2026-05-19,INE914M01019,ASTERDM,EQ,759.0,759.0,745.5,748.9,749.5,755.25,308190,231052878.6,15720
2026-05-19,INE386C01029,ASTRAMICRO,EQ,1087.1,1110.0,1083.0,1092.7,1091.0,1087.2,136976,150021821.2,11927
2026-05-19,INE006I01046,ASTRAL,EQ,1545.0,1545.7,1440.5,1448.9,1444.0,1545.7,2377878,3477301116.2,105670
2026-05-19,INE203A01020,ASTRAZEN,EQ,8524.5,8736.0,8489.5,8695.5,8700.0,8513.5,5835,50557048.5,1678
2026-05-19,INE646X01014,ASTRON,BE,4.19,4.34,4.03,4.21,4.2,4.2,15417,63451.84,43
2026-05-19,INE0ALR01029,ATALREAL,EQ,28.7,28.76,27.92,28.28,28.12,28.2,3688971,104974442.66,3996
2026-05-19,INE09KD01013,ATAM,EQ,68.2,79.0,68.2,70.91,70.32,68.39,30179,2228561.22,1549
2026-05-19,INE0V0Q01019,ATCENERGY,ST,30.9,30.9,30.9,30.9,30.9,30.75,1200,37080.0,1
2026-05-19,INE0LEZ01016,ATHERENERG,EQ,913.0,923.2,902.05,910.3,910.0,910.35,2287419,2088777240.2,86766
2026-05-19,IN90NN701011,ATLPP,E1,9.51,10.02,9.5,9.5,9.5,9.5,1294,12298.37,13
2026-05-19,INE0Z4F01028,ATLANTAELE,EQ,1630.0,1670.1,1570.0,1582.9,1585.0,1646.1,151541,243715387.7,17905
2026-05-19,INE285H01022,ATLANTAA,EQ,49.4,49.8,44.15,45.31,44.52,47.17,433597,20392319.65,2729
2026-05-19,INE446A01025,ATLASCYCLE,EQ,99.9,103.0,97.12,99.54,99.5,97.74,12826,1279181.24,203
2026-05-19,INE05DH01017,ATMASTCO,ST,178.45,186.8,177.05,178.1,177.05,183.45,31600,5782820.0,52
2026-05-19,INE951D01028,ATULAUTO,EQ,510.0,510.35,493.3,496.95,493.3,506.65,186867,93432656.05,6679
2026-05-19,INE100A01010,ATUL,EQ,6905.0,7135.0,6905.0,7050.0,7035.0,6882.5,27743,195743248.5,8419
2026-05-19,INE949L01017,AUBANK,EQ,980.0,982.9,968.6,971.9,971.7,979.0,1093206,1064497965.0,46611
2026-05-19,INE925Y01036,AURIGROW,EQ,0.32,0.32,0.31,0.31,0.32,0.31,7579871,2381944.95,960
2026-05-19,INE132H01018,AURIONPRO,EQ,735.3,760.0,727.9,730.9,731.0,734.5,147000,109348501.5,8508
2026-05-19,INE406A01037,AUROPHARMA,EQ,1500.5,1530.0,1499.8,1512.8,1513.9,1500.5,1538969,2330545425.4,68741
2026-05-19,INE898S01029,AURUM,EQ,172.5,176.99,172.5,175.49,175.3,172.77,101360,17684239.03,1805
2026-05-19,INE218C01016,AUSOMENT,BE,123.0,123.8,117.67,121.0,121.0,123.14,3568,431397.46,55
2026-05-19,INE0P0001010,APS,SM,336.45,365.0,336.45,352.75,353.0,334.45,36000,12837962.5,129
2026-05-19,INE206F01022,AIIL,EQ,497.5,503.0,483.45,496.7,502.9,497.5,171217,84291367.85,10662
2026-05-19,INE718H01014,AUTOIND,EQ,79.3,93.14,78.63,87.82,88.0,77.62,4856471,437098380.14,29217
2026-05-19,INE449A01011,AUTOAXLES,EQ,1686.5,1738.0,1652.1,1692.5,1684.0,1677.7,13961,23764363.7,1675
2026-05-19,INE900C01027,ASAL,EQ,469.15,488.9,469.15,482.7,484.0,469.15,25941,12510320.45,1424
2026-05-19,INE349W01017,AVADHSUGAR,BE,472.0,485.0,465.5,481.85,482.0,480.9,11122,5280615.0,310
2026-05-19,INE325G01010,AVAILFC,EQ,146.05,164.4,146.0,157.96,157.12,148.69,21025,3325997.86,547
2026-05-19,INE0LCL01028,AVALON,EQ,1324.1,1370.0,1286.6,1356.7,1353.0,1317.0,506973,679930554.4,36564
2026-05-19,INE1KU201016,AVANA,ST,149.95,149.95,140.3,148.0,148.0,143.15,14000,2059600.0,7
2026-05-19,INE005B01027,AVANTEL,EQ,148.15,156.8,148.15,151.34,150.03,148.15,2276498,347395084.27,20711
2026-05-19,INE871C01038,AVANTIFEED,EQ,1263.0,1285.9,1243.5,1267.4,1265.0,1257.1,287237,363960900.8,19543
2026-05-19,INE192R01011,DMART,EQ,4304.0,4315.5,4211.0,4236.0,4233.0,4304.7,367515,1558321442.3,38764
2026-05-19,INE483S01020,CCAVENUE,EQ,13.53,13.94,13.53,13.85,13.82,13.56,6850533,94503273.39,7102
2026-05-19,INE680Z01018,AVG,EQ,159.0,168.0,159.0,166.05,166.0,159.04,22393,3697959.46,513
2026-05-19,INE0TFB01017,AVIANSH,SM,112.0,112.0,111.25,111.5,111.75,111.5,3000,335000.0,3
2026-05-19,INE323B01024,AVONMORE,EQ,10.9,11.29,10.73,11.19,11.28,10.87,283381,3142661.39,1532
2026-05-19,INE0R9401019,AVPINFRA,SM,82.1,82.1,82.1,82.1,82.1,86.4,28800,2364480.0,21
2026-05-19,INE652Z01025,AVROIND,EQ,10.7,10.7,10.02,10.12,10.16,10.42,102682,1057211.19,435
2026-05-19,INE488D01021,AVTNPL,EQ,67.49,68.49,65.67,68.08,67.56,66.99,23645,1587734.16,381
2026-05-19,INE108V01019,AWFIS,EQ,320.1,327.8,314.35,316.9,318.75,322.25,127626,40957192.45,4633
2026-05-19,INE699H01024,AWL,EQ,200.19,203.4,199.52,202.17,201.15,199.37,1461706,294896382.18,22085
2026-05-19,INE238A01034,AXISBANK,EQ,1238.5,1249.8,1231.3,1238.3,1237.9,1237.9,9200314,11406900377.6,358380
2026-05-19,INF846K01W80,AXISGOLD,EQ,130.31,131.92,130.31,131.74,131.71,130.49,1486253,195491002.07,4364
2026-05-19,INF846K01X63,AXISBNKETF,EQ,551.0,552.78,548.37,549.83,550.0,550.96,345,189890.45,43
2026-05-19,INF846K016C7,AXISCETF,EQ,116.98,117.17,116.03,116.72,116.72,116.41,733,85744.85,15
2026-05-19,INF846K01Z12,AXISHCETF,EQ,161.39,162.31,160.6,160.92,161.23,160.59,6322,1022419.86,73
2026-05-19,INF846K011K1,AXISILVER,EQ,266.4,266.89,262.49,263.11,264.25,263.41,309699,81845917.29,4651
2026-05-19,INF846K01W98,AXISNIFTY,EQ,264.8,264.8,259.36,259.55,260.16,260.19,17106,4460415.2,239
2026-05-19,INF846K01Y96,AXISTECETF,EQ,316.7,345.71,316.7,328.61,345.71,311.32,1042180,337551866.59,1687
2026-05-19,INF846KA1119,AXISVALUE,EQ,33.34,33.6,33.25,33.38,33.42,33.18,36455,1219257.67,214
2026-05-19,INF846K010Q0,AXSENSEX,EQ,77.92,78.49,77.54,78.33,78.49,77.54,4000,312096.39,44
2026-05-19,INE555B01013,AXISCADES,EQ,2018.0,2109.5,2016.5,2044.5,2046.0,2009.1,128173,265410210.6,8908
2026-05-19,INE02EZ01022,AXITA,EQ,7.98,8.0,7.83,7.87,7.9,7.87,286579,2256559.17,951
2026-05-19,INE501X01029,AYE,EQ,132.1,139.9,128.2,138.43,138.01,128.11,3260065,433511917.64,25669
2026-05-19,INE193B01039,AYMSYNTEX,EQ,226.39,240.3,226.39,227.83,227.25,232.41,11554,2672912.62,577
2026-05-19,INE02IJ01035,AZAD,EQ,1940.0,1958.0,1890.1,1913.2,1900.0,1920.4,528921,1018064214.7,35303
2026-05-19,INE489D01011,BNALTD,EQ,363.0,363.0,350.0,355.0,355.0,360.3,59,20820.5,9
2026-05-19,INE01EE01011,BBTCL,EQ,190.18,195.0,189.6,192.09,190.01,192.6,1170,225429.22,47
2026-05-19,INE116D01028,BAGFILMS,EQ,4.82,5.04,4.82,4.99,4.99,4.87,39858,197576.97,128
2026-05-19,INE350H01032,BLKASHYAP,EQ,52.51,55.55,52.21,54.73,54.75,52.51,403620,22000440.91,4067
2026-05-19,INE01FR01028,STYLEBAAZA,BE,352.0,365.0,351.55,351.55,351.55,370.05,363911,129269569.3,2893
2026-05-19,INE0QW501012,BABAFP,SM,27.45,28.6,27.45,28.6,28.6,27.5,3200,89680.0,2
2026-05-19,INE878I01022,BAFNAPH,EQ,137.4,138.0,133.05,134.69,135.67,135.3,1207,162372.6,43
2026-05-19,INE2OVN25015,BAGMANE,RR,104.02,104.9,103.5,103.92,103.94,104.02,4407325,458861218.25,13848
2026-05-19,INE029Q01017,BAHETI,SM,615.0,617.0,602.85,606.9,606.95,606.15,19875,12121087.5,46
2026-05-19,INE020D01022,BAIDFIN,EQ,10.49,10.84,9.8,10.28,10.28,10.49,241048,2471310.83,698
2026-05-19,INE917I01010,BAJAJ-AUTO,EQ,10198.5,10285.0,10143.0,10205.0,10192.0,10198.5,151592,1548729000.5,37669
2026-05-19,INE933K01021,BAJAJCON,EQ,526.0,541.55,522.0,526.75,525.0,521.3,462839,245076845.8,17532
2026-05-19,INE193E01025,BAJAJELEC,EQ,354.2,355.0,343.8,346.9,347.0,356.8,432814,150401574.45,19199
2026-05-19,INE296A01032,BAJFINANCE,EQ,927.6,930.0,920.1,923.55,928.0,921.1,8313548,7686185697.05,88556
2026-05-19,INE918I01026,BAJAJFINSV,EQ,1745.2,1765.0,1743.0,1749.8,1745.2,1753.1,640335,1122562154.3,52443
2026-05-19,INE411U01027,BAJAJHCARE,EQ,279.75,293.4,277.05,288.55,291.0,274.95,399535,114106800.7,17949
2026-05-19,INE306A01021,BAJAJHIND,EQ,17.27,18.02,17.24,17.72,17.7,17.27,7145318,126105774.98,9498
2026-05-19,INE118A01012,BAJAJHLDNG,EQ,10367.0,10475.0,10270.0,10313.0,10320.0,10367.0,30959,321006425.0,9057
2026-05-19,INE377Y01014,BAJAJHFL,EQ,84.0,84.39,83.48,83.9,83.9,83.79,1992368,167123810.09,21368
2026-05-19,INE704G01024,BAJAJST,EQ,400.0,426.5,400.0,411.35,408.6,399.85,12669,5238306.7,737
2026-05-19,INE0KQN01018,BAJEL,EQ,172.25,177.25,172.25,173.9,173.0,172.99,127840,22330184.8,3072
2026-05-19,INE083D01012,BALPHARMA,EQ,78.2,80.45,76.94,78.29,78.73,76.88,10175,801146.93,189
2026-05-19,INE050E01027,BALAMINES,EQ,1746.0,1780.0,1695.0,1708.8,1710.0,1763.0,436809,757650713.6,40738
2026-05-19,INE794B01026,BALAJITELE,EQ,91.0,98.4,90.31,92.1,92.38,90.48,1034946,97367521.78,14675
2026-05-19,INE618N01022,BALAXI,BE,24.1,25.35,23.4,24.4,24.47,24.59,24956,611134.06,176
2026-05-19,INE787D01026,BALKRISIND,EQ,2119.0,2147.9,2105.1,2128.0,2131.1,2117.1,129225,275143368.7,12667
2026-05-19,INE875R01011,BALKRISHNA,EQ,18.42,18.98,17.71,18.72,18.8,18.42,16428,300598.82,129
2026-05-19,INE164A01016,BALMLAWRIE,EQ,185.74,187.21,183.7,184.49,184.67,184.74,209650,38914817.56,3295
2026-05-19,INE525F01025,BLIL,EQ,73.01,74.18,73.01,73.63,73.85,73.65,39743,2930820.18,743
2026-05-19,INE119A01028,BALRAMCHIN,EQ,541.4,563.4,534.65,550.45,550.0,541.1,1208825,667980513.8,31477
2026-05-19,INE011E01029,BALUFORGE,EQ,464.0,476.5,461.55,469.45,469.9,466.3,252397,118897461.45,11600
2026-05-19,INE655B01011,BANARBEADS,EQ,113.88,114.9,110.07,111.0,111.0,108.65,644,71908.9,41
2026-05-19,INE213C01025,BANCOINDIA,EQ,585.35,596.9,584.9,590.55,590.0,582.2,106172,62665171.95,8959
2026-05-19,INE545U01014,BANDHANBNK,EQ,191.0,192.51,189.0,191.21,190.71,190.34,4802152,917313967.8,33671
2026-05-19,INF194KB1KJ7,GOLDBND,EQ,155.37,158.98,155.37,157.37,158.1,156.4,18227,2865371.46,170
2026-05-19,INF194KA1U07,IDFNIFTYET,EQ,255.0,261.62,255.0,259.94,259.77,259.63,449,117040.16,59
2026-05-19,INF194KB1KI9,SILVERBND,EQ,264.99,267.88,264.12,264.67,264.51,263.94,15860,4213095.54,246
2026-05-19,INE863I01016,BANG,EQ,36.5,37.84,36.5,36.88,36.6,36.45,2062,75739.47,30
2026-05-19,INE028A01039,BANKBARODA,EQ,260.2,262.4,259.7,260.6,260.6,260.05,7957982,2076057608.15,58072
2026-05-19,INE084A01016,BANKINDIA,EQ,139.69,139.9,138.02,138.64,138.7,138.22,12748150,1768928869.13,44603
2026-05-19,INE457A01014,MAHABANK,EQ,77.8,78.6,77.42,78.34,78.25,77.8,7491904,585457787.5,38179
2026-05-19,INE862Y01015,BANKA,BE,80.36,83.64,80.36,83.64,83.64,82.0,2635,220256.92,9
2026-05-19,INE186H01022,BASML,EQ,24.19,24.19,23.06,23.62,23.75,23.68,49696,1172033.54,464
2026-05-19,INE459A01010,BANARISUG,EQ,3629.0,3689.0,3610.1,3652.3,3660.0,3600.6,396,1449409.5,71
2026-05-19,INE0B9K01025,BANSALWIRE,EQ,306.9,318.4,300.3,315.05,315.0,301.75,113368,35495916.6,3171
2026-05-19,INE629D01020,BANSWRAS,EQ,121.46,122.53,117.65,120.47,122.0,118.37,15789,1901857.01,326
2026-05-19,INE139I01011,BVCL,EQ,42.5,44.3,42.5,42.54,42.52,42.77,4848,210703.65,43
2026-05-19,INE0QX401014,BARFLEX,SM,60.0,60.0,59.0,59.0,59.0,57.2,4000,238000.0,2
2026-05-19,INF251K01TL6,BBNPNBETF,EQ,54.03,54.03,53.54,53.84,53.85,53.77,239,12876.04,14
2026-05-19,INF251K01SU9,BBNPPGOLD,EQ,151.7,153.45,151.2,152.8,152.7,151.7,3726,568781.15,48
2026-05-19,INE855F01042,ASMS,EQ,7.49,7.58,7.3,7.39,7.36,7.44,674586,5001840.92,1388
2026-05-19,INE373A01013,BASF,EQ,3844.0,3970.0,3722.6,3809.9,3760.0,3831.4,183817,701691566.9,27323
2026-05-19,INE0OCC01013,BASILIC,SM,211.2,216.45,200.0,210.0,210.0,216.45,19500,4075725.0,54
2026-05-19,INE176A01028,BATAINDIA,EQ,679.35,701.25,679.35,690.75,687.9,679.35,212840,147053841.25,15317
2026-05-19,INE177C01022,BATLIBOI,EQ,79.94,81.59,77.98,79.21,81.0,77.82,17954,1429979.76,354
2026-05-19,INE0JFJ01011,BAWEJA,SM,33.5,33.5,31.95,31.95,31.95,33.5,2400,79160.0,3
2026-05-19,INE462A01022,BAYERCROP,EQ,4300.0,4371.0,4290.5,4354.2,4350.0,4300.0,18116,78282424.8,7695
2026-05-19,INE412G01024,BCLIND,EQ,33.2,34.27,33.2,33.81,33.6,33.41,244501,8284389.7,2414
2026-05-19,INE00SW01015,BCPL,EQ,75.7,75.7,71.66,72.46,72.0,72.63,28230,2069929.03,1967
2026-05-19,INE639X01027,BEACON,ST,101.75,101.75,94.5,97.5,97.5,97.6,33000,3194050.0,28
2026-05-19,INE520H01022,BEARDSELL,EQ,24.88,25.95,24.65,24.91,25.24,24.88,20763,519908.36,155
2026-05-19,INE844K01012,BEDMUTHA,EQ,112.0,112.0,105.6,107.28,106.21,110.45,2170,234692.51,91
2026-05-19,INE213D01015,BEEKAY,EQ,388.0,398.8,388.0,393.1,395.0,388.75,1850,728025.15,123
2026-05-19,INE344T01014,BELLACASA,EQ,233.4,236.75,233.1,234.9,235.0,233.25,3251,764234.3,140
2026-05-19,INE894V01022,BELRISE,EQ,209.0,211.78,207.2,209.27,209.78,206.34,1521724,318930684.32,29220
2026-05-19,INE0N7W01012,BLAL,EQ,191.01,195.59,188.12,191.45,193.75,191.2,16634,3185401.98,691
2026-05-19,INE258A01024,BEML,EQ,1766.0,1834.9,1762.5,1826.4,1820.0,1767.4,240559,436507293.2,17986
2026-05-19,INE083K01017,BENGALASM,EQ,6182.5,6323.0,6182.5,6201.0,6201.0,6173.5,107,663701.0,20
2026-05-19,INE463A01038,BERGEPAINT,EQ,525.0,528.1,505.0,507.7,506.9,524.6,353321,180548733.55,20742
2026-05-19,INE052T01021,BESTAGRO,EQ,16.6,17.0,16.45,16.81,16.95,16.53,324300,5430823.6,1261
2026-05-19,INE351Y01019,BETA,EQ,1256.0,1263.0,1180.0,1192.2,1180.1,1216.2,27652,33996444.3,1644
2026-05-19,INE0HQI01014,BEWLTD,SM,69.2,69.2,64.5,64.5,64.5,67.85,66500,4322675.0,112
2026-05-19,INE878K01010,BFINVEST,EQ,403.0,407.05,396.35,399.75,398.05,401.3,23471,9411897.4,747
2026-05-19,INE243D01012,BFUTILITIE,EQ,515.0,528.85,515.0,524.7,525.6,518.05,15137,7931273.1,1247
2026-05-19,INF0QA701714,BANKBETF,EQ,54.63,54.63,54.1,54.23,54.25,54.22,56349,3057127.27,209
2026-05-19,INF0QA701854,LIQUIDBETF,EQ,1082.1,1082.1,1082.08,1082.09,1082.09,1081.95,141239,152833183.59,81
2026-05-19,INF0QA701722,NIFTYBETF,EQ,242.8,243.45,241.01,241.39,242.13,241.92,2092,506806.61,56
2026-05-19,INE661I01014,BGRENERGY,BE,255.35,268.1,255.0,268.1,268.1,255.35,80587,21189960.8,795
2026-05-19,INE0ZRC01017,BHADORA,SM,71.5,71.5,71.0,71.0,71.0,71.95,4800,341400.0,4
2026-05-19,INE354C01027,BHAGERIA,EQ,155.95,155.95,150.35,151.87,151.0,152.13,19501,2985793.53,587
2026-05-19,INE414D01027,BHAGCHEM,EQ,243.85,255.0,243.25,249.25,246.55,242.45,72375,18130140.5,1949
2026-05-19,INE458B01036,BHAGYANGR,BE,304.0,304.0,286.5,286.5,286.5,301.55,162344,46843775.75,2239
2026-05-19,INE474E01029,BHANDARI,BE,3.44,3.44,3.21,3.34,3.35,3.34,161596,535665.4,421
2026-05-19,INE922A01025,BEPL,EQ,94.5,95.63,93.24,94.15,94.5,94.97,315655,29811593.22,4702
2026-05-19,INE464A01036,BBL,EQ,2720.5,2750.0,2665.0,2673.5,2670.5,2704.3,33578,90730259.6,6312
2026-05-19,INE05XR01022,BHARATCOAL,EQ,37.25,37.79,35.79,36.77,36.74,36.95,33056328,1218604910.19,58960
2026-05-19,INE171Z01026,BDL,EQ,1312.0,1328.9,1296.8,1311.8,1310.9,1309.2,623078,818284958.0,23329
2026-05-19,INE263A01024,BEL,EQ,428.4,430.9,419.3,422.95,424.05,426.6,13350029,5689749712.7,134331
2026-05-19,INE465A01025,BHARATFORG,EQ,1885.0,1902.8,1848.0,1857.3,1848.3,1891.0,1020594,1913805650.4,44709
2026-05-19,INE561C01019,BHARATGEAR,EQ,110.29,110.77,108.62,109.73,109.75,107.73,7030,771545.91,312
2026-05-19,INE029A01011,BPCL,EQ,282.0,289.8,282.0,286.45,286.9,280.8,6955573,1996308596.0,110888
2026-05-19,INE838B01021,BHARATRAS,EQ,1420.0,1428.3,1391.5,1414.3,1411.8,1382.3,9618,13608752.4,1480
2026-05-19,INE727S01012,BRNL,EQ,19.73,20.89,19.73,20.26,20.28,19.72,24093,489076.6,181
2026-05-19,INE415D01024,BHARATSE,EQ,180.2,187.5,180.2,181.43,182.65,180.0,162226,29688942.93,4177
2026-05-19,INE316L01019,BHARATWIRE,EQ,218.2,224.99,217.1,218.3,217.1,219.96,219881,48343201.52,4905
2026-05-19,INE397D01024,BHARTIARTL,EQ,1928.4,1942.0,1907.8,1913.5,1911.0,1938.1,8962228,17195634876.8,296119
2026-05-19,INE343G01021,BHARTIHEXA,EQ,1606.0,1620.0,1592.8,1611.6,1608.0,1597.6,160342,257955305.8,16185
2026-05-19,INE828A01016,BIL,EQ,735.3,741.0,712.0,719.4,712.3,724.95,3770,2716377.2,218
2026-05-19,INE257A01026,BHEL,EQ,397.0,404.4,391.1,401.1,399.6,395.25,11644140,4652716917.45,88583
2026-05-19,INE274K01012,BTTL,EQ,39.0,39.0,35.5,36.52,36.3,38.15,33208,1237499.79,298
2026-05-19,INE412U01025,BIGBLOC,EQ,56.11,57.64,54.2,54.37,54.2,56.12,68124,3759804.1,1303
2026-05-19,INE00E101023,BIKAJI,EQ,659.0,680.0,658.0,678.25,679.7,659.5,95651,64552707.45,9466
2026-05-19,INE0SQH01013,BIKEWO,SM,24.5,25.65,24.5,25.5,24.6,24.5,26000,660000.0,11
2026-05-19,INE986A01012,BI,EQ,64.5,64.99,62.66,63.78,64.0,63.9,2078,131943.86,129
2026-05-19,INE0HOQ01053,GROWW,EQ,184.6,188.7,183.85,186.46,186.9,183.82,36370669,6797528827.7,159201
2026-05-19,INE469A01019,BIMETAL,EQ,567.15,602.0,567.0,584.9,576.0,567.15,139,82240.35,24
2026-05-19,INE376G01013,BIOCON,EQ,427.0,435.75,425.15,428.15,429.85,426.25,3984186,1715129689.45,54591
2026-05-19,INE829A01014,BIOFILCHEM,EQ,31.5,32.99,31.11,31.88,31.65,31.92,13345,424420.83,251
2026-05-19,INE0XW001014,BIOPOL,SM,131.7,131.7,125.1,126.35,126.0,125.8,33600,4306980.0,26
2026-05-19,INE800A01015,BIRLACABLE,BE,153.0,161.14,149.15,161.14,161.14,153.47,44560,7009330.89,688
2026-05-19,INE340A01012,BIRLACORPN,EQ,1011.4,1012.75,990.0,992.4,992.0,1011.4,52148,52079274.8,7439
2026-05-19,INE372E01025,BIRLAPREC,EQ,37.5,39.96,37.39,37.6,37.5,38.27,28709,1086833.22,294
2026-05-19,INE557A01011,BIRLANU,EQ,1345.1,1376.2,1336.4,1357.2,1365.9,1345.0,5123,6959840.5,834
2026-05-19,INF209KC1134,ABGSEC,EQ,111.05,111.05,111.01,111.05,111.05,111.01,9,999.41,3
2026-05-19,INF209KC1670,ABSL10BANK,EQ,160.0,160.35,159.22,159.38,159.23,160.27,858,137362.37,35
2026-05-19,INF209KB17D5,ABSLBANETF,EQ,56.17,56.17,54.59,54.67,55.0,54.8,255031,13999151.27,281
2026-05-19,INF209KB18T9,ABSLLIQUID,EQ,1000.0,1000.01,999.99,1000.0,1000.0,1000.0,4200,4200005.06,19
2026-05-19,INF209KC1662,ABSLMSCIN,EQ,28.75,28.81,28.75,28.75,28.75,28.61,90,2590.5,3
2026-05-19,INF209KB16D7,ABSLNN50ET,EQ,72.3,72.76,71.85,72.26,72.35,72.07,8592,621095.28,135
2026-05-19,INF209KB10E8,BSLSENETFG,EQ,75.5,76.0,75.15,75.42,75.9,75.52,1462,110641.58,82
2026-05-19,INF209KC1142,GSEC10ABSL,EQ,109.0,109.0,109.0,109.0,109.0,108.7,23,2507.0,1
2026-05-19,INF209KB10C2,HEALTHY,EQ,15.81,16.45,15.75,16.29,16.33,16.22,240495,3920126.92,1013
2026-05-19,INF209KB14K7,MOMENTUM,EQ,30.38,30.52,30.2,30.29,30.4,30.38,21003,638389.63,172
2026-05-19,INF209KB15K4,NIFTYQLITY,EQ,21.24,21.24,20.98,21.03,20.98,20.94,10962,231373.56,130
2026-05-19,INF209KB19F6,SILVER,EQ,265.47,268.0,263.72,264.16,264.06,264.04,1612249,428518636.47,12422
2026-05-19,INF209KB11D8,TECH,EQ,31.61,32.15,30.84,31.7,31.39,30.84,547509,17513061.87,414
2026-05-19,INF209KB19Z4,ABSLPSE,EQ,10.74,11.01,10.71,10.76,10.81,10.74,43534,468684.07,344
2026-05-19,INE836A01035,BSOFT,EQ,312.0,328.9,312.0,320.9,321.5,309.6,2834895,917073121.75,42728
2026-05-19,INE676A01027,BBOX,EQ,940.0,950.2,925.3,945.1,940.0,935.2,1061859,999156260.55,32177
2026-05-19,INE761G01016,BLACKROSE,EQ,101.85,104.45,99.6,102.55,102.89,101.59,27257,2791491.51,762
2026-05-19,INE0UIZ01018,BLACKBUCK,EQ,529.95,545.4,515.3,532.45,536.2,527.1,1768100,939874884.75,60540
2026-05-19,INE791A01024,BLBLIMITED,BE,16.0,16.0,15.5,15.84,16.0,15.61,44164,690377.64,114
2026-05-19,INE416D01022,BLISSGVS,EQ,291.7,296.3,279.65,282.8,283.0,287.4,1732471,496535297.0,18307
2026-05-19,INE0NLT01010,BLSE,EQ,191.91,202.5,189.22,201.12,200.6,192.18,572677,112676134.32,7108
2026-05-19,INE153T01027,BLS,EQ,258.0,268.9,257.1,262.0,262.0,254.7,2528837,664027087.45,49125
2026-05-19,INE657B01025,BLUECHIP,EQ,2.01,2.01,2.01,2.01,2.01,1.98,13895,27928.95,33
2026-05-19,INE472B01011,BLUECOAST,BE,29.25,32.0,29.25,31.56,31.98,30.78,2438,73718.53,39
2026-05-19,INE233B01017,BLUEDART,EQ,4899.5,4968.5,4887.5,4911.0,4901.0,4899.5,9103,44795973.0,3476
2026-05-19,INE0KBH01020,BLUEJET,EQ,421.05,459.0,419.0,437.2,435.25,421.05,911472,406507091.1,25391
2026-05-19,INE0SAK01011,BLUEPEBBLE,ST,99.5,99.5,90.2,90.2,90.25,94.9,8400,764780.0,20
2026-05-19,INE472A01039,BLUESTARCO,EQ,1633.8,1694.5,1633.7,1682.0,1680.0,1633.8,409067,684910025.5,21604
2026-05-19,INE0X3M01010,BLUEWATER,ST,287.0,290.85,285.0,290.65,290.85,277.0,26000,7508100.0,24
2026-05-19,INE304W01038,BLUESTONE,EQ,464.0,477.0,460.1,463.05,461.1,464.2,106140,49551051.55,7621
2026-05-19,INE0U4101014,BLUSPRING,EQ,69.99,70.29,67.21,69.85,70.28,69.38,246082,17061855.66,1858
2026-05-19,INE965W01036,BMWVENTLTD,EQ,61.45,61.45,59.13,60.11,60.9,59.89,31492,1903095.09,633
2026-05-19,INE00HZ01011,BNAGROCHEM,BE,288.0,296.5,284.5,292.95,292.0,282.57,821,236696.5,29
2026-05-19,INE338D01028,BODALCHEM,EQ,69.77,70.18,68.51,68.87,68.84,69.22,118403,8187629.24,2000
2026-05-19,INE0EEJ01023,BTML,EQ,6.59,6.59,6.3,6.44,6.48,6.43,75599,489712.76,169
2026-05-19,INE802W01023,BOHRAIND,BE,18.83,18.83,18.83,18.83,18.83,19.21,1000,18830.0,1
2026-05-19,INE050A01025,BBTC,EQ,1495.0,1541.0,1495.0,1529.0,1529.0,1496.8,33272,50783278.5,3928
2026-05-19,INE032A01023,BOMDYEING,EQ,119.25,122.79,119.25,120.86,120.6,118.9,550031,66812269.29,8279
2026-05-19,INE0I3Y01014,BMETRICS,SM,38.0,38.0,36.0,37.5,37.5,36.5,4000,147600.0,5
2026-05-19,INE032Z01020,BSHSL,BE,97.07,101.0,96.0,99.29,99.5,96.59,15031,1484524.81,97
2026-05-19,INE053F07538,810IRFC27,N2,1063.4,1063.45,1063.4,1063.4,1063.45,1063.39,59,62741.05,5
2026-05-19,INE906B07CB9,830NHAI27,N2,1069.5,1069.5,1068.2,1068.42,1068.5,1067.54,1555,1661408.45,28
2026-05-19,INE053F07686,865IRFC29,,1086.01,1095.0,1086.01,1094.0,1094.0,1088.0,244,267035.05,4
2026-05-19,INE020B07HS2,871REC28,N9,1108.58,1112.9,1108.57,1109.79,1109.0,1108.57,1455,1614960.3,18
2026-05-19,INE053F07744,888IRFC29,NE,1087.11,1111.0,1087.11,1109.0,1109.0,1114.0,289,317497.17,5
2026-05-19,INE557F07132,901NHB34,N6,6279.0,6279.0,6203.0,6203.0,6203.0,6280.0,151,938154.6,9
2026-05-19,INE020B07IH3,886REC34,NG,1256.0,1256.0,1256.0,1256.0,1256.0,1260.0,150,188400.0,1
2026-05-19,INE0B9A01018,BONLON,EQ,46.9,47.0,43.11,46.65,45.71,45.35,7128,324195.79,201
2026-05-19,INE16SF01016,BORANA,EQ,329.0,329.0,315.8,321.15,319.05,319.5,14952,4797124.25,550
2026-05-19,INE02PY01013,BOROLTD,EQ,222.01,245.86,215.03,234.31,234.5,218.74,478777,109407967.11,10924
2026-05-19,INE666D01022,BORORENEW,EQ,500.65,533.65,500.65,525.2,525.0,498.5,1148836,602267535.35,28428
2026-05-19,INE02L001032,BOROSCI,EQ,119.0,123.5,117.7,119.38,119.6,118.82,185863,22241805.84,1820
2026-05-19,INE782A01015,BOSCH-HCIL,EQ,1358.0,1371.0,1330.0,1362.4,1369.8,1332.3,7485,10171088.2,982
2026-05-19,INE323A01026,BOSCHLTD,EQ,37205.0,37650.0,36920.0,37130.0,37000.0,37155.0,20017,745302850.0,9711
2026-05-19,INE110A01019,BPL,EQ,53.6,55.87,53.6,54.48,54.46,53.6,43940,2414904.74,843
2026-05-19,INE0R4Z01018,BRACEPORT,SM,53.95,53.95,53.95,53.95,53.95,53.95,3200,172640.0,2
2026-05-19,INE02RE01045,FIRSTCRY,EQ,218.85,238.0,218.85,221.4,221.02,216.91,18510979,4268198832.83,199806
2026-05-19,INE977Y01011,BCONCEPTS,EQ,215.0,222.95,215.0,218.5,216.0,214.7,3695,807313.21,243
2026-05-19,INE0XUD01014,BRANDMAN,ST,170.3,184.8,170.3,184.8,184.8,176.0,18400,3309160.0,18
2026-05-19,INE791I01019,BRIGADE,EQ,664.95,667.0,657.0,661.4,658.25,663.45,267663,177234871.5,28557
2026-05-19,INE03NU01014,BRIGHOTEL,EQ,59.8,62.5,59.13,59.95,60.0,59.84,123304,7469480.33,1265
2026-05-19,INE425B01027,BCG,EQ,9.15,9.54,9.12,9.54,9.54,9.09,4505521,42116648.58,3867
2026-05-19,INE216A01030,BRITANNIA,EQ,5375.0,5470.5,5375.0,5416.5,5410.0,5380.5,271643,1473923320.5,31139
2026-05-19,INE0FDU25010,BIRET,RR,322.7,322.7,320.12,321.01,321.0,321.58,504004,162027516.92,7149
2026-05-19,INE650L01011,BROOKS,BE,46.95,48.42,46.5,48.42,48.42,46.12,50829,2433862.58,321
2026-05-19,INE118H01025,BSE,EQ,4155.4,4298.9,4119.0,4190.8,4198.9,4120.7,7088657,29935100960.7,305567
2026-05-19,INE594B01012,BSL,EQ,123.99,125.65,121.31,123.25,123.0,123.94,1369,168217.07,76
2026-05-19,INE295F01017,BUTTERFLY,EQ,693.95,696.7,676.55,680.7,679.2,683.7,65904,45053829.25,4153
2026-05-19,INE0SZ301012,BULKCORP,SM,41.0,41.0,41.0,41.0,41.0,41.0,1200,49200.0,1
2026-05-19,INE0SMX01019,CKKRETAIL,ST,129.85,131.45,121.3,125.25,129.6,127.65,22400,2821840.0,22
2026-05-19,INE0QBU01012,CPS,SM,986.0,986.0,986.0,986.0,986.0,986.0,2250,2218500.0,5
2026-05-19,INE0BV301023,MAPMYINDIA,EQ,949.95,989.8,940.45,966.6,967.95,939.1,173136,167023067.25,18750
2026-05-19,INE0U7V01015,C2C,SM,441.0,444.25,421.95,424.5,424.0,435.3,84000,36382492.5,404
2026-05-19,INE090Y01013,CADSYS,ST,72.0,72.0,70.45,70.45,70.45,69.5,1000,71225.0,2
2026-05-19,INE526B01014,CALSOFT,BE,20.54,22.7,20.54,22.7,22.7,21.62,469626,9941719.21,840
2026-05-19,INE627H01017,CTE,EQ,31.25,32.29,31.25,32.29,32.29,30.76,5171,166173.49,40
2026-05-19,INE052I01032,CAMLINFINE,EQ,122.7,127.99,120.58,124.03,124.18,121.18,1241784,154528884.75,13157
2026-05-19,INE278Y01022,CAMPUS,EQ,231.11,236.0,230.33,232.52,232.35,230.96,96312,22453740.7,4651
2026-05-19,INE477A01020,CANFINHOME,EQ,843.25,845.95,831.15,838.5,841.0,843.25,94281,78903529.15,10305
2026-05-19,INE476A01022,CANBK,EQ,125.09,126.76,125.09,126.15,126.19,124.9,18723002,2361362840.83,78382
2026-05-19,INE01TY01017,CANHLIFE,EQ,135.25,138.3,133.61,137.78,138.01,134.59,454326,62188412.32,12300
2026-05-19,INE218I01013,CRAMC,EQ,233.0,240.0,232.05,238.05,237.0,230.9,301588,71549329.35,5348
2026-05-19,INE068L01024,CANTABIL,EQ,230.0,232.99,221.06,222.05,221.07,226.86,217831,48920346.96,6751
2026-05-19,INE264T01014,CAPACITE,EQ,226.6,229.9,221.0,225.1,224.15,224.9,190422,43108292.4,5389
2026-05-19,INE0ILV01024,CAPILLARY,EQ,526.5,533.75,515.05,518.3,518.0,519.1,42162,22090494.1,2291
2026-05-19,INE345H01024,CIFL,EQ,27.0,27.9,26.26,27.2,27.0,26.9,235324,6374067.99,869
2026-05-19,INE0Z8Z23013,CAPINVIT,IV,70.44,70.44,69.95,69.99,70.0,69.97,935454,65480925.57,2177
2026-05-19,INE646H01017,CAPITALSFB,EQ,272.6,278.0,272.6,277.55,278.0,275.9,12117,3349073.5,673
2026-05-19,INE707C01018,CAPTRUST,BE,13.09,13.59,13.01,13.31,13.36,13.09,10471,138448.22,52
2026-05-19,INE475E01026,CAPLIPOINT,EQ,1987.3,2060.0,1987.3,2038.2,2040.0,1986.1,200976,409441977.9,18778
2026-05-19,INE180C01042,CGCL,EQ,187.23,188.0,181.5,182.39,182.32,186.3,11975433,2220298335.44,29335
2026-05-19,INE120A01034,CARBORUNIV,EQ,1096.7,1107.05,1068.1,1076.2,1078.0,1098.25,159412,173353818.0,13159
2026-05-19,INE752H01013,CARERATING,EQ,1730.0,1785.2,1730.0,1756.1,1765.0,1728.5,99146,173427972.7,7945
2026-05-19,INE0P6P01016,CPEDU,EQ,184.0,186.14,179.0,181.75,182.45,184.12,533,97505.28,33
2026-05-19,INE0V7W01012,CARRARO,EQ,552.45,564.95,550.0,551.2,550.3,554.4,26384,14703913.35,2163
2026-05-19,INE290S01011,CARTRADE,EQ,1791.0,1868.4,1791.0,1814.3,1815.0,1784.1,396686,729171773.4,32930
2026-05-19,INE482D01024,CARYSIL,EQ,907.95,934.0,906.8,919.6,923.35,907.95,37508,34553341.05,3775
2026-05-19,INE0WL201014,CUDML,SM,153.5,153.8,150.0,151.5,150.0,148.25,5000,757400.0,5
2026-05-19,INE172A01027,CASTROLIND,EQ,182.22,183.3,181.93,183.02,183.01,182.22,541535,98880277.91,10984
2026-05-19,INE421D01022,CCL,EQ,1090.4,1098.9,1081.2,1089.4,1092.9,1090.4,90637,98791280.6,7780
2026-05-19,INE482A01020,CEATLTD,EQ,3174.0,3175.0,3131.0,3162.3,3162.0,3130.5,77664,245161127.5,9268
2026-05-19,INE0AG901020,CEIGALL,EQ,332.9,335.0,323.1,325.95,325.0,332.85,145705,47781032.75,4601
2026-05-19,INE016Q01014,CEINSYS,EQ,916.9,958.6,910.0,916.6,912.5,907.3,54048,50179204.2,4735
2026-05-19,INE185H01016,CELEBRITY,EQ,7.85,7.9,7.53,7.65,7.66,7.5,26041,201358.32,92
2026-05-19,INE0O0001013,CELLPOINT,SM,15.0,18.0,15.0,16.45,16.45,15.35,7200,117600.0,6
2026-05-19,INE0OMO01025,CELLECOR,ST,37.25,40.8,37.05,40.65,40.7,38.95,915000,35975100.0,174
2026-05-19,INE0LMW01024,CELLO,EQ,387.45,395.45,385.5,389.9,391.5,387.15,128996,50360954.75,10931
2026-05-19,INE686A01026,CEMPRO,EQ,889.5,899.1,855.75,868.25,868.9,879.05,339495,298767883.4,20249
2026-05-19,INE483A01010,CENTRALBK,EQ,33.8,34.35,33.8,34.04,33.99,33.77,3327745,113493844.04,10421
2026-05-19,INE736A01011,CDSL,EQ,1187.0,1215.9,1185.3,1209.5,1208.7,1184.2,1653732,1992983058.4,47360
2026-05-19,INE05HV01027,CMPDI,EQ,225.48,241.48,224.48,231.68,232.0,224.48,6157461,1442334112.03,53730
2026-05-19,INE660C01027,CENTRUM,EQ,22.65,23.5,22.65,23.12,23.18,22.92,101733,2363130.96,322
2026-05-19,INE320B01020,CENTUM,EQ,2954.1,2965.0,2879.9,2909.2,2901.0,2910.4,28444,82914191.5,4787
2026-05-19,INE485A01015,CENTENKA,EQ,432.0,445.95,432.0,444.6,445.0,434.0,31548,13918605.65,830
2026-05-19,INE281A01026,CENTEXT,EQ,19.7,20.09,19.48,19.58,19.7,19.45,98232,1942863.35,662
2026-05-19,INE348B01021,CENTURYPLY,EQ,781.2,781.2,764.1,767.05,765.0,769.65,16051,12343346.65,3100
2026-05-19,INE739E01017,CERA,EQ,5600.0,5825.0,5556.5,5773.5,5800.0,5558.5,14512,83031050.5,5188
2026-05-19,INE345B01019,CEREBRAINT,BZ,3.29,3.5,3.29,3.29,3.3,3.46,414797,1364712.53,341
2026-05-19,INE486A01021,CESC,EQ,177.8,181.95,177.28,181.06,181.06,176.4,1885950,340811550.67,30682
2026-05-19,INE067A01029,CGPOWER,EQ,811.0,828.7,807.15,819.4,819.5,808.75,2055370,1684698189.65,40194
2026-05-19,INE427F01016,CHALET,EQ,787.0,807.85,780.1,800.95,805.0,789.85,159144,127191648.25,13998
2026-05-19,INE419D01026,CLSEL,EQ,263.95,266.0,255.85,258.35,260.2,260.5,55619,14532516.55,2245
2026-05-19,INE06PV01010,CMNL,SM,121.0,121.0,120.0,120.35,120.0,122.0,3000,361575.0,4
2026-05-19,INE085A01013,CHAMBLFERT,EQ,457.35,461.0,452.15,453.25,453.65,457.3,852436,389037246.1,21229
2026-05-19,INE0B2N01016,CHANDAN,SM,241.2,243.75,240.0,240.0,240.0,240.0,6400,1543840.0,8
2026-05-19,INE0PT101017,CHAVDA,SM,98.0,98.0,89.9,93.1,93.95,97.45,114000,10500250.0,91
2026-05-19,INE0TGX01019,CHEMBONDCH,BE,199.0,199.0,182.4,185.72,185.3,189.97,9034,1736018.82,193
2026-05-19,INE995D01025,CHEMBOND,BE,187.31,188.0,179.12,181.51,183.8,186.75,7115,1300207.88,136
2026-05-19,INE03YM01018,CHEMCON,EQ,163.9,184.5,163.86,179.32,181.0,162.01,135992,23756774.76,2316
2026-05-19,INE783X01023,CHEMFAB,BE,415.65,424.4,403.0,409.85,410.0,415.65,1475,603707.65,54
2026-05-19,INE488A01050,CHEMPLASTS,EQ,229.49,233.82,227.41,230.35,230.58,227.41,105836,24409876.14,5810
2026-05-19,INE178A01016,CHENNPETRO,EQ,992.0,1006.9,980.0,982.4,985.0,987.9,560187,555612138.2,19034
2026-05-19,INE0U1T01012,CHETANA,ST,51.6,51.6,48.45,51.45,51.45,51.0,24000,1190960.0,15
2026-05-19,INE974B01016,CHEVIOT,EQ,1180.2,1213.7,1176.6,1190.0,1177.1,1180.1,1470,1751719.7,218
2026-05-19,INE102B01014,CHOICEIN,EQ,656.4,667.85,656.05,659.0,658.9,655.9,907856,600357490.0,13058
2026-05-19,INF2KCX01012,CHOICEGOLD,EQ,155.62,156.75,155.62,156.58,156.54,155.62,8206,1283838.09,174
2026-05-19,INE149A01033,CHOLAHLDNG,EQ,1665.9,1704.5,1645.2,1672.6,1670.0,1645.2,131347,220945018.7,15877
2026-05-19,INE121A01024,CHOLAFIN,EQ,1518.0,1538.3,1508.0,1511.4,1511.5,1527.9,1043113,1582938516.6,45429
2026-05-19,INE536H01010,CIEINDIA,EQ,460.05,471.5,452.55,464.55,465.65,454.55,435580,202576473.7,28066
2026-05-19,INE704H01022,CINELINE,EQ,79.5,81.0,77.6,78.07,78.74,79.45,30987,2445967.31,303
2026-05-19,INE039B01026,CINEVISTA,EQ,16.2,16.44,15.69,15.76,15.78,16.2,6550,104464.84,94
2026-05-19,INE059A01026,CIPLA,EQ,1420.0,1426.6,1408.7,1409.8,1409.1,1426.2,1379218,1954597003.8,46675
2026-05-19,INE2Q7823014,CITIUSINVT,IV,104.82,106.01,104.5,105.32,105.51,104.82,247607,26129313.03,16754
2026-05-19,INE491A01021,CUB,EQ,248.05,252.8,245.75,251.1,250.75,248.75,1276451,317870683.5,20780
2026-05-19,INE201M01029,CLEDUCATE,EQ,44.34,45.17,42.51,43.11,43.25,44.34,50849,2227029.88,544
2026-05-19,INE647U01026,CLEANMAX,EQ,1203.6,1240.0,1202.7,1223.9,1215.0,1193.4,137562,167983470.5,14110
2026-05-19,INE227W01023,CLEAN,EQ,747.55,776.1,742.4,763.15,761.1,747.75,185036,141000931.5,15369
2026-05-19,INE1EF801010,CSSL,SM,95.9,95.9,95.0,95.0,95.0,95.9,2000,190900.0,2
2026-05-19,INE925R01014,CMSINFO,EQ,302.0,310.1,302.0,305.65,305.5,301.4,361995,110874221.6,8879
2026-05-19,INE522F01014,COALINDIA,EQ,462.1,463.25,454.0,456.95,456.05,462.1,7319865,3344036597.7,98257
2026-05-19,INE377E01024,COASTCORP,EQ,60.43,62.59,60.02,60.41,60.92,60.43,152706,9303724.35,2195
2026-05-19,INE704P01025,COCHINSHIP,EQ,1516.0,1531.0,1484.1,1489.6,1488.0,1513.5,1359052,2047624619.7,43102
2026-05-19,INE335K01011,COFFEEDAY,EQ,24.12,24.41,24.0,24.2,24.23,23.95,414279,10016692.93,3024
2026-05-19,INE591G01025,COFORGE,EQ,1365.0,1447.0,1360.3,1412.0,1411.9,1348.1,8133656,11554076587.1,191499
2026-05-19,INE03QK01018,COHANCE,EQ,440.0,464.0,418.55,428.35,427.0,428.05,10213868,4477497562.25,210402
2026-05-19,INE259A01022,COLPAL,EQ,2152.0,2223.7,2152.0,2188.3,2190.0,2151.2,334394,732772036.8,22383
2026-05-19,INE819A01049,COMFINTE,EQ,7.25,8.7,7.2,7.47,7.4,7.36,2019391,15868885.72,2152
2026-05-19,INE073V01015,COMSYN,EQ,153.01,153.57,152.95,153.05,153.0,153.07,83455,12768879.32,218
2026-05-19,INE597Z01014,COMMITTED,ST,288.1,290.0,288.0,290.0,290.0,300.25,2400,692880.0,3
2026-05-19,INE070C01037,COMPINFO,BZ,1.33,1.39,1.33,1.39,1.39,1.33,35533,49209.3,28
2026-05-19,INE453B01029,COMPUSOFT,EQ,13.08,13.44,13.08,13.2,13.25,13.11,10949,145515.37,128
2026-05-19,INE596I01020,CAMS,EQ,771.95,786.7,770.15,779.35,777.7,772.75,1002227,780979900.8,34525
2026-05-19,INE338H01029,CONCORDBIO,EQ,1127.0,1150.0,1127.0,1143.5,1144.0,1125.2,83722,95619793.5,10591
2026-05-19,INE037Z01029,CEWATER,EQ,279.2,293.5,279.2,282.1,285.0,283.45,33576,9619711.55,2349
2026-05-19,INE552D01024,CONFIPET,EQ,62.0,66.0,61.69,64.71,64.8,61.6,3426055,220561288.48,15990
2026-05-19,INE0EAS01014,CONNPLEX,SM,229.0,236.9,229.0,230.65,230.1,231.95,25600,5967000.0,31
2026-05-19,INE429I01024,CCCL,EQ,14.8,14.88,14.34,14.5,14.43,14.41,171355,2499473.88,757
2026-05-19,INE025A01027,CONSOFINVT,EQ,225.0,236.35,222.2,231.19,232.82,225.1,12045,2810909.86,194
2026-05-19,INE111A01025,CONCOR,EQ,501.95,510.7,501.0,505.6,505.2,501.95,519504,263081991.9,13608
2026-05-19,INE663B01015,CONTROLPR,EQ,613.8,632.0,609.6,628.4,626.75,613.8,11737,7334989.5,1134
2026-05-19,INE0HS001028,COOLCAPS,SM,23.05,23.75,22.35,22.9,22.9,23.05,112500,2565875.0,44
2026-05-19,INE558D01021,CORALFINAC,EQ,32.47,32.83,31.87,32.22,32.12,32.47,5479,177348.79,85
2026-05-19,INE792I01017,CORDSCABLE,EQ,191.95,198.87,191.82,195.65,195.31,191.82,23463,4597148.65,699
2026-05-19,INE169A01031,COROMANDEL,EQ,1837.2,1915.5,1829.4,1877.1,1878.7,1837.2,475004,894361829.0,41140
2026-05-19,INE02ZQ01018,CORONA,EQ,1829.3,1864.0,1776.0,1781.8,1777.0,1820.2,54888,99394188.2,8303
2026-05-19,INE757A01017,COSMOFIRST,EQ,769.95,818.8,762.0,811.6,806.75,767.7,173891,139880941.35,7044
2026-05-19,INE652F01027,CCHHL,EQ,13.27,13.47,13.0,13.27,13.24,13.08,21278,284538.54,145
2026-05-19,INE695B01025,COUNCODOS,EQ,4.95,5.16,4.81,5.0,5.05,4.9,34449,169690.31,72
2026-05-19,INE521J01018,CPCAP,BE,95.9,95.9,94.05,94.49,94.5,94.7,5425,513839.4,45
2026-05-19,INF457M01133,CPSEETF,EQ,106.25,106.25,104.31,104.88,104.81,104.68,1247934,131020731.18,6145
2026-05-19,INE00LO01017,CRAFTSMAN,EQ,8400.0,8564.0,8351.5,8536.0,8550.0,8428.5,30925,262389375.5,8832
2026-05-19,INE0OFK01019,CRAYONS,SM,31.4,31.4,31.4,31.4,31.4,32.9,1000,31400.0,1
2026-05-19,INE230B01021,CREATIVEYE,EQ,6.98,7.04,6.76,6.83,6.97,6.99,7699,52401.93,123
2026-05-19,INE0R7401011,CGRAPHICS,SM,152.5,159.7,152.5,158.8,159.7,149.05,14400,2255120.0,17
2026-05-19,INE985W01018,CNL,EQ,648.85,648.85,615.0,621.65,622.8,635.95,19932,12380208.2,730
2026-05-19,INE741K01010,CREDITACC,EQ,1290.0,1318.0,1289.1,1310.0,1308.0,1298.8,106697,139863951.3,12374
2026-05-19,INE220Q01020,MUFTI,EQ,78.35,78.35,76.22,77.93,78.2,76.77,104800,8108552.3,1967
2026-05-19,INE559D01011,CREST,EQ,358.85,359.0,351.0,353.0,352.0,354.45,14351,5075977.4,292
2026-05-19,INE007A01025,CRISIL,EQ,4096.7,4128.1,4075.0,4115.9,4120.5,4087.5,54700,224322484.3,12344
2026-05-19,INE0S4R01014,CRIZAC,EQ,204.59,208.58,202.44,205.09,206.73,202.49,64515,13286998.46,7437
2026-05-19,INE299U01018,CROMPTON,EQ,295.0,297.7,290.5,293.6,293.0,293.3,2924150,862159630.15,44296
2026-05-19,INE491V01019,CROWN,EQ,127.8,127.8,118.17,119.3,119.98,124.44,28728,3493869.11,1396
2026-05-19,INE679A01013,CSBBANK,EQ,355.0,361.0,351.15,359.65,360.0,354.35,356874,127145971.25,18371
2026-05-19,INE718F01018,CSLFINANCE,EQ,226.0,227.19,221.44,223.2,222.7,225.03,20088,4510837.92,414
2026-05-19,INE144D01012,CUBEXTUB,EQ,89.75,92.88,89.3,89.71,90.74,88.44,182695,16635886.98,3180
2026-05-19,INE298A01020,CUMMINSIND,EQ,5285.0,5361.0,5238.0,5254.0,5254.0,5298.5,322706,1707291683.0,43962
2026-05-19,INE509F01029,CUPID,EQ,121.99,122.45,113.01,114.34,114.4,120.84,25786567,2987036122.36,98913
2026-05-19,INE117B01020,CURAA,BE,98.5,98.5,95.67,96.0,96.0,95.2,1277,125196.83,17
2026-05-19,INE1BZN01016,CURIS,SM,125.0,129.9,125.0,127.0,127.0,125.0,5000,637900.0,5
2026-05-19,INE1CRQ01014,CURRENT,SM,117.4,117.4,117.4,117.4,117.4,111.9,1600,187840.0,1
2026-05-19,INE278G01037,CYBERMEDIA,BE,17.56,17.76,17.21,17.61,17.66,17.56,10521,185182.31,63
2026-05-19,INE214A01019,CYBERTECH,EQ,140.77,143.59,140.21,140.9,141.85,139.34,55418,7858696.6,1273
2026-05-19,INE055S01018,CYIENTDLM,EQ,423.0,427.15,415.05,421.0,422.9,416.75,142038,60020064.15,5494
2026-05-19,INE136B01020,CYIENT,EQ,875.25,910.4,875.25,905.85,905.7,876.45,371270,333670278.85,25726
2026-05-19,INE0GN101014,DKEGL,SM,72.2,76.7,72.2,76.5,76.5,70.25,4500,338100.0,3
2026-05-19,INE864X01013,DPWIRES,EQ,178.01,178.6,172.03,172.75,172.3,172.02,9117,1585251.07,541
2026-05-19,INE250K01012,DLINKINDIA,EQ,468.05,474.3,463.45,464.65,464.05,467.1,98719,46125311.65,5113
2026-05-19,INE266Y01019,DPABHUSHAN,EQ,896.0,929.9,872.6,889.6,880.9,905.4,28063,25133579.7,2909
2026-05-19,INE950I01011,DBCORP,EQ,209.75,209.92,206.12,207.39,206.3,209.32,38319,7979488.47,3384
2026-05-19,INE016A01026,DABUR,EQ,456.35,462.25,451.5,452.8,451.55,456.35,1222771,559003804.25,26802
2026-05-19,INE928C01010,DAICHI,EQ,253.0,255.8,246.0,251.35,250.3,248.2,1204,300601.8,74
2026-05-19,INE00R701025,DALBHARAT,EQ,1729.5,1729.7,1697.2,1713.8,1711.0,1712.6,326085,559819097.0,24104
2026-05-19,INE495A01022,DALMIASUG,EQ,336.15,348.0,332.25,342.65,340.15,336.15,154103,52515338.9,7236
2026-05-19,INE284H01025,DAMCAPITAL,EQ,151.0,156.7,150.0,152.27,152.55,148.92,335884,51465037.33,5942
2026-05-19,INE497D01022,DAMODARIND,EQ,28.95,28.95,28.03,28.47,28.6,28.33,1347,38445.51,57
2026-05-19,INE688Y01022,DANGEE,EQ,3.2,3.24,3.1,3.17,3.18,3.15,83137,260177.5,157
2026-05-19,INE0YU901016,DANISH,SM,800.0,830.0,795.1,817.95,829.6,807.8,34950,28373797.5,179
2026-05-19,INE04Q901010,DCCL,SM,42.0,42.0,40.6,40.8,40.8,41.9,6000,246800.0,3
2026-05-19,INE0IX101010,DATAPATTNS,EQ,3770.0,3847.9,3621.6,3634.5,3641.0,3752.2,819880,3033002322.1,63594
2026-05-19,INE365B01017,DATAMATICS,EQ,750.0,769.95,735.0,739.8,741.0,738.25,74185,55609637.85,3395
2026-05-19,INE179G01029,DAVANGERE,EQ,4.09,4.16,4.09,4.09,4.11,4.0,9515183,39086683.73,2961
2026-05-19,INE921B01025,DBSTOCKBRO,EQ,27.74,28.78,27.2,28.06,27.5,27.07,31273,876104.65,169
2026-05-19,INE0A1101019,DCI,BE,280.15,292.7,272.05,289.55,291.95,281.55,5455,1559682.0,125
2026-05-19,INE503A01015,DCBBANK,EQ,179.92,179.92,176.25,177.05,177.0,177.69,760206,135466244.31,11303
2026-05-19,INE0S8401018,DCG,SM,65.0,65.0,65.0,65.0,65.0,66.8,1200,78000.0,1
2026-05-19,INE891B01012,DCMFINSERV,BE,4.78,4.78,4.78,4.78,4.78,4.78,1617,7729.26,18
2026-05-19,INE498A01018,DCM,EQ,84.0,84.1,81.02,81.96,82.0,83.63,5888,485412.68,96
2026-05-19,INE08KP01019,DCMNVL,BE,154.7,154.7,145.2,147.79,148.0,148.19,1936,286714.28,42
2026-05-19,INE0OFM01015,DSFCL,EQ,26.87,28.21,26.87,28.21,28.21,26.87,95150,2676990.46,265
2026-05-19,INE843D01027,DCMSRIND,EQ,40.6,44.37,39.83,41.96,41.82,39.55,201828,8418105.07,1772
2026-05-19,INE0OU201013,DCMSIL,BE,59.7,62.96,58.02,62.83,62.95,59.97,70244,4347273.73,225
2026-05-19,INE499A01024,DCMSHRIRAM,EQ,1082.0,1115.0,1082.0,1098.4,1095.7,1099.5,25794,28389633.8,6213
2026-05-19,INE500A01029,DCW,EQ,46.15,47.09,45.95,46.16,46.39,45.73,552438,25707897.07,3610
2026-05-19,INE0KL801015,DCXINDIA,EQ,193.9,197.66,190.88,194.98,195.99,192.36,793465,154502643.17,12003
2026-05-19,INE0HR601026,DDEVPLSTIK,EQ,239.15,242.95,236.0,237.9,238.95,238.75,74281,17673059.0,2410
2026-05-19,INE0JWV01011,DENEERS,SM,229.95,240.0,217.5,229.65,230.0,229.75,48000,10960830.0,69
2026-05-19,INE244A01016,DENORA,EQ,712.85,719.8,703.55,715.3,719.8,709.35,2195,1566881.4,219
2026-05-19,INE583C01021,DECCANCE,EQ,603.3,608.95,581.0,586.4,585.1,599.55,16461,9718319.15,1014
2026-05-19,INE945F01025,DECNGOLD,EQ,123.99,140.0,123.64,135.87,135.05,121.8,5585752,751098578.42,52771
2026-05-19,INE841L01016,DEEDEV,BE,456.0,466.5,452.55,452.55,452.55,476.35,88933,40428130.0,1090
2026-05-19,INE0FHS01024,DEEPINDS,EQ,447.0,484.0,445.5,474.05,474.5,447.0,658177,311693151.9,19709
2026-05-19,INE0OPA01019,DBEIL,EQ,75.5,76.48,75.44,76.04,76.16,74.49,7911,601128.41,221
2026-05-19,INE501A01019,DEEPAKFERT,EQ,1276.8,1357.0,1273.0,1324.5,1327.0,1272.4,865758,1156044869.0,45277
2026-05-19,INE288B01029,DEEPAKNTR,EQ,1768.5,1860.0,1760.1,1805.8,1800.0,1748.5,397231,724623406.6,33293
2026-05-19,INE0SK801018,DELAPLEX,SM,124.0,124.0,124.0,124.0,124.0,119.9,600,74400.0,1
2026-05-19,INE148O01028,DELHIVERY,EQ,460.0,464.55,449.05,459.4,459.5,455.75,3324538,1525875274.05,30672
2026-05-19,INE726L01027,DELPHIFX,EQ,11.37,11.75,11.3,11.41,11.3,11.58,47951,551457.89,211
2026-05-19,INE0XRN01019,DELTIC,ST,42.35,42.35,40.8,40.8,40.8,42.35,2000,83150.0,2
2026-05-19,INE124G01033,DELTACORP,EQ,68.44,70.44,68.0,69.56,69.45,67.59,2379424,165113686.5,13621
2026-05-19,INE393A01011,DELTAMAGNT,EQ,61.39,63.9,61.39,62.01,63.2,61.39,1962,122423.4,41
2026-05-19,INE947J01015,DEN,EQ,25.65,29.4,25.36,26.84,26.85,25.63,1255681,32793323.05,6107
2026-05-19,INE0R4L01018,DENTA,EQ,262.5,267.75,259.7,262.95,262.0,258.6,126937,33475492.35,5012
2026-05-19,INE0VOV01021,DEVX,EQ,39.79,41.4,39.0,40.85,40.32,39.04,194910,7933239.3,728
2026-05-19,INE060X01034,DEVIT,EQ,27.5,29.5,27.5,29.07,28.9,27.71,61298,1755864.81,2305
2026-05-19,INE872J01023,DEVYANI,EQ,116.04,120.33,115.5,118.68,118.6,116.02,2928984,345146281.95,22723
2026-05-19,INE0I3401014,DBOL,BE,107.0,110.0,105.2,107.08,106.84,109.67,49153,5271343.81,1035
2026-05-19,INE041A01016,DHAMPURSUG,EQ,142.6,146.45,141.5,144.8,145.67,141.64,322604,46517615.6,5601
2026-05-19,INE680A01011,DHANBANK,EQ,33.24,33.89,32.11,33.18,33.28,33.15,2279924,75311662.1,11697
2026-05-19,INE0V9V01010,DHANLAXMI,SM,30.55,32.75,30.15,32.75,32.75,32.95,28000,901400.0,9
2026-05-19,INE435G01025,DHANUKA,EQ,1090.0,1248.0,1090.0,1181.6,1178.0,1085.9,3465855,4161256244.5,134853
2026-05-19,INE704V01015,DIRL,SM,12.15,12.2,12.15,12.2,12.2,11.75,24000,291900.0,4
2026-05-19,INE2HJL01019,DHARARAIL,SM,116.9,117.9,115.0,117.9,117.9,114.1,10000,1157650.0,10
2026-05-19,INE0YRN01025,DHARIWAL,SM,36.0,36.0,34.4,34.95,34.9,36.0,99000,3456450.0,30
2026-05-19,INE00OQ01016,DHARMAJ,EQ,265.95,274.3,264.3,266.2,265.0,265.8,54074,14560500.3,1968
2026-05-19,INE506Z01015,DHRUV,BE,31.65,31.68,31.65,31.65,31.68,30.18,26273,831795.46,41
2026-05-19,INE320L01011,DHUNINV,EQ,859.75,867.95,838.0,848.6,859.55,839.75,653,556064.95,135
2026-05-19,INE341R01014,DTIL,EQ,134.0,136.95,130.0,132.12,133.89,132.71,6428,847213.03,229
2026-05-19,INE477B01010,DVL,EQ,231.2,235.2,231.2,233.23,235.0,229.99,3330,777238.32,241
2026-05-19,INE591D01014,DIAMINESQ,EQ,272.5,278.0,251.6,259.15,258.0,282.25,13480,3576700.15,733
2026-05-19,INE989C01038,DIACABS,EQ,194.3,194.3,187.1,190.23,189.0,191.82,2336619,446623433.25,21406
2026-05-19,INE303A01010,DICIND,EQ,522.0,522.0,501.0,504.7,508.85,522.45,1863,940020.8,55
2026-05-19,INE0JRD01019,DTL,SM,116.55,130.0,116.55,130.0,130.0,129.95,3600,447000.0,3
2026-05-19,INE184O01015,DIFFNKG,EQ,317.15,332.25,306.05,329.7,330.0,314.65,259633,84032457.45,6023
2026-05-19,INE03JI01017,DGCONTENT,EQ,28.3,30.8,26.8,27.11,27.1,28.09,23695,656801.83,276
2026-05-19,INE0PSC01024,DIGIDRIVE,EQ,21.25,22.49,21.25,21.48,21.25,22.06,14442,314900.63,226
2026-05-19,INE0QJ901011,DIGIKORE,SM,61.0,62.75,58.0,61.75,62.0,61.45,68800,4169240.0,120
2026-05-19,INE927C01020,DIGISPICE,BE,19.53,19.98,19.0,19.59,19.75,19.53,39820,774960.13,199
2026-05-19,INE0U4701011,DIGITIDE,EQ,92.32,94.0,85.1,85.63,85.82,93.97,1086753,95644450.98,11824
2026-05-19,INE731U01028,DIGJAMLMTD,EQ,46.41,47.0,45.11,46.87,46.5,46.41,1224,56217.01,61
2026-05-19,INE016M01021,DNAMEDIA,EQ,2.99,3.05,2.91,2.99,3.0,2.99,24570,72865.02,133
2026-05-19,INE917M01012,DBL,EQ,439.8,446.0,438.95,444.45,443.9,439.0,100720,44629667.95,8332
2026-05-19,INE131C01011,DISAQ,EQ,12222.0,12363.0,12005.0,12112.0,12006.0,12002.0,351,4293774.0,243
2026-05-19,INE836F01026,DISHTV,BE,3.15,3.36,3.1,3.36,3.36,3.2,1573238,5048174.96,1426
2026-05-19,INE385W01011,DCAL,EQ,189.9,194.8,187.0,188.28,187.3,187.44,258352,49208059.01,5791
2026-05-19,INE753U01022,DIVGIITTS,EQ,649.45,682.5,649.45,675.7,678.0,650.45,15441,10375648.45,1820
2026-05-19,INE361B01024,DIVISLAB,EQ,6850.0,6942.0,6835.5,6912.0,6908.0,6835.0,322081,2226030287.5,42689
2026-05-19,INE0NA501011,DIVINEHIRA,ST,339.5,339.5,316.0,324.5,325.0,326.65,11600,3781920.0,21
2026-05-19,INE0SCO01019,DPEL,SM,520.0,520.0,509.35,510.65,509.35,519.6,16500,8499800.0,32
2026-05-19,INE0QYI01019,DIVYADHAN,ST,29.6,31.1,29.6,31.1,31.1,29.65,6000,183200.0,3
2026-05-19,INE935N01020,DIXON,EQ,10820.0,11140.0,10783.0,11048.0,11015.0,10780.0,586228,6462717856.0,81971
2026-05-19,INE0B1K01014,DJML,EQ,96.0,97.83,94.01,95.45,95.6,95.37,420589,40391484.41,1185
2026-05-19,INE271C01023,DLF,EQ,574.45,585.4,571.5,577.4,577.4,573.15,4100328,2373282134.65,73247
2026-05-19,INE505A01010,DMCC,EQ,313.6,325.35,294.05,295.65,294.2,307.7,169183,52008171.1,5932
2026-05-19,INE021O01019,DODLA,EQ,1029.0,1041.0,1005.9,1029.4,1025.1,1023.3,21091,21614030.5,3686
2026-05-19,INE966A01022,DOLATALGO,EQ,75.5,77.7,75.5,76.9,76.85,75.72,77132,5951572.92,1615
2026-05-19,INE325C01035,DOLLAR,EQ,261.65,273.4,261.65,265.15,264.0,260.35,89363,23993185.35,4115
2026-05-19,INE0JHH01011,DOLLEX,SM,30.5,31.85,30.5,31.85,31.85,30.9,12000,376600.0,3
2026-05-19,INE920A01037,DOLPHIN,EQ,418.6,418.6,413.1,416.15,416.0,415.3,9476,3938325.9,1921
2026-05-19,INE321T01012,DOMS,EQ,2322.0,2348.0,2241.0,2329.7,2318.0,2282.8,139683,321746045.4,28023
2026-05-19,INE668D01028,DONEAR,EQ,91.96,92.15,90.11,90.42,90.15,90.85,15025,1365338.78,194
2026-05-19,INE360C01024,DPSCLTD,EQ,9.71,9.87,9.3,9.37,9.36,9.94,307379,2926265.37,1355
2026-05-19,INE943P01029,AGARWALEYE,EQ,442.05,466.8,439.45,456.85,454.0,442.0,82677,37686487.4,4853
2026-05-19,INE934C01018,DRAGARWQ,EQ,5118.2,5126.5,5000.0,5107.1,5120.0,5109.8,712,3625769.1,275
2026-05-19,INE600L01024,LALPATHLAB,EQ,1659.8,1719.9,1648.0,1703.7,1695.2,1646.3,540099,916936634.5,47942
2026-05-19,INE089A01031,DRREDDY,EQ,1332.0,1345.0,1318.9,1335.2,1334.0,1331.2,2488019,3314188733.9,52160
2026-05-19,INE03RS01027,DRCSYSTEMS,EQ,15.56,16.2,15.45,15.82,15.76,15.55,60876,960442.49,405
2026-05-19,INE0JS101016,DREAMFOLKS,EQ,76.0,77.5,74.0,75.76,76.75,76.08,48415,3695756.49,1145
2026-05-19,INE506A01018,DREDGECORP,EQ,877.8,1015.0,860.0,1004.7,994.0,865.75,2212534,2169460220.1,89499
2026-05-19,INE0P7201019,DRONE,ST,44.5,44.5,42.3,42.3,42.3,44.5,102000,4351225.0,100
2026-05-19,INE055C01020,KEEPLEARN,EQ,2.37,2.37,2.11,2.18,2.15,2.17,58617,128659.69,122
2026-05-19,INF740KA1EU7,LIQUIDETF,EQ,1000.0,1000.01,999.99,1000.0,1000.0,1000.0,118743,118743049.55,334
2026-05-19,INF740KA1YH2,BANK10ADD,EQ,16.09,16.09,15.91,15.96,15.96,15.93,1316995,21057788.51,687
2026-05-19,INF740KA1RX3,BANKADD,EQ,54.67,54.89,54.51,54.62,54.53,54.57,317694,17401485.0,188
2026-05-19,INF740KA1SW3,GOLDADD,EQ,150.35,153.99,150.35,153.5,153.01,152.37,496057,76124530.23,2437
2026-05-19,INF740KA1SX1,ITADD,EQ,30.44,31.15,30.4,30.91,30.83,29.87,111183,3446125.17,256
2026-05-19,INF740KA1QK2,EQUAL50ADD,EQ,335.86,338.24,334.12,335.61,335.99,335.86,10301,3461393.03,215
2026-05-19,INF740KA1CL0,NIFTYADD,EQ,248.35,249.0,246.92,247.22,248.03,247.62,13818,3429599.73,186
2026-05-19,INF740KA1SY9,PSUBANKADD,EQ,81.69,81.69,79.77,80.24,80.0,79.69,30291,2426804.59,243
2026-05-19,INF740KA1TA7,PVTBANKADD,EQ,26.44,26.8,26.24,26.31,26.33,26.35,59425,1567636.8,168
2026-05-19,INF740KA1QL0,MIDQ50ADD,EQ,242.62,243.75,241.74,242.62,241.74,240.98,5974,1453622.89,58
2026-05-19,INF740KA1SZ6,SENSEXADD,EQ,77.48,79.0,77.0,77.21,77.25,77.16,749,57900.8,31
2026-05-19,INF740KA1RE3,SILVERADD,EQ,256.04,259.0,255.09,255.54,256.04,255.34,691965,177488734.44,6485
2026-05-19,INF740KA1WU9,FLEXIADD,EQ,9.49,9.76,9.49,9.71,9.68,9.53,293653,2843473.15,262
2026-05-19,INF740KA1UF4,HEALTHADD,EQ,159.21,160.72,159.17,159.51,159.54,158.96,21329,3418669.04,43
2026-05-19,INF740KA1UM0,LIQUIDADD,EQ,1127.04,1127.05,1127.03,1127.03,1127.05,1126.89,314354,354290519.86,224
2026-05-19,INF740KA1WW5,MIDCAPADD,EQ,22.4,22.53,22.16,22.44,22.44,22.29,65330,1469603.53,29
2026-05-19,INF740KA1WV7,MSCIADD,EQ,28.69,28.92,28.6,28.6,28.6,28.55,21273,610537.8,9
2026-05-19,INF740KA1VE5,NEXT30ADD,EQ,42.06,42.32,42.02,42.14,42.28,41.95,6653,280381.57,58
2026-05-19,INF740KA1XU7,NEXT50ADD,EQ,68.84,69.58,68.84,69.31,69.25,68.86,2410,167099.05,34
2026-05-19,INF740KA1WX3,SMALLADD,EQ,16.59,16.79,16.54,16.74,16.65,16.43,37942,633469.26,62
2026-05-19,INF740KA1UR9,TOP10ADD,EQ,86.98,87.41,86.68,86.75,87.08,86.57,95840,8348433.71,546
2026-05-19,INE0LZO01015,DUCOL,SM,115.15,115.15,114.0,114.35,114.0,115.0,9600,1102480.0,11
2026-05-19,INE741L01018,DUCON,BE,3.23,3.31,3.1,3.18,3.23,3.23,151552,483303.67,241
2026-05-19,INE0HPK01020,DUGLOBAL,ST,41.35,41.35,41.35,41.35,41.35,39.4,5000,206750.0,2
2026-05-19,INE0OUW01013,DURLAX,ST,56.8,56.8,55.2,56.8,56.8,54.1,154000,8739200.0,53
2026-05-19,INE366A01041,DWARKESH,EQ,41.8,43.21,41.73,42.46,42.32,41.65,1148827,48613614.86,8448
2026-05-19,INE417B01040,DSSL,EQ,1430.0,1575.8,1392.1,1547.8,1574.9,1382.8,471308,708245973.0,31487
2026-05-19,INE221B01012,DYNAMATECH,EQ,10639.0,11000.0,10601.0,10864.0,10750.0,10613.0,15687,170307517.0,5171
2026-05-19,INE600Y01019,DYCL,EQ,289.35,299.9,289.35,295.2,297.4,286.7,265756,78638994.8,7094
2026-05-19,INE0DZ701010,DYNAMIC,SM,112.95,115.0,109.2,113.15,113.1,106.0,5500,616600.0,11
2026-05-19,INE256H01015,DYNPRO,EQ,227.9,231.04,222.0,224.49,222.55,226.77,20501,4606947.48,878
2026-05-19,INE0KFF01017,EFACTOR,SM,205.0,205.0,205.0,205.0,205.0,202.0,800,164000.0,2
2026-05-19,INE1CEJ01017,E2ERAIL,ST,256.0,268.1,256.0,267.8,267.8,255.35,56800,15162640.0,64
2026-05-19,INE255Z01019,E2E,EQ,2950.0,3175.6,2950.0,3175.6,3175.6,3024.4,62094,193218826.0,3543
2026-05-19,INE962C01035,EASTSILK,BE,60.24,61.1,57.68,57.77,57.77,60.24,1019,61532.01,8
2026-05-19,INE07O001026,EASEMYTRIP,EQ,8.24,8.31,7.91,7.97,7.97,8.23,17726014,144184714.89,12212
2026-05-19,INE528S07110,888ECL28,N1,989.0,989.0,970.0,987.0,987.0,989.0,211,206711.01,6
2026-05-19,INE528S07128,925ECL28,N2,991.19,992.0,991.19,991.5,991.5,991.2,920,912095.55,10
2026-05-19,INE738I01010,ECLERX,EQ,1492.9,1617.6,1490.0,1553.8,1557.9,1474.4,1682493,2653833252.7,88701
2026-05-19,INE0VBS01016,ECOLINE,SM,138.0,140.0,133.5,135.85,136.8,138.7,119000,16111300.0,35
2026-05-19,INE06HJ01020,ECOSMOBLTY,EQ,130.99,134.89,128.11,128.99,129.15,129.51,179788,23440538.33,4477
2026-05-19,INF754K01OB1,BBETF0432,EQ,1304.91,1308.4,1304.0,1308.05,1308.05,1304.91,1007,1315954.96,33
2026-05-19,INF754K01TE4,EBANKNIFTY,EQ,52.9,54.19,52.9,53.85,53.85,53.81,5439,292686.35,25
2026-05-19,INF754K01KO2,EBBETF0430,EQ,1567.3,1569.58,1560.0,1567.47,1562.56,1561.99,9173,14349453.39,350
2026-05-19,INF754K01LE1,EBBETF0431,EQ,1393.16,1394.99,1385.38,1394.68,1391.0,1393.0,3073,4276327.16,85
2026-05-19,INF754K01QX0,EBBETF0433,EQ,1267.06,1270.93,1266.15,1266.66,1268.0,1273.95,6529,8279115.77,124
2026-05-19,INF754K01TX4,ECAPINSURE,EQ,24.4,24.69,24.28,24.47,24.5,24.21,16885,413798.77,187
2026-05-19,INF754K01SE6,EGOLD,EQ,156.9,158.45,156.9,157.9,157.7,156.7,143457,22651453.6,753
2026-05-19,INF754K01VW2,ELIQUID,EQ,1031.31,1031.31,1031.29,1031.29,1031.29,1031.17,15788,16282019.9,7
2026-05-19,INF754K01VV4,ELM250,EQ,16.24,16.24,15.87,16.09,16.04,16.04,106191,1699442.03,152
2026-05-19,INF754K01TF1,EMULTIMQ,EQ,42.11,42.83,42.11,42.33,42.15,42.11,20221,857380.84,139
2026-05-19,INF754K01VX0,ENIFTY,EQ,23.62,23.97,23.62,23.68,23.65,23.73,4792,114354.94,46
2026-05-19,INF754K01VY8,ESENSEX,EQ,74.99,77.1,74.37,75.5,75.5,75.11,7794,580493.23,23
2026-05-19,INF754K01SF3,ESILVER,EQ,265.82,267.36,263.72,264.55,265.9,264.01,58674,15538640.6,1376
2026-05-19,INE532F01054,EDELWEISS,EQ,112.0,112.0,108.6,109.04,108.95,110.4,1829321,201085714.58,14849
2026-05-19,INE886D01026,EFCIL,EQ,182.0,182.7,179.51,181.23,181.9,179.32,156638,28379797.07,3353
2026-05-19,INE0U9101019,EFFWA,SM,238.0,240.7,230.35,238.35,236.0,238.15,21600,5098080.0,46
2026-05-19,INE066A01021,EICHERMOT,EQ,6936.0,6974.0,6860.0,6882.5,6869.5,6913.0,406588,2803454608.5,55179
2026-05-19,INE126A01031,EIDPARRY,EQ,781.1,798.8,776.4,790.55,786.95,781.1,276585,218786410.35,13423
2026-05-19,INE276C01014,EIHAHOTELS,EQ,324.95,330.45,323.75,325.65,325.05,322.4,9100,2975942.15,529
2026-05-19,INE230A01023,EIHOTEL,EQ,323.0,330.65,320.3,326.25,326.8,322.5,134447,43934075.55,5969
2026-05-19,INE158B01016,EIMCOELECO,EQ,1569.9,1605.0,1560.0,1589.4,1590.0,1552.7,13748,21855643.7,1473
2026-05-19,INE280B01018,ELANTAS,EQ,9095.0,9249.5,9090.0,9174.5,9234.0,9034.0,434,3984435.5,201
2026-05-19,INE927X01018,ELCIDIN,EQ,117505.0,118695.0,116015.0,116490.0,116600.0,118700.0,12,1406745.0,12
2026-05-19,INE668G01021,ELDEHSG,EQ,803.1,832.0,803.0,818.85,832.0,802.7,418,340512.45,32
2026-05-19,INE205B01031,ELECON,EQ,478.1,487.45,478.1,485.15,485.0,484.3,290864,140912641.45,12551
2026-05-19,INE0Q1W01012,EFORCE,SM,22.25,23.5,22.25,23.0,23.0,23.35,8400,191040.0,6
2026-05-19,INE02YR01019,EMIL,EQ,117.5,118.33,113.2,114.71,114.54,117.44,479308,55635886.99,7659
2026-05-19,INE086A01029,ELECTCAST,EQ,74.72,75.95,73.6,75.49,75.5,77.96,5025652,376597635.43,39111
2026-05-19,INE822G01016,ELECTHERM,EQ,703.25,706.45,684.0,699.3,699.85,701.45,22220,15511596.3,507
2026-05-19,INE0R9101015,ELGNZ,SM,86.55,86.95,84.2,85.0,84.2,87.95,25000,2142250.0,25
2026-05-19,INE285A01027,ELGIEQUIP,EQ,533.45,544.2,529.05,541.1,540.0,533.45,209697,113025855.7,10906
2026-05-19,INE819L01012,ELGIRUBCO,EQ,50.0,50.7,49.0,49.47,50.12,49.1,19489,977665.75,264
2026-05-19,INE050401020,ELIN,EQ,117.0,123.7,116.92,121.59,122.69,116.0,124396,15087787.8,2425
2026-05-19,INE669R01026,ELITECON,EQ,28.76,30.19,28.76,30.18,30.19,28.76,1134033,34010707.34,6356
2026-05-19,INE236E01022,ELLEN,EQ,278.95,286.5,274.45,279.55,278.5,273.95,262385,73738301.5,11011
2026-05-19,INE579B01039,ELPROINTL,EQ,163.15,165.0,163.15,164.66,164.5,164.59,126687,20849467.4,532
2026-05-19,INE0ZOL01023,EMAPARTNER,SM,87.0,87.0,87.0,87.0,87.0,84.0,3000,261000.0,3
2026-05-19,INE548C01032,EMAMILTD,EQ,423.7,435.95,422.3,435.05,435.55,422.3,331328,143440417.6,14456
2026-05-19,INE830C01026,EMAMIPAP,EQ,74.7,78.5,74.45,77.33,78.5,74.85,22004,1689282.14,448
2026-05-19,INE778K01012,EMAMIREAL,BE,91.44,91.44,91.44,91.44,91.44,93.3,5133,469361.52,38
2026-05-19,INE069I01010,EMBDL,EQ,68.0,71.26,67.5,67.77,67.79,67.25,2488213,171923068.28,20210
2026-05-19,INE041025011,EMBASSY,RR,424.59,433.5,422.66,430.15,433.49,422.22,457278,194920802.62,12163
2026-05-19,INE168P01015,EMCURE,EQ,1694.0,1723.8,1680.8,1710.2,1711.1,1686.2,145361,247674623.8,21105
2026-05-19,INE0RHD01013,ETML,SM,80.0,85.0,79.15,84.5,84.5,80.0,22800,1894860.0,19
2026-05-19,INE296H01011,EMKAY,EQ,211.3,224.68,208.74,218.32,218.0,208.13,65538,14268155.02,1785
2026-05-19,INE332S01011,EMKAYTOOLS,SM,99.0,99.5,99.0,99.3,99.1,101.0,450,44640.0,3
2026-05-19,INE0PXC01024,ETL,SM,960.0,960.0,850.3,920.05,930.0,960.0,2250,2118795.0,12
2026-05-19,INE753K01015,EMMBI,EQ,84.78,85.89,82.89,83.38,83.83,84.81,4273,355655.1,175
2026-05-19,INE1C6T01020,EMMVEE,EQ,253.75,263.3,253.75,260.15,259.75,252.4,1897711,492998516.65,29698
2026-05-19,INE507F01023,EMPOWER,BE,2.61,2.61,2.61,2.61,2.61,2.66,372042,971029.62,315
2026-05-19,INE0OV601013,EMSLIMITED,EQ,317.0,324.95,312.8,318.0,317.95,314.15,121487,38718415.15,4939
2026-05-19,INE01QM01018,EMUDHRA,EQ,460.85,473.7,460.85,465.05,468.7,460.85,47537,22175987.75,3777
2026-05-19,INE433T01015,ENCOMPAS,SM,238.0,249.0,220.5,222.75,220.5,232.9,56800,13091860.0,49
2026-05-19,INE913H01037,ENDURANCE,EQ,2509.0,2569.0,2501.0,2545.2,2540.0,2526.7,105587,268643654.8,18526
2026-05-19,INE306C01019,ENERGYDEV,EQ,16.8,17.08,16.56,16.79,16.62,16.8,10377,175103.65,217
2026-05-19,INE0S1L01013,EMMIL,SM,142.0,147.85,142.0,147.85,147.85,142.0,2250,320962.5,7
2026-05-19,INE0S3X01014,ENFUSE,SM,180.0,198.0,180.0,192.5,186.0,187.0,8400,1576800.0,14
2026-05-19,INE510A01028,ENGINERSIN,EQ,238.9,250.6,238.0,245.0,243.55,237.55,4635220,1136575435.95,59207
2026-05-19,INE010601016,ENTERO,EQ,1192.0,1268.0,1192.0,1240.1,1233.7,1191.8,194708,242424344.7,11999
2026-05-19,INE265F01028,ENIL,EQ,113.2,113.99,110.1,111.14,111.17,112.21,27914,3103069.36,152
2026-05-19,INE0LLY01014,EIEL,EQ,187.4,191.5,185.34,189.53,189.45,187.07,1100632,207447988.9,13822
2026-05-19,INE0SUH01015,ENVIRO,SM,102.95,103.1,102.05,103.1,103.1,100.8,6000,615200.0,6
2026-05-19,INE0G5901015,EPACK,EQ,241.85,249.0,239.3,240.85,240.65,240.55,562269,136403672.65,7964
2026-05-19,INE0MLS01022,EPACKPEB,EQ,190.0,198.5,190.0,191.54,192.4,188.23,891948,172614805.31,15479
2026-05-19,INE071N01016,EPIGRAL,EQ,1203.9,1251.0,1200.1,1239.4,1242.0,1203.9,30765,38079575.2,4008
2026-05-19,INE255A01020,EPL,EQ,211.0,219.16,211.0,217.23,216.25,213.22,418652,90819143.39,9771
2026-05-19,INE11HF01010,EEPL,SM,105.0,105.95,103.0,105.45,105.5,101.05,12000,1252200.0,11
2026-05-19,INE217G01035,EQUIPPP,BE,14.55,14.8,14.06,14.32,14.55,14.55,1585,22978.91,27
2026-05-19,INE063P01018,EQUITASBNK,EQ,66.5,69.3,66.5,67.98,67.84,66.74,2999920,204559545.06,21156
2026-05-19,INE406M01024,ERIS,EQ,1340.8,1356.4,1322.0,1336.2,1352.0,1340.8,41101,55095616.1,6356
2026-05-19,INE284A01012,ESABINDIA,EQ,6565.5,6649.0,6490.0,6563.5,6563.0,6533.0,1682,11002570.0,607
2026-05-19,INE818W01011,ESAFSFB,EQ,27.9,28.54,27.75,27.92,27.95,27.93,521758,14634807.94,4044
2026-05-19,INE0RQZ01017,ESCONET,ST,119.95,123.8,119.95,123.45,123.45,117.95,11200,1383540.0,24
2026-05-19,INE042A01014,ESCORTS,EQ,2957.5,3009.9,2869.0,2890.8,2890.0,2971.0,207847,601831211.2,21891
2026-05-19,INE0SBP01018,ESPRIT,SM,69.0,70.5,69.0,70.5,70.5,69.5,4800,335200.0,3
2026-05-19,INE122M01019,ESSARSHPNG,EQ,24.1,24.89,23.55,23.83,23.88,23.88,441755,10684308.49,1895
2026-05-19,INE0ITO01014,ESFL,ST,124.0,126.0,122.0,122.0,122.0,124.05,6120,753138.0,12
2026-05-19,INE778B01029,ESTER,EQ,97.3,99.9,96.25,96.77,96.98,97.17,81532,7996422.3,1118
2026-05-19,INE758T01015,ETERNAL,EQ,240.02,249.85,238.7,247.21,246.1,241.4,33045253,8116334029.69,162178
2026-05-19,INE04TZ01018,ETHOSLTD,EQ,2255.9,2358.0,2255.9,2317.4,2311.2,2275.9,11717,27227920.2,2994
2026-05-19,INE0KCE01017,EUREKAFORB,EQ,497.95,519.6,480.0,491.25,489.0,493.65,1378285,683216039.3,46248
2026-05-19,INE546V01010,EIFFL,EQ,221.44,226.47,220.22,222.72,222.01,220.89,29038,6456343.48,381
2026-05-19,INE505V01016,EUROBOND,EQ,178.77,182.0,176.3,179.4,180.8,177.89,1769,318322.47,65
2026-05-19,INE198501012,EUROPRATIK,EQ,249.8,268.5,249.8,260.0,256.8,245.15,1303044,339294154.75,24586
2026-05-19,INE022C01012,EUROTEXIND,EQ,15.56,16.19,15.56,15.63,15.71,16.09,9504,148387.71,21
2026-05-19,INE128A01029,EVEREADY,EQ,317.25,325.0,317.25,321.35,321.0,320.6,48904,15713037.35,2717
2026-05-19,INE295A01018,EVERESTIND,EQ,381.9,382.8,366.85,367.85,366.85,362.7,7357,2749656.7,347
2026-05-19,INE184H01027,EKC,EQ,115.6,117.49,114.32,114.73,114.41,114.99,121344,14020298.39,1954
2026-05-19,INE369A01029,EXCELINDUS,EQ,972.6,1008.2,961.2,965.95,963.1,984.1,9547,9392417.65,834
2026-05-19,INE0Y4801011,EXCELLENT,ST,145.5,148.9,145.5,148.9,148.9,146.0,19200,2848800.0,12
2026-05-19,INE606N01019,EXCELSOFT,EQ,85.3,90.99,85.3,90.45,90.78,85.09,1046709,93574622.68,9756
2026-05-19,INE777F01014,EXICOM,EQ,110.37,118.8,110.37,115.61,115.6,110.34,903663,104294697.31,8982
2026-05-19,INE302A01020,EXIDEIND,EQ,343.0,347.9,342.45,344.65,344.0,342.85,1238881,427960735.25,30263
2026-05-19,INE19I001020,EXIMROUTES,SM,125.0,125.5,117.1,117.45,117.1,123.5,43200,5180040.0,20
2026-05-19,INE201K01015,EXPLEOSOL,EQ,905.8,934.0,900.0,921.6,921.0,904.9,66395,61120898.3,3266
2026-05-19,INE0GFE01026,EXXARO,EQ,6.6,6.65,6.38,6.57,6.58,6.5,71260,466877.64,319
2026-05-19,INE0HF201011,FABTECH,EQ,149.8,152.79,148.42,150.44,150.3,148.13,97491,14691649.77,4237
2026-05-19,INE188A01015,FACT,EQ,865.95,889.8,865.95,870.4,866.1,865.65,126188,110841094.65,9308
2026-05-19,INE0DNW01011,FAIRCHEMOR,EQ,604.8,617.95,604.8,609.35,617.95,614.0,3309,2017400.5,650
2026-05-19,INE0PQK01013,FALCONTECH,SM,14.15,14.55,14.0,14.55,14.55,14.75,8400,118740.0,7
2026-05-19,INE963C01033,FAZE3Q,EQ,434.25,455.95,434.25,455.95,455.95,434.25,13554,6140139.15,280
2026-05-19,INE512B01022,FCSSOFT,BE,1.55,1.57,1.51,1.53,1.52,1.55,717687,1101980.44,959
2026-05-19,INE258B01022,FDC,EQ,364.9,366.0,357.2,362.6,361.9,361.9,117514,42398533.1,3759
2026-05-19,INE007N01010,FEDFINA,EQ,150.0,153.4,148.61,152.07,151.45,150.38,544774,82021857.5,8197
2026-05-19,INE417D01020,FEDDERSHOL,EQ,33.05,34.29,32.5,32.98,33.0,33.42,167728,5599315.84,826
2026-05-19,INE171A01029,FEDERALBNK,EQ,284.8,287.8,283.75,286.6,286.45,283.95,6905213,1976782463.15,50595
2026-05-19,INE529A01010,FMGOETZE,EQ,437.2,456.0,437.0,452.2,455.0,432.5,77273,34755287.95,2893
2026-05-19,INE901X01013,FELIX,SM,204.0,204.0,195.0,198.95,198.0,196.95,21000,4198325.0,35
2026-05-19,INE225B01021,FERMENTA,EQ,289.85,297.6,288.1,294.15,297.0,286.6,6094,1783668.85,341
2026-05-19,INE296C01020,FIBERWEB,EQ,32.0,33.67,31.33,31.33,31.33,32.97,132532,4169374.75,414
2026-05-19,INE0LQQ01019,FIDEL,SM,169.95,169.95,169.95,169.95,169.95,158.55,3000,509850.0,3
2026-05-19,INE737H01014,FIEMIND,EQ,2160.0,2205.0,2146.2,2169.7,2170.5,2153.2,40413,88042822.3,6957
2026-05-19,INE185E01021,FILATFASH,BE,0.23,0.24,0.23,0.23,0.24,0.23,27919929,6600639.56,2188
2026-05-19,INE816B01035,FILATEX,EQ,41.15,42.51,41.06,42.37,42.31,41.14,404556,16983471.19,5322
2026-05-19,INE0EDU01014,FINBUD,SM,118.1,120.05,118.05,120.0,120.0,122.5,9000,1071800.0,9
2026-05-19,INE686Y01026,FINEORG,EQ,4564.5,4620.0,4531.2,4567.2,4551.0,4531.7,4580,21012931.3,1415
2026-05-19,INE045J01034,FCL,EQ,33.0,34.5,30.55,33.22,33.0,30.52,223560391,7389248153.25,269000
2026-05-19,INE734I01027,FINKURVE,EQ,68.34,68.5,66.29,67.54,68.0,66.34,21446,1446518.25,518
2026-05-19,INE02NC01014,FINOPB,EQ,119.38,124.85,118.82,123.16,122.76,117.95,206755,25348414.65,4223
2026-05-19,INE235A01022,FINCABLES,EQ,1029.95,1089.7,1029.95,1056.25,1050.0,1022.95,427291,449703836.0,24736
2026-05-19,INE183A01024,FINPIPE,EQ,163.9,167.98,163.9,165.86,165.0,163.61,170459,28277323.06,6166
2026-05-19,INE684F01012,FSL,EQ,235.01,252.5,235.01,242.06,242.1,233.92,6806456,1672041949.15,92229
2026-05-19,INE771F01041,FISCHER,EQ,35.01,35.69,34.3,34.6,34.83,34.77,780408,27216341.45,2285
2026-05-19,INE128S01021,FIVESTAR,EQ,451.95,457.55,449.6,453.4,454.4,451.45,380155,171912199.5,14181
2026-05-19,INE00Y201027,FLAIR,EQ,334.9,335.0,331.0,333.05,333.0,333.4,70145,23346477.8,2173
2026-05-19,INE060J01017,FLEXITUFF,EQ,6.88,7.15,6.45,7.02,7.12,6.88,15516,109107.52,65
2026-05-19,INE0VCK01011,FLYSBS,SM,400.0,419.8,400.0,403.8,402.0,401.3,17400,7067800.0,82
2026-05-19,INE0I7D01019,FOCE,SM,558.0,563.0,558.0,561.0,561.0,558.0,1920,1076160.0,4
2026-05-19,INE593W01028,FOCUS,EQ,84.8,87.51,84.05,85.31,85.9,83.47,145931,12518129.34,3452
2026-05-19,INE0Q4701019,FONEBOX,SM,67.8,67.9,67.0,67.0,67.0,65.0,3000,202700.0,3
2026-05-19,INE976E01023,FOODSIN,EQ,55.0,55.9,54.52,55.5,55.25,54.6,40361,2232666.11,806
2026-05-19,INE0U2501017,FORCAS,SM,103.0,105.95,103.0,105.0,105.0,103.0,30400,3190320.0,4
2026-05-19,INE451A01017,FORCEMOT,EQ,19650.0,19683.0,19160.0,19206.0,19220.0,19544.0,90394,1750697018.0,26305
2026-05-19,INE0YKW01013,FORGEAUTO,SM,115.5,115.5,109.0,109.0,109.0,111.5,12000,1350540.0,10
2026-05-19,INE061F01013,FORTIS,EQ,962.15,975.0,955.5,960.55,959.05,962.15,1026400,992352161.45,31459
2026-05-19,INE519A01011,FOSECOIND,EQ,4939.6,4979.3,4826.6,4883.1,4887.0,4925.0,7651,37511629.9,1225
2026-05-19,INE212S01015,FRACTAL,EQ,928.0,983.0,927.85,935.35,940.0,924.6,1215841,1160948297.0,62758
2026-05-19,INF090I01VX3,FICRF3GP,MF,191.0,191.0,191.0,191.0,191.0,185.4,1,191.0,1
2026-05-19,INE0SFW01015,FRESHARA,ST,195.5,202.0,195.5,200.0,200.0,196.2,23400,4681050.0,27
2026-05-19,INE385O01018,FROG,ST,180.0,180.0,168.8,176.95,178.0,175.1,13200,2292380.0,29
2026-05-19,INE572D01014,FRONTSP,EQ,1507.9,1694.0,1495.0,1613.7,1592.0,1488.0,28359,45854851.2,3640
2026-05-19,INE388Y01029,NYKAA,EQ,274.95,275.2,270.0,271.45,270.55,272.7,2436357,663886418.85,42617
2026-05-19,INE12UR01024,UTLSOLAR,EQ,264.9,275.0,263.85,270.15,270.0,263.55,234492,63369325.35,5806
2026-05-19,INE139R01012,FUSION,EQ,182.9,187.5,177.8,186.4,186.56,183.34,620632,113475232.67,13242
2026-05-19,INE452O01016,FLFL,BZ,1.47,1.47,1.43,1.44,1.46,1.5,55348,79984.19,84
2026-05-19,INE623B01027,FEL,BZ,0.45,0.45,0.44,0.44,0.45,0.44,107291,47665.39,84
2026-05-19,IN9623B01058,FELDVR,BZ,2.66,2.68,2.66,2.66,2.66,2.79,2519,6703.04,25
2026-05-19,INE360L01017,FMNL,EQ,12.52,12.52,11.63,12.52,12.52,11.39,288263,3584276.56,642
2026-05-19,INE075D01018,GMBREW,EQ,908.0,929.2,903.15,907.55,907.1,904.8,54145,49551068.3,3830
2026-05-19,INE201P01022,GRINFRA,EQ,940.8,959.9,933.15,941.05,936.7,940.3,41677,39366950.7,5382
2026-05-19,INE586X01012,GTECJAINX,EQ,19.0,19.6,18.36,19.5,19.5,19.0,2630,49369.37,14
2026-05-19,INE524A01029,GABRIEL,EQ,1063.4,1098.5,1057.1,1095.3,1095.0,1063.4,150493,162471024.4,13352
2026-05-19,INE224E01028,GATECH,EQ,0.52,0.55,0.52,0.52,0.53,0.52,9266951,4940103.35,1056
2026-05-19,INE224E01036,GATECHDVR,EQ,0.52,0.53,0.5,0.5,0.5,0.5,553715,283631.27,198
2026-05-19,INE129A01019,GAIL,EQ,160.32,161.3,155.18,156.12,155.8,160.22,17108046,2695515584.98,83048
2026-05-19,INE0QTE01018,GAJANAND,SM,8.8,8.8,8.8,8.8,8.8,9.1,3000,26400.0,1
2026-05-19,INE0RE001014,GALAPREC,EQ,857.85,857.85,835.0,838.15,835.0,851.05,9151,7725670.65,679
2026-05-19,INE600K01018,GALAXYSURF,EQ,1822.0,1827.0,1802.6,1813.7,1813.6,1822.0,5499,9974855.2,764
2026-05-19,INE297H01019,GALLANTT,EQ,692.7,696.3,672.2,674.85,676.7,689.4,201557,137135271.65,10259
2026-05-19,INE717W01049,GANDHAR,EQ,158.8,160.5,154.08,159.47,159.5,158.36,508094,80097418.62,7622
2026-05-19,INE524B01027,GANDHITUBE,EQ,853.85,885.75,846.1,872.65,870.0,849.5,6711,5804585.4,478
2026-05-19,INE388A01029,GANESHBE,EQ,92.9,96.0,92.9,95.06,95.5,92.39,83629,7929755.01,2014
2026-05-19,INE652V01016,GANESHCP,EQ,192.33,194.69,190.0,190.82,192.0,189.73,20656,3968162.41,1193
2026-05-19,INE0R8C01018,GGBL,SM,348.0,348.0,336.8,340.4,340.0,341.1,36300,12460785.0,103
2026-05-19,INE460C01014,GANESHHOU,EQ,707.9,718.9,700.1,708.4,702.0,708.45,40456,28865267.55,3004
2026-05-19,INE0TVT01024,GANESHIN,ST,78.0,81.7,74.0,81.7,81.7,77.85,93600,7211480.0,90
2026-05-19,INE845D01014,GANECOS,EQ,1040.0,1065.0,1023.6,1030.6,1028.0,1029.4,123916,129436106.2,6979
2026-05-19,INE0ZI101018,GANGABATH,SM,24.45,24.45,23.0,23.5,23.55,23.35,57000,1336950.0,15
2026-05-19,INE691Z01023,GANGAFORGE,EQ,2.45,2.52,2.38,2.42,2.48,2.44,406228,1003070.74,500
2026-05-19,INE335W01016,GANGESSECU,EQ,124.1,128.78,123.5,123.89,123.5,124.22,1838,230615.95,99
2026-05-19,INE382Z01011,GRSE,EQ,2595.0,2685.0,2595.0,2658.5,2649.7,2581.7,1343404,3548621247.0,70655
2026-05-19,INE0JVO01026,GARUDA,EQ,169.75,174.55,165.87,169.91,169.85,167.64,1436819,245044003.09,24220
2026-05-19,INE291A01017,GRWRHITECH,EQ,5409.0,5668.0,5374.6,5541.1,5510.0,5382.9,243206,1360734129.3,40714
2026-05-19,INE276A01018,GARFIBRES,EQ,645.0,655.0,640.0,642.2,646.55,643.35,62156,40213038.1,4380
2026-05-19,INE079J01017,GATEWAY,EQ,55.01,56.75,55.01,56.06,56.14,55.66,276188,15529616.79,2540
2026-05-19,INE0P8B01020,GAUDIUMIVF,BE,101.01,107.56,98.4,107.56,107.56,102.44,101302,10694633.24,920
2026-05-19,INE287Z01012,GAYAHWS,EQ,2.26,2.34,2.17,2.25,2.24,2.26,216819,489561.47,343
2026-05-19,INE336H01023,GAYAPROJ,BE,16.55,17.82,16.36,17.19,17.15,17.14,186045,3226618.76,300
2026-05-19,INE0LVM01018,GRCL,ST,610.0,610.0,579.5,579.5,579.5,610.0,1750,1031625.0,7
2026-05-19,INE878A01011,GVPIL,EQ,644.25,664.8,628.3,632.75,632.9,661.3,563991,362859688.4,11039
2026-05-19,INE200A01026,GVT&D,EQ,4350.0,4530.0,4321.6,4385.3,4357.0,4426.8,979292,4310854749.5,103127
2026-05-19,INE916G01016,GEECEE,EQ,333.5,352.0,332.05,344.9,348.75,331.6,42740,14555412.2,1349
2026-05-19,INE669X01032,GEEKAYWIRE,EQ,24.01,25.17,24.01,24.46,24.41,24.26,81089,1996063.29,1134
2026-05-19,INE06XZ01023,GEMAROMA,BE,151.99,157.8,148.0,156.08,157.0,151.44,26113,4009102.14,308
2026-05-19,INE481Y01014,GICRE,EQ,391.75,392.4,386.05,389.3,388.0,391.8,156220,60792012.25,7637
2026-05-19,INE854S01022,GENCON,EQ,38.75,41.6,36.72,38.83,40.48,37.93,229623,8818378.03,1100
2026-05-19,INE727B01026,GENESYS,EQ,205.0,212.45,204.65,209.5,209.0,204.65,352807,73643284.7,8128
2026-05-19,INE949P01018,GENUSPAPER,EQ,12.8,12.9,12.65,12.75,12.75,12.62,25591,326583.56,153
2026-05-19,INE955D01029,GENUSPOWER,EQ,307.4,314.8,305.95,309.35,307.65,304.75,737497,229259888.55,19487
2026-05-19,INE007B01023,GEOJITFSL,EQ,73.3,75.25,72.45,75.0,75.05,73.16,501714,37356027.39,4173
2026-05-19,INE538A01037,GFLLIMITED,EQ,44.99,46.37,44.21,45.28,45.5,44.27,43723,1990471.4,859
2026-05-19,INE539A01019,GHCL,EQ,453.2,459.8,446.45,455.3,455.0,449.9,139396,63402687.2,11242
2026-05-19,INE0PA801013,GHCLTEXTIL,EQ,85.09,88.69,85.09,86.88,86.73,85.81,137068,11978918.06,2499
2026-05-19,INE289B01019,GICHSGFIN,EQ,150.0,151.48,148.3,148.76,148.94,148.62,153894,23006005.44,2938
2026-05-19,INE047B01011,GILLANDERS,EQ,91.01,92.78,88.15,90.43,90.5,88.59,8984,813931.07,389
2026-05-19,INE322A01010,GILLETTE,EQ,7750.0,7789.5,7652.0,7662.5,7669.0,7732.0,16855,129693378.0,4518
2026-05-19,INE424C01010,GINNIFILA,EQ,42.64,42.92,41.36,41.99,42.2,41.68,106344,4475783.42,877
2026-05-19,INE614Z01017,GIRIRAJ,ST,154.0,154.0,154.0,154.0,154.0,154.85,250,38500.0,1
2026-05-19,INE1AG301022,GKENERGY,EQ,121.1,127.8,121.1,125.56,125.8,121.73,411026,51475309.78,5277
2026-05-19,INE528A01020,GKWLIMITED,EQ,1633.0,1732.8,1633.0,1679.5,1694.0,1658.7,191,318545.2,40
2026-05-19,INE068V01023,GLAND,EQ,2148.0,2273.9,2138.5,2251.1,2236.1,2156.6,2357325,5271526194.9,149200
2026-05-19,INE159A01016,GLAXO,EQ,2400.0,2422.6,2377.2,2389.4,2387.9,2389.8,76962,184560915.3,9233
2026-05-19,INE935A01035,GLENMARK,EQ,2351.5,2413.5,2335.0,2405.9,2409.0,2339.9,855987,2043372168.3,45136
2026-05-19,INE291W01037,GLOBAL,EQ,102.46,104.41,102.0,102.67,103.6,102.55,48326,4983068.12,1460
2026-05-19,INE474Q01031,MEDANTA,EQ,1240.0,1259.3,1218.1,1240.4,1234.0,1239.2,404395,502368587.3,24236
2026-05-19,INE0PS501019,GLOBALPET,ST,132.0,136.5,132.0,136.5,136.5,137.9,3750,501750.0,4
2026-05-19,INE0JSX01015,GSLSU,EQ,57.9,57.9,55.0,55.38,55.11,55.81,18854,1052624.94,761
2026-05-19,INE792H01019,GLOBALVECT,EQ,168.0,171.85,163.35,165.12,164.01,168.18,8952,1490801.14,562
2026-05-19,INE0URU01010,GLOBALE,BE,12.99,13.4,12.8,13.0,13.0,13.0,3777,49163.12,19
2026-05-19,INE0V3U01015,GLOBECIVIL,BE,43.75,44.82,42.0,43.15,43.29,43.52,20646,896617.62,134
2026-05-19,INE581X01021,GLOBE,EQ,2.38,2.47,2.38,2.44,2.47,2.44,405348,989279.79,305
2026-05-19,INE947T01022,GICL,EQ,40.15,41.43,40.15,41.08,41.24,40.0,1116197,45822249.64,2478
2026-05-19,INE00WS01056,GSTL,ST,17.15,17.15,17.15,17.15,17.15,18.05,6000,102900.0,5
2026-05-19,INE615I01010,GLOBUSSPR,EQ,889.9,905.0,882.0,887.9,888.5,879.4,73545,65614158.4,4551
2026-05-19,INE350Z01018,GLOSTERLTD,EQ,645.5,659.9,625.5,639.0,633.0,647.1,2880,1853359.4,218
2026-05-19,INE0TQE01026,GLOTTIS,EQ,60.48,62.6,60.0,60.28,60.5,60.48,238969,14602339.65,4152
2026-05-19,INE541A01023,GMMPFAUDLR,EQ,874.95,885.7,859.9,866.05,867.0,870.45,109842,95600420.35,6066
2026-05-19,INE776C01039,GMRAIRPORT,EQ,94.91,95.56,93.9,94.21,93.95,95.04,8224327,778969589.19,39039
2026-05-19,INE0CU601026,GMRP&UI,EQ,115.5,116.49,113.93,114.45,114.2,114.35,1785066,205285760.04,17166
2026-05-19,INE934S01014,GNA,EQ,363.95,369.15,359.1,364.2,361.0,361.95,35198,12853602.75,2654
2026-05-19,INE18JU01028,EBGNG,EQ,426.95,432.05,415.1,417.75,415.5,424.85,153818,65026522.55,6116
2026-05-19,INE03JT01014,GODIGIT,EQ,307.1,314.5,305.9,311.0,312.4,307.65,632971,196578274.9,11352
2026-05-19,INE0BJS01011,GOCOLORS,EQ,261.45,265.8,256.8,259.0,260.0,259.5,49696,13003621.45,2660
2026-05-19,INE426D01013,GOACARBON,EQ,383.0,389.95,383.0,387.1,388.2,383.5,6203,2402783.65,419
2026-05-19,INE077F01035,GOCLCORP,EQ,289.0,301.9,288.7,296.0,296.2,289.45,21100,6265297.8,1892
2026-05-19,INE497S01012,GODAVARIB,EQ,306.2,320.1,306.2,313.2,312.05,305.05,223257,70474856.45,6369
2026-05-19,INE177H01039,GPIL,EQ,284.9,292.0,282.6,290.55,290.3,283.3,2358087,683610043.05,31441
2026-05-19,INE260B01028,GODFRYPHLP,EQ,2329.0,2384.5,2295.8,2339.9,2337.1,2314.9,1185848,2775124433.3,55872
2026-05-19,INE850D01014,GODREJAGRO,EQ,569.0,578.8,563.9,572.45,575.0,562.7,132140,75773025.7,11745
2026-05-19,INE102D01028,GODREJCP,EQ,1025.0,1036.2,1019.2,1022.0,1022.5,1014.4,1636935,1677641820.7,33495
2026-05-19,INE233A01035,GODREJIND,EQ,1156.25,1179.6,1120.1,1134.1,1124.0,1156.25,173437,198918138.75,14965
2026-05-19,INE484J01027,GODREJPROP,EQ,1689.9,1744.0,1686.4,1715.4,1712.5,1686.3,497935,857098742.5,24096
2026-05-19,IN0020240191,679GS2031,GS,102.0,102.0,102.0,102.0,102.0,102.0,200,20400.0,1
2026-05-19,IN0020240134,692GS2039,GS,99.0,99.0,98.0,98.0,98.0,100.5,20,1970.0,2
2026-05-19,IN0020240142,709GS2074,GS,96.09,96.95,96.09,96.09,96.1,96.04,4960,476882.59,21
2026-05-19,IN0020210186,574GS2026,GS,101.0,101.0,101.0,101.0,101.0,99.17,1,101.0,1
2026-05-19,IN0020250034,591GS2028,GS,100.21,100.21,100.21,100.21,100.21,100.06,100,10021.0,1
2026-05-19,IN0020210095,610GS2031,GS,102.0,102.0,102.0,102.0,102.0,102.0,1,102.0,1
2026-05-19,IN0020250059,628GS2032,GS,98.15,98.15,98.15,98.15,98.15,98.95,1500,147225.0,3
2026-05-19,IN0020250091,648GS2035,GS,97.48,97.48,96.1,97.48,97.48,97.5,6346,617975.96,23
2026-05-19,IN0020210244,654GS2032,GS,100.99,100.99,99.2,99.97,100.0,100.9,8309,829521.53,14
2026-05-19,IN0020250042,668GS2040,GS,96.75,97.25,96.51,96.53,96.53,96.5,598300,57893606.87,25
2026-05-19,IN0020200401,676GS2061,GS,89.76,90.0,89.76,90.0,90.0,89.76,11511,1034023.1,24
2026-05-19,IN0020200187,68GS2060,GS,94.4,94.4,91.9,92.04,91.9,92.19,480,44190.83,13
2026-05-19,IN0020250018,690GS2065,GS,90.74,90.74,90.11,90.6,90.6,90.22,54176,4908094.04,33
2026-05-19,IN0020260025,694GS2036,GS,99.9,99.9,99.9,99.9,99.9,98.09,150,14985.0,1
2026-05-19,IN0020210202,695GS2061,GS,94.0,94.0,94.0,94.0,94.0,93.94,1036,97384.0,6
2026-05-19,IN0020210194,699GS2051,GS,95.1,95.1,94.4,94.51,94.4,95.1,7303,690637.6,11
2026-05-19,IN0020240043,702GS2027,GS,103.56,103.6,103.56,103.57,103.6,103.3,29091,3013150.8,9
2026-05-19,IN0020230010,706GS2028,GS,101.42,101.42,101.25,101.27,101.26,101.42,19989,2026660.46,20
2026-05-19,IN0020240118,709GS2054,GS,96.2,96.9,95.5,95.51,95.5,95.5,101344,9715119.6,26
2026-05-19,IN0020230036,717GS2030,GS,100.75,102.0,100.01,102.0,102.0,101.49,8100,823187.0,9
2026-05-19,IN0020230085,718GS2033,GS,102.5,102.5,102.0,102.0,102.0,102.5,5185,529120.0,5
2026-05-19,IN0020230077,718GS2037,GS,102.3,102.45,102.09,102.14,102.1,102.4,63605,6497781.45,29
2026-05-19,IN0020250075,724GS2055,GS,97.49,97.49,96.7,96.99,96.7,96.91,28104,2732547.6,26
2026-05-19,IN0020230044,725GS2063,GS,97.95,97.95,97.0,97.27,97.0,97.2,144211,14033054.42,102
2026-05-19,IN0020220060,726GS2032,GS,103.1,103.1,103.1,103.1,103.1,102.5,9301,958933.1,5
2026-05-19,IN0020230051,73GS2053,GS,98.0,100.1,98.0,98.5,98.5,100.71,4100,404010.0,4
2026-05-19,IN0020230135,732GS2030,GS,101.0,101.25,100.97,101.25,101.25,105.5,26093,2635395.11,12
2026-05-19,IN0020240035,734GS2064,GS,96.5,96.6,96.26,96.51,96.5,96.28,100047,9649570.58,125
2026-05-19,IN0020220086,736GS2052,GS,102.0,102.0,102.0,102.0,102.0,101.0,2548,259896.0,3
2026-05-19,IN0020230101,737GS2028,GS,102.06,102.79,101.62,101.91,101.82,102.11,14472,1477162.85,13
2026-05-19,IN0020220094,74GS2062,GS,101.99,101.99,101.99,101.99,101.99,99.15,350,35696.5,1
2026-05-19,IN0020220102,741GS2036,GS,104.05,104.4,104.05,104.4,104.4,104.31,20500,2133449.3,8
2026-05-19,IN0020250117,743GS2076,GS,99.75,99.75,99.35,99.35,99.35,99.5,6186,616034.16,13
2026-05-19,IN0020230127,746GS2073,GS,99.5,99.5,99.5,99.5,99.5,99.5,6067,603666.5,13
2026-05-19,IN0020260017,750GS2056,GS,98.5,98.5,98.5,98.5,98.5,98.5,100,9850.0,1
2026-05-19,IN0020220029,754GS2036,GS,107.49,107.7,106.53,106.85,106.85,106.99,1350620,144348998.19,431
2026-05-19,IN0020010081,1018GS2026,GS,100.71,103.25,100.71,103.25,103.25,103.3,30,3069.6,3
2026-05-19,IN0020160068,706GS2046,GS,97.0,98.0,97.0,98.0,98.0,98.0,701,68198.0,4
2026-05-19,IN0020220011,710GS2029,GS,101.16,101.2,101.15,101.2,101.2,101.55,431,43595.71,3
2026-05-19,IN0020170174,717GS2028,GS,103.04,103.04,103.04,103.04,103.04,102.71,1,103.04,1
2026-05-19,IN0020180454,726GS2029,GS,103.16,103.16,103.16,103.16,103.16,102.81,1,103.16,1
2026-05-19,IN0020220037,738GS2027,GS,104.4,104.5,104.3,104.3,104.3,104.41,22794,2378765.2,23
2026-05-19,IN0020060078,824GS2027,GS,104.01,104.01,104.0,104.0,104.01,105.22,617,64174.16,7
2026-05-19,IN0020120062,83GS2042,GS,112.0,112.0,112.0,112.0,112.0,107.6,5,560.0,1
2026-05-19,IN0020110063,883GS2041,GS,112.4,112.4,112.4,112.4,112.4,118.0,60,6744.0,1
2026-05-19,IN0020130053,92GS2030,GS,112.0,113.2,110.3,111.0,111.0,113.3,11193,1254579.08,14
2026-05-19,IN002025Z195,364D060826,TB,98.7,98.7,98.7,98.7,98.7,98.44,100,9870.0,1
2026-05-19,IN002025Z153,364D090726,TB,99.26,99.26,99.26,99.26,99.26,98.7,1800,178668.0,1
2026-05-19,IN002025Z245,364D100926,TB,98.28,98.28,98.28,98.28,98.28,97.55,2000,196560.0,1
2026-05-19,IN002025Z252,364D170926,TB,98.18,98.18,98.18,98.18,98.18,97.45,2000,196360.0,1
2026-05-19,IN002026X057,91D060826,TB,98.7,98.7,98.7,98.7,98.7,98.7,900,88830.0,1
2026-05-19,IN002026X016,91D090726,TB,99.0,99.0,99.0,99.0,99.0,99.0,500,49500.0,1
2026-05-19,IN002026X065,91D130826,TB,98.03,98.72,98.03,98.72,98.72,98.6,3700,364767.0,4
2026-05-19,IN002026X024,91D160726,TB,99.0,99.0,99.0,99.0,99.0,98.66,11100,1098900.0,5
2026-05-19,IN002025X505,91D190626,TB,99.11,99.11,99.11,99.11,99.11,99.0,100,9911.0,1
2026-05-19,IN002025X463,91D220526,TB,99.5,99.5,97.51,97.51,97.51,99.51,300,29651.0,3
2026-05-19,INE887G01027,GOKEX,EQ,673.0,698.75,673.0,691.4,690.3,672.65,255008,175958088.95,9450
2026-05-19,INE314T01033,GOKULAGRO,EQ,243.72,244.27,236.1,236.92,237.0,240.59,467573,111847361.91,12674
2026-05-19,INE020J01029,GOKUL,EQ,41.88,42.05,40.52,41.6,41.13,41.02,135606,5633409.1,352
2026-05-19,INE973A01010,GOLDENTOBC,BZ,26.7,26.9,25.4,25.46,25.45,26.46,1645,43369.12,30
2026-05-19,INE025B01025,GOLDIAM,EQ,372.0,382.5,372.0,379.75,380.8,370.1,241271,91401475.7,7515
2026-05-19,INE06MH01016,GOLDKART,SM,168.0,168.0,168.0,168.0,168.0,172.0,625,105000.0,1
2026-05-19,INE405Y01021,GOLDSTAR,ST,6.7,7.0,6.7,7.0,7.0,7.05,33750,232875.0,3
2026-05-19,INE127I01024,GOODLUCK,EQ,1349.0,1372.1,1332.0,1358.3,1355.1,1341.9,116556,158040573.7,9309
2026-05-19,INE533A01012,GOODYEAR,EQ,747.0,748.95,737.05,742.7,741.5,739.0,3977,2953469.1,302
2026-05-19,INE0L9R01028,GOPAL,EQ,299.9,299.9,290.15,292.9,291.2,296.7,48080,14180580.8,1885
2026-05-19,INE705X01026,GOYALALUM,EQ,6.48,7.2,6.48,6.73,6.7,6.61,83499,570698.33,374
2026-05-19,INE0QFE01017,GOYALSALT,SM,107.5,107.5,106.5,106.5,106.5,105.8,1200,128400.0,2
2026-05-19,INE0S7E01015,GPECO,SM,360.0,364.9,356.1,357.7,358.0,360.0,10000,3589310.0,42
2026-05-19,INE586G01017,GULFPETRO,EQ,33.15,33.73,32.53,32.86,33.02,33.15,32818,1081156.37,401
2026-05-19,INE486R01017,GPTHEALTH,EQ,140.84,145.5,140.83,142.84,142.8,138.76,203104,29068223.15,4992
2026-05-19,INE390G01014,GPTINFRA,EQ,122.0,126.99,116.01,117.21,116.26,117.42,1559409,190795118.52,18564
2026-05-19,INE361K01017,GRADIENTE,BE,6.27,6.27,6.27,6.27,6.27,6.59,38259,239883.93,36
2026-05-19,INE12E301017,GCHOTELS,SM,92.55,95.1,87.15,89.9,89.75,93.8,66600,6024000.0,76
2026-05-19,INE926B01016,GRANDOAK,EQ,25.95,28.41,25.95,26.17,26.05,25.83,6347,178268.8,68
2026-05-19,INE101D01020,GRANULES,EQ,737.0,773.2,734.5,766.45,767.0,731.45,1871962,1420206397.8,45404
2026-05-19,INE371A01025,GRAPHITE,EQ,765.0,769.9,745.4,748.0,746.55,761.05,1444105,1089207815.75,29249
2026-05-19,INE047A01021,GRASIM,EQ,2955.0,2970.0,2919.9,2935.2,2928.0,2943.8,637116,1875630750.3,40423
2026-05-19,INE266D01021,GRAUWEIL,EQ,63.9,67.89,63.0,64.61,65.5,63.49,90062,5908540.56,1326
2026-05-19,INE214F01026,GRAVISSHO,EQ,29.76,31.9,29.76,30.35,30.12,30.25,11920,362544.09,102
2026-05-19,INE024L01027,GRAVITA,EQ,1625.0,1641.3,1606.0,1621.6,1618.0,1625.3,106379,172804060.0,13207
2026-05-19,INE224A01026,GREAVESCOT,EQ,160.5,171.64,160.11,170.1,170.5,160.48,1559621,259804630.02,18353
2026-05-19,INE0O7P01015,GREENCHEF,SM,55.0,55.0,54.3,54.85,54.85,55.4,4800,262040.0,4
2026-05-19,INE544R01021,GREENLAM,EQ,226.02,239.05,223.22,233.61,235.74,224.23,210200,48987121.28,15702
2026-05-19,INE0PLX01017,GREENLEAF,SM,75.55,75.55,71.8,71.9,71.8,75.55,30000,2173000.0,25
2026-05-19,INE08ZM01014,GREENPANEL,EQ,190.11,192.19,180.22,182.91,182.75,190.11,297869,55083296.54,12962
2026-05-19,INE461C01038,GREENPLY,EQ,257.95,258.0,248.35,250.5,249.8,253.2,147459,37303286.95,4017
2026-05-19,INE199P01028,GCSL,EQ,372.8,393.45,363.95,379.2,381.0,377.85,609360,234345093.75,6600
2026-05-19,INE0PC901019,BIRDYS,ST,137.0,137.0,137.0,137.0,137.0,134.4,2400,328800.0,1
2026-05-19,INE536A01023,GRINDWELL,EQ,1860.0,1900.5,1852.1,1877.9,1882.6,1856.4,112432,211760425.5,19899
2026-05-19,INE192H01020,GRMOVER,EQ,171.35,171.73,166.91,168.46,169.0,169.49,2689119,455644481.87,11576
2026-05-19,INF666M01MM4,GROWWCAPM,EQ,11.85,11.85,11.45,11.76,11.56,11.58,724105,8515144.9,733
2026-05-19,INF666M01NP5,GROWWCHEM,EQ,29.17,29.55,28.51,29.3,29.26,28.87,593206,17476516.29,355
2026-05-19,INF666M01IO8,GROWWDEFNC,EQ,89.9,90.24,88.72,89.2,89.15,89.46,256369,22991325.87,3225
2026-05-19,INF666M01IH2,GROWWEV,EQ,29.25,29.99,29.22,29.57,29.58,29.42,150556,4461036.7,1455
2026-05-19,INF666M01OE7,GROWWGOLD,EQ,15.38,15.44,15.34,15.42,15.44,15.29,2967093,45722891.62,3425
2026-05-19,INF666M01OD9,GROWWHOSPI,EQ,50.94,51.4,50.66,51.15,51.29,50.86,131729,6737638.81,753
2026-05-19,INF666M01IP5,GROWWLIQID,EQ,109.11,109.11,109.1,109.1,109.11,109.09,138505,15111325.47,220
2026-05-19,INF666M01LB9,GROWWLOVOL,EQ,10.01,10.35,10.01,10.32,10.31,10.17,18171,187030.76,84
2026-05-19,INF666M01MV5,GROWWMC150,EQ,223.02,225.5,222.64,222.67,222.64,221.22,467,104475.62,16
2026-05-19,INF666M01NI0,GROWWMETAL,EQ,12.74,12.75,12.4,12.52,12.51,12.5,346164,4336630.62,1408
2026-05-19,INF666M01KJ4,GROWWMOM50,EQ,10.41,10.62,10.22,10.49,10.52,10.41,68913,723397.63,409
2026-05-19,INF666M01JV1,GROWWN200,EQ,11.2,11.2,10.85,11.02,11.16,10.99,246255,2717212.97,400
2026-05-19,INF666M01LI4,GROWWNET,EQ,9.0,9.11,8.85,9.05,9.04,8.84,283002,2560214.31,412
2026-05-19,INF666M01LL8,GROWWNIFTY,EQ,9.25,9.72,9.25,9.5,9.51,9.49,251616,2401323.56,1424
2026-05-19,INF666M01LZ8,GROWWNXT50,EQ,69.32,69.55,68.88,68.88,68.88,68.93,2009,138940.44,67
2026-05-19,INF666M01LM6,GROWWPOWER,EQ,11.89,12.03,11.89,11.92,11.96,11.89,3931070,47008574.08,2268
2026-05-19,INF666M01NQ3,GROWWPSE,EQ,103.78,104.67,103.35,104.19,104.0,103.78,9287,967757.9,47
2026-05-19,INF666M01OG2,GROWWPSUBK,EQ,80.14,81.62,79.29,81.01,81.62,79.37,3090,246731.3,81
2026-05-19,INF666M01JJ6,GROWWRAIL,EQ,31.49,31.67,31.3,31.36,31.44,31.4,254947,8035351.55,1879
2026-05-19,INF666M01MN2,GROWWRLTY,EQ,8.6,8.63,8.26,8.54,8.57,8.4,129314,1104574.68,385
2026-05-19,INF666M01MO0,GROWWSC250,EQ,9.64,9.83,9.5,9.58,9.5,9.48,166084,1599271.08,463
2026-05-19,INF666M01OF4,GROWWSLVR,EQ,26.19,26.3,25.87,25.93,25.93,25.94,2371063,61806696.28,4885
2026-05-19,INE137I01015,GRPLTD,EQ,1599.8,1620.0,1527.9,1542.4,1530.0,1599.8,5619,8813380.9,1058
2026-05-19,INE0SQY01018,GSMFOILS,SM,195.55,199.45,195.2,197.85,197.5,195.55,22000,4349525.0,35
2026-05-19,INE713R01022,GSPCROP,EQ,427.6,438.0,421.0,433.95,433.6,421.35,143192,61304831.9,1844
2026-05-19,INE871H01011,GSS,BE,12.88,13.5,12.85,13.39,13.42,12.91,28752,382358.52,158
2026-05-19,INE221H01019,GTLINFRA,EQ,1.29,1.35,1.29,1.31,1.31,1.29,43576028,57614407.15,12602
2026-05-19,INE043A01012,GTL,EQ,7.13,7.55,7.13,7.4,7.42,7.25,263848,1948682.37,427
2026-05-19,INE869I01013,GTPL,EQ,67.25,67.93,66.31,67.3,67.25,67.04,8746,590691.01,200
2026-05-19,INE742B01025,GUFICBIO,EQ,277.7,287.85,277.15,286.1,286.8,277.1,14470,4109499.4,922
2026-05-19,INE162A01010,GIPCL,EQ,143.6,146.95,143.6,144.45,144.33,143.72,159073,23149575.75,2178
2026-05-19,INE113A01013,GNFC,EQ,532.9,552.0,526.0,545.95,542.4,519.1,6491479,3506399754.9,136107
2026-05-19,INE026A01025,GSFC,EQ,171.0,177.45,171.0,176.44,176.0,169.49,1459599,256608519.46,25503
2026-05-19,INE826C01016,GUJAPOLLO,EQ,381.1,388.9,374.5,380.1,379.7,374.7,11824,4520661.85,866
2026-05-19,INE186A01019,GUJALKALI,EQ,688.7,702.25,681.0,697.9,694.55,682.75,106152,73619296.55,6840
2026-05-19,INE036B01030,GAEL,EQ,161.6,163.98,160.44,161.12,161.0,161.98,867570,140061565.46,13315
2026-05-19,INE09N301011,FLUOROCHEM,EQ,3680.5,3794.0,3679.2,3748.1,3731.4,3694.5,67665,254078441.5,7423
2026-05-19,INE844O01030,GUJGASLTD,EQ,367.3,379.6,367.25,376.55,373.4,364.75,333029,125201741.4,13273
2026-05-19,INE0V0W01025,GKSL,EQ,144.95,146.49,140.91,143.33,143.98,143.21,864186,123979097.26,7221
2026-05-19,INE540A01017,GLFL,BE,6.72,6.72,6.72,6.72,6.72,6.85,141,947.52,2
2026-05-19,INE131A01031,GMDCLTD,EQ,637.0,647.5,633.0,643.85,641.5,632.8,1544110,990977575.35,28732
2026-05-19,INE207H01018,GNRL,EQ,94.88,97.3,94.3,96.55,96.5,94.89,66992,6477384.78,777
2026-05-19,INE517F01014,GPPL,EQ,154.4,154.9,151.6,152.15,152.35,152.83,589229,90393002.24,12676
2026-05-19,INE610B01024,GUJRAFFIA,EQ,35.11,38.0,35.11,37.96,38.0,36.9,6858,251846.95,81
2026-05-19,INE942C01045,GUJTHEM,EQ,352.6,371.0,350.1,356.25,359.9,347.45,112387,40765691.05,3424
2026-05-19,INE635Q01029,GULFOILLUB,EQ,909.9,918.85,895.6,905.95,906.3,905.5,57919,52677278.9,8084
2026-05-19,INE255D01024,GULPOLY,EQ,187.31,191.89,187.3,189.57,189.49,188.7,163242,31000808.79,4082
2026-05-19,INE1CCX01012,GURUNANAK,ST,37.5,37.5,37.5,37.5,37.5,37.5,3200,120000.0,2
2026-05-19,INE251H01024,GVKPIL,BE,3.08,3.08,3.08,3.08,3.08,3.14,427800,1317624.0,678
2026-05-19,INE382T01030,GVPTECH,EQ,6.43,6.68,6.41,6.53,6.54,6.49,55142,356961.21,209
2026-05-19,IN9382T01012,GVPTECHPP,E1,3.0,3.11,2.86,3.11,3.11,3.0,4085,11997.36,17
2026-05-19,INE640B01021,HBESD,EQ,73.11,73.11,73.11,73.11,73.11,74.28,2,146.22,1
2026-05-19,INE926X01010,HGINFRA,EQ,600.5,605.7,595.0,597.5,597.0,602.35,49520,29715713.3,4674
2026-05-19,INE115S01010,HALDER,EQ,218.95,225.0,218.95,224.99,224.99,218.95,47,10420.43,9
2026-05-19,INE506D01020,HALDYNGL,EQ,103.52,105.98,103.0,104.17,103.0,103.52,9287,972831.35,180
2026-05-19,INE320X01016,HALEOSLABS,EQ,1530.0,1569.4,1519.0,1556.5,1559.8,1518.8,410,635311.2,89
2026-05-19,INE596H01014,HGM,EQ,57.6,60.98,57.0,57.52,58.73,57.63,7875,458935.88,86
2026-05-19,INE419U01012,HAPPSTMNDS,EQ,358.25,371.3,358.25,360.55,362.0,358.25,923537,337822949.55,27165
2026-05-19,INE330T01021,HAPPYFORGE,EQ,1405.0,1415.0,1324.7,1371.9,1367.5,1373.3,83518,114019136.9,17770
2026-05-19,INE0TLP01015,WHITEFORCE,ST,43.1,43.1,43.1,43.1,43.1,45.35,6400,275840.0,3
2026-05-19,INE626Z01029,HARDWYN,EQ,23.49,25.49,23.49,25.28,25.2,23.47,4938101,120307515.35,7466
2026-05-19,INE00EV01017,HARIOMPIPE,EQ,306.35,317.65,304.5,312.75,312.0,305.55,144812,45166375.95,5597
2026-05-19,INE544A01019,HARRMALAYA,EQ,204.24,219.0,203.66,214.39,214.0,204.39,17771,3706709.24,376
2026-05-19,INE0JUS01029,HARSHA,EQ,396.05,410.0,396.05,408.25,408.5,398.45,109946,44824644.25,3529
2026-05-19,INE982F01036,HATHWAY,EQ,10.01,10.29,10.01,10.19,10.29,10.04,2070416,21004589.45,2839
2026-05-19,INE473B01035,HATSUN,EQ,933.45,962.0,933.45,944.0,946.9,921.75,23296,22063206.8,2341
2026-05-19,INE176B01034,HAVELLS,EQ,1199.9,1218.2,1195.0,1207.2,1209.8,1194.8,502340,608119828.5,21095
2026-05-19,INE979B01015,HAWKINCOOK,EQ,7319.0,7389.0,7142.5,7170.5,7200.0,7249.5,884,6378662.0,292
2026-05-19,INE550B01022,HBSL,BE,57.51,62.9,57.51,60.05,60.02,60.5,1780,106812.42,41
2026-05-19,INE292B01021,HBLENGINE,EQ,744.0,764.0,741.15,752.2,750.0,745.8,975683,735542500.1,33224
2026-05-19,INE236A01020,HCL-INSYS,EQ,11.54,13.5,11.54,11.67,11.65,11.54,430935,5160543.05,1218
2026-05-19,INE860A01027,HCLTECH,EQ,1156.0,1198.3,1152.3,1179.4,1180.0,1146.6,5756760,6798455091.5,168240
2026-05-19,INE756I01012,HDBFS,EQ,671.55,683.95,668.3,675.3,673.0,675.1,568519,384810691.7,17633
2026-05-19,INE127D01025,HDFCAMC,EQ,2625.0,2696.3,2600.9,2653.6,2658.5,2625.1,593711,1578837065.3,36145
2026-05-19,INE040A01034,HDFCBANK,EQ,766.7,770.8,760.25,762.45,762.8,768.65,40307830,30869653333.95,414780
2026-05-19,INF179KC1981,HDFCGOLD,EQ,133.33,135.0,133.33,134.87,134.88,134.01,2634560,355073901.53,8430
2026-05-19,INE795G01014,HDFCLIFE,EQ,603.1,617.5,603.1,610.4,611.25,604.95,1778845,1090396110.45,53019
2026-05-19,INF179KC1EZ4,HDFCBSE500,EQ,36.12,36.51,35.64,35.72,36.14,35.95,13272,478849.38,123
2026-05-19,INF179KC1DJ0,HDFCGROWTH,EQ,113.59,114.25,113.42,113.86,114.0,112.56,8888,1012163.68,158
2026-05-19,INF179KC1JG3,HDFCLIQUID,EQ,1061.07,1061.09,1061.07,1061.08,1061.08,1060.94,14484,15368778.96,38
2026-05-19,INF179KC1HU8,HDFCLOWVOL,EQ,19.96,20.27,19.96,20.0,20.08,20.01,12681,255699.55,74
2026-05-19,INF179KC1HT0,HDFCMID150,EQ,22.44,22.74,22.43,22.54,22.54,22.41,296194,6698775.18,1231
2026-05-19,INF179KC1HV6,HDFCMOMENT,EQ,30.25,30.39,30.11,30.2,30.29,30.21,58273,1763712.5,508
2026-05-19,INF179KC1HS2,HDFCNEXT50,EQ,70.2,70.6,70.03,70.38,70.12,69.98,22425,1579800.75,419
2026-05-19,INF179KC1HR4,HDFCNIF100,EQ,25.84,25.84,25.0,25.31,25.45,25.21,14780,374049.32,261
2026-05-19,INF179KC1HY0,HDFCNIFBAN,EQ,56.38,56.38,54.83,54.92,56.15,55.01,454316,25003366.83,1935
2026-05-19,INF179KC1IA8,HDFCNIFIT,EQ,30.13,31.48,30.13,31.21,31.1,30.13,377033,11777000.39,577
2026-05-19,INF179KC1965,HDFCNIFTY,EQ,269.0,269.0,264.21,264.79,264.92,264.62,92840,24680189.19,934
2026-05-19,INF179KC1HZ7,HDFCPVTBAN,EQ,26.97,26.97,26.34,26.42,26.95,26.62,129628,3438788.29,404
2026-05-19,INF179KC1DL6,HDFCQUAL,EQ,56.84,57.77,56.84,57.07,57.43,56.84,13988,797295.19,93
2026-05-19,INF179KC1HX2,HDFCSENSEX,EQ,86.77,86.77,84.81,85.01,85.1,84.66,165793,14176026.32,636
2026-05-19,INF179KC1DI2,HDFCSILVER,EQ,254.43,256.9,252.5,253.0,253.2,253.31,5870633,1490265867.36,21661
2026-05-19,INF179KC1FB2,HDFCSML250,EQ,167.4,168.35,165.66,167.67,167.32,165.7,1094744,183353515.31,7703
2026-05-19,INF179KC1DK8,HDFCVALUE,EQ,126.89,130.0,126.43,127.56,130.0,126.26,2085,264689.36,40
2026-05-19,INF179KC1HW4,HDFCPSUBK,EQ,80.67,80.75,79.95,80.53,80.5,79.87,76475,6158021.4,233
2026-05-19,INE759V01019,HEADSUP,EQ,7.15,7.4,7.15,7.21,7.16,7.25,29677,214170.58,103
2026-05-19,INE019J01013,HEALTHX,EQ,290.0,298.5,281.0,285.5,281.4,292.5,10548,3078786.95,438
2026-05-19,INE075I01017,HCG,EQ,637.95,653.7,632.0,646.85,649.5,632.25,132428,85539842.8,10316
2026-05-19,INE558R01013,HECPROJECT,EQ,126.7,126.99,124.06,125.5,126.99,125.15,2482,311691.48,92
2026-05-19,INE545A01024,HEG,EQ,606.0,608.7,587.55,591.5,591.9,606.5,1365268,813091678.1,34044
2026-05-19,INE578A01017,HEIDELBERG,EQ,154.85,157.01,153.12,155.19,156.0,154.85,28497,4403438.14,1443
2026-05-19,INE0AJG01018,HEMIPROP,EQ,147.01,149.0,145.32,146.67,147.0,146.24,442782,65204860.15,6835
2026-05-19,INE694N01015,HERANBA,EQ,200.0,201.48,193.1,194.06,194.0,196.67,41171,8103637.3,1569
2026-05-19,INE978A01027,HERITGFOOD,EQ,328.0,332.0,324.65,327.3,326.65,325.0,123416,40580406.1,4065
2026-05-19,INE158A01026,HEROMOTOCO,EQ,4944.5,5040.0,4932.5,5007.5,5000.0,4957.0,560327,2801371366.5,63404
2026-05-19,INE782E01017,HESTERBIO,EQ,1780.6,1847.4,1755.0,1796.5,1815.0,1780.6,15722,28381032.5,1802
2026-05-19,INE750M01017,HEXATRADEX,EQ,168.0,168.0,161.2,166.87,164.0,165.16,1995,327683.72,83
2026-05-19,INE093A01041,HEXT,EQ,493.05,516.4,491.9,510.55,508.0,486.95,2248604,1138928269.15,40593
2026-05-19,INE548A01028,HFCL,EQ,140.0,142.5,134.93,138.17,137.94,139.69,46887470,6504097614.25,171299
2026-05-19,INE0PIC01017,HIGREEN,SM,154.9,154.9,147.0,148.25,148.0,152.7,20800,3116640.0,26
2026-05-19,INE106T01025,HITECH,EQ,84.43,87.25,84.01,85.57,85.55,84.47,328138,28209737.14,3141
2026-05-19,INE00RL01028,HILINFRA,BE,48.25,48.4,46.8,47.81,47.93,47.4,34917,1659767.28,427
2026-05-19,INE475B01022,HIKAL,EQ,196.87,206.0,196.81,203.78,202.3,196.44,204453,41401291.2,7096
2026-05-19,INE788H01017,HILTON,EQ,21.0,21.84,21.0,21.67,21.78,21.14,196900,4247446.98,1410
2026-05-19,INE019C01026,HSCL,EQ,557.0,596.6,539.6,563.75,560.85,551.5,20865976,11951955827.0,172019
2026-05-19,INE049A01027,HIMATSEIDE,EQ,75.03,77.5,75.03,76.52,76.4,75.22,516638,39617109.44,4878
2026-05-19,INE835D01023,HIRECT,EQ,911.5,1016.0,892.55,992.95,1003.1,910.15,1277212,1264727590.3,65250
2026-05-19,INE038A01020,HINDALCO,EQ,1052.5,1053.4,1037.1,1048.3,1047.0,1053.1,3674289,3848264825.7,92882
2026-05-19,INE642Y01029,HINDCON,BE,23.5,23.5,22.03,23.07,22.98,22.51,7520,172419.91,126
2026-05-19,INE05X901010,HPIL,EQ,134.8,134.8,131.32,132.01,132.01,131.06,587,77487.63,11
2026-05-19,INE170I01016,HGS,EQ,398.75,415.0,396.55,404.25,405.85,398.75,20690,8418631.5,970
2026-05-19,INE066F01020,HAL,EQ,4325.7,4378.0,4285.2,4333.2,4339.9,4326.5,1438816,6243610330.1,103635
2026-05-19,INE310C01029,HINDCOMPOS,EQ,413.25,426.0,404.1,405.55,408.65,410.25,9184,3793032.65,651
2026-05-19,INE549A01026,HCC,EQ,21.45,21.64,20.86,20.95,20.95,21.18,23065902,489349940.91,22484
2026-05-19,INE531E01026,HINDCOPPER,EQ,586.05,587.0,568.0,569.5,568.5,581.15,4782565,2746332620.4,70930
2026-05-19,INE254N01026,HNDFDS,EQ,511.35,528.85,511.35,522.8,521.25,514.85,22642,11804273.15,1619
2026-05-19,INE871K01015,HMVL,EQ,64.55,65.5,62.55,63.47,63.0,63.4,4878,309075.76,85
2026-05-19,INE345A01011,HINDOILEXP,EQ,172.31,172.31,166.66,167.25,167.28,172.48,446312,75305157.05,7445
2026-05-19,INE094A01015,HINDPETRO,EQ,363.15,372.4,362.55,371.0,371.25,358.9,5849675,2163210478.9,57811
2026-05-19,INE030A01027,HINDUNILVR,EQ,2242.0,2282.0,2229.5,2232.9,2230.0,2254.2,1145022,2575313253.6,59001
2026-05-19,INE267A01025,HINDZINC,EQ,637.0,638.55,625.6,632.6,632.05,636.5,3473965,2197069197.3,47671
2026-05-19,INE05AN01011,HINDWAREAP,EQ,214.46,221.33,213.5,219.25,220.01,213.39,55786,12207848.67,1989
2026-05-19,INE598C01011,HISARMETAL,EQ,148.05,152.85,148.0,148.08,151.95,147.48,2197,327678.48,47
2026-05-19,INE07Y701011,POWERINDIA,EQ,32965.0,33730.0,32785.0,33360.0,33045.0,32800.0,108292,3610754915.0,40348
2026-05-19,INE120D01012,HITECHCORP,EQ,132.2,139.9,132.2,136.51,136.55,135.66,6545,898305.59,452
2026-05-19,INE461D01028,HLEGLAS,EQ,304.5,319.8,300.0,308.75,307.1,304.5,172810,54204357.75,7485
2026-05-19,INE102A01024,HLVLTD,EQ,7.49,7.75,7.49,7.63,7.66,7.49,237379,1803886.16,503
2026-05-19,INE0ECP01024,HMAAGRO,EQ,23.32,24.27,23.32,24.13,24.15,23.32,181337,4342025.22,686
2026-05-19,INE262A01018,HMT,BZ,57.07,58.44,56.5,57.75,58.0,57.07,7723,444111.69,104
2026-05-19,INE0S6S01017,HOACFOODS,SM,480.0,490.35,480.0,490.35,490.35,467.0,7500,3660768.75,19
2026-05-19,INE0LXA01019,HOLMARC,SM,105.0,105.0,99.75,99.75,99.75,105.0,5250,531187.5,4
2026-05-19,INE481N01025,HOMEFIRST,EQ,1066.0,1086.3,1055.2,1076.4,1075.1,1066.0,121418,130675852.7,12949
2026-05-19,INE0N7F01017,HOMESFY,SM,104.85,113.0,104.5,113.0,113.0,110.0,3600,384375.0,11
2026-05-19,INE0J5401028,HONASA,EQ,351.0,358.1,348.25,354.5,354.5,348.25,431474,152619829.6,13172
2026-05-19,INE634A01018,HONDAPOWER,EQ,2140.0,2209.2,2140.0,2162.7,2150.4,2137.4,2350,5116745.2,626
2026-05-19,INE671A01010,HONAUT,EQ,28685.0,29265.0,28685.0,29075.0,29165.0,28685.0,2128,61920525.0,1318
2026-05-19,INE191I01012,HDIL,BZ,1.98,2.03,1.98,1.99,2.03,1.98,89340,178562.49,151
2026-05-19,INE0GSL01024,HPAL,EQ,35.95,35.97,35.11,35.41,35.74,35.4,60342,2135471.82,780
2026-05-19,INE495S01016,HPL,EQ,343.75,361.4,343.7,349.2,350.9,344.85,276781,97783948.75,9572
2026-05-19,INE0R3501012,HRHNEXT,SM,29.35,29.35,29.35,29.35,29.35,28.95,1500,44025.0,1
2026-05-19,INF336L01RX2,HSBCGOLD,EQ,137.93,138.65,137.03,137.99,138.0,137.25,3052,421436.06,38
2026-05-19,INE031A01017,HUDCO,EQ,202.3,204.13,200.1,202.11,200.2,201.16,2281328,461485053.46,21896
2026-05-19,INE501G01024,HTMEDIA,EQ,21.2,21.49,21.0,21.21,21.01,21.25,26057,553537.97,152
2026-05-19,INE703H01016,HUBTOWN,EQ,206.25,210.0,205.0,207.97,207.7,206.32,240892,50057780.49,5653
2026-05-19,INE275B01026,HUHTAMAKI,EQ,160.86,164.49,158.87,163.73,164.0,160.7,74908,12145527.94,2402
2026-05-19,INE0TO501019,HVAX,SM,792.0,809.0,792.0,809.0,809.0,826.45,750,596550.0,5
2026-05-19,INE965B01022,HYBRIDFIN,EQ,19.0,20.08,18.5,18.68,18.63,18.79,1649,31491.74,61
2026-05-19,INE0V6F01027,HYUNDAI,EQ,1782.0,1804.1,1765.1,1780.3,1783.0,1781.9,2221557,3958437655.5,95596
2026-05-19,INE204A01010,IGPL,EQ,470.0,483.3,429.0,430.95,429.95,446.05,216160,97963023.3,5542
2026-05-19,INE0O7401018,IBLFL,SM,60.0,60.0,57.05,57.05,57.05,60.0,4000,234100.0,2
2026-05-19,INE613B01010,ICDSLTD,EQ,44.31,45.84,43.01,43.21,43.1,43.68,885,39346.03,20
2026-05-19,INE520Y01019,ICEMAKE,EQ,745.0,759.0,745.0,747.15,748.7,750.85,11299,8489676.25,1095
2026-05-19,INE090A01021,ICICIBANK,EQ,1251.1,1256.3,1229.8,1240.8,1242.5,1251.1,38929053,48138272774.7,283791
2026-05-19,INE765G01017,ICICIGI,EQ,1813.0,1833.2,1807.8,1822.8,1820.3,1813.0,247256,450389496.2,24719
2026-05-19,INF109KC19U5,LOWVOLIETF,EQ,21.75,21.75,21.47,21.49,21.5,21.5,988934,21347468.14,967
2026-05-19,INE726G01019,ICICIPRULI,EQ,515.4,526.45,515.4,522.15,523.0,515.4,3447305,1800323720.1,72848
2026-05-19,INF109KC10W0,MIDSELIETF,EQ,18.09,18.2,17.96,18.04,17.97,17.91,159420,2889421.0,612
2026-05-19,INF109KC16V9,NIF100IETF,EQ,27.85,27.85,27.16,27.35,27.4,27.35,49618,1359000.21,1294
2026-05-19,INF109K012R6,NIFTYIETF,EQ,267.14,267.94,265.55,266.0,266.0,266.19,442699,118210212.14,9963
2026-05-19,INF346A01034,SENSEXIETF,EQ,863.52,868.96,859.29,860.87,861.0,859.33,10300,8904184.54,499
2026-05-19,INE346A01027,ICICIAMC,EQ,3145.1,3173.0,3092.0,3099.9,3104.0,3133.4,264398,824634198.5,25172
2026-05-19,INF109KC1NT3,GOLDIETF,EQ,135.45,135.45,133.74,135.25,135.35,134.19,2263833,305867178.71,21794
2026-05-19,INF109KC11V0,NV20IETF,EQ,13.63,13.87,13.63,13.75,13.87,13.67,266257,3658550.32,1664
2026-05-19,INF109KB15Y7,ICICIB22,EQ,121.6,121.6,119.92,120.27,120.06,120.19,434315,52405033.39,2772
2026-05-19,INF109K1A021,CASHIETF,EQ,1064.65,1064.65,1062.59,1062.59,1062.59,1062.45,266829,283532902.99,80
2026-05-19,INF109K1A153,EVIETF,EQ,29.68,29.99,29.41,29.71,29.99,29.51,247218,7349392.88,470
2026-05-19,INF109KC1V59,BSE500IETF,EQ,37.89,38.23,37.68,37.94,37.91,37.89,49925,1897795.22,1040
2026-05-19,INF109KC14A8,GSEC5IETF,EQ,64.35,64.44,63.97,64.3,64.3,64.03,7710,494563.74,34
2026-05-19,INF109KC17V7,ALPL30IETF,EQ,26.9,26.94,26.48,26.52,26.52,26.6,288494,7672312.1,990
2026-05-19,INF109KC10V2,AUTOIETF,EQ,26.55,26.75,26.3,26.51,26.47,26.41,2210170,58640229.35,5825
2026-05-19,INF109KC18U7,PVTBANIETF,EQ,25.79,26.4,25.79,26.17,26.19,26.32,6489528,170672077.05,2611
2026-05-19,INF109KC19O8,COMMOIETF,EQ,103.95,104.0,101.8,102.73,101.97,103.28,92498,9556051.13,2097
2026-05-19,INF109KC1V42,CONSUMIETF,EQ,117.23,117.76,116.67,117.14,117.61,116.94,7618,894226.53,209
2026-05-19,INF109KC19V3,FMCGIETF,EQ,54.7,55.08,54.25,54.42,54.44,54.56,798682,43769019.04,3202
2026-05-19,INF109KC16E5,INFRAIETF,EQ,96.0,96.34,94.89,95.16,95.01,95.53,107773,10314450.96,5588
2026-05-19,INF109KC1KT9,LIQUIDIETF,EQ,1000.0,1000.01,999.99,999.99,1000.0,999.99,260384,260383857.53,197
2026-05-19,INF109KC11W8,MIDCAPIETF,EQ,23.35,23.35,22.9,23.06,23.03,22.9,2386895,55206600.39,2358
2026-05-19,INF109KC17C7,MOM30IETF,EQ,30.65,30.66,30.45,30.48,30.6,30.5,402630,12295691.08,1416
2026-05-19,INF109KC1NS5,NEXT50IETF,EQ,72.9,73.0,71.71,72.7,72.65,72.32,560012,40749856.12,3879
2026-05-19,INF109KC1Q72,HEALTHIETF,EQ,162.08,163.4,161.87,162.42,162.3,162.05,123336,20073429.26,1219
2026-05-19,INF109KC18V5,QUAL30IETF,EQ,20.72,20.98,20.66,20.79,20.89,20.63,32080,669060.89,156
2026-05-19,INF109KC1Y56,SILVERIETF,EQ,267.79,268.47,263.78,264.46,264.12,264.22,3780667,1004182034.23,25251
2026-05-19,INF109KC16I6,ITIETF,EQ,31.36,32.69,31.36,32.46,32.44,31.36,7444089,241786966.33,3365
2026-05-19,INF109KC15I8,BANKIETF,EQ,55.0,55.12,54.67,54.77,55.07,54.9,1047471,57532217.69,3535
2026-05-19,INF109KC19W1,METALIETF,EQ,13.38,13.38,13.2,13.24,13.23,13.25,8417613,111541956.3,9348
2026-05-19,INF109KC18W3,OILIETF,EQ,11.34,11.43,11.31,11.35,11.36,11.3,2203966,25070537.08,3298
2026-05-19,INF109KC10S8,PSUBNKIETF,EQ,80.53,81.06,80.07,80.78,81.0,80.14,133649,10784946.6,951
2026-05-19,INF109K1A344,TOP15IETF,EQ,9.7,9.77,9.6,9.62,9.77,9.64,119630,1154320.75,222
2026-05-19,INF109KC16X5,VAL30IETF,EQ,15.43,15.64,15.43,15.56,15.61,15.43,341988,5312126.96,590
2026-05-19,INF109KC17L8,FINIETF,EQ,32.54,32.54,31.75,32.13,32.2,31.75,843435,27123729.43,1133
2026-05-19,INE725G01011,ICRA,EQ,5401.0,5500.0,5401.0,5416.5,5411.0,5365.0,3778,20526576.0,975
2026-05-19,INE008A01015,IDBI,EQ,69.9,74.8,69.84,73.56,73.42,69.5,17526384,1282099390.05,65549
2026-05-19,INE349Y01013,IDEAFORGE,BE,780.4,817.0,776.85,776.85,776.85,817.7,337994,264173663.35,6904
2026-05-19,INE0T9I01011,IDEALTECHO,SM,190.0,190.0,185.2,185.2,185.2,182.8,3000,567600.0,5
2026-05-19,INE092T01019,IDFCFIRSTB,EQ,67.88,68.59,67.65,67.81,67.71,67.59,12861176,875170346.87,63202
2026-05-19,INE076C01018,IFBAGRO,BE,935.0,935.0,893.6,903.85,912.0,933.75,7072,6429812.1,400
2026-05-19,INE559A01017,IFBIND,EQ,1100.7,1122.0,1083.2,1098.8,1095.1,1086.9,25923,28620164.6,3135
2026-05-19,INE039A01010,IFCI,EQ,62.47,62.78,61.1,61.73,61.65,62.19,14846827,920341098.49,35103
2026-05-19,INE133Y01011,IFGLEXPOR,EQ,156.2,163.9,156.2,161.08,160.0,157.85,24170,3882383.26,1085
2026-05-19,INE01XO07017,1225IFL27,N0,9111.12,9111.12,9111.0,9111.0,9111.0,9111.11,12,109332.9,6
2026-05-19,INE188B01013,IGARASHI,EQ,390.7,404.0,389.6,398.15,398.5,385.9,64401,25681228.9,4471
2026-05-19,INE530B07492,1025IIFL30,Y3,1030.0,1065.0,1030.0,1030.28,1065.0,1030.0,348,358511.0,7
2026-05-19,INE530B07658,837IIFL28,Y4,987.8,990.0,987.5,990.0,990.0,980.5,110,108671.6,6
2026-05-19,INE530B07591,852IIFL29,Y5,1000.0,1000.0,1000.0,1000.0,1000.0,1000.0,2,2000.0,1
2026-05-19,INE530B07617,870IIFL28,Y7,1009.15,1009.15,1009.15,1009.15,1009.15,995.2,2,2018.3,1
2026-05-19,INE530B07609,9IIFL31,Y9,1001.0,1001.0,1001.0,1001.0,1001.0,993.01,4,4004.0,1
2026-05-19,INE489L01022,IIFLCAPS,EQ,345.0,349.5,342.05,343.15,343.05,346.05,844995,290895924.95,13958
2026-05-19,INE530B01024,IIFL,EQ,456.3,464.35,452.85,460.8,458.2,455.85,996827,458665657.6,25558
2026-05-19,INE0LOJ01019,IKIO,EQ,153.0,156.0,150.03,152.06,151.6,153.96,170767,26042970.96,3964
2026-05-19,INE369I01014,IL&FSENGG,BZ,25.34,27.05,25.34,26.45,26.4,26.55,5581,146552.45,23
2026-05-19,INE050B01023,IVC,EQ,7.5,7.6,7.38,7.38,7.39,7.44,116877,868482.86,728
2026-05-19,INE975G01012,IL&FSTRANS,BZ,2.32,2.32,2.25,2.29,2.3,2.28,9999,22948.39,52
2026-05-19,INE172N01012,IMAGICAA,EQ,42.0,43.95,41.9,43.4,43.01,42.07,470428,20335975.95,4281
2026-05-19,INE691G01015,IMPEXFERRO,BZ,1.62,1.72,1.62,1.69,1.71,1.7,1938,3251.84,26
2026-05-19,INE452L01012,INCREDIBLE,EQ,36.19,36.19,34.22,35.18,34.47,36.01,569,20106.95,41
2026-05-19,INE547E01014,IMPAL,EQ,1060.0,1060.0,1025.6,1028.6,1030.1,1051.9,1157,1209395.5,153
2026-05-19,INE915B01019,INDSWFTLAB,EQ,133.99,136.24,130.79,134.73,134.0,132.2,339776,45207737.3,4250
2026-05-19,INE611L01021,INDTERRAIN,EQ,31.1,32.66,31.1,31.72,31.68,31.1,7321,232033.88,55
2026-05-19,INE841B01017,INDBANK,EQ,33.22,34.39,33.22,33.67,33.9,33.76,29951,1016078.25,315
2026-05-19,INE0O9T01021,BAJAJINDEF,EQ,280.0,280.0,273.05,277.9,276.0,275.6,15878,4396934.9,674
2026-05-19,INE065X01017,INDGN,EQ,512.3,520.0,508.0,511.4,511.6,510.0,68356,35132595.65,6410
2026-05-19,INE560A01023,INDIAGLYCO,EQ,1010.0,1018.0,994.5,998.2,998.0,1008.7,60590,60587323.6,4512
2026-05-19,INE092B01025,INDNIPPON,EQ,783.9,790.0,775.0,780.3,777.0,779.4,12027,9406532.0,838
2026-05-19,INE0D6701023,IPL,EQ,166.49,167.72,162.92,163.71,163.25,164.2,235675,38873171.77,4728
2026-05-19,INE922K01024,INDIASHLTR,EQ,799.0,799.0,774.0,778.8,779.9,793.05,56893,44461357.15,4837
2026-05-19,INE353K01014,ITDC,EQ,545.0,559.9,537.8,547.55,548.35,540.45,45040,24690592.2,2632
2026-05-19,INE126M01010,IBULLSLTD,BE,17.53,18.75,17.53,17.56,17.53,18.45,5330533,94667251.51,6867
2026-05-19,INE933S01016,INDIAMART,EQ,1969.0,1997.6,1942.4,1982.6,1989.0,1949.0,67605,133448339.2,11897
2026-05-19,INE562A01011,INDIANB,EQ,811.95,819.9,807.0,817.1,816.9,810.0,2021095,1646959041.85,40289
2026-05-19,INE061A01014,INDIANCARD,EQ,201.5,205.0,201.5,204.15,204.8,202.87,1592,325338.95,27
2026-05-19,INE0RRU01016,IEML,SM,59.5,59.5,50.5,51.05,50.7,62.4,939500,49962600.0,1208
2026-05-19,INE022Q01020,IEX,EQ,123.5,126.22,123.4,125.48,125.3,123.5,2265620,283854998.43,15699
2026-05-19,INE323C01030,INDIANHUME,EQ,310.15,312.6,305.7,308.4,308.8,308.0,30161,9339732.35,1596
2026-05-19,INE919H01018,IMFA,EQ,1455.3,1460.0,1412.1,1423.8,1424.0,1450.6,125457,179445104.6,13771
2026-05-19,INE242A01010,IOC,EQ,134.1,136.19,133.34,135.0,135.08,131.81,22333093,3014873531.89,131190
2026-05-19,INE565A01014,IOB,EQ,33.39,33.68,33.35,33.54,33.53,33.43,1405406,47102183.75,6581
2026-05-19,INE0DHF01018,IPHL,SM,52.4,53.9,52.4,53.9,53.9,53.0,6000,321600.0,3
2026-05-19,INE335Y01020,IRCTC,EQ,532.25,537.6,524.7,529.8,529.4,531.85,1146967,609426555.55,27423
2026-05-19,INE053F01010,IRFC,EQ,98.0,98.48,96.9,97.22,97.0,97.66,8673912,848169090.42,45297
2026-05-19,INE202E01016,IREDA,EQ,127.75,129.4,127.02,127.77,127.6,126.92,4343861,557258289.84,28952
2026-05-19,INE586E01020,IWP,EQ,34.0,34.89,33.93,34.11,33.93,34.62,6459,222000.47,60
2026-05-19,INE0PS301014,INDIFRA,SM,13.55,13.55,13.55,13.55,13.55,13.0,2000,27100.0,1
2026-05-19,INE09VQ01012,INDIGOPNTS,EQ,979.65,981.5,949.0,955.75,951.3,962.25,50554,48849558.45,6011
2026-05-19,INE219X23014,INDIGRID,IV,170.75,170.75,168.96,169.45,168.98,172.44,1200466,203582088.33,4272
2026-05-19,INE06ST01018,INDIQUBE,EQ,172.44,173.07,167.52,169.13,170.9,171.17,27947,4754246.53,913
2026-05-19,INE760F01028,INDOAMIN,EQ,127.5,130.96,125.0,125.74,125.41,128.52,99467,12722556.61,4097
2026-05-19,INE803D01021,INDOBORAX,EQ,276.05,280.0,269.1,277.0,276.6,274.2,43190,11891073.25,2077
2026-05-19,INE483B01026,ICIL,EQ,299.95,308.7,299.0,306.2,305.2,298.35,343218,104702922.05,13185
2026-05-19,INE622H01018,INDOFARM,EQ,125.9,129.0,125.53,126.41,125.99,125.2,113174,14414223.11,3165
2026-05-19,INE156A01020,INDORAMA,EQ,35.28,36.29,34.21,35.31,35.33,35.16,55353,1976190.58,541
2026-05-19,INE332H01014,INDOTECH,BE,2383.0,2439.0,2346.5,2351.3,2346.5,2469.9,22739,53805217.4,1396
2026-05-19,INE337M01021,INDOTHAI,EQ,268.0,275.5,266.0,268.5,271.15,269.05,555421,150250518.95,4669
2026-05-19,INE250Z01010,INDOUS,EQ,102.0,107.5,100.05,101.79,101.1,102.58,13911,1438775.95,273
2026-05-19,INE567A01028,NIPPOBATRY,EQ,340.0,352.3,330.25,334.45,338.0,347.6,14671,4965755.9,962
2026-05-19,INE873D01024,INDOCO,EQ,215.26,216.47,212.6,213.77,213.5,215.26,40614,8719338.41,2033
2026-05-19,INE05J901018,IGCL,EQ,61.28,62.06,59.85,61.1,61.0,60.7,56312,3416454.78,691
2026-05-19,INE866K01023,WAAREEINDO,BE,384.0,394.0,372.1,378.25,378.0,381.7,57598,21997177.2,1420
2026-05-19,INE896L01010,INDOSTAR,EQ,191.02,196.99,191.02,194.0,192.7,192.09,21617,4199699.36,1397
2026-05-19,INE227G01018,INDOWIND,BE,9.99,9.99,9.78,9.88,9.9,9.83,74325,737087.56,349
2026-05-19,INE203G01027,IGL,EQ,152.14,159.1,152.14,157.35,157.5,151.64,13581588,2121850998.83,44273
2026-05-19,INE681B01017,INDRAMEDCO,EQ,361.9,366.95,358.0,359.35,358.95,360.1,186874,67551165.25,7464
2026-05-19,INE0NHL23019,INDUSINVIT,IV,124.49,125.0,123.12,123.4,123.5,123.96,79996,9926351.3,2929
2026-05-19,INE121J01017,INDUSTOWER,EQ,432.0,439.4,427.25,430.7,428.2,430.9,5642333,2451882520.15,84187
2026-05-19,INE095A01012,INDUSINDBK,EQ,898.5,904.1,888.8,895.25,896.0,892.15,1303728,1169200065.95,36107
2026-05-19,INE620D01011,INDPRUD,EQ,6800.0,6800.0,6500.0,6699.5,6699.5,6649.0,4,26699.0,4
2026-05-19,INE886A01014,IITL,EQ,163.0,166.5,158.3,164.65,166.5,160.67,91056,14739111.16,954
2026-05-19,INE0MRE01011,INFINIUM,SM,210.1,210.1,210.0,210.0,210.0,216.5,1500,315050.0,2
2026-05-19,INE0MYZ01012,INFLUX,SM,285.0,285.0,275.0,277.65,278.0,280.5,11400,3178080.0,18
2026-05-19,INE663F01032,NAUKRI,EQ,926.0,959.45,926.0,933.65,935.95,925.95,1411851,1331203083.55,62768
2026-05-19,INE344S01016,INFOBEAN,EQ,150.74,156.7,149.72,152.27,151.01,148.51,388665,59783982.79,7951
2026-05-19,INE0NNZ01013,INFOLLION,SM,191.15,196.0,191.15,195.2,195.0,194.4,8400,1634280.0,19
2026-05-19,INE669A01022,INFOMEDIA,EQ,5.33,6.0,5.33,5.89,5.95,5.69,9997,58742.48,55
2026-05-19,INE009A01021,INFY,EQ,1162.0,1198.4,1162.0,1196.9,1194.0,1142.5,32175705,38306860777.5,377426
2026-05-19,INE177A01018,INGERRAND,EQ,4355.0,4484.6,4352.7,4388.3,4358.0,4363.4,8257,36467055.5,2252
2026-05-19,INE0S1D01010,INNOMET,ST,96.0,100.0,93.6,96.9,96.9,98.5,43200,4149000.0,42
2026-05-19,INE0DUT01020,INNOVACAP,EQ,885.0,905.95,869.0,873.3,875.0,877.1,46592,41231844.05,6586
2026-05-19,INE403Y01018,INNOVANA,EQ,364.85,399.9,364.85,378.6,380.0,370.95,4084,1568946.6,369
2026-05-19,INE0ADB01012,INNOVISION,EQ,309.1,312.45,305.25,308.25,306.0,309.85,27591,8547620.85,1613
2026-05-19,INE510W01014,INOXGREEN,EQ,179.71,188.78,179.11,183.16,183.3,179.93,1222937,225374466.55,14829
2026-05-19,INE616N01034,INOXINDIA,EQ,1410.0,1441.9,1395.2,1428.9,1421.0,1401.9,128235,182670316.8,10729
2026-05-19,INE066P01011,INOXWIND,EQ,94.75,97.97,94.65,96.3,96.24,94.75,7596004,733367259.24,27783
2026-05-19,INE070I01018,INSECTICID,EQ,725.4,764.0,719.3,758.95,760.65,722.2,88891,66186522.55,4365
2026-05-19,INE0LGX01024,INA,EQ,118.74,131.5,118.74,130.32,130.1,119.93,926437,118286866.19,12987
2026-05-19,INE0NDX01019,INSPIRE,ST,11.45,11.45,11.45,11.45,11.45,11.45,2000,22900.0,1
2026-05-19,INE020G01017,INSPIRISYS,EQ,114.0,119.79,114.0,119.79,119.79,114.09,115726,13613338.3,511
2026-05-19,INE418N01035,ESSENTIA,BE,1.65,1.71,1.63,1.69,1.68,1.63,3660961,6202973.41,1109
2026-05-19,INE306R01017,INTELLECT,EQ,696.0,723.3,693.0,697.1,697.0,691.15,819507,582467144.9,36573
2026-05-19,INE781A01025,INTENTECH,EQ,101.99,104.01,99.64,100.45,100.7,101.96,114246,11497771.77,730
2026-05-19,INE00M901018,INTERARCH,EQ,1658.0,1748.5,1651.2,1710.2,1721.6,1632.0,185213,314359876.1,14726
2026-05-19,INE646L01027,INDIGO,EQ,4279.0,4319.0,4224.3,4230.3,4227.0,4275.7,577738,2462008799.5,51439
2026-05-19,INE0OPC01015,INM,SM,175.0,183.95,161.3,166.6,166.6,170.0,3600,621270.0,6
2026-05-19,INE575C01027,INTLCONV,EQ,80.99,83.5,78.1,79.38,79.99,78.51,94296,7642390.68,1699
2026-05-19,INE0Q9301021,IGIL,EQ,314.0,334.9,314.0,332.7,332.95,313.3,926798,305232353.8,19866
2026-05-19,INE566K01011,ISFT,EQ,79.26,83.0,79.26,81.21,81.0,79.26,25904,2131675.91,153
2026-05-19,INE878H01024,INVENTURE,EQ,0.98,0.99,0.97,0.97,0.98,0.97,1092269,1064749.03,420
2026-05-19,INE115Q01022,IKS,EQ,1595.4,1653.4,1586.2,1645.5,1643.0,1595.4,116332,189217670.5,10988
2026-05-19,INF205KA1BP1,IVZINGOLD,EQ,136.2,137.5,136.2,137.4,137.5,136.4,7311,1003366.9,122
2026-05-19,INF205K01DA9,IVZINNIFTY,EQ,2702.24,2705.0,2692.5,2696.53,2697.0,2688.01,200,538663.95,9
2026-05-19,INE155E01016,INVPRECQ,EQ,606.0,645.9,585.0,601.95,609.0,601.25,15464,9500544.0,999
2026-05-19,INE0XJ501010,INVICTA,ST,80.8,80.8,80.8,80.8,80.8,85.05,1600,129280.0,1
2026-05-19,INE485C01029,IOLCP,EQ,109.45,111.95,108.01,110.12,110.1,108.44,2401161,264952980.11,19400
2026-05-19,INE570A01022,IONEXCHANG,EQ,388.0,399.0,387.7,391.2,390.6,387.65,97858,38530656.05,9525
2026-05-19,INE571A01038,IPCALAB,EQ,1651.0,1662.2,1634.0,1656.2,1650.2,1646.3,256508,424036862.5,29572
2026-05-19,INE821I01022,IRB,EQ,20.26,20.37,20.01,20.21,20.18,20.22,6496853,131318156.61,16968
2026-05-19,INE183W23014,IRBINVIT,IV,61.0,61.51,60.96,61.29,61.28,61.04,1868598,114373031.59,23259
2026-05-19,INE962Y01021,IRCON,EQ,141.0,142.78,140.1,140.9,140.4,140.63,1597022,225803342.15,20520
2026-05-19,INE202E07138,880IREDA29,N5,1099.99,1099.99,1099.99,1099.99,1099.99,1100.0,200,219998.0,3
2026-05-19,INE202E07153,880IREDA34,N6,1235.0,1235.0,1235.0,1235.0,1235.0,1225.0,1000,1235000.0,1
2026-05-19,INE01GN01025,IRISDOREME,EQ,35.05,36.9,35.05,36.59,36.9,35.52,173982,6341356.59,1239
2026-05-19,INE864K01010,IRIS,EQ,225.0,232.39,225.0,226.49,225.1,226.49,19722,4527799.96,1070
2026-05-19,INE07U701015,IRMENERGY,EQ,278.0,282.9,275.2,279.3,277.6,280.3,480832,134360873.2,6540
2026-05-19,INE413U07442,925ISF28,N0,9727.0,9727.0,9727.0,9727.0,9727.0,9725.0,2,19454.0,1
2026-05-19,INE413U07392,950ISF27A,N0,98651.0,99087.85,98651.0,99087.85,99087.85,97000.0,3,296826.7,3
2026-05-19,INE413U07426,950ISF27C,N0,9920.0,9920.0,9920.0,9920.0,9920.0,9920.0,1,9920.0,1
2026-05-19,INE858B01029,ISGEC,EQ,1063.0,1078.0,1051.5,1057.9,1051.7,1059.1,39261,41900760.9,4955
2026-05-19,INE561M01018,ISHANCH,EQ,61.5,62.87,59.11,61.74,61.9,61.56,11566,710961.82,151
2026-05-19,INE0LCW01025,ISHAN,SM,0.65,0.65,0.65,0.65,0.65,0.65,96000,62400.0,2
2026-05-19,INE0R7R01018,ITALIANE,ST,35.35,35.35,35.35,35.35,35.35,37.15,2000,70700.0,1
2026-05-19,INE379A01028,ITCHOTELS,EQ,154.01,156.86,153.86,155.84,156.7,153.44,2177951,338852132.8,26484
2026-05-19,INE154A01025,ITC,EQ,311.95,314.25,308.35,310.3,310.0,310.15,17519355,5461142698.95,253592
2026-05-19,INE248A01017,ITI,EQ,284.0,289.7,284.0,285.85,284.15,284.25,290491,83215322.8,8385
2026-05-19,INE056801025,IVALUE,EQ,237.9,246.9,235.15,245.15,243.0,236.6,61856,14949365.95,2435
2026-05-19,INE043C01018,IVP,EQ,156.41,159.89,155.0,156.19,155.0,157.3,1670,261348.01,45
2026-05-19,INE1AII01014,IWARE,ST,328.95,337.95,328.95,337.0,337.0,324.05,6000,2007510.0,10
2026-05-19,INE848A01014,IZMO,EQ,640.0,666.0,637.1,666.0,666.0,634.3,18618,12219949.0,583
2026-05-19,INE168A01041,J&KBANK,EQ,127.1,134.8,127.1,133.32,133.7,127.53,3403813,447057290.44,26156
2026-05-19,INE572A01036,JBCHEPHARM,EQ,2125.3,2187.4,2106.1,2171.6,2166.1,2125.3,196385,425617710.9,18770
2026-05-19,INE0MB501011,JGCHEM,EQ,385.0,400.0,384.95,388.35,387.05,385.45,95153,37495914.7,3134
2026-05-19,INE199G01027,JAGRAN,EQ,67.49,68.8,66.74,67.9,68.05,67.08,220642,14933923.65,2194
2026-05-19,INE048B01035,JAGSNPHARM,EQ,201.07,203.5,196.0,197.22,196.6,201.06,63664,12639440.51,2510
2026-05-19,INE091G01026,JAIBALAJI,BE,79.99,80.0,76.83,77.39,76.9,80.87,820199,63629744.02,2230
2026-05-19,INE070D01027,JAICORPLTD,EQ,110.0,114.45,110.0,112.37,112.28,110.84,346827,39190147.59,4173
2026-05-19,IN9175A01010,JISLDVREQS,EQ,23.1,23.44,22.5,22.71,22.9,22.75,12537,285407.28,134
2026-05-19,INE175A01038,JISLJALEQS,EQ,29.75,30.22,29.61,29.82,29.75,29.72,1833822,54912496.7,9634
2026-05-19,INE0YD401026,JAINREC,EQ,452.95,452.95,376.65,390.8,391.05,463.45,23678615,9306626336.8,332594
2026-05-19,INE02KC01010,JAINAM,SM,280.55,280.55,280.25,280.25,280.25,294.95,3000,841425.0,5
2026-05-19,INE0XIL01012,JAINIK,SM,142.0,145.0,142.0,145.0,145.0,144.0,8400,1214400.0,5
2026-05-19,INE351F01018,JPPOWER,EQ,19.14,19.3,18.7,18.84,18.8,19.05,85322553,1618420233.58,47403
2026-05-19,INE039C01032,JAMNAAUTO,EQ,111.0,113.5,111.0,112.8,112.65,110.42,1206541,135719986.47,9699
2026-05-19,INE953L01027,JSFB,EQ,465.0,467.35,450.0,451.85,455.0,462.1,636442,290454393.7,8313
2026-05-19,INE00YJ01010,JARO,EQ,485.65,524.0,476.95,510.8,510.0,481.1,735262,371346780.15,16787
2026-05-19,INE039O01029,JASH,EQ,375.0,383.95,368.9,373.1,380.35,373.0,104141,39078129.75,4696
2026-05-19,INE0SMY01017,JAYBEE,ST,88.45,88.45,88.45,88.45,88.45,84.25,33000,2918850.0,45
2026-05-19,INE571B01036,JAYBARMARU,EQ,86.91,87.99,85.57,86.06,86.99,85.63,209786,18152673.85,2990
2026-05-19,INE0J6801010,KORE,SM,130.0,130.0,129.1,129.1,129.1,135.85,1000,129775.0,2
2026-05-19,INE785A01026,JAYAGROGN,EQ,214.2,214.2,206.1,207.4,207.2,210.91,5036,1053840.63,513
2026-05-19,INE854B01010,JAYNECOIND,EQ,106.0,106.95,99.7,100.82,100.7,104.79,6995016,718344735.32,33697
2026-05-19,INE1AE401014,JAYESH,SM,169.0,169.0,168.0,168.0,168.0,169.0,2000,337000.0,2
2026-05-19,INE903A01025,JAYKAY,EQ,159.93,163.0,158.0,159.88,159.0,156.81,78780,12628623.26,3157
2026-05-19,INE364A01020,JAYSREETEA,EQ,88.01,90.9,85.5,87.1,87.9,88.36,42394,3733339.39,871
2026-05-19,INE927D01051,JBMA,EQ,620.7,638.0,616.1,622.95,620.5,619.15,554340,347551733.15,20731
2026-05-19,INE0J5801029,JSLL,EQ,639.35,676.85,631.45,654.35,661.7,631.4,408218,269421507.8,23732
2026-05-19,INE982V01025,JETFREIGHT,EQ,21.48,22.0,21.08,21.62,21.4,20.74,157173,3382435.65,653
2026-05-19,INE0RXB01022,JEYYAM,SM,30.6,32.0,30.6,32.0,32.0,31.5,8000,251400.0,4
2026-05-19,INE0LA901015,JFLLIFE,SM,9.45,9.45,9.25,9.25,9.25,9.15,12000,112200.0,2
2026-05-19,INE544H01014,JHS,EQ,8.49,8.65,8.25,8.42,8.45,8.45,34696,291497.04,109
2026-05-19,INE03DD01011,RETAIL,EQ,20.01,20.01,19.25,19.53,19.35,19.1,803,15717.36,23
2026-05-19,INE147P01019,JPOLYINVST,EQ,1010.6,1039.0,1010.1,1016.2,1010.3,1008.4,2212,2257242.7,434
2026-05-19,INE742C01031,JINDRILL,EQ,654.9,693.5,645.65,655.45,654.0,648.25,17505781,11719109061.45,299265
2026-05-19,INE796G01012,JINDALPHOT,EQ,1009.4,1028.6,994.6,1000.4,1007.7,1001.7,2071,2084651.1,291
2026-05-19,INE197D01010,JINDALPOLY,EQ,689.05,718.95,689.05,701.05,709.0,689.05,13666,9604586.15,1948
2026-05-19,INE324A01032,JINDALSAW,EQ,221.1,226.4,218.23,223.67,224.0,220.75,2145855,479383632.43,32988
2026-05-19,INE220G01021,JSL,EQ,748.5,748.5,736.1,739.2,738.3,748.65,500400,370287710.8,31839
2026-05-19,INE749A01030,JINDALSTEL,EQ,1237.0,1237.7,1221.2,1226.3,1224.7,1231.8,634511,780516718.6,25351
2026-05-19,INE247D01039,JINDWORLD,EQ,26.93,26.93,26.13,26.47,26.65,26.53,334780,8870311.41,2321
2026-05-19,INE1FF001016,JKIPL,BE,82.37,85.0,80.22,84.47,84.47,82.51,12415,1028287.64,1496
2026-05-19,INE758E01017,JIOFIN,EQ,232.63,236.1,232.3,233.28,233.09,232.63,9590375,2246931585.42,79596
2026-05-19,INE863T01013,JITFINFRA,BE,285.0,295.0,270.15,293.1,293.0,283.8,18136,5220974.8,224
2026-05-19,INE823G01014,JKCEMENT,EQ,5413.5,5475.0,5380.5,5434.5,5436.0,5413.5,35125,190532756.5,15453
2026-05-19,INE786A01032,JKLAKSHMI,EQ,646.6,654.95,643.4,644.6,644.1,645.8,28331,18348597.8,4929
2026-05-19,INE789E01012,JKPAPER,EQ,394.8,401.5,383.7,395.85,395.0,371.35,3125453,1228435091.95,62450
2026-05-19,INE573A01042,JKTYRE,EQ,360.0,369.95,360.0,368.6,368.95,359.7,884898,323844957.5,23695
2026-05-19,INE576I01022,JKIL,EQ,495.0,495.85,475.2,482.75,485.0,490.7,67562,32610450.0,5960
2026-05-19,INE780C01023,JMFINANCIL,EQ,128.56,130.63,128.1,129.05,129.9,129.18,1807262,233559726.52,22837
2026-05-19,INE0OAF01028,JNKINDIA,EQ,338.0,358.8,334.05,353.9,353.6,333.9,242604,85075124.3,7919
2026-05-19,INE839G01010,JOCIL,EQ,140.0,140.0,133.1,133.69,133.1,139.97,2835,387634.02,67
2026-05-19,INE515A01019,COCKERILL,EQ,5700.0,5700.0,5365.5,5408.0,5431.0,5665.5,7627,42010234.0,1834
2026-05-19,INE718I01012,JSWCEMENT,EQ,122.44,122.81,121.06,121.36,121.11,122.81,777419,94671867.89,7364
2026-05-19,INE133A01011,JSWDULUX,EQ,2921.2,2943.6,2882.6,2929.1,2924.1,2928.7,7223,21083838.3,2042
2026-05-19,INE121E01018,JSWENERGY,EQ,534.9,539.5,528.55,533.15,531.0,529.05,3622410,1939145087.6,51853
2026-05-19,INE824G01012,JSWHL,EQ,12515.0,12765.0,12445.0,12681.0,12531.0,12672.0,3645,46075332.0,1139
2026-05-19,INE880J01026,JSWINFRA,EQ,273.45,273.45,265.35,266.15,266.5,270.45,998211,266705264.7,13397
2026-05-19,INE019A01038,JSWSTEEL,EQ,1298.0,1299.7,1282.7,1285.2,1283.7,1292.8,1136358,1463242158.2,49651
2026-05-19,INE643A01035,JTEKTINDIA,EQ,129.59,132.91,128.25,128.86,128.5,128.88,188301,24437647.75,3250
2026-05-19,INE391J01032,JTLIND,EQ,66.9,69.85,66.21,66.88,66.61,66.25,1884646,127985024.26,14036
2026-05-19,INE03CC01015,JUBLCPL,EQ,1739.7,1740.0,1666.5,1705.2,1666.5,1714.0,2617,4486998.3,419
2026-05-19,INE797F01020,JUBLFOOD,EQ,454.55,478.0,454.5,473.0,475.35,456.95,1908777,902427584.6,31657
2026-05-19,INE0BY001018,JUBLINGREA,EQ,725.45,738.95,723.1,726.35,725.0,721.45,97387,71095410.55,12587
2026-05-19,INE700A01033,JUBLPHARMA,EQ,1009.75,1030.0,999.0,1010.95,1008.0,1009.75,266979,270957549.25,12735
2026-05-19,INE412C01023,JMA,EQ,85.99,86.0,82.0,83.23,83.4,84.28,6662,553969.54,172
2026-05-19,INE696F01016,JUNIPER,EQ,199.9,202.38,197.02,199.69,198.51,199.01,26228,5254344.91,1787
2026-05-19,INE682M01012,JLHL,EQ,1348.0,1359.0,1318.2,1328.9,1338.9,1338.0,401147,533393148.9,6853
2026-05-19,INE209L01016,JWL,EQ,273.0,275.45,268.5,270.9,270.0,270.45,855642,232616202.5,18496
2026-05-19,INE599M01018,JUSTDIAL,EQ,524.4,524.4,516.5,517.3,517.8,518.15,68374,35483751.9,4487
2026-05-19,INE668F01031,JYOTHYLAB,EQ,215.0,217.55,213.0,213.5,213.7,214.9,653224,140314872.25,19659
2026-05-19,INE980O01024,JYOTICNC,EQ,683.9,700.0,675.6,679.15,679.25,681.65,829562,566131212.65,32949
2026-05-19,INE1M3T01017,JYOTIGLOBL,ST,49.0,49.0,49.0,49.0,49.0,48.8,2000,98000.0,1
2026-05-19,INE197A01024,JYOTISTRUC,EQ,12.1,12.69,12.05,12.36,12.33,12.1,6002491,74232511.95,6130
2026-05-19,INE157H01023,KMSUGAR,EQ,27.35,28.1,27.11,27.93,27.76,27.42,150643,4176511.96,1053
2026-05-19,INE127T01021,KPEL,EQ,345.4,359.9,343.8,356.25,354.25,340.25,345800,122116709.1,8031
2026-05-19,INE0DEZ01013,K2INFRA,SM,54.2,57.9,54.05,56.0,56.0,54.2,5400,305310.0,8
2026-05-19,INE900B01029,KABRAEXTRU,EQ,229.74,229.74,223.0,226.38,226.0,228.73,10529,2378866.39,536
2026-05-19,INE217B01036,KAJARIACER,EQ,1052.7,1060.0,1047.4,1054.4,1056.5,1047.6,84314,88925277.1,9368
2026-05-19,INE437B01014,KAKATCEM,BE,120.05,125.0,120.0,122.28,124.45,120.0,708,86659.35,31
2026-05-19,INE0T0L01014,KALANA,ST,22.6,22.6,21.6,21.7,21.7,21.55,10000,222200.0,5
2026-05-19,INE227J01012,KALPATARU,EQ,330.4,330.4,321.1,324.45,325.0,322.35,67702,21935995.5,3250
2026-05-19,INE220B01022,KPIL,EQ,1238.9,1280.0,1238.6,1251.5,1248.3,1238.6,303377,383722883.1,27500
2026-05-19,INE303R01014,KALYANKJIL,EQ,347.6,349.6,342.1,344.15,344.0,346.1,3805361,1315635651.15,44744
2026-05-19,INE314G01014,KALYANIFRG,EQ,630.0,644.0,622.0,625.7,622.0,616.9,259,164142.3,26
2026-05-19,INE029L01018,KICL,EQ,4729.1,4900.0,4728.0,4836.2,4811.0,4709.0,2067,9989102.0,279
2026-05-19,INE907A01026,KSL,EQ,805.55,840.5,792.0,821.85,825.5,804.8,75394,62313558.85,6078
2026-05-19,INE411F01010,KAMAHOLD,EQ,2598.0,2615.0,2546.1,2566.2,2570.0,2565.2,4300,10996096.7,445
2026-05-19,INE967C01018,KAMATHOTEL,EQ,163.17,166.0,161.59,163.69,163.1,162.0,25074,4112277.71,1129
2026-05-19,INE390H01020,KAMDHENU,EQ,24.05,24.72,24.05,24.12,24.14,24.28,449511,10914795.98,2536
2026-05-19,INE0BTI01037,KAMOPAINTS,EQ,5.26,5.35,5.1,5.22,5.22,5.19,148236,771606.61,470
2026-05-19,INE879E01037,KANANIIND,EQ,1.47,1.55,1.44,1.49,1.5,1.45,248851,369376.22,394
2026-05-19,INE081G01019,KANCHI,BE,369.0,380.8,369.0,377.9,378.9,369.75,1160,435597.2,62
2026-05-19,INE0MOT01016,KANDARP,SM,150.0,150.0,146.9,150.0,150.0,150.0,78000,11572800.0,48
2026-05-19,INE138C01024,KANORICHEM,BE,90.0,93.9,89.26,90.03,89.5,92.22,5732,520045.34,84
2026-05-19,INE694E01014,KANPRPLA,EQ,204.8,204.8,185.0,193.47,193.0,195.63,10754,2095148.17,382
2026-05-19,INE531A01024,KANSAINER,EQ,217.72,219.6,213.56,215.51,214.87,217.72,561995,121401868.34,13060
2026-05-19,INE542Z01028,KAPSTON,EQ,326.85,326.85,317.95,325.05,325.0,316.3,9897,3206969.1,469
2026-05-19,INE725L01011,KARMAENG,EQ,48.16,50.7,47.99,48.0,48.0,49.13,2547,123222.73,119
2026-05-19,INE614B01018,KTKBANK,EQ,245.0,252.75,245.0,247.75,248.2,242.85,2633018,656890723.8,32265
2026-05-19,INE0MGA01012,KARNIKA,SM,126.9,130.0,126.9,130.0,130.0,127.7,20000,2580450.0,19
2026-05-19,INE036D01028,KARURVYSYA,EQ,293.65,298.8,291.95,293.25,293.75,292.0,1698054,500688986.55,33836
2026-05-19,INE234I01028,KAUSHALYA,EQ,884.0,893.9,861.0,876.05,876.0,884.0,16,14080.95,9
2026-05-19,INE0Q2V01012,KLL,SM,39.05,39.05,39.0,39.0,39.0,38.4,1600,62440.0,2
2026-05-19,INE455I01029,KSCL,EQ,932.5,955.0,932.1,951.35,952.2,932.1,73784,70018660.7,4188
2026-05-19,INE641C01019,KAVDEFENCE,EQ,61.78,63.49,60.0,63.49,63.49,60.47,53826,3397714.33,288
2026-05-19,INE0RCG01017,KCEIL,ST,114.7,114.7,114.7,114.7,114.7,120.7,7000,802900.0,14
2026-05-19,INE587G01015,KAYA,EQ,241.7,253.4,241.7,247.95,247.0,239.6,7560,1877624.3,463
2026-05-19,INE918Z01012,KAYNES,EQ,3130.0,3167.3,3072.0,3091.6,3082.0,3118.2,1948059,6074367238.8,123386
2026-05-19,INE13ZD01013,KAYTEX,SM,68.0,69.55,67.05,67.5,67.5,65.2,9600,655360.0,12
2026-05-19,INE0J1E01027,KCK,SM,15.1,15.1,14.8,14.8,14.8,15.0,42500,635250.0,15
2026-05-19,INE805C01028,KCP,EQ,158.1,163.87,158.1,161.18,160.0,159.43,83245,13477221.88,2547
2026-05-19,INE790B01024,KCPSUGIND,EQ,23.99,24.46,23.82,24.31,24.45,23.7,50111,1211239.24,507
2026-05-19,INE291D01011,KDDL,EQ,2190.0,2270.0,2165.0,2178.5,2175.0,2196.8,17795,39157775.1,4403
2026-05-19,INE389H01022,KEC,EQ,490.4,495.0,466.0,469.4,469.6,487.6,3778998,1786506782.95,85983
2026-05-19,INE878B01027,KEI,EQ,5080.0,5180.0,5028.3,5082.4,5084.1,5088.1,324895,1658081194.5,31192
2026-05-19,INE164B01030,KELLTONTEC,EQ,14.75,15.49,14.75,15.1,15.19,14.73,2674883,40638094.57,5724
2026-05-19,INE717A01029,KENNAMET,EQ,2846.5,2889.8,2770.0,2789.0,2799.5,2852.5,11524,32501463.0,2990
2026-05-19,INE202H01019,KERNEX,EQ,1363.9,1382.0,1350.0,1354.0,1350.0,1357.6,98556,134486673.6,6350
2026-05-19,INE087A01019,KESORAMIND,BE,11.2,12.27,11.2,12.25,12.27,11.69,1518671,18240086.86,2108
2026-05-19,INE401H01017,KKCL,EQ,445.1,451.45,442.05,446.6,448.5,439.4,10393,4647829.15,954
2026-05-19,INE681C01015,KEYFINSERV,EQ,265.0,279.9,258.0,262.35,260.05,261.75,1070,280039.0,57
2026-05-19,INE263M01029,RUSTOMJEE,EQ,402.9,406.0,398.0,400.4,401.95,400.4,11051,4441964.05,926
2026-05-19,INE138Y01010,KFINTECH,EQ,815.95,833.3,809.15,824.7,825.55,813.3,1057770,872887085.65,32460
2026-05-19,INE834I01025,KHADIM,EQ,115.82,116.69,108.3,110.81,111.0,115.82,66687,7518566.64,2089
2026-05-19,INE731C01018,KHAITANLTD,BE,136.74,138.6,130.0,134.18,135.98,136.06,1714,228475.04,46
2026-05-19,INE745B01028,KHAICHEM,BE,54.5,56.86,54.5,56.46,56.29,54.76,35249,1973563.47,189
2026-05-19,INE060B01014,KHANDSE,EQ,18.9,18.9,17.0,17.22,17.69,16.97,10206,185212.0,69
2026-05-19,INE00UG01014,KHFM,SM,62.9,62.9,54.1,56.75,54.1,57.3,12400,711760.0,8
2026-05-19,INE338F01015,KLBRENG-B,EQ,484.1,490.05,474.3,477.6,478.0,479.3,72235,34618956.4,3029
2026-05-19,INE729D01010,KILITCH,EQ,167.6,177.59,166.06,174.37,176.5,169.06,162261,28136430.48,3112
2026-05-19,INE473D01015,KINGFA,EQ,5330.2,5447.9,5201.0,5225.4,5262.0,5303.6,7019,37135178.5,1811
2026-05-19,INE880L01014,KIOCL,EQ,382.05,388.0,375.1,378.05,377.85,380.65,110678,42246056.35,6442
2026-05-19,INE555P01013,KIRANVYPAR,EQ,179.39,196.15,176.0,178.95,179.0,183.05,3729,682309.39,274
2026-05-19,INE415I01015,KIRIINDUS,EQ,382.95,396.5,382.95,390.4,390.9,385.05,107719,42205900.0,4795
2026-05-19,INE732A01036,KIRLOSBROS,EQ,1628.1,1635.3,1610.1,1619.0,1614.1,1634.4,24528,39775613.1,4756
2026-05-19,INE134B01017,KECL,BE,109.99,111.0,107.7,108.45,108.2,110.13,55841,6108653.51,517
2026-05-19,INE884B01025,KIRLFER,EQ,432.2,433.0,415.0,422.1,422.0,425.95,54832,23175207.7,4852
2026-05-19,INE250A01039,KIRLOSIND,EQ,3059.7,3500.0,3040.0,3440.8,3450.0,3053.7,198716,663407245.7,16969
2026-05-19,INE146L01010,KIRLOSENG,EQ,1691.6,1707.5,1632.2,1660.3,1662.0,1700.0,628650,1046737573.6,29674
2026-05-19,INE811A01020,KIRLPNU,EQ,1540.0,1602.5,1521.0,1581.5,1581.8,1526.3,251675,396502670.7,21376
2026-05-19,INE602G01020,KITEX,EQ,154.01,158.0,154.0,157.26,156.45,154.01,300355,47131165.91,5262
2026-05-19,INE0KNW01016,KNAGRI,EQ,192.0,200.0,191.82,198.96,198.99,191.49,26722,5266959.7,2153
2026-05-19,INE0CJD01029,KMEW,EQ,2075.0,2107.6,1992.5,2010.2,2009.0,2060.1,108930,222520819.5,12316
2026-05-19,INE1JAR25012,KRT,RR,118.25,118.45,116.11,116.84,116.59,118.25,317584,37190888.91,10689
2026-05-19,INE634I01029,KNRCON,EQ,125.25,128.46,124.81,126.76,126.89,124.96,776978,98485510.37,10211
2026-05-19,INE0Q7P01013,KODYTECH,ST,888.95,888.95,859.0,866.9,866.1,893.75,7100,6181050.0,48
2026-05-19,INE080B01012,KOHINOOR,EQ,25.0,25.3,24.55,25.01,24.8,24.5,60333,1510529.4,1525
2026-05-19,INE760A01029,KOKUYOCMLN,EQ,87.98,89.8,85.01,85.25,85.8,86.41,31649,2737688.73,1050
2026-05-19,INE094I01018,KOLTEPATIL,EQ,380.0,395.4,377.2,387.1,384.0,378.5,59083,23010396.9,3838
2026-05-19,INE0QEI01011,KONSTELEC,ST,36.45,40.25,36.45,36.8,36.8,38.35,7000,264000.0,7
2026-05-19,INE0KZ301010,KONTOR,SM,65.0,66.0,65.0,65.75,66.0,67.0,5400,355200.0,4
2026-05-19,INE082A01010,KOPRAN,EQ,165.75,182.73,164.5,172.24,169.29,165.19,5996945,1053039517.2,48735
2026-05-19,INE0O4R01018,KDL,SM,142.0,142.0,134.85,135.4,136.0,141.9,30900,4192125.0,120
2026-05-19,INF174KA1HJ8,GOLD1,EQ,131.7,132.4,130.71,131.92,132.4,130.92,960585,126562334.73,5381
2026-05-19,INE237A01036,KOTAKBANK,EQ,388.5,391.8,380.25,381.95,382.4,391.8,22567886,8679617158.55,178863
2026-05-19,INF174K014P6,NIFTY1,EQ,266.96,266.96,257.85,260.25,259.91,260.45,59595,15575433.5,1415
2026-05-19,INF373I01023,PSUBANK,EQ,807.99,807.99,792.0,794.36,796.9,788.29,117215,93209948.89,1181
2026-05-19,INF174KA1XV0,CHEMICAL,EQ,29.02,29.6,29.0,29.28,29.28,28.97,2456100,72488122.13,1309
2026-05-19,INF174KA1IA5,ALPHA,EQ,49.63,50.25,49.25,49.51,49.37,49.25,687617,34050168.91,1735
2026-05-19,INF174KA1ZF8,CONS,EQ,11.55,11.67,11.55,11.61,11.61,11.57,7124,82913.42,89
2026-05-19,INF174KA1GC5,IT,EQ,30.7,32.63,30.7,32.34,32.39,31.31,1084239,35115937.59,1686
2026-05-19,INF174KA1LV5,LIQUID1,EQ,1104.71,1110.0,1102.6,1104.86,1104.86,1104.71,1051863,1162175625.45,428
2026-05-19,INF174KA1IY5,LOWVOL1,EQ,20.54,20.95,20.33,20.59,20.33,20.54,808784,16687795.77,465
2026-05-19,INF174KA1ZC5,MIDCAP,EQ,17.57,17.92,17.5,17.78,17.74,17.57,395681,7051744.18,750
2026-05-19,INF174KA1JF2,MNC,EQ,32.41,32.68,32.35,32.49,32.58,32.39,42812,1390956.71,283
2026-05-19,INF174KA1ZD3,SILVER1,EQ,25.76,26.2,25.6,25.66,25.75,25.68,5025931,129700335.24,5109
2026-05-19,INF174KA1ZE1,NV20,EQ,13.75,14.15,13.75,14.07,14.09,13.96,95595,1345387.5,166
2026-05-19,INF174KA1VW2,MID150,EQ,22.25,22.94,22.25,22.82,22.93,22.48,29174,663474.61,191
2026-05-19,INF174KA1XS6,MOMENTUM30,EQ,30.07,30.15,29.94,30.07,30.07,30.02,180480,5426961.77,98
2026-05-19,INF174KA1VD2,MSCIINDIA,EQ,29.04,29.88,28.72,29.12,29.2,29.04,25067,729794.55,90
2026-05-19,INF174KA1YO3,NEXT50ETF,EQ,70.57,70.57,69.06,69.49,69.41,69.85,14774,1026297.99,153
2026-05-19,INF174KA1UW4,NIFTY100EW,EQ,33.51,34.03,33.51,33.78,33.79,33.67,16148,545521.09,198
2026-05-19,INF174KA1WT6,QUALITY30,EQ,20.41,20.61,20.41,20.45,20.45,20.2,4406,90310.13,33
2026-05-19,INF174KA1ZB7,BANKNIFTY1,EQ,55.35,55.71,55.27,55.4,55.54,55.36,597840,33181336.36,1961
2026-05-19,INE972A01020,KOTIC,EQ,167.5,172.98,154.2,165.0,165.97,170.95,10585,1727106.91,352
2026-05-19,INE720A01015,KOTHARIPET,EQ,132.84,136.95,128.2,129.32,128.75,132.08,49743,6503129.0,1408
2026-05-19,INE823A01017,KOTHARIPRO,EQ,71.0,73.88,71.0,72.7,72.8,72.85,8947,648615.34,143
2026-05-19,INE419A01022,KOTARISUG,EQ,25.2,25.36,24.75,25.13,25.0,24.85,32262,810035.02,314
2026-05-19,INE0J0B01017,KOTYARK,EQ,457.15,460.8,441.4,449.0,444.0,457.15,24639,11158365.2,1111
2026-05-19,INE177F01017,KOVAI,EQ,5324.5,5528.5,5300.0,5342.0,5300.0,5363.0,4674,25120341.0,1471
2026-05-19,INE542W01025,KPIGREEN,EQ,422.0,443.0,421.3,438.0,438.0,421.25,1190384,518760195.3,28728
2026-05-19,INE04I401011,KPITTECH,EQ,712.0,750.9,710.0,743.7,745.55,707.75,3215754,2373004640.35,68471
2026-05-19,INE930H01031,KPRMILL,EQ,923.35,961.0,917.3,956.65,955.0,911.9,310934,294915932.65,21717
2026-05-19,INE001B01026,KRBL,EQ,330.5,337.45,326.8,333.2,332.1,328.65,607489,201299987.7,16223
2026-05-19,INE268B01013,KREBSBIO,EQ,56.2,57.98,56.2,57.91,57.9,55.71,47,2669.8,10
2026-05-19,INE524L01026,KRIDHANINF,EQ,2.75,2.91,2.74,2.91,2.91,2.78,52917,151453.39,89
2026-05-19,INE506W01012,KRISHANA,EQ,669.0,683.75,660.85,681.7,681.85,665.4,110206,74696261.35,4121
2026-05-19,INE0NR701018,KRISHCA,SM,181.0,191.5,178.0,182.55,191.5,178.25,59000,10717950.0,57
2026-05-19,INE0GGO01015,KRISHIVAL,EQ,379.3,379.9,377.25,379.85,379.9,377.5,7063,2675843.85,165
2026-05-19,INE0J5601015,KRISHNADEF,EQ,1107.6,1190.0,1085.2,1171.6,1170.8,1103.3,194183,224998975.8,15296
2026-05-19,INE967H01025,KIMS,EQ,722.5,745.0,716.0,741.05,740.0,716.85,596172,437551210.55,38276
2026-05-19,INE479D01038,KRITI,BE,69.7,73.18,66.34,69.39,71.0,69.7,27580,1940690.6,186
2026-05-19,INE798K01010,KRITINUT,BE,82.41,84.0,78.65,80.36,80.11,82.41,15847,1281786.48,150
2026-05-19,INE00Z501029,KRITIKA,EQ,5.85,6.15,5.85,5.95,5.99,5.91,91712,545495.96,370
2026-05-19,INE1MTV01019,KRMAYURVED,ST,229.9,241.8,229.9,241.55,241.8,230.3,29000,6886700.0,23
2026-05-19,INE0Q3J01015,KRN,BE,1064.0,1064.0,1039.7,1039.7,1039.7,1094.4,108572,113055861.9,3868
2026-05-19,INE0ATZ01017,KRONOX,EQ,132.0,135.0,131.0,132.03,131.1,131.47,32832,4354370.43,530
2026-05-19,INE0O6601022,KROSS,EQ,186.0,193.8,183.99,191.39,191.53,184.51,539955,102563415.95,9200
2026-05-19,INE08LI01020,KRSNAA,EQ,565.0,572.95,562.0,566.3,562.8,564.85,21098,11967685.9,3472
2026-05-19,INE0QN801017,KRYSTAL,EQ,577.1,590.95,577.1,581.4,584.0,580.0,10540,6158121.4,616
2026-05-19,INE999A01023,KSB,EQ,848.0,848.0,833.0,837.2,837.8,840.2,59441,49803509.0,8094
2026-05-19,INE987S01020,KSHINTL,EQ,644.5,655.0,608.65,622.85,622.0,636.5,339826,213653816.1,12948
2026-05-19,INE013801027,KSHITIJPOL,BE,3.56,3.92,3.56,3.92,3.92,3.74,1583456,5971459.68,744
2026-05-19,INE0D6I01023,KSOLVES,EQ,284.0,290.35,280.5,282.35,280.7,281.2,42192,12032207.4,1725
2026-05-19,INE1SPP01016,KSR,BE,36.0,36.78,35.55,35.96,35.6,36.65,2641,95102.57,40
2026-05-19,INE529I01021,KUANTUM,EQ,78.1,79.52,76.56,77.1,76.99,76.29,82423,6435205.89,762
2026-05-19,INE0OWX01025,KEL,SM,91.5,91.5,90.0,91.0,91.0,95.0,4800,435240.0,4
2026-05-19,INE552U01010,KPL,EQ,1841.0,2048.0,1675.0,2000.7,2004.0,1836.4,456863,879904902.6,32527
2026-05-19,INE2KCE01013,KWIL,EQ,26.79,27.37,26.45,26.68,26.6,26.44,5696919,153279996.6,20808
2026-05-19,INE498L01015,LTF,EQ,279.0,281.05,274.7,277.95,278.05,278.75,3945508,1096422663.75,35341
2026-05-19,INE010V01017,LTTS,EQ,3568.5,3723.2,3520.0,3554.6,3558.0,3549.5,180442,656290970.7,26229
2026-05-19,INE059D01020,LAOPALA,EQ,169.0,173.26,169.0,171.8,171.45,168.48,41498,7135441.21,1714
2026-05-19,INE548Z01017,LAGNAM,EQ,81.0,83.0,79.15,81.7,81.76,81.38,5773,472344.0,196
2026-05-19,INE515C01023,LAHOTIOV,EQ,43.55,43.55,42.0,42.57,42.63,42.66,874,37396.9,86
2026-05-19,INE850E01012,LFIC,EQ,140.0,140.0,136.4,138.28,136.67,136.86,4503,621279.07,89
2026-05-19,INE651C01018,LAKPRE,BZ,6.32,6.33,6.03,6.32,6.32,6.34,1535,9695.84,18
2026-05-19,INE112F01022,LAMBODHARA,EQ,103.91,104.97,100.61,101.39,102.48,101.87,9496,972607.12,154
2026-05-19,INE0R0201012,LAMOSAIC,SM,22.55,27.95,22.55,27.95,27.95,23.3,58800,1595910.0,49
2026-05-19,INE572G01025,LANCORHOL,EQ,25.26,25.3,24.0,24.13,24.3,24.13,36292,883339.24,109
2026-05-19,INE559R01029,LANDMARK,EQ,362.85,370.5,362.85,366.5,366.0,368.4,35693,13110465.7,1801
2026-05-19,INE197J01017,LPDC,EQ,6.4,6.82,6.4,6.67,6.7,6.5,28112,187983.34,87
2026-05-19,INE688J01023,LANDSMILL,EQ,0.8,0.84,0.79,0.82,0.84,0.81,3443395,2790516.74,1259
2026-05-19,INE018A01030,LT,EQ,3940.9,3960.0,3900.0,3921.0,3910.0,3917.8,2318170,9122438639.1,135345
2026-05-19,INE670X01014,LASA,EQ,7.69,8.05,7.69,7.98,8.0,7.7,9903,78273.99,106
2026-05-19,INE0I7C01011,LATENTVIEW,EQ,309.5,340.85,307.1,325.25,324.1,308.7,8210162,2694015658.7,121040
2026-05-19,INE262Z01023,LATTEYS,BE,22.5,24.0,22.21,23.43,23.7,23.37,81924,1868386.92,397
2026-05-19,INE947Q01028,LAURUSLABS,EQ,1335.0,1353.1,1322.1,1344.9,1345.0,1327.3,1880061,2525283224.6,48435
2026-05-19,INE801V01019,LAXMICOT,BE,13.79,13.79,13.24,13.74,13.74,13.79,2250,30599.69,26
2026-05-19,INE0WO601020,LAXMIDENTL,EQ,197.68,206.79,197.68,204.24,202.0,197.67,60651,12373180.92,2361
2026-05-19,INE258Y01016,LGHL,EQ,236.0,258.85,233.75,235.4,234.0,238.35,17503,4173183.85,856
2026-05-19,INE06WU01026,LAXMIINDIA,BE,120.0,125.0,114.99,116.33,117.8,119.71,99763,11812346.76,584
2026-05-19,INE576O01020,LXCHEM,EQ,151.91,159.9,151.52,156.74,157.15,151.09,730207,114116071.09,10588
2026-05-19,INE938A01021,LCCINFOTEC,BE,4.42,4.57,4.42,4.57,4.57,4.57,20144,92054.48,92
2026-05-19,INE0G1L01017,LEMERITE,EQ,468.15,473.05,442.25,448.4,442.25,461.25,60721,27893130.25,2587
2026-05-19,INE0HV901016,IXIGO,EQ,163.7,163.92,159.73,162.43,162.99,161.32,556028,89971343.39,11462
2026-05-19,INE0H4B01011,LRRPL,SM,85.0,87.15,85.0,87.15,87.15,83.0,58500,5089725.0,17
2026-05-19,INE0AQ201015,THELEELA,EQ,411.0,413.3,403.8,407.15,406.3,413.35,264847,107951450.95,12697
2026-05-19,INE970X01018,LEMONTREE,EQ,109.5,111.79,109.5,111.01,111.25,108.85,3539997,392782296.41,23122
2026-05-19,INE956O01016,LENSKART,EQ,483.0,494.9,480.4,492.7,492.65,476.25,11291344,5533878048.7,132954
2026-05-19,INE500X01013,LEXUS,EQ,18.99,18.99,18.44,18.75,18.75,18.52,10003,187405.96,39
2026-05-19,INE337A01034,LGBBROSLTD,EQ,1547.0,1574.9,1543.3,1556.1,1560.0,1544.7,12795,19908602.8,1869
2026-05-19,INE324D01010,LGEINDIA,EQ,1525.4,1544.7,1503.7,1512.0,1510.5,1523.9,603540,919261586.8,40232
2026-05-19,INE908V01012,LIBAS,EQ,12.01,12.38,12.01,12.29,12.35,12.11,23347,288041.42,122
2026-05-19,INE557B01019,LIBERTSHOE,EQ,240.9,241.1,237.0,237.8,237.0,237.55,5070,1211193.25,219
2026-05-19,INE115A01026,LICHSGFIN,EQ,549.0,550.0,541.05,543.0,541.5,545.55,763100,415047683.75,18420
2026-05-19,INF767K01SM1,LICMFGOLD,EQ,141.25,142.6,141.25,141.95,142.0,141.25,51325,7288609.6,1009
2026-05-19,INF767K01OS7,LICNETFN50,EQ,264.32,265.19,263.37,263.82,263.8,263.63,706,186471.73,24
2026-05-19,INF767K01OT5,LICNETFSEN,EQ,849.0,849.0,847.11,847.11,847.11,842.69,3,2543.22,2
2026-05-19,INF767K01PC8,LICNFNHGP,EQ,267.3,269.4,265.96,268.56,268.56,267.29,81,21694.11,16
2026-05-19,INF767K01MV5,LICNETFGSC,EQ,28.54,28.57,28.47,28.54,28.5,28.5,22305,635273.65,79
2026-05-19,INF767K01RN1,LICNMID100,EQ,61.3,62.0,60.55,61.64,61.44,60.56,18836,1159357.76,272
2026-05-19,INE0J1Y01017,LICI,EQ,793.0,809.0,793.0,803.5,802.8,791.4,673990,540726880.2,20029
2026-05-19,INE060901027,LIKHITHA,BE,193.88,200.0,193.88,196.59,196.9,195.84,20756,4092924.78,321
2026-05-19,INE802B01027,LINC,EQ,94.61,97.0,94.61,96.92,96.95,94.61,28137,2722899.27,493
2026-05-19,INE405C01035,LINCOLN,EQ,691.85,723.8,690.0,710.35,713.0,678.9,226332,160218817.95,9481
2026-05-19,INE473A01011,LINDEINDIA,EQ,7200.0,7471.5,7200.0,7377.5,7390.0,7221.0,28298,208911731.5,6093
2026-05-19,INE093R01011,LLOYDSENGG,EQ,69.41,70.49,68.01,68.44,68.11,68.83,8248139,571109131.05,39433
2026-05-19,INE080I01025,LLOYDSENT,EQ,69.0,70.43,68.1,68.51,68.57,69.01,1774243,122956431.84,13679
2026-05-19,INE281B01032,LLOYDSME,EQ,1703.7,1704.9,1650.0,1664.5,1666.0,1697.1,293616,492000609.8,15362
2026-05-19,INE269B01029,LMW,EQ,14590.0,14773.0,14441.0,14642.0,14467.0,14658.0,2144,31397684.0,520
2026-05-19,INE670K01029,LODHA,EQ,845.7,904.0,845.7,892.2,895.0,857.75,3657358,3250737238.4,59849
2026-05-19,INE397H01017,LOKESHMACH,BE,243.25,250.98,240.0,243.21,244.87,243.28,3815,926390.23,83
2026-05-19,INE846D01012,LORDSCHLO,EQ,136.94,142.79,136.01,138.12,141.69,136.51,30191,4196609.02,1272
2026-05-19,INE740X01023,LAL,EQ,7.14,7.2,6.82,7.07,7.09,7.14,53875,374517.39,145
2026-05-19,INE947I01017,LOTUSEYE,EQ,103.75,108.99,103.75,108.61,108.99,104.74,3586,386803.07,107
2026-05-19,INE597L01014,LOVABLE,EQ,70.67,72.0,70.52,71.17,71.0,70.3,14249,1013669.54,197
2026-05-19,INE970D01010,LOYALTEX,BE,225.7,225.7,221.25,221.25,221.25,225.7,275,60910.5,7
2026-05-19,INE818H01020,LTFOODS,EQ,402.05,412.9,402.0,411.65,410.35,404.55,235048,96071223.4,12841
2026-05-19,INE214T01019,LTM,EQ,4107.0,4284.0,4107.0,4254.8,4255.0,4074.6,471956,2004774630.9,46864
2026-05-19,INE872H01027,LUMAXTECH,EQ,1603.4,1634.9,1594.5,1626.1,1630.0,1629.2,109310,176719463.8,15843
2026-05-19,INE162B01018,LUMAXIND,EQ,5150.0,5296.0,5107.5,5257.5,5260.0,5162.0,7321,38154734.0,2218
2026-05-19,INE326A01037,LUPIN,EQ,2252.4,2294.0,2250.5,2287.4,2291.9,2252.4,1242712,2832501147.0,70690
2026-05-19,INE150G01020,LUXIND,EQ,1320.0,1397.8,1320.0,1384.8,1393.0,1331.3,69159,95341183.1,4426
2026-05-19,INE933A01014,LYKALABS,EQ,58.98,60.9,58.9,59.74,59.7,58.8,13013,779593.11,170
2026-05-19,INE142K01011,LYPSAGEMS,EQ,5.15,5.21,5.0,5.07,5.1,5.04,19714,99967.35,252
2026-05-19,INE08N601015,MBEL,EQ,301.6,312.0,299.0,301.1,300.2,305.6,129910,39631881.8,6106
2026-05-19,INE964W01021,MKPL,EQ,5.05,5.25,4.9,5.17,5.24,5.02,329078,1681519.72,456
2026-05-19,INE774D01024,M&MFIN,EQ,317.25,320.7,315.1,319.65,319.8,317.25,845942,269375642.85,18786
2026-05-19,INE0SGC01015,MVKAGRO,SM,499.0,499.0,485.1,486.35,487.0,497.1,1800,879750.0,5
2026-05-19,INE215I01027,MAANALU,EQ,138.0,138.98,135.01,136.69,137.0,137.21,54043,7410368.92,1824
2026-05-19,INE435D01014,MCCHRLS-B,EQ,690.0,690.0,672.0,672.0,672.0,670.95,38,25554.0,4
2026-05-19,INE0R0J01010,MACOBSTECH,SM,230.0,232.0,229.0,230.5,232.0,235.0,5600,1290760.0,6
2026-05-19,INE155Z01011,MACPOWER,EQ,1110.1,1143.2,1106.1,1130.1,1124.0,1101.9,6352,7158180.0,1115
2026-05-19,INE813V01022,MCL,BE,61.0,62.8,59.95,61.63,61.94,63.0,35457,2165472.85,569
2026-05-19,INE631R01026,MADHAVIPL,EQ,8.48,8.63,8.3,8.38,8.42,8.48,115913,975774.43,421
2026-05-19,INE925C01016,MADHAV,EQ,38.09,38.09,36.2,36.2,36.2,35.47,3112,115351.81,50
2026-05-19,INE378D01032,MADHUCON,EQ,5.7,5.99,5.6,5.82,5.68,5.71,8016,46758.83,62
2026-05-19,INE0P6701019,MADHUSUDAN,SM,160.0,162.85,156.0,160.5,162.85,156.6,10000,1591950.0,10
2026-05-19,INE900L01010,MBAPL,EQ,526.1,540.0,522.0,530.85,530.0,526.1,125713,66876176.95,3795
2026-05-19,INE414A01015,MADRASFERT,EQ,65.0,67.69,65.0,66.63,66.6,64.58,115173,7687018.18,1422
2026-05-19,INE270B01035,MAFATIND,EQ,124.15,129.41,124.15,127.08,126.5,126.07,24509,3135553.31,491
2026-05-19,INE347W01011,MAGADSUGAR,EQ,464.75,475.0,462.75,470.15,466.25,460.65,10004,4690751.95,755
2026-05-19,INE613C01026,MCLOUD,EQ,24.42,25.13,24.35,24.8,24.7,24.59,1230185,30536950.24,4993
2026-05-19,INE387I01016,MAGNUM,EQ,20.6,20.6,19.51,19.71,19.51,20.1,12880,255297.31,110
2026-05-19,INE843B01013,MAHAPEXLTD,EQ,48.61,49.63,48.12,48.29,48.26,48.69,11184,542403.81,228
2026-05-19,INE0US801024,MFML,EQ,25.0,26.45,24.5,25.78,25.78,24.51,501,12588.69,21
2026-05-19,INE112D01035,MHLXMIRU,EQ,176.76,176.76,168.09,170.57,169.5,176.57,3770,643676.45,172
2026-05-19,INE451L01014,MAHASTEEL,BE,800.0,816.0,781.7,793.6,791.95,805.35,2421,1930778.75,132
2026-05-19,INE002S01010,MGL,EQ,1046.7,1078.0,1046.7,1059.4,1061.7,1058.7,159209,169637765.5,16186
2026-05-19,INE153A01019,MTNL,EQ,28.71,29.35,28.66,29.06,29.15,28.58,882729,25667620.67,4274
2026-05-19,INE288A01013,MAHSCOOTER,EQ,11840.0,11944.0,11390.0,11507.0,11519.0,11882.0,14534,167270602.0,4739
2026-05-19,INE271B01025,MAHSEAMLES,EQ,636.95,647.95,631.15,635.25,638.0,636.6,78361,50214056.45,9658
2026-05-19,INE632Q01018,MRIL,SM,40.3,40.3,40.25,40.25,40.25,40.1,4800,193280.0,3
2026-05-19,INE263W01010,MAHESHWARI,EQ,54.38,55.1,53.5,54.95,54.02,53.46,16984,925648.41,151
2026-05-19,INE961Y01015,MAHICKRA,ST,239.6,239.6,239.6,239.6,239.6,228.2,1500,359400.0,2
2026-05-19,INE101A01026,M&M,EQ,3099.1,3158.8,3075.0,3092.3,3086.3,3083.7,3151874,9786496714.9,178075
2026-05-19,INE215D01010,MAHEPC,EQ,114.59,120.3,114.59,118.62,117.0,114.59,20780,2438369.85,242
2026-05-19,INE998I01010,MHRIL,EQ,230.76,230.76,220.97,223.51,223.07,229.13,264107,59347751.32,11395
2026-05-19,INE813A01018,MAHLIFE,EQ,322.5,333.4,322.3,328.9,328.1,323.45,77623,25610992.5,7556
2026-05-19,INE766P01016,MAHLOG,EQ,360.35,365.35,354.2,356.1,354.2,360.35,77789,27937221.05,3777
2026-05-19,INE683C01011,MAITHANALL,EQ,964.9,979.2,951.6,961.55,962.9,964.9,31384,30229987.75,2165
2026-05-19,INE0PLQ01011,MAITREYA,SM,174.5,174.5,174.5,174.5,174.5,175.3,400,69800.0,1
2026-05-19,INE201B01022,MAJESAUT,EQ,308.0,308.0,298.0,300.2,302.7,297.55,403,121599.95,50
2026-05-19,INE389C01015,MALLCOM,EQ,997.0,1030.0,991.1,1005.2,1002.5,1021.3,2868,2890045.2,432
2026-05-19,INE383H01017,MALUPAPER,EQ,32.54,33.4,32.0,32.92,32.8,31.9,13343,436793.12,67
2026-05-19,INE0TO701015,MAMATA,EQ,400.05,409.6,400.0,405.3,409.0,402.05,31327,12693228.95,1600
2026-05-19,INE830Q01018,MANAKCOAT,EQ,99.85,101.94,98.56,99.3,98.67,99.36,430617,43349747.37,2464
2026-05-19,INE993A01026,MANINDS,EQ,552.55,575.0,543.0,565.45,563.3,553.9,1240555,694090595.55,31505
2026-05-19,INE949H01023,MANINFRA,EQ,120.1,123.99,119.5,119.94,120.27,119.02,2868026,349247932.6,13102
2026-05-19,INE859Q01017,MANAKALUCO,EQ,33.31,34.44,33.21,34.06,34.1,33.31,39281,1329520.26,325
2026-05-19,INE015D01022,MANAKSIA,EQ,58.08,59.8,57.51,57.77,57.7,58.2,9739,566892.51,275
2026-05-19,INE824Q01011,MANAKSTEEL,BE,61.9,63.7,61.9,62.97,63.0,61.96,6367,400815.69,53
2026-05-19,INE201A01024,MANALIPETC,EQ,55.08,57.7,55.08,57.23,57.5,55.38,286981,16357218.68,4672
2026-05-19,INE522D01027,MANAPPURAM,EQ,302.0,316.0,302.0,315.3,316.0,306.1,3193575,997266619.1,44412
2026-05-19,INE0U4H01011,MPEL,SM,47.95,47.95,47.95,47.95,47.95,46.2,1600,76720.0,1
2026-05-19,INE104Y01012,MANAV,ST,44.9,45.0,44.9,44.95,45.0,43.0,16000,719600.0,3
2026-05-19,INE939X01013,MANBA,EQ,108.69,109.9,107.08,108.33,109.25,105.69,43668,4736036.94,701
2026-05-19,INE545L01039,MANCREDIT,EQ,168.0,169.99,166.82,168.98,169.0,168.67,97599,16407256.11,967
2026-05-19,INE0PKD01011,MEIL,BE,301.0,315.0,301.0,312.55,311.8,301.8,23481,7276728.85,453
2026-05-19,INE00C401011,MAL,SM,39.05,39.05,39.05,39.05,39.05,39.05,1600,62480.0,1
2026-05-19,INE347A01017,MANGLMCEM,EQ,858.2,858.5,821.0,825.05,835.0,851.85,96406,80904431.05,4607
2026-05-19,INE584F01014,MANGALAM,BE,30.37,30.77,29.4,29.77,29.95,30.37,27912,833356.8,171
2026-05-19,INE0APB01032,MGEL,EQ,12.99,13.2,12.42,12.75,12.97,12.87,158126,2045457.07,832
2026-05-19,INE370D01013,MANORG,BE,555.0,568.0,550.05,556.4,568.0,565.3,3026,1681516.8,83
2026-05-19,INE0JYY01011,MWL,EQ,368.6,371.45,362.05,370.2,370.0,365.7,122332,45061376.9,1834
2026-05-19,INE0R3101011,MIEL,SM,16.0,16.0,15.95,15.95,15.95,15.25,4000,63900.0,2
2026-05-19,INE1ERK01013,MANILAM,SM,61.5,62.0,60.05,62.0,62.0,59.0,20000,1233000.0,8
2026-05-19,INE634S01028,MANKIND,EQ,2504.0,2549.9,2470.0,2492.6,2470.0,2495.7,574210,1450001616.0,31735
2026-05-19,INE0KNT01012,MVGJL,EQ,157.9,158.37,155.28,156.09,155.85,155.5,24714,3869193.9,1423
2026-05-19,INE784W01015,MANOMAY,EQ,178.0,181.08,175.55,177.78,175.56,176.74,8568,1533392.18,451
2026-05-19,INE00VM01036,MANORAMA,EQ,1377.8,1404.9,1355.5,1371.4,1370.6,1370.6,95609,131906086.0,9620
2026-05-19,INE867A01022,MANUGRAPH,EQ,13.41,13.94,13.03,13.48,13.41,12.93,16443,223627.14,234
2026-05-19,INE882A01013,MARALOVER,BE,54.0,54.89,53.0,54.05,54.5,53.14,4169,225396.79,56
2026-05-19,INE182D01020,MARATHON,EQ,474.65,488.4,472.2,485.25,484.0,475.2,17505,8452941.9,1046
2026-05-19,INE0TD401015,MARC,ST,91.0,91.0,91.0,91.0,91.0,91.0,1200,109200.0,1
2026-05-19,INE0QP001012,MARCO,SM,34.0,35.2,34.0,35.2,35.2,35.1,9000,312075.0,6
2026-05-19,INE196A01026,MARICO,EQ,830.0,841.75,828.5,831.45,832.6,833.75,1431476,1192421729.25,59603
2026-05-19,INE01JE01028,MARINE,EQ,226.0,234.81,219.5,222.05,220.01,223.63,369565,83782791.22,7930
2026-05-19,INE0FW001016,MARKOLINES,EQ,163.8,165.77,161.95,163.5,162.75,162.14,466716,76724461.6,3644
2026-05-19,INE750C01026,MARKSANS,EQ,219.95,225.49,215.59,217.3,216.07,217.62,2987731,657133846.8,39046
2026-05-19,INE415B01044,MARSONS,EQ,140.95,147.71,140.95,145.8,147.0,140.51,4702918,681969811.83,14513
2026-05-19,INE585B01010,MARUTI,EQ,13034.0,13104.0,12900.0,12956.0,12924.0,13016.0,342737,4455361260.0,62575
2026-05-19,INE575Z01010,MDL,SM,51.0,51.05,51.0,51.0,51.0,53.1,13000,663050.0,11
2026-05-19,INE348L01012,MASFIN,EQ,313.15,315.7,309.8,312.6,312.95,313.15,52925,16525992.1,2787
2026-05-19,INE885F01015,MASKINVEST,BE,149.0,149.0,137.2,148.99,148.99,142.56,293,42287.81,13
2026-05-19,INE0SH001010,MASON,SM,129.1,131.0,129.1,130.0,130.0,130.5,4500,583800.0,9
2026-05-19,INE759A01021,MASTEK,EQ,1558.7,1687.0,1558.7,1660.9,1668.0,1552.0,193781,319861654.1,17566
2026-05-19,INE677D01037,MASTERTR,EQ,90.66,93.67,89.25,91.68,91.11,90.66,361851,33131339.86,4699
2026-05-19,INE866R01028,MATRIMONY,EQ,425.95,428.1,418.5,420.45,420.05,421.95,5280,2231095.2,243
2026-05-19,INE132901013,MGSL,SM,83.05,88.3,78.6,80.8,82.0,83.05,32400,2714940.0,25
2026-05-19,INE636A01039,MAWANASUG,BE,102.9,103.95,100.55,102.29,102.1,102.67,48775,4990014.5,244
2026-05-19,INE03EI01018,MAXESTATES,EQ,395.0,407.65,393.25,405.9,406.0,392.8,43388,17493996.9,2110
2026-05-19,INE180A01020,MFSL,EQ,1619.0,1640.1,1603.7,1617.9,1620.0,1601.7,642035,1041111570.6,60700
2026-05-19,INE027H01010,MAXHEALTH,EQ,1061.6,1080.0,1054.65,1068.75,1064.0,1058.55,2102863,2253956115.35,90549
2026-05-19,INE0CG601016,MAXIND,EQ,161.0,162.59,155.1,156.69,157.8,158.37,23314,3716768.73,1080
2026-05-19,INE0ECC01022,MAXPOSURE,SM,36.0,37.95,36.0,37.95,37.95,37.0,4000,148250.0,4
2026-05-19,INE10A501018,MAXVOLT,ST,449.8,455.0,425.0,430.2,428.0,446.25,20400,9002640.0,46
2026-05-19,INE040D01038,MAYURUNIQ,EQ,612.2,624.0,604.25,619.4,620.0,610.15,65557,40370957.55,3578
2026-05-19,INE249Z01020,MAZDOCK,EQ,2460.9,2474.1,2416.1,2422.8,2425.5,2444.3,759138,1858671959.7,34466
2026-05-19,INE885E01042,MAZDA,EQ,196.34,199.99,191.51,193.25,192.0,194.37,20756,4093512.13,1009
2026-05-19,INE912H01013,MBLINFRA,EQ,25.2,25.99,24.12,25.14,25.3,25.2,99201,2473338.06,356
2026-05-19,INE942G01012,MCLEODRUSS,BE,69.05,69.05,69.05,69.05,69.05,65.77,476880,32928564.0,505
2026-05-19,INE0O4M01019,MCON,SM,47.5,48.05,47.1,47.1,47.1,49.5,21000,1001850.0,10
2026-05-19,INE456Z01021,MEDIASSIST,EQ,376.0,396.2,375.1,388.5,388.9,373.0,116622,45274217.05,7599
2026-05-19,INE200D01020,MMWL,BE,14.5,14.63,13.65,13.88,14.02,14.14,39300,551377.33,110
2026-05-19,INE646B01010,MEDICAMEQ,EQ,271.9,275.55,268.0,269.2,268.0,268.9,5263,1435631.3,220
2026-05-19,INE630Y01024,MEDICO,EQ,44.85,45.9,43.61,44.93,45.0,44.19,621105,27482037.22,2576
2026-05-19,INE804L01022,MEDPLUS,EQ,939.95,940.15,919.3,934.65,937.8,928.0,157356,146864956.45,8674
2026-05-19,INE0VDM01015,MEESHO,EQ,190.0,195.65,188.5,192.7,193.05,190.4,9892847,1903510835.67,69941
2026-05-19,INE00EM01016,MEGASTAR,EQ,310.15,320.0,305.05,318.25,315.3,307.7,75658,24102179.15,795
2026-05-19,INE531R01010,MEGATHERM,SM,265.95,265.95,240.1,245.15,247.8,254.0,15600,3874620.0,26
2026-05-19,INE0CT101020,MOL,EQ,50.0,51.39,49.65,49.95,49.86,49.33,746979,37523898.76,7471
2026-05-19,INE071D01033,MENONBE,EQ,143.15,152.98,143.15,148.41,148.8,143.15,320229,47918690.53,5076
2026-05-19,INE650G01029,MENNPIS,EQ,58.86,60.85,57.4,59.18,58.31,57.84,10061,589783.16,160
2026-05-19,INE776I01010,MEP,BZ,1.0,1.0,0.99,0.99,0.99,1.01,16073,15949.82,40
2026-05-19,INE689O01013,MERCANTILE,EQ,24.99,26.95,24.78,26.51,25.55,24.0,8130,209071.79,136
2026-05-19,INE317I01021,METROBRAND,EQ,1038.4,1058.0,1028.3,1052.0,1050.2,1038.4,12675,13256087.0,2355
2026-05-19,INE085D01033,METROGLOBL,EQ,126.0,130.0,125.16,127.27,127.27,125.12,197,24834.93,13
2026-05-19,INE112L01020,METROPOLIS,EQ,506.9,513.2,504.2,508.4,507.6,507.4,174929,89038012.5,12328
2026-05-19,INE287C01037,MICEL,EQ,41.2,44.27,40.57,44.26,44.27,42.17,2398720,105486283.05,6052
2026-05-19,INE0XAD01024,MIDWESTLTD,EQ,1332.0,1372.0,1324.8,1352.6,1352.8,1337.2,17700,23921170.0,1482
2026-05-19,INE842C01021,MINDACORP,EQ,515.5,525.0,515.5,520.2,518.2,515.35,84596,44078995.25,6357
2026-05-19,INE0CCU25019,MINDSPACE,RR,461.8,471.88,458.11,469.89,469.0,461.65,182221,84539001.92,8782
2026-05-19,INE110B01017,MINDTECK,EQ,212.0,218.37,205.09,206.35,205.2,201.47,160772,34125673.75,4335
2026-05-19,INF769K01KU7,ALPHAETF,EQ,25.38,25.55,25.34,25.44,25.41,25.3,116877,2976971.45,479
2026-05-19,INF769K01KR3,BANKETF,EQ,544.0,546.31,542.72,543.22,543.18,544.63,19004,10332851.95,251
2026-05-19,INF769K01LZ4,BANKPSU,EQ,80.15,80.42,79.73,80.24,80.0,79.56,19347,1551123.55,135
2026-05-19,INF769K01NS5,CONSUMER,EQ,10.79,10.91,10.76,10.82,10.81,10.74,56237,609192.9,236
2026-05-19,INF769K01QC2,DEFENCE,EQ,74.39,74.72,73.61,73.89,73.93,74.01,129954,9655935.79,626
2026-05-19,INF769K01PY8,DIVIDEND,EQ,36.08,36.31,36.02,36.1,36.05,35.72,8074,291755.44,57
2026-05-19,INF769K01PR2,ENERGY,EQ,40.4,40.4,39.61,39.78,39.67,39.61,326735,13012721.71,878
2026-05-19,INF769K01OA1,EQUAL200,EQ,13.3,13.36,13.28,13.3,13.28,13.24,327053,4359495.12,46
2026-05-19,INF769K01OO2,EQUAL50,EQ,325.9,326.49,324.0,324.0,324.0,324.59,1685,549501.33,13
2026-05-19,INF769K01LQ3,EVINDIA,EQ,29.63,29.9,29.46,29.66,29.6,29.49,271188,8059465.32,1345
2026-05-19,INF769K01QA6,HEALTHCARE,EQ,20.25,20.51,20.16,20.26,20.25,20.19,73883,1499275.98,196
2026-05-19,INF769K01QB4,INFRA,EQ,11.81,11.88,11.76,11.79,11.78,11.76,96005,1136396.46,143
2026-05-19,INF769K01PB6,INTERNET,EQ,12.04,12.27,12.04,12.19,12.19,11.96,303712,3685847.12,126
2026-05-19,INF769K01KV5,ITETF,EQ,30.64,31.17,30.31,30.89,30.88,29.9,904606,28004138.89,1389
2026-05-19,INF769K01KS1,LIQUID,EQ,999.99,1000.0,999.99,999.99,1000.0,999.99,145276,145275316.85,285
2026-05-19,INF769K01MY5,LIQUIDPLUS,EQ,1085.89,1085.91,1085.89,1085.9,1085.91,1085.76,591448,642254998.7,252
2026-05-19,INF769K01GS9,ESG,EQ,40.48,40.5,40.17,40.23,40.22,40.17,12406,500466.27,95
2026-05-19,INF769K01HF4,MAFANG,EQ,191.95,194.8,191.95,194.8,194.8,197.89,151695,29550015.0,2893
2026-05-19,INF769K01HI8,BFSI,EQ,26.44,26.44,26.12,26.18,26.2,26.24,780840,20559791.32,724
2026-05-19,INF769K01JP9,GOLDETF,EQ,152.55,153.54,152.55,153.34,153.27,152.37,1454327,222779205.74,3884
2026-05-19,INF769K01KF8,GSEC10YEAR,EQ,29.62,29.62,29.41,29.41,29.41,29.43,3429,100939.12,20
2026-05-19,INF769K01HS7,MAHKTECH,EQ,24.34,24.34,24.34,24.34,24.34,24.92,296757,7223065.38,2212
2026-05-19,INF769K01IC9,MIDCAPETF,EQ,22.64,22.96,22.64,22.8,22.83,22.63,2169607,49542975.18,6593
2026-05-19,INF769K01IB1,MAKEINDIA,EQ,163.11,163.11,158.01,158.27,158.44,158.36,7591,1204150.75,254
2026-05-19,INF769K01EG9,NIFTYETF,EQ,257.25,257.25,255.06,255.51,255.58,255.39,128736,32992495.43,1024
2026-05-19,INF769K01JU9,LOWVOL,EQ,200.84,200.84,200.84,200.84,200.84,199.3,180,36151.2,1
2026-05-19,INF769K01FN2,NEXT50,EQ,709.09,714.18,707.29,710.81,708.57,706.98,50837,36209311.85,2627
2026-05-19,INF769K01KG6,SILVERAG,EQ,260.46,261.16,257.2,257.76,258.0,257.65,498549,128851674.69,4014
2026-05-19,INF769K01HP3,MASPTOP50,EQ,81.97,81.97,81.97,81.97,81.97,82.69,77025,6313739.25,286
2026-05-19,INF769K01LY7,METAL,EQ,13.38,13.38,13.2,13.28,13.26,13.28,3711409,49270642.44,7202
2026-05-19,INF769K01LJ8,MIDSMALL,EQ,50.13,50.78,50.12,50.57,50.5,50.03,499484,25256399.41,963
2026-05-19,INF769K01LX9,MULTICAP,EQ,15.97,16.05,15.91,15.95,15.97,15.87,69146,1105275.15,371
2026-05-19,INF769K01ON4,SELECTIPO,EQ,42.39,42.86,42.38,42.64,42.65,42.34,4180,178312.61,60
2026-05-19,INF769K01KT9,SENSEXETF,EQ,77.41,77.8,77.1,77.19,77.24,77.22,22934,1778019.18,237
2026-05-19,INF769K01PQ4,SMALL250,EQ,16.58,16.73,16.53,16.68,16.69,16.5,230201,3833901.74,501
2026-05-19,INF769K01LC3,SMALLCAP,EQ,44.6,44.99,44.19,44.82,44.81,44.19,1447383,64861044.94,2511
2026-05-19,INF769K01PZ5,TOP20,EQ,8.56,8.6,8.53,8.53,8.53,8.52,60210,515860.59,132
2026-05-19,INF769K01QV2,VALUE,EQ,16.37,16.49,16.29,16.42,16.41,16.34,17390,285569.69,68
2026-05-19,INE831A01028,MIRCELECTR,BE,40.43,41.19,38.36,39.3,39.0,40.32,1064399,42357879.44,2690
2026-05-19,INE771A01026,MIRZAINT,EQ,29.15,29.99,29.15,29.53,29.79,29.2,72170,2133151.84,807
2026-05-19,INE099Z01011,MIDHANI,EQ,396.25,399.6,386.35,388.65,387.25,397.8,477138,187400858.4,14250
2026-05-19,INE828O01033,MITCON,EQ,77.7,79.99,76.3,77.97,78.5,77.93,4780,371845.27,120
2026-05-19,INE997Y01027,MITTAL,EQ,0.87,0.92,0.85,0.88,0.91,0.88,2093764,1837310.66,495
2026-05-19,INE227C01017,MMFL,EQ,440.0,463.35,440.0,448.9,452.1,440.2,102047,46108238.6,6023
2026-05-19,INE511Y01018,MMP,EQ,280.0,280.01,271.61,276.92,277.0,275.88,25876,7135298.91,1027
2026-05-19,INE123F01029,MMTC,EQ,62.01,67.44,61.89,65.03,64.2,61.87,11940397,779089317.19,62493
2026-05-19,INE1YNB01019,MOBILISE,ST,104.0,110.25,104.0,110.25,110.25,105.0,8000,869600.0,5
2026-05-19,INE794W01014,MODTHREAD,EQ,42.0,44.9,42.0,43.75,43.75,43.76,110,4812.33,8
2026-05-19,INE537F01012,MODINATUR,EQ,420.0,436.8,401.65,413.0,409.0,417.5,32442,13582189.85,2571
2026-05-19,INE832A01018,MODIRUBBER,EQ,130.94,134.89,130.01,132.16,133.9,130.0,3738,492920.34,129
2026-05-19,INE0L0L01012,MODIS,EQ,354.0,355.1,345.65,349.2,352.0,352.35,49906,17419004.2,1461
2026-05-19,INE737D01021,MODISONLTD,EQ,175.0,182.1,170.0,173.03,171.6,167.01,219872,38337383.16,2822
2026-05-19,INE450S01011,MHHL,SM,40.0,40.0,39.05,39.95,39.95,39.05,12000,475275.0,8
2026-05-19,INE954E01012,MOHITIND,EQ,23.37,23.9,22.52,23.14,23.59,23.27,1366,31769.13,57
2026-05-19,INE490G01020,MOIL,EQ,302.55,303.1,297.3,298.1,298.2,300.9,494145,148318940.5,13456
2026-05-19,INE514Y01020,MOKSH,EQ,12.01,12.48,11.92,12.03,12.0,12.22,46384,560892.75,179
2026-05-19,INE893J01029,MOLDTKPAC,EQ,687.45,707.0,679.25,681.8,683.1,691.6,281909,195721299.9,10399
2026-05-19,INE835B01035,MOLDTECH,EQ,119.05,124.77,119.05,122.47,122.23,121.9,23473,2896524.52,412
2026-05-19,INE903D01011,MONARCH,EQ,322.0,323.9,311.0,312.45,311.9,315.15,147554,46869656.95,4200
2026-05-19,INE296Q01012,MONEYBOXX,EQ,74.78,74.78,71.8,71.96,71.85,73.12,7422,541129.46,391
2026-05-19,INE0OIP01012,MONOPHARMA,SM,12.45,12.45,11.35,11.4,11.35,11.9,12000,139000.0,6
2026-05-19,INE1DV401010,MONOLITH,SM,516.0,578.9,508.0,567.4,565.0,509.0,89250,49984750.0,282
2026-05-19,INE950M01013,MONTECARLO,EQ,598.0,613.6,575.0,583.1,577.95,566.05,449965,266573283.65,20073
2026-05-19,INE161G01027,MORARJEE,BZ,9.22,9.22,9.22,9.22,9.22,8.79,44658,411746.76,12
2026-05-19,INE083A01026,MOREPENLAB,EQ,41.5,42.63,41.5,41.86,41.76,41.3,2018290,84865717.11,8385
2026-05-19,INE0N7S01028,MOS,SM,12.6,12.95,12.6,12.9,12.7,12.35,412000,5310800.0,43
2026-05-19,INE935B01025,MOSCHIP,EQ,204.82,211.0,204.82,208.14,208.2,202.68,2102429,437746177.81,24951
2026-05-19,INE0FS801015,MSUMI,EQ,39.4,39.82,39.24,39.39,39.35,39.23,4625083,182648946.14,34140
2026-05-19,INF247L01023,MOM100,EQ,65.69,66.05,65.11,65.62,65.61,65.05,428754,28198134.07,2302
2026-05-19,INF247L01AP3,MON100,EQ,326.82,327.27,326.82,327.27,327.27,331.62,300004,98181647.58,1937
2026-05-19,INE338I01027,MOTILALOFS,EQ,834.5,858.0,834.5,850.95,853.0,834.3,567565,482491190.05,21450
2026-05-19,INF247L01536,MOM50,EQ,246.0,248.7,245.62,246.26,245.62,245.62,2169,534331.44,108
2026-05-19,INF247L01AK4,MOGSEC,EQ,63.45,63.99,63.36,63.51,63.51,63.21,24387,1546436.15,115
2026-05-19,INF247L01FR8,MOALPHA50,EQ,51.53,51.79,51.26,51.33,51.46,51.28,15698,809837.86,36
2026-05-19,INF247L01GV8,MOBANK10,EQ,16.06,16.76,15.9,15.98,15.9,16.06,3147,50328.67,46
2026-05-19,INF247L01EV3,MOCAPITAL,EQ,54.01,56.39,54.01,55.8,55.85,54.93,863963,48311736.38,3358
2026-05-19,INF247L01DJ0,MODEFENCE,EQ,98.77,99.25,97.2,97.84,97.9,98.28,1769512,174462898.47,8341
2026-05-19,INF247L01GH7,MOENERGY,EQ,39.93,39.96,39.54,39.67,39.85,39.57,150988,6008840.88,846
2026-05-19,INF247L01FY4,MOGOLD,EQ,155.35,156.3,155.35,155.9,156.0,155.1,51521,8030128.45,659
2026-05-19,INF247L01BB1,MOHEALTH,EQ,47.99,48.19,47.51,47.98,48.1,47.76,102705,4931082.76,626
2026-05-19,INF247L01FL1,MOINFRA,EQ,63.64,63.64,62.24,62.28,62.52,62.31,4351,271422.56,52
2026-05-19,INF247L01GI5,MOIPO,EQ,43.35,43.35,41.98,42.48,42.81,42.26,41376,1758718.57,51
2026-05-19,INF247L01BL0,MOLOWVOL,EQ,36.42,37.2,36.38,36.45,36.45,36.52,10306,377505.66,32
2026-05-19,INF247L01DK8,MOMENTUM50,EQ,51.73,52.05,51.59,51.83,52.01,51.57,334196,17339329.09,1273
2026-05-19,INF247L01FK3,MOMGF,EQ,156.31,156.77,152.66,155.98,155.97,155.54,515,79771.87,15
2026-05-19,INF247L01FQ0,MOMIDMTM,EQ,62.57,63.37,62.51,62.86,63.0,62.57,12957,817071.43,161
2026-05-19,INF247L01GK1,MOMNC,EQ,31.41,31.65,31.41,31.5,31.5,31.41,545,17206.5,8
2026-05-19,INF247L01BK2,MOMOMENTUM,EQ,61.97,61.97,60.5,60.53,60.5,60.6,49195,2987431.57,428
2026-05-19,INF247L01FC0,MON50EQUAL,EQ,32.81,33.3,32.33,32.67,32.98,32.65,10871,355261.98,49
2026-05-19,INF247L01FD8,MONEXT50,EQ,68.9,69.48,68.49,68.53,68.49,68.09,4186,287819.88,35
2026-05-19,INF247L01GG9,MONIFTY100,EQ,24.59,25.9,24.59,25.65,25.43,24.59,26253,650860.09,50
2026-05-19,INF247L01BU1,MONIFTY500,EQ,23.5,23.5,22.9,22.98,23.03,22.93,764517,17596965.14,1962
2026-05-19,INF247L01AU3,MONQ50,EQ,132.54,132.54,132.54,132.54,132.54,135.01,26365,3494417.1,272
2026-05-19,INF247L01FO5,MOPSE,EQ,105.18,105.35,105.17,105.24,105.17,104.86,1658,174553.81,9
2026-05-19,INF247L01BH8,MOQUALITY,EQ,201.17,201.65,200.44,201.07,201.07,199.0,1782,359260.05,14
2026-05-19,INF247L01CI4,MOREALTY,EQ,75.3,77.13,74.85,76.24,76.21,74.95,3671089,280814129.86,2499
2026-05-19,INF247L01GJ3,MOSERVICE,EQ,29.94,30.9,29.86,29.94,29.9,29.8,6858,207685.6,28
2026-05-19,INF247L01FZ1,MOSILVER,EQ,264.58,265.75,261.85,262.71,262.72,261.61,1123981,296365822.56,4112
2026-05-19,INF247L01CH6,MOSMALL250,EQ,17.0,17.0,16.53,16.72,16.7,16.5,1338750,22398631.38,1884
2026-05-19,INF247L01FP2,MOTOUR,EQ,72.09,72.69,71.5,71.66,72.2,71.62,73614,5280453.81,170
2026-05-19,INF247L01BE5,MOVALUE,EQ,113.83,114.84,113.54,114.24,114.55,113.82,94195,10761046.64,719
2026-05-19,INE0FRK01020,MOTISONS,EQ,11.75,11.91,11.6,11.71,11.74,11.61,2181148,25632033.24,3725
2026-05-19,INE861B01023,MOTOGENFIN,EQ,23.5,24.4,23.12,23.95,23.98,23.9,6999,164772.76,84
2026-05-19,INE0XM301010,MMEL,ST,39.3,39.3,35.7,35.7,35.7,37.5,4000,150000.0,2
2026-05-19,INE356A01018,MPHASIS,EQ,2167.3,2271.1,2160.1,2220.5,2218.2,2148.5,1176450,2632201728.1,61456
2026-05-19,INE943D01017,MPSLTD,EQ,1791.0,1853.9,1791.0,1828.9,1822.0,1805.7,25489,46637611.6,2828
2026-05-19,INE883A01011,MRF,EQ,128550.0,129500.0,126200.0,126730.0,126600.0,129110.0,7011,894198525.0,5302
2026-05-19,INE103A01014,MRPL,EQ,149.41,150.99,144.35,145.57,145.2,148.24,4371977,642690190.17,32289
2026-05-19,INE495P01020,BECTORFOOD,EQ,181.72,188.8,181.51,184.16,183.5,181.72,501287,93399124.99,10098
2026-05-19,INE752G01015,MSPL,EQ,39.61,41.8,39.61,40.58,40.5,40.17,1305119,53314222.59,6245
2026-05-19,INE255X01014,MSTCLTD,EQ,418.6,427.2,418.35,422.8,420.3,417.2,81662,34579771.35,3376
2026-05-19,INE472M01018,MTEDUCARE,BE,1.64,1.7,1.64,1.65,1.65,1.64,20624,34580.85,45
2026-05-19,INE864I01014,MTARTECH,EQ,7133.0,7217.5,6735.0,6810.0,6800.0,7110.5,1187604,8214245900.0,137511
2026-05-19,INE08KJ01020,MUFIN,EQ,116.99,120.37,116.11,119.15,119.2,116.13,3360646,400251834.58,13257
2026-05-19,INE304A01026,MUKANDLTD,EQ,151.0,152.95,144.2,145.13,145.19,148.95,632218,93823516.05,9964
2026-05-19,INE0CG401037,MUKKA,EQ,23.0,23.3,22.9,22.94,23.0,22.92,103709,2392170.25,643
2026-05-19,INE374B01019,MUKTAARTS,EQ,52.4,52.5,50.0,52.04,52.0,52.0,6021,309498.32,86
2026-05-19,INE745G01043,MCX,EQ,3363.9,3447.4,3331.5,3414.7,3417.0,3348.4,2730028,9300543347.5,115645
2026-05-19,INE672B01032,MUNJALAU,EQ,88.0,88.97,86.87,88.64,88.94,87.22,110819,9790171.63,2137
2026-05-19,INE577A01027,MUNJALSHOW,EQ,132.52,134.59,132.01,132.84,132.4,132.52,17542,2342696.18,342
2026-05-19,INE692B01014,MURUDCERA,EQ,32.82,34.0,32.82,33.4,33.16,32.82,19790,665396.58,260
2026-05-19,INE919I01024,RADIOCITY,EQ,6.32,6.32,5.95,6.17,6.2,6.1,12985,79512.42,85
2026-05-19,INE296G01013,MUTHOOTCAP,EQ,197.0,201.8,195.51,200.46,200.1,195.78,8329,1668697.19,243
2026-05-19,INE414G01012,MUTHOOTFIN,EQ,3297.5,3323.4,3253.5,3303.6,3300.0,3290.9,908258,2988873809.3,58464
2026-05-19,INE046W01019,MUTHOOTMF,EQ,178.0,182.68,177.32,181.04,181.45,177.46,176833,31866669.81,5169
2026-05-19,INE0RVQ01016,MYMUDRA,SM,73.0,73.0,73.0,73.0,73.0,72.5,1200,87600.0,1
2026-05-19,INE740D01017,NRAIL,EQ,463.35,466.95,456.15,463.75,464.0,457.05,10413,4825240.55,292
2026-05-19,INE104101014,NRVANDANA,SM,64.0,64.2,60.0,60.3,60.95,60.45,33000,2016300.0,11
2026-05-19,INE365I01020,NBIFIN,EQ,1900.0,1931.0,1852.1,1880.1,1899.0,1939.8,398,745872.4,56
2026-05-19,INE295D01020,NACLIND,EQ,161.11,165.37,159.63,162.43,161.95,161.11,193923,31456793.66,3618
2026-05-19,INE756C01015,NDGL,EQ,2575.0,2599.0,2515.1,2534.7,2530.4,2491.1,27,68983.2,17
2026-05-19,INE454M01024,NAGAFERT,BZ,3.78,3.95,3.78,3.82,3.9,3.82,121410,471363.17,271
2026-05-19,INE245I01016,NAGREEKCAP,BE,28.8,29.2,28.01,28.18,28.17,27.81,1343,38759.89,14
2026-05-19,INE123B01028,NAGREEKEXP,EQ,26.96,27.0,25.55,26.09,26.5,26.0,2092,55076.8,40
2026-05-19,INE049I01012,NAHARCAP,EQ,256.0,261.0,245.5,253.95,251.0,248.1,12089,3050568.05,1002
2026-05-19,INE289A01011,NAHARINDUS,EQ,112.5,113.08,109.02,109.98,109.24,108.3,22615,2504505.79,648
2026-05-19,INE308A01027,NAHARPOLY,EQ,234.45,274.0,234.45,254.3,250.3,236.0,130633,34277032.15,3627
2026-05-19,INE290A01027,NAHARSPING,BE,248.0,257.89,248.0,257.89,257.89,253.0,7284,1838422.95,52
2026-05-19,INE236Y01012,NGIL,BE,39.0,39.5,39.0,39.5,39.5,39.27,6438,253133.97,38
2026-05-19,INE023A01030,NSIL,EQ,5402.0,5473.0,5364.0,5442.0,5465.0,5417.0,2182,11823021.5,472
2026-05-19,INE0RJM01010,NAMAN,SM,50.0,52.9,50.0,52.9,52.9,50.0,20800,1093000.0,9
2026-05-19,INE08NZ01012,NAMOEWASTE,SM,220.0,229.05,216.5,218.9,216.5,218.8,27200,6032080.0,34
2026-05-19,INE875G01048,NDL,EQ,2.64,2.67,2.61,2.65,2.66,2.64,449538,1190561.28,812
2026-05-19,INE696V01013,JAIPURKURT,EQ,29.99,29.99,29.01,29.72,29.74,29.56,8774,260139.46,98
2026-05-19,INE410P01011,NH,EQ,1874.9,1901.8,1863.5,1884.1,1883.6,1866.2,346115,652778780.4,30083
2026-05-19,INE117Z01011,NARMADA,EQ,35.0,37.08,34.9,35.05,35.05,34.92,337654,11881331.53,756
2026-05-19,INE987B01026,NATCOPHARM,EQ,1179.9,1179.9,1125.0,1130.9,1127.6,1165.6,561594,642989858.7,30319
2026-05-19,INE448G01010,NATHBIOGEN,EQ,159.62,162.99,159.02,160.27,161.0,158.3,8801,1420987.88,330
2026-05-19,INE139A01034,NATIONALUM,EQ,402.0,403.5,391.45,398.95,398.4,400.45,7293845,2897587113.05,55697
2026-05-19,INE870D01012,NFL,EQ,73.6,76.5,73.6,75.19,75.1,73.41,1266333,95523587.3,9024
2026-05-19,INE166R01015,NATIONSTD,EQ,1080.0,1178.0,1000.1,1175.0,1177.0,1095.0,277,314330.2,138
2026-05-19,INE936B01015,NATCAPSUQ,EQ,156.85,157.9,152.02,156.93,157.0,154.53,1791,279018.71,46
2026-05-19,INE725A01030,NAVA,EQ,601.25,612.75,596.4,602.85,602.1,599.85,529820,319850453.3,23754
2026-05-19,INE048G01026,NAVINFLUOR,EQ,6908.0,7180.5,6908.0,7075.5,7069.0,6904.5,211523,1504964414.5,26406
2026-05-19,INE278M01019,NAVKARCORP,EQ,95.2,98.9,92.4,95.66,95.35,94.49,530905,50917036.42,7966
2026-05-19,INE268H01044,NAVKARURB,EQ,0.8,0.82,0.79,0.82,0.82,0.79,1071105,865366.82,230
2026-05-19,INE060A01024,NAVNETEDUL,EQ,141.14,143.1,140.52,142.68,142.9,141.14,26679,3784957.98,625
2026-05-19,INE418L01047,NAZARA,EQ,299.95,301.3,292.3,294.95,294.0,298.95,3784583,1118835650.95,40662
2026-05-19,INE095N01031,NBCC,EQ,91.83,94.16,91.72,93.08,92.95,91.66,6091227,567452792.59,25931
2026-05-19,INE868B01028,NCC,EQ,152.99,152.99,148.38,149.07,148.6,152.7,2384587,358027639.72,25548
2026-05-19,INE732C01016,NCLIND,EQ,166.49,171.27,166.49,168.01,167.55,166.13,30683,5157641.71,1403
2026-05-19,INE353A01023,NDLVENTURE,EQ,122.66,122.66,119.0,121.65,122.0,119.42,16200,1949343.23,180
2026-05-19,INE07OG01012,NDRAUTO,EQ,829.9,834.95,802.7,806.1,805.0,820.4,13836,11207483.3,1114
2026-05-19,INE155G01029,NDTV,EQ,75.7,82.88,75.5,78.13,77.9,74.47,1400198,112211193.25,17017
2026-05-19,INE023H01027,NECLIFE,BE,12.38,12.5,11.77,12.4,12.39,12.38,113638,1399882.02,293
2026-05-19,INE605D01012,NEAGI,EQ,3340.0,3340.0,3340.0,3340.0,3340.0,3344.0,5,16700.0,1
2026-05-19,INE189I01024,NELCAST,EQ,136.51,141.39,134.45,135.83,136.0,140.59,247055,33748354.81,5461
2026-05-19,INE045B01015,NELCO,EQ,661.0,679.9,659.0,663.75,663.8,657.8,61584,41119047.45,4028
2026-05-19,INE21UM01018,NEOCHEM,SM,89.15,103.5,84.05,99.5,103.5,89.6,256800,23781360.0,190
2026-05-19,INE136S01016,NEOGEN,EQ,1648.0,1648.0,1547.0,1580.1,1580.5,1691.1,146282,231107037.9,11903
2026-05-19,INE0SUN01013,NEPHROCARE,SM,80.0,83.8,78.0,78.4,79.0,79.3,30000,2448380.0,61
2026-05-19,INE428V01029,NEPHROPLUS,EQ,635.0,658.45,635.0,649.7,649.0,643.75,258713,168016830.25,17749
2026-05-19,INE156901014,NEPTUNE,SM,194.0,199.0,193.0,195.0,195.0,186.8,10000,1953500.0,14
2026-05-19,INE317F01035,NESCO,EQ,1239.9,1268.0,1239.9,1258.6,1267.0,1238.7,48879,61441936.6,3348
2026-05-19,INE239A01024,NESTLEIND,EQ,1428.0,1454.5,1422.0,1431.4,1429.2,1431.7,1803745,2598858490.1,64256
2026-05-19,INE518X01015,CBAZAAR,SM,4.15,4.15,4.15,4.15,4.15,4.35,40000,166000.0,4
2026-05-19,INE0NT901020,NETWEB,EQ,3820.0,3855.3,3735.0,3746.4,3747.8,3806.1,548730,2071309846.5,42897
2026-05-19,INE0FFK01017,NPST,EQ,1025.5,1061.7,1023.3,1043.0,1049.0,1016.6,8468,8869522.8,1114
2026-05-19,INE870H01013,NETWORK18,EQ,31.4,32.33,31.4,32.18,32.2,31.4,2383642,76365713.32,6784
2026-05-19,INE794A01010,NEULANDLAB,EQ,16460.0,16866.0,16244.0,16790.0,16639.0,16327.0,49682,824118004.0,12117
2026-05-19,INE619B01017,NEWGEN,EQ,459.2,477.45,459.2,461.15,462.0,458.8,620688,291353093.95,19359
2026-05-19,INE0PW501021,NEWJAISA,ST,22.8,22.9,22.8,22.9,22.9,23.75,3000,68550.0,2
2026-05-19,INE747B01016,NEXTMEDIA,EQ,4.01,4.17,3.98,4.02,4.02,4.01,14683,58925.74,93
2026-05-19,INE0NDH25011,NXST,RR,155.57,157.28,154.5,156.98,157.27,155.58,435782,67683361.99,13807
2026-05-19,INE887E01022,NGLFINE,EQ,2221.5,2339.9,2174.4,2276.7,2255.0,2249.8,4880,11210089.6,1193
2026-05-19,INE848E01016,NHPC,EQ,77.9,79.5,77.62,79.06,79.03,77.71,15077061,1186253671.46,40278
2026-05-19,INE149O01018,NIBE,EQ,1071.7,1125.0,1071.7,1108.7,1102.9,1063.2,146577,161283293.4,8734
2026-05-19,INE0J6L01013,NIDAN,SM,13.15,15.0,13.15,14.4,14.4,14.0,5000,70200.0,5
2026-05-19,INE342G01023,NIITMTS,EQ,239.0,246.3,234.0,238.75,238.9,239.0,571409,136990063.25,29672
2026-05-19,INE161A01038,NIITLTD,EQ,61.8,64.89,61.8,63.93,64.03,61.8,400945,25554510.87,6275
2026-05-19,INE0FLF01015,NIKITA,SM,83.35,91.95,81.1,82.55,81.3,83.35,122400,10501920.0,80
2026-05-19,INE937C01029,NILAINFRA,EQ,8.34,8.34,7.77,7.88,7.8,7.96,228699,1816567.96,612
2026-05-19,INE00S901012,NILASPACES,EQ,13.2,13.39,13.1,13.15,13.14,13.19,407073,5388040.5,1050
2026-05-19,INE445D01013,NILE,EQ,1799.2,1829.0,1729.8,1756.3,1755.0,1792.1,1769,3120202.1,314
2026-05-19,INE310A01015,NILKAMAL,EQ,1258.0,1280.0,1250.0,1258.5,1250.0,1251.7,2880,3638265.8,282
2026-05-19,INE875B01015,NIMBSPROJ,EQ,220.5,220.64,207.3,208.42,210.4,217.43,120749,26403047.68,1280
2026-05-19,INE395U01014,NINSYS,BE,562.65,610.0,562.65,601.55,609.9,583.5,8764,5267673.3,270
2026-05-19,INF204KB15I9,BANKBEES,EQ,554.0,555.65,551.03,552.17,552.31,553.35,945380,523421401.83,11711
2026-05-19,INF204KA1LD7,CONSUMBEES,EQ,125.79,126.82,125.34,125.64,125.41,125.49,48613,6124264.56,759
2026-05-19,INF204KA1MS3,DIVOPPBEES,EQ,79.02,79.02,77.18,77.72,77.85,77.1,33531,2606901.3,648
2026-05-19,INF204KB18I3,NV20BEES,EQ,140.52,141.49,140.0,140.56,140.0,140.5,15324,2159136.96,190
2026-05-19,INF204KB17I5,GOLDBEES,EQ,130.68,130.9,130.02,130.64,130.84,129.7,30767769,4014815662.17,64792
2026-05-19,INF204KB19I1,HNGSNGBEES,EQ,530.0,546.98,530.0,545.11,544.85,537.56,120811,65795348.41,4015
2026-05-19,INF732E01268,INFRABEES,EQ,963.77,963.77,953.05,954.23,953.25,956.77,5343,5126433.87,455
2026-05-19,INF204KB15V2,ITBEES,EQ,31.9,32.79,31.57,32.45,32.46,31.36,37594615,1221714103.21,27307
2026-05-19,INF732E01045,JUNIORBEES,EQ,738.12,748.25,738.11,744.8,741.26,740.6,284574,212076235.09,7526
2026-05-19,INF732E01037,LIQUIDBEES,EQ,995.0,1000.01,995.0,999.99,1000.01,1000.0,2903192,2903181353.49,4839
2026-05-19,INF204KB1882,LTGILTBEES,EQ,28.39,29.46,28.39,29.01,29.02,28.97,1470453,42668030.66,664
2026-05-19,INF204KB1V68,MID150BEES,EQ,229.76,232.24,229.5,230.87,230.65,229.57,571332,132163091.32,5612
2026-05-19,INF204K014N5,NIF100BEES,EQ,258.67,261.0,258.16,259.23,258.82,258.16,114453,29771304.72,738
2026-05-19,INF204KB14I2,NIFTYBEES,EQ,267.69,269.2,267.26,267.61,267.75,267.58,6550621,1758070955.72,42072
2026-05-19,INF204KB16I7,PSUBNKBEES,EQ,89.9,89.9,88.22,88.93,89.0,88.21,2012580,178875964.52,7109
2026-05-19,INF732E01128,SHARIABEES,EQ,463.93,471.0,459.9,468.13,469.5,463.81,11056,5185143.16,512
2026-05-19,INE298J01013,NAM-INDIA,EQ,1083.0,1098.5,1060.8,1082.2,1083.9,1083.0,1212511,1311184527.4,39390
2026-05-19,INF204KC1FU1,LIQGRWBEES,EQ,1039.91,1039.93,1039.91,1039.92,1039.91,1039.78,38556,40095365.59,165
2026-05-19,INF204KC1GH6,MANUFGBEES,EQ,158.96,158.96,154.0,156.87,157.0,156.1,2659,416280.59,110
2026-05-19,INF204KC1337,AUTOBEES,EQ,267.0,267.0,261.0,264.09,264.2,263.18,186987,49433961.12,2489
2026-05-19,INF204KC1089,PHARMABEES,EQ,25.54,25.69,25.15,25.54,25.57,25.44,8816020,225469695.21,10538
2026-05-19,INF204KC1402,SILVERBEES,EQ,255.6,257.36,252.76,253.25,253.55,253.16,34386810,8750300408.43,84268
2026-05-19,INF204KC1EZ3,SNXT30BEES,EQ,41.9,42.69,41.66,41.97,41.93,41.9,4034,169528.48,84
2026-05-19,INE368I01016,NIRAJ,BE,29.45,30.18,28.9,29.24,29.3,28.83,20610,608136.53,57
2026-05-19,INE326T01011,NIRAJISPAT,EQ,219.73,219.73,219.73,219.73,219.73,219.73,11,2417.03,5
2026-05-19,INE910A01012,NIRLON,EQ,609.0,620.0,602.1,605.75,605.0,604.3,6750,4093557.2,348
2026-05-19,INE0OK701014,NIRMAN,ST,48.7,48.85,47.55,47.8,47.6,49.5,4800,230925.0,14
2026-05-19,INE858F01012,NITCO,EQ,99.8,101.99,97.18,97.73,97.91,98.72,430772,42487782.51,6369
2026-05-19,INE229H01012,NITINSPIN,EQ,497.0,507.95,488.2,505.3,505.0,494.95,107556,53753986.4,5432
2026-05-19,INE439T01012,NITIRAJ,EQ,201.96,204.05,195.0,201.91,202.85,198.0,786,156745.48,19
2026-05-19,INE265B01019,NITTAGELA,EQ,1329.8,1354.0,1310.0,1315.8,1310.0,1312.9,4346,5754916.3,505
2026-05-19,INE995S01015,NIVABUPA,EQ,80.95,83.14,79.69,81.01,80.95,79.99,1995124,163160473.1,17479
2026-05-19,INE542C01019,NKIND,EQ,67.2,68.3,67.2,67.2,67.2,67.2,1544,103765.15,9
2026-05-19,INE589A01014,NLCINDIA,EQ,354.1,366.7,349.2,358.35,359.0,348.15,8723182,3140102162.95,95533
2026-05-19,INE579F24099,805NMC29,N1,124.0,126.0,124.0,125.5,125.5,125.3,226,28243.5,3
2026-05-19,INE579F24065,805NMC30,N2,125.0,126.0,125.0,126.0,126.0,118.01,581,73166.0,3
2026-05-19,INE579F24057,805NMC32,N4,125.89,125.89,125.89,125.89,125.89,125.9,70,8812.3,1
2026-05-19,INE584A01023,NMDC,EQ,90.29,90.55,88.76,89.02,88.84,90.14,14073570,1258902252.7,45964
2026-05-19,INE0NNS01018,NSLNISP,EQ,42.6,43.37,42.35,43.22,43.2,42.55,3435595,147698555.34,14095
2026-05-19,INE163A01018,NOCIL,EQ,162.3,176.8,162.3,171.62,170.61,161.66,1407123,243446627.58,20865
2026-05-19,INE781B01015,NOIDATOLL,EQ,4.38,5.13,4.37,5.13,5.13,4.28,2310462,11579184.39,2598
2026-05-19,INE369C01017,NORBTEAEXP,EQ,84.09,84.09,79.1,79.1,79.1,83.26,8334,666121.44,131
2026-05-19,INE553C01016,NECCLTD,EQ,15.31,15.75,14.8,14.97,14.97,15.0,37298,565084.71,215
2026-05-19,INE850M01015,NORTHARC,EQ,273.8,281.25,273.4,275.15,274.1,273.65,551345,153145491.75,15309
2026-05-19,INE02H701025,NOVAAGRI,EQ,27.9,29.5,27.9,28.8,28.71,27.49,136775,3949051.78,1136
2026-05-19,INE234A01025,NOVARTIND,EQ,1187.2,1220.2,1166.3,1209.8,1210.0,1181.3,17228,20742553.7,1342
2026-05-19,INE349A01021,NRBBEARING,EQ,358.8,365.75,352.3,356.7,357.5,355.45,852840,306807101.8,15087
2026-05-19,INE047O01014,NIBL,EQ,32.52,33.69,30.75,31.49,31.17,32.84,36167,1144187.72,286
2026-05-19,INE0ONG01011,NTPCGREEN,EQ,106.97,108.2,106.04,107.66,107.6,106.97,3139831,337103739.16,20709
2026-05-19,INE733E01010,NTPC,EQ,386.7,392.75,386.05,389.4,388.0,388.3,6693518,2611284079.65,91522
2026-05-19,INE096B01018,NUCLEUS,EQ,776.1,805.4,773.9,789.6,795.85,770.35,23984,18961971.9,1832
2026-05-19,INE0JM501013,NRL,EQ,52.88,54.59,52.26,52.91,53.0,52.88,32910,1749188.06,1563
2026-05-19,INE0DSF01015,NURECA,EQ,272.9,279.9,271.55,276.45,278.95,269.25,5330,1464082.75,212
2026-05-19,INE531F01023,NUVAMA,EQ,1439.6,1489.6,1426.4,1467.2,1461.5,1439.6,776569,1129936517.9,24774
2026-05-19,INE118D01016,NUVOCO,EQ,314.95,318.5,310.55,317.9,318.25,314.1,278270,87630621.6,9236
2026-05-19,INE093I01010,OBEROIRLTY,EQ,1600.6,1628.6,1590.7,1622.0,1624.1,1600.7,277433,447762608.4,21167
2026-05-19,INE0YHV01011,OBSCP,SM,370.0,378.0,366.0,368.85,367.0,369.2,23600,8733800.0,54
2026-05-19,INE0PK601023,OCCLLTD,EQ,91.36,95.0,91.36,94.63,93.6,91.36,19979,1871510.95,321
2026-05-19,INE054301028,ODIGMA,EQ,27.29,27.32,25.9,26.09,26.1,26.02,17056,447512.01,330
2026-05-19,INE213A01029,ONGC,EQ,295.1,298.5,293.65,296.5,296.45,297.2,9565497,2835033239.3,101853
2026-05-19,INE591A01010,OILCOUNTUB,BE,59.44,59.45,57.15,58.16,58.0,58.67,49771,2913689.78,127
2026-05-19,INE274J01014,OIL,EQ,504.0,507.95,500.8,501.7,502.35,506.05,1657578,833968259.8,34370
2026-05-19,INE0LXG01040,OLAELEC,EQ,35.08,38.14,34.95,36.58,36.62,34.93,131477628,4842100476.52,172636
2026-05-19,INE260D01016,OLECTRA,EQ,1210.0,1240.0,1202.0,1219.6,1215.0,1204.7,402508,491938682.0,25210
2026-05-19,INE1BZC01019,OMFREIGHT,EQ,84.92,89.0,84.92,87.15,87.0,86.21,15102,1313560.9,438
2026-05-19,INE239D01028,OMINFRAL,EQ,87.28,88.79,85.11,86.02,85.11,87.29,68138,5912245.73,1481
2026-05-19,INE25E901019,OMPOWER,EQ,186.23,192.0,183.5,190.08,191.97,185.21,203279,38108931.49,3958
2026-05-19,INE090B01011,OMAXAUTO,BE,204.95,206.0,195.5,200.81,201.35,199.43,58537,11732551.85,643
2026-05-19,INE800H01010,OMAXE,EQ,75.0,75.95,74.3,74.81,75.1,75.16,120588,9040945.83,1476
2026-05-19,INE338Y01016,OMFURN,ST,60.2,62.0,60.0,60.0,60.0,63.0,3600,218640.0,3
2026-05-19,INE0UH301010,OMNI,EQ,395.0,410.0,392.7,406.85,410.0,391.5,202424,81842961.65,5818
2026-05-19,INE982J01020,PAYTM,EQ,1119.0,1152.0,1105.0,1121.4,1120.0,1105.1,1694167,1893768241.0,53111
2026-05-19,INE0HLU01028,MOBIKWIK,EQ,190.0,209.34,187.66,198.83,199.3,189.02,14026331,2825574419.15,126393
2026-05-19,INE840Y01029,ONEPOINT,EQ,60.25,60.76,59.1,60.03,59.7,60.12,1384016,83228956.22,5086
2026-05-19,INE0OPS01011,OLIL,ST,459.9,460.0,451.0,460.0,460.0,451.0,1200,548360.0,3
2026-05-19,INE912L01015,ONELIFECAP,EQ,20.17,21.9,20.17,21.7,21.89,20.96,180317,3908756.61,270
2026-05-19,INE12F801023,KISSHT,EQ,208.05,232.0,205.0,226.88,229.0,206.85,11899056,2641736008.64,99519
2026-05-19,INE013P01021,ONESOURCE,EQ,1810.0,1871.0,1810.0,1854.5,1849.6,1811.3,150048,278042977.9,15686
2026-05-19,INE809I01019,ONMOBILE,EQ,52.5,53.3,50.0,50.73,50.31,53.3,396246,20292391.2,5244
2026-05-19,INE229A01017,ONWARDTEC,EQ,252.35,262.0,250.0,258.17,259.5,250.96,45037,11551170.9,2106
2026-05-19,INE0WVU01018,ONYX,SM,32.0,32.0,32.0,32.0,32.0,32.0,2000,64000.0,1
2026-05-19,INE350C01017,OPTIEMUS,EQ,417.15,417.15,400.6,415.05,415.45,415.1,178776,73110898.1,4894
2026-05-19,INE15B101011,OPTIVALUE,SM,82.5,82.5,80.6,81.2,81.2,83.25,12800,1041920.0,6
2026-05-19,INE881D01027,OFSS,EQ,9465.0,9999.0,9465.0,9646.0,9675.0,9408.5,446973,4367353791.0,58278
2026-05-19,INE231G01010,ORBTEXP,EQ,154.0,161.99,154.0,158.98,155.5,156.18,1169,185076.64,84
2026-05-19,INE215B01022,ORCHASP,EQ,2.01,2.05,1.91,2.0,2.01,1.97,134613,269175.93,148
2026-05-19,INE191A01027,ORCHPHARMA,EQ,721.0,740.0,715.0,735.85,735.0,713.05,77372,56475454.3,5143
2026-05-19,INE0OUT01019,ORIANA,SM,1818.0,1839.95,1780.5,1801.5,1805.0,1810.0,40800,73377326.25,476
2026-05-19,INE730A01022,ORICONENT,EQ,64.4,65.19,64.4,64.75,64.51,64.4,35786,2310990.85,232
2026-05-19,INE607D01018,ORIENTBELL,EQ,325.95,359.0,325.0,350.0,345.0,325.95,42321,14547761.25,1197
2026-05-19,INE876N01018,ORIENTCEM,EQ,135.0,136.43,134.75,135.53,135.9,134.98,139556,18929690.81,3174
2026-05-19,INE569C01020,ORIENTCER,EQ,40.29,41.0,39.97,40.37,40.35,39.94,16254,656259.99,172
2026-05-19,INE142Z01019,ORIENTELEC,EQ,190.25,193.39,187.35,188.88,187.9,190.11,247261,47167745.81,15752
2026-05-19,INE999K01014,GREENPOWER,EQ,11.09,11.37,11.0,11.11,11.1,11.07,4338355,48618490.4,5482
2026-05-19,INE750A01020,ORIENTHOT,EQ,97.57,98.98,95.52,96.32,96.6,97.57,145857,14144312.36,3597
2026-05-19,INE592A01026,ORIENTPPR,EQ,17.0,17.44,16.9,17.07,17.15,16.94,224347,3836094.51,1066
2026-05-19,INE609C01024,ORIENTLTD,EQ,61.65,63.7,60.06,62.97,63.0,61.6,3028,186703.38,107
2026-05-19,INE0PPK01015,ORIENTTECH,EQ,264.15,275.4,264.15,267.7,267.1,265.05,178864,48438180.95,7842
2026-05-19,INE959C01023,OAL,EQ,295.9,308.4,295.9,301.05,300.0,296.95,5054,1534906.7,592
2026-05-19,INE998H01012,ORIENTALTL,EQ,6.29,6.62,6.29,6.47,6.53,6.29,69993,452736.89,229
2026-05-19,INE426Z01016,OBCL,EQ,55.4,55.4,53.71,54.21,54.05,53.65,392,21245.87,14
2026-05-19,INE725E01024,ORISSAMINE,EQ,4051.0,4095.0,4004.1,4067.6,4036.0,4009.0,4764,19300520.8,1270
2026-05-19,INE16NZ01023,ORKLAINDIA,EQ,620.25,636.6,620.0,624.2,624.5,629.45,17164,10782772.3,1615
2026-05-19,INE849L01019,ORTEL,BZ,1.73,1.73,1.6,1.68,1.71,1.65,4338,6986.17,16
2026-05-19,INE749B01020,ORTINGLOBE,BE,14.8,14.8,14.73,14.8,14.8,14.1,2291,33906.73,15
2026-05-19,INE0RMF01018,OSELDEVICE,SM,510.0,519.75,501.6,517.7,519.0,506.6,20400,10414830.0,75
2026-05-19,INE06IR01021,OSIAHYPER,BE,4.3,4.3,4.29,4.29,4.29,4.51,828829,3555908.33,742
2026-05-19,INE142A01012,OSWALAGRO,BE,43.25,45.9,43.25,45.69,45.85,44.99,14500,650505.93,123
2026-05-19,INE143A01010,OSWALGREEN,EQ,24.1,26.0,24.1,25.21,25.18,24.38,533410,13619636.38,2518
2026-05-19,INE0BYP01024,OSWALPUMPS,EQ,377.9,378.7,369.2,375.0,373.15,370.7,316385,118355705.55,8022
2026-05-19,INE0R8M01017,OWAIS,SM,155.2,155.25,147.5,147.65,147.55,155.25,21800,3267565.0,155
2026-05-19,INE953R01016,PNGJL,EQ,518.0,534.6,518.0,521.3,519.8,545.25,4509053,2346590575.75,25735
2026-05-19,INE0XUS01012,PSRAJ,SM,394.9,395.0,386.0,393.8,394.5,394.9,24000,9398050.0,27
2026-05-19,INE179A01014,PGHH,EQ,9669.0,9799.0,9625.0,9706.0,9700.0,9669.0,8576,83470075.0,2172
2026-05-19,INE0KN801013,PROPEQUITY,SM,254.0,255.0,225.0,225.0,225.0,250.45,3000,727830.0,5
2026-05-19,INE0S3G01027,PACEDIGITK,EQ,177.39,180.59,174.58,178.22,177.51,176.11,761896,135459679.66,12327
2026-05-19,INE761H01022,PAGEIND,EQ,37580.0,38850.0,37390.0,38700.0,38750.0,37505.0,47817,1842489280.0,16858
2026-05-19,INE420C01059,PAISALO,EQ,46.25,47.8,46.25,47.42,47.15,46.48,9359474,442390176.98,8740
2026-05-19,INE551D01018,PAKKA,EQ,90.02,94.15,90.0,93.38,93.0,91.36,63992,5914650.92,2544
2026-05-19,INE471W01019,PALASHSECU,EQ,94.96,101.25,94.11,96.7,96.41,96.9,8893,860858.64,115
2026-05-19,INE218G01033,PALREDTEC,BE,39.25,39.37,38.0,39.37,39.37,37.5,3786,148935.3,14
2026-05-19,INE922B01023,PANACEABIO,EQ,409.9,427.0,408.2,416.4,416.0,406.5,303080,127395031.85,7794
2026-05-19,INE895W01019,PANACHE,EQ,367.3,378.0,355.5,368.85,368.05,370.05,12406,4519635.6,854
2026-05-19,INE305C01029,PANAMAPET,EQ,301.15,315.2,301.0,306.0,304.5,301.85,102134,31536868.15,3638
2026-05-19,INE697V01011,PANSARI,EQ,255.0,268.0,250.0,258.45,264.0,259.0,21038,5503525.95,106
2026-05-19,INE04LG01015,PAR,EQ,85.0,88.8,84.5,85.5,85.37,83.98,11208,968392.28,249
2026-05-19,INE088F01024,PARADEEP,EQ,121.06,124.45,121.06,123.98,124.05,120.95,4923362,607385095.69,30923
2026-05-19,INE883N01014,PARAGMILK,EQ,213.31,218.89,213.31,214.03,214.5,213.31,308798,66504580.85,6687
2026-05-19,INE0N4G01012,PARAGON,SM,43.5,43.5,42.75,42.75,42.75,42.0,2400,103500.0,2
2026-05-19,INE0S2W01018,PARAMATRIX,SM,63.7,63.7,63.5,63.5,63.5,63.0,2400,152640.0,2
2026-05-19,INE074B01023,PARACABLES,EQ,54.7,56.5,54.22,54.72,55.29,54.53,1652664,91579664.59,9585
2026-05-19,INE0Q6001012,PSFL,SM,31.0,31.05,31.0,31.0,31.0,31.0,26000,806200.0,13
2026-05-19,INE045601023,PARAS,EQ,749.5,777.35,739.05,763.1,761.95,743.55,1305245,993902640.55,42913
2026-05-19,INE162C01024,PARASPETRO,EQ,2.1,2.16,2.0,2.04,2.06,2.1,134520,277320.36,289
2026-05-19,INE00U801010,PARIN,SM,669.0,670.0,633.2,667.7,670.0,669.1,40250,26411937.5,112
2026-05-19,INE119201023,PARKHOSPS,EQ,240.7,248.99,240.16,247.48,247.25,239.75,479754,118393004.89,10397
2026-05-19,INE988S01028,PARKHOTELS,EQ,119.9,122.0,119.1,119.69,119.2,119.53,89592,10811336.54,2370
2026-05-19,INE561H01026,PARSVNATH,BE,4.88,4.88,4.88,4.88,4.88,5.13,317539,1549590.32,376
2026-05-19,INE1H7V01011,PARTH,ST,395.0,395.0,377.05,385.35,392.95,386.05,19200,7361640.0,20
2026-05-19,INE06ZX01015,PARTYCRUS,SM,107.05,108.0,107.05,107.55,107.55,111.6,3000,322600.0,3
2026-05-19,INE124Y01028,PASHUPATI,EQ,94.1,100.0,93.51,96.59,97.6,95.73,68722,6652614.48,2167
2026-05-19,INE818B01023,PASUPTAC,EQ,53.0,53.99,52.92,53.17,53.4,52.86,51196,2735788.48,403
2026-05-19,INE619A01035,PATANJALI,EQ,456.95,477.65,456.75,471.1,469.9,456.75,6838707,3222494982.7,47371
2026-05-19,INE244B01030,PATELENG,EQ,25.69,26.25,25.5,25.86,25.85,25.65,2512143,65066303.46,8582
2026-05-19,INE529D01014,PATINTLOG,EQ,11.85,12.1,11.82,11.86,11.96,11.85,22386,267109.35,134
2026-05-19,INE0R8B01010,PATELRMART,EQ,199.1,202.49,199.1,200.35,201.0,198.9,71937,14413091.14,1266
2026-05-19,INE17GV01016,PATILAUTOM,ST,186.5,187.5,181.5,186.75,186.0,181.05,17400,3223590.0,24
2026-05-19,INE291E01019,PML,EQ,555.0,587.4,551.0,556.0,556.0,550.9,48,26837.5,11
2026-05-19,INE111F01024,PAUSHAKLTD,EQ,470.0,471.0,452.0,455.2,454.0,452.05,8362,3837054.45,824
2026-05-19,INE07S101038,PAVNAIND,BE,18.53,18.99,18.0,18.14,18.48,18.58,40623,741942.07,125
2026-05-19,INE417T01026,POLICYBZR,EQ,1758.9,1833.3,1751.0,1804.8,1790.1,1748.3,3790067,6858481417.1,114371
2026-05-19,INE785M01021,PCJEWELLER,EQ,8.16,8.23,8.07,8.09,8.09,8.16,29226039,237803332.7,20927
2026-05-19,INE602A01031,PCBL,EQ,267.0,276.75,267.0,273.55,273.8,267.5,790843,216399451.75,20347
2026-05-19,INE111Q01021,PDSL,EQ,295.0,301.6,291.3,293.8,293.8,297.05,190585,56324913.65,9257
2026-05-19,INE940H01022,PGIL,EQ,1594.9,1612.2,1555.2,1604.5,1599.0,1599.4,93362,148551158.5,8967
2026-05-19,INE844A01013,PEARLPOLY,BE,18.26,19.79,18.26,18.79,18.99,18.96,4383,82035.35,37
2026-05-19,INE0VG601013,PELATRO,SM,285.0,285.0,271.25,275.1,275.25,285.0,1800,495540.0,6
2026-05-19,INE138A01028,PENINLAND,BE,16.12,16.8,16.12,16.55,16.5,16.49,42333,697112.17,152
2026-05-19,INE932A01024,PENIND,EQ,152.4,154.68,150.61,151.69,151.44,152.25,349621,53260117.05,7408
2026-05-19,INE0ORS01017,PENTAGON,SM,68.5,72.95,63.55,72.95,72.95,68.5,7000,478400.0,7
2026-05-19,INE262H01021,PERSISTENT,EQ,4961.5,5187.7,4961.5,5066.3,5068.0,4944.1,912186,4682244430.9,71365
2026-05-19,INE998U01015,PCCL,SM,298.0,299.85,295.0,295.0,295.0,298.2,18800,5554520.0,7
2026-05-19,INE347G01014,PETRONET,EQ,266.0,270.0,264.3,265.15,264.5,265.15,1410279,376208076.85,34382
2026-05-19,INE134E07DP0,7PFCL31,N3,999.0,999.0,990.0,990.0,990.0,1000.0,15,14895.0,5
2026-05-19,INE182A01018,PFIZER,EQ,4894.0,4924.0,4760.0,4785.4,4780.0,4859.3,18413,88394668.6,4643
2026-05-19,INE457L01029,PGEL,EQ,459.0,476.0,457.3,466.15,465.0,458.6,2907898,1357891577.8,50940
2026-05-19,INE0MLZ01019,PHANTOMFX,SM,187.1,189.0,180.95,181.3,180.95,186.0,24300,4477920.0,61
2026-05-19,INE0LP301011,PWL,EQ,109.8,114.8,107.8,113.34,113.5,110.37,4563431,513568950.01,34459
2026-05-19,INE603J01030,PIIND,EQ,3096.5,3194.1,3093.8,3124.6,3120.4,3096.3,359092,1131337380.4,25299
2026-05-19,INE546C01010,PICCADIL,EQ,575.6,593.45,573.3,577.4,575.5,580.25,56592,32998472.2,4540
2026-05-19,INE0YAL01017,PPSL,ST,6.4,6.45,6.4,6.45,6.45,6.4,6000,38550.0,2
2026-05-19,INE318A01026,PIDILITIND,EQ,1454.0,1471.6,1445.1,1455.8,1454.9,1450.2,617156,901491844.7,23714
2026-05-19,INE600A01035,PILITA,BE,7.66,8.43,7.66,8.04,8.15,8.03,47626,383189.39,133
2026-05-19,INE417C01014,PILANIINVS,EQ,4392.0,4440.3,4367.4,4408.6,4400.0,4399.9,976,4302750.3,303
2026-05-19,INE15B701018,PINELABS,EQ,155.0,155.82,148.85,149.39,149.2,153.55,7573272,1151955292.84,117550
2026-05-19,INE156C01018,PIONEEREMB,EQ,25.17,25.9,25.15,25.27,25.15,25.19,4268,108341.71,42
2026-05-19,INE746D01014,PIONRINV,EQ,126.0,129.4,117.66,118.91,118.01,119.74,30879,3817971.28,728
2026-05-19,INE202B01038,PIRAMALFIN,EQ,1908.0,1947.5,1886.3,1936.2,1920.0,1904.8,299250,573748694.0,20564
2026-05-19,INE0DK501011,PPLPHARMA,EQ,176.07,178.9,172.32,173.23,172.8,175.08,2700402,472272133.16,33156
2026-05-19,INE450D01021,PITTIENG,EQ,922.9,942.0,910.85,921.65,911.25,919.95,27180,25224489.25,2957
2026-05-19,INE751B01018,PIXTRANS,EQ,1520.0,1546.2,1510.0,1531.9,1530.0,1528.2,5988,9150183.7,707
2026-05-19,INE083C01022,PLASTIBLEN,EQ,160.29,166.9,160.29,165.92,166.9,159.94,13804,2277193.5,359
2026-05-19,INE0PT501018,PLATIND,EQ,225.57,231.89,222.5,225.04,224.08,225.57,87899,19883160.08,2436
2026-05-19,INE0INJ01017,PLAZACABLE,BE,42.6,46.76,42.39,46.76,46.76,44.54,112781,5087777.29,674
2026-05-19,INE859A01011,PNBGILTS,EQ,72.6,74.46,72.21,72.7,72.55,72.75,856748,62783135.98,6660
2026-05-19,INE572E01012,PNBHOUSING,EQ,1045.2,1065.3,1045.2,1064.5,1063.0,1045.2,735303,781712382.2,16688
2026-05-19,INE195J01029,PNCINFRA,EQ,211.9,215.85,211.11,214.09,213.8,211.85,118195,25177207.97,3874
2026-05-19,INE1RDG01013,PNGSREVA,EQ,367.0,384.0,356.85,381.4,381.0,365.9,173155,64834162.85,8193
2026-05-19,INE371C01013,PODDARMENT,EQ,247.8,251.9,245.2,245.45,245.2,247.8,1139,281272.5,47
2026-05-19,INE637C01025,POKARNA,EQ,839.35,852.95,831.6,846.1,849.7,831.05,19141,16145263.7,1369
2026-05-19,INE205C01021,POLYMED,EQ,1454.9,1489.9,1444.2,1455.1,1452.0,1452.2,55078,80727691.8,8447
2026-05-19,INE455K01017,POLYCAB,EQ,9171.0,9293.5,9090.0,9162.5,9170.0,9151.0,337327,3106981267.5,46820
2026-05-19,INE633B01018,POLYPLEX,EQ,871.45,894.8,871.45,886.2,888.8,871.45,27658,24503279.6,2410
2026-05-19,INE517M01028,POLYSIL,ST,135.0,135.0,132.6,134.95,135.0,139.55,12500,1668650.0,24
2026-05-19,INE063E01053,POCL,EQ,1547.0,1605.2,1518.0,1529.8,1525.0,1537.5,572932,892661016.9,28028
2026-05-19,INE838E01017,PONNIERODE,EQ,302.8,308.8,300.5,306.5,303.0,301.05,9138,2789159.85,424
2026-05-19,INE511C01022,POONAWALLA,EQ,416.0,416.7,398.5,404.5,403.25,415.15,1287269,524825027.25,24175
2026-05-19,INE772T01024,PVSL,EQ,102.99,103.0,97.23,100.04,100.0,100.02,38077,3796945.62,1397
2026-05-19,INE0S3H01017,POSITRON,ST,183.1,190.0,183.1,189.1,190.0,191.25,7200,1342050.0,23
2026-05-19,INE134E01011,PFC,EQ,429.7,434.45,426.1,431.6,430.3,429.8,3990614,1722745137.0,53012
2026-05-19,INE752E01010,POWERGRID,EQ,296.6,300.0,294.55,298.6,298.25,296.55,12580156,3748370167.8,104207
2026-05-19,INE557Z01018,PIGL,EQ,106.36,106.36,102.0,103.97,105.79,103.31,36474,3789172.62,750
2026-05-19,INE211R01019,POWERMECH,EQ,2400.0,2489.5,2386.7,2479.6,2472.0,2383.8,59912,147635655.5,8842
2026-05-19,INE0GGX23010,PGINVIT,IV,94.49,94.83,94.01,94.62,94.6,93.83,2860652,270518729.51,28491
2026-05-19,INE921L01032,POWERICA,EQ,537.9,549.9,529.35,540.35,540.0,534.6,226922,122362308.15,10144
2026-05-19,INE095I01015,PPAP,EQ,208.01,214.98,207.24,210.62,208.2,208.66,15004,3157993.36,551
2026-05-19,INE0I0M01023,PRABHA,EQ,172.59,172.72,167.74,168.52,168.84,173.04,65180,11089042.62,1496
2026-05-19,INE770A01010,PRADPME,EQ,383.0,400.0,383.0,395.9,388.5,386.4,17683,7005261.9,449
2026-05-19,INE074A01025,PRAJIND,EQ,364.1,388.85,363.95,386.05,385.8,364.7,1615601,616020869.95,35731
2026-05-19,INE505C01016,PRAENG,EQ,20.34,22.35,20.34,21.53,21.06,20.52,57862,1230446.15,360
2026-05-19,INE603A01013,PRAKASH,EQ,148.4,149.61,145.64,146.97,147.0,147.4,419185,61589912.81,6213
2026-05-19,INE050001010,PPL,EQ,179.0,187.91,177.46,183.7,183.25,181.08,44518,8224763.77,2655
2026-05-19,INE696K01024,PRAKASHSTL,EQ,4.25,4.51,4.25,4.34,4.37,4.32,110722,480946.76,365
2026-05-19,INE0O7A01017,PRAMARA,SM,336.05,340.0,282.25,309.15,282.25,337.9,49000,15944025.0,80
2026-05-19,INE393P01035,DIAMONDYD,EQ,979.2,992.95,970.4,977.65,970.4,979.2,3650,3594216.8,508
2026-05-19,INE0QA601016,PRATHAM,SM,134.5,134.5,134.5,134.5,134.5,130.75,400,53800.0,1
2026-05-19,INE722B01019,PRAVEG,EQ,245.0,253.0,244.0,246.7,247.0,246.65,30844,7628777.2,1224
2026-05-19,INE546Y01022,PRAXIS,BE,7.52,7.7,7.51,7.54,7.66,7.55,34339,259774.88,63
2026-05-19,INE484I01029,PRECAM,EQ,148.0,154.0,148.0,149.22,150.0,148.06,195362,29416251.13,4257
2026-05-19,INE0HKW01018,PRECISION,SM,7.6,8.3,7.6,8.3,8.3,8.0,8000,63500.0,4
2026-05-19,INE372C01037,PRECWIRE,EQ,375.0,389.75,364.0,381.9,382.0,373.75,422482,159546385.15,16570
2026-05-19,INE283A01014,PRECOT,EQ,575.6,660.0,575.6,650.95,657.0,629.9,3309,2107090.25,237
2026-05-19,INE001E01012,PREMCO,EQ,390.0,404.0,388.05,392.4,396.9,390.1,299,117168.5,61
2026-05-19,INE0BS701011,PREMIERENE,EQ,986.8,997.8,971.0,983.1,980.4,986.9,921637,908758425.6,25409
2026-05-19,INE863B01029,PREMEXPLN,EQ,527.0,538.0,520.2,524.75,520.2,528.1,163745,86811131.55,6325
2026-05-19,INE342A01018,PREMIER,BE,2.97,3.03,2.85,3.01,3.02,2.97,32307,96277.65,67
2026-05-19,INE309M01020,PREMIERPOL,BE,51.0,53.36,51.0,53.36,53.36,50.82,50852,2679252.48,450
2026-05-19,INE0CFG01012,PRLIND,SM,58.2,61.0,58.2,61.0,61.0,61.0,5000,299450.0,5
2026-05-19,INE0R1601012,PRESSTONIC,ST,38.0,38.05,37.25,38.0,37.95,37.7,30400,1150600.0,35
2026-05-19,INE811K01011,PRESTIGE,EQ,1344.0,1397.6,1325.0,1377.1,1377.0,1342.7,399867,551761220.5,26673
2026-05-19,INE726V01018,PRICOLLTD,EQ,559.7,563.9,539.2,544.75,544.9,553.55,1189931,649177588.1,35171
2026-05-19,INE0CQA01020,PRIMECAB,ST,120.3,120.3,116.85,118.9,118.2,123.0,62400,7337760.0,37
2026-05-19,INE367G01038,PFOCUS,BE,223.6,247.1,223.6,243.85,242.3,235.35,1120077,265327119.65,6001
2026-05-19,INE032B01021,PRIMESECU,EQ,272.05,290.0,269.9,279.55,286.1,274.2,124501,34177993.0,724
2026-05-19,INE607A01022,PRIMO,EQ,23.75,23.8,22.58,22.93,22.9,22.84,180963,4185200.89,1241
2026-05-19,INE689W01016,PRINCEPIPE,EQ,250.85,271.8,250.3,269.15,271.0,252.85,839188,222375435.5,11925
2026-05-19,INE010A01011,PRSMJOHNSN,EQ,126.35,126.8,124.75,125.14,125.0,126.37,288493,36132224.22,4703
2026-05-19,INE974Z01015,PRITI,EQ,43.88,44.8,42.55,43.17,43.5,44.78,9229,397487.25,187
2026-05-19,INE583R01029,PRITIKAUTO,EQ,14.0,14.0,13.3,13.7,13.72,13.35,66093,895215.99,468
2026-05-19,INE0MJQ01020,PRITIKA,SM,71.0,71.0,71.0,71.0,71.0,73.25,2000,142000.0,1
2026-05-19,INE392B01011,PNC,EQ,19.1,19.9,18.15,19.09,18.8,19.01,3073,58865.72,37
2026-05-19,INE959A01019,PRIVISCL,EQ,3098.9,3144.0,3071.0,3086.0,3077.9,3095.6,54106,168166955.1,7412
2026-05-19,INE0V9N01017,PRIZOR,ST,622.0,672.0,622.0,658.05,650.0,649.55,14000,9189160.0,32
2026-05-19,INE0VJT01017,PROFX,SM,72.8,83.45,72.8,79.1,79.1,81.9,11200,907280.0,7
2026-05-19,INE199A01012,PGHL,EQ,5220.0,5365.0,5220.0,5340.5,5335.0,5255.0,10057,53636063.0,2447
2026-05-19,INE994V01012,PROLIFE,SM,60.0,60.0,60.0,60.0,60.0,60.0,500,30000.0,1
2026-05-19,INE0BX301013,PROSTARM,EQ,141.2,153.59,140.79,148.22,147.45,140.41,534808,79282172.62,10774
2026-05-19,INE004A01022,PROTEAN,EQ,532.0,559.0,531.95,548.55,548.7,527.05,310280,170908158.05,13916
2026-05-19,INE0ONE01016,PROV,SM,1520.0,1594.0,1500.0,1557.0,1557.0,1466.85,1120,1738480.0,13
2026-05-19,INE195N01013,PROZONER,EQ,50.41,51.66,50.0,50.84,50.5,50.41,97059,4930244.2,1173
2026-05-19,INE00F201020,PRUDENT,EQ,2715.7,2783.8,2699.9,2726.2,2722.1,2757.1,8952,24462841.9,2449
2026-05-19,INE024D01016,PRUDMOULI,EQ,14.8,15.19,14.4,14.93,14.99,14.73,12766,188114.57,140
2026-05-19,INE488V01015,PSPPROJECT,EQ,756.85,790.05,756.85,773.0,765.85,756.6,53984,41901043.35,3039
2026-05-19,INE560K01014,PFS,EQ,30.2,30.41,29.9,30.01,29.97,30.25,253074,7630521.07,2002
2026-05-19,INE877F01012,PTC,EQ,205.7,212.93,205.7,207.14,206.9,205.3,672407,141034713.41,11720
2026-05-19,INE596F01018,PTCIL,EQ,16455.0,16455.0,16200.0,16221.0,16208.0,16252.0,3284,53591928.0,1385
2026-05-19,INE034D01049,PTL,EQ,39.13,39.47,38.65,38.9,39.01,39.13,49375,1928017.12,492
2026-05-19,INE865T01018,PDMJEPAPER,EQ,78.4,81.73,78.4,80.64,80.0,77.92,59798,4806627.54,840
2026-05-19,INE608A01012,PSB,EQ,23.39,23.69,23.37,23.51,23.54,23.41,526704,12411973.01,2923
2026-05-19,INE277B01014,PUNJABCHEM,EQ,1018.7,1028.5,1008.0,1012.4,1008.0,1017.0,2232,2275246.0,290
2026-05-19,INE160A01022,PNB,EQ,100.19,101.69,100.02,101.3,101.35,99.49,15626791,1579095311.02,56609
2026-05-19,INE323I01011,PURVA,EQ,236.0,249.9,231.0,233.09,232.0,213.08,11212920,2689314578.0,103202
2026-05-19,INE0P5R01014,PURPLEUTED,SM,340.0,353.9,336.0,353.9,353.9,337.05,9000,3137950.0,32
2026-05-19,INE0R6C01012,PURVFLEXI,ST,58.0,58.0,58.0,58.0,58.0,60.6,3200,185600.0,4
2026-05-19,INE154801018,PUSHPA,SM,127.5,127.9,126.0,127.65,127.9,126.0,14000,1780550.0,13
2026-05-19,INE362A01016,PVP,EQ,27.0,27.08,25.15,25.83,25.69,26.89,680493,17895201.96,3559
2026-05-19,INE191H01014,PVRINOX,EQ,1010.0,1028.4,998.4,1013.8,1015.0,1007.9,131370,132762330.8,10957
2026-05-19,INE0MIS01010,PYRAMID,EQ,155.1,181.27,153.0,170.81,169.05,155.53,62248,10577915.89,1690
2026-05-19,INE0FMW01018,QMSMEDI,SM,83.0,83.0,83.0,83.0,83.0,84.0,2000,166000.0,1
2026-05-19,INE0GOJ01027,QUADPRO,SM,2.4,2.4,2.25,2.25,2.25,2.3,60000,140400.0,5
2026-05-19,INE0LRY01011,QUADFUTURE,EQ,287.45,292.55,285.85,289.3,287.0,285.65,73357,21268289.5,2984
2026-05-19,INE0SII01026,QPOWER,BE,1052.9,1052.9,1000.3,1017.6,1015.0,1052.9,336669,341767448.8,12183
2026-05-19,INF082J01408,QGOLDHALF,EQ,130.73,131.7,130.51,131.27,131.3,129.85,167072,21916495.83,1001
2026-05-19,INF082J01499,QNIFTY,EQ,259.98,260.4,258.75,258.75,258.75,258.82,3006,778726.54,50
2026-05-19,INE615P01015,QUESS,EQ,199.8,206.9,199.8,205.46,205.29,199.79,184295,37738766.87,5627
2026-05-19,INE0TNW01017,QUESTLAB,ST,103.9,108.4,103.9,106.95,106.85,109.35,136800,14324160.0,74
2026-05-19,INE306L01010,QUICKHEAL,EQ,203.7,221.5,202.76,205.27,206.0,202.43,2285362,482552513.89,44537
2026-05-19,INE0K4D01020,QUICKTOUCH,SM,25.15,26.0,25.15,25.5,25.5,25.15,3000,76225.0,6
2026-05-19,INE641R01017,QUINT,EQ,38.58,39.9,37.76,39.84,39.84,38.58,2138,82712.83,32
2026-05-19,INE0KZF01015,QVCEL,SM,25.0,25.0,25.0,25.0,25.0,25.0,8000,200000.0,4
2026-05-19,INE0NQ801033,RKSWAMY,EQ,92.9,93.24,90.04,92.17,92.5,89.58,28709,2631426.47,355
2026-05-19,INE219Y01026,RMDRIP,EQ,19.45,19.48,18.68,19.02,18.99,19.14,519995,9867980.98,2546
2026-05-19,INE951M01037,RRIL,EQ,20.44,21.3,19.78,20.72,20.5,20.25,77084,1605900.6,530
2026-05-19,INE777K01022,RRKABEL,EQ,1956.1,1966.0,1902.9,1918.9,1905.0,1947.9,206876,401449533.0,17062
2026-05-19,INE616F01022,RSDFIN,EQ,81.0,85.0,75.11,79.45,84.0,79.62,283,23130.97,15
2026-05-19,INE411H01032,RSYSTEMS,EQ,278.5,289.9,276.4,278.45,276.85,277.0,311308,87750057.25,6646
2026-05-19,INE012Q01039,RNBDENIMS,EQ,11.62,12.1,11.28,11.69,11.75,11.62,755978,8859311.7,1460
2026-05-19,INE165B01029,RSSOFTWARE,BE,33.39,34.95,32.05,33.41,33.5,33.5,26126,879389.5,210
2026-05-19,INE324L01013,RPPINFRA,EQ,70.0,71.99,69.04,69.74,69.15,68.97,29003,2038241.62,590
2026-05-19,INE2PB023011,RIIT,IV,111.0,111.05,110.03,110.52,110.51,110.94,408289,45177172.0,678
2026-05-19,INE084Q01012,RACE,BE,118.02,123.95,118.02,121.3,120.3,121.8,1146,139515.65,41
2026-05-19,INE02OY01016,RILINFRA,SM,31.6,31.9,30.85,31.9,31.9,30.65,5100,159805.0,33
2026-05-19,INE704B01017,RACLGEAR,EQ,1251.0,1272.0,1247.1,1266.4,1265.0,1251.0,10544,13260868.4,804
2026-05-19,INE874F01027,RADAAN,EQ,3.2,3.2,2.92,2.99,3.04,3.06,8606,25614.41,78
2026-05-19,INE583V01021,RADHIKAJWE,EQ,56.17,58.39,55.89,57.74,58.08,55.76,158817,9129448.63,2980
2026-05-19,INE855R01021,RADIANTCMS,EQ,39.85,41.08,39.64,40.55,40.25,39.83,53885,2185975.08,611
2026-05-19,INE944F01028,RADICO,EQ,3468.0,3673.9,3468.0,3599.9,3591.0,3471.4,764359,2763034009.0,60368
2026-05-19,INE912T01018,RPEL,EQ,865.4,924.0,858.8,917.0,915.25,858.55,226339,204263816.6,14156
2026-05-19,INE415G01027,RVNL,EQ,276.85,278.3,270.35,271.55,270.75,276.8,5336823,1461878475.85,48820
2026-05-19,INE0DD101019,RAILTEL,EQ,319.0,322.4,316.4,317.35,317.5,318.2,527294,168178094.05,13683
2026-05-19,INE855B01025,RAIN,EQ,153.4,156.87,152.85,153.51,153.0,152.65,2243237,347457030.85,19654
2026-05-19,INE961O01016,RAINBOW,EQ,1355.0,1363.0,1340.5,1350.7,1350.6,1351.3,72643,98402461.3,6310
2026-05-19,INE294G01026,ROML,EQ,48.85,48.85,45.71,46.05,45.71,47.17,5665,261418.63,57
2026-05-19,INE533D01032,RAJRILTD,BE,20.81,20.81,20.08,20.18,20.36,20.42,3588,72969.11,89
2026-05-19,INE952H01027,RAJTV,EQ,20.99,21.24,20.4,20.67,20.64,20.61,9091,189624.88,73
2026-05-19,INE296E01026,RAJPALAYAM,EQ,780.05,789.0,776.0,776.5,776.0,780.0,1117,869193.7,59
2026-05-19,INE610C01014,ARENTERP,EQ,38.97,38.97,36.1,37.37,37.5,39.33,408,15539.83,23
2026-05-19,INE343B01030,RAJESHEXPO,BZ,107.79,108.7,105.64,108.4,108.04,105.64,59839,6447306.54,958
2026-05-19,INE00KV01022,RAJMET,EQ,3.88,3.95,3.76,3.84,3.82,3.94,720666,2768843.92,1203
2026-05-19,INE535F01024,RAJOOENG,EQ,54.65,55.49,53.86,54.67,54.8,53.92,164268,9003829.35,1837
2026-05-19,INE0VHU01019,RAJPUTANA,SM,230.0,233.0,230.0,233.0,233.0,230.0,3000,694500.0,6
2026-05-19,INE0PCU01012,RAJINDLTD,SM,74.1,78.0,74.1,77.5,77.5,74.2,10500,807900.0,7
2026-05-19,INE313L01016,RSL,EQ,133.05,139.0,131.2,132.06,132.0,133.01,1168040,154413346.61,4242
2026-05-19,INE451D01029,RAJRATAN,EQ,401.3,411.9,398.7,410.1,411.9,398.4,61177,24904387.45,5403
2026-05-19,INE760W01023,RPPL,EQ,15.96,16.74,15.71,16.12,16.49,15.96,26725,431679.17,157
2026-05-19,INE562B01019,RAJSREESUG,EQ,33.73,33.73,31.93,32.98,33.08,31.74,28370,926036.45,456
2026-05-19,INE613A01020,RALLIS,EQ,255.2,258.15,251.8,253.1,252.4,255.6,397559,101024254.9,14088
2026-05-19,INE207E01023,RAMRAT,EQ,428.05,443.95,422.1,425.6,424.1,423.25,85959,36776820.8,6175
2026-05-19,INE809A01032,RAMAPHO,EQ,124.51,124.51,118.0,119.02,119.75,130.2,179166,21570263.35,2753
2026-05-19,INE230R01035,RAMASTEEL,EQ,5.08,5.25,5.08,5.17,5.18,5.08,3103035,16102400.33,4370
2026-05-19,INE614A01028,RAMCOIND,EQ,270.2,273.8,267.5,270.15,268.1,267.75,42737,11536686.2,1402
2026-05-19,INE246B01019,RAMCOSYS,EQ,384.5,403.5,384.15,394.35,392.5,384.7,46812,18594066.45,2360
2026-05-19,INE0RJH01010,RBS,ST,100.0,102.0,99.0,99.0,99.0,98.0,7200,724720.0,8
2026-05-19,INE399G01023,RKFORGE,EQ,558.1,574.9,558.1,568.45,563.85,564.8,191396,108775539.95,8994
2026-05-19,INE874I01013,RAMKY,EQ,443.0,457.8,443.0,448.1,453.5,442.6,25762,11570827.65,1673
2026-05-19,INE625B01014,RANASUG,EQ,12.3,12.88,12.3,12.78,12.87,12.32,225800,2850535.69,1171
2026-05-19,INE050H01012,RML,EQ,886.0,903.0,885.95,891.15,890.1,887.3,17102,15279219.0,1160
2026-05-19,INE384A01010,RANEHOLDIN,EQ,1509.9,1584.0,1475.0,1485.9,1479.8,1509.1,70731,107426495.6,6039
2026-05-19,INE0QX901013,RAPIDFLEET,SM,174.0,174.0,174.0,174.0,174.0,175.0,600,104400.0,1
2026-05-19,INE0MVO01012,RAPPID,SM,250.0,262.0,250.0,261.0,261.0,247.5,6600,1705140.0,10
2026-05-19,INE0J1F01024,RPTECH,EQ,520.85,548.0,518.0,543.25,544.0,516.95,384061,207186070.1,20242
2026-05-19,INE027A01015,RCF,EQ,122.04,126.39,122.04,124.42,124.5,121.67,1222636,152662481.35,12069
2026-05-19,INE0CLI01024,RATEGAIN,EQ,645.25,679.0,644.55,673.6,679.0,644.55,617636,408411364.7,22271
2026-05-19,INE703B01027,RATNAMANI,EQ,2470.4,2563.8,2442.5,2532.9,2520.0,2466.4,48057,120108862.0,7027
2026-05-19,INE05CZ01011,RATNAVEER,EQ,183.2,188.0,179.95,180.8,180.5,182.48,1181753,215964632.6,12067
2026-05-19,INE834M01019,RTNINDIA,EQ,34.0,34.8,33.61,33.86,33.76,33.55,1383313,47236861.32,7069
2026-05-19,INE399K01017,RTNPOWER,EQ,9.16,9.35,9.1,9.15,9.14,9.12,9791193,90219423.76,11652
2026-05-19,INE722J01012,RKDL,EQ,20.56,21.6,20.51,20.86,20.97,20.56,9843,206314.53,185
2026-05-19,INE09E501017,RVHL,EQ,40.78,41.85,40.03,40.66,41.39,40.78,67411,2750961.16,184
2026-05-19,INE206N01018,RELTD,EQ,127.5,127.5,125.0,125.54,125.62,126.29,63460,7989640.67,1604
2026-05-19,INE02ID01020,RAYMONDLSL,EQ,756.5,757.0,738.8,743.65,744.0,749.7,170505,127037956.5,8417
2026-05-19,INE301A01014,RAYMOND,EQ,507.4,525.95,506.75,520.05,523.0,502.55,2268828,1173647703.85,41462
2026-05-19,INE1SY401010,RAYMONDREL,EQ,578.95,591.45,571.25,579.6,580.0,577.05,470774,273729509.2,14103
2026-05-19,INE976G01028,RBLBANK,EQ,327.4,332.15,322.55,323.65,323.9,325.6,2758793,902279381.75,29256
2026-05-19,INE0NA301016,RBMINFRA,SM,377.9,400.0,358.0,358.25,358.1,367.7,24000,9088740.0,111
2026-05-19,INE0PEQ01016,RBZJEWEL,EQ,125.0,127.19,123.0,123.52,123.01,124.57,36402,4524278.29,1876
2026-05-19,INE020B01018,RECLTD,EQ,333.7,337.15,332.8,334.25,334.25,333.7,2521354,844653230.55,38221
2026-05-19,INE891D01026,REDINGTON,EQ,220.0,224.24,219.56,221.24,221.15,218.77,2672758,594023359.4,40273
2026-05-19,INE0LXT01019,REDTAPE,EQ,127.0,132.4,125.51,128.39,128.6,127.18,397834,51389024.44,7057
2026-05-19,INE056I01025,REFEX,EQ,269.4,278.9,263.0,274.35,274.95,268.45,1197518,326700609.7,19274
2026-05-19,INE0TNX01015,REFRACTORY,SM,35.55,38.4,35.55,38.4,38.4,36.6,89000,3271400.0,10
2026-05-19,INE0MHO01029,REGAAL,BE,74.88,78.64,74.88,78.64,78.64,74.9,128210,9958258.36,605
2026-05-19,INE277C01012,REGENCERAM,EQ,44.0,45.84,41.55,42.43,43.85,44.44,2534,109859.7,61
2026-05-19,INE131B01039,RELAXO,EQ,283.05,291.8,283.05,290.75,290.9,287.3,55917,16176962.5,3468
2026-05-19,INF204KC1030,GILT5YBEES,EQ,63.92,64.09,63.87,64.01,64.05,63.91,227338,14547258.42,371
2026-05-19,INE375Y01018,RELIABLE,EQ,133.2,133.2,129.5,132.21,132.5,132.5,23743,3127224.47,289
2026-05-19,INE750D01016,RELCHEMQ,EQ,123.15,127.27,120.0,121.47,120.39,123.11,1314,160174.22,54
2026-05-19,INE330H01018,RCOM,BE,0.91,0.94,0.9,0.92,0.93,0.91,1830042,1673195.31,1530
2026-05-19,INE217K01011,RHFL,BZ,2.19,2.22,2.14,2.18,2.19,2.18,413340,900444.78,811
2026-05-19,INE046A01015,RIIL,EQ,743.0,756.0,742.0,743.65,744.4,741.45,46964,35119467.1,2582
2026-05-19,INE002A01018,RELIANCE,EQ,1338.7,1344.0,1318.4,1322.7,1322.8,1335.9,21665501,28861686347.3,339757
2026-05-19,INE614G01033,RPOWER,EQ,26.7,27.32,26.7,27.11,27.06,26.7,27438405,742090230.97,35297
2026-05-19,INE621H01010,RELIGARE,EQ,220.74,230.6,219.05,228.07,227.5,218.0,1610712,365633570.14,22478
2026-05-19,INE474C01023,REMSONSIND,EQ,101.99,102.36,98.2,99.14,100.98,98.89,185555,18488793.56,2057
2026-05-19,INE0O5T01011,REMUS,SM,915.15,937.0,868.0,881.6,880.0,915.45,14800,13253160.0,127
2026-05-19,INE722H01024,RGL,EQ,99.51,103.0,98.02,101.88,102.0,99.74,588872,59696319.35,6514
2026-05-19,INE0VZX01015,RNPL,SM,134.0,137.0,132.0,132.7,132.0,134.0,26400,3536640.0,8
2026-05-19,INE612J01015,REPCOHOME,EQ,389.95,401.05,384.05,395.8,393.0,384.2,215119,84848116.6,7085
2026-05-19,INE461B01014,REPRO,EQ,354.0,368.9,354.0,360.65,362.8,357.7,10319,3736913.1,379
2026-05-19,INE688D01026,RESPONIND,EQ,174.2,186.0,164.2,165.42,165.45,172.82,1683897,298741084.04,18828
2026-05-19,INE07T201019,RBA,EQ,67.22,68.8,67.22,68.28,68.22,67.91,3448070,235680047.84,7966
2026-05-19,INE0DAB01012,RVTH,EQ,645.0,669.95,636.1,669.4,669.4,645.0,86,56207.95,44
2026-05-19,INE00D001018,REXPIPES,SM,200.0,200.0,182.35,182.35,182.35,191.9,3000,564700.0,3
2026-05-19,INE113601012,REXPRO,SM,40.5,42.0,40.5,42.0,42.0,42.0,2000,82500.0,2
2026-05-19,INE0V2V01015,RFBL,ST,52.5,55.1,52.5,55.1,55.1,50.0,6273000,330562950.0,1297
2026-05-19,INE0KKN01029,RHETAN,EQ,27.59,28.83,27.22,27.4,27.62,27.11,4747925,133482341.37,13269
2026-05-19,INE743M01012,RHIM,EQ,381.0,386.7,378.7,384.0,381.4,380.8,70030,26818019.95,5198
2026-05-19,INE0J1P01015,RICHA,SM,81.0,82.35,80.0,81.15,82.35,78.5,28000,2294850.0,14
2026-05-19,INE209B01025,RICOAUTO,EQ,110.6,117.83,110.56,113.78,113.65,110.56,1433794,164471316.63,15522
2026-05-19,INE0N2P01017,RISHABH,EQ,465.85,545.0,465.75,529.2,526.0,465.85,1994560,1049137144.85,58401
2026-05-19,INE01EG01016,RITCO,EQ,267.01,271.02,263.0,264.77,264.75,265.56,33933,9090289.37,1069
2026-05-19,INE0MRA01019,RITEZONE,ST,22.3,22.3,22.3,22.3,22.3,23.45,6400,142720.0,4
2026-05-19,INE320J01015,RITES,EQ,207.3,212.49,202.44,205.1,204.0,207.2,1877269,388071365.29,41345
2026-05-19,INE786W01010,RKEC,EQ,31.04,31.99,30.16,31.22,31.55,31.04,18990,591436.27,486
2026-05-19,INE655V01019,RMC,BE,418.6,429.25,406.5,412.25,410.0,416.6,7008,2910924.2,281
2026-05-19,INE0SA001017,RNFI,SM,274.0,274.0,270.0,270.3,270.0,272.4,10800,2925630.0,17
2026-05-19,INE508K01013,RHL,EQ,176.06,187.1,174.01,182.08,180.64,173.54,2388,440021.35,85
2026-05-19,INE0PTR01012,ROCKINGDCE,SM,201.0,204.0,201.0,204.0,204.0,197.5,3750,761762.5,12
2026-05-19,INE645S01024,ROLEXRINGS,EQ,143.11,143.9,138.51,141.99,141.69,143.07,1373993,193582092.5,21897
2026-05-19,INE927A01040,ROLLT,BE,2.07,2.18,1.99,2.07,2.03,2.08,636946,1352843.82,230
2026-05-19,INE02A801020,ROSSARI,EQ,505.0,509.5,500.5,504.95,505.0,500.4,52726,26656724.45,3172
2026-05-19,INE847C01020,ROSSELLIND,EQ,55.06,56.05,54.42,55.31,55.14,55.06,9333,516415.86,192
2026-05-19,INE0OJW01016,ROSSTECH,EQ,870.55,910.0,863.9,901.6,909.0,866.3,78293,69717682.55,5649
2026-05-19,INE535D01037,ROTO,EQ,56.75,58.0,56.5,57.11,56.5,56.65,214754,12300783.68,2911
2026-05-19,INE450U01017,ROUTE,EQ,505.8,528.2,505.35,519.7,520.8,500.8,300384,157005928.55,11174
2026-05-19,INE0PDJ01013,ROXHITECH,ST,33.05,34.5,33.05,34.5,34.5,33.0,3200,108080.0,2
2026-05-19,INE0EO401019,ROYALARC,SM,155.0,156.0,155.0,156.0,156.0,160.0,4800,746400.0,4
2026-05-19,INE283H01019,ROHLTD,EQ,330.2,331.25,324.35,326.55,325.55,329.4,15152,4953631.55,856
2026-05-19,INE105J01010,RPGLIFE,EQ,2273.0,2332.0,2273.0,2282.6,2310.0,2300.8,4490,10296987.5,938
2026-05-19,INE425Y01011,RPSGVENT,EQ,925.0,964.5,925.0,930.45,935.0,918.9,45030,42561560.9,2221
2026-05-19,INE611A01016,RSWM,EQ,156.14,159.99,156.14,157.29,157.5,157.55,34110,5395740.57,1292
2026-05-19,INE642C01025,RUBFILA,EQ,76.0,79.0,74.44,77.09,77.0,75.64,75885,5818391.31,964
2026-05-19,INE506V01022,RUBICON,EQ,1002.7,1015.7,976.9,984.45,981.0,997.4,246437,244963481.65,20908
2026-05-19,INE413B01023,RUCHINFRA,EQ,6.42,6.42,6.21,6.32,6.37,6.22,19554,123646.32,113
2026-05-19,INE803H01014,RUCHIRA,EQ,121.21,124.0,120.02,123.48,123.38,119.9,27437,3369167.32,567
2026-05-19,INE027T01023,RUDRA,BE,20.79,21.04,20.06,20.46,20.85,20.73,21027,434029.04,58
2026-05-19,INE364Z01019,REPL,EQ,73.39,73.39,70.0,70.09,70.01,69.94,734,51868.49,60
2026-05-19,INE0R7301013,RULKA,SM,91.3,99.5,91.3,93.05,93.05,91.25,9300,884070.0,28
2026-05-19,INE895B01021,RUPA,EQ,142.27,149.98,140.95,146.26,146.0,141.22,137436,20134199.02,4041
2026-05-19,INE573K01025,RUSHIL,EQ,15.99,15.99,15.3,15.43,15.56,15.25,151799,2355096.43,805
2026-05-19,INE0BSN01013,SATECH,SM,47.4,47.4,45.35,45.35,45.35,45.85,2000,92750.0,2
2026-05-19,INE807K01035,SCHAND,EQ,168.99,175.58,166.0,173.17,174.0,167.72,64111,11009716.48,686
2026-05-19,INE0X6F01017,SDREAMS,SM,90.0,90.0,90.0,90.0,90.0,91.35,1000,90000.0,1
2026-05-19,INE500L01026,SHK,EQ,122.22,127.88,122.22,125.85,125.89,121.5,551368,69124449.12,9495
2026-05-19,INE0F3301020,SJLOGISTIC,SM,286.0,289.75,282.0,286.8,288.65,283.75,10250,2930450.0,29
2026-05-19,INE902B01017,S&SPOWER,BE,363.6,363.6,357.0,360.0,360.0,363.6,431,156348.6,21
2026-05-19,INE212I01016,SPAL,EQ,785.45,791.45,775.0,783.8,787.0,779.8,10892,8520823.8,1436
2026-05-19,INE658G01014,SALSTEEL,BE,63.0,63.0,60.11,61.82,62.15,61.12,120389,7458929.12,396
2026-05-19,INE0PSK01027,SAAKSHI,SM,227.1,234.9,222.1,234.45,234.45,227.1,12000,2743170.0,15
2026-05-19,INE13B501022,SAATVIKGL,EQ,432.0,462.4,432.0,444.7,448.9,436.3,162514,73259061.35,6779
2026-05-19,INE1ARD01016,SACHEEROME,SM,326.0,335.0,326.0,330.5,332.95,327.9,4500,1489440.0,15
2026-05-19,INE226H01026,SADBHAV,BE,9.0,9.24,8.99,9.24,9.24,8.8,128711,1185739.64,165
2026-05-19,INE764L01010,SADBHIN,EQ,2.72,2.84,2.68,2.82,2.83,2.72,138382,387558.9,169
2026-05-19,INE888C01040,SADHNANIQ,BE,2.36,2.36,2.36,2.36,2.36,2.4,341452,805826.72,321
2026-05-19,INE0K5H01010,SADHAV,SM,112.9,112.9,103.2,103.9,103.9,112.95,7200,762090.0,11
2026-05-19,INE429E01023,SAFARI,EQ,1425.0,1489.4,1407.0,1426.9,1430.0,1426.4,234637,338463843.6,22962
2026-05-19,INE17D601016,SAFEENTP,SM,241.0,280.0,230.5,263.5,271.0,253.0,265500,67801950.0,409
2026-05-19,INE229C01021,SAGCEM,EQ,175.6,178.1,175.5,176.65,177.0,175.57,44341,7848273.33,1318
2026-05-19,INE976T01013,SAGARDEEP,EQ,23.97,23.97,23.5,23.75,23.73,23.5,1584,37473.54,39
2026-05-19,INE0W2G01015,SAGILITY,EQ,41.38,42.87,40.86,42.17,42.7,41.38,22819722,948771782.22,79042
2026-05-19,INE0P4701011,SAHAJSOLAR,SM,143.05,149.9,140.0,142.05,141.45,141.35,36800,5334120.0,90
2026-05-19,INE0LEX01011,SAHANA,SM,806.55,815.0,805.0,811.0,811.0,824.25,5125,4150275.0,25
2026-05-19,INE0RBQ01018,SAHASRA,ST,339.5,342.5,320.0,336.1,341.1,335.95,48400,16147820.0,111
2026-05-19,INE280H01015,SAHYADRI,EQ,302.6,314.85,302.6,309.6,309.5,307.0,3225,1001257.05,147
2026-05-19,INE570L01029,SAILIFE,EQ,1124.0,1148.6,1100.0,1125.4,1128.0,1113.0,1008355,1132187090.3,33642
2026-05-19,INE0H9F01037,SAIPARENT,EQ,477.0,484.3,471.55,473.35,474.75,478.6,59643,28271607.15,2580
2026-05-19,INE438K01021,KALAMANDIR,EQ,101.0,103.5,100.7,101.82,101.65,100.34,436790,44589853.63,6338
2026-05-19,INE00MT01022,SAJHOTELS,SM,37.85,40.5,36.5,39.25,40.5,37.7,24000,920000.0,9
2026-05-19,INE732S01012,SAKAR,EQ,793.15,793.15,750.5,766.8,762.3,779.95,153441,117633092.9,9025
2026-05-19,INE667G01023,SAKSOFT,EQ,133.68,155.0,133.68,144.04,142.16,133.26,5954748,888975032.35,62309
2026-05-19,INE623A01011,SAKHTISUG,EQ,16.9,18.0,16.9,17.69,17.67,17.19,99272,1742393.95,458
2026-05-19,INE190H01024,SAKUMA,BE,1.77,1.8,1.73,1.76,1.78,1.72,904625,1598855.72,851
2026-05-19,INE170V01027,SALASAR,EQ,6.9,7.07,6.9,6.96,6.98,6.97,2215998,15510692.63,2801
2026-05-19,INE498E01010,SALONA,EQ,283.95,283.95,268.0,282.3,278.85,277.9,134,37303.95,34
2026-05-19,INE457F01013,SALZERELEC,EQ,689.4,701.95,680.0,682.15,683.0,683.95,47604,32794085.45,3155
2026-05-19,INE699B01027,SAMBHAAV,EQ,6.8,7.0,6.78,6.8,6.85,6.78,27597,188469.65,64
2026-05-19,INE12NJ01018,SAMBHV,EQ,108.0,112.5,107.5,109.97,110.0,106.78,1462927,162221935.47,19571
2026-05-19,INE0PZA01015,SAIFL,SM,6.25,6.3,5.7,5.7,5.7,6.3,1820000,10668800.0,343
2026-05-19,INE08U801020,SAMHI,EQ,143.9,145.2,142.7,143.38,143.9,143.7,716251,102826609.62,11287
2026-05-19,INE148I01020,SAMMAANCAP,EQ,140.38,140.4,137.81,138.25,138.46,139.64,7340956,1017766136.25,21317
2026-05-19,INE735M01018,SAMPANN,EQ,26.94,26.94,26.52,26.63,26.6,26.33,9387,250325.37,126
2026-05-19,INE775A01035,MOTHERSON,EQ,130.84,132.7,129.02,131.49,131.5,128.75,24014703,3148099619.93,247929
2026-05-19,INE0JPD01013,SANATHAN,EQ,431.95,431.95,406.5,413.15,409.5,424.85,26004,10856773.3,1677
2026-05-19,INE782L01012,SANCO,BZ,3.81,3.81,3.46,3.75,3.47,3.63,31562,119094.11,75
2026-05-19,INE583B01015,SANDESH,EQ,998.1,1029.0,990.0,1000.4,995.7,998.1,449,450835.4,77
2026-05-19,INE278H01035,SANDHAR,EQ,514.6,524.0,508.8,511.45,514.45,513.55,46805,24212150.35,3738
2026-05-19,INE149K01016,SANDUMA,EQ,223.01,231.7,220.39,226.15,225.8,220.39,1936504,439554553.18,31252
2026-05-19,INE495C01010,SANGAMIND,EQ,485.0,497.9,483.2,486.1,488.0,485.4,17178,8408530.9,1261
2026-05-19,INE989A01032,SANGHVIMOV,EQ,306.0,328.15,305.9,320.4,320.9,307.75,268911,86275238.25,9769
2026-05-19,INE753W01010,SANGINITA,BE,24.96,24.96,24.96,24.96,24.96,24.48,23820,594547.2,65
2026-05-19,INE0UOS01011,SANOFICONR,EQ,4802.6,4843.2,4760.0,4789.4,4795.0,4795.2,2756,13228940.4,693
2026-05-19,INE058A01010,SANOFI,EQ,3227.0,3280.0,3208.2,3230.9,3220.0,3196.9,18247,59182143.8,4381
2026-05-19,INE953O01021,SANSERA,EQ,2385.0,2421.2,2343.1,2396.5,2390.0,2392.5,123637,295531366.5,18900
2026-05-19,INE08NE01025,SANSTAR,EQ,108.81,114.0,108.01,112.0,113.0,109.36,1206024,134490527.38,19483
2026-05-19,INE890C01046,SANWARIA,BZ,0.24,0.24,0.23,0.23,0.24,0.23,306559,72998.99,117
2026-05-19,INE806T01020,SAPPHIRE,EQ,181.21,186.09,178.0,184.91,184.0,180.31,672133,123115109.06,11453
2026-05-19,INE0PUC01020,SARTELE,SM,143.0,144.25,140.05,140.85,141.05,140.4,28000,3973850.0,52
2026-05-19,INE967G01019,ZSARACOM,EQ,9426.0,9500.0,9425.0,9425.0,9425.0,9426.0,20,188830.0,12
2026-05-19,INE0PQ101010,SSDL,EQ,59.15,61.71,59.15,60.64,61.3,59.78,9682,587519.47,266
2026-05-19,INE385C01021,SARDAEN,EQ,535.25,541.05,526.8,537.95,538.05,536.8,305247,163653215.05,15835
2026-05-19,INE979A01025,SAREGAMA,EQ,392.35,401.2,383.6,394.3,393.75,392.35,3442432,1355112789.7,76788
2026-05-19,INE453D01025,SARLAPOLY,EQ,91.8,95.79,91.8,95.1,95.23,92.87,114732,10796535.44,2780
2026-05-19,INE017W01010,SMLT,EQ,69.8,71.85,69.8,70.05,69.8,69.84,2131,150528.89,44
2026-05-19,INE324X01026,SARVESHWAR,BE,3.7,3.7,3.6,3.66,3.67,3.62,592998,2173125.59,1099
2026-05-19,INE231F01020,SASKEN,EQ,1850.0,1878.0,1786.8,1823.4,1807.0,1836.0,247463,455221099.4,16252
2026-05-19,INE0NB801022,SATKARTAR,ST,186.0,186.0,178.0,180.5,180.5,186.1,19200,3455360.0,23
2026-05-19,INE0RFP01011,SSEGL,SM,350.0,368.0,350.0,358.1,358.0,355.65,17000,6138730.0,64
2026-05-19,INE0RPM01017,SATIPOLY,SM,39.0,39.0,38.0,38.0,38.0,39.4,2000,77000.0,3
2026-05-19,INE170E01023,SATIA,EQ,64.33,64.58,63.02,64.07,64.0,63.1,48225,3081025.47,1487
2026-05-19,INE836B01017,SATIN,EQ,222.0,224.45,218.22,222.31,222.0,219.37,654917,145148868.32,10385
2026-05-19,INE14DW01018,SATTVAENGG,SM,64.0,67.1,64.0,67.1,67.1,66.0,4800,314400.0,3
2026-05-19,INE626A01014,SAURASHCEM,EQ,61.08,61.2,60.2,60.4,60.89,59.88,20280,1229031.14,260
2026-05-19,INE035D01020,SOTL,EQ,411.4,418.65,409.05,417.5,417.95,409.05,29731,12365317.2,1392
2026-05-19,INE0UCN01017,SAVY,SM,145.0,159.0,145.0,158.5,157.0,151.55,57600,8971680.0,39
2026-05-19,INE10VS01016,SAWALIYA,SM,273.95,273.95,268.0,271.8,268.0,269.35,26400,7178700.0,20
2026-05-19,INE318C01014,SAYAJIHOTL,EQ,288.0,288.0,285.0,285.0,285.0,288.0,3,858.0,2
2026-05-19,INE04AK01028,SBC,EQ,34.06,34.79,33.9,34.04,34.0,33.75,15058239,515766820.84,8845
2026-05-19,INE423Y01016,SBFC,EQ,90.5,92.0,89.46,90.77,92.0,90.4,865638,78139833.1,7776
2026-05-19,INE018E01016,SBICARD,EQ,625.0,630.7,622.4,623.8,625.0,624.0,501710,314112279.3,16280
2026-05-19,INE123W01016,SBILIFE,EQ,1846.0,1892.0,1845.4,1881.4,1887.7,1860.4,1351813,2543263463.9,59974
2026-05-19,INF200KA16D8,SETFGOLD,EQ,137.07,137.07,133.87,134.73,134.75,133.73,1988858,267640593.53,9301
2026-05-19,INF200KA1FS1,SETFNIF50,EQ,254.3,254.41,252.35,253.02,253.21,253.31,560308,142173668.77,4714
2026-05-19,INF200KA1580,SETFNIFBK,EQ,548.86,552.4,547.05,548.06,552.4,548.86,109220,59984247.36,2458
2026-05-19,INF200KA1598,SETFNN50,EQ,738.7,743.0,732.73,738.64,742.98,733.32,27497,20318620.6,929
2026-05-19,INF200KA13Z8,LIQUIDSBI,EQ,1000.01,1000.01,999.99,999.99,1000.0,1000.01,10624,10623984.37,26
2026-05-19,INF200KB1712,SBIBPB,EQ,46.65,46.68,45.5,45.99,46.18,45.73,136691,6307668.57,776
2026-05-19,INF200KA1X17,SBIETFCON,EQ,117.68,117.68,116.07,116.63,116.49,116.11,2467,288798.28,121
2026-05-19,INF200KA1S14,SBIETFIT,EQ,313.25,326.56,313.25,323.62,324.5,313.25,25257,8198277.21,474
2026-05-19,INF200KA1S22,SBIETFPB,EQ,269.95,279.24,263.55,264.15,264.78,265.95,9887,2648538.07,192
2026-05-19,INF200KA1WX6,SBIETFQLTY,EQ,213.16,221.0,213.16,220.23,220.23,217.2,1131,248551.65,52
2026-05-19,INF200KB1969,SBILIQETF,EQ,1039.37,1039.39,1039.37,1039.38,1039.39,1039.23,497259,516843695.7,130
2026-05-19,INF200KB1AJ0,SBIMIDMOM,EQ,61.99,62.65,61.76,62.08,62.11,61.69,5046,313599.7,55
2026-05-19,INF200KB1282,SBINEQWETF,EQ,32.86,32.9,32.04,32.63,32.7,32.57,19236,630302.27,574
2026-05-19,INF200KB1AK8,SBINMID150,EQ,22.16,22.5,22.16,22.36,22.16,22.16,17344,388144.49,61
2026-05-19,INF200KB1217,SBISILVER,EQ,262.17,263.0,258.8,259.33,260.3,258.98,1412587,367597851.92,11153
2026-05-19,INF200KA1JT1,SETF10GILT,EQ,257.4,258.03,255.42,256.38,256.13,257.37,3847,984998.94,53
2026-05-19,INE099G01011,SCANSTL,EQ,40.95,40.95,39.27,40.13,40.1,39.36,116936,4692701.2,615
2026-05-19,INE513A01022,SCHAEFFLER,EQ,3976.2,4060.0,3961.5,3987.8,3985.0,3974.2,70990,284152807.2,13332
2026-05-19,INE839M01018,SCHNEIDER,EQ,1177.9,1261.0,1175.0,1244.7,1242.5,1201.1,150899,187352787.0,6169
2026-05-19,INE148I07VZ2,1025SCL35A,N1,1033.0,1033.0,1033.0,1033.0,1033.0,1033.0,1,1033.0,1
2026-05-19,INE148I07YA9,9SCL27,N2,1030.2,1048.2,1030.2,1048.2,1048.2,1048.0,40,41748.0,2
2026-05-19,INE148I07WU1,902SCL28,N1,987.79,987.79,987.79,987.79,987.79,990.0,5,4938.95,1
2026-05-19,INE148I07VH0,948SCL27R,N1,997.0,997.0,997.0,997.0,997.0,997.5,400,398800.0,1
2026-05-19,INE148I07TY9,975SCL28A,N0,104451.0,104451.0,104451.0,104451.0,104451.0,102589.0,2,208902.0,1
2026-05-19,INE148I07XY1,995SCL2035,NM,1081.0,1081.0,1015.0,1021.0,1021.0,1080.08,12,12846.0,3
2026-05-19,INE090501011,SCODATUBES,EQ,139.7,143.31,138.2,140.3,138.2,139.4,160270,22654258.7,2376
2026-05-19,INE027E07972,935LTF29,N5,1071.0,1097.99,1070.0,1080.14,1080.1,1159.95,818,879819.04,15
2026-05-19,INE497B01018,SEAMECLTD,EQ,1604.4,1709.2,1531.1,1561.6,1551.0,1492.1,1961643,3182256989.9,118237
2026-05-19,INE530B07187,IIFLZC26,NN,1436.5,1436.5,1432.5,1432.5,1432.5,1459.97,50,71633.0,2
2026-05-19,INE530B07278,IIFLZC28A,NU,1280.0,1280.0,1280.0,1280.0,1280.0,1280.0,9,11520.0,1
2026-05-19,INE741K07496,10CAGL27,N5,1029.99,1030.0,1029.99,1030.0,1030.0,1025.0,48,49439.81,3
2026-05-19,INE413U07269,1003ISFL28,N4,995.0,1016.0,995.0,1016.0,1016.0,1007.01,1130,1139275.5,6
2026-05-19,INE413U07301,1003IIFL29,NC,990.1,990.1,990.1,990.1,990.1,1000.01,50,49505.0,1
2026-05-19,INE244L07523,890SFIL23A,NZ,440.0,440.0,440.0,440.0,440.0,440.0,10,4400.0,1
2026-05-19,INE148I07UV3,1025SCL34B,N1,1020.0,1020.0,1017.0,1019.0,1019.0,1030.0,150,152810.0,4
2026-05-19,INE148I07PV3,888SCL25E,N4,829.4,829.4,760.3,760.3,760.3,850.0,3,2350.0,3
2026-05-19,INE148I07RB1,965SCL25F,NZ,800.0,800.0,800.0,800.0,800.0,800.0,95,76000.0,1
2026-05-19,INE583D07513,1040UCL27B,N1,999.0,999.0,999.0,999.0,999.0,999.0,100,99900.0,5
2026-05-19,INE342T07460,1065NFL27,NC,1010.0,1010.0,1000.0,1000.16,1000.0,1004.0,60,60059.05,4
2026-05-19,INE148I07SR5,1075SCFL34,Z6,1040.0,1040.0,1040.0,1040.0,1040.0,1021.5,100,104000.0,1
2026-05-19,INE148I07RW7,1075SCL33,YK,1098.0,1098.0,1098.0,1098.0,1098.0,1039.55,1,1098.0,1
2026-05-19,INE148I07TP7,1075SCL34,ZR,1055.0,1055.0,1055.0,1055.0,1055.0,1055.1,2,2110.0,1
2026-05-19,INE342T07403,1102NFL26,N8,1095.2,1095.2,1095.2,1095.2,1095.2,1085.5,1,1095.2,1
2026-05-19,INE342T07445,1119NFL27,ND,1034.8,1034.8,1034.8,1034.8,1034.8,1023.9,3,3104.4,1
2026-05-19,INE219X07223,79IGT28,NF,981.15,981.15,981.15,981.15,981.15,980.01,25,24528.75,1
2026-05-19,INE0H7R07017,79NHIT35,N1,304.31,307.0,304.31,307.0,307.0,304.12,693,210889.52,2
2026-05-19,INE0H7R07025,79NHIT40,N2,306.0,306.0,306.0,306.0,306.0,306.49,2064,631584.0,15
2026-05-19,INE0H7R07033,79NHIT47,N3,412.0,412.0,412.0,412.0,412.0,413.75,7,2884.0,3
2026-05-19,INE219X07280,797IGT31,NL,1009.0,1010.0,1009.0,1010.0,1010.0,1010.0,161,162465.0,11
2026-05-19,INE477L07AN9,820IIFL27,N9,994.9,994.9,994.9,994.9,994.9,991.0,27,26862.3,2
2026-05-19,INE219X07264,82IGT31,NJ,1009.0,1025.0,1003.0,1003.0,1003.0,1009.35,1600,1616089.4,12
2026-05-19,INE121A07QW3,830CIFC26,N2,1005.0,1005.0,1005.0,1005.0,1005.0,978.9,75,75375.0,2
2026-05-19,INE477L07AQ2,843IHFL29,NC,975.01,975.01,975.01,975.01,975.01,970.0,26,25350.26,1
2026-05-19,INE477L07BB2,865IHFL27,N1,988.0,988.0,975.01,975.01,975.01,988.0,19,18642.1,2
2026-05-19,INE530B07310,865IIFL28,NS,992.99,992.99,990.88,991.0,991.0,992.0,629,623403.38,14
2026-05-19,INE516Y07410,875PCHFL26,N8,1066.05,1066.05,1066.05,1066.05,1066.05,1067.4,58,61830.9,2
2026-05-19,INE530B07179,875IIFL26,NM,1044.0,1044.0,1044.0,1044.0,1044.0,1043.0,11,11484.0,2
2026-05-19,INE148I07LE8,889SCFL27,YC,997.02,997.02,997.02,997.02,997.02,990.0,75,74776.5,1
2026-05-19,INE338I07149,91MOFSL27,N2,1009.2,1009.2,1009.2,1009.2,1009.2,1007.08,9,9082.8,1
2026-05-19,INE338I07115,93MOFSL34,N6,1055.0,1070.0,1036.1,1043.2,1043.2,1055.0,500,527042.0,6
2026-05-19,INE148I07QK4,948SCL26A,NN,344.99,344.99,344.99,344.99,344.99,348.0,20,6899.8,1
2026-05-19,INE148I07OP8,948SCL26I,AX,346.0,346.0,346.0,346.0,346.0,383.9,19,6574.0,1
2026-05-19,INE148I07TL6,948SCL27A,ZJ,993.0,993.0,990.0,990.0,990.0,990.0,24,23796.0,2
2026-05-19,INE148I07UC3,948SCL27D,N1,1002.0,1003.0,1002.0,1003.0,1003.0,1001.0,14,14032.0,8
2026-05-19,INE413U07236,957ISFL26,N2,995.0,995.0,995.0,995.0,995.0,990.0,48,47760.0,2
2026-05-19,INE413U07327,957IIFLS27,,1000.0,1000.0,995.0,995.0,995.0,1000.0,182,181211.0,4
2026-05-19,INE413U07335,960IIFLS26,N9,1085.5,1085.5,1085.5,1085.5,1085.5,1085.5,21,22795.5,1
2026-05-19,INE121A07RK6,CIFCZC26,NF,1218.8,1218.8,1218.8,1218.8,1218.8,1218.8,10,12188.0,1
2026-05-19,INE148I07SK0,0SCL27,YW,1191.5,1191.5,1191.5,1191.5,1191.5,1191.5,7,8340.5,2
2026-05-19,INE00QS24043,IMC1,N1,257.0,257.0,254.51,256.0,256.0,253.0,836,213851.5,7
2026-05-19,INE00QS24035,IMC1,N3,255.0,255.0,255.0,255.0,255.0,255.0,40,10200.0,1
2026-05-19,INE530L07228,10NIDO26,N6,1079.0,1079.0,1079.0,1079.0,1079.0,1075.05,785,847015.0,9
2026-05-19,INE804IA7014,1015ECL29,NR,1015.16,1018.99,1015.16,1018.01,1018.01,1021.91,993,1009657.97,16
2026-05-19,INE511C07706,829PFL29,N6,1260.5,1260.5,1260.5,1260.5,1260.5,1260.5,4,5042.0,1
2026-05-19,INE804IA7022,1060ECL29,NS,1050.0,1055.0,1050.0,1055.0,1055.0,1050.0,110,115900.0,5
2026-05-19,INE033L07GU2,84TCHF28,,1036.0,1070.0,1036.0,1065.75,1070.0,1051.8,57,60074.0,8
2026-05-19,INE148I07GJ7,865SCL26,N8,990.01,990.01,990.0,990.0,990.0,990.0,50,49500.1,5
2026-05-19,INE148I07GK5,885SCL26,N9,1051.0,1052.0,1051.0,1052.0,1052.0,1047.2,679,714301.0,7
2026-05-19,INE721A07PA8,931SFL26,Z5,1008.0,1009.0,1008.0,1009.0,1009.0,1000.0,60,60504.0,4
2026-05-19,INE804I078Y8,943ECL28,NJ,998.0,998.0,998.0,998.0,998.0,994.0,203,202594.0,4
2026-05-19,INE530L07210,957NIDO26,N5,1000.0,1000.0,993.0,994.3,1000.0,1000.0,51,50762.53,13
2026-05-19,INE721A07OF0,97SFL28,YS,1100.0,1100.0,1100.0,1100.0,1100.0,1075.0,64,70400.0,2
2026-05-19,INE721A07OQ7,97SFL29,YZ,1089.0,1089.0,1088.99,1089.0,1089.0,1089.43,932,1014946.18,10
2026-05-19,INE530L07236,NIDOZC26,N7,2540.0,2540.0,2540.0,2540.0,2540.0,2540.0,15,38100.0,3
2026-05-19,INE0BTM01013,SECMARK,EQ,129.98,129.98,122.6,125.98,126.0,128.62,1399,175578.37,98
2026-05-19,INE650K01021,SECURKLOUD,EQ,21.84,22.48,20.88,21.65,21.75,21.74,6165,131244.67,104
2026-05-19,INE00XB01019,SEDEMAC,EQ,2087.4,2098.0,1955.2,2039.6,2042.0,1972.8,669497,1364490979.8,54964
2026-05-19,INE955I01044,SEJALLTD,BE,745.0,784.95,745.0,771.4,780.0,752.15,2993,2293015.75,89
2026-05-19,INE105I01020,SELMC,EQ,29.0,31.0,29.0,29.19,29.7,29.86,16411,493981.77,189
2026-05-19,INE617A01013,SEMAC,BE,353.0,353.0,352.6,352.6,352.6,371.15,428,151004.05,51
2026-05-19,INE602W01027,SENCO,EQ,330.55,336.9,330.0,335.05,335.0,330.5,337823,112933919.05,12994
2026-05-19,INE0RB801010,SENORES,EQ,1112.5,1130.0,1051.25,1056.55,1052.6,1129.5,611288,661669065.25,37096
2026-05-19,INE964H01014,SEPC,EQ,7.35,7.43,7.27,7.32,7.3,7.34,6975854,51294079.35,4500
2026-05-19,INE027E07BC8,865LTF26,NN,1033.35,1048.0,1025.0,1041.42,1048.0,1038.0,834,865634.96,33
2026-05-19,INE027E07998,898LTF29,N7,1075.0,1075.0,1072.0,1072.0,1072.0,1072.0,204,219288.55,8
2026-05-19,INE027E07AL1,905LTF27,NF,1049.0,1049.0,1030.0,1030.0,1030.0,1020.0,10,10395.0,2
2026-05-19,INE782X01033,SERVOTECH,EQ,88.5,91.99,88.5,91.1,91.9,87.85,1164245,104832743.99,9194
2026-05-19,INE04VU01023,STYL,EQ,275.0,277.04,256.91,270.11,270.82,265.16,683064,183951989.2,16896
2026-05-19,INE630A01024,SESHAPAPER,EQ,232.95,241.45,230.7,235.05,234.0,229.95,39335,9277154.1,974
2026-05-19,INE878E01021,SETCO,BE,24.0,24.48,24.0,24.48,24.48,24.0,59249,1441962.72,96
2026-05-19,INE573R01012,SEYAIND,BE,15.05,15.05,15.05,15.05,15.05,15.35,4970,74798.5,33
2026-05-19,INE618R01015,SGFIN,EQ,550.95,571.95,545.0,568.35,564.9,548.95,176638,98883424.6,7685
2026-05-19,INE385F01024,SGMART,EQ,589.5,638.0,582.6,602.2,601.5,586.45,815362,502491661.85,21110
2026-05-19,INE12UN01015,SHADOWFAX,EQ,186.9,194.34,186.53,189.45,191.99,185.61,4168807,794010357.13,63864
2026-05-19,INE640C01011,SHAHALLOYS,EQ,68.5,70.99,67.02,69.23,69.0,68.73,4688,324532.95,45
2026-05-19,INE482J01021,SHAH,EQ,5.49,5.49,5.11,5.19,5.24,5.41,1780655,9411657.15,1038
2026-05-19,INE151G01028,SHAILY,EQ,2701.0,2763.4,2601.1,2636.8,2630.0,2691.1,185520,498436077.8,19767
2026-05-19,INE908D01010,SHAKTIPUMP,EQ,501.25,511.45,498.7,502.6,503.5,501.25,641546,323898618.45,19972
2026-05-19,INE597J01018,SHALBY,EQ,158.2,167.0,158.2,164.81,163.99,159.32,93900,15479164.65,2837
2026-05-19,INE861D01011,SAHLIBHFI,EQ,73.1,73.1,71.6,72.6,71.6,73.03,15462,1125078.97,75
2026-05-19,INE849C01026,SHALPAINTS,EQ,50.6,50.6,48.65,48.99,48.8,49.05,22141,1094980.57,286
2026-05-19,INE01NE01012,SRD,EQ,41.85,41.9,37.56,39.13,39.18,40.51,50177,2004856.04,423
2026-05-19,INE274V01019,SHANKARA,BE,118.9,127.4,116.1,125.98,125.0,121.96,116814,14344616.85,633
2026-05-19,INE24OJ01011,BUILDPRO,EQ,1169.6,1218.2,1105.6,1125.9,1112.0,1162.9,323384,378841894.0,13708
2026-05-19,INE631A01022,SHANTIGEAR,EQ,440.4,443.9,440.3,442.3,441.05,440.4,3423,1514043.4,191
2026-05-19,INE440T01028,SEIL,EQ,194.84,202.0,193.35,197.56,198.0,194.84,479705,95315832.77,13428
2026-05-19,INE06ZD01017,SHANTIGOLD,EQ,215.75,215.75,208.1,209.67,209.7,211.78,352842,74302003.04,5137
2026-05-19,INE933X01016,SHANTI,EQ,6.9,6.9,6.38,6.55,6.55,6.76,37473,247007.86,114
2026-05-19,INE220Z01013,SHINDL,EQ,152.45,155.0,151.01,153.57,154.5,150.91,158197,24129452.95,875
2026-05-19,INE221J01015,SHARDACROP,EQ,906.0,921.3,897.3,916.3,916.6,901.2,521098,475780850.9,20506
2026-05-19,INE597I01028,SHARDAMOTR,EQ,875.4,897.4,866.25,882.7,882.65,875.4,38610,34087005.3,4726
2026-05-19,INE037B01020,SHARDUL,EQ,27.6,30.52,27.6,29.64,29.6,28.19,711,20206.26,30
2026-05-19,INE932X01026,SHAREINDIA,EQ,138.2,147.98,138.2,146.79,147.5,139.4,629399,91142501.03,7728
2026-05-19,INE0YJV01017,SHEEL,SM,43.0,43.0,43.0,43.0,43.0,44.0,2000,86000.0,1
2026-05-19,INE916U01025,SFL,EQ,593.15,604.45,581.0,586.55,582.5,598.3,266920,158687683.35,14278
2026-05-19,INE501Y01019,SCPL,BE,437.0,456.3,436.2,442.8,440.05,434.6,6259,2800999.7,154
2026-05-19,INE04VX01019,SHEETAL,SM,335.0,335.0,280.0,288.5,288.5,284.25,5000,1448375.0,10
2026-05-19,INE268L01046,SHEKHAWATI,BE,14.89,14.89,13.87,14.36,14.35,14.53,14318,209137.47,127
2026-05-19,INE363M01019,SHEMAROO,EQ,98.0,98.0,94.0,94.6,94.21,98.07,6038,577925.29,180
2026-05-19,INE0MM001019,SHERA,ST,177.0,182.25,169.5,169.5,169.5,174.0,31000,5500950.0,31
2026-05-19,INE03KJ01013,SHIGAN,ST,84.5,84.5,84.5,84.5,84.5,84.5,3000,253500.0,2
2026-05-19,INE024F01011,SHILCTECH,EQ,4092.0,4104.5,3997.5,4044.5,4050.0,3949.5,18654,75659073.5,3999
2026-05-19,INE790G01031,SHILPAMED,EQ,476.95,490.75,464.15,472.45,474.0,476.2,552666,263507912.25,26165
2026-05-19,INE0PB301013,SCILAL,EQ,46.86,47.94,46.5,46.59,46.8,46.96,489191,22953924.83,3469
2026-05-19,INE109A01011,SCI,EQ,346.2,351.3,333.1,337.25,333.8,344.7,8664866,2973024987.85,73927
2026-05-19,INE719F01016,SHIVAUM,EQ,308.75,340.0,308.75,334.85,340.0,325.0,92,30458.0,6
2026-05-19,INE644Y01017,SHIVAMILLS,BE,64.8,65.52,64.0,65.42,65.52,62.42,5748,376363.98,47
2026-05-19,INE705C01020,SHIVATEX,EQ,180.0,185.98,175.0,175.08,179.4,178.02,2798,503354.36,37
2026-05-19,INE0T7B01010,SPCL,SM,77.25,77.5,74.45,75.25,74.5,75.35,18600,1413810.0,27
2026-05-19,INE386D01027,SBCL,EQ,619.9,648.0,616.05,633.15,638.0,595.95,894271,567486098.65,30537
2026-05-19,INE788J01021,SHIVALIK,EQ,255.5,261.9,253.35,255.15,253.35,251.7,15083,3880364.45,605
2026-05-19,INE637H01024,SHIVAMAUTO,BE,18.0,18.56,17.86,17.94,18.0,18.11,20479,369235.62,97
2026-05-19,INE1DLF01018,SHIVASHRIT,SM,124.55,128.0,124.0,125.05,126.45,124.65,55000,6893100.0,19
2026-05-19,INE498B01024,SHOPERSTOP,EQ,321.75,345.3,321.75,338.35,333.1,326.65,56920,19014462.45,2421
2026-05-19,INE715Y01031,SHRADHA,EQ,34.25,36.98,34.0,35.77,35.17,34.54,5937,211892.87,62
2026-05-19,INE712K01011,SHREEPUSHK,EQ,370.0,380.8,362.0,369.8,370.0,385.65,141540,52335972.35,6044
2026-05-19,INE185C01017,SAPPL,EQ,298.0,312.1,295.0,302.95,299.95,292.55,1272,381020.9,23
2026-05-19,INE070A01015,SHREECEM,EQ,24450.0,24585.0,24270.0,24425.0,24405.0,24475.0,16083,392644260.0,5619
2026-05-19,INE232A01011,SHREDIGCEM,EQ,71.11,72.92,71.11,71.77,72.21,71.73,54189,3895268.08,1221
2026-05-19,INE0S4Y01010,SHREEKARNI,SM,418.0,429.0,416.0,429.0,429.0,419.65,750,318150.0,4
2026-05-19,INE02S501018,SHREEOSFM,SM,66.0,66.0,66.0,66.0,66.0,65.95,1000,66000.0,1
2026-05-19,INE19GK01015,SRTL,EQ,44.5,44.7,43.5,43.8,44.0,43.55,33935,1492233.86,575
2026-05-19,INE879A01019,SHREERAMA,EQ,41.48,42.94,40.03,42.01,41.57,41.35,43130,1814896.44,905
2026-05-19,INE278B01020,RAMANEWS,EQ,30.25,31.29,29.62,29.8,29.96,30.28,19237,576812.07,243
2026-05-19,INE087H01022,RENUKA,EQ,23.16,23.97,23.02,23.6,23.56,23.15,7998907,186999582.94,12941
2026-05-19,INE0S2G01011,BALAJEE,EQ,30.5,30.88,30.05,30.5,30.45,30.36,18253,556882.61,155
2026-05-19,INE00CE01017,SVLL,EQ,588.0,588.0,535.55,568.7,575.0,557.7,1838,1034937.0,186
2026-05-19,INE1FL101016,SHETHJI,SM,147.8,160.5,147.8,155.4,155.0,147.6,155000,23891900.0,127
2026-05-19,INE1B6101010,SHREEJISPG,EQ,435.3,443.55,430.1,433.85,433.0,431.15,903635,395920173.25,7699
2026-05-19,INE00IK01029,OSWALSEEDS,EQ,12.3,12.5,11.91,12.2,12.15,12.29,108493,1317182.85,184
2026-05-19,INE632X01030,SHRENIK,BZ,0.38,0.38,0.37,0.37,0.37,0.38,387550,144592.0,180
2026-05-19,INE231C01019,SHREYANIND,EQ,161.25,162.89,157.01,161.03,161.25,161.25,1724,276182.2,97
2026-05-19,INE0DM401012,SHRIAHIMSA,SM,288.0,299.9,285.0,288.7,288.0,282.95,27600,8079510.0,41
2026-05-19,INE402H01015,SHBAJRG,EQ,169.95,169.95,160.0,169.9,169.9,169.95,356,59357.65,13
2026-05-19,INE0NON01025,SHKSIL,SM,42.95,42.95,42.95,42.95,42.95,41.15,2000,85900.0,1
2026-05-19,INE1V4601019,SHRIKANHA,ST,23.85,24.9,22.9,24.9,24.9,24.1,9600,226160.0,6
2026-05-19,INE997I01012,SHRIKRISH,EQ,41.15,46.5,41.14,45.36,46.0,41.14,3104,136612.3,118
2026-05-19,INE0OMF01015,SHRITECH,SM,73.45,75.0,72.0,75.0,75.0,71.75,14000,1030200.0,7
2026-05-19,INE1B3L01017,SHRINGARMS,EQ,205.48,210.0,204.49,206.1,206.21,204.59,543932,113050035.12,4868
2026-05-19,INF680P01422,LIQUIDSHRI,EQ,1104.86,1104.88,1104.86,1104.86,1104.86,1104.72,4511,4984068.72,11
2026-05-19,INE721A01047,SHRIRAMFIN,EQ,940.0,941.85,924.7,927.35,927.0,933.7,3216479,2986159611.9,96379
2026-05-19,INE526E01018,SHRIPISTON,EQ,3355.1,3395.0,3310.0,3316.5,3310.2,3363.0,38431,128394808.3,6672
2026-05-19,INE217L01019,SHRIRAMPPS,EQ,81.0,83.1,81.0,81.85,81.85,80.99,478894,39441405.32,4783
2026-05-19,INE01Z401013,SHUBHLAXMI,SM,21.5,21.5,20.4,20.8,20.5,20.5,13000,269000.0,13
2026-05-19,INE0UL701015,SHUBHSHREE,SM,304.05,304.05,297.0,298.65,300.0,304.0,1500,451215.0,5
2026-05-19,INE979R01011,SHYAMCENT,EQ,4.98,5.45,4.57,4.93,4.92,4.97,183452,931621.18,687
2026-05-19,INE1CRP01016,SHYAMDHANI,SM,62.1,62.5,62.0,62.0,62.0,62.1,12000,745600.0,4
2026-05-19,INE810G01011,SHYAMMETL,EQ,890.5,906.2,888.05,905.5,905.9,886.65,699349,630532445.6,11805
2026-05-19,INE635A01023,SHYAMTEL,BE,20.92,20.92,20.92,20.92,20.92,21.34,30,627.6,7
2026-05-19,INE176J01011,SICAGEN,EQ,53.01,53.96,51.53,52.6,51.53,52.66,7027,371503.36,71
2026-05-19,INE075B01020,SICALLOG,BE,63.31,65.0,63.31,64.93,65.0,63.44,5525,355444.89,39
2026-05-19,INE0SVO01019,SIDDHICOTS,ST,30.7,30.7,29.85,30.0,30.0,30.25,7200,218940.0,6
2026-05-19,INE0A1E01018,SIDDHIKA,SM,241.95,241.95,241.95,241.95,241.95,235.0,500,120975.0,1
2026-05-19,INE1NPP01017,ENRIN,EQ,3100.0,3174.0,3077.8,3163.5,3148.5,3060.7,495921,1553612894.0,52598
2026-05-19,INE003A01024,SIEMENS,EQ,3540.0,3593.9,3518.8,3550.9,3545.0,3535.1,213583,760843571.0,23819
2026-05-19,INE0D0K01022,SIGACHI,BE,19.96,20.85,19.96,20.37,20.48,19.95,497621,10092336.16,1121
2026-05-19,INE933B01012,SIGMAADV,BE,303.0,318.7,295.25,302.0,302.5,306.05,303761,93995824.1,2798
2026-05-19,INE0A0S01028,SIGMA,EQ,40.0,42.7,39.1,41.12,41.5,40.56,48216,1983167.51,1279
2026-05-19,INE903U01023,SIGNATURE,EQ,840.05,846.0,833.2,838.1,840.0,841.0,176298,148073286.0,4719
2026-05-19,INE529F01035,SIGIND,EQ,48.6,50.19,48.25,48.99,49.45,49.42,6204,305540.04,99
2026-05-19,INE0KGZ01021,SIGNPOST,EQ,273.9,281.0,269.1,273.6,275.8,269.85,29152,8049802.7,1044
2026-05-19,INE438E01032,SIKA,EQ,882.1,900.0,882.1,888.1,887.9,889.2,10757,9580040.5,1304
2026-05-19,INE112X01025,SIKKO,EQ,4.46,4.46,4.3,4.34,4.34,4.37,144932,635231.75,575
2026-05-19,INE923A01015,SILINV,EQ,433.0,446.45,432.6,440.35,439.35,441.4,753,331126.85,81
2026-05-19,INE01II01013,SILGO,EQ,75.0,80.0,74.59,78.23,80.0,75.08,862486,66908066.92,5353
2026-05-19,INE0STN01015,SILKFLEX,ST,213.5,217.0,208.05,217.0,217.0,219.0,6000,1278800.0,6
2026-05-19,INE0SN801015,SILKY,SM,113.5,113.95,113.5,113.95,113.95,115.4,4800,545160.0,2
2026-05-19,INE203Y01012,SILLYMONKS,EQ,16.4,16.4,14.61,15.18,15.1,15.8,37657,570537.21,130
2026-05-19,INE625X01026,SILVERTUC,EQ,144.0,147.5,143.1,146.05,147.0,143.49,328876,47973070.07,5446
2026-05-19,INE1K4J01018,SIMCA,ST,150.05,154.0,147.9,150.95,151.8,155.65,103200,15367710.0,157
2026-05-19,INE059B01024,SIMPLEXINF,EQ,214.43,215.0,202.82,204.86,206.4,212.1,44984,9382145.07,1043
2026-05-19,INE985A01022,SINCLAIR,EQ,77.53,79.19,74.86,75.54,76.01,77.44,135206,10276667.49,1111
2026-05-19,INE325D01025,SINDHUTRAD,EQ,22.37,22.97,22.21,22.52,22.42,22.37,438086,9873066.96,1199
2026-05-19,INE638A01035,SINGERIND,EQ,68.18,68.68,64.67,66.25,66.4,68.4,39233,2593423.43,771
2026-05-19,INE129Z01016,SINTERCOM,EQ,77.53,84.1,77.29,79.79,78.61,76.54,36323,2941578.27,2731
2026-05-19,INE792Z01011,SIRCA,EQ,426.1,428.25,418.65,421.05,420.0,424.45,267345,112947920.55,5523
2026-05-19,INE285J01028,SIS,EQ,390.0,409.5,390.0,404.25,398.0,394.6,110059,44414676.35,7644
2026-05-19,INE965H01011,SITINET,BZ,0.33,0.33,0.31,0.33,0.33,0.32,734784,242210.09,145
2026-05-19,INE076B01028,SIYSIL,EQ,602.0,618.8,597.0,611.7,614.8,602.0,313522,191766473.45,9693
2026-05-19,INE284S01014,SJS,EQ,1864.0,2000.0,1862.1,1982.3,1989.0,1867.7,124625,242569289.7,12511
2026-05-19,INE002L01015,SJVN,EQ,73.5,74.9,73.25,74.56,74.4,73.13,3851232,286210994.57,18265
2026-05-19,INE2J8701016,SKFINDUS,EQ,2090.0,2125.0,2041.0,2092.5,2105.3,2070.3,7570,15731180.0,1829
2026-05-19,INE640A01023,SKFINDIA,EQ,1661.3,1669.9,1631.0,1648.8,1650.1,1661.3,69517,114605497.6,4724
2026-05-19,INE439E01022,SKIPPER,EQ,452.0,471.9,448.8,466.7,465.5,451.1,654230,302911479.1,20339
2026-05-19,INE411D01023,SKMEGGPROD,EQ,181.0,199.79,180.5,195.1,197.0,180.74,585297,113289239.06,11404
2026-05-19,INE0KZA01016,SKP,SM,186.1,186.1,186.0,186.0,186.0,186.7,1000,186050.0,2
2026-05-19,INE01IU01018,SKYGOLD,EQ,443.0,464.0,443.0,458.3,457.0,442.45,721738,328911506.2,19820
2026-05-19,INE14GK01016,SMARTEN,SM,48.65,51.0,48.65,50.15,49.85,48.65,25200,1259940.0,18
2026-05-19,INE178C01020,SMARTLINK,BE,163.33,169.7,162.1,163.69,165.9,163.33,7877,1308560.04,121
2026-05-19,INE0NAZ01010,SMARTWORKS,EQ,419.85,434.0,419.0,429.5,434.0,419.85,32988,14135575.3,1358
2026-05-19,INE103C01036,SMCGLOBAL,EQ,63.0,64.19,62.41,62.67,62.49,63.11,110198,6961189.54,1572
2026-05-19,INE294B01019,SMLMAH,EQ,3519.9,3572.5,3508.3,3534.4,3530.0,3502.6,28158,99760991.9,4749
2026-05-19,INE812G01025,SMSPHARMA,EQ,393.7,418.05,393.7,410.25,408.65,398.0,158248,64986281.35,7120
2026-05-19,INE702Y01013,SMVD,ST,11.0,11.0,11.0,11.0,11.0,11.0,4040,44440.0,1
2026-05-19,INE1OIC01018,SNEHAA,ST,43.0,43.0,43.0,43.0,43.0,43.55,3000,129000.0,2
2026-05-19,INE734N01019,SNOWMAN,EQ,38.0,38.85,37.05,37.35,37.1,37.67,186206,7042059.09,1341
2026-05-19,INE671H01015,SOBHA,EQ,1384.9,1409.1,1378.0,1387.8,1383.0,1382.2,54213,75797130.5,5865
2026-05-19,INE728Z01015,SOFTTECH,BE,395.05,424.7,395.05,413.8,418.95,405.25,2909,1218109.7,29
2026-05-19,INE343H01029,SOLARINDS,EQ,18100.0,18498.0,17918.0,18116.0,18100.0,18019.0,303361,5543062848.0,66832
2026-05-19,INE624Z01016,SOLARA,EQ,559.85,593.0,554.9,582.65,585.0,561.35,294636,170040397.05,12632
2026-05-19,INE0TY101024,SOLARWORLD,EQ,200.0,206.01,196.55,200.15,201.0,200.34,160008,32363693.19,4420
2026-05-19,INE880Y01017,SOLEX,EQ,1399.0,1417.0,1329.0,1345.4,1338.6,1370.4,91693,126450820.7,7043
2026-05-19,INE0U0201016,BALCO,ST,20.5,20.5,19.5,19.5,19.5,20.5,3600,71400.0,3
2026-05-19,INE480C01038,SDBL,EQ,84.07,86.0,84.0,84.82,84.7,84.07,240053,20445974.15,4527
2026-05-19,INE314C01013,SOMATEX,EQ,109.0,109.0,101.34,102.04,102.9,101.34,7122,735017.87,234
2026-05-19,INE355A01028,SOMANYCERA,EQ,458.0,521.5,449.55,502.1,499.0,445.9,3200471,1610936093.2,75876
2026-05-19,INE323J01019,SOMICONVEY,EQ,109.8,112.98,108.5,111.01,112.9,109.8,7499,835177.54,245
2026-05-19,INE073K01018,SONACOMS,EQ,571.95,583.7,566.5,579.75,578.9,567.55,1097146,634552752.6,38213
2026-05-19,INE0Q6H01012,SONAMAC,ST,33.8,34.9,33.8,34.9,34.9,33.8,7000,239000.0,6
2026-05-19,INE00LM01029,SONAMLTD,EQ,50.22,52.0,49.9,51.42,50.9,50.21,39805,2034197.51,484
2026-05-19,INE269A01021,SONATSOFTW,EQ,260.1,272.4,260.1,264.7,264.2,259.95,1018053,272699150.25,30232
2026-05-19,INE0JZA01018,SONUINFRA,SM,51.45,54.0,50.0,50.0,50.0,51.75,15000,761850.0,9
2026-05-19,INE980Y01015,SOUTHWEST,EQ,250.18,257.91,247.16,249.55,250.0,249.19,366054,92350881.58,7494
2026-05-19,INE970N01027,SPCENET,EQ,3.66,3.71,3.53,3.55,3.54,3.66,644333,2322819.24,718
2026-05-19,IN9572J01019,SSFLPP,E1,124.9,130.0,124.5,125.5,125.45,124.95,1801,231725.75,47
2026-05-19,INE572J01011,SPANDANA,EQ,257.08,261.18,255.0,257.09,255.25,257.08,89000,22995696.24,4221
2026-05-19,INE1CW901027,SPEB,SM,70.2,80.25,69.9,79.7,79.5,70.2,62000,4764400.0,28
2026-05-19,INE247M01014,SPECIALITY,EQ,101.95,104.5,98.0,102.01,101.76,100.18,22181,2242601.75,326
2026-05-19,INE01EO01010,SPECTRUM,EQ,1405.1,1461.7,1405.1,1438.3,1440.0,1404.2,4523,6501382.4,389
2026-05-19,INE0OL001018,SPECTSTM,ST,54.05,54.5,53.55,53.65,53.65,55.95,5600,301760.0,7
2026-05-19,INE020801028,SPENCERS,EQ,33.56,38.27,33.56,37.2,36.12,34.26,168782,6259527.71,1599
2026-05-19,INE147A01011,SPIC,EQ,69.4,72.95,68.21,70.99,70.8,67.73,1873417,134010005.23,13555
2026-05-19,INE978G01016,SPLIL,EQ,27.79,29.48,27.79,28.57,29.1,27.94,4752,135938.71,378
2026-05-19,INE937A01023,SPMLINFRA,EQ,193.0,206.0,192.99,204.29,204.0,192.12,276731,55453823.94,6550
2026-05-19,INE885H01029,SPORTKING,EQ,146.98,147.91,140.4,141.03,140.6,144.81,160825,23004540.72,3267
2026-05-19,INE0QR801013,SPPPOLY,SM,13.7,13.7,13.1,13.1,13.1,13.7,4000,53600.0,2
2026-05-19,INE19QH01010,SPUNWEB,SM,118.05,119.9,115.0,115.15,115.0,118.15,33600,3936180.0,26
2026-05-19,INE917H01012,SRHHYPOLTD,EQ,502.45,521.35,500.1,504.2,502.0,497.7,7249,3688865.75,399
2026-05-19,INE099F01013,SREEL,EQ,190.0,192.5,187.12,189.45,188.09,189.92,26580,5062579.68,869
2026-05-19,INE647A01010,SRF,EQ,2649.9,2668.8,2631.0,2637.2,2632.0,2639.9,226571,599830231.6,15495
2026-05-19,INE559N01010,SRGHFL,EQ,280.1,287.35,280.05,285.4,282.0,283.05,4093,1160060.5,78
2026-05-19,INE293B01029,HAVISHA,EQ,1.49,1.59,1.49,1.54,1.58,1.52,7834,12255.43,56
2026-05-19,INE0V9Q01010,LOTUSDEV,EQ,140.99,140.99,138.0,138.67,138.11,138.33,177797,24786887.04,2567
2026-05-19,INE0ON201012,SSFL,SM,116.2,119.0,109.0,112.3,112.45,119.15,54000,6088450.0,98
2026-05-19,INE0NPI01014,SRIVASAVI,SM,54.1,54.1,54.1,54.1,54.1,55.25,1000,54100.0,1
2026-05-19,INE0R6Z01013,SRM,EQ,484.0,496.4,466.0,485.85,486.45,487.15,57665,28187273.65,3325
2026-05-19,INE0RYC01010,STALLION,EQ,143.09,167.8,143.09,165.75,165.75,143.08,9061109,1462418720.7,95578
2026-05-19,INE0M4D01010,SETL,EQ,136.1,138.58,135.1,136.98,136.5,137.85,94860,12982495.66,2460
2026-05-19,INE173A01025,SIL,EQ,15.95,15.98,15.53,15.92,15.98,15.49,11977,190087.38,199
2026-05-19,INE01A001028,STANLEY,EQ,156.5,161.9,156.5,159.88,159.5,155.83,62744,9992822.56,2028
2026-05-19,INE460H01021,STARCEMENT,EQ,214.7,214.7,209.95,210.72,210.7,212.41,180729,38216299.44,7052
2026-05-19,INE575P01011,STARHEALTH,EQ,499.6,519.5,497.85,517.1,513.4,499.6,399987,204893265.8,16154
2026-05-19,INE733A01018,STARPAPER,EQ,141.32,143.6,137.0,138.5,138.15,139.61,14485,2017332.85,262
2026-05-19,INE992I01013,STARTECK,EQ,252.72,256.3,245.0,248.65,245.0,250.86,15828,3992964.2,1030
2026-05-19,INE062A01020,SBIN,EQ,942.0,956.6,939.5,948.8,946.9,939.4,17280869,16380227268.5,749834
2026-05-19,INE114A01011,SAIL,EQ,192.0,200.29,191.25,199.05,198.0,192.73,43235882,8508803011.77,144651
2026-05-19,INE395H01011,STEELCITY,EQ,79.77,79.77,77.51,78.94,79.0,78.4,2559,200665.56,116
2026-05-19,INE503B01021,STEELXIND,EQ,10.01,10.39,10.0,10.2,10.25,10.02,1020978,10336232.16,1754
2026-05-19,INE802C01033,SSWL,EQ,208.37,216.6,208.37,210.22,209.07,209.7,254896,54362927.01,4748
2026-05-19,INE124E01038,STEELCAS,EQ,273.05,288.35,272.35,278.75,276.0,276.2,37200,10469012.6,1551
2026-05-19,INE577L01016,STEL,EQ,440.4,455.6,437.65,438.7,441.15,444.2,6193,2726311.9,618
2026-05-19,INE334A01023,STERTOOLS,EQ,240.0,245.9,232.41,235.14,235.0,240.22,75238,17880332.89,2601
2026-05-19,INE089C01029,STLTECH,BE,410.0,416.95,400.85,400.9,400.85,421.9,2910870,1169189102.8,33406
2026-05-19,INE353H01010,SGL,EQ,11.11,11.24,10.91,11.11,11.17,11.11,6941,77293.83,51
2026-05-19,INE1VXE01018,STLNETWORK,BE,25.01,25.49,24.55,24.89,25.0,25.59,1035273,25884803.44,2077
2026-05-19,INE00IN01015,STOVEKRAFT,EQ,541.0,558.0,536.9,540.5,541.35,544.45,132261,72387642.6,7237
2026-05-19,INE1XWN01017,STRIDERS,SM,68.5,68.5,68.5,68.5,68.5,65.1,1600,109600.0,1
2026-05-19,INE939A01011,STAR,EQ,1124.0,1159.0,1035.0,1153.6,1146.5,1151.4,1324815,1462823175.4,98040
2026-05-19,INE00M201021,SWSOLAR,EQ,195.0,201.49,195.0,197.8,197.7,195.16,1007329,199703633.1,13148
2026-05-19,INE00Q601028,STUDDS,EQ,438.0,448.7,436.55,443.55,442.9,438.0,51730,23037544.55,2684
2026-05-19,INE17VO01028,STUDIOLSD,ST,11.1,11.1,10.2,10.4,10.3,10.7,28000,295700.0,12
2026-05-19,INE239C01020,STYLAMIND,EQ,2830.0,2848.7,2750.0,2773.0,2750.2,2805.8,71858,200479091.2,9031
2026-05-19,INE189B01011,STYRENIX,EQ,2275.2,2309.7,2254.8,2268.4,2254.8,2284.7,17579,40028835.9,2771
2026-05-19,INE0RYR01018,SUBAHOTELS,SM,129.8,135.0,129.8,130.15,130.0,132.6,37200,4900860.0,31
2026-05-19,INE754A01055,SUBEXLTD,BE,10.08,10.6,10.08,10.37,10.36,10.15,741160,7672135.48,1020
2026-05-19,INE287B01021,SUBROS,EQ,736.45,746.9,720.0,732.45,734.45,729.15,79990,58656085.25,5455
2026-05-19,INE659A01023,SUDARSCHEM,EQ,855.1,869.8,854.0,856.7,858.0,856.9,57765,49752869.5,5460
2026-05-19,INE492A01029,SUDARCOLOR,EQ,350.0,355.45,343.0,350.7,353.0,350.0,2448,854869.15,131
2026-05-19,INE0QPI01025,SUDEEPPHRM,EQ,648.0,654.45,643.1,648.8,647.0,649.25,58247,37849225.35,3311
2026-05-19,INE450E01029,SUKHJITS,EQ,185.04,197.24,183.28,191.5,193.16,185.34,64258,12303506.32,2835
2026-05-19,INE142Q01026,SULA,EQ,159.01,163.69,158.4,160.4,161.0,157.02,242145,38977009.47,5651
2026-05-19,INE235C01036,SUMEETINDS,EQ,28.75,30.05,28.75,29.81,29.9,28.82,161083,4754406.74,659
2026-05-19,INE748Z01013,SUMIT,BE,43.01,45.69,42.96,43.8,43.8,44.25,19353,838660.3,58
2026-05-19,INE258G01013,SUMICHEM,EQ,453.95,474.8,450.05,468.9,469.4,449.65,646276,303209756.55,27196
2026-05-19,INE519C01017,SUMMITSEC,EQ,1495.7,1515.9,1476.3,1494.3,1490.0,1478.5,1102,1651207.9,265
2026-05-19,INE232I01014,SPARC,EQ,174.0,189.45,162.36,179.77,180.0,162.23,43107773,7707786975.4,336020
2026-05-19,INE044A01036,SUNPHARMA,EQ,1900.5,1916.6,1880.0,1882.3,1884.7,1905.8,2200951,4168235766.9,93085
2026-05-19,INE424H01027,SUNTV,EQ,522.0,526.75,519.1,525.15,524.0,521.1,131753,68991278.3,9944
2026-05-19,INE073D01013,SUNDRMBRAK,EQ,612.4,624.0,612.0,622.65,622.5,610.2,682,421399.15,36
2026-05-19,INE0Q3R01026,SUNCLAY,EQ,1414.0,1432.3,1396.0,1403.2,1400.0,1425.5,5000,7040478.2,852
2026-05-19,INE660A01013,SUNDARMFIN,EQ,4668.0,4668.0,4525.0,4558.6,4554.0,4658.4,65407,298899288.4,14091
2026-05-19,INE108E01023,SUNDARAM,EQ,1.37,1.44,1.37,1.39,1.4,1.38,516331,724642.66,331
2026-05-19,INE387A01021,SUNDRMFAST,EQ,830.0,861.8,822.0,851.05,856.0,832.7,75644,64194151.7,12899
2026-05-19,INE0CTB01014,SOCL,ST,29.85,32.85,29.85,32.85,32.85,31.35,14400,448320.0,7
2026-05-19,INE209A01019,SUNDROP,EQ,687.9,688.0,663.55,671.55,666.9,682.65,8670,5873086.75,710
2026-05-19,INE947A01014,SUNFLAG,EQ,357.45,368.0,354.65,358.55,358.5,355.45,192259,69520401.75,5323
2026-05-19,INE0O3O01017,SEL,ST,195.55,195.55,195.55,195.55,195.55,199.5,200,39110.0,1
2026-05-19,INE0U2N01013,SUNLITE,ST,455.0,466.3,443.0,450.0,452.95,451.75,22500,10123860.0,53
2026-05-19,INE0SGZ01016,SUNTECH,SM,36.65,36.65,36.25,36.25,36.25,36.0,4800,175200.0,3
2026-05-19,INE805D01034,SUNTECK,EQ,301.95,304.05,295.05,295.9,295.95,301.65,321007,95303515.35,9130
2026-05-19,INE662A01027,SUPERSPIN,EQ,5.06,5.18,4.95,5.02,5.05,5.16,36688,184004.01,146
2026-05-19,INE712B01010,SUPERHOUSE,EQ,148.5,152.19,147.3,148.57,148.5,151.45,1352,202004.05,55
2026-05-19,INE399C01030,SUPRAJIT,EQ,411.1,422.0,411.1,416.1,415.0,414.5,42865,17932968.2,3434
2026-05-19,INE319Z01021,SUPREMEENG,BZ,0.89,0.97,0.89,0.96,0.97,0.93,71906,67488.97,95
2026-05-19,INE0U6N01014,SFML,SM,24.7,24.7,23.3,23.3,23.3,23.95,6400,153840.0,4
2026-05-19,INE822E01011,SUPREME,EQ,48.2,50.25,48.2,49.73,49.75,48.87,173749,8658380.96,1212
2026-05-19,INE195A01028,SUPREMEIND,EQ,3500.0,3504.2,3429.0,3446.3,3440.5,3504.2,168782,584790177.9,27377
2026-05-19,INE550H01011,SUPREMEINF,EQ,80.9,83.88,80.05,80.29,80.9,79.89,26209,2141750.94,302
2026-05-19,INE663A01033,SPLPETRO,EQ,689.5,710.95,680.4,706.8,700.0,692.35,22508,15740914.7,3076
2026-05-19,INE0QHG01026,SUPREMEPWR,ST,217.2,234.85,217.2,232.8,233.0,223.7,69500,16148725.0,106
2026-05-19,INE07RO01027,SUPRIYA,EQ,689.7,735.95,689.7,720.6,720.9,684.0,576738,417742648.4,26244
2026-05-19,INE843S01025,SURAJEST,EQ,213.0,223.3,212.51,217.62,219.0,213.32,23371,5056399.47,1210
2026-05-19,INE713C01016,SURAJLTD,EQ,232.0,237.99,230.11,233.0,233.0,231.07,552,129303.29,44
2026-05-19,INE877V01027,SURAKSHA,EQ,299.55,308.0,298.05,299.5,298.05,299.55,17673,5348179.4,752
2026-05-19,INE272L01022,SURANASOL,EQ,25.49,26.34,25.46,25.75,26.05,25.09,47620,1229975.6,788
2026-05-19,INE130B01031,SURANAT&P,EQ,17.62,19.19,17.6,18.64,18.55,17.62,100407,1851818.31,578
2026-05-19,INE01ZJ01015,SURANI,ST,129.0,136.8,129.0,136.8,136.8,130.3,3000,404470.0,11
2026-05-19,INE05ST01028,SBGLP,EQ,26.01,27.15,26.0,26.22,26.84,26.21,47454,1251947.68,485
2026-05-19,INE335A01020,SURYAROSNI,EQ,238.95,245.35,235.5,239.65,238.95,238.95,374077,90494215.15,13154
2026-05-19,INE713B01026,SURYALAXMI,EQ,56.77,62.2,56.77,60.48,60.5,57.05,6713,411078.47,103
2026-05-19,INE132C01027,SURYALA,EQ,359.7,359.7,332.25,340.0,340.0,336.0,384,133722.95,24
2026-05-19,INE428Q01011,SURYODAY,EQ,163.95,167.0,161.35,162.55,162.0,162.58,167876,27500462.79,3381
2026-05-19,INE645H01027,SUTLEJTEX,EQ,36.6,37.49,36.05,36.43,36.1,36.45,13070,479559.32,203
2026-05-19,INE495B01038,SUVEN,EQ,260.9,276.0,255.41,269.43,272.0,252.57,16231276,4337503287.76,229082
2026-05-19,INE018401013,SUVIDHAA,EQ,3.03,3.03,2.86,2.87,2.86,2.93,75903,219949.2,207
2026-05-19,INE442P01014,SUYOG,EQ,788.85,788.85,757.15,776.95,775.0,761.15,8665,6722540.8,719
2026-05-19,INE040H01021,SUZLON,EQ,53.57,53.83,52.52,52.91,52.81,53.25,54643439,2913614877.82,68637
2026-05-19,INE308E01029,SVPGLOB,BE,3.68,3.88,3.55,3.88,3.88,3.7,74468,287069.91,71
2026-05-19,INE665A01038,SWANCORP,EQ,315.4,319.0,312.45,313.8,313.0,312.65,371745,117391597.5,13013
2026-05-19,INE542F01020,SWANDEF,BE,1910.0,1949.0,1836.0,1893.3,1899.9,1889.4,11815,22309059.5,707
2026-05-19,INE277A01016,SWARAJENG,EQ,3689.0,3744.0,3651.1,3711.9,3699.0,3680.0,7424,27508269.4,1942
2026-05-19,INE0GMR01016,SWARAJ,SM,275.0,283.75,269.15,274.4,274.5,275.35,58500,15943900.0,66
2026-05-19,INE409B01013,SWELECTES,EQ,618.0,632.8,617.95,622.35,625.0,616.9,6926,4322846.5,564
2026-05-19,INE00H001014,SWIGGY,EQ,255.1,262.95,253.65,260.7,261.5,254.1,10197754,2643501904.0,64196
2026-05-19,INE225D01027,SYMPHONY,EQ,726.25,758.8,724.2,728.65,729.9,726.25,173179,127505454.3,10370
2026-05-19,INE312C01025,SYNCOMF,EQ,13.94,14.22,13.82,14.15,14.22,13.94,1562455,21972682.49,3313
2026-05-19,INE00QT01015,SGIL,EQ,574.95,585.0,506.7,550.65,531.6,566.15,57296,30815356.7,2015
2026-05-19,INE398R01022,SYNGENE,EQ,466.45,479.1,461.25,471.35,471.5,466.3,1286161,607350336.05,49195
2026-05-19,INE0BTR01012,SYNOPTICS,SM,51.45,51.45,51.45,51.45,51.45,54.15,3600,185220.0,6
2026-05-19,INE0DYJ01015,SYRMA,EQ,975.0,988.85,957.4,984.15,981.0,969.95,802254,780421163.35,33274
2026-05-19,INE0O7R01011,SYSTANGO,SM,231.5,245.0,231.5,240.55,241.5,229.95,14000,3360140.0,34
2026-05-19,INE356B01024,SYSTMTXC,EQ,69.04,69.25,66.25,66.93,68.0,68.66,60344,4106849.31,317
2026-05-19,INE592B01024,TTL,EQ,7.68,8.15,7.6,7.87,7.83,7.79,48396,382660.39,123
2026-05-19,INE524T01011,TAALTECH,EQ,2676.0,2883.0,2616.1,2656.9,2641.3,2662.2,923,2489849.1,207
2026-05-19,INE0SOY01013,TAC,SM,414.3,436.1,414.3,414.3,414.3,436.1,741000,308639720.0,660
2026-05-19,INE123C01018,TAINWALCHM,EQ,207.81,213.4,203.5,207.62,210.06,207.81,2197,454953.83,69
2026-05-19,INE586B01026,TAJGVK,EQ,303.0,311.65,298.55,308.65,308.05,301.2,67667,20800554.95,3304
2026-05-19,INE142I01023,TAKE,BE,23.45,25.53,23.15,25.53,25.53,24.32,484183,12059687.9,1167
2026-05-19,INE187D01029,TALBROAUTO,EQ,320.8,348.0,320.0,330.5,330.3,321.1,370217,124852605.4,8287
2026-05-19,INE864J01012,TAMBOLIIN,EQ,172.0,172.0,166.0,170.5,170.64,171.28,26392,4469892.09,245
2026-05-19,INE668A01016,TMB,EQ,689.0,689.0,669.75,679.4,680.5,686.75,128451,86850084.4,9139
2026-05-19,INE107A01015,TNPL,EQ,147.95,151.5,147.25,149.96,149.2,146.96,415731,61979499.22,3286
2026-05-19,INE148A01019,TNPETRO,EQ,89.5,93.53,89.19,90.75,90.95,89.63,227623,20807206.8,3699
2026-05-19,INE141D01018,TNTELE,EQ,9.39,9.39,9.1,9.11,9.1,9.08,2173,19924.72,45
2026-05-19,INE483C01032,TANLA,EQ,499.95,536.85,499.95,523.25,523.0,494.8,2326644,1223227530.85,58620
2026-05-19,INE555Z01020,TARACHAND,EQ,59.0,60.1,57.25,59.88,60.1,57.39,67381,3962152.24,1207
2026-05-19,INE747K01017,TARAPUR,EQ,23.15,23.29,22.33,23.13,23.27,22.19,17104,393986.92,147
2026-05-19,INE0EK901012,TARC,EQ,129.0,129.72,128.04,128.6,128.21,128.79,132478,17034856.67,1787
2026-05-19,INE924H01018,TARMAT,EQ,52.0,52.5,50.4,51.14,51.25,51.03,6791,345275.37,124
2026-05-19,INE144Z01023,TARSONS,EQ,205.0,215.86,205.0,210.79,212.0,204.93,44102,9380220.75,1932
2026-05-19,INE488B01017,TASTYBITE,EQ,7447.5,7590.0,7340.0,7414.0,7355.5,7400.0,1223,9168377.5,374
2026-05-19,INE976I01016,TATACAP,EQ,303.1,305.35,301.6,302.75,302.65,302.95,1325391,401786147.5,34860
2026-05-19,INE092A01019,TATACHEM,EQ,733.95,748.8,732.05,736.2,733.4,730.35,488761,362476332.9,16940
2026-05-19,INE151A01013,TATACOMM,EQ,1668.4,1676.7,1630.3,1646.6,1646.1,1668.4,378037,626476733.6,26788
2026-05-19,INE467B01029,TCS,EQ,2300.0,2377.6,2297.1,2327.1,2330.0,2283.2,10394707,24399867016.0,236124
2026-05-19,INE192A01025,TATACONSUM,EQ,1231.0,1236.6,1206.4,1210.9,1211.0,1231.0,2163846,2637575859.5,51049
2026-05-19,INE670A01012,TATAELXSI,EQ,4175.0,4276.5,4175.0,4186.1,4189.5,4154.6,318470,1343358012.5,28959
2026-05-19,INE672A01026,TATAINVEST,EQ,660.0,669.25,658.5,663.55,664.4,662.7,286968,190571847.0,13372
2026-05-19,INE1TAE01010,TMCV,EQ,381.0,383.3,371.55,378.65,378.7,379.8,9770792,3693770732.95,171654
2026-05-19,INE155A01022,TMPV,EQ,352.9,365.8,352.9,361.2,360.5,353.15,15119605,5470778078.15,145073
2026-05-19,INE245A01021,TATAPOWER,EQ,404.3,418.5,403.4,415.0,413.9,404.35,7454213,3076160300.65,88429
2026-05-19,INE081A01020,TATASTEEL,EQ,210.59,212.33,208.9,209.29,209.0,209.71,32573663,6857878246.42,167407
2026-05-19,INE142M01025,TATATECH,EQ,629.4,672.0,629.4,668.55,669.5,629.4,4473149,2950391517.7,99344
2026-05-19,INE517B01013,TTML,EQ,42.5,42.8,41.62,42.07,42.25,41.67,1824847,77047942.66,9647
2026-05-19,INF277K015R5,NETF,EQ,255.15,257.98,254.56,256.6,257.98,255.43,1080,277475.32,126
2026-05-19,INF277K010X4,NPBET,EQ,274.39,274.39,265.1,268.79,268.79,270.51,295,79523.15,24
2026-05-19,INF277KA1364,TNIDETF,EQ,79.95,81.94,79.95,81.38,81.46,79.95,96195,7837981.84,577
2026-05-19,INF277KA1976,TATAGOLD,EQ,15.23,15.34,15.16,15.32,15.32,15.21,52797524,808306870.48,64387
2026-05-19,INF277KA1984,TATSILV,EQ,25.8,26.09,25.63,25.68,25.72,25.67,65943078,1702521779.17,62648
2026-05-19,INE0GK401011,TATVA,EQ,1260.0,1315.0,1255.1,1282.4,1285.0,1252.4,51599,66425251.4,6500
2026-05-19,INE0XWS01018,TAURIAN,SM,275.0,276.35,272.0,275.65,276.35,272.0,3200,878680.0,4
2026-05-19,INE053F07835,753IRFC30,NJ,1128.0,1128.0,1128.0,1128.0,1128.0,1115.61,1,1128.0,1
2026-05-19,INE053F07900,764IRFC31,NO,1138.0,1138.0,1138.0,1138.0,1138.0,1135.0,225,256050.0,3
2026-05-19,INE906B07EP5,769NHAI31,NE,1138.0,1139.5,1138.0,1139.5,1139.5,1138.0,485,552057.5,3
2026-05-19,INE906B07EI0,735NHAI31,N9,1095.0,1095.0,1095.0,1095.0,1095.0,1098.0,50,54750.0,1
2026-05-19,INE906B07EJ8,76NHAI31,,1095.98,1095.98,1092.63,1092.78,1092.63,1091.51,465,509190.82,5
2026-05-19,INE020B07GX4,738REC27TF,N2,1070.0,1070.0,1070.0,1070.0,1070.0,1060.0,30,32100.0,1
2026-05-19,INE0N2D01013,TBI,SM,62.0,63.75,61.95,63.4,63.45,64.1,46800,2925030.0,58
2026-05-19,INE673O01025,TBOTEK,EQ,1134.9,1214.0,1134.9,1178.1,1178.0,1131.0,239919,285688130.2,22252
2026-05-19,INE887D01016,TCC,EQ,373.0,373.0,359.9,360.1,360.0,359.6,5178,1875983.2,341
2026-05-19,INE586V01016,TCIEXP,EQ,509.2,524.9,507.0,510.3,511.85,509.2,7128,3672435.35,693
2026-05-19,INE911B01018,TCIFINANCE,EQ,13.3,13.9,13.2,13.64,13.64,13.36,6707,91435.86,120
2026-05-19,INE822C01015,TCPLPACK,EQ,2545.7,2635.6,2510.1,2535.6,2510.1,2545.7,2255,5740481.8,537
2026-05-19,INE419M01027,TDPOWERSYS,EQ,1260.0,1289.9,1211.0,1256.3,1256.9,1328.0,3334954,4136918270.9,133980
2026-05-19,INE289C01025,TEAMGTY,EQ,289.9,300.0,265.0,281.6,277.0,286.1,24224,6807483.45,1212
2026-05-19,INE985S01024,TEAMLEASE,EQ,1345.0,1379.0,1345.0,1373.8,1375.0,1343.8,15932,21761774.7,2447
2026-05-19,INE065J01024,TPHQ,EQ,0.51,0.54,0.49,0.51,0.51,0.5,3034700,1552029.66,617
2026-05-19,INE669C01036,TECHM,EQ,1446.3,1506.8,1445.6,1467.1,1467.0,1430.0,6697277,9935650378.2,144080
2026-05-19,INE0Y5H01014,TECHD,SM,517.0,535.0,511.45,534.35,535.0,514.0,7800,4121760.0,25
2026-05-19,INE0JQS01019,TECHERA,SM,182.3,190.0,181.1,183.35,183.3,185.4,56000,10330080.0,64
2026-05-19,INE285K01026,TECHNOE,EQ,1204.5,1208.9,1166.1,1193.9,1182.5,1186.0,254737,303487370.5,17856
2026-05-19,INE545H01011,TIIL,EQ,2551.0,2658.4,2511.0,2608.5,2615.0,2580.6,32948,86460485.6,5064
2026-05-19,INE314H01012,TECHNVISN,EQ,5155.0,5450.0,5155.0,5200.5,5200.5,5300.0,95,510526.5,16
2026-05-19,INE014B01011,TECILCHEM,EQ,11.85,12.45,11.76,12.44,12.45,11.76,779,9563.49,21
2026-05-19,INE0K6601012,TGL,ST,21.55,21.55,21.55,21.55,21.55,21.95,5800,124990.0,21
2026-05-19,INE011K01018,TEGA,EQ,1550.0,1642.0,1550.0,1593.9,1581.1,1556.0,66471,107792183.3,9569
2026-05-19,INE17WC01013,TEJASCARGO,SM,435.85,435.85,425.0,425.0,425.0,415.1,800,344340.0,2
2026-05-19,INE010J01012,TEJASNET,EQ,442.2,476.0,442.0,462.7,467.55,436.7,12142585,5637618260.0,176883
2026-05-19,INE869Y01010,TEMBO,EQ,564.4,575.0,559.6,569.65,567.55,562.25,19696,11219424.5,1187
2026-05-19,INE19RI01016,TENNIND,EQ,601.0,601.0,575.85,579.15,580.5,596.35,337421,197413529.1,33801
2026-05-19,INE482B01010,TERASOFT,EQ,317.8,317.8,317.8,317.8,317.8,302.7,4172,1325861.6,51
2026-05-19,INE435C01024,TEXINFRA,EQ,96.97,98.61,96.32,97.28,97.0,95.79,42555,4163533.49,1279
2026-05-19,INE621L01012,TEXRAIL,EQ,111.0,112.37,108.0,109.17,109.0,110.37,3530759,389628413.63,22455
2026-05-19,INE141K01013,TEXMOPIPES,EQ,43.63,44.6,43.63,43.9,43.73,43.83,14484,639580.85,354
2026-05-19,INE733E07JV4,753NTPC30E,NC,1120.0,1120.0,1120.0,1120.0,1120.0,1116.21,6,6720.0,1
2026-05-19,INE797H01018,TGBHOTELS,EQ,9.27,9.45,9.16,9.27,9.16,9.23,8383,77809.19,44
2026-05-19,INE0QJL01014,TCL,SM,95.95,96.0,93.5,94.7,95.5,93.0,18400,1758480.0,19
2026-05-19,INE077P01034,THACKER,EQ,1007.0,1109.0,1007.0,1109.0,1109.0,1006.0,4,4130.0,4
2026-05-19,INE403F01017,THAKDEV,EQ,143.11,148.0,143.11,148.0,148.0,143.11,5,730.22,2
2026-05-19,INE085J01014,THANGAMAYL,EQ,3550.5,3754.0,3523.3,3653.1,3698.0,3546.9,178236,654493573.5,26168
2026-05-19,INE294Z01018,ANUP,EQ,1929.6,1967.4,1929.2,1955.5,1965.0,1929.6,11459,22404295.3,2464
2026-05-19,INE319B01014,BYKE,EQ,34.37,35.64,34.36,35.1,34.93,34.25,19102,670035.56,106
2026-05-19,INE017A01032,GESHIP,EQ,1705.0,1798.0,1676.5,1715.9,1706.9,1696.5,7326701,12805440067.5,252437
2026-05-19,INE646C01018,GROBTEA,EQ,890.9,890.9,860.0,870.75,868.9,890.0,299,262214.05,38
2026-05-19,INE127B01011,HITECHGEAR,BE,555.0,584.9,555.0,573.5,570.0,570.0,413,237452.25,35
2026-05-19,INE383A01012,INDIACEM,EQ,403.05,408.2,400.45,406.65,405.0,403.9,136076,55047306.65,7386
2026-05-19,INE053A01029,INDHOTEL,EQ,650.0,660.0,647.0,652.75,650.0,648.55,3046903,1994834089.4,63143
2026-05-19,INE924D01017,THEINVEST,EQ,101.5,102.0,98.0,100.98,100.04,99.15,23560,2359155.51,328
2026-05-19,INE470Y01017,NIACL,EQ,160.95,169.01,160.94,164.57,163.46,162.59,1246074,206120107.36,18176
2026-05-19,INE431F01018,PKTEA,EQ,831.85,879.95,825.0,825.0,825.0,827.75,21,17704.45,6
2026-05-19,INE211B01039,PHOENIXLTD,EQ,1710.0,1754.0,1708.2,1721.8,1717.1,1724.6,285428,494684015.4,30489
2026-05-19,INE331A01037,RAMCOCEM,EQ,895.0,910.3,891.85,906.65,906.9,891.85,79486,71906279.45,7031
2026-05-19,INE301D01026,RUBYMILLS,EQ,230.0,232.14,222.36,228.49,229.5,225.14,14690,3323892.16,390
2026-05-19,INE683A01023,SOUTHBANK,EQ,38.73,39.05,38.43,38.75,38.75,38.25,6583227,255198156.8,28393
2026-05-19,INE655A01013,STCINDIA,EQ,112.94,119.7,112.94,116.25,115.55,112.94,91925,10765145.36,1388
2026-05-19,INE071E01023,UGARSUGAR,EQ,42.5,42.8,41.5,42.07,41.91,42.12,93435,3933024.25,1426
2026-05-19,INE215F01023,WIPL,EQ,150.25,150.25,142.05,144.66,144.05,144.66,1031,148580.56,70
2026-05-19,INE121N01019,THEJO,EQ,1689.9,1721.9,1680.0,1682.0,1685.0,1690.5,2490,4224749.1,351
2026-05-19,INE083B01024,THEMISMED,EQ,96.76,101.65,96.76,98.14,99.0,96.76,58548,5771378.54,1228
2026-05-19,INE152A01029,THERMAX,EQ,4397.4,4498.5,4335.1,4416.6,4404.0,4393.3,154839,683393193.7,25852
2026-05-19,INE338A01024,TIRUMALCHM,EQ,204.15,205.9,199.5,203.03,203.5,198.8,185501,37565061.28,5468
2026-05-19,INE332A01027,THOMASCOOK,EQ,92.45,94.14,91.5,93.18,93.1,92.92,817990,76227265.58,35286
2026-05-19,INE480M01011,THOMASCOTT,EQ,258.1,270.7,257.1,259.9,264.65,261.95,12566,3316333.7,902
2026-05-19,INE594H01019,THYROCARE,EQ,454.0,474.0,448.0,470.65,469.35,452.2,617025,287182660.25,13741
2026-05-19,INE906O01029,TIGERLOGS,BE,34.0,35.65,33.27,34.89,35.49,35.02,49881,1701951.92,296
2026-05-19,INE440L01017,TIJARIA,BE,4.72,4.93,4.6,4.7,4.9,4.71,35190,170093.1,70
2026-05-19,INE806C01018,TIL,EQ,189.72,190.75,186.31,186.63,186.5,188.22,47311,8894261.79,1013
2026-05-19,IN9806C01016,TILPP,E1,152.5,152.5,144.3,144.3,144.3,146.0,2102,309044.1,7
2026-05-19,INE133E01013,TI,EQ,427.0,434.0,421.85,426.05,426.0,423.4,253731,108594237.55,11975
2026-05-19,INE508G01029,TIMETECHNO,EQ,173.0,175.76,171.99,172.69,173.0,173.34,2652205,462076605.73,18658
2026-05-19,INE064A01026,TIMEX,EQ,338.1,347.2,335.0,336.95,337.0,336.35,65141,22227625.8,3541
2026-05-19,INE325A01013,TIMKEN,EQ,3450.0,3577.4,3424.1,3538.0,3522.1,3435.0,139597,488848554.2,15546
2026-05-19,INE015C01016,TINNARUBR,EQ,745.0,771.75,730.05,753.2,755.8,736.7,38794,29289079.25,3181
2026-05-19,INE0LQS01015,TIPSFILMS,EQ,373.8,379.0,359.45,373.7,378.9,366.6,4495,1663943.85,278
2026-05-19,INE716B01029,TIPSMUSIC,EQ,640.85,658.25,638.3,651.65,651.55,640.85,151322,98810865.0,8692
2026-05-19,INE319Y01024,TIRUPATIFL,BE,43.17,43.17,43.17,43.17,43.17,41.12,1262152,54487101.84,292
2026-05-19,INE615H01020,TITAGARH,EQ,753.15,753.15,735.05,739.6,737.8,753.15,413515,308142897.9,22658
2026-05-19,INE280A01028,TITAN,EQ,4136.3,4167.9,4095.0,4102.0,4095.0,4169.7,711398,2934967877.6,61334
2026-05-19,INE932C01012,TOKYOPLAST,BE,85.5,87.5,85.0,85.0,87.5,85.49,1126,96342.22,18
2026-05-19,INE0RWQ01014,TOLINS,EQ,101.9,103.0,100.31,101.61,101.8,100.4,25738,2619199.14,1229
2026-05-19,INE685A01028,TORNTPHARM,EQ,4392.0,4500.0,4358.0,4460.1,4450.0,4393.7,314462,1402756002.1,25782
2026-05-19,INE813H01021,TORNTPOWER,EQ,1533.5,1543.9,1475.0,1480.3,1485.0,1523.5,623085,939033355.3,27916
2026-05-19,INE336X01012,TOTAL,EQ,53.07,53.98,52.16,53.76,53.2,53.07,2751,147424.11,39
2026-05-19,INE486Y01013,TOUCHWOOD,EQ,71.89,72.0,70.11,70.73,71.0,70.2,618,44135.63,53
2026-05-19,INE305A01023,TFCILTD,EQ,73.0,74.8,72.0,73.05,72.75,73.09,4495865,330268484.82,9459
2026-05-19,INE413G01022,TPLPLASTEH,EQ,62.86,65.0,62.41,63.73,64.05,62.47,171025,10952694.33,1087
2026-05-19,INE0HMF01019,TRACXN,EQ,31.35,32.9,31.35,32.27,32.22,32.08,51444,1670748.15,821
2026-05-19,INE763I01026,TARIL,EQ,294.1,301.0,292.4,297.4,296.5,292.45,2048693,608078650.2,31071
2026-05-19,INE0O3901029,TREL,EQ,24.6,24.7,23.9,24.09,24.12,24.27,45906,1113898.96,414
2026-05-19,INE687A01016,TRANSPEK,EQ,1141.0,1250.0,1141.0,1221.2,1250.0,1179.0,1201,1453355.3,140
2026-05-19,INE688A01022,TCI,EQ,884.65,900.35,870.65,877.7,876.0,880.65,33927,29872876.75,4912
2026-05-19,INE454P01035,TRANSRAILL,EQ,494.0,508.15,492.85,496.8,496.8,503.25,755772,377150197.25,23743
2026-05-19,INE0NVI01020,TRANSTEEL,SM,130.0,131.35,130.0,130.0,130.0,130.0,9000,1173050.0,8
2026-05-19,INE804H01012,TFL,EQ,11.98,12.5,11.84,12.01,12.0,11.98,882,10666.3,44
2026-05-19,INE757B01015,TRANSWORLD,EQ,165.0,178.48,163.0,167.48,168.0,164.74,61188,10417964.52,1363
2026-05-19,INE103V01028,TRAVELFOOD,EQ,1074.0,1087.5,1057.0,1060.1,1069.7,1064.1,42239,45199785.6,5192
2026-05-19,INE040M01013,TREEHOUSE,EQ,7.61,7.61,7.13,7.14,7.16,7.34,33837,245115.58,173
2026-05-19,INE00CA01015,TREJHARA,EQ,153.3,155.0,150.05,154.75,154.99,150.66,28212,4322804.55,837
2026-05-19,INE849A01020,TRENT,EQ,4041.0,4109.7,4026.1,4069.6,4073.9,4032.3,518757,2117339070.0,49615
2026-05-19,INE391D01019,TRF,EQ,228.05,237.0,227.55,235.0,234.6,229.85,14217,3320039.4,1161
2026-05-19,INE760L01018,TBZ,EQ,129.52,132.5,128.3,129.89,129.51,130.52,142317,18572493.16,2896
2026-05-19,INE064C01022,TRIDENT,EQ,24.32,24.67,24.2,24.44,24.33,24.32,4001647,97870199.38,13688
2026-05-19,INE0QD201012,TECHLABS,ST,232.0,232.9,219.4,225.7,228.95,229.7,9750,2184381.25,63
2026-05-19,INE948A01012,TRIGYN,EQ,56.9,56.9,54.35,55.02,55.45,54.77,8948,496265.78,199
2026-05-19,INE256C01024,TRIVENI,EQ,367.9,377.65,367.05,374.0,372.5,368.8,396938,148133435.3,13296
2026-05-19,INE152M01016,TRITURBINE,EQ,587.8,655.4,560.85,638.05,648.0,596.65,23988920,15206789805.3,390982
2026-05-19,INE0SYV01018,TROM,ST,53.9,54.0,53.65,53.65,53.65,54.0,2400,129270.0,4
2026-05-19,INE0MWH01014,TRUALT,EQ,451.4,466.0,445.0,461.85,462.2,444.4,171525,78765971.65,11278
2026-05-19,INE615R01029,TRU,EQ,6.0,6.24,6.0,6.13,6.11,6.07,46514,284827.26,193
2026-05-19,INE0SWN01019,TRUST,SM,37.5,38.0,37.0,37.2,37.0,37.5,9000,337170.0,7
2026-05-19,INE202Z01029,TSFINV,EQ,384.05,396.85,384.05,392.45,393.0,387.3,44847,17633257.75,2384
2026-05-19,INE1C3207065,935TSI30,N0,105000.0,105000.0,105000.0,105000.0,105000.0,103397.1,1,105000.0,1
2026-05-19,INE910C01018,TTKHLTCARE,EQ,880.0,907.95,880.0,891.95,899.0,889.05,1020,913086.65,179
2026-05-19,INE690A01028,TTKPRESTIG,EQ,515.3,531.7,513.6,522.4,525.5,515.3,87033,45607722.4,6033
2026-05-19,INE974X01010,TIINDIA,EQ,2839.0,2925.0,2819.6,2892.2,2870.0,2815.0,222669,642950561.7,20327
2026-05-19,INE0OXV01027,TUNWAL,SM,33.25,33.5,33.0,33.1,33.2,33.15,46000,1532200.0,20
2026-05-19,INE038F01029,TVTODAY,EQ,111.79,114.99,109.95,112.85,114.99,110.19,38955,4366121.59,769
2026-05-19,INE871L01013,TVVISION,EQ,5.33,5.39,5.1,5.37,5.38,5.31,7152,37419.43,28
2026-05-19,INE236G01019,TVSELECT,EQ,463.2,466.95,454.1,458.25,457.9,456.4,29927,13803496.8,1347
2026-05-19,INE105A01035,TVSHLTD,EQ,13490.0,13745.0,13265.0,13409.0,13450.0,13480.0,4186,56177151.0,1772
2026-05-19,INE494B01023,TVSMOTOR,EQ,3285.0,3316.0,3228.0,3283.4,3286.0,3291.0,2484911,8127808001.8,158804
2026-05-19,INE494B04019,TVSMNCRPS,P1,10.25,10.3,10.25,10.25,10.25,10.25,8162973,83670626.5,2030
2026-05-19,INE421C01016,TVSSRICHAK,EQ,3506.2,3645.0,3506.2,3610.5,3600.0,3501.7,4229,15217624.1,1032
2026-05-19,INE395N01027,TVSSCS,EQ,109.57,113.0,109.57,111.99,111.7,110.33,114394,12783142.34,1835
2026-05-19,INE388G01026,TICL,EQ,23.06,23.34,22.52,22.76,22.9,23.04,404561,9307630.33,550
2026-05-19,INE152C01025,UYFINCORP,EQ,14.0,14.47,13.81,14.24,14.25,13.91,23152,328171.62,174
2026-05-19,INE139B01016,UCAL,EQ,100.15,102.0,93.55,94.96,94.0,100.11,62973,6093448.41,766
2026-05-19,INE583D07604,1015UCL27,NF,991.01,991.01,991.01,991.01,991.01,999.9,4,3964.04,1
2026-05-19,INE583D07570,1039UCL26,NE,1005.0,1005.0,1005.0,1005.0,1005.0,1009.8,10,10050.0,1
2026-05-19,INE691A01018,UCOBANK,EQ,24.65,25.0,24.64,24.77,24.74,24.68,4477008,111231204.91,12396
2026-05-19,INE0N0Y01013,USK,EQ,21.75,22.5,21.54,21.79,21.63,21.85,32901,715241.73,204
2026-05-19,INE516A01017,UFLEX,EQ,394.8,407.95,394.8,401.8,398.0,394.75,22488,9035599.55,1352
2026-05-19,INE527H01019,UFO,EQ,77.0,77.0,74.5,74.98,74.99,75.01,29209,2201828.81,559
2026-05-19,INE583D01011,UGROCAP,EQ,98.13,101.99,96.11,98.75,99.99,97.16,182615,17888742.03,2652
2026-05-19,INE899L01030,UEL,EQ,153.4,153.4,143.0,147.4,146.15,147.32,24894,3631281.29,1492
2026-05-19,INE551W01018,UJJIVANSFB,EQ,54.5,55.02,53.91,54.13,54.2,54.15,8359771,454777415.3,27831
2026-05-19,INE00F301010,UWCSL,SM,97.05,97.05,97.05,97.05,97.05,96.45,3000,291150.0,2
2026-05-19,INE405A01021,ULTRAMAR,EQ,427.45,432.95,416.5,418.9,416.6,425.05,8924,3794174.25,525
2026-05-19,INE481G01011,ULTRACEMCO,EQ,11540.0,11556.0,11347.0,11368.0,11355.0,11561.0,347784,3962914580.0,50940
2026-05-19,INE0GIU01018,UMAEXPORTS,EQ,24.46,25.05,23.5,24.02,24.0,24.46,19234,462807.76,194
2026-05-19,INE398B01018,UMIYA-MRO,EQ,81.0,83.9,81.0,83.06,83.05,82.82,3134,258519.44,56
2026-05-19,INE033L08270,TCHF30,NB,1099.0,1099.0,1098.99,1098.99,1098.99,1055.0,2,2197.99,2
2026-05-19,INE351A01035,UNICHEMLAB,EQ,370.95,386.0,370.4,373.3,372.55,374.95,31957,12088898.7,1391
2026-05-19,INE00U401027,UNIECOM,EQ,85.0,88.17,83.11,83.72,83.78,85.06,611748,52201325.78,6335
2026-05-19,INE0PRF01011,UNIHEALTH,ST,425.2,437.7,420.0,432.0,432.0,442.0,14000,5989625.0,28
2026-05-19,INE481Z01011,UNIINFO,BE,12.19,12.19,11.5,12.14,12.14,11.95,1323,15404.39,11
2026-05-19,INE0B2801011,UNILEX,SM,23.4,24.0,23.4,23.7,24.0,26.9,3200,75840.0,2
2026-05-19,INE0U3I01011,UNIMECH,EQ,935.0,975.4,929.0,934.3,935.0,929.0,40594,38606577.3,2153
2026-05-19,INE692A01016,UNIONBANK,EQ,160.0,160.51,158.22,158.96,158.98,158.89,6233854,993829123.77,37782
2026-05-19,INF582M01KS4,UNIONGOLD,EQ,154.55,155.25,151.25,154.4,154.35,153.75,2792,429446.0,70
2026-05-19,INE244O01017,UNIPARTS,EQ,533.0,546.0,529.1,539.55,536.0,532.7,61997,33404956.4,3922
2026-05-19,INE037A01022,UNIENTER,EQ,105.6,105.7,102.39,104.82,105.64,102.39,1926,201191.04,44
2026-05-19,INE694A01020,UNITECH,EQ,4.24,4.31,4.17,4.2,4.22,4.21,5114305,21582316.06,8454
2026-05-19,INE686F01025,UBL,EQ,1353.0,1366.3,1340.4,1348.3,1349.0,1354.5,133509,180507133.2,13838
2026-05-19,INE961D01019,UNIDT,EQ,225.08,252.0,223.66,237.09,238.29,225.08,186921,45078547.8,3518
2026-05-19,INE382M01027,UFBL,EQ,358.0,367.45,295.0,334.0,333.0,364.55,1266259,418603348.2,29816
2026-05-19,INE0SMR01011,UHTL,SM,56.0,56.3,54.0,54.05,54.0,54.55,32000,1744900.0,10
2026-05-19,INE458F01011,UNITEDTEA,EQ,549.95,551.0,532.95,539.2,538.9,534.3,1007,541898.5,136
2026-05-19,INE368U01029,UNITEDPOLY,EQ,31.26,37.6,31.26,34.67,34.79,32.06,634926,22405554.34,4578
2026-05-19,INE854D01024,UNITDSPR,EQ,1309.1,1328.0,1300.4,1304.9,1302.8,1315.7,707901,928144409.3,34530
2026-05-19,INE562X01013,UNIVASTU,EQ,69.2,70.89,69.2,69.99,70.3,69.81,41978,2935005.07,253
2026-05-19,INE279A01012,UNIVCABLES,EQ,980.5,1025.4,980.5,995.45,1000.0,975.8,93002,93421385.4,7234
2026-05-19,INE03V001013,UNIVPHOTO,BE,436.55,436.55,432.2,432.2,432.2,441.0,51,22068.05,5
2026-05-19,INE405E01023,UNOMINDA,EQ,1057.6,1062.3,1007.5,1051.9,1049.9,1067.8,2657446,2756999182.6,106385
2026-05-19,INE530B08110,IIFLZC28,NG,1618.44,1618.44,1618.44,1618.44,1618.44,1616.83,71,114909.24,2
2026-05-19,INE530B08094,10IIFL28A,NE,1015.0,1015.0,1015.0,1015.0,1015.0,1013.99,1539,1562085.0,12
2026-05-19,INE530B08102,96IIFL28A,NF,991.11,999.0,991.11,997.9,999.0,996.9,4358,4346169.53,39
2026-05-19,INE477L08154,96IIFL28,N5,998.95,999.0,996.81,997.04,996.9,998.95,2085,2079102.51,21
2026-05-19,INE866I08279,10IIFL29,N6,1030.0,1030.0,1030.0,1030.0,1030.0,998.0,50,51500.0,1
2026-05-19,INE774D08MG3,M&MFIN,N3,2345.0,2345.0,2340.0,2343.95,2343.95,2339.0,231,541652.58,6
2026-05-19,INE306N08292,910TCAP28,,1134.97,1134.97,1134.8,1134.8,1134.8,1081.18,110,124837.35,2
2026-05-19,INE851I01011,UDS,EQ,172.0,179.0,170.24,177.81,178.0,171.71,203021,35519757.99,4657
2026-05-19,INE628A01036,UPL,EQ,640.4,646.25,632.05,633.3,635.05,637.85,1844391,1173635094.95,29062
2026-05-19,INE0CBM01019,USASEEDS,SM,104.0,104.0,104.0,104.0,104.0,104.0,428,44512.0,1
2026-05-19,INE568Z01015,URAVIDEF,EQ,122.98,129.6,120.0,120.67,123.49,123.5,3962,487468.53,163
2026-05-19,INE0CAZ01013,URBANCO,EQ,123.79,125.13,121.09,121.94,121.2,122.26,3098068,382256743.06,23948
2026-05-19,INE0O0201019,URBAN,SM,136.3,140.8,133.0,133.05,133.0,132.9,24800,3401200.0,31
2026-05-19,INE550C01020,URJA,EQ,10.66,10.92,10.66,10.8,10.84,10.66,1074323,11619402.22,2898
2026-05-19,INE0LS001014,USHAFIN,SM,29.3,30.75,29.25,30.0,30.0,28.2,28800,860880.0,15
2026-05-19,INE240C01028,UMESLTD,BE,4.56,4.85,4.56,4.75,4.76,4.79,52036,239999.41,101
2026-05-19,INE228A01035,USHAMART,EQ,471.0,474.3,462.65,469.95,469.0,469.25,243277,114004867.0,10053
2026-05-19,INE00NI01015,UCL,ST,150.0,150.0,150.0,150.0,150.0,148.0,8000,1200000.0,3
2026-05-19,INE094J01016,UTIAMC,EQ,955.0,955.0,929.75,937.45,939.0,947.1,108131,101976915.7,5480
2026-05-19,INF789F1AUV1,BANKBETA,EQ,54.93,55.48,54.93,55.19,55.23,55.19,695589,38488811.8,2375
2026-05-19,INF789F1AZF3,GILT10BETA,EQ,26.13,26.22,25.91,26.22,26.22,26.0,42,1091.54,8
2026-05-19,INF789F1AZE6,GILT5BETA,EQ,65.13,65.25,64.47,65.25,65.25,65.42,115,7475.64,8
2026-05-19,INF789F1AZD8,ITBETA,EQ,305.9,309.36,305.9,306.2,306.15,296.51,4014,1235390.67,66
2026-05-19,INF789F1AYX9,MIDCAPBETA,EQ,225.28,226.99,224.68,225.07,224.68,224.16,2339,527802.21,36
2026-05-19,INF789F1AUW9,NEXT50BETA,EQ,74.03,74.6,73.73,74.14,74.16,74.03,92315,6850018.12,540
2026-05-19,INF789F1AZC0,NIFTYBETA,EQ,260.93,262.09,260.09,260.53,262.0,260.92,63151,16495932.96,465
2026-05-19,INF789FB1X58,SENSEXBETA,EQ,820.2,842.0,820.15,829.69,842.0,830.55,1587,1317564.84,91
2026-05-19,INF789F1AYK6,SILVERBETA,EQ,261.67,261.67,255.16,255.82,256.3,255.53,514277,132217386.19,4915
2026-05-19,INF789F1AUU3,SNXT50BETA,EQ,89.57,90.85,89.57,89.98,89.9,88.88,1566,141352.8,70
2026-05-19,INF789F1AUX7,GOLDBETA,EQ,128.6,133.1,128.6,133.0,133.1,131.9,290088,38526256.05,2012
2026-05-19,INE735W01017,UTKARSHBNK,EQ,13.3,13.45,13.21,13.29,13.25,13.3,3434767,45727571.11,7085
2026-05-19,INE06IJ01010,UTSSAV,SM,252.85,252.85,243.0,244.25,243.55,252.85,46200,11375670.0,68
2026-05-19,INE786F01031,UTTAMSUGAR,EQ,233.3,256.8,233.3,245.6,241.75,233.25,269394,65951541.75,6517
2026-05-19,INE0GXK01018,VMARCIND,SM,1063.5,1073.0,1025.0,1045.5,1073.0,1052.8,48750,51103462.5,173
2026-05-19,INE951I01027,VGUARD,EQ,316.95,326.0,312.0,312.85,312.85,317.45,507047,160751864.15,23294
2026-05-19,INE0QXL01015,VLINFRA,ST,26.9,26.9,25.2,25.2,25.2,26.15,4500,116025.0,3
2026-05-19,INE945H01021,V2RETAIL,EQ,217.31,231.99,214.36,226.03,225.5,217.32,1434837,325287984.17,23789
2026-05-19,INE956G01038,WABAG,EQ,1376.0,1417.5,1367.0,1391.2,1387.3,1376.0,194787,272044558.6,15996
2026-05-19,INE694D01016,VADILALIND,EQ,4139.8,4331.9,4127.0,4250.8,4239.0,4118.9,12438,53194061.1,2242
2026-05-19,INE884A01027,VAIBHAVGBL,EQ,211.99,227.99,211.0,223.79,224.47,210.51,567418,125753254.48,11798
2026-05-19,INE0JR301013,MADHAVBAUG,SM,195.25,195.25,183.4,190.6,192.25,201.05,52400,9991900.0,103
2026-05-19,INE972X01022,VAISHALI,BE,6.87,7.05,6.87,6.97,6.99,6.87,30197,210252.44,136
2026-05-19,INE051B01021,VAKRANGEE,EQ,6.18,6.36,6.18,6.25,6.29,6.25,2314738,14437667.61,2043
2026-05-19,INE0JWS01017,VALIANTLAB,BE,75.41,76.95,73.0,75.04,75.0,75.15,30652,2286137.45,124
2026-05-19,INE565V01010,VALIANTORG,EQ,301.15,311.4,293.55,301.6,300.0,301.95,66110,20024684.8,3417
2026-05-19,INE879I01012,DBREALTY,BE,114.05,118.0,112.0,116.13,115.75,114.34,589889,68024854.44,2971
2026-05-19,INE1E7Y01018,VALUE360,ST,71.5,74.0,70.0,72.3,72.5,71.4,68400,4906560.0,47
2026-05-19,INE116G01013,VARDHACRLC,EQ,43.3,44.95,43.23,44.28,44.15,43.27,56831,2522794.94,489
2026-05-19,INE701A01023,VHL,EQ,3548.0,3548.0,3400.0,3446.4,3418.0,3452.1,355,1229002.0,148
2026-05-19,INE835A01029,VARDMNPOLY,BE,6.49,6.49,6.19,6.21,6.37,6.35,160306,1004165.98,269
2026-05-19,INE050M01012,VSSL,EQ,277.2,282.45,275.0,279.7,278.95,277.2,24000,6661961.2,1094
2026-05-19,INE825A01020,VTL,EQ,595.0,615.5,590.3,613.7,614.0,595.75,417753,253250881.65,12653
2026-05-19,INE665L01035,VARROC,EQ,552.3,564.45,550.0,560.4,559.7,549.65,37631,21019920.65,4242
2026-05-19,INE200M01039,VBL,EQ,511.9,518.85,509.3,514.8,514.95,511.5,5130324,2647064984.0,59792
2026-05-19,INE273D01027,VGL,EQ,61.29,62.87,60.62,61.13,61.01,60.55,222391,13763097.13,911
2026-05-19,INE0N5801013,DENTALKART,SM,403.95,420.0,394.1,413.0,410.5,403.0,21000,8558537.5,56
2026-05-19,INE893I01013,VASCONEQ,BE,34.25,34.57,34.25,34.57,34.57,32.93,91584,3164340.78,241
2026-05-19,INE590L01019,VASWANI,EQ,55.83,55.83,54.03,54.65,54.62,54.74,27152,1491300.12,838
2026-05-19,INE098201036,VCL,EQ,1.43,1.5,1.41,1.43,1.45,1.43,697707,1008416.58,306
2026-05-19,INE04HY07294,1025VCCL28,N0,94601.0,94601.0,94601.0,94601.0,94601.0,92010.0,19,1797419.0,1
2026-05-19,INE04HY07260,116VCCL26A,N0,99500.0,99500.0,99500.0,99500.0,99500.0,99692.0,4,398000.0,2
2026-05-19,INE04HY08011,125VCCL31,N0,96500.0,96500.0,96500.0,96500.0,96500.0,96500.0,3,289500.0,2
2026-05-19,INE825V01034,MANYAVAR,EQ,431.4,441.45,430.8,431.95,432.9,431.4,66297,28831274.05,7509
2026-05-19,INE205A01025,VEDL,EQ,325.4,339.0,325.4,337.65,337.7,327.0,35074019,11673633466.1,147693
2026-05-19,INE484C01030,VEEDOL,EQ,1434.0,1434.0,1414.1,1425.9,1425.0,1411.3,5208,7400437.8,820
2026-05-19,INE0KTW01013,VEEKAYEM,ST,111.0,122.0,111.0,122.0,122.0,116.8,4500,510450.0,4
2026-05-19,INE232E01013,VELJAN,EQ,1088.9,1088.9,1007.4,1008.6,1009.0,1005.8,42,42511.4,17
2026-05-19,INE398A01010,VENKEYS,EQ,1498.0,1550.0,1493.3,1513.8,1510.7,1504.0,76807,117107340.3,5843
2026-05-19,INE781S01027,VENTIVE,EQ,638.95,642.0,631.65,639.9,642.0,632.95,25589,16345927.95,1495
2026-05-19,INE0JA001018,VENUSPIPES,EQ,1285.5,1375.0,1285.5,1351.4,1348.0,1297.2,39006,52595024.0,3882
2026-05-19,INE411B01019,VENUSREM,EQ,969.0,1005.2,969.0,1005.2,1005.2,957.35,29822,29830331.05,981
2026-05-19,INE0IQ001011,VERANDA,EQ,232.0,240.04,232.0,234.95,235.6,232.45,141336,33561843.18,2938
2026-05-19,INE0KXY23015,VERTIS,IV,108.01,108.01,108.01,108.01,108.01,108.0,150000,16201500.0,1
2026-05-19,INE188Y01031,VERTOZ,EQ,43.92,45.99,43.92,45.02,45.5,43.92,30569,1374444.42,477
2026-05-19,INE386A01023,VESUVIUS,EQ,465.9,486.75,465.9,478.75,476.15,467.9,56246,26883404.9,5647
2026-05-19,INE918N01018,VETO,EQ,109.26,112.2,109.26,110.23,111.0,109.26,27413,3024875.52,917
2026-05-19,INE0MO401019,VIAZ,SM,62.0,66.05,61.75,64.55,66.05,64.95,16000,1005200.0,8
2026-05-19,INE0QTF01015,VSTL,EQ,119.5,121.15,118.55,119.64,120.0,119.45,9537,1142819.49,624
2026-05-19,INE048C01025,VHLTD,BE,136.0,137.2,134.3,136.97,137.0,134.57,56372,7716031.37,80
2026-05-19,INE0F8901022,VICTORYEV,SM,15.0,15.4,15.0,15.35,15.35,14.95,18000,274800.0,6
2026-05-19,INE632C01026,VIDHIING,EQ,285.1,292.35,285.1,289.0,290.0,287.95,12540,3628911.55,608
2026-05-19,INE14UN01029,VIDYAWIRES,EQ,92.8,93.7,87.26,88.52,88.0,91.78,4897370,444485669.92,22069
2026-05-19,INE1DM601016,VIGOR,SM,55.3,55.3,55.25,55.25,55.25,55.0,3200,176880.0,2
2026-05-19,INE043W01024,VIJAYA,EQ,1296.5,1309.8,1261.2,1300.1,1304.4,1302.8,221194,284902929.2,11919
2026-05-19,INE0WL901019,VIJAYPD,ST,96.5,97.95,94.0,94.25,94.25,93.3,30000,2893700.0,15
2026-05-19,INE159N01027,VIJIFIN,BE,3.72,3.98,3.72,3.88,3.92,3.8,94487,363533.3,222
2026-05-19,INE806A01020,VIKASECO,EQ,1.34,1.35,1.3,1.3,1.31,1.32,1305837,1714150.69,1055
2026-05-19,INE161L01027,VIKASLIFE,EQ,1.49,1.51,1.44,1.47,1.49,1.49,1493644,2217685.41,1427
2026-05-19,INE078V01014,VIKRAMSOLR,EQ,200.01,208.3,200.01,201.51,201.01,201.09,1595444,324425097.54,21767
2026-05-19,INE01R501028,VIKRAN,EQ,67.4,69.0,66.25,67.22,66.85,67.31,1266889,86142923.12,8064
2026-05-19,INE0AZY01017,VILAS,SM,369.95,386.95,362.05,382.55,386.2,355.95,41000,15489550.0,127
2026-05-19,INE579C01029,VIMTALABS,EQ,448.5,459.45,448.45,453.1,452.4,444.75,112738,51251033.35,5682
2026-05-19,INE410B01037,VINATIORGA,EQ,1378.7,1388.4,1327.5,1329.4,1330.2,1388.6,69017,93142191.0,8750
2026-05-19,INE707A01012,VINDHYATEL,EQ,1610.0,1695.0,1610.0,1643.7,1651.0,1604.1,33710,56155930.8,4485
2026-05-19,INE505Y01010,VINEETLAB,BE,32.89,34.65,32.89,34.37,34.6,33.0,86712,2960098.78,168
2026-05-19,INE01KI01027,VINNY,EQ,1.11,1.15,1.11,1.14,1.15,1.11,238337,272338.02,142
2026-05-19,INE0OSJ01014,VINSYS,SM,334.5,334.5,295.0,324.6,317.0,305.0,5500,1778050.0,19
2026-05-19,INE498Q01014,VINCOFE,EQ,126.03,136.35,125.44,130.87,130.9,126.03,1611790,213640807.42,13670
2026-05-19,INE0OLS01010,VINYAS,SM,972.0,981.0,950.0,963.0,957.0,972.5,2200,2118245.0,19
2026-05-19,INE250B01029,VINYLINDIA,EQ,281.0,281.0,272.0,275.0,276.0,273.8,34316,9481631.55,1122
2026-05-19,INE450G01024,VIPCLOTHNG,BE,26.01,27.2,25.83,27.04,27.11,26.6,258954,6962533.0,261
2026-05-19,INE054A01027,VIPIND,EQ,294.7,298.85,288.4,294.25,293.55,292.45,431384,126542285.45,9305
2026-05-19,INE946H01037,VIPULLTD,EQ,9.11,9.13,8.75,9.11,9.13,8.7,122574,1116864.74,147
2026-05-19,INE539B01017,VIRINCHI,EQ,16.45,17.18,16.16,16.42,16.51,16.68,44506,738439.16,308
2026-05-19,INE0VRH01015,VGINFOTECH,SM,148.2,150.0,145.2,148.35,148.5,148.35,15000,2219800.0,15
2026-05-19,INE286H01012,VISASTEEL,BE,44.73,47.92,43.8,47.92,47.92,45.64,9584,447779.57,129
2026-05-19,INE370E01029,VIVIDHA,EQ,0.5,0.51,0.48,0.5,0.51,0.49,199179,101332.49,139
2026-05-19,INE392A01021,VISAKAIND,EQ,78.0,79.4,73.28,73.61,73.7,76.57,399640,30083819.01,3213
2026-05-19,INE01EA01019,VMM,EQ,122.5,122.99,120.7,121.56,121.12,121.63,8705967,1063058005.39,49307
2026-05-19,INE270I01022,VISHNU,EQ,584.3,607.15,581.45,598.1,600.0,579.2,131277,78482286.4,5423
2026-05-19,INE0AE001013,VPRPL,BE,37.86,39.33,37.8,39.33,39.33,37.46,150420,5830180.44,773
2026-05-19,INE0PQ001012,VISHNUINFR,SM,160.0,166.0,160.0,166.0,166.0,167.0,7000,1135500.0,8
2026-05-19,INE430N01022,VISHWARAJ,EQ,5.25,5.41,5.25,5.35,5.33,5.25,110514,592164.46,314
2026-05-19,INE0S2E01016,VISHWAS,SM,55.8,55.8,55.8,55.8,55.8,55.8,1600,89280.0,1
2026-05-19,INE0TR001017,VIESL,SM,308.0,319.3,302.25,314.85,314.75,304.9,15200,4747600.0,18
2026-05-19,INE0L4K01016,VITAL,BE,59.5,59.5,55.52,57.4,56.0,57.25,8648,487782.75,24
2026-05-19,INE0MEG01014,VIVIANA,SM,795.0,802.95,770.0,777.15,772.05,782.65,19600,15332500.0,82
2026-05-19,INE24H301028,VIVIDEL,ST,900.75,945.75,870.0,945.75,945.75,900.75,31680,29442216.0,102
2026-05-19,INE526G01021,VIVIMEDLAB,BE,6.3,6.63,6.1,6.57,6.42,6.32,190230,1190562.28,212
2026-05-19,INE807F01027,VIYASH,EQ,228.02,232.99,225.55,228.73,228.0,225.48,1189812,272258116.11,22329
2026-05-19,INE03HW01020,VLEGOV,BE,13.68,14.0,13.6,13.77,13.9,13.58,52745,730198.2,276
2026-05-19,INE709A01018,VLSFINANCE,EQ,234.68,234.75,230.54,231.54,232.5,230.23,5110,1185114.97,189
2026-05-19,INE665J01013,VMART,EQ,638.95,650.75,634.0,637.15,637.0,639.25,114233,73100867.7,9160
2026-05-19,INE0SJA01013,VMSTMT,BE,46.11,47.5,46.11,46.38,46.31,47.08,20908,971740.29,231
2026-05-19,INE669E01016,IDEA,EQ,12.98,13.68,12.86,13.52,13.45,12.86,1543430179,20594212502.27,839644
2026-05-19,INE241X01014,VOLERCAR,SM,218.0,226.0,216.45,216.45,216.45,211.1,30400,6646800.0,12
2026-05-19,INE540H01012,VOLTAMP,EQ,9226.0,9333.0,8950.0,9051.0,9075.0,9226.0,82375,746639669.0,25559
2026-05-19,INE226A01021,VOLTAS,EQ,1252.8,1310.0,1251.0,1302.6,1301.0,1252.8,1272392,1645837802.1,43207
2026-05-19,INE0S2V01010,VRAJ,EQ,119.75,121.79,118.0,120.43,121.0,118.48,28737,3448451.47,1419
2026-05-19,INE366I01010,VRLLOG,EQ,246.0,247.0,242.0,245.3,244.1,243.7,86358,21087352.55,4384
2026-05-19,INE710A01016,VSTIND,EQ,255.5,259.2,254.3,257.1,256.9,252.5,168613,43429943.65,3949
2026-05-19,INE764D01017,VSTTILLERS,EQ,4700.5,4700.5,4490.0,4576.0,4599.0,4625.5,12257,55924397.5,3723
2026-05-19,INE765D01022,WPIL,EQ,450.0,469.9,449.0,462.35,464.0,442.05,125861,58308699.1,4857
2026-05-19,INE100D01014,WSI,EQ,69.7,69.99,67.73,69.09,69.88,66.92,35428,2431497.51,340
2026-05-19,INE377N01017,WAAREEENER,EQ,2996.8,3047.4,2986.0,2998.8,2994.0,2997.5,796513,2404524987.4,33701
2026-05-19,INE299N01021,WAAREERTL,EQ,948.0,963.6,936.0,941.1,940.0,933.8,286223,272060741.0,16369
2026-05-19,INE0E7301029,WAKEFIT,EQ,146.77,154.8,142.01,144.29,143.63,152.09,4404232,652845285.15,53487
2026-05-19,INE711A01022,WALCHANNAG,EQ,237.8,240.29,232.52,236.49,235.0,233.99,1023396,241573763.28,15610
2026-05-19,INE107F01022,WANBURY,BE,252.05,260.45,251.05,258.1,257.9,251.85,38448,9819675.5,233
2026-05-19,INE0A3007065,1075WCA28,N0,9600.0,9769.71,9570.01,9769.71,9769.71,9600.0,12,116665.25,5
2026-05-19,INE082W01014,WEWIN,BE,59.3,59.3,55.86,55.86,55.86,58.8,5315,297166.8,73
2026-05-19,INF2F0001370,TWCGOLDETF,EQ,156.3,158.0,156.25,157.09,157.2,155.53,203,31824.78,12
2026-05-19,INE658T01017,WEALTH,EQ,898.35,909.95,893.9,902.1,907.7,898.35,842,759808.35,77
2026-05-19,INE855C01023,WEBELSOLAR,EQ,101.8,105.57,99.59,105.57,105.57,100.55,1999325,207945067.57,10223
2026-05-19,INE080A01014,WEIZMANIND,EQ,84.0,84.79,81.1,81.57,81.38,82.02,843,69048.93,33
2026-05-19,INE191B01025,WELCORP,EQ,1300.1,1306.5,1267.7,1280.7,1286.7,1297.9,713545,914761578.3,38771
2026-05-19,INE625G01013,WELENT,EQ,489.0,499.9,489.0,493.55,490.9,489.0,234027,115617667.8,12740
2026-05-19,INE389K01018,WELINV,EQ,1816.3,1900.0,1800.0,1800.2,1800.0,1816.3,1923,3490239.7,248
2026-05-19,INE192B01031,WELSPUNLIV,EQ,139.88,141.75,138.39,140.39,140.6,138.67,1497207,209302810.0,15396
2026-05-19,INE731F01037,WELSPLSOL,EQ,41.1,41.53,40.62,40.93,41.0,41.1,128203,5253838.63,1405
2026-05-19,INE274C01019,WENDT,EQ,6836.0,7096.0,6836.0,6911.0,6948.0,6786.0,5597,38873611.0,1327
2026-05-19,INE976A01021,WSTCSTPAPR,EQ,470.95,483.9,470.95,475.9,472.0,466.4,78014,37262720.8,4106
2026-05-19,INE0CJF01024,WCIL,EQ,96.7,98.09,95.95,96.67,97.94,95.96,95188,9234796.35,2172
2026-05-19,INE274F01020,WESTLIFE,EQ,466.95,477.95,461.2,466.4,462.0,466.9,185418,87089512.15,11108
2026-05-19,INE085001019,WEWORK,EQ,483.0,502.55,479.65,498.9,498.9,483.85,132315,65879737.75,13258
2026-05-19,INE715A01015,WHEELS,EQ,1616.5,1630.9,1535.0,1564.2,1557.0,1590.6,247681,390950919.7,16345
2026-05-19,INE716A01013,WHIRLPOOL,EQ,855.0,868.9,843.9,849.85,846.0,854.95,117131,100140721.95,11059
2026-05-19,INE210A01017,WILLAMAGOR,EQ,28.93,28.93,27.22,27.57,27.58,27.99,2749,78054.26,38
2026-05-19,INE015B01018,WIMPLAST,EQ,343.0,352.0,343.0,348.05,348.2,348.0,5325,1851932.2,358
2026-05-19,INE0H5O01029,WINDLAS,EQ,779.0,784.95,761.0,767.4,761.0,776.2,32280,24928963.65,2069
2026-05-19,INE052A01021,WINDMACHIN,EQ,278.0,292.2,277.95,287.35,288.6,277.1,43346,12444601.3,1756
2026-05-19,INE0S3D01016,WINSOL,SM,131.8,137.0,131.8,134.85,137.0,131.9,1600,214520.0,4
2026-05-19,INE784B01035,WINSOME,BZ,2.1,2.14,2.06,2.14,2.14,2.1,4778,10120.8,12
2026-05-19,INE075A01022,WIPRO,EQ,192.4,198.0,192.4,195.17,195.5,192.17,20534622,4025695177.98,119758
2026-05-19,INE623Y01011,WTICAB,SM,92.3,92.4,89.0,89.65,90.95,88.2,8500,776025.0,15
2026-05-19,INE049B01025,WOCKPHARMA,EQ,1581.0,1633.0,1561.2,1620.2,1615.4,1571.5,1406803,2261264384.5,52766
2026-05-19,INE0OO201011,WOL3D,SM,168.0,174.0,168.0,172.0,172.0,165.0,22000,3762850.0,19
2026-05-19,INE0Q9601016,WOMANCART,SM,125.95,132.9,125.0,130.0,130.0,121.4,30000,3888000.0,56
2026-05-19,INE02WG01024,WEL,EQ,103.3,107.85,103.3,106.2,105.59,102.81,451320,47884736.23,3143
2026-05-19,INE066O01014,WONDERLA,EQ,480.4,483.05,477.0,478.7,477.5,479.7,41408,19902855.4,3832
2026-05-19,INE196Y01018,WORTHPERI,EQ,139.0,139.0,127.35,131.88,134.34,135.89,6603,871703.34,155
2026-05-19,INE692G01013,XCHANGING,EQ,65.81,67.79,65.51,66.62,66.5,65.81,117634,7848862.27,1261
2026-05-19,INE01P501012,XELPMOC,EQ,96.55,108.0,96.55,106.57,108.0,97.01,77584,8075532.08,1281
2026-05-19,INE445C01015,XPROINDIA,EQ,1061.0,1142.0,1061.0,1099.8,1094.5,1061.6,32630,35903465.2,2364
2026-05-19,INE547B01028,XTGLOBAL,EQ,30.5,31.95,29.92,31.31,31.7,29.97,32227,1001959.29,546
2026-05-19,INE0U0J01015,YAAP,ST,209.9,209.9,194.1,194.1,194.1,201.9,4000,798100.0,4
2026-05-19,INE0TO601017,YASHOPTICS,SM,135.0,135.0,130.1,131.05,130.1,133.9,4800,640480.0,6
2026-05-19,INE616Z01012,YASHO,EQ,1850.9,1935.0,1802.5,1818.8,1810.0,1708.0,190884,355564795.0,14637
2026-05-19,INE0JO301016,YATHARTH,EQ,809.1,845.0,809.0,832.85,837.0,808.5,340832,284186200.0,16227
2026-05-19,INE0JR601024,YATRA,EQ,95.0,95.55,93.25,94.29,93.71,93.82,909553,86107990.91,6944
2026-05-19,INE528G01035,YESBANK,EQ,21.84,22.13,21.72,21.97,21.95,21.81,68781455,1510263546.04,64588
2026-05-19,INE09FA01019,YUDIZ,SM,25.15,25.8,25.15,25.8,25.8,26.25,1600,40760.0,2
2026-05-19,INE384C01016,YUKEN,EQ,681.5,681.5,660.5,665.9,666.5,666.5,5711,3806619.05,631
2026-05-19,INE116C01012,ZFSTEERING,EQ,710.1,730.0,700.0,709.4,723.45,716.25,1148,817810.15,95
2026-05-19,INE0ISZ01012,ZTECH,SM,565.0,597.0,565.0,590.55,590.0,569.95,41100,23982855.0,55
2026-05-19,INE07K301024,ZAGGLE,EQ,219.15,224.5,216.11,220.19,219.79,218.83,2034685,448363251.86,24696
2026-05-19,INE0PPS01018,ZEAL,SM,69.75,70.0,69.0,69.0,69.0,65.4,2400,167250.0,4
2026-05-19,INE256A01028,ZEEL,EQ,84.71,88.46,84.71,87.68,87.72,84.57,8880197,773814398.66,38971
2026-05-19,INE565L01011,ZEELEARN,EQ,5.82,5.97,5.71,5.76,5.72,5.81,869779,5053959.82,789
2026-05-19,INE966H01019,ZEEMEDIA,EQ,7.77,8.05,7.72,8.05,8.05,7.67,664972,5284969.32,766
2026-05-19,INE251B01027,ZENTEC,EQ,1560.0,1582.9,1545.6,1564.5,1552.0,1557.0,305974,479646318.8,20687
2026-05-19,INE0QWN01013,ZENITHDRUG,SM,39.0,39.25,38.65,39.0,38.85,39.0,4800,186720.0,6
2026-05-19,INE318D01020,ZENITHSTL,EQ,5.84,5.99,5.84,5.93,5.92,5.96,34565,204977.09,122
2026-05-19,INE520A01027,ZENSARTECH,EQ,486.5,506.85,486.5,493.9,495.0,486.25,442942,220525873.45,19538
2026-05-19,INF0R8F01042,GOLDCASE,EQ,25.42,25.98,24.68,24.91,24.92,24.68,6734464,167395828.03,10316
2026-05-19,INF0R8F01034,LIQUIDCASE,EQ,114.11,114.13,114.11,114.12,114.13,114.1,16746246,1911122787.98,9043
2026-05-19,INF0R8F01133,LTGILTCASE,EQ,30.42,30.42,29.52,29.57,29.58,29.53,153106,4534015.71,150
2026-05-19,INF0R8F01059,MID150CASE,EQ,11.3,11.3,11.06,11.21,11.22,11.13,974298,10940606.59,3228
2026-05-19,INF0R8F01166,NIFTYCASE,EQ,9.47,9.47,9.41,9.42,9.43,9.42,1334537,12601624.71,1718
2026-05-19,INF0R8F01091,SILVERCASE,EQ,26.86,27.3,26.55,26.89,26.94,26.86,12250663,331567126.72,12967
2026-05-19,INF0R8F01141,SML100CASE,EQ,10.25,10.3,9.85,10.08,10.11,10.05,884455,8945915.52,1088
2026-05-19,INF0R8F01067,TOP100CASE,EQ,10.36,10.36,10.18,10.27,10.3,10.26,462428,4753523.3,1213
2026-05-19,INE342J01019,ZFCVINDIA,EQ,14538.0,14538.0,14190.0,14325.0,14327.0,14358.0,10901,155799910.0,3938
2026-05-19,INE518E01015,ZIMLAB,BE,97.9,102.28,93.2,100.6,102.0,97.41,45544,4542819.92,304
2026-05-19,INE206B01013,ZODIACLOTH,EQ,76.35,79.34,76.35,77.94,76.6,76.0,1632,127022.45,50
2026-05-19,INE761Y01019,ZODIAC,BE,286.0,295.8,281.0,293.65,294.75,281.75,9999,2912296.75,236
2026-05-19,INE358U01012,ZOTA,EQ,1191.2,1227.0,1191.2,1205.4,1201.0,1199.9,21095,25573173.9,1333
2026-05-19,INE840M01016,ZUARI,EQ,218.88,219.25,213.5,214.71,214.0,214.0,127408,27574162.07,3456
2026-05-19,INE217A01012,ZUARIIND,EQ,245.45,249.9,243.8,245.3,245.0,244.8,30993,7659195.45,1282
2026-05-19,INE010B01027,ZYDUSLIFE,EQ,995.0,1048.0,995.0,1018.9,1017.7,991.1,5876623,6041839967.45,150097
2026-05-19,INE768C01028,ZYDUSWELL,EQ,495.6,513.25,483.1,509.1,512.0,495.65,649868,324503013.8,20797
