trade_date,isin,symbol,series,open,high,low,close,last_price,prev_close,volume,turnover,trades
2026-02-09,IN0020200104,SGBJUN28,GB,15455.0,15799.99,15455.0,15754.89,15750.01,15275.05,1165,18238555.16,115
2026-02-09,IN0020200286,SGBN28VIII,GB,15403.3,15999.0,15403.3,15727.75,15779.0,15348.5,106,1666172.61,46
2026-02-09,IN0020210053,SGBMAY29I,GB,15499.0,15850.01,15417.56,15782.25,15813.5,15302.97,1024,16106131.81,184
2026-02-09,IN0020210061,SGBJUN29II,GB,15502.0,15900.0,15502.0,15732.34,15725.0,15459.39,163,2559422.67,49
2026-02-09,IN0020210087,SGBJU29III,GB,15501.0,15799.0,15501.0,15766.22,15752.45,15316.41,103,1617296.95,38
2026-02-09,IN0020210145,SGBSEP29VI,GB,15874.0,15874.0,15551.0,15768.22,15766.0,15358.61,188,2958590.39,51
2026-02-09,IN0020210178,SGBNV29VII,GB,15773.0,15807.99,15720.01,15800.0,15800.0,15273.33,127,2002060.03,45
2026-02-09,IN0020180033,SGBMAY26,GB,15450.0,15697.79,15430.01,15599.9,15599.9,15410.61,57,886969.39,15
2026-02-09,IN0020180249,SGBOCT26,GB,15789.0,15789.0,15789.0,15789.0,15789.0,15306.0,2,31578.0,1
2026-02-09,IN0020180389,SGBDEC26,GB,15420.0,16029.75,15420.0,16028.89,16028.75,17044.0,24,379591.25,8
2026-02-09,IN0020190081,SGBJUL27,GB,15650.0,15700.0,15507.01,15700.0,15700.0,15299.0,20,311763.09,4
2026-02-09,IN0020190107,SGBAUG27,GB,15871.7,16000.0,15871.0,15879.0,15879.0,15873.7,21,334079.8,12
2026-02-09,IN0020190115,SGBSEP27,GB,15666.0,15850.0,15666.0,15850.0,15850.0,15192.1,6,94308.0,4
2026-02-09,IN0020180462,SGBJAN27,GB,15452.01,15749.0,15452.01,15469.11,15469.11,15299.0,10,156056.35,4
2026-02-09,IN0020190370,SGBOCT27,GB,15751.36,15908.0,15501.0,15501.0,15501.0,15751.36,16,252074.36,9
2026-02-09,IN0020180561,SGBFEB27,GB,17699.0,17699.0,17699.0,17699.0,17699.0,18284.0,1,17699.0,1
2026-02-09,IN0020190388,SGBOCT27VI,GB,15356.21,15699.0,15356.21,15699.0,15699.0,15305.0,9,140911.21,7
2026-02-09,IN0020190461,SGBDC27VII,GB,15351.01,16300.0,15350.01,15699.91,15700.02,15349.0,109,1708264.72,41
2026-02-09,IN0020200062,SGBAPR28I,GB,15701.0,15848.85,15461.01,15797.9,15795.47,15323.24,287,4514479.69,109
2026-02-09,IN0020200088,SGBMAY28,GB,15506.0,15800.01,15501.0,15755.58,15701.0,15329.86,334,5236117.49,65
2026-02-09,IN0020200146,SGBJUL28IV,GB,15701.0,15818.0,15649.0,15715.09,15710.0,15304.93,699,10999472.05,94
2026-02-09,IN0020190545,SGBFEB28IX,GB,15501.0,15651.0,15501.0,15651.0,15651.0,15500.0,16,248186.0,6
2026-02-09,IN0020200161,SGBAUG28V,GB,15887.0,15892.98,15634.05,15867.54,15852.0,15326.8,1189,18782437.9,294
2026-02-09,IN0020200195,SGBSEP28VI,GB,15581.0,15846.84,15502.01,15759.78,15751.0,15301.82,385,6060470.66,94
2026-02-09,IN0020200203,SGBOC28VII,GB,15351.01,15880.0,15351.01,15710.76,15710.0,15299.23,157,2460361.52,42
2026-02-09,IN0020190537,SGBJ28VIII,GB,15600.0,15798.99,15600.0,15798.99,15798.99,15592.0,14,218787.99,3
2026-02-09,IN0020190552,SGBMAR28X,GB,15652.6,15898.98,15502.01,15502.01,15502.01,15349.0,53,832500.95,20
2026-02-09,IN0020210111,SGBJUL29IV,GB,15994.0,15994.0,15552.0,15702.88,15705.04,15311.62,228,3602555.74,51
2026-02-09,IN0020200377,SGBJAN29IX,GB,15502.4,15800.0,15430.0,15759.42,15736.0,15304.95,676,10645101.76,104
2026-02-09,IN0020210129,SGBAUG29V,GB,16000.0,16100.01,15871.0,15963.39,15999.99,15786.47,314,5030029.9,77
2026-02-09,IN0020210228,SGBD29VIII,GB,16240.0,16240.0,15700.0,15810.57,15810.0,15590.5,205,3239540.02,69
2026-02-09,IN0020200385,SGBJAN29X,GB,15666.0,15785.0,15600.0,15760.0,15760.0,15298.5,165,2590274.2,47
2026-02-09,IN0020200393,SGBFEB29XI,GB,15992.85,15998.0,15525.01,15772.33,15791.0,15348.17,146,2296305.78,46
2026-02-09,IN0020200427,SGBMR29XII,GB,15650.0,15830.0,15547.95,15779.1,15800.0,15304.15,240,3781536.47,58
2026-02-09,IN0020220045,SGBJUN30,GB,15999.0,16399.0,15804.0,16050.0,16050.0,15551.0,186,2976927.02,78
2026-02-09,IN0020220078,SGBAUG30,GB,16157.56,16495.9,16006.0,16195.07,16223.0,16047.75,225,3639071.08,85
2026-02-09,IN0020220110,SGBDE30III,GB,16085.01,16265.0,16084.01,16133.63,16125.0,15767.64,158,2553803.47,81
2026-02-09,IN0020210236,SGBJAN30IX,GB,15778.0,15901.01,15750.22,15824.13,15819.0,15609.5,235,3716195.54,81
2026-02-09,IN0020210319,SGBMAR30X,GB,15721.01,16001.0,15721.01,15864.23,15860.0,15716.67,92,1463273.51,40
2026-02-09,IN0020230069,SGBJUN31I,GB,16302.44,16383.95,16113.03,16162.05,16170.0,15903.85,911,14815549.18,240
2026-02-09,IN0020230093,SGBSEP31II,GB,16212.0,16455.87,16055.0,16264.15,16256.01,16015.36,1147,18685570.42,251
2026-02-09,IN0020230168,SGBDE31III,GB,16506.56,16724.99,16111.0,16536.08,16500.0,16285.6,2589,42830807.64,443
2026-02-09,IN0020220169,SGBMAR31IV,GB,16121.0,16199.92,15804.0,16083.5,16099.99,15800.37,2232,35628513.2,192
2026-02-09,IN0020230184,SGBFEB32IV,GB,18117.56,18500.0,18059.25,18146.79,18100.0,17811.58,1956,35654339.1,529
2026-02-09,INE144J01027,20MICRONS,EQ,172.6,187.05,172.6,183.87,184.25,171.02,284350,51742500.11,5980
2026-02-09,INE253B01015,21STCENMGM,EQ,41.11,41.11,39.55,39.88,39.66,40.31,10921,440698.99,106
2026-02-09,INE466L01038,360ONE,EQ,1114.9,1140.0,1114.9,1138.3,1138.0,1113.9,357498,403719206.0,13376
2026-02-09,INF579M01BB5,GOLD360,EQ,147.1,151.8,147.1,151.35,151.5,145.85,124685,18784300.05,1567
2026-02-09,INF579M01BC3,SILVER360,EQ,245.65,254.55,245.65,253.05,253.9,230.77,209766,52568653.63,4112
2026-02-09,INE748C01038,3IINFOLTD,EQ,15.21,15.7,15.07,15.54,15.57,15.21,338687,5223334.64,1328
2026-02-09,INE470A01017,3MINDIA,EQ,35355.0,37740.0,35200.0,36485.0,36400.0,35190.0,7114,256839485.0,4033
2026-02-09,INE105C01023,3PLAND,EQ,34.56,36.15,34.06,35.49,35.54,34.56,9291,323411.51,96
2026-02-09,INE618L01018,5PAISA,EQ,329.6,343.7,329.3,340.8,336.35,329.25,45424,15271617.1,1951
2026-02-09,INE111B01023,63MOONS,EQ,634.0,727.75,633.95,709.85,710.0,634.2,1075259,750635221.35,25671
2026-02-09,INE020B07JU4,743REC35,NH,1170.0,1170.0,1170.0,1170.0,1170.0,1164.0,40,46800.0,1
2026-02-09,INE031A07865,751HUDCO28,N5,1038.99,1038.99,1037.99,1037.99,1037.99,1035.0,637,661200.63,3
2026-02-09,INE134E07588,760PFCL35,N3,1167.61,1167.61,1167.61,1167.61,1167.61,1167.06,83,96911.63,1
2026-02-09,INE261F07032,764NABAR31,N2,1149.01,1149.2,1149.01,1149.2,1149.2,1149.05,33,37919.04,6
2026-02-09,INE031A07AO5,764HUDCO31,N8,1095.6,1104.4,1095.6,1104.4,1104.4,1098.7,1214,1332999.1,8
2026-02-09,INE031A07AT4,769HUDCO31,N9,1100.35,1104.0,1100.35,1104.0,1104.0,1100.35,50,55105.1,2
2026-02-09,INE202E07229,774IREDA31,N7,1094.0,1098.0,1094.0,1098.0,1098.0,1094.0,119,130658.0,3
2026-02-09,INE031A07840,82HUDCO27,N2,1108.0,1108.0,1108.0,1108.0,1108.0,1108.0,100,110800.0,1
2026-02-09,INE134E07208,830PFCL27,N5,1055.0,1055.0,1055.0,1055.0,1055.0,1055.0,1,1055.0,1
2026-02-09,INE787H07347,866IIFC34B,N3,1220.1,1220.1,1220.1,1220.1,1220.1,1197.8,10,12201.0,1
2026-02-09,INE774D08LU6,872MMFSL26,N1,1018.0,1018.69,1018.0,1018.69,1018.69,1017.0,20,20370.35,2
2026-02-09,INE906B07DF8,875NHAI29,N6,1174.5,1178.5,1174.15,1175.9,1175.9,1174.15,578,679440.8,13
2026-02-09,INE787H07370,891IIFCL34,N4,1230.0,1230.0,1230.0,1230.0,1230.0,1224.94,1,1230.0,1
2026-02-09,INE733E07JJ9,891NTPC33,N6,1226.0,1229.99,1225.0,1226.98,1226.98,1225.7,316,387362.14,20
2026-02-09,INE848E07567,892NHPC33,N6,1302.0,1302.0,1290.0,1302.0,1302.0,1302.0,659,852639.0,10
2026-02-09,INE134E07463,892PFCL33,N8,1239.0,1239.0,1229.1,1230.05,1229.1,1234.99,1365,1681487.99,17
2026-02-09,INE774D08MA6,9MMFSML,N2,1056.0,1060.0,1056.0,1058.06,1058.05,1058.08,742,784267.4,23
2026-02-09,INE031A07AB2,901HUDCO34,NE,1239.5,1260.0,1235.0,1235.02,1235.0,1240.0,2267,2810086.43,21
2026-02-09,INE08PH01015,ABCOTS,EQ,430.8,440.0,420.0,438.25,430.0,427.75,15024,6502209.85,772
2026-02-09,INE00YB01025,ABINFRA,EQ,21.0,21.0,19.8,20.18,20.03,20.4,766408,15729204.09,1650
2026-02-09,INE0O6N01012,AGUL,SM,69.6,73.5,69.6,73.5,73.5,70.3,22000,1552800.0,5
2026-02-09,INE619I01012,A2ZINFRA,EQ,14.04,14.5,13.9,14.22,14.25,14.0,293348,4166670.7,730
2026-02-09,INE0D0U01013,AAATECH,BE,100.39,102.5,99.0,101.25,101.3,99.0,19885,2011312.65,287
2026-02-09,INE883F01010,AADHARHFC,EQ,474.85,479.95,473.4,477.5,476.55,474.7,311328,148810520.55,12994
2026-02-09,INE1GYP01013,AAKAAR,SM,51.0,51.0,51.0,51.0,51.0,51.0,3200,163200.0,2
2026-02-09,INE087Z01024,AAKASH,EQ,7.68,8.14,7.68,7.81,7.77,7.8,81559,640498.95,337
2026-02-09,INE124401014,AARADHYA,SM,115.0,115.0,115.0,115.0,115.0,115.0,1200,138000.0,1
2026-02-09,INE198H01019,AAREYDRUGS,EQ,67.18,70.5,67.0,69.73,69.5,67.18,97540,6779326.68,939
2026-02-09,INE721Z01010,AARON,EQ,164.31,166.04,162.61,164.67,164.0,163.22,9560,1570790.41,392
2026-02-09,INE01C001026,AARTECH,EQ,46.6,52.39,46.01,48.5,48.1,46.08,115038,5628584.1,1538
2026-02-09,INE767A01016,AARTIDRUGS,EQ,380.0,380.05,374.9,377.15,376.55,374.65,123205,46447477.45,5584
2026-02-09,INE769A01020,AARTIIND,EQ,448.9,471.9,443.15,470.4,468.2,440.95,3345576,1547529352.0,72799
2026-02-09,INE0LRU01027,AARTIPHARM,EQ,785.0,799.8,771.1,794.75,799.0,776.8,210831,166043667.4,13585
2026-02-09,INE09EO01013,AARTISURF,EQ,426.8,448.0,426.8,441.8,432.0,426.75,12265,5357062.85,971
2026-02-09,INE09EO04017,AARTISURF,P1,195.55,200.0,195.55,198.45,197.95,195.55,258,51141.4,9
2026-02-09,INE754X01016,AARVI,EQ,130.97,134.0,129.0,131.07,129.3,130.97,29996,3964891.97,822
2026-02-09,INE216P01012,AAVAS,EQ,1305.2,1338.0,1282.5,1328.0,1327.0,1301.4,256422,337834494.1,20411
2026-02-09,INE421A01028,ABAN,BE,21.49,21.49,20.7,20.94,21.26,21.25,86519,1834029.63,392
2026-02-09,INE00ZE01026,AFSL,EQ,202.0,220.0,202.0,213.23,217.0,202.79,21453,4525719.91,616
2026-02-09,INE117A01022,ABB,EQ,5845.0,5850.0,5748.0,5815.5,5815.5,5816.0,137449,798238204.0,18100
2026-02-09,INE358A01014,ABBOTINDIA,EQ,27450.0,27700.0,27305.0,27480.0,27475.0,27365.0,10042,275849480.0,3482
2026-02-09,INE860H07IP2,78ABCL33,N1,1050.0,1050.0,1050.0,1050.0,1050.0,1030.0,28,29400.0,1
2026-02-09,INE0UYG01015,ABHAPOWER,SM,33.0,33.0,33.0,33.0,33.0,32.9,3200,105600.0,2
2026-02-09,INE251C01025,ABMINTLLTD,EQ,42.0,47.79,41.4,44.43,42.73,43.03,1438,63723.55,30
2026-02-09,INE0QRV01016,ABSMARINE,SM,176.0,180.0,174.2,178.8,180.0,173.25,57000,10149925.0,85
2026-02-09,INE012A01025,ACC,EQ,1671.9,1709.8,1671.9,1706.1,1705.0,1667.4,131395,222768551.0,9012
2026-02-09,INE793A01012,ACCELYA,EQ,1252.8,1267.5,1201.0,1211.7,1206.6,1274.2,80558,98861125.9,5952
2026-02-09,INE0Q5D01013,ACCENTMIC,SM,331.0,339.95,331.0,335.05,335.05,330.0,15500,5234500.0,29
2026-02-09,INE0T8T01010,ACCPL,ST,66.7,68.5,66.7,67.05,67.05,66.6,10800,729300.0,8
2026-02-09,INE648Z01023,ACCURACY,EQ,5.14,5.29,5.11,5.18,5.2,5.14,58214,300838.59,407
2026-02-09,INE543V01017,ACEINTEG,EQ,19.61,20.3,19.18,19.24,20.21,19.59,6851,132609.49,86
2026-02-09,INE622W01025,ACMESOLAR,EQ,224.99,230.0,222.0,228.03,228.0,221.59,443783,100680219.73,9514
2026-02-09,INE731H01025,ACE,EQ,926.0,940.0,921.0,923.05,921.0,919.45,211355,195862659.45,12298
2026-02-09,INE0KLO01025,ACTIVEINFR,SM,170.0,170.0,170.0,170.0,170.0,170.0,600,102000.0,1
2026-02-09,INE00FF01025,ACUTAAS,EQ,1987.1,2008.4,1976.5,2002.7,2001.8,1986.9,275789,551117116.4,21700
2026-02-09,INE931S01010,ADANIENSOL,EQ,1023.8,1040.0,1023.3,1032.5,1026.9,1017.7,1002729,1033766343.0,26174
2026-02-09,INE423A01024,ADANIENT,EQ,2250.0,2288.0,2240.0,2250.1,2250.4,2226.4,1650899,3733514090.1,50286
2026-02-09,INE364U01010,ADANIGREEN,EQ,985.0,996.25,976.45,982.65,982.0,971.85,1645440,1616294145.0,31363
2026-02-09,INE742F01042,ADANIPORTS,EQ,1575.9,1583.9,1554.5,1561.7,1557.0,1550.7,1761025,2754277729.2,54926
2026-02-09,INE814H01029,ADANIPOWER,EQ,154.0,154.85,150.6,151.37,151.1,152.74,13739514,2093816887.6,81375
2026-02-09,INE399L01023,ATGL,EQ,552.8,564.8,544.0,545.55,546.0,543.5,542445,299274907.4,21460
2026-02-09,INE0RDH01021,ADDICTIVE,SM,105.0,105.0,101.1,103.95,103.95,104.0,2500,258075.0,5
2026-02-09,INE982B01027,ADFFOODS,EQ,226.92,232.0,224.07,225.31,225.9,226.92,169785,38528001.98,3676
2026-02-09,INE404A01024,ABSLAMC,EQ,815.0,825.0,810.2,819.7,818.45,813.0,97440,79732434.05,13499
2026-02-09,INE674K01013,ABCAPITAL,EQ,350.05,355.4,348.3,352.9,353.45,347.75,4187610,1476340442.7,55432
2026-02-09,INE647O01011,ABFRL,EQ,69.49,75.05,68.22,74.27,74.48,68.82,15609658,1137663481.81,54433
2026-02-09,INE14LE01019,ABLBL,EQ,111.31,115.53,111.31,114.96,114.75,111.18,1039349,119068859.16,9317
2026-02-09,INE865C01022,BIRLAMONEY,EQ,124.2,141.09,124.16,130.63,131.0,124.16,196373,25890040.71,5504
2026-02-09,INE055A01016,ABREL,EQ,1352.0,1457.4,1349.1,1426.6,1412.5,1351.9,418895,594066095.6,27150
2026-02-09,INE819V01029,CPPLUS,EQ,1503.5,1549.9,1497.2,1525.6,1530.0,1488.7,70217,107492513.5,8214
2026-02-09,INE679V01027,AVL,EQ,489.0,506.05,482.35,497.55,490.0,485.45,177517,87552568.75,9229
2026-02-09,INF209KB18D3,BSLGOLDETF,EQ,135.4,138.76,135.31,135.61,135.46,133.41,309688,42077778.47,2889
2026-02-09,INF209KB19D1,BSLNIFTY,EQ,30.65,30.65,29.7,30.05,30.07,29.91,298821,8979638.95,7838
2026-02-09,INE045A01017,ADOR,EQ,1055.3,1064.2,1045.0,1060.2,1060.0,1055.3,10577,11168446.9,1168
2026-02-09,INE737B01033,ADROITINFO,EQ,10.05,10.4,9.92,10.14,10.05,10.05,160398,1620938.42,208
2026-02-09,INE0ALI01010,ADVAIT,EQ,1650.0,1773.1,1649.0,1707.9,1730.0,1642.1,65324,111945871.8,7915
2026-02-09,INE1B0W01010,ADVANCE,EQ,132.0,136.39,129.15,134.8,133.97,133.14,1322989,174698796.93,6923
2026-02-09,INE837H01020,ADVENZYMES,EQ,292.0,293.9,285.8,291.6,290.5,287.45,94759,27609917.0,3312
2026-02-09,INE199C01026,ADVANIHOTR,EQ,55.6,57.19,55.6,56.94,57.19,56.01,57607,3255477.08,561
2026-02-09,INE28GN01010,ADVENTHTL,EQ,223.0,223.0,210.0,215.52,217.0,214.53,155856,33711653.28,3626
2026-02-09,INE208C01025,AEGISLOG,EQ,690.75,726.3,690.75,723.5,721.7,690.75,458147,327516516.8,24390
2026-02-09,INE0INX01018,AEGISVOPAK,EQ,218.49,220.89,214.28,218.86,217.1,217.81,508477,110701825.6,10483
2026-02-09,INE423A07500,AEL12126,NI,996.15,996.5,996.15,996.15,996.15,991.0,263,262014.2,6
2026-02-09,INE423A07419,AEL170725,ND,1045.0,1045.0,1045.0,1045.0,1045.0,1045.0,82,85690.0,1
2026-02-09,INE423A07559,AEL120126,NL,1015.0,1015.0,1015.0,1015.0,1015.0,1010.0,6,6090.0,1
2026-02-09,INE423A07468,AEL170725A,NG,1080.0,1089.0,1080.0,1089.0,1089.0,1055.0,54,58554.0,2
2026-02-09,INE423A07542,AEL1212026,NO,1009.0,1009.0,1001.0,1001.0,1001.0,1001.0,24,24040.0,4
2026-02-09,INE423A07492,848AEL29,NJ,1025.0,1025.0,1020.0,1020.0,1020.0,1009.0,14,14330.0,2
2026-02-09,INE423A07484,860AEL28,NH,1003.0,1009.5,1003.0,1008.0,1008.0,1003.0,215,216088.75,10
2026-02-09,INE423A07518,862AEL31,NM,1009.8,1009.9,1007.0,1009.12,1009.9,1000.0,648,654394.25,18
2026-02-09,INE423A07526,890AEL31,NN,1003.01,1006.0,1003.0,1006.0,1006.0,1009.26,599,601720.24,6
2026-02-09,INE423A07450,895AEL27,N9,1043.88,1043.88,1035.31,1035.31,1035.31,1036.2,35,36321.55,2
2026-02-09,INE423A07443,9AEL30,NE,1015.1,1020.0,1015.1,1018.0,1018.0,1015.0,449,456394.9,5
2026-02-09,INE423A07393,930AEL30,NF,1054.11,1054.11,1054.11,1054.11,1054.11,1055.0,36,37947.96,2
2026-02-09,INE947N01017,AEQUS,EQ,148.69,148.75,143.15,144.22,144.0,140.18,2406987,349966866.99,26390
2026-02-09,INE065D01027,AEROENTER,EQ,80.31,82.8,80.19,82.32,81.61,79.6,196527,16031078.44,1208
2026-02-09,INE024001021,AEROFLEX,EQ,190.41,204.47,187.1,196.65,197.4,185.65,2569435,509293171.24,29823
2026-02-09,INE035801013,AERONEU,EQ,71.95,73.15,70.31,72.79,73.15,71.3,21020,1520705.29,1587
2026-02-09,INE0WL801011,AERON,SM,99.0,100.1,99.0,99.4,99.0,102.0,16000,1589100.0,12
2026-02-09,INE0TSF01011,AESTHETIK,SM,102.0,102.0,99.0,99.0,99.0,101.95,2000,201000.0,2
2026-02-09,INE0BWX01014,AETHER,EQ,1012.0,1015.3,979.0,988.4,990.0,1011.3,246198,244985601.5,17057
2026-02-09,INE101I01011,AFCONS,EQ,335.0,342.05,332.2,340.7,341.95,332.0,180853,61203662.6,6032
2026-02-09,INE00WC01027,AFFLE,EQ,1654.0,1677.0,1635.0,1649.8,1654.6,1647.4,185722,305984609.5,19319
2026-02-09,INE692Z01013,AFFORDABLE,EQ,189.7,208.8,189.7,203.38,201.35,189.69,66923,13502848.84,2098
2026-02-09,INE916Y07040,12AFIL27A,N0,9900.0,9948.79,9900.0,9900.0,9900.0,9900.0,204,2026918.5,6
2026-02-09,INE916Y07032,12AFIL27,N0,9797.0,9900.0,9797.0,9900.0,9900.0,9779.0,21,207797.0,2
2026-02-09,INE916Y07057,12AFIL28,N0,9800.0,9900.0,9800.0,9900.0,9900.0,9800.0,2,19700.0,2
2026-02-09,INE0MLA01012,AGARWALFT,SM,31.0,32.0,31.0,32.0,32.0,31.0,3000,94500.0,2
2026-02-09,INE204E01012,AGARIND,EQ,705.95,723.0,701.1,720.15,722.0,704.15,16464,11825227.15,821
2026-02-09,INE0P8X01016,AGARWALTUF,SM,102.0,107.5,102.0,105.2,104.55,101.8,45600,4770360.0,33
2026-02-09,INE415A01038,AGI,EQ,598.0,661.3,591.55,636.35,632.9,590.6,645912,413189553.9,29042
2026-02-09,INE976R01033,AGIIL,EQ,249.85,254.35,243.85,246.75,248.8,246.9,715179,178706755.1,5030
2026-02-09,INE0LF301013,AGNI,SM,19.8,19.8,19.05,19.6,19.6,19.4,15000,291750.0,5
2026-02-09,INE449G01018,AGRITECH,BE,139.99,139.99,136.67,138.99,138.99,137.07,3394,470533.87,30
2026-02-09,INE740V01019,AGROPHOS,EQ,36.1,36.4,35.32,35.68,35.92,35.54,14691,527268.54,258
2026-02-09,INE583L01014,AGSTRA,BZ,4.08,4.08,3.83,3.9,3.9,3.96,154399,609001.24,454
2026-02-09,INE00PV01013,AHLADA,EQ,50.49,53.0,50.03,51.95,52.5,49.44,12999,672270.5,173
2026-02-09,INE758C01029,AHLUCONT,EQ,859.0,905.0,859.0,891.75,890.5,858.6,106087,94749865.75,7310
2026-02-09,INE212H01026,AIAENG,EQ,3904.9,4200.0,3850.0,4070.4,4025.0,3882.7,84312,339251498.3,19323
2026-02-09,INE0RUV01018,AIMTRON,ST,850.0,884.6,850.0,879.1,875.25,842.5,32200,28230860.0,123
2026-02-09,INE805A01014,GOLDTECH,EQ,44.0,44.68,42.5,44.19,43.97,42.39,49333,2167526.43,383
2026-02-09,INE645W01026,AIRAN,EQ,14.91,15.25,14.51,14.84,15.13,14.87,120127,1803719.89,542
2026-02-09,INE801L01010,AIROLAM,EQ,94.31,98.0,92.2,92.81,94.0,94.31,2354,222902.87,120
2026-02-09,INE031B01049,AJANTPHARM,EQ,2840.0,2877.7,2825.9,2861.9,2858.0,2852.7,58380,166820186.3,14941
2026-02-09,INE274Y01021,AJAXENGG,EQ,509.95,510.3,498.3,500.5,508.3,499.7,105594,53142114.45,6100
2026-02-09,INE298G01035,AJMERA,EQ,145.05,151.5,141.16,142.87,142.0,144.88,1045847,152509065.45,10007
2026-02-09,INE820Y01021,AJOONI,EQ,4.92,5.5,4.88,5.07,5.1,4.93,1777688,9111958.75,2486
2026-02-09,INE0PCY01014,AKANKSHA,SM,74.5,74.5,74.5,74.5,74.5,72.0,1000,74500.0,1
2026-02-09,INE737W01013,AKASH,EQ,24.89,26.0,24.89,24.94,25.18,24.35,21998,553476.56,115
2026-02-09,INE00Y801016,AKG,EQ,14.81,14.81,14.51,14.58,14.58,14.52,57794,842637.8,128
2026-02-09,INE642Z01026,AKI,EQ,6.74,6.74,6.28,6.61,6.5,6.58,36317,238895.54,213
2026-02-09,INE0PMR01017,AKIKO,ST,208.0,218.4,208.0,212.0,214.0,208.0,29600,6281760.0,28
2026-02-09,INE916Y01027,AFIL,EQ,5.44,5.59,4.98,5.01,5.04,5.42,1844460,9528994.34,3486
2026-02-09,INE523B01011,AKSHOPTFBR,EQ,5.1,5.55,5.1,5.48,5.53,5.27,1754069,9333093.23,2326
2026-02-09,INE256Z01025,AKSHAR,EQ,0.51,0.52,0.51,0.51,0.52,0.51,446439,229654.91,422
2026-02-09,INE542B01011,AKSHARCHEM,EQ,220.38,224.9,219.0,224.18,224.9,219.43,1784,395751.32,150
2026-02-09,INE09XN01023,AKUMS,EQ,447.9,470.45,447.9,467.2,468.0,446.9,238644,110955079.25,6316
2026-02-09,INE133A01011,AKZOINDIA,EQ,2918.6,2988.9,2890.0,2975.5,2942.0,2918.6,28351,83323533.5,7025
2026-02-09,INE914E01040,ALANKIT,EQ,9.43,9.63,9.4,9.49,9.49,9.41,359483,3416012.79,918
2026-02-09,INE155C01010,ALBERTDAVD,EQ,698.9,698.9,681.1,690.65,687.0,680.55,1550,1068611.05,265
2026-02-09,INE448V01019,ALCODIS,SM,79.95,79.95,79.0,79.0,79.0,79.0,1875,149312.5,3
2026-02-09,INE426A01027,ALEMBICLTD,EQ,97.57,99.89,97.57,98.89,99.15,97.12,300939,29775651.61,2406
2026-02-09,INE901L01018,APLLTD,EQ,800.0,804.0,786.6,795.95,796.0,797.65,40569,32212474.5,4341
2026-02-09,INE598D01035,ALGOQUANT,EQ,59.25,60.49,58.1,58.89,59.29,58.72,738106,43819126.54,1964
2026-02-09,INE062D01024,ALICON,EQ,712.8,815.9,707.65,790.5,785.0,719.3,19920,15470196.05,1650
2026-02-09,INE03Q201024,ALIVUS,EQ,932.45,946.75,919.6,938.4,940.0,932.45,79278,73924373.5,6801
2026-02-09,INE773I01017,ALKALI,EQ,70.49,71.4,68.6,70.27,70.55,70.37,4848,337934.68,157
2026-02-09,INE540L01014,ALKEM,EQ,5699.5,5800.0,5670.0,5750.5,5736.0,5684.0,227955,1310491308.5,20707
2026-02-09,INE150B01039,ALKYLAMINE,EQ,1547.2,1576.0,1544.7,1571.3,1573.6,1534.7,37559,58636884.7,6024
2026-02-09,INE0M2X01012,ALLETEC,SM,180.0,183.05,172.35,179.75,183.05,172.7,48000,8519080.0,101
2026-02-09,INE0GV601021,ALLTIME,EQ,242.1,247.78,242.0,244.33,246.0,237.37,29695,7268497.36,1004
2026-02-09,INE418H01029,ALLCARGO,EQ,10.2,10.34,9.96,10.01,10.0,10.14,5453089,55555350.32,8642
2026-02-09,INE0NN701020,ATL,EQ,24.69,25.6,24.69,25.39,25.25,24.69,220637,5575144.97,1020
2026-02-09,INE835G01018,ALLDIGI,EQ,904.4,915.0,895.0,902.75,895.0,889.9,12563,11342324.2,995
2026-02-09,INE552Z01027,ABDL,EQ,516.8,516.8,501.1,510.05,510.0,514.75,329117,167340629.4,12858
2026-02-09,INE102I01027,ADSL,EQ,126.8,131.5,126.11,130.64,129.99,125.65,280991,36363820.9,3816
2026-02-09,INE326B01035,ALMONDZ,EQ,14.95,14.95,14.33,14.69,14.75,14.11,40416,591523.16,330
2026-02-09,INE270A01029,ALOKINDS,EQ,16.06,16.37,16.01,16.25,16.27,15.99,4954787,80303668.37,9717
2026-02-09,INE385I01010,ALPA,EQ,71.35,75.48,71.11,74.57,75.35,71.0,11673,858915.65,384
2026-02-09,INE0R4701017,ALPEXSOLAR,SM,894.45,930.0,875.1,920.35,907.5,864.2,121400,109903610.0,929
2026-02-09,INE137C01018,ALPHAGEO,EQ,225.0,226.94,217.2,223.05,221.0,224.2,7011,1559826.66,212
2026-02-09,INE0STM01017,ALUWIND,SM,59.0,62.0,58.0,60.75,60.75,61.0,7500,450750.0,4
2026-02-09,INE121R01077,AMAGI,EQ,378.95,389.9,377.05,386.8,387.0,376.55,477915,183622522.55,27013
2026-02-09,INE084K01015,AMANTA,EQ,104.73,106.49,103.64,106.05,106.4,104.73,24592,2596555.37,567
2026-02-09,INE885A01032,ARE&M,EQ,866.95,900.0,865.55,897.25,896.0,865.45,316890,281431536.9,21056
2026-02-09,INE00C501018,AMBANIORGO,SM,125.85,125.85,125.85,125.85,125.85,119.9,12000,1510200.0,12
2026-02-09,INE371P01015,AMBER,EQ,6706.5,7064.5,6664.5,7048.0,7022.0,6640.0,549369,3794286916.0,55466
2026-02-09,INE0M3I01029,AMBEY,SM,29.8,30.15,29.8,30.0,30.0,30.0,8000,239600.0,4
2026-02-09,INE792B01012,AMBICAAGAR,EQ,23.5,24.25,23.5,24.17,24.1,23.44,5839,140161.3,93
2026-02-09,INE540G01014,AMBIKCO,EQ,1335.3,1392.0,1332.2,1373.8,1371.3,1324.4,15109,20751301.9,1193
2026-02-09,INE079A01024,AMBUJACEM,EQ,533.85,544.85,530.35,542.45,542.7,529.45,1236310,666930741.9,27708
2026-02-09,INE005I01014,AMDIND,EQ,46.0,46.0,43.1,45.6,45.99,43.5,20157,909252.61,358
2026-02-09,INE275D01022,AMNPLST,EQ,172.95,178.0,168.2,176.99,177.4,173.74,4283,752384.46,202
2026-02-09,INE606A01024,AMJLAND,EQ,40.59,41.84,40.59,41.24,41.33,40.59,33230,1368843.2,662
2026-02-09,INE098F01031,AMRUTANJAN,EQ,635.0,641.9,628.65,632.75,635.0,634.05,8935,5659822.05,793
2026-02-09,INE549H01021,ARSSBL,EQ,575.0,575.1,564.0,567.2,566.9,572.85,343428,195097764.75,10243
2026-02-09,INE463V01026,ANANDRATHI,EQ,2945.0,2993.2,2935.0,2973.2,2968.0,2951.4,161033,475610657.7,15833
2026-02-09,INE242C01024,ANANTRAJ,EQ,563.15,573.0,557.1,564.3,562.75,547.75,3825935,2159951425.25,66902
2026-02-09,INE1UA823019,ANANTAM,IV,103.0,103.0,102.86,102.99,102.99,102.99,215970,22244376.55,158
2026-02-09,INE666E01020,ACL,EQ,58.02,60.48,58.02,60.0,60.29,58.56,21395,1267086.32,590
2026-02-09,INE435A01051,ANDHRAPAP,EQ,65.8,69.19,65.5,68.22,67.46,65.27,719229,48119887.64,2326
2026-02-09,INE715B01021,ANDHRSUGAR,EQ,76.48,76.48,74.2,74.79,74.52,74.0,125988,9432213.68,1474
2026-02-09,INE732I01013,ANGELONE,EQ,2652.0,2724.6,2649.9,2715.5,2710.2,2642.0,704225,1901052680.7,34173
2026-02-09,INE635Y01015,AISL,SM,73.0,75.95,73.0,74.45,75.95,72.6,13200,965370.0,4
2026-02-09,INE087B01017,ANIKINDS,EQ,49.8,52.19,46.0,46.89,46.99,49.66,39955,1930213.07,661
2026-02-09,INE071F01012,APCL,EQ,141.95,143.65,140.71,141.56,141.17,142.43,2952,418301.77,138
2026-02-09,INE106I01010,ANKITMETAL,BZ,1.75,1.75,1.7,1.72,1.71,1.72,13375,23094.73,50
2026-02-09,INE0Y8W01017,AHCL,EQ,130.08,130.7,121.53,125.86,126.85,126.1,227304,28497875.77,3012
2026-02-09,INE0LR101013,ANLON,SM,385.0,385.0,385.0,385.0,385.0,377.55,400,154000.0,1
2026-02-09,INE02AR01019,ANMOL,EQ,12.11,12.11,11.84,11.97,11.95,11.86,31947,381504.18,212
2026-02-09,INE0MGM01017,ANNAPURNA,SM,210.95,210.95,182.2,188.75,185.0,207.25,132250,25456000.0,300
2026-02-09,INE0VTV01012,ANONDITA,ST,906.0,906.0,906.0,906.0,906.0,952.85,2000,1812000.0,1
2026-02-09,INE436A01026,ANSALAPI,BZ,3.09,3.09,3.09,3.09,3.09,3.03,852926,2635541.34,31
2026-02-09,INE414B01021,ANTGRAPHIC,EQ,0.94,0.95,0.92,0.93,0.95,0.92,315329,295252.0,267
2026-02-09,INE818A01017,ANTELOPUS,EQ,548.0,582.0,546.3,574.0,574.25,548.75,223829,126273660.95,8398
2026-02-09,INE0CZ201020,ANTHEM,EQ,653.9,680.0,650.6,674.9,675.0,652.9,312444,208273274.65,13301
2026-02-09,INE01BK01022,AWHCL,EQ,518.0,544.0,511.8,530.5,531.8,512.4,262848,140044680.15,11713
2026-02-09,INE489G01022,ANUHPHR,EQ,84.14,84.14,81.73,82.88,82.7,79.3,88210,7312241.52,1276
2026-02-09,INE930P01018,ANURAS,EQ,1315.3,1345.0,1312.2,1319.2,1317.2,1315.3,115710,153664240.7,7353
2026-02-09,INE0SI601032,ANYA,SM,20.95,21.0,19.95,19.95,19.95,20.95,15000,309500.0,3
2026-02-09,INE0MIZ23019,ANZEN,IV,115.0,115.0,115.0,115.0,115.0,117.5,25000,2875000.0,1
2026-02-09,INF1J2R01114,AONEGOLD,EQ,14.35,14.6,14.14,14.41,14.48,13.97,1565928,22527292.23,4592
2026-02-09,INF1J2R01056,AONELIQUID,EQ,1046.25,1046.25,1046.23,1046.24,1046.25,1046.12,40390,42257910.92,222
2026-02-09,INF1J2R01064,AONENIFTY,EQ,10.82,10.82,10.52,10.58,10.6,10.52,261317,2767093.89,3911
2026-02-09,INF1J2R01148,AONETMMQ50,EQ,9.89,9.89,9.65,9.72,9.73,9.61,68461,663407.34,281
2026-02-09,INF1J2R01015,AONETOTAL,EQ,12.16,12.16,11.82,11.93,11.95,11.81,509318,6064883.8,2408
2026-02-09,INE372A01015,APARINDS,EQ,9490.0,9596.0,9401.5,9570.0,9570.0,9490.0,53515,510212707.5,11399
2026-02-09,INE116A01032,APCOTEXIND,EQ,368.4,381.95,367.5,374.15,376.1,367.15,26516,9934545.6,1465
2026-02-09,INE0T4V01015,APEXECO,SM,155.0,155.0,130.0,131.35,130.0,134.1,6400,881000.0,8
2026-02-09,INE346W01013,APEX,EQ,355.0,385.0,353.55,380.95,377.4,346.9,2359333,883712837.6,39353
2026-02-09,INE702C01027,APLAPOLLO,EQ,2220.0,2244.2,2204.0,2234.6,2234.9,2198.0,974447,2172203847.8,46608
2026-02-09,INE0TLC07051,930APMD31,N0,102900.0,102900.0,102900.0,102900.0,102900.0,102800.0,4,411600.0,3
2026-02-09,INE437A01024,APOLLOHOSP,EQ,7199.0,7280.0,7163.5,7211.0,7220.0,7152.5,412161,2978580729.0,38989
2026-02-09,INE713T01028,APOLLO,EQ,246.0,251.7,243.0,250.15,250.9,240.85,3074162,764493810.6,30001
2026-02-09,INE126J01016,APOLLOPIPE,EQ,315.95,353.2,315.5,332.35,330.1,313.4,2700279,904647116.5,46919
2026-02-09,INE451F01024,APOLSINHOT,EQ,1285.0,1285.0,1220.0,1232.9,1240.0,1237.8,1326,1656574.3,309
2026-02-09,INE438A01022,APOLLOTYRE,EQ,507.0,514.7,504.3,505.95,506.95,504.2,1289850,656984843.95,32717
2026-02-09,INE0LQG01010,APRAMEYA,SM,240.0,241.0,237.5,240.0,240.0,240.0,8000,1919350.0,14
2026-02-09,INE0M2307321,915APSBC27,N0,101883.86,101883.86,101883.86,101883.86,101883.86,101883.86,1,101883.86,1
2026-02-09,INE0M2307404,915APSBC33,N0,102974.94,102974.94,102974.94,102974.94,102974.94,102950.18,3,308924.82,1
2026-02-09,INE0M2307412,915APSBC34,N0,103122.19,103122.19,103122.19,103122.19,103122.19,103998.7,2,206244.38,1
2026-02-09,INE266F01018,APTECHT,EQ,82.0,87.0,82.0,86.42,86.74,81.66,259017,22030941.61,3088
2026-02-09,INE852O01025,APTUS,EQ,260.5,267.85,256.3,266.5,267.0,259.1,1218506,320666385.05,28102
2026-02-09,INE08NJ01024,ARABIAN,SM,67.0,68.0,67.0,68.0,68.0,70.0,4000,270000.0,2
2026-02-09,INE0YDV01010,ARCIIL,SM,60.0,61.2,59.4,59.4,59.4,57.5,9000,542900.0,8
2026-02-09,INE128X01021,ACI,EQ,580.2,580.2,565.0,571.25,568.5,580.2,132700,75806372.2,7076
2026-02-09,INE0CHO01012,ADL,EQ,70.84,76.89,70.7,71.06,72.0,71.54,1168,83607.82,79
2026-02-09,INE877I01016,ARCHIDPLY,EQ,92.38,93.75,89.3,93.39,93.65,90.57,16334,1501990.27,488
2026-02-09,INE731A01020,ARCHIES,EQ,16.26,16.99,16.0,16.86,16.68,16.25,40293,666427.06,254
2026-02-09,INE784R01023,ARFIN,EQ,78.5,79.0,75.0,76.47,76.5,77.7,653773,50001427.43,5685
2026-02-09,INE0L2Y01011,ARHAM,ST,141.0,142.5,137.55,137.55,137.55,139.95,4000,563050.0,4
2026-02-09,INE298I01015,ARIES,EQ,320.85,328.6,316.8,326.5,324.95,314.55,16567,5339515.5,945
2026-02-09,INE420B01036,ARIHANTCAP,EQ,79.95,83.49,79.5,81.76,81.0,79.13,329230,26973905.95,2491
2026-02-09,INE643K01018,ARIHANTSUP,EQ,284.3,293.4,284.3,288.6,293.0,284.35,22229,6413261.9,615
2026-02-09,INE0H9P01028,ARIS,EQ,83.5,90.6,82.18,89.04,90.0,84.18,2452254,210001416.34,13156
2026-02-09,INE0QRL01017,ARKADE,EQ,125.2,126.04,123.0,125.49,124.2,123.39,260780,32596829.19,3680
2026-02-09,INE109C01017,ARMANFIN,EQ,1568.0,1624.1,1555.4,1582.1,1580.0,1577.9,26590,42506359.4,3412
2026-02-09,INE0TZX01019,ARMOUR,SM,30.3,30.3,28.2,29.2,28.75,30.45,96000,2810400.0,38
2026-02-09,INE210C01013,AROGRANITE,EQ,29.75,29.82,28.27,29.08,29.02,29.69,22657,654689.16,179
2026-02-09,INE570D01018,ARROWGREEN,EQ,430.05,446.0,424.6,442.5,442.0,427.1,34975,15211088.45,1165
2026-02-09,INE968D01022,ARSHIYA,BZ,1.28,1.29,1.21,1.21,1.21,1.27,305442,375157.64,133
2026-02-09,INE738V01013,ARTNIRMAN,EQ,44.32,45.0,41.99,42.59,42.51,44.45,2183,93277.27,25
2026-02-09,INE025R01021,ARTEMISMED,EQ,217.33,229.06,217.33,227.86,226.03,217.33,274920,61910928.47,7639
2026-02-09,INE0TTG01017,ARUNAYA,SM,18.65,18.65,18.65,18.65,18.65,18.0,6000,111900.0,3
2026-02-09,INE006Z01016,ARVEE,BE,161.9,169.9,154.8,158.07,168.68,162.94,1285,203579.18,48
2026-02-09,INE955V01021,ARVINDFASN,EQ,490.0,493.9,480.7,487.05,488.35,483.75,148210,71911401.35,8960
2026-02-09,INE034A01011,ARVIND,EQ,370.7,393.9,370.7,387.6,385.0,368.15,1687420,653230025.75,42172
2026-02-09,INE0P4T01013,ARVINDPORT,SM,30.5,32.25,30.5,32.2,32.25,30.75,33000,1034325.0,16
2026-02-09,INE034S01021,ARVSMART,EQ,593.6,611.0,587.0,609.2,610.15,593.6,38355,23110736.6,1716
2026-02-09,INE439A01020,ASAHIINDIA,EQ,970.0,981.8,963.2,979.2,975.0,976.2,87514,85417325.3,8161
2026-02-09,INE228I01012,ASAHISONG,EQ,226.0,237.85,224.6,230.67,230.1,226.11,22463,5222629.0,972
2026-02-09,INE08KD01015,ASCOM,ST,162.0,165.0,162.0,165.0,165.0,165.0,15500,2512500.0,8
2026-02-09,INE0LAA01017,ASHALOG,SM,64.0,64.0,61.65,64.0,64.0,64.0,5000,317650.0,5
2026-02-09,INE348A01023,ASHAPURMIN,EQ,615.0,658.75,610.0,647.45,646.0,607.6,1417579,911826028.2,29331
2026-02-09,INE365D01021,ASHIANA,EQ,297.2,309.0,297.2,305.85,305.5,300.25,93687,28571641.9,3573
2026-02-09,INE440A01010,ASHIMASYN,EQ,16.51,18.0,16.51,17.62,17.84,16.92,56778,1001141.83,426
2026-02-09,INE208A01029,ASHOKLEY,EQ,202.8,206.38,200.79,205.8,205.5,201.84,9662823,1976359055.78,65423
2026-02-09,INE442H01029,ASHOKA,EQ,156.54,165.88,155.07,163.97,163.98,155.18,1649575,266819142.65,16893
2026-02-09,INE760Y01011,ASHOKAMET,EQ,14.13,14.45,13.4,14.01,14.0,14.13,14920,207702.6,179
2026-02-09,INE1A6Q01010,ASHWINI,SM,138.0,139.0,138.0,138.5,139.0,139.5,6000,830500.0,5
2026-02-09,INE276G01015,ASIANENE,EQ,256.0,265.0,253.7,262.1,260.0,255.5,161519,41901034.1,2630
2026-02-09,INE022I01019,ASIANTILES,EQ,75.0,75.6,72.6,74.09,73.88,74.69,3064638,226466402.71,13089
2026-02-09,INE926K01017,AHLEAST,EQ,140.0,146.0,140.0,141.79,144.97,142.2,1357,193334.32,44
2026-02-09,INE363A01022,ASIANHOTNR,EQ,300.4,318.2,275.9,293.2,298.9,300.4,89596,26629290.75,2378
2026-02-09,INE021A01026,ASIANPAINT,EQ,2404.0,2426.2,2396.8,2417.4,2416.5,2401.1,669839,1615829263.6,66718
2026-02-09,INE491J01022,ASKAUTOLTD,EQ,460.0,460.75,451.0,452.75,452.75,454.05,120531,54805871.75,5376
2026-02-09,INE991I01015,ASPINWALL,EQ,230.0,239.0,223.01,226.7,227.0,212.66,12927,2939438.43,508
2026-02-09,INE0S7801010,ASPIRE,SM,15.45,15.75,14.85,15.75,15.75,15.2,12000,185600.0,6
2026-02-09,INE073G01016,ASALCBR,EQ,859.5,870.05,840.05,842.3,845.0,852.9,47683,40551128.3,2912
2026-02-09,INE563J01010,ASTEC,EQ,632.2,649.85,632.2,635.7,634.0,635.95,43882,28059519.95,3557
2026-02-09,INE914M01019,ASTERDM,EQ,564.1,573.25,559.0,572.05,572.3,563.05,735633,417480246.4,55740
2026-02-09,INE386C01029,ASTRAMICRO,EQ,896.5,921.3,896.0,915.9,915.0,901.7,288018,262031249.4,19098
2026-02-09,INE006I01046,ASTRAL,EQ,1476.8,1498.3,1460.1,1490.7,1491.0,1472.2,452579,671468913.0,30574
2026-02-09,INE203A01020,ASTRAZEN,EQ,8600.5,8709.5,8600.5,8674.0,8685.5,8600.0,3516,30486601.0,1644
2026-02-09,INE646X01014,ASTRON,EQ,3.94,4.05,3.82,4.02,4.04,3.93,75587,301205.85,301
2026-02-09,INE0ALR01029,ATALREAL,EQ,27.79,27.79,25.78,26.21,26.01,27.22,3470572,92763474.8,2355
2026-02-09,INE09KD01013,ATAM,EQ,74.09,74.67,72.4,73.93,73.6,74.67,17839,1318339.74,295
2026-02-09,INE0V0Q01019,ATCENERGY,SM,30.65,31.75,30.65,31.0,31.0,30.4,21600,673260.0,16
2026-02-09,INE0LEZ01016,ATHERENERG,EQ,706.95,729.0,702.15,726.05,722.0,706.1,1038049,746109441.1,26613
2026-02-09,IN90NN701011,ATLPP,E1,10.87,11.25,10.11,10.27,10.26,10.4,2678,28147.98,33
2026-02-09,INE0Z4F01028,ATLANTAELE,EQ,830.0,883.75,830.0,875.1,878.0,813.65,123190,106112359.0,7421
2026-02-09,INE285H01022,ATLANTAA,EQ,45.54,47.4,43.9,44.37,44.05,45.54,176269,7990864.48,1723
2026-02-09,INE446A01025,ATLASCYCLE,EQ,93.59,96.49,93.25,96.02,96.49,93.58,3701,351577.46,145
2026-02-09,INE05DH01017,ATMASTCO,SM,136.5,147.85,136.5,145.9,145.5,144.0,28000,3990060.0,57
2026-02-09,INE951D01028,ATULAUTO,EQ,481.15,505.0,477.6,485.05,478.1,445.8,3411805,1686245501.85,60239
2026-02-09,INE100A01010,ATUL,EQ,6499.0,6564.0,6410.0,6531.0,6520.0,6459.0,30522,198944683.0,6856
2026-02-09,INE949L01017,AUBANK,EQ,995.1,1009.4,980.0,1005.3,1002.5,991.05,1879347,1876900450.1,56172
2026-02-09,INE925Y01036,AURIGROW,BE,0.39,0.39,0.37,0.38,0.39,0.38,31778130,11959812.57,4857
2026-02-09,INE132H01018,AURIONPRO,EQ,929.0,969.85,923.45,962.6,955.0,927.05,140814,134144936.85,10598
2026-02-09,INE0NUL01018,AUROIMPEX,SM,30.8,31.0,30.0,30.6,30.6,30.55,14400,439280.0,8
2026-02-09,INE406A01037,AUROPHARMA,EQ,1191.0,1210.0,1171.5,1203.7,1204.0,1191.0,1101009,1316091302.1,44250
2026-02-09,INE898S01029,AURUM,EQ,178.5,178.5,176.6,177.76,178.46,178.01,21511,3820020.18,623
2026-02-09,INE218C01016,AUSOMENT,BE,109.96,114.3,108.0,112.57,111.6,108.96,14314,1608590.38,144
2026-02-09,INE0P0001010,APS,SM,398.0,398.0,377.0,389.25,390.0,378.85,21500,8354462.5,81
2026-02-09,INE206F01022,AIIL,EQ,505.95,508.0,494.0,499.5,502.9,505.2,343621,171344732.7,13617
2026-02-09,INE718H01014,AUTOIND,EQ,80.4,82.4,77.55,81.1,80.5,78.09,171589,13749993.61,2132
2026-02-09,INE449A01011,AUTOAXLES,EQ,1950.0,1970.9,1911.0,1927.3,1933.7,1922.2,14256,27702046.8,2474
2026-02-09,INE900C01027,ASAL,EQ,446.1,464.0,446.1,460.0,457.6,445.65,20990,9615061.45,1188
2026-02-09,INE349W01017,AVADHSUGAR,EQ,345.0,351.0,341.0,346.15,345.6,342.7,33443,11566742.9,1877
2026-02-09,INE0LCL01028,AVALON,EQ,1069.9,1072.0,1032.05,1050.35,1040.0,1029.1,319201,336829494.8,25444
2026-02-09,INE1KU201016,AVANA,SM,75.9,75.9,71.0,71.85,71.05,71.5,46000,3310300.0,19
2026-02-09,INE005B01027,AVANTEL,EQ,150.55,154.1,148.63,151.92,152.01,148.67,1062414,161909455.05,9727
2026-02-09,INE871C01038,AVANTIFEED,EQ,1056.05,1109.4,1038.0,1103.8,1105.0,1025.5,2630979,2865022231.15,76738
2026-02-09,INE192R01011,DMART,EQ,3893.1,3939.6,3890.2,3922.4,3924.8,3889.9,224953,881674861.0,25148
2026-02-09,INE483S01020,CCAVENUE,EQ,16.92,18.24,16.83,17.97,17.99,16.84,15460717,275633904.59,23321
2026-02-09,INE680Z01018,AVG,EQ,150.0,152.95,148.0,149.58,149.39,150.62,19297,2901737.87,1561
2026-02-09,INE0TFB01017,AVIANSH,SM,118.0,118.5,115.5,115.5,115.5,117.5,5000,584000.0,5
2026-02-09,INE323B01024,AVONMORE,EQ,14.79,15.07,14.62,14.96,15.07,14.55,148059,2205846.26,436
2026-02-09,INE0R9401019,AVPINFRA,SM,125.95,130.9,121.0,127.65,129.5,117.25,154400,19638480.0,156
2026-02-09,INE652Z01017,AVROIND,BE,130.45,130.45,123.0,128.4,127.5,125.76,8118,1032536.17,70
2026-02-09,INE488D01021,AVTNPL,EQ,69.0,70.48,68.74,69.45,69.5,68.57,65705,4566503.03,1274
2026-02-09,INE108V01019,AWFIS,EQ,369.95,401.85,358.5,396.9,390.0,363.0,880897,341714594.4,29629
2026-02-09,INE699H01024,AWL,EQ,213.0,215.44,209.4,211.24,211.35,211.36,2375206,500969445.91,29239
2026-02-09,INE238A01034,AXISBANK,EQ,1350.0,1350.0,1330.7,1341.4,1341.0,1341.6,4077536,5466184585.9,109591
2026-02-09,INF846K01W80,AXISGOLD,EQ,128.02,131.79,127.0,128.66,128.55,126.31,2517081,324388850.04,11135
2026-02-09,INF846K01X63,AXISBNKETF,EQ,621.52,624.25,621.52,622.87,623.91,618.55,2362,1470840.12,58
2026-02-09,INF846K01Z04,AXISBPSETF,EQ,13.15,13.35,12.8,13.15,13.16,13.15,580973,7628205.14,613
2026-02-09,INF846K016C7,AXISCETF,EQ,121.4,122.17,121.12,122.15,122.17,120.8,1404,171135.52,45
2026-02-09,INF846K01Z12,AXISHCETF,EQ,147.92,148.0,144.22,144.68,144.63,143.61,2688,389926.91,103
2026-02-09,INF846K011K1,AXISILVER,EQ,251.72,264.69,250.22,254.36,255.0,235.3,1655884,419433706.69,10869
2026-02-09,INF846K01W98,AXISNIFTY,EQ,284.51,284.78,283.13,284.21,284.18,282.52,8028,2279871.72,304
2026-02-09,INF846K01Y96,AXISTECETF,EQ,391.8,399.8,389.2,392.78,399.8,390.63,4063,1586555.92,99
2026-02-09,INF846KA1119,AXISVALUE,EQ,33.39,33.7,32.92,33.54,33.7,33.13,155752,5210822.12,501
2026-02-09,INF846K010Q0,AXSENSEX,EQ,87.6,87.6,86.0,86.68,86.84,85.97,2611,225650.8,81
2026-02-09,INE555B01013,AXISCADES,EQ,1137.8,1179.6,1137.8,1179.6,1179.6,1123.5,41285,48615779.4,917
2026-02-09,INE02EZ01022,AXITA,BE,10.46,10.6,10.12,10.25,10.3,10.36,386260,4013124.06,2293
2026-02-09,INE193B01039,AYMSYNTEX,EQ,178.94,189.8,176.68,187.3,187.99,176.45,18730,3481357.61,481
2026-02-09,INE02IJ01035,AZAD,EQ,1540.0,1588.5,1535.0,1566.4,1566.0,1492.2,265774,415086737.1,22126
2026-02-09,INE01EE01011,BBTCL,EQ,186.03,188.98,181.25,187.95,188.0,187.94,3183,588763.76,74
2026-02-09,INE116D01028,BAGFILMS,EQ,5.56,5.77,5.48,5.68,5.7,5.55,44289,247280.24,248
2026-02-09,INE17CQ01015,BAGDIGITAL,SM,113.0,118.0,110.0,113.75,118.0,112.0,46400,5174480.0,24
2026-02-09,INE350H01032,BLKASHYAP,EQ,54.5,57.75,54.5,57.22,57.49,54.67,983488,55734227.35,3961
2026-02-09,INE01FR01028,STYLEBAAZA,EQ,311.0,358.85,311.0,354.9,351.2,321.1,1926804,663974913.55,28120
2026-02-09,INE0QW501012,BABAFP,SM,26.05,26.05,25.5,25.5,25.5,26.0,11200,289680.0,7
2026-02-09,INE878I01022,BAFNAPH,BE,120.8,121.8,120.8,121.8,121.8,116.0,2626,319493.6,37
2026-02-09,INE029Q01017,BAHETI,SM,597.0,605.0,590.1,596.25,596.25,596.05,21750,13009912.5,39
2026-02-09,INE020D01022,BAIDFIN,EQ,11.42,11.98,11.42,11.88,11.94,11.49,202405,2403154.25,412
2026-02-09,INE917I01010,BAJAJ-AUTO,EQ,9598.0,9626.5,9505.0,9590.0,9580.0,9518.5,171033,1637351346.5,24984
2026-02-09,INE933K01021,BAJAJCON,EQ,365.0,382.0,363.7,380.15,379.0,359.7,1712628,641097329.55,33554
2026-02-09,INE193E01025,BAJAJELEC,EQ,417.95,430.0,389.0,408.6,403.0,412.7,2110577,856765095.95,43184
2026-02-09,INE296A01032,BAJFINANCE,EQ,988.0,988.0,971.6,983.15,981.2,981.7,4852548,4755059617.65,126486
2026-02-09,INE918I01026,BAJAJFINSV,EQ,2026.9,2032.0,2018.8,2024.6,2025.1,2024.2,431032,872578986.5,30474
2026-02-09,INE411U01027,BAJAJHCARE,EQ,376.95,383.0,374.3,381.35,378.7,373.5,75506,28601062.45,2985
2026-02-09,INE306A01021,BAJAJHIND,EQ,16.34,17.25,16.27,17.14,17.14,16.16,7335911,124086344.34,13700
2026-02-09,INE118A01012,BAJAJHLDNG,EQ,11032.0,11139.0,10957.0,11101.0,11080.0,10999.0,52907,585399368.0,14688
2026-02-09,INE377Y01014,BAJAJHFL,EQ,91.3,92.0,90.94,91.12,91.14,91.28,5136289,468769936.08,35095
2026-02-09,INE0KQN01018,BAJEL,EQ,168.0,172.8,167.3,170.75,170.81,162.47,290904,49456980.35,4425
2026-02-09,INE083D01012,BALPHARMA,EQ,69.0,72.95,69.0,70.41,70.0,69.93,7498,531866.48,158
2026-02-09,INE050E01027,BALAMINES,EQ,1139.0,1162.0,1126.8,1154.8,1160.0,1125.4,104757,120132865.7,5869
2026-02-09,INE0PQ601019,BALAJIPHOS,SM,139.0,139.0,138.0,138.0,138.0,139.3,3000,415500.0,3
2026-02-09,INE794B01026,BALAJITELE,EQ,90.41,95.5,89.07,94.38,93.5,90.31,587476,55309461.37,5332
2026-02-09,INE618N01022,BALAXI,EQ,23.6,23.6,22.86,22.97,22.9,22.87,101908,2345066.66,508
2026-02-09,INE787D01026,BALKRISIND,EQ,2708.0,2724.5,2644.9,2678.6,2675.0,2704.8,233651,625132830.3,27769
2026-02-09,INE875R01011,BALKRISHNA,EQ,16.25,17.99,16.25,16.98,16.89,16.67,79410,1360236.27,247
2026-02-09,INE164A01016,BALMLAWRIE,EQ,181.25,184.9,178.0,182.92,182.78,180.31,231055,42103019.66,5140
2026-02-09,INE119A01028,BALRAMCHIN,EQ,445.05,458.0,443.85,453.45,453.0,445.05,389255,176345591.85,10176
2026-02-09,INE011E01029,BALUFORGE,EQ,462.4,486.8,453.05,486.35,486.8,442.55,1992633,949777586.1,26659
2026-02-09,INE655B01011,BANARBEADS,EQ,125.0,128.21,124.0,125.8,126.9,125.05,3191,402810.0,131
2026-02-09,INE213C01025,BANCOINDIA,EQ,635.8,653.35,631.65,644.5,644.0,626.4,204345,131741453.85,10693
2026-02-09,INE545U01014,BANDHANBNK,EQ,159.5,162.75,159.5,162.07,162.0,159.04,8680788,1405445722.82,30226
2026-02-09,INF194KB1KJ7,GOLDBND,EQ,153.15,159.02,153.0,154.74,154.77,152.17,119909,18557348.89,891
2026-02-09,INF194KA1U07,IDFNIFTYET,EQ,284.95,284.95,282.52,283.34,283.3,282.15,906,257052.21,49
2026-02-09,INF194KB1KI9,SILVERBND,EQ,248.71,260.0,248.7,254.99,255.3,240.47,229834,58902194.58,3474
2026-02-09,INE863I01016,BANG,EQ,45.02,46.94,45.02,45.9,46.35,45.94,6264,288517.23,63
2026-02-09,INE028A01039,BANKBARODA,EQ,292.0,295.0,289.9,290.6,290.85,289.2,8780025,2565095314.55,68447
2026-02-09,INE084A01016,BANKINDIA,EQ,166.0,170.5,165.69,168.41,168.09,163.66,14437299,2438003462.18,76523
2026-02-09,INE457A01014,MAHABANK,EQ,66.7,67.44,65.76,66.27,66.19,65.52,16438283,1090661633.05,59818
2026-02-09,INE862Y01015,BANKA,EQ,61.3,62.4,61.3,61.5,61.5,61.11,3199,197182.49,66
2026-02-09,INE186H01022,BASML,EQ,25.94,26.4,24.92,26.08,26.13,24.92,85764,2215726.46,653
2026-02-09,INE459A01010,BANARISUG,EQ,3593.1,3631.8,3588.3,3605.1,3600.0,3592.3,433,1563247.8,181
2026-02-09,INE0B9K01025,BANSALWIRE,EQ,268.1,276.45,265.65,274.2,272.1,267.9,59872,16181635.55,1392
2026-02-09,INE629D01020,BANSWRAS,EQ,117.0,121.6,113.05,115.1,114.99,112.98,86600,10140410.46,1369
2026-02-09,INE139I01011,BVCL,EQ,50.69,53.0,50.69,51.87,51.53,49.7,44963,2326150.28,493
2026-02-09,INE0QX401014,BARFLEX,SM,63.0,63.0,62.0,62.0,62.0,61.0,8000,501600.0,4
2026-02-09,INF251K01TL6,BBNPNBETF,EQ,61.67,61.67,60.58,60.73,61.16,60.51,2724,165584.12,52
2026-02-09,INF251K01SU9,BBNPPGOLD,EQ,152.05,154.0,148.65,149.75,149.75,147.1,314892,47260438.0,569
2026-02-09,INE855F01042,ASMS,EQ,14.94,15.37,12.59,13.05,12.6,14.71,9679456,133298022.9,18797
2026-02-09,INE373A01013,BASF,EQ,3665.0,3943.5,3653.2,3925.7,3937.1,3648.4,47756,183849962.3,10132
2026-02-09,INE0OCC01013,BASILIC,SM,257.0,269.9,257.0,268.7,268.75,257.35,12000,3206505.0,40
2026-02-09,INE176A01028,BATAINDIA,EQ,851.1,887.0,851.1,884.2,882.5,849.1,158476,138342850.6,11150
2026-02-09,INE0JFJ01011,BAWEJA,SM,31.3,31.5,31.3,31.5,31.5,30.5,4800,151040.0,5
2026-02-09,INE462A01022,BAYERCROP,EQ,4489.0,4651.6,4481.0,4637.0,4611.0,4489.9,36170,165651845.7,5661
2026-02-09,INE412G01024,BCLIND,EQ,28.49,31.54,28.04,30.85,30.95,28.04,3135180,94560429.26,8946
2026-02-09,INE639X01027,BEACON,ST,88.95,91.0,86.7,90.0,90.9,89.5,16000,1440150.0,15
2026-02-09,INE520H01022,BEARDSELL,EQ,29.79,29.79,27.56,29.44,29.6,28.42,25938,742269.41,482
2026-02-09,INE844K01012,BEDMUTHA,EQ,134.06,135.7,132.41,134.6,134.15,133.98,10637,1430921.63,328
2026-02-09,INE344T01014,BELLACASA,EQ,308.0,317.95,295.75,314.1,311.05,318.65,16399,5064023.25,986
2026-02-09,INE894V01022,BELRISE,EQ,182.0,185.8,180.36,185.1,184.93,179.97,3374224,621387836.63,33208
2026-02-09,INE0N7W01012,BLAL,EQ,192.2,194.39,189.22,192.72,192.11,188.96,24269,4663786.96,869
2026-02-09,INE258A01024,BEML,EQ,1646.6,1772.3,1607.4,1761.2,1759.0,1617.4,1020909,1753151897.0,63264
2026-02-09,INE463A01038,BERGEPAINT,EQ,471.1,472.4,463.8,467.15,468.0,472.4,748864,349855436.85,15644
2026-02-09,INE052T01021,BESTAGRO,BE,18.91,18.95,18.91,18.91,18.91,19.9,396528,7499361.34,1765
2026-02-09,INE351Y01019,BETA,EQ,1385.2,1439.9,1381.4,1412.4,1420.0,1379.7,5890,8300552.1,849
2026-02-09,INE0HQI01014,BEWLTD,SM,97.05,101.3,97.05,100.7,100.0,97.5,32500,3264050.0,42
2026-02-09,INE878K01010,BFINVEST,EQ,401.9,414.9,391.2,411.8,413.0,399.3,26947,10978394.2,1116
2026-02-09,INE243D01012,BFUTILITIE,BZ,535.0,550.0,521.0,540.35,539.05,534.85,15164,8196260.0,391
2026-02-09,INF0QA701714,BANKBETF,EQ,61.0,61.55,61.0,61.45,61.55,60.88,10018,614772.05,245
2026-02-09,INF0QA701854,LIQUIDBETF,EQ,1073.7,1073.7,1068.5,1068.51,1068.51,1068.36,209014,223334839.84,191
2026-02-09,INF0QA701722,NIFTYBETF,EQ,264.43,264.95,263.28,264.63,264.95,262.85,8228,2173621.25,263
2026-02-09,INE661I01014,BGRENERGY,EQ,328.85,345.25,319.9,337.75,336.25,328.85,194895,66232705.45,3075
2026-02-09,INE0ZRC01017,BHADORA,SM,69.6,69.6,69.6,69.6,69.6,69.5,1200,83520.0,1
2026-02-09,INE354C01027,BHAGERIA,EQ,161.49,163.3,157.0,158.41,157.62,160.66,94718,15111348.42,2155
2026-02-09,INE414D01027,BHAGCHEM,EQ,227.61,237.11,223.16,233.37,233.95,227.61,54129,12410587.23,1219
2026-02-09,INE458B01036,BHAGYANGR,BE,168.0,172.9,164.0,168.76,168.51,165.37,69645,11804437.08,1096
2026-02-09,INE474E01029,BHANDARI,EQ,4.17,4.3,4.05,4.21,4.29,4.13,407028,1701882.75,707
2026-02-09,INE922A01025,BEPL,EQ,85.61,87.39,85.61,87.07,86.31,85.61,272389,23632801.42,2610
2026-02-09,INE464A01036,BBL,EQ,2865.0,2984.0,2583.0,2613.7,2605.0,2837.1,267407,735727544.8,25776
2026-02-09,INE05XR01022,BHARATCOAL,EQ,37.5,37.58,36.5,36.61,36.66,37.04,16783982,617760949.87,42537
2026-02-09,INE171Z01026,BDL,EQ,1277.0,1306.8,1261.6,1303.2,1304.0,1268.4,1599071,2063093759.3,48551
2026-02-09,INE263A01024,BEL,EQ,432.0,439.6,429.5,437.3,437.0,429.65,12162696,5311613232.9,129836
2026-02-09,INE465A01025,BHARATFORG,EQ,1585.0,1615.4,1578.0,1590.4,1589.0,1557.5,1122123,1785246829.2,38349
2026-02-09,INE561C01019,BHARATGEAR,EQ,120.1,123.36,118.59,121.03,120.2,120.02,66417,8036598.57,1347
2026-02-09,INE029A01011,BPCL,EQ,386.5,389.5,382.9,388.3,385.8,386.35,5171617,2003386277.35,62107
2026-02-09,INE838B01021,BHARATRAS,EQ,1860.0,1926.5,1829.1,1893.7,1888.5,1828.6,25601,48193657.0,3024
2026-02-09,INE727S01012,BRNL,EQ,20.4,21.08,20.15,20.62,20.15,20.38,65502,1350107.21,543
2026-02-09,INE415D01024,BHARATSE,EQ,168.85,174.19,166.0,167.67,168.0,168.48,185301,31435509.91,3467
2026-02-09,INE316L01019,BHARATWIRE,EQ,171.01,178.98,170.5,176.51,174.22,171.06,216802,37665551.79,2490
2026-02-09,INE224M01013,BGLOBAL,BZ,2.94,3.06,2.92,3.04,2.93,2.92,15465,46399.88,29
2026-02-09,INE397D01024,BHARTIARTL,EQ,2051.2,2055.2,2028.7,2038.2,2038.2,2038.4,7570161,15466083176.8,258448
2026-02-09,INE343G01021,BHARTIHEXA,EQ,1711.0,1743.3,1678.0,1734.9,1725.0,1699.7,148853,256477332.1,16810
2026-02-09,INE828A01016,BIL,EQ,935.0,975.0,890.25,953.1,974.0,915.75,19112,18018693.25,1036
2026-02-09,INE257A01026,BHEL,EQ,267.6,275.55,267.6,274.65,274.0,266.6,5685381,1551546843.8,41259
2026-02-09,INE412U01025,BIGBLOC,EQ,57.86,59.94,57.31,59.42,59.0,57.52,108532,6380124.87,1740
2026-02-09,INE00E101023,BIKAJI,EQ,651.0,673.9,649.75,670.75,668.0,649.75,109214,72522621.25,6396
2026-02-09,INE071A01013,BILVYAPAR,BE,7.19,7.26,6.92,7.23,7.25,7.19,4493,32131.14,28
2026-02-09,INE0HOQ01053,GROWW,EQ,170.0,170.43,164.55,166.18,165.0,169.22,35922870,6021952770.65,259869
2026-02-09,INE376G01013,BIOCON,EQ,368.85,375.0,366.4,373.95,372.95,365.4,2278289,849356268.25,30026
2026-02-09,INE829A01014,BIOFILCHEM,EQ,35.89,39.47,35.89,38.21,38.5,35.89,169569,6549121.23,1135
2026-02-09,INE800A01015,BIRLACABLE,EQ,132.51,159.85,132.51,154.7,153.25,134.03,181418,26954626.87,3967
2026-02-09,INE340A01012,BIRLACORPN,EQ,1079.9,1099.0,1076.1,1095.5,1099.0,1078.2,43701,47708407.1,6478
2026-02-09,INE557A01011,BIRLANU,EQ,1700.0,1732.8,1650.0,1713.4,1724.0,1681.1,8965,15271241.2,1575
2026-02-09,INF209KC1134,ABGSEC,EQ,111.62,111.72,111.55,111.61,111.6,113.06,5791,646395.07,64
2026-02-09,INF209KB17D5,ABSLBANETF,EQ,63.17,63.17,61.47,61.84,61.81,61.33,108846,6739426.31,558
2026-02-09,INF209KB18T9,ABSLLIQUID,EQ,1000.01,1000.01,999.99,999.99,999.99,999.99,4362,4361977.77,31
2026-02-09,INF209KB16D7,ABSLNN50ET,EQ,72.36,72.96,72.01,72.65,72.36,72.15,18862,1368741.22,364
2026-02-09,INF209KB10E8,BSLSENETFG,EQ,84.96,84.97,83.74,84.01,84.01,83.68,1325,111496.65,234
2026-02-09,INF209KC1142,GSEC10ABSL,EQ,110.05,110.25,109.7,110.25,110.25,111.11,116,12766.25,13
2026-02-09,INF209KB10C2,HEALTHY,EQ,14.91,14.91,14.54,14.76,14.67,14.54,482279,7087960.58,1488
2026-02-09,INF209KB14K7,MOMENTUM,EQ,31.88,31.88,31.36,31.64,31.59,31.11,43993,1389222.29,290
2026-02-09,INF209KB15K4,NIFTYQLITY,EQ,21.63,22.24,21.52,21.78,21.84,21.62,26396,574731.54,384
2026-02-09,INF209KB19F6,SILVER,EQ,249.39,256.0,249.39,253.48,253.73,234.09,5639012,1429778153.57,40530
2026-02-09,INF209KB11D8,TECH,EQ,37.56,39.05,37.56,38.55,38.6,38.54,36158,1394210.69,273
2026-02-09,INF209KB19Z4,ABSLPSE,EQ,10.5,10.81,10.5,10.63,10.61,10.68,673344,7183516.4,943
2026-02-09,INE836A01035,BSOFT,EQ,435.75,446.75,433.3,445.2,445.0,435.7,982303,433531712.85,27256
2026-02-09,INE676A01027,BBOX,EQ,533.45,576.0,526.65,571.15,575.0,529.75,836169,469498006.6,28218
2026-02-09,INE0UIZ01018,BLACKBUCK,EQ,620.0,629.8,613.05,625.35,623.7,623.55,426820,266450066.55,19057
2026-02-09,INE791A01024,BLBLIMITED,EQ,14.55,14.55,13.93,14.52,14.55,13.94,102656,1472326.96,422
2026-02-09,INE416D01022,BLISSGVS,EQ,183.5,205.8,183.5,203.6,202.5,183.2,9078679,1795764159.75,74613
2026-02-09,INE0NLT01010,BLSE,EQ,166.0,169.94,165.28,167.48,166.88,165.99,108021,18133359.69,2608
2026-02-09,INE153T01027,BLS,EQ,294.25,298.65,282.4,295.35,294.5,292.4,2593024,759854721.0,48640
2026-02-09,INE657B01025,BLUECHIP,EQ,2.35,2.35,2.35,2.35,2.35,2.31,84256,198001.6,158
2026-02-09,INE472B01011,BLUECOAST,EQ,26.9,26.9,24.7,25.34,25.79,25.87,3507,88744.34,62
2026-02-09,INE233B01017,BLUEDART,EQ,5845.5,5870.0,5748.5,5823.5,5823.0,5845.5,14020,81417118.5,4023
2026-02-09,INE0KBH01020,BLUEJET,EQ,420.5,446.95,413.85,440.25,440.3,411.45,792674,346536395.6,19402
2026-02-09,INE0SAK01011,BLUEPEBBLE,SM,148.45,148.45,143.1,146.75,146.0,142.4,17200,2525420.0,17
2026-02-09,INE472A01039,BLUESTARCO,EQ,1889.3,1946.5,1889.3,1937.0,1946.0,1880.9,1382090,2660377190.3,52467
2026-02-09,INE0X3M01010,BLUEWATER,SM,139.0,142.45,137.0,142.2,142.45,134.35,13000,1833600.0,12
2026-02-09,INE304W01038,BLUESTONE,EQ,432.0,454.8,429.75,447.6,445.0,427.6,451095,201285812.75,15381
2026-02-09,INE0U4101014,BLUSPRING,EQ,57.0,60.8,56.0,57.52,57.8,55.7,195149,11203872.58,2654
2026-02-09,INE965W01036,BMWVENTLTD,EQ,60.48,62.73,60.11,62.05,61.8,59.94,499671,30740526.27,3848
2026-02-09,INE338D01028,BODALCHEM,EQ,50.05,51.9,50.01,51.59,51.82,50.05,90785,4657727.13,1615
2026-02-09,INE0EEJ01023,BTML,EQ,7.95,8.1,7.51,8.01,8.03,7.96,267581,2115371.35,342
2026-02-09,INE802W01023,BOHRAIND,EQ,20.14,20.14,19.18,19.67,20.0,19.42,3503,69478.42,28
2026-02-09,INE050A01025,BBTC,EQ,1778.6,1795.4,1773.5,1791.9,1793.8,1778.0,17868,31931143.2,2664
2026-02-09,INE032A01023,BOMDYEING,EQ,121.98,127.4,120.87,126.55,126.1,119.68,1305285,163297925.48,13011
2026-02-09,INE0I3Y01014,BMETRICS,SM,40.0,40.0,40.0,40.0,40.0,39.5,2400,96000.0,3
2026-02-09,INE032Z01020,BSHSL,EQ,91.7,93.99,91.7,92.62,93.9,91.7,16858,1571832.15,346
2026-02-09,INE053F07538,810IRFC27,N2,1048.65,1049.0,1048.5,1048.57,1048.5,1052.14,3022,3168704.5,34
2026-02-09,INE906B07CB9,830NHAI27,N2,1052.31,1055.0,1051.15,1052.87,1052.54,1052.31,7281,7661328.27,38
2026-02-09,INE020B07HP8,846REC28,N6,1082.63,1082.63,1082.63,1082.63,1082.63,1090.0,2000,2165260.0,2
2026-02-09,INE053F07686,865IRFC29,,1148.61,1148.61,1148.61,1148.61,1148.61,1165.0,1,1148.61,1
2026-02-09,INE020B07HS2,871REC28,N9,1090.01,1092.1,1087.02,1089.42,1090.01,1090.01,4975,5420891.39,55
2026-02-09,INE557F07108,863NHB34,N3,6300.0,6300.0,6300.0,6300.0,6300.0,6330.0,1,6300.0,1
2026-02-09,INE053F07744,888IRFC29,NE,1183.0,1183.0,1170.0,1182.95,1182.95,1182.75,425,502440.0,3
2026-02-09,INE557F07132,901NHB34,N6,6290.0,6290.0,6290.0,6290.0,6290.0,6200.0,2,12580.0,1
2026-02-09,INE16SF01016,BORANA,BE,383.8,383.8,361.4,371.55,374.5,374.7,30785,11462726.75,406
2026-02-09,INE02PY01013,BOROLTD,EQ,253.1,262.8,247.0,248.8,249.95,252.6,189671,47763513.45,4941
2026-02-09,INE666D01022,BORORENEW,EQ,500.0,510.4,497.0,508.75,507.4,496.65,701060,354015856.25,19963
2026-02-09,INE02L001032,BOROSCI,EQ,106.8,108.49,105.43,106.52,105.66,104.22,37278,3975354.88,837
2026-02-09,INE782A01015,BOSCH-HCIL,EQ,1329.0,1451.5,1316.1,1420.5,1423.9,1319.6,38785,53549124.8,2582
2026-02-09,INE323A01026,BOSCHLTD,EQ,36630.0,36680.0,35525.0,35630.0,35670.0,36340.0,31240,1126230780.0,15134
2026-02-09,INE110A01019,BPL,EQ,59.9,60.66,58.42,59.5,59.3,59.27,116470,6941282.57,1070
2026-02-09,INE0R4Z01018,BRACEPORT,SM,90.0,90.0,80.2,81.0,81.0,78.85,6400,531520.0,4
2026-02-09,INE02RE01045,FIRSTCRY,EQ,270.0,276.35,268.25,273.75,275.8,269.5,854636,233702505.9,31946
2026-02-09,INE977Y01011,BCONCEPTS,EQ,293.0,320.0,289.55,309.75,320.0,291.2,8832,2666961.45,445
2026-02-09,INE791I01019,BRIGADE,EQ,767.9,811.5,767.9,807.3,805.0,763.05,351326,278949741.5,14566
2026-02-09,INE03NU01014,BRIGHOTEL,EQ,61.35,61.8,60.55,61.69,61.79,60.52,109565,6717961.17,3027
2026-02-09,INE425B01027,BCG,EQ,10.76,10.94,10.64,10.82,10.82,10.68,4712599,50930107.37,6921
2026-02-09,INE216A01030,BRITANNIA,EQ,5900.5,5915.5,5792.5,5843.0,5843.0,5911.0,331118,1932179537.0,37526
2026-02-09,INE0FDU25010,BIRET,RR,355.77,364.14,354.0,362.41,362.21,353.95,468617,169925899.02,12762
2026-02-09,INE650L01011,BROOKS,EQ,62.99,73.11,61.98,69.23,68.29,60.93,688588,48825020.51,6388
2026-02-09,INE118H01025,BSE,EQ,2918.0,2997.7,2916.0,2985.1,2986.0,2897.0,5461587,16245423699.2,247388
2026-02-09,INE594B01012,BSL,EQ,139.77,142.0,136.3,141.1,141.15,139.77,8041,1126511.73,373
2026-02-09,INE295F01017,BUTTERFLY,EQ,640.0,649.8,624.35,629.5,630.0,626.85,10470,6657518.8,572
2026-02-09,INE0SZ301012,BULKCORP,SM,55.15,55.15,55.15,55.15,55.15,55.15,1200,66180.0,1
2026-02-09,INE0SMX01019,CKKRETAIL,ST,179.7,179.7,179.65,179.7,179.7,171.15,503200,90411000.0,193
2026-02-09,INE0QBU01012,CPS,ST,1285.0,1285.0,1285.0,1285.0,1285.0,1257.1,150,192750.0,1
2026-02-09,INE0BV301023,MAPMYINDIA,EQ,1265.4,1290.0,1265.0,1283.0,1280.5,1258.8,43555,55818727.4,7171
2026-02-09,INE0U7V01015,C2C,SM,358.25,368.2,350.0,360.8,361.9,351.2,73800,26595817.5,352
2026-02-09,INE526B01014,CALSOFT,EQ,14.23,14.23,13.75,14.08,14.1,14.24,38565,541583.15,180
2026-02-09,INE627H01017,CTE,EQ,36.66,37.94,35.11,36.14,36.95,36.65,26832,969501.78,360
2026-02-09,INE052I01032,CAMLINFINE,EQ,165.0,171.59,163.2,168.0,168.6,167.26,1457130,245002697.8,14051
2026-02-09,INE278Y01022,CAMPUS,EQ,274.9,277.8,273.15,276.65,275.1,273.3,244516,67498437.6,6028
2026-02-09,INE477A01020,CANFINHOME,EQ,949.95,956.0,937.55,950.2,949.0,928.3,221134,210135343.1,18727
2026-02-09,INE476A01022,CANBK,EQ,148.65,150.37,147.35,147.93,147.85,147.31,31077822,4623152511.52,83024
2026-02-09,INE01TY01017,CANHLIFE,EQ,144.55,149.29,144.55,147.35,147.1,144.89,870069,128398645.1,18840
2026-02-09,INE218I01013,CRAMC,EQ,256.95,260.0,255.6,258.9,259.75,256.4,481377,124179983.5,13331
2026-02-09,INE0QG301017,CANARYS,SM,25.4,26.2,25.4,25.95,26.0,26.0,48000,1244000.0,9
2026-02-09,INE068L01024,CANTABIL,EQ,295.9,303.8,281.05,297.5,297.9,291.55,491001,143288207.75,11810
2026-02-09,INE264T01014,CAPACITE,EQ,236.0,254.2,233.31,247.65,248.4,233.28,702568,170756962.54,12045
2026-02-09,INE0ILV01024,CAPILLARY,EQ,607.95,631.95,591.3,597.2,593.9,607.7,727339,442795656.75,18995
2026-02-09,INE345H01024,CIFL,EQ,32.0,33.33,32.0,32.29,32.2,31.87,173853,5680428.28,1508
2026-02-09,INE0Z8Z23013,CAPINVIT,IV,74.9,74.98,73.01,74.58,74.5,73.92,244283,18167703.28,16170
2026-02-09,INE646H01017,CAPITALSFB,EQ,258.0,265.0,258.0,264.2,264.05,261.6,19354,5087542.85,577
2026-02-09,INE707C01018,CAPTRUST,EQ,15.05,15.88,14.46,14.74,14.6,15.15,98667,1470343.21,790
2026-02-09,INE475E01026,CAPLIPOINT,EQ,1825.7,1825.8,1747.6,1758.4,1761.7,1825.7,195605,345960531.3,19464
2026-02-09,INE180C01042,CGCL,EQ,175.5,180.9,175.0,176.79,176.9,173.22,1131823,200911379.95,16166
2026-02-09,INE120A01034,CARBORUNIV,EQ,774.6,833.75,774.6,830.0,830.0,771.4,453909,371398773.3,20331
2026-02-09,INE752H01013,CARERATING,EQ,1645.0,1660.4,1620.0,1648.7,1655.0,1647.2,33001,54002033.2,4441
2026-02-09,INE0P6P01016,CPEDU,EQ,220.0,225.0,218.08,222.76,220.52,215.3,9322,2063999.57,667
2026-02-09,INE0V7W01012,CARRARO,EQ,547.15,577.7,547.15,573.9,574.0,547.15,359404,203801585.35,12384
2026-02-09,INE290S01011,CARTRADE,EQ,2290.8,2290.8,2175.0,2186.0,2187.0,2263.6,881926,1938513174.6,79130
2026-02-09,INE482D01024,CARYSIL,EQ,932.0,971.35,932.0,947.85,948.0,932.4,108148,102964418.0,6229
2026-02-09,INE0WL201014,CUDML,SM,121.0,122.0,120.0,122.0,122.0,122.4,9000,1084500.0,9
2026-02-09,INE172A01027,CASTROLIND,EQ,185.55,189.6,185.55,189.05,189.01,185.23,2990451,564283767.98,28390
2026-02-09,INE421D01022,CCL,EQ,1008.4,1034.5,1002.1,1020.9,1026.0,990.55,388268,397466131.3,21600
2026-02-09,INE482A01020,CEATLTD,EQ,3975.0,4039.9,3928.0,4015.6,4015.0,3924.4,289391,1159698316.2,32926
2026-02-09,INE11J101017,CEDAAR,SM,40.7,41.9,40.0,41.85,41.85,40.6,6000,245100.0,6
2026-02-09,INE0AG901020,CEIGALL,EQ,297.0,299.0,278.5,286.3,290.0,291.85,1048457,304008808.65,21175
2026-02-09,INE185H01016,CELEBRITY,EQ,9.22,9.7,8.88,9.55,9.66,9.04,35778,336687.92,207
2026-02-09,INE0O0001013,CELLPOINT,SM,15.95,15.95,15.95,15.95,15.95,16.0,1200,19140.0,1
2026-02-09,INE0OMO01025,CELLECOR,SM,28.5,28.5,27.7,28.0,28.0,28.0,279000,7806000.0,47
2026-02-09,INE0LMW01024,CELLO,EQ,505.0,518.1,504.8,513.25,511.6,504.3,116384,59659566.65,4998
2026-02-09,INE686A01026,CEMPRO,EQ,642.2,647.15,623.0,639.9,640.35,634.85,498866,317439688.45,24520
2026-02-09,INE483A01010,CENTRALBK,EQ,37.5,37.98,37.25,37.74,37.79,37.0,5823510,220072533.82,15728
2026-02-09,INE736A01011,CDSL,EQ,1349.3,1377.4,1342.2,1374.3,1374.0,1331.4,1639681,2236242241.0,53533
2026-02-09,INE660C01027,CENTRUM,EQ,25.7,26.68,25.7,26.42,26.39,25.72,145360,3831007.51,603
2026-02-09,INE320B01020,CENTUM,EQ,2317.0,2391.0,2282.1,2385.5,2385.0,2316.8,16040,37790155.7,3012
2026-02-09,INE485A01015,CENTENKA,EQ,481.4,481.4,467.0,473.0,472.0,474.15,27126,12826507.45,1262
2026-02-09,INE281A01026,CENTEXT,EQ,21.62,21.89,21.36,21.53,21.79,21.61,125036,2702585.85,654
2026-02-09,INE348B01021,CENTURYPLY,EQ,803.0,810.0,791.2,801.9,798.0,797.8,38531,30869053.2,5392
2026-02-09,INE739E01017,CERA,EQ,5167.1,5304.4,5137.0,5275.6,5268.3,5167.1,13503,70833341.5,3957
2026-02-09,INE345B01019,CEREBRAINT,BZ,5.16,5.63,5.16,5.21,5.35,5.37,138726,744961.8,240
2026-02-09,INE486A01021,CESC,EQ,155.0,156.78,150.52,154.58,154.35,153.91,2066345,317311216.8,30622
2026-02-09,INE067A01029,CGPOWER,EQ,679.7,695.7,678.25,690.35,690.8,674.85,2569205,1771550530.9,38632
2026-02-09,INE427F01016,CHALET,EQ,864.4,869.0,851.0,867.35,867.6,849.05,49632,42757054.9,5972
2026-02-09,INE419D01026,CLSEL,EQ,268.55,277.0,268.55,276.12,276.95,268.55,77328,21207922.97,2234
2026-02-09,INE06PV01010,CMNL,SM,117.0,117.0,117.0,117.0,117.0,115.0,750,87750.0,1
2026-02-09,INE085A01013,CHAMBLFERT,EQ,434.0,446.5,430.0,444.8,444.0,428.05,1114593,488556423.5,21885
2026-02-09,INE11HG01018,CHAMUNDA,SM,45.5,46.45,45.5,45.95,46.45,44.05,6000,275850.0,2
2026-02-09,INE0B2N01016,CHANDAN,SM,280.0,307.0,280.0,296.95,297.0,271.85,64000,18902800.0,67
2026-02-09,INE0PT101017,CHAVDA,SM,115.0,115.0,108.9,108.95,109.0,112.4,28000,3084100.0,27
2026-02-09,INE0TGX01019,CHEMBONDCH,EQ,149.03,160.66,149.03,153.87,156.88,149.03,11409,1773710.68,422
2026-02-09,INE995D01025,CHEMBOND,EQ,148.0,149.44,145.48,146.46,146.75,145.2,7730,1135020.06,353
2026-02-09,INE03YM01018,CHEMCON,EQ,182.9,188.39,182.9,186.69,186.2,180.21,32497,6067720.05,1654
2026-02-09,INE783X01023,CHEMFAB,EQ,396.0,407.5,394.05,406.75,407.0,399.95,12000,4849841.6,650
2026-02-09,INE488A01050,CHEMPLASTS,EQ,244.7,287.25,244.7,282.75,281.0,256.15,643382,174350779.45,7889
2026-02-09,INE178A01016,CHENNPETRO,EQ,913.4,930.0,905.0,921.6,920.0,905.6,974589,899882642.55,27396
2026-02-09,INE0U1T01012,CHETANA,SM,47.95,49.9,47.95,49.9,49.9,46.0,6400,310000.0,4
2026-02-09,INE974B01016,CHEVIOT,EQ,1048.0,1068.6,1035.0,1040.3,1040.5,1043.3,1240,1293391.8,235
2026-02-09,INE102B01014,CHOICEIN,EQ,764.8,778.0,760.1,771.8,772.1,760.1,912516,704319256.75,14260
2026-02-09,INF2KCX01012,CHOICEGOLD,EQ,152.0,155.0,151.95,153.64,154.0,150.92,40965,6292246.41,1022
2026-02-09,INE149A01033,CHOLAHLDNG,EQ,1671.0,1733.4,1664.2,1714.7,1710.2,1650.2,177974,305243020.6,16625
2026-02-09,INE121A01024,CHOLAFIN,EQ,1760.0,1776.7,1750.3,1770.2,1770.2,1742.2,1602785,2833961167.6,50161
2026-02-09,INE536H01010,CIEINDIA,EQ,427.5,434.9,419.5,428.95,426.0,426.5,105905,45146616.3,4896
2026-02-09,INE675C01017,CIGNITITEC,EQ,1515.0,1537.9,1506.6,1522.5,1520.1,1511.6,104296,159152937.2,4725
2026-02-09,INE704H01022,CINELINE,EQ,84.9,87.0,83.43,85.05,84.86,84.93,44972,3821923.65,207
2026-02-09,INE039B01026,CINEVISTA,EQ,15.81,16.69,15.81,16.0,16.35,15.83,35876,582198.5,130
2026-02-09,INE059A01026,CIPLA,EQ,1338.0,1352.0,1328.0,1342.5,1348.0,1330.0,1936551,2586332963.9,74010
2026-02-09,INE491A01021,CUB,EQ,296.4,297.85,287.0,289.85,288.8,292.45,1791768,521587242.6,38643
2026-02-09,INE201M01029,CLEDUCATE,EQ,59.08,61.92,55.5,58.59,58.5,59.08,357814,21118578.05,2388
2026-02-09,INE0UQ601012,CLASSICEIL,SM,53.0,53.1,52.0,52.2,52.2,52.0,16000,840000.0,9
2026-02-09,INE227W01023,CLEAN,EQ,800.0,805.2,795.15,799.4,801.6,797.25,181179,145067017.55,13500
2026-02-09,INE1EF801010,CSSL,SM,134.8,140.1,132.0,136.4,137.0,130.0,47000,6417750.0,43
2026-02-09,INE981B01011,CMICABLES,BZ,5.01,5.01,4.76,4.76,4.76,5.01,8107,39072.88,58
2026-02-09,INE925R01014,CMSINFO,EQ,327.0,331.0,319.0,321.65,321.5,325.9,375283,122018368.95,13882
2026-02-09,INE522F01014,COALINDIA,EQ,434.0,434.8,429.8,431.7,431.45,432.8,4512635,1947786149.4,79215
2026-02-09,INE377E01024,COASTCORP,BE,51.6,53.0,51.12,52.2,52.45,50.81,104238,5454799.33,426
2026-02-09,INE704P01025,COCHINSHIP,EQ,1490.2,1544.9,1488.6,1524.4,1528.5,1490.1,759713,1154942878.9,38719
2026-02-09,INE335K01011,COFFEEDAY,EQ,30.1,32.5,30.1,32.09,32.15,30.14,1250423,39712254.3,4120
2026-02-09,INE591G01025,COFORGE,EQ,1552.1,1572.4,1538.3,1549.3,1549.5,1546.0,1542877,2393969591.9,65243
2026-02-09,INE03QK01018,COHANCE,EQ,342.8,365.5,338.9,348.8,347.0,339.45,1110732,390226843.75,35042
2026-02-09,INE259A01022,COLPAL,EQ,2141.0,2162.1,2127.3,2155.6,2152.0,2133.2,260857,561580704.6,17050
2026-02-09,INE073V01015,COMSYN,BE,167.0,174.4,165.05,172.03,173.85,167.14,53793,9084565.38,203
2026-02-09,INE597Z01014,COMMITTED,SM,185.3,194.9,185.3,194.9,194.9,195.0,5600,1058400.0,7
2026-02-09,INE070C01037,COMPINFO,BZ,1.44,1.44,1.34,1.34,1.34,1.41,20987,28720.35,39
2026-02-09,INE453B01029,COMPUSOFT,EQ,14.28,14.68,14.21,14.46,14.47,14.27,25633,368281.41,219
2026-02-09,INE596I01020,CAMS,EQ,732.55,741.65,725.05,736.4,734.0,722.4,1253751,922177070.0,29148
2026-02-09,INE338H01029,CONCORDBIO,EQ,1321.1,1339.2,1260.1,1272.2,1267.5,1327.2,686749,886697329.0,43034
2026-02-09,INE037Z01029,CEWATER,EQ,402.95,442.0,402.95,437.55,436.0,402.8,73642,31441889.25,2950
2026-02-09,INE552D01024,CONFIPET,EQ,31.25,33.79,31.25,33.57,33.79,31.25,883461,28955655.36,3722
2026-02-09,INE0EAS01014,CONNPLEX,SM,273.9,274.0,255.35,256.95,256.95,261.75,40000,10541520.0,50
2026-02-09,INE429I01024,CCCL,EQ,19.48,19.8,18.31,18.73,19.2,18.57,268668,5062627.88,804
2026-02-09,INE025A01027,CONSOFINVT,EQ,216.0,229.9,215.01,225.25,226.0,214.97,117399,26324977.74,1962
2026-02-09,INE111A01025,CONCOR,EQ,515.0,516.15,508.25,513.6,513.5,509.5,788634,404622608.5,30833
2026-02-09,INE340Z01019,CONTI,SM,19.9,19.9,19.9,19.9,19.9,20.9,3333,66326.7,1
2026-02-09,INE663B01015,CONTROLPR,EQ,645.05,650.45,636.1,642.45,642.5,645.05,20961,13474553.2,1936
2026-02-09,INE0HS001028,COOLCAPS,SM,28.55,28.55,28.55,28.55,28.55,30.05,40000,1142000.0,22
2026-02-09,INE558D01021,CORALFINAC,EQ,36.17,36.17,34.49,34.68,34.99,34.34,6691,235001.58,240
2026-02-09,INE792I01017,CORDSCABLE,EQ,166.42,179.99,166.42,176.33,175.87,168.72,24931,4367582.05,982
2026-02-09,INE169A01031,COROMANDEL,EQ,2281.6,2307.0,2250.5,2281.4,2287.0,2270.3,289415,659980038.1,29004
2026-02-09,INE02ZQ01018,CORONA,EQ,1550.0,1644.0,1529.7,1635.5,1628.2,1537.3,106032,170604229.2,11699
2026-02-09,INE757A01017,COSMOFIRST,EQ,628.8,638.9,616.75,631.8,630.0,617.25,109432,68946202.65,3755
2026-02-09,INE652F01027,CCHHL,EQ,14.8,14.8,13.5,13.76,13.75,13.25,23778,332628.92,309
2026-02-09,INE695B01025,COUNCODOS,EQ,5.34,5.34,4.75,5.15,5.18,5.09,26288,133410.97,202
2026-02-09,INE521J01018,CPCAP,EQ,96.41,100.88,95.91,98.17,96.13,96.41,24981,2443774.03,535
2026-02-09,INF457M01133,CPSEETF,EQ,99.82,102.31,99.72,99.88,99.9,99.82,2720010,272161134.99,12416
2026-02-09,INE00LO01017,CRAFTSMAN,EQ,7909.5,7909.5,7750.0,7838.0,7823.0,7834.0,28446,222808376.0,8889
2026-02-09,INE0OFK01019,CRAYONS,SM,39.25,41.0,39.25,41.0,41.0,41.0,2000,80250.0,2
2026-02-09,INE230B01021,CREATIVEYE,EQ,6.7,6.9,6.69,6.88,6.77,6.83,5468,37279.07,143
2026-02-09,INE0R7401011,CGRAPHICS,SM,161.8,161.9,157.0,157.65,159.4,157.0,36000,5721840.0,37
2026-02-09,INE985W01018,CNL,EQ,700.0,710.0,690.05,696.5,699.15,692.7,10395,7262946.6,713
2026-02-09,INE741K01010,CREDITACC,EQ,1295.4,1303.0,1274.8,1282.3,1282.3,1289.9,170949,219526220.5,16224
2026-02-09,INE220Q01020,MUFTI,EQ,104.99,110.0,104.62,107.17,106.81,102.57,433606,46652954.41,4868
2026-02-09,INE559D01011,CREST,EQ,366.1,369.0,356.7,365.55,368.0,366.1,1975,720336.15,103
2026-02-09,INE007A01025,CRISIL,EQ,4750.5,4755.1,4660.0,4701.4,4700.0,4755.1,27634,129653013.4,7302
2026-02-09,INE0S4R01014,CRIZAC,EQ,240.0,243.9,233.65,240.1,239.0,236.6,327292,78632498.5,10002
2026-02-09,INE299U01018,CROMPTON,EQ,245.06,263.8,243.05,262.92,261.1,245.03,8983263,2306238878.0,74678
2026-02-09,INE491V01019,CROWN,EQ,132.95,132.95,125.0,128.61,128.5,132.98,18251,2348526.0,746
2026-02-09,INE679A01013,CSBBANK,EQ,415.0,423.95,410.5,414.6,414.0,413.8,345477,144783063.15,14800
2026-02-09,INE718F01018,CSLFINANCE,EQ,259.9,265.95,255.0,257.2,258.2,256.2,52248,13567629.65,1138
2026-02-09,INE0NR623014,CUBEINVIT,IV,140.0,140.0,140.0,140.0,140.0,140.0,75000,10500000.0,3
2026-02-09,INE144D01012,CUBEXTUB,EQ,117.0,122.29,115.0,115.74,116.4,114.78,364054,43233414.31,4509
2026-02-09,INE298A01020,CUMMINSIND,EQ,4371.8,4439.5,4368.4,4427.5,4423.5,4368.4,531637,2344820443.5,52479
2026-02-09,INE509F01029,CUPID,EQ,425.35,427.25,419.0,421.15,423.0,422.85,2943021,1241745689.5,25021
2026-02-09,INE117B01020,CURAA,BE,89.4,89.4,89.25,89.25,89.25,89.47,132,11798.3,10
2026-02-09,INE1BZN01016,CURIS,SM,111.0,111.0,110.0,110.0,110.0,107.0,2000,221000.0,2
2026-02-09,INE278G01037,CYBERMEDIA,EQ,15.23,16.38,15.23,16.02,16.38,16.11,3345,53325.03,79
2026-02-09,INE075Z01011,CMRSL,SM,67.5,68.5,66.5,68.5,68.5,70.0,6400,430400.0,6
2026-02-09,INE214A01019,CYBERTECH,EQ,134.36,139.7,134.0,137.01,137.4,132.36,37439,5084460.23,851
2026-02-09,INE055S01018,CYIENTDLM,EQ,347.45,365.0,347.45,360.7,358.5,345.8,316379,113391334.55,11179
2026-02-09,INE136B01020,CYIENT,EQ,1070.9,1089.9,1070.9,1079.3,1082.0,1066.6,147092,159017936.9,14363
2026-02-09,INE864X01013,DPWIRES,EQ,169.99,172.0,166.52,170.3,168.96,165.99,11107,1879652.92,442
2026-02-09,INE250K01012,DLINKINDIA,EQ,392.6,408.85,392.05,406.45,405.0,387.95,107666,43198726.0,4377
2026-02-09,INE266Y01019,DPABHUSHAN,EQ,1239.2,1314.7,1220.1,1298.3,1282.2,1219.3,25089,32134884.5,1980
2026-02-09,INE950I01011,DBCORP,EQ,239.84,239.84,236.0,236.09,236.01,237.45,86430,20470754.8,3449
2026-02-09,INE016A01026,DABUR,EQ,510.5,516.0,507.55,514.4,512.1,508.3,1265939,648660719.85,23804
2026-02-09,INE00R701025,DALBHARAT,EQ,2118.3,2210.0,2111.9,2195.7,2203.0,2118.3,175023,381078790.6,16809
2026-02-09,INE495A01022,DALMIASUG,EQ,290.6,305.45,290.6,303.8,300.35,289.6,116404,34982987.1,3903
2026-02-09,INE284H01025,DAMCAPITAL,EQ,169.0,171.8,164.91,170.78,171.05,167.17,603604,101964885.58,7982
2026-02-09,INE497D01022,DAMODARIND,EQ,27.44,28.44,26.15,26.84,26.64,27.44,15851,425783.04,454
2026-02-09,INE688Y01022,DANGEE,EQ,3.05,3.15,2.98,3.03,3.02,3.02,103831,318362.85,213
2026-02-09,INE0YU901016,DANISH,SM,629.05,664.95,629.05,650.65,648.95,625.85,37350,24165045.0,201
2026-02-09,INE04Q901010,DCCL,SM,44.5,45.3,44.5,45.3,45.3,43.0,12000,539300.0,6
2026-02-09,INE0IX101010,DATAPATTNS,EQ,2738.0,2816.0,2700.5,2805.1,2805.0,2723.7,841233,2331742958.8,52366
2026-02-09,INE365B01017,DATAMATICS,EQ,789.0,809.9,782.0,801.25,800.1,776.85,94217,75256965.45,4504
2026-02-09,INE179G01029,DAVANGERE,EQ,4.31,4.5,4.25,4.46,4.44,4.25,34452048,149641230.82,10554
2026-02-09,INE921B01025,DBSTOCKBRO,EQ,25.27,25.27,24.5,24.81,24.54,24.77,4186,103106.55,57
2026-02-09,INE0A1101019,DCI,EQ,232.57,247.0,226.4,232.6,226.4,237.59,8870,2102869.96,589
2026-02-09,INE503A01015,DCBBANK,EQ,195.74,195.8,190.1,193.53,193.2,192.25,2441342,471688615.14,27475
2026-02-09,INE0S8401018,DCG,SM,60.0,62.0,59.0,60.5,60.5,60.0,13200,789240.0,10
2026-02-09,INE891B01012,DCMFINSERV,EQ,4.6,4.87,4.14,4.55,4.59,4.5,9658,43322.89,142
2026-02-09,INE498A01018,DCM,EQ,89.0,89.0,86.51,87.68,88.4,87.12,2148,189275.14,117
2026-02-09,INE08KP01019,DCMNVL,EQ,137.0,139.39,134.05,136.55,137.7,140.99,13546,1858557.97,304
2026-02-09,INE843D01027,DCMSRIND,EQ,40.0,40.9,39.29,40.31,40.0,39.81,237843,9507522.37,1012
2026-02-09,INE499A01024,DCMSHRIRAM,EQ,1165.5,1175.0,1135.0,1156.4,1154.0,1158.8,63172,72435988.7,7867
2026-02-09,INE500A01029,DCW,EQ,48.94,52.95,48.56,52.58,52.05,48.84,1863836,95921712.82,8058
2026-02-09,INE0KL801015,DCXINDIA,EQ,166.01,174.0,166.01,173.15,172.51,165.8,641281,110573483.47,8923
2026-02-09,INE0HR601026,DDEVPLSTIK,EQ,293.9,307.6,292.05,305.45,304.65,293.85,106163,32114253.7,2333
2026-02-09,INE0JWV01011,DENEERS,SM,136.0,152.9,136.0,146.05,149.9,143.25,33600,4938930.0,50
2026-02-09,INE244A01016,DENORA,EQ,587.4,618.0,584.0,601.4,593.5,587.85,9041,5458106.55,1013
2026-02-09,INE411Y01011,DIL,BZ,1.37,1.37,1.32,1.33,1.37,1.34,213616,289181.44,205
2026-02-09,INE583C01021,DECCANCE,EQ,679.05,756.0,677.8,726.7,721.0,666.45,99348,72038907.45,5273
2026-02-09,INE0S7C01019,DECCANTRAN,SM,22.65,24.0,22.65,23.75,23.75,22.55,6000,140400.0,5
2026-02-09,INE841L01016,DEEDEV,EQ,219.15,219.8,212.5,214.14,215.0,212.73,117167,25234896.78,2549
2026-02-09,INE586O01011,DEEM,SM,39.9,42.5,39.9,42.5,42.5,39.7,5000,208100.0,5
2026-02-09,INE0FHS01024,DEEPINDS,EQ,406.0,412.35,397.1,407.75,406.3,402.9,263699,106766376.95,7356
2026-02-09,INE0OPA01019,DBEIL,EQ,93.0,94.56,92.41,93.5,93.48,92.36,32727,3070672.34,686
2026-02-09,INE501A01019,DEEPAKFERT,EQ,997.4,1090.0,990.7,1078.6,1081.0,996.9,984276,1047211088.0,47902
2026-02-09,INE288B01029,DEEPAKNTR,EQ,1618.0,1686.0,1618.0,1678.0,1686.0,1617.3,201968,334782881.1,16746
2026-02-09,INE0SK801018,DELAPLEX,SM,108.0,110.0,104.55,105.95,105.95,108.0,24600,2593320.0,36
2026-02-09,INE148O01028,DELHIVERY,EQ,436.15,438.9,431.7,433.75,433.45,436.1,2043026,886889927.35,23958
2026-02-09,INE726L01019,DELPHIFX,EQ,234.66,234.66,222.86,224.17,223.51,225.85,276857,62542052.02,3376
2026-02-09,INE0XRN01019,DELTIC,SM,37.2,42.0,37.2,41.55,41.6,39.0,11000,447950.0,11
2026-02-09,INE124G01033,DELTACORP,EQ,65.99,68.39,65.56,68.24,67.6,65.88,1591303,107396677.88,7114
2026-02-09,INE393A01011,DELTAMAGNT,EQ,64.69,65.93,63.0,63.51,63.3,65.1,3571,226838.02,169
2026-02-09,INE947J01015,DEN,EQ,29.1,29.79,29.1,29.33,29.35,29.01,417512,12289212.54,2421
2026-02-09,INE0R4L01018,DENTA,EQ,267.4,303.95,264.9,294.8,294.2,264.55,829721,240954690.65,19804
2026-02-09,INE0IGO01011,DESTINY,SM,119.0,119.0,119.0,119.0,119.0,124.3,3000,357000.0,1
2026-02-09,INE0VOV01021,DEVX,EQ,40.01,41.04,40.01,40.72,40.7,40.22,94016,3833476.1,714
2026-02-09,INE060X01034,DEVIT,EQ,31.15,36.49,31.01,32.5,35.0,31.15,266610,8621890.82,898
2026-02-09,INE872J01023,DEVYANI,EQ,130.84,133.35,129.22,131.96,132.01,130.19,3355870,442394771.38,21603
2026-02-09,INE0I3401014,DBOL,EQ,101.45,104.3,98.55,99.31,99.5,99.34,61241,6185643.03,917
2026-02-09,INE041A01016,DHAMPURSUG,EQ,118.45,122.3,117.2,120.5,120.9,117.92,268935,32314657.09,3018
2026-02-09,INE680A01011,DHANBANK,EQ,24.11,24.3,24.1,24.2,24.18,24.06,384030,9289224.22,1157
2026-02-09,INE0V9V01010,DHANLAXMI,SM,29.0,29.0,29.0,29.0,29.0,29.45,2000,58000.0,1
2026-02-09,INE435G01025,DHANUKA,EQ,1065.3,1149.0,1058.4,1136.1,1137.0,1051.0,63950,71669670.0,6166
2026-02-09,INE704V01015,DIRL,SM,19.9,19.9,19.9,19.9,19.9,19.9,12000,238800.0,1
2026-02-09,INE2HJL01019,DHARARAIL,SM,118.5,121.2,117.0,118.95,118.95,118.4,28000,3326800.0,23
2026-02-09,INE278R01034,DHARAN,BZ,0.19,0.19,0.17,0.19,0.19,0.18,74642499,14061011.32,3606
2026-02-09,INE0YRN01025,DHARIWAL,ST,80.15,80.15,78.0,78.0,78.0,78.7,60000,4718700.0,15
2026-02-09,INE00OQ01016,DHARMAJ,EQ,242.0,260.0,240.7,256.37,256.0,240.03,46315,11602364.12,1817
2026-02-09,INE506Z01015,DHRUV,EQ,35.25,36.9,34.0,34.96,34.51,34.55,26004,910520.94,605
2026-02-09,INE320L01011,DHUNINV,EQ,965.9,1014.9,920.0,977.3,962.7,980.6,3739,3579213.2,344
2026-02-09,INE341R01014,DTIL,EQ,147.99,149.0,144.51,147.1,148.0,143.67,3065,450844.25,173
2026-02-09,INE477B01010,DVL,EQ,256.95,267.0,256.95,264.0,262.0,256.55,20249,5329662.45,861
2026-02-09,INE591D01014,DIAMINESQ,EQ,250.0,259.8,246.0,255.0,255.0,252.15,1408,358191.85,95
2026-02-09,INE989C01038,DIACABS,EQ,126.0,128.7,124.76,128.02,128.52,124.39,338090,42975492.91,2930
2026-02-09,INE303A01010,DICIND,EQ,562.7,570.0,527.1,539.8,527.9,562.7,5915,3198982.6,450
2026-02-09,INE184O01015,DIFFNKG,EQ,257.99,278.0,257.99,274.7,276.5,247.65,435165,117797740.14,8792
2026-02-09,INE03JI01017,DGCONTENT,EQ,24.11,27.0,23.52,26.45,27.0,24.43,41489,1073735.6,202
2026-02-09,INE0PSC01024,DIGIDRIVE,EQ,22.25,23.64,22.25,23.16,23.0,22.64,54872,1271761.42,240
2026-02-09,INE0QJ901011,DIGIKORE,SM,63.95,69.8,61.5,67.85,64.5,60.8,116000,7497040.0,114
2026-02-09,INE927C01020,DIGISPICE,EQ,20.4,20.75,20.08,20.39,20.57,20.0,63756,1308630.52,415
2026-02-09,INE0U4701011,DIGITIDE,EQ,112.51,116.0,112.07,113.36,113.51,112.51,169913,19359465.42,2548
2026-02-09,INE731U01028,DIGJAMLMTD,EQ,50.1,53.0,46.56,49.73,49.21,49.84,29917,1498922.52,660
2026-02-09,INE016M01021,DNAMEDIA,EQ,3.5,3.87,3.5,3.65,3.64,3.67,57610,211919.7,256
2026-02-09,INE917M01012,DBL,EQ,455.9,474.0,454.5,469.85,465.35,455.3,174420,81298075.0,7293
2026-02-09,INE836F01026,DISHTV,EQ,3.39,3.5,3.36,3.46,3.44,3.39,4979387,17062670.36,3526
2026-02-09,INE385W01011,DCAL,EQ,203.3,216.4,201.49,211.52,209.0,200.89,374871,78980165.5,5999
2026-02-09,INE753U01022,DIVGIITTS,EQ,625.0,632.0,607.15,627.35,630.0,614.9,6165,3840063.65,452
2026-02-09,INE361B01024,DIVISLAB,EQ,6079.0,6150.0,6041.0,6113.5,6140.0,6024.5,219396,1336148507.0,40841
2026-02-09,INE0NA501011,DIVINEHIRA,ST,233.0,233.0,219.8,222.35,230.0,231.05,17600,3996320.0,11
2026-02-09,INE0SCO01019,DPEL,ST,300.95,302.45,300.0,302.45,302.45,297.0,30000,9027875.0,38
2026-02-09,INE0QYI01019,DIVYADHAN,SM,23.7,23.7,23.7,23.7,23.7,22.6,10000,237000.0,5
2026-02-09,INE935N01020,DIXON,EQ,11655.0,11845.0,11550.0,11757.0,11735.0,11502.0,485574,5696976627.0,65950
2026-02-09,INE0B1K01014,DJML,BE,96.11,100.9,95.64,99.4,99.0,96.51,41306,4033833.44,542
2026-02-09,INE271C01023,DLF,EQ,668.1,673.8,666.45,671.15,670.9,663.75,1727533,1158762019.45,44265
2026-02-09,INE505A01010,DMCC,EQ,225.8,239.9,224.74,237.77,236.9,225.8,18326,4293306.37,755
2026-02-09,INE0OGG01015,DHTL,ST,63.75,63.75,63.75,63.75,63.75,67.1,4000,255000.0,5
2026-02-09,INE021O01019,DODLA,EQ,1215.0,1220.0,1195.1,1202.2,1203.9,1201.0,18574,22373636.0,3363
2026-02-09,INE966A01022,DOLATALGO,EQ,76.5,79.5,76.5,78.9,79.0,76.12,181087,14187639.15,2172
2026-02-09,INE325C01035,DOLLAR,EQ,329.3,334.5,328.6,330.45,330.15,327.7,57417,18974820.05,1804
2026-02-09,INE0JHH01011,DOLLEX,SM,34.05,36.55,33.85,35.75,36.55,34.45,36000,1249800.0,9
2026-02-09,INE920A01037,DOLPHIN,EQ,427.8,441.45,421.3,428.1,424.0,426.95,8367,3615965.65,642
2026-02-09,INE321T01012,DOMS,EQ,2424.0,2467.5,2400.5,2422.1,2415.7,2419.0,36542,89099332.2,4869
2026-02-09,INE668D01028,DONEAR,EQ,92.4,106.5,92.0,101.74,101.0,91.14,459189,46681384.09,4189
2026-02-09,INE360C01024,DPSCLTD,EQ,9.1,9.48,9.05,9.32,9.35,9.09,121518,1125914.19,785
2026-02-09,INE943P01029,AGARWALEYE,EQ,450.4,462.5,440.05,459.55,457.9,450.15,119960,54263026.9,7350
2026-02-09,INE600L01024,LALPATHLAB,EQ,1444.9,1455.9,1422.0,1444.9,1426.5,1443.4,181613,262143514.9,36932
2026-02-09,INE089A01031,DRREDDY,EQ,1260.0,1278.8,1243.5,1275.5,1276.0,1241.2,2111316,2674467694.6,60588
2026-02-09,INE03RS01027,DRCSYSTEMS,EQ,18.29,18.29,17.12,17.27,17.3,17.64,147756,2585675.01,667
2026-02-09,INE0JS101016,DREAMFOLKS,EQ,92.99,95.66,91.11,93.51,93.12,91.23,131722,12354734.99,2649
2026-02-09,INE506A01018,DREDGECORP,EQ,1000.0,1051.4,990.0,1042.1,1040.0,986.8,296467,304211931.6,14424
2026-02-09,INE0P7201019,DRONE,SM,51.35,53.2,51.35,51.85,51.9,51.3,18000,940575.0,33
2026-02-09,INE02CV01017,DRSDILIP,SM,73.25,73.25,73.25,73.25,73.25,69.8,800,58600.0,1
2026-02-09,INE055C01020,KEEPLEARN,EQ,2.07,2.11,1.71,2.02,2.04,2.07,227420,436877.11,436
2026-02-09,INF740KA1EU7,LIQUIDETF,EQ,1000.01,1000.01,999.99,1000.0,1000.01,1000.0,88842,88842429.74,143
2026-02-09,INF740KA1RX3,BANKADD,EQ,61.71,61.99,61.66,61.96,61.99,61.4,96661,5989800.05,244
2026-02-09,INF740KA1SW3,GOLDADD,EQ,148.11,151.54,148.11,150.47,150.3,147.09,369068,55479058.95,2513
2026-02-09,INF740KA1SX1,ITADD,EQ,37.67,37.83,37.41,37.5,37.5,37.52,12404,466462.42,142
2026-02-09,INF740KA1QK2,EQUAL50ADD,EQ,348.33,361.0,345.53,349.7,347.7,346.6,517874,180269842.4,314
2026-02-09,INF740KA1CL0,NIFTYADD,EQ,269.97,270.98,269.59,270.54,270.75,268.8,11445,3091437.28,246
2026-02-09,INF740KA1SY9,PSUBANKADD,EQ,90.51,92.6,90.51,92.17,91.0,89.43,283017,26057551.5,463
2026-02-09,INF740KA1TA7,PVTBANKADD,EQ,29.6,29.7,29.27,29.45,29.7,29.3,34960,1024984.54,112
2026-02-09,INF740KA1QL0,MIDQ50ADD,EQ,249.39,249.39,243.46,244.64,244.67,242.13,12102,2956344.24,166
2026-02-09,INF740KA1SZ6,SENSEXADD,EQ,86.12,86.29,85.73,86.25,86.24,85.27,2035,174879.73,38
2026-02-09,INF740KA1RE3,SILVERADD,EQ,239.64,247.91,239.64,245.53,246.4,226.69,1001736,246116571.14,10321
2026-02-09,INF740KA1WU9,FLEXIADD,EQ,10.38,10.64,10.34,10.39,10.4,10.32,80725,839103.01,376
2026-02-09,INF740KA1UF4,HEALTHADD,EQ,143.52,145.0,142.82,144.49,145.0,142.81,3812,548872.95,39
2026-02-09,INF740KA1UM0,LIQUIDADD,EQ,1112.67,1112.69,1112.67,1112.68,1112.69,1112.56,644890,717560772.96,1164
2026-02-09,INF740KA1WW5,MIDCAPADD,EQ,22.06,22.3,22.0,22.23,22.22,21.95,12906,286016.86,46
2026-02-09,INF740KA1WV7,MSCIADD,EQ,30.5,30.66,30.49,30.66,30.66,30.21,18704,570455.64,6
2026-02-09,INF740KA1VE5,NEXT30ADD,EQ,40.71,41.5,40.71,41.03,40.88,40.69,22943,941140.79,63
2026-02-09,INF740KA1XU7,NEXT50ADD,EQ,69.21,69.81,69.21,69.63,69.64,68.88,3421,238146.1,31
2026-02-09,INF740KA1WX3,SMALLADD,EQ,16.01,16.25,16.01,16.25,16.25,15.85,35653,577267.11,57
2026-02-09,INF740KA1UR9,TOP10ADD,EQ,98.27,98.45,97.72,97.84,98.2,97.81,40477,3961921.7,497
2026-02-09,INE0LZO01015,DUCOL,SM,134.9,139.0,134.6,134.9,134.9,135.0,4800,654920.0,6
2026-02-09,INE741L01018,DUCON,EQ,4.0,4.02,3.28,3.72,3.7,3.86,3317474,12095501.5,3029
2026-02-09,INE0HPK01020,DUGLOBAL,SM,30.25,30.95,28.95,30.1,30.15,29.2,1217500,35686375.0,100
2026-02-09,INE0OUW01013,DURLAX,SM,49.0,49.8,46.0,46.05,46.05,48.95,56000,2713500.0,26
2026-02-09,INE366A01041,DWARKESH,EQ,35.0,36.34,34.81,36.14,36.01,34.55,568982,20359860.34,3047
2026-02-09,INE417B01040,DSSL,EQ,942.35,961.95,938.0,950.15,949.7,939.2,16187,15394657.55,1999
2026-02-09,INE221B01012,DYNAMATECH,EQ,8919.5,9499.5,8880.0,9374.0,9409.5,8550.0,101622,943543420.0,23611
2026-02-09,INE600Y01019,DYCL,EQ,300.0,324.0,297.65,322.05,322.0,296.75,253231,79467026.05,7904
2026-02-09,INE0DZ701010,DYNAMIC,SM,128.0,134.45,128.0,128.1,128.1,131.3,5500,707650.0,10
2026-02-09,INE256H01015,DYNPRO,EQ,218.44,219.75,217.96,219.74,219.75,218.31,20538,4505227.63,271
2026-02-09,INE0KFF01017,EFACTOR,ST,283.35,283.35,279.0,279.0,279.0,283.35,800,224940.0,2
2026-02-09,INE1CEJ01017,E2ERAIL,SM,214.95,214.95,205.0,207.4,205.55,203.8,59200,12277240.0,62
2026-02-09,INE255Z01019,E2E,EQ,2560.0,2682.0,2550.0,2634.4,2644.0,2498.1,178763,470562333.8,22196
2026-02-09,INE962C01035,EASTSILK,BE,74.0,74.0,67.45,67.45,67.45,70.99,3471,237877.17,44
2026-02-09,INE07O001026,EASEMYTRIP,EQ,6.65,6.9,6.64,6.85,6.85,6.65,12899047,87635757.17,10978
2026-02-09,INE528S07110,888ECL28,N1,981.2,981.2,965.01,978.8,978.8,979.0,258,251448.61,13
2026-02-09,INE528S07128,925ECL28,N2,1036.99,1036.99,1036.77,1036.77,1036.77,1048.18,233,241611.41,2
2026-02-09,INE738I01010,ECLERX,EQ,4225.0,4349.6,4140.0,4167.5,4150.0,4185.9,246540,1039281455.9,34570
2026-02-09,INE0VBS01016,ECOLINE,SM,130.0,134.0,130.0,130.0,130.0,134.0,7000,922050.0,5
2026-02-09,INE06HJ01020,ECOSMOBLTY,EQ,211.0,211.62,206.0,208.55,206.98,209.11,585434,122734585.93,4626
2026-02-09,INF754K01OB1,BBETF0432,EQ,1314.81,1314.81,1310.0,1311.72,1314.4,1312.87,492,645743.23,42
2026-02-09,INF754K01TE4,EBANKNIFTY,EQ,60.6,61.06,60.6,60.79,61.0,60.6,15429,936002.85,49
2026-02-09,INF754K01KO2,EBBETF0430,EQ,1568.0,1568.0,1561.07,1562.78,1562.2,1561.07,12306,19228183.54,634
2026-02-09,INF754K01LE1,EBBETF0431,EQ,1396.16,1399.03,1392.35,1396.53,1396.98,1395.95,7077,9875749.98,192
2026-02-09,INF754K01QX0,EBBETF0433,EQ,1272.17,1275.63,1269.01,1271.83,1270.81,1272.17,8998,11438434.37,247
2026-02-09,INF754K01TX4,ECAPINSURE,EQ,24.05,24.29,23.89,24.2,24.0,23.94,40035,965704.38,419
2026-02-09,INF754K01SE6,EGOLD,EQ,154.4,158.35,153.35,154.25,153.8,152.3,93046,14400457.1,980
2026-02-09,INF754K01VW2,ELIQUID,EQ,1017.9,1017.92,1017.9,1017.9,1017.91,1017.79,18683,19017543.7,9
2026-02-09,INF754K01VV4,ELM250,EQ,16.71,16.78,16.56,16.67,16.77,16.51,1918211,31983330.02,230
2026-02-09,INF754K01TF1,EMULTIMQ,EQ,41.08,41.44,40.98,41.35,41.41,40.88,30723,1263781.51,255
2026-02-09,INF754K01VX0,ENIFTY,EQ,25.75,25.89,25.74,25.86,25.86,25.72,7162,185101.43,37
2026-02-09,INF754K01VY8,ESENSEX,EQ,85.0,85.0,83.64,83.78,83.78,83.35,435,36492.73,18
2026-02-09,INF754K01SF3,ESILVER,EQ,247.39,258.4,246.29,252.07,253.0,237.47,1686113,425463445.92,5162
2026-02-09,INE532F01054,EDELWEISS,EQ,106.5,112.0,105.86,111.26,111.0,105.32,4653137,511062008.73,26366
2026-02-09,INE216H01027,EDUCOMP,BZ,1.0,1.05,0.95,0.99,1.0,1.0,94142,93386.15,162
2026-02-09,INE886D01026,EFCIL,EQ,278.8,280.65,262.35,277.8,275.5,278.95,114743,31751345.9,3416
2026-02-09,INE0U9101019,EFFWA,SM,204.0,210.0,204.0,205.3,205.05,203.2,10400,2152220.0,23
2026-02-09,INE066A01021,EICHERMOT,EQ,7116.0,7219.5,7063.5,7195.5,7209.0,7177.5,314215,2253298994.5,40369
2026-02-09,INE126A01031,EIDPARRY,EQ,885.0,931.1,882.4,929.45,921.0,881.15,174366,159120885.9,10806
2026-02-09,INE276C01014,EIHAHOTELS,EQ,362.4,363.3,345.15,353.1,351.5,356.9,39230,13845931.6,1888
2026-02-09,INE230A01023,EIHOTEL,EQ,349.05,349.45,336.4,343.0,343.6,348.05,1233529,420208916.35,22836
2026-02-09,INE158B01016,EIMCOELECO,EQ,1669.0,1719.9,1653.5,1711.4,1708.9,1668.0,23018,38827379.3,3159
2026-02-09,INE668G01021,ELDEHSG,EQ,921.05,933.0,895.0,896.75,895.0,915.55,653,590882.2,72
2026-02-09,INE205B01031,ELECON,EQ,444.85,491.0,444.0,480.05,478.1,442.35,2408017,1154888919.35,71579
2026-02-09,INE0Q1W01012,EFORCE,SM,33.95,33.95,31.5,31.65,31.5,31.0,7200,233340.0,6
2026-02-09,INE02YR01019,EMIL,EQ,92.99,109.04,92.64,106.37,105.8,92.64,17600884,1853527446.42,86950
2026-02-09,INE086A01029,ELECTCAST,EQ,70.25,75.02,68.17,73.78,73.53,72.25,4171670,299378327.15,20825
2026-02-09,INE822G01016,ELECTHERM,EQ,804.2,823.0,779.65,791.75,797.0,785.0,26900,21393705.85,1660
2026-02-09,INE0R9101015,ELGNZ,SM,81.0,84.7,81.0,84.25,84.65,81.75,9000,750800.0,9
2026-02-09,INE285A01027,ELGIEQUIP,EQ,496.5,506.05,490.0,498.6,500.1,485.4,801216,399992302.75,21863
2026-02-09,INE819L01012,ELGIRUBCO,EQ,45.99,45.99,42.42,43.51,43.85,42.54,42277,1836159.26,779
2026-02-09,INE050401020,ELIN,EQ,163.0,163.22,155.65,156.01,155.8,160.81,51152,8073864.24,2699
2026-02-09,INE236E01022,ELLEN,EQ,257.0,280.2,255.65,276.35,278.0,254.75,330501,89437354.9,6755
2026-02-09,INE0ZOL01023,EMAPARTNER,SM,85.1,90.0,85.1,89.9,90.0,85.0,7000,614000.0,6
2026-02-09,INE548C01032,EMAMILTD,EQ,505.95,511.0,501.9,506.85,508.0,504.35,428866,217372264.0,13536
2026-02-09,INE830C01026,EMAMIPAP,EQ,85.53,87.0,85.15,86.36,86.5,85.95,20914,1801464.85,375
2026-02-09,INE778K01012,EMAMIREAL,EQ,80.3,81.99,76.05,76.36,76.15,78.41,12449,966842.25,283
2026-02-09,INE069I01010,EMBDL,BE,70.09,70.88,66.99,67.43,67.73,68.02,2123463,145185157.54,6723
2026-02-09,INE041025011,EMBASSY,RR,446.5,454.0,445.64,452.63,453.0,441.91,643962,290963277.58,18593
2026-02-09,INE168P01015,EMCURE,EQ,1521.0,1550.0,1521.0,1545.7,1548.5,1515.7,111176,170901213.1,11118
2026-02-09,INE0RHD01013,ETML,SM,103.45,103.5,101.5,103.0,103.0,101.0,7200,742080.0,6
2026-02-09,INE296H01011,EMKAY,EQ,250.55,265.0,250.55,253.95,254.5,250.95,24589,6312954.0,814
2026-02-09,INE332S01011,EMKAYTOOLS,SM,102.0,104.0,97.0,104.0,104.0,101.0,1950,199470.0,13
2026-02-09,INE0PXC01024,ETL,SM,840.0,840.0,835.0,835.0,835.0,841.2,600,502500.0,3
2026-02-09,INE753K01015,EMMBI,EQ,94.01,97.0,93.5,94.31,94.8,93.24,7864,747208.21,127
2026-02-09,INE1C6T01020,EMMVEE,EQ,203.0,206.68,202.1,202.84,203.0,202.48,595556,121362880.31,10510
2026-02-09,INE0OV601013,EMSLIMITED,EQ,370.0,380.15,365.4,374.9,375.7,367.2,157621,58989727.65,6323
2026-02-09,INE01QM01018,EMUDHRA,EQ,508.9,514.45,505.35,508.15,506.15,508.4,84596,43117090.75,4709
2026-02-09,INE433T01015,ENCOMPAS,SM,233.15,246.7,232.1,237.25,237.25,234.9,42000,9909720.0,21
2026-02-09,INE913H01037,ENDURANCE,EQ,2465.0,2516.0,2442.6,2505.5,2505.5,2445.4,80259,199582408.3,21836
2026-02-09,INE306C01019,ENERGYDEV,BE,17.05,17.92,17.05,17.39,17.45,17.36,15900,276242.07,167
2026-02-09,INE0S1L01013,EMMIL,SM,148.0,150.0,143.6,149.0,149.0,148.0,5500,813387.5,14
2026-02-09,INE510A01028,ENGINERSIN,EQ,172.8,181.9,172.5,180.82,180.97,171.38,3548811,631710947.49,56663
2026-02-09,INE0R9I01021,ENSER,SM,13.15,13.15,12.5,12.55,12.55,13.05,20000,253750.0,4
2026-02-09,INE010601016,ENTERO,EQ,1146.5,1178.9,1140.8,1162.9,1160.0,1140.7,71140,82981268.2,8212
2026-02-09,INE265F01028,ENIL,EQ,112.9,114.29,110.25,111.91,111.66,111.65,18731,2104825.84,486
2026-02-09,INE0LLY01014,EIEL,EQ,181.77,194.58,171.8,177.67,175.0,181.17,2991463,550702983.21,36805
2026-02-09,INE0SUH01015,ENVIRO,SM,106.5,106.5,85.0,97.05,97.0,105.05,376000,34660600.0,260
2026-02-09,INE0G5901015,EPACK,EQ,248.49,262.0,246.39,259.8,258.0,243.36,652640,167348492.76,13263
2026-02-09,INE0MLS01022,EPACKPEB,EQ,212.5,213.98,206.55,209.28,209.0,209.95,301402,63452862.08,5212
2026-02-09,INE071N01016,EPIGRAL,EQ,996.8,1058.0,996.8,1043.9,1036.8,991.9,108283,112447787.2,6996
2026-02-09,INE255A01020,EPL,EQ,214.2,223.0,214.0,219.35,218.2,213.01,978631,215167974.29,14032
2026-02-09,INE11HF01010,EEPL,SM,154.05,157.5,154.0,154.0,154.0,153.45,13000,2019900.0,12
2026-02-09,INE1KEC01023,EPWINDIA,SM,116.0,122.5,116.0,120.0,120.05,114.15,48000,5770320.0,27
2026-02-09,INE217G01035,EQUIPPP,BE,17.99,18.85,17.55,18.74,18.74,18.04,2030,37026.18,24
2026-02-09,INE063P01018,EQUITASBNK,EQ,64.31,67.61,64.3,67.07,66.91,65.0,3189127,212087910.86,20961
2026-02-09,INE406M01024,ERIS,EQ,1431.0,1478.9,1427.3,1472.7,1474.0,1431.0,29946,43767711.0,8254
2026-02-09,INE284A01012,ESABINDIA,EQ,5734.0,5734.0,5634.0,5657.5,5666.0,5693.0,3188,18068706.0,714
2026-02-09,INE818W01011,ESAFSFB,EQ,29.8,29.97,28.83,29.14,29.15,29.19,651102,19041174.12,3147
2026-02-09,INE0RQZ01017,ESCONET,SM,120.0,120.0,107.0,111.2,112.6,118.85,138400,15267280.0,233
2026-02-09,INE042A01014,ESCORTS,EQ,3794.0,3857.0,3745.4,3777.6,3780.0,3763.7,95553,362490223.4,16126
2026-02-09,INE818W08131,111ESFB31,N0,96500.0,96500.0,95500.0,95887.5,95500.0,96944.44,13,1248280.0,9
2026-02-09,INE0SBP01018,ESPRIT,SM,88.5,91.5,88.5,89.0,89.0,86.8,16000,1439680.0,10
2026-02-09,INE122M01019,ESSARSHPNG,EQ,27.19,30.5,26.86,29.47,30.3,26.53,682456,19612493.57,3119
2026-02-09,INE0ITO01014,ESFL,SM,136.2,137.0,132.35,135.1,136.0,136.85,61560,8295678.0,128
2026-02-09,INE778B01029,ESTER,EQ,97.2,98.03,96.0,97.41,97.2,96.85,68443,6636028.66,1079
2026-02-09,INE758T01015,ETERNAL,EQ,286.0,289.4,283.0,288.85,288.7,283.55,18816048,5408527494.65,194992
2026-02-09,INE04TZ01018,ETHOSLTD,EQ,2639.8,2661.2,2560.0,2597.0,2600.0,2629.6,105212,272967646.8,5496
2026-02-09,INE0KCE01017,EUREKAFORB,EQ,517.9,528.0,505.75,523.95,523.0,515.1,162208,84332755.2,14511
2026-02-09,INE546V01010,EIFFL,EQ,249.95,253.3,245.2,248.0,247.0,249.9,10711,2659358.8,648
2026-02-09,INE505V01016,EUROBOND,EQ,177.0,191.9,173.6,180.31,178.0,177.79,10642,1918564.78,463
2026-02-09,INE198501012,EUROPRATIK,EQ,278.8,278.8,235.6,240.36,240.0,280.32,1069366,263071671.16,23540
2026-02-09,INE022C01012,EUROTEXIND,BE,13.8,13.8,12.65,13.79,13.8,13.15,1531,20195.52,22
2026-02-09,INE128A01029,EVEREADY,EQ,341.45,349.9,334.1,339.7,337.1,341.9,68224,23282324.3,2411
2026-02-09,INE295A01018,EVERESTIND,EQ,422.0,426.9,406.0,413.35,414.3,434.65,20931,8648072.65,1337
2026-02-09,INE184H01027,EKC,EQ,119.0,128.0,118.9,126.83,126.36,118.25,1223583,152433604.0,10664
2026-02-09,INE369A01029,EXCELINDUS,EQ,1006.7,1011.95,988.0,992.85,998.0,1006.7,8647,8648098.1,867
2026-02-09,INE688J01023,EXCEL,EQ,1.24,1.29,1.16,1.21,1.22,1.23,5443069,6689063.74,2265
2026-02-09,INE0Y4801011,EXCELLENT,ST,64.05,67.9,64.0,67.9,67.9,64.7,14400,941280.0,6
2026-02-09,INE606N01019,EXCELSOFT,EQ,75.72,82.15,73.5,81.32,81.59,74.27,4698620,372144004.34,28626
2026-02-09,INE777F01014,EXICOM,EQ,99.9,102.95,98.2,102.45,102.92,98.11,349014,35312497.43,4411
2026-02-09,INE302A01020,EXIDEIND,EQ,334.5,341.0,333.4,340.45,340.95,332.65,1349063,456372962.35,28825
2026-02-09,INE19I001020,EXIMROUTES,ST,197.3,197.3,197.3,197.3,197.3,201.3,1600,315680.0,1
2026-02-09,INE201K01015,EXPLEOSOL,EQ,875.0,900.0,864.35,895.85,895.2,874.0,27783,24768464.4,2634
2026-02-09,INE0GFE01026,EXXARO,BE,7.13,7.24,7.07,7.14,7.2,7.07,88921,635289.19,242
2026-02-09,INE0HF201011,FABTECH,EQ,158.42,163.99,158.42,163.02,163.75,157.44,262781,42436642.45,5631
2026-02-09,INE188A01015,FACT,EQ,793.6,824.95,790.6,816.7,816.0,792.8,135038,109791520.85,9349
2026-02-09,INE0DNW01011,FAIRCHEMOR,EQ,615.0,631.45,612.3,622.8,625.0,616.85,15019,9298005.8,1145
2026-02-09,INE0PQK01013,FALCONTECH,SM,14.35,14.95,14.35,14.95,14.95,14.9,2400,35160.0,2
2026-02-09,INE963C01033,FAZE3Q,EQ,532.5,569.55,532.5,562.45,561.9,517.8,316569,176937496.15,7525
2026-02-09,INE512B01022,FCSSOFT,EQ,1.79,1.83,1.75,1.79,1.79,1.83,1540589,2745730.04,2237
2026-02-09,INE258B01022,FDC,EQ,372.0,387.5,369.0,384.75,381.1,368.45,112130,42551236.3,4950
2026-02-09,INE007N01010,FEDFINA,EQ,143.01,147.55,143.01,146.86,147.0,143.94,572976,83851677.66,6528
2026-02-09,INE171A01029,FEDERALBNK,EQ,288.7,288.7,284.6,286.65,286.5,286.8,3613561,1036904310.25,47778
2026-02-09,INE529A01010,FMGOETZE,EQ,432.7,466.0,432.7,461.7,460.0,428.3,181709,82279806.85,2802
2026-02-09,INE901X01013,FELIX,SM,200.0,201.5,198.0,199.5,201.0,201.6,41000,8180650.0,71
2026-02-09,INE296C01020,FIBERWEB,EQ,41.79,46.4,41.79,45.31,45.35,40.79,309422,13930150.01,1774
2026-02-09,INE0LQQ01019,FIDEL,SM,144.95,144.95,140.0,140.0,140.0,142.0,2000,284950.0,2
2026-02-09,INE737H01014,FIEMIND,EQ,2324.0,2349.9,2290.7,2337.4,2349.9,2296.7,42723,99382061.8,5923
2026-02-09,INE185E01021,FILATFASH,EQ,0.3,0.31,0.29,0.3,0.31,0.3,44413582,13474057.08,3593
2026-02-09,INE816B01035,FILATEX,EQ,50.0,52.78,49.72,52.16,51.6,48.15,3698035,190994250.19,10502
2026-02-09,INE0EDU01014,FINBUD,SM,116.5,120.0,114.0,116.5,118.0,113.9,21000,2466700.0,17
2026-02-09,INE686Y01026,FINEORG,EQ,4444.5,4521.6,4422.7,4487.4,4490.3,4412.8,6945,31045013.5,2152
2026-02-09,INE045J01034,FCL,EQ,23.63,24.62,23.16,24.21,24.1,22.8,3747802,90362765.74,8454
2026-02-09,INE734I01027,FINKURVE,EQ,93.42,95.5,90.05,93.27,93.0,93.42,50126,4668339.39,2259
2026-02-09,INE02NC01014,FINOPB,EQ,235.0,236.69,230.01,232.99,234.0,234.29,119254,27833375.7,2572
2026-02-09,INE235A01022,FINCABLES,EQ,787.0,795.0,770.0,792.65,793.0,771.2,291355,228637070.5,17686
2026-02-09,INE183A01024,FINPIPE,EQ,172.03,179.8,172.03,178.68,179.04,172.03,431851,76842476.04,11585
2026-02-09,INE684F01012,FSL,EQ,295.0,295.0,291.0,292.95,293.9,290.35,525868,154040189.9,18962
2026-02-09,INE771F01041,FISCHER,EQ,45.4,46.27,44.58,45.68,45.56,44.14,1721369,78738994.19,5131
2026-02-09,INE128S01021,FIVESTAR,EQ,450.0,455.95,439.0,440.45,440.0,450.5,2164034,966011712.05,45162
2026-02-09,INE00Y201027,FLAIR,EQ,305.0,320.75,303.95,310.1,311.95,303.9,110402,34438400.7,2189
2026-02-09,INE060J01017,FLEXITUFF,EQ,9.81,9.83,9.2,9.8,9.8,9.85,13431,128763.6,119
2026-02-09,INE0VCK01011,FLYSBS,SM,512.0,512.0,490.0,498.65,500.0,488.1,35400,17800630.0,111
2026-02-09,INE593W01028,FOCUS,EQ,69.6,69.78,66.51,67.24,67.5,69.62,133351,9007787.05,1420
2026-02-09,INE0Q4701019,FONEBOX,ST,81.75,81.75,79.3,80.5,80.5,77.9,6000,482100.0,6
2026-02-09,INE976E01023,FOODSIN,EQ,70.5,77.45,70.25,73.05,73.44,70.09,392777,28982730.36,5655
2026-02-09,INE451A01017,FORCEMOT,EQ,21650.0,22450.0,21527.0,22361.0,22360.0,21390.0,131695,2918556876.0,40812
2026-02-09,INE061F01013,FORTIS,EQ,859.0,895.05,853.2,891.3,892.4,855.7,1297869,1142412581.05,33128
2026-02-09,INE519A01011,FOSECOIND,EQ,4829.8,4926.5,4705.1,4758.9,4899.0,4769.6,1413,6753068.4,542
2026-02-09,INF090I01VX3,FICRF3GP,MF,111.0,111.0,111.0,111.0,111.0,107.0,1,111.0,1
2026-02-09,INE0SFW01015,FRESHARA,SM,201.25,201.3,196.05,198.15,197.0,196.05,57600,11425230.0,87
2026-02-09,INE385O01018,FROG,SM,138.0,140.0,137.15,139.5,140.0,139.15,26000,3600160.0,34
2026-02-09,INE388Y01029,NYKAA,EQ,277.0,283.53,273.81,277.86,277.0,276.99,13731621,3812379188.64,174937
2026-02-09,INE12UR01024,UTLSOLAR,EQ,209.89,214.2,205.5,211.85,212.0,205.73,149033,31418841.55,3824
2026-02-09,INE139R01012,FUSION,EQ,194.0,194.87,182.62,185.45,184.1,190.01,724886,136105005.2,27195
2026-02-09,INE452O01016,FLFL,BZ,1.28,1.32,1.2,1.26,1.29,1.26,68362,85576.87,100
2026-02-09,INE220J01025,FCONSUMER,BZ,0.36,0.37,0.35,0.36,0.37,0.36,2597158,938061.55,1170
2026-02-09,INE623B01027,FEL,BZ,0.47,0.47,0.45,0.45,0.45,0.46,229222,106557.46,153
2026-02-09,IN9623B01058,FELDVR,BZ,2.87,3.01,2.73,2.96,3.01,2.87,2831,8224.9,25
2026-02-09,INE360L01017,FMNL,EQ,8.38,8.4,8.2,8.38,8.4,8.0,11251,93784.87,142
2026-02-09,INE075D01018,GMBREW,EQ,1070.0,1070.0,1032.2,1060.65,1063.0,1033.7,125242,131873537.85,8855
2026-02-09,INE201P01022,GRINFRA,EQ,1004.25,1036.95,1004.25,1019.85,1020.0,990.9,75973,77538867.1,6532
2026-02-09,INE586X01012,GTECJAINX,EQ,19.49,20.0,18.29,18.88,19.0,18.69,4215,81564.3,56
2026-02-09,INE524A01029,GABRIEL,EQ,960.0,974.0,950.0,969.3,966.45,954.05,234561,225905829.45,18495
2026-02-09,INE224E01028,GATECH,EQ,0.52,0.53,0.51,0.52,0.53,0.51,2968611,1550386.86,1429
2026-02-09,INE224E01036,GATECHDVR,EQ,0.5,0.52,0.49,0.5,0.51,0.49,1014222,513583.48,446
2026-02-09,INE129A01019,GAIL,EQ,163.2,164.24,162.5,163.64,164.02,162.99,14553493,2376902780.71,111447
2026-02-09,INE0QTE01018,GAJANAND,SM,9.4,9.4,9.4,9.4,9.4,9.45,6000,56400.0,1
2026-02-09,INE0RE001014,GALAPREC,EQ,790.0,814.95,769.2,805.3,805.0,779.95,24644,19570438.55,2447
2026-02-09,INE09A801015,GML,ST,19.0,19.0,19.0,19.0,19.0,19.85,8000,152000.0,3
2026-02-09,INE600K01018,GALAXYSURF,EQ,1826.8,1872.0,1826.8,1856.4,1845.0,1825.6,9653,17917820.2,2036
2026-02-09,INE297H01019,GALLANTT,EQ,575.0,586.5,553.8,579.5,581.0,588.95,297202,169455085.0,8726
2026-02-09,INE717W01049,GANDHAR,EQ,150.0,159.8,149.09,156.2,155.51,150.45,550067,85928344.02,9221
2026-02-09,INE524B01027,GANDHITUBE,EQ,747.8,811.4,731.05,799.65,809.0,739.9,10235,8009482.85,1097
2026-02-09,INE388A01029,GANESHBE,EQ,75.97,81.45,74.91,80.46,80.1,74.91,208352,16258222.03,2170
2026-02-09,INE652V01016,GANESHCP,EQ,194.76,199.73,194.76,197.06,196.51,196.76,121850,24035146.06,1306
2026-02-09,INE0R8C01018,GGBL,SM,285.1,315.0,285.1,308.05,308.0,284.9,41400,12655245.0,134
2026-02-09,INE460C01014,GANESHHOU,EQ,714.0,749.55,703.55,729.6,727.0,711.6,63953,46936719.2,4025
2026-02-09,INE0TVT01024,GANESHIN,SM,107.25,112.9,107.25,112.9,112.9,107.55,96800,10804520.0,79
2026-02-09,INE845D01014,GANECOS,EQ,694.0,821.6,694.0,821.6,821.6,684.7,2392350,1882464114.5,61473
2026-02-09,INE691Z01023,GANGAFORGE,EQ,3.46,3.46,3.2,3.31,3.35,3.37,260537,870494.22,395
2026-02-09,INE335W01016,GANGESSECU,EQ,127.4,130.5,125.1,129.97,130.25,125.53,1315,169818.71,49
2026-02-09,INE382Z01011,GRSE,EQ,2422.0,2538.7,2418.0,2514.7,2517.0,2401.4,1128413,2804340648.1,54898
2026-02-09,INE0JVO01026,GARUDA,EQ,171.72,183.0,169.48,179.34,179.3,167.19,1671458,297749631.38,24406
2026-02-09,INE291A01017,GRWRHITECH,EQ,4370.0,4417.8,4230.9,4271.0,4279.0,4258.4,147687,637878054.8,22777
2026-02-09,INE276A01018,GARFIBRES,EQ,690.5,731.45,690.5,707.15,708.9,682.3,94721,67786058.9,7740
2026-02-09,INE079J01017,GATEWAY,EQ,62.87,64.5,62.0,63.93,63.9,60.74,3059344,195172696.41,15509
2026-02-09,INE287Z01012,GAYAHWS,EQ,2.28,2.39,2.28,2.39,2.39,2.28,243609,577792.63,385
2026-02-09,INE336H01023,GAYAPROJ,BZ,12.7,12.7,12.7,12.7,12.7,12.1,150519,1911591.3,116
2026-02-09,INE0LVM01018,GRCL,SM,438.45,438.45,399.2,408.0,408.0,418.9,2000,827025.0,8
2026-02-09,INE878A01011,GVPIL,EQ,332.65,353.2,332.65,348.45,346.1,332.2,262485,91069789.95,5293
2026-02-09,INE200A01026,GVT&D,EQ,3615.7,3700.0,3520.0,3691.4,3695.0,3552.2,615138,2233007171.9,79460
2026-02-09,INE916G01016,GEECEE,EQ,311.85,312.6,304.15,307.4,308.65,309.45,2061,635369.65,132
2026-02-09,INE669X01032,GEEKAYWIRE,EQ,28.01,28.65,27.65,28.08,28.15,28.0,116081,3264598.94,601
2026-02-09,INE06XZ01023,GEMAROMA,EQ,204.0,205.0,195.82,198.32,197.49,200.6,228979,45744009.36,6613
2026-02-09,INE481Y01014,GICRE,EQ,373.05,388.3,373.05,384.0,384.05,380.55,919655,352750018.0,29360
2026-02-09,INE854S01022,GENCON,EQ,54.79,54.79,52.25,52.52,52.5,53.61,212296,11210771.04,1436
2026-02-09,INE727B01026,GENESYS,EQ,300.65,333.85,299.85,329.65,329.0,300.65,529104,170811555.1,12613
2026-02-09,INE06H201014,GENSOL,BZ,27.9,27.9,27.9,27.9,27.9,29.36,51195,1428340.5,560
2026-02-09,INE949P01018,GENUSPAPER,EQ,11.65,12.05,11.63,11.98,12.01,11.65,51823,614698.19,236
2026-02-09,INE955D01029,GENUSPOWER,BE,262.35,272.0,254.0,267.5,268.0,262.35,913918,239683348.5,6709
2026-02-09,INE007B01023,GEOJITFSL,EQ,71.5,72.47,70.8,71.81,71.75,71.17,259600,18620410.42,2831
2026-02-09,INE538A01037,GFLLIMITED,EQ,48.6,50.0,47.52,49.44,49.25,47.4,103689,5083769.56,1000
2026-02-09,INE539A01019,GHCL,EQ,517.0,523.9,510.0,522.4,522.6,513.1,104507,54069071.85,4322
2026-02-09,INE0PA801013,GHCLTEXTIL,EQ,80.85,86.0,78.5,83.46,83.5,78.32,372885,30695660.46,2847
2026-02-09,INE289B01019,GICHSGFIN,EQ,164.7,167.0,163.35,165.41,165.01,163.97,142124,23491669.42,2493
2026-02-09,INE047B01011,GILLANDERS,EQ,93.0,93.0,88.2,90.61,89.5,90.87,6492,586053.66,224
2026-02-09,INE322A01010,GILLETTE,EQ,8717.0,8820.5,8655.5,8750.0,8727.0,8717.0,25334,221507374.0,8383
2026-02-09,INE424C01010,GINNIFILA,EQ,41.8,42.0,40.99,41.81,41.93,41.28,39619,1639201.71,422
2026-02-09,INE1AG301022,GKENERGY,EQ,108.7,112.83,107.11,112.83,112.83,107.46,731051,81147320.36,5670
2026-02-09,INE528A01020,GKWLIMITED,EQ,1690.0,1717.0,1690.0,1711.4,1717.0,1696.4,392,669015.8,54
2026-02-09,INE068V01023,GLAND,EQ,1874.9,1891.0,1837.1,1884.8,1886.8,1851.0,70354,131581597.3,11482
2026-02-09,INE159A01016,GLAXO,EQ,2489.0,2540.0,2475.0,2516.2,2515.0,2484.0,104890,263638197.7,10875
2026-02-09,INE935A01035,GLENMARK,EQ,1958.0,1979.9,1941.4,1974.4,1978.0,1934.8,399133,786171391.0,24988
2026-02-09,INE291W01037,GLOBAL,BE,83.9,89.11,81.0,89.11,89.11,84.87,505693,41748182.43,323
2026-02-09,INE474Q01031,MEDANTA,EQ,1145.0,1164.7,1135.1,1160.9,1160.0,1142.7,122693,141728805.4,15798
2026-02-09,INE0JSX01015,GSLSU,BE,87.01,92.5,87.0,89.29,89.5,88.24,7460,668375.96,95
2026-02-09,INE792H01019,GLOBALVECT,EQ,180.11,193.49,180.11,191.37,192.0,183.08,14431,2707327.75,640
2026-02-09,INE0URU01010,GLOBALE,EQ,11.8,12.0,11.75,11.83,11.9,11.43,5357,63644.27,83
2026-02-09,INE0V3U01015,GLOBECIVIL,EQ,54.03,56.0,53.95,54.91,55.8,53.95,37247,2039877.51,636
2026-02-09,INE581X01021,GLOBE,EQ,2.7,2.81,2.63,2.67,2.65,2.69,1145809,3091123.45,632
2026-02-09,INE947T01022,GICL,ST,46.1,46.1,44.5,45.5,45.5,45.75,162000,7357950.0,40
2026-02-09,INE00WS01056,GSTL,ST,21.7,21.7,21.65,21.65,21.65,21.35,146000,3162950.0,20
2026-02-09,INE615I01010,GLOBUSSPR,EQ,933.15,972.45,931.1,962.55,956.35,930.55,94497,90334325.05,7066
2026-02-09,INE350Z01018,GLOSTERLTD,EQ,619.0,619.0,586.55,597.2,598.95,589.65,6460,3846741.3,486
2026-02-09,INE0TQE01026,GLOTTIS,EQ,50.7,53.0,50.55,52.66,52.75,50.7,203996,10613206.15,2126
2026-02-09,INE541A01023,GMMPFAUDLR,EQ,973.0,979.3,943.55,964.8,964.0,993.6,290211,279767523.1,17649
2026-02-09,INE776C01039,GMRAIRPORT,EQ,98.26,98.62,97.49,97.98,98.2,97.51,21209846,2078631038.92,41147
2026-02-09,INE0CU601026,GMRP&UI,EQ,109.58,110.0,105.0,105.31,105.37,109.58,1624034,172641721.6,14795
2026-02-09,INE934S01014,GNA,EQ,443.95,470.0,440.0,442.9,440.0,439.4,619697,280864103.0,16019
2026-02-09,INE18JU01028,EBGNG,EQ,353.2,353.2,326.9,339.45,342.0,321.1,1334818,467755759.45,7146
2026-02-09,INE03JT01014,GODIGIT,EQ,310.0,321.05,308.55,318.95,321.05,311.85,269880,85074115.2,11476
2026-02-09,INE0BJS01011,GOCOLORS,EQ,363.4,371.4,363.25,367.55,366.2,385.45,300785,110550331.25,6654
2026-02-09,INE426D01013,GOACARBON,EQ,372.9,386.95,372.65,384.85,384.0,367.5,26719,10180749.7,1739
2026-02-09,INE077F01035,GOCLCORP,EQ,265.95,279.0,265.95,270.4,270.2,265.85,46631,12634541.05,4107
2026-02-09,INE497S01012,GODAVARIB,EQ,278.9,310.0,272.45,290.95,288.65,279.15,1898302,561243440.95,27357
2026-02-09,INE177H01039,GPIL,EQ,253.02,259.0,247.0,257.81,256.99,250.97,2118917,537371505.68,32896
2026-02-09,INE260B01028,GODFRYPHLP,EQ,2192.9,2243.8,2142.5,2184.6,2180.1,2188.3,1080467,2356686988.0,79793
2026-02-09,INE850D01014,GODREJAGRO,EQ,563.55,584.7,555.85,582.25,582.8,553.6,337193,193923881.1,18910
2026-02-09,INE102D01028,GODREJCP,EQ,1182.6,1200.2,1169.6,1197.7,1193.3,1181.8,2516858,2980375165.7,51616
2026-02-09,INE233A01035,GODREJIND,EQ,994.05,1045.0,994.05,1040.9,1044.9,994.35,107430,109871621.35,6069
2026-02-09,INE484J01027,GODREJPROP,EQ,1721.0,1821.4,1715.3,1801.4,1802.0,1699.8,3904447,7015802602.2,103381
2026-02-09,IN0020240191,679GS2031,GS,99.76,100.5,99.76,100.5,100.5,100.31,1000,100130.0,2
2026-02-09,IN0020240159,679GS2034A,GS,91.0,91.0,91.0,91.0,91.0,91.0,100,9100.0,1
2026-02-09,IN0020240100,697GR2034,GS,100.2,100.2,100.2,100.2,100.2,98.59,6,601.2,6
2026-02-09,IN0020240175,698GR2054,GS,94.05,94.05,94.0,94.0,94.0,94.1,555,52182.5,3
2026-02-09,IN0020240142,709GS2074,GS,97.0,97.5,96.89,96.93,96.94,97.01,990815,96105974.49,598
2026-02-09,IN0020210012,563GS2026,GS,101.76,101.76,101.65,101.65,101.65,101.55,200,20341.0,2
2026-02-09,IN0020250034,591GS2028,GS,99.14,99.14,99.14,99.14,99.14,99.14,200,19828.0,2
2026-02-09,IN0020250067,601GS2030,GS,98.5,98.5,98.5,98.5,98.5,97.44,100,9850.0,1
2026-02-09,IN0020210095,610GS2031,GS,98.25,98.25,98.25,98.25,98.25,98.3,16325,1603931.25,6
2026-02-09,IN0020250026,633GS2035,GS,97.85,100.0,97.85,99.0,99.0,99.6,122,11965.0,3
2026-02-09,IN0020250091,648GS2035,GS,99.75,99.9,99.75,99.9,99.9,99.75,450,44910.0,3
2026-02-09,IN0020210152,667GS2035,GS,101.5,101.5,100.0,100.0,100.0,101.83,35779,3579614.71,6
2026-02-09,IN0020200252,667GS2050,GS,93.35,93.35,92.5,92.5,92.75,92.55,2020,187343.25,11
2026-02-09,IN0020200401,676GS2061,GS,94.8,94.8,94.5,94.5,94.5,94.6,4,378.6,3
2026-02-09,IN0020200187,68GS2060,GS,94.0,94.0,94.0,94.0,94.0,94.0,5,470.0,1
2026-02-09,IN0020250018,690GS2065,GS,94.7,94.9,94.6,94.75,94.75,95.02,10477,992086.2,19
2026-02-09,IN0020210202,695GS2061,GS,94.75,94.75,93.36,93.36,93.36,94.7,21377,2000954.64,14
2026-02-09,IN0020230028,699GS2026,GS,102.2,102.27,102.2,102.23,102.23,102.2,130,13293.45,4
2026-02-09,IN0020210194,699GS2051,GS,96.6,96.6,96.6,96.6,96.6,96.55,14815,1431129.0,3
2026-02-09,IN0020240043,702GS2027,GS,102.1,102.1,102.1,102.1,102.1,102.0,500,51050.0,1
2026-02-09,IN0020240076,702GS2031,GS,101.31,103.25,101.31,103.25,103.25,101.31,1800,185656.0,3
2026-02-09,IN0020240050,704GS2029,GS,103.15,103.4,103.15,103.16,103.16,103.0,6200,639615.0,3
2026-02-09,IN0020240118,709GS2054,GS,97.6,97.6,96.77,97.03,97.0,97.0,11456,1114355.05,31
2026-02-09,IN0020240019,71GS2034,GS,103.62,103.62,103.6,103.6,103.6,103.5,2300,238281.98,4
2026-02-09,IN0020230036,717GS2030,GS,104.5,104.6,104.5,104.51,104.51,105.08,11030,1153167.39,3
2026-02-09,IN0020230085,718GS2033,GS,106.2,106.2,106.09,106.09,106.09,106.1,354,37583.8,2
2026-02-09,IN0020230077,718GS2037,GS,101.67,101.9,101.51,101.7,101.7,101.81,38932,3956830.55,21
2026-02-09,IN0020240027,723GS2039,GS,103.4,103.4,102.52,102.52,102.52,103.86,10010,1026234.0,2
2026-02-09,IN0020250075,724GS2055,GS,101.5,101.99,100.9,101.99,101.99,101.9,11313,1145985.16,19
2026-02-09,IN0020230044,725GS2063,GS,99.0,99.48,98.95,98.97,99.0,99.01,77823,7704996.36,66
2026-02-09,IN0020220060,726GS2032,GS,106.6,106.6,106.15,106.3,106.3,105.7,20440,2175323.45,7
2026-02-09,IN0020220151,726GS2033,GS,102.0,102.1,102.0,102.06,102.05,103.5,1371,139867.0,3
2026-02-09,IN0020230051,73GS2053,GS,100.99,100.99,99.01,99.99,100.0,99.99,10007,998714.03,20
2026-02-09,IN0020230135,732GS2030,GS,104.4,105.0,104.4,104.96,105.0,104.54,1300,136282.26,5
2026-02-09,IN0020230119,733GS2026,GS,102.26,102.75,102.26,102.75,102.75,102.26,3100,318476.0,4
2026-02-09,IN0020240035,734GS2064,GS,100.8,100.8,100.1,100.31,100.3,100.9,93126,9340998.87,29
2026-02-09,IN0020220086,736GS2052,GS,103.0,103.0,103.0,103.0,103.0,103.87,100,10300.0,2
2026-02-09,IN0020220094,74GS2062,GS,102.1,102.1,101.5,101.5,101.5,102.1,2843,288946.35,7
2026-02-09,IN0020220102,741GS2036,GS,103.7,103.7,103.7,103.7,103.7,104.75,2000,207400.0,1
2026-02-09,IN0020250117,743GS2076,GS,101.5,101.5,101.5,101.5,101.5,101.99,1500,152250.0,3
2026-02-09,IN0020230127,746GS2073,GS,102.99,103.25,102.22,102.22,102.22,102.5,7032,725166.75,9
2026-02-09,IN0020220029,754GS2036,GS,106.65,106.7,106.5,106.56,106.59,106.56,817612,87153915.52,98
2026-02-09,IN0020010081,1018GS2026,GS,105.2,106.8,105.11,106.8,106.8,105.5,4103,436730.56,7
2026-02-09,IN0020220011,710GS2029,GS,104.49,104.9,104.41,104.87,104.85,104.45,15100,1578576.2,14
2026-02-09,IN0020190016,727GS2026,GS,101.76,102.75,101.76,101.76,101.76,101.75,409,41723.79,5
2026-02-09,IN0020220037,738GS2027,GS,102.85,103.1,102.64,102.87,102.87,102.86,732091,75289734.05,80
2026-02-09,IN0020150077,772GS2055,GS,108.8,109.0,108.8,108.93,109.0,109.0,600,65360.0,2
2026-02-09,IN0020150044,813GS2045,GS,113.71,113.71,113.71,113.71,113.71,113.6,1,113.71,1
2026-02-09,IN0020060078,824GS2027,GS,106.24,106.3,106.13,106.3,106.3,106.19,1036,109956.5,4
2026-02-09,IN0020070036,826GS2027,GS,105.0,105.0,105.0,105.0,105.0,104.87,3,315.0,2
2026-02-09,IN0020060086,828GS2032,GS,109.23,109.23,109.0,109.0,109.0,109.51,9700,1057767.0,6
2026-02-09,IN0020120062,83GS2042,GS,109.0,109.0,108.9,109.0,109.0,114.5,1984,216156.0,7
2026-02-09,IN0020070044,832GS2032,GS,107.0,107.4,107.0,107.4,107.4,107.75,28644,3064945.6,2
2026-02-09,IN0020120039,833GS2026,GS,100.01,100.5,100.01,100.5,100.5,101.5,24,2406.12,2
2026-02-09,IN0020110063,883GS2041,GS,113.6,113.71,111.5,111.5,111.5,113.45,12201,1368494.23,19
2026-02-09,IN0020130053,92GS2030,GS,114.2,115.0,113.99,114.11,114.1,114.1,14314,1633759.16,25
2026-02-09,IN002025Y289,182D090426,TB,98.67,98.8,98.67,98.77,98.72,98.5,600,59233.0,3
2026-02-09,IN002025Y420,182D230726,TB,97.16,97.16,97.1,97.1,97.1,97.1,900,87420.0,2
2026-02-09,IN002024Z446,364D120226,TB,99.85,99.85,99.85,99.85,99.85,99.61,20000,1997000.0,1
2026-02-09,IN002024Z503,364D260326,TB,99.0,99.0,99.0,99.0,99.0,99.0,100,9900.0,1
2026-02-09,IN002025Z435,364D280127,TB,94.6,94.6,94.6,94.6,94.6,94.3,3000,283800.0,1
2026-02-09,IN002025X364,91D050326,TB,99.49,99.49,99.47,99.47,99.47,99.22,2500,248678.0,5
2026-02-09,IN002025X331,91D120226,TB,99.8,99.8,99.8,99.8,99.8,99.9,100,9980.0,1
2026-02-09,IN002025X414,91D170426,TB,98.75,98.75,98.75,98.75,98.75,98.55,200,19750.0,1
2026-02-09,IN002025X349,91D190226,TB,99.75,99.75,99.75,99.75,99.75,99.72,100,9975.0,1
2026-02-09,IN002025X380,91D190326,TB,99.19,99.25,99.19,99.19,99.19,99.2,300,29763.0,3
2026-02-09,IN002025X422,91D230426,TB,98.6,98.6,98.6,98.6,98.6,98.6,200,19720.0,1
2026-02-09,IN002025X356,91D260226,TB,99.64,99.64,99.64,99.64,99.64,99.58,200,19928.0,2
2026-02-09,IN002025X398,91D270326,TB,99.28,99.28,99.28,99.28,99.28,99.25,900,89352.0,1
2026-02-09,IN002025X430,91D300426,TB,98.7,98.7,98.7,98.7,98.7,98.65,200,19740.0,1
2026-02-09,INE887G01027,GOKEX,EQ,815.0,850.0,802.0,840.8,840.9,781.5,3724232,3074362524.2,75686
2026-02-09,INE314T01033,GOKULAGRO,EQ,161.17,177.0,161.17,175.36,177.0,161.17,956669,163208319.82,11107
2026-02-09,INE020J01029,GOKUL,EQ,35.69,35.69,34.1,34.87,34.66,34.95,17779,620124.33,251
2026-02-09,INE973A01010,GOLDENTOBC,BZ,29.99,31.0,29.11,29.21,29.15,29.99,750,22211.42,56
2026-02-09,INE025B01025,GOLDIAM,EQ,389.0,428.75,385.0,407.25,407.5,365.65,8477375,3491821177.6,132340
2026-02-09,INE127I01024,GOODLUCK,EQ,1142.8,1169.8,1139.5,1147.8,1148.8,1152.0,48162,55525983.0,4126
2026-02-09,INE0L9R01028,GOPAL,EQ,301.85,302.0,297.0,298.5,297.85,300.45,71415,21338316.0,3417
2026-02-09,INE705X01026,GOYALALUM,BE,7.49,7.64,7.3,7.41,7.56,7.43,101736,759841.08,409
2026-02-09,INE0QFE01017,GOYALSALT,SM,138.4,139.8,135.1,137.45,135.1,136.25,1800,247980.0,3
2026-02-09,INE0S7E01015,GPECO,SM,388.0,394.9,380.6,392.9,394.9,383.4,8800,3413410.0,43
2026-02-09,INE586G01017,GULFPETRO,EQ,33.1,33.36,32.7,33.01,33.0,32.54,47514,1567204.55,482
2026-02-09,INE486R01017,GPTHEALTH,EQ,129.99,130.8,127.0,128.91,128.6,128.5,79254,10220265.3,1603
2026-02-09,INE390G01014,GPTINFRA,EQ,103.5,104.49,102.16,103.79,104.03,102.68,95161,9815028.71,1191
2026-02-09,INE12E301017,GCHOTELS,SM,130.0,135.25,130.0,135.25,135.25,127.85,13800,1813800.0,14
2026-02-09,INE534A01028,GFSTEELS,BE,11.78,11.78,11.78,11.78,11.78,11.22,5916,69690.48,20
2026-02-09,INE101D01020,GRANULES,EQ,569.95,585.1,566.0,569.0,569.0,563.7,758632,436225328.35,20541
2026-02-09,INE0POU01017,GRAPHISAD,SM,46.0,47.0,39.6,46.4,45.8,43.4,116400,5218020.0,67
2026-02-09,INE371A01025,GRAPHITE,EQ,626.05,654.85,619.9,637.3,638.0,618.7,3304974,2101989033.65,84817
2026-02-09,INE047A01021,GRASIM,EQ,2859.9,2939.8,2846.5,2926.3,2925.0,2836.9,681768,1979527658.4,46314
2026-02-09,INE024L01027,GRAVITA,EQ,1644.6,1677.0,1644.6,1674.3,1674.9,1643.0,100581,167819478.2,8426
2026-02-09,INE224A01026,GREAVESCOT,EQ,171.0,175.78,168.72,173.98,173.35,168.72,1538907,266324041.3,16880
2026-02-09,INE0O7P01015,GREENCHEF,SM,47.0,47.7,46.25,47.7,47.7,47.9,11200,525800.0,14
2026-02-09,INE544R01021,GREENLAM,EQ,253.8,253.8,250.02,251.29,250.9,252.42,12772,3215408.56,536
2026-02-09,INE0PLX01017,GREENLEAF,SM,137.95,137.95,135.05,137.8,137.8,137.95,6000,816700.0,5
2026-02-09,INE08ZM01014,GREENPANEL,EQ,226.0,229.95,223.75,228.68,227.0,223.75,61560,13987548.58,3788
2026-02-09,INE461C01038,GREENPLY,EQ,231.79,248.49,229.31,242.87,241.27,227.98,401555,95736255.03,7379
2026-02-09,INE199P01028,GCSL,BE,339.6,340.0,339.6,340.0,340.0,346.5,5069,1723433.6,16
2026-02-09,INE536A01023,GRINDWELL,EQ,1638.2,1674.6,1620.5,1653.3,1658.0,1638.3,31606,52402389.4,3724
2026-02-09,INE192H01020,GRMOVER,EQ,168.03,168.31,161.0,162.78,162.38,165.05,1235319,202282208.19,3842
2026-02-09,INF666M01MM4,GROWWCAPM,EQ,10.0,11.51,9.97,10.25,10.19,9.91,612688,6221622.71,1540
2026-02-09,INF666M01NP5,GROWWCHEM,EQ,28.57,28.9,28.32,28.86,28.86,28.21,46076,1321474.39,348
2026-02-09,INF666M01IO8,GROWWDEFNC,EQ,77.47,79.58,77.47,79.4,79.03,77.47,412684,32485340.3,3597
2026-02-09,INF666M01IH2,GROWWEV,EQ,30.6,30.9,30.36,30.82,30.89,30.37,402524,12375619.81,2346
2026-02-09,INF666M01OE7,GROWWGOLD,EQ,15.18,15.56,15.02,15.1,15.11,14.81,7264189,109946167.54,13950
2026-02-09,INF666M01IP5,GROWWLIQID,EQ,107.79,107.79,107.78,107.78,107.78,107.77,121565,13102945.15,344
2026-02-09,INF666M01LB9,GROWWLOVOL,EQ,10.65,10.87,10.54,10.62,10.65,10.6,7816,82967.51,256
2026-02-09,INF666M01MV5,GROWWMC150,EQ,218.12,223.49,218.12,223.36,223.46,218.12,4966,1101881.18,102
2026-02-09,INF666M01NI0,GROWWMETAL,EQ,11.49,11.58,11.37,11.49,11.52,11.31,1194312,13708493.98,4759
2026-02-09,INF666M01KJ4,GROWWMOM50,EQ,10.43,10.5,10.36,10.48,10.5,10.37,110673,1157722.08,750
2026-02-09,INF666M01JV1,GROWWN200,EQ,11.73,11.74,11.6,11.7,11.65,11.6,84071,980527.66,490
2026-02-09,INF666M01LI4,GROWWNET,EQ,9.67,9.78,9.59,9.76,9.78,9.59,118733,1153670.42,608
2026-02-09,INF666M01LL8,GROWWNIFTY,EQ,10.26,10.6,10.26,10.36,10.35,10.3,359603,3733277.92,2211
2026-02-09,INF666M01LZ8,GROWWNXT50,EQ,69.68,69.9,68.82,69.52,69.9,68.82,19695,1371506.9,266
2026-02-09,INF666M01LM6,GROWWPOWER,EQ,10.29,10.33,10.24,10.25,10.25,10.24,1188249,12204717.34,1673
2026-02-09,INF666M01JJ6,GROWWRAIL,EQ,33.29,33.69,33.29,33.59,33.55,33.28,826278,27719422.92,3104
2026-02-09,INF666M01MN2,GROWWRLTY,EQ,9.29,9.49,9.28,9.47,9.4,9.24,417310,3934099.32,666
2026-02-09,INF666M01MO0,GROWWSC250,EQ,9.39,9.39,9.21,9.37,9.38,9.17,286597,2667983.12,882
2026-02-09,INF666M01OF4,GROWWSLVR,EQ,24.63,25.57,24.61,24.97,25.04,23.03,14386617,359275224.12,19771
2026-02-09,INE137I01015,GRPLTD,EQ,1830.8,1871.9,1750.1,1776.1,1770.0,1820.1,3349,6073490.8,482
2026-02-09,INE0SQY01018,GSMFOILS,SM,212.1,216.1,202.0,214.0,214.05,210.0,26500,5629825.0,44
2026-02-09,INE871H01011,GSS,EQ,15.5,16.22,14.45,15.57,15.64,15.41,91649,1424586.36,452
2026-02-09,INE221H01019,GTLINFRA,EQ,1.14,1.18,1.12,1.12,1.12,1.13,89530419,102925285.81,20863
2026-02-09,INE043A01012,GTL,EQ,7.99,7.99,7.69,7.78,7.77,7.75,280750,2191283.1,992
2026-02-09,INE869I01013,GTPL,EQ,77.9,77.99,77.31,77.7,77.84,77.23,29864,2321728.25,514
2026-02-09,INE742B01025,GUFICBIO,EQ,308.8,316.6,308.2,313.4,310.0,308.05,16437,5153669.65,969
2026-02-09,INE162A01010,GIPCL,EQ,145.89,154.0,145.81,150.68,150.95,145.79,313046,46592249.89,3701
2026-02-09,INE113A01013,GNFC,EQ,467.95,483.0,466.5,480.5,478.0,464.1,245994,117466468.2,9207
2026-02-09,INE026A01025,GSFC,EQ,178.59,182.85,178.06,181.79,181.5,177.03,664735,120368126.67,10748
2026-02-09,INE826C01016,GUJAPOLLO,EQ,395.0,408.05,387.9,400.95,405.0,388.75,7961,3165397.85,493
2026-02-09,INE186A01019,GUJALKALI,EQ,470.9,478.35,455.15,474.3,471.5,472.6,71433,33378264.15,3449
2026-02-09,INE036B01030,GAEL,EQ,129.0,137.28,127.5,135.87,134.8,128.07,1263082,166666562.05,15440
2026-02-09,INE09N301011,FLUOROCHEM,EQ,3428.0,3542.0,3406.9,3513.2,3508.0,3428.0,65878,229430409.0,8477
2026-02-09,INE844O01030,GUJGASLTD,EQ,426.0,433.8,422.45,424.55,423.8,425.45,316068,134631099.35,9380
2026-02-09,INE0V0W01025,GKSL,EQ,111.53,112.99,108.06,108.75,109.1,111.5,405570,44809114.82,4642
2026-02-09,INE540A01017,GLFL,EQ,5.0,5.0,5.0,5.0,5.0,4.77,728,3640.0,8
2026-02-09,INE131A01031,GMDCLTD,EQ,605.4,641.0,603.0,623.3,624.45,600.1,10802772,6782005334.75,139084
2026-02-09,INE517F01014,GPPL,EQ,176.8,180.97,174.71,180.14,179.74,174.66,1727199,309477283.3,23601
2026-02-09,INE610B01024,GUJRAFFIA,BE,39.75,40.45,38.66,39.13,40.18,39.75,4075,161448.0,66
2026-02-09,INE246F01010,GSPL,EQ,308.5,314.0,307.15,311.85,311.0,306.25,730350,227337079.55,38625
2026-02-09,INE942C01045,GUJTHEM,EQ,325.0,339.5,323.9,336.05,333.2,323.9,57041,19149532.3,2141
2026-02-09,INE635Q01029,GULFOILLUB,EQ,1119.7,1170.4,1118.6,1166.3,1165.0,1115.0,31455,36292998.3,3999
2026-02-09,INE255D01024,GULPOLY,EQ,131.38,142.91,129.1,141.11,141.5,129.25,233874,32139796.49,5406
2026-02-09,INE1CCX01012,GURUNANAK,SM,30.1,31.6,30.1,31.6,31.6,33.0,11200,349840.0,7
2026-02-09,INE251H01024,GVKPIL,BE,3.04,3.1,3.04,3.1,3.1,3.04,781069,2415146.76,1068
2026-02-09,INE382T01030,GVPTECH,EQ,7.83,8.1,7.83,8.06,8.08,8.06,19298,154608.76,158
2026-02-09,IN9382T01012,GVPTECHPP,E1,3.37,4.1,3.37,4.02,4.02,3.65,1865,6849.56,24
2026-02-09,INE926X01010,HGINFRA,EQ,650.05,704.35,647.35,696.9,692.0,650.2,250595,172290634.55,13335
2026-02-09,INE115S01010,HALDER,BE,272.3,274.0,266.3,272.2,266.6,272.3,215,58490.85,21
2026-02-09,INE320X01016,HALEOSLABS,BE,1270.0,1333.0,1270.0,1299.7,1300.0,1270.0,371,481344.9,31
2026-02-09,INE596H01014,HGM,EQ,63.0,63.1,60.31,62.96,62.99,62.7,5358,331100.05,51
2026-02-09,INE419U01012,HAPPSTMNDS,EQ,391.2,396.6,389.55,395.75,395.85,387.1,438598,172831809.4,21955
2026-02-09,INE330T01021,HAPPYFORGE,EQ,1090.0,1150.7,1089.9,1129.2,1130.5,1095.3,70378,79280507.8,5760
2026-02-09,INE626Z01029,HARDWYN,BE,16.91,17.0,16.33,16.86,16.78,17.08,802639,13477176.11,552
2026-02-09,INE00EV01017,HARIOMPIPE,EQ,410.0,423.0,384.1,386.55,385.0,414.05,448488,177048498.3,11328
2026-02-09,INE544A01019,HARRMALAYA,EQ,160.25,163.4,157.61,159.28,158.51,159.74,5570,895100.85,300
2026-02-09,INE0JUS01029,HARSHA,EQ,384.55,392.9,383.15,385.75,386.2,384.55,39192,15144205.65,1446
2026-02-09,INE982F01036,HATHWAY,EQ,11.22,11.89,11.19,11.8,11.77,11.22,3194582,37148620.86,5286
2026-02-09,INE473B01035,HATSUN,EQ,920.0,942.25,917.0,936.3,936.5,915.25,27543,25664740.25,3052
2026-02-09,INE176B01034,HAVELLS,EQ,1358.0,1380.8,1346.0,1371.9,1369.5,1355.0,482069,659720504.5,26020
2026-02-09,INE550B01022,HBSL,BE,63.13,65.0,63.13,63.61,63.6,63.44,997,63616.23,37
2026-02-09,INE292B01021,HBLENGINE,EQ,785.0,807.85,753.0,773.3,772.8,784.7,5121810,3987140425.65,112560
2026-02-09,INE236A01020,HCL-INSYS,EQ,13.0,13.64,12.76,13.41,13.59,12.73,612212,8150028.78,2038
2026-02-09,INE860A01027,HCLTECH,EQ,1600.4,1619.9,1594.4,1602.0,1595.1,1593.7,1863558,2984621931.3,63524
2026-02-09,INE756I01012,HDBFS,EQ,720.15,731.4,718.8,726.2,725.6,722.8,331901,241534190.55,10374
2026-02-09,INE127D01025,HDFCAMC,EQ,2750.0,2757.1,2715.0,2746.6,2743.0,2719.8,604024,1656069197.6,40326
2026-02-09,INE040A01034,HDFCBANK,EQ,945.0,950.0,935.35,937.25,938.8,941.1,23947829,22469573398.45,274371
2026-02-09,INF179KC1981,HDFCGOLD,EQ,129.39,134.99,129.39,132.02,132.0,129.39,9577365,1265145018.39,25022
2026-02-09,INE795G01014,HDFCLIFE,EQ,704.5,711.95,702.5,707.9,707.3,703.5,4093084,2894911960.8,73521
2026-02-09,INF179KC1EZ4,HDFCBSE500,EQ,38.14,38.14,37.31,37.8,37.61,37.62,13399,506747.15,282
2026-02-09,INF179KC1DJ0,HDFCGROWTH,EQ,125.21,126.76,124.69,125.31,125.46,124.96,13999,1752871.54,324
2026-02-09,INF179KC1JG3,HDFCLIQUID,EQ,1047.61,1047.65,1047.61,1047.65,1047.65,1047.52,1665,1744320.54,34
2026-02-09,INF179KC1HU8,HDFCLOWVOL,EQ,21.55,22.0,21.11,21.27,22.0,21.13,32939,697995.01,142
2026-02-09,INF179KC1HT0,HDFCMID150,EQ,22.17,22.48,22.14,22.44,22.29,22.12,562819,12604770.27,2316
2026-02-09,INF179KC1HV6,HDFCMOMENT,EQ,31.37,31.66,31.13,31.64,31.65,31.06,193188,6095000.93,814
2026-02-09,INF179KC1HS2,HDFCNEXT50,EQ,70.67,70.99,70.12,70.79,70.82,70.12,105863,7465302.8,726
2026-02-09,INF179KC1HR4,HDFCNIF100,EQ,27.17,27.44,26.75,27.15,26.75,26.99,77709,2112524.99,563
2026-02-09,INF179KC1HY0,HDFCNIFBAN,EQ,62.65,62.65,61.82,62.1,62.09,61.67,41973,2606782.08,542
2026-02-09,INF179KC1IA8,HDFCNIFIT,EQ,37.4,38.28,37.4,37.82,38.0,37.81,75548,2858024.38,557
2026-02-09,INF179KC1965,HDFCNIFTY,EQ,289.99,290.0,288.07,289.4,289.0,287.64,110137,31877900.49,1695
2026-02-09,INF179KC1HZ7,HDFCPVTBAN,EQ,28.75,30.1,28.75,29.41,29.6,29.35,106582,3143426.51,652
2026-02-09,INF179KC1DL6,HDFCQUAL,EQ,58.96,60.1,58.71,59.4,60.1,58.95,12035,711267.85,193
2026-02-09,INF179KC1HX2,HDFCSENSEX,EQ,94.44,94.98,94.0,94.53,94.5,94.04,50649,4792198.65,815
2026-02-09,INF179KC1DI2,HDFCSILVER,EQ,242.0,247.4,238.17,244.41,244.64,224.91,13499276,3297371855.71,61933
2026-02-09,INF179KC1FB2,HDFCSML250,EQ,163.93,164.0,160.25,163.87,163.98,160.07,1749072,284661368.73,10880
2026-02-09,INF179KC1DK8,HDFCVALUE,EQ,139.66,139.97,138.98,139.58,138.98,138.77,4216,588829.17,102
2026-02-09,INF179KC1HW4,HDFCPSUBK,EQ,90.94,92.87,90.55,92.6,92.79,89.6,68642,6340184.09,428
2026-02-09,INE759V01019,HEADSUP,EQ,8.7,8.9,8.21,8.55,8.21,8.64,23140,197822.61,204
2026-02-09,INE075I01017,HCG,EQ,570.5,571.6,557.2,561.5,559.95,568.65,186563,105264844.15,11467
2026-02-09,INE558R01013,HECPROJECT,EQ,130.0,130.0,111.6,117.96,118.6,124.1,124549,14614975.81,3142
2026-02-09,INE545A01024,HEG,EQ,540.0,561.65,539.8,545.1,545.2,534.2,1854193,1020984315.15,54053
2026-02-09,INE578A01017,HEIDELBERG,EQ,175.0,176.0,169.5,171.3,171.6,174.12,222469,38156616.71,3465
2026-02-09,INE0AJG01018,HEMIPROP,EQ,133.24,135.94,132.4,135.17,134.52,131.44,266623,35805058.3,3157
2026-02-09,INE694N01015,HERANBA,EQ,224.63,234.0,224.63,232.81,230.5,224.63,91670,21091383.59,4720
2026-02-09,INE978A01027,HERITGFOOD,EQ,365.05,382.9,364.95,377.7,376.75,364.1,736057,277534321.15,15531
2026-02-09,INE158A01026,HEROMOTOCO,EQ,5800.0,5816.0,5667.0,5756.5,5748.5,5753.5,543956,3121661364.5,50905
2026-02-09,INE782E01017,HESTERBIO,EQ,1509.5,1524.0,1503.9,1518.0,1520.0,1509.5,1650,2498026.9,273
2026-02-09,INE750M01017,HEXATRADEX,EQ,159.98,164.89,159.98,160.7,160.5,159.98,1457,235745.4,60
2026-02-09,INE093A01041,HEXT,EQ,620.95,623.0,598.0,601.85,604.0,613.6,2648921,1604861326.65,57072
2026-02-09,INE548A01028,HFCL,EQ,71.3,72.56,70.5,72.24,71.98,70.91,17503816,1256095344.34,39430
2026-02-09,INE0PIC01017,HIGREEN,SM,138.3,140.95,138.0,139.7,140.95,143.0,16800,2344360.0,20
2026-02-09,INE106T01025,HITECH,EQ,80.9,86.2,79.11,85.11,85.01,81.19,1461898,122124024.61,10920
2026-02-09,INE00RL01028,HILINFRA,EQ,53.0,54.25,53.0,53.94,53.96,53.27,158506,8514260.25,2138
2026-02-09,INE475B01022,HIKAL,EQ,180.0,192.99,180.0,183.45,183.7,179.52,632540,117443972.6,9578
2026-02-09,INE788H01017,HILTON,EQ,26.8,27.28,25.2,26.07,26.19,25.53,93462,2465727.46,986
2026-02-09,INE019C01026,HSCL,EQ,458.5,464.5,452.0,456.2,453.0,455.2,1144701,524346676.85,14195
2026-02-09,INE049A01027,HIMATSEIDE,EQ,122.4,124.67,119.26,120.06,120.1,119.15,974067,118264202.53,8052
2026-02-09,INE835D01023,HIRECT,EQ,1400.0,1446.0,1380.0,1428.6,1408.0,1341.8,56994,81116760.4,5673
2026-02-09,INE038A01020,HINDALCO,EQ,960.5,970.7,948.3,964.25,963.6,942.55,5294536,5090974496.95,99650
2026-02-09,INE642Y01029,HINDCON,EQ,23.5,23.5,21.8,22.7,22.75,22.41,28128,637583.32,320
2026-02-09,INE05X901010,HPIL,EQ,130.7,135.0,130.0,132.89,132.89,130.7,714,94764.03,39
2026-02-09,INE170I01016,HGS,EQ,411.45,427.0,409.9,424.8,425.3,411.45,22149,9310450.25,1250
2026-02-09,INE066F01020,HAL,EQ,4066.1,4151.0,4014.1,4131.0,4151.0,4067.5,1664057,6819144258.6,99527
2026-02-09,INE310C01029,HINDCOMPOS,EQ,404.4,422.15,404.4,420.3,418.5,408.9,2386,1000190.5,151
2026-02-09,INE549A01026,HCC,EQ,19.25,20.04,19.25,19.85,19.83,19.06,24354321,482143022.81,28154
2026-02-09,INE531E01026,HINDCOPPER,EQ,594.25,610.5,592.85,598.0,599.0,579.85,24271749,14609854516.7,281516
2026-02-09,INE254N01026,HNDFDS,EQ,488.05,521.0,483.0,509.7,515.0,487.1,58340,29172968.7,5255
2026-02-09,INE871K01015,HMVL,EQ,73.45,73.45,72.0,72.17,72.2,72.21,8897,642676.61,134
2026-02-09,INE345A01011,HINDOILEXP,EQ,155.99,158.69,153.91,154.54,154.95,155.57,314072,48912211.01,4486
2026-02-09,INE094A01015,HINDPETRO,EQ,464.0,467.7,460.5,463.65,463.4,463.15,2723273,1264624767.55,48138
2026-02-09,INE030A01027,HINDUNILVR,EQ,2425.0,2439.0,2402.0,2435.0,2430.0,2424.2,958484,2324125611.9,51331
2026-02-09,INE267A01025,HINDZINC,EQ,625.0,630.5,614.25,629.1,627.8,608.95,7574577,4722990489.05,92900
2026-02-09,INE05AN01011,HINDWAREAP,EQ,251.31,256.78,247.23,252.64,250.15,251.31,101365,25551111.93,2420
2026-02-09,INE598C01011,HISARMETAL,EQ,163.99,176.0,159.18,165.28,165.3,158.14,17261,2860475.42,406
2026-02-09,INE07Y701011,POWERINDIA,EQ,21900.0,22550.0,21827.0,22511.0,22547.0,21871.0,269552,5995038269.0,59389
2026-02-09,INE120D01012,HITECHCORP,EQ,156.15,160.99,155.23,159.94,160.5,156.22,7491,1189237.91,113
2026-02-09,INE461D01028,HLEGLAS,EQ,375.0,398.4,375.0,395.05,396.05,374.2,108105,42242212.5,4351
2026-02-09,INE102A01024,HLVLTD,EQ,8.68,8.68,8.45,8.65,8.68,8.36,294104,2526811.35,727
2026-02-09,INE0ECP01024,HMAAGRO,EQ,27.35,28.0,27.29,27.81,28.0,27.28,103688,2859645.52,651
2026-02-09,INE262A01018,HMT,BZ,44.74,44.74,42.8,43.83,44.65,43.18,15439,678643.32,200
2026-02-09,INE0S6S01017,HOACFOODS,ST,351.95,352.0,351.5,352.0,352.0,352.0,4500,1583362.5,6
2026-02-09,INE0LXA01019,HOLMARC,SM,98.25,98.75,92.45,92.45,92.45,94.05,4500,434137.5,6
2026-02-09,INE481N01025,HOMEFIRST,EQ,1179.8,1206.1,1165.7,1169.7,1170.0,1174.8,328966,389304261.0,23751
2026-02-09,INE0N7F01017,HOMESFY,SM,162.0,162.0,157.1,162.0,162.0,164.95,900,144330.0,3
2026-02-09,INE0J5401028,HONASA,EQ,290.85,295.0,286.0,293.15,290.2,285.5,419420,122171425.2,16313
2026-02-09,INE634A01018,HONDAPOWER,EQ,2210.0,2304.0,2205.1,2261.2,2270.0,2185.5,6493,14629003.9,1246
2026-02-09,INE671A01010,HONAUT,EQ,32250.0,32715.0,32055.0,32490.0,32300.0,31955.0,3710,120469930.0,1819
2026-02-09,INE191I01012,HDIL,BZ,2.71,2.74,2.5,2.73,2.74,2.61,387832,1046389.64,444
2026-02-09,INE0GSL01024,HPAL,EQ,42.4,42.5,40.6,41.4,41.4,40.9,86666,3585474.42,1228
2026-02-09,INE495S01016,HPL,EQ,316.95,353.0,316.95,345.8,346.0,315.5,933006,319077916.1,21482
2026-02-09,INE0R3501012,HRHNEXT,SM,28.5,28.95,27.05,28.25,28.25,28.3,9000,250275.0,4
2026-02-09,INE031A01017,HUDCO,EQ,193.25,195.55,193.0,194.87,194.5,192.17,2197501,427540901.69,17161
2026-02-09,INE501G01024,HTMEDIA,EQ,22.6,22.83,22.02,22.35,22.02,22.42,67046,1507215.52,494
2026-02-09,INE703H01016,HUBTOWN,EQ,222.0,254.0,219.31,240.98,242.0,219.39,3177151,776224285.45,42885
2026-02-09,INE275B01026,HUHTAMAKI,EQ,184.86,192.0,183.27,189.96,187.5,184.48,316765,59182441.82,3144
2026-02-09,INE0TO501019,HVAX,SM,850.5,850.5,825.0,835.0,840.0,810.0,1350,1129650.0,8
2026-02-09,INE965B01022,HYBRIDFIN,EQ,20.1,20.25,18.55,19.98,19.99,19.86,8466,164601.19,173
2026-02-09,INE0V6F01027,HYUNDAI,EQ,2193.0,2196.4,2162.8,2176.2,2177.7,2186.3,348258,758038604.3,16753
2026-02-09,INE204A01010,IGPL,EQ,355.0,367.8,353.6,365.55,365.9,354.05,39719,14442068.6,1128
2026-02-09,INE0O7401018,IBLFL,SM,46.9,46.9,46.9,46.9,46.9,48.05,2000,93800.0,1
2026-02-09,INE613B01010,ICDSLTD,EQ,45.0,45.99,43.02,43.7,43.7,44.71,2146,95925.71,46
2026-02-09,INE520Y01019,ICEMAKE,EQ,749.9,749.9,726.05,730.55,728.25,737.0,25105,18426257.35,1434
2026-02-09,INE090A01021,ICICIBANK,EQ,1413.5,1414.0,1388.8,1396.3,1395.1,1406.1,7889742,11018192537.5,201425
2026-02-09,INE765G01017,ICICIGI,EQ,1879.8,1893.9,1845.0,1888.2,1885.1,1861.6,594790,1114295401.3,43818
2026-02-09,INF109KC19U5,LOWVOLIETF,EQ,23.34,23.34,22.67,22.79,22.79,22.66,1954354,44416242.57,1675
2026-02-09,INE726G01019,ICICIPRULI,EQ,650.35,658.0,647.1,648.3,647.1,651.35,1947423,1267407088.7,39760
2026-02-09,INF109KC10W0,MIDSELIETF,EQ,18.32,18.32,17.99,18.28,18.3,18.01,278480,5070943.53,1139
2026-02-09,INF109KC16V9,NIF100IETF,EQ,29.41,29.49,29.08,29.3,29.16,29.17,104202,3062046.18,2968
2026-02-09,INF109K012R6,NIFTYIETF,EQ,292.0,292.48,290.32,291.19,290.8,289.36,602407,175311465.95,26667
2026-02-09,INF346A01034,SENSEXIETF,EQ,958.67,962.61,951.68,961.79,951.68,952.68,22848,21935793.01,3050
2026-02-09,INE346A01027,ICICIAMC,EQ,3060.6,3075.1,2966.3,3018.4,3015.0,3060.6,413802,1245440318.2,52703
2026-02-09,INF109KC1NT3,GOLDIETF,EQ,133.91,135.31,131.82,132.27,132.3,130.01,14802198,1961451345.93,64016
2026-02-09,INF109KC11V0,NV20IETF,EQ,15.5,15.5,14.83,15.16,15.2,15.05,374636,5671581.0,3068
2026-02-09,INF109KB15Y7,ICICIB22,EQ,126.4,126.4,121.5,123.97,124.05,122.72,628778,77833065.55,5631
2026-02-09,INF109K1A021,CASHIETF,EQ,1049.3,1049.3,1048.87,1048.93,1048.94,1048.82,833100,873860949.1,498
2026-02-09,INF109K1A153,EVIETF,EQ,30.59,30.85,30.45,30.76,30.85,30.44,48441,1487731.32,672
2026-02-09,INF109KC18O0,GSEC10IETF,EQ,259.18,259.18,257.51,258.27,258.27,258.61,2186,563927.11,21
2026-02-09,INF109KC1V59,BSE500IETF,EQ,39.92,40.34,39.69,40.01,39.95,39.6,168089,6723025.57,2373
2026-02-09,INF109KC14A8,GSEC5IETF,EQ,64.13,64.39,64.0,64.36,64.39,64.22,9775,626544.29,72
2026-02-09,INF109KC17V7,ALPL30IETF,EQ,27.8,27.93,27.66,27.91,27.92,27.66,261312,7270982.6,1640
2026-02-09,INF109KC10V2,AUTOIETF,EQ,28.51,28.65,28.28,28.64,28.63,28.28,620256,17738124.81,2111
2026-02-09,INF109KC18U7,PVTBANIETF,EQ,29.52,29.52,29.14,29.24,29.25,29.14,406700,11885697.94,1367
2026-02-09,INF109KC19O8,COMMOIETF,EQ,100.65,101.72,100.49,101.36,101.1,100.49,123293,12466078.2,1432
2026-02-09,INF109KC1V42,CONSUMIETF,EQ,122.0,122.9,121.73,122.63,122.8,121.8,21711,2654680.09,530
2026-02-09,INF109KC19V3,FMCGIETF,EQ,55.78,56.0,55.2,55.69,55.69,55.61,2726673,151299645.76,5804
2026-02-09,INF109KC16E5,INFRAIETF,EQ,98.2,98.76,98.15,98.58,98.75,98.09,155604,15343129.73,2500
2026-02-09,INF109KC1KT9,LIQUIDIETF,EQ,1000.01,1000.1,999.99,999.99,1000.0,999.99,936191,936194243.06,333
2026-02-09,INF109KC11W8,MIDCAPIETF,EQ,22.65,22.98,22.65,22.92,22.96,22.65,2040442,46743417.89,4196
2026-02-09,INF109KC17C7,MOM30IETF,EQ,31.55,31.88,31.45,31.85,31.85,31.3,725907,23018323.52,2171
2026-02-09,INF109KC1NS5,NEXT50IETF,EQ,73.16,73.41,72.61,73.14,73.14,72.58,798374,58266384.3,6035
2026-02-09,INF109KC1Q72,HEALTHIETF,EQ,145.24,147.5,144.67,146.87,147.0,145.03,118891,17404152.99,2879
2026-02-09,INF109KC18V5,QUAL30IETF,EQ,21.55,21.61,21.43,21.56,21.61,21.38,31038,668052.32,240
2026-02-09,INF109KC1Y56,SILVERIETF,EQ,251.65,257.38,245.3,253.73,254.0,234.44,13245640,3358626872.68,78228
2026-02-09,INF109KC16I6,ITIETF,EQ,40.14,40.14,39.2,39.25,39.25,39.36,795815,31314704.6,2826
2026-02-09,INF109KC15I8,BANKIETF,EQ,62.49,62.49,61.77,61.94,62.06,61.49,222270,13775281.71,1754
2026-02-09,INF109KC19W1,METALIETF,EQ,12.26,12.5,12.02,12.15,12.17,11.97,43584385,529858770.71,25665
2026-02-09,INF109KC18W3,OILIETF,EQ,12.43,12.44,12.33,12.38,12.38,12.35,7901749,97877611.54,4396
2026-02-09,INF109KC10S8,PSUBNKIETF,EQ,91.29,92.97,91.08,92.56,92.75,89.7,631254,58405880.48,1847
2026-02-09,INF109K1A344,TOP15IETF,EQ,10.88,10.9,10.81,10.86,10.9,10.78,111498,1208304.12,249
2026-02-09,INF109KC16X5,VAL30IETF,EQ,15.9,15.99,15.89,15.95,15.99,15.82,314657,5014233.18,538
2026-02-09,INF109KC17L8,FINIETF,EQ,32.41,32.8,32.26,32.62,32.77,32.25,368802,11985758.55,1795
2026-02-09,INE725G01011,ICRA,EQ,5929.5,5975.0,5910.0,5956.5,5960.0,5923.5,5305,31554511.0,1041
2026-02-09,INE008A01015,IDBI,EQ,108.76,109.4,102.91,104.04,104.24,106.86,27091287,2834051869.66,76025
2026-02-09,INE349Y01013,IDEAFORGE,EQ,430.0,436.45,419.05,431.8,431.5,425.7,226635,97341714.6,8209
2026-02-09,INE0T9I01011,IDEALTECHO,SM,237.65,237.65,220.0,220.0,220.0,200.0,1500,343300.0,3
2026-02-09,INE0TD101011,IDENTICAL,SM,18.2,18.2,18.15,18.15,18.15,18.15,10000,181600.0,4
2026-02-09,INE092T01019,IDFCFIRSTB,EQ,85.16,85.51,84.44,84.76,84.72,85.11,17020935,1444627040.06,78886
2026-02-09,INE076C01018,IFBAGRO,EQ,989.9,1034.2,968.0,980.3,968.0,985.0,45516,45685687.3,2919
2026-02-09,INE559A01017,IFBIND,EQ,1194.8,1253.7,1171.2,1208.4,1209.7,1182.8,97640,117802589.4,9423
2026-02-09,INE039A01010,IFCI,EQ,61.63,68.13,60.81,64.61,64.57,60.18,211127603,13787648458.16,385870
2026-02-09,INE133Y01011,IFGLEXPOR,EQ,184.6,191.75,184.5,186.48,184.55,182.46,37107,6948845.55,1643
2026-02-09,INE188B01013,IGARASHI,EQ,396.0,416.4,396.0,413.9,416.4,396.2,46889,19161365.75,2226
2026-02-09,INE489L01022,IIFLCAPS,EQ,325.8,330.9,324.4,327.9,329.25,324.7,259822,85112793.1,7623
2026-02-09,INE530B01024,IIFL,EQ,518.0,522.8,511.1,517.9,519.3,515.85,1292971,669946447.1,34646
2026-02-09,INE0LOJ01019,IKIO,EQ,151.7,160.0,151.26,158.73,159.2,150.09,172781,27065936.41,3985
2026-02-09,INE369I01014,IL&FSENGG,BZ,26.2,27.17,26.2,27.17,27.17,25.88,26447,710481.07,108
2026-02-09,INE050B01023,IVC,EQ,7.75,7.95,7.72,7.77,7.77,7.75,218644,1710251.6,1233
2026-02-09,INE975G01012,IL&FSTRANS,BZ,2.73,2.73,2.61,2.69,2.71,2.67,41235,110824.03,104
2026-02-09,INE172N01012,IMAGICAA,EQ,48.35,49.0,48.14,48.44,48.52,48.37,606519,29524801.68,1989
2026-02-09,INE691G01015,IMPEXFERRO,BZ,1.78,1.82,1.7,1.75,1.77,1.78,22718,39590.75,74
2026-02-09,INE452L01012,INCREDIBLE,EQ,37.98,39.0,36.09,36.91,37.05,35.72,2059,76336.69,74
2026-02-09,INE547E01014,IMPAL,EQ,1069.5,1074.9,1052.0,1064.7,1058.0,1062.6,2190,2334656.6,211
2026-02-09,INE915B01019,INDSWFTLAB,EQ,132.49,139.9,132.49,138.79,139.74,132.2,1575312,216645047.7,15147
2026-02-09,INE611L01021,INDTERRAIN,EQ,37.51,38.0,36.5,37.05,37.02,37.41,23501,877996.03,209
2026-02-09,INE841B01017,INDBANK,EQ,36.3,36.36,35.52,36.15,36.05,35.59,60432,2182388.91,587
2026-02-09,INE0O9T01021,BAJAJINDEF,EQ,303.85,306.9,297.3,303.9,301.05,295.25,12263,3697825.85,620
2026-02-09,INE065X01017,INDGN,EQ,491.95,494.7,488.0,491.25,493.0,489.25,413020,202264567.35,6386
2026-02-09,INE560A01023,INDIAGLYCO,EQ,898.0,975.0,891.15,964.75,965.15,888.05,200220,189523576.1,12616
2026-02-09,INE092B01025,INDNIPPON,EQ,768.25,787.9,768.25,778.5,777.0,768.25,11041,8596148.45,1302
2026-02-09,INE0D6701023,IPL,EQ,168.98,176.0,168.98,175.1,174.55,168.56,219001,38053160.07,3134
2026-02-09,INE922K01024,INDIASHLTR,EQ,727.35,778.35,726.55,750.05,752.0,790.55,614687,462945739.7,31740
2026-02-09,INE353K01014,ITDC,EQ,530.0,549.8,527.15,542.85,542.1,527.8,51046,27591468.8,2269
2026-02-09,INE126M01010,IBULLSLTD,EQ,10.7,10.97,10.64,10.85,10.85,10.62,2645683,28526517.95,3305
2026-02-09,INE933S01016,INDIAMART,EQ,2250.0,2268.6,2216.3,2248.3,2238.0,2238.4,52363,117602231.7,10796
2026-02-09,INE562A01011,INDIANB,EQ,881.0,910.6,881.0,902.5,904.1,871.2,2416660,2179937313.55,60978
2026-02-09,INE061A01014,INDIANCARD,EQ,229.11,243.0,229.11,242.08,242.75,231.53,4345,1039646.81,135
2026-02-09,INE0RRU01016,IEML,SM,74.45,77.45,72.25,74.1,74.0,72.0,45500,3391100.0,66
2026-02-09,INE022Q01020,IEX,EQ,121.5,126.21,120.43,125.34,125.34,120.94,11646073,1446927500.23,54580
2026-02-09,INE323C01030,INDIANHUME,EQ,392.3,398.85,388.8,393.55,393.9,390.15,18544,7301026.3,1140
2026-02-09,INE919H01018,IMFA,EQ,1325.0,1460.0,1306.6,1451.5,1442.5,1319.8,526516,744206789.9,33807
2026-02-09,INE242A01010,IOC,EQ,175.95,177.29,175.0,176.16,175.9,175.2,12380924,2183921507.07,97483
2026-02-09,INE565A01014,IOB,EQ,35.04,35.7,35.04,35.6,35.62,34.81,7298171,258889056.36,20447
2026-02-09,INE0DHF01018,IPHL,SM,61.9,61.9,61.9,61.9,61.9,60.0,1200,74280.0,1
2026-02-09,INE335Y01020,IRCTC,EQ,623.0,627.25,621.4,624.75,623.5,620.0,714720,446331534.7,22176
2026-02-09,INE053F01010,IRFC,EQ,114.99,116.0,114.7,115.07,114.87,114.53,9623210,1108032403.01,48106
2026-02-09,INE202E01016,IREDA,EQ,129.5,130.45,128.56,128.81,128.86,128.29,5427943,701614850.83,31061
2026-02-09,INE0PS301014,INDIFRA,SM,14.45,14.45,14.4,14.4,14.4,15.0,6000,86500.0,3
2026-02-09,INE09VQ01012,INDIGOPNTS,EQ,1018.0,1054.6,1009.0,1039.8,1038.0,1008.9,123657,128131393.3,10245
2026-02-09,INE219X23014,INDIGRID,IV,162.9,164.0,162.1,163.91,163.95,163.64,1490748,243716600.03,21359
2026-02-09,INE06ST01018,INDIQUBE,EQ,173.9,176.18,170.77,174.0,173.78,170.99,18751,3257731.67,984
2026-02-09,INE760F01028,INDOAMIN,EQ,119.55,119.7,116.0,117.62,117.04,119.62,85531,10051641.4,1680
2026-02-09,INE803D01021,INDOBORAX,EQ,244.8,245.72,242.59,243.08,244.4,244.05,67361,16420138.04,1151
2026-02-09,INE483B01026,ICIL,EQ,314.45,319.75,288.5,307.19,310.0,302.71,1928764,588955871.56,31006
2026-02-09,INE622H01018,INDOFARM,EQ,148.3,154.7,147.11,149.33,149.5,147.69,584713,88325308.01,8834
2026-02-09,INE156A01020,INDORAMA,EQ,42.0,43.25,41.42,42.98,43.09,41.26,83283,3538956.19,716
2026-02-09,INE332H01014,INDOTECH,EQ,1356.5,1430.0,1356.5,1420.6,1429.0,1349.8,22164,31036813.4,2825
2026-02-09,INE337M01021,INDOTHAI,EQ,259.0,259.0,245.36,247.86,245.36,254.82,1741117,439463423.44,8482
2026-02-09,INE250Z01010,INDOUS,EQ,129.1,133.99,126.81,131.03,132.0,125.95,40119,5232745.72,1146
2026-02-09,INE567A01028,NIPPOBATRY,EQ,372.0,372.0,355.0,359.6,360.0,362.7,3519,1263810.5,304
2026-02-09,INE873D01024,INDOCO,EQ,217.0,218.9,204.08,205.01,205.95,212.76,154317,32355900.88,3929
2026-02-09,INE05J901018,IGCL,EQ,75.0,75.99,72.37,74.98,74.9,71.99,69260,5166652.47,688
2026-02-09,INE866K01023,WAAREEINDO,BE,438.9,445.0,421.6,429.2,433.0,434.45,44167,18999329.1,893
2026-02-09,INE896L01010,INDOSTAR,EQ,217.0,234.99,209.23,230.08,230.0,216.44,304046,67587379.23,5700
2026-02-09,INE227G01018,INDOWIND,EQ,11.2,11.22,10.7,11.07,11.13,10.84,657969,7202946.71,2011
2026-02-09,INE203G01027,IGL,EQ,177.0,178.0,175.67,177.39,177.4,175.98,1264979,223739829.11,35583
2026-02-09,INE681B01017,INDRAMEDCO,EQ,389.0,397.0,377.9,391.5,390.5,378.5,374896,145645715.95,9905
2026-02-09,INE0NHL23019,INDUSINVIT,IV,121.85,121.85,120.0,120.77,120.58,121.1,62543,7571119.52,5198
2026-02-09,INE121J01017,INDUSTOWER,EQ,446.5,457.15,443.75,456.15,456.95,443.35,6772155,3062945044.1,63881
2026-02-09,INE095A01012,INDUSINDBK,EQ,910.0,936.95,900.35,927.9,928.5,903.6,6863941,6354621640.35,96754
2026-02-09,INE886A01014,IITL,EQ,133.91,141.25,133.91,139.94,135.6,138.46,231571,32298224.73,2679
2026-02-09,INE0MRE01011,INFINIUM,SM,228.5,228.5,228.5,228.5,228.5,220.0,500,114250.0,1
2026-02-09,INE0MYZ01012,INFLUX,SM,226.0,234.2,226.0,232.2,233.0,225.15,26400,6096660.0,41
2026-02-09,INE663F01032,NAUKRI,EQ,1139.8,1184.4,1131.0,1177.3,1177.9,1130.4,1385586,1615130573.9,82244
2026-02-09,INE344S01016,INFOBEAN,EQ,833.4,860.0,822.0,843.2,845.0,825.6,177346,150077745.8,8759
2026-02-09,INE0NNZ01013,INFOLLION,SM,369.0,369.0,351.0,359.8,359.8,353.0,4000,1430200.0,8
2026-02-09,INE669A01022,INFOMEDIA,EQ,5.99,6.19,5.62,5.83,5.71,5.71,5521,32755.27,62
2026-02-09,INE009A01021,INFY,EQ,1522.1,1528.0,1493.0,1497.2,1497.0,1507.1,8294615,12452482086.6,217667
2026-02-09,INE177A01018,INGERRAND,EQ,3458.0,3520.0,3450.6,3497.0,3500.0,3458.0,5048,17646903.0,1633
2026-02-09,INE0S1D01010,INNOMET,SM,71.6,74.0,71.6,74.0,74.0,69.25,2400,174960.0,4
2026-02-09,INE0DUT01020,INNOVACAP,EQ,707.7,725.0,707.65,709.9,711.75,707.65,23626,16936667.65,2370
2026-02-09,INE403Y01018,INNOVANA,EQ,390.0,419.75,349.95,391.15,395.9,360.9,22078,8735010.4,1390
2026-02-09,INE070Y01023,ITTL,ST,69.75,69.75,69.75,69.75,69.75,71.15,525,36618.75,5
2026-02-09,INE510W01014,INOXGREEN,EQ,174.1,184.0,174.0,181.76,182.09,173.09,774111,138966346.28,8527
2026-02-09,INE616N01034,INOXINDIA,EQ,1123.0,1168.9,1121.5,1165.0,1165.5,1118.8,39775,45780426.3,4818
2026-02-09,INE066P01011,INOXWIND,EQ,106.45,112.2,106.45,111.07,111.5,106.4,11982728,1322365041.54,44629
2026-02-09,INE070I01018,INSECTICID,EQ,604.2,632.85,601.05,630.25,627.0,601.05,43148,26762370.8,2173
2026-02-09,INE0NDX01019,INSPIRE,SM,10.9,10.9,10.0,10.5,10.55,10.5,18000,185900.0,9
2026-02-09,INE020G01017,INSPIRISYS,EQ,105.0,105.0,98.01,99.7,99.31,96.79,86994,8779443.16,851
2026-02-09,INE418N01035,ESSENTIA,EQ,1.53,1.54,1.51,1.52,1.53,1.5,1081264,1649970.84,1228
2026-02-09,INE306R01017,INTELLECT,EQ,770.0,779.5,760.05,771.7,770.0,760.4,331295,255009732.8,31724
2026-02-09,INE781A01025,INTENTECH,EQ,113.25,115.6,113.03,113.85,113.6,113.21,10771,1228786.45,248
2026-02-09,INE00M901018,INTERARCH,EQ,2111.0,2130.0,2046.1,2101.5,2100.0,2100.5,123078,257195823.7,15463
2026-02-09,INE646L01027,INDIGO,EQ,4895.0,4978.1,4888.7,4964.1,4952.1,4909.4,538869,2672047247.9,34333
2026-02-09,INE0OPC01015,INM,SM,171.1,179.0,166.6,179.0,179.0,171.1,2400,410220.0,4
2026-02-09,INE0Q9301021,IGIL,EQ,329.0,340.4,323.1,330.65,331.1,319.4,1869422,619073783.3,35766
2026-02-09,INE575C01027,INTLCONV,EQ,76.0,81.34,76.0,79.74,81.0,77.32,210729,16759222.65,964
2026-02-09,INE566K01011,ISFT,EQ,86.05,89.9,86.05,88.41,88.5,85.82,23213,2043118.61,198
2026-02-09,INE878H01024,INVENTURE,EQ,1.14,1.17,1.13,1.15,1.15,1.14,916454,1055003.94,550
2026-02-09,INE115Q01022,IKS,EQ,1700.0,1729.9,1685.0,1697.1,1685.3,1678.6,181350,309636597.2,18421
2026-02-09,INF205K01361,IVZINGOLD,EQ,13407.4,13638.9,13323.1,13385.6,13498.0,13116.05,7432,100731834.4,480
2026-02-09,INF205K01DA9,IVZINNIFTY,EQ,2852.58,2947.24,2852.58,2938.85,2939.04,2910.8,78,229575.72,13
2026-02-09,INE0XJ501010,INVICTA,SM,66.4,72.05,66.4,72.0,72.0,63.05,28800,1986000.0,18
2026-02-09,INE485C01029,IOLCP,EQ,76.4,78.8,75.9,78.18,78.7,75.59,1037378,80405041.2,9621
2026-02-09,INE570A01022,IONEXCHANG,EQ,380.6,384.7,373.6,382.65,382.0,378.6,165571,62991978.65,9922
2026-02-09,INE571A01038,IPCALAB,EQ,1417.7,1455.0,1416.0,1452.0,1454.0,1416.7,111733,160713078.5,10907
2026-02-09,INE821I01022,IRB,EQ,43.85,44.33,43.51,44.17,44.1,43.14,12164520,536269996.21,42579
2026-02-09,INE183W23014,IRBINVIT,IV,62.5,62.5,61.93,62.1,62.15,61.99,494792,30740547.81,8214
2026-02-09,INE962Y01021,IRCON,EQ,154.2,157.34,153.75,156.47,156.33,153.18,2071686,322455268.39,27464
2026-02-09,INE01GN01025,IRISDOREME,EQ,34.01,37.35,33.51,36.68,36.03,33.9,567303,19907720.21,1816
2026-02-09,INE864K01010,IRIS,EQ,274.0,274.0,249.95,253.15,250.15,250.3,34866,8955309.8,1121
2026-02-09,INE07U701015,IRMENERGY,EQ,251.6,257.0,244.61,253.94,253.15,248.64,70953,17791709.01,3422
2026-02-09,INE413U07426,950ISF27C,N0,10000.0,10000.0,10000.0,10000.0,10000.0,10000.0,1,10000.0,1
2026-02-09,INE858B01029,ISGEC,EQ,772.95,792.95,772.95,788.55,790.0,769.2,78529,61715880.25,11734
2026-02-09,INE561M01018,ISHANCH,EQ,64.58,64.58,60.0,60.61,60.05,61.83,5363,323553.02,96
2026-02-09,INE0LCW01025,ISHAN,SM,0.75,0.8,0.75,0.8,0.8,0.75,144000,112800.0,3
2026-02-09,INE379A01028,ITCHOTELS,EQ,182.0,188.8,181.0,188.22,188.45,180.8,4895890,903588917.1,49322
2026-02-09,INE154A01025,ITC,EQ,327.95,328.7,321.65,322.8,322.7,325.8,20059198,6492354416.3,169853
2026-02-09,INE248A01017,ITI,EQ,290.25,295.35,290.25,294.0,294.5,289.9,447703,131384289.95,9557
2026-02-09,INE056801025,IVALUE,EQ,235.08,242.88,227.95,237.34,240.05,235.08,305277,72091015.47,6354
2026-02-09,INE043C01018,IVP,EQ,141.0,145.76,141.0,145.57,144.52,141.6,8577,1236542.41,237
2026-02-09,INE1AII01014,IWARE,ST,241.9,248.3,236.5,247.6,248.3,236.5,38400,9336900.0,29
2026-02-09,INE848A01014,IZMO,EQ,843.95,915.0,815.6,838.95,831.0,841.45,1578907,1360632552.25,68819
2026-02-09,INE168A01041,J&KBANK,EQ,104.0,105.8,104.0,105.52,105.6,103.2,1995734,210096804.21,13664
2026-02-09,INE572A01036,JBCHEPHARM,EQ,1857.5,1893.8,1848.7,1882.7,1890.6,1849.5,146517,275573051.1,13256
2026-02-09,INE0MB501011,JGCHEM,EQ,335.0,368.7,335.0,364.75,365.0,331.7,199719,71344638.9,6231
2026-02-09,INE199G01027,JAGRAN,EQ,68.36,68.98,67.89,67.98,68.0,68.36,160532,10961794.71,1890
2026-02-09,INE048B01035,JAGSNPHARM,EQ,168.16,180.52,167.7,179.48,180.0,168.16,61473,10779228.1,2059
2026-02-09,INE091G01026,JAIBALAJI,EQ,73.31,74.8,72.8,73.1,73.0,73.25,1045642,76968257.38,8880
2026-02-09,INE070D01027,JAICORPLTD,EQ,113.5,123.72,112.71,120.77,120.4,112.3,1590047,191383841.58,18064
2026-02-09,IN9175A01010,JISLDVREQS,EQ,23.96,24.05,23.11,23.62,23.6,22.98,61917,1458511.85,296
2026-02-09,INE175A01038,JISLJALEQS,EQ,36.34,37.94,36.17,37.43,37.37,35.76,2349432,87412888.11,8491
2026-02-09,INE0YD401026,JAINREC,EQ,395.85,414.4,390.95,401.8,399.0,388.75,5155039,2082399895.2,86436
2026-02-09,INE0XIL01012,JAINIK,SM,130.0,132.75,126.75,132.4,132.75,130.0,74400,9687600.0,12
2026-02-09,INE455F01025,JPASSOCIAT,BE,3.34,3.41,3.16,3.16,3.16,3.32,7151017,22915664.18,4936
2026-02-09,INE351F01018,JPPOWER,EQ,15.26,15.49,15.02,15.16,15.19,15.13,35940411,545504334.41,30366
2026-02-09,INE039C01032,JAMNAAUTO,EQ,128.5,136.0,128.5,135.14,134.8,127.1,4168600,557663149.6,35741
2026-02-09,INE953L01027,JSFB,EQ,346.0,405.0,346.0,401.75,403.05,352.2,5098531,1973923307.75,99032
2026-02-09,INE00YJ01010,JARO,EQ,485.0,507.65,480.15,502.55,506.2,478.8,183558,90429917.1,7121
2026-02-09,INE039O01029,JASH,EQ,394.4,422.0,389.45,411.9,409.6,389.4,111473,45381605.15,4554
2026-02-09,INE0SMY01017,JAYBEE,SM,80.75,82.4,78.3,80.35,80.2,81.7,42500,3428450.0,72
2026-02-09,INE571B01036,JAYBARMARU,EQ,92.0,101.22,90.52,101.22,101.22,84.35,3165336,312926579.73,10945
2026-02-09,INE0J6801010,KORE,ST,135.45,135.45,132.0,132.0,132.0,135.45,1000,132862.5,4
2026-02-09,INE785A01026,JAYAGROGN,EQ,173.2,177.0,173.2,174.23,175.58,175.99,10642,1858185.83,376
2026-02-09,INE854B01010,JAYNECOIND,EQ,77.0,78.5,75.05,77.49,77.3,75.96,3324038,257033384.69,11335
2026-02-09,INE1AE401014,JAYESH,SM,156.0,160.0,155.85,158.0,158.0,155.85,44000,6979850.0,6
2026-02-09,INE903A01025,JAYKAY,EQ,160.0,165.0,158.45,163.84,164.5,157.82,106044,17163292.5,2552
2026-02-09,INE364A01020,JAYSREETEA,EQ,88.6,88.6,86.12,87.52,87.3,85.28,41797,3644507.18,819
2026-02-09,INE927D01051,JBMA,EQ,585.0,601.95,583.55,597.75,596.5,580.65,354260,209923108.9,17306
2026-02-09,INE0J5801029,JSLL,EQ,780.0,809.0,730.05,740.45,741.0,712.3,3277376,2539348883.35,97957
2026-02-09,INE982V01025,JETFREIGHT,BE,17.21,17.4,16.65,17.31,17.38,16.87,190862,3292136.18,136
2026-02-09,INE0RXB01022,JEYYAM,SM,40.0,41.0,39.0,39.55,40.0,40.45,82000,3284700.0,36
2026-02-09,INE0LA901015,JFLLIFE,SM,11.45,11.45,11.45,11.45,11.45,10.95,12000,137400.0,2
2026-02-09,INE544H01014,JHS,EQ,10.87,11.5,10.87,11.04,11.05,11.05,91947,1017398.74,296
2026-02-09,INE03DD01011,RETAIL,EQ,27.3,27.3,25.19,26.78,25.46,25.19,4606,122481.04,62
2026-02-09,INE147P01019,JPOLYINVST,EQ,1029.0,1045.0,1010.0,1016.6,1020.35,1027.35,6912,7097081.55,700
2026-02-09,INE742C01031,JINDRILL,EQ,475.35,481.7,473.4,477.35,477.3,476.05,34139,16306874.1,1614
2026-02-09,INE796G01012,JINDALPHOT,EQ,1385.1,1420.0,1385.1,1404.0,1405.0,1385.1,4017,5654214.9,680
2026-02-09,INE197D01010,JINDALPOLY,EQ,427.9,432.3,423.45,426.2,425.6,425.65,31398,13435728.2,1490
2026-02-09,INE324A01032,JINDALSAW,EQ,189.5,190.32,186.26,189.38,189.0,187.78,1401501,264402718.56,17294
2026-02-09,INE220G01021,JSL,EQ,790.0,798.4,782.4,790.25,790.0,784.9,396944,313287105.05,27194
2026-02-09,INE749A01030,JINDALSTEL,EQ,1196.3,1204.9,1178.9,1191.1,1190.0,1189.9,1017423,1213238717.7,34517
2026-02-09,INE247D01039,JINDWORLD,EQ,28.67,29.1,27.93,28.86,28.9,28.27,412914,11776722.22,2759
2026-02-09,INE1FF001016,JKIPL,EQ,71.99,72.91,67.55,71.7,71.75,76.65,159420,11322705.17,2130
2026-02-09,INE758E01017,JIOFIN,EQ,270.55,271.4,268.75,269.25,269.0,268.1,8211716,2216925398.35,78132
2026-02-09,INE863T01013,JITFINFRA,EQ,280.6,280.6,280.6,280.6,280.6,255.1,10694,3000736.4,98
2026-02-09,INE0N5H01017,JIWANRAM,SM,5.25,5.25,5.25,5.25,5.25,5.25,12000,63000.0,2
2026-02-09,INE823G01014,JKCEMENT,EQ,5795.0,5973.5,5715.5,5960.5,5965.5,5723.0,78311,462327564.0,18006
2026-02-09,INE786A01032,JKLAKSHMI,EQ,733.0,741.35,728.55,730.25,728.55,730.0,285763,209206391.0,16953
2026-02-09,INE789E01012,JKPAPER,EQ,325.0,330.9,324.15,327.25,325.0,324.1,203956,66808570.1,7606
2026-02-09,INE573A01042,JKTYRE,EQ,550.0,582.6,538.05,555.85,557.0,541.45,6695807,3785555275.05,131014
2026-02-09,INE576I01022,JKIL,EQ,571.3,600.6,559.55,595.15,592.6,571.3,303588,179541639.8,11945
2026-02-09,INE780C01023,JMFINANCIL,EQ,124.4,132.0,123.83,130.68,132.0,122.24,4778095,614772022.27,38142
2026-02-09,INE0OAF01028,JNKINDIA,EQ,243.34,255.62,240.0,253.45,252.09,239.74,244828,60965170.26,5268
2026-02-09,INE839G01010,JOCIL,EQ,133.0,134.63,131.5,131.99,131.61,131.99,2134,282235.5,69
2026-02-09,INE718I01012,JSWCEMENT,EQ,122.6,124.45,120.3,123.44,123.55,121.32,2900611,355894971.88,25746
2026-02-09,INE121E01018,JSWENERGY,EQ,474.0,480.9,469.55,480.1,480.0,473.15,2276852,1086123781.55,28034
2026-02-09,INE824G01012,JSWHL,EQ,18000.0,18000.0,17432.0,17495.0,17550.0,17683.0,1367,24026175.0,796
2026-02-09,INE880J01026,JSWINFRA,EQ,261.8,269.9,259.6,267.15,266.1,259.75,2019549,537532499.25,30325
2026-02-09,INE019A01038,JSWSTEEL,EQ,1248.5,1254.7,1235.1,1245.0,1244.0,1236.2,1503210,1871002386.5,49220
2026-02-09,INE643A01035,JTEKTINDIA,EQ,146.45,149.82,145.51,148.76,147.5,145.93,75225,11137797.45,1682
2026-02-09,INE391J01032,JTLIND,EQ,67.6,68.89,64.52,65.57,65.2,67.49,6687793,448775977.45,16535
2026-02-09,INE03CC01015,JUBLCPL,EQ,2049.3,2256.2,1962.7,2131.6,2132.0,2049.4,10149,21596384.1,1754
2026-02-09,INE797F01020,JUBLFOOD,EQ,544.25,550.95,544.05,548.35,548.0,544.25,788188,431465581.1,27645
2026-02-09,INE0BY001018,JUBLINGREA,EQ,620.0,673.4,620.0,663.35,659.0,613.55,785836,517895232.65,39884
2026-02-09,INE700A01033,JUBLPHARMA,EQ,925.0,955.05,893.6,942.6,940.5,937.65,581619,531907515.35,31209
2026-02-09,INE412C01023,JMA,EQ,78.75,79.9,74.61,78.23,79.3,77.67,29566,2281464.89,322
2026-02-09,INE696F01016,JUNIPER,EQ,242.35,255.0,242.35,249.23,249.2,246.19,157982,39671019.76,9006
2026-02-09,INE682M01012,JLHL,EQ,1270.8,1274.9,1237.1,1248.5,1249.0,1251.8,39069,48999360.1,5002
2026-02-09,INE209L01016,JWL,EQ,299.45,310.7,299.45,308.75,308.7,298.55,1519946,464755931.8,20227
2026-02-09,INE599M01018,JUSTDIAL,EQ,672.2,713.4,672.2,697.25,697.2,669.7,176697,122918668.0,11560
2026-02-09,INE668F01031,JYOTHYLAB,EQ,246.63,250.92,241.5,249.96,250.76,244.18,1937540,476591570.76,38069
2026-02-09,INE980O01024,JYOTICNC,EQ,834.45,866.85,832.95,861.15,861.0,820.45,366894,313606234.15,18317
2026-02-09,INE1M3T01017,JYOTIGLOBL,SM,46.1,50.0,46.1,48.5,47.75,44.5,62000,3007400.0,27
2026-02-09,INE197A01024,JYOTISTRUC,EQ,10.2,10.65,10.01,10.1,10.12,10.02,12710368,130492097.02,8008
2026-02-09,INE157H01023,KMSUGAR,EQ,23.4,23.85,23.4,23.59,23.8,23.51,246496,5829920.4,667
2026-02-09,INE127T01021,KPEL,EQ,319.65,325.85,314.0,317.95,318.5,316.25,215412,68950068.05,6854
2026-02-09,INE0DEZ01013,K2INFRA,SM,60.05,64.7,58.4,62.85,61.9,63.35,30000,1821720.0,35
2026-02-09,INE900B01029,KABRAEXTRU,EQ,259.01,266.99,248.15,252.95,252.0,259.56,46810,12064807.36,1201
2026-02-09,INE217B01036,KAJARIACER,EQ,945.1,965.0,930.0,955.15,959.8,940.45,141705,134944906.05,17068
2026-02-09,INE437B01014,KAKATCEM,EQ,116.45,119.99,116.45,118.02,117.0,118.37,4729,556249.71,103
2026-02-09,INE0T0L01014,KALANA,SM,18.0,18.8,18.0,18.4,18.4,18.6,32000,582800.0,16
2026-02-09,INE227J01012,KALPATARU,EQ,325.1,338.95,325.1,334.45,335.2,337.35,45992,15372224.8,1856
2026-02-09,INE220B01022,KPIL,EQ,1091.3,1135.0,1091.0,1121.9,1119.7,1091.3,257463,289244449.9,14096
2026-02-09,INE303R01014,KALYANKJIL,EQ,405.0,442.95,395.2,437.35,436.0,380.25,73673179,31316763229.25,510155
2026-02-09,INE314G01014,KALYANIFRG,EQ,612.0,619.95,604.95,609.85,612.0,605.45,860,526143.25,98
2026-02-09,INE029L01018,KICL,EQ,4739.3,4889.0,4714.5,4768.1,4750.0,4777.5,2182,10489781.9,419
2026-02-09,INE907A01026,KSL,EQ,764.0,773.25,755.25,765.7,762.5,758.0,39826,30353260.35,2176
2026-02-09,INE967C01018,KAMATHOTEL,EQ,183.2,193.37,183.2,191.37,191.05,182.57,76710,14527737.58,1839
2026-02-09,INE390H01020,KAMDHENU,EQ,22.3,23.05,22.14,22.85,22.9,21.99,1108283,25058292.73,2093
2026-02-09,INE0BTI01037,KAMOPAINTS,EQ,5.55,5.62,5.3,5.42,5.44,5.4,1973041,10640805.87,2135
2026-02-09,INE879E01037,KANANIIND,EQ,1.74,1.75,1.69,1.71,1.72,1.72,255048,437525.14,353
2026-02-09,INE0MOT01016,KANDARP,SM,152.0,152.0,141.0,148.9,148.9,144.05,8000,1183800.0,6
2026-02-09,INE138C01024,KANORICHEM,EQ,76.8,80.5,74.51,78.3,78.1,75.94,39333,3062669.15,837
2026-02-09,INE694E01014,KANPRPLA,EQ,196.61,199.83,193.25,194.51,198.24,196.09,6451,1268487.15,399
2026-02-09,INE531A01024,KANSAINER,EQ,214.35,215.44,212.0,212.59,212.99,214.35,451560,96067393.26,8451
2026-02-09,INE542Z01028,KAPSTON,BE,418.0,418.0,397.25,403.45,407.0,414.25,15709,6408171.75,458
2026-02-09,INE725L01011,KARMAENG,EQ,40.9,41.5,38.62,40.95,40.51,39.57,5754,229324.61,175
2026-02-09,INE614B01018,KTKBANK,EQ,203.0,209.65,203.0,206.88,206.5,200.3,4639788,962829193.76,35971
2026-02-09,INE0MGA01012,KARNIKA,ST,118.75,118.75,118.2,118.2,118.2,118.1,3000,355650.0,3
2026-02-09,INE036D01028,KARURVYSYA,EQ,321.0,327.9,317.45,326.55,326.7,318.1,3554844,1149919637.9,49598
2026-02-09,INE0SVY01018,KATARIA,SM,102.0,103.05,97.0,100.6,99.0,102.25,25200,2539530.0,28
2026-02-09,INE234I01028,KAUSHALYA,EQ,800.3,878.95,800.0,820.25,812.4,819.1,1097,890208.7,172
2026-02-09,INE0Q2V01012,KLL,SM,42.2,44.0,42.0,42.8,44.0,42.4,22400,955960.0,24
2026-02-09,INE455I01029,KSCL,EQ,905.0,928.0,860.35,871.75,878.0,885.9,200719,177691764.95,11690
2026-02-09,INE641C01019,KAVDEFENCE,EQ,65.76,69.9,65.55,68.8,68.3,64.47,156782,10620969.14,2667
2026-02-09,INE0RCG01017,KCEIL,SM,139.05,148.1,139.05,145.75,147.2,135.8,35000,5076250.0,69
2026-02-09,INE587G01015,KAYA,EQ,359.45,359.45,344.25,346.7,345.05,349.65,5970,2082212.6,409
2026-02-09,INE918Z01012,KAYNES,EQ,3765.0,3969.3,3757.8,3943.7,3930.0,3700.3,3687383,14356960902.6,180898
2026-02-09,INE13ZD01013,KAYTEX,SM,58.0,58.0,57.1,57.1,57.1,57.5,30400,1762320.0,21
2026-02-09,INE0J1E01027,KCK,SM,21.6,22.3,21.5,22.0,22.0,21.6,190000,4128875.0,17
2026-02-09,INE805C01028,KCP,EQ,172.21,183.5,171.99,180.63,179.25,172.21,128076,22776599.88,2572
2026-02-09,INE790B01024,KCPSUGIND,EQ,22.15,22.91,22.15,22.75,22.7,22.31,94534,2142117.0,611
2026-02-09,INE291D01011,KDDL,EQ,2488.6,2560.0,2474.8,2550.7,2557.0,2488.6,8532,21601738.0,1215
2026-02-09,INE389H01022,KEC,EQ,619.0,631.95,616.6,628.8,629.0,615.5,577757,361960110.3,25310
2026-02-09,INE878B01027,KEI,EQ,4489.9,4610.0,4455.7,4599.1,4590.1,4462.6,212259,969649448.9,27216
2026-02-09,INE164B01030,KELLTONTEC,EQ,15.65,16.3,15.65,16.18,16.17,15.65,1625571,25990877.1,4210
2026-02-09,INE15DO01012,KEN,SM,42.95,44.3,42.55,42.7,42.7,43.85,12000,517020.0,10
2026-02-09,INE202H01019,KERNEX,EQ,1216.0,1224.9,1176.0,1183.0,1186.0,1194.2,166650,200033383.3,8968
2026-02-09,INE087A01019,KESORAMIND,BE,8.99,8.99,8.77,8.89,8.86,8.73,751289,6670652.21,1746
2026-02-09,INE401H01017,KKCL,EQ,483.4,498.4,483.4,491.25,494.9,480.85,38169,18710918.6,1972
2026-02-09,INE681C01015,KEYFINSERV,EQ,287.95,298.9,286.6,288.4,292.85,288.45,2025,588012.35,184
2026-02-09,INE263M01029,RUSTOMJEE,EQ,463.15,488.6,460.0,484.65,487.5,462.95,30469,14424687.6,1616
2026-02-09,INE138Y01010,KFINTECH,EQ,974.0,999.4,963.3,995.6,995.6,967.7,796767,785870823.2,24210
2026-02-09,INE834I01025,KHADIM,EQ,166.4,172.1,164.5,169.53,168.02,163.89,81750,13938294.24,2024
2026-02-09,INE731C01018,KHAITANLTD,EQ,101.5,103.0,100.5,101.87,101.26,103.9,1732,176671.0,86
2026-02-09,INE745B01028,KHAICHEM,EQ,64.86,66.99,64.86,66.44,66.02,64.8,349329,23167341.12,2631
2026-02-09,INE060B01014,KHANDSE,EQ,19.0,19.0,18.11,18.9,19.0,18.99,8919,167789.17,79
2026-02-09,INE00UG01014,KHFM,SM,70.0,70.0,70.0,70.0,70.0,72.95,1550,108500.0,1
2026-02-09,INE729D01010,KILITCH,EQ,370.0,372.9,365.0,366.0,366.25,358.45,12057,4439683.75,595
2026-02-09,INE473D01015,KINGFA,EQ,4345.5,4495.9,4212.6,4470.2,4425.0,4261.8,6726,29634435.7,1436
2026-02-09,INE880L01014,KIOCL,EQ,355.25,385.7,354.25,372.6,372.0,352.5,366541,136841423.7,16632
2026-02-09,INE415I01015,KIRIINDUS,EQ,499.7,521.0,494.7,517.85,518.0,492.25,764957,392984114.75,15126
2026-02-09,INE732A01036,KIRLOSBROS,EQ,1614.9,1650.0,1590.3,1617.9,1609.8,1603.6,148151,239936116.7,14382
2026-02-09,INE134B01017,KECL,EQ,86.65,91.99,86.65,90.92,90.15,86.28,126888,11432679.56,2301
2026-02-09,INE250A01039,KIRLOSIND,EQ,3105.3,3282.9,3105.3,3268.4,3275.9,3104.2,3915,12595653.8,1085
2026-02-09,INE146L01010,KIRLOSENG,EQ,1177.9,1223.5,1177.9,1218.5,1215.0,1170.6,192335,233004992.4,31796
2026-02-09,INE811A01020,KIRLPNU,EQ,1148.0,1221.6,1145.0,1179.4,1176.6,1147.6,93683,110198289.5,11910
2026-02-09,INE602G01020,KITEX,EQ,215.95,221.86,214.15,216.08,214.97,208.86,4473932,969839583.03,27907
2026-02-09,INE0KNW01016,KNAGRI,EQ,174.0,177.04,168.2,168.56,168.2,170.08,4294,732822.31,190
2026-02-09,INE0CJD01029,KMEW,EQ,1719.9,1790.0,1711.0,1777.5,1777.5,1711.5,118219,207597597.5,11915
2026-02-09,INE1JAR25012,KRT,RR,124.66,127.8,123.91,127.28,126.99,123.69,625529,78838894.78,17095
2026-02-09,INE634I01029,KNRCON,EQ,148.0,151.09,145.9,146.76,146.49,152.14,2071928,307113576.4,31426
2026-02-09,INE0Q7P01013,KODYTECH,ST,760.0,789.6,760.0,789.6,789.6,752.0,3100,2435480.0,31
2026-02-09,INE080B01012,KOHINOOR,EQ,26.52,26.52,25.17,25.82,25.75,25.78,149800,3845542.22,2703
2026-02-09,INE760A01029,KOKUYOCMLN,EQ,84.02,86.64,83.2,84.07,84.3,83.81,53794,4557381.58,983
2026-02-09,INE094I01018,KOLTEPATIL,EQ,366.4,369.0,354.15,361.0,367.05,366.4,263268,95228591.2,4806
2026-02-09,INE0QEI01011,KONSTELEC,SM,41.8,43.95,41.35,43.95,43.95,41.95,12000,514400.0,12
2026-02-09,INE0KZ301010,KONTOR,SM,62.0,67.8,62.0,63.55,63.55,60.0,10800,687210.0,7
2026-02-09,INE082A01010,KOPRAN,EQ,141.0,144.38,141.0,142.14,142.0,140.07,143331,20452562.62,2024
2026-02-09,INE0O4R01018,KDL,ST,142.55,146.65,135.45,137.85,145.0,142.55,115500,15778290.0,325
2026-02-09,INF174KA1HJ8,GOLD1,EQ,129.02,131.49,125.88,129.47,129.0,125.88,5414951,700282934.03,16503
2026-02-09,INE237A01036,KOTAKBANK,EQ,430.0,434.9,424.2,428.8,427.75,422.35,22538542,9656198886.95,206232
2026-02-09,INF174K014P6,NIFTY1,EQ,290.65,290.65,281.5,285.53,284.75,283.57,201609,57504225.74,2039
2026-02-09,INF373I01023,PSUBANK,EQ,900.31,916.95,900.31,915.2,914.53,886.44,33431,30542196.38,1149
2026-02-09,INF174KA1XV0,CHEMICAL,EQ,28.55,29.34,28.49,29.04,29.12,28.34,267702,7718745.57,909
2026-02-09,INF174KA1IA5,ALPHA,EQ,47.62,48.59,47.62,48.5,48.5,47.62,1133696,54792534.42,3296
2026-02-09,INF174KA1JE5,CONS,EQ,121.25,121.85,121.0,121.72,121.67,121.24,5532,670598.24,69
2026-02-09,INF174KA1GC5,IT,EQ,39.28,39.77,39.01,39.24,39.64,39.28,333733,13100411.61,1371
2026-02-09,INF174KA1LV5,LIQUID1,EQ,1094.99,1094.99,1090.56,1090.57,1090.57,1090.44,300762,328002440.39,535
2026-02-09,INF174KA1IY5,LOWVOL1,EQ,21.93,21.93,21.6,21.71,21.62,21.5,61197,1326168.82,182
2026-02-09,INF174KA1IB3,MIDCAP,EQ,175.98,175.99,174.06,175.82,175.97,173.99,58755,10301799.47,913
2026-02-09,INF174KA1JF2,MNC,EQ,31.71,31.85,31.61,31.8,31.83,31.7,111147,3527714.55,700
2026-02-09,INF174KA1KU9,SILVER1,EQ,245.66,250.0,244.12,249.2,247.34,227.84,2750025,679667110.71,18386
2026-02-09,INF174K01Z71,NV20,EQ,155.56,155.56,154.65,154.89,155.05,154.76,10174,1576645.29,251
2026-02-09,INF174KA1VW2,MID150,EQ,22.46,22.67,22.35,22.49,22.5,22.34,47018,1056611.75,247
2026-02-09,INF174KA1XS6,MOMENTUM30,EQ,31.63,31.63,30.95,31.28,30.95,30.86,11701,365493.4,106
2026-02-09,INF174KA1VD2,MSCIINDIA,EQ,30.75,31.33,30.3,30.73,30.3,30.6,46053,1416033.45,133
2026-02-09,INF174KA1YO3,NEXT50ETF,EQ,71.15,71.15,69.22,70.11,71.14,69.35,51388,3597472.0,97
2026-02-09,INF174KA1UW4,NIFTY100EW,EQ,34.13,34.74,34.02,34.4,34.48,33.96,22509,772727.23,185
2026-02-09,INF174KA1WT6,QUALITY30,EQ,20.74,21.5,20.74,21.2,21.27,20.97,7439,157253.96,60
2026-02-09,INF174K01F59,BANKNIFTY1,EQ,626.4,630.4,623.12,625.86,626.7,620.4,29835,18682483.09,746
2026-02-09,INE720A01015,KOTHARIPET,EQ,120.1,123.2,120.0,122.84,122.95,120.85,25861,3162264.37,783
2026-02-09,INE823A01017,KOTHARIPRO,EQ,73.9,73.9,69.25,71.83,71.3,67.57,20220,1448871.84,438
2026-02-09,INE419A01022,KOTARISUG,EQ,26.05,27.13,25.63,26.69,26.84,26.03,32893,867544.17,528
2026-02-09,INE0J0B01017,KOTYARK,SM,214.0,220.5,210.05,216.5,220.0,209.0,13200,2853610.0,79
2026-02-09,INE542W01025,KPIGREEN,EQ,404.85,429.3,402.5,418.9,419.0,402.0,1729752,724286653.35,35219
2026-02-09,INE04I401011,KPITTECH,EQ,959.0,971.2,955.0,964.0,964.5,958.4,960204,925693906.4,26617
2026-02-09,INE930H01031,KPRMILL,EQ,999.1,1013.6,972.0,978.85,978.0,977.3,1078295,1068385503.3,49225
2026-02-09,INE001B01026,KRBL,EQ,368.1,378.6,365.45,371.4,371.3,364.15,592509,221058177.1,14858
2026-02-09,INE268B01013,KREBSBIO,EQ,57.13,61.9,55.34,56.58,55.34,57.41,114707,6717878.24,203
2026-02-09,INE524L01026,KRIDHANINF,EQ,3.91,3.99,3.83,3.85,3.83,3.91,83081,324241.35,139
2026-02-09,INE506W01012,KRISHANA,EQ,498.95,509.0,493.0,502.1,502.0,492.1,147745,74369883.5,2947
2026-02-09,INE0NR701018,KRISHCA,SM,185.9,187.0,177.5,180.7,177.55,185.9,37500,6843475.0,53
2026-02-09,INE0GGO01015,KRISHIVAL,EQ,330.15,340.0,329.85,336.95,340.0,325.65,5696,1902750.55,285
2026-02-09,IN90GGO01013,KRISHPP,E1,108.0,109.0,108.0,108.0,108.0,108.9,179,19337.0,6
2026-02-09,INE0J5601015,KRISHNADEF,EQ,932.5,1000.0,932.5,986.6,990.0,930.9,105910,103592236.7,7861
2026-02-09,INE967H01025,KIMS,EQ,594.0,651.5,589.55,646.65,649.0,595.15,1607892,1017105696.65,66250
2026-02-09,INE479D01038,KRITI,EQ,85.0,87.75,85.0,87.44,87.6,83.0,112356,9804226.71,697
2026-02-09,INE798K01010,KRITINUT,EQ,75.8,77.55,73.11,74.07,74.02,74.69,21670,1632766.2,1570
2026-02-09,INE00Z501029,KRITIKA,EQ,6.54,6.7,6.54,6.63,6.64,6.54,149153,990830.42,552
2026-02-09,INE1MTV01019,KRMAYURVED,ST,180.0,185.5,180.0,185.5,185.5,176.7,56000,10294300.0,53
2026-02-09,INE0Q3J01015,KRN,EQ,698.0,739.0,688.0,725.6,723.25,673.05,841850,607753836.2,30692
2026-02-09,INE0ATZ01017,KRONOX,EQ,124.16,130.16,123.84,128.8,128.56,123.76,71194,9115844.25,1341
2026-02-09,INE0O6601022,KROSS,EQ,206.6,219.0,206.6,215.39,215.0,205.5,665601,143149245.76,12551
2026-02-09,INE08LI01020,KRSNAA,EQ,700.8,703.65,672.3,699.5,700.0,700.8,175544,121993027.75,9621
2026-02-09,INE0QN801017,KRYSTAL,EQ,605.0,624.9,605.0,614.4,612.65,603.75,14312,8814656.5,619
2026-02-09,INE999A01023,KSB,EQ,711.7,738.0,707.05,730.2,729.2,708.0,70476,51098655.4,5197
2026-02-09,INE987S01020,KSHINTL,EQ,360.0,373.9,350.6,366.95,368.7,377.85,384289,140273751.65,10565
2026-02-09,INE013801027,KSHITIJPOL,EQ,2.2,2.34,2.16,2.27,2.34,2.16,206450,461749.36,344
2026-02-09,INE0D6I01023,KSOLVES,EQ,257.9,297.05,256.2,293.35,289.0,257.7,400231,115617582.8,10137
2026-02-09,INE1SPP01016,KSR,BE,26.5,28.33,26.2,28.32,28.33,26.99,65534,1814010.51,233
2026-02-09,INE529I01021,KUANTUM,EQ,89.0,91.04,88.34,89.73,89.85,87.73,28119,2517633.43,437
2026-02-09,INE498L01015,LTF,EQ,289.4,297.3,287.5,296.85,296.5,285.3,4735377,1394301467.05,79521
2026-02-09,INE010V01017,LTTS,EQ,3880.0,3908.0,3850.0,3901.0,3900.0,3855.8,41843,162665010.2,8388
2026-02-09,INE059D01020,LAOPALA,EQ,201.9,206.95,199.05,204.99,205.0,201.0,54080,11028576.09,2174
2026-02-09,INE548Z01017,LAGNAM,EQ,79.62,83.0,78.35,79.91,79.5,74.62,29314,2358815.81,552
2026-02-09,INE850E01012,LFIC,EQ,152.99,152.99,141.51,149.5,146.12,146.72,3523,522504.81,155
2026-02-09,INE651C01018,LAKPRE,BZ,5.64,5.64,5.16,5.16,5.16,5.38,5170,27250.07,13
2026-02-09,INE0VZS01015,LAKSHYA,SM,113.0,117.0,112.6,117.0,117.0,119.5,11200,1294360.0,14
2026-02-09,INE112F01022,LAMBODHARA,EQ,115.5,125.94,115.5,117.65,117.06,115.35,33293,4021661.76,470
2026-02-09,INE572G01025,LANCORHOL,BE,29.75,30.2,28.27,29.97,30.2,29.75,73303,2141998.72,155
2026-02-09,INE559R01029,LANDMARK,EQ,413.85,439.0,411.65,427.8,429.0,411.75,83483,35814624.4,5895
2026-02-09,INE197J01017,LPDC,EQ,6.69,6.72,6.13,6.62,6.6,6.63,32694,212805.55,269
2026-02-09,INE018A01030,LT,EQ,4073.9,4124.7,4062.4,4113.6,4109.0,4068.1,1830267,7519221108.3,92278
2026-02-09,INE670X01014,LASA,EQ,8.87,9.07,8.3,8.94,8.96,8.87,19628,171704.83,168
2026-02-09,INE0I7C01011,LATENTVIEW,EQ,430.0,430.9,421.25,422.85,422.7,426.95,324689,137762422.25,10807
2026-02-09,INE262Z01023,LATTEYS,EQ,21.5,23.0,20.85,22.02,22.34,21.38,39600,857981.87,293
2026-02-09,INE947Q01028,LAURUSLABS,EQ,958.0,988.2,949.15,985.5,986.15,950.55,1493978,1454619403.4,36856
2026-02-09,INE801V01019,LAXMICOT,EQ,14.26,14.29,13.9,14.17,14.28,13.73,12124,170944.08,129
2026-02-09,INE0WO601020,LAXMIDENTL,EQ,204.9,224.0,203.0,221.37,224.0,203.28,278495,60527439.83,7331
2026-02-09,INE258Y01016,LGHL,EQ,292.45,305.45,291.1,297.95,291.5,299.3,87960,26444869.95,720
2026-02-09,INE06WU01026,LAXMIINDIA,EQ,92.8,104.5,92.12,100.12,100.5,90.97,3793816,366645836.89,14686
2026-02-09,INE576O01020,LXCHEM,EQ,145.8,155.39,144.24,152.95,152.59,143.03,905400,137643879.27,12621
2026-02-09,INE938A01021,LCCINFOTEC,BE,5.25,5.51,5.2,5.49,5.51,5.25,182327,1001728.69,143
2026-02-09,INE0G1L01017,LEMERITE,EQ,468.9,476.55,455.0,467.6,469.95,468.9,73438,34022061.9,1080
2026-02-09,INE0HV901016,IXIGO,EQ,215.9,218.88,210.51,214.88,215.24,213.14,1333968,287595238.38,25165
2026-02-09,INE0H4B01011,LRRPL,SM,65.95,66.15,65.95,66.15,66.15,63.0,6000,396150.0,4
2026-02-09,INE0AQ201015,THELEELA,EQ,434.05,444.0,428.8,442.8,443.15,433.7,113922,49883339.6,7054
2026-02-09,INE970X01018,LEMONTREE,EQ,127.9,130.79,125.55,129.75,129.7,126.21,6385111,824386456.87,54370
2026-02-09,INE956O01016,LENSKART,EQ,457.3,468.95,454.5,463.95,465.0,457.3,1925640,890469482.2,42218
2026-02-09,INE500X01013,LEXUS,EQ,27.99,32.36,27.51,31.95,31.51,26.97,552149,17741431.38,1425
2026-02-09,INE337A01034,LGBBROSLTD,EQ,1861.5,1873.0,1753.8,1829.4,1835.1,1868.8,86090,157282443.4,11336
2026-02-09,INE324D01010,LGEINDIA,EQ,1502.8,1524.7,1493.0,1521.3,1522.0,1502.8,541292,819804472.7,32831
2026-02-09,INE908V01012,LIBAS,EQ,11.79,11.79,11.24,11.5,11.77,11.56,36239,413669.94,224
2026-02-09,INE557B01019,LIBERTSHOE,EQ,278.0,290.89,271.92,284.84,284.5,271.65,128072,36573634.29,2936
2026-02-09,INE115A01026,LICHSGFIN,EQ,518.0,526.75,516.0,523.65,523.75,518.1,4862988,2536789278.7,58417
2026-02-09,INF397L01554,LICMFGOLD,EQ,13800.0,14376.15,13763.0,13986.55,13980.0,13627.85,6546,91876092.8,1233
2026-02-09,INF767K01OS7,LICNETFN50,EQ,293.04,293.04,286.77,288.16,288.18,285.9,641,184552.58,57
2026-02-09,INF767K01OT5,LICNETFSEN,EQ,944.76,945.42,938.72,939.97,939.97,940.06,122,114730.79,10
2026-02-09,INF767K01PC8,LICNFNHGP,EQ,288.37,289.29,286.94,287.77,287.77,286.94,117,33689.55,25
2026-02-09,INF767K01MV5,LICNETFGSC,EQ,28.7,28.86,28.61,28.63,28.65,28.7,50606,1449197.03,222
2026-02-09,INF767K01RN1,LICNMID100,EQ,59.97,60.86,59.96,60.68,60.49,59.65,5998,362702.37,158
2026-02-09,INE0J1Y01017,LICI,EQ,901.95,908.0,884.25,895.45,895.0,901.85,2324112,2080067183.0,55955
2026-02-09,INE060901027,LIKHITHA,EQ,167.3,173.69,167.11,172.01,170.93,167.01,43541,7467362.06,1180
2026-02-09,INE802B01027,LINC,EQ,115.1,116.86,111.61,114.23,115.0,113.39,32569,3727255.06,769
2026-02-09,INE405C01035,LINCOLN,EQ,460.2,496.25,460.2,493.9,495.0,459.8,27782,13539766.35,1992
2026-02-09,INE473A01011,LINDEINDIA,EQ,6094.0,6325.0,6094.0,6292.5,6280.0,6063.0,59564,371914037.0,12142
2026-02-09,INE093R01011,LLOYDSENGG,EQ,52.2,54.39,52.2,53.82,53.93,51.22,7865805,422032604.94,29334
2026-02-09,INE080I01025,LLOYDSENT,EQ,61.0,62.85,57.71,58.49,58.97,59.95,4409639,264339651.72,26188
2026-02-09,INE0DTQ01028,LLOYDS,SM,64.95,64.95,58.75,59.5,59.5,59.0,11000,655200.0,5
2026-02-09,INE281B01032,LLOYDSME,EQ,1270.9,1284.9,1252.2,1258.2,1256.0,1261.3,277312,351528960.9,16140
2026-02-09,INE269B01029,LMW,EQ,15792.0,16100.0,15483.0,15932.0,15970.0,15536.0,3990,63265894.0,1542
2026-02-09,INE670K01029,LODHA,EQ,1065.0,1095.0,1056.55,1090.4,1084.8,1055.1,1350887,1462113634.0,30344
2026-02-09,INE397H01017,LOKESHMACH,EQ,173.9,181.0,171.13,179.68,180.9,170.6,71301,12722453.2,3879
2026-02-09,INE846D01012,LORDSCHLO,EQ,156.0,161.0,150.4,154.05,154.08,154.33,25385,3943790.27,611
2026-02-09,INE740X01023,LAL,EQ,8.18,8.49,8.04,8.25,8.25,8.18,32135,264083.79,164
2026-02-09,INE947I01017,LOTUSEYE,EQ,117.3,123.94,117.3,122.82,122.9,122.18,4670,572788.71,195
2026-02-09,INE597L01014,LOVABLE,EQ,74.72,82.45,74.26,80.69,79.0,74.72,61758,4949561.01,996
2026-02-09,INE970D01010,LOYALTEX,EQ,320.51,333.99,306.0,310.56,308.65,314.79,36878,11691068.59,1339
2026-02-09,INE818H01020,LTFOODS,EQ,405.0,424.0,402.6,422.55,423.15,400.6,1439103,602172470.3,40121
2026-02-09,INE214T01019,LTIM,EQ,5561.5,5660.5,5561.5,5626.5,5627.5,5561.5,147369,827904961.0,17462
2026-02-09,INE872H01027,LUMAXTECH,EQ,1476.1,1557.3,1476.1,1548.4,1537.3,1476.1,179268,274450463.4,16405
2026-02-09,INE162B01018,LUMAXIND,EQ,4960.0,5149.0,4960.0,5113.6,5135.0,4906.6,13115,66582880.4,3869
2026-02-09,INE326A01037,LUPIN,EQ,2189.9,2215.5,2168.5,2196.8,2208.7,2173.7,619264,1357836693.4,28487
2026-02-09,INE150G01020,LUXIND,EQ,986.0,1055.0,982.0,1035.95,1038.0,978.75,383870,391223897.65,6839
2026-02-09,INE933A01014,LYKALABS,EQ,73.0,73.85,68.25,70.09,70.5,70.64,29217,2056630.72,426
2026-02-09,INE142K01011,LYPSAGEMS,EQ,5.33,5.95,5.33,5.69,5.7,5.33,128501,718980.8,910
2026-02-09,INE08N601015,MBEL,EQ,368.85,385.0,332.65,351.25,349.95,364.5,1105441,394002332.85,29221
2026-02-09,INE964W01021,MKPL,EQ,5.3,5.75,5.21,5.45,5.34,5.2,194694,1050051.69,679
2026-02-09,INE774D01024,M&MFIN,EQ,380.45,391.0,375.05,389.9,389.0,380.45,2045538,787418118.15,44482
2026-02-09,INE0SGC01015,MVKAGRO,SM,650.0,650.0,610.0,611.0,611.0,610.1,25200,15460110.0,18
2026-02-09,INE215I01027,MAANALU,BE,151.04,154.8,146.15,152.31,152.11,150.29,59405,9024282.46,457
2026-02-09,INE0R0J01010,MACOBSTECH,SM,211.5,213.5,211.0,213.5,213.5,212.0,19200,4095600.0,3
2026-02-09,INE155Z01011,MACPOWER,EQ,855.0,867.15,829.0,847.5,847.0,837.4,18548,15768405.6,1653
2026-02-09,INE813V01022,MCL,BE,74.64,74.64,74.64,74.64,74.64,76.16,32554,2429830.56,611
2026-02-09,INE925C01016,MADHAV,EQ,37.9,37.9,36.51,36.91,36.56,36.93,3250,120531.82,61
2026-02-09,INE378D01032,MADHUCON,EQ,5.24,5.24,4.93,5.04,5.07,5.03,27615,138940.54,132
2026-02-09,INE0P6701019,MADHUSUDAN,SM,135.0,136.2,133.1,133.1,133.1,135.0,7000,944300.0,5
2026-02-09,INE900L01010,MBAPL,EQ,447.8,461.5,445.2,452.55,448.25,442.2,711214,323657738.6,13269
2026-02-09,INE414A01015,MADRASFERT,EQ,73.0,74.48,72.38,74.16,74.0,71.97,88432,6529666.58,1138
2026-02-09,INE347W01011,MAGADSUGAR,EQ,450.0,455.6,444.15,447.55,447.1,447.25,9518,4276380.0,671
2026-02-09,INE613C01026,MCLOUD,EQ,25.6,26.49,25.02,26.42,26.47,25.23,7547187,195984851.47,8216
2026-02-09,INE387I01016,MAGNUM,EQ,21.56,22.11,21.3,21.94,22.1,21.45,47012,1026149.3,260
2026-02-09,INE0O1S01012,MAGSON,SM,140.0,140.0,139.9,140.0,140.0,137.6,177000,24779900.0,6
2026-02-09,INE843B01013,MAHAPEXLTD,EQ,98.0,98.9,92.2,94.22,92.35,96.89,4603,441934.43,206
2026-02-09,INE0US801024,MFML,EQ,25.9,25.9,24.75,25.23,25.0,25.04,5037,126767.94,92
2026-02-09,INE112D01035,MHLXMIRU,EQ,195.21,199.0,192.0,196.85,196.9,195.2,203884,40129523.14,145
2026-02-09,INE451L01014,MAHASTEEL,BE,687.7,687.7,687.7,687.7,687.7,701.7,42246,29052574.2,88
2026-02-09,INE002S01010,MGL,EQ,1148.5,1188.9,1145.0,1181.2,1178.0,1152.6,560433,657258286.5,34593
2026-02-09,INE153A01019,MTNL,EQ,31.88,33.4,31.39,32.99,32.9,31.18,2322006,76208525.06,8958
2026-02-09,INE288A01013,MAHSCOOTER,EQ,13650.0,13999.0,13616.0,13953.0,13926.0,13567.0,3471,48142371.0,1571
2026-02-09,INE271B01025,MAHSEAMLES,EQ,526.65,544.75,524.65,541.7,541.8,526.7,114162,61200624.85,6132
2026-02-09,INE632Q01018,MRIL,SM,53.0,53.0,53.0,53.0,53.0,53.0,1600,84800.0,1
2026-02-09,INE263W01010,MAHESHWARI,EQ,46.5,47.7,45.05,45.48,45.35,46.27,61414,2818590.17,628
2026-02-09,INE961Y01015,MAHICKRA,SM,168.9,168.9,160.0,160.8,160.5,165.65,61500,9937087.5,33
2026-02-09,INE101A01026,M&M,EQ,3593.8,3619.1,3557.1,3609.6,3616.0,3578.0,1294690,4664267168.2,79678
2026-02-09,INE215D01010,MAHEPC,EQ,121.15,123.24,120.3,121.9,121.61,121.09,39466,4806273.06,941
2026-02-09,INE998I01010,MHRIL,EQ,295.75,308.95,293.4,307.15,306.55,293.7,104423,31557568.85,3817
2026-02-09,INE813A01018,MAHLIFE,EQ,370.0,381.65,368.85,376.65,378.0,369.4,151572,57026712.55,7195
2026-02-09,INE766P01016,MAHLOG,EQ,365.0,378.0,360.0,374.55,375.0,362.65,645843,240006950.55,7968
2026-02-09,INE683C01011,MAITHANALL,EQ,1028.7,1064.9,1018.7,1053.9,1054.3,1018.7,46777,49042271.8,4592
2026-02-09,INE389C01015,MALLCOM,EQ,1200.0,1228.2,1200.0,1216.2,1212.0,1192.2,4806,5861366.9,685
2026-02-09,INE383H01017,MALUPAPER,EQ,34.0,34.0,32.91,33.12,32.95,33.27,4343,143864.67,74
2026-02-09,INE0TO701015,MAMATA,EQ,429.0,438.0,425.0,435.95,436.5,429.0,106666,46176706.25,4380
2026-02-09,INE830Q01018,MANAKCOAT,EQ,124.67,125.9,121.6,124.76,124.0,121.55,107164,13315553.2,1383
2026-02-09,INE993A01026,MANINDS,EQ,374.2,397.4,367.8,383.4,383.35,363.35,2254750,864272080.65,44679
2026-02-09,INE949H01023,MANINFRA,EQ,116.0,121.29,116.0,120.13,120.2,115.37,474080,56457980.01,4145
2026-02-09,INE859Q01017,MANAKALUCO,BE,31.16,31.78,30.21,30.21,30.21,31.79,412505,12596217.78,1461
2026-02-09,INE015D01022,MANAKSIA,EQ,64.0,65.2,63.96,65.01,64.85,63.96,21168,1372205.82,318
2026-02-09,INE824Q01011,MANAKSTEEL,EQ,64.8,66.8,63.55,65.84,66.5,62.19,66013,4309555.73,1067
2026-02-09,INE201A01024,MANALIPETC,EQ,58.26,61.49,58.25,59.91,60.22,58.26,240677,14392940.88,1597
2026-02-09,INE522D01027,MANAPPURAM,EQ,302.65,307.9,300.4,306.7,306.0,300.9,5004499,1527853528.15,41551
2026-02-09,INE104Y01012,MANAV,SM,29.9,31.35,29.9,31.35,31.35,29.9,12000,370200.0,3
2026-02-09,INE939X01013,MANBA,EQ,129.67,129.67,127.0,128.38,129.0,128.75,34299,4394170.01,710
2026-02-09,INE0R3T01013,MANDEEP,SM,20.45,20.45,20.45,20.45,20.45,19.5,6000,122700.0,3
2026-02-09,INE545L01039,MANCREDIT,EQ,162.99,163.05,156.58,158.38,157.1,160.19,22984,3684720.06,472
2026-02-09,INE0PKD01011,MEIL,EQ,270.0,279.4,265.8,278.35,278.6,266.2,81689,22416191.85,4559
2026-02-09,INE00C401011,MAL,SM,47.6,47.6,46.3,46.35,46.3,47.6,4800,224560.0,3
2026-02-09,INE347A01017,MANGLMCEM,EQ,789.0,816.0,785.0,793.7,788.7,783.4,114095,91283010.75,4764
2026-02-09,INE584F01014,MANGALAM,BE,34.0,35.1,33.96,34.08,33.96,35.74,236161,8100444.64,1003
2026-02-09,INE0APB01032,MGEL,EQ,11.97,12.5,11.95,12.35,12.4,11.9,272739,3318530.28,719
2026-02-09,INE370D01013,MANORG,EQ,444.5,444.5,425.95,438.35,437.0,434.35,4719,2052432.3,383
2026-02-09,INE0JYY01011,MWL,EQ,275.0,278.5,269.35,273.5,277.0,274.55,52865,14402686.85,871
2026-02-09,INE0R3101011,MIEL,SM,16.0,16.0,15.7,15.75,15.75,16.5,6000,94900.0,3
2026-02-09,INE634S01028,MANKIND,EQ,2074.5,2089.0,2055.3,2081.9,2084.0,2060.2,224975,467765062.7,16962
2026-02-09,INE0KNT01012,MVGJL,EQ,178.0,190.0,175.46,188.26,187.85,173.52,227934,42042785.27,5021
2026-02-09,INE784W01015,MANOMAY,BE,220.0,224.95,216.1,221.61,221.65,218.68,1989,440755.09,45
2026-02-09,INE00VM01036,MANORAMA,EQ,1415.0,1455.5,1413.1,1446.0,1455.5,1408.0,139048,200011282.9,12232
2026-02-09,INE867A01022,MANUGRAPH,EQ,15.53,15.83,15.31,15.45,15.45,15.61,2325,35937.17,38
2026-02-09,INE882A01013,MARALOVER,EQ,44.8,45.85,42.02,45.57,45.65,44.34,28126,1255448.34,303
2026-02-09,INE182D01020,MARATHON,EQ,497.8,508.0,495.3,502.7,501.2,495.15,31739,15940956.75,1301
2026-02-09,INE0TD401015,MARC,SM,51.25,56.35,51.1,53.4,52.8,52.5,160800,8591400.0,84
2026-02-09,INE0QP001012,MARCO,SM,30.95,31.45,30.0,30.05,30.05,29.95,9000,277050.0,6
2026-02-09,INE196A01026,MARICO,EQ,758.0,758.0,751.1,754.85,753.0,752.75,1609570,1214672329.1,46232
2026-02-09,INE01JE01028,MARINE,EQ,193.91,202.02,189.21,198.57,197.0,188.14,483315,95688443.35,7823
2026-02-09,INE0P1P01017,MARINETRAN,ST,19.85,20.7,19.85,20.7,20.7,19.85,8000,162200.0,2
2026-02-09,INE0FW001016,MARKOLINES,EQ,158.0,161.25,156.17,160.19,158.94,156.88,573138,91231978.12,4247
2026-02-09,INE750C01026,MARKSANS,EQ,180.07,189.41,178.0,186.6,186.7,177.36,1224752,228152481.63,22269
2026-02-09,INE585B01010,MARUTI,EQ,15125.0,15126.0,14905.0,14978.0,14980.0,14997.0,200034,2997097685.0,35504
2026-02-09,INE575Z01010,MDL,SM,53.1,58.75,53.1,57.0,57.0,50.5,13000,735000.0,11
2026-02-09,INE348L01012,MASFIN,EQ,322.65,333.75,317.45,332.0,329.05,324.45,154853,50663391.35,6734
2026-02-09,INE885F01015,MASKINVEST,EQ,146.03,146.75,145.0,145.38,145.25,146.03,68,9883.38,8
2026-02-09,INE0SH001010,MASON,SM,182.0,182.0,173.1,174.5,173.1,180.0,6500,1146750.0,12
2026-02-09,INE759A01021,MASTEK,EQ,2029.8,2040.0,1960.0,1970.8,1966.1,2015.4,138160,274092059.9,11010
2026-02-09,INE0OJM01017,MASTER,SM,310.0,310.0,310.0,310.0,310.0,315.0,500,155000.0,1
2026-02-09,INE677D01037,MASTERTR,EQ,88.24,95.89,88.0,93.46,93.25,88.09,178823,16652370.36,3018
2026-02-09,INE866R01028,MATRIMONY,EQ,530.25,547.35,527.0,540.3,538.4,528.4,25105,13510822.15,1254
2026-02-09,INE132901013,MGSL,SM,78.55,81.5,78.5,80.0,80.0,83.0,12000,957840.0,9
2026-02-09,INE636A01039,MAWANASUG,EQ,79.99,80.8,79.29,80.6,80.6,78.89,52563,4220599.98,565
2026-02-09,INE03EI01018,MAXESTATES,EQ,380.0,409.0,374.7,406.15,404.5,380.45,296489,117624519.1,8986
2026-02-09,INE180A01020,MFSL,EQ,1712.0,1756.4,1707.0,1753.2,1753.9,1704.6,914516,1582158349.5,39310
2026-02-09,INE027H01010,MAXHEALTH,EQ,1040.05,1042.4,1007.6,1010.0,1010.5,1039.85,3235020,3298034542.35,53620
2026-02-09,INE0CG601016,MAXIND,EQ,158.1,173.46,158.1,169.54,169.0,163.07,34371,5776264.91,969
2026-02-09,INE0ECC01022,MAXPOSURE,SM,39.0,39.0,38.6,38.8,38.8,38.9,3000,116400.0,3
2026-02-09,INE10A501018,MAXVOLT,ST,311.95,323.0,297.25,309.4,310.0,312.85,77600,23654800.0,81
2026-02-09,INE0ZTO01018,MAYASHEEL,SM,50.2,50.2,50.2,50.2,50.2,49.15,15000,753000.0,1
2026-02-09,INE040D01038,MAYURUNIQ,EQ,581.0,597.0,578.35,583.0,587.7,575.45,180612,106532405.25,5870
2026-02-09,INE249Z01020,MAZDOCK,EQ,2429.0,2498.9,2419.0,2472.5,2475.0,2402.4,1303088,3222423478.6,53264
2026-02-09,INE885E01042,MAZDA,EQ,219.4,220.79,213.27,217.81,217.11,212.1,9816,2133743.12,464
2026-02-09,INE912H01013,MBLINFRA,EQ,26.84,28.98,26.7,28.42,27.0,26.84,69756,1955163.04,1189
2026-02-09,INE942G01012,MCLEODRUSS,EQ,42.9,46.36,42.3,46.03,46.15,42.15,883430,40456339.52,2543
2026-02-09,INE0O4M01019,MCON,ST,51.35,51.35,50.4,50.4,50.4,53.05,6000,304050.0,6
2026-02-09,INE456Z01021,MEDIASSIST,EQ,399.55,428.8,395.05,421.25,420.0,403.65,207884,86592875.15,10808
2026-02-09,INE646B01010,MEDICAMEQ,EQ,350.0,366.0,347.2,361.1,360.2,349.55,16813,6063762.15,891
2026-02-09,INE0PE401018,MEDIORG,SM,26.25,26.25,26.25,26.25,26.25,25.0,4000,105000.0,2
2026-02-09,INE630Y01024,MEDICO,EQ,47.68,48.93,47.68,48.23,48.35,47.81,167176,8063383.82,1263
2026-02-09,INE0UOY01019,MEDISTEP,SM,23.8,23.9,21.0,22.4,22.4,22.8,18000,409800.0,6
2026-02-09,INE804L01022,MEDPLUS,EQ,868.3,887.95,848.05,870.45,873.0,868.9,741829,644775067.0,17545
2026-02-09,INE0VDM01015,MEESHO,EQ,154.3,159.39,154.3,156.93,156.5,154.26,2558058,403011649.51,26231
2026-02-09,INE0G1D01014,MEGAFLEX,ST,117.4,117.5,117.4,117.5,117.5,114.0,6000,704700.0,2
2026-02-09,INE00EM01016,MEGASTAR,BE,242.9,242.9,227.1,232.88,234.0,238.14,2457,576984.35,42
2026-02-09,INE531R01010,MEGATHERM,SM,222.0,229.5,216.05,225.3,225.3,216.0,7200,1605420.0,15
2026-02-09,INE0CT101020,MOL,EQ,54.0,57.29,53.71,55.56,55.31,53.39,1453972,81085885.44,6407
2026-02-09,INE071D01033,MENONBE,EQ,117.1,123.8,116.15,122.51,123.0,116.26,95387,11437406.82,2225
2026-02-09,INE776I01010,MEP,BZ,1.27,1.31,1.27,1.28,1.29,1.29,84734,109165.33,100
2026-02-09,INE317I01021,METROBRAND,EQ,1045.5,1074.4,1040.2,1050.9,1045.1,1035.7,63845,67526095.3,6307
2026-02-09,INE112L01020,METROPOLIS,EQ,2007.5,2015.0,1970.1,1999.4,1993.0,1986.9,42586,84918684.1,10042
2026-02-09,INE287C01037,MICEL,EQ,40.88,42.09,40.51,42.09,42.09,40.09,872530,36200543.61,4417
2026-02-09,INE0PZK01014,MICROPRO,SM,19.95,19.95,19.95,19.95,19.95,19.3,1600,31920.0,1
2026-02-09,INE0XAD01024,MIDWESTLTD,EQ,1593.6,1593.6,1545.0,1561.4,1553.0,1546.8,56520,88240045.6,5371
2026-02-09,INE376Y01016,MILTON,ST,47.5,47.5,47.5,47.5,47.5,50.0,8800,418000.0,2
2026-02-09,INE842C01021,MINDACORP,EQ,588.95,591.1,580.6,589.05,587.25,584.2,301374,176613024.95,19737
2026-02-09,INE0CCU25019,MINDSPACE,RR,500.0,501.33,486.1,491.81,496.5,494.45,240573,119522915.12,10258
2026-02-09,INE110B01017,MINDTECK,EQ,218.03,222.2,215.0,215.22,215.6,218.03,48112,10454587.12,1585
2026-02-09,INF769K01KU7,ALPHAETF,EQ,25.58,25.82,25.14,25.48,25.44,25.03,791490,20115696.27,1215
2026-02-09,INF769K01KR3,BANKETF,EQ,614.61,616.47,613.52,615.67,616.0,609.79,10813,6649196.69,168
2026-02-09,INF769K01LZ4,BANKPSU,EQ,92.1,92.35,91.5,92.08,92.18,89.05,65572,6035846.47,368
2026-02-09,INF769K01NS5,CONSUMER,EQ,11.7,11.7,11.46,11.59,11.58,11.42,193140,2233669.73,501
2026-02-09,INF769K01PY8,DIVIDEND,EQ,37.42,37.42,37.09,37.28,37.28,37.16,22760,846417.87,89
2026-02-09,INF769K01PR2,ENERGY,EQ,37.57,37.57,36.43,36.66,36.6,36.51,9270255,338626535.39,1894
2026-02-09,INF769K01OA1,EQUAL200,EQ,13.41,13.51,13.38,13.49,13.51,13.35,22840,307512.68,103
2026-02-09,INF769K01OO2,EQUAL50,EQ,335.64,338.14,335.64,338.1,337.95,333.89,523,176639.98,16
2026-02-09,INF769K01LQ3,EVINDIA,EQ,30.56,30.9,30.51,30.83,30.88,30.41,187211,5757719.81,1916
2026-02-09,INF769K01PB6,INTERNET,EQ,13.23,13.23,13.02,13.15,13.15,12.91,36463,477994.66,216
2026-02-09,INF769K01KV5,ITETF,EQ,37.8,37.94,37.37,37.45,37.48,37.46,531332,19928975.9,1305
2026-02-09,INF769K01KS1,LIQUID,EQ,999.99,1000.0,999.99,999.99,999.99,999.99,155157,155156123.37,160
2026-02-09,INF769K01MY5,LIQUIDPLUS,EQ,1075.8,1075.8,1071.92,1071.92,1071.94,1071.8,4572141,4901059765.71,429
2026-02-09,INF769K01GS9,ESG,EQ,43.85,43.98,43.76,43.96,43.98,43.68,7540,331054.88,95
2026-02-09,INF769K01HF4,MAFANG,EQ,153.26,153.26,153.26,153.26,153.26,157.16,313634,48067546.84,1049
2026-02-09,INF769K01HI8,BFSI,EQ,29.32,29.32,28.9,29.11,29.1,28.74,359069,10424792.52,971
2026-02-09,INF769K01JP9,GOLDETF,EQ,151.35,151.85,149.47,150.4,150.0,147.65,2395542,359745293.69,10385
2026-02-09,INF769K01KF8,GSEC10YEAR,EQ,29.5,29.69,29.44,29.51,29.51,29.52,14421,424934.68,28
2026-02-09,INF769K01HS7,MAHKTECH,EQ,25.09,25.09,24.95,25.08,25.09,24.93,804899,20188142.17,5770
2026-02-09,INF769K01IC9,MIDCAPETF,EQ,22.49,22.71,22.41,22.67,22.71,22.33,2185554,49402575.6,6616
2026-02-09,INF769K01IB1,MAKEINDIA,EQ,156.8,158.64,156.59,158.54,158.5,156.11,55257,8725079.34,613
2026-02-09,INF769K01EG9,NIFTYETF,EQ,279.01,279.3,278.49,279.05,278.92,277.63,139019,38783459.78,1792
2026-02-09,INF769K01JU9,LOWVOL,EQ,211.57,212.82,211.57,212.82,212.82,210.21,1220,258961.26,10
2026-02-09,INF769K01FN2,NEXT50,EQ,711.91,716.34,709.0,715.3,716.07,708.37,18589,13249933.38,936
2026-02-09,INF769K01KG6,SILVERAG,EQ,232.0,251.18,232.0,249.88,250.5,229.08,662633,164656568.69,7037
2026-02-09,INF769K01HP3,MASPTOP50,EQ,69.67,69.67,69.67,69.67,69.67,70.73,219989,15326633.63,328
2026-02-09,INF769K01LY7,METAL,EQ,12.28,12.3,11.91,12.17,12.17,11.99,31052880,378730972.44,15950
2026-02-09,INF769K01LJ8,MIDSMALL,EQ,47.75,48.29,47.64,48.25,48.23,47.52,433224,20842671.63,1068
2026-02-09,INF769K01LX9,MULTICAP,EQ,16.53,16.53,16.28,16.41,16.43,16.21,229470,3754347.87,641
2026-02-09,INF769K01ON4,SELECTIPO,EQ,43.89,44.2,43.89,44.17,44.2,43.72,12726,561171.61,112
2026-02-09,INF769K01KT9,SENSEXETF,EQ,86.39,86.39,85.85,86.08,86.12,85.58,14775,1271966.87,312
2026-02-09,INF769K01PQ4,SMALL250,EQ,16.0,16.36,15.91,16.29,16.28,15.87,724625,11730249.43,576
2026-02-09,INF769K01LC3,SMALLCAP,EQ,42.74,43.18,42.41,43.13,43.1,42.25,2374485,101838231.88,4302
2026-02-09,INF769K01PZ5,TOP20,EQ,9.56,9.6,9.54,9.59,9.6,9.5,91296,875413.83,110
2026-02-09,INE831A01028,MIRCELECTR,EQ,33.38,35.76,32.75,35.71,35.76,32.51,2202675,76771694.17,3623
2026-02-09,INE771A01026,MIRZAINT,EQ,38.6,39.25,37.27,38.06,38.0,37.76,510122,19430756.97,3064
2026-02-09,INE099Z01011,MIDHANI,EQ,360.0,370.0,356.55,367.45,366.8,354.3,696793,254742120.25,12501
2026-02-09,INE828O01033,MITCON,EQ,60.0,62.66,59.1,61.92,61.0,59.57,11192,690423.98,161
2026-02-09,INE997Y01027,MITTAL,EQ,1.04,1.04,1.02,1.03,1.04,1.03,762896,787847.17,406
2026-02-09,INE227C01017,MMFL,EQ,431.5,458.0,425.35,454.55,450.0,431.15,122619,55176882.15,6353
2026-02-09,INE511Y01018,MMP,EQ,256.9,257.15,244.05,247.75,252.0,257.6,23473,5848492.8,1121
2026-02-09,INE123F01029,MMTC,EQ,64.85,66.69,63.89,66.06,65.95,64.12,4732230,309936543.31,20669
2026-02-09,INE794W01014,MODTHREAD,EQ,41.01,43.01,41.01,42.99,42.01,42.79,406,17403.26,36
2026-02-09,INE537F01012,MODINATUR,EQ,329.55,349.0,329.0,341.55,349.0,327.15,3321,1127081.35,219
2026-02-09,INE832A01018,MODIRUBBER,EQ,128.0,129.4,123.03,126.82,127.0,124.29,4245,544283.11,193
2026-02-09,INE0L0L01012,MODIS,EQ,365.0,365.0,331.0,331.5,331.0,330.0,2476,835492.35,237
2026-02-09,INE737D01021,MODISONLTD,EQ,156.6,158.5,154.61,155.16,154.71,156.39,62504,9753106.49,1437
2026-02-09,INE450S01011,MHHL,SM,40.7,40.7,40.7,40.7,40.7,40.7,16500,671550.0,2
2026-02-09,INE954E01012,MOHITIND,EQ,25.8,26.37,24.0,24.99,25.38,25.8,13382,331981.6,230
2026-02-09,INE490G01020,MOIL,EQ,313.9,318.7,310.95,314.2,314.65,311.95,1175811,369830381.6,23697
2026-02-09,INE514Y01020,MOKSH,EQ,13.35,14.6,13.35,13.44,13.66,13.35,115542,1577639.77,485
2026-02-09,INE893J01029,MOLDTKPAC,EQ,539.0,551.05,534.0,545.5,541.85,540.6,51914,28159049.15,4709
2026-02-09,INE835B01035,MOLDTECH,EQ,135.0,139.5,132.62,139.09,138.31,132.76,24353,3361977.08,678
2026-02-09,INE903D01011,MONARCH,EQ,300.15,305.95,298.8,302.15,305.95,296.3,42365,12802998.4,1229
2026-02-09,INE296Q01012,MONEYBOXX,EQ,63.0,63.01,57.31,61.67,62.0,59.28,71237,4318577.63,1532
2026-02-09,INE1DV401010,MONOLITH,SM,473.7,482.05,465.25,468.55,467.1,466.65,19250,9124325.0,64
2026-02-09,INE950M01013,MONTECARLO,EQ,592.5,608.2,592.5,599.7,596.0,591.9,19184,11546921.6,1380
2026-02-09,INE161G01027,MORARJEE,BZ,8.15,8.15,7.41,7.41,7.41,7.79,571,4251.75,9
2026-02-09,INE083A01026,MOREPENLAB,EQ,37.82,39.74,37.06,39.51,39.39,36.69,4374705,170818591.61,14997
2026-02-09,INE0N7S01028,MOS,SM,20.15,20.6,19.5,19.9,19.55,19.95,524000,10483200.0,58
2026-02-09,INE935B01025,MOSCHIP,EQ,201.2,205.99,201.2,203.34,202.95,198.14,1425466,290409316.78,19578
2026-02-09,INE0FS801015,MSUMI,EQ,43.15,43.75,42.6,43.35,43.35,42.93,9844163,424573485.24,40069
2026-02-09,INF247L01023,MOM100,EQ,64.02,64.98,64.02,64.91,64.95,64.02,1041223,67388672.38,3651
2026-02-09,INF247L01AP3,MON100,EQ,232.08,233.88,229.08,232.68,233.65,227.7,875829,202370136.83,19728
2026-02-09,INE338I01027,MOTILALOFS,EQ,791.0,805.6,786.15,798.95,797.4,779.8,830517,663005014.9,40761
2026-02-09,INF247L01536,MOM50,EQ,268.67,269.5,265.4,268.08,269.5,267.31,3385,908770.13,273
2026-02-09,INF247L01AK4,MOGSEC,EQ,63.06,63.5,62.9,62.97,63.25,63.2,159110,10072040.99,92
2026-02-09,INF247L01FR8,MOALPHA50,EQ,50.01,50.62,50.0,50.46,50.46,49.39,18022,907500.96,55
2026-02-09,INF247L01EV3,MOCAPITAL,EQ,48.1,48.6,47.52,48.51,48.53,47.31,864242,41733348.91,2561
2026-02-09,INF247L01DJ0,MODEFENCE,EQ,86.9,87.2,85.31,87.11,87.15,85.11,3599057,311660777.3,11031
2026-02-09,INF247L01GH7,MOENERGY,EQ,34.57,37.17,33.36,36.61,36.69,36.49,377247,13811726.62,1467
2026-02-09,INF247L01FY4,MOGOLD,EQ,153.0,154.5,151.0,151.85,151.6,149.55,108800,16615314.95,1466
2026-02-09,INF247L01BB1,MOHEALTH,EQ,43.01,43.35,42.6,43.21,43.35,42.65,49417,2121967.78,753
2026-02-09,INF247L01FL1,MOINFRA,EQ,60.79,61.0,60.4,60.81,60.87,60.48,7244,439411.26,115
2026-02-09,INF247L01GI5,MOIPO,EQ,44.93,44.93,43.23,44.21,44.21,43.84,3743,163932.08,23
2026-02-09,INF247L01BL0,MOLOWVOL,EQ,38.63,40.15,38.48,39.22,40.15,38.5,43323,1673831.8,76
2026-02-09,INF247L01DK8,MOMENTUM50,EQ,51.59,52.0,51.27,51.96,51.95,51.19,304115,15735894.88,1747
2026-02-09,INF247L01FK3,MOMGF,EQ,154.44,156.5,154.2,156.33,156.5,153.28,6006,935870.55,41
2026-02-09,INF247L01FQ0,MOMIDMTM,EQ,63.27,65.76,62.98,64.14,64.98,62.92,48882,3123659.07,353
2026-02-09,INF247L01GK1,MOMNC,EQ,30.88,31.03,30.7,31.03,31.03,30.85,2718,83838.49,15
2026-02-09,INF247L01BK2,MOMOMENTUM,EQ,63.97,63.97,62.61,63.39,63.31,62.45,39631,2501973.17,558
2026-02-09,INF247L01FC0,MON50EQUAL,EQ,33.74,33.82,33.6,33.82,33.82,33.47,6460,217887.65,22
2026-02-09,INF247L01FD8,MONEXT50,EQ,69.08,69.46,68.57,69.32,69.46,68.5,1883,129863.07,57
2026-02-09,INF247L01GG9,MONIFTY100,EQ,26.52,27.06,26.42,26.5,26.5,26.36,19286,512919.15,51
2026-02-09,INF247L01BU1,MONIFTY500,EQ,24.0,24.2,23.93,24.13,24.09,23.89,730567,17609668.39,1467
2026-02-09,INF247L01AU3,MONQ50,EQ,99.5,99.5,98.05,99.17,99.44,97.71,109942,10888470.72,2273
2026-02-09,INF247L01FO5,MOPSE,EQ,105.5,107.97,104.51,104.68,104.85,105.15,38584,4058793.06,177
2026-02-09,INF247L01BH8,MOQUALITY,EQ,197.58,198.14,196.95,197.41,197.41,196.84,3796,749568.09,33
2026-02-09,INF247L01CI4,MOREALTY,EQ,82.73,84.65,82.38,84.39,84.22,82.31,1330980,111951748.03,4130
2026-02-09,INF247L01GJ3,MOSERVICE,EQ,33.7,33.71,33.52,33.66,33.66,33.5,650,21809.05,11
2026-02-09,INF247L01FZ1,MOSILVER,EQ,251.66,254.98,247.01,251.49,251.46,236.4,159872,40402621.05,3085
2026-02-09,INF247L01CH6,MOSMALL250,EQ,16.08,16.35,16.02,16.32,16.3,15.95,1921576,31174210.94,3577
2026-02-09,INF247L01FP2,MOTOUR,EQ,81.0,81.0,80.15,80.9,80.95,79.92,10970,885065.59,195
2026-02-09,INF247L01BE5,MOVALUE,EQ,122.96,124.29,122.45,124.02,124.16,122.43,190771,23620385.23,1348
2026-02-09,INE0FRK01020,MOTISONS,EQ,13.8,15.78,13.38,15.55,15.63,13.49,31367189,471662531.62,38410
2026-02-09,INE861B01023,MOTOGENFIN,EQ,21.5,22.97,21.0,21.61,21.65,21.36,28369,619723.99,183
2026-02-09,INE0XM301010,MMEL,SM,41.0,41.0,38.85,39.45,40.3,40.8,18000,714100.0,9
2026-02-09,INE0N6D01014,MOXSH,ST,87.0,89.0,87.0,88.0,89.0,85.0,25600,2246400.0,6
2026-02-09,INE356A01018,MPHASIS,EQ,2640.9,2642.8,2605.6,2615.1,2615.0,2610.5,389909,1021012065.0,31268
2026-02-09,INE943D01017,MPSLTD,EQ,1640.2,1707.7,1636.1,1681.8,1696.0,1639.2,21137,35358374.7,3075
2026-02-09,INE883A01011,MRF,EQ,147000.0,147555.0,143250.0,145310.0,145260.0,146455.0,13111,1903217325.0,9840
2026-02-09,INE103A01014,MRPL,EQ,187.9,195.75,186.11,194.25,193.5,185.25,19035222,3675191868.55,97048
2026-02-09,INE495P01020,BECTORFOOD,EQ,225.0,228.01,221.12,227.16,226.51,221.84,289406,65204312.83,9322
2026-02-09,INE752G01015,MSPL,EQ,31.0,31.26,30.08,30.65,30.6,30.52,444821,13646613.5,1927
2026-02-09,INE255X01014,MSTCLTD,EQ,465.0,477.95,462.6,476.3,475.0,458.15,162269,76552588.8,5427
2026-02-09,INE472M01018,MTEDUCARE,BE,1.5,1.51,1.44,1.5,1.48,1.44,24892,37339.36,90
2026-02-09,INE864I01014,MTARTECH,EQ,3245.1,3425.0,3240.0,3404.7,3407.0,3270.7,436212,1473500920.9,37750
2026-02-09,INE08KJ01020,MUFIN,EQ,115.0,116.98,113.5,115.06,115.46,113.98,846288,97488603.25,4621
2026-02-09,INE304A01026,MUKANDLTD,EQ,129.97,130.6,127.21,129.72,128.65,127.42,69166,8915695.57,1109
2026-02-09,INE0CG401037,MUKKA,EQ,24.65,24.96,24.21,24.82,24.6,24.64,421224,10391161.44,1722
2026-02-09,INE374B01019,MUKTAARTS,EQ,60.75,62.0,58.26,61.84,62.0,60.74,2663,161419.84,88
2026-02-09,INE745G01043,MCX,EQ,2430.0,2457.1,2391.0,2434.9,2438.0,2380.4,3235535,7868614648.5,90503
2026-02-09,INE1K8Y01018,MUNISH,SM,74.1,74.85,71.2,74.85,74.85,74.65,91200,6766200.0,22
2026-02-09,INE672B01032,MUNJALAU,EQ,76.86,78.9,76.0,77.75,78.45,74.95,156693,12185953.73,2219
2026-02-09,INE577A01027,MUNJALSHOW,EQ,137.0,137.0,128.6,131.5,131.9,124.02,147224,19369030.79,2284
2026-02-09,INE692B01014,MURUDCERA,EQ,34.51,35.98,34.28,35.38,35.7,33.95,35652,1252046.07,721
2026-02-09,INE919I01024,RADIOCITY,EQ,6.22,6.31,6.18,6.25,6.26,6.22,106764,668384.68,285
2026-02-09,INE296G01013,MUTHOOTCAP,EQ,233.7,250.0,232.6,246.22,246.0,235.83,23659,5692389.03,693
2026-02-09,INE414G01012,MUTHOOTFIN,EQ,3722.4,3799.6,3722.4,3779.8,3777.0,3704.2,505069,1905068944.5,48528
2026-02-09,INE046W01019,MUTHOOTMF,EQ,184.94,189.7,180.0,188.57,189.3,180.72,288132,53420710.41,3327
2026-02-09,INE0RVQ01016,MYMUDRA,SM,77.0,77.0,77.0,77.0,77.0,76.0,1200,92400.0,1
2026-02-09,INE740D01017,NRAIL,EQ,448.0,449.0,435.7,438.6,444.0,438.4,1094,483291.3,109
2026-02-09,INE104101014,NRVANDANA,ST,57.5,57.95,54.2,56.35,57.35,57.05,30000,1693500.0,10
2026-02-09,INE365I01020,NBIFIN,EQ,2002.6,2016.9,1850.0,1902.1,1909.5,1996.2,1743,3326032.9,217
2026-02-09,INE295D01020,NACLIND,EQ,139.0,142.93,135.01,138.08,138.0,136.13,308649,42959848.26,5876
2026-02-09,INE756C01015,NDGL,EQ,2694.9,2800.0,2670.1,2776.3,2775.9,2580.0,166,451259.6,48
2026-02-09,INE454M01024,NAGAFERT,EQ,4.77,4.88,4.72,4.77,4.76,4.76,428028,2041198.08,844
2026-02-09,INE245I01016,NAGREEKCAP,EQ,27.4,29.9,26.1,29.03,29.3,26.49,67309,1913114.23,388
2026-02-09,INE123B01028,NAGREEKEXP,EQ,26.98,27.0,26.25,26.57,26.5,26.52,12131,323492.06,123
2026-02-09,INE049I01012,NAHARCAP,EQ,244.39,253.9,242.0,251.04,253.5,239.59,18375,4587997.56,312
2026-02-09,INE289A01011,NAHARINDUS,EQ,107.9,110.99,107.9,109.67,109.5,106.14,26867,2935552.94,846
2026-02-09,INE308A01027,NAHARPOLY,EQ,240.6,255.9,240.6,250.14,249.1,244.87,14140,3553662.66,735
2026-02-09,INE290A01027,NAHARSPING,EQ,179.54,195.02,178.02,190.95,191.0,180.46,112571,20969937.15,3085
2026-02-09,INE236Y01012,NGIL,EQ,26.65,27.78,26.55,26.72,26.55,26.55,7597,204555.37,216
2026-02-09,INE023A01030,NSIL,EQ,6022.0,6390.0,5976.0,6326.5,6379.0,6009.5,8809,54777476.5,1696
2026-02-09,INE0RJM01010,NAMAN,SM,58.15,59.95,57.0,57.1,57.1,59.95,24800,1431160.0,26
2026-02-09,INE08NZ01012,NAMOEWASTE,SM,183.8,184.8,180.1,182.95,182.0,182.0,9600,1750360.0,12
2026-02-09,INE875G01048,NDL,EQ,3.12,3.2,3.09,3.15,3.17,3.07,1594146,5011216.5,2002
2026-02-09,INE696V01013,JAIPURKURT,EQ,39.0,42.0,38.66,41.13,40.04,38.16,247919,10023193.75,3414
2026-02-09,INE410P01011,NH,EQ,1725.0,1760.0,1714.9,1745.6,1747.5,1715.3,259062,451707578.8,26956
2026-02-09,INE117Z01011,NARMADA,EQ,32.85,33.2,31.76,32.65,33.0,32.06,215537,6984469.95,1139
2026-02-09,INE987B01026,NATCOPHARM,EQ,830.05,848.95,819.35,845.6,846.1,823.55,547253,457683502.25,28852
2026-02-09,INE448G01010,NATHBIOGEN,EQ,156.98,156.98,153.48,154.99,155.08,152.33,24652,3811740.73,451
2026-02-09,INE139A01034,NATIONALUM,EQ,358.25,368.9,358.25,365.2,365.5,354.65,8166050,2972610320.65,86022
2026-02-09,INE870D01012,NFL,EQ,79.1,81.5,78.94,81.24,81.15,78.49,1019307,82130177.25,8244
2026-02-09,INE0H7R23014,NHIT,IV,154.0,154.0,151.75,151.75,151.75,152.0,100000,15237500.0,3
2026-02-09,INE936B01015,NATCAPSUQ,EQ,168.99,168.99,160.3,166.57,168.0,160.13,2547,412798.04,49
2026-02-09,INE725A01030,NAVA,EQ,562.4,589.35,561.0,579.0,578.35,562.45,446796,258322139.0,13553
2026-02-09,INE048G01026,NAVINFLUOR,EQ,6500.0,6634.5,6434.0,6598.0,6610.0,6417.5,395796,2594218842.0,44644
2026-02-09,INE278M01019,NAVKARCORP,EQ,99.27,102.98,98.0,101.04,100.99,98.7,316555,31941486.06,2905
2026-02-09,INE268H01044,NAVKARURB,BE,1.34,1.34,1.24,1.28,1.28,1.3,953866,1197464.19,454
2026-02-09,INE060A01024,NAVNETEDUL,EQ,161.6,165.9,157.31,161.84,161.8,158.72,567100,92706048.56,5087
2026-02-09,INE418L01047,NAZARA,EQ,261.9,273.9,260.0,272.45,272.9,259.0,3486768,937337602.55,17774
2026-02-09,INE095N01031,NBCC,EQ,99.06,102.35,99.06,102.01,102.04,98.3,10247094,1039023983.84,39869
2026-02-09,INE868B01028,NCC,EQ,157.5,159.75,153.4,158.05,158.3,156.47,3810791,597638158.81,33928
2026-02-09,INE732C01016,NCLIND,EQ,189.8,191.9,186.48,189.78,190.5,187.72,62501,11871363.26,1346
2026-02-09,INE353A01023,NDLVENTURE,EQ,90.11,92.2,90.1,91.69,91.0,90.14,1549,140990.33,43
2026-02-09,INE07OG01012,NDRAUTO,EQ,735.0,768.5,712.55,761.5,763.0,720.7,48335,35923645.25,3167
2026-02-09,INE155G01029,NDTV,EQ,86.1,90.0,86.1,87.32,86.73,86.4,188041,16592120.12,1895
2026-02-09,INE023H01027,NECLIFE,BE,13.46,13.7,13.46,13.59,13.67,13.45,168956,2298391.02,483
2026-02-09,INE0N1401016,NEELAM,SM,16.0,16.0,15.4,15.9,15.95,15.25,48000,761100.0,8
2026-02-09,INE189I01024,NELCAST,EQ,123.35,125.0,117.1,119.14,117.63,121.9,171804,20980391.07,3011
2026-02-09,INE045B01015,NELCO,EQ,630.6,685.0,630.0,679.75,680.8,630.6,188576,126367491.05,9949
2026-02-09,INE21UM01018,NEOCHEM,SM,79.9,80.0,79.9,80.0,80.0,78.75,2400,191880.0,2
2026-02-09,INE136S01016,NEOGEN,EQ,1356.0,1368.0,1306.5,1323.0,1322.8,1353.5,63772,84669649.0,6638
2026-02-09,INE0SUN01013,NEPHROCARE,SM,103.0,103.0,96.55,97.6,97.0,101.0,28000,2744780.0,41
2026-02-09,INE428V01029,NEPHROPLUS,EQ,534.9,534.9,525.0,527.65,529.6,530.35,33173,17522684.85,2231
2026-02-09,INE156901014,NEPTUNE,SM,241.0,242.2,227.0,228.6,227.0,241.45,24000,5651950.0,23
2026-02-09,INE317F01035,NESCO,EQ,1135.0,1195.0,1133.2,1184.9,1175.1,1136.5,108091,126822340.7,9323
2026-02-09,INE239A01024,NESTLEIND,EQ,1301.0,1307.0,1290.3,1295.6,1296.0,1303.3,746303,967080969.3,37736
2026-02-09,INE518X01015,CBAZAAR,ST,4.05,4.05,3.8,4.05,4.05,3.9,24000,95200.0,3
2026-02-09,INE0NT901020,NETWEB,EQ,3140.0,3273.7,3125.2,3172.5,3165.0,3119.2,1153113,3698618276.0,77589
2026-02-09,INE0FFK01017,NPST,EQ,1289.9,1478.0,1272.7,1464.6,1460.0,1281.9,136706,190424644.4,9965
2026-02-09,INE870H01013,NETWORK18,EQ,38.14,39.9,38.01,39.22,39.3,37.77,4607476,180724409.9,26656
2026-02-09,INE333I01044,NEUEON,BE,9.34,9.8,9.34,9.8,9.8,9.34,19174,187799.4,32
2026-02-09,INE794A01010,NEULANDLAB,EQ,13229.0,14170.0,13056.0,13890.0,13895.0,13030.0,76894,1050018022.0,22853
2026-02-09,INE619B01017,NEWGEN,EQ,538.75,574.4,533.6,562.2,563.5,530.95,2678842,1499923689.9,96061
2026-02-09,INE0PW501021,NEWJAISA,SM,20.45,20.55,19.6,20.2,20.55,19.6,18000,363600.0,10
2026-02-09,INE0TP801012,NMSTEEL,SM,28.0,28.0,28.0,28.0,28.0,27.0,1600,44800.0,1
2026-02-09,INE747B01016,NEXTMEDIA,EQ,5.58,5.82,5.52,5.71,5.72,5.43,12394,70948.41,175
2026-02-09,INE0NDH25011,NXST,RR,160.79,160.79,159.9,160.26,160.5,159.99,430033,68859530.58,6433
2026-02-09,INE887E01022,NGLFINE,EQ,2220.0,2280.0,2181.3,2219.4,2224.7,2190.4,9652,21602583.2,1399
2026-02-09,INE557F07181,893NHB29,N6,5860.0,5860.0,5860.0,5860.0,5860.0,5832.0,2,11720.0,1
2026-02-09,INE848E01016,NHPC,EQ,80.29,80.29,78.04,78.9,79.0,79.43,15308838,1206797529.81,58957
2026-02-09,INE149O01018,NIBE,EQ,1040.0,1040.0,1005.2,1012.8,1009.5,1020.6,53846,54771728.9,3306
2026-02-09,INE0J6L01013,NIDAN,SM,16.05,17.0,16.05,17.0,17.0,16.8,29000,472000.0,5
2026-02-09,INE342G01023,NIITMTS,EQ,374.65,386.15,372.65,381.95,382.5,379.5,232262,88678142.4,6617
2026-02-09,INE161A01038,NIITLTD,EQ,77.0,79.59,77.0,78.55,78.27,76.48,388462,30550780.83,3526
2026-02-09,INE0FLF01015,NIKITA,SM,113.5,124.0,112.5,121.4,124.0,113.5,27600,3245700.0,17
2026-02-09,INE937C01029,NILAINFRA,EQ,8.55,8.55,8.17,8.24,8.27,8.18,356720,2957544.95,770
2026-02-09,INE00S901012,NILASPACES,EQ,14.9,15.38,14.72,14.78,14.88,15.13,651398,9701985.75,1735
2026-02-09,INE310A01015,NILKAMAL,EQ,1460.0,1469.9,1440.2,1461.4,1450.1,1464.8,6946,10154148.3,830
2026-02-09,INE395U01014,NINSYS,EQ,350.5,355.3,326.3,334.8,335.75,347.0,6444,2199352.75,614
2026-02-09,INF204KB15I9,BANKBEES,EQ,624.08,627.32,622.33,625.28,625.0,619.79,444524,277816770.95,7638
2026-02-09,INF204KA1LD7,CONSUMBEES,EQ,132.01,132.01,131.0,131.8,131.9,131.16,117115,15406523.09,1574
2026-02-09,INF204KA1MS3,DIVOPPBEES,EQ,86.24,86.24,81.22,84.26,84.34,83.73,50242,4229075.78,1293
2026-02-09,INF204KB18I3,NV20BEES,EQ,156.17,156.18,154.83,155.54,155.0,154.43,12156,1887585.83,388
2026-02-09,INF204KB17I5,GOLDBEES,EQ,129.1,129.9,127.4,127.98,127.9,125.04,90368722,11567384287.49,225159
2026-02-09,INF204KB19I1,HNGSNGBEES,EQ,545.13,545.13,542.5,545.13,545.13,538.3,140253,76383971.21,5597
2026-02-09,INF732E01268,INFRABEES,EQ,986.88,991.99,984.2,990.06,989.2,983.93,28866,28561900.77,1145
2026-02-09,INF204KB15V2,ITBEES,EQ,40.33,40.33,39.25,39.29,39.31,39.35,9924762,390765782.05,26456
2026-02-09,INF732E01045,JUNIORBEES,EQ,748.0,749.25,738.0,748.66,748.2,742.19,483720,361398051.03,13706
2026-02-09,INF732E01037,LIQUIDBEES,EQ,1000.0,1000.01,999.99,999.99,1000.01,1000.0,2536418,2536411442.04,6528
2026-02-09,INF204KB1882,LTGILTBEES,EQ,29.19,29.19,29.1,29.11,29.13,29.19,1939554,56490553.01,1309
2026-02-09,INF204KB1V68,MID150BEES,EQ,231.99,231.99,226.76,229.97,229.99,226.76,873786,200294649.29,9732
2026-02-09,INF204K014N5,NIF100BEES,EQ,285.19,285.19,278.37,279.43,280.0,278.24,34566,9659535.4,921
2026-02-09,INF204KB14I2,NIFTYBEES,EQ,292.14,293.68,291.75,292.56,292.67,290.65,4905392,1434337073.53,63286
2026-02-09,INF204KB16I7,PSUBNKBEES,EQ,100.1,102.25,99.1,102.03,102.13,98.77,6401859,652079541.69,13595
2026-02-09,INF732E01128,SHARIABEES,EQ,506.69,511.6,503.87,507.26,509.8,505.18,9571,4843635.98,824
2026-02-09,INE298J01013,NAM-INDIA,EQ,932.0,935.95,915.6,919.85,919.7,919.8,542409,500596114.8,20573
2026-02-09,INF204KC1FU1,LIQGRWBEES,EQ,1027.21,1027.23,1027.21,1027.21,1027.22,1027.1,105261,108125875.59,188
2026-02-09,INF204KC1GH6,MANUFGBEES,EQ,155.21,156.7,154.44,156.49,156.7,154.44,18971,2957756.36,149
2026-02-09,INF204KC1337,AUTOBEES,EQ,288.99,288.99,282.0,284.74,285.0,281.94,167827,47678901.3,2770
2026-02-09,INF204KC1089,PHARMABEES,EQ,22.9,23.09,22.49,22.92,23.08,22.49,5361127,122243484.66,12041
2026-02-09,INF204KC1402,SILVERBEES,EQ,241.1,247.0,240.82,243.7,244.0,224.46,101311327,24679973235.77,377975
2026-02-09,INF204KC1EZ3,SNXT30BEES,EQ,41.17,41.46,40.1,40.97,41.0,40.53,12186,498551.01,111
2026-02-09,INE368I01016,NIRAJ,EQ,32.25,33.4,31.72,33.24,33.2,31.59,54227,1776719.15,681
2026-02-09,INE326T01011,NIRAJISPAT,EQ,282.8,283.15,282.8,283.15,283.15,257.41,2882,815626.7,97
2026-02-09,INE0OK701014,NIRMAN,SM,58.1,69.85,58.1,69.85,69.85,63.5,417000,27920160.0,687
2026-02-09,INE858F01012,NITCO,EQ,83.07,88.88,83.07,86.32,86.0,83.06,208087,18006839.91,1722
2026-02-09,INE229H01012,NITINSPIN,EQ,354.45,362.0,341.9,354.1,353.15,340.25,208262,73295935.4,5016
2026-02-09,INE439T01012,NITIRAJ,EQ,185.0,186.99,181.0,185.7,185.7,187.42,1892,348317.27,92
2026-02-09,INE995S01015,NIVABUPA,EQ,77.75,80.2,77.44,79.14,79.19,77.68,688400,54539372.85,8731
2026-02-09,INE542C01019,NKIND,EQ,60.2,70.0,60.2,65.0,65.0,64.37,378,25116.8,20
2026-02-09,INE589A01014,NLCINDIA,EQ,259.1,263.0,257.4,262.35,261.9,256.25,956520,249775370.55,20047
2026-02-09,INE584A01023,NMDC,EQ,85.0,85.62,83.8,84.47,84.49,84.08,26901417,2275790503.13,64030
2026-02-09,INE0NNS01018,NSLNISP,EQ,41.71,42.75,41.14,42.09,42.04,41.53,4014449,168591987.69,15472
2026-02-09,INE163A01018,NOCIL,EQ,146.0,151.0,145.2,150.18,149.3,144.1,429747,63700649.72,5067
2026-02-09,INE781B01015,NOIDATOLL,EQ,3.95,3.95,3.65,3.87,3.91,3.79,168516,649893.97,239
2026-02-09,INE369C01017,NORBTEAEXP,BE,78.1,85.0,77.55,83.07,84.4,81.63,4121,334111.31,116
2026-02-09,INE553C01016,NECCLTD,EQ,14.55,14.8,14.03,14.62,14.74,14.15,104788,1505891.24,607
2026-02-09,INE850M01015,NORTHARC,EQ,257.15,263.05,257.15,262.3,260.4,255.85,294339,76706031.5,6823
2026-02-09,INE02H701025,NOVAAGRI,EQ,33.78,35.14,33.4,34.53,34.35,33.78,133657,4558954.92,1340
2026-02-09,INE349A01021,NRBBEARING,EQ,277.65,283.9,274.3,280.4,280.0,274.8,187082,52260082.8,3568
2026-02-09,INE047O01014,NIBL,EQ,29.0,31.0,29.0,30.05,30.0,29.0,38583,1160595.48,809
2026-02-09,INE0ONG01011,NTPCGREEN,EQ,87.95,88.15,86.6,88.01,88.02,87.1,3210154,281065944.87,25767
2026-02-09,INE733E01010,NTPC,EQ,366.55,368.6,361.0,361.9,361.2,365.05,7983235,2908554768.5,110283
2026-02-09,INE096B01018,NUCLEUS,EQ,915.6,922.0,902.15,910.85,905.6,915.6,20098,18356947.7,2052
2026-02-09,INE0JM501013,NRL,EQ,54.85,54.85,52.89,53.37,53.35,52.68,14522,774296.4,314
2026-02-09,INE0DSF01015,NURECA,EQ,281.9,296.5,276.3,289.85,287.05,277.0,22598,6456243.7,1019
2026-02-09,INE531F01023,NUVAMA,EQ,1375.0,1403.1,1365.0,1385.6,1385.7,1354.0,182026,252930676.5,10163
2026-02-09,INE118D01016,NUVOCO,EQ,350.0,350.9,346.05,348.85,348.9,345.1,203402,70918032.15,10717
2026-02-09,INE093I01010,OBEROIRLTY,EQ,1552.0,1571.2,1539.7,1564.3,1566.4,1532.6,409080,637778704.1,30794
2026-02-09,INE0YHV01011,OBSCP,SM,315.0,324.0,310.0,313.15,313.15,312.8,18000,5651080.0,42
2026-02-09,INE0PK601023,OCCLLTD,EQ,89.3,91.35,88.22,89.76,89.85,88.75,178533,15956961.44,1886
2026-02-09,INE054301028,ODIGMA,EQ,29.5,31.9,29.5,30.6,30.4,30.42,32218,998234.88,732
2026-02-09,INE213A01029,ONGC,EQ,269.45,270.9,265.75,266.6,266.7,268.95,10824044,2892988952.35,109538
2026-02-09,INE591A01010,OILCOUNTUB,EQ,48.32,51.35,47.61,49.92,49.56,48.56,76392,3740820.71,907
2026-02-09,INE274J01014,OIL,EQ,500.05,501.0,487.25,490.05,489.0,497.25,3802824,1866744398.9,50768
2026-02-09,INE0LXG01040,OLAELEC,EQ,31.8,31.94,31.3,31.54,31.57,31.7,34846463,1100145523.19,51198
2026-02-09,INE260D01016,OLECTRA,EQ,1029.9,1059.9,1025.0,1057.1,1055.0,1022.3,294055,308181104.4,17857
2026-02-09,INE1BZC01019,OMFREIGHT,EQ,90.0,93.95,90.0,92.23,91.5,91.87,238509,22154796.87,853
2026-02-09,INE239D01028,OMINFRAL,EQ,89.68,99.9,88.27,96.71,97.0,89.24,391780,37395229.14,4617
2026-02-09,INE090B01011,OMAXAUTO,EQ,122.0,122.0,117.02,120.28,120.8,117.63,79110,9468367.23,1534
2026-02-09,INE800H01010,OMAXE,EQ,79.32,80.09,78.72,79.35,79.02,79.32,81089,6436764.17,1193
2026-02-09,INE338Y01016,OMFURN,SM,49.0,54.9,48.5,54.0,54.0,47.0,19200,968820.0,13
2026-02-09,INE474L01016,OMKARCHEM,BZ,5.0,5.0,4.75,4.83,4.8,4.94,4051,19856.8,103
2026-02-09,INE00ER01015,ONDOOR,SM,117.0,125.1,117.0,123.1,125.0,119.0,57300,6979050.0,68
2026-02-09,INE982J01020,PAYTM,EQ,1186.8,1194.1,1173.1,1179.9,1178.1,1187.4,2427041,2872501129.7,70238
2026-02-09,INE0HLU01028,MOBIKWIK,EQ,218.99,227.25,218.0,224.27,223.9,218.34,978981,218990443.6,12257
2026-02-09,INE840Y01029,ONEPOINT,EQ,48.7,49.88,48.7,49.49,49.3,48.96,490820,24295623.44,2395
2026-02-09,INE0OPS01011,OLIL,SM,303.65,303.65,291.0,293.5,293.5,304.5,6000,1766720.0,15
2026-02-09,INE912L01015,ONELIFECAP,BE,14.62,14.95,14.1,14.26,14.55,14.6,1843,26777.75,32
2026-02-09,INE013P01021,ONESOURCE,EQ,1130.0,1176.0,1130.0,1162.4,1168.9,1119.9,185761,215056946.2,11321
2026-02-09,INE809I01019,ONMOBILE,EQ,50.8,52.81,49.74,50.75,50.5,49.98,777568,39864504.32,5135
2026-02-09,INE229A01017,ONWARDTEC,EQ,328.75,329.4,316.05,323.7,324.0,322.35,42854,13836279.2,1629
2026-02-09,INE0WVU01018,ONYX,SM,36.85,36.85,36.85,36.85,36.85,37.0,2000,73700.0,1
2026-02-09,INE350C01017,OPTIEMUS,EQ,418.4,441.0,411.05,434.35,438.85,408.55,174600,75308314.4,9160
2026-02-09,INE15B101011,OPTIVALUE,SM,83.0,83.0,82.0,82.0,82.0,79.0,6400,526480.0,4
2026-02-09,INE881D01027,OFSS,EQ,7398.0,7399.0,7252.5,7269.5,7266.0,7264.0,78522,572066307.5,15118
2026-02-09,INE231G01010,ORBTEXP,EQ,184.51,190.19,183.71,187.79,187.0,186.29,10980,2050860.62,391
2026-02-09,INE215B01022,ORCHASP,EQ,2.44,2.6,2.4,2.53,2.54,2.39,187287,467702.12,429
2026-02-09,INE191A01027,ORCHPHARMA,EQ,681.25,701.95,680.6,695.0,698.9,680.55,26710,18529543.8,2636
2026-02-09,INE0OUT01019,ORIANA,SM,2140.0,2220.0,2111.1,2163.05,2158.0,2083.95,63600,138151935.0,706
2026-02-09,INE730A01022,ORICONENT,BE,64.96,66.5,64.05,65.93,66.0,64.96,97977,6392562.27,353
2026-02-09,INE607D01018,ORIENTBELL,EQ,277.9,313.0,270.65,293.25,294.5,276.55,30548,9023059.2,1784
2026-02-09,INE876N01018,ORIENTCEM,EQ,162.23,168.3,161.78,167.66,167.3,162.26,619916,102869743.06,5144
2026-02-09,INE569C01020,ORIENTCER,EQ,43.67,46.0,42.6,43.94,43.61,43.67,170220,7581223.17,2401
2026-02-09,INE142Z01019,ORIENTELEC,EQ,171.6,174.83,171.22,172.2,172.05,171.47,572858,98760928.9,11040
2026-02-09,INE999K01014,GREENPOWER,EQ,10.2,10.7,10.18,10.63,10.55,10.18,4433122,46513639.07,6214
2026-02-09,INE750A01020,ORIENTHOT,EQ,106.0,110.5,105.54,108.79,107.4,105.53,205966,22279776.68,2597
2026-02-09,INE592A01026,ORIENTPPR,EQ,20.81,21.4,20.7,21.2,21.11,20.64,363066,7618772.91,1233
2026-02-09,INE609C01024,ORIENTLTD,EQ,63.5,63.89,62.01,62.04,62.01,61.29,1932,121000.15,68
2026-02-09,INE0PPK01015,ORIENTTECH,EQ,337.95,360.0,337.0,356.8,357.3,335.75,735636,258731824.9,15191
2026-02-09,INE959C01023,OAL,EQ,289.85,303.0,288.05,300.9,299.3,289.0,9601,2839978.3,502
2026-02-09,INE998H01012,ORIENTALTL,EQ,7.69,7.69,6.71,7.39,7.42,7.42,68881,504681.47,375
2026-02-09,INE426Z01016,OBCL,EQ,54.36,55.69,54.05,54.71,54.9,54.33,543,29567.95,23
2026-02-09,INE725E01024,ORISSAMINE,EQ,4390.0,4568.0,4390.0,4527.9,4532.9,4386.5,10655,48013060.8,2529
2026-02-09,INE16NZ01023,ORKLAINDIA,EQ,581.95,591.0,581.95,586.4,585.05,581.9,34508,20227529.3,3308
2026-02-09,INE849L01019,ORTEL,BZ,1.33,1.39,1.27,1.33,1.35,1.33,43272,58248.96,35
2026-02-09,INE749B01020,ORTINGLOBE,BE,12.01,13.15,12.01,13.0,13.0,12.54,644,7927.41,18
2026-02-09,INE0RMF01018,OSELDEVICE,ST,527.0,538.0,500.3,503.5,510.0,526.6,14200,7333070.0,58
2026-02-09,INE06IR01021,OSIAHYPER,EQ,13.95,14.42,13.75,14.2,14.3,13.82,273903,3859926.7,777
2026-02-09,INE142A01012,OSWALAGRO,EQ,52.4,54.6,51.7,54.25,54.6,51.52,66545,3575201.21,697
2026-02-09,INE143A01010,OSWALGREEN,EQ,29.4,30.7,28.96,30.45,30.18,28.65,211988,6387452.35,1896
2026-02-09,INE0BYP01024,OSWALPUMPS,EQ,385.0,402.8,375.5,379.0,377.5,379.25,2524730,983626915.85,42226
2026-02-09,INE0R8M01017,OWAIS,SM,240.05,245.5,227.3,232.65,232.5,240.05,17200,3995510.0,118
2026-02-09,INE953R01016,PNGJL,EQ,560.25,600.0,556.2,589.05,599.0,550.1,2174103,1270035888.5,40256
2026-02-09,INE0XUS01012,PSRAJ,ST,289.15,289.15,289.15,289.15,289.15,290.0,1000,289150.0,1
2026-02-09,INE179A01014,PGHH,EQ,11896.0,11981.0,11814.0,11911.0,11980.0,11896.0,5838,69503363.0,2980
2026-02-09,INE0KN801013,PROPEQUITY,SM,200.0,200.0,200.0,200.0,200.0,199.0,600,120000.0,1
2026-02-09,INE0S3G01027,PACEDIGITK,EQ,194.9,194.9,187.82,192.54,193.05,192.01,796036,152594705.07,11297
2026-02-09,INE761H01022,PAGEIND,EQ,35680.0,35730.0,34425.0,34855.0,34850.0,35560.0,58241,2031588120.0,17118
2026-02-09,INE420C01059,PAISALO,EQ,35.92,36.37,34.65,35.29,34.65,35.92,4189537,148139432.91,9538
2026-02-09,INE551D01018,PAKKA,EQ,89.89,92.7,89.0,91.1,90.75,89.6,237208,21543067.56,3533
2026-02-09,INE471W01019,PALASHSECU,EQ,93.2,99.4,93.2,96.42,96.41,95.22,949,91731.76,52
2026-02-09,INE218G01033,PALREDTEC,EQ,37.74,38.39,36.01,38.0,37.99,37.74,3867,145593.62,50
2026-02-09,INE922B01023,PANACEABIO,EQ,367.0,373.5,365.95,370.6,370.0,363.15,65126,24109213.0,2542
2026-02-09,INE895W01019,PANACHE,EQ,321.0,344.7,320.5,323.25,321.0,336.15,6362,2096986.15,136
2026-02-09,INE305C01029,PANAMAPET,EQ,304.0,307.6,304.0,306.45,306.15,300.45,35714,10932331.1,1540
2026-02-09,INE697V01011,PANSARI,BE,310.0,310.0,286.3,307.5,307.5,296.0,159,48814.95,15
2026-02-09,INE04LG01015,PAR,EQ,91.71,102.0,91.71,96.49,96.65,91.72,14471,1405265.68,274
2026-02-09,INE088F01024,PARADEEP,EQ,123.73,130.48,122.51,129.46,129.0,122.66,6026857,768020490.36,63359
2026-02-09,INE883N01014,PARAGMILK,EQ,235.1,244.7,234.05,241.55,243.0,232.6,816886,196545309.05,12323
2026-02-09,INE0N4G01012,PARAGON,SM,44.0,46.45,44.0,46.45,46.45,44.95,8400,377220.0,4
2026-02-09,INE0S2W01018,PARAMATRIX,SM,75.0,75.0,75.0,75.0,75.0,76.8,1200,90000.0,1
2026-02-09,INE074B01023,PARACABLES,EQ,38.79,39.98,38.25,38.48,38.3,38.44,674530,26114909.54,3384
2026-02-09,INE0Q6001012,PSFL,SM,28.6,29.5,27.55,27.95,27.95,28.5,12000,339900.0,6
2026-02-09,INE045601023,PARAS,EQ,647.0,673.0,644.8,670.0,670.05,643.15,458842,304374788.8,19339
2026-02-09,INE162C01024,PARASPETRO,BE,2.24,2.36,2.14,2.36,2.36,2.25,414151,909108.57,667
2026-02-09,INE00U801010,PARIN,SM,612.05,648.0,605.2,605.2,605.2,649.15,750,466312.5,3
2026-02-09,INE119201023,PARKHOSPS,EQ,153.01,160.25,151.32,158.8,159.05,153.19,1967971,306813751.31,12859
2026-02-09,INE988S01028,PARKHOTELS,EQ,126.0,127.76,125.49,126.55,126.15,125.52,353185,44580892.35,2455
2026-02-09,INE561H01026,PARSVNATH,EQ,8.74,9.0,8.6,8.91,8.82,8.59,249963,2218857.13,600
2026-02-09,INE1H7V01011,PARTH,SM,243.0,243.0,232.0,235.85,235.5,236.55,7600,1804960.0,17
2026-02-09,INE124Y01010,PASHUPATI,EQ,814.0,845.0,780.0,824.15,844.95,801.45,3114,2548182.85,385
2026-02-09,INE818B01023,PASUPTAC,EQ,48.01,50.0,48.0,49.49,49.75,47.6,110044,5418612.68,764
2026-02-09,INE619A01035,PATANJALI,EQ,528.0,534.95,501.75,531.55,530.6,524.05,15254059,7832941170.1,76748
2026-02-09,INE244B01030,PATELENG,EQ,29.26,30.85,28.84,30.63,30.36,28.7,9750514,294475107.67,22989
2026-02-09,INE529D01014,PATINTLOG,EQ,12.4,12.59,12.15,12.45,12.54,12.07,52883,658214.49,313
2026-02-09,INE0R8B01010,PATELRMART,EQ,201.9,209.85,201.9,209.03,208.51,199.05,85172,17569649.52,2199
2026-02-09,INE17GV01016,PATILAUTOM,SM,154.0,154.0,148.0,149.95,150.0,146.8,10200,1526760.0,13
2026-02-09,INE111F01024,PAUSHAKLTD,EQ,466.0,480.9,466.0,467.35,474.9,464.45,15731,7424962.45,2242
2026-02-09,INE07S101038,PAVNAIND,EQ,19.22,19.22,18.54,19.0,19.17,18.35,33233,629346.34,271
2026-02-09,INE417T01026,POLICYBZR,EQ,1520.0,1571.7,1512.0,1532.1,1530.0,1504.9,3367830,5201565534.2,102933
2026-02-09,INE785M01021,PCJEWELLER,EQ,10.3,10.73,10.17,10.46,10.45,10.16,75918636,799123019.48,39127
2026-02-09,INE602A01031,PCBL,EQ,273.05,306.3,272.75,300.85,295.1,271.4,9412537,2799373815.45,118020
2026-02-09,INE111Q01021,PDSL,EQ,349.0,357.0,346.6,351.95,350.0,343.2,84500,29803776.25,3334
2026-02-09,INE940H01022,PGIL,EQ,1827.7,1844.2,1752.1,1796.4,1803.7,1834.8,191469,344224057.8,24436
2026-02-09,INE844A01013,PEARLPOLY,EQ,19.39,19.5,18.8,19.35,19.33,18.67,12275,234286.96,185
2026-02-09,INE0VG601013,PELATRO,SM,337.0,337.0,312.5,335.0,335.0,306.5,11700,3836265.0,37
2026-02-09,INE138A01028,PENINLAND,EQ,19.68,21.4,19.68,20.67,20.88,19.56,469883,9693625.41,1888
2026-02-09,INE932A01024,PENIND,EQ,180.0,186.98,179.0,186.14,185.0,177.26,361878,66670820.41,6647
2026-02-09,INE0ORS01017,PENTAGON,SM,65.0,69.0,65.0,69.0,69.0,67.5,2000,134000.0,2
2026-02-09,INE925S01012,PERFECT,SZ,3.0,3.25,3.0,3.0,3.0,3.1,33000,101250.0,5
2026-02-09,INE262H01021,PERSISTENT,EQ,5881.5,5929.5,5830.0,5875.0,5860.0,5852.0,328310,1928788454.0,32708
2026-02-09,INE998U01015,PCCL,SM,221.0,230.0,221.0,229.95,229.9,229.1,2800,636680.0,6
2026-02-09,INE347G01014,PETRONET,EQ,296.9,301.7,295.05,300.0,299.15,295.85,3499675,1047885468.8,35413
2026-02-09,INE134E07DV8,PFCL36,N7,51500.0,51500.0,51500.0,51500.0,51500.0,51100.0,9,463500.0,1
2026-02-09,INE134E07DW6,PFCL36B,N9,50800.0,50800.0,50800.0,50800.0,50800.0,50800.01,5,254000.0,1
2026-02-09,INE134E07DP0,7PFCL31,N3,970.5,972.0,970.0,971.0,971.0,970.0,113,109655.0,10
2026-02-09,INE134E07DU0,730PFCL41,NC,962.6,989.0,962.6,966.1,966.1,962.66,259,252161.99,15
2026-02-09,INE182A01018,PFIZER,EQ,4619.8,4812.8,4600.0,4764.1,4770.0,4590.3,14435,68254709.3,5353
2026-02-09,INE457L01029,PGEL,EQ,590.0,604.65,585.95,593.15,592.5,584.9,2974053,1765049283.35,46796
2026-02-09,INE0MLZ01019,PHANTOMFX,SM,208.1,247.9,208.1,234.55,235.0,207.1,82500,19256085.0,168
2026-02-09,INE0LP301011,PWL,EQ,118.0,118.4,114.05,114.74,114.96,116.16,4610842,530895519.92,22196
2026-02-09,INE603J01030,PIIND,EQ,3123.8,3228.9,3123.8,3216.0,3214.0,3129.3,160744,509845358.2,18245
2026-02-09,INE546C01010,PICCADIL,EQ,589.9,612.55,577.45,602.0,600.1,585.7,151740,91144297.35,7639
2026-02-09,INE0YAL01017,PPSL,SM,9.0,9.0,9.0,9.0,9.0,9.0,3000,27000.0,1
2026-02-09,INE318A01026,PIDILITIND,EQ,1490.0,1497.0,1470.7,1488.2,1488.5,1489.1,322208,478611540.9,27260
2026-02-09,INE600A01035,PILITA,EQ,9.05,9.15,8.75,9.02,9.0,8.88,101285,911263.82,351
2026-02-09,INE417C01014,PILANIINVS,EQ,4575.0,4654.1,4551.0,4614.8,4620.0,4610.7,2839,13067618.4,815
2026-02-09,INE15B701018,PINELABS,EQ,219.0,222.5,215.25,216.93,216.99,218.11,1597876,347877923.74,19357
2026-02-09,INE156C01018,PIONEEREMB,EQ,28.1,31.75,28.05,29.14,29.12,27.94,39553,1179261.06,388
2026-02-09,INE202B01038,PIRAMALFIN,EQ,1698.7,1761.9,1698.7,1722.2,1724.0,1689.9,146994,255170150.3,16497
2026-02-09,INE0DK501011,PPLPHARMA,EQ,160.0,163.2,158.65,162.84,162.61,158.75,1894781,305819505.04,19240
2026-02-09,INE450D01021,PITTIENG,EQ,874.8,911.2,861.0,906.65,898.0,877.2,39398,35361605.2,3397
2026-02-09,INE751B01018,PIXTRANS,EQ,1480.0,1500.0,1444.2,1480.2,1485.0,1461.1,9541,14020569.0,1230
2026-02-09,INE0PXD01014,PLADAINFO,SM,13.85,13.85,13.35,13.4,13.35,13.9,9000,122100.0,3
2026-02-09,INE083C01022,PLASTIBLEN,EQ,159.47,159.47,156.04,157.52,157.02,156.07,4477,703245.56,105
2026-02-09,INE0PT501018,PLATIND,EQ,232.99,240.5,232.1,236.5,234.0,229.27,85598,20172385.39,2101
2026-02-09,INE0INJ01017,PLAZACABLE,EQ,40.0,41.0,39.28,40.1,39.82,39.77,46494,1858468.72,1219
2026-02-09,INE859A01011,PNBGILTS,EQ,80.46,81.99,80.23,81.18,81.3,80.09,254321,20631219.01,2457
2026-02-09,INE572E01012,PNBHOUSING,EQ,857.0,872.0,852.0,866.35,866.0,849.25,778837,673410657.45,19935
2026-02-09,INE195J01029,PNCINFRA,EQ,230.0,239.79,230.0,234.32,234.0,228.92,598658,141033021.88,14173
2026-02-09,INE371C01013,PODDARMENT,EQ,245.73,256.0,243.65,252.29,256.0,245.72,6887,1721744.82,110
2026-02-09,INE637C01025,POKARNA,EQ,1049.0,1115.15,1015.0,1115.15,1115.15,1013.8,503650,544514744.65,16953
2026-02-09,INE205C01021,POLYMED,EQ,1384.7,1470.0,1370.3,1462.5,1461.0,1389.4,425192,607822337.1,35999
2026-02-09,INE455K01017,POLYCAB,EQ,7679.0,7844.5,7645.5,7788.0,7770.0,7623.5,262430,2043855121.5,33043
2026-02-09,INE633B01018,POLYPLEX,EQ,858.9,893.0,857.55,886.15,888.9,855.75,56028,49396124.15,3860
2026-02-09,INE517M01028,POLYSIL,ST,210.0,211.1,199.5,203.15,199.5,210.0,21500,4447575.0,25
2026-02-09,INE063E01053,POCL,EQ,1220.3,1280.0,1217.1,1274.9,1280.0,1201.6,211056,265669860.1,12892
2026-02-09,INE838E01017,PONNIERODE,EQ,262.7,266.15,261.15,265.3,265.1,261.35,4151,1098147.2,218
2026-02-09,INE511C01022,POONAWALLA,EQ,430.7,471.75,427.2,465.85,460.0,431.5,7288269,3298408520.4,109675
2026-02-09,INE772T01024,PVSL,EQ,114.7,122.39,114.7,118.16,117.16,118.21,44365,5320508.21,1059
2026-02-09,INE0S3H01017,POSITRON,SM,194.5,194.5,186.2,188.75,189.0,182.0,5400,1018365.0,18
2026-02-09,INE134E01011,PFC,EQ,425.0,430.4,405.5,415.2,414.55,419.2,19537837,8132150754.2,170299
2026-02-09,INE752E01010,POWERGRID,EQ,292.5,292.55,288.0,289.75,289.35,292.75,13114576,3798362933.95,75558
2026-02-09,INE557Z01018,PIGL,EQ,124.8,127.94,118.21,126.1,126.9,124.79,81467,10068644.65,1127
2026-02-09,INE211R01019,POWERMECH,EQ,2137.8,2212.8,2112.0,2200.0,2199.1,2105.0,116518,253255528.7,16646
2026-02-09,INE0GGX23010,PGINVIT,IV,93.64,93.75,93.0,93.4,93.45,93.27,1536914,143437426.69,7866
2026-02-09,INE095I01015,PPAP,EQ,198.51,205.29,197.07,203.95,203.5,195.7,12771,2580032.77,535
2026-02-09,INE0I0M01023,PRABHA,EQ,165.0,171.9,160.2,165.0,164.8,162.84,17333,2894729.38,674
2026-02-09,INE074A01025,PRAJIND,EQ,287.0,302.7,286.25,295.8,295.5,285.5,1131037,335200932.85,30806
2026-02-09,INE505C01016,PRAENG,EQ,22.47,23.5,21.8,22.9,23.2,21.37,34540,778621.35,360
2026-02-09,INE603A01013,PRAKASH,EQ,131.29,132.99,127.55,132.23,132.25,130.29,447596,58348013.81,4808
2026-02-09,INE050001010,PPL,EQ,219.95,230.91,219.0,223.55,222.75,220.17,73226,16378351.23,2332
2026-02-09,INE696K01024,PRAKASHSTL,BE,4.79,4.79,4.45,4.55,4.64,4.6,144813,662547.31,413
2026-02-09,INE0O7A01017,PRAMARA,SM,358.5,358.5,348.0,352.1,348.0,350.7,31500,11067850.0,32
2026-02-09,INE0VJG01014,PRANIK,SM,50.2,50.2,50.2,50.2,50.2,50.2,6400,321280.0,3
2026-02-09,INE393P01035,DIAMONDYD,EQ,1117.0,1155.0,1060.0,1089.0,1087.8,1102.5,108234,117229376.5,4003
2026-02-09,INE0QA601016,PRATHAM,SM,138.0,140.15,136.0,136.15,136.15,135.65,2800,384300.0,6
2026-02-09,INE546Y01022,PRAXIS,EQ,8.32,8.32,8.32,8.32,8.32,7.93,8994,74830.08,17
2026-02-09,INE484I01029,PRECAM,EQ,150.27,155.0,149.64,153.96,154.7,149.27,261956,40129010.74,3488
2026-02-09,INE0HKW01018,PRECISION,SM,9.7,9.7,9.7,9.7,9.7,9.25,2000,19400.0,1
2026-02-09,INE372C01037,PRECWIRE,EQ,246.45,263.8,246.45,261.96,262.85,245.33,684412,177480219.01,14426
2026-02-09,INE283A01014,PRECOT,EQ,468.1,528.35,468.1,522.0,528.0,480.35,92806,48085167.5,1425
2026-02-09,INE0BS701011,PREMIERENE,EQ,800.0,816.6,791.35,806.4,813.6,795.55,1586742,1275017375.7,30821
2026-02-09,INE863B01029,PREMEXPLN,EQ,476.95,508.5,476.95,506.6,504.0,471.85,240325,119599236.45,9572
2026-02-09,INE342A01018,PREMIER,BE,3.21,3.21,3.05,3.09,3.05,3.06,17958,56883.94,134
2026-02-09,INE309M01020,PREMIERPOL,EQ,53.65,56.0,53.6,55.2,55.0,52.63,398568,21895073.72,3815
2026-02-09,INE0CFG01012,PRLIND,SM,62.2,65.1,62.2,63.05,63.05,62.2,8000,510400.0,6
2026-02-09,INE0M1F01011,PREMIUM,SM,37.1,38.0,37.1,38.0,38.0,37.0,12000,453150.0,3
2026-02-09,INE0R1620012,PRESS-RE,ST,9.0,10.5,8.0,9.1,9.45,8.75,202400,1846760.0,208
2026-02-09,INE0R1601012,PRESSTONIC,SM,56.7,63.8,56.7,63.6,63.55,53.2,172000,10505000.0,198
2026-02-09,INE811K01011,PRESTIGE,EQ,1563.1,1604.7,1560.0,1589.2,1582.0,1555.9,424658,676303687.9,18545
2026-02-09,INE726V01018,PRICOLLTD,EQ,579.9,597.45,579.9,593.4,595.0,578.35,333224,197076652.5,17554
2026-02-09,INE0CQA01020,PRIMECAB,SM,87.5,87.5,86.0,86.8,86.8,86.75,17600,1524880.0,11
2026-02-09,INE367G01038,PFOCUS,EQ,265.25,292.0,263.0,277.32,275.0,262.67,19128410,5386395661.37,98317
2026-02-09,INE032B01021,PRIMESECU,EQ,278.95,287.4,275.0,284.7,285.0,283.1,61772,17430235.7,1059
2026-02-09,INE607A01022,PRIMO,EQ,22.55,22.55,22.0,22.27,22.3,22.28,56452,1252656.16,602
2026-02-09,INE689W01016,PRINCEPIPE,EQ,265.25,271.0,260.0,265.06,266.4,264.44,159353,42310534.82,3864
2026-02-09,INE010A01011,PRSMJOHNSN,EQ,123.8,128.0,119.4,125.35,125.1,121.54,936479,115110102.84,11257
2026-02-09,INE974Z01015,PRITI,EQ,50.2,53.59,50.2,51.87,52.0,51.68,5825,303120.39,213
2026-02-09,INE583R01029,PRITIKAUTO,EQ,13.95,14.9,13.92,14.76,14.54,13.95,486961,7038308.71,1504
2026-02-09,INE0MJQ01020,PRITIKA,SM,62.0,62.0,60.0,60.0,60.0,62.55,8000,490300.0,4
2026-02-09,INE392B01011,PNC,EQ,27.95,27.95,25.11,26.3,26.12,26.87,20867,548683.19,253
2026-02-09,INE959A01019,PRIVISCL,EQ,2774.9,2798.0,2738.0,2754.1,2754.9,2757.8,105131,289833198.9,9432
2026-02-09,INE0V9N01017,PRIZOR,SM,278.0,287.0,276.0,281.5,281.0,278.5,13200,3714540.0,29
2026-02-09,INE0VJT01017,PROFX,SM,63.1,63.1,63.1,63.1,63.1,65.0,1600,100960.0,1
2026-02-09,INE199A01012,PGHL,EQ,5274.0,5480.0,5233.5,5379.5,5380.0,5190.0,50805,271043328.5,8266
2026-02-09,INE994V01012,PROLIFE,SM,63.8,63.8,63.8,63.8,63.8,60.8,500,31900.0,1
2026-02-09,INE0BX301013,PROSTARM,EQ,159.1,169.15,158.65,166.09,165.0,158.58,349315,57407424.9,5221
2026-02-09,INE004A01022,PROTEAN,EQ,625.0,678.8,622.45,664.45,661.0,620.2,939467,617969892.0,23664
2026-02-09,INE195N01013,PROZONER,EQ,53.0,55.79,51.1,53.16,53.4,50.16,454851,24048688.51,2664
2026-02-09,INE00F201020,PRUDENT,EQ,2579.5,2597.6,2544.1,2583.4,2579.3,2573.5,52086,133382048.5,7021
2026-02-09,INE024D01016,PRUDMOULI,EQ,17.97,19.49,17.7,18.22,18.0,17.96,71424,1323071.52,203
2026-02-09,INE488V01015,PSPPROJECT,EQ,775.9,801.9,774.05,799.0,795.1,778.1,42968,34105491.75,2277
2026-02-09,INE560K01014,PFS,EQ,34.05,34.32,33.81,33.91,33.81,33.69,402928,13726514.48,2606
2026-02-09,INE877F01012,PTC,EQ,180.62,188.48,180.62,187.38,187.4,180.57,2058401,383048360.65,23841
2026-02-09,INE596F01018,PTCIL,EQ,17600.0,18550.0,17395.0,18410.0,18365.0,17442.0,23227,422037163.0,6915
2026-02-09,INE034D01049,PTL,EQ,42.69,43.49,42.4,42.96,42.98,42.69,366441,15723977.24,1983
2026-02-09,INE865T01018,PDMJEPAPER,EQ,81.5,83.7,81.5,82.46,82.32,81.19,123312,10197383.16,1278
2026-02-09,INE335X01014,PULZ,SM,27.9,27.9,27.9,27.9,27.9,26.7,2000,55800.0,1
2026-02-09,INE608A01012,PSB,EQ,27.24,27.88,27.23,27.71,27.67,27.1,1730782,47929323.05,5135
2026-02-09,INE277B01014,PUNJABCHEM,EQ,1151.6,1173.9,1151.6,1163.0,1163.0,1150.4,2394,2788122.6,569
2026-02-09,INE160A01022,PNB,EQ,123.99,125.1,123.02,123.44,123.35,122.85,12646439,1569324316.62,43275
2026-02-09,INE323I01011,PURVA,EQ,240.0,253.0,238.16,245.58,245.0,238.38,170761,41896493.34,4801
2026-02-09,INE0P5R01014,PURPLEUTED,SM,373.25,386.5,372.4,380.6,380.6,392.0,8250,3117475.0,28
2026-02-09,INE154801018,PUSHPA,SM,89.0,90.0,89.0,89.05,89.1,88.85,23000,2051750.0,23
2026-02-09,INE362A01016,PVP,EQ,30.25,30.4,29.71,29.97,30.15,29.64,104748,3151247.19,707
2026-02-09,INE191H01014,PVRINOX,EQ,1009.0,1048.85,998.0,1043.35,1045.45,1006.4,415966,429186398.3,18362
2026-02-09,INE0MIS01010,PYRAMID,EQ,155.0,164.0,155.0,161.29,160.3,155.66,23588,3785053.49,881
2026-02-09,INE0FMW01018,QMSMEDI,SM,97.0,97.7,91.0,91.5,91.5,87.35,5000,469100.0,5
2026-02-09,INE0LRY01011,QUADFUTURE,EQ,307.0,307.05,294.5,304.6,304.8,290.1,525422,158397517.95,11934
2026-02-09,INE0SII01026,QPOWER,EQ,823.0,831.5,804.0,810.55,809.5,819.0,757445,619702490.9,27893
2026-02-09,INF082J01408,QGOLDHALF,EQ,128.53,128.96,127.32,128.39,128.4,125.12,187956,24116000.29,1041
2026-02-09,INF082J01028,QNIFTY,EQ,2833.25,2836.46,2823.99,2835.3,2835.0,2819.15,1528,4329272.54,219
2026-02-09,INE615P01015,QUESS,EQ,209.85,213.54,208.02,211.08,212.1,209.84,306403,64840781.58,7877
2026-02-09,INE0TNW01017,QUESTLAB,SM,101.0,103.5,101.0,102.5,103.5,99.95,6000,611940.0,5
2026-02-09,INE306L01010,QUICKHEAL,EQ,180.7,196.69,180.7,184.71,184.8,180.03,414149,77848656.13,8075
2026-02-09,INE0K4D01020,QUICKTOUCH,SM,37.0,38.85,37.0,38.7,38.7,37.05,8500,326675.0,8
2026-02-09,INE033B01011,QUINTEGRA,BE,1.36,1.41,1.29,1.3,1.3,1.35,7415,9882.63,22
2026-02-09,INE0KZF01015,QVCEL,SM,25.65,25.65,25.65,25.65,25.65,25.65,1600,41040.0,1
2026-02-09,INE0NQ801033,RKSWAMY,EQ,111.45,114.49,111.11,112.06,112.9,110.53,11596,1303450.94,362
2026-02-09,INE219Y01026,RMDRIP,EQ,111.87,112.51,111.85,112.25,112.24,111.37,7587858,851573836.59,12490
2026-02-09,INE777K01022,RRKABEL,EQ,1465.0,1499.0,1454.9,1468.3,1465.0,1463.8,153349,224899706.4,15885
2026-02-09,INE411H01032,RSYSTEMS,EQ,350.5,365.4,346.2,355.6,363.0,349.4,170870,61030918.45,4967
2026-02-09,INE012Q01021,RNBDENIMS,EQ,169.03,170.47,169.03,170.32,170.4,168.12,5162610,877090885.98,9767
2026-02-09,INE165B01029,RSSOFTWARE,EQ,40.0,42.44,37.6,39.43,39.01,38.76,65888,2651311.49,1396
2026-02-09,INE324L01013,RPPINFRA,EQ,88.01,94.0,88.0,91.82,89.94,88.15,102185,9326086.52,1459
2026-02-09,INE084Q01012,RACE,EQ,105.3,117.0,104.36,113.65,114.79,103.79,8695,947638.0,312
2026-02-09,INE02OY01016,RILINFRA,SM,33.5,34.5,33.1,34.05,33.85,33.5,29600,1003255.0,128
2026-02-09,INE704B01017,RACLGEAR,EQ,1050.0,1138.9,1050.0,1123.5,1128.0,1043.0,41927,46478205.0,3921
2026-02-09,INE874F01027,RADAAN,EQ,3.09,3.19,3.03,3.08,3.1,3.09,7036,21841.86,114
2026-02-09,INE583V01021,RADHIKAJWE,EQ,72.0,74.76,70.1,71.27,70.6,69.66,975687,70603919.29,7612
2026-02-09,INE855R01021,RADIANTCMS,EQ,46.0,46.89,45.27,46.72,46.7,45.7,102492,4719337.33,1130
2026-02-09,INE944F01028,RADICO,EQ,2727.2,2840.0,2721.9,2830.9,2830.0,2727.2,301864,845648651.9,28878
2026-02-09,INE912T01018,RPEL,EQ,742.6,766.4,738.05,761.4,751.0,742.6,22851,17294776.2,1356
2026-02-09,INE415G01027,RVNL,EQ,315.0,322.5,314.5,317.25,317.1,314.1,6233149,1979174537.5,50391
2026-02-09,INE0DD101019,RAILTEL,EQ,326.25,333.75,325.15,332.2,331.4,324.0,725032,239201183.0,17092
2026-02-09,INE855B01025,RAIN,EQ,163.45,168.8,158.62,166.51,166.07,161.95,3757097,622070188.04,28878
2026-02-09,INE961O01016,RAINBOW,EQ,1127.3,1154.0,1117.6,1148.6,1154.0,1126.6,188962,215169857.9,18264
2026-02-09,INE294G01026,ROML,EQ,44.75,44.97,43.8,43.99,43.8,43.99,28444,1252368.27,127
2026-02-09,INE533D01032,RAJRILTD,BE,22.28,22.28,22.28,22.28,22.28,21.85,4507,100415.96,19
2026-02-09,INE952H01027,RAJTV,EQ,41.89,42.0,40.45,40.98,40.99,41.0,9249,378925.22,62
2026-02-09,INE610C01014,ARENTERP,EQ,38.41,42.0,38.41,40.6,40.0,38.41,2124,85055.14,43
2026-02-09,INE343B01030,RAJESHEXPO,BZ,179.0,181.35,177.2,181.22,181.35,172.72,178953,32264979.18,3027
2026-02-09,INE0BZQ01011,RCDL,SM,23.6,23.6,23.6,23.6,23.6,23.6,3000,70800.0,1
2026-02-09,INE00KV01022,RAJMET,EQ,3.99,4.1,3.95,4.04,4.01,3.99,477159,1920039.41,982
2026-02-09,INE535F01024,RAJOOENG,EQ,65.66,68.5,65.1,67.1,66.42,65.32,892226,59909037.8,6467
2026-02-09,INE0VHU01019,RAJPUTANA,SM,238.5,239.3,230.0,230.0,230.0,230.5,2000,471400.0,4
2026-02-09,INE0PCU01012,RAJINDLTD,SM,75.0,78.4,75.0,78.4,78.4,75.8,13500,1041600.0,9
2026-02-09,INE451D01029,RAJRATAN,EQ,471.9,484.55,471.2,475.95,474.8,469.65,124247,59239495.65,4541
2026-02-09,INE760W01023,RPPL,EQ,18.0,18.89,17.21,17.4,17.75,18.19,66412,1177321.99,745
2026-02-09,INE562B01019,RAJSREESUG,EQ,29.75,30.98,29.75,30.51,30.3,29.72,45233,1378873.61,550
2026-02-09,INE011H01014,RAJVIR,BZ,8.05,8.05,8.05,8.05,8.05,8.45,275,2213.75,1
2026-02-09,INE613A01020,RALLIS,EQ,273.0,280.25,272.3,278.4,278.0,270.65,704940,194455609.8,14423
2026-02-09,INE207E01023,RAMRAT,EQ,323.75,332.2,312.0,323.15,327.0,296.35,1937656,623551260.45,32328
2026-02-09,INE809A01032,RAMAPHO,EQ,159.99,161.46,156.01,157.05,156.24,159.28,41768,6616586.19,932
2026-02-09,INE230R01035,RAMASTEEL,EQ,7.81,8.05,7.79,7.98,7.98,7.79,8145721,64672950.97,8273
2026-02-09,INE14W901010,RTL,SM,74.9,74.9,61.75,65.1,65.1,65.15,6000,403500.0,3
2026-02-09,INE614A01028,RAMCOIND,EQ,317.95,330.0,314.85,327.7,326.9,316.75,84913,27419139.25,2250
2026-02-09,INE246B01019,RAMCOSYS,EQ,521.0,534.0,505.0,510.35,511.0,519.25,216774,112176211.5,6075
2026-02-09,INE0RJH01010,RBS,SM,85.15,88.45,85.15,88.45,88.45,86.0,4800,418480.0,6
2026-02-09,INE399G01023,RKFORGE,EQ,562.6,577.95,562.6,572.65,573.4,555.85,334173,190993434.5,12576
2026-02-09,INE874I01013,RAMKY,EQ,460.1,480.25,460.1,476.05,477.75,457.4,75267,35683621.7,2152
2026-02-09,INE625B01014,RANASUG,EQ,11.1,11.5,10.96,11.3,11.3,11.09,206714,2334805.82,1264
2026-02-09,INE050H01012,RML,EQ,836.7,851.45,826.75,841.25,840.0,836.7,24030,20228336.4,1763
2026-02-09,INE384A01010,RANEHOLDIN,EQ,1384.0,1450.0,1380.3,1440.5,1430.2,1396.5,9558,13584869.4,1211
2026-02-09,INE0QX901013,RAPIDFLEET,SM,177.75,177.75,177.1,177.1,177.1,177.25,1200,212910.0,2
2026-02-09,INE0MVO01012,RAPPID,SM,271.0,291.95,271.0,291.6,291.75,270.0,7800,2240550.0,10
2026-02-09,INE0J1F01024,RPTECH,EQ,389.0,396.1,384.4,390.2,391.0,382.2,163625,63909756.25,7886
2026-02-09,INE027A01015,RCF,EQ,134.0,137.9,133.4,137.05,136.8,132.98,1158497,158205531.61,15051
2026-02-09,INE0CLI01024,RATEGAIN,EQ,592.45,603.5,586.6,594.15,594.85,582.75,182345,108500534.15,7364
2026-02-09,INE703B01027,RATNAMANI,EQ,2000.0,2030.8,1992.0,2003.6,2010.0,2003.6,43901,88277748.7,5855
2026-02-09,INE05CZ01011,RATNAVEER,EQ,152.34,155.73,150.6,155.07,155.49,150.53,731179,112309356.66,5424
2026-02-09,INE834M01019,RTNINDIA,EQ,36.59,39.12,36.59,38.3,38.16,36.52,2426115,92542046.03,14226
2026-02-09,INE399K01017,RTNPOWER,EQ,8.95,9.22,8.89,9.12,9.14,8.91,13110060,119178258.08,14591
2026-02-09,INE722J01012,RKDL,EQ,20.12,22.01,20.12,21.05,21.23,20.73,18264,382660.18,222
2026-02-09,INE09E501017,RVHL,EQ,47.8,48.97,46.1,46.94,46.94,47.8,23607,1114238.59,287
2026-02-09,INE206N01018,RELTD,EQ,150.0,152.16,149.37,150.78,150.75,149.07,91657,13811785.09,1058
2026-02-09,INE02ID01020,RAYMONDLSL,EQ,1002.0,1039.9,999.9,1036.2,1030.2,992.0,87277,89690289.7,7339
2026-02-09,INE301A01014,RAYMOND,EQ,405.0,423.0,402.25,416.7,416.75,403.7,726243,302235897.0,19899
2026-02-09,INE1SY401010,RAYMONDREL,EQ,462.0,497.0,462.0,485.8,485.2,460.75,272147,132503105.95,12017
2026-02-09,INE976G01028,RBLBANK,EQ,303.4,309.05,302.5,308.15,307.7,302.1,2784476,854876479.05,22318
2026-02-09,INE0NA301016,RBMINFRA,SM,420.0,420.0,402.0,403.55,409.6,411.0,4000,1639430.0,18
2026-02-09,INE0PEQ01016,RBZJEWEL,EQ,141.6,149.48,141.6,146.72,146.69,141.59,138080,20220776.81,3876
2026-02-09,INE020B01018,RECLTD,EQ,374.0,377.95,354.35,359.9,359.2,372.5,23301540,8426924984.45,180250
2026-02-09,INE891D01026,REDINGTON,EQ,273.5,273.5,267.9,271.65,271.95,268.6,1378903,373282510.2,30954
2026-02-09,INE0LXT01019,REDTAPE,EQ,124.21,133.0,123.89,131.19,131.0,124.44,833000,108066020.11,12299
2026-02-09,INE056I01025,REFEX,EQ,228.69,242.0,228.69,239.75,238.5,227.85,818633,194570024.54,12126
2026-02-09,INE0TNX01015,REFRACTORY,SM,46.0,46.0,46.0,46.0,46.0,46.15,9000,414000.0,2
2026-02-09,INE0MHO01029,REGAAL,EQ,60.59,63.74,60.41,61.58,61.03,60.23,435827,27089446.86,4345
2026-02-09,INE277C01012,REGENCERAM,EQ,43.8,50.4,43.8,49.67,49.69,46.88,9438,445199.97,108
2026-02-09,INE131B01039,RELAXO,EQ,370.75,375.35,366.8,371.05,370.0,369.25,113148,42003758.3,6739
2026-02-09,INF204KC1030,GILT5YBEES,EQ,64.92,64.92,63.7,63.85,63.89,63.94,274826,17552035.72,656
2026-02-09,INF204KC1022,SDL26BEES,EQ,136.17,136.94,135.31,135.5,135.5,135.5,1710,232144.73,49
2026-02-09,INE375Y01018,RELIABLE,BE,160.5,160.5,156.55,158.53,159.9,161.53,13338,2118555.19,229
2026-02-09,INE750D01016,RELCHEMQ,EQ,132.0,134.55,130.28,131.47,133.6,130.27,1452,192397.12,109
2026-02-09,INE330H01018,RCOM,BE,1.07,1.09,1.05,1.05,1.05,1.07,3292128,3513768.51,2503
2026-02-09,INE217K01011,RHFL,BZ,2.81,2.81,2.72,2.73,2.74,2.8,764265,2109941.87,1811
2026-02-09,INE046A01015,RIIL,EQ,725.2,815.9,725.2,789.45,785.95,723.6,309817,242940553.9,12591
2026-02-09,INE002A01018,RELIANCE,EQ,1458.0,1465.9,1453.0,1461.6,1461.2,1450.8,5775864,8445811902.3,127171
2026-02-09,INE036A01016,RELINFRA,BE,114.5,123.0,114.11,116.79,117.4,120.11,2561007,296879338.94,13035
2026-02-09,INE614G01033,RPOWER,EQ,28.5,28.85,27.86,28.43,28.42,27.98,37947374,1072946686.63,53755
2026-02-09,INE621H01010,RELIGARE,EQ,247.2,262.49,245.5,258.84,259.0,245.72,2719716,699238273.67,20873
2026-02-09,INE474C01023,REMSONSIND,EQ,111.11,120.9,110.6,120.49,120.87,110.6,198769,23171681.88,3637
2026-02-09,INE0O5T01011,REMUS,SM,669.0,713.0,639.05,707.05,701.0,657.0,8900,6014725.0,65
2026-02-09,INE722H01024,RGL,EQ,121.52,127.4,120.98,125.4,124.86,118.55,1755188,219879112.1,13193
2026-02-09,INE0VZX01015,RNPL,ST,146.5,146.95,145.0,146.95,146.95,142.05,4800,702420.0,4
2026-02-09,INE612J01015,REPCOHOME,EQ,408.0,420.0,401.15,416.05,416.0,403.65,174292,72166935.3,6734
2026-02-09,INE461B01014,REPRO,EQ,414.0,429.0,413.2,415.65,416.0,413.55,14337,5968529.55,420
2026-02-09,INE688D01026,RESPONIND,EQ,188.14,196.5,188.14,189.86,189.6,189.86,140131,27031793.53,2060
2026-02-09,INE07T201019,RBA,EQ,64.27,65.65,63.92,65.11,65.3,64.28,4945817,320287628.16,9987
2026-02-09,INE0DAB01012,RVTH,EQ,620.0,638.9,620.0,625.75,626.85,616.75,517,323951.25,57
2026-02-09,INE00D001018,REXPIPES,SM,155.0,155.0,146.0,149.5,152.5,149.75,6000,902500.0,6
2026-02-09,INE113601012,REXPRO,SM,55.0,55.9,55.0,55.9,55.9,50.85,12000,669900.0,11
2026-02-09,INE0KKN01029,RHETAN,EQ,26.0,26.35,25.5,25.58,25.7,25.74,496717,12787815.72,1654
2026-02-09,INE743M01012,RHIM,EQ,439.0,453.2,435.15,451.3,450.0,435.1,140282,62699578.2,7100
2026-02-09,INE0J1P01015,RICHA,SM,65.95,68.85,65.05,68.6,68.6,68.45,48000,3267150.0,40
2026-02-09,INE209B01025,RICOAUTO,EQ,131.1,134.5,129.0,133.92,133.55,128.4,3400811,450170492.79,20634
2026-02-09,INE0N2P01017,RISHABH,EQ,436.0,460.0,436.0,445.65,446.0,436.65,244269,110033030.9,6029
2026-02-09,INE01EG01016,RITCO,EQ,236.1,249.75,236.1,244.21,245.0,237.08,133629,32843523.8,1470
2026-02-09,INE320J01015,RITES,EQ,226.0,229.25,224.69,228.56,228.8,223.87,706804,161057817.95,14882
2026-02-09,INE786W01010,RKEC,EQ,44.89,45.89,43.95,45.64,45.75,43.89,29543,1334546.58,342
2026-02-09,INE0SA001017,RNFI,SM,305.0,318.7,297.0,312.25,314.9,310.0,16200,5020290.0,26
2026-02-09,INE508K01013,RHL,EQ,183.13,188.0,180.42,186.49,188.0,183.13,9635,1781635.28,348
2026-02-09,INE0PTR01012,ROCKINGDCE,ST,229.6,229.6,208.05,218.5,219.0,218.95,2000,432462.5,8
2026-02-09,INE645S01024,ROLEXRINGS,EQ,126.4,130.49,125.13,128.25,128.6,125.71,1962891,249322832.66,8730
2026-02-09,INE927A01040,ROLLT,BE,1.26,1.27,1.22,1.25,1.25,1.24,125703,157889.33,135
2026-02-09,INE02A801020,ROSSARI,EQ,525.05,541.0,517.6,538.75,540.35,519.75,43808,23222920.65,2730
2026-02-09,INE847C01020,ROSSELLIND,EQ,45.55,47.68,45.5,46.05,46.0,43.94,54985,2536203.77,1468
2026-02-09,INE0OJW01016,ROSSTECH,EQ,757.4,761.8,738.4,754.9,747.0,738.35,99806,75149418.8,5960
2026-02-09,INE535D01037,ROTO,EQ,59.07,63.0,58.96,61.66,62.5,59.06,1025419,62997712.3,7079
2026-02-09,INE450U01017,ROUTE,EQ,580.0,592.2,573.3,585.4,588.0,574.45,188423,110009671.4,12149
2026-02-09,INE0PDJ01013,ROXHITECH,SM,35.0,35.0,33.8,33.8,33.8,34.25,16000,546880.0,9
2026-02-09,INE0EO401019,ROYALARC,SM,163.0,163.0,163.0,163.0,163.0,164.0,2400,391200.0,2
2026-02-09,INE283H01019,ROHLTD,EQ,374.65,394.45,374.65,387.1,385.0,374.65,58086,22315233.85,2604
2026-02-09,INE105J01010,RPGLIFE,EQ,1977.5,2004.0,1950.1,2000.0,2004.0,1975.5,11331,22457274.9,2210
2026-02-09,INE425Y01011,RPSGVENT,EQ,687.45,798.0,687.45,779.3,775.45,691.9,320040,246811225.75,14150
2026-02-09,INE611A01016,RSWM,EQ,162.6,165.05,162.0,163.59,162.5,160.89,66217,10840747.16,884
2026-02-09,INE642C01025,RUBFILA,EQ,70.15,73.9,70.15,72.57,72.3,72.16,9603,698449.18,338
2026-02-09,INE506V01022,RUBICON,EQ,785.0,808.45,782.65,787.15,784.15,784.65,175408,139424189.9,10492
2026-02-09,INE413B01023,RUCHINFRA,EQ,6.11,6.18,6.0,6.13,6.06,6.08,64196,391521.61,241
2026-02-09,INE803H01014,RUCHIRA,EQ,124.8,125.04,122.0,124.33,124.6,122.78,28472,3525250.09,631
2026-02-09,INE027T01023,RUDRA,EQ,19.45,19.45,18.9,19.07,19.3,18.77,48312,926180.86,334
2026-02-09,INE364Z01019,REPL,EQ,102.0,102.0,97.0,98.76,98.01,97.01,10709,1054753.84,275
2026-02-09,INE0R7301013,RULKA,SM,98.5,100.0,98.5,99.05,99.0,100.0,4200,416175.0,11
2026-02-09,INE895B01021,RUPA,EQ,147.98,152.44,147.98,151.77,151.49,147.23,191188,28854079.89,4189
2026-02-09,INE573K01025,RUSHIL,EQ,19.99,20.9,19.7,20.58,20.7,19.82,321051,6501429.41,1420
2026-02-09,INE0BSN01013,SATECH,ST,52.0,52.0,51.25,51.25,51.25,49.85,2000,103250.0,2
2026-02-09,INE807K01035,SCHAND,EQ,163.6,167.18,162.42,166.49,166.8,161.75,30367,5015361.77,798
2026-02-09,INE0X6F01017,SDREAMS,SM,95.0,95.0,87.0,88.2,87.0,96.0,24000,2194700.0,22
2026-02-09,INE500L01026,SHK,EQ,171.9,183.0,170.08,177.77,175.84,169.23,1076953,192013205.42,14256
2026-02-09,INE0F3301020,SJLOGISTIC,SM,343.0,351.0,340.0,341.95,343.95,340.85,31750,10920150.0,77
2026-02-09,INE902B01017,S&SPOWER,EQ,251.4,262.4,245.5,261.85,262.0,250.15,4108,1062765.7,78
2026-02-09,INE212I01016,SPAL,EQ,737.65,802.4,730.2,786.15,790.0,707.85,365057,284396246.2,15491
2026-02-09,INE658G01014,SALSTEEL,BE,44.16,47.76,43.22,47.76,47.76,45.49,287949,12989067.38,673
2026-02-09,INE0PSK01027,SAAKSHI,SM,195.95,195.95,193.8,195.2,195.95,192.05,6600,1287270.0,11
2026-02-09,INE13B501022,SAATVIKGL,EQ,429.45,438.15,418.6,423.65,421.15,429.25,142581,61328877.8,5131
2026-02-09,INE860T01019,SABEVENTS,BE,14.22,14.5,14.22,14.5,14.5,14.22,28284,404224.8,46
2026-02-09,INE0DZ101013,SABAR,ST,5.5,5.5,5.15,5.15,5.15,5.25,20000,105750.0,4
2026-02-09,INE1ARD01016,SACHEEROME,ST,370.0,370.0,353.05,360.0,360.0,370.0,9000,3253590.0,13
2026-02-09,INE226H01026,SADBHAV,EQ,6.4,6.4,6.3,6.4,6.4,6.1,224804,1437345.38,273
2026-02-09,INE764L01010,SADBHIN,EQ,3.98,4.0,3.79,3.96,3.99,3.83,452163,1778261.71,798
2026-02-09,INE888C01040,SADHNANIQ,EQ,6.15,6.25,6.03,6.21,6.24,6.03,659217,4069425.46,860
2026-02-09,INE0K5H01010,SADHAV,SM,98.0,98.2,98.0,98.1,98.05,94.75,1800,176550.0,3
2026-02-09,INE429E01023,SAFARI,EQ,2120.2,2175.0,2105.6,2170.4,2171.0,2123.4,20762,44705838.9,6036
2026-02-09,INE17D601016,SAFEENTP,SM,230.0,244.0,230.0,243.15,243.0,228.0,38500,8996675.0,56
2026-02-09,INE229C01021,SAGCEM,EQ,194.4,203.3,191.0,191.71,191.1,193.69,218193,42685176.38,5158
2026-02-09,INE976T01013,SAGARDEEP,EQ,25.99,25.99,24.8,24.88,24.8,25.13,6203,157103.36,124
2026-02-09,INE0W2G01015,SAGILITY,EQ,48.77,49.0,48.16,48.77,48.61,48.23,15487610,753639643.89,66280
2026-02-09,INE013901017,SAHAJ,SZ,4.25,4.45,4.05,4.45,4.45,4.25,40000,171200.0,10
2026-02-09,INE0P4701011,SAHAJSOLAR,SM,148.4,159.95,148.4,157.9,158.0,145.45,33200,5179860.0,80
2026-02-09,INE0LEX01011,SAHANA,SM,938.0,955.0,935.0,941.4,939.0,931.55,21375,20210787.5,118
2026-02-09,INE0RBQ01018,SAHASRA,SM,295.0,300.0,291.5,298.15,296.0,287.85,38800,11524680.0,92
2026-02-09,INE280H01015,SAHYADRI,EQ,262.03,262.03,254.51,255.99,256.0,260.73,1836,473730.55,115
2026-02-09,INE570L01029,SAILIFE,EQ,860.0,901.7,858.5,893.65,893.0,849.8,1389845,1237065980.05,49757
2026-02-09,INE438K01021,KALAMANDIR,EQ,118.5,120.4,116.11,119.51,119.08,116.11,601413,71359523.68,6978
2026-02-09,INE732S01012,SAKAR,EQ,445.25,504.7,444.7,496.55,488.0,437.3,384934,185966344.2,12573
2026-02-09,INE667G01023,SAKSOFT,EQ,162.99,165.99,161.6,164.57,164.53,162.44,207257,33940627.19,4374
2026-02-09,INE623A01011,SAKHTISUG,EQ,17.6,17.79,17.1,17.4,17.45,17.34,88080,1544583.64,504
2026-02-09,INE190H01024,SAKUMA,EQ,2.01,2.08,1.99,2.03,2.04,1.97,1563819,3169826.11,1835
2026-02-09,INE170V01027,SALASAR,EQ,8.35,8.89,8.3,8.78,8.77,8.27,7430984,64565926.15,7748
2026-02-09,INE498E01010,SALONA,EQ,264.99,264.99,250.0,253.32,254.99,259.49,928,235385.59,107
2026-02-09,INE457F01013,SALZERELEC,EQ,615.85,653.2,602.55,647.3,640.55,611.1,81592,52125601.15,4884
2026-02-09,INE124101010,SAMAY,SM,47.05,47.05,47.05,47.05,47.05,47.05,4000,188200.0,1
2026-02-09,INE699B01027,SAMBHAAV,BE,7.98,7.99,7.5,7.82,7.85,7.74,11447,90560.92,75
2026-02-09,INE12NJ01018,SAMBHV,EQ,92.29,96.6,91.8,95.58,95.5,91.54,804482,76519209.07,8368
2026-02-09,INE0PZA01015,SAIFL,SM,10.95,11.6,10.95,11.1,11.1,11.45,28000,315400.0,7
2026-02-09,INE08U801020,SAMHI,EQ,173.18,173.18,166.96,170.45,170.55,165.74,1031538,175344120.97,18573
2026-02-09,INE148I01020,SAMMAANCAP,EQ,146.37,150.0,146.37,149.14,148.5,146.07,5388503,801839617.97,20897
2026-02-09,INE735M01018,SAMPANN,EQ,33.7,33.8,32.53,32.68,32.62,32.99,31284,1032746.87,428
2026-02-09,INE775A01035,MOTHERSON,EQ,119.7,124.8,119.21,124.41,124.65,118.1,20428343,2499481320.98,76549
2026-02-09,INE0JPD01013,SANATHAN,EQ,417.1,448.0,414.85,442.7,438.9,443.2,96684,42273211.75,4100
2026-02-09,INE782L01012,SANCO,BZ,2.66,2.66,2.62,2.62,2.62,2.67,3069,8062.62,14
2026-02-09,INE583B01015,SANDESH,EQ,1066.5,1080.0,1052.1,1064.4,1054.0,1055.4,1844,1968896.2,242
2026-02-09,INE278H01035,SANDHAR,EQ,538.6,557.75,535.7,553.5,547.8,530.85,171508,94646523.35,5157
2026-02-09,INE149K01016,SANDUMA,EQ,213.0,217.8,211.0,213.56,213.8,212.6,2045281,436980165.84,25620
2026-02-09,INE495C01010,SANGAMIND,EQ,480.3,498.0,480.3,489.75,488.75,474.3,24674,12053178.95,1704
2026-02-09,INE0OVI01010,SANGANI,SM,50.9,50.9,47.45,47.45,47.45,49.9,4500,218700.0,3
2026-02-09,INE999B01013,SANGHIIND,EQ,62.06,64.85,62.06,64.32,64.02,62.44,1713739,109775850.49,2627
2026-02-09,INE989A01032,SANGHVIMOV,EQ,308.1,312.0,298.45,303.4,303.4,318.2,430505,131028512.4,10342
2026-02-09,INE753W01010,SANGINITA,EQ,10.82,12.73,10.82,12.58,12.73,10.61,413507,5022885.91,1155
2026-02-09,INE0UOS01011,SANOFICONR,EQ,4252.0,4252.0,4183.0,4201.8,4200.0,4252.1,2091,8804091.2,664
2026-02-09,INE058A01010,SANOFI,EQ,4022.8,4034.0,4001.0,4006.7,4006.0,4000.9,13859,55569745.8,2026
2026-02-09,INE953O01021,SANSERA,EQ,1887.0,1924.0,1831.6,1911.7,1907.0,1849.1,228092,431999489.6,24761
2026-02-09,INE08NE01025,SANSTAR,EQ,89.5,91.33,89.32,90.58,90.5,89.01,114975,10387902.14,1399
2026-02-09,INE890C01046,SANWARIA,BZ,0.33,0.33,0.33,0.33,0.33,0.32,471172,155486.76,139
2026-02-09,INE806T01020,SAPPHIRE,EQ,214.0,216.08,210.63,213.91,215.0,215.14,420137,89736412.64,12573
2026-02-09,INE0PUC01020,SARTELE,SM,207.0,218.6,204.5,215.25,211.8,206.15,496000,104190800.0,435
2026-02-09,INE0PQ101010,SSDL,EQ,75.98,77.56,74.64,76.26,76.35,73.8,41612,3165143.25,863
2026-02-09,INE385C01021,SARDAEN,EQ,499.0,518.95,490.0,514.15,514.55,529.55,1290303,659723539.15,44767
2026-02-09,INE979A01025,SAREGAMA,EQ,329.0,354.8,329.0,350.85,349.4,329.0,893146,311141424.2,25408
2026-02-09,INE453D01025,SARLAPOLY,EQ,77.55,82.0,77.55,81.37,81.98,77.91,225235,17980727.79,2521
2026-02-09,INE017W01010,SMLT,EQ,74.57,76.45,73.7,74.23,74.0,74.19,5293,399182.36,178
2026-02-09,INE324X01026,SARVESHWAR,EQ,4.03,4.25,4.03,4.17,4.18,4.03,5990141,24674868.0,3499
2026-02-09,INE231F01020,SASKEN,EQ,1297.0,1390.0,1251.0,1267.2,1267.0,1254.0,239102,314112195.3,11586
2026-02-09,INE019J01013,SASTASUNDR,EQ,304.8,307.85,295.0,299.65,299.1,298.25,10325,3099845.6,711
2026-02-09,INE0NB801022,SATKARTAR,SM,147.0,150.0,147.0,150.0,150.0,144.5,3200,477600.0,3
2026-02-09,INE0RFP01011,SSEGL,SM,424.0,438.0,408.0,422.95,425.0,397.45,68400,28850510.0,239
2026-02-09,INE0RPM01017,SATIPOLY,SM,48.3,48.3,48.3,48.3,48.3,46.0,1500,72450.0,3
2026-02-09,INE170E01023,SATIA,EQ,63.0,63.37,61.52,62.68,62.25,61.23,67352,4217928.87,1181
2026-02-09,INE836B01017,SATIN,EQ,159.88,162.8,157.9,158.35,157.9,159.88,341838,54695159.07,2934
2026-02-09,INE14DW01018,SATTVAENGG,SM,55.35,55.35,55.35,55.35,55.35,54.45,3200,177120.0,2
2026-02-09,INE626A01014,SAURASHCEM,EQ,72.1,74.75,72.1,74.14,73.75,72.97,63087,4652761.45,643
2026-02-09,INE035D01020,SOTL,EQ,352.9,366.95,352.85,359.65,359.0,351.8,17703,6371958.3,1318
2026-02-09,INE0UCN01017,SAVY,SM,148.0,149.55,145.0,147.25,149.5,145.9,9600,1416180.0,8
2026-02-09,INE10VS01016,SAWALIYA,SM,315.5,316.45,308.0,309.25,308.0,313.0,70800,22030770.0,59
2026-02-09,INE04AK01028,SBC,EQ,30.9,31.0,30.21,30.6,30.25,30.69,11368867,348838183.87,8152
2026-02-09,INE423Y01016,SBFC,EQ,93.62,97.99,93.1,97.39,97.3,93.64,1903124,182930910.56,22223
2026-02-09,INE018E01016,SBICARD,EQ,758.75,772.6,755.8,765.55,765.1,756.3,1458460,1117510983.8,39694
2026-02-09,INE123W01016,SBILIFE,EQ,1996.7,2036.2,1996.7,2024.0,2026.0,1996.7,1266623,2562560349.8,63000
2026-02-09,INF200KA16D8,SETFGOLD,EQ,132.34,133.79,131.4,131.89,131.89,129.12,15641927,2063488259.16,29508
2026-02-09,INF200KA1FS1,SETFNIF50,EQ,275.68,277.5,275.68,276.45,276.4,274.8,1095405,302789989.72,9840
2026-02-09,INF200KA1580,SETFNIFBK,EQ,618.89,625.28,617.33,620.37,620.5,615.13,15781,9785660.66,528
2026-02-09,INF200KA1598,SETFNN50,EQ,741.97,744.89,734.9,742.7,741.5,734.31,34053,25204050.14,1730
2026-02-09,INF200KA13Z8,LIQUIDSBI,EQ,999.99,1000.01,999.99,999.99,999.99,999.99,9198,9198028.94,49
2026-02-09,INF200KB1712,SBIBPB,EQ,50.13,53.5,50.13,52.93,53.5,51.42,213652,11295057.36,1048
2026-02-09,INF200KA1X17,SBIETFCON,EQ,121.14,122.0,121.13,121.87,121.81,121.14,11096,1350601.79,254
2026-02-09,INF200KA1S14,SBIETFIT,EQ,393.13,396.82,391.51,392.68,392.67,393.13,14871,5836599.7,354
2026-02-09,INF200KA1S22,SBIETFPB,EQ,296.83,298.49,294.48,296.32,297.95,295.35,11719,3466723.73,144
2026-02-09,INF200KA1WX6,SBIETFQLTY,EQ,225.45,227.29,225.44,226.91,227.0,226.16,6975,1582775.38,98
2026-02-09,INF200KB1969,SBILIQETF,EQ,1026.08,1026.1,1026.08,1026.08,1026.08,1025.98,5715,5864156.32,36
2026-02-09,INF200KB1282,SBINEQWETF,EQ,33.67,34.35,33.61,33.93,34.0,33.5,30797,1043593.2,325
2026-02-09,INF200KB1217,SBISILVER,EQ,246.65,251.73,245.65,249.53,249.75,230.04,5971967,1488751201.23,41889
2026-02-09,INF200KA1JT1,SETF10GILT,EQ,258.5,259.78,257.51,258.09,258.05,258.5,10457,2708386.57,95
2026-02-09,INE513A01022,SCHAEFFLER,EQ,3886.0,4071.3,3833.5,3988.9,3953.0,3814.3,57354,226710361.8,9764
2026-02-09,INE839M01018,SCHNEIDER,EQ,771.95,782.75,761.15,768.8,769.0,768.9,234393,180740975.15,12148
2026-02-09,INE148I07XG8,865SCL27,N4,985.0,985.0,950.0,950.0,950.0,990.0,10,9535.0,2
2026-02-09,INE148I07XK0,888SCL28,,905.0,972.0,905.0,972.0,972.0,1100.0,28,26278.0,2
2026-02-09,INE148I07YA9,9SCL27,N2,1000.8,1005.2,1000.8,1005.2,1005.2,1008.0,56,56241.2,5
2026-02-09,INE148I07XS3,925SCL30A,NH,900.45,900.45,900.3,900.45,900.45,900.45,79,71134.05,3
2026-02-09,INE148I07WZ0,975SCL35,N0,98750.0,98750.0,98750.0,98750.0,98750.0,98750.0,2,197500.0,1
2026-02-09,INE148I07WI6,990SCL28,N1,1035.2,1035.2,1035.2,1035.2,1035.2,1033.2,11,11387.2,1
2026-02-09,INE148I07XY1,995SCL2035,NM,978.0,978.0,970.0,970.45,970.25,970.0,41,39939.5,7
2026-02-09,INE090501011,SCODATUBES,EQ,134.46,145.5,132.34,144.1,145.5,132.47,302731,42194046.93,4397
2026-02-09,IN1620220302,757HR30,SG,99.64,99.64,99.64,99.64,99.64,98.7,100,9964.0,1
2026-02-09,IN2820220167,763PN39,SG,95.0,95.0,95.0,95.0,95.0,97.0,1100,104500.0,1
2026-02-09,IN3120220386,776TN53,SG,95.48,95.48,95.48,95.48,95.48,100.5,1000,95480.0,1
2026-02-09,INE027E07972,935LTF29,N5,1150.0,1150.0,1149.99,1149.99,1149.99,1138.51,20,22999.87,3
2026-02-09,INE497B01018,SEAMECLTD,EQ,1308.1,1310.4,1265.0,1295.2,1295.8,1291.6,48442,62564298.7,4226
2026-02-09,INE530B07351,IIFLZC26B,NY,1224.0,1224.0,1224.0,1224.0,1224.0,1224.0,100,122400.0,3
2026-02-09,INE530B07369,IIFLZC28B,Y1,1210.0,1210.0,1210.0,1210.0,1210.0,1185.5,150,181500.0,1
2026-02-09,INE244L07523,890SFIL23A,NZ,645.0,645.0,645.0,645.0,645.0,645.0,153,98685.0,3
2026-02-09,INE148I07OW4,1015SCL28B,AZ,999.5,999.5,995.55,995.55,995.55,1000.0,32,31944.5,3
2026-02-09,INE148I07UK6,1015SCL29B,N1,990.0,990.0,990.0,990.0,990.0,1019.66,5,4950.0,1
2026-02-09,INE148I07SQ7,1025SCL34,Z8,980.0,990.0,980.0,990.0,990.0,1000.0,198,194520.0,9
2026-02-09,INE148I07UV3,1025SCL34B,N1,999.0,999.0,999.0,999.0,999.0,985.0,60,59940.0,2
2026-02-09,INE148I07PV3,888SCL25E,N4,850.0,850.0,850.0,850.0,850.0,849.0,9,7650.0,1
2026-02-09,INE583D07448,1035UCL26,,180.0,180.0,180.0,180.0,180.0,150.0,9,1620.0,2
2026-02-09,INE342T07437,1040NFL26,,995.0,995.0,995.0,995.0,995.0,1029.0,10,9950.0,2
2026-02-09,INE583D07463,105UCL2026,NB,952.0,980.06,952.0,980.05,980.05,1070.0,41,39312.55,3
2026-02-09,INE413U07251,1050ISFL28,N5,1020.0,1020.0,1020.0,1020.0,1020.0,1005.0,60,61200.0,2
2026-02-09,INE342T07387,1050NFL26,N7,1000.0,1000.0,995.0,995.0,995.0,1000.0,121,120895.0,3
2026-02-09,INE244L07556,1003SFIL28,NX,666.0,666.0,642.2,642.2,642.2,666.0,21,13510.0,2
2026-02-09,INE342T07460,1065NFL27,NC,956.0,1007.0,956.0,1005.0,1005.0,1010.0,216,216722.0,16
2026-02-09,INE148I07RW7,1075SCL33,YK,950.2,950.2,950.2,950.2,950.2,975.0,1,950.2,1
2026-02-09,INE148I07TP7,1075SCL34,ZR,1043.0,1043.0,1026.0,1026.0,1026.0,1043.0,24,24862.0,2
2026-02-09,INE583D07455,11UCL26,NC,1100.0,1100.0,1100.0,1100.0,1100.0,1090.2,15,16500.0,2
2026-02-09,INE342T07403,1102NFL26,N8,1090.0,1090.0,1052.4,1052.4,1052.4,1051.0,52,56642.4,2
2026-02-09,INE219X07207,76IGT26,ND,1054.0,1055.0,1054.0,1054.99,1054.99,1052.0,381,401754.19,5
2026-02-09,INE0H7R07017,79NHIT35,N1,313.0,314.0,313.0,314.0,314.0,312.51,5406,1696936.3,13
2026-02-09,INE0H7R07025,79NHIT40,N2,372.0,372.0,316.0,316.0,316.0,310.0,5,1648.4,5
2026-02-09,INE0H7R07033,79NHIT47,N3,421.0,421.0,421.0,421.0,421.0,416.0,24,10104.0,1
2026-02-09,INE219X07280,797IGT31,NL,1024.8,1024.8,1024.8,1024.8,1024.8,1019.0,20,20496.0,1
2026-02-09,INE477L07AN9,820IIFL27,N9,990.0,993.89,990.0,993.68,993.89,989.57,100,99154.71,3
2026-02-09,INE121A07RF6,925IHFL25E,N8,1038.0,1038.0,1038.0,1038.0,1038.0,1038.0,10,10380.0,1
2026-02-09,INE121A07QW3,830CIFC26,N2,1171.0,1171.0,1055.0,1055.0,1055.0,1047.2,108,118608.0,6
2026-02-09,INE121A07QY9,840CIFCL28,N4,1069.99,1069.99,1065.0,1065.0,1065.0,1060.0,55,58819.51,4
2026-02-09,INE530B07161,842IIFL26,NL,990.0,995.95,990.0,990.55,990.1,988.1,1529,1516156.95,8
2026-02-09,INE477L07AQ2,843IHFL29,NC,862.01,963.25,862.01,963.25,963.25,972.0,1160,1043285.7,4
2026-02-09,INE121A07RO8,850CIFCL26,NE,1004.0,1010.0,978.9,1010.0,1010.0,1106.0,157,155510.2,6
2026-02-09,INE477L07BB2,865IHFL27,N1,972.0,972.0,972.0,972.0,972.0,970.0,10,9720.0,1
2026-02-09,INE530B07310,865IIFL28,NS,995.0,995.0,988.0,988.0,988.0,986.5,1127,1113840.0,6
2026-02-09,INE530B07179,875IIFL26,NM,1012.0,1012.0,1007.55,1007.55,1007.55,1007.55,500,503819.5,2
2026-02-09,INE148I07LE8,889SCFL27,YC,1000.0,1000.0,1000.0,1000.0,1000.0,986.0,8,8000.0,1
2026-02-09,INE338I07164,897MOFSL29,N4,1020.0,1020.0,1020.0,1020.0,1020.0,1032.0,500,510000.0,6
2026-02-09,INE516Y07428,9PCHFL31A,,1065.0,1065.0,1065.0,1065.0,1065.0,1070.1,200,213000.0,3
2026-02-09,INE530B07260,9IIFL28A,NT,992.5,992.5,992.5,992.5,992.5,992.5,75,74437.5,1
2026-02-09,INE338I07149,91MOFSL27,N2,1053.0,1068.9,1051.0,1065.0,1065.0,1060.0,550,580884.7,9
2026-02-09,INE413U07285,920IIFLS26,N8,1000.0,1000.0,1000.0,1000.0,1000.0,1000.0,73,73000.0,1
2026-02-09,INE148I07TC5,925SCL26D,ZD,980.0,980.0,980.0,980.0,980.0,994.0,5,4900.0,1
2026-02-09,INE741K07595,925CAGL26,N9,995.0,1005.0,995.0,1005.0,1005.0,1005.0,40,40000.0,2
2026-02-09,INE148I07KN1,889SCL26,NS,1010.35,1030.55,1010.35,1030.55,1030.55,1028.55,33,33503.15,2
2026-02-09,INE338I07107,935MOFSL29,N5,1088.0,1090.0,1088.0,1090.0,1090.0,1099.0,30,32660.0,2
2026-02-09,INE148I07ND6,965SCL25C,N0,407.0,407.0,407.0,407.0,407.0,407.0,5,2035.0,4
2026-02-09,INE148I07QK4,948SCL26A,NN,310.51,353.0,310.51,353.0,353.0,310.51,1046,324920.93,2
2026-02-09,INE413U07335,960IIFLS26,N9,1059.8,1059.8,1059.8,1059.8,1059.8,1046.2,7,7418.6,1
2026-02-09,INE148I07SD5,965SCL26,YO,1086.0,1086.0,1073.25,1073.25,1073.25,1089.0,8,8598.75,3
2026-02-09,INE148I07US9,965SCL26F,N1,1016.0,1016.0,1016.0,1016.0,1016.0,1025.0,7,7112.0,1
2026-02-09,INE423A07328,965AEL27,N4,1054.9,1054.9,1046.0,1046.0,1046.0,1054.9,31,32434.9,2
2026-02-09,INE741K07579,970CAGL28,ND,1024.0,1027.0,1023.0,1025.0,1025.0,1025.5,269,275819.5,15
2026-02-09,INE423A07344,99AEL29,N7,1070.0,1070.0,1066.0,1066.0,1066.0,1064.0,1350,1439300.0,3
2026-02-09,INE121A07RI0,CIFC28,NB,1214.0,1214.0,1214.0,1214.0,1214.0,1072.59,178,216092.0,4
2026-02-09,INE338I07156,0MOFSL26,N1,1157.5,1157.5,1157.5,1157.5,1157.5,1157.5,50,57875.0,2
2026-02-09,INE423A07369,AEL120924,N2,1135.0,1135.0,1135.0,1135.0,1135.0,1102.01,5,5675.0,1
2026-02-09,INE148I07UG4,SCL25924A,N1,1101.0,1101.0,1101.0,1101.0,1101.0,1115.0,2,2202.0,1
2026-02-09,INE148I07TA9,SCL310524,ZF,1145.25,1145.25,1145.25,1145.25,1145.25,1145.2,2,2290.5,1
2026-02-09,INE148I07OS2,SCLZC26B,AY,1222.55,1222.55,1222.55,1222.55,1222.55,1220.65,8,9780.4,1
2026-02-09,INE244L07549,957SFIL28,NW,1314.85,1314.85,1314.85,1314.85,1314.85,1299.0,4,5259.4,1
2026-02-09,INE530L07228,10NIDO26,N6,1045.05,1050.0,1045.05,1050.0,1050.0,1050.0,2552,2679427.7,23
2026-02-09,INE804IA7014,1015ECL29,NR,1014.0,1020.0,1010.0,1018.98,1020.0,1015.0,779,790568.88,20
2026-02-09,INE511C07706,829PFL29,N6,1260.0,1260.0,1260.0,1260.0,1260.0,1260.0,2,2520.0,1
2026-02-09,INE804IA7022,1060ECL29,NS,1025.0,1025.1,1025.0,1025.1,1025.1,1015.0,50,51250.1,2
2026-02-09,INE033L07GS6,81TCHF28,N8,1024.0,1024.0,1024.0,1024.0,1024.0,1015.55,11,11264.0,3
2026-02-09,INE033L07GU2,84TCHF28,,1026.0,1026.0,1026.0,1026.0,1026.0,1023.99,15,15390.0,2
2026-02-09,INE148I07GJ7,865SCL26,N8,1020.0,1020.0,1020.0,1020.0,1020.0,991.61,180,183600.0,1
2026-02-09,INE721A07PK7,875SFL27,ZF,1095.75,1095.75,1032.0,1032.0,1032.0,1095.0,218,225182.25,6
2026-02-09,INE148I07GL3,9SCL26BA,,1012.2,1022.0,1012.2,1020.01,1020.01,1023.0,334,340801.27,10
2026-02-09,INE721A07NU1,903SFL28,YI,1055.0,1055.0,1055.0,1055.0,1055.0,1038.0,1,1055.0,1
2026-02-09,INE721A07PA8,931SFL26,Z5,1030.0,1059.0,1030.0,1059.0,1059.0,1020.0,102,107989.0,3
2026-02-09,INE721A07NX5,94SFL28,YL,1270.0,1270.0,1086.0,1087.0,1087.0,1078.05,110,121350.0,4
2026-02-09,INE804I078Y8,943ECL28,NJ,995.3,995.3,995.1,995.1,995.1,993.0,10,9951.2,2
2026-02-09,INE804I079Y6,985ECL28,NK,1038.9,1038.9,1032.02,1032.02,1032.02,1038.0,180,186382.8,2
2026-02-09,INE530L07236,NIDOZC26,N7,2445.8,2458.8,2445.8,2458.8,2458.8,2463.0,40,98300.0,2
2026-02-09,INE148I07GN9,SCLZC26,NB,2183.2,2183.2,2170.0,2183.2,2183.2,2183.2,74,161292.8,7
2026-02-09,INE0BTM01013,SECMARK,EQ,103.53,109.57,100.43,102.9,104.96,101.0,2468,254964.97,81
2026-02-09,INE650K01021,SECURKLOUD,BE,22.29,22.29,21.06,22.1,21.85,21.76,8232,178329.85,70
2026-02-09,INE955I01044,SEJALLTD,EQ,705.0,720.0,672.1,680.7,680.0,696.5,8526,5851893.25,647
2026-02-09,INE105I01020,SELMC,BE,31.49,31.49,28.76,30.7,30.95,30.27,11660,348014.4,91
2026-02-09,INE0IJF01013,SELLOWRAP,SM,71.1,71.1,71.1,71.1,71.1,73.0,3200,227520.0,2
2026-02-09,INE617A01013,SEMAC,EQ,257.4,270.0,257.4,262.11,263.29,258.67,992,258876.59,71
2026-02-09,INE602W01027,SENCO,EQ,338.8,360.0,334.4,355.3,355.7,332.75,3989512,1398299521.1,76268
2026-02-09,INE0RB801010,SENORES,EQ,830.0,849.4,825.0,833.35,835.5,825.3,219621,183369956.6,8466
2026-02-09,INE964H01014,SEPC,EQ,9.6,9.98,9.29,9.78,9.69,9.02,38509791,368199053.29,25692
2026-02-09,INE027E07BB0,85LTF26,NM,1003.07,1003.07,1003.07,1003.07,1003.07,1003.06,2,2006.14,1
2026-02-09,INE027E07BC8,865LTF26,NN,1015.98,1016.0,1015.98,1016.0,1016.0,1011.25,200,203199.0,3
2026-02-09,INE027E07998,898LTF29,N7,1073.0,1073.0,1071.98,1071.98,1071.98,1073.0,92,98672.66,5
2026-02-09,INE027E07AL1,905LTF27,NF,1082.0,1100.0,1080.0,1100.0,1100.0,1090.0,150,162770.0,9
2026-02-09,INE306N07LM5,865TCAPS27,N8,1049.2,1050.0,1049.2,1050.0,1050.0,1048.5,30,31484.0,2
2026-02-09,INE244L07184,92SFIL28,ND,1013.11,1013.11,1013.11,1013.11,1013.11,1011.0,100,101311.0,2
2026-02-09,INE0P1Q01015,SERVICE,SM,49.95,50.0,49.95,49.95,49.95,48.95,6000,299800.0,3
2026-02-09,INE782X01033,SERVOTECH,EQ,80.4,83.54,79.07,80.77,80.7,79.73,1050659,85338563.61,11564
2026-02-09,INE04VU01023,STYL,EQ,261.36,266.0,255.2,263.51,264.99,260.08,73994,19292651.97,5125
2026-02-09,INE630A01024,SESHAPAPER,EQ,248.5,262.0,244.32,249.85,249.8,237.88,148670,37451201.63,3848
2026-02-09,INE878E01021,SETCO,EQ,15.2,15.24,14.8,14.8,14.8,15.57,117832,1760308.12,195
2026-02-09,INE023M01027,SETUINFRA,BZ,0.43,0.44,0.4,0.42,0.42,0.42,73853,30674.96,90
2026-02-09,INE573R01012,SEYAIND,BE,16.98,17.7,16.15,16.95,16.95,16.97,4344,72443.41,51
2026-02-09,INE618R01015,SGFIN,EQ,373.45,396.05,370.05,389.2,390.0,372.9,424458,163479488.4,7068
2026-02-09,INE385F01024,SGMART,EQ,369.0,418.9,365.15,405.3,410.9,366.9,1522487,603058205.05,21350
2026-02-09,INE12UN01015,SHADOWFAX,EQ,115.29,116.29,112.51,114.62,115.43,113.95,2265476,259620670.58,20132
2026-02-09,INE640C01011,SHAHALLOYS,EQ,63.49,68.68,63.49,65.89,66.0,63.49,3339,222301.7,46
2026-02-09,INE482J01021,SHAH,EQ,4.92,4.92,4.76,4.77,4.76,4.89,929986,4458106.27,961
2026-02-09,INE151G01028,SHAILY,EQ,2016.0,2249.9,2000.0,2228.0,2219.0,2010.1,340328,735124390.9,34860
2026-02-09,INE908D01010,SHAKTIPUMP,EQ,626.0,654.9,622.6,651.35,652.0,622.3,807216,520570735.15,27637
2026-02-09,INE597J01018,SHALBY,EQ,174.9,181.29,174.22,178.36,178.0,173.99,185727,33074039.24,3190
2026-02-09,INE849C01026,SHALPAINTS,EQ,63.5,65.4,62.99,65.13,64.51,62.6,42837,2760366.56,641
2026-02-09,INE01NE01012,SRD,EQ,58.0,59.0,55.01,55.27,55.21,56.8,50276,2880687.95,685
2026-02-09,INE274V01019,SHANKARA,EQ,110.51,115.4,109.77,113.17,113.01,110.5,337782,38300430.78,3627
2026-02-09,INE24OJ01011,BUILDPRO,EQ,842.45,862.0,820.3,848.65,843.1,813.5,66341,56118854.8,2973
2026-02-09,INE0Q9Q01017,SHANTHALA,SM,23.2,34.6,23.2,31.55,34.0,28.85,12000,378900.0,9
2026-02-09,INE631A01022,SHANTIGEAR,EQ,453.85,457.75,450.0,453.6,452.05,453.85,7323,3328597.9,630
2026-02-09,INE06ZD01017,SHANTIGOLD,EQ,208.0,222.7,207.0,221.33,221.2,204.25,1428689,309302817.2,15312
2026-02-09,INE933X01016,SHANTI,EQ,7.37,7.5,7.05,7.31,7.35,7.23,42547,310076.75,178
2026-02-09,INE221J01015,SHARDACROP,EQ,1197.0,1233.0,1180.0,1202.7,1196.0,1192.3,473765,570436035.9,29839
2026-02-09,INE597I01028,SHARDAMOTR,EQ,891.0,970.0,883.65,940.55,934.0,879.7,166606,156747290.85,13054
2026-02-09,INE932X01026,SHAREINDIA,EQ,150.0,158.4,148.26,155.08,153.69,148.27,1095608,168525023.36,6886
2026-02-09,INE460Q01014,SCML,SM,135.95,135.95,129.2,129.2,129.2,134.7,6000,791700.0,6
2026-02-09,INE0YJV01017,SHEEL,SM,71.8,71.8,71.8,71.8,71.8,70.0,2000,143600.0,1
2026-02-09,INE916U01025,SFL,EQ,600.0,615.0,586.8,609.05,606.3,588.25,247566,149147022.8,11748
2026-02-09,INE501Y01019,SCPL,BE,334.0,340.0,328.0,338.15,337.0,332.4,8683,2911503.2,110
2026-02-09,INE04VX01019,SHEETAL,ST,212.3,222.0,212.3,213.0,213.0,211.9,5000,1072650.0,5
2026-02-09,INE268L01046,SHEKHAWATI,EQ,15.46,15.46,14.5,14.75,14.7,14.91,39410,589730.91,250
2026-02-09,INE363M01019,SHEMAROO,EQ,96.3,115.8,96.3,108.67,108.05,99.62,34312,3781031.1,666
2026-02-09,INE0MM001019,SHERA,SM,126.0,126.0,122.7,122.7,122.7,121.55,5000,623000.0,4
2026-02-09,INE03KJ01013,SHIGAN,SM,70.0,71.0,70.0,71.0,71.0,70.0,21000,1471500.0,3
2026-02-09,INE024F01011,SHILCTECH,EQ,3839.1,4136.8,3839.1,4073.4,4010.0,3820.0,44560,179834526.8,8171
2026-02-09,INE790G01031,SHILPAMED,EQ,329.0,350.9,325.0,332.6,333.0,315.9,2635943,892727543.75,62402
2026-02-09,INE0PB301013,SCILAL,EQ,46.5,50.45,46.03,48.78,47.81,45.25,3368680,161742568.11,14086
2026-02-09,INE109A01011,SCI,EQ,249.0,266.16,241.55,265.25,266.16,221.8,71773906,18264902011.19,413036
2026-02-09,INE719F01016,SHIVAUM,EQ,281.0,288.55,275.0,275.0,275.0,290.0,50,13997.55,7
2026-02-09,INE644Y01017,SHIVAMILLS,EQ,58.99,58.99,55.81,56.45,56.25,57.31,8177,461185.26,120
2026-02-09,INE705C01020,SHIVATEX,EQ,173.3,177.74,171.0,174.31,175.0,175.29,10493,1821347.04,159
2026-02-09,INE0T7B01010,SPCL,SM,95.0,95.0,92.0,92.7,92.0,93.0,21600,2029650.0,25
2026-02-09,INE386D01027,SBCL,EQ,487.75,519.9,486.05,516.0,513.1,485.5,262473,133060867.05,7275
2026-02-09,INE788J01021,SHIVALIK,EQ,294.0,307.0,277.0,291.8,288.5,285.35,137994,40359220.9,4073
2026-02-09,INE637H01024,SHIVAMAUTO,EQ,22.0,23.7,22.0,23.17,23.7,22.03,63163,1438790.91,471
2026-02-09,INE1DLF01018,SHIVASHRIT,SM,133.0,136.0,130.1,134.8,134.0,126.6,62000,8307300.0,50
2026-02-09,INE498B01024,SHOPERSTOP,EQ,395.5,403.95,391.1,400.4,402.9,394.65,28521,11407507.15,2657
2026-02-09,INE715Y01031,SHRADHA,EQ,40.4,40.4,37.52,38.2,38.5,37.77,5268,202769.17,99
2026-02-09,INE712K01011,SHREEPUSHK,EQ,337.8,366.0,330.0,359.65,356.8,330.7,80072,28037602.85,3405
2026-02-09,INE070A01015,SHREECEM,EQ,26685.0,27260.0,26435.0,27145.0,27100.0,27330.0,74200,1998763265.0,24324
2026-02-09,INE232A01011,SHREDIGCEM,EQ,72.0,72.3,70.0,70.92,71.1,72.04,291940,20779600.8,3572
2026-02-09,INE0S4Y01010,SHREEKARNI,SM,450.0,455.0,450.0,454.95,454.95,442.0,450,203992.5,3
2026-02-09,INE02S501018,SHREEOSFM,SM,79.0,83.3,79.0,81.3,81.3,79.0,13000,1041600.0,12
2026-02-09,INE879A01019,SHREERAMA,EQ,61.8,61.97,59.3,59.86,59.62,60.43,141602,8624685.13,1644
2026-02-09,INE278B01020,RAMANEWS,EQ,30.54,31.6,29.78,31.26,31.35,30.54,19365,595441.41,321
2026-02-09,INE087H01022,RENUKA,EQ,24.7,25.57,24.59,25.31,25.22,24.72,4620878,116793925.37,10957
2026-02-09,INE238Y01018,TIRUPATI,SM,539.55,569.9,539.55,569.9,569.9,567.35,875,475912.5,5
2026-02-09,INE0S2G01011,BALAJEE,EQ,32.61,34.88,32.61,34.53,33.92,33.14,232892,7827016.22,1059
2026-02-09,INE00CE01017,SVLL,EQ,565.0,625.0,565.0,605.8,608.0,603.9,5160,3136110.15,93
2026-02-09,INE1FL101016,SHETHJI,SM,114.55,119.0,114.55,117.8,117.0,116.6,48000,5640150.0,22
2026-02-09,INE1B6101010,SHREEJISPG,EQ,393.1,394.9,372.0,376.65,376.3,385.75,1084428,414798036.5,8042
2026-02-09,INE00IK01029,OSWALSEEDS,EQ,14.99,14.99,13.31,14.09,14.01,13.8,34848,492256.47,277
2026-02-09,INE0GTI23014,SHREMINVIT,IV,102.01,103.0,102.0,103.0,103.0,102.0,450000,46200250.0,18
2026-02-09,INE632X01030,SHRENIK,BZ,0.4,0.4,0.39,0.39,0.39,0.39,347097,137843.1,232
2026-02-09,INE231C01019,SHREYANIND,EQ,174.84,176.77,168.5,169.1,171.89,169.78,5593,958456.83,266
2026-02-09,INE0DM401012,SHRIAHIMSA,SM,269.0,283.0,269.0,280.35,280.0,269.0,40200,11126490.0,64
2026-02-09,INE0NON01025,SHKSIL,SM,48.0,48.0,48.0,48.0,48.0,48.0,2000,96000.0,1
2026-02-09,INE1V4601019,SHRIKANHA,SM,28.35,28.35,27.0,27.5,27.5,27.8,30400,845120.0,19
2026-02-09,INE0OMF01015,SHRITECH,SM,69.0,69.0,69.0,69.0,69.0,65.0,2000,138000.0,1
2026-02-09,INE1B3L01017,SHRINGARMS,EQ,221.2,237.5,220.16,233.73,232.0,219.89,3610902,838454308.61,12534
2026-02-09,INF680P01422,LIQUIDSHRI,EQ,1091.35,1091.37,1091.35,1091.35,1091.37,1091.24,7270,7934132.42,24
2026-02-09,INE721A01047,SHRIRAMFIN,EQ,1005.0,1067.8,1003.4,1062.7,1063.0,1002.5,8667620,9024685367.4,103810
2026-02-09,INE526E01018,SHRIPISTON,EQ,3023.9,3067.7,2996.8,3052.6,3044.2,2967.2,49835,151862500.8,8376
2026-02-09,INE217L01019,SHRIRAMPPS,EQ,76.97,80.0,76.78,79.29,79.16,76.34,236735,18583623.32,2312
2026-02-09,INE01Z401013,SHUBHLAXMI,ST,30.0,32.0,30.0,31.5,31.5,31.5,3000,93500.0,3
2026-02-09,INE0UL701015,SHUBHSHREE,SM,365.0,365.0,365.0,365.0,365.0,368.0,300,109500.0,1
2026-02-09,INE979R01011,SHYAMCENT,BE,5.72,5.9,5.72,5.82,5.83,6.02,125557,723261.66,267
2026-02-09,INE1CRP01016,SHYAMDHANI,SM,83.5,84.75,80.05,80.7,80.05,81.1,46000,3787200.0,9
2026-02-09,INE810G01011,SHYAMMETL,EQ,857.95,899.9,856.2,890.7,893.9,860.4,342450,303331460.25,15053
2026-02-09,INE635A01023,SHYAMTEL,EQ,9.97,10.49,9.9,10.0,10.39,9.92,2309,23969.28,22
2026-02-09,INE075B01020,SICALLOG,BE,89.92,91.99,86.55,88.7,88.5,88.84,4329,384906.08,39
2026-02-09,INE0SVO01019,SIDDHICOTS,SM,30.3,30.5,30.3,30.4,30.4,30.95,16800,511800.0,5
2026-02-09,INE1NPP01017,ENRIN,EQ,2750.0,2755.2,2645.0,2691.3,2708.0,2740.6,462672,1249222470.8,35311
2026-02-09,INE003A01024,SIEMENS,EQ,3115.1,3138.8,3036.7,3109.0,3109.0,3176.2,643425,1993240729.7,49808
2026-02-09,INE0D0K01022,SIGACHI,EQ,23.88,26.2,23.55,25.88,25.6,24.0,10973166,274893413.7,23118
2026-02-09,INE933B01012,SIGMAADV,EQ,187.65,195.9,185.1,187.73,188.0,188.95,98496,18656250.33,995
2026-02-09,INE0A0S01028,SIGMA,EQ,53.0,53.0,50.6,50.73,51.0,51.22,42640,2177847.73,742
2026-02-09,INE903U01023,SIGNATURE,EQ,898.5,914.0,881.0,911.2,902.5,890.0,471684,428254341.85,7651
2026-02-09,INE529F01035,SIGIND,EQ,51.0,51.0,49.64,50.14,50.49,50.04,4065,204165.28,114
2026-02-09,INE0KGZ01021,SIGNPOST,EQ,209.0,213.0,205.0,210.54,210.18,208.11,67302,14109994.39,1898
2026-02-09,INE112X01025,SIKKO,EQ,4.3,4.5,4.28,4.44,4.44,4.22,579088,2555123.96,1138
2026-02-09,INE923A01015,SILINV,EQ,467.95,468.85,450.0,458.65,457.0,449.05,1198,550703.3,156
2026-02-09,INE01II01013,SILGO,EQ,77.0,77.0,75.12,75.75,75.6,74.94,239231,18144553.22,719
2026-02-09,INE01II20021,SILGO-RE1,BE,8.02,9.49,7.5,8.97,8.97,8.02,53256,411405.2,117
2026-02-09,INE0STN01015,SILKFLEX,SM,117.05,117.05,114.0,117.05,117.05,111.5,70000,8187300.0,27
2026-02-09,INE0SN801015,SILKY,SM,146.85,149.0,141.15,141.15,141.15,140.0,4800,699600.0,6
2026-02-09,INE203Y01012,SILLYMONKS,BE,17.9,18.29,17.9,18.28,18.29,18.31,27784,507270.17,35
2026-02-09,INE625X01018,SILVERTUC,EQ,1375.0,1389.8,1346.2,1377.5,1380.0,1367.0,40715,55793032.9,3326
2026-02-09,INE748T01016,SIMBHALS,BZ,8.9,9.1,8.76,8.85,8.84,8.9,10163,90268.66,70
2026-02-09,INE059B01024,SIMPLEXINF,EQ,225.05,245.99,225.05,243.18,241.2,224.94,68937,16431838.35,1772
2026-02-09,INE985A01022,SINCLAIR,EQ,78.99,79.87,76.59,77.67,78.59,78.99,73845,5747328.9,776
2026-02-09,INE325D01025,SINDHUTRAD,EQ,25.59,26.4,25.56,26.02,26.09,25.52,2471092,64439855.63,3972
2026-02-09,INE129Z01016,SINTERCOM,EQ,97.0,99.6,96.1,96.74,98.4,96.38,1162,113259.11,55
2026-02-09,INE792Z01011,SIRCA,EQ,467.8,473.0,460.05,469.1,467.2,465.5,182387,85291268.5,2756
2026-02-09,INE285J01028,SIS,EQ,340.75,347.0,339.0,345.6,342.5,341.1,74131,25432173.65,3176
2026-02-09,INE965H01011,SITINET,BZ,0.35,0.36,0.35,0.35,0.35,0.35,561429,200246.48,275
2026-02-09,INE076B01028,SIYSIL,EQ,567.9,586.8,560.0,581.8,583.5,560.45,276220,159604213.9,10870
2026-02-09,INE284S01014,SJS,EQ,1767.1,1832.0,1741.5,1822.9,1818.8,1757.4,172335,312360776.6,17304
2026-02-09,INE002L01015,SJVN,EQ,72.88,73.43,72.41,73.31,73.3,72.26,3300872,241139322.15,22611
2026-02-09,INE2J8701016,SKFINDUS,EQ,2495.5,2501.0,2465.0,2474.6,2491.4,2495.5,14711,36403911.1,3312
2026-02-09,INE640A01023,SKFINDIA,EQ,1752.5,1781.0,1740.0,1748.9,1749.3,1752.5,29777,52248235.5,7860
2026-02-09,INE429F01012,SKIL,BZ,1.28,1.28,1.22,1.22,1.22,1.28,239475,298471.31,98
2026-02-09,INE439E01022,SKIPPER,EQ,395.0,409.3,390.05,407.2,406.0,386.7,314212,126360703.45,9156
2026-02-09,INE411D01023,SKMEGGPROD,EQ,196.55,201.99,193.0,193.55,194.1,197.29,315511,62160493.74,5894
2026-02-09,INE0KZA01016,SKP,SM,172.0,172.0,171.1,171.55,171.1,182.5,1000,171550.0,2
2026-02-09,INE01IU01018,SKYGOLD,EQ,325.45,356.85,324.0,349.65,351.5,320.3,3720080,1284205268.75,51991
2026-02-09,INE0SMA01017,SLONE,SM,215.0,215.0,209.0,209.0,209.0,220.0,2800,588400.0,7
2026-02-09,INE14GK01016,SMARTEN,SM,60.9,62.9,59.2,60.15,60.1,59.1,15600,942960.0,13
2026-02-09,INE178C01020,SMARTLINK,EQ,128.9,130.99,125.52,126.43,126.11,128.89,6469,832663.03,113
2026-02-09,INE0NAZ01010,SMARTWORKS,EQ,459.45,468.0,453.95,465.05,465.0,459.9,97974,45457411.95,2869
2026-02-09,INE103C01036,SMCGLOBAL,EQ,85.0,87.99,84.31,85.63,85.78,84.08,2250142,193068672.5,12944
2026-02-09,INE294B01019,SMLMAH,EQ,3801.5,4097.0,3761.4,3937.0,3910.0,3731.1,181726,716362780.6,16908
2026-02-09,INE812G01025,SMSPHARMA,EQ,317.15,339.0,310.0,320.2,320.2,318.0,574364,186035829.1,12529
2026-02-09,INE1OIC01018,SNEHAA,SM,50.0,50.0,48.7,50.0,50.0,48.5,16000,798700.0,4
2026-02-09,INE734N01019,SNOWMAN,EQ,43.0,45.35,43.0,44.87,44.67,42.82,672563,29857439.51,3872
2026-02-09,INE671H01015,SOBHA,EQ,1519.0,1562.9,1504.3,1549.0,1551.0,1514.5,122664,188733436.0,12715
2026-02-09,INE728Z01015,SOFTTECH,EQ,289.35,304.9,281.0,294.85,293.2,287.9,9154,2623982.35,323
2026-02-09,INE343H01029,SOLARINDS,EQ,13060.0,13449.0,12925.0,13389.0,13398.0,12999.0,118441,1571443215.0,23227
2026-02-09,INE624Z01016,SOLARA,EQ,452.05,489.6,440.2,478.65,478.0,470.85,565764,261849263.25,17445
2026-02-09,IN9624Z01022,SOLARAPP1,E1,316.95,339.85,305.0,318.3,313.15,313.85,2901,918381.8,63
2026-02-09,INE0TY101024,SOLARWORLD,EQ,223.0,233.78,220.87,228.96,227.88,220.87,442201,101492334.85,10697
2026-02-09,INE880Y01017,SOLEX,EQ,1002.3,1154.0,999.95,1042.95,1060.0,1002.3,163122,179170047.45,10361
2026-02-09,INE0U0201016,BALCO,SM,23.1,24.8,23.1,23.5,23.5,24.3,3600,85680.0,3
2026-02-09,INE480C01038,SDBL,EQ,87.91,94.0,86.11,93.37,93.5,86.22,958482,87457357.84,11227
2026-02-09,INE314C01013,SOMATEX,BE,113.01,116.0,110.14,113.84,114.0,113.01,15324,1740948.0,147
2026-02-09,INE355A01028,SOMANYCERA,EQ,400.1,410.1,398.0,400.05,399.9,399.7,123213,49523306.75,2923
2026-02-09,INE323J01019,SOMICONVEY,EQ,112.0,119.19,107.51,119.19,119.19,99.33,107203,12296073.24,1076
2026-02-09,INE073K01018,SONACOMS,EQ,520.85,537.0,520.85,530.6,530.0,513.5,3699776,1966465147.65,91322
2026-02-09,INE0Q6H01012,SONAMAC,SM,39.95,40.7,39.95,40.05,40.05,38.2,5000,201400.0,5
2026-02-09,INE00LM01029,SONAMLTD,EQ,39.31,43.0,39.2,42.39,41.0,40.16,74858,3100518.89,612
2026-02-09,INE269A01021,SONATSOFTW,EQ,310.0,316.7,305.55,315.15,314.0,305.9,648647,202019664.85,17813
2026-02-09,INE980Y01015,SOUTHWEST,BE,218.99,224.5,214.0,221.54,220.0,215.77,112914,24695575.37,653
2026-02-09,INE0JW501011,SPRL,SM,115.2,125.9,115.2,125.9,125.9,121.25,1600,192880.0,2
2026-02-09,INE970N01027,SPCENET,EQ,5.99,6.02,5.56,5.66,5.7,5.99,1426627,8340023.3,1395
2026-02-09,IN9572J01019,SSFLPP,E1,128.2,129.0,122.25,128.0,128.7,124.45,2629,334783.7,65
2026-02-09,INE572J01011,SPANDANA,EQ,248.5,262.4,248.4,259.3,258.8,248.5,239528,61353245.5,5167
2026-02-09,INE247M01014,SPECIALITY,EQ,110.57,112.0,109.12,111.26,112.0,110.57,28121,3120889.52,777
2026-02-09,INE01EO01010,SPECTRUM,EQ,1259.3,1305.9,1251.7,1301.2,1291.0,1248.4,974,1254991.8,115
2026-02-09,INE020801028,SPENCERS,EQ,38.2,39.62,37.31,38.05,37.6,38.62,82093,3161904.26,1275
2026-02-09,INE147A01011,SPIC,EQ,70.7,73.78,70.7,73.52,73.35,70.01,595879,43290240.02,4758
2026-02-09,INE978G01016,SPLIL,EQ,30.48,32.49,30.02,30.91,30.8,29.6,18249,566862.62,251
2026-02-09,INE937A01023,SPMLINFRA,EQ,182.0,191.0,180.41,187.27,185.38,179.18,466780,87419002.67,7160
2026-02-09,INE885H01029,SPORTKING,EQ,106.0,117.5,103.31,113.53,113.1,102.01,955065,108090615.22,9587
2026-02-09,INE0QR801013,SPPPOLY,SM,15.75,15.75,15.75,15.75,15.75,15.0,2000,31500.0,1
2026-02-09,INE19QH01010,SPUNWEB,SM,119.5,119.5,119.5,119.5,119.5,119.1,26400,3154800.0,3
2026-02-09,INE917H01012,SRHHYPOLTD,EQ,462.9,482.05,456.55,479.5,479.0,459.5,16862,7973537.8,803
2026-02-09,INE099F01013,SREEL,EQ,214.5,216.0,209.2,211.42,211.0,210.55,11836,2517689.94,441
2026-02-09,INE647A01010,SRF,EQ,2905.6,3013.9,2905.6,2986.7,2984.6,2901.6,403307,1199484915.4,34374
2026-02-09,INE559N01010,SRGHFL,EQ,275.2,279.65,265.0,276.55,279.4,274.85,2257,617578.4,97
2026-02-09,INE416A01044,SABTNL,BE,2060.0,2084.5,1886.1,1891.1,1886.1,1985.3,40296,79816823.7,1446
2026-02-09,INE293B01029,HAVISHA,EQ,1.71,1.78,1.69,1.73,1.75,1.71,47111,80816.46,119
2026-02-09,INE0V9Q01010,LOTUSDEV,EQ,149.7,152.0,147.52,149.69,149.83,146.76,3230139,483407750.23,23174
2026-02-09,INE0ON201012,SSFL,SM,106.4,106.4,95.0,97.3,99.6,101.95,40500,4123775.0,59
2026-02-09,INE0NPI01014,SRIVASAVI,SM,51.85,51.85,49.0,49.0,49.0,46.95,9000,460850.0,7
2026-02-09,INE0R6Z01013,SRM,EQ,393.9,438.35,392.0,428.05,421.25,394.0,279542,118342106.95,8250
2026-02-09,INE0RYC01010,STALLION,EQ,172.0,184.09,167.26,184.09,184.09,175.33,657476,116298040.17,7669
2026-02-09,INE0M4D01010,SETL,EQ,124.56,134.5,121.5,133.79,133.2,123.08,614231,79591039.74,5355
2026-02-09,INE173A01025,SIL,EQ,17.24,17.34,15.84,16.88,17.08,15.69,72958,1210499.9,592
2026-02-09,INE01A001028,STANLEY,EQ,180.89,181.59,178.25,179.3,179.52,178.22,246448,44357778.45,8613
2026-02-09,INE460H01021,STARCEMENT,EQ,216.99,227.6,210.2,221.56,220.2,215.43,2015068,441984351.01,34070
2026-02-09,INE575P01011,STARHEALTH,EQ,460.0,465.0,455.8,463.25,462.5,458.75,240389,111077219.0,12811
2026-02-09,INE733A01018,STARPAPER,EQ,147.55,148.48,145.0,145.73,146.2,147.47,14439,2108089.02,377
2026-02-09,INE992I01013,STARTECK,EQ,285.0,287.95,277.0,284.1,286.0,278.15,12288,3459334.95,358
2026-02-09,INE062A01020,SBIN,EQ,1120.0,1150.0,1100.5,1146.0,1147.8,1066.4,40852966,46346694652.1,670729
2026-02-09,INE114A01011,SAIL,EQ,161.05,161.9,157.17,158.38,158.55,160.52,22102148,3514935695.23,75384
2026-02-09,INE395H01011,STEELCITY,EQ,82.25,85.0,82.25,84.18,84.01,82.56,5059,423710.26,146
2026-02-09,INE503B01021,STEELXIND,EQ,8.08,8.15,8.01,8.03,8.07,7.99,932947,7537060.34,1812
2026-02-09,INE802C01033,SSWL,EQ,217.55,226.75,217.55,223.91,224.8,214.82,226581,50445068.72,3849
2026-02-09,INE124E01038,STEELCAS,EQ,227.76,240.56,225.11,235.42,235.0,225.06,95171,22437393.36,3406
2026-02-09,INE577L01016,STEL,EQ,484.4,497.45,468.0,476.3,475.0,484.4,9932,4787641.9,732
2026-02-09,INE334A01023,STERTOOLS,EQ,237.7,241.05,235.35,237.95,239.25,234.35,31601,7529591.65,988
2026-02-09,INE089C01029,STLTECH,EQ,134.64,144.0,134.64,142.89,142.75,132.55,10105807,1425500737.45,71801
2026-02-09,INE353H01010,SGL,EQ,12.04,12.48,12.04,12.27,12.28,12.04,6188,76345.39,64
2026-02-09,INE1VXE01018,STLNETWORK,EQ,21.5,23.6,21.27,22.53,22.65,21.54,3556245,79956040.29,7816
2026-02-09,INE00IN01015,STOVEKRAFT,EQ,507.1,549.4,507.1,539.6,539.8,506.4,147900,79273373.0,7833
2026-02-09,INE939A01011,STAR,EQ,869.0,891.4,868.05,886.1,881.0,863.9,228294,201811654.2,11502
2026-02-09,INE00M201021,SWSOLAR,EQ,191.63,204.5,191.63,203.04,203.28,189.68,2347825,469872864.16,25346
2026-02-09,INE00Q601028,STUDDS,EQ,504.4,511.0,504.4,510.3,510.1,507.7,22023,11192020.35,1980
2026-02-09,INE17VO01028,STUDIOLSD,SM,10.8,10.85,10.2,10.5,10.5,10.5,42000,444700.0,20
2026-02-09,INE239C01020,STYLAMIND,EQ,2226.0,2228.3,2195.1,2207.8,2200.1,2206.2,32304,71386385.1,4198
2026-02-09,INE189B01011,STYRENIX,EQ,1898.1,1942.0,1890.0,1904.2,1905.0,1889.5,19799,37883785.9,2401
2026-02-09,INE0RYR01018,SUBAHOTELS,SM,123.0,130.9,123.0,130.0,130.0,120.65,52800,6815100.0,37
2026-02-09,INE754A01055,SUBEXLTD,EQ,9.88,10.76,9.74,10.62,10.58,9.73,4102993,42867994.75,5815
2026-02-09,INE287B01021,SUBROS,EQ,794.1,830.0,794.1,826.1,826.0,789.9,115265,94429496.3,5499
2026-02-09,INE659A01023,SUDARSCHEM,EQ,916.0,970.5,916.0,964.55,956.0,914.6,55102,52760718.45,6603
2026-02-09,INE492A01029,SUDARCOLOR,EQ,370.0,379.8,366.05,375.1,376.1,364.0,7143,2663436.6,306
2026-02-09,INE0QPI01025,SUDEEPPHRM,EQ,659.0,666.9,638.0,659.95,655.0,639.1,228607,150421204.5,9170
2026-02-09,INE450E01029,SUKHJITS,EQ,180.46,184.26,177.01,179.98,179.5,177.25,28484,5126470.79,668
2026-02-09,INE142Q01026,SULA,EQ,180.53,194.0,179.2,192.69,191.94,188.15,944400,176410728.9,15503
2026-02-09,INE235C01036,SUMEETINDS,EQ,25.56,27.0,25.56,26.22,26.5,25.56,90441,2361021.14,546
2026-02-09,INE748Z01013,SUMIT,EQ,50.0,51.24,49.07,49.99,50.0,49.63,130889,6549651.35,787
2026-02-09,INE258G01013,SUMICHEM,EQ,410.35,424.7,408.9,421.95,422.25,410.35,1105168,458826013.6,31582
2026-02-09,INE519C01017,SUMMITSEC,EQ,1848.5,1848.5,1728.4,1817.5,1802.5,1804.7,19616,35248153.1,1613
2026-02-09,INE232I01014,SPARC,EQ,140.79,143.6,136.1,138.01,138.0,139.16,817891,114524886.01,10903
2026-02-09,INE044A01036,SUNPHARMA,EQ,1706.7,1713.4,1696.0,1704.6,1706.0,1695.1,2647031,4520052868.6,79298
2026-02-09,INE424H01027,SUNTV,EQ,535.0,575.0,535.0,569.9,566.35,537.0,498414,279522304.25,18412
2026-02-09,INE073D01013,SUNDRMBRAK,EQ,598.0,598.0,570.0,575.3,577.1,584.95,1255,725122.35,165
2026-02-09,INE0Q3R01026,SUNCLAY,EQ,1345.4,1355.0,1301.2,1352.3,1345.1,1319.1,4464,5994418.5,896
2026-02-09,INE660A01013,SUNDARMFIN,EQ,5500.0,5537.5,5420.0,5451.0,5421.0,5439.0,106144,581716475.5,15777
2026-02-09,INE108E01023,SUNDARAM,EQ,1.63,1.7,1.63,1.68,1.7,1.62,414070,691003.81,436
2026-02-09,INE387A01021,SUNDRMFAST,EQ,930.6,936.0,923.5,927.1,927.0,930.6,59264,54906005.35,7799
2026-02-09,INE0CTB01014,SOCL,SM,27.8,28.35,27.25,27.4,27.4,27.25,20800,575280.0,13
2026-02-09,INE209A01019,SUNDROP,EQ,619.65,639.9,619.65,637.25,637.15,624.9,6062,3837236.45,481
2026-02-09,INE947A01014,SUNFLAG,EQ,247.1,258.0,246.0,256.13,255.0,245.57,121145,30568240.63,2851
2026-02-09,INE0O3O01017,SEL,SM,200.0,206.0,199.0,199.0,199.0,200.0,1000,201800.0,5
2026-02-09,INE0U2N01013,SUNLITE,ST,380.0,385.0,370.0,377.75,377.0,372.95,15600,5928030.0,24
2026-02-09,INE0SGZ01016,SUNTECH,SM,40.0,42.8,39.05,41.55,42.15,38.3,73600,3063120.0,36
2026-02-09,INE805D01034,SUNTECK,EQ,409.6,421.75,408.35,419.1,417.1,408.05,82661,34422488.4,4044
2026-02-09,INE662A01027,SUPERSPIN,EQ,8.06,8.19,7.91,7.97,8.02,8.06,9489,75332.22,73
2026-02-09,INE712B01010,SUPERHOUSE,EQ,170.7,175.0,166.53,171.51,171.03,166.52,16523,2856233.35,513
2026-02-09,INE399C01030,SUPRAJIT,EQ,465.0,475.0,442.1,449.65,446.0,462.75,684180,311089967.15,26963
2026-02-09,INE319Z01021,SUPREMEENG,BZ,1.21,1.21,1.21,1.21,1.21,1.27,1900,2299.0,6
2026-02-09,INE0U6N01014,SFML,SM,26.6,27.0,26.6,27.0,27.0,27.75,4800,128960.0,3
2026-02-09,INE822E01011,SUPREME,EQ,60.0,61.95,60.0,61.45,61.2,59.05,36768,2238419.79,769
2026-02-09,INE195A01028,SUPREMEIND,EQ,3702.0,3738.0,3648.5,3704.9,3716.0,3678.6,236674,876329170.5,20107
2026-02-09,INE550H01011,SUPREMEINF,BZ,81.48,83.89,81.25,82.17,82.49,81.48,130238,10693843.29,85
2026-02-09,INE663A01033,SPLPETRO,EQ,596.35,649.9,596.35,639.45,634.0,596.35,76773,48571281.2,3917
2026-02-09,INE0QHG01026,SUPREMEPWR,SM,187.6,187.85,175.0,180.6,183.1,179.0,23000,4211175.0,44
2026-02-09,INE07RO01027,SUPRIYA,EQ,669.25,691.0,653.75,687.9,686.1,669.25,142380,96394053.3,7425
2026-02-09,INE843S01025,SURAJEST,EQ,226.55,243.18,226.55,240.34,240.25,225.56,304025,72185351.1,3799
2026-02-09,INE713C01016,SURAJLTD,EQ,221.02,237.35,221.02,224.2,224.2,233.88,1049,240097.31,137
2026-02-09,INE877V01027,SURAKSHA,EQ,285.0,292.85,284.9,287.4,285.1,288.35,15100,4323885.6,602
2026-02-09,INE272L01022,SURANASOL,EQ,24.92,25.0,24.5,24.95,24.89,24.44,24309,602197.28,554
2026-02-09,INE130B01031,SURANAT&P,EQ,18.84,18.84,18.08,18.34,18.4,17.61,139815,2572775.09,933
2026-02-09,INE01ZJ01015,SURANI,SM,60.0,60.0,60.0,60.0,60.0,60.0,400,24000.0,2
2026-02-09,INE05ST01028,SBGLP,EQ,31.0,33.87,31.0,31.62,31.93,31.89,57818,1851307.79,909
2026-02-09,INE335A01020,SURYAROSNI,EQ,254.86,265.03,254.85,263.46,264.5,254.86,207521,54448792.16,6719
2026-02-09,INE713B01026,SURYALAXMI,EQ,61.88,63.69,60.02,62.07,61.17,60.22,13063,810822.95,134
2026-02-09,INE428Q01011,SURYODAY,EQ,134.5,136.95,134.03,134.96,134.03,134.83,83323,11266894.04,1940
2026-02-09,INE645H01027,SUTLEJTEX,EQ,31.85,33.0,31.12,31.3,31.55,31.23,60685,1922374.49,714
2026-02-09,INE495B01038,SUVEN,EQ,161.48,166.59,159.37,163.53,162.98,160.31,263287,42797481.62,5130
2026-02-09,INE018401013,SUVIDHAA,EQ,3.0,3.06,3.0,3.04,3.06,3.03,52826,160327.64,235
2026-02-09,INE442P01014,SUYOG,EQ,568.7,632.45,561.85,609.05,614.0,567.4,65225,39837466.4,2589
2026-02-09,INE040H01021,SUZLON,EQ,48.26,48.57,47.61,48.19,48.14,48.04,51743958,2491549237.58,96944
2026-02-09,INE308E01029,SVPGLOB,BE,3.39,3.39,3.37,3.38,3.38,3.4,19187,64906.48,31
2026-02-09,INE665A01038,SWANCORP,EQ,419.0,424.7,411.3,419.65,419.0,418.15,1002480,419487087.2,18794
2026-02-09,INE542F01020,SWANDEF,BE,1750.0,1875.0,1703.6,1854.2,1850.0,1793.2,27305,47904566.2,1380
2026-02-09,INE277A01016,SWARAJENG,EQ,3547.9,3598.3,3547.9,3583.7,3584.9,3547.9,9632,34477603.4,1242
2026-02-09,INE0GMR01016,SWARAJ,ST,280.0,280.0,273.0,276.95,275.15,276.95,56500,15694275.0,72
2026-02-09,INE409B01013,SWELECTES,EQ,556.95,595.1,535.0,588.7,583.55,543.35,70942,40421307.05,2595
2026-02-09,INE00H001014,SWIGGY,EQ,321.0,335.0,319.5,333.7,334.8,320.0,11280230,3702609645.4,75555
2026-02-09,INE01IH01015,SYLVANPLY,SM,49.0,51.0,48.25,50.95,50.9,51.0,22000,1097200.0,8
2026-02-09,INE225D01027,SYMPHONY,EQ,935.5,957.7,931.55,954.75,950.0,931.2,45895,43478773.85,4552
2026-02-09,INE312C01025,SYNCOMF,EQ,13.95,14.49,13.81,14.33,14.37,13.65,2548773,36340382.33,6728
2026-02-09,INE00QT01015,SGIL,EQ,550.15,557.1,521.0,550.15,555.5,550.2,24191,13290164.75,574
2026-02-09,INE398R01022,SYNGENE,EQ,449.0,456.95,448.55,455.5,455.15,447.65,983116,445628625.0,27937
2026-02-09,INE0BTR01012,SYNOPTICS,SM,53.75,56.4,53.75,55.25,55.25,53.75,2400,131490.0,4
2026-02-09,INE0DYJ01015,SYRMA,EQ,873.0,895.0,866.8,872.15,871.9,868.6,1677905,1479122921.2,48215
2026-02-09,INE0O7R01011,SYSTANGO,ST,285.0,286.6,275.0,279.0,279.0,283.65,16400,4583500.0,39
2026-02-09,INE356B01024,SYSTMTXC,EQ,81.29,84.4,80.5,84.01,83.0,82.29,88965,7448006.51,905
2026-02-09,INE592B01024,TTL,EQ,9.22,9.28,8.91,9.13,9.25,9.23,83446,762953.17,276
2026-02-09,INE0SOY01013,TAC,SM,625.05,637.0,621.05,634.8,637.0,619.45,17200,10845940.0,80
2026-02-09,INE123C01018,TAINWALCHM,EQ,173.66,203.79,171.5,203.79,203.79,169.83,168420,33860169.52,2719
2026-02-09,INE586B01026,TAJGVK,EQ,362.05,372.4,356.45,369.35,372.2,359.35,421404,154383554.55,8922
2026-02-09,INE142I01023,TAKE,BE,43.5,44.95,43.4,44.83,44.72,43.27,1385865,61388860.92,2381
2026-02-09,INE187D01029,TALBROAUTO,EQ,275.05,288.0,274.0,286.9,286.4,273.55,191461,54363729.05,4806
2026-02-09,INE668A01016,TMB,EQ,632.85,666.6,632.85,663.4,661.2,632.85,420427,275177366.0,18098
2026-02-09,INE107A01015,TNPL,EQ,141.41,143.63,139.04,142.67,143.0,140.84,105160,14839036.19,1757
2026-02-09,INE148A01019,TNPETRO,EQ,93.88,95.59,93.5,94.98,95.03,93.79,117392,11112562.6,2264
2026-02-09,INE141D01018,TNTELE,EQ,8.85,9.35,8.85,9.01,9.0,8.84,29449,267423.4,119
2026-02-09,INE0Z7N01017,TANKUP,ST,565.9,567.5,517.5,567.5,567.5,541.5,5750,3248950.0,10
2026-02-09,INE483C01032,TANLA,EQ,481.0,502.0,481.0,500.3,500.3,478.6,385652,190812763.5,11084
2026-02-09,INE0M7001010,TAPIFRUIT,SM,61.15,61.15,61.15,61.15,61.15,58.25,750,45862.5,1
2026-02-09,INE555Z01020,TARACHAND,EQ,64.0,67.8,64.0,66.4,66.9,63.79,75948,4983180.47,908
2026-02-09,INE747K01017,TARAPUR,EQ,30.38,30.38,28.56,29.74,29.75,29.15,26031,767270.55,192
2026-02-09,INE0EK901012,TARC,EQ,149.77,153.37,147.11,150.72,150.0,147.99,1115393,167456973.31,9287
2026-02-09,INE924H01018,TARMAT,EQ,53.02,55.2,53.02,54.14,54.0,53.57,9095,494922.92,129
2026-02-09,INE144Z01023,TARSONS,EQ,219.0,219.0,210.04,213.61,214.0,219.06,170801,36421843.52,5182
2026-02-09,INE488B01017,TASTYBITE,EQ,7200.0,7695.0,7129.5,7581.0,7595.0,7174.0,2687,20105819.5,1125
2026-02-09,INE976I01016,TATACAP,EQ,346.3,353.2,344.25,351.15,351.15,346.3,1812312,636420220.75,53025
2026-02-09,INE092A01019,TATACHEM,EQ,710.95,719.85,708.0,709.45,709.35,703.9,638190,454060162.0,20883
2026-02-09,INE151A01013,TATACOMM,EQ,1562.0,1583.0,1546.7,1573.6,1578.8,1552.7,309924,486155551.9,18954
2026-02-09,INE467B01029,TCS,EQ,2959.1,2977.0,2937.5,2948.2,2951.0,2941.6,2380318,7019976408.7,141131
2026-02-09,INE192A01025,TATACONSUM,EQ,1159.3,1175.0,1156.0,1167.2,1163.2,1159.3,1105510,1286585178.9,32683
2026-02-09,INE670A01012,TATAELXSI,EQ,5229.0,5284.0,5200.5,5233.0,5215.0,5198.5,165677,867651748.5,17856
2026-02-09,INE672A01026,TATAINVEST,EQ,623.0,666.0,623.0,656.45,654.0,622.75,1119361,730619493.25,47223
2026-02-09,INE1TAE01010,TMCV,EQ,460.0,472.95,456.8,466.8,467.0,458.25,9824389,4590424396.85,129104
2026-02-09,INE155A01022,TMPV,EQ,370.3,379.9,369.6,377.4,377.6,369.5,8800284,3311276978.6,133652
2026-02-09,INE245A01021,TATAPOWER,EQ,367.0,369.1,365.1,368.7,367.85,365.95,2824091,1037725010.8,38660
2026-02-09,INE081A01020,TATASTEEL,EQ,202.0,206.34,197.55,202.0,201.36,197.06,68967709,13918269579.09,316523
2026-02-09,INE142M01025,TATATECH,EQ,619.2,624.6,618.25,619.15,619.25,617.65,651194,404118545.75,21676
2026-02-09,INE517B01013,TTML,EQ,44.11,45.55,43.82,44.96,44.94,43.77,2545787,114347169.57,16862
2026-02-09,INF277K015R5,NETF,EQ,282.05,282.05,278.12,279.64,279.75,277.29,4106,1149755.11,316
2026-02-09,INF277K010X4,NPBET,EQ,305.84,305.84,298.65,300.15,300.23,298.39,318,95426.4,22
2026-02-09,INF277KA1364,TNIDETF,EQ,91.58,93.79,91.58,92.67,92.71,91.58,43982,4070518.98,795
2026-02-09,INF277KA1976,TATAGOLD,EQ,14.75,15.3,14.75,14.96,14.96,14.72,153388029,2302806469.75,190088
2026-02-09,INF277KA1984,TATSILV,EQ,24.52,25.0,24.45,24.78,24.81,22.8,251999256,6237815892.96,283938
2026-02-09,INE0GK401011,TATVA,EQ,1161.2,1254.5,1154.5,1230.7,1216.2,1144.0,125883,154076113.8,11348
2026-02-09,INE0XWS01018,TAURIAN,SM,231.5,232.85,225.1,226.55,226.2,223.75,16000,3654920.0,17
2026-02-09,INE053F07892,729IRFC26,NN,1023.0,1024.0,1023.0,1024.0,1024.0,1020.33,129,131997.0,2
2026-02-09,INE053F07835,753IRFC30,NJ,1106.0,1106.0,1098.0,1098.13,1098.0,1100.1,46,50522.0,6
2026-02-09,INE053F07900,764IRFC31,NO,1102.25,1107.37,1102.25,1107.37,1107.37,1108.0,2025,2241483.5,10
2026-02-09,INE906B07EP5,769NHAI31,NE,1114.5,1117.0,1114.0,1114.47,1115.0,1114.01,1444,1609813.89,15
2026-02-09,INE053F07843,750IRFC35,NK,1200.0,1200.0,1200.0,1200.0,1200.0,1183.99,8,9600.0,1
2026-02-09,INE906B07EJ8,76NHAI31,,1149.0,1149.4,1139.5,1148.77,1149.0,1148.8,1684,1931712.79,19
2026-02-09,INE020B07GX4,738REC27TF,N2,1045.0,1045.0,1040.65,1040.65,1040.65,1040.8,1005,1045875.0,2
2026-02-09,INE0N2D01013,TBI,SM,71.5,77.5,71.5,75.2,74.55,72.1,31200,2341920.0,39
2026-02-09,INE673O01025,TBOTEK,EQ,1464.0,1527.0,1460.0,1519.2,1510.5,1464.0,66431,99449572.2,8731
2026-02-09,INE586V01016,TCIEXP,EQ,581.4,592.7,570.55,580.35,580.0,578.35,17497,10199266.1,1584
2026-02-09,INE911B01018,TCIFINANCE,BE,14.57,16.09,14.57,16.08,16.09,15.33,150721,2316420.45,578
2026-02-09,INE822C01015,TCPLPACK,EQ,2705.0,2809.9,2556.1,2622.0,2636.0,2690.6,9393,25031453.5,1569
2026-02-09,INE419M01027,TDPOWERSYS,EQ,795.25,814.55,790.0,799.5,798.95,783.3,649982,519920531.2,30128
2026-02-09,INE289C01025,TEAMGTY,EQ,281.8,281.8,265.2,267.0,267.0,257.9,632,171235.3,55
2026-02-09,INE985S01024,TEAMLEASE,EQ,1434.0,1434.0,1391.5,1400.3,1395.0,1422.2,39023,54885781.2,4665
2026-02-09,INE065J01024,TPHQ,EQ,0.62,0.63,0.6,0.61,0.61,0.61,2088340,1270135.23,658
2026-02-09,INE669C01036,TECHM,EQ,1625.0,1636.0,1613.6,1621.7,1619.0,1619.9,933821,1514736399.8,61890
2026-02-09,INE0Y5H01014,TECHD,SM,502.0,508.95,496.05,508.95,508.95,494.25,15000,7549140.0,25
2026-02-09,INE0JQS01019,TECHERA,SM,223.0,229.0,220.0,221.9,220.0,223.0,40000,8995040.0,47
2026-02-09,INE285K01026,TECHNOE,EQ,1056.4,1098.5,1042.0,1092.05,1090.0,1035.75,203523,219985353.15,14982
2026-02-09,INE545H01011,TIIL,EQ,2325.9,2328.5,2283.4,2292.0,2290.0,2323.6,16527,38155883.3,1317
2026-02-09,INE014B01011,TECILCHEM,EQ,15.7,15.7,14.55,15.0,15.45,14.51,1131,17219.83,30
2026-02-09,INE0K6601012,TGL,ST,47.8,50.15,45.45,50.15,50.15,47.8,73200,3467590.0,201
2026-02-09,INE011K01018,TEGA,EQ,1799.0,1816.9,1791.3,1795.2,1792.0,1794.5,21255,38243652.0,2952
2026-02-09,INE17WC01013,TEJASCARGO,SM,305.55,305.55,297.0,297.0,297.0,305.55,40400,12002220.0,2
2026-02-09,INE010J01012,TEJASNET,EQ,339.0,356.9,337.05,355.1,356.9,336.75,1441973,505931157.1,30629
2026-02-09,INE869Y01010,TEMBO,EQ,581.0,588.0,567.0,571.1,567.05,572.3,61827,35600502.5,2888
2026-02-09,INE19RI01016,TENNIND,EQ,544.1,570.25,544.1,568.3,567.0,543.5,642506,362042180.05,22513
2026-02-09,INE482B01010,TERASOFT,EQ,446.0,448.9,426.1,448.9,448.9,427.55,53208,23559238.5,1341
2026-02-09,INE435C01024,TEXINFRA,EQ,97.6,97.6,95.72,96.28,96.0,97.0,26755,2578723.01,632
2026-02-09,INE621L01012,TEXRAIL,EQ,120.09,122.5,119.4,121.66,121.6,119.28,968489,117358233.39,8377
2026-02-09,INE141K01013,TEXMOPIPES,EQ,47.9,48.36,47.0,48.1,47.85,46.36,21677,1040742.76,316
2026-02-09,INE797H01018,TGBHOTELS,EQ,9.35,9.55,9.02,9.28,9.31,9.35,17009,159503.09,96
2026-02-09,INE0QJL01014,TCL,SM,90.0,91.8,85.15,88.5,88.5,88.35,17600,1561800.0,20
2026-02-09,INE085J01014,THANGAMAYL,EQ,3309.0,3740.2,3309.0,3722.1,3740.2,3400.2,215274,774445263.9,25778
2026-02-09,INE294Z01018,ANUP,EQ,1948.7,2054.9,1932.6,2019.3,2021.0,1933.7,42698,85662628.2,6536
2026-02-09,INE319B01014,BYKE,EQ,53.73,53.73,51.0,51.76,51.94,51.95,150966,7823801.78,1205
2026-02-09,INE017A01032,GESHIP,EQ,1292.1,1325.0,1290.0,1313.2,1316.0,1274.2,648107,850615854.7,33085
2026-02-09,INE646C01018,GROBTEA,EQ,956.0,958.0,938.0,944.35,957.0,956.0,24,22829.05,18
2026-02-09,INE127B01011,HITECHGEAR,BE,654.9,665.0,650.0,657.0,657.0,653.6,827,543137.45,44
2026-02-09,INE383A01012,INDIACEM,EQ,456.0,462.55,448.4,456.05,455.0,452.65,256189,116820850.7,12129
2026-02-09,INE053A01029,INDHOTEL,EQ,684.35,698.8,682.95,695.0,693.95,683.2,1133059,785718969.05,39470
2026-02-09,INE924D01017,THEINVEST,EQ,99.5,101.96,98.25,99.55,100.0,99.59,12019,1207684.71,304
2026-02-09,INE470Y01017,NIACL,EQ,150.51,153.5,149.31,152.97,153.2,149.7,674654,102599530.97,9120
2026-02-09,INE431F01018,PKTEA,EQ,674.05,705.0,653.0,703.15,705.0,672.45,717,500971.2,55
2026-02-09,INE211B01039,PHOENIXLTD,EQ,1747.9,1756.6,1725.1,1750.3,1746.0,1735.2,205545,359583165.9,10818
2026-02-09,INE331A01037,RAMCOCEM,EQ,1175.0,1214.5,1129.5,1204.9,1205.0,1160.9,386962,459764485.7,22915
2026-02-09,INE301D01026,RUBYMILLS,EQ,206.0,209.76,206.0,207.43,207.7,208.28,5290,1102903.83,141
2026-02-09,INE683A01023,SOUTHBANK,EQ,41.49,41.99,41.22,41.43,41.46,41.27,14596373,607030139.19,35095
2026-02-09,INE655A01013,STCINDIA,EQ,122.0,125.6,122.0,123.81,123.4,121.8,84582,10458991.37,1501
2026-02-09,INE071E01023,UGARSUGAR,EQ,37.7,37.94,37.17,37.43,37.46,37.33,226793,8500127.58,1384
2026-02-09,INE215F01023,WIPL,EQ,156.0,158.38,148.0,149.33,149.48,158.38,18879,2841921.56,177
2026-02-09,INE121N01019,THEJO,EQ,1710.9,1795.3,1710.9,1776.7,1780.0,1737.8,5102,8948316.0,703
2026-02-09,INE083B01024,THEMISMED,EQ,84.01,94.64,84.01,92.78,91.9,83.68,287934,26464012.76,4479
2026-02-09,INE152A01029,THERMAX,EQ,2919.0,2929.7,2855.0,2893.3,2890.0,2872.6,191441,554324821.0,20072
2026-02-09,INE0SHE01019,THESL,SM,18.75,20.65,18.75,20.65,20.65,19.7,24000,478200.0,8
2026-02-09,INE338A01024,TIRUMALCHM,EQ,195.4,214.65,192.28,213.25,212.55,194.45,405288,83628329.22,6228
2026-02-09,INE332A01027,THOMASCOOK,EQ,112.0,120.49,111.53,117.9,118.22,110.39,1642799,191781669.86,16477
2026-02-09,INE480M01011,THOMASCOTT,EQ,327.0,350.0,325.45,343.05,345.0,323.95,23742,8050806.5,1645
2026-02-09,INE594H01019,THYROCARE,EQ,411.05,418.0,407.15,411.7,410.2,405.65,247599,101872405.85,17313
2026-02-09,INE906O01029,TIGERLOGS,EQ,32.5,34.0,32.15,33.86,33.9,32.15,166517,5587551.97,935
2026-02-09,INE440L01017,TIJARIA,EQ,6.99,7.4,6.22,7.16,7.03,6.73,690189,4895165.31,1184
2026-02-09,INE806C01018,TIL,EQ,247.88,269.5,247.03,259.28,255.0,247.03,43177,11240904.89,1370
2026-02-09,INE133E01013,TI,EQ,451.0,457.2,440.0,444.3,446.95,452.95,488550,219706546.65,29958
2026-02-09,INE508G01029,TIMETECHNO,EQ,190.23,197.7,189.0,195.81,195.0,190.0,3188926,618828958.2,32368
2026-02-09,INE325A01013,TIMKEN,EQ,3238.0,3330.0,3228.0,3287.1,3279.2,3238.5,35339,116623064.5,9885
2026-02-09,INE015C01016,TINNARUBR,EQ,742.0,747.0,723.85,742.95,747.0,705.2,39557,29100315.35,3706
2026-02-09,INE0LQS01015,TIPSFILMS,EQ,391.85,405.0,391.0,392.6,392.5,389.85,1590,629134.5,72
2026-02-09,INE716B01029,TIPSMUSIC,EQ,561.95,585.85,558.85,571.45,578.0,558.45,235684,135413486.15,15473
2026-02-09,INE319Y01024,TIRUPATIFL,EQ,34.27,36.0,34.27,35.66,35.52,34.24,345988,12173162.18,1466
2026-02-09,INE615H01020,TITAGARH,EQ,785.95,787.0,775.0,777.6,778.0,781.5,638317,497769263.6,26081
2026-02-09,INE280A01028,TITAN,EQ,4200.2,4269.4,4155.0,4257.8,4267.0,4141.0,1092387,4613484606.3,73392
2026-02-09,INE932C01012,TOKYOPLAST,EQ,103.6,103.6,100.35,101.1,100.61,99.53,3992,403040.3,80
2026-02-09,INE0RWQ01014,TOLINS,EQ,127.5,131.89,125.92,129.73,128.71,126.59,115781,15035906.63,2659
2026-02-09,INE685A01028,TORNTPHARM,EQ,3968.5,4018.7,3936.2,3997.2,4005.0,3939.0,483762,1933775166.3,26148
2026-02-09,INE813H01021,TORNTPOWER,EQ,1440.0,1445.0,1409.2,1427.2,1443.0,1429.0,1044253,1488805945.0,24180
2026-02-09,INE336X01012,TOTAL,EQ,65.62,68.59,64.21,64.75,65.49,65.62,4822,313314.88,101
2026-02-09,INE486Y01013,TOUCHWOOD,EQ,90.0,95.2,90.0,91.39,91.2,92.95,3077,282867.39,102
2026-02-09,INE305A01023,TFCILTD,EQ,67.6,68.38,67.0,67.95,67.94,67.29,3799444,257960011.38,8945
2026-02-09,INE413G01022,TPLPLASTEH,EQ,59.35,65.4,59.35,64.83,64.89,60.66,116223,7332343.93,1500
2026-02-09,INE0HMF01019,TRACXN,EQ,31.27,34.49,31.27,33.9,34.32,31.27,2341498,77316875.22,2263
2026-02-09,INE763I01026,TARIL,EQ,253.4,292.3,251.8,285.65,280.95,247.97,32408079,9071849668.65,274598
2026-02-09,INE0O3901029,TREL,EQ,23.22,24.0,23.0,23.2,23.2,23.21,348303,8132531.97,1210
2026-02-09,INE688A01022,TCI,EQ,1070.9,1115.0,1064.8,1110.6,1114.0,1063.4,40664,44432100.5,4915
2026-02-09,INE454P01035,TRANSRAILL,EQ,549.0,578.5,539.8,565.65,564.7,539.8,805641,454599417.45,26760
2026-02-09,INE0NVI01020,TRANSTEEL,SM,144.0,149.0,141.1,144.65,148.0,144.45,63000,9106650.0,50
2026-02-09,INE804H01012,TFL,EQ,13.8,14.4,13.6,13.99,13.97,13.79,8530,119686.14,93
2026-02-09,INE757B01015,TRANSWORLD,EQ,170.0,185.98,170.0,184.48,182.62,172.65,31416,5662741.39,1572
2026-02-09,INE103V01028,TRAVELFOOD,EQ,1110.1,1164.0,1107.2,1154.3,1143.0,1111.3,50152,57064314.3,6162
2026-02-09,INE040M01013,TREEHOUSE,EQ,7.95,7.95,7.02,7.3,7.27,7.69,55451,412801.53,402
2026-02-09,INE00CA01015,TREJHARA,BE,189.1,194.99,189.0,190.01,191.0,189.95,8492,1614853.0,72
2026-02-09,INE849A01020,TRENT,EQ,4117.0,4238.6,4097.9,4171.2,4158.1,4113.8,995086,4155234432.5,75244
2026-02-09,INE391D01019,TRF,EQ,275.0,286.55,275.0,278.95,277.1,274.25,9217,2587630.5,775
2026-02-09,INE760L01018,TBZ,EQ,164.0,173.38,163.38,168.19,168.0,161.3,2223717,377982288.6,22307
2026-02-09,INE064C01022,TRIDENT,EQ,28.1,28.74,27.8,28.33,28.47,27.69,25340094,715102073.28,47308
2026-02-09,INE0QD201012,TECHLABS,SM,202.55,207.95,192.45,192.45,192.45,202.55,49625,9648087.5,207
2026-02-09,INE0LWY01029,TRIDHYA,SM,13.35,14.0,13.35,14.0,14.0,13.05,39000,522600.0,2
2026-02-09,INE948A01012,TRIGYN,EQ,65.83,69.0,64.99,65.98,66.0,65.84,32836,2175854.89,555
2026-02-09,INE256C01024,TRIVENI,EQ,373.85,384.75,372.5,381.45,378.15,372.5,279211,106215549.05,6463
2026-02-09,INE152M01016,TRITURBINE,EQ,508.45,514.0,499.2,502.55,500.75,502.75,1197247,605468285.65,35282
2026-02-09,INE0SYV01018,TROM,SM,57.0,62.0,55.2,62.0,62.0,58.45,6600,384990.0,11
2026-02-09,INE0MWH01014,TRUALT,EQ,434.05,443.0,427.0,435.7,436.3,426.3,342214,149368924.35,9180
2026-02-09,INE615R01029,TRU,EQ,7.18,7.5,7.18,7.3,7.33,7.32,121366,884745.39,413
2026-02-09,INE0SWN01019,TRUST,SM,42.75,43.6,40.0,42.85,42.85,44.5,25800,1066620.0,34
2026-02-09,INE16VK01010,TSC,SM,35.1,35.1,35.1,35.1,35.1,35.1,2000,70200.0,1
2026-02-09,INE202Z01029,TSFINV,EQ,450.25,465.0,449.0,457.8,455.15,445.05,90320,41424932.85,5742
2026-02-09,INE1C3207073,935TSI29,N0,102571.53,102571.53,102571.53,102571.53,102571.53,102571.53,1,102571.53,1
2026-02-09,INE1C3207040,935TSI31,N0,104524.66,104524.66,104524.66,104524.66,104524.66,104350.0,15,1567869.9,2
2026-02-09,INE910C01018,TTKHLTCARE,EQ,957.65,957.65,948.0,951.95,950.0,951.3,2172,2068974.85,494
2026-02-09,INE690A01028,TTKPRESTIG,EQ,564.85,579.2,564.8,577.95,575.0,568.75,9279,5331930.2,1331
2026-02-09,INE974X01010,TIINDIA,EQ,2327.0,2386.4,2318.0,2363.3,2358.0,2313.6,818095,1931131442.2,48957
2026-02-09,INE0OXV01027,TUNWAL,SM,29.0,30.0,29.0,29.05,29.0,28.95,146000,4304600.0,48
2026-02-09,INE038F01029,TVTODAY,EQ,123.14,125.53,122.58,124.12,124.0,122.87,58077,7220353.09,1597
2026-02-09,INE871L01013,TVVISION,BE,6.26,6.27,5.96,6.01,6.01,6.27,115153,690749.0,170
2026-02-09,INE236G01019,TVSELECT,BE,390.1,401.0,389.1,398.5,399.3,396.1,21570,8515194.65,510
2026-02-09,INE105A01035,TVSHLTD,EQ,15100.0,15486.0,15000.0,15289.0,15290.0,15055.0,6742,103319399.0,2842
2026-02-09,INE494B01023,TVSMOTOR,EQ,3780.0,3785.0,3715.8,3764.7,3762.6,3758.5,545338,2051526963.5,42468
2026-02-09,INE421C01016,TVSSRICHAK,EQ,4144.8,4350.0,4144.8,4226.0,4210.0,4173.0,6442,27546227.3,1575
2026-02-09,INE395N01027,TVSSCS,EQ,101.77,105.95,100.89,105.52,105.21,100.64,543060,56624990.82,5059
2026-02-09,INE388G01026,TICL,BE,21.7,22.19,21.3,21.65,21.74,22.3,145713,3125011.07,285
2026-02-09,INE152C01025,UYFINCORP,BE,15.45,15.47,15.0,15.29,15.29,14.83,212283,3222192.52,289
2026-02-09,INE139B01016,UCAL,EQ,113.76,114.74,112.02,113.13,113.8,114.56,12131,1378245.92,400
2026-02-09,INE583D07604,1015UCL27,NF,982.2,982.2,982.2,982.2,982.2,1002.0,3,2946.6,1
2026-02-09,INE583D07570,1039UCL26,NE,1060.2,1060.2,1060.2,1060.2,1060.2,1073.8,18,19083.6,1
2026-02-09,INE691A01018,UCOBANK,EQ,28.71,29.3,28.66,29.04,29.04,28.54,9069491,263994521.46,20815
2026-02-09,INE0N0Y01013,USK,EQ,21.48,21.6,20.62,21.41,21.6,21.16,42959,917893.2,381
2026-02-09,INE516A01017,UFLEX,EQ,483.0,507.85,483.0,499.7,498.0,483.9,52335,26055088.3,1998
2026-02-09,INE527H01019,UFO,EQ,75.8,77.0,74.61,75.77,75.35,74.33,66362,5026364.84,1065
2026-02-09,INE583D01011,UGROCAP,EQ,141.61,148.59,133.76,136.23,136.65,148.16,1694844,235138890.86,29283
2026-02-09,INE899L01030,UEL,EQ,190.35,190.35,190.35,190.35,190.35,173.05,13029,2480070.15,220
2026-02-09,INE551W01018,UJJIVANSFB,EQ,64.0,65.2,63.11,64.87,64.94,62.86,13908940,895400939.61,50396
2026-02-09,INE481G01011,ULTRACEMCO,EQ,12809.0,13071.0,12722.0,13048.0,13051.0,12722.0,235298,3045686672.0,38081
2026-02-09,INE067901012,UMA,SM,18.5,18.65,18.3,18.65,18.65,18.3,24000,445600.0,4
2026-02-09,INE0GIU01018,UMAEXPORTS,EQ,34.65,35.5,32.55,33.32,33.18,34.15,147386,5093718.33,887
2026-02-09,INE398B01018,UMIYA-MRO,EQ,93.28,93.73,90.0,90.29,90.38,93.74,20608,1878695.77,892
2026-02-09,INE351A01035,UNICHEMLAB,EQ,405.0,408.2,389.9,396.35,392.0,396.35,57850,23166200.85,2141
2026-02-09,INE00U401027,UNIECOM,EQ,102.0,103.6,99.4,101.15,101.0,101.5,553691,55752710.89,5752
2026-02-09,INE0PRF01011,UNIHEALTH,ST,294.0,296.0,287.0,296.0,296.0,297.0,11000,3187450.0,11
2026-02-09,INE481Z01011,UNIINFO,EQ,14.75,14.75,14.3,14.42,14.3,14.5,1495,21657.76,48
2026-02-09,INE0B2801011,UNILEX,SM,31.95,31.95,29.0,29.0,29.0,31.95,11200,339520.0,7
2026-02-09,INE0U3I01011,UNIMECH,EQ,1029.6,1029.6,980.55,1013.8,1013.0,955.8,146028,147049407.7,11684
2026-02-09,INE692A01016,UNIONBANK,EQ,181.0,182.1,178.92,179.98,179.95,178.13,15467264,2796901221.14,78562
2026-02-09,INF582M01KS4,UNIONGOLD,EQ,150.0,153.25,149.3,151.95,152.0,146.45,29726,4495828.8,549
2026-02-09,INE244O01017,UNIPARTS,EQ,490.0,509.9,490.0,501.75,495.3,485.6,158573,79813348.9,4840
2026-02-09,INE037A01022,UNIENTER,EQ,120.6,126.83,120.1,121.1,122.5,120.02,7666,939065.1,355
2026-02-09,INE694A01020,UNITECH,EQ,5.24,5.72,5.11,5.55,5.59,5.12,10816150,58398373.46,6254
2026-02-09,INE686F01025,UBL,EQ,1540.0,1540.0,1492.7,1533.6,1530.0,1524.8,160151,243299857.2,13449
2026-02-09,INE961D01019,UNIDT,EQ,188.5,194.99,183.25,184.96,185.05,186.76,8576,1606081.87,301
2026-02-09,INE382M01027,UFBL,EQ,250.0,275.69,243.35,256.76,255.6,251.39,253883,67321821.68,4982
2026-02-09,INE0SMR01011,UHTL,SM,48.5,48.5,47.0,47.15,47.0,46.0,32000,1523700.0,15
2026-02-09,INE458F01011,UNITEDTEA,EQ,490.0,498.0,487.0,491.25,490.05,489.1,4691,2317095.6,323
2026-02-09,INE368U01029,UNITEDPOLY,BE,29.39,29.47,28.16,28.89,29.0,28.8,6872,200189.82,134
2026-02-09,INE854D01024,UNITDSPR,EQ,1378.7,1413.4,1366.2,1409.8,1411.0,1377.0,689551,963037611.8,38045
2026-02-09,INE275F01019,UNIVAFOODS,BE,11.94,11.94,10.82,10.83,10.83,11.38,45815,544091.03,28
2026-02-09,INE562X01013,UNIVASTU,EQ,62.0,71.0,62.0,67.8,65.7,61.29,247523,16510535.5,1385
2026-02-09,INE279A01012,UNIVCABLES,EQ,742.6,754.9,699.9,735.15,730.0,758.15,192234,139625524.05,8509
2026-02-09,INE03V001013,UNIVPHOTO,EQ,200.0,208.4,200.0,207.34,208.4,201.66,12797,2593463.43,189
2026-02-09,INE405E01023,UNOMINDA,EQ,1155.9,1214.2,1150.2,1204.0,1213.6,1158.0,1402126,1676433878.8,53744
2026-02-09,INE148I08256,915SCL26,NE,1020.0,1023.5,1020.0,1023.5,1023.5,1020.0,50,51105.0,2
2026-02-09,INE530B08110,IIFLZC28,NG,1553.9,1553.9,1537.11,1537.11,1537.11,1536.9,2,3091.01,2
2026-02-09,INE530B08102,96IIFL28A,NF,998.5,999.99,994.99,999.67,999.68,998.0,5771,5749829.92,61
2026-02-09,INE477L08147,10IIFL28,N4,1032.25,1032.5,1032.25,1032.5,1032.5,1032.25,145,149693.75,2
2026-02-09,INE477L08154,96IIFL28,N5,999.0,999.0,994.0,998.0,998.0,999.0,426,424675.6,17
2026-02-09,INE866I08295,105IIFL29,N7,1017.99,1025.0,1017.99,1025.0,1025.0,1011.99,1042,1061867.67,18
2026-02-09,INE774D08MG3,M&MFIN,N3,2250.0,2250.0,2250.0,2250.0,2250.0,2289.9,500,1125000.0,1
2026-02-09,INE306N08292,910TCAP28,,1075.0,1098.99,1075.0,1098.0,1098.0,1070.0,314,344863.91,4
2026-02-09,INE851I01011,UDS,EQ,157.75,158.96,155.18,157.27,157.0,155.88,160486,25176772.94,4840
2026-02-09,INE628A01036,UPL,EQ,747.8,749.1,734.2,744.05,745.0,741.3,1489737,1105813481.55,34064
2026-02-09,INE0CBM01019,USASEEDS,SM,139.0,139.0,139.0,139.0,139.0,139.0,428,59492.0,1
2026-02-09,INE568Z01015,URAVIDEF,EQ,185.0,194.93,181.0,182.44,181.01,181.37,9867,1810279.82,1039
2026-02-09,INE0CAZ01013,URBANCO,EQ,123.0,125.99,122.34,123.22,123.09,122.13,2203457,274220056.56,16454
2026-02-09,INE0O0201019,URBAN,SM,140.2,143.85,140.2,141.8,141.1,140.0,13600,1930840.0,17
2026-02-09,INE550C01020,URJA,EQ,10.07,10.45,10.02,10.35,10.33,10.04,2361822,24195070.48,4003
2026-02-09,INE0LS001014,USHAFIN,SM,30.1,30.15,30.0,30.0,30.0,29.05,6400,192640.0,4
2026-02-09,INE240C01028,UMESLTD,EQ,4.9,4.9,4.27,4.73,4.79,4.62,79904,375508.97,248
2026-02-09,INE228A01035,USHAMART,EQ,424.3,439.5,417.4,437.15,436.5,416.85,425776,183627050.25,14559
2026-02-09,INE00NI01015,UCL,SM,61.9,61.9,58.0,58.95,59.9,52.55,12000,715400.0,6
2026-02-09,INE094J01016,UTIAMC,EQ,1072.0,1073.3,1050.1,1062.25,1066.55,1062.7,53599,57009431.4,7343
2026-02-09,INF789F1AUV1,BANKBETA,EQ,62.65,63.71,62.08,62.48,62.41,61.85,137337,8577914.13,737
2026-02-09,INF789F1AZF3,GILT10BETA,EQ,25.76,26.26,25.76,25.87,25.87,26.04,492,12778.38,61
2026-02-09,INF789F1AZE6,GILT5BETA,EQ,63.86,64.74,63.57,63.69,63.69,63.86,1488,94929.18,36
2026-02-09,INF789F1AZD8,ITBETA,EQ,373.77,373.77,370.77,372.58,372.59,372.51,762,283227.74,29
2026-02-09,INF789F1AYX9,MIDCAPBETA,EQ,222.32,224.91,221.94,224.06,224.78,221.72,12567,2816702.8,61
2026-02-09,INF789F1AUW9,NEXT50BETA,EQ,73.99,74.91,73.99,74.72,74.4,74.32,73479,5480080.54,985
2026-02-09,INF789F1AZC0,NIFTYBETA,EQ,290.09,290.09,283.96,284.69,284.5,283.02,19811,5637929.71,726
2026-02-09,INF789FB1X58,SENSEXBETA,EQ,936.63,936.63,918.1,926.83,929.0,918.27,3146,2913485.29,1240
2026-02-09,INF789F1AYK6,SILVERBETA,EQ,240.0,252.08,240.0,246.16,246.0,226.58,2049714,505048788.88,15355
2026-02-09,INF789F1AUU3,SNXT50BETA,EQ,91.63,93.65,91.0,93.24,93.45,91.68,9246,851828.75,240
2026-02-09,INF789F1AUX7,GOLDBETA,EQ,124.2,131.65,124.2,130.0,130.15,127.35,1250535,162650320.0,5529
2026-02-09,INE735W01017,UTKARSHBNK,EQ,14.15,14.15,13.63,14.03,13.99,14.06,9099822,126527400.43,10696
2026-02-09,INE06IJ01010,UTSSAV,SM,212.0,226.95,211.65,222.2,221.2,211.65,56400,12496800.0,88
2026-02-09,INE786F01031,UTTAMSUGAR,EQ,219.0,224.0,215.8,222.12,221.3,214.46,43174,9517009.88,970
2026-02-09,INE0GXK01018,VMARCIND,SM,609.0,615.0,597.7,609.5,609.2,594.45,9250,5643137.5,32
2026-02-09,INE951I01027,VGUARD,EQ,335.9,345.0,335.9,344.1,345.0,335.35,81646,27881977.8,4242
2026-02-09,INE0QXL01015,VLINFRA,SM,27.85,28.4,26.5,28.4,28.4,27.9,7500,205800.0,5
2026-02-09,INE945H01013,V2RETAIL,EQ,2007.8,2050.1,1929.1,1981.0,1975.0,1989.0,163218,323752635.7,18212
2026-02-09,INE956G01038,WABAG,EQ,1221.0,1300.0,1217.8,1294.5,1292.5,1214.9,633102,803676464.2,37863
2026-02-09,INE694D01016,VADILALIND,EQ,4594.0,4700.0,4490.0,4683.1,4662.0,4581.0,22106,101772278.4,4089
2026-02-09,INE884A01027,VAIBHAVGBL,EQ,237.52,266.0,235.01,258.99,258.76,227.0,6967598,1795099641.31,85192
2026-02-09,INE0JR301013,MADHAVBAUG,SM,238.75,238.75,238.75,238.75,238.75,239.0,800,191000.0,1
2026-02-09,INE972X01022,VAISHALI,EQ,7.97,8.3,7.95,7.97,7.95,7.91,141187,1140781.78,448
2026-02-09,INE051B01021,VAKRANGEE,EQ,7.03,7.27,6.98,7.14,7.16,6.96,3697250,26455281.72,4036
2026-02-09,INE0JWS01017,VALIANTLAB,EQ,60.4,68.39,58.89,67.22,67.58,58.86,431252,28204994.92,2388
2026-02-09,INE565V01010,VALIANTORG,EQ,273.41,276.99,270.0,275.12,275.0,270.41,21230,5800033.45,782
2026-02-09,INE879I01012,DBREALTY,EQ,119.0,128.95,118.2,124.27,124.04,117.03,10325031,1282201526.81,41267
2026-02-09,INE116G01013,VARDHACRLC,EQ,38.01,38.47,38.0,38.26,38.3,37.5,33996,1301093.99,312
2026-02-09,INE701A01023,VHL,EQ,3276.0,3385.0,3276.0,3347.6,3361.0,3335.0,895,2996424.8,227
2026-02-09,INE835A01029,VARDMNPOLY,EQ,6.94,7.2,6.56,6.61,6.57,6.62,622404,4180656.19,1326
2026-02-09,INE050M01012,VSSL,EQ,259.0,263.0,257.75,262.45,262.05,259.5,15877,4151338.6,1026
2026-02-09,INE825A01020,VTL,EQ,487.7,511.75,487.7,507.05,504.0,482.0,701452,351450597.2,22100
2026-02-09,INE665L01035,VARROC,EQ,575.4,580.0,554.0,556.55,554.0,573.45,230979,129630124.45,11827
2026-02-09,INE200M01039,VBL,EQ,443.45,459.0,439.1,457.35,457.05,439.05,7503533,3396389372.45,75536
2026-02-09,INE273D01019,VGL,EQ,132.5,137.56,130.45,131.69,133.31,130.03,17056,2278352.46,980
2026-02-09,INE0N5801013,DENTALKART,SM,565.0,565.0,470.0,486.75,492.0,568.4,94000,47663550.0,311
2026-02-09,INE893I01013,VASCONEQ,EQ,43.1,44.65,42.52,43.01,42.88,42.84,1688762,73282112.76,6552
2026-02-09,INE590L01019,VASWANI,EQ,53.65,56.99,53.65,55.67,55.1,54.77,48494,2700227.66,715
2026-02-09,INE098201036,VCL,BE,1.89,1.98,1.84,1.96,1.98,1.89,537896,1044264.2,393
2026-02-09,INE04HY07377,115VCCL28,N0,100441.1,100441.1,100441.1,100441.1,100441.1,100409.59,19,1908380.9,11
2026-02-09,INE04HY07161,12VCCL27,N0,98400.0,98400.0,98400.0,98400.0,98400.0,98500.0,1,98400.0,1
2026-02-09,INE04HY08011,125VCCL31,N0,96500.0,96500.0,96500.0,96500.0,96500.0,96340.0,22,2123000.0,10
2026-02-09,INE0U2M01015,VDEAL,SM,180.0,180.0,180.0,180.0,180.0,165.0,600,108000.0,1
2026-02-09,INE825V01034,MANYAVAR,EQ,475.8,493.6,470.75,491.0,487.0,470.75,162998,79184258.8,9914
2026-02-09,INE205A01025,VEDL,EQ,682.0,686.1,670.9,679.75,678.15,671.05,10904101,7390800010.3,174958
2026-02-09,INE484C01030,VEEDOL,EQ,1476.8,1487.2,1469.0,1473.6,1472.0,1476.8,12399,18319454.5,1148
2026-02-09,INE0KTW01013,VEEKAYEM,SM,103.0,103.0,103.0,103.0,103.0,98.1,1500,154500.0,3
2026-02-09,INE0I3H01019,VELS,SM,59.8,59.8,59.8,59.8,59.8,57.85,1200,71760.0,1
2026-02-09,INE398A01010,VENKEYS,EQ,1611.8,1715.0,1460.1,1489.7,1472.0,1600.4,1712808,2746884913.4,75389
2026-02-09,INE781S01027,VENTIVE,EQ,788.85,788.85,768.6,778.55,776.25,776.85,150776,117385794.8,5740
2026-02-09,INE0JA001018,VENUSPIPES,EQ,1210.0,1210.0,1175.1,1188.6,1189.0,1198.7,49468,58877824.7,5850
2026-02-09,INE411B01019,VENUSREM,BE,735.1,739.0,697.75,709.75,712.95,734.45,38468,27549388.1,1623
2026-02-09,INE0IQ001011,VERANDA,EQ,200.0,206.18,197.0,198.33,197.0,197.89,117034,23438525.94,1799
2026-02-09,INE0SRI01019,VERITAAS,SM,58.7,62.0,58.7,62.0,62.0,61.75,12000,733680.0,4
2026-02-09,INE0NLB01018,VERTEXPLUS,SM,88.2,88.2,88.2,88.2,88.2,90.0,600,52920.0,1
2026-02-09,INE0KXY23015,VERTIS,IV,108.0,108.0,108.0,108.0,108.0,107.0,25000,2700000.0,1
2026-02-09,INE188Y01031,VERTOZ,EQ,55.0,56.17,53.8,54.76,55.19,54.89,165724,9111895.01,2252
2026-02-09,INE386A01023,VESUVIUS,EQ,506.2,510.3,492.0,493.45,493.1,508.55,50739,25259913.65,3596
2026-02-09,INE918N01018,VETO,EQ,106.35,106.35,100.51,101.75,101.0,101.29,30050,3065476.51,1333
2026-02-09,INE0MO401019,VIAZ,SM,64.55,64.55,64.55,64.55,64.55,67.9,4000,258200.0,2
2026-02-09,INE0QTF01015,VSTL,EQ,120.6,120.6,115.3,118.57,119.49,117.18,10839,1282925.79,334
2026-02-09,INE048C01025,VHLTD,BE,138.59,140.2,135.9,138.27,138.0,136.52,13614,1874071.16,142
2026-02-09,INE0F8901022,VICTORYEV,SM,21.8,21.8,21.05,21.15,21.1,21.8,51000,1082550.0,17
2026-02-09,INE632C01026,VIDHIING,EQ,309.05,313.0,306.0,309.05,307.35,307.8,7094,2192229.9,459
2026-02-09,INE14UN01029,VIDYAWIRES,EQ,51.35,51.35,49.2,49.69,49.49,50.53,1408398,70552696.98,7085
2026-02-09,INE1DM601016,VIGOR,SM,64.95,64.95,60.0,60.55,60.0,60.0,38400,2373920.0,23
2026-02-09,INE043W01024,VIJAYA,EQ,965.2,999.4,964.6,995.35,995.0,965.2,53302,52742646.0,7778
2026-02-09,INE0WL901019,VIJAYPD,SM,61.15,67.5,58.5,61.1,58.5,63.3,404000,25242800.0,92
2026-02-09,INE159N01027,VIJIFIN,EQ,2.29,2.44,2.29,2.36,2.36,2.34,237868,567281.15,814
2026-02-09,INE806A01020,VIKASECO,EQ,1.5,1.56,1.49,1.54,1.55,1.51,2774616,4237207.63,1851
2026-02-09,INE161L01027,VIKASLIFE,EQ,1.62,1.67,1.57,1.63,1.64,1.62,5943015,9617505.31,17052
2026-02-09,INE078V01014,VIKRAMSOLR,EQ,210.0,216.64,209.11,215.33,215.3,208.06,570047,122232584.7,11404
2026-02-09,INE01R501028,VIKRAN,EQ,85.59,88.0,84.26,86.52,86.0,84.64,3061621,264840649.33,15584
2026-02-09,INE0AZY01017,VILAS,SM,334.45,346.0,333.2,340.85,342.0,330.45,130750,44625350.0,149
2026-02-09,INE0L4V01013,VILINBIO,ST,35.8,35.8,34.2,34.2,34.2,36.0,52000,1797600.0,13
2026-02-09,INE579C01029,VIMTALABS,EQ,424.6,458.0,421.25,454.25,452.45,424.6,383333,170660264.85,16625
2026-02-09,INE410B01037,VINATIORGA,EQ,1555.0,1579.9,1531.9,1552.3,1554.0,1524.4,40955,63850594.0,5166
2026-02-09,INE707A01012,VINDHYATEL,EQ,1188.5,1188.5,1128.0,1156.9,1151.0,1244.4,68170,79048254.5,5712
2026-02-09,INE505Y01010,VINEETLAB,EQ,31.49,31.79,30.05,31.34,31.7,30.02,122819,3784412.78,1108
2026-02-09,INE01KI01027,VINNY,EQ,1.25,1.27,1.17,1.24,1.24,1.23,361438,443384.28,324
2026-02-09,INE0OSJ01014,VINSYS,SM,326.85,327.2,310.9,316.45,321.05,326.85,5000,1590787.5,19
2026-02-09,INE498Q01014,VINCOFE,EQ,148.4,151.87,147.8,150.07,149.5,146.4,1262958,190232107.41,6150
2026-02-09,INE0OLS01010,VINYAS,SM,1061.05,1061.05,1021.1,1040.0,1040.0,1050.0,3900,4055335.0,34
2026-02-09,INE250B01029,VINYLINDIA,EQ,216.25,232.9,216.25,228.32,226.86,215.23,20513,4626471.25,1015
2026-02-09,INE450G01024,VIPCLOTHNG,EQ,25.16,25.8,25.1,25.33,25.6,25.11,209014,5303452.19,939
2026-02-09,INE054A01027,VIPIND,EQ,382.0,388.25,380.1,383.9,384.45,385.7,114537,44054528.65,9215
2026-02-09,INE946H01037,VIPULLTD,BE,10.18,10.18,10.18,10.18,10.18,10.38,58012,590562.16,74
2026-02-09,INE539B01017,VIRINCHI,EQ,20.85,21.45,20.65,21.11,21.1,20.64,86959,1838525.7,511
2026-02-09,INE0VRH01015,VGINFOTECH,SM,141.0,143.85,140.5,141.9,140.6,140.1,33000,4680600.0,33
2026-02-09,INE286H01012,VISASTEEL,EQ,36.36,38.13,35.56,37.64,37.75,37.1,32104,1210943.73,141
2026-02-09,INE370E01029,VIVIDHA,EQ,0.57,0.59,0.57,0.57,0.58,0.57,396598,229875.68,296
2026-02-09,INE392A01021,VISAKAIND,EQ,64.56,68.39,64.49,68.09,68.09,64.56,83014,5570850.61,790
2026-02-09,INE0BHK01012,VISAMAN,ST,134.5,135.0,125.45,134.0,134.0,132.0,5000,654400.0,4
2026-02-09,INE01EA01019,VMM,EQ,122.45,122.9,121.45,122.26,122.2,122.19,4078498,498577103.36,48942
2026-02-09,INE270I01022,VISHNU,EQ,519.45,522.7,503.0,518.85,515.0,510.9,66650,34221610.6,3845
2026-02-09,INE0AE001013,VPRPL,EQ,46.71,51.0,46.71,50.72,50.7,46.95,2562807,127146233.17,10761
2026-02-09,INE0PQ001012,VISHNUINFR,SM,189.0,189.0,174.0,174.65,174.2,178.15,16000,2827150.0,28
2026-02-09,INE430N01022,VISHWARAJ,EQ,6.02,6.15,5.93,5.96,5.94,6.01,989352,5948145.05,1432
2026-02-09,INE0S2E01016,VISHWAS,SM,42.85,42.85,42.85,42.85,42.85,38.1,1600,68560.0,1
2026-02-09,INE0TR001017,VIESL,ST,239.0,243.05,236.05,243.0,243.0,231.5,21600,5186640.0,20
2026-02-09,INE0L4K01016,VITAL,SM,51.55,52.0,50.8,52.0,52.0,51.55,7200,370020.0,6
2026-02-09,INE0MEG01014,VIVIANA,SM,816.0,858.0,816.0,825.55,817.0,815.25,12800,10686080.0,61
2026-02-09,INE526G01021,VIVIMEDLAB,EQ,6.91,7.57,6.91,7.52,7.57,7.21,1117696,8407407.74,846
2026-02-09,INE807F01027,VIYASH,EQ,207.7,212.9,203.75,207.42,208.0,201.56,1134818,236793725.86,22255
2026-02-09,INE03HW01020,VLEGOV,EQ,13.98,16.46,13.78,13.91,14.0,13.98,680223,9563173.5,2386
2026-02-09,INE709A01018,VLSFINANCE,EQ,275.55,275.55,270.9,273.65,273.5,275.55,9058,2473249.9,505
2026-02-09,INE665J01013,VMART,EQ,591.45,634.95,591.45,632.05,628.1,589.55,127842,79748169.45,8612
2026-02-09,INE0SJA01013,VMSTMT,EQ,50.0,52.38,49.51,51.47,51.37,49.79,200254,10254862.8,1906
2026-02-09,INE669E01016,IDEA,EQ,11.3,11.66,11.23,11.58,11.55,11.12,631894548,7285553569.3,159712
2026-02-09,INE241X01014,VOLERCAR,SM,233.0,233.0,233.0,233.0,233.0,233.15,11200,2609600.0,2
2026-02-09,INE540H01012,VOLTAMP,EQ,8003.0,8289.0,7994.0,8143.0,8185.0,7973.0,47889,391819287.5,14431
2026-02-09,INE226A01021,VOLTAS,EQ,1440.0,1506.0,1431.4,1502.9,1502.0,1435.0,769229,1143986971.7,36894
2026-02-09,INE0S2V01010,VRAJ,EQ,133.15,135.5,131.0,134.32,134.3,132.23,32067,4275529.77,521
2026-02-09,INE366I01010,VRLLOG,EQ,286.5,303.6,284.65,300.2,300.0,285.25,660472,197231456.35,27069
2026-02-09,INE710A01016,VSTIND,EQ,245.0,246.04,240.0,241.07,240.45,237.33,347441,84423104.32,9812
2026-02-09,INE764D01017,VSTTILLERS,EQ,6000.0,6030.0,5711.0,5881.5,5850.0,5803.0,37204,218471592.0,8275
2026-02-09,INE100D01014,WSI,EQ,80.65,81.22,78.78,80.72,80.5,78.39,335027,26930031.83,2480
2026-02-09,INE377N01017,WAAREEENER,EQ,3107.1,3130.0,3095.0,3122.2,3119.7,3087.7,790531,2462543583.5,35974
2026-02-09,INE299N01021,WAAREERTL,EQ,900.8,919.0,900.75,916.2,916.0,900.8,184464,168159106.65,10497
2026-02-09,INE0E7301029,WAKEFIT,EQ,180.1,187.0,180.1,185.73,185.0,183.12,165718,30606228.54,4615
2026-02-09,INE711A01022,WALCHANNAG,EQ,179.7,186.8,178.78,185.02,184.45,177.72,841672,154583927.02,10832
2026-02-09,INE107F01022,WANBURY,EQ,253.88,265.0,248.99,258.1,257.5,245.27,220692,57191023.25,4584
2026-02-09,INE082W01014,WEWIN,EQ,43.61,44.89,43.6,44.14,44.69,43.17,710,31231.55,29
2026-02-09,INF2F0001370,TWCGOLDETF,EQ,155.12,159.35,152.71,153.98,154.3,153.52,304388,46935369.57,348
2026-02-09,INE658T01017,WEALTH,EQ,855.0,889.0,830.0,856.7,870.0,835.4,3503,3051967.95,496
2026-02-09,INE855C01023,WEBELSOLAR,EQ,67.84,72.0,67.23,71.54,71.8,66.63,5782058,405012775.14,25660
2026-02-09,INE080A01014,WEIZMANIND,EQ,94.99,94.99,90.0,90.06,90.03,91.01,1358,123378.98,91
2026-02-09,INE191B01025,WELCORP,EQ,837.45,837.85,823.0,831.55,832.9,824.85,230781,191267362.35,12396
2026-02-09,INE625G01013,WELENT,EQ,503.0,513.0,495.1,510.5,510.05,502.7,235889,119551138.8,5236
2026-02-09,INE389K01018,WELINV,EQ,1280.0,1350.0,1260.4,1323.4,1334.3,1298.6,3889,5144247.9,246
2026-02-09,INE192B01031,WELSPUNLIV,EQ,144.0,148.28,144.0,145.11,144.75,140.35,5446797,792633461.51,49388
2026-02-09,INE274C01019,WENDT,EQ,6935.5,7340.0,6930.5,7192.5,7195.0,6935.5,16062,115908869.0,3778
2026-02-09,INE976A01021,WSTCSTPAPR,EQ,441.95,441.95,431.0,440.25,440.15,435.25,50024,21864158.8,2064
2026-02-09,INE0CJF01024,WCIL,EQ,121.4,122.28,118.92,120.58,120.45,119.26,141288,17081249.15,1925
2026-02-09,INE274F01020,WESTLIFE,EQ,531.0,532.0,516.45,522.65,522.95,542.25,334993,175266426.15,16104
2026-02-09,INE085001019,WEWORK,EQ,580.05,588.6,577.75,584.95,585.0,580.25,70337,41126971.3,2867
2026-02-09,INE715A01015,WHEELS,EQ,867.6,896.0,858.1,885.85,875.0,857.35,49643,43924092.7,2672
2026-02-09,INE716A01013,WHIRLPOOL,EQ,865.0,914.1,855.05,906.9,910.05,854.65,653496,582151231.65,28674
2026-02-09,INE210A01017,WILLAMAGOR,EQ,28.21,29.68,28.0,28.2,28.04,28.2,1228,34776.4,72
2026-02-09,INE0H5O01029,WINDLAS,EQ,864.3,897.3,861.0,871.4,869.35,854.05,62218,54967037.5,4302
2026-02-09,INE052A01021,WINDMACHIN,EQ,255.0,262.0,255.0,259.35,260.75,254.4,34713,8978886.1,783
2026-02-09,INE0S3D01016,WINSOL,SM,131.3,135.3,131.3,133.45,133.95,128.95,5200,694160.0,13
2026-02-09,INE784B01035,WINSOME,BZ,1.69,1.69,1.63,1.63,1.63,1.66,2586,4346.6,27
2026-02-09,INE075A01022,WIPRO,EQ,231.85,232.93,229.61,230.08,230.1,230.72,9112474,2100423973.57,142928
2026-02-09,INE623Y01011,WTICAB,SM,120.0,121.55,118.0,119.6,118.4,123.4,11000,1319150.0,19
2026-02-09,INE049B01025,WOCKPHARMA,EQ,1410.0,1463.0,1399.1,1411.2,1402.1,1398.4,613961,880988347.6,30109
2026-02-09,INE0OO201011,WOL3D,ST,133.25,136.0,133.25,135.0,136.0,139.0,11000,1480300.0,10
2026-02-09,INE0Q9601016,WOMANCART,SM,177.0,177.15,148.0,152.45,156.95,176.0,210400,33539360.0,401
2026-02-09,INE02WG01024,WEL,EQ,145.24,150.67,145.24,149.03,148.53,145.16,140733,20871322.73,2361
2026-02-09,INE066O01014,WONDERLA,EQ,504.8,519.5,504.15,517.15,517.8,504.95,50048,25733997.1,4042
2026-02-09,INE196Y01018,WORTHPERI,EQ,138.99,141.9,138.02,141.11,141.9,137.09,10379,1461851.55,71
2026-02-09,INE692G01013,XCHANGING,EQ,72.0,72.8,70.5,71.42,71.05,71.05,114417,8188263.47,1923
2026-02-09,INE01P501012,XELPMOC,EQ,141.0,143.75,136.21,138.18,138.5,140.07,10874,1521328.26,511
2026-02-09,INE445C01015,XPROINDIA,EQ,974.4,1005.0,960.75,997.85,990.0,963.6,15045,14843361.15,1538
2026-02-09,INE547B01028,XTGLOBAL,EQ,29.94,33.5,28.46,32.0,32.2,29.94,34659,1093314.32,526
2026-02-09,INE0TO601017,YASHOPTICS,SM,119.0,119.0,116.0,117.0,117.0,117.5,4800,564840.0,6
2026-02-09,INE616Z01012,YASHO,EQ,1387.1,1420.0,1377.0,1401.7,1415.0,1387.0,16893,23659769.4,663
2026-02-09,INE08S201019,YCCL,SM,12.0,12.0,12.0,12.0,12.0,11.8,3000,36000.0,1
2026-02-09,INE0JO301016,YATHARTH,EQ,645.9,675.0,644.0,672.8,672.0,642.5,566812,377287916.1,21941
2026-02-09,INE0JR601024,YATRA,EQ,149.5,152.4,146.61,149.87,149.92,147.36,691952,103396495.34,9301
2026-02-09,INE528G01035,YESBANK,EQ,21.39,21.64,21.3,21.56,21.55,21.29,66727230,1438171170.57,72669
2026-02-09,INE09FA01019,YUDIZ,SM,35.8,37.55,35.8,37.5,37.55,35.8,16800,627520.0,21
2026-02-09,INE384C01016,YUKEN,EQ,801.45,815.0,796.05,809.15,812.0,791.15,2883,2324879.2,295
2026-02-09,INE0ISZ01012,ZTECH,SM,572.0,577.45,562.05,569.65,569.0,565.1,9600,5473110.0,26
2026-02-09,INE07K301024,ZAGGLE,EQ,283.0,290.9,281.0,285.1,285.0,279.9,1112207,318090103.4,20696
2026-02-09,INE0PPS01018,ZEAL,SM,75.0,76.3,75.0,75.0,75.0,74.0,3000,226380.0,5
2026-02-09,INE256A01028,ZEEL,EQ,89.66,93.03,89.59,92.71,92.52,89.37,11068236,1019828259.05,50838
2026-02-09,INE565L01011,ZEELEARN,EQ,6.17,6.36,6.14,6.24,6.15,6.16,1207511,7565604.23,1298
2026-02-09,INE966H01019,ZEEMEDIA,EQ,8.27,9.45,8.18,9.28,9.3,8.17,8846250,80860570.03,7603
2026-02-09,INE251B01027,ZENTEC,EQ,1326.9,1344.9,1325.0,1339.6,1336.9,1326.1,319860,426952264.8,16302
2026-02-09,INE0QWN01013,ZENITHDRUG,SM,47.25,50.0,47.25,50.0,50.0,49.0,32000,1518600.0,4
2026-02-09,INE058B01018,ZENITHEXPO,EQ,214.99,214.99,207.15,214.99,214.99,214.92,458,97115.27,31
2026-02-09,INE318D01020,ZENITHSTL,EQ,5.23,5.4,5.11,5.27,5.28,5.23,170559,893708.6,607
2026-02-09,INE520A01027,ZENSARTECH,EQ,633.0,642.55,623.3,625.05,624.0,629.6,520770,327767197.0,24918
2026-02-09,INF0R8F01042,GOLDCASE,EQ,24.5,24.89,24.2,24.34,24.4,23.79,16342111,397956822.56,26252
2026-02-09,INF0R8F01034,LIQUIDCASE,EQ,112.67,112.67,112.65,112.66,112.67,112.65,29893375,3367721422.9,14025
2026-02-09,INF0R8F01133,LTGILTCASE,EQ,28.82,30.6,28.82,29.66,29.63,29.71,142540,4228793.33,904
2026-02-09,INF0R8F01059,MID150CASE,EQ,11.3,11.3,10.79,11.13,11.14,10.97,2042798,22651904.81,6576
2026-02-09,INF0R8F01166,NIFTYCASE,EQ,10.53,10.53,10.25,10.28,10.27,10.22,335938,3454871.81,1591
2026-02-09,INF0R8F01091,SILVERCASE,EQ,25.31,26.03,25.31,25.8,25.84,23.8,31710309,818066638.24,36443
2026-02-09,INF0R8F01141,SML100CASE,EQ,9.85,9.85,8.8,9.82,9.81,9.56,2568390,25062425.17,1891
2026-02-09,INF0R8F01067,TOP100CASE,EQ,11.32,11.32,10.84,11.05,11.05,10.99,603970,6669192.2,1900
2026-02-09,INE342J01019,ZFCVINDIA,EQ,14850.0,15300.0,14800.0,15149.0,15164.0,14884.0,8914,134530414.0,4265
2026-02-09,INE518E01015,ZIMLAB,EQ,72.03,73.0,70.83,72.38,72.23,71.68,40058,2875944.98,516
2026-02-09,INE206B01013,ZODIACLOTH,EQ,85.05,90.0,85.05,88.32,89.0,85.88,8893,782077.43,375
2026-02-09,INE761Y01019,ZODIAC,EQ,262.9,274.0,260.0,267.55,265.85,260.6,35254,9454486.15,1508
2026-02-09,INE358U01012,ZOTA,EQ,1295.0,1337.0,1284.5,1328.5,1333.0,1284.5,86520,113431099.7,5262
2026-02-09,INE840M01016,ZUARI,EQ,239.75,253.0,239.05,250.8,249.55,240.75,418925,103067929.65,8622
2026-02-09,INE217A01012,ZUARIIND,EQ,263.95,275.9,263.3,272.85,270.35,262.05,78812,21452264.6,2115
2026-02-09,INE010B01027,ZYDUSLIFE,EQ,897.45,933.35,884.0,923.45,922.0,888.15,2082620,1909029544.7,74341
2026-02-09,INE768C01028,ZYDUSWELL,EQ,388.6,409.0,386.6,407.15,406.5,388.6,369553,146654843.55,15614
