trade_date,isin,symbol,series,open,high,low,close,last_price,prev_close,volume,turnover,trades
2026-03-12,IN0020200104,SGBJUN28,GB,15805.5,15805.5,15712.61,15792.0,15792.0,15918.69,111,1748913.97,36
2026-03-12,IN0020200286,SGBN28VIII,GB,15800.0,15824.0,15751.0,15807.77,15800.0,15870.02,74,1168748.77,30
2026-03-12,IN0020210053,SGBMAY29I,GB,15719.0,15874.99,15719.0,15797.15,15800.0,15963.92,464,7334548.51,138
2026-03-12,IN0020210061,SGBJUN29II,GB,15613.03,15899.0,15613.03,15789.88,15785.0,15911.87,430,6788736.88,50
2026-03-12,IN0020210087,SGBJU29III,GB,15735.0,15850.0,15735.0,15802.81,15790.0,15881.12,562,8873298.04,50
2026-03-12,IN0020210145,SGBSEP29VI,GB,15731.0,15990.0,15731.0,15918.31,15990.0,15940.0,670,10612723.39,82
2026-03-12,IN0020210178,SGBNV29VII,GB,15790.0,15860.0,15760.0,15841.08,15860.0,15924.99,233,3683096.54,56
2026-03-12,IN0020180249,SGBOCT26,GB,15691.01,15708.31,15691.01,15708.31,15708.31,15750.0,5,78472.45,3
2026-03-12,IN0020180314,SGBNOV26,GB,15519.0,15519.0,15519.0,15519.0,15519.0,15884.6,1,15519.0,1
2026-03-12,IN0020190073,SGBJUN27,GB,15874.72,15999.0,15616.14,15799.99,15799.99,15874.72,55,871241.65,17
2026-03-12,IN0020190107,SGBAUG27,GB,15802.5,15802.5,15697.12,15787.75,15788.0,15873.88,35,552182.74,19
2026-03-12,IN0020190115,SGBSEP27,GB,15825.0,15825.0,15803.0,15803.5,15803.0,15826.0,62,979815.0,14
2026-03-12,IN0020180462,SGBJAN27,GB,15799.0,15999.0,15672.0,15672.0,15672.0,15940.0,30,477065.0,7
2026-03-12,IN0020190370,SGBOCT27,GB,15802.5,15899.0,15726.0,15727.01,15727.01,15868.49,6,94607.52,5
2026-03-12,IN0020180561,SGBFEB27,GB,15553.0,15705.0,15553.0,15705.0,15705.0,15701.0,12,186905.5,3
2026-03-12,IN0020190388,SGBOCT27VI,GB,15805.5,15805.5,15751.7,15761.0,15761.0,15869.0,18,283611.3,11
2026-03-12,IN0020190461,SGBDC27VII,GB,15750.75,15800.0,15750.0,15799.0,15799.0,15801.0,12,189438.5,9
2026-03-12,IN0020200062,SGBAPR28I,GB,15805.5,15945.0,15752.0,15831.64,15840.0,15893.33,453,7166702.49,63
2026-03-12,IN0020200088,SGBMAY28,GB,15881.61,15885.0,15733.06,15827.44,15860.0,15881.61,158,2496560.04,54
2026-03-12,IN0020200146,SGBJUL28IV,GB,15804.5,15840.0,15701.0,15811.43,15811.01,15883.88,1134,17912844.58,132
2026-03-12,IN0020190545,SGBFEB28IX,GB,15802.5,15802.5,15802.5,15802.5,15802.5,15898.99,2,31605.0,2
2026-03-12,IN0020200161,SGBAUG28V,GB,15786.0,15878.99,15773.17,15783.35,15775.0,15905.08,5700,90081293.34,489
2026-03-12,IN0020200195,SGBSEP28VI,GB,15794.0,15830.0,15711.0,15793.17,15795.0,15909.54,472,7451894.21,84
2026-03-12,IN0020200203,SGBOC28VII,GB,15840.0,15840.0,15766.01,15806.43,15807.0,15909.91,340,5376167.05,20
2026-03-12,IN0020190537,SGBJ28VIII,GB,15760.01,15869.89,15710.0,15739.46,15739.46,15760.01,38,597767.57,10
2026-03-12,IN0020190552,SGBMAR28X,GB,15802.5,15802.5,15774.88,15774.88,15774.88,15850.0,41,647701.61,7
2026-03-12,IN0020210111,SGBJUL29IV,GB,15753.1,15958.0,15700.0,15726.23,15749.0,15906.72,219,3449306.17,44
2026-03-12,IN0020200377,SGBJAN29IX,GB,15781.0,15821.59,15699.99,15798.71,15780.0,15898.95,1233,19440280.71,149
2026-03-12,IN0020210129,SGBAUG29V,GB,15909.38,15909.38,15722.0,15842.22,15842.22,15909.38,46,730122.76,24
2026-03-12,IN0020210228,SGBD29VIII,GB,15716.0,15845.0,15716.0,15833.92,15830.0,15899.84,736,11630902.83,110
2026-03-12,IN0020200385,SGBJAN29X,GB,15750.0,15792.99,15669.0,15791.0,15790.0,15881.64,494,7776730.34,59
2026-03-12,IN0020200393,SGBFEB29XI,GB,15800.0,15800.0,15715.01,15775.35,15770.0,15879.98,474,7476600.61,52
2026-03-12,IN0020200427,SGBMR29XII,GB,15618.0,15886.0,15618.0,15843.78,15886.0,15894.66,857,13543616.94,99
2026-03-12,IN0020220045,SGBJUN30,GB,15984.0,15984.0,15826.0,15938.66,15936.0,15985.0,347,5526737.19,51
2026-03-12,IN0020220078,SGBAUG30,GB,15986.56,16020.0,15842.0,16002.17,16000.0,15986.56,295,4708019.06,71
2026-03-12,IN0020220110,SGBDE30III,GB,15847.0,16148.31,15818.01,16036.28,16050.0,16003.64,421,6744594.75,97
2026-03-12,IN0020210236,SGBJAN30IX,GB,15925.0,15950.0,15778.66,15929.45,15949.99,15910.02,40,635305.41,19
2026-03-12,IN0020210319,SGBMAR30X,GB,15811.0,16279.0,15811.0,15958.52,15999.0,16033.89,124,1980612.37,45
2026-03-12,IN0020230069,SGBJUN31I,GB,16050.0,16269.0,16011.01,16171.74,16230.0,16187.05,660,10630866.64,176
2026-03-12,IN0020230093,SGBSEP31II,GB,16178.48,16200.0,16000.01,16147.31,16184.0,16178.48,552,8889782.11,176
2026-03-12,IN0020230168,SGBDE31III,GB,16026.29,16398.99,16026.29,16294.81,16290.0,16202.29,1862,30224959.46,333
2026-03-12,IN0020220169,SGBMAR31IV,GB,15916.0,16184.99,15916.0,16077.37,16070.0,16135.64,351,5633259.41,87
2026-03-12,IN0020230184,SGBFEB32IV,GB,16800.0,17200.0,16400.0,16776.58,16883.0,16833.16,2716,45642786.12,550
2026-03-12,INE144J01027,20MICRONS,EQ,164.1,166.25,161.72,163.09,164.0,166.61,102669,16817645.42,2478
2026-03-12,INE253B01015,21STCENMGM,EQ,34.26,34.61,33.31,33.64,34.0,33.94,1484,50187.6,40
2026-03-12,INE466L01038,360ONE,EQ,1040.0,1049.1,1017.3,1043.4,1046.7,1048.1,934229,968891564.9,29095
2026-03-12,INF579M01BB5,GOLD360,EQ,155.85,156.3,155.0,155.75,156.05,156.0,21426,3334794.55,493
2026-03-12,INF579M01BC3,SILVER360,EQ,251.64,270.0,251.64,263.08,263.0,258.18,87387,22594512.4,1860
2026-03-12,INE748C01038,3IINFOLTD,EQ,13.3,13.35,13.1,13.14,13.1,13.24,606858,8011423.42,1083
2026-03-12,INE470A01017,3MINDIA,EQ,33720.0,35175.0,33045.0,34305.0,34250.0,33720.0,8868,303386430.0,3554
2026-03-12,INE105C01023,3PLAND,EQ,31.18,32.0,30.4,31.22,31.98,31.36,1006,31894.2,71
2026-03-12,INE618L01018,5PAISA,EQ,309.0,310.15,297.05,301.8,303.0,304.0,45409,13704313.7,1672
2026-03-12,INE111B01023,63MOONS,EQ,595.0,605.0,584.5,594.05,594.9,595.75,114090,67975840.95,3794
2026-03-12,INE053F07579,734IRFC28,N4,1063.0,1063.0,1060.01,1060.01,1060.01,1059.8,1501,1591168.69,7
2026-03-12,INE261F07057,735NABAR31,N1,1100.0,1100.0,1100.0,1100.0,1100.0,1164.9,9,9900.0,1
2026-03-12,INE020B07JU4,743REC35,NH,1158.0,1180.0,1158.0,1180.0,1180.0,1165.0,229,265826.0,3
2026-03-12,INE031A07865,751HUDCO28,N5,1038.05,1038.05,1038.03,1038.04,1038.04,1043.4,200,207607.12,4
2026-03-12,INE261F07032,764NABAR31,N2,1087.05,1087.05,1085.75,1085.96,1086.0,1087.99,848,921120.25,30
2026-03-12,INE031A07AO5,764HUDCO31,N8,1099.0,1099.0,1099.0,1099.0,1099.0,1091.15,1,1099.0,1
2026-03-12,INE031A07AT4,769HUDCO31,N9,1101.5,1101.5,1100.0,1101.0,1101.0,1101.78,883,972084.9,20
2026-03-12,INE202E07229,774IREDA31,N7,1096.5,1099.0,1095.0,1099.0,1099.0,1097.0,130,142746.5,4
2026-03-12,INE020B07GH7,812REC27,NI,1079.54,1080.0,1078.8,1079.55,1079.9,1079.54,5331,5753547.04,37
2026-03-12,INE031A07840,82HUDCO27,N2,1023.6,1024.1,1023.52,1024.01,1024.01,1025.0,3868,3959820.58,10
2026-03-12,INE134E07208,830PFCL27,N5,1058.1,1059.0,1058.1,1058.69,1059.0,1055.1,295,312315.0,2
2026-03-12,INE906B07DF8,875NHAI29,N6,1089.8,1089.8,1084.5,1084.99,1085.0,1089.8,1797,1950551.6,34
2026-03-12,INE031A07949,876HUDCO28,ND,1107.5,1107.73,1107.3,1107.3,1107.3,1104.05,476,527187.8,10
2026-03-12,INE848E07559,879NHPC28,N5,1156.0,1170.0,1156.0,1170.0,1170.0,1152.22,175,203700.0,3
2026-03-12,INE787H07370,891IIFCL34,N4,1223.0,1224.0,1220.0,1223.37,1224.0,1215.0,498,609130.5,18
2026-03-12,INE733E07JJ9,891NTPC33,N6,1235.0,1235.0,1235.0,1235.0,1235.0,1234.84,85,104975.0,2
2026-03-12,INE848E07567,892NHPC33,N6,1310.0,1310.0,1310.0,1310.0,1310.0,1310.0,500,655000.0,2
2026-03-12,INE134E07463,892PFCL33,N8,1239.99,1240.0,1239.97,1239.97,1239.97,1235.27,303,375717.93,6
2026-03-12,INE774D08MA6,9MMFSML,N2,1062.0,1066.4,1062.0,1066.4,1066.4,1063.04,18,19121.44,3
2026-03-12,INE031A07AB2,901HUDCO34,NE,1240.0,1240.0,1240.0,1240.0,1240.0,1234.5,6,7440.0,4
2026-03-12,INE08PH01015,ABCOTS,EQ,395.9,410.2,395.9,405.2,403.5,401.95,13294,5368018.1,810
2026-03-12,INE00YB01025,ABINFRA,EQ,18.29,18.29,16.75,17.01,16.75,17.61,4134147,70841231.32,3124
2026-03-12,INE619I01012,A2ZINFRA,BE,15.62,16.44,15.62,16.26,16.26,15.94,94267,1524394.97,147
2026-03-12,INE0D0U01013,AAATECH,EQ,94.25,94.25,90.25,93.17,93.9,94.76,5703,530036.24,203
2026-03-12,INE883F01010,AADHARHFC,EQ,476.0,482.0,470.1,475.95,475.0,482.35,248394,118394654.75,13954
2026-03-12,INE1GYP01013,AAKAAR,ST,54.9,56.55,54.9,56.55,56.55,57.4,3200,178320.0,2
2026-03-12,INE087Z01024,AAKASH,BE,11.0,11.2,10.15,10.15,10.15,10.68,567254,5931323.2,1524
2026-03-12,INE198H01019,AAREYDRUGS,EQ,68.0,69.45,66.8,68.26,68.93,67.65,132551,9111753.52,504
2026-03-12,INE750R01016,AARNAV,EQ,26.82,27.0,24.8,25.31,25.6,26.29,18118,458995.21,316
2026-03-12,INE721Z01010,AARON,EQ,145.9,147.97,140.85,142.52,141.7,145.9,9152,1320546.36,327
2026-03-12,INE01C001026,AARTECH,EQ,40.5,41.48,39.05,39.8,39.8,40.34,13897,558408.48,241
2026-03-12,INE767A01016,AARTIDRUGS,EQ,353.15,358.75,345.0,356.45,356.0,352.75,85129,30064885.8,4167
2026-03-12,INE769A01020,AARTIIND,EQ,430.0,456.75,420.3,446.2,445.9,430.15,3142764,1406116769.95,97106
2026-03-12,INE0LRU01027,AARTIPHARM,EQ,671.5,684.8,665.2,678.65,678.15,681.05,107706,72866606.6,9765
2026-03-12,INE09EO01013,AARTISURF,EQ,369.85,385.0,363.2,376.15,370.9,367.15,12500,4697729.15,974
2026-03-12,INE09EO04017,AARTISURF,P1,208.0,208.0,208.0,208.0,208.0,214.95,1,208.0,1
2026-03-12,INE754X01016,AARVI,EQ,131.81,131.9,127.2,128.88,131.35,129.82,11542,1491117.57,708
2026-03-12,INE216P01012,AAVAS,EQ,1202.7,1211.0,1163.0,1179.8,1182.0,1211.8,347566,409841974.5,27873
2026-03-12,INE00ZE01026,AFSL,EQ,204.72,207.31,201.0,201.57,201.0,204.72,17187,3469203.33,269
2026-03-12,INE117A01022,ABB,EQ,6242.0,6429.5,6146.0,6409.0,6415.5,6280.0,596298,3780336168.5,55915
2026-03-12,INE358A01014,ABBOTINDIA,EQ,27000.0,27000.0,26530.0,26685.0,26645.0,27200.0,6590,176250020.0,3578
2026-03-12,INE860H07IP2,78ABCL33,N1,1010.0,1010.0,1010.0,1010.0,1010.0,910.0,21,21210.0,1
2026-03-12,INE0UYG01015,ABHAPOWER,SM,28.0,30.6,28.0,29.3,29.0,29.05,16000,470000.0,10
2026-03-12,INE0CAJ01017,AILIMITED,SM,43.6,43.75,43.6,43.75,43.75,43.75,3000,131025.0,2
2026-03-12,INE251C01025,ABMINTLLTD,BE,47.25,47.25,47.2,47.2,47.2,47.29,3,141.65,2
2026-03-12,INE0QRV01016,ABSMARINE,SM,162.0,169.9,162.0,163.05,164.5,166.85,41000,6754975.0,76
2026-03-12,INE012A01025,ACC,EQ,1455.7,1455.7,1425.2,1433.4,1433.8,1456.4,258116,371203202.1,18391
2026-03-12,INE793A01012,ACCELYA,EQ,1230.0,1230.0,1185.3,1200.3,1199.6,1226.7,10136,12144408.2,1057
2026-03-12,INE0Q5D01013,ACCENTMIC,SM,335.5,355.0,335.5,344.55,344.15,339.3,75500,26333350.0,131
2026-03-12,INE0T8T01010,ACCPL,SM,68.55,69.0,66.7,66.7,66.7,69.7,10800,736560.0,9
2026-03-12,INE648Z01023,ACCURACY,EQ,4.05,4.09,3.91,4.01,4.02,4.0,125902,503427.59,615
2026-03-12,INE543V01017,ACEINTEG,EQ,16.63,18.15,16.63,17.77,17.01,16.63,2995,50538.31,57
2026-03-12,INE1J6M01010,ACETEC,ST,136.05,136.05,136.0,136.05,136.05,129.6,316800,43100580.0,48
2026-03-12,INE622W01025,ACMESOLAR,EQ,229.0,243.44,223.4,240.08,240.4,230.24,1200296,286459881.63,29949
2026-03-12,INE731H01025,ACE,EQ,844.8,902.0,833.25,865.85,868.0,853.4,567126,492504898.85,35073
2026-03-12,INE0KLO01025,ACTIVEINFR,SM,170.0,170.0,170.0,170.0,170.0,170.0,600,102000.0,1
2026-03-12,INE00FF01025,ACUTAAS,EQ,2198.3,2200.1,2145.0,2187.7,2180.0,2193.0,457626,992505677.5,63099
2026-03-12,INE931S01010,ADANIENSOL,EQ,987.0,1019.0,976.0,1004.4,1011.9,992.0,1132800,1134557182.4,35485
2026-03-12,INE423A01024,ADANIENT,EQ,1960.0,2026.0,1947.1,2002.0,2000.3,1974.7,1473773,2942527760.3,72297
2026-03-12,INE364U01010,ADANIGREEN,EQ,849.6,881.95,837.4,866.55,866.65,849.65,6591414,5687996086.6,90427
2026-03-12,INE742F01042,ADANIPORTS,EQ,1402.5,1418.6,1375.3,1391.5,1392.0,1410.8,2699173,3774615043.6,114814
2026-03-12,INE814H01029,ADANIPOWER,EQ,138.84,151.98,137.51,149.11,149.8,138.85,81276272,11911209935.7,385532
2026-03-12,INE399L01023,ATGL,EQ,594.0,651.0,589.9,607.6,609.5,566.9,48585918,30477063674.8,781928
2026-03-12,INE0RDH01021,ADDICTIVE,SM,93.0,93.5,84.65,85.75,85.5,92.85,11500,1008175.0,19
2026-03-12,INE982B01027,ADFFOODS,EQ,184.56,188.0,181.24,186.05,186.55,187.44,112000,20793750.05,2233
2026-03-12,INE404A01024,ABSLAMC,EQ,998.0,1006.45,946.6,1000.15,1001.0,1010.0,730775,719030295.05,40561
2026-03-12,INE674K01013,ABCAPITAL,EQ,320.0,325.0,316.4,319.95,319.7,323.8,3039653,973437836.4,34873
2026-03-12,INE647O01011,ABFRL,EQ,61.74,63.2,60.62,62.07,62.16,61.74,3296233,203640035.99,18181
2026-03-12,INE14LE01019,ABLBL,EQ,102.45,102.45,98.96,101.1,101.24,102.75,853848,85972072.51,11965
2026-03-12,INE865C01022,BIRLAMONEY,EQ,121.21,123.47,118.13,120.78,119.0,121.2,26118,3168514.79,556
2026-03-12,INE055A01016,ABREL,EQ,1183.0,1216.0,1141.6,1189.8,1199.9,1183.0,162544,192795484.9,12947
2026-03-12,INE819V01029,CPPLUS,EQ,1580.2,1623.9,1547.9,1608.8,1602.5,1582.9,292121,465467761.5,25856
2026-03-12,INE679V01027,AVL,EQ,451.1,458.0,445.0,454.05,454.0,453.35,78823,35688793.05,5422
2026-03-12,INF209KB18D3,BSLGOLDETF,EQ,140.69,140.8,139.46,140.58,140.54,140.81,92426,12966961.7,1938
2026-03-12,INF209KB19D1,BSLNIFTY,EQ,27.14,28.53,27.14,27.57,27.62,27.84,470834,12989395.16,5454
2026-03-12,INE045A01017,ADOR,EQ,990.0,1005.0,977.0,998.5,991.6,999.8,7626,7549816.4,903
2026-03-12,INE737B01033,ADROITINFO,EQ,9.62,9.89,9.56,9.66,9.7,9.67,17700,171116.64,74
2026-03-12,INE0ALI01010,ADVAIT,EQ,1615.9,1624.9,1575.0,1580.6,1585.0,1614.0,18689,29739369.5,2658
2026-03-12,INE1B0W01010,ADVANCE,EQ,103.87,104.26,101.0,101.66,102.9,105.02,918981,94549882.37,2597
2026-03-12,INE837H01020,ADVENZYMES,EQ,292.25,293.65,288.05,290.45,290.1,294.9,114673,33322027.65,2735
2026-03-12,INE199C01026,ADVANIHOTR,EQ,52.31,52.93,51.49,52.11,52.0,52.31,17835,930459.09,386
2026-03-12,INE28GN01010,ADVENTHTL,EQ,178.16,178.16,170.0,170.46,170.5,178.16,308269,52869333.16,2852
2026-03-12,INE208C01025,AEGISLOG,EQ,616.55,657.7,598.3,637.25,639.0,616.55,930863,588149481.6,46807
2026-03-12,INE0INX01018,AEGISVOPAK,EQ,191.51,198.0,189.0,193.47,193.5,193.27,522560,101356584.33,19900
2026-03-12,INE423A07419,AEL170725,ND,1052.0,1052.0,1052.0,1052.0,1052.0,1040.0,40,42080.0,1
2026-03-12,INE423A07542,AEL1212026,NO,1022.0,1022.0,1008.0,1008.0,1008.0,1006.0,354,359895.2,3
2026-03-12,INE423A07484,860AEL28,NH,1003.5,1003.5,1003.5,1003.5,1003.5,1003.0,1,1003.5,1
2026-03-12,INE423A07518,862AEL31,NM,1011.01,1011.01,1011.01,1011.01,1011.01,1012.01,50,50550.5,1
2026-03-12,INE423A07534,875AEL29,NK,1000.0,1021.15,1000.0,1021.15,1021.15,1017.0,85,86163.25,12
2026-03-12,INE423A07526,890AEL31,NN,1009.05,1011.0,1000.3,1008.99,1008.99,1012.0,1170,1179956.42,41
2026-03-12,INE423A07443,9AEL30,NE,1020.0,1020.0,1020.0,1020.0,1020.0,1021.0,125,127500.0,2
2026-03-12,INE423A07435,915AEL28,NC,1054.0,1059.98,1052.37,1059.98,1059.98,1055.0,116,122155.88,5
2026-03-12,INE423A07393,930AEL30,NF,1072.0,1072.0,1072.0,1072.0,1072.0,1072.0,82,87904.0,2
2026-03-12,INE947N01017,AEQUS,EQ,126.0,126.0,114.51,115.59,115.0,126.08,1724841,205020398.19,30852
2026-03-12,INE065D01027,AEROENTER,EQ,72.45,73.91,70.12,71.03,70.25,72.68,263651,19049473.05,1807
2026-03-12,INE024001021,AEROFLEX,EQ,231.03,241.0,226.2,237.13,237.3,234.17,3084144,728911660.93,30467
2026-03-12,INE035801013,AERONEU,EQ,67.91,69.0,66.21,68.68,69.0,67.09,27266,1834999.63,900
2026-03-12,INE0WL801011,AERON,SM,84.15,90.0,84.15,86.9,87.0,90.9,23000,2022850.0,13
2026-03-12,INE0TSF01011,AESTHETIK,SM,66.0,67.5,64.75,65.1,65.0,66.0,43000,2815850.0,18
2026-03-12,INE0BWX01014,AETHER,EQ,985.0,1058.0,956.05,1047.65,1047.0,1015.5,574628,584082437.85,40989
2026-03-12,INE101I01011,AFCONS,EQ,279.5,283.55,272.75,278.5,278.85,280.3,459609,127690055.3,10812
2026-03-12,INE00WC01027,AFFLE,EQ,1400.0,1405.3,1361.9,1377.8,1380.0,1411.4,288713,399751965.0,17979
2026-03-12,INE692Z01013,AFFORDABLE,EQ,165.6,166.79,162.77,164.34,166.35,168.49,34231,5625021.26,1112
2026-03-12,INE916Y07040,12AFIL27A,N0,9960.58,9960.58,9960.58,9960.58,9960.58,9953.89,20,199211.6,1
2026-03-12,INE916Y07057,12AFIL28,N0,9900.0,9950.0,9740.0,9740.0,9740.0,9900.0,54,527380.01,7
2026-03-12,INE0MLA01012,AGARWALFT,SM,28.25,28.95,28.25,28.95,28.95,28.25,3000,85800.0,2
2026-03-12,INE204E01012,AGARIND,EQ,440.0,456.0,430.0,444.25,442.25,441.5,63436,28312161.7,2604
2026-03-12,INE0P8X01016,AGARWALTUF,SM,95.0,95.0,93.5,93.5,93.5,93.35,12000,1126260.0,7
2026-03-12,INE415A01038,AGI,EQ,529.0,547.0,507.3,540.45,540.0,533.05,246981,130903278.75,14218
2026-03-12,INE976R01033,AGIIL,EQ,310.0,316.55,306.5,312.15,311.8,311.05,1458705,453953710.0,7625
2026-03-12,INE0LF301013,AGNI,SM,16.5,16.5,16.15,16.25,16.15,16.35,20000,325500.0,7
2026-03-12,INE449G01018,AGRITECH,BE,107.0,110.0,104.0,104.2,104.7,108.04,6459,682849.2,66
2026-03-12,INE740V01019,AGROPHOS,EQ,34.76,34.76,32.6,32.61,33.24,33.99,11646,384243.7,133
2026-03-12,INE583L01014,AGSTRA,BZ,3.1,3.31,3.09,3.23,3.26,3.17,471760,1523481.83,440
2026-03-12,INE00PV01013,AHLADA,EQ,42.13,42.39,40.2,41.03,41.09,42.13,20295,831198.52,241
2026-03-12,INE758C01029,AHLUCONT,EQ,762.0,767.95,750.15,762.5,762.0,771.8,57132,43542617.2,8260
2026-03-12,INE212H01026,AIAENG,EQ,3700.0,3755.9,3627.7,3722.8,3678.0,3743.1,47149,174965716.0,7547
2026-03-12,INE0RUV01018,AIMTRON,SM,774.65,774.95,746.6,770.95,766.05,774.65,27000,20555470.0,110
2026-03-12,INE805A01014,GOLDTECH,EQ,39.75,39.75,37.23,37.71,37.3,38.45,66458,2552632.12,924
2026-03-12,INE645W01026,AIRAN,EQ,16.22,16.22,15.74,16.03,15.91,15.92,28772,461253.35,290
2026-03-12,INE801L01010,AIROLAM,EQ,89.01,89.16,87.09,87.2,87.25,86.18,28944,2538428.26,51
2026-03-12,INE031B01049,AJANTPHARM,EQ,3040.0,3150.0,3020.0,3119.5,3115.0,3048.2,297692,926605921.1,38571
2026-03-12,INE274Y01021,AJAXENGG,EQ,474.45,489.6,470.0,470.55,473.0,480.45,166338,78604872.15,18478
2026-03-12,INE298G01035,AJMERA,EQ,123.85,127.0,120.5,122.16,123.0,125.49,272763,33625722.47,4924
2026-03-12,INE820Y01021,AJOONI,EQ,4.42,4.49,4.39,4.44,4.43,4.45,219649,975078.02,472
2026-03-12,INE0PCY01014,AKANKSHA,SM,69.25,70.5,68.75,70.5,70.5,72.0,8000,557050.0,6
2026-03-12,INE737W01013,AKASH,EQ,25.0,25.0,24.56,24.66,24.56,24.56,5212,128999.83,52
2026-03-12,INE00Y801016,AKG,EQ,10.97,11.38,10.55,11.0,10.92,10.96,6293,68809.23,91
2026-03-12,INE642Z01026,AKI,EQ,4.77,5.42,4.77,5.05,5.12,5.05,58263,296729.58,191
2026-03-12,INE0PMR01017,AKIKO,ST,199.0,200.0,192.1,198.95,200.0,200.0,17600,3505760.0,13
2026-03-12,INE916Y01027,AFIL,BE,7.77,8.33,7.6,8.16,8.2,7.94,2049210,16765550.73,1047
2026-03-12,INE523B01011,AKSHOPTFBR,EQ,4.42,5.19,4.3,4.73,4.79,4.37,829465,3982599.51,1814
2026-03-12,INE256Z01025,AKSHAR,EQ,0.4,0.41,0.39,0.39,0.39,0.4,1287157,509530.06,420
2026-03-12,INE542B01011,AKSHARCHEM,EQ,172.0,174.9,166.0,170.47,166.6,171.07,8701,1483544.05,249
2026-03-12,INE09XN01023,AKUMS,EQ,507.2,507.25,493.2,498.95,498.5,507.25,180007,89980204.45,7392
2026-03-12,INE133A01011,AKZOINDIA,EQ,2835.0,2939.0,2821.8,2916.9,2925.0,2880.8,17953,51758566.2,4899
2026-03-12,INE914E01040,ALANKIT,EQ,7.62,7.97,7.62,7.87,7.85,7.85,203122,1589649.53,751
2026-03-12,INE155C01010,ALBERTDAVD,EQ,683.35,693.65,669.1,686.95,681.0,690.8,3351,2287495.25,291
2026-03-12,INE448V01019,ALCODIS,SM,68.15,70.0,68.15,69.55,69.55,72.0,5000,345156.25,5
2026-03-12,INE426A01027,ALEMBICLTD,EQ,84.3,84.52,82.75,82.97,83.11,84.79,320310,26708721.74,3525
2026-03-12,INE901L01018,APLLTD,EQ,704.2,709.65,692.65,703.3,706.0,706.1,24838,17459038.5,3050
2026-03-12,INE598D01035,ALGOQUANT,EQ,55.9,56.49,54.26,55.47,55.28,56.36,1463389,81289191.63,2649
2026-03-12,INE062D01024,ALICON,EQ,694.95,709.95,677.0,698.35,704.05,699.45,4095,2854387.65,428
2026-03-12,INE03Q201024,ALIVUS,EQ,944.0,946.75,925.3,939.4,943.9,949.75,25100,23501453.3,3258
2026-03-12,INE773I01017,ALKALI,EQ,60.91,60.91,58.31,60.33,60.52,59.42,3538,212090.83,126
2026-03-12,INE540L01014,ALKEM,EQ,5515.5,5528.0,5400.0,5444.0,5451.0,5544.5,121868,664947280.0,17850
2026-03-12,INE150B01039,ALKYLAMINE,EQ,1310.0,1328.0,1294.1,1304.1,1308.9,1321.4,53692,70224929.4,5943
2026-03-12,INE0M2X01012,ALLETEC,SM,140.05,144.45,140.05,142.95,143.05,143.9,33600,4778440.0,38
2026-03-12,INE0GV601021,ALLTIME,EQ,214.34,215.23,205.75,209.99,208.0,213.42,152956,32216580.96,2072
2026-03-12,INE418H01029,ALLCARGO,EQ,7.85,8.01,7.61,7.9,7.9,7.85,5342337,42038725.98,11221
2026-03-12,INE0NN701020,ATL,EQ,23.9,23.9,22.85,23.6,23.42,23.25,256286,6014458.49,942
2026-03-12,INE835G01018,ALLDIGI,EQ,791.0,850.0,778.05,806.7,800.65,797.65,8940,7147231.6,737
2026-03-12,INE552Z01027,ABDL,EQ,465.0,472.05,459.6,463.6,464.5,473.45,148372,69033651.55,8273
2026-03-12,INE102I01027,ADSL,EQ,105.0,106.0,102.0,103.57,103.5,105.09,150819,15653593.6,2737
2026-03-12,INE326B01035,ALMONDZ,EQ,14.06,14.58,14.06,14.27,14.32,14.22,41659,597115.17,231
2026-03-12,INE270A01029,ALOKINDS,EQ,13.22,13.39,12.95,13.21,13.24,13.26,5758835,75637467.55,8747
2026-03-12,INE385I01010,ALPA,EQ,61.51,62.6,60.21,61.49,61.3,61.7,23123,1423157.75,245
2026-03-12,INE0R4701017,ALPEXSOLAR,SM,716.0,777.0,707.05,733.5,734.0,726.7,56600,41384555.0,414
2026-03-12,INE137C01018,ALPHAGEO,EQ,203.31,204.7,191.0,196.78,197.6,199.31,12300,2408804.42,358
2026-03-12,INE0STM01017,ALUWIND,SM,58.0,60.0,57.0,60.0,60.0,60.0,82500,4765500.0,23
2026-03-12,INE121R01077,AMAGI,EQ,384.95,385.2,376.1,380.65,379.5,384.2,90423,34492184.15,10646
2026-03-12,INE084K01015,AMANTA,EQ,96.1,99.35,93.3,98.38,99.01,99.65,553093,52379214.55,2806
2026-03-12,INE885A01032,ARE&M,EQ,790.0,803.95,776.95,789.8,789.0,790.95,403263,319670225.1,35518
2026-03-12,INE371P01015,AMBER,EQ,7305.5,7305.5,6883.5,6929.5,6930.0,7308.0,775004,5433487636.5,84345
2026-03-12,INE0M3I01029,AMBEY,SM,20.5,22.0,20.5,20.8,20.8,21.45,84000,1813400.0,12
2026-03-12,INE792B01012,AMBICAAGAR,EQ,24.79,25.45,23.4,23.54,23.72,23.84,3864,93758.95,72
2026-03-12,INE540G01014,AMBIKCO,EQ,1361.0,1383.8,1358.4,1371.5,1382.0,1370.9,8120,11105373.9,862
2026-03-12,INE079A01024,AMBUJACEM,EQ,455.0,455.55,445.0,446.45,446.05,457.8,5554429,2503948864.15,46847
2026-03-12,INE005I01014,AMDIND,EQ,37.0,39.95,37.0,38.04,38.89,38.6,4150,161431.89,183
2026-03-12,INE0KT901015,AMEYA,SM,108.45,108.45,104.75,104.75,104.75,108.8,2000,213200.0,2
2026-03-12,INE275D01022,AMNPLST,EQ,151.6,151.75,147.01,151.28,151.27,149.96,4827,725122.72,86
2026-03-12,INE606A01024,AMJLAND,EQ,38.5,38.8,37.05,37.84,38.06,39.01,19671,742010.71,506
2026-03-12,INE098F01031,AMRUTANJAN,EQ,554.0,557.85,542.25,548.0,552.0,557.1,11084,6081772.35,1110
2026-03-12,INE549H01021,ARSSBL,EQ,483.0,495.2,476.0,492.9,491.8,484.65,217546,106067220.4,6498
2026-03-12,INE463V01026,ANANDRATHI,EQ,3125.0,3144.9,3052.6,3075.1,3054.9,3125.2,218204,675093800.2,24094
2026-03-12,INE242C01024,ANANTRAJ,EQ,467.0,475.75,458.0,469.6,471.9,472.55,2016171,941505369.15,39773
2026-03-12,INE1UA823019,ANANTAM,IV,102.99,102.99,102.5,102.8,102.8,102.99,6784,698385.71,66
2026-03-12,INE0VG001016,AMCL,ST,427.75,427.75,427.75,427.75,427.75,427.75,800,342200.0,1
2026-03-12,INE666E01020,ACL,EQ,52.99,54.0,52.0,53.77,53.8,52.57,11698,621479.94,239
2026-03-12,INE435A01051,ANDHRAPAP,EQ,63.15,63.78,62.1,62.91,62.1,63.22,109028,6871032.86,4693
2026-03-12,INE715B01021,ANDHRSUGAR,EQ,73.0,74.23,71.87,72.28,72.17,73.79,237247,17255739.45,3603
2026-03-12,INE732I01021,ANGELONE,EQ,216.0,217.5,212.36,213.07,212.8,218.53,10674079,2289601727.6,68420
2026-03-12,INE635Y01015,AISL,SM,68.25,68.25,62.2,67.85,67.85,65.0,10200,663960.0,13
2026-03-12,INE087B01017,ANIKINDS,EQ,40.73,41.57,38.8,40.09,40.1,40.73,7260,291255.38,223
2026-03-12,INE071F01012,APCL,EQ,118.97,125.49,113.5,116.58,116.1,116.94,10360,1206749.0,788
2026-03-12,INE106I01010,ANKITMETAL,BZ,1.65,1.68,1.52,1.54,1.55,1.6,63365,98833.8,91
2026-03-12,INE0Y8W01017,AHCL,EQ,126.45,128.6,122.01,122.75,122.19,126.99,339465,42239602.74,3502
2026-03-12,INE0LR101013,ANLON,SM,351.05,353.9,351.05,353.9,353.9,355.05,2800,987140.0,7
2026-03-12,INE02AR01019,ANMOL,EQ,11.01,11.22,10.37,10.98,10.75,11.13,26957,293369.22,321
2026-03-12,INE0MGM01017,ANNAPURNA,SM,162.95,162.95,156.0,156.75,156.0,163.05,185500,29424287.5,171
2026-03-12,INE0VTV01012,ANONDITA,SM,735.0,741.05,725.0,725.0,725.0,750.0,10000,7331150.0,10
2026-03-12,INE436A01026,ANSALAPI,BZ,3.73,3.76,3.66,3.66,3.66,3.73,47829,175660.77,49
2026-03-12,INE414B01021,ANTGRAPHIC,EQ,0.8,0.83,0.78,0.79,0.8,0.8,190622,151098.45,175
2026-03-12,INE818A01017,ANTELOPUS,EQ,589.0,595.15,559.1,575.85,566.7,569.2,361995,210918777.6,10820
2026-03-12,INE0CZ201020,ANTHEM,EQ,648.8,648.8,630.5,640.95,640.0,648.75,380654,242862114.8,25856
2026-03-12,INE01BK01022,AWHCL,EQ,476.0,491.75,465.35,485.45,484.6,476.45,106464,50700563.3,5824
2026-03-12,INE489G01022,ANUHPHR,EQ,78.25,78.93,76.52,78.26,78.01,78.25,29973,2333508.73,935
2026-03-12,INE930P01018,ANURAS,EQ,1290.0,1290.3,1261.2,1267.1,1261.2,1299.0,68134,86856858.4,4960
2026-03-12,INE0MIZ23019,ANZEN,IV,118.0,118.0,118.0,118.0,118.0,118.0,100000,11800000.0,4
2026-03-12,INF1J2R01114,AONEGOLD,EQ,14.99,14.99,14.78,14.91,14.94,14.95,612306,9112434.44,2250
2026-03-12,INF1J2R01056,AONELIQUID,EQ,1050.36,1050.36,1050.34,1050.35,1050.34,1050.21,7283,7649662.13,77
2026-03-12,INF1J2R01064,AONENIFTY,EQ,9.54,9.84,9.54,9.71,9.8,9.79,805242,7823405.28,2143
2026-03-12,INF1J2R01171,AONESILVER,EQ,10.04,10.2,9.88,10.13,10.2,10.08,1029502,10316461.42,1381
2026-03-12,INF1J2R01148,AONETMMQ50,EQ,9.42,9.55,9.22,9.35,9.35,9.38,88851,827608.53,303
2026-03-12,INF1J2R01015,AONETOTAL,EQ,11.11,11.14,10.97,11.08,11.12,11.13,445415,4922841.16,1939
2026-03-12,INE372A01015,APARINDS,EQ,9170.0,9548.0,8942.0,9456.0,9425.0,9260.0,152770,1414421863.0,35098
2026-03-12,INE116A01032,APCOTEXIND,EQ,362.55,367.45,356.15,358.2,360.75,365.8,46699,16894796.65,2468
2026-03-12,INE0T4V01015,APEXECO,SM,115.35,115.35,115.35,115.35,115.35,115.35,800,92280.0,1
2026-03-12,INE346W01013,APEX,EQ,338.0,353.6,327.55,346.3,345.0,339.95,350816,119856789.75,8598
2026-03-12,INE702C01027,APLAPOLLO,EQ,2019.9,2025.0,1937.2,2009.2,2006.8,2016.3,1360299,2705958398.2,59322
2026-03-12,INE0TLC07093,930APMD28,N0,101348.91,101348.91,101348.91,101348.91,101348.91,101500.0,1,101348.91,1
2026-03-12,INE0TLC07077,930APMD30,N0,103264.86,103306.78,103264.86,103306.78,103306.78,103188.9,157,16218871.02,2
2026-03-12,INE0TLC07051,930APMD31,N0,104599.0,104599.0,104599.0,104599.0,104599.0,103550.6,1,104599.0,1
2026-03-12,INE437A01024,APOLLOHOSP,EQ,7590.0,7662.5,7542.5,7574.5,7576.0,7684.0,550020,4170187557.0,44822
2026-03-12,INE713T01028,APOLLO,EQ,210.99,212.9,204.65,210.84,210.15,212.66,5050945,1056698988.83,32750
2026-03-12,INE126J01016,APOLLOPIPE,EQ,417.0,426.6,400.15,415.3,418.25,424.35,8488871,3511505148.9,113355
2026-03-12,INE451F01024,APOLSINHOT,EQ,1163.5,1193.1,1140.1,1141.8,1140.1,1158.7,780,896617.8,119
2026-03-12,INE438A01022,APOLLOTYRE,EQ,429.0,429.0,413.0,417.65,418.6,434.25,2236725,934956434.25,77037
2026-03-12,INE0LQG01010,APRAMEYA,SM,228.7,230.0,222.0,230.0,230.0,234.75,26500,5979325.0,11
2026-03-12,INE266F01018,APTECHT,EQ,81.0,82.69,79.65,81.27,81.3,81.51,146645,11947614.73,1618
2026-03-12,INE852O01025,APTUS,EQ,227.0,230.1,223.91,227.24,227.98,229.57,1555673,354406016.32,15381
2026-03-12,INE416A01051,AQYLON,EQ,88.7,88.7,88.7,88.7,88.7,93.3,15260,1353562.0,202
2026-03-12,INE0YDV01010,ARCIIL,SM,50.0,51.95,48.2,51.95,51.95,51.0,46000,2304200.0,8
2026-03-12,INE128X01021,ACI,EQ,533.1,570.0,526.2,565.85,564.0,537.2,248949,137561366.8,11750
2026-03-12,INE0CHO01012,ADL,EQ,74.95,74.95,67.12,71.92,72.0,72.99,1033,73232.49,31
2026-03-12,INE877I01016,ARCHIDPLY,EQ,78.97,78.97,72.01,73.96,73.36,76.36,112803,8360158.3,313
2026-03-12,INE731A01020,ARCHIES,EQ,14.25,14.25,13.75,13.91,13.92,13.94,21160,293879.64,122
2026-03-12,INE784R01023,ARFIN,EQ,80.0,82.46,78.12,80.26,79.02,80.28,1155940,93361102.24,6428
2026-03-12,INE0L2Y01011,ARHAM,SM,130.55,130.55,126.2,126.2,126.2,129.35,18000,2318800.0,17
2026-03-12,INE298I01015,ARIES,EQ,345.75,346.0,336.1,338.95,338.0,345.75,22710,7723441.55,824
2026-03-12,INE420B01036,ARIHANTCAP,EQ,72.6,72.6,70.6,71.1,70.9,72.43,428148,30589686.44,2020
2026-03-12,INE643K01018,ARIHANTSUP,EQ,230.6,236.1,223.8,227.0,224.0,231.4,12584,2869468.25,597
2026-03-12,INE0H9P01028,ARIS,EQ,108.39,112.59,105.55,109.33,108.3,107.86,975008,105677830.49,7292
2026-03-12,INE0QRL01017,ARKADE,EQ,106.76,108.69,103.01,106.95,107.1,105.75,796600,84613863.44,6946
2026-03-12,INE109C01017,ARMANFIN,EQ,1349.0,1413.9,1314.2,1378.9,1375.0,1359.8,49277,67436935.8,4840
2026-03-12,INE0TZX01019,ARMOUR,SM,23.05,23.2,23.05,23.1,23.05,23.5,14000,323200.0,7
2026-03-12,INE210C01013,AROGRANITE,EQ,24.45,24.8,23.71,24.05,24.4,24.45,20501,492529.51,100
2026-03-12,INE570D01018,ARROWGREEN,EQ,369.95,378.5,363.05,365.85,365.0,369.55,30544,11321581.5,1233
2026-03-12,INE738V01013,ARTNIRMAN,EQ,36.0,37.5,35.5,36.46,35.5,36.95,303,11255.75,6
2026-03-12,INE757T01025,AEPL,EQ,18.3,18.98,16.96,18.19,18.3,18.25,76331,1358296.07,982
2026-03-12,INE025R01021,ARTEMISMED,EQ,228.0,232.01,226.7,229.64,229.78,231.68,91589,21088869.56,7841
2026-03-12,INE0TTG01017,ARUNAYA,SM,18.0,19.0,17.05,17.7,18.15,17.05,52000,919100.0,13
2026-03-12,INE006Z01016,ARVEE,BE,148.15,156.8,148.0,151.4,151.4,154.2,1006,149160.26,9
2026-03-12,INE955V01021,ARVINDFASN,EQ,400.3,400.3,388.4,393.35,397.8,400.3,191991,75539891.9,12117
2026-03-12,INE034A01011,ARVIND,EQ,331.0,358.5,325.25,348.3,347.5,333.45,1223735,428375967.6,34231
2026-03-12,INE0P4T01013,ARVINDPORT,SM,30.0,30.5,29.85,29.85,29.85,31.4,19500,583575.0,12
2026-03-12,INE034S01021,ARVSMART,EQ,514.0,540.9,502.1,537.5,539.8,518.6,144935,75582401.3,6356
2026-03-12,INE439A01020,ASAHIINDIA,EQ,864.45,867.95,837.45,856.2,860.0,864.55,30626,26025396.4,6145
2026-03-12,INE228I01012,ASAHISONG,EQ,195.9,195.9,188.1,188.74,190.0,196.05,58468,11208521.02,1546
2026-03-12,INE08KD01015,ASCOM,ST,242.0,242.0,240.0,240.0,240.0,242.95,1500,362000.0,2
2026-03-12,INE0LAA01017,ASHALOG,SM,57.1,61.0,57.1,61.0,61.0,58.3,14000,826000.0,12
2026-03-12,INE348A01023,ASHAPURMIN,EQ,527.45,538.0,516.05,531.55,533.0,529.5,487201,256679602.1,14302
2026-03-12,INE365D01021,ASHIANA,EQ,308.9,318.4,303.7,314.1,314.95,310.45,35344,11025685.75,1640
2026-03-12,INE440A01010,ASHIMASYN,EQ,13.62,15.5,13.36,15.06,14.77,13.62,307160,4452934.34,740
2026-03-12,INE208A01029,ASHOKLEY,EQ,184.66,184.97,177.01,178.47,178.0,184.66,44243228,7915757337.89,262133
2026-03-12,INE442H01029,ASHOKA,EQ,120.0,123.54,117.05,121.05,121.25,120.79,1386746,167448120.86,17099
2026-03-12,INE760Y01011,ASHOKAMET,EQ,14.27,14.6,14.08,14.44,14.47,14.18,35168,501599.75,169
2026-03-12,INE1A6Q01010,ASHWINI,SM,149.8,149.8,145.25,146.0,145.25,149.9,43000,6321900.0,28
2026-03-12,INE276G01015,ASIANENE,EQ,285.0,286.75,275.6,279.0,278.0,280.65,169455,47650759.85,3045
2026-03-12,INE022I01019,ASIANTILES,EQ,65.12,66.55,64.25,64.59,64.6,66.16,2459869,160411856.67,11972
2026-03-12,INE926K01017,AHLEAST,EQ,154.51,158.89,151.51,153.4,153.43,160.31,4960,763940.72,107
2026-03-12,INE363A01022,ASIANHOTNR,EQ,287.6,314.9,283.0,306.45,309.0,293.4,20983,6372517.35,1221
2026-03-12,INE021A01026,ASIANPAINT,EQ,2208.0,2249.9,2201.0,2221.2,2221.4,2232.0,1384055,3079904845.5,96995
2026-03-12,INE491J01022,ASKAUTOLTD,EQ,402.75,415.5,392.0,406.4,405.8,404.65,178907,72116771.4,16341
2026-03-12,INE617I01024,ASLIND,ST,94.65,94.65,94.65,94.65,94.65,99.6,2000,189300.0,1
2026-03-12,INE991I01015,ASPINWALL,EQ,213.06,215.3,211.0,213.01,213.0,214.2,1212,258316.12,33
2026-03-12,INE0S7801010,ASPIRE,SM,12.15,12.8,12.15,12.15,12.15,12.7,34000,428600.0,9
2026-03-12,INE073G01016,ASALCBR,EQ,737.35,746.6,726.0,731.2,729.0,747.65,41670,30501669.35,3523
2026-03-12,INE563J01010,ASTEC,EQ,616.35,637.7,616.35,626.35,625.05,625.75,31855,20044019.6,1432
2026-03-12,INE914M01019,ASTERDM,EQ,682.5,702.15,673.55,684.05,680.0,685.9,886467,608222704.45,38458
2026-03-12,INE386C01029,ASTRAMICRO,EQ,1025.0,1045.3,1001.5,1034.4,1033.4,1029.25,226990,233871447.4,14077
2026-03-12,INE006I01046,ASTRAL,EQ,1719.0,1725.0,1633.1,1696.0,1680.0,1746.3,1565206,2623749594.6,76971
2026-03-12,INE203A01020,ASTRAZEN,EQ,8700.0,8726.5,8575.0,8609.0,8600.0,8760.0,2522,21787231.5,1228
2026-03-12,INE646X01014,ASTRON,EQ,4.18,4.34,4.01,4.21,4.25,4.18,53029,223585.43,229
2026-03-12,INE0ALR01029,ATALREAL,EQ,23.89,23.89,22.5,22.79,23.09,23.42,4016958,92422167.8,3801
2026-03-12,INE09KD01013,ATAM,EQ,63.93,63.93,58.81,59.24,59.68,62.82,26332,1591754.97,774
2026-03-12,INE0V0Q01019,ATCENERGY,SM,24.8,26.35,24.8,25.35,25.25,25.6,39600,1007880.0,31
2026-03-12,INE0LEZ01016,ATHERENERG,EQ,690.05,713.0,685.4,710.55,709.0,702.0,1003844,702482706.2,28305
2026-03-12,IN90NN701011,ATLPP,E1,9.24,9.74,9.23,9.64,9.65,9.66,928,8950.99,12
2026-03-12,INE0Z4F01028,ATLANTAELE,EQ,980.0,1072.0,972.0,1046.4,1057.0,986.7,252854,260297299.2,13742
2026-03-12,INE285H01022,ATLANTAA,EQ,36.7,37.14,36.45,36.76,36.9,37.33,64364,2370592.26,880
2026-03-12,INE446A01025,ATLASCYCLE,EQ,85.82,87.01,83.16,84.43,84.4,85.81,4816,411034.05,96
2026-03-12,INE05DH01017,ATMASTCO,SM,135.0,139.55,135.0,137.25,136.5,140.4,21600,2965640.0,32
2026-03-12,INE951D01028,ATULAUTO,EQ,426.95,428.0,416.85,424.8,425.0,431.25,121249,51189932.3,4944
2026-03-12,INE100A01010,ATUL,EQ,6150.0,6325.0,6055.0,6302.5,6300.0,6203.0,24270,151397119.5,7080
2026-03-12,INE949L01017,AUBANK,EQ,911.1,912.75,899.1,902.2,901.95,918.4,1828277,1655273121.25,58498
2026-03-12,INE925Y01036,AURIGROW,BE,0.24,0.24,0.24,0.24,0.24,0.23,2405301,577272.24,253
2026-03-12,INE132H01018,AURIONPRO,EQ,890.0,931.9,865.85,921.45,925.1,887.5,236549,215083189.0,10658
2026-03-12,INE0NUL01018,AUROIMPEX,SM,30.0,30.0,29.8,29.8,29.8,31.45,3200,95680.0,2
2026-03-12,INE406A01037,AUROPHARMA,EQ,1308.0,1319.8,1289.4,1311.9,1310.2,1304.8,2110239,2760761025.6,49818
2026-03-12,INE898S01029,AURUM,EQ,161.9,180.99,161.9,175.03,177.5,165.07,498180,87641117.69,4925
2026-03-12,INE218C01016,AUSOMENT,BE,103.49,105.0,100.01,101.21,101.21,103.49,1671,169873.56,32
2026-03-12,INE0P0001010,APS,SM,302.05,320.0,296.9,308.1,303.4,304.25,23000,7053512.5,83
2026-03-12,INE206F01022,AIIL,EQ,443.1,451.65,433.3,449.45,445.5,453.15,633058,280742344.65,26341
2026-03-12,INE718H01014,AUTOIND,EQ,67.42,67.75,64.94,65.15,65.7,67.42,97766,6457372.07,1502
2026-03-12,INE449A01011,AUTOAXLES,EQ,1897.4,1907.4,1818.0,1822.8,1818.0,1897.4,8487,15637501.3,1406
2026-03-12,INE900C01027,ASAL,EQ,429.1,436.0,420.05,430.1,429.2,429.0,26607,11387127.5,1090
2026-03-12,INE349W01017,AVADHSUGAR,EQ,439.7,455.0,416.35,426.05,424.3,438.6,163276,71172270.45,5242
2026-03-12,INE0LCL01028,AVALON,EQ,942.9,942.9,905.4,912.9,914.6,942.9,149587,137040380.9,17442
2026-03-12,INE1KU201016,AVANA,SM,62.5,68.7,62.5,65.1,64.3,62.5,38000,2503000.0,16
2026-03-12,INE005B01027,AVANTEL,EQ,141.65,146.5,138.6,143.95,144.0,142.78,1042993,149559242.69,11670
2026-03-12,INE871C01038,AVANTIFEED,EQ,1198.6,1258.0,1176.7,1250.0,1243.0,1210.0,581477,717169525.1,39964
2026-03-12,INE192R01011,DMART,EQ,3928.2,3975.0,3856.2,3953.6,3945.0,3944.8,352801,1387799789.1,29741
2026-03-12,INE483S01020,CCAVENUE,EQ,14.82,15.12,14.55,14.64,14.7,14.89,9499249,140306337.44,15737
2026-03-12,INE680Z01018,AVG,EQ,132.69,134.64,130.0,133.7,133.5,132.69,37971,4999598.6,1445
2026-03-12,INE0TFB01017,AVIANSH,SM,109.0,110.5,107.5,107.5,107.5,111.0,5000,545500.0,4
2026-03-12,INE323B01024,AVONMORE,EQ,13.72,13.73,12.25,12.56,12.58,13.72,893608,11376560.85,2292
2026-03-12,INE0R9401019,AVPINFRA,SM,94.0,97.5,92.5,93.45,92.5,93.1,80800,7686520.0,88
2026-03-12,INE652Z01017,AVROIND,EQ,141.01,146.0,132.8,135.86,135.98,139.52,29424,4088875.77,736
2026-03-12,INE488D01021,AVTNPL,EQ,59.7,62.79,59.67,61.09,61.85,60.17,96264,5932562.77,795
2026-03-12,INE108V01019,AWFIS,EQ,281.6,292.35,268.4,286.15,287.0,278.8,808415,230834028.75,23241
2026-03-12,INE699H01024,AWL,EQ,181.0,181.1,175.6,176.15,175.9,179.4,5229605,930786620.42,47499
2026-03-12,INE238A01034,AXISBANK,EQ,1243.2,1251.1,1231.8,1234.5,1234.9,1255.8,9663320,11982108785.6,289245
2026-03-12,INF846K01W80,AXISGOLD,EQ,137.13,137.13,132.08,133.64,133.55,133.79,2569990,343267079.14,4789
2026-03-12,INF846K01X63,AXISBNKETF,EQ,585.97,585.97,561.81,565.4,565.41,571.68,40336,22819947.27,364
2026-03-12,INF846K01Z04,AXISBPSETF,EQ,13.24,13.31,13.2,13.21,13.21,13.24,33817,447692.08,319
2026-03-12,INF846K016C7,AXISCETF,EQ,113.7,113.7,110.11,110.71,110.72,111.88,972,107390.84,62
2026-03-12,INF846K01Z12,AXISHCETF,EQ,150.98,151.72,150.27,150.86,150.77,151.99,6746,1017475.14,76
2026-03-12,INF846K011K1,AXISILVER,EQ,254.65,264.39,254.65,263.3,262.77,261.65,580524,151236302.61,5236
2026-03-12,INF846K01W98,AXISNIFTY,EQ,269.44,269.44,259.33,260.48,260.4,262.87,141526,36915606.69,2045
2026-03-12,INF846K01Y96,AXISTECETF,EQ,323.44,326.0,321.34,324.09,324.67,324.75,1563,506619.58,77
2026-03-12,INF846KA1119,AXISVALUE,EQ,32.94,33.49,32.1,33.01,33.49,32.65,148346,4839954.38,511
2026-03-12,INF846K010Q0,AXSENSEX,EQ,80.03,80.03,77.94,78.9,79.99,79.44,13580,1065376.47,116
2026-03-12,INE555B01013,AXISCADES,EQ,1423.1,1445.0,1384.9,1385.2,1389.0,1457.7,212838,296620987.4,8139
2026-03-12,INE02EZ01022,AXITA,BE,8.98,9.0,8.89,8.9,8.91,8.8,377350,3359370.49,555
2026-03-12,INE501X01029,AYE,EQ,108.69,108.69,103.74,105.41,104.1,108.86,341297,36190742.3,4657
2026-03-12,INE193B01039,AYMSYNTEX,EQ,187.99,190.9,172.15,182.09,179.3,187.7,34396,6350260.71,1630
2026-03-12,INE02IJ01035,AZAD,EQ,1602.1,1617.7,1571.9,1584.9,1594.0,1611.6,153902,244393709.1,12737
2026-03-12,INE01EE01011,BBTCL,EQ,167.46,167.46,165.0,165.0,165.0,167.97,12,1992.35,7
2026-03-12,INE116D01028,BAGFILMS,EQ,5.09,5.09,4.8,4.85,4.82,5.0,62864,307740.31,194
2026-03-12,INE17CQ01015,BAGDIGITAL,SM,106.25,111.7,106.25,111.7,111.7,109.0,20800,2278960.0,4
2026-03-12,INE350H01032,BLKASHYAP,EQ,51.31,51.78,50.1,50.89,50.1,52.08,456441,23338846.82,2201
2026-03-12,INE01FR01028,STYLEBAAZA,EQ,274.85,274.85,264.15,268.55,268.65,275.1,206443,55364167.25,4087
2026-03-12,INE0QW501012,BABAFP,SM,23.0,23.2,23.0,23.2,23.2,23.9,6400,148160.0,2
2026-03-12,INE878I01022,BAFNAPH,EQ,102.1,106.75,102.1,103.78,103.0,105.11,1979,205743.72,90
2026-03-12,INE029Q01017,BAHETI,SM,552.0,555.0,538.0,546.5,551.0,557.0,21375,11684887.5,52
2026-03-12,INE020D01022,BAIDFIN,EQ,10.71,11.24,10.71,11.08,11.0,10.97,47672,527489.86,190
2026-03-12,INE917I01010,BAJAJ-AUTO,EQ,9280.0,9280.0,9080.0,9162.0,9152.5,9327.5,390062,3579270600.5,44562
2026-03-12,INE933K01021,BAJAJCON,EQ,355.9,360.0,345.5,352.85,353.4,357.45,523735,184300556.75,14630
2026-03-12,INE193E01025,BAJAJELEC,EQ,385.0,411.5,376.5,383.3,381.9,380.15,2414989,950701280.05,55025
2026-03-12,INE296A01032,BAJFINANCE,EQ,880.1,888.2,858.35,863.1,862.95,893.65,15508258,13517084002.5,300802
2026-03-12,INE918I01026,BAJAJFINSV,EQ,1786.9,1794.4,1763.1,1770.8,1774.5,1795.3,1095963,1945841337.4,72185
2026-03-12,INE411U01027,BAJAJHCARE,EQ,309.0,309.8,300.0,300.45,300.8,309.3,662429,200858981.7,6370
2026-03-12,INE306A01021,BAJAJHIND,EQ,16.57,17.0,16.24,16.53,16.48,16.57,11315756,189181467.89,15073
2026-03-12,INE118A01012,BAJAJHLDNG,EQ,10102.0,10103.0,9760.0,9789.0,9770.0,10177.0,83281,827706795.0,18678
2026-03-12,INE377Y01014,BAJAJHFL,EQ,83.3,84.2,81.9,83.68,83.7,83.74,5520863,458766423.09,40027
2026-03-12,INE0KQN01018,BAJEL,EQ,148.85,150.9,145.01,145.93,146.0,149.28,299661,44641073.21,2265
2026-03-12,INE083D01012,BALPHARMA,EQ,70.64,72.4,69.99,71.49,71.07,70.64,21655,1547902.45,220
2026-03-12,INE050E01027,BALAMINES,EQ,1040.0,1049.4,1002.4,1035.0,1036.0,1047.9,90442,92604722.5,6830
2026-03-12,INE0PQ601019,BALAJIPHOS,SM,130.0,130.0,130.0,130.0,130.0,130.0,2000,260000.0,2
2026-03-12,INE794B01026,BALAJITELE,EQ,98.63,100.32,96.7,97.23,96.9,98.53,153143,14956093.67,2345
2026-03-12,INE618N01022,BALAXI,EQ,20.18,20.88,19.56,20.03,20.88,20.18,48585,969418.22,328
2026-03-12,INE787D01026,BALKRISIND,EQ,2162.2,2308.8,2152.1,2280.2,2267.0,2175.6,204206,454102709.1,24860
2026-03-12,INE875R01011,BALKRISHNA,EQ,13.17,15.52,12.84,14.77,14.41,12.94,383267,5577635.77,741
2026-03-12,INE164A01016,BALMLAWRIE,EQ,170.0,170.44,166.1,167.96,167.86,171.17,291884,48903254.94,4550
2026-03-12,INE119A01028,BALRAMCHIN,EQ,517.9,519.65,502.1,509.3,503.0,519.05,814720,415784744.1,28639
2026-03-12,INE011E01029,BALUFORGE,EQ,459.0,474.6,450.35,466.85,467.9,461.75,494905,229344320.2,8626
2026-03-12,INE655B01011,BANARBEADS,EQ,115.18,115.19,111.03,114.42,114.97,114.67,525,59615.85,45
2026-03-12,INE213C01025,BANCOINDIA,EQ,574.0,581.8,561.35,575.25,574.15,576.0,211233,120549484.1,19527
2026-03-12,INE545U01014,BANDHANBNK,EQ,180.0,181.47,177.2,178.01,177.75,182.47,5408689,967538015.64,42507
2026-03-12,INF194KB1KJ7,GOLDBND,EQ,160.28,162.0,158.86,160.95,159.75,160.49,13045,2083405.41,371
2026-03-12,INF194KA1U07,IDFNIFTYET,EQ,260.01,263.5,259.06,259.93,259.96,262.48,1749,455670.61,90
2026-03-12,INF194KB1KI9,SILVERBND,EQ,258.77,265.65,257.64,264.33,263.77,262.13,37940,9953439.42,994
2026-03-12,INE863I01016,BANG,EQ,37.85,37.85,35.5,36.02,35.99,37.1,23844,866866.17,151
2026-03-12,INE028A01039,BANKBARODA,EQ,287.0,293.35,282.95,289.2,289.0,289.3,8115474,2343559705.3,74885
2026-03-12,INE084A01016,BANKINDIA,EQ,151.0,156.6,149.81,154.78,154.67,154.3,6364616,977155427.06,35289
2026-03-12,INE457A01014,MAHABANK,EQ,65.56,68.02,65.45,67.11,67.24,67.04,12907665,863036217.38,38104
2026-03-12,INE862Y01015,BANKA,EQ,52.49,52.67,50.71,51.38,51.0,51.77,3512,181067.33,108
2026-03-12,INE186H01022,BASML,EQ,21.38,21.38,19.8,20.49,20.46,20.7,246009,4984410.96,1080
2026-03-12,INE459A01010,BANARISUG,EQ,3600.1,3626.4,3492.1,3600.1,3600.0,3607.7,1077,3848311.3,121
2026-03-12,INE0B9K01025,BANSALWIRE,EQ,249.8,251.5,228.2,245.3,244.15,247.45,236350,56995317.65,7637
2026-03-12,INE629D01020,BANSWRAS,EQ,112.19,113.39,111.01,111.89,111.8,114.48,13043,1463339.29,185
2026-03-12,INE139I01011,BVCL,EQ,40.4,40.72,38.8,39.46,39.6,39.72,6936,274696.26,158
2026-03-12,INE0QX401014,BARFLEX,SM,56.0,56.0,56.0,56.0,56.0,54.5,2000,112000.0,1
2026-03-12,INF251K01TL6,BBNPNBETF,EQ,56.97,56.97,54.6,55.53,55.61,56.19,2191,121498.7,44
2026-03-12,INF251K01SU9,BBNPPGOLD,EQ,154.7,155.35,153.75,155.25,155.25,155.55,33162,5143658.35,271
2026-03-12,INE855F01042,ASMS,EQ,8.98,8.98,8.63,8.76,8.87,8.82,1079847,9495043.02,5294
2026-03-12,INE373A01013,BASF,EQ,3445.0,3495.0,3378.2,3469.7,3482.2,3453.4,16674,57307077.6,3941
2026-03-12,INE0OCC01013,BASILIC,SM,213.0,218.9,202.5,206.45,206.0,210.4,63300,13110465.0,88
2026-03-12,INE176A01028,BATAINDIA,EQ,718.5,733.0,707.0,713.95,714.0,718.7,183133,131056314.85,13258
2026-03-12,INE0JFJ01011,BAWEJA,SM,29.0,29.0,28.45,28.5,28.5,28.5,22400,638720.0,10
2026-03-12,INE462A01022,BAYERCROP,EQ,4480.0,4529.1,4456.6,4502.5,4500.1,4520.6,41072,184864647.5,3765
2026-03-12,INE412G01024,BCLIND,EQ,28.2,28.49,27.8,28.26,28.16,28.54,399154,11258360.11,1912
2026-03-12,INE639X01027,BEACON,SM,75.5,80.9,75.2,80.9,80.9,77.0,20000,1576950.0,15
2026-03-12,INE520H01022,BEARDSELL,EQ,24.77,24.77,23.2,23.5,23.45,23.47,29388,689168.24,151
2026-03-12,INE844K01012,BEDMUTHA,BE,126.0,126.0,122.5,126.0,126.0,127.08,4018,494548.91,14
2026-03-12,INE344T01014,BELLACASA,EQ,263.05,303.2,250.4,283.35,280.05,252.7,92844,26088419.55,1850
2026-03-12,INE894V01022,BELRISE,EQ,191.0,191.04,185.15,188.08,188.4,192.35,6098829,1143550266.3,48735
2026-03-12,INE0N7W01012,BLAL,EQ,179.8,179.8,175.01,176.33,176.35,176.75,14817,2613975.17,820
2026-03-12,INE258A01024,BEML,EQ,1598.1,1621.8,1567.6,1614.2,1617.0,1610.1,216918,346649352.7,17637
2026-03-12,INE463A01038,BERGEPAINT,EQ,428.7,428.7,419.2,422.7,421.5,430.65,357534,151329149.1,18457
2026-03-12,INE052T01021,BESTAGRO,BE,15.49,15.65,14.8,14.87,14.9,15.5,434150,6544797.91,1306
2026-03-12,INE351Y01019,BETA,EQ,1139.8,1179.5,1071.5,1109.2,1090.0,1130.8,15202,17016230.5,2223
2026-03-12,INE0HQI01014,BEWLTD,SM,92.0,93.0,89.0,89.15,89.25,92.3,26500,2413575.0,27
2026-03-12,INE878K01010,BFINVEST,EQ,376.0,378.6,368.9,374.3,374.0,378.6,12760,4776592.65,886
2026-03-12,INE243D01012,BFUTILITIE,BZ,450.5,450.5,435.0,441.65,436.0,452.0,13995,6220878.0,465
2026-03-12,INF0QA701714,BANKBETF,EQ,55.79,56.34,55.37,55.91,55.93,56.52,30401,1698435.61,413
2026-03-12,INF0QA701854,LIQUIDBETF,EQ,1072.47,1072.49,1072.47,1072.48,1072.48,1072.35,353287,378894046.16,244
2026-03-12,INF0QA701722,NIFTYBETF,EQ,241.96,243.53,241.12,241.96,241.12,244.32,4001,969392.91,120
2026-03-12,INE661I01014,BGRENERGY,BE,325.0,330.0,317.8,319.9,320.05,334.5,80426,25953019.4,920
2026-03-12,INE0ZRC01017,BHADORA,SM,63.9,64.0,63.9,64.0,64.0,63.9,3600,230280.0,2
2026-03-12,INE354C01027,BHAGERIA,EQ,151.92,153.01,146.71,151.19,153.0,151.92,33213,4987927.29,594
2026-03-12,INE414D01027,BHAGCHEM,EQ,200.3,202.0,196.25,197.51,197.0,203.35,140717,27926954.5,1314
2026-03-12,INE458B01036,BHAGYANGR,EQ,160.0,160.0,155.4,157.7,158.5,161.11,176368,27754401.25,1809
2026-03-12,INE474E20037,BHANDA-RE2,BE,0.03,0.03,0.02,0.02,0.02,0.03,2756157,70762.58,277
2026-03-12,INE474E01029,BHANDARI,EQ,2.6,2.65,2.56,2.62,2.64,2.58,450162,1181848.47,494
2026-03-12,INE922A01025,BEPL,EQ,80.51,84.29,80.05,83.81,83.4,81.3,431820,35531398.63,2872
2026-03-12,INE464A01036,BBL,EQ,2351.5,2424.0,2315.1,2408.1,2391.0,2375.2,29067,68823051.4,3086
2026-03-12,INE05XR01022,BHARATCOAL,EQ,33.39,36.64,32.81,35.81,35.94,33.35,62076847,2210977064.31,115977
2026-03-12,INE171Z01026,BDL,EQ,1344.9,1355.1,1325.8,1349.4,1345.7,1360.0,1295186,1736888369.9,34817
2026-03-12,INE263A01024,BEL,EQ,452.0,455.0,448.5,453.55,453.9,454.1,14089623,6368813725.5,177064
2026-03-12,INE465A01025,BHARATFORG,EQ,1789.9,1792.4,1720.0,1779.6,1775.0,1797.1,1253973,2199997085.0,47111
2026-03-12,INE561C01019,BHARATGEAR,EQ,101.0,101.0,96.25,98.2,97.99,100.86,24508,2442718.59,830
2026-03-12,INE029A01011,BPCL,EQ,318.7,330.35,314.0,326.35,327.0,325.05,11176171,3629316262.1,105080
2026-03-12,INE838B01021,BHARATRAS,EQ,1352.0,1375.9,1320.2,1339.8,1335.0,1361.2,13675,18474578.2,2447
2026-03-12,INE727S01012,BRNL,EQ,18.98,18.98,18.0,18.34,18.33,18.49,154384,2833356.47,378
2026-03-12,INE415D01024,BHARATSE,EQ,165.1,173.2,165.1,169.45,170.39,172.31,101436,17080708.92,2442
2026-03-12,INE316L01019,BHARATWIRE,EQ,164.0,166.25,156.96,163.47,163.95,164.03,238988,38557146.06,2622
2026-03-12,INE397D01024,BHARTIARTL,EQ,1797.9,1817.8,1791.0,1801.3,1798.3,1807.0,12922735,23285924604.3,213083
2026-03-12,INE343G01021,BHARTIHEXA,EQ,1513.2,1536.9,1501.6,1521.9,1515.1,1536.2,46112,70105302.5,7331
2026-03-12,INE828A01016,BIL,EQ,711.55,724.4,706.15,719.9,722.65,707.4,3423,2456392.0,176
2026-03-12,INE257A01026,BHEL,EQ,253.9,270.35,251.85,267.85,267.8,255.75,16227938,4309003706.35,109076
2026-03-12,INE412U01025,BIGBLOC,EQ,51.21,52.6,50.11,52.13,52.3,51.22,116326,6015059.88,1350
2026-03-12,INE00E101023,BIKAJI,EQ,618.55,624.25,608.15,619.0,611.0,619.9,74350,45852042.95,11746
2026-03-12,INE071A01013,BILVYAPAR,BE,6.42,6.79,6.42,6.48,6.48,6.62,5870,38260.96,37
2026-03-12,INE0HOQ01053,GROWW,EQ,153.89,159.58,151.2,158.23,158.5,155.06,16448339,2556361734.11,75453
2026-03-12,INE376G01013,BIOCON,EQ,390.5,397.5,389.0,392.2,391.4,395.35,1921703,754795818.2,34919
2026-03-12,INE829A01014,BIOFILCHEM,EQ,30.06,31.56,29.6,30.63,30.4,30.56,13938,426599.91,158
2026-03-12,INE0XW001014,BIOPOL,SM,109.9,109.9,97.0,97.35,97.0,101.0,200400,20244960.0,52
2026-03-12,INE800A01015,BIRLACABLE,EQ,135.55,139.7,133.2,137.93,137.3,136.06,44621,6137056.03,1318
2026-03-12,INE340A01012,BIRLACORPN,EQ,840.0,840.0,818.0,820.1,818.0,843.6,93531,77352066.0,7978
2026-03-12,INE557A01011,BIRLANU,EQ,1400.0,1400.0,1329.0,1334.9,1333.4,1388.0,23045,31213274.7,2086
2026-03-12,INF209KC1134,ABGSEC,EQ,112.93,112.93,112.27,112.27,112.27,112.26,48,5402.16,6
2026-03-12,INF209KC1670,ABSL10BANK,EQ,167.59,167.59,164.57,165.13,164.9,167.59,1056,174416.55,56
2026-03-12,INF209KB17D5,ABSLBANETF,EQ,57.5,57.5,55.88,56.29,56.39,57.0,66294,3730445.64,484
2026-03-12,INF209KB18T9,ABSLLIQUID,EQ,999.99,1000.01,999.99,1000.0,999.99,999.99,3735,3735025.78,28
2026-03-12,INF209KC1662,ABSLMSCIN,EQ,28.17,29.21,28.12,29.21,29.21,28.54,44,1241.51,5
2026-03-12,INF209KB16D7,ABSLNN50ET,EQ,70.69,70.69,68.5,69.7,69.69,70.17,20026,1389617.76,321
2026-03-12,INF209KB10E8,BSLSENETFG,EQ,78.47,78.47,75.59,76.33,76.63,77.13,62049,4751660.06,177
2026-03-12,INF209KC1142,GSEC10ABSL,EQ,111.36,111.43,110.76,110.85,110.76,111.29,1674,186105.55,12
2026-03-12,INF209KB10C2,HEALTHY,EQ,14.96,15.64,14.96,15.3,15.34,15.35,749938,11462297.65,1069
2026-03-12,INF209KB14K7,MOMENTUM,EQ,30.01,30.04,29.23,29.51,29.55,29.86,88547,2610516.72,451
2026-03-12,INF209KB15K4,NIFTYQLITY,EQ,20.54,20.54,20.01,20.24,20.39,20.36,58279,1173902.44,479
2026-03-12,INF209KB19F6,SILVER,EQ,259.01,265.22,257.32,264.08,264.1,262.63,2176821,569415097.21,19277
2026-03-12,INF209KB11D8,TECH,EQ,32.09,32.5,31.72,32.03,31.98,32.11,116882,3734189.3,237
2026-03-12,INF209KB19Z4,ABSLPSE,EQ,10.42,11.08,10.35,10.7,10.62,10.48,607005,6472933.73,595
2026-03-12,INE836A01035,BSOFT,EQ,380.0,380.0,369.2,374.6,375.0,381.9,927993,346848549.7,26970
2026-03-12,INE676A01027,BBOX,EQ,507.0,533.0,505.0,522.15,522.85,514.1,307825,160813669.65,10361
2026-03-12,INE0UIZ01018,BLACKBUCK,EQ,566.2,580.0,556.55,572.5,578.0,574.8,278105,158231458.65,27739
2026-03-12,INE791A01024,BLBLIMITED,BE,17.53,17.53,17.0,17.33,17.24,17.19,225109,3872121.84,187
2026-03-12,INE416D01022,BLISSGVS,EQ,214.57,214.57,207.4,209.2,210.59,216.26,1007361,211727711.08,12088
2026-03-12,INE0NLT01010,BLSE,EQ,137.45,147.9,137.44,142.55,143.52,141.64,1051789,151250250.49,6682
2026-03-12,INE153T01027,BLS,EQ,247.0,253.8,244.8,251.75,251.5,249.15,893593,223124467.5,20691
2026-03-12,INE472B01011,BLUECOAST,EQ,21.66,21.66,20.42,20.81,20.56,20.72,2031,42687.95,37
2026-03-12,INE233B01017,BLUEDART,EQ,5398.5,5398.5,5256.0,5303.5,5305.0,5398.5,5898,31500222.0,2489
2026-03-12,INE0KBH01020,BLUEJET,EQ,370.1,382.0,365.2,377.35,375.6,374.7,314699,117821360.3,7659
2026-03-12,INE0SAK01011,BLUEPEBBLE,ST,104.45,105.2,102.7,105.2,105.2,107.95,4800,500080.0,8
2026-03-12,INE472A01039,BLUESTARCO,EQ,1941.0,1969.5,1892.0,1953.5,1942.0,1941.1,638482,1240136889.5,31095
2026-03-12,INE0X3M01010,BLUEWATER,SM,145.05,148.95,145.05,147.55,148.5,146.0,5000,732700.0,5
2026-03-12,INE304W01038,BLUESTONE,EQ,511.85,523.95,495.0,518.0,522.0,513.65,383714,196054486.35,18138
2026-03-12,INE0U4101014,BLUSPRING,EQ,48.05,49.17,46.3,46.91,46.3,47.82,371346,17701463.48,2340
2026-03-12,INE965W01036,BMWVENTLTD,EQ,56.49,58.11,55.86,57.43,57.6,56.77,125885,7190270.06,1642
2026-03-12,INE338D01028,BODALCHEM,EQ,43.95,45.09,43.94,44.22,44.25,44.56,345805,15371548.99,1187
2026-03-12,INE0EEJ01023,BTML,EQ,7.05,7.05,6.71,6.78,6.8,7.06,679959,4629677.41,1007
2026-03-12,INE802W01023,BOHRAIND,BE,17.9,18.69,17.12,18.55,18.56,17.9,43579,765734.66,36
2026-03-12,INE050A01025,BBTC,EQ,1574.4,1594.0,1539.0,1570.9,1559.3,1570.4,43038,67762177.5,5702
2026-03-12,INE032A01023,BOMDYEING,EQ,107.5,111.1,105.56,108.68,108.2,108.9,983985,106417291.55,10748
2026-03-12,INE0I3Y01014,BMETRICS,SM,38.0,40.0,38.0,40.0,40.0,38.0,12800,507920.0,10
2026-03-12,INE032Z01020,BSHSL,EQ,83.5,84.89,82.98,84.39,84.4,83.36,9480,796255.97,168
2026-03-12,INE053F07595,704IRFC28,N6,1060.6,1060.6,1060.6,1060.6,1060.6,1054.06,1,1060.6,1
2026-03-12,INE053F07538,810IRFC27,N2,1054.0,1054.0,1053.05,1053.05,1053.05,1055.0,240,252823.69,6
2026-03-12,INE906B07CB9,830NHAI27,N2,1062.0,1062.0,1057.01,1057.6,1057.6,1060.0,6128,6480857.65,20
2026-03-12,INE020B07HP8,846REC28,N6,1199.99,1199.99,1197.99,1197.99,1197.99,1100.0,20,23979.8,2
2026-03-12,INE053F07686,865IRFC29,,1174.0,1174.0,1156.39,1156.39,1156.39,1172.79,203,238286.78,4
2026-03-12,INE020B07HS2,871REC28,N9,1095.0,1095.0,1095.0,1095.0,1095.0,1094.49,450,492750.0,1
2026-03-12,INE557F07132,901NHB34,N6,6184.99,6185.0,6181.0,6185.0,6185.0,6199.35,43,265914.89,6
2026-03-12,INE020B07IG5,888REC29,NF,1160.99,1160.99,1139.0,1139.0,1139.0,1110.3,16,18531.46,3
2026-03-12,INE0B9A01018,BONLON,BE,38.84,40.0,37.14,40.0,40.0,38.84,8053,306553.04,59
2026-03-12,INE16SF01016,BORANA,BE,398.9,399.05,385.0,389.1,387.9,398.9,59553,23622956.5,304
2026-03-12,INE02PY01013,BOROLTD,EQ,253.8,253.8,238.0,241.41,242.04,259.5,606941,149126416.78,10051
2026-03-12,INE666D01022,BORORENEW,EQ,411.9,431.6,403.25,422.15,422.5,415.8,501717,210395110.8,15976
2026-03-12,INE02L001032,BOROSCI,EQ,105.1,108.46,104.0,107.02,107.95,106.28,66555,7092678.69,912
2026-03-12,INE782A01015,BOSCH-HCIL,EQ,1308.0,1336.0,1296.0,1326.8,1315.0,1316.9,21795,28739656.8,1066
2026-03-12,INE323A01026,BOSCHLTD,EQ,31620.0,31620.0,30815.0,31305.0,31300.0,31715.0,27041,844051150.0,12225
2026-03-12,INE110A01019,BPL,EQ,51.01,52.6,50.25,51.18,51.2,51.55,62560,3230104.77,749
2026-03-12,INE0R4Z01018,BRACEPORT,SM,65.0,65.4,65.0,65.2,65.4,69.0,4800,312640.0,3
2026-03-12,INE02RE01045,FIRSTCRY,EQ,225.0,225.59,218.93,223.17,222.74,224.86,909538,202942089.9,19003
2026-03-12,INE977Y01011,BCONCEPTS,EQ,246.9,249.7,240.0,242.75,240.0,249.05,5105,1247455.55,344
2026-03-12,INE0XUD01014,BRANDMAN,SM,152.0,152.0,138.6,140.4,141.95,152.2,49600,7137760.0,53
2026-03-12,INE791I01019,BRIGADE,EQ,664.65,680.0,650.25,665.0,664.0,672.0,241725,161006400.65,13291
2026-03-12,INE03NU01014,BRIGHOTEL,EQ,58.91,61.3,57.72,60.68,60.61,58.62,177547,10627205.98,1789
2026-03-12,INE425B01027,BCG,BE,9.7,9.73,9.44,9.59,9.6,9.72,3909994,37738214.27,3235
2026-03-12,INE216A01030,BRITANNIA,EQ,5910.0,5910.0,5713.0,5787.0,5814.0,5921.5,996754,5755360219.0,55769
2026-03-12,INE0FDU25010,BIRET,RR,342.0,342.43,339.5,340.11,340.5,342.14,225608,76750466.69,13265
2026-03-12,INE650L01011,BROOKS,EQ,61.19,62.6,59.52,62.18,60.85,60.91,25854,1582365.84,535
2026-03-12,INE118H01025,BSE,EQ,2800.0,2877.9,2781.2,2850.6,2847.0,2837.4,2988021,8460104103.6,111168
2026-03-12,INE594B01012,BSL,EQ,132.6,132.6,125.1,125.56,127.0,126.6,1751,221590.53,65
2026-03-12,INE295F01017,BUTTERFLY,EQ,712.0,767.9,682.5,697.1,686.0,694.5,969890,705173414.45,34577
2026-03-12,INE0SMX01019,CKKRETAIL,ST,156.95,157.0,156.95,156.95,156.95,165.2,20000,3139200.0,22
2026-03-12,INE0QBU01012,CPS,ST,1100.0,1100.0,1060.0,1060.0,1060.0,1065.0,300,324000.0,2
2026-03-12,INE0BV301023,MAPMYINDIA,EQ,981.0,991.6,950.2,967.1,975.0,990.0,225525,219361452.9,22318
2026-03-12,INE0U7V01015,C2C,SM,330.8,389.1,330.8,389.1,389.1,324.25,333600,124073317.5,1320
2026-03-12,INE526B01014,CALSOFT,EQ,12.51,13.0,12.25,12.7,12.86,12.51,23241,291869.38,162
2026-03-12,INE627H01017,CTE,EQ,27.93,27.93,24.33,24.79,24.45,27.03,236694,5824629.04,684
2026-03-12,INE052I01032,CAMLINFINE,EQ,141.01,145.49,137.55,144.93,145.0,142.63,265348,37868422.83,5760
2026-03-12,INE278Y01022,CAMPUS,EQ,236.0,240.7,231.5,240.0,240.1,238.25,207541,49231399.9,8124
2026-03-12,INE477A01020,CANFINHOME,EQ,865.35,884.4,838.6,872.55,872.0,865.95,142674,123946095.8,14437
2026-03-12,INE476A01022,CANBK,EQ,138.6,142.86,136.26,140.34,140.5,139.41,21773776,3047855669.62,122959
2026-03-12,INE01TY01017,CANHLIFE,EQ,148.63,148.63,144.05,145.87,145.0,148.63,1152063,168293264.27,12380
2026-03-12,INE218I01013,CRAMC,EQ,238.85,244.95,232.4,243.1,242.7,239.85,446850,106808521.8,11141
2026-03-12,INE0QG301017,CANARYS,SM,23.3,23.3,22.15,22.2,22.2,23.25,140000,3149600.0,34
2026-03-12,INE068L01024,CANTABIL,EQ,255.05,258.8,248.15,256.65,256.7,257.35,75769,19275566.5,1982
2026-03-12,INE264T01014,CAPACITE,EQ,213.5,213.87,198.7,202.07,199.95,214.56,1055758,216618912.03,15435
2026-03-12,INE0ILV01024,CAPILLARY,EQ,512.35,517.85,512.3,515.35,515.0,514.9,29661,15284588.05,1243
2026-03-12,INE345H01024,CIFL,EQ,27.9,28.49,27.7,27.86,28.04,28.14,293144,8208719.97,480
2026-03-12,INE0Z8Z23013,CAPINVIT,IV,68.26,68.96,68.0,68.53,68.5,68.72,217279,14853913.23,1632
2026-03-12,INE646H01017,CAPITALSFB,EQ,250.0,250.35,239.95,241.75,240.35,249.25,46739,11328429.9,1445
2026-03-12,INE707C01018,CAPTRUST,BE,12.0,12.45,11.51,11.59,11.99,12.08,52490,615778.04,156
2026-03-12,INE475E01026,CAPLIPOINT,EQ,1686.5,1697.5,1660.0,1687.6,1684.8,1690.1,50022,84291656.5,7553
2026-03-12,INE180C01042,CGCL,EQ,167.56,170.5,163.49,169.05,168.0,169.24,5786378,971419774.34,31670
2026-03-12,INE120A01034,CARBORUNIV,EQ,787.1,792.0,766.1,787.5,787.6,787.1,62285,48697032.5,6016
2026-03-12,INE752H01013,CARERATING,EQ,1595.0,1647.7,1562.0,1631.2,1633.2,1607.9,37515,60551038.7,4976
2026-03-12,INE0P6P01016,CPEDU,EQ,182.44,184.51,180.0,180.84,181.5,185.01,6889,1251741.67,213
2026-03-12,INE0V7W01012,CARRARO,EQ,481.0,481.75,470.0,472.6,472.15,481.75,36835,17456354.1,2385
2026-03-12,INE290S01011,CARTRADE,EQ,1689.2,1723.0,1651.2,1678.7,1680.0,1689.2,357775,605835503.2,30891
2026-03-12,INE482D01024,CARYSIL,EQ,844.55,844.55,794.0,815.3,818.0,846.65,157755,127277297.3,8150
2026-03-12,INE0WL201014,CUDML,SM,105.95,106.0,100.0,100.0,100.0,100.3,24000,2525850.0,13
2026-03-12,INE172A01027,CASTROLIND,EQ,186.1,186.29,185.0,185.59,185.68,185.79,1465064,271990376.86,14774
2026-03-12,INE421D01022,CCL,EQ,1030.0,1066.5,1027.2,1060.6,1063.0,1042.6,220761,232421856.2,18841
2026-03-12,INE482A01020,CEATLTD,EQ,3509.0,3899.0,3454.5,3806.5,3844.0,3553.3,530229,1955888286.9,48046
2026-03-12,INE11J101017,CEDAAR,SM,25.25,25.55,24.9,25.5,25.5,26.2,36000,907200.0,25
2026-03-12,INE0AG901020,CEIGALL,EQ,277.3,280.2,262.6,271.85,271.6,277.3,735100,198377729.95,13261
2026-03-12,INE016Q01014,CEINSYS,EQ,980.0,1067.85,949.9,1009.25,1005.0,972.6,138601,140832862.5,9108
2026-03-12,INE185H01016,CELEBRITY,EQ,7.74,8.21,7.74,7.84,8.0,8.11,18349,146305.84,227
2026-03-12,INE0O0001013,CELLPOINT,SM,14.15,14.5,14.1,14.45,14.5,14.6,6000,85560.0,5
2026-03-12,INE0OMO01025,CELLECOR,SM,24.8,24.95,24.45,24.75,24.65,25.0,207000,5116800.0,47
2026-03-12,INE0LMW01024,CELLO,EQ,394.0,413.2,386.05,404.95,405.0,396.85,233262,93918186.35,13644
2026-03-12,INE686A01026,CEMPRO,EQ,550.0,559.4,536.2,546.4,548.6,555.3,326273,178863052.1,15554
2026-03-12,INE483A01010,CENTRALBK,EQ,36.17,36.98,35.62,36.61,36.69,36.61,6995129,254386509.14,20022
2026-03-12,INE736A01011,CDSL,EQ,1206.0,1218.5,1193.1,1210.8,1210.0,1219.4,1620635,1953010835.9,59441
2026-03-12,INE660C01027,CENTRUM,EQ,20.98,21.05,20.28,20.38,20.34,20.77,554345,11469418.25,1257
2026-03-12,INE320B01020,CENTUM,EQ,2848.3,2849.7,2718.2,2774.5,2769.0,2856.9,34067,94493319.1,6016
2026-03-12,INE485A01015,CENTENKA,EQ,409.8,415.0,401.6,413.1,414.8,409.8,16843,6912279.65,796
2026-03-12,INE281A01026,CENTEXT,EQ,19.83,20.09,19.39,19.89,20.0,19.85,94505,1873778.0,602
2026-03-12,INE348B01021,CENTURYPLY,EQ,690.0,690.0,671.1,685.0,684.0,690.25,15748,10758834.05,3263
2026-03-12,INE739E01017,CERA,EQ,4625.0,4728.9,4524.0,4667.9,4655.0,4652.1,13682,63313308.4,4548
2026-03-12,INE345B01019,CEREBRAINT,BZ,4.52,4.55,4.3,4.37,4.4,4.41,38888,171131.15,120
2026-03-12,INE486A01021,CESC,EQ,153.4,164.9,152.98,159.42,159.2,154.29,16610060,2672815788.05,166947
2026-03-12,INE067A01029,CGPOWER,EQ,723.45,740.25,701.6,737.3,738.25,726.3,3548443,2570110802.5,100336
2026-03-12,INE427F01016,CHALET,EQ,772.0,779.65,746.1,774.55,774.0,774.95,103498,79874790.55,8708
2026-03-12,INE419D01026,CLSEL,EQ,245.0,251.2,243.2,249.55,250.0,248.85,43899,10842461.4,1673
2026-03-12,INE085A01013,CHAMBLFERT,EQ,428.0,436.95,423.3,434.1,432.5,431.75,696191,300496476.55,22168
2026-03-12,INE11HG01018,CHAMUNDA,SM,43.9,45.5,43.9,44.55,44.55,45.9,18000,811350.0,6
2026-03-12,INE0B2N01016,CHANDAN,SM,258.0,266.0,253.0,263.1,263.1,260.35,11200,2914320.0,13
2026-03-12,INE0PT101017,CHAVDA,SM,95.25,96.8,94.0,95.0,95.0,95.25,7000,665750.0,7
2026-03-12,INE0TGX01019,CHEMBONDCH,EQ,141.18,141.18,134.0,134.82,134.0,140.36,10568,1434436.61,538
2026-03-12,INE995D01025,CHEMBOND,EQ,142.17,144.55,137.5,143.23,143.25,142.17,10572,1502867.23,166
2026-03-12,INE03YM01018,CHEMCON,EQ,157.0,158.9,153.29,155.39,154.32,156.76,51467,8042414.23,2054
2026-03-12,INE783X01023,CHEMFAB,EQ,386.0,386.0,371.5,376.0,378.5,389.55,4100,1551264.0,326
2026-03-12,INE488A01050,CHEMPLASTS,EQ,265.1,284.87,259.92,275.63,273.8,267.52,671322,185853751.4,21095
2026-03-12,INE178A01016,CHENNPETRO,EQ,902.0,960.0,869.35,943.8,945.0,906.7,3630058,3386680529.1,115252
2026-03-12,INE0U1T01012,CHETANA,SM,34.0,36.05,33.75,35.1,35.95,35.35,107200,3783680.0,37
2026-03-12,INE974B01016,CHEVIOT,EQ,990.1,1009.8,982.7,991.8,991.1,990.1,559,553540.7,94
2026-03-12,INE102B01014,CHOICEIN,EQ,649.0,654.0,635.65,645.25,645.9,649.9,424849,273377485.65,11844
2026-03-12,INF2KCX01012,CHOICEGOLD,EQ,159.03,159.09,157.51,158.54,158.45,159.03,19666,3113193.86,332
2026-03-12,INE149A01033,CHOLAHLDNG,EQ,1560.0,1560.0,1481.0,1486.6,1486.6,1569.9,139746,210626414.2,16090
2026-03-12,INE121A01024,CHOLAFIN,EQ,1548.0,1552.3,1510.0,1526.1,1522.0,1557.4,2352076,3600020247.3,74095
2026-03-12,INE536H01010,CIEINDIA,EQ,470.9,470.9,452.55,456.7,457.0,471.05,145990,66935614.1,11706
2026-03-12,INE675C01017,CIGNITITEC,EQ,1095.6,1112.8,1063.7,1091.8,1083.0,1095.6,94896,103122000.0,4340
2026-03-12,INE704H01022,CINELINE,EQ,85.5,88.4,84.14,88.0,88.39,85.59,7421,647976.08,77
2026-03-12,INE039B01026,CINEVISTA,EQ,16.27,16.48,15.15,15.97,16.0,15.57,13598,217676.28,127
2026-03-12,INE059A01026,CIPLA,EQ,1325.1,1341.7,1319.0,1324.3,1327.8,1329.5,1405268,1865308392.4,65509
2026-03-12,INE491A01021,CUB,EQ,245.9,246.9,239.3,243.85,243.75,247.05,2955678,716113121.5,50931
2026-03-12,INE201M01029,CLEDUCATE,EQ,50.48,51.18,48.36,48.9,48.42,50.9,86795,4275743.87,925
2026-03-12,INE0UQ601012,CLASSICEIL,SM,44.15,45.1,44.1,45.1,45.1,47.5,4800,213360.0,3
2026-03-12,INE647U01026,CLEANMAX,EQ,866.0,914.7,851.8,901.1,902.5,862.7,201497,179348081.8,11976
2026-03-12,INE227W01023,CLEAN,EQ,730.8,741.5,720.05,733.9,732.25,742.6,116050,84932048.9,9735
2026-03-12,INE1EF801010,CSSL,SM,112.0,112.0,110.5,110.5,110.5,113.0,13000,1443500.0,5
2026-03-12,INE925R01014,CMSINFO,EQ,299.0,301.65,292.0,299.35,299.0,299.05,440040,131356702.7,13895
2026-03-12,INE522F01014,COALINDIA,EQ,446.75,474.0,445.0,470.1,470.0,446.75,27328045,12704311424.8,306822
2026-03-12,INE377E01024,COASTCORP,EQ,44.0,44.55,42.8,43.1,42.83,44.71,73795,3214112.32,464
2026-03-12,INE704P01025,COCHINSHIP,EQ,1450.0,1452.0,1422.6,1444.3,1446.0,1460.7,582483,837480470.4,27910
2026-03-12,INE335K01011,COFFEEDAY,EQ,25.9,26.62,25.19,25.45,25.4,25.87,2100902,54304478.75,3976
2026-03-12,INE591G01025,COFORGE,EQ,1107.0,1128.1,1078.5,1107.9,1109.0,1108.8,4181637,4619736481.7,98885
2026-03-12,INE03QK01018,COHANCE,EQ,291.7,293.95,282.25,289.35,289.05,291.7,568650,163989855.95,19241
2026-03-12,INE259A01022,COLPAL,EQ,2040.0,2040.0,1962.2,1975.8,1971.0,2055.6,836489,1665406549.2,57610
2026-03-12,INE073V01015,COMSYN,EQ,153.02,155.79,153.02,153.34,153.16,153.78,182411,28065480.32,617
2026-03-12,INE597Z01014,COMMITTED,SM,215.0,237.1,215.0,236.85,236.25,226.2,30400,6828720.0,21
2026-03-12,INE070C01037,COMPINFO,BZ,1.28,1.28,1.19,1.19,1.2,1.25,52379,62870.44,62
2026-03-12,INE453B01029,COMPUSOFT,EQ,12.0,12.9,12.0,12.72,12.9,12.3,53656,674735.22,244
2026-03-12,INE596I01020,CAMS,EQ,670.0,670.8,655.25,663.75,664.4,676.2,1585361,1050212288.05,73151
2026-03-12,INE338H01029,CONCORDBIO,EQ,1167.7,1182.4,1122.4,1174.5,1178.0,1158.4,153539,177610985.3,17197
2026-03-12,INE037Z01029,CEWATER,EQ,248.8,255.9,242.55,246.5,249.25,248.8,427725,106503406.25,7002
2026-03-12,INE552D01024,CONFIPET,EQ,29.8,35.49,29.35,35.45,35.49,29.58,9380060,325308623.64,20486
2026-03-12,INE0EAS01014,CONNPLEX,SM,232.0,236.9,229.0,234.25,234.25,233.25,15200,3538520.0,19
2026-03-12,INE429I01024,CCCL,EQ,15.51,15.95,15.42,15.72,15.88,15.87,311258,4906978.19,640
2026-03-12,INE025A01027,CONSOFINVT,BE,229.25,233.88,225.95,228.3,230.0,228.11,463455,104985376.74,90
2026-03-12,INE111A01025,CONCOR,EQ,468.5,471.2,458.45,467.15,468.0,470.45,3982340,1857189426.45,48297
2026-03-12,INE340Z01019,CONTI,SM,15.15,15.15,15.15,15.15,15.15,15.9,3333,50494.95,1
2026-03-12,INE663B01015,CONTROLPR,EQ,633.7,644.95,618.8,628.05,632.0,630.5,18185,11474956.4,1367
2026-03-12,INE0HS001028,COOLCAPS,SM,23.9,24.0,23.2,23.6,23.35,23.5,197500,4652250.0,77
2026-03-12,INE558D01021,CORALFINAC,EQ,32.71,32.9,30.21,32.04,32.77,32.07,14623,463789.27,260
2026-03-12,INE792I01017,CORDSCABLE,EQ,156.31,158.99,152.0,153.41,153.0,157.67,66288,10200710.51,1626
2026-03-12,INE169A01031,COROMANDEL,EQ,2009.9,2026.7,1959.1,2008.5,2015.0,2020.7,273943,549582792.5,38098
2026-03-12,INE02ZQ01018,CORONA,EQ,1610.0,1621.8,1582.3,1588.6,1590.5,1616.5,7599,12113934.9,1526
2026-03-12,INE757A01017,COSMOFIRST,EQ,665.0,671.4,652.6,661.15,662.0,664.7,82200,54233590.55,3616
2026-03-12,INE652F01027,CCHHL,EQ,12.66,13.19,12.0,12.89,13.19,12.7,99340,1227567.49,434
2026-03-12,INE695B01025,COUNCODOS,EQ,4.72,5.1,4.72,5.0,5.04,4.98,11305,55889.1,185
2026-03-12,INE521J01018,CPCAP,EQ,87.56,90.45,85.5,86.0,85.5,87.55,35611,3119365.87,557
2026-03-12,INF457M01133,CPSEETF,EQ,102.53,104.9,101.86,104.47,104.43,102.87,2152294,223393710.2,10160
2026-03-12,INE00LO01017,CRAFTSMAN,EQ,7290.0,7491.0,7238.5,7354.0,7330.0,7325.5,60004,441659454.5,13045
2026-03-12,INE0OFK01019,CRAYONS,SM,36.4,38.0,36.4,38.0,38.0,38.1,11000,416400.0,3
2026-03-12,INE230B01021,CREATIVEYE,EQ,7.04,7.04,6.67,6.84,6.76,7.5,20677,141563.11,280
2026-03-12,INE0R7401011,CGRAPHICS,SM,142.5,147.5,140.2,144.7,145.0,145.0,48000,6863120.0,38
2026-03-12,INE985W01018,CNL,EQ,657.35,670.0,650.0,652.25,652.0,655.95,2519,1657873.15,144
2026-03-12,INE741K01010,CREDITACC,EQ,1189.4,1198.3,1151.0,1177.2,1179.0,1195.3,216950,254226341.9,18129
2026-03-12,INE220Q01020,MUFTI,EQ,78.49,78.75,76.78,78.08,78.15,78.29,171612,13347121.27,1873
2026-03-12,INE559D01011,CREST,EQ,344.35,344.35,338.65,340.65,343.95,344.05,3861,1315792.75,112
2026-03-12,INE007A01025,CRISIL,EQ,4320.0,4320.0,4195.0,4235.3,4217.0,4311.3,37436,158777989.1,7121
2026-03-12,INE0S4R01014,CRIZAC,EQ,212.0,213.19,207.21,210.67,211.0,211.71,121913,25620500.72,3430
2026-03-12,INE299U01018,CROMPTON,EQ,248.0,254.5,243.0,247.2,246.15,247.5,2440630,606693168.7,34279
2026-03-12,INE00NH01017,CLSL,SM,46.5,46.5,46.5,46.5,46.5,46.0,2000,93000.0,1
2026-03-12,INE491V01019,CROWN,EQ,127.85,127.85,115.56,118.79,118.96,120.96,24721,2907415.34,472
2026-03-12,INE679A01013,CSBBANK,EQ,355.0,356.6,344.35,347.05,347.0,358.4,520360,182087414.95,16716
2026-03-12,INE718F01018,CSLFINANCE,EQ,263.0,263.0,242.05,245.65,249.0,255.15,23542,5844080.15,1007
2026-03-12,INE144D01012,CUBEXTUB,EQ,93.95,94.86,91.11,92.31,93.4,93.63,150215,13896036.37,1658
2026-03-12,INE298A01020,CUMMINSIND,EQ,4626.0,4781.3,4518.0,4753.6,4760.0,4630.7,962205,4511527858.2,110506
2026-03-12,INE509F01029,CUPID,EQ,86.1,86.4,80.3,81.35,82.3,86.9,27937542,2299925282.8,58833
2026-03-12,INE117B01020,CURAA,BE,109.01,109.01,109.01,109.01,109.01,103.82,152,16569.52,9
2026-03-12,INE1BZN01016,CURIS,SM,95.0,95.0,93.0,93.0,93.0,95.0,4000,378000.0,4
2026-03-12,INE1CRQ01014,CURRENT,SM,111.0,111.0,111.0,111.0,111.0,115.0,1600,177600.0,1
2026-03-12,INE278G01037,CYBERMEDIA,EQ,15.33,15.33,13.28,13.58,13.94,13.94,15247,210859.06,94
2026-03-12,INE214A01019,CYBERTECH,EQ,108.0,108.0,100.0,104.4,103.0,106.7,31347,3243865.24,1040
2026-03-12,INE055S01018,CYIENTDLM,EQ,314.0,315.8,303.6,309.65,309.4,312.45,152024,47240286.75,6912
2026-03-12,INE136B01020,CYIENT,EQ,922.9,925.0,899.05,902.55,905.6,924.6,199791,182061959.25,20248
2026-03-12,INE0GN101014,DKEGL,SM,61.55,64.55,61.5,64.55,64.55,65.25,7500,473925.0,5
2026-03-12,INE864X01013,DPWIRES,EQ,148.13,149.99,143.07,147.98,149.99,148.13,8261,1205863.42,495
2026-03-12,INE250K01012,DLINKINDIA,EQ,396.0,399.0,391.5,394.15,397.6,399.6,69039,27270979.6,4436
2026-03-12,INE266Y01019,DPABHUSHAN,EQ,1025.0,1045.0,1007.2,1023.7,1018.0,1037.5,9188,9378837.4,1008
2026-03-12,INE950I01011,DBCORP,EQ,210.9,210.9,206.0,206.82,208.0,210.69,50879,10555368.73,2524
2026-03-12,INE016A01026,DABUR,EQ,471.3,471.3,456.5,459.35,459.9,471.85,1756738,807850868.45,36078
2026-03-12,INE00R701025,DALBHARAT,EQ,1850.0,1909.1,1825.1,1894.5,1909.1,1855.9,358226,674093102.1,19883
2026-03-12,INE495A01022,DALMIASUG,EQ,316.5,323.75,305.6,310.85,311.0,318.6,147403,46128842.35,5042
2026-03-12,INE284H01025,DAMCAPITAL,EQ,131.0,133.69,127.0,131.12,131.39,132.86,662467,86198726.06,9760
2026-03-12,INE497D01022,DAMODARIND,EQ,23.5,23.99,22.6,23.93,23.99,23.36,5516,129623.8,98
2026-03-12,INE688Y01022,DANGEE,EQ,2.85,2.9,2.78,2.86,2.9,2.85,52624,149857.64,180
2026-03-12,INE0YU901016,DANISH,SM,630.0,646.5,625.6,633.35,632.5,641.0,16950,10733902.5,64
2026-03-12,INE04Q901010,DCCL,SM,38.4,39.45,38.4,38.65,38.65,39.0,8000,310200.0,4
2026-03-12,INE0IX101010,DATAPATTNS,EQ,3373.0,3373.0,3230.1,3332.0,3339.0,3383.2,703664,2320566472.3,57464
2026-03-12,INE365B01017,DATAMATICS,EQ,687.0,760.95,681.85,731.95,734.0,697.1,303672,222078703.45,14673
2026-03-12,INE179G01029,DAVANGERE,EQ,3.92,3.97,3.86,3.91,3.92,3.93,2034593,7939358.15,1503
2026-03-12,INE921B01025,DBSTOCKBRO,EQ,25.0,25.96,24.8,25.19,25.01,25.36,3265,81891.9,143
2026-03-12,INE0A1101019,DCI,EQ,251.0,258.35,246.35,255.65,253.8,253.4,14040,3568975.85,697
2026-03-12,INE503A01015,DCBBANK,EQ,170.0,176.38,167.32,174.01,173.65,172.32,1664016,287535806.62,31155
2026-03-12,INE0S8401018,DCG,SM,58.0,58.5,57.5,57.5,57.5,59.9,4800,278400.0,4
2026-03-12,INE891B01012,DCMFINSERV,EQ,6.24,6.74,6.2,6.74,6.74,5.62,544782,3621910.42,635
2026-03-12,INE498A01018,DCM,EQ,61.0,62.35,60.55,60.88,60.55,60.98,14058,862354.14,239
2026-03-12,INE08KP01019,DCMNVL,EQ,118.12,121.0,110.4,113.46,114.39,118.12,64416,7261731.87,885
2026-03-12,INE0OFM01015,DSFCL,EQ,25.92,26.08,24.7,25.12,25.09,25.92,95691,2425023.64,759
2026-03-12,INE843D01027,DCMSRIND,EQ,35.01,35.5,34.1,35.15,35.14,35.56,218458,7569673.17,1234
2026-03-12,INE0OU201013,DCMSIL,EQ,63.46,75.97,60.42,68.83,67.0,63.31,753191,54036446.77,8590
2026-03-12,INE499A01024,DCMSHRIRAM,EQ,986.5,1017.9,968.1,1015.7,1017.7,989.8,36537,36533244.7,5996
2026-03-12,INE500A01029,DCW,EQ,43.6,43.6,42.06,42.65,42.73,43.79,1856295,79542713.14,7705
2026-03-12,INE0KL801015,DCXINDIA,EQ,187.0,190.69,183.2,184.6,184.2,188.28,1330877,247937808.01,13743
2026-03-12,INE0HR601026,DDEVPLSTIK,EQ,260.3,265.85,255.0,260.1,258.1,260.3,108009,28089328.35,3938
2026-03-12,INE0JWV01011,DENEERS,ST,133.1,144.9,133.05,144.9,144.9,139.6,24600,3424530.0,24
2026-03-12,INE244A01016,DENORA,EQ,703.0,715.0,694.0,705.7,708.7,710.3,1754,1238723.5,269
2026-03-12,INE583C01021,DECCANCE,EQ,682.0,692.8,680.95,681.75,681.5,685.65,18733,12852786.4,558
2026-03-12,INE0S7C01019,DECCANTRAN,SM,21.0,21.0,20.6,20.8,21.0,21.6,8400,174960.0,7
2026-03-12,INE841L01016,DEEDEV,EQ,312.8,319.7,307.0,309.9,309.45,310.85,2116322,663081295.1,19423
2026-03-12,INE0FHS01024,DEEPINDS,EQ,341.8,350.8,335.55,341.2,341.2,343.25,191799,65650922.55,5766
2026-03-12,INE0OPA01019,DBEIL,EQ,73.39,73.39,71.0,71.64,71.8,72.78,63791,4594860.54,973
2026-03-12,INE501A01019,DEEPAKFERT,EQ,990.0,1000.85,970.05,978.3,985.0,996.85,220625,217109093.5,15997
2026-03-12,INE288B01029,DEEPAKNTR,EQ,1470.0,1495.9,1455.5,1480.5,1476.8,1489.6,82431,121747249.1,11038
2026-03-12,INE0SK801018,DELAPLEX,SM,102.0,111.25,102.0,109.5,109.9,103.45,12000,1283820.0,20
2026-03-12,INE148O01028,DELHIVERY,EQ,415.0,415.0,403.8,408.2,407.95,417.95,1659934,678100982.35,26747
2026-03-12,INE726L01027,DELPHIFX,EQ,11.46,11.47,10.9,11.15,11.19,11.46,432011,4816273.37,705
2026-03-12,INE0XRN01019,DELTIC,SM,36.3,36.95,35.55,35.65,35.95,37.05,19000,684050.0,17
2026-03-12,INE124G01033,DELTACORP,EQ,56.1,57.07,54.81,55.34,55.85,56.93,1398372,77918680.65,9293
2026-03-12,INE393A01011,DELTAMAGNT,EQ,57.0,58.44,56.05,56.46,56.2,58.69,2882,164009.43,91
2026-03-12,INE947J01015,DEN,EQ,26.35,27.35,26.25,27.01,26.91,26.77,798694,21355843.12,8107
2026-03-12,INE0R4L01018,DENTA,EQ,260.4,260.4,245.2,248.25,248.9,259.6,547805,137305241.95,10763
2026-03-12,INE0VOV01021,DEVX,EQ,37.73,37.99,36.72,37.52,37.99,37.73,44259,1645992.21,337
2026-03-12,INE060X01034,DEVIT,EQ,26.5,26.5,25.5,25.74,25.92,26.64,80141,2081301.61,1112
2026-03-12,INE872J01023,DEVYANI,EQ,111.78,120.28,109.13,116.96,118.82,111.98,9687233,1123381850.54,57005
2026-03-12,INE0I3401014,DBOL,EQ,105.76,105.76,101.68,103.15,102.5,105.85,103077,10632398.37,1397
2026-03-12,INE041A01016,DHAMPURSUG,EQ,127.51,129.8,123.0,123.45,123.48,127.47,383009,48089447.24,5191
2026-03-12,INE680A01011,DHANBANK,EQ,23.27,23.56,23.04,23.31,23.28,23.43,361013,8405285.23,1288
2026-03-12,INE0V9V01010,DHANLAXMI,SM,26.95,26.95,23.1,23.9,24.0,24.3,26000,637300.0,13
2026-03-12,INE435G01025,DHANUKA,EQ,977.0,977.0,951.2,960.5,963.0,977.0,45385,43780217.8,3934
2026-03-12,INE704V01015,DIRL,SM,9.75,9.75,9.75,9.75,9.75,9.5,6000,58500.0,1
2026-03-12,INE2HJL01019,DHARARAIL,SM,106.2,111.15,106.1,109.0,109.0,110.0,14000,1532100.0,13
2026-03-12,INE278R01034,DHARAN,BZ,0.16,0.16,0.14,0.14,0.15,0.15,83749019,12652095.74,2720
2026-03-12,INE0YRN01025,DHARIWAL,ST,38.0,38.0,36.0,36.0,36.0,37.85,141000,5094900.0,18
2026-03-12,INE0YRN20017,DHARI-RE,ST,29.0,32.0,29.0,31.6,31.95,32.05,1800000,56256600.0,57
2026-03-12,INE00OQ01016,DHARMAJ,EQ,244.0,255.89,238.77,245.32,243.9,241.34,65952,16288261.04,1831
2026-03-12,INE506Z01015,DHRUV,EQ,30.9,31.0,28.4,30.45,29.7,31.04,51956,1574722.16,401
2026-03-12,INE320L01011,DHUNINV,EQ,861.35,873.75,850.6,867.05,870.0,861.35,437,377299.2,53
2026-03-12,INE341R01014,DTIL,EQ,132.0,134.7,128.14,132.01,132.01,131.14,21530,2841145.43,172
2026-03-12,INE477B01010,DVL,EQ,219.0,229.0,216.07,225.84,227.45,218.75,19729,4415081.78,740
2026-03-12,INE591D01014,DIAMINESQ,EQ,225.0,229.89,220.0,223.03,223.0,222.55,14979,3350732.44,723
2026-03-12,INE989C01038,DIACABS,EQ,135.35,140.28,133.38,136.82,136.2,137.31,1205876,165286034.41,9548
2026-03-12,INE303A01010,DICIND,EQ,534.9,537.0,517.6,536.85,536.8,524.1,3096,1656059.0,150
2026-03-12,INE0JRD01019,DTL,SM,97.0,98.0,96.0,97.0,97.0,93.1,7200,696000.0,4
2026-03-12,INE184O01015,DIFFNKG,EQ,262.0,262.0,249.8,252.75,251.2,260.15,43366,11065250.5,1433
2026-03-12,INE03JI01017,DGCONTENT,EQ,25.69,26.01,24.32,24.98,24.62,25.69,18761,468181.67,150
2026-03-12,INE0PSC01024,DIGIDRIVE,EQ,21.86,21.86,20.35,21.21,21.8,21.43,51705,1073902.7,293
2026-03-12,INE0QJ901011,DIGIKORE,SM,80.5,84.0,78.65,79.9,80.0,83.5,49600,4040880.0,80
2026-03-12,INE927C01020,DIGISPICE,EQ,17.5,18.18,17.29,17.64,17.96,17.83,68399,1207720.23,507
2026-03-12,INE0U4701011,DIGITIDE,EQ,87.6,89.51,85.74,86.71,86.61,88.06,253468,22183582.54,2596
2026-03-12,INE731U01028,DIGJAMLMTD,EQ,41.63,42.0,38.04,40.5,41.4,40.28,14782,599841.51,140
2026-03-12,INE016M01021,DNAMEDIA,EQ,3.4,3.48,3.29,3.3,3.3,3.36,64363,215203.0,136
2026-03-12,INE917M01012,DBL,EQ,452.55,457.3,441.25,454.15,452.1,452.9,302572,136388693.05,8883
2026-03-12,INE836F01026,DISHTV,EQ,2.58,2.6,2.51,2.55,2.53,2.58,5655350,14487529.63,2459
2026-03-12,INE385W01011,DCAL,EQ,169.82,169.86,163.91,165.22,164.2,172.41,236688,39550609.38,5456
2026-03-12,INE753U01022,DIVGIITTS,EQ,730.3,738.0,706.4,711.8,712.9,723.05,41980,30111328.45,3579
2026-03-12,INE361B01024,DIVISLAB,EQ,6330.0,6330.5,6221.0,6282.0,6285.5,6352.5,153876,965465172.5,21740
2026-03-12,INE0NA501011,DIVINEHIRA,ST,259.0,259.0,253.85,253.85,253.85,259.0,11200,2892560.0,4
2026-03-12,INE0SCO01019,DPEL,ST,295.35,307.05,288.5,296.75,294.0,292.45,207000,61287500.0,159
2026-03-12,INE0QYI01019,DIVYADHAN,SM,18.25,18.25,18.25,18.25,18.25,18.85,4000,73000.0,2
2026-03-12,INE935N01020,DIXON,EQ,10475.0,10849.0,10254.0,10803.0,10803.0,10618.0,968428,10267985685.0,121773
2026-03-12,INE0B1K01014,DJML,BE,84.51,87.49,80.77,81.72,80.77,85.02,18045,1522418.97,117
2026-03-12,INE271C01023,DLF,EQ,568.4,571.75,555.55,558.1,557.6,573.2,3176429,1785578539.15,44597
2026-03-12,INE505A01010,DMCC,EQ,220.0,231.3,218.01,225.84,226.0,220.33,61859,14059572.42,1587
2026-03-12,INE0OGG01015,DHTL,SM,41.85,42.85,41.85,42.85,42.85,40.85,12000,503800.0,3
2026-03-12,INE021O01019,DODLA,EQ,1025.4,1025.4,988.2,1001.3,1003.9,1018.1,79800,79666017.4,4513
2026-03-12,INE966A01022,DOLATALGO,EQ,75.99,75.99,73.12,73.84,73.6,75.51,147309,10937545.53,1401
2026-03-12,INE325C01035,DOLLAR,EQ,257.0,262.25,252.9,257.3,256.0,259.4,43358,11223537.55,1128
2026-03-12,INE920A01037,DOLPHIN,EQ,398.0,414.45,392.2,398.65,398.9,403.85,375291,151606694.0,8183
2026-03-12,INE321T01012,DOMS,EQ,2082.3,2389.1,2069.1,2154.0,2144.5,2097.7,6786271,15358425489.7,429966
2026-03-12,INE668D01028,DONEAR,EQ,89.0,89.24,85.22,87.76,87.1,88.92,31781,2769577.36,569
2026-03-12,INE360C01024,DPSCLTD,EQ,8.54,8.9,8.41,8.66,8.69,8.54,180926,1554581.51,800
2026-03-12,INE943P01029,AGARWALEYE,EQ,442.2,447.9,432.7,435.3,434.0,444.8,91518,39899231.0,5655
2026-03-12,INE600L01024,LALPATHLAB,EQ,1392.0,1392.1,1360.1,1377.0,1377.5,1404.7,256122,351993129.4,34105
2026-03-12,INE089A01031,DRREDDY,EQ,1321.0,1337.3,1303.6,1319.0,1319.0,1325.5,1969692,2602743481.2,94198
2026-03-12,INE03RS01027,DRCSYSTEMS,EQ,13.79,13.79,13.0,13.34,13.4,13.27,52465,697172.34,368
2026-03-12,INE0JS101016,DREAMFOLKS,EQ,74.5,77.0,72.86,74.78,75.0,75.06,128337,9601735.13,2634
2026-03-12,INE506A01018,DREDGECORP,EQ,962.2,963.2,936.55,947.6,948.8,962.2,139161,131680879.95,5723
2026-03-12,INE0P7201019,DRONE,SM,46.0,46.45,45.0,45.55,45.55,46.5,18000,820775.0,31
2026-03-12,INE055C01020,KEEPLEARN,EQ,1.94,1.98,1.86,1.96,1.98,1.88,12532,23831.08,55
2026-03-12,INF740KA1EU7,LIQUIDETF,EQ,999.99,1000.01,999.99,999.99,999.99,999.99,364607,364606824.63,206
2026-03-12,INF740KA1YH2,BANK10ADD,EQ,16.52,16.69,16.49,16.5,16.5,17.05,11097,183849.36,88
2026-03-12,INF740KA1RX3,BANKADD,EQ,56.17,56.68,55.87,56.3,56.31,56.91,59362,3344149.77,228
2026-03-12,INF740KA1SW3,GOLDADD,EQ,155.44,157.8,154.57,155.57,155.54,155.94,460280,71539669.84,1633
2026-03-12,INF740KA1SX1,ITADD,EQ,31.25,31.5,30.9,31.19,31.5,31.24,528085,16490863.96,3456
2026-03-12,INF740KA1QK2,EQUAL50ADD,EQ,325.0,332.0,322.0,325.1,332.0,326.69,14483,4695296.8,357
2026-03-12,INF740KA1CL0,NIFTYADD,EQ,249.27,249.73,247.01,247.78,248.54,250.21,32165,7975719.39,384
2026-03-12,INF740KA1SY9,PSUBANKADD,EQ,88.3,89.98,87.12,89.3,89.8,89.2,70662,6256740.9,514
2026-03-12,INF740KA1TA7,PVTBANKADD,EQ,26.37,26.65,26.37,26.4,26.4,26.86,1314990,34839689.83,14569
2026-03-12,INF740KA1QL0,MIDQ50ADD,EQ,227.06,229.15,224.45,228.32,228.6,228.74,9827,2231272.83,190
2026-03-12,INF740KA1SZ6,SENSEXADD,EQ,77.96,78.5,77.63,77.99,78.07,78.73,3597,280837.54,50
2026-03-12,INF740KA1RE3,SILVERADD,EQ,250.49,256.65,248.79,255.68,255.86,253.01,317378,80277101.55,5361
2026-03-12,INF740KA1WU9,FLEXIADD,EQ,9.53,9.89,9.35,9.4,9.89,9.48,188398,1770672.38,447
2026-03-12,INF740KA1UF4,HEALTHADD,EQ,149.59,150.42,148.97,150.29,150.24,150.97,3348,501751.38,37
2026-03-12,INF740KA1UM0,LIQUIDADD,EQ,1116.97,1116.99,1116.97,1116.98,1116.99,1116.83,421952,471312052.96,567
2026-03-12,INF740KA1WW5,MIDCAPADD,EQ,20.54,20.98,20.5,20.84,20.84,20.9,5962,123656.11,41
2026-03-12,INF740KA1WV7,MSCIADD,EQ,28.27,28.4,28.07,28.29,28.29,28.54,2916,82042.47,20
2026-03-12,INF740KA1VE5,NEXT30ADD,EQ,40.28,40.28,39.38,39.95,39.9,40.08,11022,437477.61,118
2026-03-12,INF740KA1XU7,NEXT50ADD,EQ,65.55,66.81,65.41,66.57,66.61,66.41,2297,151492.68,45
2026-03-12,INF740KA1WX3,SMALLADD,EQ,15.2,15.38,15.05,15.29,15.27,15.45,55257,839470.31,130
2026-03-12,INF740KA1UR9,TOP10ADD,EQ,88.84,88.85,87.52,87.72,88.3,88.84,496652,43698152.55,1508
2026-03-12,INE0LZO01015,DUCOL,SM,118.05,118.05,118.05,118.05,118.05,120.0,800,94440.0,1
2026-03-12,INE741L01018,DUCON,EQ,3.22,3.22,3.1,3.12,3.13,3.14,607109,1906741.08,514
2026-03-12,INE0OUW01013,DURLAX,SM,44.3,46.0,43.95,44.5,45.0,45.85,358000,16116100.0,88
2026-03-12,INE366A01041,DWARKESH,EQ,39.42,40.67,38.8,38.83,38.82,39.53,886527,34979361.24,4521
2026-03-12,INE417B01040,DSSL,EQ,909.9,940.0,887.4,907.6,908.35,911.5,43024,39618233.95,5237
2026-03-12,INE221B01012,DYNAMATECH,EQ,9919.0,9920.0,9500.0,9685.0,9600.0,9919.0,29994,289525165.0,11305
2026-03-12,INE600Y01019,DYCL,EQ,282.0,288.85,276.0,284.3,284.35,285.55,136862,38681453.65,4775
2026-03-12,INE0DZ701010,DYNAMIC,SM,102.8,106.75,102.8,106.7,106.7,106.75,4000,415325.0,5
2026-03-12,INE256H01015,DYNPRO,EQ,212.12,217.12,204.52,209.12,208.0,212.12,71280,14942138.4,1817
2026-03-12,INE0KFF01017,EFACTOR,SM,213.2,213.2,203.5,204.95,204.0,213.2,16800,3438980.0,18
2026-03-12,INE1CEJ01017,E2ERAIL,SM,175.2,181.2,174.55,176.5,174.55,176.8,24000,4283560.0,13
2026-03-12,INE255Z01019,E2E,BE,2351.0,2355.0,2253.8,2342.7,2335.0,2372.4,33826,78259827.7,2453
2026-03-12,INE07O001026,EASEMYTRIP,EQ,7.35,7.35,7.17,7.24,7.25,7.35,12814687,92877180.93,9554
2026-03-12,INE528S07110,888ECL28,N1,982.5,982.5,982.5,982.5,982.5,982.5,7,6877.5,1
2026-03-12,INE738I01010,ECLERX,EQ,3118.0,3209.0,3032.5,3151.8,3158.1,3114.4,85573,268136025.3,14841
2026-03-12,INE0VBS01016,ECOLINE,SM,125.1,125.1,125.1,125.1,125.1,125.4,1000,125100.0,1
2026-03-12,INE06HJ01020,ECOSMOBLTY,EQ,137.0,138.5,133.0,134.87,135.5,137.56,154033,20779908.87,3675
2026-03-12,INF754K01OB1,BBETF0432,EQ,1304.45,1319.35,1304.45,1319.18,1319.17,1311.0,1860,2451554.67,62
2026-03-12,INF754K01TE4,EBANKNIFTY,EQ,55.51,55.88,55.11,55.55,55.55,56.2,6023,334657.75,70
2026-03-12,INF754K01KO2,EBBETF0430,EQ,1560.38,1572.2,1560.38,1567.0,1566.04,1565.65,18088,28355341.67,545
2026-03-12,INF754K01LE1,EBBETF0431,EQ,1399.96,1403.44,1398.1,1401.98,1400.01,1402.63,7969,11156588.26,143
2026-03-12,INF754K01QX0,EBBETF0433,EQ,1279.64,1281.97,1272.4,1275.31,1272.4,1272.73,6057,7737986.06,245
2026-03-12,INF754K01TX4,ECAPINSURE,EQ,23.39,23.39,22.6,22.97,23.11,23.11,65695,1499581.03,496
2026-03-12,INF754K01SE6,EGOLD,EQ,159.6,160.3,158.9,159.8,159.35,159.95,139038,22210902.85,350
2026-03-12,INF754K01VW2,ELIQUID,EQ,1021.88,1021.88,1021.88,1021.88,1021.88,1021.75,1000,1021880.0,2
2026-03-12,INF754K01VV4,ELM250,EQ,15.69,16.09,15.3,15.59,16.09,15.61,535315,8335570.56,225
2026-03-12,INF754K01TF1,EMULTIMQ,EQ,39.4,39.95,38.45,39.13,39.95,39.39,56116,2189257.28,319
2026-03-12,INF754K01VX0,ENIFTY,EQ,23.7,23.86,23.53,23.68,23.66,23.92,2740,64968.17,36
2026-03-12,INF754K01VY8,ESENSEX,EQ,78.67,78.67,76.16,76.16,76.25,77.13,37,2827.56,11
2026-03-12,INF754K01SF3,ESILVER,EQ,255.64,267.5,255.64,265.29,267.0,262.3,674239,178421917.02,2539
2026-03-12,INE532F01054,EDELWEISS,EQ,105.25,110.39,105.0,108.09,108.0,108.65,3522743,379735587.37,31759
2026-03-12,INE886D01026,EFCIL,EQ,217.0,221.03,212.44,218.38,217.75,216.41,264372,57543606.41,6463
2026-03-12,INE0U9101019,EFFWA,SM,214.0,214.0,204.0,204.0,204.0,214.7,5600,1170880.0,14
2026-03-12,INE066A01021,EICHERMOT,EQ,7175.0,7227.5,6961.0,6975.5,6969.5,7253.5,1259945,8852196194.5,130426
2026-03-12,INE126A01031,EIDPARRY,EQ,804.0,819.0,791.1,810.35,809.0,810.1,201169,162932982.3,18812
2026-03-12,INE276C01014,EIHAHOTELS,EQ,312.0,322.15,310.05,315.75,313.1,313.1,21473,6765043.5,1199
2026-03-12,INE230A01023,EIHOTEL,EQ,318.0,333.95,313.35,331.8,331.0,320.05,708559,232444228.55,25783
2026-03-12,INE158B01016,EIMCOELECO,EQ,1545.9,1574.0,1515.6,1535.4,1529.0,1553.8,9837,15192246.5,1311
2026-03-12,INE668G01021,ELDEHSG,EQ,836.65,850.0,815.35,831.3,829.95,828.4,546,451619.4,52
2026-03-12,INE205B01031,ELECON,EQ,395.0,398.75,384.5,391.0,392.0,401.3,481045,188090802.05,18573
2026-03-12,INE0Q1W01012,EFORCE,SM,24.1,24.1,23.8,24.05,24.0,25.5,12000,288360.0,10
2026-03-12,INE02YR01019,EMIL,EQ,92.41,96.44,91.82,94.65,94.58,93.45,521579,49129594.44,6576
2026-03-12,INE086A01029,ELECTCAST,EQ,76.99,82.82,72.45,79.19,78.3,75.62,20819127,1630236464.99,95847
2026-03-12,INE822G01016,ELECTHERM,EQ,618.6,620.0,596.85,612.0,613.0,613.5,11126,6794052.15,773
2026-03-12,INE0R9101015,ELGNZ,SM,74.2,81.0,74.2,74.75,75.0,74.6,74000,5785700.0,48
2026-03-12,INE285A01027,ELGIEQUIP,EQ,493.15,497.85,478.0,490.65,489.3,501.1,497225,242698368.85,27281
2026-03-12,INE819L01012,ELGIRUBCO,EQ,40.5,41.59,40.0,40.95,41.34,41.16,19647,798555.67,381
2026-03-12,INE050401020,ELIN,EQ,118.12,122.0,116.22,117.67,117.75,119.92,334468,39818882.73,2392
2026-03-12,INE236E01022,ELLEN,EQ,228.5,241.0,213.88,217.05,215.0,228.53,587327,132971016.79,10416
2026-03-12,INE0ZOL01023,EMAPARTNER,SM,81.2,81.2,80.8,81.0,81.0,82.0,5000,404800.0,5
2026-03-12,INE548C01032,EMAMILTD,EQ,433.0,434.0,425.3,428.1,429.2,433.25,280897,120635224.55,16354
2026-03-12,INE830C01026,EMAMIPAP,EQ,75.5,76.65,74.26,75.05,75.0,75.77,46306,3489920.1,417
2026-03-12,INE778K01012,EMAMIREAL,EQ,61.0,61.45,57.81,58.14,58.03,59.45,42766,2518668.19,266
2026-03-12,INE069I01010,EMBDL,BE,54.75,55.24,54.0,54.08,54.07,55.01,1973304,107276646.17,7665
2026-03-12,INE041025011,EMBASSY,RR,421.0,442.99,415.31,431.05,436.25,422.28,817982,348051297.13,21793
2026-03-12,INE168P01015,EMCURE,EQ,1560.0,1560.0,1508.1,1514.2,1515.0,1560.1,157147,240082532.8,16657
2026-03-12,INE0RHD01013,ETML,SM,95.0,95.0,89.0,93.5,93.5,93.1,21600,2006040.0,10
2026-03-12,INE296H01011,EMKAY,EQ,220.98,222.1,215.61,219.2,218.0,219.79,24405,5309243.44,261
2026-03-12,INE332S01011,EMKAYTOOLS,SM,95.35,99.6,94.0,97.0,97.0,100.35,5850,560137.5,22
2026-03-12,INE0PXC01024,ETL,SM,910.0,910.0,905.0,905.0,905.0,880.0,300,272250.0,2
2026-03-12,INE753K01015,EMMBI,EQ,82.99,84.96,81.23,82.87,84.3,82.99,19712,1631962.04,93
2026-03-12,INE1C6T01020,EMMVEE,EQ,203.4,211.79,197.73,207.31,207.7,206.37,2365288,486315429.99,46836
2026-03-12,INE0OV601013,EMSLIMITED,EQ,316.85,328.7,298.0,304.6,304.0,311.4,2006429,619873393.8,42292
2026-03-12,INE01QM01018,EMUDHRA,EQ,421.5,435.8,411.0,432.75,431.0,418.5,132674,56290168.7,6645
2026-03-12,INE433T01015,ENCOMPAS,SM,255.5,262.95,254.05,257.0,254.05,262.65,7200,1857960.0,6
2026-03-12,INE913H01037,ENDURANCE,EQ,2450.0,2484.6,2403.5,2460.5,2467.8,2485.2,25318,62052612.2,7027
2026-03-12,INE306C01019,ENERGYDEV,EQ,15.3,15.85,14.85,15.1,15.0,15.3,29752,454619.65,261
2026-03-12,INE0S1L01013,EMMIL,SM,144.95,144.95,144.95,144.95,144.95,144.95,250,36237.5,1
2026-03-12,INE0S3X01014,ENFUSE,SM,183.0,196.0,180.0,180.95,180.0,196.0,11400,2081400.0,12
2026-03-12,INE510A01028,ENGINERSIN,EQ,198.2,204.8,194.4,200.69,200.68,199.02,3403841,681013897.99,36673
2026-03-12,INE0R9I01021,ENSER,SM,11.5,12.3,11.5,11.95,12.3,12.3,25000,294250.0,5
2026-03-12,INE010601016,ENTERO,EQ,1021.5,1035.0,986.5,1018.2,1019.9,1024.0,72435,73102344.1,5286
2026-03-12,INE265F01028,ENIL,EQ,105.6,107.39,105.5,106.79,105.62,105.79,13696,1455240.67,239
2026-03-12,INE0LLY01014,EIEL,EQ,156.28,170.0,151.74,159.98,160.19,153.08,24106180,3956524419.47,184881
2026-03-12,INE0SUH01015,ENVIRO,SM,97.7,105.0,97.6,101.0,101.0,95.55,45000,4474600.0,17
2026-03-12,INE0G5901015,EPACK,EQ,267.0,281.49,259.0,266.9,268.0,265.37,2916284,795637791.63,43617
2026-03-12,INE0MLS01022,EPACKPEB,EQ,159.0,163.79,155.3,161.76,162.94,160.03,287326,46189511.73,3880
2026-03-12,INE071N01016,EPIGRAL,EQ,870.0,909.0,852.1,882.1,888.0,875.9,54220,47811086.85,5885
2026-03-12,INE255A01020,EPL,EQ,195.65,198.32,189.93,192.89,192.2,195.12,730656,141641188.68,22208
2026-03-12,INE11HF01010,EEPL,SM,133.5,133.5,130.0,130.15,130.15,134.0,26000,3405800.0,18
2026-03-12,INE1KEC01023,EPWINDIA,SM,112.05,113.0,109.05,113.0,113.0,116.9,9600,1069380.0,8
2026-03-12,INE217G01035,EQUIPPP,BE,15.76,16.29,15.5,15.7,15.7,15.76,8514,134564.65,31
2026-03-12,INE063P01018,EQUITASBNK,EQ,58.0,58.01,56.28,56.75,56.8,58.16,3112069,176579365.54,21688
2026-03-12,INE406M01024,ERIS,EQ,1349.0,1359.0,1327.9,1351.6,1352.0,1349.3,40764,54803989.1,7018
2026-03-12,INE284A01012,ESABINDIA,EQ,5272.0,5351.5,5260.0,5326.0,5339.0,5335.5,781,4147245.5,379
2026-03-12,INE818W01011,ESAFSFB,EQ,25.1,25.27,24.64,24.79,24.75,24.98,545845,13615712.42,7473
2026-03-12,INE0RQZ01017,ESCONET,SM,122.9,124.0,121.0,121.8,121.05,120.05,69200,8488380.0,32
2026-03-12,INE042A01014,ESCORTS,EQ,3400.0,3400.0,3220.5,3229.8,3225.6,3396.6,154477,503913766.6,24067
2026-03-12,INE818W08164,1165ESFB32,N0,101000.0,102078.0,101000.0,102078.0,102078.0,100000.0,2,203078.0,2
2026-03-12,INE0SBP01018,ESPRIT,SM,66.0,66.0,66.0,66.0,66.0,65.5,1600,105600.0,1
2026-03-12,INE122M01019,ESSARSHPNG,EQ,24.88,25.37,24.36,24.88,25.05,25.26,207678,5178444.85,1202
2026-03-12,INE0ITO01014,ESFL,SM,154.0,157.0,153.1,154.75,155.0,155.2,35280,5452470.0,74
2026-03-12,INE778B01029,ESTER,EQ,95.75,97.39,93.51,95.93,95.25,96.93,68292,6539607.13,873
2026-03-12,INE758T01015,ETERNAL,EQ,220.25,223.85,213.06,221.17,220.9,223.8,65732459,14381731753.83,427631
2026-03-12,INE04TZ01018,ETHOSLTD,EQ,2172.0,2172.0,2095.0,2107.4,2108.0,2172.8,23206,49457490.2,5931
2026-03-12,INE0KCE01017,EUREKAFORB,EQ,446.95,448.0,431.2,445.2,445.2,443.5,364157,160543287.05,20022
2026-03-12,INE546V01010,EIFFL,EQ,233.07,233.07,228.1,228.54,228.12,230.57,13435,3097668.54,311
2026-03-12,INE505V01016,EUROBOND,EQ,161.79,162.0,152.5,155.88,152.5,160.35,10179,1583164.42,194
2026-03-12,INE198501012,EUROPRATIK,EQ,241.0,243.5,236.25,238.9,237.0,243.55,234848,56666023.1,2840
2026-03-12,INE022C01012,EUROTEXIND,BE,13.87,14.0,13.18,13.18,13.18,13.87,1428,19123.54,14
2026-03-12,INE128A01029,EVEREADY,EQ,313.95,321.45,308.75,313.1,314.0,315.25,37409,11839802.3,1415
2026-03-12,INE295A01018,EVERESTIND,EQ,389.95,389.95,370.1,372.4,374.0,375.35,9635,3607170.8,428
2026-03-12,INE184H01027,EKC,EQ,107.0,112.95,106.09,108.31,108.5,110.89,424986,46682312.45,5306
2026-03-12,INE369A01029,EXCELINDUS,EQ,908.95,909.7,880.1,883.65,883.0,902.35,5363,4774700.05,720
2026-03-12,INE688J01023,EXCEL,EQ,1.17,1.25,1.13,1.13,1.15,1.17,5650132,6600685.41,1566
2026-03-12,INE0Y4801011,EXCELLENT,ST,91.1,98.9,91.1,92.5,92.2,94.95,60800,5763360.0,32
2026-03-12,INE606N01019,EXCELSOFT,EQ,79.6,80.55,77.81,78.45,79.49,79.91,452837,35807027.26,3827
2026-03-12,INE777F01014,EXICOM,EQ,85.0,88.6,83.1,86.79,87.25,85.46,368986,31643760.28,4101
2026-03-12,INE302A01020,EXIDEIND,EQ,308.5,314.45,304.5,310.0,309.45,311.5,1465707,453707358.75,25957
2026-03-12,INE19I001020,EXIMROUTES,ST,167.95,168.8,167.5,168.8,168.8,160.85,8000,1346960.0,5
2026-03-12,INE201K01015,EXPLEOSOL,EQ,763.3,763.3,737.0,743.1,741.0,757.45,38560,28662750.8,1571
2026-03-12,INE0GFE01026,EXXARO,EQ,6.96,7.1,6.8,6.96,6.9,7.04,114255,791210.2,436
2026-03-12,INE0HF201011,FABTECH,EQ,150.52,156.9,145.53,149.89,148.4,150.44,364009,54906993.44,5975
2026-03-12,INE188A01015,FACT,EQ,840.05,877.0,830.0,845.1,856.5,884.9,3551351,3025143654.45,126081
2026-03-12,INE0DNW01011,FAIRCHEMOR,EQ,552.25,565.0,542.3,548.1,547.0,549.95,20855,11583261.05,1198
2026-03-12,INE0PQK01013,FALCONTECH,SM,16.25,16.25,14.85,15.75,16.25,15.6,21600,329340.0,18
2026-03-12,INE963C01033,FAZE3Q,BE,458.95,458.95,437.15,450.35,450.0,457.4,21759,9625960.2,296
2026-03-12,INE512B01022,FCSSOFT,EQ,1.48,1.52,1.46,1.47,1.48,1.49,1630465,2418863.23,1517
2026-03-12,INE258B01022,FDC,EQ,370.6,371.0,362.75,366.9,367.0,369.05,37198,13668731.3,2247
2026-03-12,INE007N01010,FEDFINA,EQ,127.0,130.0,124.06,128.23,127.76,128.3,535413,68480768.46,7978
2026-03-12,INE171A01029,FEDERALBNK,EQ,265.75,272.15,264.85,270.25,270.45,269.45,7972457,2150220179.0,101078
2026-03-12,INE529A01010,FMGOETZE,EQ,387.0,400.15,377.1,394.05,388.3,386.35,57088,22118396.0,1999
2026-03-12,INE901X01013,FELIX,SM,178.0,188.0,178.0,180.4,178.45,184.9,15500,2839550.0,29
2026-03-12,INE296C01020,FIBERWEB,BE,37.18,37.5,36.5,37.03,37.0,37.18,17988,667061.25,72
2026-03-12,INE0LQQ01019,FIDEL,SM,124.5,125.0,122.0,124.4,125.0,124.0,38000,4728000.0,24
2026-03-12,INE737H01014,FIEMIND,EQ,2105.1,2148.2,2045.0,2101.6,2105.0,2111.1,42983,90261488.0,7462
2026-03-12,INE185E01021,FILATFASH,EQ,0.2,0.2,0.18,0.18,0.19,0.19,93236904,17719061.06,4821
2026-03-12,INE816B01035,FILATEX,EQ,42.03,43.51,41.36,42.74,42.35,42.51,628962,26743080.24,3838
2026-03-12,INE0EDU01014,FINBUD,SM,87.65,99.0,87.65,98.75,99.0,87.65,38000,3575350.0,33
2026-03-12,INE686Y01026,FINEORG,EQ,4225.0,4388.0,4191.2,4335.7,4344.8,4277.1,10668,45941992.9,4075
2026-03-12,INE045J01034,FCL,EQ,22.4,22.8,21.98,22.5,22.49,22.53,1423881,31935492.48,4804
2026-03-12,INE734I01027,FINKURVE,EQ,57.65,61.15,55.96,59.99,59.14,59.29,184186,11033648.34,1668
2026-03-12,INE02NC01014,FINOPB,EQ,180.0,181.1,174.32,177.69,179.3,179.93,192309,34174309.35,3811
2026-03-12,INE235A01022,FINCABLES,EQ,885.0,904.95,869.05,894.45,892.05,887.85,451130,401979643.35,30931
2026-03-12,INE183A01024,FINPIPE,EQ,184.0,190.36,182.22,188.31,187.8,185.41,1033134,193477760.85,20549
2026-03-12,INE684F01012,FSL,EQ,218.0,225.34,213.1,222.06,222.0,218.0,1671380,370166811.54,34910
2026-03-12,INE771F01041,FISCHER,EQ,36.4,36.65,35.0,35.15,35.05,36.58,848814,30533986.86,1556
2026-03-12,INE128S01021,FIVESTAR,EQ,380.5,380.6,364.55,368.85,368.95,380.6,1761189,651872890.45,41766
2026-03-12,INE00Y201027,FLAIR,EQ,310.15,310.15,297.05,298.2,297.5,302.1,64954,19447305.9,2856
2026-03-12,INE060J01017,FLEXITUFF,EQ,7.13,7.26,6.9,6.93,6.91,7.01,18756,131235.73,93
2026-03-12,INE0VCK01011,FLYSBS,SM,372.2,409.8,372.2,401.75,395.0,391.75,115000,44331190.0,339
2026-03-12,INE0SQZ01015,FWSTC,SM,178.0,178.0,178.0,178.0,178.0,178.5,600,106800.0,1
2026-03-12,INE593W01028,FOCUS,EQ,66.1,68.12,65.45,67.03,67.78,66.78,115071,7675772.46,858
2026-03-12,INE0Q4701019,FONEBOX,SM,81.0,81.0,81.0,81.0,81.0,80.0,1000,81000.0,1
2026-03-12,INE976E01023,FOODSIN,EQ,55.72,61.02,55.1,58.25,58.5,56.77,281975,16512505.71,2845
2026-03-12,INE0U2501017,FORCAS,SM,105.0,105.0,102.0,102.0,102.0,105.0,11200,1167120.0,7
2026-03-12,INE451A01017,FORCEMOT,EQ,21510.0,21885.0,20920.0,21560.0,21550.0,21665.0,87019,1866094875.0,27566
2026-03-12,INE0YKW01013,FORGEAUTO,SM,76.0,83.0,76.0,83.0,83.0,80.0,7200,559200.0,4
2026-03-12,INE061F01013,FORTIS,EQ,874.0,875.05,852.0,859.5,864.0,881.2,2366155,2035075998.0,59160
2026-03-12,INE519A01011,FOSECOIND,EQ,5140.0,5189.5,5007.5,5074.5,5120.0,5114.5,2213,11276150.0,546
2026-03-12,INE212S01015,FRACTAL,EQ,834.95,860.0,833.75,847.1,844.5,842.65,658941,559593703.9,32151
2026-03-12,INE0SFW01015,FRESHARA,ST,187.0,190.0,185.0,188.0,188.0,187.0,25800,4877310.0,18
2026-03-12,INE385O01018,FROG,SM,139.75,139.75,135.6,135.6,135.6,135.35,15600,2146260.0,15
2026-03-12,INE388Y01029,NYKAA,EQ,249.05,250.1,243.55,244.95,245.05,251.7,3655162,897948069.5,30207
2026-03-12,INE12UR01024,UTLSOLAR,EQ,189.9,192.08,185.1,189.8,189.0,188.21,97472,18417966.07,2030
2026-03-12,INE139R01012,FUSION,EQ,169.25,169.75,163.68,167.6,167.97,170.68,401562,66940721.53,5160
2026-03-12,INE452O01016,FLFL,BZ,1.21,1.29,1.2,1.27,1.29,1.23,42305,53522.27,95
2026-03-12,INE623B01027,FEL,BZ,0.43,0.44,0.42,0.42,0.42,0.43,475718,203023.19,157
2026-03-12,IN9623B01058,FELDVR,BZ,2.91,2.91,2.75,2.75,2.75,2.89,5273,14533.73,28
2026-03-12,INE360L01017,FMNL,EQ,8.76,8.76,8.17,8.26,8.43,8.42,20635,172521.69,114
2026-03-12,INE075D01018,GMBREW,EQ,1001.0,1014.6,990.0,1000.65,1003.0,1009.9,46765,46806820.05,3782
2026-03-12,INE201P01022,GRINFRA,EQ,919.0,935.2,912.2,921.5,919.0,925.35,11700,10810177.85,1560
2026-03-12,INE586X01012,GTECJAINX,EQ,21.05,21.47,20.21,20.39,20.21,21.05,1517,31320.22,28
2026-03-12,INE524A01029,GABRIEL,EQ,875.0,893.4,866.8,879.8,884.0,884.1,182402,160568254.9,11837
2026-03-12,INE224E01028,GATECH,EQ,0.49,0.5,0.48,0.48,0.49,0.48,2784419,1346922.83,771
2026-03-12,INE224E01036,GATECHDVR,EQ,0.45,0.46,0.44,0.44,0.45,0.44,829814,369355.5,217
2026-03-12,INE129A01019,GAIL,EQ,147.0,153.93,144.67,152.35,152.5,147.97,16072499,2430810138.38,99627
2026-03-12,INE0QTE01018,GAJANAND,SM,7.95,7.95,7.95,7.95,7.95,8.0,3000,23850.0,1
2026-03-12,INE0RE001014,GALAPREC,EQ,721.0,758.0,721.0,749.0,746.0,733.95,12885,9537596.15,582
2026-03-12,INE09A801015,GML,ST,15.2,15.6,15.2,15.6,15.6,15.7,10000,152800.0,2
2026-03-12,INE600K01018,GALAXYSURF,EQ,1853.7,1869.0,1825.4,1852.8,1864.8,1872.6,10966,20283237.1,2249
2026-03-12,INE297H01019,GALLANTT,EQ,520.5,584.0,513.0,551.65,551.45,522.85,614916,345773102.0,28491
2026-03-12,INE717W01049,GANDHAR,EQ,131.21,132.45,127.7,129.96,130.82,130.16,166498,21641131.89,3122
2026-03-12,INE524B01027,GANDHITUBE,EQ,780.0,815.0,769.2,771.35,770.0,783.1,14743,11670718.0,1243
2026-03-12,INE388A01029,GANESHBE,EQ,77.0,78.99,76.25,78.18,78.99,78.02,117197,9108088.03,1030
2026-03-12,INE652V01016,GANESHCP,EQ,169.5,171.42,165.66,169.69,170.32,170.1,51854,8751381.56,1166
2026-03-12,INE0R8C01018,GGBL,SM,275.9,276.45,273.6,274.2,276.45,276.5,6600,1812585.0,20
2026-03-12,INE460C01014,GANESHHOU,EQ,624.0,651.15,620.0,634.65,640.0,625.8,68381,43479200.4,3677
2026-03-12,INE0TVT01024,GANESHIN,SM,77.0,81.9,75.0,81.3,81.8,78.25,100800,8022560.0,87
2026-03-12,INE845D01014,GANECOS,EQ,747.95,775.45,747.95,768.2,773.95,759.35,90949,69485969.05,4570
2026-03-12,INE0ZI101018,GANGABATH,SM,17.0,17.1,16.1,16.15,16.15,16.85,27000,445350.0,9
2026-03-12,INE691Z01023,GANGAFORGE,EQ,2.93,2.93,2.8,2.88,2.89,2.85,169652,489689.83,265
2026-03-12,INE335W01016,GANGESSECU,EQ,117.41,124.1,117.16,119.98,119.98,119.34,4696,556397.34,339
2026-03-12,INE382Z01011,GRSE,EQ,2418.0,2439.1,2391.7,2423.8,2431.0,2449.1,588730,1422140598.7,37745
2026-03-12,INE0JVO01026,GARUDA,EQ,166.27,170.15,163.45,166.96,166.88,168.8,375729,62687535.09,7749
2026-03-12,INE291A01017,GRWRHITECH,EQ,3969.9,4215.1,3876.8,4078.8,4048.2,3986.7,42298,171966044.8,8117
2026-03-12,INE276A01018,GARFIBRES,EQ,616.1,621.0,602.35,605.15,610.5,624.45,63648,38848242.25,7579
2026-03-12,INE079J01017,GATEWAY,EQ,55.71,56.39,54.81,55.46,55.3,55.94,959256,53213267.05,7316
2026-03-12,INE0P8B01020,GAUDIUMIVF,BE,79.1,83.0,77.77,80.87,81.0,81.09,317932,25685614.82,2247
2026-03-12,INE287Z01012,GAYAHWS,EQ,2.4,2.49,2.28,2.28,2.28,2.39,349113,822147.57,437
2026-03-12,INE878A01011,GVPIL,BE,452.0,474.0,450.8,465.6,464.25,462.8,73285,33899855.3,1264
2026-03-12,INE200A01026,GVT&D,EQ,3790.0,3822.9,3730.2,3749.8,3748.0,3784.1,579036,2174345575.8,66840
2026-03-12,INE916G01016,GEECEE,EQ,261.3,269.8,259.65,262.65,265.0,269.3,3913,1027007.45,188
2026-03-12,INE669X01032,GEEKAYWIRE,EQ,20.57,22.22,20.57,20.89,20.95,21.42,421836,9092864.17,972
2026-03-12,INE06XZ01023,GEMAROMA,BE,184.85,184.85,176.82,176.82,176.82,186.12,55652,9852106.78,517
2026-03-12,INE481Y01014,GICRE,EQ,364.0,372.5,360.2,369.3,369.5,366.15,168333,61927754.15,9272
2026-03-12,INE854S01022,GENCON,EQ,45.3,45.3,43.35,43.38,43.35,43.5,97045,4220682.78,516
2026-03-12,INE727B01026,GENESYS,EQ,276.0,282.0,267.3,271.3,271.5,279.85,861741,236150840.95,14819
2026-03-12,INE949P01018,GENUSPAPER,EQ,11.56,11.96,11.43,11.77,11.85,11.71,72531,849034.35,183
2026-03-12,INE955D01029,GENUSPOWER,EQ,252.0,259.0,246.25,255.85,255.5,253.15,275603,70146254.5,9212
2026-03-12,INE007B01023,GEOJITFSL,EQ,59.1,60.35,58.6,59.53,59.35,59.87,470795,28018411.35,3148
2026-03-12,INE538A01037,GFLLIMITED,EQ,43.02,46.99,43.02,46.15,45.25,44.59,214511,9824935.11,1424
2026-03-12,INE539A01019,GHCL,EQ,455.0,474.0,450.0,463.4,465.0,456.65,104840,48183824.65,3473
2026-03-12,INE0PA801013,GHCLTEXTIL,EQ,73.0,74.0,71.2,72.94,72.5,73.43,366984,26482432.27,3026
2026-03-12,INE289B01019,GICHSGFIN,EQ,146.5,147.4,144.0,146.23,146.71,146.42,62601,9128011.91,1389
2026-03-12,INE047B01011,GILLANDERS,EQ,80.01,85.27,77.0,82.58,83.58,82.74,37605,3001341.12,310
2026-03-12,INE322A01010,GILLETTE,EQ,7979.0,8015.5,7840.0,7991.5,7999.0,7979.0,14045,111511019.5,4608
2026-03-12,INE424C01010,GINNIFILA,EQ,37.3,39.4,34.22,37.34,37.38,35.83,111663,4149252.6,1539
2026-03-12,INE614Z01017,GIRIRAJ,ST,148.0,148.0,140.0,144.7,147.4,141.5,1250,181287.5,5
2026-03-12,INE1AG301022,GKENERGY,EQ,112.0,112.62,107.1,108.07,108.0,110.58,540041,59175711.68,5914
2026-03-12,INE528A01020,GKWLIMITED,EQ,1615.0,1649.9,1578.5,1649.9,1649.9,1650.4,1154,1840697.5,65
2026-03-12,INE068V01023,GLAND,EQ,1669.9,1699.9,1638.3,1655.3,1653.0,1667.0,173345,286213005.0,11192
2026-03-12,INE159A01016,GLAXO,EQ,2486.0,2519.4,2436.8,2504.4,2504.9,2486.0,47013,116910492.2,12591
2026-03-12,INE935A01035,GLENMARK,EQ,2273.2,2273.2,2215.4,2256.4,2259.9,2272.7,996025,2233907259.6,62369
2026-03-12,INE291W01037,GLOBAL,EQ,103.5,107.0,102.22,103.52,102.88,105.06,129979,13504644.12,902
2026-03-12,INE474Q01031,MEDANTA,EQ,1090.0,1106.1,1066.1,1103.2,1101.1,1101.2,94718,103506754.2,16189
2026-03-12,INE0PS501019,GLOBALPET,SM,110.0,115.05,107.0,107.5,107.0,108.5,18750,2093287.5,12
2026-03-12,INE0JSX01015,GSLSU,EQ,75.49,75.49,69.65,70.19,69.65,73.31,59295,4200014.45,619
2026-03-12,INE792H01019,GLOBALVECT,EQ,164.45,164.45,161.0,163.42,164.0,164.45,18474,3020536.88,226
2026-03-12,INE0URU01010,GLOBALE,EQ,10.77,11.39,10.3,10.76,10.69,10.77,1133,12257.26,66
2026-03-12,INE0V3U01015,GLOBECIVIL,EQ,48.95,48.95,44.81,46.5,46.01,46.5,116289,5399967.2,1616
2026-03-12,INE581X01021,GLOBE,EQ,2.63,2.63,2.5,2.52,2.53,2.59,1485796,3739966.37,531
2026-03-12,INE947T01022,GICL,BE,46.35,46.35,42.53,43.49,44.45,44.61,72120,3115847.88,49
2026-03-12,INE00WS01056,GSTL,ST,30.85,30.85,30.6,30.8,30.8,30.25,129000,3965450.0,52
2026-03-12,INE615I01010,GLOBUSSPR,EQ,851.2,864.95,831.0,837.4,840.0,853.45,59310,50130618.05,4560
2026-03-12,INE350Z01018,GLOSTERLTD,EQ,547.9,550.6,545.0,548.55,548.0,547.85,245,134328.75,36
2026-03-12,INE0TQE01026,GLOTTIS,EQ,43.84,45.79,42.84,45.0,44.99,44.06,170519,7532532.78,1769
2026-03-12,INE541A01023,GMMPFAUDLR,EQ,869.7,905.0,854.55,890.75,883.1,869.7,149975,132335235.75,15892
2026-03-12,INE776C01039,GMRAIRPORT,EQ,93.01,95.08,92.08,93.29,93.3,93.79,17490118,1636027989.06,67103
2026-03-12,INE0CU601026,GMRP&UI,EQ,105.01,109.88,103.94,107.69,107.6,106.71,1335687,143007622.45,15482
2026-03-12,INE934S01014,GNA,EQ,430.0,430.0,408.05,415.95,414.2,421.1,54085,22418192.45,2584
2026-03-12,INE18JU01028,EBGNG,EQ,365.55,392.5,364.0,388.3,388.0,374.25,489343,189211598.6,7125
2026-03-12,INE03JT01014,GODIGIT,EQ,335.0,346.65,330.0,344.5,343.0,334.25,1013669,345786662.5,40007
2026-03-12,INE0BJS01011,GOCOLORS,EQ,280.0,281.95,268.2,274.0,272.5,280.65,285872,79159718.6,9581
2026-03-12,INE426D01013,GOACARBON,EQ,327.0,332.3,322.15,327.1,327.0,329.95,14113,4613572.75,739
2026-03-12,INE077F01035,GOCLCORP,EQ,251.5,256.8,245.8,251.5,255.0,252.2,36743,9196493.75,1885
2026-03-12,INE497S01012,GODAVARIB,EQ,295.05,295.7,286.4,288.7,288.1,295.05,207340,60204205.95,5640
2026-03-12,INE177H01039,GPIL,EQ,253.75,268.0,247.0,264.7,264.0,253.75,3083671,801491648.25,49786
2026-03-12,INE260B01028,GODFRYPHLP,EQ,2113.6,2113.6,2048.4,2091.6,2090.0,2122.8,292687,608976159.9,23550
2026-03-12,INE850D01014,GODREJAGRO,EQ,595.0,597.0,585.2,586.55,586.05,600.35,89084,52618282.1,5580
2026-03-12,INE102D01028,GODREJCP,EQ,1096.2,1096.2,1045.1,1052.3,1046.8,1091.4,6037448,6382328808.9,92545
2026-03-12,INE233A01035,GODREJIND,EQ,885.0,909.45,869.4,892.85,888.0,888.6,72863,64894991.85,5769
2026-03-12,INE484J01027,GODREJPROP,EQ,1638.9,1649.6,1600.6,1616.3,1612.2,1651.1,762875,1237122337.1,30556
2026-03-12,IN0020240175,698GR2054,GS,94.2,94.5,94.2,94.48,94.35,94.25,1745,164475.9,6
2026-03-12,IN0020240142,709GS2074,GS,97.0,97.0,96.3,96.36,96.89,96.9,40346,3888676.75,38
2026-03-12,IN0020210012,563GS2026,GS,102.2,102.2,102.19,102.19,102.19,102.17,850,86865.5,3
2026-03-12,IN0020210186,574GS2026,GS,101.5,101.5,101.5,101.5,101.5,101.18,300,30450.0,1
2026-03-12,IN0020250034,591GS2028,GS,100.06,100.06,100.06,100.06,100.06,101.85,100,10006.0,1
2026-03-12,IN0020250067,601GS2030,GS,98.36,99.8,98.36,98.36,98.36,99.89,1300,128076.0,4
2026-03-12,IN0020210095,610GS2031,GS,99.8,99.8,97.8,99.0,99.0,100.0,944,94149.6,3
2026-03-12,IN0020250059,628GS2032,GS,101.0,101.0,101.0,101.0,101.0,101.0,100,10100.0,2
2026-03-12,IN0020250026,633GS2035,GS,98.31,98.31,98.31,98.31,98.31,100.49,500,49155.0,1
2026-03-12,IN0020250141,636GS2031,GS,101.0,101.0,101.0,101.0,101.0,101.0,280,28280.0,3
2026-03-12,IN0020250091,648GS2035,GS,99.46,101.3,99.46,100.8,100.8,100.99,1012,101881.6,9
2026-03-12,IN0020210244,654GS2032,GS,100.25,100.65,100.11,100.11,100.11,100.11,63000,6309206.36,20
2026-03-12,IN0020210152,667GS2035,GS,100.89,100.89,100.89,100.89,100.89,100.9,3300,332937.0,2
2026-03-12,IN0020200252,667GS2050,GS,93.0,93.5,93.0,93.0,93.0,93.5,340,31624.11,6
2026-03-12,IN0020250042,668GS2040,GS,98.0,98.0,97.7,97.9,97.9,98.0,10615,1039514.1,6
2026-03-12,IN0020200401,676GS2061,GS,92.5,92.5,91.0,91.5,91.5,92.5,6742,617195.4,21
2026-03-12,IN0020200187,68GS2060,GS,93.89,93.89,93.89,93.89,93.89,93.89,1,93.89,1
2026-03-12,IN0020250018,690GS2065,GS,95.99,95.99,94.71,95.4,95.4,95.56,45861,4370459.11,21
2026-03-12,IN0020210202,695GS2061,GS,94.6,95.5,94.6,95.5,95.5,95.5,160,15279.1,2
2026-03-12,IN0020230028,699GS2026,GS,102.59,102.95,102.26,102.95,102.95,102.33,1052,107776.9,4
2026-03-12,IN0020210194,699GS2051,GS,97.45,97.45,97.45,97.45,97.45,96.36,2800,272860.0,3
2026-03-12,IN0020240043,702GS2027,GS,102.76,102.76,102.76,102.76,102.76,103.0,975,100191.0,3
2026-03-12,IN0020240050,704GS2029,GS,103.66,103.66,103.66,103.66,103.66,104.69,200,20732.0,1
2026-03-12,IN0020230010,706GS2028,GS,104.3,104.3,104.3,104.3,104.3,104.16,200,20860.0,1
2026-03-12,IN0020240118,709GS2054,GS,97.95,97.95,96.31,97.38,97.5,97.52,1117,108676.43,10
2026-03-12,IN0020230077,718GS2037,GS,103.15,103.56,103.15,103.5,103.56,103.4,519556,53686860.56,8
2026-03-12,IN0020240027,723GS2039,GS,104.0,104.0,104.0,104.0,104.0,104.0,500,52000.0,1
2026-03-12,IN0020250075,724GS2055,GS,98.93,98.93,98.28,98.31,98.28,98.98,7453,733817.0,24
2026-03-12,IN0020230044,725GS2063,GS,98.95,98.95,98.22,98.51,98.56,98.8,224093,22058396.13,106
2026-03-12,IN0020220060,726GS2032,GS,103.3,103.3,103.24,103.28,103.3,103.46,5500,568092.75,6
2026-03-12,IN0020230051,73GS2053,GS,100.39,100.39,100.01,100.03,100.05,100.39,2763,276436.0,12
2026-03-12,IN0020240035,734GS2064,GS,100.6,100.8,100.6,100.8,100.8,100.81,35300,3554169.0,21
2026-03-12,IN0020220094,74GS2062,GS,103.99,103.99,103.5,103.5,103.5,103.61,7004,725624.49,14
2026-03-12,IN0020220102,741GS2036,GS,105.51,105.51,105.01,105.01,105.01,105.5,21437,2251260.87,3
2026-03-12,IN0020250117,743GS2076,GS,100.39,101.0,100.39,100.75,100.75,100.39,3365,338815.0,7
2026-03-12,IN0020230127,746GS2073,GS,101.7,102.24,101.4,101.98,101.98,102.11,12747,1300252.34,10
2026-03-12,IN0020220029,754GS2036,GS,107.65,107.79,107.5,107.63,107.55,107.7,298459,32128834.67,107
2026-03-12,IN0020010081,1018GS2026,GS,104.52,104.52,101.2,102.0,102.0,104.52,4737,483523.55,18
2026-03-12,IN0020200096,619GS2034,GS,98.51,98.7,98.51,98.7,98.7,99.5,200,19714.0,4
2026-03-12,IN0020160068,706GS2046,GS,99.28,100.5,99.28,100.5,100.5,100.0,8300,833788.0,6
2026-03-12,IN0020220011,710GS2029,GS,104.71,104.95,104.71,104.84,104.84,105.85,9100,953669.65,15
2026-03-12,IN0020200054,716GS2050,GS,101.5,101.5,101.5,101.5,101.5,101.5,822,83433.0,3
2026-03-12,IN0020200039,719GS2060,GS,100.0,104.9,100.0,104.9,104.9,100.0,59500,6234200.0,3
2026-03-12,IN0020220037,738GS2027,GS,103.17,103.35,103.02,103.22,103.23,103.69,357434,36897788.57,40
2026-03-12,IN0020150077,772GS2055,GS,107.35,107.35,106.0,106.0,106.0,105.5,9103,968544.01,22
2026-03-12,IN0020060078,824GS2027,GS,104.85,104.85,104.85,104.85,104.85,104.95,1,104.85,1
2026-03-12,IN0020060086,828GS2032,GS,107.11,107.11,107.1,107.1,107.1,107.0,2500,267760.5,5
2026-03-12,IN0020100031,83GS2040,GS,111.6,111.6,111.6,111.6,111.6,110.0,1,111.6,1
2026-03-12,IN0020120039,833GS2026,GS,102.35,102.35,102.34,102.34,102.34,101.21,100,10234.99,2
2026-03-12,IN0020110055,897GS2030,GS,112.0,112.0,112.0,112.0,112.0,112.85,980,109760.0,1
2026-03-12,IN0020130053,92GS2030,GS,115.1,115.34,114.99,115.34,115.34,115.2,80851,9298130.9,20
2026-03-12,IN002025Y404,182D090726,TB,98.0,98.0,98.0,98.0,98.0,97.4,10000,980000.0,5
2026-03-12,IN002025Y370,182D110626,TB,98.64,98.64,98.64,98.64,98.64,97.45,5000,493200.0,1
2026-03-12,IN002025Y339,182D140526,TB,98.8,98.8,98.8,98.8,98.8,98.8,200,19760.0,1
2026-03-12,IN002025Y412,182D170726,TB,97.87,97.87,97.87,97.87,97.87,97.8,500,48935.0,1
2026-03-12,IN002025Y388,182D180626,TB,98.53,98.53,98.53,98.53,98.53,98.06,2000,197060.0,1
2026-03-12,IN002025Y255,182D190326,TB,99.85,99.85,99.85,99.85,99.85,99.43,200,19970.0,2
2026-03-12,IN002025Y347,182D210526,TB,98.49,98.94,98.48,98.7,98.94,98.75,9000,888404.0,11
2026-03-12,IN002025Y461,182D210826,TB,97.3,97.3,97.3,97.3,97.3,97.25,100,9730.0,1
2026-03-12,IN002025Y396,182D260626,TB,98.41,98.41,98.41,98.41,98.41,98.05,5000,492050.0,1
2026-03-12,IN002025Y479,182D270826,TB,97.26,97.26,97.26,97.26,97.26,97.25,100,9726.0,1
2026-03-12,IN002025Z484,364D040327,TB,94.36,94.36,94.36,94.36,94.36,94.32,100,9436.0,1
2026-03-12,IN002025Z476,364D250227,TB,94.36,94.46,94.36,94.46,94.46,94.73,400,37764.0,2
2026-03-12,IN002025X489,91D040626,TB,98.27,98.27,98.27,98.27,98.27,98.72,100,9827.0,1
2026-03-12,IN002025X455,91D140526,TB,98.76,98.97,98.76,98.97,98.97,98.97,4500,444563.0,6
2026-03-12,IN002025X463,91D220526,TB,98.88,98.88,98.88,98.88,98.88,98.7,100,9888.0,1
2026-03-12,IN002025X422,91D230426,TB,99.16,99.16,99.15,99.15,99.15,99.15,1500,148726.0,2
2026-03-12,IN002025X398,91D270326,TB,99.7,99.7,99.7,99.7,99.7,99.55,100,9970.0,1
2026-03-12,IN002025X471,91D280526,TB,98.47,98.47,98.47,98.47,98.47,98.76,100,9847.0,1
2026-03-12,INE887G01027,GOKEX,EQ,602.0,615.9,597.95,602.9,606.95,611.75,611438,369797368.0,21094
2026-03-12,INE314T01033,GOKULAGRO,EQ,160.16,163.75,158.03,160.3,159.55,162.6,195491,31497540.96,3036
2026-03-12,INE020J01029,GOKUL,EQ,41.92,41.92,41.03,41.22,41.03,41.78,26450,1097660.16,317
2026-03-12,INE973A01010,GOLDENTOBC,BZ,27.5,28.52,27.45,27.45,27.45,28.55,1659,45766.41,40
2026-03-12,INE025B01025,GOLDIAM,EQ,313.05,317.25,303.9,312.0,311.0,313.1,511543,158797375.1,7921
2026-03-12,INE06MH01016,GOLDKART,SM,245.0,246.0,245.0,246.0,246.0,247.5,11875,2912500.0,19
2026-03-12,INE405Y01021,GOLDSTAR,ST,7.8,7.8,7.8,7.8,7.8,8.2,11250,87750.0,1
2026-03-12,INE127I01024,GOODLUCK,EQ,1035.9,1062.4,1022.1,1054.4,1055.0,1038.7,66235,69360120.0,4284
2026-03-12,INE0L9R01028,GOPAL,EQ,280.25,299.9,276.6,281.9,280.95,281.25,371823,107281019.55,5782
2026-03-12,INE705X01026,GOYALALUM,BE,6.41,6.41,6.12,6.21,6.2,6.44,72446,455782.87,298
2026-03-12,INE0QFE01017,GOYALSALT,SM,112.0,115.0,109.0,110.05,110.05,115.05,8400,937590.0,14
2026-03-12,INE0S7E01015,GPECO,SM,326.0,332.7,323.2,329.6,329.0,336.0,8400,2746670.0,26
2026-03-12,INE586G01017,GULFPETRO,EQ,30.35,31.75,30.35,31.47,31.6,30.42,48780,1522966.04,701
2026-03-12,INE486R01017,GPTHEALTH,EQ,124.0,127.49,123.39,127.03,127.2,124.6,129145,16278630.9,2812
2026-03-12,INE390G01014,GPTINFRA,EQ,108.8,108.99,105.15,106.9,106.5,108.15,177732,18985495.62,2154
2026-03-12,INE12E301017,GCHOTELS,SM,99.0,99.5,92.3,95.35,92.3,99.4,44400,4324800.0,65
2026-03-12,INE101D01020,GRANULES,EQ,586.2,591.45,572.2,586.75,585.0,586.2,568573,331194974.4,21654
2026-03-12,INE0POU01017,GRAPHISAD,ST,31.5,31.5,31.0,31.0,31.0,31.55,42000,1302600.0,2
2026-03-12,INE371A01025,GRAPHITE,EQ,644.4,662.65,628.0,645.7,648.0,648.95,1025588,662232012.6,26109
2026-03-12,INE047A01021,GRASIM,EQ,2711.2,2727.4,2660.6,2673.1,2675.0,2735.6,952036,2559252637.0,57049
2026-03-12,INE024L01027,GRAVITA,EQ,1505.0,1518.0,1468.0,1503.2,1500.0,1505.3,204548,305235211.5,13964
2026-03-12,INE224A01026,GREAVESCOT,EQ,144.38,149.2,142.06,143.32,142.99,144.38,1600277,231773321.76,13117
2026-03-12,INE0O7P01015,GREENCHEF,SM,51.8,54.4,50.05,52.15,52.45,50.1,24000,1260040.0,29
2026-03-12,INE544R01021,GREENLAM,EQ,226.0,227.0,221.12,223.4,221.2,227.21,9215,2071492.23,387
2026-03-12,INE0PLX01017,GREENLEAF,SM,92.45,94.0,90.6,90.6,90.6,92.0,9000,833400.0,5
2026-03-12,INE08ZM01014,GREENPANEL,EQ,197.0,210.64,190.1,205.29,205.0,194.88,281910,57563108.3,7196
2026-03-12,INE461C01038,GREENPLY,EQ,201.99,203.0,196.01,197.8,199.0,201.99,159764,31695965.29,2718
2026-03-12,INE199P01028,GCSL,BE,365.0,365.0,365.0,365.0,365.0,365.9,26,9490.0,3
2026-03-12,INE985P01012,GRETEX,SM,248.25,248.4,248.2,248.4,248.4,245.0,40500,10056712.5,7
2026-03-12,INE0PC901019,BIRDYS,SM,110.25,110.25,110.25,110.25,110.25,112.0,1200,132300.0,1
2026-03-12,INE536A01023,GRINDWELL,EQ,1512.4,1512.4,1470.2,1488.0,1490.6,1514.6,19181,28466177.7,3366
2026-03-12,INE192H01020,GRMOVER,EQ,157.67,158.0,153.92,157.31,157.65,157.29,2464131,382482470.81,6125
2026-03-12,INE1TY801010,GJL,ST,216.75,216.75,216.75,216.75,216.75,206.45,1600,346800.0,1
2026-03-12,INF666M01MM4,GROWWCAPM,EQ,9.55,9.69,9.41,9.55,9.56,9.61,283228,2690063.52,731
2026-03-12,INF666M01NP5,GROWWCHEM,EQ,26.8,27.13,26.47,27.05,26.92,26.97,13680,367695.37,186
2026-03-12,INF666M01IO8,GROWWDEFNC,EQ,82.98,82.98,81.04,82.44,82.98,82.61,288232,23604790.2,2814
2026-03-12,INF666M01IH2,GROWWEV,EQ,28.64,28.84,27.99,28.23,28.31,28.66,281432,7933345.46,2391
2026-03-12,INF666M01OE7,GROWWGOLD,EQ,15.63,15.68,15.56,15.64,15.67,15.67,3084512,48160883.51,6682
2026-03-12,INF666M01OD9,GROWWHOSPI,EQ,48.75,48.87,46.8,46.97,47.08,47.78,120829,5682042.54,1093
2026-03-12,INF666M01IP5,GROWWLIQID,EQ,108.16,108.19,108.16,108.18,108.18,108.16,237889,25735272.2,219
2026-03-12,INF666M01LB9,GROWWLOVOL,EQ,10.23,10.29,10.01,10.1,10.13,10.2,36587,367663.35,192
2026-03-12,INF666M01MV5,GROWWMC150,EQ,208.01,209.6,205.0,208.61,208.5,209.64,2672,553622.51,59
2026-03-12,INF666M01NI0,GROWWMETAL,EQ,11.27,11.29,11.0,11.24,11.19,11.22,705102,7855015.49,2127
2026-03-12,INF666M01KJ4,GROWWMOM50,EQ,9.94,10.15,9.76,9.84,9.83,9.96,229451,2254055.01,867
2026-03-12,INF666M01JV1,GROWWN200,EQ,10.88,10.95,10.57,10.81,10.76,10.85,90978,982320.3,443
2026-03-12,INF666M01LI4,GROWWNET,EQ,8.33,8.36,8.04,8.2,8.21,8.28,457701,3738497.84,801
2026-03-12,INF666M01LL8,GROWWNIFTY,EQ,9.69,9.85,9.48,9.58,9.84,9.61,643732,6138833.94,2409
2026-03-12,INF666M01LZ8,GROWWNXT50,EQ,66.31,66.85,65.47,66.61,66.5,66.68,6990,462512.84,150
2026-03-12,INF666M01LM6,GROWWPOWER,EQ,10.33,10.7,10.13,10.66,10.7,10.39,5296531,55665168.31,2152
2026-03-12,INF666M01NQ3,GROWWPSE,EQ,100.03,103.49,99.0,103.47,103.0,101.87,4942,505995.74,122
2026-03-12,INF666M01JJ6,GROWWRAIL,EQ,30.69,31.04,30.03,30.74,30.86,30.7,453177,13848816.1,2748
2026-03-12,INF666M01MN2,GROWWRLTY,EQ,8.25,8.25,8.0,8.08,8.2,8.21,448505,3620447.78,873
2026-03-12,INF666M01MO0,GROWWSC250,EQ,8.9,8.9,8.67,8.78,8.87,8.86,168150,1472682.54,637
2026-03-12,INF666M01OF4,GROWWSLVR,EQ,25.3,26.04,25.19,25.95,25.98,25.77,4973457,128063796.39,6907
2026-03-12,INE137I01015,GRPLTD,EQ,1722.6,1849.9,1688.1,1807.9,1800.9,1713.6,3015,5340056.6,510
2026-03-12,INE0SQY01018,GSMFOILS,SM,203.75,207.75,200.1,207.0,207.0,203.95,12000,2458050.0,23
2026-03-12,INE871H01011,GSS,EQ,12.8,12.8,11.9,11.98,12.0,12.31,119622,1440170.97,600
2026-03-12,INE221H01019,GTLINFRA,EQ,1.09,1.1,1.08,1.08,1.1,1.09,22248315,24255424.24,10455
2026-03-12,INE043A01012,GTL,EQ,6.87,6.93,6.77,6.79,6.82,6.85,155901,1062625.39,566
2026-03-12,INE869I01013,GTPL,EQ,62.6,64.0,59.48,60.11,60.5,63.55,518873,32717561.87,1950
2026-03-12,INE742B01025,GUFICBIO,EQ,289.6,289.6,282.35,287.4,289.0,289.3,59454,17043236.95,3168
2026-03-12,INE162A01010,GIPCL,EQ,130.2,137.7,129.5,136.97,137.25,131.86,790958,106632296.4,7240
2026-03-12,INE113A01013,GNFC,EQ,422.0,443.45,415.65,433.0,432.05,425.15,354187,152242212.65,18748
2026-03-12,INE026A01025,GSFC,EQ,159.91,161.52,156.25,159.46,159.38,160.89,1687799,268197505.15,29991
2026-03-12,INE826C01016,GUJAPOLLO,EQ,399.0,410.75,395.0,403.65,408.0,399.95,12881,5174662.75,757
2026-03-12,INE186A01019,GUJALKALI,EQ,444.05,449.05,437.5,440.95,440.0,445.2,42877,18945188.45,1687
2026-03-12,INE036B01030,GAEL,EQ,129.67,132.4,127.46,130.37,131.4,132.42,532811,69208299.64,13449
2026-03-12,INE09N301011,FLUOROCHEM,EQ,3207.1,3212.8,3164.4,3185.3,3189.0,3245.6,48527,154685700.1,7811
2026-03-12,INE844O01030,GUJGASLTD,EQ,396.6,432.0,383.2,388.4,386.5,391.0,20313788,8336253901.6,296135
2026-03-12,INE0V0W01025,GKSL,EQ,107.94,107.94,105.6,106.66,105.8,106.8,280947,29922802.95,1954
2026-03-12,INE540A01017,GLFL,BE,4.48,4.48,4.48,4.48,4.48,4.27,363,1626.24,4
2026-03-12,INE131A01031,GMDCLTD,EQ,539.6,562.65,531.7,555.5,556.85,542.35,2137993,1178533624.35,46180
2026-03-12,INE517F01014,GPPL,EQ,160.25,160.82,156.25,159.42,159.0,159.68,1022567,162148377.47,18623
2026-03-12,INE610B01024,GUJRAFFIA,EQ,39.4,39.4,36.47,37.08,36.48,37.72,6000,227225.53,94
2026-03-12,INE246F01010,GSPL,EQ,285.0,311.4,277.1,278.8,279.5,285.15,5944164,1753824530.85,131289
2026-03-12,INE942C01045,GUJTHEM,EQ,289.1,304.0,282.15,297.85,296.0,290.6,55480,16419623.4,1599
2026-03-12,INE635Q01029,GULFOILLUB,EQ,1022.0,1029.4,990.0,1010.0,1009.0,1017.2,70691,71243887.3,9741
2026-03-12,INE255D01024,GULPOLY,EQ,160.0,162.47,156.96,158.88,158.1,160.21,110364,17580787.84,1675
2026-03-12,INE1CCX01012,GURUNANAK,SM,27.2,30.6,27.15,30.6,30.6,28.3,27200,775840.0,16
2026-03-12,INE251H01024,GVKPIL,BE,2.74,2.78,2.69,2.76,2.78,2.74,780005,2134174.6,1015
2026-03-12,INE382T01030,GVPTECH,EQ,6.35,6.35,5.68,6.11,6.12,6.23,71934,441236.24,192
2026-03-12,IN9382T01012,GVPTECHPP,E1,2.99,2.99,2.62,2.68,2.62,2.99,77,225.42,7
2026-03-12,INE926X01010,HGINFRA,EQ,521.0,524.8,497.05,507.65,509.0,520.15,487340,247011360.0,14488
2026-03-12,INE115S01010,HALDER,EQ,263.15,263.95,254.0,255.0,255.0,263.15,29774,7624395.15,193
2026-03-12,INE320X01016,HALEOSLABS,EQ,1275.0,1286.4,1254.7,1262.0,1262.0,1287.9,535,677951.9,44
2026-03-12,INE596H01014,HGM,EQ,54.94,55.89,52.0,52.12,52.0,53.4,2688,145385.11,34
2026-03-12,INE419U01012,HAPPSTMNDS,EQ,412.0,433.0,398.3,409.05,415.95,411.7,17628472,7268863710.7,232815
2026-03-12,INE330T01021,HAPPYFORGE,EQ,1286.9,1296.0,1250.6,1277.0,1291.0,1290.6,69556,88977109.7,8018
2026-03-12,INE626Z01029,HARDWYN,BE,17.16,17.99,17.16,17.79,17.98,17.45,1656953,29564233.06,604
2026-03-12,INE00EV01017,HARIOMPIPE,EQ,333.0,333.0,321.0,324.15,327.0,330.0,122511,39969098.95,3418
2026-03-12,INE544A01019,HARRMALAYA,EQ,179.06,188.5,177.61,181.98,182.0,180.02,20802,3804416.89,595
2026-03-12,INE0JUS01029,HARSHA,EQ,355.3,359.0,353.2,354.75,354.2,355.45,12558,4463806.25,760
2026-03-12,INE982F01036,HATHWAY,EQ,10.1,10.17,9.92,10.04,10.07,10.06,2811607,28245075.21,2837
2026-03-12,INE473B01035,HATSUN,EQ,918.0,955.9,905.0,945.95,934.4,918.3,33232,31009976.7,2717
2026-03-12,INE176B01034,HAVELLS,EQ,1355.2,1364.6,1334.5,1354.0,1354.7,1365.5,853612,1156020462.4,38014
2026-03-12,INE550B01022,HBSL,EQ,52.48,52.48,50.04,50.91,51.5,50.02,3504,180215.27,54
2026-03-12,INE292B01021,HBLENGINE,EQ,664.05,696.0,655.5,689.8,687.1,670.6,1158252,787317725.05,39998
2026-03-12,INE236A01020,HCL-INSYS,EQ,12.16,12.47,12.09,12.14,12.28,12.17,152696,1869529.2,804
2026-03-12,INE860A01027,HCLTECH,EQ,1350.0,1363.4,1341.0,1358.1,1357.0,1350.3,2616965,3547225863.1,125512
2026-03-12,INE756I01012,HDBFS,EQ,653.0,653.45,640.3,650.1,650.6,656.55,743456,481792806.35,24295
2026-03-12,INE127D01025,HDFCAMC,EQ,2439.0,2479.4,2408.4,2429.0,2419.8,2448.2,848681,2076258668.7,55385
2026-03-12,INE040A01034,HDFCBANK,EQ,820.1,836.4,820.1,832.75,833.3,833.95,46107561,38354969893.0,683178
2026-03-12,INF179KC1981,HDFCGOLD,EQ,140.56,140.56,135.34,136.82,136.81,137.14,3762493,513814307.29,12713
2026-03-12,INE795G01014,HDFCLIFE,EQ,644.6,649.35,636.1,645.7,645.0,647.9,3339906,2150063037.85,113519
2026-03-12,INF179KC1EZ4,HDFCBSE500,EQ,36.26,36.26,34.74,35.14,35.09,35.38,69450,2431346.84,314
2026-03-12,INF179KC1DJ0,HDFCGROWTH,EQ,114.99,114.99,112.6,112.81,113.26,114.75,19845,2244915.63,373
2026-03-12,INF179KC1JG3,HDFCLIQUID,EQ,1051.52,1051.56,1051.52,1051.55,1051.53,1051.4,7240,7613159.27,35
2026-03-12,INF179KC1HU8,HDFCLOWVOL,EQ,19.82,19.86,19.66,19.78,19.77,20.01,63417,1250155.56,107
2026-03-12,INF179KC1HT0,HDFCMID150,EQ,21.53,21.53,20.71,21.05,21.0,21.01,928195,19385427.96,2024
2026-03-12,INF179KC1HV6,HDFCMOMENT,EQ,29.58,29.75,29.21,29.49,29.75,29.8,251711,7401692.21,1268
2026-03-12,INF179KC1HS2,HDFCNEXT50,EQ,67.52,68.03,66.46,67.73,67.99,67.79,353754,23836874.45,983
2026-03-12,INF179KC1HR4,HDFCNIF100,EQ,25.51,27.0,24.92,25.15,26.22,25.33,261350,6571658.96,517
2026-03-12,INF179KC1HY0,HDFCNIFBAN,EQ,56.6,57.03,56.23,56.57,56.63,57.27,340627,19234047.79,878
2026-03-12,INF179KC1IA8,HDFCNIFIT,EQ,31.51,32.0,31.16,31.44,32.0,31.5,327798,10292349.89,547
2026-03-12,INF179KC1965,HDFCNIFTY,EQ,266.0,267.2,264.2,265.02,265.49,267.47,396102,105060881.24,3869
2026-03-12,INF179KC1HZ7,HDFCPVTBAN,EQ,26.8,26.94,26.4,26.51,26.8,26.93,151960,4038630.88,604
2026-03-12,INF179KC1DL6,HDFCQUAL,EQ,56.4,56.65,54.75,55.44,55.38,56.1,11935,659700.27,205
2026-03-12,INF179KC1HX2,HDFCSENSEX,EQ,87.24,87.24,85.6,85.83,85.98,86.81,122755,10554885.71,1172
2026-03-12,INF179KC1DI2,HDFCSILVER,EQ,247.4,254.69,245.65,253.53,253.65,251.78,5717696,1433636284.76,23331
2026-03-12,INF179KC1FB2,HDFCSML250,EQ,154.28,158.13,151.35,153.89,153.9,154.28,2104524,322361572.05,14293
2026-03-12,INF179KC1DK8,HDFCVALUE,EQ,127.16,129.5,127.16,128.7,128.72,129.76,3590,461366.8,86
2026-03-12,INF179KC1HW4,HDFCPSUBK,EQ,89.1,90.02,87.29,89.22,89.4,89.19,40089,3557647.05,367
2026-03-12,INE759V01019,HEADSUP,EQ,7.09,7.48,6.88,7.13,6.92,7.11,10363,73554.13,122
2026-03-12,INE075I01017,HCG,EQ,579.0,579.0,555.05,560.3,560.0,577.15,105258,59021019.65,9578
2026-03-12,INE075I20017,HCG-RE,BE,45.55,45.55,28.1,36.0,36.5,45.55,19416,724100.9,783
2026-03-12,INE558R01013,HECPROJECT,EQ,113.0,115.0,110.7,111.08,110.7,113.14,7388,821345.06,135
2026-03-12,INE545A01024,HEG,EQ,522.2,531.25,510.5,519.15,520.95,524.75,960106,499877985.7,23423
2026-03-12,INE578A01017,HEIDELBERG,EQ,159.0,159.0,155.36,156.23,156.0,157.13,71247,11182218.95,4991
2026-03-12,INE0AJG01018,HEMIPROP,EQ,137.94,140.9,136.5,136.92,137.2,140.0,1029178,142466651.55,7357
2026-03-12,INE694N01015,HERANBA,EQ,188.19,188.19,181.5,182.89,183.63,187.19,225486,41358704.88,1683
2026-03-12,INE978A01027,HERITGFOOD,EQ,309.25,324.0,301.05,322.1,321.4,309.25,895877,283022003.7,24756
2026-03-12,INE158A01026,HEROMOTOCO,EQ,5589.0,5589.0,5376.0,5394.5,5390.5,5575.0,476478,2592383201.0,52363
2026-03-12,INE782E01017,HESTERBIO,EQ,1450.7,1460.0,1424.1,1435.5,1430.0,1450.7,2676,3861222.9,318
2026-03-12,INE750M01017,HEXATRADEX,EQ,163.0,163.0,158.6,159.06,159.02,159.63,3641,579465.48,37
2026-03-12,INE093A01041,HEXT,EQ,424.0,430.0,400.2,418.7,422.15,428.9,2149881,892587586.0,61103
2026-03-12,INE548A01028,HFCL,EQ,71.9,75.98,70.7,74.47,74.3,72.06,60068640,4470779336.11,114850
2026-03-12,INE0PIC01017,HIGREEN,SM,125.3,125.5,125.3,125.5,125.5,128.0,2400,300880.0,3
2026-03-12,INE106T01025,HITECH,EQ,81.49,82.19,78.9,80.52,80.98,81.49,599873,48236530.84,5118
2026-03-12,INE00RL01028,HILINFRA,EQ,50.9,51.69,49.66,50.94,50.95,50.79,98018,4960197.52,1203
2026-03-12,INE475B01022,HIKAL,EQ,178.0,182.35,174.0,180.25,180.68,179.73,261264,46853103.82,4439
2026-03-12,INE788H01017,HILTON,EQ,16.87,17.3,16.7,16.78,16.75,16.87,242620,4113063.5,920
2026-03-12,INE019C01026,HSCL,EQ,444.6,456.1,428.4,453.05,449.5,447.0,1571524,695108119.75,25015
2026-03-12,INE049A01027,HIMATSEIDE,EQ,87.89,89.6,86.16,87.14,86.61,88.06,985740,86619898.74,9101
2026-03-12,INE835D01023,HIRECT,EQ,1433.1,1546.8,1396.9,1510.2,1492.0,1433.3,68284,101729836.7,7466
2026-03-12,INE038A01020,HINDALCO,EQ,968.0,972.0,934.45,969.75,968.0,959.1,4664967,4455577847.1,111401
2026-03-12,INE642Y01029,HINDCON,EQ,19.28,19.4,18.56,19.13,19.1,19.28,13760,259656.61,219
2026-03-12,INE05X901010,HPIL,EQ,123.16,123.16,120.01,121.23,122.0,123.15,581,70809.53,40
2026-03-12,INE170I01016,HGS,EQ,375.0,379.65,366.9,374.25,377.3,379.8,30696,11450324.95,1953
2026-03-12,INE066F01020,HAL,EQ,3955.0,4033.2,3940.8,4013.5,4008.6,4005.1,961224,3839177324.3,72833
2026-03-12,INE310C01029,HINDCOMPOS,EQ,410.15,412.25,402.35,404.4,402.35,410.1,1185,481632.3,121
2026-03-12,INE549A01026,HCC,EQ,15.96,16.33,15.48,16.09,16.1,15.97,17963204,286694699.81,16140
2026-03-12,INE531E01026,HINDCOPPER,EQ,540.8,540.8,519.4,527.35,528.6,542.9,8013312,4221515262.65,114720
2026-03-12,INE254N01026,HNDFDS,EQ,471.75,483.65,468.1,480.4,478.0,474.1,35584,16986757.15,4246
2026-03-12,INE871K01015,HMVL,EQ,62.39,63.9,60.2,62.46,62.5,61.91,32165,1988199.79,216
2026-03-12,INE345A01011,HINDOILEXP,EQ,151.0,156.54,146.49,147.44,146.7,147.32,2001410,302985689.92,15284
2026-03-12,INE094A01015,HINDPETRO,EQ,376.4,388.85,367.5,384.35,384.2,384.25,8573492,3264947719.05,82645
2026-03-12,INE030A01027,HINDUNILVR,EQ,2165.1,2165.1,2109.3,2136.9,2133.9,2161.4,1791973,3817223090.0,107326
2026-03-12,INE267A01025,HINDZINC,EQ,584.0,585.65,568.85,583.0,582.8,587.6,4378868,2528393362.8,59420
2026-03-12,INE05AN01011,HINDWAREAP,EQ,207.09,213.1,199.2,211.32,211.1,207.09,339918,69510885.56,2938
2026-03-12,INE598C01011,HISARMETAL,EQ,159.5,159.51,153.55,154.56,153.55,159.34,9905,1537427.16,96
2026-03-12,INE07Y701011,POWERINDIA,EQ,24995.0,25325.0,24385.0,24880.0,24835.0,24955.0,142729,3539188940.0,40229
2026-03-12,INE120D01012,HITECHCORP,EQ,128.01,137.2,128.01,131.67,131.43,129.93,13084,1733790.32,387
2026-03-12,INE461D01028,HLEGLAS,EQ,308.8,312.6,296.1,305.7,302.7,308.15,112717,34288911.85,4281
2026-03-12,INE102A01024,HLVLTD,EQ,7.62,7.82,7.42,7.7,7.74,7.62,304699,2330470.28,3706
2026-03-12,INE0ECP01024,HMAAGRO,EQ,24.1,25.0,24.1,24.77,24.79,24.74,119305,2921906.08,1612
2026-03-12,INE262A01018,HMT,BZ,58.01,60.0,56.39,57.05,57.0,59.35,41303,2358634.52,407
2026-03-12,INE0S6S01017,HOACFOODS,ST,343.0,347.5,343.0,347.5,347.5,343.1,2250,778500.0,2
2026-03-12,INE0LXA01019,HOLMARC,SM,86.5,86.5,86.5,86.5,86.5,86.5,1500,129750.0,2
2026-03-12,INE481N01025,HOMEFIRST,EQ,1053.0,1053.0,1000.0,1002.6,1004.6,1053.2,483607,491213290.7,25809
2026-03-12,INE0N7F01017,HOMESFY,SM,137.85,137.85,125.0,137.85,137.85,131.3,1800,240420.0,3
2026-03-12,INE0J5401028,HONASA,EQ,283.0,287.0,278.55,280.5,279.1,289.35,461300,130246236.65,17499
2026-03-12,INE634A01018,HONDAPOWER,EQ,2078.0,2081.0,1995.0,2029.2,2020.0,2075.9,9226,18702968.7,1291
2026-03-12,INE671A01010,HONAUT,EQ,30500.0,30845.0,30135.0,30580.0,30645.0,30650.0,3454,105485435.0,2311
2026-03-12,INE0GSL01024,HPAL,EQ,33.6,33.89,32.58,33.19,33.45,33.28,51433,1700754.27,743
2026-03-12,INE495S01016,HPL,EQ,320.5,327.0,307.0,322.1,324.5,322.4,147259,47112377.0,6230
2026-03-12,INE0R3501012,HRHNEXT,SM,24.0,24.0,24.0,24.0,24.0,23.0,3000,72000.0,2
2026-03-12,INE031A01017,HUDCO,EQ,176.1,179.47,173.75,176.66,176.56,177.56,2582752,456149002.49,20868
2026-03-12,INE501G01024,HTMEDIA,EQ,21.0,21.76,20.62,21.34,21.69,20.77,104437,2224028.81,436
2026-03-12,INE703H01016,HUBTOWN,EQ,210.05,212.68,202.04,203.8,205.0,212.97,640658,133113037.73,10740
2026-03-12,INE275B01026,HUHTAMAKI,EQ,166.0,170.0,165.43,167.26,167.06,169.88,153412,25672784.99,2086
2026-03-12,INE0TO501019,HVAX,SM,720.15,720.15,686.05,691.5,691.5,685.9,750,525585.0,5
2026-03-12,INE965B01022,HYBRIDFIN,EQ,17.32,17.44,16.33,16.46,16.43,16.98,6629,111914.05,98
2026-03-12,INE0V6F01027,HYUNDAI,EQ,2006.0,2008.9,1969.1,1994.7,1990.4,2019.9,548695,1092447771.0,31610
2026-03-12,INE204A01010,IGPL,EQ,361.9,373.1,351.0,356.55,364.95,360.75,45158,16306525.1,1877
2026-03-12,INE0O7401018,IBLFL,SM,46.15,46.25,46.15,46.2,46.25,47.5,12000,554500.0,4
2026-03-12,INE613B01010,ICDSLTD,EQ,45.37,45.37,40.0,45.37,45.37,37.81,9231,414011.02,132
2026-03-12,INE520Y01019,ICEMAKE,EQ,815.0,834.5,805.2,820.2,823.85,823.95,36336,29814483.0,2126
2026-03-12,INE090A01021,ICICIBANK,EQ,1275.7,1280.5,1258.3,1266.5,1269.9,1294.6,19676187,24999530425.9,335143
2026-03-12,INE765G01017,ICICIGI,EQ,1872.9,1872.9,1840.2,1855.3,1860.0,1875.2,606686,1123240306.0,38917
2026-03-12,INF109KC19U5,LOWVOLIETF,EQ,22.11,22.11,21.12,21.17,21.44,21.47,10308354,218421804.34,2859
2026-03-12,INE726G01019,ICICIPRULI,EQ,592.0,596.65,583.15,592.95,594.0,598.5,949805,562683482.75,26314
2026-03-12,INF109KC10W0,MIDSELIETF,EQ,16.59,16.75,16.36,16.62,16.66,16.73,380590,6293867.75,2112
2026-03-12,INF109KC16V9,NIF100IETF,EQ,27.38,27.38,27.0,27.13,27.25,27.37,209812,5680810.2,1653
2026-03-12,INF109K012R6,NIFTYIETF,EQ,267.5,268.75,264.3,266.56,266.63,269.26,1767134,471664087.71,18943
2026-03-12,INF346A01034,SENSEXIETF,EQ,895.0,895.0,866.33,869.83,872.0,879.14,51017,44478772.27,3281
2026-03-12,INE346A01027,ICICIAMC,EQ,2987.0,2990.0,2905.0,2936.3,2936.4,3000.2,630631,1849773968.1,68910
2026-03-12,INF109KC1NT3,GOLDIETF,EQ,139.5,139.5,135.13,137.07,137.14,137.45,4700485,643359099.76,30026
2026-03-12,INF109KC11V0,NV20IETF,EQ,14.24,14.24,13.83,13.94,14.05,14.06,603290,8407580.98,4446
2026-03-12,INF109KB15Y7,ICICIB22,EQ,123.0,123.11,119.95,122.13,122.09,121.78,646029,78709419.04,3736
2026-03-12,INF109K1A021,CASHIETF,EQ,1053.02,1053.04,1053.02,1053.02,1053.02,1052.89,133686,140776011.01,356
2026-03-12,INF109K1A153,EVIETF,EQ,29.4,29.4,28.04,28.24,28.2,28.69,124289,3510338.05,809
2026-03-12,INF109KC18O0,GSEC10IETF,EQ,262.19,262.19,260.63,261.73,262.19,260.89,1211,316129.83,15
2026-03-12,INF109KC1V59,BSE500IETF,EQ,37.24,37.24,36.69,36.98,36.86,37.24,284482,10487812.44,1845
2026-03-12,INF109KC14A8,GSEC5IETF,EQ,64.61,64.98,64.53,64.54,64.98,64.61,4180,270129.19,37
2026-03-12,INF109KC17V7,ALPL30IETF,EQ,26.59,26.62,26.15,26.21,26.2,26.59,1267662,33311098.61,1561
2026-03-12,INF109KC10V2,AUTOIETF,EQ,26.51,26.56,25.81,25.85,25.89,26.62,1479864,38430499.65,6162
2026-03-12,INF109KC18U7,PVTBANIETF,EQ,26.57,26.57,26.16,26.22,26.39,26.73,2142810,56400182.96,3573
2026-03-12,INF109KC19O8,COMMOIETF,EQ,97.16,98.49,95.83,97.15,97.25,97.22,85128,8291637.84,2397
2026-03-12,INF109KC1V42,CONSUMIETF,EQ,113.59,113.59,110.72,111.4,113.0,113.03,30072,3347950.41,606
2026-03-12,INF109KC19V3,FMCGIETF,EQ,52.43,52.47,51.28,51.43,51.49,52.47,5252888,270858841.23,15174
2026-03-12,INF109KC16E5,INFRAIETF,EQ,92.76,93.14,91.59,92.38,92.46,92.88,145266,13442265.3,8884
2026-03-12,INF109KC1KT9,LIQUIDIETF,EQ,999.99,1000.01,999.99,999.99,1000.0,1000.0,1180021,1180020589.69,503
2026-03-12,INF109KC11W8,MIDCAPIETF,EQ,21.55,21.66,21.14,21.5,21.51,21.54,1689826,36090618.61,3314
2026-03-12,INF109KC17C7,MOM30IETF,EQ,30.05,30.06,29.46,29.59,29.75,30.05,12564834,372127969.86,6358
2026-03-12,INF109KC1NS5,NEXT50IETF,EQ,69.89,70.39,68.64,69.96,70.18,70.02,888119,61723409.12,7538
2026-03-12,INF109KC1Q72,HEALTHIETF,EQ,153.42,153.42,150.98,152.73,152.72,153.42,93191,14180043.23,1503
2026-03-12,INF109KC18V5,QUAL30IETF,EQ,20.0,20.48,19.79,19.99,20.44,20.09,96706,1926026.76,473
2026-03-12,INF109KC1Y56,SILVERIETF,EQ,255.92,265.75,255.92,264.34,264.44,262.49,4832679,1265554184.96,27706
2026-03-12,INF109KC16I6,ITIETF,EQ,31.94,33.57,31.94,32.68,32.71,32.76,1452164,47456442.91,3327
2026-03-12,INF109KC15I8,BANKIETF,EQ,56.55,56.91,56.0,56.4,56.47,57.09,1639686,92508645.85,8435
2026-03-12,INF109KC19W1,METALIETF,EQ,11.86,12.1,11.63,11.89,11.87,11.86,11055034,130085375.1,14577
2026-03-12,INF109KC18W3,OILIETF,EQ,11.95,11.95,11.53,11.71,11.73,11.66,6524374,76571767.72,6086
2026-03-12,INF109KC10S8,PSUBNKIETF,EQ,88.47,90.46,87.51,89.4,90.39,89.51,250199,22193906.87,1835
2026-03-12,INF109K1A344,TOP15IETF,EQ,9.8,9.81,9.68,9.69,9.8,9.85,147656,1434866.84,377
2026-03-12,INF109KC16X5,VAL30IETF,EQ,15.35,16.2,15.12,15.54,16.2,15.41,2950057,45618042.31,837
2026-03-12,INF109KC17L8,FINIETF,EQ,30.06,30.38,29.68,30.05,30.2,30.28,411741,12331325.74,2125
2026-03-12,INE725G01011,ICRA,EQ,5395.0,5441.5,5348.0,5416.5,5360.0,5432.5,954,5149177.0,402
2026-03-12,INE008A01015,IDBI,EQ,98.5,99.91,96.61,98.81,98.75,99.14,12062837,1186143246.67,38430
2026-03-12,INE349Y01013,IDEAFORGE,EQ,431.0,431.0,420.5,426.15,425.65,433.1,228905,97262876.6,7014
2026-03-12,INE0T9I01011,IDEALTECHO,SM,220.0,220.0,220.0,220.0,220.0,243.45,500,110000.0,1
2026-03-12,INE0TD101011,IDENTICAL,SM,17.0,17.0,17.0,17.0,17.0,17.0,2000,34000.0,1
2026-03-12,INE092T01019,IDFCFIRSTB,EQ,65.0,65.68,64.12,64.78,64.86,66.16,34060333,2212667897.39,127833
2026-03-12,INE076C01018,IFBAGRO,EQ,750.85,765.45,730.55,743.7,749.9,759.9,19238,14347369.8,1241
2026-03-12,INE559A01017,IFBIND,EQ,1047.8,1050.4,1016.9,1021.2,1019.6,1044.1,54588,56332585.5,6270
2026-03-12,INE039A01010,IFCI,EQ,53.0,54.78,51.93,53.95,54.0,53.61,13003016,693693987.72,43450
2026-03-12,INE133Y01011,IFGLEXPOR,EQ,150.0,157.01,150.0,153.9,154.0,151.63,21076,3227817.57,780
2026-03-12,INE01XO07017,1225IFL27,N0,9549.0,9750.0,9082.0,9082.0,9082.0,9800.0,48,445617.0,6
2026-03-12,INE188B01013,IGARASHI,EQ,320.0,329.0,311.7,321.9,321.6,319.05,66013,21094244.5,2329
2026-03-12,INE530B07658,837IIFL28,Y4,994.5,994.5,953.0,970.5,970.5,970.5,23,22170.5,5
2026-03-12,INE530B07633,865IIFL31,Y6,990.0,990.0,989.0,989.0,989.0,990.0,115,113750.0,3
2026-03-12,INE530B07575,885IIFL29,Y8,1003.0,1003.0,1002.0,1002.0,1002.0,1004.5,200,200460.0,2
2026-03-12,INE530B07609,9IIFL31,Y9,991.0,994.0,991.0,994.0,994.0,992.45,214,212500.5,24
2026-03-12,INE489L01022,IIFLCAPS,EQ,294.0,300.65,289.85,292.0,294.4,297.0,396743,116529767.45,9253
2026-03-12,INE530B01024,IIFL,EQ,478.9,482.85,469.0,480.7,481.5,480.85,996470,477594471.35,24887
2026-03-12,INE0LOJ01019,IKIO,EQ,132.0,135.69,130.0,133.52,132.4,133.65,98407,13103394.49,2445
2026-03-12,INE369I01014,IL&FSENGG,BZ,22.5,23.53,22.01,22.88,23.0,23.0,453599,10069370.24,67
2026-03-12,INE050B01023,IVC,EQ,7.0,7.09,6.95,6.99,7.0,7.0,193799,1357694.13,749
2026-03-12,INE975G01012,IL&FSTRANS,BZ,2.3,2.38,2.18,2.3,2.32,2.28,19670,45413.72,34
2026-03-12,INE172N01012,IMAGICAA,EQ,42.93,44.48,42.01,43.08,43.03,43.29,1018328,44012445.86,3977
2026-03-12,INE691G01015,IMPEXFERRO,BZ,1.77,1.79,1.64,1.69,1.69,1.72,133196,221460.55,201
2026-03-12,INE452L01012,INCREDIBLE,EQ,33.05,34.99,32.47,33.0,33.0,33.94,9388,317739.13,117
2026-03-12,INE547E01014,IMPAL,EQ,1023.1,1036.5,1010.2,1018.4,1018.3,1023.1,1120,1148196.9,175
2026-03-12,INE915B01019,INDSWFTLAB,EQ,142.0,146.0,139.62,143.47,141.01,142.82,304779,43526729.34,4143
2026-03-12,INE611L01021,INDTERRAIN,EQ,30.18,30.18,28.95,29.13,29.11,29.53,41642,1224183.76,227
2026-03-12,INE841B01017,INDBANK,EQ,32.44,32.6,32.0,32.39,32.41,32.22,19165,620177.37,251
2026-03-12,INE0O9T01021,BAJAJINDEF,EQ,241.65,265.0,239.32,254.75,253.0,238.66,174342,44759304.56,4967
2026-03-12,INE065X01017,INDGN,EQ,445.0,450.55,439.4,443.45,446.0,449.6,274316,122246940.0,13528
2026-03-12,INE560A01023,INDIAGLYCO,EQ,865.0,884.8,847.35,880.25,883.95,867.8,61777,53906323.3,5311
2026-03-12,INE092B01025,INDNIPPON,EQ,797.0,799.9,776.5,790.6,794.0,793.75,12365,9738328.75,933
2026-03-12,INE0D6701023,IPL,EQ,146.0,150.65,143.51,148.24,148.0,146.69,233625,34433298.84,3518
2026-03-12,INE922K01024,INDIASHLTR,EQ,710.5,710.5,673.9,689.9,700.0,712.85,162962,112780746.8,12184
2026-03-12,INE353K01014,ITDC,EQ,462.2,471.2,450.0,464.25,463.0,465.1,28448,13139833.1,1507
2026-03-12,INE126M01010,IBULLSLTD,EQ,10.55,10.56,9.88,9.94,9.96,10.55,6046688,60760262.68,8826
2026-03-12,INE933S01016,INDIAMART,EQ,2115.0,2120.0,2076.0,2100.3,2108.0,2130.4,263684,553911888.3,8648
2026-03-12,INE562A01011,INDIANB,EQ,910.0,922.3,890.0,909.6,909.8,917.8,1025100,930726956.1,38341
2026-03-12,INE061A01014,INDIANCARD,EQ,196.99,197.48,192.06,193.75,193.21,194.89,1938,375568.71,191
2026-03-12,INE0RRU01016,IEML,SM,71.5,72.35,69.0,70.0,69.9,71.45,152500,10652175.0,92
2026-03-12,INE022Q01020,IEX,EQ,122.5,124.48,119.87,122.76,122.97,122.85,5791203,705152270.72,32823
2026-03-12,INE323C01030,INDIANHUME,EQ,350.0,351.3,335.3,339.55,340.9,351.35,53403,18281349.1,2525
2026-03-12,INE919H01018,IMFA,EQ,1220.5,1282.0,1186.7,1263.1,1262.0,1230.3,122711,152910285.0,13703
2026-03-12,INE242A01010,IOC,EQ,157.4,162.25,154.06,160.16,160.2,160.63,21636039,3439414477.26,116029
2026-03-12,INE565A01014,IOB,EQ,33.25,34.11,32.91,33.86,33.85,33.56,6507262,218378606.0,21144
2026-03-12,INE0DHF01018,IPHL,SM,62.5,63.0,62.1,62.1,62.1,64.5,16800,1054200.0,11
2026-03-12,INE335Y01020,IRCTC,EQ,531.0,541.1,520.05,536.7,536.5,534.15,3154397,1683597072.9,62815
2026-03-12,INE053F01010,IRFC,EQ,98.92,100.9,97.25,99.92,100.0,99.25,14255322,1416965106.23,62272
2026-03-12,INE202E01016,IREDA,EQ,114.0,118.95,112.59,117.03,117.0,114.8,9357674,1088518483.62,48122
2026-03-12,INE09VQ01012,INDIGOPNTS,EQ,819.8,832.9,805.0,818.05,815.15,823.45,117580,96522699.2,10196
2026-03-12,INE219X23014,INDIGRID,BL,162.68,162.68,162.68,162.68,162.68,163.55,1543840,251151891.2,1
2026-03-12,INE219X23014,INDIGRID,IV,165.68,165.68,164.1,164.65,165.0,165.25,718311,118503044.65,10157
2026-03-12,INE06ST01018,INDIQUBE,EQ,160.86,160.86,154.02,156.47,156.0,160.05,60138,9398326.07,1432
2026-03-12,INE760F01028,INDOAMIN,EQ,99.77,102.59,98.81,99.92,100.3,100.75,42406,4275456.22,756
2026-03-12,INE803D01021,INDOBORAX,EQ,245.03,245.94,244.0,244.29,244.0,245.65,12228,2994689.32,274
2026-03-12,INE483B01026,ICIL,EQ,248.0,248.9,241.55,244.05,243.5,248.1,226761,55496719.95,6774
2026-03-12,INE622H01018,INDOFARM,EQ,125.6,128.43,122.25,125.51,125.3,126.07,199452,24995525.7,3039
2026-03-12,INE156A01020,INDORAMA,EQ,34.32,35.65,34.15,35.25,35.01,34.81,69764,2433211.97,650
2026-03-12,INE332H01014,INDOTECH,EQ,1350.0,1396.5,1302.2,1375.4,1380.0,1378.3,25654,34897127.9,3956
2026-03-12,INE337M01021,INDOTHAI,EQ,265.0,265.0,248.55,248.75,248.55,261.6,814951,208928286.1,5635
2026-03-12,INE250Z01010,INDOUS,EQ,98.7,100.0,96.6,99.67,99.9,99.85,24778,2436017.21,1283
2026-03-12,INE567A01028,NIPPOBATRY,EQ,305.15,308.95,286.0,296.9,290.2,305.5,9644,2880978.0,404
2026-03-12,INE873D01024,INDOCO,EQ,195.35,206.09,190.71,200.01,201.0,194.43,87349,17414893.96,2561
2026-03-12,INE05J901018,IGCL,EQ,65.4,65.4,61.99,63.66,64.5,63.18,307925,19458830.96,1334
2026-03-12,INE866K01023,WAAREEINDO,BE,332.65,335.5,321.2,328.25,328.75,337.85,84622,27659804.8,1034
2026-03-12,INE896L01010,INDOSTAR,EQ,210.74,210.74,202.1,203.84,202.3,211.81,243671,50261429.19,2629
2026-03-12,INE227G01018,INDOWIND,EQ,8.52,8.52,8.25,8.29,8.26,8.52,483988,4047706.98,1760
2026-03-12,INE203G01027,IGL,EQ,164.4,164.85,157.82,161.91,161.5,162.67,6354075,1029208671.22,75236
2026-03-12,INE681B01017,INDRAMEDCO,EQ,407.8,407.8,393.8,398.65,399.8,408.3,113925,45321018.1,7793
2026-03-12,INE0NHL23019,INDUSINVIT,IV,124.5,124.5,121.02,122.09,121.9,124.45,94602,11606070.77,2585
2026-03-12,INE121J01017,INDUSTOWER,EQ,436.9,444.75,430.55,442.05,442.6,438.75,5403935,2379321551.35,42396
2026-03-12,INE095A01012,INDUSINDBK,EQ,870.0,870.5,828.0,831.35,830.0,877.15,7514347,6304451104.05,142722
2026-03-12,INE886A01014,IITL,EQ,133.66,134.99,127.07,133.53,134.98,133.04,14434,1900368.95,652
2026-03-12,INE0MRE01011,INFINIUM,SM,212.0,212.0,206.25,211.75,211.75,207.5,3500,738750.0,7
2026-03-12,INE0MYZ01012,INFLUX,SM,210.0,217.5,210.0,214.35,214.0,217.0,15600,3350400.0,24
2026-03-12,INE663F01032,NAUKRI,EQ,947.0,957.1,937.9,955.4,956.0,956.5,2942812,2782533299.7,46213
2026-03-12,INE344S01016,INFOBEAN,EQ,131.26,142.61,127.2,129.1,129.95,134.94,1245105,166635272.87,17822
2026-03-12,INE0NNZ01013,INFOLLION,SM,305.2,315.0,300.0,300.0,300.0,308.0,3200,977280.0,8
2026-03-12,INE669A01022,INFOMEDIA,EQ,5.39,5.39,5.05,5.15,5.15,5.04,6434,33071.61,87
2026-03-12,INE009A01021,INFY,EQ,1272.5,1278.6,1258.0,1265.8,1265.9,1276.3,7599940,9639108719.0,246055
2026-03-12,INE177A01018,INGERRAND,EQ,3860.0,3860.0,3780.1,3810.0,3850.0,3866.4,8764,33386026.1,1957
2026-03-12,INE0S1D01010,INNOMET,SM,71.8,77.95,71.8,74.5,74.5,68.05,9600,710190.0,12
2026-03-12,INE0DUT01020,INNOVACAP,EQ,695.0,723.95,680.7,713.95,714.0,695.7,22651,16024899.8,2809
2026-03-12,INE403Y01018,INNOVANA,EQ,382.0,385.95,364.25,375.35,380.0,384.2,1675,632043.25,149
2026-03-12,INE510W01014,INOXGREEN,EQ,150.11,154.5,146.2,151.5,151.5,150.11,1222390,184918784.29,17185
2026-03-12,INE616N01034,INOXINDIA,EQ,1180.8,1204.0,1165.1,1196.5,1198.0,1193.4,48137,57061134.8,7514
2026-03-12,INE066P01011,INOXWIND,EQ,81.91,86.95,80.55,83.68,83.5,82.26,20354774,1716227206.76,53246
2026-03-12,INE070I01018,INSECTICID,EQ,581.95,619.9,564.35,609.95,606.05,576.55,39517,23618926.45,2532
2026-03-12,INE0LGX01024,INA,EQ,101.35,101.9,97.0,98.02,97.97,100.21,442673,44247531.38,3106
2026-03-12,INE0NDX01019,INSPIRE,SM,10.7,10.7,10.7,10.7,10.7,11.0,4000,42800.0,1
2026-03-12,INE020G01017,INSPIRISYS,BE,78.59,81.99,76.01,81.0,81.86,79.6,11262,891161.68,95
2026-03-12,INE418N01035,ESSENTIA,EQ,1.29,1.3,1.25,1.28,1.29,1.29,1953482,2498743.02,1149
2026-03-12,INE02EE01019,IPSL,SM,256.95,256.95,245.0,245.05,245.05,244.1,2000,496500.0,4
2026-03-12,INE0YSH01017,INTEGRITY,SM,109.0,109.0,109.0,109.0,109.0,110.0,12000,1308000.0,1
2026-03-12,INE306R01017,INTELLECT,EQ,660.0,675.45,650.3,667.1,666.85,662.25,320822,213395453.65,12870
2026-03-12,INE781A01025,INTENTECH,EQ,94.49,94.49,90.43,91.24,90.5,91.41,41770,3813621.76,380
2026-03-12,INE00M901018,INTERARCH,EQ,1825.1,1828.0,1766.1,1792.0,1785.8,1832.4,40257,72243665.0,5991
2026-03-12,INE646L01027,INDIGO,EQ,4263.6,4297.5,4194.1,4251.7,4268.0,4350.7,1595719,6788220956.7,97328
2026-03-12,INE0OPC01015,INM,SM,189.0,203.0,180.05,192.95,199.8,170.0,32400,6425040.0,14
2026-03-12,INE0Q9301021,IGIL,EQ,326.0,326.05,318.35,320.9,321.05,327.6,301099,96599685.45,9907
2026-03-12,INE575C01027,INTLCONV,EQ,74.5,77.48,72.45,75.27,76.2,74.95,162604,12156393.89,1807
2026-03-12,INE566K01011,ISFT,EQ,70.0,74.02,68.23,73.2,73.38,70.2,8125,584369.05,391
2026-03-12,INE878H01024,INVENTURE,EQ,1.04,1.05,1.02,1.02,1.03,1.04,850262,879947.38,411
2026-03-12,INE115Q01022,IKS,EQ,1375.0,1408.8,1331.0,1373.9,1370.0,1376.4,354606,488515328.8,23602
2026-03-12,INF205K01361,IVZINGOLD,EQ,13873.9,13994.7,13830.0,13935.7,13935.0,13935.6,1038,14454653.3,156
2026-03-12,INF205K01DA9,IVZINNIFTY,EQ,2783.85,2789.0,2692.59,2762.0,2780.0,2770.0,477,1294353.59,57
2026-03-12,INE0XJ501010,INVICTA,SM,66.75,66.75,66.75,66.75,66.75,66.75,1600,106800.0,1
2026-03-12,INE485C01029,IOLCP,EQ,71.02,72.7,69.99,70.63,70.87,71.62,821685,58485493.35,8134
2026-03-12,INE570A01022,IONEXCHANG,EQ,371.0,371.05,353.0,355.7,356.0,369.55,290554,104420383.95,15228
2026-03-12,INE571A01038,IPCALAB,EQ,1549.6,1566.8,1519.6,1560.8,1565.7,1533.9,278221,430219479.3,29849
2026-03-12,INE821I01022,IRB,EQ,42.21,42.97,41.33,42.57,42.6,42.1,9720140,411386698.98,37826
2026-03-12,INE183W23014,IRBINVIT,IV,60.45,60.49,60.05,60.14,60.25,60.3,526863,31745966.5,4558
2026-03-12,INE962Y01021,IRCON,EQ,136.83,138.25,133.0,136.55,136.55,137.16,3202461,435769547.03,35394
2026-03-12,INE202E07138,880IREDA29,N5,1098.99,1098.99,1095.0,1095.0,1095.0,1097.99,125,137274.0,7
2026-03-12,INE01GN01025,IRISDOREME,EQ,29.7,30.93,29.66,30.49,30.11,30.09,431303,13057378.41,490
2026-03-12,INE864K01010,IRIS,EQ,243.36,243.68,236.02,237.4,239.0,243.36,14753,3538595.42,519
2026-03-12,INE07U701015,IRMENERGY,EQ,214.81,224.0,207.31,211.59,210.6,213.12,268566,58025848.78,8285
2026-03-12,INE858B01029,ISGEC,EQ,955.0,974.35,933.25,937.6,937.0,949.75,125797,119486482.25,13203
2026-03-12,INE561M01018,ISHANCH,EQ,56.49,56.49,54.13,56.48,56.49,55.57,2820,157856.62,56
2026-03-12,INE0LCW01025,ISHAN,SM,0.6,0.65,0.6,0.65,0.65,0.65,240000,151200.0,5
2026-03-12,INE0R7R01018,ITALIANE,ST,41.05,41.05,41.05,41.05,41.05,41.3,2000,82100.0,1
2026-03-12,INE379A01028,ITCHOTELS,EQ,161.75,161.8,156.6,157.96,158.08,162.12,5350511,846476148.28,50966
2026-03-12,INE154A01025,ITC,EQ,307.05,308.0,302.85,304.1,303.8,309.0,23319679,7133363402.95,209187
2026-03-12,INE248A01017,ITI,EQ,253.35,262.6,246.35,258.95,258.2,253.4,428538,109571089.1,15816
2026-03-12,INE056801025,IVALUE,EQ,225.0,235.0,223.58,230.26,230.4,228.61,105367,24148069.29,3288
2026-03-12,INE043C01018,IVP,EQ,127.99,137.48,123.5,132.61,131.99,127.37,16161,2051063.21,242
2026-03-12,INE1AII01014,IWARE,ST,252.55,272.0,250.35,271.0,272.0,263.5,26400,6829200.0,21
2026-03-12,INE848A01014,IZMO,BE,742.0,749.9,718.0,734.2,733.0,753.7,31944,23505055.75,948
2026-03-12,INE168A01041,J&KBANK,EQ,123.51,128.48,120.72,127.51,127.34,125.41,12157742,1532596233.94,70290
2026-03-12,INE572A01036,JBCHEPHARM,EQ,2129.7,2141.0,2107.7,2131.4,2130.0,2126.1,394549,838606707.2,29552
2026-03-12,INE0MB501011,JGCHEM,EQ,353.0,353.0,339.9,343.15,339.9,353.35,51985,18016615.4,2062
2026-03-12,INE199G01027,JAGRAN,EQ,63.45,63.65,62.59,62.86,63.49,63.51,153212,9660611.69,1802
2026-03-12,INE048B01035,JAGSNPHARM,EQ,179.42,201.5,170.94,189.61,190.0,179.24,2076833,394603657.01,31430
2026-03-12,INE091G01026,JAIBALAJI,EQ,67.0,68.7,64.86,66.56,66.5,67.46,4536687,303484844.02,31844
2026-03-12,INE070D01027,JAICORPLTD,EQ,101.8,104.3,99.5,102.73,103.0,103.0,539638,55137160.87,8590
2026-03-12,IN9175A01010,JISLDVREQS,EQ,22.7,23.39,21.6,22.26,22.94,22.64,24723,548999.08,171
2026-03-12,INE175A01038,JISLJALEQS,EQ,35.61,35.61,33.9,34.38,34.25,35.61,4259184,147517992.97,12770
2026-03-12,INE0YD401026,JAINREC,EQ,430.0,437.95,414.1,428.55,430.0,434.0,1732446,738074746.65,38061
2026-03-12,INE0XIL01012,JAINIK,SM,113.55,118.7,113.5,118.7,118.7,118.7,4800,557340.0,4
2026-03-12,INE455F01025,JPASSOCIAT,BE,2.49,2.67,2.46,2.67,2.67,2.55,3937242,10392968.68,1952
2026-03-12,INE351F01018,JPPOWER,EQ,13.6,14.84,13.3,14.17,14.18,13.66,86381607,1225483470.44,62421
2026-03-12,INE349X01015,JALAN,SM,2.55,2.55,2.55,2.55,2.55,2.65,21000,53550.0,6
2026-03-12,INE039C01032,JAMNAAUTO,EQ,122.0,124.16,120.42,122.42,122.0,123.89,1317192,161104402.22,13417
2026-03-12,INE953L01027,JSFB,EQ,360.0,360.0,345.05,351.85,350.25,360.4,563031,197469072.7,9383
2026-03-12,INE00YJ01010,JARO,EQ,411.8,411.8,400.8,405.45,407.25,411.8,141965,57870107.7,3309
2026-03-12,INE039O01029,JASH,EQ,370.05,380.0,362.8,375.4,375.35,376.0,126047,47001870.4,4944
2026-03-12,INE0SMY01017,JAYBEE,SM,74.9,82.95,74.85,79.95,81.0,76.6,51500,4081500.0,78
2026-03-12,INE571B01036,JAYBARMARU,EQ,91.94,91.99,86.7,90.9,91.0,90.94,363061,32325334.28,3384
2026-03-12,INE0J6801010,KORE,SM,108.0,108.0,108.0,108.0,108.0,109.3,500,54000.0,2
2026-03-12,INE785A01026,JAYAGROGN,EQ,189.0,189.0,181.21,183.8,181.91,188.45,11433,2100478.87,422
2026-03-12,INE854B01010,JAYNECOIND,EQ,72.0,76.76,70.87,75.36,75.5,73.53,3142057,233729894.59,13870
2026-03-12,INE1AE401014,JAYESH,SM,160.0,160.35,157.5,158.15,157.5,157.05,20000,3193800.0,20
2026-03-12,INE903A01025,JAYKAY,EQ,135.15,136.99,132.62,135.98,136.9,138.47,149630,20217314.73,1838
2026-03-12,INE364A01020,JAYSREETEA,EQ,83.0,91.0,80.35,88.32,88.98,82.43,168799,14685737.21,2025
2026-03-12,INE927D01051,JBMA,EQ,509.95,526.15,496.3,514.05,513.95,511.85,382419,195467841.0,21328
2026-03-12,INE0J5801029,JSLL,EQ,590.0,607.5,590.0,598.25,599.8,616.5,177478,106646680.7,12845
2026-03-12,INE982V01025,JETFREIGHT,EQ,18.55,19.14,18.03,18.88,19.1,19.14,44396,832907.62,185
2026-03-12,INE0RXB01022,JEYYAM,SM,32.55,33.0,32.1,32.1,32.1,32.6,26000,845500.0,10
2026-03-12,INE544H01014,JHS,EQ,9.49,9.49,8.77,8.97,8.96,9.36,92222,833749.99,335
2026-03-12,INE03DD01011,RETAIL,EQ,21.17,22.0,20.8,20.81,20.8,21.11,255,5362.74,20
2026-03-12,INE147P01019,JPOLYINVST,EQ,1309.8,1375.4,1301.4,1312.7,1318.0,1340.6,177861,238252955.3,16808
2026-03-12,INE742C01031,JINDRILL,EQ,540.0,548.6,510.1,515.0,513.0,531.25,1096866,579846477.05,25129
2026-03-12,INE796G01012,JINDALPHOT,EQ,1235.1,1286.8,1212.1,1237.4,1268.2,1228.9,20297,25387787.4,3163
2026-03-12,INE197D01010,JINDALPOLY,EQ,900.0,949.7,872.1,939.3,944.35,903.1,960265,890902868.85,29971
2026-03-12,INE324A01032,JINDALSAW,EQ,202.0,211.0,191.02,198.8,195.2,198.04,102836636,20653690747.97,590471
2026-03-12,INE220G01021,JSL,EQ,734.0,755.8,716.9,746.65,747.0,736.55,963730,716842487.9,19776
2026-03-12,INE749A01030,JINDALSTEL,EQ,1177.6,1232.1,1162.2,1225.0,1224.0,1187.0,1959835,2365990801.9,51968
2026-03-12,INE247D01039,JINDWORLD,EQ,21.9,22.11,21.27,21.78,21.81,21.88,566545,12293007.2,2100
2026-03-12,INE1FF001016,JKIPL,EQ,53.45,56.39,51.92,54.51,55.14,53.45,316563,17261242.01,952
2026-03-12,INE758E01017,JIOFIN,EQ,237.4,245.4,234.0,242.2,242.0,238.7,18865160,4522854974.35,113775
2026-03-12,INE863T01013,JITFINFRA,BE,336.55,365.0,336.55,359.7,358.2,352.25,35728,12651205.9,392
2026-03-12,INE823G01014,JKCEMENT,EQ,5051.0,5250.0,5035.5,5199.0,5200.0,5151.0,48090,249375866.5,12731
2026-03-12,INE786A01032,JKLAKSHMI,EQ,604.05,614.9,596.7,608.6,608.0,604.6,149237,90972486.65,8232
2026-03-12,INE789E01012,JKPAPER,EQ,337.65,349.85,337.0,347.7,348.0,339.05,178639,61512608.2,7038
2026-03-12,INE573A01042,JKTYRE,EQ,432.0,432.9,421.2,430.7,431.1,434.75,1527673,652842154.6,37646
2026-03-12,INE576I01022,JKIL,EQ,503.0,508.25,488.0,500.45,496.25,504.4,88495,44159680.5,7316
2026-03-12,INE780C01023,JMFINANCIL,EQ,121.5,126.2,118.2,123.38,122.85,121.69,4036935,491244635.09,48015
2026-03-12,INE0OAF01028,JNKINDIA,EQ,240.0,248.05,234.95,243.92,244.5,241.33,222327,54015728.77,4372
2026-03-12,INE839G01010,JOCIL,EQ,126.82,128.22,123.25,125.08,125.05,126.82,847,106129.63,43
2026-03-12,INE718I01012,JSWCEMENT,EQ,118.58,122.49,118.52,119.84,119.7,120.61,1288806,155072580.3,15671
2026-03-12,INE121E01018,JSWENERGY,EQ,484.0,528.0,484.0,518.3,519.0,488.0,19316979,10018020026.3,283926
2026-03-12,INE824G01012,JSWHL,EQ,16179.0,16196.0,15675.0,15972.0,15980.0,16080.0,1416,22664926.0,608
2026-03-12,INE880J01026,JSWINFRA,EQ,257.0,263.45,254.3,258.95,258.5,259.55,1199163,310815078.65,17102
2026-03-12,INE019A01038,JSWSTEEL,EQ,1175.0,1182.5,1150.0,1172.6,1174.0,1178.8,1265744,1478064653.3,61060
2026-03-12,INE643A01035,JTEKTINDIA,EQ,133.98,136.0,131.8,135.17,136.0,136.02,64032,8537381.43,1174
2026-03-12,INE391J01032,JTLIND,EQ,54.0,54.94,52.76,54.25,54.23,54.56,1896863,102363088.66,8682
2026-03-12,INE03CC01015,JUBLCPL,EQ,1776.7,1790.9,1721.0,1738.6,1727.0,1776.7,12245,21433464.9,770
2026-03-12,INE797F01020,JUBLFOOD,EQ,470.0,470.0,452.0,461.75,461.75,473.25,4042856,1865692801.0,67214
2026-03-12,INE0BY001018,JUBLINGREA,EQ,570.45,590.75,561.5,577.95,575.0,570.5,451611,258406838.35,22691
2026-03-12,INE700A01033,JUBLPHARMA,EQ,804.2,834.0,789.7,827.65,832.0,807.65,247175,202010939.0,21402
2026-03-12,INE412C01023,JMA,EQ,85.99,86.49,83.13,84.16,85.45,84.48,5020,428318.86,117
2026-03-12,INE696F01016,JUNIPER,EQ,199.84,219.59,193.74,204.35,203.05,199.63,494048,101186351.4,17348
2026-03-12,INE682M01012,JLHL,EQ,1241.1,1268.9,1235.3,1254.0,1259.3,1252.9,6243,7815858.3,1214
2026-03-12,INE209L01016,JWL,EQ,272.4,277.05,266.3,272.2,271.8,274.85,2403341,655097407.1,32881
2026-03-12,INE599M01018,JUSTDIAL,EQ,542.35,542.35,516.1,525.25,522.25,535.35,246580,129016326.45,13154
2026-03-12,INE668F01031,JYOTHYLAB,EQ,235.8,235.8,228.4,229.1,229.45,236.65,415116,95471428.55,23206
2026-03-12,INE980O01024,JYOTICNC,EQ,770.0,770.9,748.35,759.8,759.2,770.95,494888,374446065.25,23694
2026-03-12,INE1M3T01017,JYOTIGLOBL,SM,38.0,38.0,38.0,38.0,38.0,38.35,2000,76000.0,1
2026-03-12,INE197A01024,JYOTISTRUC,EQ,11.18,11.99,10.98,11.1,11.25,11.35,21371000,245198113.78,16256
2026-03-12,INE157H01023,KMSUGAR,EQ,25.7,26.04,25.35,25.66,25.65,25.73,89654,2308534.55,614
2026-03-12,INE127T01021,KPEL,EQ,279.85,318.0,272.4,295.0,294.15,281.1,1702872,512241623.9,35384
2026-03-12,INE0DEZ01013,K2INFRA,SM,47.55,49.0,47.55,48.5,49.0,49.95,12000,576240.0,16
2026-03-12,INE900B01029,KABRAEXTRU,EQ,238.0,238.0,228.05,230.6,229.55,238.1,54545,12624231.45,1343
2026-03-12,INE0XOW01017,KKJEWELS,SM,91.0,96.0,91.0,95.8,96.0,90.6,27000,2530050.0,26
2026-03-12,INE217B01036,KAJARIACER,EQ,957.8,957.8,931.45,940.0,944.1,957.95,537246,504698168.8,24249
2026-03-12,INE437B01014,KAKATCEM,EQ,110.89,110.89,104.0,106.17,106.0,107.69,4989,528020.34,192
2026-03-12,INE0T0L01014,KALANA,ST,27.05,27.05,27.05,27.05,27.05,28.45,2000,54100.0,1
2026-03-12,INE227J01012,KALPATARU,EQ,304.9,308.8,295.6,299.5,301.35,302.45,127278,38256606.3,2040
2026-03-12,INE220B01022,KPIL,EQ,1135.7,1159.0,1111.0,1147.1,1156.0,1141.3,95880,108847222.2,9088
2026-03-12,INE303R01014,KALYANKJIL,EQ,388.5,393.65,378.6,389.95,389.5,390.5,3218077,1247223302.2,34362
2026-03-12,INE314G01014,KALYANIFRG,EQ,593.55,593.55,565.0,571.45,576.0,593.55,3598,2053783.55,227
2026-03-12,INE029L01018,KICL,EQ,4693.5,4759.5,4652.5,4691.5,4736.0,4760.5,1350,6357311.0,201
2026-03-12,INE907A01026,KSL,EQ,697.0,711.0,690.0,699.45,696.6,701.75,51498,36097173.1,1711
2026-03-12,INE967C01018,KAMATHOTEL,EQ,194.98,194.98,185.64,188.84,187.57,195.96,105738,19999396.76,1769
2026-03-12,INE390H01020,KAMDHENU,EQ,22.5,23.1,21.75,22.24,22.25,22.5,697707,15655607.96,2085
2026-03-12,INE0BTI01037,KAMOPAINTS,EQ,4.66,4.75,4.4,4.54,4.52,4.62,449260,2055902.07,1147
2026-03-12,INE879E01037,KANANIIND,EQ,1.38,1.4,1.35,1.35,1.35,1.38,149295,205318.23,197
2026-03-12,INE0MOT01016,KANDARP,SM,150.0,150.0,134.0,140.0,140.0,144.45,20000,2767050.0,11
2026-03-12,INE138C01024,KANORICHEM,EQ,63.9,63.9,61.01,62.26,62.25,64.04,11280,706317.76,189
2026-03-12,INE694E01014,KANPRPLA,EQ,178.0,180.76,175.03,175.89,175.03,182.02,11567,2042742.81,387
2026-03-12,INE531A01024,KANSAINER,EQ,186.35,189.8,185.65,188.06,188.5,187.02,404542,76022794.65,12624
2026-03-12,INE542Z01028,KAPSTON,BE,282.4,282.4,268.3,277.15,278.0,282.4,17221,4730579.75,398
2026-03-12,INE725L01011,KARMAENG,EQ,39.98,40.64,38.01,40.3,40.07,38.71,4384,174671.45,127
2026-03-12,INE614B01018,KTKBANK,EQ,226.9,230.4,221.11,226.7,226.5,228.73,4355969,987620396.44,32528
2026-03-12,INE0MGA01012,KARNIKA,SM,113.0,115.0,113.0,115.0,115.0,115.0,2000,228000.0,2
2026-03-12,INE036D01028,KARURVYSYA,EQ,304.0,304.8,295.0,295.7,296.0,304.95,1286897,383573682.2,54845
2026-03-12,INE0SVY01018,KATARIA,SM,101.6,104.0,101.05,102.7,102.7,101.6,10800,1111770.0,12
2026-03-12,INE234I01028,KAUSHALYA,EQ,844.0,844.0,815.4,821.85,817.05,825.95,51,42045.55,32
2026-03-12,INE0Q2V01012,KLL,SM,39.8,40.7,39.4,39.9,40.7,40.7,20800,829160.0,13
2026-03-12,INE455I01029,KSCL,EQ,800.45,805.15,767.7,800.1,801.1,800.45,194328,154197163.15,17088
2026-03-12,INE641C01019,KAVDEFENCE,BE,62.75,64.0,61.0,62.43,62.8,62.74,48353,3004019.81,578
2026-03-12,INE0RCG01017,KCEIL,SM,114.0,128.95,114.0,121.85,120.6,115.0,67000,7968750.0,83
2026-03-12,INE587G01015,KAYA,EQ,323.05,323.9,312.0,313.15,316.7,322.9,7492,2379434.5,274
2026-03-12,INE918Z01012,KAYNES,BL,3614.4,3614.4,3614.4,3614.4,3614.4,6498.0,116082,419566780.8,1
2026-03-12,INE918Z01012,KAYNES,EQ,3694.6,3786.0,3586.0,3700.3,3695.0,3726.1,1473221,5400403289.1,80366
2026-03-12,INE13ZD01013,KAYTEX,SM,78.95,80.35,76.05,76.75,76.4,78.5,31200,2430160.0,36
2026-03-12,INE0J1E01027,KCK,SM,21.05,21.5,20.05,20.45,21.45,23.0,67500,1417750.0,20
2026-03-12,INE805C01028,KCP,EQ,148.0,148.9,145.2,147.29,147.99,148.74,127233,18741998.72,1526
2026-03-12,INE790B01024,KCPSUGIND,EQ,23.58,24.17,23.57,24.02,24.04,23.56,179707,4289118.43,1401
2026-03-12,INE291D01011,KDDL,EQ,2316.9,2327.9,2237.9,2302.2,2289.0,2328.5,25475,57906738.7,2650
2026-03-12,INE389H01022,KEC,EQ,567.25,578.5,535.0,560.55,562.2,547.75,4674499,2591514039.15,113333
2026-03-12,INE878B01027,KEI,EQ,4300.0,4425.0,4265.0,4330.0,4335.0,4321.0,523034,2272794095.5,49390
2026-03-12,INE164B01030,KELLTONTEC,EQ,17.17,17.3,16.77,17.15,17.3,17.17,1728517,29432817.71,4622
2026-03-12,INE15DO01012,KEN,SM,38.55,40.0,38.35,40.0,40.0,38.55,4800,188040.0,4
2026-03-12,INE202H01019,KERNEX,EQ,1004.7,1019.9,975.8,993.5,992.8,996.7,100505,100349887.6,7547
2026-03-12,INE087A01019,KESORAMIND,BE,8.28,8.47,8.0,8.14,8.09,8.28,587419,4789428.09,925
2026-03-12,INE401H01017,KKCL,EQ,477.4,481.0,469.0,475.95,475.0,484.65,11076,5262067.95,867
2026-03-12,INE681C01015,KEYFINSERV,EQ,271.5,273.0,259.75,261.6,261.9,266.0,799,210706.2,93
2026-03-12,INE263M01029,RUSTOMJEE,EQ,400.05,405.5,392.8,395.35,396.35,403.15,13286,5276424.8,1676
2026-03-12,INE138Y01010,KFINTECH,EQ,919.1,922.95,900.85,907.6,907.0,926.85,497202,452799129.95,19336
2026-03-12,INE834I01025,KHADIM,EQ,110.98,110.98,104.15,105.77,105.8,111.17,66770,7173419.27,2797
2026-03-12,INE731C01018,KHAITANLTD,EQ,93.14,101.91,93.14,98.32,99.99,93.14,5585,543027.86,139
2026-03-12,INE745B01028,KHAICHEM,EQ,53.89,55.2,53.26,54.26,54.99,54.95,254619,13838757.19,2337
2026-03-12,INE060B01014,KHANDSE,EQ,18.3,18.39,17.37,18.1,18.1,18.11,636,11426.34,29
2026-03-12,INE00UG01014,KHFM,SM,60.0,61.0,60.0,61.0,61.0,60.45,9300,561100.0,4
2026-03-12,INE729D01010,KILITCH,EQ,323.0,330.0,317.05,327.75,327.8,317.9,7977,2582492.75,453
2026-03-12,INE473D01015,KINGFA,EQ,4130.0,4181.1,4063.1,4092.0,4090.0,4197.0,2475,10162306.5,852
2026-03-12,INE880L01014,KIOCL,EQ,317.95,324.0,306.0,318.9,318.7,314.4,181708,57298594.35,9470
2026-03-12,INE415I01015,KIRIINDUS,EQ,390.5,408.4,385.0,401.3,402.0,394.95,518793,206451887.45,10552
2026-03-12,INE732A01036,KIRLOSBROS,EQ,1570.0,1607.7,1534.2,1590.0,1585.2,1592.6,66397,104510869.4,9519
2026-03-12,INE134B01017,KECL,EQ,82.58,84.65,81.0,82.97,82.86,82.76,354233,29538262.83,2053
2026-03-12,INE250A01039,KIRLOSIND,EQ,2805.0,2848.0,2756.0,2811.4,2783.0,2818.8,3718,10412942.1,907
2026-03-12,INE146L01010,KIRLOSENG,EQ,1449.1,1494.7,1404.9,1468.9,1479.0,1450.4,375909,548794849.6,25969
2026-03-12,INE811A01020,KIRLPNU,EQ,1110.1,1127.2,1089.0,1120.2,1114.0,1117.1,33393,37132288.8,5523
2026-03-12,INE602G01020,KITEX,EQ,167.8,172.55,164.8,169.45,169.97,167.8,832797,140749179.14,7262
2026-03-12,INE0KNW01016,KNAGRI,EQ,188.0,188.94,175.0,179.66,182.94,179.95,17028,3093758.46,604
2026-03-12,INE0CJD01029,KMEW,EQ,1585.0,1600.9,1546.0,1568.4,1571.8,1601.0,61356,96442401.9,6038
2026-03-12,INE1JAR25012,KRT,RR,117.0,117.0,111.05,112.44,112.3,116.97,1532203,175274346.21,8295
2026-03-12,INE634I01029,KNRCON,EQ,125.7,128.75,121.65,126.65,126.6,125.7,1533007,193052143.37,17994
2026-03-12,INE0Q7P01013,KODYTECH,ST,737.1,744.25,737.1,740.0,740.0,752.1,7700,5707835.0,38
2026-03-12,INE080B01012,KOHINOOR,EQ,24.01,24.85,24.01,24.4,24.5,24.46,143257,3489587.47,2748
2026-03-12,INE760A01029,KOKUYOCMLN,EQ,76.99,79.0,76.36,78.11,78.0,76.99,83701,6516504.88,1945
2026-03-12,INE094I01018,KOLTEPATIL,EQ,335.85,336.9,324.25,333.9,328.1,335.25,98770,32566645.25,4952
2026-03-12,INE0QEI01011,KONSTELEC,SM,34.0,36.5,33.7,34.25,34.25,35.25,8000,275250.0,8
2026-03-12,INE0KZ301010,KONTOR,SM,71.0,71.0,70.0,70.0,70.0,74.0,1800,127200.0,3
2026-03-12,INE082A01010,KOPRAN,EQ,123.5,124.21,121.11,122.01,121.11,124.07,240895,29601489.2,2058
2026-03-12,INE0O4R01018,KDL,ST,132.55,139.0,131.65,131.7,131.65,138.55,38550,5117535.0,164
2026-03-12,INF174KA1HJ8,GOLD1,EQ,133.79,133.85,132.07,133.27,133.47,134.05,7502890,999753191.96,7951
2026-03-12,INE237A01036,KOTAKBANK,EQ,377.0,380.15,374.05,375.3,375.0,383.2,25048123,9441227395.65,217461
2026-03-12,INF174K014P6,NIFTY1,EQ,263.01,263.7,260.14,261.17,260.98,263.71,461252,120505102.5,2853
2026-03-12,INF373I01023,PSUBANK,EQ,907.3,907.3,862.05,883.95,884.7,885.18,28988,25392316.2,887
2026-03-12,INF174KA1XV0,CHEMICAL,EQ,26.81,27.5,26.52,27.13,27.5,27.04,288678,7782143.71,891
2026-03-12,INF174KA1IA5,ALPHA,EQ,47.38,47.38,45.41,45.96,46.2,46.23,1773634,81265651.53,4853
2026-03-12,INF174KA1ZF8,CONS,EQ,11.41,11.41,10.98,11.0,11.0,11.21,681568,7498803.29,371
2026-03-12,INF174KA1GC5,IT,EQ,33.5,33.5,32.34,32.66,33.1,32.69,407268,13264748.78,1354
2026-03-12,INF174KA1LV5,LIQUID1,EQ,1094.7,1094.87,1094.7,1094.85,1094.86,1094.72,497992,545230135.16,484
2026-03-12,INF174KA1IY5,LOWVOL1,EQ,20.12,20.34,20.07,20.21,20.34,20.51,44154,893253.85,277
2026-03-12,INF174KA1ZC5,MIDCAP,EQ,16.35,16.69,16.0,16.28,16.68,16.35,678972,10964709.23,1248
2026-03-12,INF174KA1JF2,MNC,EQ,30.65,30.91,30.37,30.68,30.71,30.98,109523,3342732.14,537
2026-03-12,INF174KA1ZD3,SILVER1,EQ,25.79,26.1,25.01,25.84,25.98,25.59,6624107,168878810.74,7776
2026-03-12,INF174KA1ZE1,NV20,EQ,14.52,15.25,14.2,14.3,15.2,14.44,184402,2635161.89,321
2026-03-12,INF174KA1VW2,MID150,EQ,21.34,21.35,20.76,21.14,21.14,21.36,367417,7740940.98,444
2026-03-12,INF174KA1XS6,MOMENTUM30,EQ,30.7,30.7,28.94,29.44,29.25,29.72,72144,2115248.24,265
2026-03-12,INF174KA1VD2,MSCIINDIA,EQ,28.82,28.82,28.3,28.58,28.5,28.81,12597,358351.03,90
2026-03-12,INF174KA1YO3,NEXT50ETF,EQ,66.22,66.92,65.75,66.84,66.81,66.8,21580,1429416.74,136
2026-03-12,INF174KA1UW4,NIFTY100EW,EQ,32.12,32.63,31.9,32.43,32.53,32.53,66170,2134668.03,263
2026-03-12,INF174KA1WT6,QUALITY30,EQ,19.47,19.98,19.41,19.72,19.98,19.75,8846,173289.19,71
2026-03-12,INF174KA1ZB7,BANKNIFTY1,EQ,57.71,57.71,56.71,56.89,56.85,57.7,1141835,65032717.36,3290
2026-03-12,INE720A01015,KOTHARIPET,EQ,111.5,113.25,110.56,112.05,111.91,111.67,23335,2611244.33,823
2026-03-12,INE823A01017,KOTHARIPRO,EQ,63.89,64.7,63.37,64.04,63.7,63.89,11087,711328.4,286
2026-03-12,INE419A01022,KOTARISUG,EQ,24.53,24.94,24.1,24.51,24.4,24.53,30398,745318.4,327
2026-03-12,INE0J0B01017,KOTYARK,EQ,316.0,368.0,316.0,360.65,361.3,315.85,312674,103730823.5,1632
2026-03-12,INE542W01025,KPIGREEN,EQ,363.7,431.3,351.2,394.7,396.0,363.7,15664570,6363823405.2,247593
2026-03-12,INE04I401011,KPITTECH,EQ,682.0,683.7,665.65,671.25,672.3,682.75,1341404,904537013.8,34297
2026-03-12,INE930H01031,KPRMILL,EQ,803.0,936.9,796.1,909.4,875.2,810.9,4677636,4166384255.95,155326
2026-03-12,INE001B01026,KRBL,EQ,309.0,323.0,303.8,319.35,319.0,310.3,461643,145727651.8,18832
2026-03-12,INE268B01013,KREBSBIO,EQ,55.5,55.5,51.33,53.72,53.55,54.91,1995,105222.31,62
2026-03-12,INE524L01026,KRIDHANINF,EQ,2.9,2.9,2.73,2.76,2.77,2.77,44620,124886.69,133
2026-03-12,INE506W01012,KRISHANA,EQ,488.2,509.0,486.05,507.4,500.7,495.85,86717,43604989.15,2062
2026-03-12,INE0NR701018,KRISHCA,SM,171.0,175.0,169.95,174.35,174.0,171.0,15000,2563500.0,20
2026-03-12,INE0GGO01015,KRISHIVAL,EQ,315.5,317.6,315.5,317.2,315.75,315.5,8518,2696590.85,151
2026-03-12,INE0J5601015,KRISHNADEF,EQ,1100.0,1109.0,1028.6,1077.5,1072.8,1100.3,201137,215872621.7,9802
2026-03-12,INE967H01025,KIMS,EQ,677.55,680.75,659.55,664.4,661.85,675.9,401680,268480541.45,20527
2026-03-12,INE479D01038,KRITI,EQ,82.53,84.92,80.34,81.33,81.4,82.53,21158,1727552.84,490
2026-03-12,INE798K01010,KRITINUT,EQ,65.3,66.45,63.2,64.13,64.38,65.35,59811,3846892.03,303
2026-03-12,INE00Z501029,KRITIKA,EQ,5.81,6.0,5.81,5.89,5.85,5.89,131691,781453.68,410
2026-03-12,INE1MTV01019,KRMAYURVED,SM,197.0,197.0,195.05,196.9,197.0,197.85,16000,3145750.0,13
2026-03-12,INE0Q3J01015,KRN,EQ,917.9,920.0,890.0,895.9,902.45,926.9,723891,656651332.6,23078
2026-03-12,INE0ATZ01017,KRONOX,EQ,109.58,114.9,109.0,112.4,114.9,111.82,60321,6735983.94,626
2026-03-12,INE0O6601022,KROSS,EQ,191.5,192.05,184.0,188.19,188.0,193.18,211081,39697538.18,3576
2026-03-12,INE08LI01020,KRSNAA,EQ,618.0,618.0,594.45,611.8,615.0,619.4,65751,39834294.35,3180
2026-03-12,INE0QN801017,KRYSTAL,EQ,592.2,593.95,581.2,585.05,588.0,591.2,6049,3551509.15,476
2026-03-12,INE999A01023,KSB,EQ,768.0,770.4,748.95,768.15,768.0,764.0,136023,103468157.5,14055
2026-03-12,INE987S01020,KSHINTL,EQ,413.0,420.0,404.6,412.65,413.95,414.85,288443,119020681.45,10327
2026-03-12,INE013801027,KSHITIJPOL,BE,2.42,2.42,2.3,2.34,2.37,2.42,156832,364416.93,230
2026-03-12,INE0D6I01023,KSOLVES,EQ,294.8,294.8,279.4,282.4,281.5,288.55,36142,10231082.35,1516
2026-03-12,INE1SPP01016,KSR,BE,37.1,37.13,36.5,36.5,36.5,37.24,14618,535959.2,51
2026-03-12,INE529I01021,KUANTUM,EQ,81.75,82.95,81.0,81.69,82.0,82.51,42205,3456116.59,582
2026-03-12,INE0OWX01025,KEL,SM,82.5,83.5,79.05,83.3,83.3,83.5,21600,1784760.0,18
2026-03-12,INE2KCE01013,KWIL,EQ,26.39,26.52,25.02,25.54,25.54,26.59,5991287,155672847.38,20790
2026-03-12,INE498L01015,LTF,EQ,265.15,269.35,260.75,265.5,265.4,266.65,3821356,1014112254.8,51531
2026-03-12,INE010V01017,LTTS,EQ,3100.0,3162.0,3042.0,3129.5,3120.7,3097.4,54267,168877463.8,12122
2026-03-12,INE059D01020,LAOPALA,EQ,193.69,195.17,190.06,193.21,193.71,193.94,45565,8776687.49,4773
2026-03-12,INE548Z01017,LAGNAM,EQ,70.24,70.24,67.01,68.3,68.1,68.86,1642,112814.18,75
2026-03-12,INE850E01012,LFIC,EQ,130.75,130.75,122.01,125.92,126.9,130.86,1467,185744.66,72
2026-03-12,INE0VZS01015,LAKSHYA,SM,110.5,111.9,103.25,108.25,107.0,105.5,21600,2323560.0,22
2026-03-12,INE112F01022,LAMBODHARA,EQ,97.76,100.79,97.0,98.24,98.5,98.88,3033,299056.7,79
2026-03-12,INE0R0201012,LAMOSAIC,SM,24.3,25.7,24.0,24.1,24.1,24.9,10200,254250.0,15
2026-03-12,INE572G01025,LANCORHOL,BE,20.0,20.7,19.14,20.47,20.65,20.14,141050,2767389.28,258
2026-03-12,INE559R01029,LANDMARK,EQ,360.0,360.05,339.5,353.7,356.0,363.15,88740,31279046.0,2305
2026-03-12,INE197J01017,LPDC,EQ,6.45,6.45,5.6,5.85,6.0,5.86,42287,243319.56,235
2026-03-12,INE018A01030,LT,EQ,3825.0,3830.0,3704.9,3719.5,3713.0,3838.8,4255443,16003610914.2,262924
2026-03-12,INE670X01014,LASA,EQ,7.82,7.95,7.43,7.48,7.44,7.81,43500,328107.26,265
2026-03-12,INE0I7C01011,LATENTVIEW,EQ,295.9,301.85,290.75,295.05,296.2,299.15,589409,174306301.6,18187
2026-03-12,INE262Z01023,LATTEYS,EQ,20.4,20.75,20.01,20.4,20.45,20.17,35417,719571.36,297
2026-03-12,INE947Q01028,LAURUSLABS,EQ,1042.0,1057.0,1017.6,1046.8,1047.9,1041.0,1300644,1348789996.5,33133
2026-03-12,INE801V01019,LAXMICOT,BE,13.3,13.92,12.9,13.04,12.96,13.29,11321,150541.38,117
2026-03-12,INE0WO601020,LAXMIDENTL,EQ,183.0,187.26,178.3,183.67,183.05,184.03,78631,14462672.05,2029
2026-03-12,INE258Y01016,LGHL,EQ,272.9,282.0,264.45,272.3,282.0,271.7,26269,7066708.5,397
2026-03-12,INE06WU01026,LAXMIINDIA,EQ,85.2,85.8,82.2,83.63,84.0,84.99,246753,20838594.8,2251
2026-03-12,INE576O01020,LXCHEM,EQ,120.25,124.2,118.02,122.46,121.75,120.65,668590,81376697.65,8192
2026-03-12,INE938A01021,LCCINFOTEC,EQ,5.42,5.42,5.42,5.42,5.42,5.17,80681,437291.02,58
2026-03-12,INE0G1L01017,LEMERITE,EQ,446.9,455.8,439.5,441.2,441.95,442.75,41634,18446662.65,644
2026-03-12,INE0HV901016,IXIGO,EQ,167.49,169.89,165.09,168.19,167.3,167.53,1498084,252419043.49,18758
2026-03-12,INE0H4B01011,LRRPL,SM,63.0,63.0,63.0,63.0,63.0,60.3,1500,94500.0,1
2026-03-12,INE0AQ201015,THELEELA,EQ,429.75,440.0,415.3,435.45,428.0,436.3,216740,93328960.05,15910
2026-03-12,INE970X01018,LEMONTREE,EQ,105.1,106.67,101.05,105.44,105.44,106.37,6334157,657799831.81,59644
2026-03-12,INE956O01016,LENSKART,EQ,496.5,508.4,484.4,504.55,502.5,499.1,899376,448116667.85,25093
2026-03-12,INE500X01013,LEXUS,BE,36.55,37.0,35.85,36.52,37.0,37.35,32154,1161239.1,102
2026-03-12,INE337A01034,LGBBROSLTD,EQ,1897.8,1903.4,1853.1,1858.5,1856.0,1913.6,19903,37337514.6,5039
2026-03-12,INE324D01010,LGEINDIA,EQ,1573.0,1584.9,1553.1,1577.0,1572.0,1594.6,274345,430869135.6,19547
2026-03-12,INE908V01012,LIBAS,EQ,9.9,10.54,9.62,10.29,10.3,9.88,80838,822881.84,277
2026-03-12,INE557B01019,LIBERTSHOE,EQ,220.5,245.0,220.5,239.91,238.9,225.37,41698,9731169.69,1245
2026-03-12,INE115A01026,LICHSGFIN,EQ,500.0,506.15,492.0,498.5,498.9,505.4,2540980,1269459133.9,46075
2026-03-12,INF767K01SM1,LICMFGOLD,EQ,143.9,144.75,143.0,143.9,144.4,144.4,164864,23741039.55,1555
2026-03-12,INF767K01OS7,LICNETFN50,EQ,263.53,265.22,262.61,264.0,264.0,266.77,1180,311727.26,32
2026-03-12,INF767K01OT5,LICNETFSEN,EQ,853.21,861.17,853.21,855.25,855.78,881.12,94,80500.68,19
2026-03-12,INF767K01PC8,LICNFNHGP,EQ,265.1,267.18,264.5,265.06,265.0,268.62,671,178133.74,26
2026-03-12,INF767K01MV5,LICNETFGSC,EQ,29.02,29.12,29.0,29.0,29.03,29.03,6182,179402.27,112
2026-03-12,INF767K01RN1,LICNMID100,EQ,57.07,57.08,55.73,56.69,56.69,56.68,9365,526154.88,133
2026-03-12,INE0J1Y01017,LICI,EQ,799.9,808.0,791.55,796.65,797.5,802.4,755710,602859985.55,20607
2026-03-12,INE060901027,LIKHITHA,EQ,150.09,151.5,145.0,149.81,150.38,149.27,51923,7699425.8,1104
2026-03-12,INE802B01027,LINC,EQ,103.9,103.9,101.0,101.5,103.7,102.46,24718,2515452.49,637
2026-03-12,INE405C01035,LINCOLN,EQ,611.0,624.9,611.0,617.65,614.5,621.85,29968,18532719.7,1181
2026-03-12,INE473A01011,LINDEINDIA,EQ,6740.5,7224.5,6630.0,7189.5,7200.0,6776.0,164617,1166298372.0,32177
2026-03-12,INE093R01011,LLOYDSENGG,EQ,43.89,44.95,42.75,43.93,44.18,44.0,3605163,158632346.0,18156
2026-03-12,INE080I01025,LLOYDSENT,EQ,48.8,49.4,47.35,48.72,48.5,48.81,4317317,210602102.41,13340
2026-03-12,INE0DTQ01028,LLOYDS,SM,49.75,49.75,49.75,49.75,49.75,49.75,23000,1144250.0,4
2026-03-12,INE281B01032,LLOYDSME,EQ,1178.0,1214.9,1155.1,1205.0,1199.9,1185.6,285346,340566446.8,16091
2026-03-12,INE269B01029,LMW,EQ,14502.0,14667.0,14422.0,14520.0,14503.0,14502.0,3699,53663062.0,853
2026-03-12,INE670K01029,LODHA,EQ,875.0,887.05,860.35,869.05,871.0,880.4,728482,636021793.2,25320
2026-03-12,INE397H01017,LOKESHMACH,EQ,205.55,214.9,198.0,210.5,213.9,209.76,91553,18918189.74,3505
2026-03-12,INE846D01012,LORDSCHLO,EQ,123.71,124.9,117.0,119.17,119.0,122.0,19956,2390424.87,375
2026-03-12,INE740X01023,LAL,EQ,7.07,7.34,6.8,6.99,6.96,7.0,14431,101747.15,124
2026-03-12,INE947I01017,LOTUSEYE,EQ,107.0,107.03,102.6,103.51,104.9,107.85,21610,2258069.63,526
2026-03-12,INE597L01014,LOVABLE,EQ,71.0,71.0,66.3,68.38,68.89,68.7,21449,1462989.33,357
2026-03-12,INE970D01010,LOYALTEX,BE,203.6,203.8,203.1,203.1,203.1,203.58,327,66558.7,8
2026-03-12,INE818H01020,LTFOODS,EQ,380.75,392.0,374.25,390.0,389.8,382.75,1399157,538860103.4,27776
2026-03-12,INE214T01019,LTM,EQ,4262.7,4372.9,4220.0,4323.6,4317.0,4262.7,229386,990023374.1,26119
2026-03-12,INE872H01027,LUMAXTECH,EQ,1466.0,1466.0,1379.9,1392.5,1388.0,1470.4,222556,314774636.5,22490
2026-03-12,INE162B01018,LUMAXIND,EQ,5219.0,5219.0,4920.5,4951.0,4950.0,5237.0,20588,103427638.5,4344
2026-03-12,INE326A01037,LUPIN,EQ,2337.0,2361.4,2306.0,2357.3,2358.5,2344.6,870863,2039161088.1,50285
2026-03-12,INE150G01020,LUXIND,EQ,885.05,887.6,870.0,870.15,872.15,890.05,45417,39811491.65,1881
2026-03-12,INE933A01014,LYKALABS,EQ,57.01,57.11,54.35,54.93,54.55,57.01,115552,6438085.34,1565
2026-03-12,INE142K01011,LYPSAGEMS,EQ,5.01,5.08,4.55,4.73,4.8,4.99,115183,547779.68,809
2026-03-12,INE08N601015,MBEL,EQ,296.0,299.5,289.0,293.45,298.8,298.7,73231,21511493.6,3135
2026-03-12,INE964W01021,MKPL,EQ,5.08,5.7,4.83,5.1,5.18,4.9,535448,2831951.56,1108
2026-03-12,INE774D01024,M&MFIN,EQ,350.0,352.3,344.0,346.3,347.2,353.05,906284,314418541.3,19449
2026-03-12,INE0SGC01015,MVKAGRO,SM,502.05,512.0,502.05,507.5,509.1,516.8,12600,6408915.0,15
2026-03-12,INE215I01027,MAANALU,BE,129.31,135.0,126.65,131.34,132.0,129.31,55024,7204866.29,297
2026-03-12,INE155Z01011,MACPOWER,EQ,952.25,952.25,926.0,928.4,930.0,947.5,7979,7432514.3,858
2026-03-12,INE813V01022,MCL,BE,61.0,65.25,60.13,64.54,64.8,62.45,109847,6909108.52,1017
2026-03-12,INE925C01016,MADHAV,EQ,36.48,36.87,35.1,35.41,36.26,35.95,6155,222521.06,70
2026-03-12,INE378D01032,MADHUCON,EQ,4.63,4.63,4.51,4.6,4.62,4.59,28507,130757.79,67
2026-03-12,INE0P6701019,MADHUSUDAN,SM,151.4,154.8,148.1,153.05,154.8,151.45,9000,1358000.0,9
2026-03-12,INE900L01010,MBAPL,EQ,461.55,467.9,457.0,466.95,467.65,463.95,293702,135906810.25,4678
2026-03-12,INE414A01015,MADRASFERT,EQ,66.82,66.82,63.37,64.03,64.08,66.3,138373,8953136.29,1584
2026-03-12,INE347W01011,MAGADSUGAR,EQ,452.5,461.75,443.0,447.05,445.0,452.3,18824,8507543.1,984
2026-03-12,INE613C01026,MCLOUD,EQ,23.78,23.78,22.65,22.87,22.88,23.36,721502,16608709.75,3514
2026-03-12,INE387I01016,MAGNUM,EQ,19.99,19.99,19.22,19.57,19.75,19.62,26161,511927.01,158
2026-03-12,INE0O1S01012,MAGSON,SM,137.0,139.0,137.0,139.0,139.0,138.0,81000,11237000.0,16
2026-03-12,INE843B01013,MAHAPEXLTD,EQ,114.0,118.1,112.25,115.39,115.5,107.57,99956,11574686.75,2002
2026-03-12,INE0US801024,MFML,EQ,23.31,25.0,22.0,22.94,23.0,24.28,8471,199675.02,201
2026-03-12,INE112D01035,MHLXMIRU,EQ,172.97,172.97,160.02,166.38,167.0,166.21,1670,276997.69,60
2026-03-12,INE451L01014,MAHASTEEL,EQ,999.95,1050.0,972.05,1020.9,999.95,1014.7,29215,29833402.35,1905
2026-03-12,INE002S01010,MGL,EQ,1050.9,1086.0,1010.1,1050.2,1052.0,1049.3,1922874,2029810586.0,80615
2026-03-12,INE153A01019,MTNL,EQ,26.49,27.11,25.25,26.08,26.11,26.06,2311959,60117697.0,8520
2026-03-12,INE288A01013,MAHSCOOTER,EQ,12552.0,12900.0,12552.0,12816.0,12800.0,12755.0,3523,45006262.0,1433
2026-03-12,INE271B01025,MAHSEAMLES,EQ,557.45,563.55,545.0,561.5,562.85,556.9,198181,109989019.1,10265
2026-03-12,INE632Q01018,MRIL,SM,46.05,46.05,43.0,44.35,44.5,47.65,27200,1209040.0,17
2026-03-12,INE263W01010,MAHESHWARI,EQ,40.94,41.7,40.0,40.32,40.0,40.95,16830,685876.77,114
2026-03-12,INE101A01026,M&M,EQ,3115.1,3142.8,3020.0,3031.2,3029.1,3168.2,6968585,21299817984.8,280715
2026-03-12,INE215D01010,MAHEPC,EQ,113.8,114.97,112.92,113.53,114.45,114.12,25534,2907887.32,1122
2026-03-12,INE998I01010,MHRIL,EQ,266.0,269.0,263.2,265.95,268.0,268.35,132879,35255585.8,4172
2026-03-12,INE813A01018,MAHLIFE,EQ,353.75,359.3,350.5,354.65,354.3,357.5,66144,23470373.5,4748
2026-03-12,INE766P01016,MAHLOG,EQ,389.05,400.6,383.0,398.2,396.0,394.95,268293,105847611.25,9384
2026-03-12,INE683C01011,MAITHANALL,EQ,936.0,960.3,928.0,941.7,947.0,947.0,52492,49560410.9,2516
2026-03-12,INE0PLQ01011,MAITREYA,SM,207.0,220.6,206.0,217.8,219.85,229.15,12800,2753040.0,31
2026-03-12,INE389C01015,MALLCOM,EQ,1060.1,1083.9,1054.8,1065.5,1062.9,1052.4,2498,2676783.2,236
2026-03-12,INE383H01017,MALUPAPER,EQ,31.99,32.13,31.2,31.39,31.31,31.99,1660,52524.24,57
2026-03-12,INE0TO701015,MAMATA,EQ,383.0,396.55,379.0,388.65,387.7,385.45,54846,21322072.35,2321
2026-03-12,INE830Q01018,MANAKCOAT,EQ,116.3,116.3,110.99,112.36,111.0,115.23,350741,39820547.83,3540
2026-03-12,INE993A01026,MANINDS,EQ,416.0,416.5,404.5,411.0,411.0,417.95,270105,110626317.85,6248
2026-03-12,INE949H01023,MANINFRA,EQ,97.7,100.61,96.07,98.21,98.35,98.49,511960,50463877.11,4418
2026-03-12,INE859Q01017,MANAKALUCO,BE,28.71,28.71,27.52,27.65,27.8,28.67,103874,2890186.83,390
2026-03-12,INE015D01022,MANAKSIA,EQ,55.3,57.0,54.51,55.96,55.8,55.51,24239,1357703.09,342
2026-03-12,INE824Q01011,MANAKSTEEL,EQ,55.01,56.36,54.0,55.05,56.36,55.56,5199,285299.52,90
2026-03-12,INE201A01024,MANALIPETC,EQ,49.8,50.0,48.42,49.14,49.23,49.99,270276,13332062.12,2703
2026-03-12,INE522D01027,MANAPPURAM,EQ,255.0,259.35,250.95,255.55,254.95,258.0,4928562,1263269617.5,33427
2026-03-12,INE0U4H01011,MPEL,SM,45.5,45.5,45.0,45.0,45.0,45.0,156800,7057600.0,11
2026-03-12,INE939X01013,MANBA,EQ,113.0,121.02,110.0,115.59,114.49,113.19,52246,5989206.63,866
2026-03-12,INE545L01039,MANCREDIT,EQ,171.15,171.35,166.5,168.19,166.56,170.93,75859,12824613.13,522
2026-03-12,INE0PKD01011,MEIL,EQ,240.14,241.9,232.1,235.27,234.96,239.15,47258,11180690.22,1758
2026-03-12,INE00C401011,MAL,SM,36.5,36.5,36.5,36.5,36.5,38.0,4800,175200.0,1
2026-03-12,INE347A01017,MANGLMCEM,EQ,821.55,831.45,806.25,809.8,807.1,834.05,54142,44290200.65,2722
2026-03-12,INE584F01014,MANGALAM,BE,30.62,33.0,30.62,31.92,32.0,31.89,50312,1596258.78,267
2026-03-12,INE0APB01032,MGEL,EQ,9.84,10.35,9.8,10.26,10.35,10.08,182777,1860266.52,524
2026-03-12,INE370D01013,MANORG,EQ,420.35,423.9,414.5,416.45,416.45,422.1,704,295062.2,63
2026-03-12,INE0JYY01011,MWL,EQ,270.1,275.55,262.3,273.4,273.0,273.05,63889,17244754.9,1015
2026-03-12,INE0R3101011,MIEL,SM,14.75,15.25,14.75,15.25,15.25,14.75,6000,90500.0,3
2026-03-12,INE1ERK01013,MANILAM,ST,58.45,60.0,57.0,59.3,60.0,58.45,18000,1047800.0,9
2026-03-12,INE634S01028,MANKIND,EQ,2210.0,2243.5,2184.7,2207.9,2206.2,2243.8,310028,685909767.6,32786
2026-03-12,INE0KNT01012,MVGJL,EQ,154.02,155.6,151.33,151.93,152.28,154.02,82918,12740558.48,1541
2026-03-12,INE784W01015,MANOMAY,EQ,224.5,234.0,215.26,225.01,225.0,224.29,106974,23667198.16,2234
2026-03-12,INE00VM01036,MANORAMA,EQ,1321.0,1338.4,1294.0,1325.4,1328.6,1337.2,49886,65716853.5,7833
2026-03-12,INE867A01022,MANUGRAPH,EQ,13.91,14.45,13.66,14.29,14.3,14.06,1907,27019.78,68
2026-03-12,INE882A01013,MARALOVER,EQ,41.36,42.63,40.61,41.94,41.98,41.35,5130,212662.43,130
2026-03-12,INE182D01020,MARATHON,EQ,409.95,421.7,402.5,406.55,410.0,413.5,477327,197414344.8,22463
2026-03-12,INE0TD401015,MARC,SM,63.0,64.9,63.0,64.9,64.9,63.5,3600,229080.0,2
2026-03-12,INE0QP001012,MARCO,SM,32.5,32.5,32.5,32.5,32.5,34.4,3000,97500.0,1
2026-03-12,INE196A01026,MARICO,EQ,762.0,764.3,749.35,757.15,760.85,761.6,4308894,3261806154.35,69897
2026-03-12,INE01JE01028,MARINE,EQ,183.9,186.44,178.21,182.45,181.8,185.2,296419,54030110.23,5945
2026-03-12,INE0P1P01017,MARINETRAN,ST,17.45,17.45,17.45,17.45,17.45,18.35,4000,69800.0,1
2026-03-12,INE0FW001016,MARKOLINES,EQ,154.05,158.8,150.2,151.35,150.99,154.09,153886,23784667.43,1897
2026-03-12,INE750C01026,MARKSANS,EQ,171.82,174.35,169.48,173.18,173.0,172.95,493758,85194379.71,9478
2026-03-12,INE585B01010,MARUTI,EQ,13430.0,13430.0,12966.0,13011.0,12995.0,13497.0,544683,7152895645.0,115381
2026-03-12,INE348L01012,MASFIN,EQ,296.0,309.7,296.0,304.05,305.0,303.4,59524,17979402.4,2644
2026-03-12,INE885F01015,MASKINVEST,EQ,132.1,132.1,132.0,132.0,132.0,132.09,3,396.2,2
2026-03-12,INE0SH001010,MASON,SM,149.2,149.2,145.0,145.05,145.0,148.05,32500,4756325.0,20
2026-03-12,INE759A01021,MASTEK,EQ,1570.4,1578.9,1544.1,1557.7,1560.8,1579.2,32982,51485942.1,3746
2026-03-12,INE0OJM01017,MASTER,SM,315.9,315.9,315.9,315.9,315.9,304.0,1000,315900.0,1
2026-03-12,INE677D01037,MASTERTR,EQ,75.79,75.79,72.85,74.15,74.1,75.37,97965,7254725.41,1455
2026-03-12,INE866R01028,MATRIMONY,EQ,391.5,393.1,380.25,383.65,381.9,396.5,31768,12296306.25,1407
2026-03-12,INE636A01039,MAWANASUG,EQ,80.82,80.82,79.31,79.98,79.4,80.82,34902,2801798.29,406
2026-03-12,INE03EI01018,MAXESTATES,EQ,377.9,389.45,368.45,374.8,374.5,375.45,50783,19205143.85,2721
2026-03-12,INE180A01020,MFSL,EQ,1722.0,1722.0,1677.9,1696.2,1701.8,1725.5,827123,1401012483.4,45102
2026-03-12,INE027H01010,MAXHEALTH,EQ,1022.1,1031.6,1008.8,1020.4,1019.9,1032.2,5744427,5870184596.1,81770
2026-03-12,INE0CG601016,MAXIND,EQ,147.5,152.95,146.15,149.28,146.15,152.39,27865,4198866.73,595
2026-03-12,INE0ECC01022,MAXPOSURE,SM,35.5,35.5,33.5,33.5,33.5,35.75,12000,409000.0,7
2026-03-12,INE10A501018,MAXVOLT,SM,248.0,264.7,243.0,264.15,264.7,252.1,102400,26561320.0,110
2026-03-12,INE0ZTO01018,MAYASHEEL,SM,55.0,55.1,54.95,54.95,54.95,55.4,66000,3630150.0,4
2026-03-12,INE040D01038,MAYURUNIQ,EQ,510.85,523.9,502.0,521.0,523.7,510.85,57260,29501657.35,2355
2026-03-12,INE249Z01020,MAZDOCK,EQ,2400.0,2470.9,2382.0,2443.3,2449.0,2436.1,2150371,5208429847.3,67038
2026-03-12,INE885E01042,MAZDA,EQ,192.1,193.49,187.1,188.63,187.15,193.02,7840,1492036.22,274
2026-03-12,INE912H01013,MBLINFRA,EQ,25.19,25.19,23.96,24.44,24.0,25.32,501565,12301852.85,953
2026-03-12,INE942G01012,MCLEODRUSS,EQ,39.78,40.24,38.11,38.6,38.58,39.78,564497,22036012.27,2307
2026-03-12,INE456Z01021,MEDIASSIST,EQ,324.5,324.55,310.0,312.6,314.6,324.75,174063,55006245.45,11036
2026-03-12,INE646B01010,MEDICAMEQ,EQ,283.0,284.95,271.6,275.2,274.5,283.0,34052,9521051.4,1310
2026-03-12,INE0PE401018,MEDIORG,SM,22.95,22.95,22.85,22.95,22.95,21.9,10000,229200.0,5
2026-03-12,INE630Y01024,MEDICO,EQ,41.5,41.5,37.97,38.94,38.93,40.84,221354,8683345.13,1660
2026-03-12,INE0UOY01019,MEDISTEP,ST,19.95,19.95,19.95,19.95,19.95,21.0,24000,478800.0,7
2026-03-12,INE804L01022,MEDPLUS,EQ,822.6,855.0,815.0,844.1,855.0,830.35,273277,229677059.45,10682
2026-03-12,INE0VDM01015,MEESHO,EQ,140.0,143.64,139.0,141.37,141.79,139.4,4864451,686319526.72,68593
2026-03-12,INE0G1D01014,MEGAFLEX,ST,145.0,147.75,145.0,147.75,147.75,141.7,6000,878250.0,2
2026-03-12,INE00EM01016,MEGASTAR,EQ,236.46,237.0,236.0,236.02,236.0,236.46,1315,310404.83,23
2026-03-12,INE531R01010,MEGATHERM,SM,203.0,208.95,203.0,204.95,204.95,204.75,84800,17441060.0,38
2026-03-12,INE0CT101020,MOL,EQ,44.59,46.26,43.47,45.17,45.3,44.81,1685592,74974611.56,4107
2026-03-12,INE071D01033,MENONBE,EQ,127.0,129.39,123.5,126.91,126.51,126.79,58187,7354388.47,973
2026-03-12,INE776I01010,MEP,BZ,0.95,0.95,0.93,0.95,0.95,0.94,347205,328181.43,81
2026-03-12,INE317I01021,METROBRAND,EQ,936.2,962.2,936.2,950.8,945.2,947.0,19379,18405772.0,3517
2026-03-12,INE112L01020,METROPOLIS,EQ,1844.9,1849.0,1800.0,1823.9,1823.0,1837.0,30599,55889894.3,6924
2026-03-12,INE287C01037,MICEL,EQ,34.5,35.74,33.82,35.02,35.4,34.93,569211,19815318.67,2818
2026-03-12,INE0PZK01014,MICROPRO,SM,19.45,19.45,19.45,19.45,19.45,18.5,3200,62240.0,2
2026-03-12,INE0XAD01024,MIDWESTLTD,EQ,1210.0,1245.5,1172.6,1225.8,1230.0,1221.4,63525,76955040.0,5366
2026-03-12,INE842C01021,MINDACORP,EQ,495.05,495.1,468.5,481.15,483.7,494.25,470493,225090419.7,21562
2026-03-12,INE0CCU25019,MINDSPACE,RR,459.98,459.98,451.0,451.98,452.0,459.14,248822,113320515.45,17827
2026-03-12,INE110B01017,MINDTECK,EQ,192.5,195.34,187.42,191.71,193.0,192.51,31759,6068578.03,1095
2026-03-12,INF769K01KU7,ALPHAETF,EQ,23.89,23.92,23.55,23.7,23.72,24.02,547612,12989726.68,1350
2026-03-12,INF769K01KR3,BANKETF,EQ,561.25,565.13,556.4,559.53,559.9,566.15,28642,16037699.2,1755
2026-03-12,INF769K01LZ4,BANKPSU,EQ,88.1,89.76,87.03,88.8,88.92,88.91,43527,3872819.14,223
2026-03-12,INF769K01NS5,CONSUMER,EQ,10.51,10.51,10.22,10.3,10.31,10.45,179055,1842898.3,615
2026-03-12,INF769K01QC2,DEFENCE,EQ,68.21,68.27,66.54,67.42,67.47,67.88,149610,10063452.93,480
2026-03-12,INF769K01PY8,DIVIDEND,EQ,34.9,35.86,34.87,35.64,35.57,35.3,5353,189265.11,83
2026-03-12,INF769K01PR2,ENERGY,EQ,36.24,37.2,35.99,37.02,37.02,36.24,2153878,79304029.77,1568
2026-03-12,INF769K01OA1,EQUAL200,EQ,12.7,12.79,12.55,12.72,12.7,12.75,103507,1314602.72,127
2026-03-12,INF769K01OO2,EQUAL50,EQ,313.91,315.3,312.53,314.63,314.63,317.18,2122,665682.92,37
2026-03-12,INF769K01LQ3,EVINDIA,EQ,28.84,28.84,28.05,28.2,28.25,28.72,340752,9619162.64,2673
2026-03-12,INF769K01QA6,HEALTHCARE,EQ,18.65,18.8,18.59,18.72,18.73,18.84,58194,1087575.89,101
2026-03-12,INF769K01QB4,INFRA,EQ,10.88,11.06,10.8,10.99,10.99,10.95,15671,172380.12,127
2026-03-12,INF769K01PB6,INTERNET,EQ,11.07,11.34,10.85,11.04,11.02,11.17,463766,5119628.26,419
2026-03-12,INF769K01KV5,ITETF,EQ,31.14,31.33,30.83,31.1,31.14,31.14,529873,16457680.87,2308
2026-03-12,INF769K01KS1,LIQUID,EQ,999.99,1000.0,999.99,999.99,999.99,999.99,117160,117159583.68,139
2026-03-12,INF769K01MY5,LIQUIDPLUS,EQ,1076.12,1076.12,1076.1,1076.1,1076.12,1075.98,339418,365248767.47,224
2026-03-12,INF769K01GS9,ESG,EQ,41.0,41.0,39.77,39.87,39.99,40.27,16128,643192.65,135
2026-03-12,INF769K01HF4,MAFANG,EQ,162.88,162.88,162.88,162.88,162.88,163.74,98395,16026577.6,917
2026-03-12,INF769K01HI8,BFSI,EQ,27.0,27.0,26.34,26.53,26.55,26.83,401674,10668522.59,1287
2026-03-12,INF769K01JP9,GOLDETF,EQ,155.37,155.7,154.51,155.5,155.04,155.48,1546468,239986926.72,5301
2026-03-12,INF769K01KF8,GSEC10YEAR,EQ,30.02,30.4,29.93,29.97,29.95,29.91,29971,898551.25,52
2026-03-12,INF769K01HS7,MAHKTECH,EQ,23.82,23.82,22.84,22.99,22.99,23.25,1198689,27635175.92,6120
2026-03-12,INF769K01IC9,MIDCAPETF,EQ,21.24,21.38,20.87,21.22,21.24,21.28,3454390,72880356.84,10368
2026-03-12,INF769K01IB1,MAKEINDIA,EQ,155.68,155.68,151.01,153.07,153.11,154.08,50336,7686396.33,589
2026-03-12,INF769K01EG9,NIFTYETF,EQ,257.32,257.67,253.78,255.66,255.75,258.13,1487714,379878736.6,3755
2026-03-12,INF769K01JU9,LOWVOL,EQ,197.75,198.98,197.75,197.75,197.75,199.95,2179,432271.0,18
2026-03-12,INF769K01FN2,NEXT50,EQ,680.01,687.14,670.98,682.9,682.91,683.42,36998,25162944.51,1796
2026-03-12,INF769K01KG6,SILVERAG,EQ,262.77,262.77,250.64,258.46,258.5,256.37,390901,100370823.33,4000
2026-03-12,INF769K01HP3,MASPTOP50,EQ,70.66,70.66,69.11,69.77,69.98,69.38,229148,15994931.21,2799
2026-03-12,INF769K01LY7,METAL,EQ,12.0,12.18,11.64,11.93,11.9,11.89,6271330,74122459.6,9727
2026-03-12,INF769K01LJ8,MIDSMALL,EQ,45.4,45.82,44.8,45.57,45.52,45.6,594113,27019226.78,1161
2026-03-12,INF769K01LX9,MULTICAP,EQ,15.47,15.47,15.1,15.26,15.27,15.35,271678,4130864.65,718
2026-03-12,INF769K01ON4,SELECTIPO,EQ,40.5,40.5,39.55,40.15,40.16,40.5,31870,1272017.25,145
2026-03-12,INF769K01KT9,SENSEXETF,EQ,79.02,79.02,77.76,77.99,77.9,78.88,130018,10160483.43,839
2026-03-12,INF769K01PQ4,SMALL250,EQ,15.39,15.43,15.04,15.29,15.3,15.41,877407,13379880.59,1081
2026-03-12,INF769K01LC3,SMALLCAP,EQ,39.52,40.7,39.52,40.3,40.39,40.54,3032085,121754661.76,5946
2026-03-12,INF769K01PZ5,TOP20,EQ,8.7,8.7,8.57,8.58,8.58,8.71,1205225,10410065.13,299
2026-03-12,INE831A01028,MIRCELECTR,EQ,25.6,25.76,24.6,24.96,24.99,25.17,694829,17438270.65,1705
2026-03-12,INE771A01026,MIRZAINT,EQ,30.72,31.99,30.72,31.38,31.62,31.78,92636,2908714.4,1014
2026-03-12,INE099Z01011,MIDHANI,EQ,335.0,335.7,325.3,332.3,333.8,336.05,460733,152185456.85,16298
2026-03-12,INE828O01033,MITCON,EQ,53.0,55.95,52.23,54.51,53.0,53.28,6146,328687.98,81
2026-03-12,INE997Y01027,MITTAL,EQ,0.86,0.87,0.74,0.83,0.83,0.85,914612,749788.27,565
2026-03-12,INE227C01017,MMFL,EQ,449.65,455.9,435.65,448.65,446.5,455.65,60572,27172894.6,2297
2026-03-12,INE511Y01018,MMP,EQ,225.0,231.59,224.01,226.46,226.41,229.86,16342,3705353.36,433
2026-03-12,INE123F01029,MMTC,EQ,55.25,56.83,53.76,55.63,55.64,55.45,1357349,75209243.57,11239
2026-03-12,INE1YNB01019,MOBILISE,ST,51.3,51.3,48.8,49.9,49.9,51.3,22400,1121360.0,14
2026-03-12,INE794W01014,MODTHREAD,EQ,55.62,55.62,50.55,51.76,51.65,54.27,5908,311951.17,82
2026-03-12,INE537F01012,MODINATUR,EQ,278.5,278.5,268.0,272.9,268.0,278.5,2682,731961.4,127
2026-03-12,INE832A01018,MODIRUBBER,EQ,113.63,116.02,110.26,113.83,111.7,113.63,3261,370491.05,170
2026-03-12,INE0L0L01012,MODIS,EQ,313.05,317.0,303.15,306.25,304.55,310.05,9624,2993121.25,552
2026-03-12,INE737D01021,MODISONLTD,EQ,128.0,128.38,124.52,125.74,126.6,128.75,40859,5162579.1,873
2026-03-12,INE450S01011,MHHL,SM,35.5,35.5,35.5,35.5,35.5,35.7,9000,319500.0,4
2026-03-12,INE954E01012,MOHITIND,EQ,23.35,23.8,22.3,23.02,23.2,23.32,15633,357511.79,154
2026-03-12,INE490G01020,MOIL,EQ,276.9,276.9,269.0,271.95,272.8,277.8,1329105,361446177.45,26905
2026-03-12,INE514Y01020,MOKSH,EQ,11.51,12.03,11.35,11.5,11.4,11.73,785565,9346185.88,604
2026-03-12,INE893J01029,MOLDTKPAC,EQ,515.0,523.25,505.05,515.5,514.0,526.35,52507,26953896.25,2835
2026-03-12,INE835B01035,MOLDTECH,EQ,130.0,131.59,125.24,128.16,128.6,130.77,68060,8668804.27,1357
2026-03-12,INE903D01011,MONARCH,EQ,249.0,254.95,239.85,251.45,251.0,250.2,133350,32989770.8,1834
2026-03-12,INE296Q01012,MONEYBOXX,EQ,65.1,67.75,65.1,66.13,67.75,67.14,29292,1955700.02,511
2026-03-12,INE0OIP01012,MONOPHARMA,SM,11.6,11.65,11.6,11.6,11.6,11.15,84000,975400.0,11
2026-03-12,INE1DV401010,MONOLITH,SM,401.0,412.45,390.5,406.95,406.95,401.1,15000,6041012.5,30
2026-03-12,INE950M01013,MONTECARLO,EQ,520.1,527.95,514.45,519.95,527.0,523.1,12065,6289963.6,826
2026-03-12,INE161G01027,MORARJEE,BZ,6.66,6.66,6.66,6.66,6.66,6.35,1,6.66,1
2026-03-12,INE083A01026,MOREPENLAB,EQ,40.22,40.95,39.26,40.26,40.39,40.11,2799739,112365804.83,10958
2026-03-12,INE0N7S01028,MOS,SM,17.6,17.65,16.55,16.85,16.7,17.7,240000,4069600.0,43
2026-03-12,INE935B01025,MOSCHIP,EQ,167.9,180.63,165.17,171.64,172.15,169.91,3340212,580186087.73,35861
2026-03-12,INE0FS801015,MSUMI,EQ,40.2,40.33,39.27,40.06,40.15,40.18,2843268,113498410.64,26589
2026-03-12,INF247L01023,MOM100,EQ,60.95,61.18,59.7,60.7,60.68,60.95,601318,36342473.09,3536
2026-03-12,INF247L01AP3,MON100,EQ,216.71,224.98,216.71,223.82,224.75,222.27,587377,130366954.59,13673
2026-03-12,INE338I01027,MOTILALOFS,EQ,695.0,713.2,682.55,697.4,697.0,699.05,1174778,823728053.15,42489
2026-03-12,INF247L01536,MOM50,EQ,249.96,249.96,245.46,246.19,248.85,249.96,9047,2233683.69,227
2026-03-12,INF247L01AK4,MOGSEC,EQ,63.59,64.08,63.59,63.78,63.78,63.59,41416,2643506.88,34
2026-03-12,INF247L01FR8,MOALPHA50,EQ,47.48,47.99,47.18,47.8,47.87,48.18,7691,366812.57,56
2026-03-12,INF247L01EV3,MOCAPITAL,EQ,46.76,46.76,44.85,45.48,45.57,45.62,343188,15525148.38,1956
2026-03-12,INF247L01DJ0,MODEFENCE,EQ,90.72,91.36,88.85,90.37,90.4,90.72,3502935,314989589.55,10218
2026-03-12,INF247L01GH7,MOENERGY,EQ,36.99,37.88,36.04,37.1,37.5,36.93,343835,12679887.13,1422
2026-03-12,INF247L01FY4,MOGOLD,EQ,158.2,158.75,157.15,158.35,158.55,158.35,166978,26460141.3,863
2026-03-12,INF247L01BB1,MOHEALTH,EQ,44.52,44.79,43.68,44.29,44.79,44.3,45265,1998845.25,546
2026-03-12,INF247L01FL1,MOINFRA,EQ,58.78,59.4,57.27,58.92,58.95,58.22,5307,310155.35,96
2026-03-12,INF247L01GI5,MOIPO,EQ,39.85,40.52,39.7,40.18,39.72,40.66,708,28364.18,39
2026-03-12,INF247L01BL0,MOLOWVOL,EQ,36.24,36.4,36.05,36.3,36.3,36.59,1068052,38779042.27,151
2026-03-12,INF247L01DK8,MOMENTUM50,EQ,48.76,49.32,48.25,48.58,48.79,49.23,1880924,91273749.02,3765
2026-03-12,INF247L01FK3,MOMGF,EQ,149.0,151.12,148.95,149.81,150.54,151.0,16800,2510938.9,64
2026-03-12,INF247L01FQ0,MOMIDMTM,EQ,59.69,59.7,58.41,59.35,59.7,59.63,66582,3928160.77,426
2026-03-12,INF247L01GK1,MOMNC,EQ,29.9,29.9,29.54,29.82,29.82,30.02,442,13126.56,20
2026-03-12,INF247L01BK2,MOMOMENTUM,EQ,59.75,59.85,58.43,58.73,58.45,59.85,159233,9371751.07,958
2026-03-12,INF247L01FC0,MON50EQUAL,EQ,31.74,31.74,31.17,31.53,31.52,31.74,14281,449366.9,50
2026-03-12,INF247L01FD8,MONEXT50,EQ,66.3,66.49,64.95,66.24,66.23,66.37,5177,341623.81,63
2026-03-12,INF247L01GG9,MONIFTY100,EQ,24.75,24.75,24.2,24.48,24.48,24.67,338550,8219956.62,110
2026-03-12,INF247L01BU1,MONIFTY500,EQ,22.58,22.59,22.15,22.38,22.38,22.5,988036,22058682.84,2177
2026-03-12,INF247L01AU3,MONQ50,EQ,95.7,98.24,95.51,97.48,98.0,95.85,55358,5350725.37,1662
2026-03-12,INF247L01FO5,MOPSE,EQ,102.13,105.0,101.91,104.8,104.76,103.1,6542,681984.53,44
2026-03-12,INF247L01BH8,MOQUALITY,EQ,186.59,189.36,186.5,188.86,188.92,189.65,206273,38956070.54,129
2026-03-12,INF247L01CI4,MOREALTY,EQ,73.16,73.57,71.3,71.9,72.3,73.15,1097430,79205275.96,5203
2026-03-12,INF247L01GJ3,MOSERVICE,EQ,30.21,30.44,30.21,30.33,30.36,30.55,2577,78095.31,66
2026-03-12,INF247L01FZ1,MOSILVER,EQ,260.95,263.27,255.41,261.39,262.25,267.23,161028,41723981.57,4906
2026-03-12,INF247L01CH6,MOSMALL250,EQ,15.27,15.44,15.11,15.33,15.38,15.36,2030093,30944116.18,3000
2026-03-12,INF247L01FP2,MOTOUR,EQ,70.51,72.78,69.72,71.52,71.35,71.91,48580,3450850.2,419
2026-03-12,INF247L01BE5,MOVALUE,EQ,117.85,118.12,114.23,117.42,117.84,116.93,458824,53743433.01,1598
2026-03-12,INE0FRK01020,MOTISONS,EQ,13.75,13.81,13.38,13.49,13.6,13.77,2560718,34664898.06,4692
2026-03-12,INE861B01023,MOTOGENFIN,EQ,20.45,20.7,19.31,19.89,19.9,20.1,8197,164669.08,59
2026-03-12,INE0XM301010,MMEL,SM,26.0,26.0,25.75,25.9,25.75,26.7,18000,467100.0,6
2026-03-12,INE356A01018,MPHASIS,EQ,2179.0,2213.0,2157.0,2185.2,2184.4,2184.9,423505,926125512.2,18838
2026-03-12,INE943D01017,MPSLTD,EQ,1475.1,1520.5,1440.0,1471.9,1483.9,1482.5,24058,35773457.1,3159
2026-03-12,INE883A01011,MRF,EQ,135795.0,138250.0,134435.0,138005.0,137930.0,136255.0,5563,761103820.0,4250
2026-03-12,INE103A01014,MRPL,EQ,186.0,194.0,177.37,191.44,191.21,186.92,12972081,2433339054.37,82282
2026-03-12,INE495P01020,BECTORFOOD,EQ,189.33,190.27,181.6,184.61,184.0,187.7,922518,170321274.89,22561
2026-03-12,INE752G01015,MSPL,EQ,31.79,32.4,31.11,31.71,31.57,31.79,1974353,62830716.56,6411
2026-03-12,INE255X01014,MSTCLTD,EQ,425.0,435.25,417.2,428.8,429.25,423.0,145085,61848230.4,6244
2026-03-12,INE472M01018,MTEDUCARE,BE,1.47,1.5,1.37,1.45,1.41,1.43,20786,30598.1,43
2026-03-12,INE864I01014,MTARTECH,EQ,3564.5,3570.0,3404.7,3514.0,3518.0,3575.3,305641,1069963513.8,30447
2026-03-12,INE08KJ01020,MUFIN,EQ,105.66,105.8,102.8,104.34,104.05,105.66,365330,38064667.75,2225
2026-03-12,INE304A01026,MUKANDLTD,EQ,123.0,123.12,119.74,120.72,120.6,123.61,80811,9818660.73,1156
2026-03-12,INE0CG401037,MUKKA,EQ,22.8,22.89,22.17,22.43,22.48,22.93,253926,5694978.35,1286
2026-03-12,INE374B01019,MUKTAARTS,EQ,49.01,50.99,46.11,47.32,47.59,48.13,7511,355707.17,100
2026-03-12,INE745G01043,MCX,EQ,2512.7,2539.9,2466.9,2526.1,2525.0,2531.6,2510419,6291193675.0,71007
2026-03-12,INE1K8Y01018,MUNISH,SM,62.0,72.9,59.8,67.15,67.2,61.2,64800,4078560.0,33
2026-03-12,INE672B01032,MUNJALAU,EQ,80.06,80.06,77.01,78.41,78.1,80.91,111116,8703290.28,1833
2026-03-12,INE577A01027,MUNJALSHOW,EQ,127.53,127.53,124.0,124.76,124.61,127.12,23721,2963613.33,406
2026-03-12,INE692B01014,MURUDCERA,EQ,30.95,31.39,30.21,30.72,30.65,30.77,22556,695753.98,172
2026-03-12,INE919I01024,RADIOCITY,EQ,5.81,5.95,5.7,5.76,5.79,5.81,83947,483016.38,307
2026-03-12,INE296G01013,MUTHOOTCAP,EQ,207.3,207.3,200.05,201.42,203.2,208.34,15301,3106519.05,662
2026-03-12,INE414G01012,MUTHOOTFIN,EQ,3127.0,3253.4,3119.1,3244.0,3242.3,3163.9,1798792,5718762327.2,62666
2026-03-12,INE046W01019,MUTHOOTMF,EQ,152.0,155.25,150.8,153.56,154.0,155.79,142678,21863758.47,3216
2026-03-12,INE0RVQ01016,MYMUDRA,SM,76.2,76.2,76.0,76.05,76.0,77.95,3600,274020.0,3
2026-03-12,INE740D01017,NRAIL,EQ,429.95,429.95,393.95,409.35,405.0,429.8,14220,5807520.35,1074
2026-03-12,INE104101014,NRVANDANA,SM,54.7,55.65,54.7,55.5,55.5,57.7,15000,831000.0,5
2026-03-12,INE365I01020,NBIFIN,EQ,1820.1,1875.0,1800.0,1811.3,1806.1,1842.9,624,1138730.1,81
2026-03-12,INE295D01020,NACLIND,EQ,122.44,123.17,118.21,121.06,121.8,122.44,246000,29755818.05,3180
2026-03-12,INE756C01015,NDGL,EQ,2449.0,2450.0,2370.0,2399.1,2398.0,2450.6,200,479492.4,65
2026-03-12,INE454M01024,NAGAFERT,EQ,4.28,4.29,4.18,4.19,4.18,4.18,272588,1149243.34,528
2026-03-12,INE245I01016,NAGREEKCAP,EQ,25.6,25.6,24.21,24.97,24.35,24.94,7518,188810.72,117
2026-03-12,INE123B01028,NAGREEKEXP,EQ,23.51,23.81,23.08,23.4,23.68,23.51,4999,117186.77,39
2026-03-12,INE049I01012,NAHARCAP,EQ,221.44,237.99,217.62,227.01,226.5,222.61,20183,4541326.53,1006
2026-03-12,INE289A01011,NAHARINDUS,EQ,93.5,95.96,91.05,92.25,92.0,92.85,20259,1866556.5,284
2026-03-12,INE308A01027,NAHARPOLY,EQ,233.0,242.5,230.43,238.38,239.0,234.33,5488,1290387.11,393
2026-03-12,INE290A01027,NAHARSPING,EQ,194.23,198.38,190.97,194.95,195.0,194.87,17143,3338053.89,485
2026-03-12,INE236Y01012,NGIL,EQ,24.3,25.98,24.04,25.09,24.15,24.02,34571,863102.37,518
2026-03-12,INE023A01030,NSIL,EQ,5640.0,5740.0,5538.5,5642.5,5740.0,5675.5,2479,13966938.5,531
2026-03-12,INE0RJM01010,NAMAN,SM,50.05,50.05,48.2,48.2,48.2,50.15,3200,156400.0,4
2026-03-12,INE08NZ01012,NAMOEWASTE,SM,160.2,163.95,158.55,162.95,162.95,163.0,13600,2195040.0,15
2026-03-12,INE875G01048,NDL,EQ,2.56,2.56,2.45,2.49,2.5,2.52,1830783,4560450.36,1567
2026-03-12,INE696V01013,JAIPURKURT,EQ,30.9,31.39,29.61,30.27,30.22,29.77,73553,2243250.04,1498
2026-03-12,INE410P01011,NH,EQ,1750.0,1751.0,1695.0,1705.5,1710.6,1736.2,340895,581460040.5,30546
2026-03-12,INE117Z01011,NARMADA,EQ,32.1,32.45,31.9,32.22,32.12,32.11,76927,2473196.55,420
2026-03-12,INE987B01026,NATCOPHARM,EQ,1010.0,1024.0,996.05,1016.2,1022.0,1016.15,591887,598808115.95,28308
2026-03-12,INE448G01010,NATHBIOGEN,EQ,145.15,147.16,143.6,144.28,143.6,146.78,9035,1314809.06,240
2026-03-12,INE139A01034,NATIONALUM,EQ,403.5,410.2,385.95,409.15,408.5,397.75,20128518,8051265771.45,122640
2026-03-12,INE870D01012,NFL,EQ,74.49,74.5,71.8,72.99,72.99,75.28,3863917,281966992.12,22487
2026-03-12,INE0H7R23014,NHIT,IV,155.0,155.0,155.0,155.0,155.0,153.5,175000,27125000.0,7
2026-03-12,INE936B01015,NATCAPSUQ,EQ,154.02,154.02,145.3,151.7,148.1,151.0,11926,1785145.12,121
2026-03-12,INE725A01030,NAVA,EQ,560.0,582.5,553.6,575.5,573.0,567.3,301092,173069197.0,14475
2026-03-12,INE048G01026,NAVINFLUOR,EQ,6315.0,6345.5,6158.5,6220.0,6201.0,6315.0,143404,891779850.5,33480
2026-03-12,INE278M01019,NAVKARCORP,EQ,90.0,90.0,87.61,88.32,88.5,90.03,118157,10522264.68,1790
2026-03-12,INE268H01044,NAVKARURB,EQ,1.02,1.08,0.98,1.0,1.0,1.03,2396793,2412776.72,503
2026-03-12,INE060A01024,NAVNETEDUL,EQ,136.88,136.91,133.7,135.54,136.1,136.88,94563,12797754.37,2552
2026-03-12,INE418L01047,NAZARA,EQ,243.55,245.3,234.35,242.5,244.0,243.8,1315430,317090605.75,14741
2026-03-12,INE095N01031,NBCC,EQ,85.35,87.98,84.41,86.58,86.57,86.16,9325823,804631281.17,37950
2026-03-12,INE868B01028,NCC,EQ,147.9,151.3,146.31,149.5,149.65,149.01,2375070,352928995.47,28874
2026-03-12,INE732C01016,NCLIND,EQ,184.01,185.11,180.0,183.76,183.75,183.83,104700,19171001.78,934
2026-03-12,INE353A01023,NDLVENTURE,EQ,119.1,119.1,109.71,114.63,115.7,119.06,34211,3903443.01,500
2026-03-12,INE07OG01012,NDRAUTO,EQ,700.0,709.5,684.35,692.2,699.9,709.15,14609,10162934.4,1538
2026-03-12,INE155G01029,NDTV,EQ,76.0,78.23,75.21,77.13,77.8,76.9,169635,13039715.28,2552
2026-03-12,INE023H01027,NECLIFE,EQ,11.74,11.74,11.3,11.33,11.35,11.42,271565,3093131.45,508
2026-03-12,INE0N1401016,NEELAM,SM,11.0,11.4,11.0,11.0,11.0,11.1,114000,1258200.0,7
2026-03-12,INE189I01024,NELCAST,EQ,119.99,127.25,117.5,123.92,124.0,120.07,262586,32487114.76,4303
2026-03-12,INE045B01015,NELCO,EQ,588.8,614.4,575.1,594.35,598.9,590.5,90543,53894636.8,5571
2026-03-12,INE21UM01018,NEOCHEM,SM,73.0,76.3,72.0,74.15,74.0,76.0,86400,6521880.0,22
2026-03-12,INE136S01016,NEOGEN,EQ,1419.0,1480.0,1410.0,1446.4,1446.6,1435.4,80128,116400980.9,7780
2026-03-12,INE0SUN01013,NEPHROCARE,SM,70.2,72.1,70.0,70.0,70.0,72.0,33600,2418400.0,7
2026-03-12,INE428V01029,NEPHROPLUS,EQ,571.75,580.0,558.0,560.0,561.0,580.45,40129,22665387.55,3144
2026-03-12,INE317F01035,NESCO,EQ,1055.0,1084.0,1043.7,1066.0,1063.0,1067.4,23005,24519999.7,3099
2026-03-12,INE239A01024,NESTLEIND,EQ,1225.0,1229.9,1209.3,1220.8,1221.0,1233.7,1358564,1657797127.2,62582
2026-03-12,INE518X01015,CBAZAAR,ST,4.5,4.5,4.5,4.5,4.5,4.55,24000,108000.0,3
2026-03-12,INE0NT901020,NETWEB,EQ,3215.0,3254.1,3165.9,3226.2,3249.0,3278.6,1393279,4469894718.6,82024
2026-03-12,INE0FFK01017,NPST,EQ,1008.2,1013.8,978.0,984.8,983.7,1008.2,34981,34710431.6,2018
2026-03-12,INE870H01013,NETWORK18,EQ,32.2,33.45,31.76,32.87,32.8,32.47,4304077,140228725.19,10701
2026-03-12,INE794A01010,NEULANDLAB,EQ,12691.0,12748.0,12471.0,12574.0,12590.0,12828.0,33123,417204748.0,14200
2026-03-12,INE619B01017,NEWGEN,EQ,455.0,457.75,446.35,451.85,453.6,457.6,1074237,485097907.15,32981
2026-03-12,INE0PW501021,NEWJAISA,SM,18.4,19.3,17.6,18.85,18.8,18.45,34500,642225.0,18
2026-03-12,INE0TP801012,NMSTEEL,SM,21.3,22.0,21.3,22.0,22.0,23.4,3200,69280.0,2
2026-03-12,INE747B01016,NEXTMEDIA,EQ,5.04,5.24,4.83,5.17,5.17,5.04,3001,15372.08,42
2026-03-12,INE0NDH25011,NXST,RR,155.28,156.75,154.2,155.19,155.75,155.15,296468,46120965.63,4157
2026-03-12,INE887E01022,NGLFINE,EQ,2575.0,2575.0,2323.0,2333.6,2420.0,2431.0,3755,8870154.4,1003
2026-03-12,INE557F07199,890NHB34,N7,6250.0,6250.0,6250.0,6250.0,6250.0,6250.0,35,218750.0,2
2026-03-12,INE557F07181,893NHB29,N6,5440.0,5442.0,5440.0,5441.0,5441.0,5435.0,253,1376393.0,7
2026-03-12,INE848E01016,NHPC,EQ,73.0,76.36,72.76,74.78,74.86,73.46,16804967,1257553690.52,56314
2026-03-12,INE149O01018,NIBE,EQ,1099.0,1099.0,1035.0,1073.7,1075.0,1105.2,108826,116690436.5,6836
2026-03-12,INE0J6L01013,NIDAN,SM,15.5,15.5,15.45,15.45,15.45,15.5,4000,61900.0,4
2026-03-12,INE342G01023,NIITMTS,EQ,310.0,314.9,302.5,306.6,304.0,313.35,59714,18436536.35,3339
2026-03-12,INE161A01038,NIITLTD,EQ,65.0,66.95,63.32,65.62,65.7,65.29,740014,48227581.51,4369
2026-03-12,INE0FLF01015,NIKITA,SM,112.0,115.5,110.95,115.5,115.5,115.0,44400,5000100.0,14
2026-03-12,INE937C01029,NILAINFRA,EQ,7.49,7.5,7.2,7.29,7.28,7.39,207550,1524902.81,590
2026-03-12,INE00S901012,NILASPACES,EQ,13.39,13.5,13.1,13.15,13.15,13.39,269916,3584000.31,904
2026-03-12,INE310A01015,NILKAMAL,EQ,1311.0,1325.8,1290.0,1293.8,1296.1,1311.0,7456,9699439.9,540
2026-03-12,INE395U01014,NINSYS,EQ,302.0,306.95,293.0,301.5,297.35,303.75,2394,718477.6,120
2026-03-12,INF204KB15I9,BANKBEES,EQ,575.0,575.0,565.37,569.24,570.38,576.13,1313838,748062212.89,25446
2026-03-12,INF204KA1LD7,CONSUMBEES,EQ,121.55,121.55,119.23,119.41,119.36,121.56,227915,27287955.28,2811
2026-03-12,INF204KA1MS3,DIVOPPBEES,EQ,79.95,79.95,77.13,79.11,79.1,78.94,73712,5800692.19,989
2026-03-12,INF204KB18I3,NV20BEES,EQ,143.5,148.62,142.15,143.57,148.62,144.25,25606,3665036.24,406
2026-03-12,INF204KB17I5,GOLDBEES,EQ,131.9,132.65,131.54,132.43,132.46,132.71,30302165,4004700548.96,111960
2026-03-12,INF204KB19I1,HNGSNGBEES,EQ,522.56,522.56,505.15,510.07,511.0,512.72,75920,38728130.78,4747
2026-03-12,INF732E01268,INFRABEES,EQ,930.29,935.99,920.0,928.56,923.82,933.39,19003,17635843.17,1086
2026-03-12,INF204KB15V2,ITBEES,EQ,33.58,33.64,32.4,32.69,32.73,32.77,15148269,495101316.57,26053
2026-03-12,INF732E01045,JUNIORBEES,EQ,718.98,719.89,703.51,715.84,715.65,716.62,724196,514957257.13,14687
2026-03-12,INF732E01037,LIQUIDBEES,EQ,1000.0,1000.01,998.09,999.99,1000.01,1000.0,3197887,3197882987.81,4799
2026-03-12,INF204KB1882,LTGILTBEES,EQ,29.42,29.91,29.39,29.51,29.65,29.42,2831163,83374839.32,884
2026-03-12,INF204KB1V68,MID150BEES,EQ,218.88,218.88,211.52,215.14,215.0,215.62,1015098,217073367.46,10522
2026-03-12,INF204K014N5,NIF100BEES,EQ,266.34,266.34,256.21,258.12,257.75,259.85,51315,13230953.8,979
2026-03-12,INF204KB14I2,NIFTYBEES,EQ,266.31,270.0,266.31,267.94,268.07,270.56,13251982,3553818037.03,112832
2026-03-12,INF204KB16I7,PSUBNKBEES,EQ,98.35,99.49,96.26,98.24,98.37,98.35,5040611,492237656.21,12862
2026-03-12,INF732E01128,SHARIABEES,EQ,460.31,460.31,455.25,457.11,456.5,460.31,7936,3625722.59,509
2026-03-12,INE298J01013,NAM-INDIA,EQ,854.0,856.2,830.4,846.35,845.75,857.3,328417,277223895.85,23203
2026-03-12,INF204KC1FU1,LIQGRWBEES,EQ,1031.01,1031.03,1031.01,1031.02,1031.01,1030.89,55857,57589880.28,204
2026-03-12,INF204KC1GH6,MANUFGBEES,EQ,149.53,154.5,148.94,152.3,154.5,153.37,33660,5066079.59,273
2026-03-12,INF204KC1337,AUTOBEES,EQ,267.0,267.92,257.67,258.28,260.0,266.79,562599,145964387.41,11549
2026-03-12,INF204KC1089,PHARMABEES,EQ,24.6,24.6,23.5,23.91,23.93,24.0,10706070,255841921.72,11254
2026-03-12,INF204KC1402,SILVERBEES,EQ,249.5,254.58,246.84,253.5,253.53,251.69,44155003,11082909858.27,142397
2026-03-12,INF204KC1EZ3,SNXT30BEES,EQ,40.27,41.19,39.39,39.84,41.19,40.04,9460,375152.33,174
2026-03-12,INE368I01016,NIRAJ,EQ,26.85,27.6,26.3,26.69,26.65,26.8,43134,1156973.15,698
2026-03-12,INE326T01011,NIRAJISPAT,BE,219.0,237.0,219.0,234.65,234.65,230.05,627,138897.15,17
2026-03-12,INE0OK701014,NIRMAN,ST,50.9,50.9,49.25,49.45,49.55,50.0,14700,733155.0,39
2026-03-12,INE858F01012,NITCO,EQ,68.74,69.94,66.24,67.48,67.0,68.89,264129,17955707.42,1862
2026-03-12,INE229H01012,NITINSPIN,EQ,357.95,364.35,350.0,360.4,360.0,360.25,81394,29010014.4,3220
2026-03-12,INE439T01012,NITIRAJ,EQ,218.01,230.95,218.01,221.72,220.0,221.75,10271,2288986.96,202
2026-03-12,INE995S01015,NIVABUPA,EQ,71.0,71.0,69.73,70.06,70.06,71.52,2862343,200520565.84,18155
2026-03-12,INE542C01019,NKIND,EQ,62.0,64.4,60.0,63.54,60.0,64.98,605,38244.72,34
2026-03-12,INE589A01014,NLCINDIA,EQ,247.55,271.4,242.8,265.25,264.0,248.45,12868605,3408134793.85,121903
2026-03-12,INE579F24099,805NMC29,N1,122.17,122.17,122.17,122.17,122.17,124.75,10,1221.7,2
2026-03-12,INE579F24065,805NMC30,N2,124.67,124.67,124.67,124.67,124.67,124.5,10,1246.7,1
2026-03-12,INE579F24032,805NMC31,N3,122.14,122.14,122.14,122.14,122.14,124.63,10,1221.4,1
2026-03-12,INE579F24057,805NMC32,N4,124.61,124.61,124.61,124.61,124.61,124.62,10,1246.1,1
2026-03-12,INE579F24040,805NMC33,N5,124.85,124.85,124.85,124.85,124.85,124.82,20,2497.0,3
2026-03-12,INE579F24081,805NMC34,N6,122.02,122.02,122.0,122.0,122.0,124.51,210,25620.2,3
2026-03-12,INE579F24073,805NMC35,N7,124.55,124.55,122.0,122.0,122.0,124.55,200,24407.65,2
2026-03-12,INE579F24107,805NMC36,N8,124.61,124.99,122.0,124.99,124.99,124.66,211,25794.04,5
2026-03-12,INE584A01023,NMDC,EQ,79.3,81.6,77.54,80.87,80.85,79.73,20967907,1676516221.39,57765
2026-03-12,INE0NNS01018,NSLNISP,EQ,37.89,38.44,36.81,37.89,37.89,37.74,3583022,134704217.06,12161
2026-03-12,INE163A01018,NOCIL,EQ,130.36,133.88,127.66,129.93,129.5,131.27,421518,55110221.59,6801
2026-03-12,INE781B01015,NOIDATOLL,EQ,3.64,3.76,3.5,3.66,3.72,3.64,58756,212048.29,176
2026-03-12,INE369C01017,NORBTEAEXP,BE,91.7,93.5,90.0,90.0,90.0,91.75,847,78240.7,14
2026-03-12,INE553C01016,NECCLTD,EQ,13.85,13.96,13.51,13.76,13.89,13.85,44493,616054.95,189
2026-03-12,INE850M01015,NORTHARC,EQ,230.0,238.95,230.0,233.25,233.0,242.4,572014,134016902.9,11490
2026-03-12,INE02H701025,NOVAAGRI,EQ,27.67,28.15,27.43,27.94,28.04,27.66,84682,2354702.61,1566
2026-03-12,INE349A01021,NRBBEARING,EQ,262.9,268.0,258.5,264.65,264.0,266.1,110919,29177644.8,3345
2026-03-12,INE047O01014,NIBL,EQ,32.02,32.6,30.36,30.65,31.13,32.02,24816,779781.7,409
2026-03-12,INE0ONG01011,NTPCGREEN,EQ,86.5,103.2,85.23,97.65,97.0,86.73,165346086,16241055230.22,570513
2026-03-12,INE733E01010,NTPC,EQ,379.0,392.4,375.65,390.55,390.95,379.9,23847146,9250982430.3,313539
2026-03-12,INE096B01018,NUCLEUS,EQ,765.0,767.4,742.1,756.95,756.0,769.9,42649,32345431.5,2414
2026-03-12,INE0JM501013,NRL,EQ,51.97,51.97,50.5,51.03,51.0,50.79,18719,958428.44,387
2026-03-12,INE0DSF01015,NURECA,EQ,260.35,270.0,255.0,267.9,265.0,260.35,14647,3865510.2,594
2026-03-12,INE531F01023,NUVAMA,EQ,1204.1,1207.9,1175.6,1183.8,1181.5,1212.5,329254,391308187.0,15262
2026-03-12,INE118D01016,NUVOCO,EQ,294.0,297.0,287.45,294.3,294.65,297.65,225508,65920855.25,11396
2026-03-12,INE093I01010,OBEROIRLTY,EQ,1473.5,1490.4,1452.8,1470.3,1484.9,1488.8,480014,707540790.3,22036
2026-03-12,INE0YHV01011,OBSCP,SM,300.0,313.0,293.0,307.65,308.05,302.1,46000,13951740.0,83
2026-03-12,INE0PK601023,OCCLLTD,EQ,85.86,88.9,83.02,86.27,86.7,84.92,69310,5921817.56,2052
2026-03-12,INE054301028,ODIGMA,EQ,24.2,24.5,22.45,22.89,22.78,23.67,37584,857894.12,684
2026-03-12,INE213A01029,ONGC,EQ,271.6,273.0,267.75,270.55,270.6,270.75,20059801,5428508360.2,201578
2026-03-12,INE591A01010,OILCOUNTUB,EQ,43.69,45.0,42.61,44.89,45.0,43.26,30943,1367160.38,709
2026-03-12,INE274J01014,OIL,EQ,483.55,489.75,475.5,479.3,480.75,482.7,5799980,2798572234.45,62152
2026-03-12,INE0LXG01040,OLAELEC,EQ,23.89,24.05,23.28,23.7,23.71,23.92,43853286,1038133304.5,55382
2026-03-12,INE260D01016,OLECTRA,EQ,895.0,916.0,875.2,903.75,902.0,900.55,454310,407798320.05,25334
2026-03-12,INE1BZC01019,OMFREIGHT,EQ,77.62,79.79,76.0,76.57,76.0,77.62,29582,2287286.99,904
2026-03-12,INE239D01028,OMINFRAL,EQ,84.5,89.0,84.12,87.94,87.5,86.26,92779,8108484.72,1457
2026-03-12,INE090B01011,OMAXAUTO,EQ,99.51,102.38,99.51,100.6,100.1,102.06,21701,2190950.13,612
2026-03-12,INE800H01010,OMAXE,EQ,75.06,76.23,72.26,72.75,72.52,74.99,198387,14648597.69,2292
2026-03-12,INE338Y01016,OMFURN,SM,49.9,49.9,47.0,48.0,48.0,49.9,32400,1566420.0,13
2026-03-12,INE474L01016,OMKARCHEM,BZ,3.87,4.18,3.8,4.0,4.0,3.99,2409,9578.96,32
2026-03-12,INE0UH301010,OMNI,EQ,215.8,224.4,210.01,220.35,220.0,208.95,2378637,516703022.96,27627
2026-03-12,INE00ER01015,ONDOOR,SM,146.0,149.0,146.0,149.0,149.0,149.0,4800,703050.0,12
2026-03-12,INE982J01020,PAYTM,EQ,1025.8,1025.8,997.7,1009.1,1009.8,1025.7,2037889,2058750976.4,48045
2026-03-12,INE0HLU01028,MOBIKWIK,EQ,179.0,182.2,174.5,181.27,180.7,180.03,780682,139470712.23,10256
2026-03-12,INE840Y01029,ONEPOINT,EQ,46.18,46.23,44.83,45.56,45.85,46.18,1054966,48130368.26,2145
2026-03-12,INE0OPS01011,OLIL,SM,305.8,313.0,304.5,310.95,311.0,303.55,24800,7668460.0,31
2026-03-12,INE912L01015,ONELIFECAP,EQ,14.65,15.49,14.65,15.22,15.25,15.22,3501,53166.63,53
2026-03-12,INE013P01021,ONESOURCE,EQ,1494.9,1494.9,1420.0,1469.2,1473.8,1473.6,167736,244109827.4,12440
2026-03-12,INE809I01019,ONMOBILE,EQ,51.2,51.5,49.92,50.6,50.99,51.14,231841,11731968.25,2921
2026-03-12,INE229A01017,ONWARDTEC,EQ,247.45,255.6,245.3,252.4,249.0,251.2,29735,7450225.6,1553
2026-03-12,INE0WVU01018,ONYX,SM,36.0,36.0,34.5,34.5,34.5,34.2,10000,353600.0,4
2026-03-12,INE350C01017,OPTIEMUS,EQ,347.95,375.0,336.6,356.75,357.85,347.95,589674,209306075.7,16574
2026-03-12,INE15B101011,OPTIVALUE,SM,69.0,69.0,66.0,67.3,66.0,70.0,57600,3924480.0,9
2026-03-12,INE881D01027,OFSS,EQ,6796.0,6796.0,6667.0,6694.5,6698.0,6792.0,82424,553587093.0,18107
2026-03-12,INE231G01010,ORBTEXP,EQ,164.8,164.8,160.41,162.02,162.0,162.82,3201,519844.57,121
2026-03-12,INE215B01022,ORCHASP,EQ,2.03,2.09,1.9,2.0,2.0,2.03,309002,622750.89,559
2026-03-12,INE191A01027,ORCHPHARMA,EQ,521.4,548.2,508.15,540.85,539.6,524.0,109339,58122781.05,5395
2026-03-12,INE0OUT01019,ORIANA,SM,1750.0,1793.85,1716.6,1781.1,1775.0,1763.25,43725,77610243.75,512
2026-03-12,INE730A01022,ORICONENT,EQ,65.9,65.93,64.19,65.08,65.0,65.71,39938,2592854.75,671
2026-03-12,INE607D01018,ORIENTBELL,EQ,259.5,287.5,259.4,280.45,279.0,256.45,47789,13118256.5,1625
2026-03-12,INE876N01018,ORIENTCEM,EQ,142.65,142.74,139.23,139.97,140.01,143.32,453181,63946868.14,4920
2026-03-12,INE569C01020,ORIENTCER,EQ,37.25,38.48,37.25,38.05,38.45,38.02,30321,1146515.84,351
2026-03-12,INE142Z01019,ORIENTELEC,EQ,175.0,176.16,169.5,170.66,170.5,175.49,217316,37185736.26,3131
2026-03-12,INE999K01014,GREENPOWER,EQ,9.26,10.12,9.11,9.85,9.91,9.26,12840185,125186612.5,15358
2026-03-12,INE750A01020,ORIENTHOT,EQ,91.0,91.22,87.0,87.89,88.0,92.14,915091,81427582.86,4654
2026-03-12,INE592A01026,ORIENTPPR,EQ,16.75,17.19,16.5,16.87,17.08,16.97,452888,7715005.8,1083
2026-03-12,INE609C01024,ORIENTLTD,EQ,70.5,70.5,67.05,68.77,68.79,70.12,3832,263517.49,113
2026-03-12,INE0PPK01015,ORIENTTECH,EQ,265.8,270.45,260.5,263.35,264.0,268.95,217412,57443364.05,4882
2026-03-12,INE959C01023,OAL,EQ,247.6,259.7,245.25,248.0,246.0,251.45,79700,20035226.1,1794
2026-03-12,INE998H01012,ORIENTALTL,EQ,6.11,6.11,5.96,6.02,6.06,6.11,115582,695779.14,345
2026-03-12,INE426Z01016,OBCL,EQ,56.67,56.67,55.1,55.6,55.24,55.55,47254,2625199.82,50
2026-03-12,INE725E01024,ORISSAMINE,EQ,3664.5,3892.5,3566.8,3847.5,3802.0,3682.8,32970,124281202.0,4584
2026-03-12,INE16NZ01023,ORKLAINDIA,EQ,546.8,549.6,535.6,547.9,549.0,542.8,83574,45402231.5,6970
2026-03-12,INE849L01019,ORTEL,BZ,1.54,1.61,1.47,1.47,1.61,1.54,13275,19584.41,27
2026-03-12,INE749B01020,ORTINGLOBE,BE,16.9,16.9,16.5,16.5,16.5,16.1,2049,34097.4,20
2026-03-12,INE0RMF01018,OSELDEVICE,SM,499.0,499.0,479.0,487.0,485.0,504.2,18600,9045150.0,67
2026-03-12,INE06IR01021,OSIAHYPER,EQ,6.83,6.9,6.69,6.69,6.69,7.04,675907,4531067.33,970
2026-03-12,INE142A01012,OSWALAGRO,EQ,46.99,46.99,43.12,43.65,44.0,43.61,63896,2791508.68,704
2026-03-12,INE143A01010,OSWALGREEN,EQ,25.15,26.19,24.61,25.05,25.29,25.15,210625,5326233.15,1655
2026-03-12,INE0BYP01024,OSWALPUMPS,EQ,316.9,316.9,296.5,306.65,307.7,318.5,1658819,504715483.55,27135
2026-03-12,INE0R8M01017,OWAIS,SM,107.6,107.6,107.6,107.6,107.6,113.25,7300,785480.0,49
2026-03-12,INE953R01016,PNGJL,EQ,558.0,573.4,543.05,568.2,568.0,568.6,223877,126071247.9,10556
2026-03-12,INE0XUS01012,PSRAJ,SM,267.0,269.5,263.0,269.5,269.5,270.0,3000,799500.0,3
2026-03-12,INE179A01014,PGHH,EQ,10726.0,10950.0,10555.0,10821.0,10848.0,10839.0,18046,194254579.0,6835
2026-03-12,INE0KN801013,PROPEQUITY,SM,179.0,179.0,179.0,179.0,179.0,179.0,600,107400.0,1
2026-03-12,INE0S3G01027,PACEDIGITK,EQ,156.5,162.0,153.51,159.22,159.4,157.37,647523,102073819.86,7345
2026-03-12,INE761H01022,PAGEIND,EQ,31550.0,31555.0,30730.0,30860.0,30790.0,31595.0,19162,592767250.0,8710
2026-03-12,INE420C01059,PAISALO,EQ,32.5,32.55,32.0,32.17,32.15,32.73,3724195,120354499.66,8211
2026-03-12,INE551D01018,PAKKA,EQ,79.5,83.4,79.5,81.96,81.7,81.82,124203,10192070.91,1835
2026-03-12,INE471W01019,PALASHSECU,EQ,89.85,89.85,87.15,88.04,89.68,89.84,916,80405.59,38
2026-03-12,INE218G01033,PALREDTEC,EQ,31.35,31.4,29.66,29.71,29.66,31.21,9718,293402.24,126
2026-03-12,INE922B01023,PANACEABIO,EQ,342.35,351.35,340.1,341.55,342.0,347.55,112474,39038140.35,2211
2026-03-12,INE895W01019,PANACHE,BE,324.95,324.95,311.1,313.35,318.0,325.4,5457,1722289.3,45
2026-03-12,INE305C01029,PANAMAPET,EQ,274.8,274.8,267.0,268.85,272.45,273.15,26572,7174901.45,972
2026-03-12,INE04LG01015,PAR,EQ,91.1,91.1,88.0,88.88,89.59,90.29,8882,795810.02,192
2026-03-12,INE088F01024,PARADEEP,EQ,111.55,114.86,110.74,112.62,112.75,112.52,6173733,695592679.93,44457
2026-03-12,INE883N01014,PARAGMILK,EQ,201.95,207.0,198.0,203.92,204.19,202.88,513952,104754136.01,9574
2026-03-12,INE0N4G01012,PARAGON,SM,42.2,43.8,42.2,43.8,43.8,44.2,2400,103200.0,2
2026-03-12,INE0S2W01018,PARAMATRIX,SM,70.05,70.25,70.05,70.25,70.25,74.95,6000,421260.0,3
2026-03-12,INE074B01023,PARACABLES,EQ,32.63,33.95,31.9,33.14,33.2,32.63,1284171,42687920.58,3834
2026-03-12,INE0TG801013,PARAMOUNT,SM,41.75,41.75,41.75,41.75,41.75,44.9,3600,150300.0,2
2026-03-12,INE0Q6001012,PSFL,SM,27.25,27.25,26.5,26.85,26.5,27.85,40000,1080200.0,13
2026-03-12,INE045601023,PARAS,EQ,678.35,678.7,659.75,668.8,668.6,680.8,1181914,788136948.45,35672
2026-03-12,INE162C01024,PARASPETRO,BE,2.13,2.19,2.04,2.08,2.07,2.13,99764,210260.3,216
2026-03-12,INE00U801010,PARIN,SM,700.0,717.0,680.0,710.15,717.0,717.5,1750,1240250.0,5
2026-03-12,INE119201023,PARKHOSPS,EQ,201.2,204.99,197.13,198.71,197.13,203.4,609920,123078857.56,11436
2026-03-12,INE988S01028,PARKHOTELS,EQ,115.0,116.99,114.1,116.2,116.1,115.6,483039,55916058.95,3484
2026-03-12,INE561H01026,PARSVNATH,EQ,7.07,7.4,6.96,7.21,7.22,7.18,373233,2694828.24,660
2026-03-12,INE1H7V01011,PARTH,SM,276.0,294.4,276.0,281.9,294.0,279.0,20800,5867260.0,41
2026-03-12,INE06ZX01015,PARTYCRUS,SM,80.0,81.0,79.0,80.5,80.5,80.0,28000,2247600.0,8
2026-03-12,INE124Y01010,PASHUPATI,EQ,1008.0,1010.95,978.7,996.1,995.0,990.0,3270,3249021.05,1040
2026-03-12,INE818B01023,PASUPTAC,EQ,46.21,47.23,46.2,46.37,46.6,46.94,94687,4407605.14,841
2026-03-12,INE619A01035,PATANJALI,EQ,494.0,494.55,487.2,490.6,489.5,497.85,1877473,921130571.9,19528
2026-03-12,INE244B01030,PATELENG,EQ,25.0,25.69,24.23,25.13,25.36,25.26,6941848,173460132.78,22225
2026-03-12,INE529D01014,PATINTLOG,EQ,10.12,10.95,9.25,9.64,9.8,10.03,287628,2873219.03,950
2026-03-12,INE0R8B01010,PATELRMART,EQ,167.18,176.88,166.53,172.33,171.5,167.18,103627,17877352.87,2287
2026-03-12,INE17GV01016,PATILAUTOM,SM,149.0,149.0,144.1,147.0,147.85,148.8,12000,1755510.0,19
2026-03-12,INE111F01024,PAUSHAKLTD,EQ,425.0,434.8,415.5,422.8,420.0,418.25,23837,10123636.7,933
2026-03-12,INE07S101038,PAVNAIND,EQ,19.25,20.28,18.88,18.95,19.4,20.12,174263,3376064.59,478
2026-03-12,INE417T01026,POLICYBZR,EQ,1441.0,1474.0,1435.5,1462.7,1457.5,1463.2,1247017,1819066407.1,45359
2026-03-12,INE785M01021,PCJEWELLER,EQ,8.85,8.9,8.64,8.8,8.85,8.83,33561522,294604647.55,20926
2026-03-12,INE602A01031,PCBL,EQ,273.0,275.75,265.1,272.0,272.25,273.15,993430,268548129.0,22994
2026-03-12,INE111Q01021,PDSL,EQ,290.0,291.9,283.2,286.8,286.05,291.05,126910,36496900.2,3541
2026-03-12,INE940H01022,PGIL,EQ,1480.0,1525.0,1442.0,1515.3,1524.0,1488.5,42867,63813775.9,6824
2026-03-12,INE844A01013,PEARLPOLY,EQ,17.5,17.5,17.06,17.42,17.45,17.11,7259,125421.66,61
2026-03-12,INE0VG601013,PELATRO,SM,300.3,303.3,300.0,302.65,300.0,300.1,2100,634140.0,6
2026-03-12,INE138A01028,PENINLAND,EQ,16.12,16.47,15.84,16.06,16.1,16.14,395196,6379661.67,857
2026-03-12,INE932A01024,PENIND,EQ,144.8,147.72,142.2,144.27,144.3,146.16,824804,119492370.2,14737
2026-03-12,INE0ORS01017,PENTAGON,SM,62.05,66.9,62.0,65.0,65.0,71.8,6000,380050.0,6
2026-03-12,INE925S01012,PERFECT,SZ,1.9,1.9,1.9,1.9,1.9,2.0,9000,17100.0,3
2026-03-12,INE262H01021,PERSISTENT,EQ,4725.0,4750.0,4628.0,4714.4,4730.0,4747.7,584369,2735565060.5,45865
2026-03-12,INE998U01015,PCCL,SM,212.95,216.95,210.05,214.8,215.0,211.2,15200,3238100.0,22
2026-03-12,INE347G01014,PETRONET,EQ,290.7,301.95,288.15,296.7,297.7,289.65,8997138,2660038394.3,76916
2026-03-12,INE134E07DJ3,PFCL41A,NE,942.0,942.0,942.0,942.0,942.0,942.0,10,9420.0,1
2026-03-12,INE134E07DP0,7PFCL31,N3,995.0,995.0,995.0,995.0,995.0,995.0,41,40795.0,5
2026-03-12,INE182A01018,PFIZER,EQ,4685.0,4753.0,4627.5,4695.0,4686.0,4704.5,34741,163479525.5,13963
2026-03-12,INE140A07740,905PFL26,N1,1033.0,1033.0,1033.0,1033.0,1033.0,1032.0,100,103300.0,3
2026-03-12,INE140A07773,935PFL33,N3,1035.0,1060.0,1035.0,1060.0,1060.0,1090.0,1130,1172050.0,3
2026-03-12,INE457L01029,PGEL,EQ,544.95,546.8,527.0,532.2,532.25,550.1,3360029,1801807186.0,43485
2026-03-12,INE0MLZ01019,PHANTOMFX,SM,192.0,193.0,185.0,185.65,185.0,190.5,29700,5593515.0,62
2026-03-12,INE0FPO01018,PHOGLOBAL,SM,17.75,17.85,17.7,17.7,17.7,18.4,10000,177500.0,5
2026-03-12,INE0LP301011,PWL,EQ,83.31,88.6,82.08,84.29,84.27,83.17,11193515,954979449.71,55102
2026-03-12,INE603J01030,PIIND,EQ,2981.1,2997.2,2940.1,2952.4,2940.1,3012.3,196476,582902164.9,17803
2026-03-12,INE546C01010,PICCADIL,EQ,536.4,555.9,532.2,541.3,543.9,542.0,92801,50361795.15,7495
2026-03-12,INE0YAL01017,PPSL,SM,6.05,6.3,6.05,6.1,6.1,6.2,30000,185250.0,10
2026-03-12,INE318A01026,PIDILITIND,EQ,1397.8,1397.8,1378.0,1387.4,1389.5,1403.4,724869,1005647264.3,36397
2026-03-12,INE600A01035,PILITA,EQ,8.09,8.24,7.61,7.81,7.7,8.07,39643,313910.89,243
2026-03-12,INE417C01014,PILANIINVS,EQ,4400.0,4462.9,4379.2,4441.0,4460.6,4423.0,3865,17116301.3,273
2026-03-12,INE15B701018,PINELABS,EQ,168.75,169.79,163.93,164.81,164.4,171.32,729414,121353804.79,23616
2026-03-12,INE156C01018,PIONEEREMB,EQ,25.21,26.7,24.7,25.43,25.44,25.58,36790,934613.15,238
2026-03-12,INE202B01038,PIRAMALFIN,EQ,1772.0,1797.0,1737.5,1787.3,1789.8,1779.7,392366,691661615.7,14241
2026-03-12,INE0DK501011,PPLPHARMA,EQ,155.2,155.2,144.96,145.54,145.5,155.42,8629241,1273667464.3,55820
2026-03-12,INE450D01021,PITTIENG,EQ,815.0,828.3,801.6,808.55,819.95,816.85,23776,19352549.75,1799
2026-03-12,INE751B01018,PIXTRANS,EQ,1448.1,1457.0,1432.0,1446.3,1432.0,1462.7,47069,68210635.7,1751
2026-03-12,INE0PXD01014,PLADAINFO,SM,10.55,10.55,10.55,10.55,10.55,11.0,3000,31650.0,1
2026-03-12,INE083C01022,PLASTIBLEN,EQ,141.93,143.35,137.0,138.35,138.3,141.93,4481,621908.67,111
2026-03-12,INE0PT501018,PLATIND,EQ,211.0,215.0,209.27,211.32,213.0,214.87,54963,11623700.3,1442
2026-03-12,INE0INJ01017,PLAZACABLE,EQ,36.29,36.3,35.3,35.61,35.5,35.88,28037,1006379.62,1088
2026-03-12,INE859A01011,PNBGILTS,EQ,75.01,75.38,72.81,74.01,73.8,75.83,381501,28187549.13,3425
2026-03-12,INE572E01012,PNBHOUSING,EQ,774.0,787.35,756.15,780.15,780.5,776.5,1005815,778126824.05,23982
2026-03-12,INE195J01029,PNCINFRA,EQ,200.75,205.81,195.97,201.86,202.55,202.06,594534,119806967.7,10521
2026-03-12,INE1RDG01013,PNGSREVA,EQ,391.25,399.3,383.4,392.8,395.0,390.15,188212,73788191.15,5552
2026-03-12,INE371C01013,PODDARMENT,EQ,225.79,225.8,219.7,221.1,221.1,225.8,723,161254.12,55
2026-03-12,INE637C01025,POKARNA,EQ,897.0,897.0,868.0,883.75,882.0,902.5,43198,38004496.45,2952
2026-03-12,INE205C01021,POLYMED,EQ,1330.0,1341.0,1285.0,1312.3,1310.7,1333.4,132468,173702468.7,11172
2026-03-12,INE455K01017,POLYCAB,EQ,7400.0,7538.0,7282.0,7455.0,7442.0,7429.5,498945,3708869380.0,54146
2026-03-12,INE633B01018,POLYPLEX,EQ,828.0,832.15,813.85,821.85,818.9,835.55,51203,42026193.75,2917
2026-03-12,INE517M01028,POLYSIL,ST,185.0,190.0,181.2,182.75,183.0,188.1,7000,1295250.0,10
2026-03-12,INE063E01053,POCL,EQ,1080.0,1132.5,1075.1,1104.0,1103.3,1097.9,122127,135080722.0,9407
2026-03-12,INE838E01017,PONNIERODE,EQ,274.0,281.5,270.0,273.7,274.95,272.95,34855,9598245.2,1284
2026-03-12,INE511C01022,POONAWALLA,EQ,411.0,415.8,405.0,410.95,410.25,417.7,804676,331158386.4,21155
2026-03-12,INE772T01024,PVSL,EQ,93.0,93.53,89.2,90.42,90.8,93.65,86323,7855662.23,1503
2026-03-12,INE0S3H01017,POSITRON,SM,141.0,144.95,139.1,143.0,143.0,146.0,5700,807585.0,18
2026-03-12,INE134E01011,PFC,EQ,403.9,421.35,398.0,415.9,415.7,406.9,8640995,3554806269.75,73415
2026-03-12,INE752E01010,POWERGRID,EQ,295.8,304.9,295.1,303.6,304.0,298.8,15284297,4624118263.8,161294
2026-03-12,INE557Z01018,PIGL,EQ,102.94,102.94,99.75,101.32,102.0,102.22,28429,2884684.27,664
2026-03-12,INE211R01019,POWERMECH,EQ,1960.0,2005.0,1920.3,1980.2,1970.0,1974.9,78059,153138571.9,9819
2026-03-12,INE0GGX23010,PGINVIT,IV,91.0,91.49,90.65,91.05,91.39,90.86,1400501,127382677.88,6399
2026-03-12,INE095I01015,PPAP,EQ,203.3,207.19,198.12,202.42,202.0,201.05,10028,2036228.59,295
2026-03-12,INE0I0M01023,PRABHA,EQ,148.7,164.09,148.7,155.16,157.0,151.0,74805,11778642.86,1678
2026-03-12,INE074A01025,PRAJIND,EQ,313.9,320.0,306.55,314.45,314.65,313.95,2215550,696504773.8,37674
2026-03-12,INE505C01016,PRAENG,EQ,22.15,22.5,19.8,20.02,19.89,22.0,269751,5538137.02,728
2026-03-12,INE603A01013,PRAKASH,EQ,124.25,128.65,121.31,128.06,127.51,124.55,469740,59338813.78,4866
2026-03-12,INE050001010,PPL,EQ,202.65,203.2,194.4,199.42,202.0,203.14,60617,12104398.32,2233
2026-03-12,INE696K01024,PRAKASHSTL,EQ,4.24,4.24,4.06,4.11,4.08,4.17,98203,404564.24,376
2026-03-12,INE0O7A01017,PRAMARA,SM,359.0,359.0,345.0,350.05,346.5,348.4,74500,26023800.0,78
2026-03-12,INE0VJG01014,PRANIK,SM,45.5,45.5,45.45,45.45,45.45,49.0,4800,218240.0,3
2026-03-12,INE393P01035,DIAMONDYD,EQ,984.5,988.5,950.0,956.0,950.6,979.6,41915,40469941.2,1486
2026-03-12,INE0QA601016,PRATHAM,SM,125.0,129.0,125.0,128.0,128.0,128.0,9600,1217200.0,6
2026-03-12,INE546Y01022,PRAXIS,EQ,6.97,6.97,6.5,6.57,6.73,6.74,42118,285110.96,136
2026-03-12,INE484I01029,PRECAM,EQ,123.0,129.6,122.16,126.19,125.75,124.94,231206,29135436.08,4171
2026-03-12,INE0HKW01018,PRECISION,SM,9.1,9.35,9.1,9.2,9.2,8.95,210000,1917000.0,16
2026-03-12,INE372C01037,PRECWIRE,EQ,341.8,344.6,313.75,319.65,318.3,342.95,1576034,512039587.55,42616
2026-03-12,INE283A01014,PRECOT,BE,442.1,488.45,442.1,488.45,488.45,465.2,2848,1365424.5,80
2026-03-12,INE0BS701011,PREMIERENE,EQ,781.05,794.35,767.25,789.35,788.0,788.1,1671737,1311331298.6,31312
2026-03-12,INE863B01029,PREMEXPLN,EQ,476.95,485.0,464.65,474.5,476.95,479.05,200186,95133152.7,6454
2026-03-12,INE342A01018,PREMIER,BE,2.98,2.98,2.89,2.89,2.89,2.98,10901,31755.21,34
2026-03-12,INE309M01020,PREMIERPOL,EQ,58.89,65.9,58.28,61.23,61.35,58.95,846300,52437133.04,8395
2026-03-12,INE0CFG01012,PRLIND,SM,54.1,55.65,54.1,54.45,55.0,54.1,15000,820400.0,10
2026-03-12,INE0M1F01011,PREMIUM,SM,33.85,33.9,33.85,33.9,33.9,35.95,6000,203250.0,2
2026-03-12,INE0R1601012,PRESSTONIC,ST,46.5,46.5,46.5,46.5,46.5,48.9,8000,372000.0,4
2026-03-12,INE811K01011,PRESTIGE,EQ,1269.9,1283.8,1237.4,1252.7,1264.0,1271.5,483947,608958314.0,19611
2026-03-12,INE726V01018,PRICOLLTD,EQ,545.0,550.0,531.7,541.65,542.0,551.3,376488,203580561.15,20980
2026-03-12,INE0CQA01020,PRIMECAB,SM,75.7,75.7,74.5,75.0,75.0,74.8,8000,599600.0,5
2026-03-12,INE367G01038,PFOCUS,EQ,273.9,284.7,270.4,274.45,274.1,275.55,3658350,1013982715.45,30034
2026-03-12,INE032B01021,PRIMESECU,EQ,275.1,280.7,268.0,270.05,268.0,272.95,1952,532128.15,125
2026-03-12,INE607A01022,PRIMO,EQ,17.67,17.85,17.25,17.35,17.5,17.32,225781,3957908.14,768
2026-03-12,INE689W01016,PRINCEPIPE,EQ,259.9,259.9,250.1,255.15,254.2,262.05,254481,64697389.75,6424
2026-03-12,INE010A01011,PRSMJOHNSN,EQ,126.0,127.17,124.74,125.18,125.0,125.61,173025,21755991.85,2813
2026-03-12,INE974Z01015,PRITI,EQ,38.29,38.4,36.55,37.02,37.5,36.81,24203,901731.17,261
2026-03-12,INE583R01029,PRITIKAUTO,EQ,12.69,12.69,12.1,12.3,12.4,12.48,120507,1481003.9,749
2026-03-12,INE392B01011,PNC,EQ,22.93,22.98,21.76,22.45,22.59,22.87,25180,560605.85,233
2026-03-12,INE959A01019,PRIVISCL,EQ,2906.9,2906.9,2827.0,2869.4,2880.0,2899.9,29848,85569908.4,5238
2026-03-12,INE0V9N01017,PRIZOR,ST,386.0,394.9,375.0,388.15,394.8,386.0,7200,2766120.0,18
2026-03-12,INE0VJT01017,PROFX,SM,60.05,67.5,60.05,63.75,63.75,63.25,17600,1126720.0,11
2026-03-12,INE199A01012,PGHL,EQ,4876.0,4910.0,4835.0,4889.3,4898.0,4898.0,6294,30683415.0,1459
2026-03-12,INE0BX301013,PROSTARM,EQ,130.3,132.21,127.1,129.29,129.07,131.36,246138,31863624.36,3722
2026-03-12,INE004A01022,PROTEAN,EQ,532.0,562.6,524.0,551.2,551.5,534.7,676287,370156699.85,18642
2026-03-12,INE195N01013,PROZONER,EQ,45.24,46.39,44.5,44.62,44.55,45.93,112525,5077936.59,959
2026-03-12,INE00F201020,PRUDENT,EQ,2199.0,2310.0,2198.0,2273.0,2256.5,2234.7,30383,69027689.1,6476
2026-03-12,INE024D01016,PRUDMOULI,EQ,15.27,15.69,15.26,15.36,15.38,15.04,4801,73642.11,22
2026-03-12,INE488V01015,PSPPROJECT,EQ,680.15,689.9,669.0,673.5,671.05,684.45,116982,79348478.8,2359
2026-03-12,INE560K01014,PFS,EQ,28.41,28.95,27.18,28.43,28.32,28.51,1485528,42087644.84,3052
2026-03-12,INE877F01012,PTC,EQ,155.48,164.3,154.26,160.87,161.66,157.51,1399360,224669166.51,23678
2026-03-12,INE596F01018,PTCIL,EQ,17981.0,18050.0,17640.0,17958.0,18000.0,17980.0,8386,150146667.0,2448
2026-03-12,INE034D01049,PTL,EQ,37.96,37.96,37.2,37.45,37.36,37.78,26045,978071.59,429
2026-03-12,INE865T01018,PDMJEPAPER,EQ,76.27,78.1,74.5,75.64,76.46,76.65,104614,7960845.11,1973
2026-03-12,INE335X01014,PULZ,SM,28.4,28.4,27.2,27.2,27.2,28.45,24000,668300.0,6
2026-03-12,INE608A01012,PSB,EQ,24.34,24.66,23.72,24.24,24.18,24.34,2889217,70202116.14,6155
2026-03-12,INE277B01014,PUNJABCHEM,EQ,1077.1,1092.0,1050.2,1081.3,1084.0,1071.7,2652,2862793.3,346
2026-03-12,INE160A01022,PNB,EQ,114.5,118.13,113.66,116.61,116.56,115.84,13515926,1571777543.69,82699
2026-03-12,INE323I01011,PURVA,EQ,193.75,193.75,185.15,187.09,186.0,193.57,137103,25886495.23,3910
2026-03-12,INE0P5R01014,PURPLEUTED,SM,273.0,274.2,263.9,269.65,272.0,277.75,48000,12760862.5,124
2026-03-12,INE0R6C01012,PURVFLEXI,SM,45.75,45.8,45.75,45.8,45.8,43.95,1600,73240.0,2
2026-03-12,INE154801018,PUSHPA,SM,89.95,91.9,87.55,90.15,90.0,89.95,31000,2805750.0,29
2026-03-12,INE362A01016,PVP,EQ,25.0,26.39,24.26,24.94,25.28,25.95,221448,5628414.16,729
2026-03-12,INE191H01014,PVRINOX,EQ,1020.0,1020.6,990.0,996.3,998.4,1028.3,403965,405170094.2,22735
2026-03-12,INE0MIS01010,PYRAMID,EQ,149.99,149.99,145.23,148.54,147.2,146.91,18524,2733601.55,967
2026-03-12,INE0FMW01018,QMSMEDI,SM,82.0,82.0,82.0,82.0,82.0,84.5,2000,164000.0,2
2026-03-12,INE0GOJ01027,QUADPRO,SM,2.2,2.2,2.2,2.2,2.2,2.3,72000,158400.0,6
2026-03-12,INE0LRY01011,QUADFUTURE,EQ,299.0,329.0,292.2,320.2,319.55,301.45,1334216,423333479.15,32886
2026-03-12,INE0O1M01015,QFIL,SM,47.0,47.1,47.0,47.1,47.1,49.0,4000,188300.0,3
2026-03-12,INE0SII01026,QPOWER,EQ,815.0,839.9,798.05,820.35,823.0,824.65,511664,420197123.55,17504
2026-03-12,INF082J01408,QGOLDHALF,EQ,132.97,146.0,131.88,132.97,132.6,133.17,118374,15718184.56,817
2026-03-12,INF082J01499,QNIFTY,EQ,259.1,261.19,257.6,258.63,258.8,261.53,4430,1147147.58,119
2026-03-12,INE615P01015,QUESS,EQ,193.19,194.46,187.0,190.23,189.35,193.14,218551,41759141.89,4111
2026-03-12,INE0TNW01017,QUESTLAB,ST,110.5,117.6,110.0,117.6,117.6,112.0,28800,3348360.0,24
2026-03-12,INE306L01010,QUICKHEAL,EQ,157.28,159.9,151.97,154.81,154.5,157.34,130701,20376281.49,2894
2026-03-12,INE0K4D01020,QUICKTOUCH,SM,31.0,31.0,30.85,30.85,30.85,32.45,22500,696150.0,12
2026-03-12,INE0NQ801033,RKSWAMY,EQ,97.28,98.86,95.5,98.41,98.75,97.28,39796,3857401.71,862
2026-03-12,INE219Y01026,RMDRIP,EQ,42.03,42.03,42.03,42.03,42.03,44.24,126801,5329446.03,475
2026-03-12,INE777K01022,RRKABEL,EQ,1412.1,1446.3,1385.8,1433.8,1428.5,1424.6,131183,185741538.2,14823
2026-03-12,INE411H01032,RSYSTEMS,EQ,302.75,309.95,285.6,288.2,287.5,301.0,3162089,925356836.8,37433
2026-03-12,INE012Q01021,RNBDENIMS,BE,113.36,113.36,113.36,113.36,113.36,119.32,6363,721309.68,174
2026-03-12,INE165B01029,RSSOFTWARE,EQ,28.5,28.89,27.71,27.85,27.82,27.94,79985,2268078.63,931
2026-03-12,INE324L01013,RPPINFRA,EQ,72.0,72.89,69.82,70.33,71.0,71.4,71496,5068729.09,907
2026-03-12,INE084Q01012,RACE,EQ,110.86,114.0,108.07,110.48,114.0,110.83,106680,11835204.29,214
2026-03-12,INE02OY01016,RILINFRA,SM,33.3,33.3,32.05,32.55,32.15,32.55,3100,101665.0,27
2026-03-12,INE704B01017,RACLGEAR,EQ,1345.2,1345.2,1276.1,1286.5,1290.0,1355.2,30466,39741841.6,3660
2026-03-12,INE874F01027,RADAAN,EQ,3.0,3.05,2.95,2.99,2.95,2.94,11257,33823.63,78
2026-03-12,INE583V01021,RADHIKAJWE,EQ,61.1,61.57,59.69,60.44,60.69,62.14,195822,11813293.92,1902
2026-03-12,INE855R01021,RADIANTCMS,EQ,38.18,38.55,37.5,37.56,37.5,38.11,166207,6290881.94,2322
2026-03-12,INE944F01028,RADICO,EQ,2880.0,2880.0,2781.2,2857.5,2860.0,2894.0,549459,1562141285.5,58228
2026-03-12,INE912T01018,RPEL,EQ,680.0,692.8,656.0,669.15,660.1,681.7,33587,22684745.95,1830
2026-03-12,INE415G01027,RVNL,EQ,275.7,284.35,270.95,279.6,280.0,277.2,6945305,1930505552.15,55291
2026-03-12,INE0DD101019,RAILTEL,EQ,281.0,291.25,275.1,287.1,287.95,283.5,978673,278174965.45,19716
2026-03-12,INE855B01025,RAIN,EQ,118.0,120.3,112.98,118.69,119.5,118.86,3478600,407575814.13,17075
2026-03-12,INE961O01016,RAINBOW,EQ,1203.0,1203.0,1166.4,1174.0,1169.6,1203.9,163454,191482797.1,18085
2026-03-12,INE294G01026,ROML,EQ,46.25,46.25,44.8,45.0,45.01,45.97,1050,47426.46,57
2026-03-12,INE533D01032,RAJRILTD,BE,22.4,22.4,21.96,21.96,21.96,22.4,9836,217001.76,95
2026-03-12,INE952H01027,RAJTV,EQ,39.17,39.2,39.0,39.18,39.2,39.45,1013,39696.09,16
2026-03-12,INE610C01014,ARENTERP,EQ,39.9,40.99,38.04,40.2,40.99,39.9,693,27466.6,26
2026-03-12,INE343B01030,RAJESHEXPO,BZ,111.64,115.99,108.85,113.94,113.1,114.57,477386,52808917.95,16049
2026-03-12,INE00KV01022,RAJMET,EQ,3.63,3.68,3.51,3.55,3.56,3.63,387258,1377550.48,5090
2026-03-12,INE535F01024,RAJOOENG,EQ,59.99,60.98,58.0,60.25,60.22,60.18,495829,29537185.81,3203
2026-03-12,INE0VHU01019,RAJPUTANA,SM,225.0,225.0,220.0,220.0,220.0,225.0,2000,445000.0,4
2026-03-12,INE0PCU01012,RAJINDLTD,SM,67.0,69.75,67.0,69.75,69.75,67.0,4500,305625.0,3
2026-03-12,INE451D01029,RAJRATAN,EQ,386.2,392.2,376.35,386.45,387.0,389.1,55378,21244754.75,3387
2026-03-12,INE760W01023,RPPL,EQ,16.14,16.15,15.46,15.51,15.5,15.75,186673,2941113.82,501
2026-03-12,INE562B01019,RAJSREESUG,EQ,28.31,29.0,28.01,28.33,28.5,28.44,20109,571296.28,270
2026-03-12,INE613A01020,RALLIS,EQ,248.5,250.6,242.35,247.35,247.4,248.6,156641,38651131.45,6305
2026-03-12,INE207E01023,RAMRAT,EQ,325.35,325.35,311.05,316.1,317.0,328.65,79899,25514633.15,2175
2026-03-12,INE809A01032,RAMAPHO,EQ,118.0,118.6,114.3,115.62,114.6,119.32,55394,6450264.13,1195
2026-03-12,INE230R01035,RAMASTEEL,EQ,5.96,6.06,5.78,5.89,5.93,5.97,8959379,53135031.14,9451
2026-03-12,INE14W901010,RTL,SM,100.9,100.9,96.5,96.5,96.5,97.25,102000,10093200.0,27
2026-03-12,INE614A01028,RAMCOIND,EQ,278.45,278.45,270.9,276.35,272.5,279.5,48117,13236494.45,1852
2026-03-12,INE246B01019,RAMCOSYS,EQ,419.0,434.8,410.3,418.05,418.5,419.4,136077,57325349.4,7364
2026-03-12,INE0RJH01010,RBS,SM,76.0,76.0,74.75,76.0,76.0,77.0,12000,908360.0,9
2026-03-12,INE399G01023,RKFORGE,EQ,555.0,564.0,548.0,560.1,559.9,554.9,509314,283453280.4,15244
2026-03-12,INE874I01013,RAMKY,EQ,460.0,465.7,446.4,458.55,463.3,458.5,154939,70656922.1,5488
2026-03-12,INE625B01014,RANASUG,EQ,11.3,12.34,11.3,12.06,12.2,11.85,476481,5746557.92,1395
2026-03-12,INE050H01012,RML,EQ,810.05,811.6,802.9,806.15,805.6,820.6,15638,12605689.7,1634
2026-03-12,INE384A01010,RANEHOLDIN,EQ,1190.0,1190.0,1167.0,1172.5,1171.0,1191.6,12762,14969896.4,624
2026-03-12,INE0QX901013,RAPIDFLEET,SM,176.0,176.0,176.0,176.0,176.0,175.0,600,105600.0,1
2026-03-12,INE0MVO01012,RAPPID,SM,240.0,240.0,233.75,233.75,233.75,242.75,3000,705000.0,2
2026-03-12,INE0J1F01024,RPTECH,EQ,347.95,355.0,341.35,349.5,351.5,349.45,39063,13638568.6,1680
2026-03-12,INE027A01015,RCF,EQ,120.8,122.25,117.56,120.67,120.9,123.02,4982653,597055474.54,41844
2026-03-12,INE0CLI01024,RATEGAIN,EQ,510.0,512.5,494.0,509.85,509.05,510.9,290675,146308638.0,14094
2026-03-12,INE703B01027,RATNAMANI,EQ,2368.9,2389.9,2314.6,2360.3,2357.0,2372.0,20414,48123769.2,4553
2026-03-12,INE05CZ01011,RATNAVEER,EQ,140.12,142.96,138.48,140.9,141.9,142.25,856933,120728630.8,3517
2026-03-12,INE834M01019,RTNINDIA,EQ,26.5,27.34,25.62,26.73,26.84,26.7,3851496,102468872.73,17815
2026-03-12,INE399K01017,RTNPOWER,EQ,8.01,8.64,7.85,8.53,8.64,8.08,31499419,263897050.19,21546
2026-03-12,INE722J01012,RKDL,EQ,18.25,18.98,18.25,18.65,18.98,18.62,6053,112641.57,214
2026-03-12,INE09E501017,RVHL,EQ,41.27,41.27,38.01,38.31,38.8,38.37,7379,285925.1,147
2026-03-12,INE206N01018,RELTD,EQ,139.2,139.2,135.11,135.97,136.4,138.64,55121,7503304.09,1048
2026-03-12,INE02ID01020,RAYMONDLSL,EQ,795.0,803.55,776.0,787.65,790.0,798.85,93493,73690751.8,6259
2026-03-12,INE301A01014,RAYMOND,EQ,378.3,384.0,368.75,377.95,376.05,378.3,228666,86128882.75,7678
2026-03-12,INE1SY401010,RAYMONDREL,EQ,391.8,397.95,380.0,389.0,388.5,391.85,143594,56062106.95,5728
2026-03-12,INE976G01028,RBLBANK,EQ,296.0,303.15,292.9,299.8,298.7,297.7,3157302,942517443.15,26036
2026-03-12,INE0NA301016,RBMINFRA,SM,334.0,334.0,322.0,325.65,325.0,326.4,6000,1957930.0,28
2026-03-12,INE0PEQ01016,RBZJEWEL,EQ,118.0,118.24,115.0,116.68,117.44,118.34,87569,10207900.78,1290
2026-03-12,INE10QL01011,READYMIX,SM,94.0,94.0,94.0,94.0,94.0,96.5,2000,188000.0,1
2026-03-12,INE020B01018,RECLTD,EQ,331.0,349.45,327.3,343.5,343.95,333.05,10658407,3627429347.85,80676
2026-03-12,INE891D01026,REDINGTON,EQ,246.0,249.85,236.1,245.55,245.8,247.3,6367214,1551917101.5,86467
2026-03-12,INE0LXT01019,REDTAPE,EQ,113.67,116.3,111.59,113.99,113.3,114.42,243281,27715474.2,5436
2026-03-12,INE056I01025,REFEX,EQ,208.5,217.7,203.0,208.28,208.21,210.08,889327,186766630.32,11788
2026-03-12,INE0TNX01015,REFRACTORY,SM,37.0,37.8,36.85,37.0,37.0,37.8,10000,371150.0,5
2026-03-12,INE0MHO01029,REGAAL,EQ,72.0,87.69,69.8,87.69,87.69,73.08,20063092,1687283410.6,78500
2026-03-12,INE277C01012,REGENCERAM,EQ,44.63,44.63,42.03,43.0,43.0,43.75,663,28517.5,22
2026-03-12,INE131B01039,RELAXO,EQ,304.65,308.0,298.55,302.65,303.0,304.65,151975,46021771.05,7145
2026-03-12,INF204KC1030,GILT5YBEES,EQ,64.59,64.65,64.28,64.61,64.64,64.32,247953,16011664.42,612
2026-03-12,INF204KC1022,SDL26BEES,EQ,137.99,137.99,135.82,136.82,136.76,136.76,1664,227679.16,74
2026-03-12,INE375Y01018,RELIABLE,EQ,122.0,122.0,115.6,116.37,115.6,119.96,51065,6094403.74,440
2026-03-12,INE750D01016,RELCHEMQ,EQ,114.88,114.88,108.65,110.65,110.2,113.0,3915,438398.77,187
2026-03-12,INE330H01018,RCOM,BE,0.96,0.97,0.95,0.97,0.97,0.93,2465476,2385491.73,964
2026-03-12,INE217K01011,RHFL,BZ,2.54,2.58,2.51,2.58,2.58,2.46,1392956,3578938.65,1359
2026-03-12,INE046A01015,RIIL,EQ,687.0,698.8,674.1,689.2,692.0,687.3,57557,39473598.2,3446
2026-03-12,INE002A01018,RELIANCE,EQ,1390.0,1410.9,1381.1,1392.2,1390.0,1390.2,20939959,29264877793.7,370385
2026-03-12,INE036A01016,RELINFRA,BE,89.5,93.02,86.1,89.89,89.4,90.31,1848249,167454911.08,8054
2026-03-12,INE614G01033,RPOWER,EQ,22.65,24.28,22.28,23.66,23.74,22.86,78959343,1851048559.91,86747
2026-03-12,INE621H01010,RELIGARE,EQ,220.0,220.45,209.88,210.58,210.69,219.77,1379662,298139904.03,13933
2026-03-12,INE474C01023,REMSONSIND,EQ,108.55,108.55,105.15,105.49,105.5,107.82,73737,7843958.84,1485
2026-03-12,INE0O5T01011,REMUS,SM,600.0,660.0,600.0,631.85,640.0,612.0,3000,1865690.0,24
2026-03-12,INE722H01024,RGL,EQ,103.48,106.44,99.25,104.5,104.1,103.23,1579958,162403616.15,9994
2026-03-12,INE0VZX01015,RNPL,SM,140.0,140.0,140.0,140.0,140.0,138.8,1200,168000.0,1
2026-03-12,INE612J01015,REPCOHOME,EQ,364.4,382.2,356.35,369.05,366.55,364.05,83524,30938332.5,2833
2026-03-12,INE461B01014,REPRO,EQ,386.55,387.05,366.25,369.05,370.9,379.55,18400,6935586.65,1214
2026-03-12,INE688D01026,RESPONIND,EQ,166.05,166.99,162.24,164.12,166.0,165.48,146232,24006905.66,1365
2026-03-12,INE07T201019,RBA,EQ,62.04,62.04,60.85,61.18,61.16,62.04,5080372,311174675.46,11152
2026-03-12,INE0DAB01012,RVTH,EQ,605.95,605.95,545.15,558.8,555.75,594.15,4121,2323955.4,205
2026-03-12,INE113601012,REXPRO,SM,42.6,43.0,42.6,43.0,43.0,43.2,3000,128600.0,3
2026-03-12,INE0KKN01029,RHETAN,EQ,24.55,25.58,24.55,25.05,25.0,24.77,5594379,140214908.83,4062
2026-03-12,INE743M01012,RHIM,EQ,380.6,385.8,361.9,380.9,381.1,380.2,614605,230791692.9,23822
2026-03-12,INE0J1P01015,RICHA,SM,61.1,64.15,61.1,64.1,64.15,61.1,4000,253350.0,4
2026-03-12,INE209B01025,RICOAUTO,EQ,110.0,112.6,107.43,111.81,112.34,111.83,1623080,178687293.28,10780
2026-03-12,INE0N2P01017,RISHABH,EQ,394.25,407.1,391.1,392.35,394.0,393.75,28056,11156907.4,1282
2026-03-12,INE01EG01016,RITCO,EQ,195.0,234.4,192.64,204.94,212.9,197.15,2951663,638334105.04,38775
2026-03-12,INE0MRA01019,RITEZONE,SM,17.65,17.85,17.65,17.75,17.75,18.55,6400,113600.0,4
2026-03-12,INE320J01015,RITES,EQ,198.0,202.75,194.65,199.65,199.97,199.71,511723,101766141.64,14770
2026-03-12,INE786W01010,RKEC,EQ,40.17,40.68,39.72,39.99,39.95,39.99,39994,1601018.89,200
2026-03-12,INE0SA001017,RNFI,SM,255.0,256.0,244.05,245.75,245.3,256.5,18600,4637970.0,30
2026-03-12,INE508K01013,RHL,EQ,184.2,187.98,182.1,183.13,185.9,186.43,5246,967141.97,574
2026-03-12,INE0PTR01012,ROCKINGDCE,ST,184.3,185.0,184.3,184.3,184.3,194.0,5250,969150.0,14
2026-03-12,INE645S01024,ROLEXRINGS,EQ,121.91,123.56,118.24,122.06,121.01,122.89,439437,53233864.7,8254
2026-03-12,INE927A01040,ROLLT,BE,1.27,1.3,1.22,1.29,1.29,1.27,169199,213663.24,145
2026-03-12,INE02A801020,ROSSARI,EQ,455.0,460.0,451.25,453.25,454.0,462.2,35724,16245108.6,2439
2026-03-12,INE847C01020,ROSSELLIND,EQ,45.98,46.49,44.66,45.76,45.55,45.51,51878,2355225.94,608
2026-03-12,INE0OJW01016,ROSSTECH,EQ,717.95,722.0,694.0,718.2,720.5,710.05,29612,21104512.9,1900
2026-03-12,INE535D01037,ROTO,EQ,61.97,63.68,59.61,60.21,59.95,60.97,4380677,267724927.41,22485
2026-03-12,INE450U01017,ROUTE,EQ,484.5,484.5,471.15,475.95,475.5,481.7,137857,65709769.8,6665
2026-03-12,INE0PDJ01013,ROXHITECH,SM,30.1,32.15,30.05,32.0,32.0,31.25,25600,802880.0,16
2026-03-12,INE0EO401019,ROYALARC,SM,157.0,161.0,153.0,154.0,154.0,157.0,33600,5361000.0,14
2026-03-12,INE283H01019,ROHLTD,EQ,325.5,342.55,320.75,336.85,342.5,326.9,62747,20957884.5,1626
2026-03-12,INE105J01010,RPGLIFE,EQ,1875.0,1985.0,1870.0,1964.9,1975.0,1901.1,11877,23206343.5,2127
2026-03-12,INE425Y01011,RPSGVENT,EQ,622.0,622.05,606.5,612.45,615.0,622.05,49198,30186876.15,1092
2026-03-12,INE611A01016,RSWM,EQ,146.4,146.4,142.28,143.44,143.0,145.34,27052,3894560.86,1697
2026-03-12,INE642C01025,RUBFILA,EQ,64.9,64.9,62.62,63.28,63.4,63.75,14965,944853.59,216
2026-03-12,INE506V01022,RUBICON,EQ,778.0,820.4,768.95,799.15,796.2,781.55,173593,139506508.0,13370
2026-03-12,INE413B01023,RUCHINFRA,EQ,5.59,5.6,5.06,5.37,5.49,5.56,118583,644869.8,352
2026-03-12,INE803H01014,RUCHIRA,EQ,105.4,105.8,103.77,105.17,105.0,104.63,28571,2999544.96,538
2026-03-12,INE027T01023,RUDRA,EQ,17.49,17.49,17.02,17.34,17.39,17.28,63218,1094448.67,441
2026-03-12,INE364Z01019,REPL,EQ,73.35,75.96,73.35,73.8,73.65,75.51,11132,831825.72,170
2026-03-12,INE0R7301013,RULKA,SM,93.5,93.5,86.5,88.9,88.55,93.75,6300,558915.0,19
2026-03-12,INE895B01021,RUPA,EQ,129.52,131.0,127.78,128.99,128.2,130.17,194996,25289515.34,2364
2026-03-12,INE573K01025,RUSHIL,EQ,16.21,16.9,15.99,16.21,16.13,16.55,633814,10365043.96,1699
2026-03-12,INE0BSN01013,SATECH,ST,40.5,43.6,40.5,43.15,43.15,42.2,4000,167750.0,3
2026-03-12,INE807K01035,SCHAND,EQ,149.0,159.8,145.52,153.03,153.71,149.75,95595,14329499.09,2105
2026-03-12,INE0X6F01017,SDREAMS,SM,82.05,82.05,81.0,81.0,81.0,84.9,4000,326300.0,4
2026-03-12,INE500L01026,SHK,EQ,130.74,137.0,128.51,129.16,130.98,130.8,650631,85831108.44,7568
2026-03-12,INE0F3301020,SJLOGISTIC,SM,280.0,280.0,268.0,275.3,277.0,278.5,51000,13968112.5,120
2026-03-12,INE902B01017,S&SPOWER,BE,369.85,369.85,369.85,369.85,369.85,377.35,465,171980.25,16
2026-03-12,INE212I01016,SPAL,EQ,684.4,710.0,684.4,700.95,710.0,692.6,26987,18734729.85,1934
2026-03-12,INE658G01014,SALSTEEL,BE,41.43,43.11,41.43,43.11,43.11,42.27,125742,5301538.26,108
2026-03-12,INE0PSK01027,SAAKSHI,SM,180.0,180.0,180.0,180.0,180.0,180.05,7800,1404000.0,8
2026-03-12,INE13B501022,SAATVIKGL,EQ,344.5,380.0,335.5,361.4,360.0,347.05,493836,179411499.2,13452
2026-03-12,INE860T01019,SABEVENTS,BE,14.48,14.48,14.48,14.48,14.48,14.77,43,622.64,3
2026-03-12,INE1ARD01016,SACHEEROME,ST,375.3,390.0,360.2,390.0,390.0,376.0,4800,1819620.0,8
2026-03-12,INE226H01026,SADBHAV,BE,8.8,9.48,8.58,9.24,9.48,9.03,725273,6363758.0,526
2026-03-12,INE764L01010,SADBHIN,EQ,3.0,3.02,2.95,2.97,2.96,2.98,164553,490966.03,216
2026-03-12,INE888C01040,SADHNANIQ,EQ,1.61,1.61,1.61,1.61,1.61,1.54,393238,633113.18,80
2026-03-12,INE0K5H01010,SADHAV,SM,100.9,105.0,99.5,100.3,100.3,100.6,12600,1287600.0,17
2026-03-12,INE429E01023,SAFARI,EQ,1634.9,1668.9,1615.3,1640.0,1638.0,1653.5,13582,22316726.1,2677
2026-03-12,INE17D601016,SAFEENTP,SM,225.0,229.0,216.55,224.9,224.0,225.2,51000,11238300.0,84
2026-03-12,INE229C01021,SAGCEM,EQ,182.99,183.17,179.2,180.97,181.31,182.88,50205,9102912.63,872
2026-03-12,INE976T01013,SAGARDEEP,EQ,23.81,23.97,22.61,22.82,22.81,23.21,8559,199247.49,117
2026-03-12,INE0W2G01015,SAGILITY,EQ,39.5,40.3,38.81,39.49,39.49,39.79,15324922,606160192.72,46679
2026-03-12,INE0P4701011,SAHAJSOLAR,SM,111.9,124.45,110.2,118.8,118.0,110.0,42000,4880960.0,76
2026-03-12,INE0LEX01011,SAHANA,SM,990.0,1010.0,983.25,1005.0,1005.0,1007.7,4500,4475606.25,34
2026-03-12,INE0RBQ01018,SAHASRA,SM,237.5,240.65,235.15,236.5,237.0,238.1,19200,4562120.0,45
2026-03-12,INE280H01015,SAHYADRI,EQ,231.45,238.0,221.05,231.0,229.1,239.0,5509,1270050.85,207
2026-03-12,INE570L01029,SAILIFE,EQ,1030.05,1034.2,991.0,1008.85,1007.85,1014.0,661622,665042930.5,26406
2026-03-12,INE438K01021,KALAMANDIR,EQ,102.15,102.6,98.8,99.19,99.4,102.63,1177481,118606768.04,13043
2026-03-12,INE00MT01022,SAJHOTELS,SM,42.5,43.0,42.5,43.0,43.0,42.5,6000,257000.0,3
2026-03-12,INE732S01012,SAKAR,EQ,558.3,563.75,542.0,556.8,558.0,555.5,64359,35779414.65,2825
2026-03-12,INE667G01023,SAKSOFT,EQ,131.6,134.37,129.0,131.25,132.0,131.59,260129,34198061.47,7539
2026-03-12,INE623A01011,SAKHTISUG,EQ,15.49,15.5,14.95,15.17,15.17,15.18,191343,2919387.56,531
2026-03-12,INE190H01024,SAKUMA,EQ,1.63,1.64,1.6,1.6,1.61,1.63,1118434,1803084.78,1369
2026-03-12,INE170V01027,SALASAR,EQ,7.26,7.34,7.17,7.21,7.25,7.29,2938216,21342772.75,3389
2026-03-12,INE498E01010,SALONA,EQ,273.0,287.0,266.25,270.95,272.5,275.7,144,39718.8,35
2026-03-12,INE457F01013,SALZERELEC,EQ,600.7,607.4,585.3,599.1,601.0,600.7,63324,37851028.95,2559
2026-03-12,INE124101010,SAMAY,SM,36.4,36.45,35.75,35.75,35.75,37.6,36000,1292600.0,9
2026-03-12,INE699B01027,SAMBHAAV,EQ,6.38,6.48,6.3,6.41,6.48,6.41,16010,102530.0,87
2026-03-12,INE12NJ01018,SAMBHV,EQ,92.0,93.78,89.17,91.62,93.6,91.45,830835,76220157.32,7257
2026-03-12,INE0PZA01015,SAIFL,SM,9.5,9.5,9.25,9.45,9.45,9.75,40000,375400.0,10
2026-03-12,INE08U801020,SAMHI,EQ,150.84,151.5,145.75,146.48,147.6,150.84,1965496,290417768.33,37695
2026-03-12,INE148I01020,SAMMAANCAP,EQ,145.0,145.0,141.91,142.42,142.7,145.72,4852687,693941643.98,23048
2026-03-12,INE735M01018,SAMPANN,EQ,28.87,33.1,27.1,30.97,30.96,27.59,146735,4617317.77,1069
2026-03-12,INE775A01035,MOTHERSON,EQ,120.25,120.83,116.64,120.17,120.7,121.39,24171355,2882189789.72,117466
2026-03-12,INE0JPD01013,SANATHAN,EQ,411.0,415.0,405.25,414.3,414.0,417.25,9018,3700523.95,1395
2026-03-12,INE782L01012,SANCO,BZ,2.36,2.47,2.36,2.4,2.4,2.36,5708,14028.68,21
2026-03-12,INE583B01015,SANDESH,EQ,947.65,951.25,936.4,945.65,945.2,952.4,326,309348.65,84
2026-03-12,INE278H01035,SANDHAR,EQ,506.4,506.4,487.0,491.1,489.0,505.8,65659,32399506.4,5212
2026-03-12,INE149K01016,SANDUMA,EQ,199.0,202.9,194.67,199.79,197.11,200.86,1338965,265850204.6,26192
2026-03-12,INE495C01010,SANGAMIND,EQ,421.75,433.35,415.35,426.55,425.5,428.15,10661,4539737.85,353
2026-03-12,INE0OVI01010,SANGANI,SM,44.0,44.0,43.65,43.65,43.65,45.9,4500,196950.0,3
2026-03-12,INE999B01013,SANGHIIND,EQ,54.0,54.74,53.35,53.55,53.35,54.83,985021,53184404.47,2469
2026-03-12,INE989A01032,SANGHVIMOV,EQ,237.0,252.45,232.3,241.85,240.55,240.0,380735,92123479.8,10901
2026-03-12,INE753W01010,SANGINITA,BE,14.28,14.28,13.75,14.28,14.28,13.6,579448,8268978.21,324
2026-03-12,INE0UOS01011,SANOFICONR,EQ,4396.0,4396.0,4310.0,4357.0,4358.0,4443.2,5938,25842525.5,1918
2026-03-12,INE058A01010,SANOFI,EQ,3670.0,3670.0,3590.0,3595.0,3599.0,3649.3,19191,69150733.3,3806
2026-03-12,INE953O01021,SANSERA,EQ,2150.7,2150.7,2071.8,2079.6,2080.0,2177.7,175488,366273477.0,18312
2026-03-12,INE08NE01025,SANSTAR,EQ,82.98,88.0,82.0,86.6,86.79,82.94,418577,36181176.74,2014
2026-03-12,INE890C01046,SANWARIA,BZ,0.22,0.22,0.22,0.22,0.22,0.21,603861,132849.42,36
2026-03-12,INE806T01020,SAPPHIRE,EQ,169.55,173.41,164.31,169.33,169.0,171.01,1606864,270853333.49,26293
2026-03-12,INE0PUC01020,SARTELE,SM,183.95,189.75,181.1,185.8,186.0,184.25,88000,16434925.0,86
2026-03-12,INE0PQ101010,SSDL,EQ,61.99,61.99,58.6,59.14,58.75,60.53,49214,2952806.8,617
2026-03-12,INE385C01021,SARDAEN,EQ,541.95,555.0,530.0,550.6,549.8,544.35,407444,222961918.5,18230
2026-03-12,INE979A01025,SAREGAMA,EQ,327.85,351.1,319.8,347.55,349.8,329.3,549782,186602767.3,19686
2026-03-12,INE453D01025,SARLAPOLY,EQ,79.9,81.24,79.11,79.61,80.6,80.39,57639,4611397.47,1458
2026-03-12,INE0PCL01011,SAROJA,SM,32.5,32.5,32.5,32.5,32.5,33.45,1600,52000.0,1
2026-03-12,INE017W01010,SMLT,EQ,67.15,70.0,67.15,67.79,68.0,69.7,12162,826382.09,197
2026-03-12,INE324X01026,SARVESHWAR,EQ,3.27,3.31,3.21,3.28,3.3,3.27,3078194,10026767.34,2602
2026-03-12,INE231F01020,SASKEN,EQ,1071.0,1125.0,1063.6,1074.4,1079.0,1081.8,27374,29876078.2,2409
2026-03-12,INE019J01013,SASTASUNDR,EQ,281.1,284.2,276.9,282.0,281.0,282.5,9612,2695921.65,197
2026-03-12,INE0NB801022,SATKARTAR,SM,175.95,175.95,159.1,162.1,159.1,161.2,12000,1998640.0,14
2026-03-12,INE0RFP01011,SSEGL,SM,350.35,351.0,340.0,345.0,346.0,348.65,35400,12155250.0,141
2026-03-12,INE0RPM01017,SATIPOLY,SM,39.75,40.0,39.75,39.8,39.8,41.8,6000,239525.0,10
2026-03-12,INE170E01023,SATIA,EQ,62.1,63.51,60.76,62.32,62.86,62.63,130851,8138628.83,1556
2026-03-12,INE836B01017,SATIN,EQ,147.5,148.76,145.82,147.03,146.0,149.7,96180,14173542.77,1896
2026-03-12,INE14DW01018,SATTVAENGG,SM,47.95,56.1,45.05,56.1,56.1,46.75,96000,5004880.0,49
2026-03-12,INE626A01014,SAURASHCEM,EQ,63.8,63.8,61.0,61.63,61.35,62.44,126702,7875570.86,1222
2026-03-12,INE035D01020,SOTL,EQ,347.05,347.05,340.0,340.75,340.5,348.9,34978,11996893.85,1243
2026-03-12,INE0UCN01017,SAVY,SM,130.6,138.25,126.65,131.35,137.4,132.5,61200,8030880.0,17
2026-03-12,INE10VS01016,SAWALIYA,SM,333.9,351.0,326.05,334.85,330.0,331.85,185400,62172300.0,192
2026-03-12,INE04AK01028,SBC,EQ,32.19,32.45,32.0,32.19,32.15,32.17,11275616,363526586.99,4547
2026-03-12,INE423Y01016,SBFC,EQ,92.34,94.5,90.96,92.53,92.5,92.34,789821,73169773.83,10130
2026-03-12,INE018E01016,SBICARD,EQ,712.0,715.0,698.0,710.25,710.2,715.0,831279,588045197.3,28180
2026-03-12,INE123W01016,SBILIFE,EQ,1925.0,1948.1,1907.0,1939.4,1940.9,1938.6,868643,1677851628.8,71976
2026-03-12,INF200KA16D8,SETFGOLD,EQ,137.3,137.3,135.12,136.61,136.55,136.87,4942454,674445013.36,14415
2026-03-12,INF200KA1FS1,SETFNIF50,EQ,255.7,255.7,252.33,253.09,253.52,255.7,2379265,603150233.64,19110
2026-03-12,INF200KA1580,SETFNIFBK,EQ,585.81,585.81,560.56,564.73,566.7,571.53,153518,86653780.6,5605
2026-03-12,INF200KA1598,SETFNN50,EQ,709.99,714.5,697.53,710.13,714.4,709.88,48588,34292134.83,2101
2026-03-12,INF200KA13Z8,LIQUIDSBI,EQ,1000.01,1000.01,999.99,1000.0,1000.01,1000.0,70415,70414434.48,40
2026-03-12,INF200KB1712,SBIBPB,EQ,51.34,52.4,49.5,51.26,52.4,51.09,139425,7089356.77,1305
2026-03-12,INF200KA1X17,SBIETFCON,EQ,113.48,113.48,110.3,110.89,112.0,112.57,7709,856507.99,238
2026-03-12,INF200KA1S14,SBIETFIT,EQ,330.43,330.43,322.99,326.55,326.74,327.03,11963,3897919.59,304
2026-03-12,INF200KA1S22,SBIETFPB,EQ,269.82,269.82,264.64,264.79,264.68,269.82,54226,14363328.45,234
2026-03-12,INF200KA1WX6,SBIETFQLTY,EQ,211.76,213.31,207.5,213.3,213.3,211.76,4757,997527.63,184
2026-03-12,INF200KB1969,SBILIQETF,EQ,1030.08,1030.1,1030.08,1030.1,1030.1,1029.96,514181,529647576.62,185
2026-03-12,INF200KB1AJ0,SBIMIDMOM,EQ,59.18,59.18,57.6,58.47,58.44,58.8,9371,546783.13,79
2026-03-12,INF200KB1282,SBINEQWETF,EQ,31.86,31.86,31.32,31.5,31.4,31.87,58307,1840133.44,405
2026-03-12,INF200KB1217,SBISILVER,EQ,257.15,260.48,251.64,259.07,259.5,257.15,2533508,650716210.94,15404
2026-03-12,INF200KA1JT1,SETF10GILT,EQ,260.67,261.84,260.66,261.82,261.84,261.23,11380,2974230.77,73
2026-03-12,INE513A01022,SCHAEFFLER,EQ,4050.4,4050.4,3974.3,3988.6,3976.0,4050.4,41368,165319201.6,10612
2026-03-12,INE839M01018,SCHNEIDER,BE,877.0,912.4,877.0,907.45,910.0,908.5,55875,50213404.1,2439
2026-03-12,INE148I07VO6,1015SCL29T,N1,1000.0,1000.0,1000.0,1000.0,1000.0,1008.0,50,50000.0,1
2026-03-12,INE148I07XS3,925SCL30A,NH,905.0,905.0,905.0,905.0,905.0,905.0,5000,4525000.0,41
2026-03-12,INE148I07WZ0,975SCL35,N0,100000.0,100000.0,100000.0,100000.0,100000.0,100000.0,5,500000.0,2
2026-03-12,INE090501011,SCODATUBES,EQ,124.09,127.8,120.61,123.05,121.3,124.09,90069,11183645.94,3695
2026-03-12,IN1020220035,752AP38,SG,103.67,103.67,103.67,103.67,103.67,99.7,19000,1969730.0,1
2026-03-12,IN1320230106,778BR31,SG,100.0,100.0,100.0,100.0,100.0,99.4,100,10000.0,1
2026-03-12,IN1520230104,758GJ26,SG,101.6,101.6,101.0,101.6,101.6,100.06,500,50740.0,5
2026-03-12,IN1520230153,758GJ32,SG,99.1,99.1,99.1,99.1,99.1,99.42,300,29730.0,2
2026-03-12,IN1520230088,762GJ28,SG,101.0,101.0,101.0,101.0,101.0,101.0,700,70700.0,1
2026-03-12,IN3120230302,768TN30A,SG,98.7,98.7,98.7,98.7,98.7,94.0,100,9870.0,1
2026-03-12,INE027E07972,935LTF29,N5,1168.99,1168.99,1097.0,1098.99,1098.99,1070.8,580,665225.4,8
2026-03-12,INE497B01018,SEAMECLTD,EQ,1308.1,1347.9,1306.7,1340.2,1335.0,1320.1,20079,26754815.6,2219
2026-03-12,INE530B07351,IIFLZC26B,NY,1237.69,1237.69,1237.69,1237.69,1237.69,1237.33,1,1237.69,1
2026-03-12,INE530B07187,IIFLZC26,NN,1424.8,1426.8,1411.5,1426.8,1426.8,1424.8,235,334263.0,3
2026-03-12,INE530B07369,IIFLZC28B,Y1,1202.5,1214.0,1202.5,1214.0,1214.0,1200.0,285,344773.5,11
2026-03-12,INE413U07269,1003ISFL28,N4,1002.0,1003.0,1002.0,1003.0,1003.0,997.0,279,279792.0,9
2026-03-12,INE583D07505,1015UCL26,N1,1005.95,1005.95,999.5,999.8,1000.0,998.0,11,11003.95,3
2026-03-12,INE148I07TR3,1015SCL29,ZL,1000.0,1020.01,1000.0,1020.01,1020.01,1044.0,100,101000.5,2
2026-03-12,INE148I07SQ7,1025SCL34,Z8,970.0,970.0,970.0,970.0,970.0,990.0,10,9700.0,1
2026-03-12,INE413U07251,1050ISFL28,N5,1007.0,1007.0,1007.0,1007.0,1007.0,1007.0,47,47329.0,2
2026-03-12,INE342T07460,1065NFL27,NC,1005.0,1019.8,1005.0,1010.0,1010.0,1005.0,137,138863.6,4
2026-03-12,INE148I07TP7,1075SCL34,ZR,1091.0,1091.0,980.1,1044.99,1044.99,1062.95,632,660021.08,7
2026-03-12,INE342T07445,1119NFL27,ND,1010.0,1021.0,1000.0,1021.0,1021.0,995.0,59,59191.46,7
2026-03-12,INE219X07207,76IGT26,ND,1053.2,1053.2,1053.2,1053.2,1053.2,1063.0,23,24223.6,2
2026-03-12,INE219X07249,769IGT28,NH,1000.0,1000.0,1000.0,1000.0,1000.0,1000.0,250,250000.0,2
2026-03-12,INE0H7R07033,79NHIT47,N3,420.6,430.0,420.6,430.0,430.0,425.0,977,411670.6,4
2026-03-12,INE219X07280,797IGT31,NL,1010.0,1020.0,1010.0,1020.0,1020.0,1020.0,100,101200.0,5
2026-03-12,INE219X07264,82IGT31,NJ,1080.1,1083.0,1080.05,1083.0,1083.0,1080.0,606,655414.6,7
2026-03-12,INE530B07161,842IIFL26,NL,995.0,995.0,992.0,995.0,995.0,995.0,23,22822.0,4
2026-03-12,INE477L07AO7,850IIFL27,,999.0,999.0,999.0,999.0,999.0,1001.8,200,199800.0,1
2026-03-12,INE530B07385,865IFL28,NZ,985.0,985.0,983.0,983.0,983.0,980.5,260,255700.0,3
2026-03-12,INE530B07310,865IIFL28,NS,989.5,989.5,989.5,989.5,989.5,990.0,66,65307.0,1
2026-03-12,INE148I07MK3,865SCL24B,Z8,1180.0,1180.0,1180.0,1180.0,1180.0,996.0,20,23600.0,2
2026-03-12,INE516Y07410,875PCHFL26,N8,1043.0,1053.8,1043.0,1049.0,1049.0,1043.5,549,575422.2,7
2026-03-12,INE338I07164,897MOFSL29,N4,1020.0,1020.0,1016.2,1016.2,1016.2,1008.5,317,323219.7,12
2026-03-12,INE530B07377,9IIFL28,Y0,1037.3,1037.3,1036.2,1036.2,1036.2,1035.0,460,476982.0,2
2026-03-12,INE338I07149,91MOFSL27,N2,1074.67,1097.0,1074.67,1097.0,1097.0,1070.0,15,16343.35,2
2026-03-12,INE148I07ML1,905SC24B,Z9,979.0,979.0,979.0,979.0,979.0,970.0,150,146850.0,1
2026-03-12,INE423A07351,925AEL26,N1,1036.0,1036.0,1036.0,1036.0,1036.0,1049.0,50,51800.0,2
2026-03-12,INE413U07327,957IIFLS27,,1001.6,1001.6,1001.6,1001.6,1001.6,993.0,1,1001.6,1
2026-03-12,INE423A07328,965AEL27,N4,1054.0,1059.0,1052.0,1059.0,1059.0,1054.0,1155,1216105.0,9
2026-03-12,INE741K07579,970CAGL28,ND,1020.99,1025.0,1020.99,1023.6,1025.0,1015.05,250,255901.38,4
2026-03-12,INE148I07OT0,971SCL28I,BC,900.0,900.0,900.0,900.0,900.0,750.0,3,2700.0,1
2026-03-12,INE148I07NV8,971SCL28,AN,540.0,600.0,510.0,510.0,510.0,509.9,128,71610.0,6
2026-03-12,INE121A07RK6,CIFCZC26,NF,1210.0,1210.0,1155.4,1155.4,1155.4,1210.0,44,51383.6,3
2026-03-12,INE121A07RI0,CIFC28,NB,1200.0,1200.0,1200.0,1200.0,1200.0,1214.0,30,36000.0,1
2026-03-12,INE148I07UA7,SCL25924D,N1,1110.0,1110.0,1110.0,1110.0,1110.0,1135.0,250,277500.0,2
2026-03-12,INE741K07546,CAGL28,NE,1030.0,1030.0,1030.0,1030.0,1030.0,1210.0,266,273980.0,1
2026-03-12,INE00QS24043,IMC1,N1,251.35,251.35,251.35,251.35,251.35,251.35,10,2513.5,1
2026-03-12,INE00QS24027,IMC1,N2,250.5,251.0,250.5,251.0,251.0,250.5,20,5015.0,2
2026-03-12,INE00QS24035,IMC1,N3,250.0,250.02,250.0,250.02,250.02,250.0,220,55004.2,3
2026-03-12,INE530L07228,10NIDO26,N6,1056.0,1056.0,1051.55,1055.86,1051.55,1055.0,319,336819.5,9
2026-03-12,INE804IA7014,1015ECL29,NR,1019.0,1019.0,1019.0,1019.0,1019.0,1016.03,15,15285.0,1
2026-03-12,INE148I07GK5,885SCL26,N9,1026.75,1026.75,1017.5,1017.5,1017.5,1026.8,611,627242.5,3
2026-03-12,INE148I07GL3,9SCL26BA,,1020.1,1026.8,1020.1,1026.8,1026.8,1021.24,115,117747.0,2
2026-03-12,INE721A07OC7,930SFL28,YP,1054.0,1054.0,1054.0,1054.0,1054.0,1054.0,3,3162.0,1
2026-03-12,INE721A07ON4,957ICCL25,YW,1050.0,1050.0,1050.0,1050.0,1050.0,1049.1,108,113400.0,5
2026-03-12,INE721A07NX5,94SFL28,YL,1093.0,1094.0,1093.0,1093.43,1094.0,1094.95,150,164015.0,4
2026-03-12,INE804I078Y8,943ECL28,NJ,995.0,997.8,995.0,997.8,997.8,995.0,104,103560.0,6
2026-03-12,INE530L07210,957NIDO26,N5,990.0,990.0,988.0,988.0,988.0,985.95,24,23715.0,3
2026-03-12,INE721A07OF0,97SFL28,YS,1070.0,1073.0,1070.0,1073.0,1073.0,1070.0,248,265960.0,4
2026-03-12,INE721A07OQ7,97SFL29,YZ,1071.0,1071.0,1071.0,1071.0,1071.0,1081.99,50,53550.0,2
2026-03-12,INE804I079Y6,985ECL28,NK,1035.0,1035.0,1035.0,1035.0,1035.0,1035.0,145,150075.0,1
2026-03-12,INE721A07PH3,SFLZC26A,ZC,1835.0,1835.0,1835.0,1835.0,1835.0,1820.01,112,205520.0,4
2026-03-12,INE0BTM01013,SECMARK,EQ,115.2,118.0,110.13,114.69,117.0,119.21,408,46467.28,50
2026-03-12,INE650K01021,SECURKLOUD,EQ,22.0,22.94,21.99,22.6,22.75,22.51,46889,1050341.63,239
2026-03-12,INE00XB01019,SEDEMAC,EQ,1419.0,1522.0,1413.1,1441.3,1450.0,1451.1,436967,643543432.1,29533
2026-03-12,INE955I01044,SEJALLTD,EQ,550.85,550.85,516.0,538.75,538.0,524.65,26723,14337541.95,915
2026-03-12,INE105I01020,SELMC,EQ,32.49,32.49,29.64,29.68,29.64,31.2,43340,1312836.96,283
2026-03-12,INE0IJF01013,SELLOWRAP,SM,70.5,70.5,70.0,70.0,70.0,70.5,4800,337600.0,3
2026-03-12,INE617A01013,SEMAC,EQ,219.98,219.98,206.0,209.77,213.95,219.99,2065,433850.86,165
2026-03-12,INE602W01027,SENCO,EQ,297.35,304.3,289.6,298.05,298.0,297.35,416031,123164393.95,10016
2026-03-12,INE0RB801010,SENORES,EQ,740.0,748.5,724.4,736.55,736.0,741.95,61277,45209453.7,4406
2026-03-12,INE964H01014,SEPC,EQ,6.53,6.65,6.16,6.23,6.22,6.52,56258056,354864464.76,21373
2026-03-12,INE027E07BC8,865LTF26,NN,1025.0,1025.0,1022.25,1022.25,1022.25,1022.01,112,114497.5,2
2026-03-12,INE027E07AN7,87LTF27,NH,1025.0,1034.0,1025.0,1034.0,1034.0,1020.0,7,7193.0,2
2026-03-12,INE027E07998,898LTF29,N7,1075.0,1075.0,1075.0,1075.0,1075.0,1063.0,2,2150.0,2
2026-03-12,INE027E07AL1,905LTF27,NF,1092.2,1095.0,1091.0,1091.55,1091.11,1091.0,464,506568.0,10
2026-03-12,INE306N07LM5,865TCAPS27,N8,1050.05,1054.0,1050.05,1054.0,1054.0,1068.0,750,789907.5,3
2026-03-12,INE0P1Q01015,SERVICE,ST,47.4,47.4,47.4,47.4,47.4,49.6,2000,94800.0,1
2026-03-12,INE782X01033,SERVOTECH,EQ,69.0,73.59,67.55,71.16,71.1,68.16,1302670,92289236.35,10368
2026-03-12,INE04VU01023,STYL,EQ,258.0,258.9,252.1,254.1,252.51,259.88,102881,26278391.42,2229
2026-03-12,INE630A01024,SESHAPAPER,EQ,250.9,252.75,246.85,251.0,250.1,249.25,8284,2071065.6,479
2026-03-12,INE878E01021,SETCO,EQ,18.01,18.4,17.61,17.98,18.28,18.01,149145,2683458.54,645
2026-03-12,INE023M01027,SETUINFRA,BZ,0.4,0.4,0.38,0.39,0.39,0.39,25487,10103.05,33
2026-03-12,INE573R01012,SEYAIND,BE,8.96,9.05,8.88,9.05,9.05,8.88,7716,69744.96,34
2026-03-12,INE618R01015,SGFIN,EQ,394.4,395.15,388.0,389.45,388.0,394.0,49682,19418885.7,1985
2026-03-12,INE385F01024,SGMART,EQ,457.8,461.0,433.85,458.45,455.5,446.7,273023,122914521.55,8429
2026-03-12,INE12UN01015,SHADOWFAX,EQ,112.0,113.33,108.07,111.97,112.0,112.3,759179,83995522.39,34135
2026-03-12,INE640C01011,SHAHALLOYS,EQ,56.86,63.0,56.05,61.95,63.0,57.69,14297,843733.08,390
2026-03-12,INE482J01021,SHAH,EQ,4.89,4.9,4.74,4.82,4.83,4.8,2177812,10506927.64,772
2026-03-12,INE151G01028,SHAILY,EQ,1887.6,1931.0,1858.2,1911.4,1919.7,1908.5,1043037,1973185477.9,40955
2026-03-12,INE908D01010,SHAKTIPUMP,EQ,526.5,542.75,510.35,526.25,527.0,528.2,2841494,1497839495.7,72558
2026-03-12,INE597J01018,SHALBY,EQ,147.68,152.0,144.5,148.67,152.0,146.94,220439,32552277.59,3515
2026-03-12,INE849C01026,SHALPAINTS,EQ,52.26,52.79,51.8,52.01,52.0,52.26,85567,4461261.98,640
2026-03-12,INE01NE01012,SRD,EQ,52.99,52.99,49.22,51.62,51.79,50.07,22558,1151787.3,374
2026-03-12,INE274V01019,SHANKARA,EQ,106.44,107.93,104.4,106.26,107.9,106.64,64631,6860485.47,1126
2026-03-12,INE24OJ01011,BUILDPRO,EQ,947.95,974.45,940.0,965.6,974.45,954.3,48507,46447667.2,1110
2026-03-12,INE0Q9Q01017,SHANTHALA,SM,27.5,29.7,27.5,28.1,28.1,27.5,6000,172020.0,5
2026-03-12,INE631A01022,SHANTIGEAR,EQ,464.0,495.0,457.05,478.3,482.0,465.45,53427,25627301.75,2291
2026-03-12,INE06ZD01017,SHANTIGOLD,EQ,198.96,205.9,192.93,203.67,200.5,198.96,338595,67498145.58,4281
2026-03-12,INE933X01016,SHANTI,EQ,7.3,7.3,6.23,6.37,6.38,6.32,36703,234114.42,234
2026-03-12,INE221J01015,SHARDACROP,EQ,1033.9,1047.3,1002.5,1033.2,1046.0,1036.7,219163,224953068.4,24472
2026-03-12,INE597I01028,SHARDAMOTR,EQ,810.0,821.8,801.0,812.05,804.0,819.65,42194,34321851.45,5339
2026-03-12,INE932X01026,SHAREINDIA,EQ,131.0,133.83,130.72,132.92,132.74,134.35,468664,62099231.65,3516
2026-03-12,INE460Q01014,SCML,SM,130.5,131.5,126.0,128.0,128.0,130.5,24000,3086050.0,11
2026-03-12,INE0YJV01017,SHEEL,SM,55.15,55.65,54.0,54.5,54.5,55.0,18000,991200.0,7
2026-03-12,INE916U01025,SFL,EQ,520.1,539.0,509.0,522.3,519.25,524.85,176037,92497513.5,6999
2026-03-12,INE501Y01019,SCPL,BE,341.1,341.1,325.5,336.15,338.0,336.9,3807,1261677.65,87
2026-03-12,INE04VX01019,SHEETAL,ST,238.0,238.0,235.0,238.0,238.0,237.5,6000,1422000.0,6
2026-03-12,INE268L01046,SHEKHAWATI,EQ,12.1,12.8,11.77,12.7,12.68,12.35,26407,331971.38,118
2026-03-12,INE363M01019,SHEMAROO,EQ,100.01,105.02,99.0,104.32,102.53,100.72,22648,2345205.96,248
2026-03-12,INE0MM001019,SHERA,SM,111.5,115.0,111.5,113.2,113.75,114.75,7000,790900.0,7
2026-03-12,INE03KJ01013,SHIGAN,ST,56.5,57.0,55.35,57.0,57.0,58.0,37500,2126625.0,5
2026-03-12,INE024F01011,SHILCTECH,EQ,3828.2,3890.0,3739.9,3830.4,3827.4,3856.8,23945,91413086.9,4652
2026-03-12,INE790G01031,SHILPAMED,EQ,335.25,341.45,328.3,332.3,337.2,336.0,484227,162318150.45,17779
2026-03-12,INE0PB301013,SCILAL,EQ,44.0,44.24,42.96,43.23,43.15,44.37,460692,20029827.93,2739
2026-03-12,INE109A01011,SCI,EQ,240.0,258.0,237.1,250.7,251.0,240.05,7450517,1860322373.25,78334
2026-03-12,INE644Y01017,SHIVAMILLS,EQ,56.0,56.0,52.15,54.5,54.5,53.71,1771,97163.5,49
2026-03-12,INE705C01020,SHIVATEX,EQ,147.21,152.28,145.11,147.44,152.28,146.82,1136,166375.03,26
2026-03-12,INE0T7B01010,SPCL,SM,76.5,79.6,76.5,79.0,79.05,79.7,40800,3210000.0,26
2026-03-12,INE386D01027,SBCL,EQ,426.8,430.75,420.05,423.55,425.95,433.3,72150,30578581.65,3070
2026-03-12,INE788J01021,SHIVALIK,EQ,279.45,279.45,270.45,271.65,271.5,279.15,49285,13530670.15,1107
2026-03-12,INE637H01024,SHIVAMAUTO,EQ,16.99,17.0,16.4,16.59,16.53,16.89,51687,863636.85,367
2026-03-12,INE1DLF01018,SHIVASHRIT,SM,117.35,126.0,116.45,124.0,125.95,121.2,13000,1566200.0,11
2026-03-12,INE498B01024,SHOPERSTOP,EQ,303.3,314.3,296.6,309.05,310.0,304.8,78865,24340573.35,4816
2026-03-12,INE715Y01031,SHRADHA,EQ,33.33,34.24,33.3,33.62,33.8,33.97,17294,582223.09,80
2026-03-12,INE712K01011,SHREEPUSHK,EQ,318.5,322.9,308.0,320.25,319.05,318.1,44471,14052330.95,2105
2026-03-12,INE070A01015,SHREECEM,EQ,23740.0,23740.0,23315.0,23500.0,23450.0,23740.0,40125,943185045.0,12257
2026-03-12,INE232A01011,SHREDIGCEM,EQ,63.5,63.75,62.51,63.31,63.21,64.14,114090,7210979.6,1148
2026-03-12,INE0S4Y01010,SHREEKARNI,SM,374.0,395.0,357.05,375.35,360.05,378.15,4050,1529400.0,24
2026-03-12,INE02S501018,SHREEOSFM,SM,80.0,80.0,71.3,72.45,72.9,79.5,70000,5125750.0,47
2026-03-12,INE19GK01015,SRTL,BE,50.91,50.91,50.91,50.91,50.91,53.58,62581,3185998.71,741
2026-03-12,INE879A01019,SHREERAMA,EQ,48.0,49.27,47.76,48.13,48.04,48.74,58222,2819642.39,15611
2026-03-12,INE278B01020,RAMANEWS,EQ,39.8,39.8,35.1,36.18,36.01,39.41,504491,18392943.59,4159
2026-03-12,INE087H01022,RENUKA,EQ,24.55,25.1,24.22,24.56,24.48,24.67,5013900,123770884.21,13251
2026-03-12,INE0S2G01011,BALAJEE,EQ,27.9,27.9,25.94,26.37,26.25,27.65,400394,10811526.11,1230
2026-03-12,INE00CE01017,SVLL,EQ,491.1,539.35,491.1,538.0,538.0,540.0,5,2647.1,4
2026-03-12,INE1FL101016,SHETHJI,SM,114.5,115.0,111.5,114.65,115.0,114.4,83000,9498900.0,45
2026-03-12,INE1B6101010,SHREEJISPG,EQ,366.3,370.9,361.0,364.25,363.7,369.85,549838,201157981.8,5372
2026-03-12,INE00IK01029,OSWALSEEDS,EQ,12.0,12.25,11.2,11.93,12.11,12.13,30240,358877.98,237
2026-03-12,INE0GTI23014,SHREMINVIT,IV,99.9,99.9,99.9,99.9,99.9,100.1,75000,7492500.0,3
2026-03-12,INE632X01030,SHRENIK,BZ,0.41,0.42,0.4,0.41,0.42,0.4,684061,283763.58,136
2026-03-12,INE231C01019,SHREYANIND,EQ,146.3,152.0,146.3,148.89,150.65,150.31,15007,2234547.53,98
2026-03-12,INE0DM401012,SHRIAHIMSA,SM,234.0,236.0,225.0,225.65,225.0,235.0,13200,3016830.0,16
2026-03-12,INE0NON01025,SHKSIL,SM,43.9,44.0,42.0,43.05,43.05,42.0,22000,947400.0,5
2026-03-12,INE1V4601019,SHRIKANHA,SM,22.1,22.75,22.1,22.25,22.15,22.9,28800,642240.0,17
2026-03-12,INE0OMF01015,SHRITECH,SM,60.0,60.0,60.0,60.0,60.0,59.25,22000,1320000.0,2
2026-03-12,INE1B3L01017,SHRINGARMS,EQ,204.05,205.05,198.0,200.06,200.0,204.28,417235,83706352.0,6159
2026-03-12,INF680P01422,LIQUIDSHRI,EQ,1095.41,1095.43,1095.41,1095.42,1095.41,1095.29,16946,18563145.53,33
2026-03-12,INE721A01047,SHRIRAMFIN,EQ,1021.1,1046.7,1006.1,1031.7,1029.1,1031.7,7054662,7245450325.6,158268
2026-03-12,INE526E01018,SHRIPISTON,EQ,3047.0,3047.0,2961.0,2976.6,2999.0,3039.7,42857,128779123.4,9010
2026-03-12,INE217L01019,SHRIRAMPPS,EQ,73.5,73.5,71.01,71.95,71.99,72.94,528515,38126643.76,2907
2026-03-12,INE01Z401013,SHUBHLAXMI,ST,26.85,29.0,26.85,29.0,29.0,28.0,2000,55850.0,2
2026-03-12,INE0UL701015,SHUBHSHREE,SM,308.0,308.0,308.0,308.0,308.0,308.0,600,184800.0,2
2026-03-12,INE979R01011,SHYAMCENT,EQ,4.75,4.98,4.7,4.77,4.85,4.81,39504,190210.73,177
2026-03-12,INE1CRP01016,SHYAMDHANI,SM,72.0,72.0,69.1,69.25,69.25,70.15,14000,990900.0,4
2026-03-12,INE810G01011,SHYAMMETL,EQ,786.0,793.4,766.8,779.8,778.0,785.55,109040,85085170.3,5933
2026-03-12,INE635A01023,SHYAMTEL,EQ,10.18,10.18,9.46,9.96,9.97,10.17,2383,23314.19,25
2026-03-12,INE075B01020,SICALLOG,BE,64.75,66.15,64.0,64.86,64.85,66.07,26901,1759872.42,67
2026-03-12,INE0SVO01019,SIDDHICOTS,ST,28.9,29.5,28.9,29.0,29.0,28.6,10800,315780.0,8
2026-03-12,INE0A1E01018,SIDDHIKA,SM,206.0,206.0,206.0,206.0,206.0,196.5,1000,206000.0,1
2026-03-12,INE1NPP01017,ENRIN,EQ,2925.0,2925.0,2861.3,2866.9,2865.0,2942.8,119153,343447004.6,14289
2026-03-12,INE003A01024,SIEMENS,EQ,3249.5,3349.6,3219.6,3324.7,3324.8,3272.2,361947,1196938155.3,29560
2026-03-12,INE0D0K01022,SIGACHI,EQ,19.29,19.57,18.84,19.25,19.35,19.45,2523938,48424395.24,6121
2026-03-12,INE933B01012,SIGMAADV,EQ,154.5,156.99,149.62,152.62,152.3,154.75,127654,19532392.33,1478
2026-03-12,INE0A0S01028,SIGMA,EQ,40.9,43.9,40.9,42.47,42.95,40.57,170435,7271345.39,2114
2026-03-12,INE903U01023,SIGNATURE,EQ,845.0,845.0,811.0,814.7,814.0,842.45,362899,298023487.45,13705
2026-03-12,INE529F01035,SIGIND,EQ,45.99,46.98,43.7,46.04,46.0,45.67,3997,182837.08,133
2026-03-12,INE0RDE01010,SIGNORIA,SM,65.15,65.15,65.15,65.15,65.15,68.55,1000,65150.0,1
2026-03-12,INE0KGZ01021,SIGNPOST,EQ,230.05,232.0,224.55,228.95,225.65,230.05,45692,10460260.75,1141
2026-03-12,INE112X01025,SIKKO,EQ,4.78,4.78,4.66,4.73,4.74,4.78,152823,721202.99,476
2026-03-12,INE923A01015,SILINV,EQ,418.95,418.95,392.05,411.3,409.5,416.4,6393,2629192.35,210
2026-03-12,INE01II01013,SILGO,EQ,75.24,75.39,72.5,73.61,73.79,74.32,19821,1454615.6,356
2026-03-12,IN901II01012,SILGOPP,E1,31.0,31.99,28.5,31.88,31.88,31.0,9727,304161.83,29
2026-03-12,INE0SN801015,SILKY,SM,155.0,155.0,152.25,152.6,152.25,155.0,2400,368200.0,3
2026-03-12,INE203Y01012,SILLYMONKS,EQ,15.65,17.14,15.65,16.21,16.99,16.38,5147,84933.42,132
2026-03-12,INE625X01026,SILVERTUC,EQ,118.0,119.8,115.6,116.3,115.7,121.6,363635,42429668.5,2868
2026-03-12,INE748T01016,SIMBHALS,BZ,8.78,8.78,8.01,8.16,8.3,8.4,46309,377120.66,105
2026-03-12,INE059B01024,SIMPLEXINF,EQ,179.15,194.0,174.44,187.85,189.9,178.5,926356,168506748.29,12022
2026-03-12,INE985A01022,SINCLAIR,EQ,73.29,74.97,71.02,71.42,71.25,73.29,136819,9890081.17,1594
2026-03-12,INE325D01025,SINDHUTRAD,EQ,25.0,25.49,24.7,25.05,25.0,25.37,734499,18456704.23,1194
2026-03-12,INE129Z01016,SINTERCOM,EQ,81.41,82.77,79.2,79.78,79.99,82.12,8737,700059.62,277
2026-03-12,INE792Z01011,SIRCA,EQ,429.5,429.5,414.0,424.15,422.0,428.5,194833,82407071.15,3782
2026-03-12,INE285J01028,SIS,EQ,289.0,293.35,284.0,288.0,287.55,291.5,93350,26957344.75,4992
2026-03-12,INE965H01011,SITINET,BZ,0.35,0.35,0.34,0.34,0.35,0.34,270658,93998.42,187
2026-03-12,INE076B01028,SIYSIL,EQ,494.5,507.4,483.0,497.5,499.5,497.6,72187,35836153.3,2791
2026-03-12,INE284S01014,SJS,EQ,1620.0,1621.6,1561.1,1606.5,1620.0,1621.6,140954,223856265.8,16905
2026-03-12,INE002L01015,SJVN,EQ,70.53,73.35,69.15,72.35,72.45,70.53,8792807,632152293.29,44008
2026-03-12,INE2J8701016,SKFINDUS,EQ,2180.0,2202.8,2162.1,2170.5,2175.4,2213.2,19586,42678756.9,4614
2026-03-12,INE640A01023,SKFINDIA,EQ,1600.6,1625.0,1574.2,1604.0,1593.0,1605.4,49895,80039348.6,6899
2026-03-12,INE439E01022,SKIPPER,EQ,338.5,369.7,330.2,351.35,353.95,340.5,2351522,825566840.1,35574
2026-03-12,INE411D01023,SKMEGGPROD,EQ,154.48,157.7,151.2,156.52,157.4,154.48,88204,13696044.25,2148
2026-03-12,INE0KZA01016,SKP,SM,151.5,157.0,148.0,154.0,154.0,151.0,8000,1229125.0,12
2026-03-12,INE01IU01018,SKYGOLD,EQ,341.45,348.8,332.0,347.1,347.6,341.4,364008,124886736.65,7952
2026-03-12,INE0SMA01017,SLONE,SM,191.0,199.6,188.0,188.0,188.0,197.85,12000,2313780.0,28
2026-03-12,INE14GK01016,SMARTEN,SM,59.05,59.75,58.0,58.3,58.0,59.7,31200,1826640.0,20
2026-03-12,INE178C01020,SMARTLINK,EQ,115.99,118.47,114.06,116.12,116.0,117.62,2309,268173.42,121
2026-03-12,INE0NAZ01010,SMARTWORKS,EQ,387.0,406.0,381.3,393.05,388.5,387.85,192275,76077008.25,1936
2026-03-12,INE05NX24023,8SMC29,N1,515.0,515.0,515.0,515.0,515.0,510.0,25,12875.0,1
2026-03-12,INE05NX24031,8SMC30,N2,525.0,525.0,525.0,525.0,525.0,507.0,5,2625.0,1
2026-03-12,INE103C01036,SMCGLOBAL,EQ,72.89,72.89,69.69,70.92,71.05,72.89,484866,34444089.25,4321
2026-03-12,INE294B01019,SMLMAH,EQ,3789.0,3969.0,3789.0,3826.3,3824.0,3973.7,86676,333445390.3,10295
2026-03-12,INE812G01025,SMSPHARMA,EQ,410.0,419.9,401.1,405.2,402.0,413.4,379792,155467372.5,11869
2026-03-12,INE1OIC01018,SNEHAA,SM,45.15,46.0,45.0,46.0,46.0,45.0,10000,455650.0,9
2026-03-12,INE734N01019,SNOWMAN,EQ,36.2,36.67,35.1,35.65,35.5,36.29,303748,10883329.65,2158
2026-03-12,INE671H01015,SOBHA,EQ,1351.0,1358.9,1313.0,1340.3,1337.0,1354.9,90484,120884435.6,11818
2026-03-12,INE728Z01015,SOFTTECH,EQ,262.05,269.9,254.25,259.4,267.1,261.45,7025,1800341.3,155
2026-03-12,INE343H01029,SOLARINDS,EQ,14361.0,14745.0,14315.0,14525.0,14500.0,14515.0,145031,2105560754.0,32314
2026-03-12,INE624Z01016,SOLARA,EQ,450.2,455.6,442.0,447.95,449.0,452.05,73923,33219328.65,2359
2026-03-12,IN9624Z01022,SOLARAPP1,E1,292.0,292.9,290.0,290.0,290.0,292.45,2277,663021.25,26
2026-03-12,INE0TY101024,SOLARWORLD,EQ,164.9,168.79,160.44,163.95,165.0,165.97,134827,22220698.43,3315
2026-03-12,INE880Y01017,SOLEX,EQ,892.55,1004.0,842.6,983.65,984.0,879.35,271474,263263585.2,14319
2026-03-12,INE0U0201016,BALCO,SM,16.2,17.75,16.15,17.75,17.75,16.95,3600,60120.0,3
2026-03-12,INE480C01038,SDBL,EQ,75.95,78.06,74.7,76.72,76.99,76.73,799023,61028592.69,6822
2026-03-12,INE314C01013,SOMATEX,BE,103.64,103.64,102.41,102.41,102.41,104.49,10567,1085714.57,54
2026-03-12,INE355A01028,SOMANYCERA,EQ,365.8,388.0,355.0,376.7,371.0,370.25,103643,38946607.6,6047
2026-03-12,INE323J01019,SOMICONVEY,EQ,99.9,105.35,98.82,102.99,102.0,99.9,31175,3175225.34,280
2026-03-12,INE073K01018,SONACOMS,EQ,508.0,515.05,502.7,510.3,510.85,516.35,748268,380285732.6,24098
2026-03-12,INE0Q6H01012,SONAMAC,SM,32.15,34.9,32.1,33.6,33.6,33.0,48000,1624300.0,10
2026-03-12,INE00LM01029,SONAMLTD,EQ,55.98,62.35,55.4,58.48,58.0,55.25,410134,24066823.52,4818
2026-03-12,INE269A01021,SONATSOFTW,EQ,243.0,247.05,237.3,242.45,242.1,244.8,773224,187634209.15,21016
2026-03-12,INE0JZA01018,SONUINFRA,SM,55.0,55.0,53.0,53.0,53.0,55.6,27000,1435800.0,9
2026-03-12,INE0O2D01012,SOTAC,SM,116.0,116.0,116.0,116.0,116.0,111.0,1200,139200.0,1
2026-03-12,INE980Y01015,SOUTHWEST,EQ,213.72,213.72,197.35,200.46,202.0,209.52,73710,14983631.5,1771
2026-03-12,INE970N01027,SPCENET,EQ,4.0,4.0,3.86,3.9,3.91,3.91,1100165,4307631.87,1757
2026-03-12,IN9572J01019,SSFLPP,E1,120.0,120.0,111.2,113.2,112.05,120.0,10621,1194024.95,151
2026-03-12,INE572J01011,SPANDANA,EQ,228.7,232.95,223.7,227.35,229.0,228.7,153656,35106570.35,6157
2026-03-12,INE1CW901027,SPEB,SM,52.8,52.8,52.8,52.8,52.8,52.8,2000,105600.0,1
2026-03-12,INE247M01014,SPECIALITY,EQ,100.59,102.0,98.14,100.05,99.91,100.13,64060,6382049.82,586
2026-03-12,INE01EO01010,SPECTRUM,EQ,1422.0,1449.0,1379.7,1437.8,1448.0,1444.6,6250,8888593.1,444
2026-03-12,INE0OL001018,SPECTSTM,SM,63.5,73.0,63.5,73.0,73.0,69.0,14400,1037200.0,7
2026-03-12,INE020801028,SPENCERS,EQ,31.48,31.84,30.84,31.12,30.95,31.49,126884,3963343.78,1625
2026-03-12,INE147A01011,SPIC,EQ,63.0,64.42,62.0,63.1,63.4,63.47,643766,40714810.44,4461
2026-03-12,INE978G01016,SPLIL,EQ,27.28,27.28,26.8,26.96,26.99,27.11,4756,128548.13,80
2026-03-12,INE937A01023,SPMLINFRA,EQ,182.0,182.0,174.26,175.04,174.52,182.71,639502,113416095.93,10701
2026-03-12,INE885H01029,SPORTKING,EQ,113.0,115.47,112.0,114.81,115.47,114.62,77914,8875584.03,1071
2026-03-12,INE19QH01010,SPUNWEB,SM,91.0,92.4,90.0,90.6,90.05,91.5,10800,981600.0,9
2026-03-12,INE917H01012,SRHHYPOLTD,EQ,433.85,494.0,427.55,452.3,445.1,430.4,140743,66662722.65,5329
2026-03-12,INE099F01013,SREEL,EQ,193.0,199.01,190.6,194.08,194.0,192.66,1667,323246.54,86
2026-03-12,INE647A01010,SRF,EQ,2475.1,2636.8,2446.6,2626.3,2615.1,2488.7,1288113,3310682348.9,74331
2026-03-12,INE559N01010,SRGHFL,EQ,245.2,262.95,245.2,257.45,258.55,257.0,2120,538237.35,103
2026-03-12,INE293B01029,HAVISHA,EQ,1.46,1.46,1.25,1.39,1.43,1.46,108161,145396.78,139
2026-03-12,INE0V9Q01010,LOTUSDEV,EQ,130.1,130.4,123.56,124.12,124.2,134.15,2940724,372690297.04,18854
2026-03-12,INE0ON201012,SSFL,SM,131.25,136.0,131.25,133.35,134.0,131.25,8500,1134025.0,9
2026-03-12,INE0NPI01014,SRIVASAVI,SM,48.0,49.0,46.8,49.0,48.95,50.0,12000,578050.0,10
2026-03-12,INE0R6Z01013,SRM,EQ,372.0,395.0,361.35,384.15,385.0,373.7,314092,119264157.85,9255
2026-03-12,INE0RYC01010,STALLION,EQ,109.44,115.0,104.65,114.92,114.88,109.53,1761619,197751125.41,11107
2026-03-12,INE0M4D01010,SETL,EQ,122.59,125.02,119.7,121.86,122.45,122.71,114212,13924075.15,1448
2026-03-12,INE173A01025,SIL,EQ,13.97,14.15,13.23,14.1,14.14,13.95,35650,496453.96,374
2026-03-12,INE01A001028,STANLEY,EQ,160.0,162.37,157.81,158.71,158.5,162.44,120352,19270402.79,1996
2026-03-12,INE460H01021,STARCEMENT,EQ,200.0,204.66,197.75,202.97,204.5,201.95,313052,63282397.61,5582
2026-03-12,INE575P01011,STARHEALTH,EQ,450.5,464.65,443.05,462.3,461.0,455.9,754325,346947960.4,20251
2026-03-12,INE733A01018,STARPAPER,EQ,133.37,139.56,133.25,135.78,137.9,134.72,16822,2282276.64,605
2026-03-12,INE992I01013,STARTECK,EQ,266.05,267.0,250.05,250.9,250.05,255.8,9920,2554821.2,246
2026-03-12,INE062A01020,SBIN,EQ,1075.1,1098.0,1070.5,1085.2,1085.0,1091.1,14614140,15790003178.6,290778
2026-03-12,INE114A01011,SAIL,EQ,153.01,154.2,149.6,153.65,153.5,153.88,9824998,1494541845.06,43087
2026-03-12,INE395H01011,STEELCITY,EQ,82.4,82.8,80.15,82.02,82.8,81.64,2258,183899.82,140
2026-03-12,INE503B01021,STEELXIND,EQ,8.0,8.04,7.85,7.97,8.0,8.01,629948,5011431.36,1218
2026-03-12,INE802C01033,SSWL,EQ,192.51,195.37,190.01,192.57,192.0,195.44,93124,17918819.83,2833
2026-03-12,INE124E01038,STEELCAS,EQ,231.1,232.79,224.61,230.24,232.0,229.87,22566,5162302.56,801
2026-03-12,INE577L01016,STEL,EQ,474.1,487.8,470.05,484.3,483.35,478.8,4229,2033891.4,273
2026-03-12,INE334A01023,STERTOOLS,EQ,194.7,196.63,188.48,192.04,194.0,194.09,52697,10121544.17,1664
2026-03-12,INE089C01029,STLTECH,EQ,194.0,205.73,186.01,200.84,202.5,190.58,17303720,3444258401.31,127199
2026-03-12,INE353H01010,SGL,EQ,11.28,11.33,10.77,11.29,11.29,11.33,5939,65644.73,60
2026-03-12,INE1VXE01018,STLNETWORK,EQ,18.99,20.0,18.63,19.55,19.77,18.89,2704129,53048017.34,5264
2026-03-12,INE00IN01015,STOVEKRAFT,EQ,565.9,608.4,500.0,508.0,507.0,544.95,6364818,3535464162.0,136743
2026-03-12,INE1XWN01017,STRIDERS,ST,54.2,59.9,54.2,59.9,59.9,57.05,1008000,55461760.0,127
2026-03-12,INE939A01011,STAR,EQ,887.0,923.0,878.1,910.5,910.1,893.95,201053,181476489.65,15230
2026-03-12,INE00M201021,SWSOLAR,EQ,175.9,182.49,172.9,179.31,178.89,178.57,1947712,346385064.9,20154
2026-03-12,INE00Q601028,STUDDS,EQ,508.0,519.2,508.0,514.45,512.0,520.3,14861,7633803.85,1250
2026-03-12,INE17VO01028,STUDIOLSD,SM,10.05,10.2,9.9,10.2,10.2,10.2,70000,701500.0,30
2026-03-12,INE239C01020,STYLAMIND,EQ,2213.0,2219.0,2211.0,2215.1,2213.5,2212.3,14973,33172527.3,1961
2026-03-12,INE189B01011,STYRENIX,EQ,2038.0,2080.0,1999.3,2073.8,2071.1,2038.0,53409,109652511.3,3232
2026-03-12,INE0RYR01018,SUBAHOTELS,SM,108.0,120.0,107.05,118.95,120.0,114.15,73200,8307540.0,58
2026-03-12,INE754A01055,SUBEXLTD,EQ,8.76,8.76,8.41,8.45,8.47,8.76,2312789,19855627.34,3094
2026-03-12,INE287B01021,SUBROS,EQ,697.0,698.85,676.9,687.55,686.9,698.2,74014,50658628.05,3828
2026-03-12,INE659A01023,SUDARSCHEM,EQ,857.45,869.0,841.15,853.3,846.4,866.8,343016,292550330.2,9485
2026-03-12,INE492A01029,SUDARCOLOR,EQ,334.3,336.0,331.1,335.25,335.5,335.7,5314,1773573.1,202
2026-03-12,INE0QPI01025,SUDEEPPHRM,EQ,600.4,613.55,593.4,608.1,604.0,618.9,63821,38553064.0,3734
2026-03-12,INE450E01029,SUKHJITS,EQ,175.48,180.99,172.05,173.96,172.15,178.02,22019,3903447.74,1280
2026-03-12,INE142Q01026,SULA,EQ,162.09,164.63,159.76,161.72,161.06,162.09,339979,55081569.5,5513
2026-03-12,INE235C01036,SUMEETINDS,EQ,28.0,30.9,27.76,29.44,28.91,28.65,185010,5481546.08,1265
2026-03-12,INE748Z01013,SUMIT,EQ,33.8,34.0,31.74,32.42,32.36,33.4,252809,8413581.16,870
2026-03-12,INE258G01013,SUMICHEM,EQ,383.55,393.65,383.55,388.55,390.05,393.65,132950,51631944.3,6536
2026-03-12,INE519C01017,SUMMITSEC,EQ,1592.0,1611.9,1526.7,1551.9,1555.0,1592.3,9160,14351257.4,1082
2026-03-12,INE232I01014,SPARC,EQ,125.55,125.55,120.99,122.39,122.1,125.55,1710686,210169038.4,7199
2026-03-12,INE044A01036,SUNPHARMA,EQ,1828.0,1833.6,1808.4,1825.3,1827.0,1825.9,2606057,4756869064.9,128965
2026-03-12,INE424H01027,SUNTV,EQ,572.0,597.8,565.6,593.3,587.9,578.0,220104,129885088.3,13507
2026-03-12,INE073D01013,SUNDRMBRAK,EQ,590.0,590.0,562.3,571.75,570.0,566.15,3274,1881309.65,70
2026-03-12,INE0Q3R01026,SUNCLAY,EQ,1293.4,1293.4,1254.0,1267.8,1260.0,1285.1,8333,10588092.1,827
2026-03-12,INE660A01013,SUNDARMFIN,EQ,5251.0,5365.0,5160.5,5347.5,5301.0,5324.5,55261,293098922.0,13485
2026-03-12,INE108E01023,SUNDARAM,EQ,1.3,1.32,1.26,1.28,1.28,1.26,520826,671169.36,518
2026-03-12,INE387A01021,SUNDRMFAST,EQ,833.1,837.4,815.65,830.2,830.0,836.45,66965,55510661.4,7153
2026-03-12,INE0CTB01014,SOCL,SM,30.5,31.0,30.0,30.3,30.65,29.95,11200,340960.0,7
2026-03-12,INE209A01019,SUNDROP,EQ,635.0,638.9,631.0,632.85,635.95,635.4,14114,8980854.75,557
2026-03-12,INE947A01014,SUNFLAG,EQ,225.04,231.4,221.41,225.88,228.0,228.12,258506,58401657.14,4135
2026-03-12,INE0O3O01017,SEL,SM,161.5,177.0,161.5,167.0,167.0,170.0,5400,893050.0,11
2026-03-12,INE0U2N01013,SUNLITE,ST,312.55,329.0,312.2,315.0,315.0,324.25,31800,10084620.0,44
2026-03-12,INE0SGZ01016,SUNTECH,SM,34.0,34.0,33.25,33.35,33.25,34.05,19200,643040.0,9
2026-03-12,INE805D01034,SUNTECK,EQ,341.0,341.6,331.25,334.3,332.6,342.35,158433,53100101.15,8402
2026-03-12,INE662A01027,SUPERSPIN,EQ,5.39,5.71,5.05,5.39,5.4,5.3,73132,390189.28,140
2026-03-12,INE712B01010,SUPERHOUSE,EQ,144.85,147.59,141.05,145.72,146.7,144.85,3288,474215.91,180
2026-03-12,INE399C01030,SUPRAJIT,EQ,414.6,416.95,406.15,410.85,409.3,420.0,75850,31196895.0,4332
2026-03-12,INE319Z01021,SUPREMEENG,BZ,0.96,1.0,0.92,0.95,0.95,0.96,54155,52097.46,97
2026-03-12,INE0U6N01014,SFML,SM,25.9,25.9,25.0,25.0,25.0,26.1,4800,122560.0,3
2026-03-12,INE822E01011,SUPREME,EQ,55.9,55.9,47.35,51.35,50.77,55.14,94968,4749605.59,1016
2026-03-12,INE195A01028,SUPREMEIND,EQ,4015.0,4060.0,3925.1,4043.7,4035.0,4038.0,398294,1601412246.6,30939
2026-03-12,INE550H01011,SUPREMEINF,BZ,73.05,73.05,71.0,71.42,71.0,73.09,24459,1764028.15,51
2026-03-12,INE663A01033,SPLPETRO,EQ,692.0,703.85,676.2,690.35,683.3,693.6,53762,37170278.25,7330
2026-03-12,INE0QHG01026,SUPREMEPWR,SM,168.0,168.0,159.0,160.1,161.3,168.55,55000,8910150.0,95
2026-03-12,INE07RO01027,SUPRIYA,EQ,596.55,603.9,581.9,585.8,589.7,596.55,230285,136290203.5,6327
2026-03-12,INE843S01025,SURAJEST,EQ,206.08,206.08,201.0,202.61,203.6,206.08,98794,20030394.2,1761
2026-03-12,INE713C01016,SURAJLTD,EQ,239.99,239.99,223.05,229.99,230.0,229.54,1082,246396.84,30
2026-03-12,INE877V01027,SURAKSHA,EQ,255.1,261.85,255.1,257.25,259.25,259.55,11069,2849545.2,501
2026-03-12,INE272L01022,SURANASOL,EQ,21.5,22.0,20.82,21.43,21.3,20.8,52996,1138216.78,627
2026-03-12,INE130B01031,SURANAT&P,EQ,17.3,17.48,16.71,17.15,17.0,17.05,98172,1675287.41,876
2026-03-12,INE01ZJ01015,SURANI,SM,50.75,57.85,50.5,56.35,57.3,48.65,4800,255960.0,15
2026-03-12,INE05ST01028,SBGLP,EQ,28.19,28.19,25.9,26.98,26.66,27.47,30628,831865.68,356
2026-03-12,INE335A01020,SURYAROSNI,EQ,211.99,223.18,206.32,222.15,222.08,212.12,636194,138607663.68,8839
2026-03-12,INE713B01026,SURYALAXMI,EQ,53.9,55.0,53.9,54.65,54.66,53.22,8328,454855.06,45
2026-03-12,INE428Q01011,SURYODAY,EQ,133.37,133.37,125.41,126.32,127.47,134.04,324118,41685647.07,4072
2026-03-12,INE645H01027,SUTLEJTEX,EQ,32.34,32.37,30.99,32.01,32.35,31.71,177051,5637932.05,731
2026-03-12,INE495B01038,SUVEN,EQ,139.15,141.5,136.35,136.72,137.6,141.33,538232,74559415.09,3301
2026-03-12,INE018401013,SUVIDHAA,EQ,2.87,2.87,2.75,2.75,2.75,2.84,50154,141490.96,221
2026-03-12,INE442P01014,SUYOG,EQ,694.2,708.85,672.25,691.9,701.0,687.4,29328,20303215.25,1742
2026-03-12,INE040H01021,SUZLON,EQ,41.51,43.54,40.93,42.43,42.53,41.62,108432510,4614714717.16,148694
2026-03-12,INE308E01029,SVPGLOB,BE,2.65,2.67,2.65,2.67,2.67,2.65,75395,200256.74,25
2026-03-12,INE665A01038,SWANCORP,EQ,349.2,368.95,346.0,361.75,367.25,353.2,1029394,370703950.65,21656
2026-03-12,INE542F01020,SWANDEF,BE,2172.2,2280.8,2100.0,2280.6,2280.8,2172.2,14182,32039381.0,1261
2026-03-12,INE277A01016,SWARAJENG,EQ,3470.0,3498.9,3384.0,3481.2,3497.8,3470.5,10653,36804520.1,2405
2026-03-12,INE0GMR01016,SWARAJ,ST,299.0,299.0,293.1,293.1,293.1,297.5,8500,2500075.0,11
2026-03-12,INE0DGC01025,SWASTIK,SM,16.7,17.25,16.4,17.25,17.25,16.5,33600,555840.0,8
2026-03-12,INE409B01013,SWELECTES,EQ,514.4,539.65,510.55,520.35,516.15,516.35,54327,28372407.5,1966
2026-03-12,INE00H001014,SWIGGY,EQ,281.0,285.6,271.1,280.9,282.2,284.6,14050937,3932145826.6,125931
2026-03-12,INE01IH01015,SYLVANPLY,SM,43.0,50.5,43.0,50.25,50.5,50.95,6000,287000.0,3
2026-03-12,INE225D01027,SYMPHONY,EQ,824.3,834.45,799.0,815.5,817.45,821.15,212102,173565013.2,17234
2026-03-12,INE312C01025,SYNCOMF,EQ,12.41,12.59,12.08,12.4,12.58,12.4,1077899,13313524.09,2393
2026-03-12,INE00QT01015,SGIL,EQ,502.15,505.15,490.7,500.15,503.95,499.65,14062,7023956.85,596
2026-03-12,INE398R01022,SYNGENE,EQ,407.3,408.6,396.2,404.1,405.45,408.15,632047,254843403.9,19721
2026-03-12,INE0BTR01012,SYNOPTICS,SM,48.1,48.1,48.05,48.05,48.05,49.95,1200,57690.0,2
2026-03-12,INE0DYJ01015,SYRMA,EQ,749.0,756.9,727.2,750.2,752.0,757.5,658937,490182036.0,28824
2026-03-12,INE0O7R01011,SYSTANGO,SM,245.0,248.0,243.0,243.0,243.0,245.3,14000,3446080.0,21
2026-03-12,INE356B01024,SYSTMTXC,EQ,68.25,69.49,67.12,67.63,67.5,69.57,63889,4381887.41,532
2026-03-12,INE592B01024,TTL,BE,9.09,9.37,8.55,8.88,8.85,8.99,89304,775427.41,168
2026-03-12,INE0SOY01013,TAC,SM,431.5,466.0,431.5,450.2,451.0,463.05,47400,21439000.0,194
2026-03-12,INE123C01018,TAINWALCHM,EQ,197.19,200.36,192.0,197.55,196.13,199.12,1451,285035.12,130
2026-03-12,INE586B01026,TAJGVK,EQ,306.05,309.0,296.0,304.75,306.0,306.05,185152,56204220.35,6886
2026-03-12,INE142I01023,TAKE,BE,39.9,41.72,39.9,41.71,41.72,39.74,609037,25084763.87,6598
2026-03-12,INE187D01029,TALBROAUTO,EQ,236.35,253.9,236.35,251.7,247.5,242.15,136075,33602838.95,2613
2026-03-12,INE668A01016,TMB,EQ,615.2,634.85,606.45,627.35,626.0,619.75,190694,118428570.75,15001
2026-03-12,INE107A01015,TNPL,EQ,137.96,139.8,135.0,137.11,138.0,138.34,267964,36993297.4,2526
2026-03-12,INE148A01019,TNPETRO,EQ,82.9,85.14,82.9,83.55,83.7,84.78,106599,8954148.58,1293
2026-03-12,INE141D01018,TNTELE,EQ,9.05,9.05,8.65,8.7,8.93,8.93,7615,67482.28,69
2026-03-12,INE0Z7N01017,TANKUP,ST,510.1,513.0,510.1,513.0,513.0,520.5,750,383300.0,3
2026-03-12,INE483C01032,TANLA,EQ,437.05,437.55,426.9,431.8,430.1,439.2,347704,150029924.45,17312
2026-03-12,INE0M7001010,TAPIFRUIT,SM,56.85,56.85,56.85,56.85,56.85,56.85,24750,1407037.5,4
2026-03-12,INE555Z01020,TARACHAND,EQ,60.3,68.99,59.02,60.2,59.99,59.8,131018,8001911.77,688
2026-03-12,INE747K01017,TARAPUR,EQ,25.28,25.35,24.03,24.18,24.25,25.28,13973,341162.07,194
2026-03-12,INE0EK901012,TARC,EQ,133.5,137.5,130.77,131.36,132.49,136.85,511670,68396061.55,4807
2026-03-12,INE924H01018,TARMAT,BE,53.05,53.05,52.09,52.09,52.09,54.83,21524,1124305.74,130
2026-03-12,INE144Z01023,TARSONS,EQ,193.45,197.7,189.63,194.25,193.06,195.37,62664,12160538.79,1399
2026-03-12,INE488B01017,TASTYBITE,EQ,7045.0,7211.5,6873.0,7044.0,7199.0,7048.5,1149,8115466.0,515
2026-03-12,INE976I01016,TATACAP,EQ,319.0,319.6,313.6,318.6,319.5,319.8,1490019,471486789.55,25034
2026-03-12,INE092A01019,TATACHEM,EQ,685.0,692.6,675.6,683.15,682.0,688.8,330591,225988774.85,18361
2026-03-12,INE151A01013,TATACOMM,EQ,1475.0,1475.5,1438.6,1449.3,1454.4,1482.9,146992,213513250.4,14152
2026-03-12,INE467B01029,TCS,EQ,2459.8,2472.9,2436.0,2442.4,2447.0,2464.9,2752075,6745252596.1,165970
2026-03-12,INE192A01025,TATACONSUM,EQ,1070.5,1072.8,1051.4,1057.8,1057.0,1073.4,961388,1020463556.0,64674
2026-03-12,INE670A01012,TATAELXSI,EQ,4340.0,4380.0,4253.0,4330.0,4330.0,4343.4,227665,984409689.6,28804
2026-03-12,INE672A01026,TATAINVEST,EQ,618.0,633.9,609.5,629.2,632.0,622.9,556784,345290403.25,20329
2026-03-12,INE1TAE01010,TMCV,EQ,440.95,446.9,425.0,443.55,445.2,445.45,12285760,5377224497.25,161836
2026-03-12,INE155A01022,TMPV,EQ,332.5,333.0,323.35,324.55,324.3,335.35,9707654,3168644990.8,180161
2026-03-12,INE245A01021,TATAPOWER,EQ,384.0,407.35,383.45,402.15,401.95,385.75,25007929,9993820025.9,204669
2026-03-12,INE081A01020,TATASTEEL,EQ,193.99,194.66,190.1,193.47,193.5,194.74,24413736,4698943177.82,250847
2026-03-12,INE142M01025,TATATECH,EQ,555.0,559.4,544.45,551.85,552.0,556.9,822824,453809700.65,26410
2026-03-12,INE517B01013,TTML,EQ,38.6,40.6,37.9,39.33,39.3,38.97,3094319,122341894.48,18114
2026-03-12,INF277K015R5,NETF,EQ,259.5,259.5,255.0,256.02,256.05,258.17,3440,882009.35,222
2026-03-12,INF277K010X4,NPBET,EQ,270.08,273.0,268.6,269.8,268.87,274.66,11424,3089301.07,59
2026-03-12,INF277KA1364,TNIDETF,EQ,78.84,78.84,77.01,77.97,78.4,78.45,179843,13992986.56,1035
2026-03-12,INF277KA1976,TATAGOLD,EQ,15.39,15.56,15.22,15.52,15.53,15.54,62511807,968420252.42,79748
2026-03-12,INF277KA1984,TATSILV,EQ,25.21,25.83,25.05,25.72,25.76,25.51,112051961,2849813483.41,87998
2026-03-12,INE0GK401011,TATVA,EQ,1140.1,1198.5,1132.0,1158.6,1196.4,1150.0,49498,57452557.8,5390
2026-03-12,INE0XWS01018,TAURIAN,SM,203.0,210.0,195.05,203.55,205.0,203.0,35200,7144200.0,33
2026-03-12,INE053F07835,753IRFC30,NJ,1108.5,1108.7,1108.5,1108.7,1108.7,1105.03,25,27716.9,2
2026-03-12,INE053F07900,764IRFC31,NO,1116.0,1116.0,1110.1,1115.97,1116.0,1116.43,1594,1772722.13,9
2026-03-12,INE906B07EP5,769NHAI31,NE,1120.0,1122.0,1115.0,1116.29,1116.01,1118.05,888,992951.3,13
2026-03-12,INE053F07843,750IRFC35,NK,1170.0,1207.99,1169.0,1207.99,1207.99,1190.01,1895,2235978.0,23
2026-03-12,INE906B07EJ8,76NHAI31,,1151.75,1153.7,1150.4,1152.02,1151.1,1152.62,11851,13642930.77,86
2026-03-12,INE020B07GX4,738REC27TF,N2,1046.5,1046.5,1046.5,1046.5,1046.5,1053.59,500,523250.0,1
2026-03-12,INE0N2D01013,TBI,SM,62.9,63.6,62.0,62.25,62.5,63.5,29400,1850700.0,22
2026-03-12,INE673O01025,TBOTEK,EQ,1182.0,1250.9,1165.1,1212.4,1221.0,1207.2,87095,106128319.3,9062
2026-03-12,INE887D01016,TCC,EQ,405.45,420.8,405.0,413.25,410.1,401.35,7863,3236587.35,277
2026-03-12,INE586V01016,TCIEXP,EQ,500.0,504.55,491.6,494.5,493.8,503.4,31662,15731516.2,1699
2026-03-12,INE911B01018,TCIFINANCE,BE,15.55,15.55,14.09,14.19,14.09,14.83,46835,675932.22,190
2026-03-12,INE822C01015,TCPLPACK,EQ,2555.0,2671.6,2500.0,2519.4,2503.0,2441.0,18717,47842293.3,2310
2026-03-12,INE419M01027,TDPOWERSYS,EQ,802.5,820.8,778.8,812.6,818.05,802.65,848159,676799005.0,35757
2026-03-12,INE289C01025,TEAMGTY,EQ,262.0,269.55,251.0,251.75,251.0,248.1,2021,537106.55,64
2026-03-12,INE985S01024,TEAMLEASE,EQ,1132.5,1142.2,1103.4,1122.0,1125.6,1131.4,14149,15914197.0,1608
2026-03-12,INE065J01024,TPHQ,EQ,0.54,0.55,0.52,0.53,0.54,0.53,2051457,1094370.91,489
2026-03-12,INE669C01036,TECHM,EQ,1334.4,1356.5,1327.0,1349.8,1354.3,1334.4,3067753,4129466417.0,130113
2026-03-12,INE0Y5H01014,TECHD,SM,487.0,487.95,470.0,482.1,482.0,487.0,10800,5176860.0,18
2026-03-12,INE0JQS01019,TECHERA,SM,180.0,185.8,179.6,185.0,185.0,185.85,30400,5549000.0,34
2026-03-12,INE285K01026,TECHNOE,EQ,1100.2,1121.5,1071.8,1106.7,1110.0,1105.7,255390,280961709.0,19043
2026-03-12,INE545H01011,TIIL,EQ,2050.0,2085.3,2029.5,2045.6,2077.0,2078.1,8665,17823699.5,1229
2026-03-12,INE014B01011,TECILCHEM,EQ,11.6,13.02,11.6,12.9,13.0,12.7,3773,48024.09,52
2026-03-12,INE0K6601012,TGL,ST,39.2,39.2,39.2,39.2,39.2,39.95,6400,250880.0,21
2026-03-12,INE011K01018,TEGA,EQ,1760.0,1826.4,1699.0,1803.8,1800.0,1756.0,118938,211579004.7,10385
2026-03-12,INE17WC01013,TEJASCARGO,SM,299.0,299.0,299.0,299.0,299.0,299.0,400,119600.0,1
2026-03-12,INE010J01012,TEJASNET,EQ,468.8,468.8,438.0,441.1,442.95,470.4,7856082,3518406784.9,93063
2026-03-12,INE869Y01010,TEMBO,EQ,525.05,525.05,508.2,512.55,512.0,524.25,111666,57600183.15,2685
2026-03-12,INE19RI01016,TENNIND,EQ,529.0,539.0,509.0,535.45,535.05,528.15,542969,284712932.1,33009
2026-03-12,INE482B01010,TERASOFT,EQ,348.0,357.5,340.0,343.2,340.1,352.95,18191,6326406.0,1531
2026-03-12,INE435C01024,TEXINFRA,EQ,92.67,92.67,86.14,87.15,87.9,92.67,289495,25604839.0,2023
2026-03-12,INE621L01012,TEXRAIL,EQ,96.01,97.6,93.75,95.78,96.25,96.92,2269902,217483278.44,14404
2026-03-12,INE141K01013,TEXMOPIPES,EQ,45.0,45.95,44.11,45.49,45.3,44.47,32715,1468515.59,578
2026-03-12,INE733E07JW2,762NTPC35F,ND,1188.0,1188.0,1188.0,1188.0,1188.0,1200.0,78,92664.0,1
2026-03-12,INE797H01018,TGBHOTELS,EQ,9.09,9.1,8.82,8.91,8.9,8.95,10213,91648.32,77
2026-03-12,INE0QJL01014,TCL,SM,96.0,97.0,93.0,94.0,94.0,96.6,114400,10891520.0,44
2026-03-12,INE085J01014,THANGAMAYL,EQ,3540.6,3597.4,3358.3,3562.8,3560.0,3540.4,150078,523097466.1,24313
2026-03-12,INE294Z01018,ANUP,EQ,1527.3,1565.3,1491.3,1556.6,1557.0,1527.3,41147,63277402.4,5947
2026-03-12,INE319B01014,BYKE,EQ,39.8,40.2,38.81,39.44,39.1,39.92,67545,2679401.34,644
2026-03-12,INE017A01032,GESHIP,EQ,1420.0,1492.6,1395.3,1486.5,1487.7,1427.0,1091966,1594666402.0,58521
2026-03-12,INE646C01018,GROBTEA,EQ,850.0,970.05,850.0,906.05,899.4,868.35,1411,1293465.95,231
2026-03-12,INE127B01011,HITECHGEAR,BE,603.0,617.4,600.0,614.95,614.95,614.95,1172,710509.1,24
2026-03-12,INE383A01012,INDIACEM,EQ,366.1,370.35,358.15,365.95,364.5,367.65,129938,47368432.65,9433
2026-03-12,INE053A01029,INDHOTEL,EQ,617.0,631.9,603.75,624.95,623.35,624.05,4723816,2925417761.9,50403
2026-03-12,INE924D01017,THEINVEST,EQ,98.01,100.96,96.81,98.63,98.5,97.47,14319,1414486.19,269
2026-03-12,INE470Y01017,NIACL,EQ,135.76,139.59,133.12,137.89,137.79,136.74,464640,63607797.06,12000
2026-03-12,INE431F01018,PKTEA,EQ,780.0,800.0,780.0,796.95,780.0,780.0,257,203484.0,13
2026-03-12,INE211B01039,PHOENIXLTD,EQ,1575.7,1579.4,1552.0,1560.2,1573.9,1575.7,473955,741215240.2,23328
2026-03-12,INE331A01037,RAMCOCEM,EQ,980.2,1011.0,975.1,995.7,990.0,995.1,308889,306015287.5,11758
2026-03-12,INE301D01026,RUBYMILLS,EQ,202.0,202.98,196.0,199.36,197.0,199.62,16969,3387720.11,602
2026-03-12,INE683A01023,SOUTHBANK,EQ,39.0,39.48,38.16,38.99,39.1,39.43,11151885,433383614.07,26195
2026-03-12,INE655A01013,STCINDIA,EQ,108.5,111.85,108.0,109.54,109.9,109.1,31705,3490285.37,627
2026-03-12,INE071E01023,UGARSUGAR,EQ,37.45,37.82,36.95,37.46,37.42,37.45,111638,4189767.0,893
2026-03-12,INE215F01023,WIPL,EQ,148.0,153.0,145.0,152.58,153.0,152.47,1454,220511.47,16
2026-03-12,INE121N01019,THEJO,EQ,1660.2,1674.4,1616.4,1651.3,1670.0,1659.6,2600,4265166.0,375
2026-03-12,INE083B01024,THEMISMED,EQ,82.17,84.28,80.0,82.42,82.0,82.17,141970,11637662.29,861
2026-03-12,INE152A01029,THERMAX,EQ,3182.3,3182.9,3087.0,3165.3,3165.6,3182.3,66913,209936212.4,10663
2026-03-12,INE0SHE01019,THESL,SM,14.75,14.75,14.55,14.55,14.55,15.0,9000,131550.0,3
2026-03-12,INE338A01024,TIRUMALCHM,EQ,174.0,178.95,170.31,176.83,177.3,177.74,323110,56752074.28,5565
2026-03-12,INE332A01027,THOMASCOOK,EQ,91.2,94.6,88.98,91.59,91.02,93.07,1270584,116902660.78,17062
2026-03-12,INE480M01011,THOMASCOTT,EQ,242.2,263.9,236.9,257.9,258.0,243.75,82926,21146428.55,1744
2026-03-12,INE594H01019,THYROCARE,EQ,370.0,370.75,360.2,367.05,362.5,370.15,218862,80001068.6,17018
2026-03-12,INE906O01029,TIGERLOGS,EQ,27.76,29.0,27.29,27.74,27.54,27.76,47592,1328049.33,491
2026-03-12,INE440L01017,TIJARIA,BE,5.05,5.11,4.8,4.91,5.03,4.87,54685,275049.36,100
2026-03-12,INE806C01018,TIL,EQ,194.88,218.8,190.8,209.43,208.02,194.98,383441,80184421.81,6457
2026-03-12,INE133E01013,TI,EQ,450.0,457.65,442.7,452.8,453.7,456.75,544701,246392659.25,19080
2026-03-12,INE508G01029,TIMETECHNO,EQ,171.88,171.88,166.4,168.25,168.27,171.88,1882782,317070152.02,30312
2026-03-12,INE325A01013,TIMKEN,EQ,3410.3,3513.4,3372.1,3486.5,3480.0,3410.3,60403,209164522.3,12368
2026-03-12,INE015C01016,TINNARUBR,EQ,680.25,685.5,652.05,669.7,680.0,673.5,20681,13823247.4,2006
2026-03-12,INE0LQS01015,TIPSFILMS,EQ,337.75,340.0,333.1,338.4,335.15,337.75,8872,2965587.8,141
2026-03-12,INE716B01029,TIPSMUSIC,EQ,512.0,513.25,496.75,504.3,502.1,516.05,114841,57969706.95,10792
2026-03-12,INE319Y01024,TIRUPATIFL,EQ,41.01,44.78,40.07,44.07,44.0,41.48,1648423,70814838.96,4761
2026-03-12,INE615H01020,TITAGARH,EQ,649.95,664.5,638.0,655.85,659.5,655.95,572475,372586874.35,28184
2026-03-12,INE280A01028,TITAN,EQ,4100.0,4179.0,4033.8,4129.6,4137.0,4140.3,1071366,4408116964.3,84262
2026-03-12,INE932C01012,TOKYOPLAST,EQ,74.4,75.0,72.5,74.98,74.88,74.47,5468,405703.86,178
2026-03-12,INE0RWQ01014,TOLINS,EQ,102.05,105.2,101.0,103.47,103.9,103.07,207682,21504890.68,1500
2026-03-12,INE685A01028,TORNTPHARM,EQ,4406.0,4460.2,4391.0,4446.0,4431.1,4431.2,322856,1429472039.7,33847
2026-03-12,INE813H01021,TORNTPOWER,EQ,1435.0,1517.4,1432.7,1506.0,1503.6,1439.0,916861,1366382698.0,38861
2026-03-12,INE336X01012,TOTAL,EQ,61.8,61.8,58.05,59.7,59.6,60.28,2279,135588.26,80
2026-03-12,INE486Y01013,TOUCHWOOD,EQ,71.0,74.0,69.15,70.9,71.0,71.98,40742,2893230.45,91
2026-03-12,INE305A01023,TFCILTD,EQ,65.25,65.98,63.8,64.06,64.21,66.07,5688795,369977782.87,8031
2026-03-12,INE413G01022,TPLPLASTEH,EQ,63.0,63.49,61.61,62.15,62.85,61.98,86062,5376456.21,499
2026-03-12,INE0HMF01019,TRACXN,EQ,32.15,32.39,32.1,32.16,32.31,32.15,208987,6727395.18,925
2026-03-12,INE763I01026,TARIL,EQ,286.0,294.8,282.0,292.4,292.7,289.4,3128659,906272052.65,47650
2026-03-12,INE0O3901029,TREL,EQ,23.0,23.98,23.0,23.68,23.65,23.09,212490,4944972.61,637
2026-03-12,INE688A01022,TCI,EQ,993.1,1006.9,975.0,991.4,993.6,1001.6,28464,28072484.4,5595
2026-03-12,INE454P01035,TRANSRAILL,EQ,513.9,521.6,502.4,514.4,516.0,515.45,455888,232961901.95,17796
2026-03-12,INE0NVI01020,TRANSTEEL,SM,147.5,147.5,143.4,146.7,146.5,146.65,30000,4402350.0,28
2026-03-12,INE804H01012,TFL,EQ,12.7,14.5,12.3,12.62,12.63,12.7,6330,81976.94,136
2026-03-12,INE757B01015,TRANSWORLD,EQ,136.19,138.79,131.41,134.27,133.12,134.83,63349,8562831.22,1434
2026-03-12,INE103V01028,TRAVELFOOD,EQ,1177.1,1207.5,1152.6,1192.5,1185.0,1189.0,30576,36247680.3,5426
2026-03-12,INE040M01013,TREEHOUSE,BE,8.02,8.1,7.8,7.99,7.99,7.86,21967,175483.71,102
2026-03-12,INE00CA01015,TREJHARA,EQ,170.99,170.99,157.8,160.09,161.74,165.98,15550,2526927.52,410
2026-03-12,INE849A01020,TRENT,EQ,3603.0,3603.1,3502.5,3533.6,3535.0,3627.4,989163,3501493699.1,83422
2026-03-12,INE391D01019,TRF,EQ,237.45,241.65,220.0,233.2,231.0,237.35,26684,6177175.35,1177
2026-03-12,INE760L01018,TBZ,EQ,132.99,136.5,130.35,135.59,136.22,133.46,223478,29825566.57,5211
2026-03-12,INE064C01022,TRIDENT,EQ,23.09,23.48,22.61,23.3,23.21,23.1,6007575,138492552.9,17430
2026-03-12,INE0QD201012,TECHLABS,SM,242.5,242.5,233.7,233.7,233.7,246.0,30500,7183518.75,135
2026-03-12,INE0LWY01029,TRIDHYA,SM,11.1,11.1,10.65,10.9,11.0,11.5,33000,362400.0,11
2026-03-12,INE948A01012,TRIGYN,EQ,48.21,51.74,46.42,48.65,48.55,48.24,76447,3694017.35,1124
2026-03-12,INE256C01024,TRIVENI,EQ,366.0,366.3,357.75,359.95,359.65,367.4,171953,62071887.1,9146
2026-03-12,INE152M01016,TRITURBINE,EQ,465.0,471.0,462.4,470.3,470.1,474.6,237577,111229188.85,15064
2026-03-12,INE0SYV01018,TROM,SM,55.65,59.0,55.65,58.6,58.6,55.65,6000,349260.0,10
2026-03-12,INE0MWH01014,TRUALT,EQ,390.6,404.9,382.0,402.6,404.5,388.65,139488,55192214.85,5175
2026-03-12,INE615R01029,TRU,EQ,6.75,6.94,6.55,6.69,6.71,6.75,79129,526805.85,247
2026-03-12,INE0SWN01019,TRUST,SM,33.3,33.3,30.3,31.9,31.9,33.4,19800,616680.0,25
2026-03-12,INE16VK01010,TSC,SM,38.0,38.0,36.3,37.85,37.9,36.3,26000,967500.0,11
2026-03-12,INE202Z01029,TSFINV,EQ,385.9,385.9,374.0,377.55,378.0,385.9,72277,27324025.3,3158
2026-03-12,INE910C01018,TTKHLTCARE,EQ,846.55,864.75,846.0,847.4,854.6,854.8,9946,8476904.55,793
2026-03-12,INE690A01028,TTKPRESTIG,EQ,585.0,613.5,560.05,578.3,588.0,535.45,6781200,3935158177.75,157271
2026-03-12,INE974X01010,TIINDIA,EQ,2532.0,2566.0,2490.0,2549.7,2538.1,2566.0,201062,507775787.7,18268
2026-03-12,INE0OXV01027,TUNWAL,SM,30.25,30.45,30.0,30.05,30.0,30.25,30000,907400.0,14
2026-03-12,INE038F01029,TVTODAY,EQ,112.21,115.5,109.41,112.79,112.7,112.63,89936,10150233.28,1637
2026-03-12,INE871L01013,TVVISION,BE,5.5,5.74,5.46,5.59,5.6,5.52,23775,133518.16,31
2026-03-12,INE236G01019,TVSELECT,EQ,372.5,384.4,363.05,376.7,377.0,382.95,49679,18604850.45,1740
2026-03-12,INE105A01035,TVSHLTD,EQ,14072.0,14139.0,13692.0,14048.0,14073.0,14072.0,5948,83105385.0,1897
2026-03-12,INE494B01023,TVSMOTOR,EQ,3554.1,3564.8,3402.8,3422.6,3408.0,3600.8,2588732,8927218754.4,199955
2026-03-12,INE494B04019,TVSMNCRPS,P1,10.15,10.15,10.0,10.05,10.05,10.15,60286338,605964863.45,12432
2026-03-12,INE421C01016,TVSSRICHAK,EQ,3550.0,3595.9,3450.6,3549.8,3540.0,3574.9,2891,10223580.1,686
2026-03-12,INE395N01027,TVSSCS,BE,106.5,109.8,103.0,105.33,106.5,107.43,514871,54876921.17,4323
2026-03-12,INE388G01026,TICL,EQ,26.5,26.54,25.82,26.27,26.5,25.99,407752,10631615.56,1058
2026-03-12,INE152C01025,UYFINCORP,EQ,13.41,13.73,13.21,13.59,13.6,13.66,58280,788454.11,108
2026-03-12,INE139B01016,UCAL,EQ,100.62,103.25,100.13,102.37,103.25,100.83,10327,1042441.56,123
2026-03-12,INE583D07562,10UCL26,ND,987.0,987.0,987.0,987.0,987.0,987.0,13,12831.0,1
2026-03-12,INE583D07596,1050UCL28,NH,1010.0,1016.0,1010.0,1016.0,1016.0,1000.0,43,43596.0,4
2026-03-12,INE691A01018,UCOBANK,EQ,26.25,26.84,25.87,26.56,26.6,26.4,5606673,148023903.26,16024
2026-03-12,INE0N0Y01013,USK,BE,25.23,25.23,24.5,24.62,24.61,25.23,22091,544641.74,102
2026-03-12,INE516A01017,UFLEX,EQ,453.9,453.9,447.0,450.6,452.0,449.5,20188,9094316.75,681
2026-03-12,INE527H01019,UFO,EQ,67.3,67.3,64.71,65.01,64.9,66.57,91555,5993837.8,1245
2026-03-12,INE583D01011,UGROCAP,EQ,101.98,102.23,95.5,96.39,95.51,101.62,482695,47457083.32,6457
2026-03-12,INE899L01030,UEL,EQ,159.0,162.9,152.5,157.8,159.94,159.18,17054,2691361.54,432
2026-03-12,INE551W01018,UJJIVANSFB,EQ,53.5,53.94,51.91,53.19,53.36,53.9,14611882,771136964.56,63509
2026-03-12,INE481G01011,ULTRACEMCO,EQ,11401.0,11405.0,11059.0,11089.0,11118.0,11462.0,535730,5992853693.0,70640
2026-03-12,INE0GIU01018,UMAEXPORTS,EQ,25.9,26.49,25.03,25.55,25.65,25.64,24125,620995.22,329
2026-03-12,INE398B01018,UMIYA-MRO,EQ,78.55,80.9,76.3,79.9,79.1,80.02,2629,207080.4,108
2026-03-12,INE351A01035,UNICHEMLAB,EQ,331.1,348.25,323.4,335.8,337.8,331.1,88673,29775815.6,2264
2026-03-12,INE00U401027,UNIECOM,EQ,97.0,100.39,96.16,99.34,99.05,98.93,327513,32317461.86,3583
2026-03-12,INE0PRF01011,UNIHEALTH,ST,324.5,344.0,324.0,340.0,340.0,340.0,16000,5349400.0,16
2026-03-12,INE481Z01011,UNIINFO,EQ,11.48,12.3,10.83,12.05,12.0,10.77,39056,449814.46,297
2026-03-12,INE0B2801011,UNILEX,SM,26.5,26.5,26.05,26.05,26.05,25.6,64000,1693840.0,4
2026-03-12,INE0U3I01011,UNIMECH,EQ,855.0,860.0,833.65,852.45,847.5,856.95,37321,31686842.3,4608
2026-03-12,INE692A01016,UNIONBANK,EQ,179.52,183.4,175.52,182.1,182.45,180.92,14230468,2554183156.58,97223
2026-03-12,INF582M01KS4,UNIONGOLD,EQ,158.85,158.85,153.8,156.8,156.85,156.55,2589,403986.35,125
2026-03-12,INE244O01017,UNIPARTS,EQ,458.95,458.95,441.9,444.15,443.95,458.95,35329,15792359.2,2026
2026-03-12,INE037A01022,UNIENTER,EQ,98.01,102.89,98.0,99.99,100.01,97.56,7094,711088.97,183
2026-03-12,INE694A01020,UNITECH,EQ,4.65,4.65,4.4,4.49,4.51,4.65,6899323,30943834.11,3742
2026-03-12,INE686F01025,UBL,EQ,1649.0,1682.8,1612.0,1645.5,1645.0,1653.3,69375,114068777.4,8777
2026-03-12,INE961D01019,UNIDT,EQ,179.9,180.9,176.12,180.02,180.9,177.03,24403,4372545.8,994
2026-03-12,INE382M01027,UFBL,EQ,221.4,221.41,201.28,207.44,212.94,223.64,312013,64741129.82,5346
2026-03-12,INE0SMR01011,UHTL,SM,50.95,51.0,50.95,51.0,51.0,51.5,6000,305900.0,3
2026-03-12,INE458F01011,UNITEDTEA,EQ,515.05,515.6,495.0,505.8,504.0,506.45,2118,1074461.35,521
2026-03-12,INE368U01029,UNITEDPOLY,EQ,27.95,28.8,26.72,27.0,26.82,27.53,174055,4739375.85,380
2026-03-12,INE854D01024,UNITDSPR,EQ,1367.1,1368.8,1341.1,1363.5,1356.7,1382.1,842671,1145583612.5,40787
2026-03-12,INE562X01013,UNIVASTU,EQ,63.65,65.89,62.99,65.23,65.0,64.52,27697,1782837.45,456
2026-03-12,INE279A01012,UNIVCABLES,EQ,617.0,655.95,605.05,634.4,637.6,623.3,69288,43927940.5,4260
2026-03-12,INE03V001013,UNIVPHOTO,BE,508.0,510.0,508.0,509.0,509.0,515.8,1130205,574874067.4,96
2026-03-12,INE405E01023,UNOMINDA,EQ,1070.0,1084.7,1047.0,1068.5,1065.0,1081.7,1101168,1175332117.2,57557
2026-03-12,INE148I08256,915SCL26,NE,1045.0,1045.0,1045.0,1045.0,1045.0,1049.8,25,26125.0,1
2026-03-12,INE530B08110,IIFLZC28,NG,1575.2,1575.2,1575.2,1575.2,1575.2,1567.5,50,78760.0,1
2026-03-12,INE530B08094,10IIFL28A,NE,990.0,990.0,985.0,989.22,989.99,992.05,548,541869.22,8
2026-03-12,INE530B08102,96IIFL28A,NF,994.0,997.99,994.0,996.65,996.5,996.99,2705,2696408.7,42
2026-03-12,INE477L08147,10IIFL28,N4,1032.3,1037.0,1032.3,1033.86,1033.55,1039.99,1011,1044643.75,7
2026-03-12,INE477L08154,96IIFL28,N5,997.0,998.0,995.11,997.54,997.8,997.39,3425,3415502.89,32
2026-03-12,INE866I08279,10IIFL29,N6,1025.0,1025.1,1025.0,1025.1,1025.1,1025.1,105,107627.8,10
2026-03-12,INE866I08295,105IIFL29,N7,1095.0,1095.0,1095.0,1095.0,1095.0,1001.6,15,16425.0,2
2026-03-12,INE774D08MG3,M&MFIN,N3,2297.95,2300.0,2265.01,2286.01,2286.01,2297.95,74,168862.03,13
2026-03-12,INE306N08292,910TCAP28,,1073.0,1073.0,1070.0,1071.66,1071.66,1075.0,558,597518.08,19
2026-03-12,INE851I01011,UDS,EQ,149.49,151.5,145.64,149.73,150.0,148.12,245090,36481796.36,2897
2026-03-12,INE628A01036,UPL,EQ,623.5,633.75,616.95,629.05,627.75,625.85,1299556,814976690.7,43495
2026-03-12,INE568Z01015,URAVIDEF,EQ,143.0,143.0,128.4,130.07,130.88,133.57,77591,10391933.29,2879
2026-03-12,INE0CAZ01013,URBANCO,EQ,110.84,115.7,108.55,114.4,114.8,111.31,3445610,388642067.58,25623
2026-03-12,INE0O0201019,URBAN,SM,131.75,137.5,131.75,133.3,132.45,137.35,8000,1078880.0,10
2026-03-12,INE550C01020,URJA,EQ,9.04,9.33,8.8,9.14,9.1,9.01,1744073,15924126.98,3259
2026-03-12,INE0LS001014,USHAFIN,SM,27.2,27.5,27.15,27.15,27.15,27.2,14400,392400.0,9
2026-03-12,INE240C01028,UMESLTD,EQ,5.7,5.98,5.3,5.98,5.98,4.99,710625,4105072.21,840
2026-03-12,INE228A01035,USHAMART,EQ,425.1,428.0,417.6,421.15,420.0,425.1,226514,95782189.55,11287
2026-03-12,INE00NI01015,UCL,ST,65.0,65.0,65.0,65.0,65.0,67.7,2000,130000.0,1
2026-03-12,INE094J01016,UTIAMC,EQ,977.0,989.7,956.0,980.05,981.8,983.3,43294,42189960.5,7899
2026-03-12,INF789F1AUV1,BANKBETA,EQ,57.54,57.54,56.5,56.85,56.92,57.54,674367,38319002.98,2687
2026-03-12,INF789F1AZF3,GILT10BETA,EQ,25.9,26.16,25.9,26.12,26.06,26.06,778,20299.81,39
2026-03-12,INF789F1AZE6,GILT5BETA,EQ,65.23,65.68,64.67,64.67,64.67,65.11,13528,879356.58,19
2026-03-12,INF789F1AZD8,ITBETA,EQ,308.58,311.41,306.92,309.69,309.46,310.14,1190,368493.25,43
2026-03-12,INF789F1AYX9,MIDCAPBETA,EQ,213.89,213.9,206.56,212.92,213.87,212.45,4161,866770.12,94
2026-03-12,INF789F1AUW9,NEXT50BETA,EQ,71.8,71.9,70.2,71.42,71.1,71.54,151779,10795201.56,1112
2026-03-12,INF789F1AZC0,NIFTYBETA,EQ,256.62,262.89,256.62,260.79,260.74,263.21,118523,30944362.9,2543
2026-03-12,INF789FB1X58,SENSEXBETA,EQ,855.15,855.15,833.05,837.26,841.0,853.54,12883,10826383.87,471
2026-03-12,INF789F1AYK6,SILVERBETA,EQ,247.63,256.8,247.63,255.63,255.6,253.19,897950,227504944.74,6600
2026-03-12,INF789F1AUU3,SNXT50BETA,EQ,87.73,88.67,85.5,86.63,86.67,87.06,9873,854212.05,235
2026-03-12,INF789F1AUX7,GOLDBETA,EQ,138.3,138.3,134.0,134.8,134.4,134.95,764602,102991758.8,3885
2026-03-12,INE735W01017,UTKARSHBNK,EQ,12.59,12.75,12.28,12.53,12.55,12.55,6000818,74853074.65,7641
2026-03-12,INE06IJ01010,UTSSAV,SM,187.0,191.95,187.0,187.75,189.8,189.45,27000,5098110.0,42
2026-03-12,INE786F01031,UTTAMSUGAR,EQ,202.01,203.7,196.5,197.02,197.5,200.81,79214,15755220.01,1827
2026-03-12,INE0GXK01018,VMARCIND,SM,671.1,685.95,670.2,676.65,676.1,681.6,9750,6599862.5,35
2026-03-12,INE951I01027,VGUARD,EQ,316.3,320.0,305.5,318.7,318.75,314.65,176444,55559425.65,14113
2026-03-12,INE0QXL01015,VLINFRA,SM,27.3,27.8,26.6,27.8,27.8,27.3,12000,325950.0,7
2026-03-12,INE945H01013,V2RETAIL,EQ,1989.0,1999.9,1900.2,1989.1,1994.2,1967.4,57250,112519311.2,5169
2026-03-12,INE956G01038,WABAG,EQ,1285.1,1304.0,1251.7,1279.5,1280.0,1251.9,869900,1109622285.5,44568
2026-03-12,INE694D01016,VADILALIND,EQ,4995.4,5001.0,4889.5,4913.7,4920.0,4995.4,8379,41476253.7,2151
2026-03-12,INE884A01027,VAIBHAVGBL,EQ,212.05,218.34,210.75,214.65,214.5,216.26,299637,64212170.96,10573
2026-03-12,INE0JR301013,MADHAVBAUG,SM,206.5,206.5,206.5,206.5,206.5,206.5,400,82600.0,1
2026-03-12,INE972X01022,VAISHALI,EQ,6.7,6.74,6.2,6.33,6.34,6.5,272266,1741198.99,473
2026-03-12,INE051B01021,VAKRANGEE,EQ,6.02,6.13,5.82,6.02,6.0,5.99,2384881,14310710.6,2723
2026-03-12,INE0JWS01017,VALIANTLAB,EQ,56.8,57.52,52.99,54.08,53.56,56.33,130174,7263739.62,385
2026-03-12,INE565V01010,VALIANTORG,EQ,211.0,218.59,210.0,210.98,210.0,215.58,29002,6216926.7,996
2026-03-12,INE879I01012,DBREALTY,EQ,101.0,107.58,98.8,103.53,103.23,101.29,2662425,278651177.91,21327
2026-03-12,INE116G01013,VARDHACRLC,EQ,33.99,34.0,33.3,33.87,33.65,33.89,19778,665280.28,223
2026-03-12,INE701A01023,VHL,EQ,3115.0,3118.9,3085.0,3112.3,3114.0,3115.9,430,1334875.3,106
2026-03-12,INE835A01029,VARDMNPOLY,BE,8.12,8.55,8.12,8.25,8.27,8.41,100184,832782.03,228
2026-03-12,INE050M01012,VSSL,EQ,242.0,244.95,237.0,243.15,243.5,240.95,20203,4866938.55,639
2026-03-12,INE825A01020,VTL,EQ,543.05,545.95,536.0,541.35,542.4,546.0,132566,71733924.5,9524
2026-03-12,INE665L01035,VARROC,EQ,504.9,504.9,480.0,495.35,495.05,494.35,90723,44492928.8,7158
2026-03-12,INE200M01039,VBL,EQ,432.0,432.0,410.0,411.05,410.75,431.25,12325188,5118012878.0,182072
2026-03-12,INE273D01027,VGL,EQ,63.0,64.82,59.1,60.28,60.1,62.83,39563,2410240.44,1975
2026-03-12,INE0N5801013,DENTALKART,SM,409.95,409.95,392.05,394.2,392.05,402.3,37500,14980200.0,79
2026-03-12,INE893I01013,VASCONEQ,EQ,35.88,37.48,34.2,34.66,34.48,34.23,4932411,173627385.84,13404
2026-03-12,INE590L01019,VASWANI,EQ,52.5,55.81,51.12,55.33,55.0,54.02,61571,3327200.89,768
2026-03-12,INE098201036,VCL,EQ,1.6,1.64,1.6,1.6,1.6,1.68,453202,725188.24,195
2026-03-12,INE04HY07377,115VCCL28,N0,100000.0,100000.0,99700.0,99700.0,99700.0,100300.0,4,399450.0,3
2026-03-12,INE04HY07336,118VCCL27B,N0,101100.0,101100.0,101100.0,101100.0,101100.0,101100.0,2,202200.0,2
2026-03-12,INE0U2M01015,VDEAL,SM,150.0,150.0,150.0,150.0,150.0,153.0,1200,180000.0,2
2026-03-12,INE825V01034,MANYAVAR,EQ,364.0,364.75,352.0,352.95,353.5,364.4,984926,351284217.95,42785
2026-03-12,INE205A01025,VEDL,EQ,730.25,730.3,704.55,719.6,721.0,721.55,10180516,7272711059.85,139303
2026-03-12,INE484C01030,VEEDOL,EQ,1337.4,1369.9,1320.1,1358.7,1366.0,1337.4,16010,21658845.6,1733
2026-03-12,INE0I3H01019,VELS,SM,55.1,55.1,55.1,55.1,55.1,57.95,3600,198360.0,3
2026-03-12,INE398A01010,VENKEYS,EQ,1292.7,1292.7,1251.1,1256.8,1258.0,1292.8,58999,74673414.2,4832
2026-03-12,INE781S01027,VENTIVE,EQ,662.7,672.5,656.6,665.7,660.2,670.9,45645,30337571.05,1407
2026-03-12,INE0JA001018,VENUSPIPES,EQ,1020.9,1039.6,979.9,1015.6,1014.1,1023.1,72219,72773540.5,8167
2026-03-12,INE411B01019,VENUSREM,EQ,872.95,940.0,867.7,927.5,923.0,861.7,211251,192110547.25,9434
2026-03-12,INE0IQ001011,VERANDA,EQ,155.5,156.73,149.6,151.27,149.99,155.49,568288,87007229.72,3766
2026-03-12,INE0NLB01018,VERTEXPLUS,SM,112.8,116.9,112.8,115.95,116.9,112.8,1800,206820.0,3
2026-03-12,INE0KXY23015,VERTIS,IV,107.5,107.5,107.5,107.5,107.5,107.5,100000,10750000.0,1
2026-03-12,INE188Y01031,VERTOZ,EQ,41.19,41.44,39.06,39.26,39.49,40.98,282823,11296121.04,2062
2026-03-12,INE386A01023,VESUVIUS,EQ,504.95,505.0,495.0,496.8,495.0,504.45,64434,32109067.55,4062
2026-03-12,INE918N01018,VETO,EQ,99.1,101.2,99.1,100.31,100.05,100.22,45217,4534069.09,479
2026-03-12,INE0MO401019,VIAZ,SM,63.8,63.8,63.8,63.8,63.8,62.4,4000,255200.0,1
2026-03-12,INE0QTF01015,VSTL,EQ,110.0,115.0,109.18,113.88,114.44,112.53,45106,5060082.98,589
2026-03-12,INE048C01025,VHLTD,BE,149.45,149.45,141.55,144.94,144.2,146.47,6381,926292.89,152
2026-03-12,INE0F8901022,VICTORYEV,SM,14.6,14.6,14.5,14.5,14.5,14.6,9000,131100.0,3
2026-03-12,INE632C01026,VIDHIING,EQ,287.7,303.6,283.0,299.75,299.95,287.7,41868,12276555.65,1006
2026-03-12,INE14UN01029,VIDYAWIRES,EQ,53.76,59.47,52.3,55.9,56.1,54.03,10427613,596776150.01,35823
2026-03-12,INE1DM601016,VIGOR,SM,52.5,52.5,52.5,52.5,52.5,52.5,1600,84000.0,1
2026-03-12,INE043W01024,VIJAYA,EQ,968.8,968.8,938.0,955.5,945.0,962.1,57587,54769422.8,7700
2026-03-12,INE0WL901019,VIJAYPD,ST,74.0,74.0,70.0,70.0,70.0,71.9,48000,3392000.0,8
2026-03-12,INE159N01027,VIJIFIN,EQ,2.59,2.63,2.42,2.63,2.63,2.51,743491,1945911.9,340
2026-03-12,INE806A01020,VIKASECO,EQ,1.3,1.32,1.28,1.3,1.3,1.3,1503682,1958077.65,5519
2026-03-12,INE161L01027,VIKASLIFE,EQ,1.33,1.33,1.3,1.3,1.32,1.33,4035572,5321429.24,7696
2026-03-12,INE078V01014,VIKRAMSOLR,EQ,179.0,189.0,174.52,184.78,184.69,180.2,4584303,840130925.73,48375
2026-03-12,INE01R501028,VIKRAN,EQ,61.6,63.33,60.55,62.25,62.8,62.56,1837443,113679957.02,9023
2026-03-12,INE0AZY01017,VILAS,SM,346.0,396.0,345.85,377.85,379.0,340.3,40500,15379537.5,127
2026-03-12,INE0L4V01013,VILINBIO,ST,33.25,33.25,33.25,33.25,33.25,34.65,4000,133000.0,1
2026-03-12,INE579C01029,VIMTALABS,EQ,441.95,444.8,432.6,439.45,442.0,442.1,112655,49392366.05,4787
2026-03-12,INE410B01037,VINATIORGA,EQ,1414.9,1414.9,1375.0,1385.6,1393.9,1415.8,16729,23213495.5,3143
2026-03-12,INE707A01012,VINDHYATEL,EQ,1170.1,1227.4,1127.0,1185.4,1174.0,1177.6,61288,72232398.7,6123
2026-03-12,INE505Y01010,VINEETLAB,EQ,31.65,32.51,29.45,30.04,30.0,30.31,211384,6597321.09,1526
2026-03-12,INE01KI01027,VINNY,EQ,1.18,1.24,1.11,1.2,1.24,1.11,1292543,1518970.45,476
2026-03-12,INE0OSJ01014,VINSYS,SM,318.0,318.0,305.0,314.65,318.0,318.0,15500,4911562.5,17
2026-03-12,INE498Q01014,VINCOFE,EQ,128.5,129.5,123.49,125.75,126.0,129.91,1437347,184344013.2,8194
2026-03-12,INE0OLS01010,VINYAS,SM,998.0,998.0,974.0,977.75,974.0,1000.0,4900,4833640.0,30
2026-03-12,INE250B01029,VINYLINDIA,EQ,199.71,201.0,196.51,199.46,199.02,199.71,10200,2021693.22,472
2026-03-12,INE450G01024,VIPCLOTHNG,EQ,19.03,19.39,18.56,18.89,19.1,18.93,131647,2478533.55,515
2026-03-12,INE054A01027,VIPIND,EQ,348.2,355.2,343.35,347.55,347.0,350.5,228108,79592436.35,7079
2026-03-12,INE946H01037,VIPULLTD,BE,11.8,11.8,11.8,11.8,11.8,12.04,5913,69773.4,13
2026-03-12,INE539B01017,VIRINCHI,EQ,18.89,19.38,18.54,19.0,19.0,18.89,172066,3264157.79,2298
2026-03-12,INE0VRH01015,VGINFOTECH,SM,124.0,125.0,119.2,121.85,120.7,122.05,83000,10171950.0,64
2026-03-12,INE286H01012,VISASTEEL,EQ,35.5,35.5,34.06,34.75,35.5,35.15,41780,1437335.13,81
2026-03-12,INE370E01029,VIVIDHA,EQ,0.56,0.62,0.55,0.6,0.62,0.54,319718,182422.68,217
2026-03-12,INE392A01021,VISAKAIND,EQ,58.58,59.99,57.88,58.7,59.0,58.57,119915,7095072.91,756
2026-03-12,INE0BHK01012,VISAMAN,ST,121.1,124.0,118.75,118.75,118.75,125.0,4000,484850.0,4
2026-03-12,INE01EA01019,VMM,EQ,107.52,107.52,104.8,106.07,106.05,108.02,14456360,1530381692.58,110179
2026-03-12,INE270I01022,VISHNU,EQ,488.65,506.35,482.0,503.75,500.0,491.1,77137,38412038.3,2700
2026-03-12,INE0AE001013,VPRPL,EQ,40.81,41.2,39.62,40.29,40.36,40.77,2558751,103123048.02,9103
2026-03-12,INE0PQ001012,VISHNUINFR,SM,159.0,160.0,157.25,158.75,159.9,161.0,34500,5464250.0,33
2026-03-12,INE430N01022,VISHWARAJ,EQ,5.33,6.28,5.25,5.56,5.5,5.33,965507,5365599.16,1289
2026-03-12,INE0S2E01016,VISHWAS,SM,37.0,37.0,37.0,37.0,37.0,39.0,4800,177600.0,1
2026-03-12,INE0TR001017,VIESL,SM,238.0,238.0,231.1,232.75,231.1,241.0,22400,5278320.0,26
2026-03-12,INE0L4K01016,VITAL,EQ,41.5,41.55,39.45,39.9,39.45,41.5,31393,1282270.6,128
2026-03-12,INE0MEG01014,VIVIANA,SM,615.0,631.0,606.1,623.4,622.95,618.4,15400,9547560.0,64
2026-03-12,INE526G01021,VIVIMEDLAB,EQ,7.15,7.15,6.92,6.96,6.96,7.16,172463,1206122.89,415
2026-03-12,INE807F01027,VIYASH,EQ,194.74,199.1,191.45,196.06,196.22,195.32,694905,136594004.8,12794
2026-03-12,INE03HW01020,VLEGOV,EQ,13.53,13.86,12.9,13.21,13.3,13.45,1045028,13888829.35,2122
2026-03-12,INE709A01018,VLSFINANCE,EQ,235.7,238.4,229.0,231.5,231.5,235.3,27601,6409890.65,1063
2026-03-12,INE665J01013,VMART,EQ,536.0,536.0,517.65,526.85,529.0,535.95,128629,67285275.45,4752
2026-03-12,INE0SJA01013,VMSTMT,EQ,41.6,42.14,40.59,41.41,41.46,41.82,90507,3745597.13,981
2026-03-12,INE669E01016,IDEA,EQ,9.64,9.74,9.36,9.56,9.58,9.71,444257788,4243742179.67,111807
2026-03-12,INE241X01014,VOLERCAR,SM,244.9,245.0,235.0,237.5,235.0,237.15,52800,12806440.0,36
2026-03-12,INE540H01012,VOLTAMP,EQ,8370.0,8779.0,8368.0,8736.0,8720.0,8528.0,42776,369088468.5,12219
2026-03-12,INE226A01021,VOLTAS,EQ,1469.0,1474.8,1420.0,1449.4,1448.0,1471.4,799532,1157108304.0,39893
2026-03-12,INE0S2V01010,VRAJ,EQ,116.09,119.92,111.55,113.09,113.9,118.03,124477,14039946.6,1510
2026-03-12,INE366I01010,VRLLOG,EQ,262.3,264.05,252.2,258.45,258.5,262.3,258306,66386588.95,8491
2026-03-12,INE710A01016,VSTIND,EQ,220.0,223.99,219.5,221.74,222.0,222.53,301408,66983491.09,5471
2026-03-12,INE764D01017,VSTTILLERS,EQ,5234.0,5339.0,5082.5,5274.0,5240.0,5228.5,21798,113521334.5,4926
2026-03-12,INE100D01014,WSI,EQ,67.89,69.02,66.2,66.9,66.6,67.76,221239,14935509.84,3123
2026-03-12,INE377N01017,WAAREEENER,EQ,2653.0,2759.6,2615.0,2739.4,2729.0,2682.8,1330806,3589142507.2,59568
2026-03-12,INE299N01021,WAAREERTL,EQ,815.0,844.55,797.0,840.0,837.9,821.05,319502,264537330.0,18978
2026-03-12,INE0E7301029,WAKEFIT,EQ,170.0,171.47,166.28,168.64,168.0,172.02,150932,25507093.19,3476
2026-03-12,INE711A01022,WALCHANNAG,EQ,160.72,163.46,156.71,160.59,160.3,160.94,450408,72164043.24,5857
2026-03-12,INE107F01022,WANBURY,BE,240.2,257.35,238.0,257.35,257.35,245.1,36873,9191974.6,326
2026-03-12,INE0A3007065,1075WCA28,N0,9850.0,9850.0,9850.0,9850.0,9850.0,10079.33,10,98500.0,1
2026-03-12,INE082W01014,WEWIN,EQ,40.47,44.49,40.47,41.38,41.07,41.89,7783,328244.77,75
2026-03-12,INF2F0001370,TWCGOLDETF,EQ,158.17,158.9,154.35,158.71,158.5,158.17,4246,665453.51,65
2026-03-12,INE658T01017,WEALTH,EQ,956.75,988.0,950.0,958.95,950.0,961.55,1247,1203910.0,169
2026-03-12,INE855C01023,WEBELSOLAR,EQ,56.5,57.3,54.05,55.96,56.52,56.36,4617332,257922948.55,21752
2026-03-12,INE080A01014,WEIZMANIND,EQ,81.49,82.98,80.01,80.02,80.01,81.59,585,47927.05,36
2026-03-12,INE191B01025,WELCORP,EQ,823.0,869.8,820.0,844.25,840.1,832.5,857985,727247565.8,39714
2026-03-12,INE625G01013,WELENT,EQ,477.85,478.9,452.05,471.05,478.9,480.75,101591,47484042.05,4748
2026-03-12,INE389K01018,WELINV,EQ,1272.3,1342.0,1252.0,1325.6,1342.0,1272.3,833,1085651.0,95
2026-03-12,INE192B01031,WELSPUNLIV,EQ,116.62,118.4,114.82,115.86,116.25,118.68,1529820,178180937.83,17582
2026-03-12,INE274C01019,WENDT,EQ,6510.0,6710.0,6392.0,6650.5,6650.0,6547.0,28420,188176801.0,2099
2026-03-12,INE976A01021,WSTCSTPAPR,EQ,397.1,404.95,391.6,397.6,398.0,401.25,33245,13266200.25,1744
2026-03-12,INE0CJF01024,WCIL,EQ,96.5,97.78,93.35,94.49,94.25,98.28,166916,15968739.94,2316
2026-03-12,INE274F01020,WESTLIFE,EQ,470.1,481.3,458.0,461.05,463.0,477.2,98121,46081662.85,6777
2026-03-12,INE085001019,WEWORK,EQ,465.15,474.8,445.15,468.0,471.05,469.65,189498,87561780.0,11349
2026-03-12,INE715A01015,WHEELS,EQ,911.0,933.0,892.4,930.7,930.0,918.35,40695,37274402.85,2543
2026-03-12,INE716A01013,WHIRLPOOL,EQ,891.0,891.45,855.0,860.85,860.55,891.45,281235,244950194.45,20624
2026-03-12,INE210A01017,WILLAMAGOR,EQ,27.0,28.97,25.0,26.34,26.44,26.77,152992,4197456.52,615
2026-03-12,INE0H5O01029,WINDLAS,EQ,742.35,755.0,727.65,737.0,755.0,742.35,20049,14780173.65,1297
2026-03-12,INE052A01021,WINDMACHIN,EQ,242.8,242.8,230.55,237.0,236.5,243.45,84066,19941731.05,917
2026-03-12,INE0S9101013,WINNY,SM,57.2,57.2,57.0,57.0,57.0,63.0,1000,57100.0,2
2026-03-12,INE0S3D01016,WINSOL,SM,118.0,120.5,114.5,117.6,117.35,117.05,16000,1866020.0,40
2026-03-12,INE784B01035,WINSOME,BZ,1.75,1.78,1.75,1.78,1.78,1.75,1788,3176.88,10
2026-03-12,INE075A01022,WIPRO,EQ,201.06,203.8,199.7,202.51,201.96,202.23,19042475,3848750619.0,135021
2026-03-12,INE623Y01011,WTICAB,SM,105.55,108.0,103.0,106.05,107.95,109.55,24500,2592950.0,43
2026-03-12,INE049B01025,WOCKPHARMA,EQ,1304.7,1314.9,1278.1,1298.6,1298.5,1305.4,236696,306945336.0,13599
2026-03-12,INE0Q9601016,WOMANCART,SM,170.0,173.9,167.25,173.3,170.75,174.8,28400,4833720.0,42
2026-03-12,INE02WG01024,WEL,EQ,139.04,139.5,136.5,138.79,139.0,139.56,9078,1253020.74,247
2026-03-12,INE066O01014,WONDERLA,EQ,519.0,529.75,514.4,523.9,525.0,523.8,32088,16780491.85,2002
2026-03-12,INE196Y01018,WORTHPERI,EQ,134.0,137.0,130.2,132.87,132.0,136.01,6962,928111.57,133
2026-03-12,INE692G01013,XCHANGING,EQ,60.9,60.9,59.0,59.3,59.5,61.04,172399,10268555.48,2170
2026-03-12,INE01P501012,XELPMOC,EQ,118.4,118.78,104.1,107.58,106.0,116.91,45240,5042718.41,1044
2026-03-12,INE445C01015,XPROINDIA,EQ,859.3,893.95,832.35,858.45,851.0,859.3,65100,55769109.45,3704
2026-03-12,INE547B01028,XTGLOBAL,EQ,34.99,34.99,33.3,34.02,33.55,33.97,128375,4401832.38,1232
2026-03-12,INE0U0J01015,YAAP,ST,147.0,149.9,140.3,147.0,147.95,147.65,50000,7275200.0,47
2026-03-12,INE0TO601017,YASHOPTICS,SM,110.0,112.5,110.0,112.5,112.5,110.55,1600,178000.0,2
2026-03-12,INE616Z01012,YASHO,EQ,1403.8,1404.0,1364.0,1373.4,1368.6,1406.5,8342,11526046.1,926
2026-03-12,INE08S201019,YCCL,SM,10.3,10.3,10.0,10.1,10.0,10.65,54000,545700.0,3
2026-03-12,INE0JO301016,YATHARTH,EQ,699.0,699.0,671.9,677.8,681.0,699.15,343625,234008947.25,17808
2026-03-12,INE0JR601024,YATRA,EQ,106.11,108.04,103.04,104.71,105.1,106.47,3436194,363724034.94,35021
2026-03-12,INE528G01035,YESBANK,EQ,19.45,19.52,19.02,19.31,19.34,19.53,87147333,1678423584.39,95701
2026-03-12,INE09FA01019,YUDIZ,ST,31.0,31.0,28.55,28.55,28.55,29.85,2400,72440.0,3
2026-03-12,INE384C01016,YUKEN,EQ,713.5,722.4,711.0,714.5,714.9,713.25,9262,6652654.4,337
2026-03-12,INE0ISZ01012,ZTECH,SM,485.0,500.0,480.25,484.05,484.1,484.9,47400,23137275.0,56
2026-03-12,INE07K301024,ZAGGLE,EQ,225.0,228.77,218.7,224.61,224.96,227.88,1261249,282240106.65,17027
2026-03-12,INE0PPS01018,ZEAL,SM,68.0,69.75,68.0,69.75,69.75,69.05,1800,124050.0,3
2026-03-12,INE256A01028,ZEEL,EQ,80.48,82.9,78.62,82.02,81.82,80.48,12516183,1017330265.97,34252
2026-03-12,INE565L01011,ZEELEARN,EQ,5.42,5.89,5.35,5.47,5.45,5.48,704178,3884145.41,1286
2026-03-12,INE966H01019,ZEEMEDIA,BE,8.05,8.15,7.71,7.89,7.92,8.0,1264261,10036045.0,920
2026-03-12,INE251B01027,ZENTEC,EQ,1408.6,1421.1,1380.6,1418.6,1419.0,1408.6,358598,503728554.6,20348
2026-03-12,INE0QWN01013,ZENITHDRUG,SM,44.0,45.25,40.0,40.45,41.25,44.35,20800,857920.0,25
2026-03-12,INE058B01018,ZENITHEXPO,EQ,184.01,193.2,184.0,193.2,193.2,184.0,500,95925.87,15
2026-03-12,INE318D01020,ZENITHSTL,EQ,5.8,5.8,5.42,5.51,5.5,5.68,58123,319294.86,255
2026-03-12,INE520A01027,ZENSARTECH,EQ,564.0,568.8,557.1,564.4,563.0,564.5,237658,133920692.45,26760
2026-03-12,INF0R8F01042,GOLDCASE,EQ,24.63,26.03,24.63,25.21,25.22,25.27,8549752,214983779.55,12456
2026-03-12,INF0R8F01034,LIQUIDCASE,EQ,113.11,113.11,113.09,113.09,113.11,113.08,17578872,1988098748.57,12440
2026-03-12,INF0R8F01133,LTGILTCASE,EQ,30.93,30.93,29.13,30.04,30.05,30.03,101155,3037985.45,1215
2026-03-12,INF0R8F01059,MID150CASE,EQ,10.44,10.75,10.21,10.42,10.5,10.44,1934706,20044722.46,6210
2026-03-12,INF0R8F01166,NIFTYCASE,EQ,9.76,9.76,9.38,9.43,9.45,9.53,2277263,21496339.1,3438
2026-03-12,INF0R8F01091,SILVERCASE,EQ,26.03,26.98,25.9,26.88,26.89,26.7,18107927,482235633.78,14034
2026-03-12,INF0R8F01141,SML100CASE,EQ,9.57,9.57,9.11,9.23,9.33,9.29,1048574,9638173.79,1613
2026-03-12,INF0R8F01067,TOP100CASE,EQ,10.47,10.57,10.09,10.17,10.19,10.26,2021919,20600955.47,3968
2026-03-12,INE342J01019,ZFCVINDIA,EQ,13984.0,14029.0,13616.0,13971.0,13965.0,13984.0,13186,181531886.0,5226
2026-03-12,INE518E01015,ZIMLAB,EQ,66.3,68.28,64.02,64.67,64.2,67.65,79809,5247228.89,1600
2026-03-12,INE206B01013,ZODIACLOTH,EQ,71.93,74.99,71.12,72.18,72.45,71.11,20728,1497288.32,186
2026-03-12,INE761Y01019,ZODIAC,EQ,237.42,248.84,235.92,242.41,241.52,241.56,20486,4939709.96,910
2026-03-12,INE358U01012,ZOTA,EQ,1180.2,1191.7,1150.0,1170.5,1170.0,1180.1,21864,25595100.5,1713
2026-03-12,INE840M01016,ZUARI,EQ,209.31,214.28,200.9,209.81,209.9,209.32,228877,47566867.62,4255
2026-03-12,INE217A01012,ZUARIIND,EQ,246.8,253.05,244.5,247.5,248.3,252.5,53119,13217855.4,1700
2026-03-12,INE010B01027,ZYDUSLIFE,EQ,918.5,926.6,909.5,916.9,915.65,921.75,462276,424271920.45,21193
2026-03-12,INE768C01028,ZYDUSWELL,EQ,388.6,390.65,376.9,388.9,389.1,384.3,63154,24353989.95,5775
