trade_date,isin,symbol,series,open,high,low,close,last_price,prev_close,volume,turnover,trades
2026-09-18,IN0020200104,SGBJUN28,GB,14935.0,15200.0,14851.0,15168.14,15151.0,14930.0,544,8197835.11,95
2026-09-18,IN0020200286,SGBN28VIII,GB,15062.0,15207.0,15062.0,15202.0,15202.0,14980.0,67,1013714.08,13
2026-09-18,IN0020210053,SGBMAY29I,GB,15000.0,15270.0,15000.0,15243.18,15170.01,14967.66,442,6716899.87,76
2026-09-18,IN0020210061,SGBJUN29II,GB,15094.0,15218.54,15035.0,15160.82,15161.0,14991.0,203,3076200.95,27
2026-09-18,IN0020210087,SGBJU29III,GB,14906.0,15225.0,14906.0,15214.29,15210.0,14955.0,175,2651161.83,22
2026-09-18,IN0020210145,SGBSEP29VI,GB,15160.0,15229.99,15121.0,15171.22,15165.0,15142.77,211,3199587.24,76
2026-09-18,IN0020210178,SGBNV29VII,GB,15101.0,15280.0,15101.0,15250.25,15250.0,15000.0,406,6173989.0,45
2026-09-18,IN0020180249,SGBOCT26,GB,15250.0,15250.0,15250.0,15250.0,15250.0,15130.0,12,183000.0,1
2026-09-18,IN0020180314,SGBNOV26,GB,15025.0,15025.0,15025.0,15025.0,15025.0,14950.0,4,60100.0,1
2026-09-18,IN0020190073,SGBJUN27,GB,15192.34,15192.34,15192.34,15192.34,15192.34,14924.0,1,15192.34,1
2026-09-18,IN0020190107,SGBAUG27,GB,15020.0,15250.0,15020.0,15178.16,15150.0,14961.0,43,651130.1,27
2026-09-18,IN0020190115,SGBSEP27,GB,15099.0,15199.99,15099.0,15199.98,15199.98,14949.9,12,182142.88,4
2026-09-18,IN0020180462,SGBJAN27,GB,15100.0,15100.0,15100.0,15100.0,15100.0,14900.21,2,30200.0,2
2026-09-18,IN0020190370,SGBOCT27,GB,15195.0,15300.0,15195.0,15300.0,15300.0,15000.0,22,335250.0,6
2026-09-18,IN0020190388,SGBOCT27VI,GB,15115.01,15249.0,15115.01,15249.0,15249.0,15050.0,4,60728.02,2
2026-09-18,IN0020190461,SGBDC27VII,GB,15100.0,15200.0,15061.11,15160.0,15160.0,15100.0,101,1529219.95,15
2026-09-18,IN0020200062,SGBAPR28I,GB,15048.98,15330.0,15001.0,15300.0,15300.01,15048.98,712,10826568.48,75
2026-09-18,IN0020200088,SGBMAY28,GB,15020.0,15250.0,15020.0,15237.62,15202.0,14990.4,66,1001233.56,16
2026-09-18,IN0020200146,SGBJUL28IV,GB,15175.0,15190.0,14936.46,15132.89,15131.02,14914.46,299,4520255.88,56
2026-09-18,IN0020190545,SGBFEB28IX,GB,15200.0,15200.0,15050.0,15050.0,15050.0,14999.99,30,453450.0,10
2026-09-18,IN0020200161,SGBAUG28V,GB,15006.56,15200.01,15006.56,15193.7,15188.86,14941.61,1171,17733667.96,208
2026-09-18,IN0020200195,SGBSEP28VI,GB,15198.0,15198.0,15015.0,15165.93,15189.99,14940.84,232,3507333.41,59
2026-09-18,IN0020200203,SGBOC28VII,GB,15200.0,15375.0,15200.0,15358.88,15350.0,15090.19,1401,21529104.93,30
2026-09-18,IN0020210111,SGBJUL29IV,GB,15208.0,15208.0,15111.01,15162.44,15150.01,15204.64,45,681583.73,14
2026-09-18,IN0020200377,SGBJAN29IX,GB,14926.0,15225.0,14926.0,15225.0,15225.0,14946.0,298,4519653.56,39
2026-09-18,IN0020210129,SGBAUG29V,GB,15083.49,15287.99,15083.49,15229.06,15159.82,14959.85,138,2090576.22,48
2026-09-18,IN0020210228,SGBD29VIII,GB,15200.0,15374.99,15150.0,15258.49,15268.0,14989.61,71,1083511.32,29
2026-09-18,IN0020200385,SGBJAN29X,GB,14936.01,15225.0,14936.01,15177.0,15205.0,14926.5,134,2027896.46,40
2026-09-18,IN0020200393,SGBFEB29XI,GB,15110.0,15225.0,15015.8,15189.47,15220.34,14905.5,39,591077.59,19
2026-09-18,IN0020200427,SGBMR29XII,GB,15100.0,15217.0,15100.0,15217.0,15217.0,14965.0,102,1546426.74,40
2026-09-18,IN0020220045,SGBJUN30,GB,15171.0,15350.0,15171.0,15300.0,15300.0,15118.33,40,611067.0,7
2026-09-18,IN0020220078,SGBAUG30,GB,15198.53,15374.9,15121.0,15300.38,15350.52,15098.53,89,1356160.75,51
2026-09-18,IN0020220110,SGBDE30III,GB,15130.08,15355.99,15130.08,15330.08,15344.99,15130.08,208,3180079.52,92
2026-09-18,IN0020210236,SGBJAN30IX,GB,15076.02,15349.99,15076.02,15329.4,15345.0,15066.66,131,1993015.49,31
2026-09-18,IN0020210319,SGBMAR30X,GB,15201.0,15390.0,15201.0,15329.66,15389.0,15044.91,11,168121.95,10
2026-09-18,IN0020230069,SGBJUN31I,GB,15306.56,15401.0,15283.55,15400.29,15400.0,15276.3,398,6104890.07,120
2026-09-18,IN0020230093,SGBSEP31II,GB,15256.56,15599.0,15256.56,15430.84,15431.0,15234.22,1412,21735593.39,223
2026-09-18,IN0020230168,SGBDE31III,GB,15406.56,15579.96,15406.56,15550.07,15550.0,15365.79,1295,20056998.95,213
2026-09-18,IN0020220169,SGBMAR31IV,GB,15300.0,15350.0,15300.0,15342.0,15342.0,15184.28,72,1103883.99,35
2026-09-18,IN0020230184,SGBFEB32IV,GB,15607.84,15819.99,15607.84,15782.16,15711.01,15607.84,1196,18800967.9,227
2026-09-18,INE144J01027,20MICRONS,EQ,207.77,209.0,204.62,208.28,206.5,205.71,45744,9469881.14,1711
2026-09-18,INE253B01015,21STCENMGM,EQ,38.81,39.29,38.81,38.98,38.81,38.62,135,5281.35,10
2026-09-18,INE466L01038,360ONE,EQ,1060.5,1086.1,1060.5,1073.1,1073.1,1061.3,519067,559494770.6,25530
2026-09-18,INF579M01BB5,GOLD360,EQ,148.45,149.85,147.95,149.1,149.05,147.25,6821,1016378.95,215
2026-09-18,INF579M01BP5,MSCI360,EQ,9.88,10.06,9.8,9.96,9.95,9.86,3868,37982.25,30
2026-09-18,INF579M01BC3,SILVER360,EQ,225.5,230.94,225.5,229.98,230.04,223.42,22855,5236851.7,581
2026-09-18,INE994E01018,3BBLACKBIO,EQ,1313.5,1328.7,1289.8,1319.3,1327.0,1290.8,6766,8792121.3,592
2026-09-18,INE748C01038,3IINFOLTD,BE,25.67,26.0,24.56,25.5,25.5,25.76,419639,10784832.23,863
2026-09-18,INE470A01017,3MINDIA,EQ,32530.0,34450.0,32380.0,34095.0,34275.0,32530.0,8040,270674015.0,3757
2026-09-18,INE105C01023,3PLAND,EQ,31.5,31.5,30.5,31.09,31.0,31.4,721,22395.04,74
2026-09-18,INE618L01018,5PAISA,EQ,314.1,323.0,314.1,321.35,320.6,315.4,21347,6825423.4,1417
2026-09-18,INE111B01023,63MOONS,EQ,872.65,890.15,864.45,884.75,883.0,872.65,231331,203673379.5,12047
2026-09-18,INE031A07865,751HUDCO28,N5,1072.09,1072.75,1072.09,1072.75,1072.75,1072.09,332,355964.9,3
2026-09-18,INE261F07032,764NABAR31,N2,1118.99,1119.8,1115.05,1119.52,1119.74,1118.99,793,885496.91,11
2026-09-18,INE031A07AO5,764HUDCO31,N8,1123.0,1123.0,1117.25,1117.25,1117.25,1123.0,300,335648.5,4
2026-09-18,INE031A07AT4,769HUDCO31,N9,1139.99,1139.99,1136.0,1136.0,1136.0,1135.86,35,39799.9,3
2026-09-18,INE020B07GH7,812REC27,NI,1028.0,1028.4,1028.0,1028.4,1028.4,1027.5,350,359920.0,4
2026-09-18,INE031A07840,82HUDCO27,N2,1050.7,1056.9,1050.7,1051.95,1051.75,1058.99,1157,1216377.5,16
2026-09-18,INE134E07208,830PFCL27,N5,1084.02,1086.0,1084.01,1085.99,1085.99,1083.5,660,716650.8,7
2026-09-18,INE906B07DF8,875NHAI29,N6,1115.3,1120.0,1115.3,1120.0,1120.0,1123.0,201,224650.0,5
2026-09-18,INE787H07370,891IIFCL34,N4,1264.0,1265.0,1264.0,1265.0,1265.0,1261.55,1194,1510310.0,6
2026-09-18,INE733E07JJ9,891NTPC33,N6,1275.05,1285.0,1275.05,1280.0,1280.0,1277.25,791,1012037.7,17
2026-09-18,INE134E07463,892PFCL33,N8,1282.55,1282.55,1282.0,1282.0,1282.0,1281.0,811,1039714.21,9
2026-09-18,INE031A07AB2,901HUDCO34,NE,1281.0,1290.0,1280.01,1284.0,1284.0,1281.0,1784,2290338.3,35
2026-09-18,INE08PH01015,ABCOTS,EQ,221.0,222.01,206.05,209.85,209.0,210.83,219982,47393933.54,613
2026-09-18,INE00YB01025,ABINFRA,BE,11.08,11.57,11.0,11.57,11.57,11.02,395493,4533878.59,238
2026-09-18,INE850B01026,ABMKNO,EQ,178.0,187.9,170.05,170.5,170.05,174.37,1382,237295.14,75
2026-09-18,INE366C01021,ACSTECH,BE,64.99,66.15,64.99,66.15,66.15,63.0,430625,28440028.88,625
2026-09-18,INE701G01012,AKCAPIT,EQ,1731.4,1755.0,1701.3,1746.4,1745.0,1748.4,1185,2059210.9,185
2026-09-18,INE619I01012,A2ZINFRA,EQ,15.31,15.31,14.87,14.89,14.87,15.01,43624,652048.47,189
2026-09-18,INE0D0U01013,AAATECH,EQ,88.0,88.0,84.05,86.95,87.88,84.57,107337,9275545.37,499
2026-09-18,INE883F01010,AADHARHFC,EQ,467.0,470.7,453.7,461.65,460.8,469.35,2175228,1004929298.95,35941
2026-09-18,INE1GYP01013,AAKAAR,SM,63.0,66.15,61.05,64.5,65.0,63.0,28800,1793200.0,8
2026-09-18,INE087Z01024,AAKASH,EQ,8.92,9.18,8.8,8.88,8.85,8.92,78109,701856.4,284
2026-09-18,INE124401014,AARADHYA,ST,139.0,146.95,139.0,141.0,141.0,140.3,21600,3093000.0,18
2026-09-18,INE198H01019,AAREYDRUGS,EQ,103.0,103.5,98.81,102.13,101.0,101.72,289834,29542729.05,1903
2026-09-18,INE750R01016,AARNAV,BE,30.5,31.9,30.5,31.2,31.2,31.4,3120,96763.18,39
2026-09-18,INE721Z01010,AARON,EQ,124.42,126.99,115.0,119.92,119.78,124.42,38147,4547539.41,986
2026-09-18,INE01C001026,AARTECH,BE,51.45,51.82,49.77,51.33,51.7,51.4,17042,867904.46,89
2026-09-18,INE767A01016,AARTIDRUGS,EQ,428.35,435.2,426.0,431.8,432.7,428.35,88332,38104319.55,3735
2026-09-18,INE769A01020,AARTIIND,EQ,476.65,493.45,476.25,491.15,485.1,476.6,541708,264375204.25,16336
2026-09-18,INE0LRU01027,AARTIPHARM,EQ,827.0,845.7,812.4,820.4,822.05,826.95,1901494,1563253137.65,22382
2026-09-18,INE09EO01013,AARTISURF,BE,530.0,545.0,530.0,535.95,538.0,525.45,9675,5226985.9,297
2026-09-18,INE754X01016,AARVI,EQ,141.9,141.9,138.12,139.95,139.99,140.82,3984,555973.6,115
2026-09-18,INE2FMX01012,AASTHA,EQ,77.99,77.99,74.24,76.25,76.2,76.78,240248,18217595.8,2115
2026-09-18,INE216P01012,AAVAS,EQ,1296.0,1304.9,1273.8,1284.6,1300.0,1291.8,164549,212169030.3,12930
2026-09-18,INE421A01028,ABAN,BE,14.32,14.6,14.04,14.54,14.5,14.32,11942,172207.82,90
2026-09-18,INE365O01028,ABANSENT,EQ,26.61,27.46,26.0,26.07,26.07,26.61,7320,193507.14,127
2026-09-18,INE00ZE01026,AFSL,EQ,202.45,202.45,201.0,201.0,201.0,201.0,7974,1603061.73,50
2026-09-18,INE117A01022,ABB,EQ,7185.5,7307.0,7151.0,7270.5,7270.5,7130.5,383030,2767162282.5,31908
2026-09-18,INE358A01014,ABBOTINDIA,EQ,26035.0,27490.0,26035.0,27270.0,27200.0,25910.0,38339,1038121980.0,14454
2026-09-18,INE1R2M01019,ABH,SM,39.0,43.75,39.0,43.75,43.75,39.8,123600,5219520.0,94
2026-09-18,INE0UYG01015,ABHAPOWER,SM,23.0,24.65,23.0,24.65,24.65,23.7,6400,151520.0,4
2026-09-18,INE0CAJ01017,AILIMITED,SM,17.3,17.3,17.25,17.25,17.25,18.15,6000,103650.0,2
2026-09-18,INE251C01025,ABMINTLLTD,BE,49.98,49.98,49.98,49.98,49.98,51.0,28,1399.44,2
2026-09-18,INE0QRV01016,ABSMARINE,SM,304.6,304.6,275.1,286.2,288.0,304.6,90500,26284725.0,160
2026-09-18,INE012A01025,ACC,EQ,1236.6,1279.9,1236.6,1259.7,1272.0,1232.5,386560,485295987.1,18583
2026-09-18,INE793A01012,ACCELYA,EQ,1131.8,1132.0,1117.0,1123.0,1125.0,1122.0,3559,3993392.7,422
2026-09-18,INE0Q5D01013,ACCENTMIC,SM,682.45,698.9,676.55,681.75,677.6,679.05,23000,15693025.0,45
2026-09-18,INE0T8T01010,ACCPL,ST,204.05,210.0,204.05,210.0,210.0,210.85,2400,496860.0,2
2026-09-18,INE648Z01023,ACCURACY,BE,4.65,4.73,4.54,4.65,4.64,4.65,37927,176783.21,158
2026-09-18,INE543V01017,ACEINTEG,EQ,17.8,17.81,17.11,17.37,17.25,18.0,2419,42009.74,117
2026-09-18,INE622W01025,ACMESOLAR,EQ,411.5,440.7,411.5,435.25,438.65,411.3,12038412,5200825815.95,140266
2026-09-18,INE731H01025,ACE,EQ,1212.3,1241.5,1202.0,1229.2,1229.1,1205.6,881443,1080864356.5,53542
2026-09-18,INE0KLO01025,ACTIVEINFR,SM,173.5,186.25,173.5,182.05,182.05,171.0,27600,5004960.0,10
2026-09-18,INE00FF01025,ACUTAAS,EQ,3334.0,3462.0,3302.5,3440.3,3425.2,3315.1,521496,1772301510.0,57381
2026-09-18,INE931S01010,ADANIENSOL,EQ,1380.9,1436.5,1380.9,1436.1,1436.1,1386.8,2145921,3051123276.6,56528
2026-09-18,INE423A01024,ADANIENT,EQ,2933.0,3020.0,2924.6,3020.0,3020.0,2923.2,1628125,4868780176.2,45436
2026-09-18,INE364U01010,ADANIGREEN,EQ,1274.2,1337.9,1274.2,1334.5,1334.5,1274.2,2597171,3414211307.9,55633
2026-09-18,INE742F01042,ADANIPORTS,EQ,1748.0,1824.0,1744.0,1824.0,1824.0,1738.3,4148803,7413905199.3,70921
2026-09-18,INE814H01029,ADANIPOWER,EQ,206.05,209.6,205.64,206.6,206.6,205.92,18185888,3775945326.52,67512
2026-09-18,INE399L01023,ATGL,EQ,587.4,674.8,587.4,660.7,657.6,587.0,39305845,25651252411.75,586365
2026-09-18,INE757C01021,ADDIND,EQ,83.0,83.0,82.65,82.65,82.65,78.45,3,248.54,3
2026-09-18,INE0RDH01021,ADDICTIVE,SM,43.4,43.4,43.4,43.4,43.4,45.0,500,21700.0,1
2026-09-18,INE982B01027,ADFFOODS,EQ,265.1,265.9,260.2,261.45,261.2,267.75,88038,23129650.65,2286
2026-09-18,INE20PL01012,ADISOFT,SM,226.5,234.8,226.5,231.5,232.0,228.85,32000,7422840.0,40
2026-09-18,INE404A01024,ABSLAMC,EQ,1083.0,1107.9,1053.4,1060.4,1065.0,1090.1,378189,409840728.6,30534
2026-09-18,INE674K01013,ABCAPITAL,EQ,390.5,410.05,390.5,410.05,410.05,390.0,4888619,1971198774.8,37728
2026-09-18,INE647O01011,ABFRL,EQ,50.6,50.77,49.8,50.16,50.13,50.45,3238057,162697036.49,16162
2026-09-18,INE14LE01019,ABLBL,EQ,82.75,82.75,80.81,81.17,81.25,82.41,1106286,90107232.55,10515
2026-09-18,INE865C01022,BIRLAMONEY,EQ,120.65,121.8,118.41,120.49,121.8,120.63,18286,2200205.86,708
2026-09-18,INE055A01016,ABREL,EQ,1264.0,1279.0,1249.2,1266.2,1276.0,1257.4,171318,216766887.6,16151
2026-09-18,INE819V01029,CPPLUS,EQ,3378.4,3500.0,3321.0,3355.1,3352.3,3378.4,880079,2983432566.2,62031
2026-09-18,INE01YQ01013,AUSL,SM,23.05,23.05,22.2,22.2,22.2,23.05,4000,90500.0,2
2026-09-18,INE679V01027,AVL,EQ,638.0,642.0,630.6,636.95,639.95,633.25,147990,94201740.3,9352
2026-09-18,INF209KB18D3,BSLGOLDETF,EQ,134.3,134.8,133.48,134.53,134.51,132.57,327089,43976511.22,2733
2026-09-18,INF209KB19D1,BSLNIFTY,EQ,27.38,28.62,27.36,27.46,27.47,27.38,690033,18947124.9,4143
2026-09-18,INE045A01017,ADOR,EQ,1570.1,1613.0,1568.9,1592.1,1599.9,1564.3,19186,30371845.1,2124
2026-09-18,INE737B01033,ADROITINFO,EQ,10.82,11.7,10.82,11.14,11.17,11.22,39432,446456.1,366
2026-09-18,INE0ALI01010,ADVAIT,EQ,2030.0,2030.4,1985.0,2003.6,1996.9,1990.4,19625,39340780.4,3171
2026-09-18,INE1B0W01010,ADVANCE,EQ,112.75,112.75,110.0,110.48,110.25,111.67,87868,9737198.26,1238
2026-09-18,INE837H01020,ADVENZYMES,EQ,291.0,291.85,286.45,287.8,289.3,288.1,243137,70155706.2,4048
2026-09-18,INE199C01026,ADVANIHOTR,EQ,48.35,49.34,47.62,47.89,47.85,47.62,13516,651610.32,308
2026-09-18,INE28GN01010,ADVENTHTL,EQ,128.11,132.9,125.46,129.15,128.3,127.04,174166,22235809.91,2432
2026-09-18,INE178T01024,ADVIKCA,EQ,0.97,1.0,0.95,0.98,0.98,0.97,216964,210918.42,256
2026-09-18,INE1SJO01012,RAMBHAJO,EQ,272.18,292.78,265.01,290.85,290.5,266.17,1439325,409549554.39,12589
2026-09-18,INE208C01025,AEGISLOG,EQ,1362.9,1429.7,1360.0,1415.4,1420.9,1353.8,1333662,1871035144.3,52649
2026-09-18,INE0INX01018,AEGISVOPAK,EQ,313.0,317.0,300.65,314.95,316.0,310.7,2342046,726072002.95,43805
2026-09-18,INE423A07401,AEL17725,,1105.0,1105.0,1105.0,1105.0,1105.0,1105.17,4,4420.0,1
2026-09-18,INE423A07500,AEL12126,NI,1040.2,1050.38,1040.2,1050.38,1050.38,1040.2,316,329910.08,6
2026-09-18,INE423A07559,AEL120126,NL,1044.14,1044.14,1041.0,1041.0,1041.0,1044.14,165,172088.02,10
2026-09-18,INE423A07468,AEL170725A,NG,1109.0,1109.0,1109.0,1109.0,1109.0,1108.0,7,7763.0,1
2026-09-18,INE423A07542,AEL1212026,NO,1008.5,1052.5,1008.5,1052.5,1052.5,1053.0,112,117352.0,2
2026-09-18,INE423A07492,848AEL29,NJ,1011.0,1011.0,1011.0,1011.0,1011.0,1006.08,70,70770.0,4
2026-09-18,INE423A07518,862AEL31,NM,1015.0,1029.99,1015.0,1029.99,1029.99,1015.0,1740,1766876.67,10
2026-09-18,INE423A07526,890AEL31,NN,1063.5,1063.88,1058.0,1058.14,1063.88,1058.1,100,105811.38,6
2026-09-18,INE423A07435,915AEL28,NC,1032.0,1032.0,1030.0,1030.0,1030.0,1018.06,2,2062.0,2
2026-09-18,INE423A07393,930AEL30,NF,1038.1,1045.0,1038.02,1042.0,1042.0,1038.02,501,522014.8,7
2026-09-18,INE947N01017,AEQUS,EQ,228.98,233.47,227.0,231.67,230.8,229.33,859211,197692524.8,15225
2026-09-18,INE065D01027,AEROENTER,EQ,122.94,126.9,120.9,125.49,125.55,122.94,751302,93097356.03,9087
2026-09-18,INE024001021,AEROFLEX,EQ,510.0,514.0,497.1,510.9,510.95,497.6,890374,451417876.35,23080
2026-09-18,INE035801013,AERONEU,EQ,66.28,68.0,66.28,67.09,66.93,66.61,28643,1921019.92,314
2026-09-18,INE0WL801011,AERON,SM,79.05,80.95,79.05,80.95,80.95,80.0,3000,239050.0,3
2026-09-18,INE0BWX01014,AETHER,EQ,1624.3,1651.3,1618.1,1630.0,1625.2,1623.3,94450,154727289.5,16936
2026-09-18,INE101I01011,AFCONS,EQ,264.0,264.4,255.8,263.4,262.95,267.3,3352350,873305509.3,51037
2026-09-18,INE00WC01027,AFFLE,EQ,1545.6,1623.5,1535.0,1603.5,1587.0,1545.6,434146,688803831.8,28087
2026-09-18,INE692Z01013,AFFORDABLE,EQ,164.0,175.0,162.93,172.31,173.0,167.31,29285,4966499.25,748
2026-09-18,INE916Y07081,1125AFIL29,N0,9855.0,9855.0,9855.0,9855.0,9855.0,9838.0,40,394200.0,2
2026-09-18,INE916Y07073,1150AFIL29,N0,9903.0,9903.0,9903.0,9903.0,9903.0,9903.0,2,19806.0,1
2026-09-18,INE916Y07032,12AFIL27,N0,9900.0,9900.0,9900.0,9900.0,9900.0,9950.69,2,19800.0,1
2026-09-18,INE916Y07057,12AFIL28,N0,10014.0,10134.76,10014.0,10134.76,10134.76,9923.03,89,895351.84,3
2026-09-18,INE0MLA01012,AGARWALFT,SM,25.4,26.0,25.4,26.0,26.0,26.7,18000,467100.0,2
2026-09-18,INE204E01012,AGARIND,EQ,407.8,417.9,405.6,412.65,413.5,407.75,17291,7077378.45,1148
2026-09-18,INE0P8X01016,AGARWALTUF,SM,158.0,162.0,155.25,159.45,156.1,159.7,164400,26285940.0,78
2026-09-18,INE415A01038,AGI,EQ,740.0,756.0,723.0,745.05,745.0,733.75,155939,115038057.65,7688
2026-09-18,INE976R01033,AGIIL,EQ,266.15,274.0,266.0,270.45,270.45,266.15,660624,178537083.95,6964
2026-09-18,INE0LF301013,AGNI,SM,15.5,15.5,15.25,15.3,15.25,15.5,7500,115250.0,3
2026-09-18,INE449G01018,AGRITECH,EQ,97.8,99.48,97.55,98.33,98.5,96.42,1770,174025.36,60
2026-09-18,INE740V01019,AGROPHOS,EQ,24.38,24.38,22.51,23.64,23.51,23.44,5479,128526.06,143
2026-09-18,INE583L01014,AGSTRA,BZ,1.96,1.98,1.91,1.93,1.95,1.95,89160,173392.3,162
2026-09-18,INE00PV01013,AHLADA,EQ,38.9,39.64,37.2,37.33,38.39,39.33,8224,310391.58,172
2026-09-18,INE758C01029,AHLUCONT,EQ,568.0,590.0,564.0,584.7,586.15,567.6,63766,36647967.55,4071
2026-09-18,INE212H01026,AIAENG,EQ,3967.5,4039.8,3900.0,3973.3,4000.0,3983.4,75514,298507791.8,18044
2026-09-18,INE0RUV01018,AIMTRON,SM,1650.0,1675.0,1591.15,1662.25,1667.0,1616.45,42000,68141880.0,193
2026-09-18,INE805A01014,GOLDTECH,BE,41.95,41.95,39.65,41.32,41.39,41.41,12021,487895.4,79
2026-09-18,INE645W01026,AIRAN,EQ,16.59,16.9,16.2,16.69,16.75,16.7,56051,929948.65,512
2026-09-18,INE801L01010,AIROLAM,EQ,89.8,92.0,85.5,89.0,89.0,86.15,12571,1124723.78,115
2026-09-18,INE031B01049,AJANTPHARM,EQ,3535.0,3630.0,3531.5,3563.6,3568.0,3500.5,201322,719782103.0,37503
2026-09-18,INE274Y01021,AJAXENGG,EQ,563.0,570.2,554.0,559.75,559.0,566.6,86718,48716195.05,10311
2026-09-18,INE298G01035,AJMERA,EQ,114.37,116.9,112.73,115.6,115.5,113.8,307767,35311725.75,3728
2026-09-18,INE820Y01021,AJOONI,EQ,3.24,3.39,3.24,3.28,3.31,3.27,714622,2367556.37,638
2026-09-18,INE0PCY01014,AKANKSHA,SM,138.9,139.65,133.05,139.65,139.65,133.0,75000,10381950.0,71
2026-09-18,INE737W01013,AKASH,EQ,24.7,24.72,24.27,24.29,24.29,24.26,2440,59900.6,28
2026-09-18,INE00Y801016,AKG,EQ,10.48,10.68,10.02,10.37,10.26,10.32,8242,85379.69,66
2026-09-18,INE642Z01026,AKI,BE,6.11,6.11,6.11,6.11,6.11,5.82,43619,266512.09,69
2026-09-18,INE0PMR01017,AKIKO,SM,410.0,420.45,409.1,416.1,416.1,421.05,16000,6619880.0,19
2026-09-18,INE916Y01027,AFIL,EQ,8.96,8.96,8.34,8.61,8.65,8.37,302606,2572412.62,446
2026-09-18,INE523B01011,AKSHOPTFBR,BE,8.0,8.34,7.72,7.84,7.8,8.02,346118,2783895.51,555
2026-09-18,INE256Z01025,AKSHAR,EQ,0.42,0.42,0.41,0.41,0.42,0.41,990838,412628.04,202
2026-09-18,INE542B01011,AKSHARCHEM,BE,373.5,392.15,373.5,392.15,392.15,373.5,5797,2250362.45,101
2026-09-18,INE09XN01023,AKUMS,EQ,767.1,790.0,767.1,783.7,779.05,766.7,330477,257385129.15,24523
2026-09-18,INE914E01040,ALANKIT,EQ,7.95,7.95,7.6,7.74,7.78,7.67,109982,851940.22,391
2026-09-18,INE155C01010,ALBERTDAVD,EQ,835.15,841.45,831.0,833.6,831.1,838.45,1809,1509773.45,148
2026-09-18,INE448V01019,ALCODIS,SM,66.3,66.3,62.6,65.0,65.0,66.9,4375,281875.0,7
2026-09-18,INE426A01027,ALEMBICLTD,EQ,102.1,106.0,102.1,102.63,102.73,102.72,829029,85791956.65,7966
2026-09-18,INE901L01018,APLLTD,EQ,828.0,860.0,828.0,845.75,845.0,826.0,634938,538703121.5,36030
2026-09-18,INE782D01027,ALFREDHE,EQ,2830.0,2830.0,2815.0,2830.0,2830.0,2820.0,52,147035.0,11
2026-09-18,INE598D01035,ALGOQUANT,EQ,70.84,76.2,70.13,72.27,72.67,70.13,3786684,277454955.79,20834
2026-09-18,INE062D01024,ALICON,EQ,710.0,735.0,687.4,729.35,726.0,695.15,33801,24146970.7,2636
2026-09-18,INE03Q201024,ALIVUS,EQ,1395.1,1443.0,1387.0,1430.8,1429.8,1387.8,304330,433172754.6,22186
2026-09-18,INE773I01017,ALKALI,EQ,73.06,87.66,72.05,87.66,87.66,73.05,133798,11264708.36,2217
2026-09-18,INE540L01014,ALKEM,EQ,5378.5,5466.5,5310.5,5466.5,5466.5,5348.5,320770,1721164621.0,21119
2026-09-18,INE150B01039,ALKYLAMINE,EQ,1846.5,1878.0,1838.9,1863.0,1878.0,1843.8,55371,102931228.6,6365
2026-09-18,INE0M2X01012,ALLETEC,SM,122.25,124.9,121.9,124.05,124.05,125.55,18800,2311540.0,40
2026-09-18,INE0GV601021,ALLTIME,EQ,207.94,218.0,207.0,208.4,207.51,208.01,65171,13693640.28,2019
2026-09-18,INE1YPB01014,AGL,EQ,13.94,14.11,13.56,13.8,13.87,13.88,1221013,16833778.02,2944
2026-09-18,INE418H01029,ALLCARGO,EQ,11.0,11.32,10.84,11.11,11.12,11.03,7521321,83112467.62,8263
2026-09-18,INE0NN701020,ATL,EQ,24.21,24.81,24.2,24.24,24.26,24.5,95340,2330619.66,812
2026-09-18,INE835G01018,ALLDIGI,EQ,788.5,805.65,767.5,776.3,773.15,784.55,12122,9430864.95,802
2026-09-18,INE552Z01027,ABDL,EQ,649.9,659.55,641.0,647.6,650.0,653.1,437696,284631044.05,20826
2026-09-18,INE102I01027,ADSL,EQ,96.98,97.46,95.5,96.29,96.38,96.99,57062,5482491.76,1250
2026-09-18,INE326B01035,ALMONDZ,EQ,19.24,19.24,17.92,18.52,18.87,18.41,264761,4906516.33,837
2026-09-18,INE270A01029,ALOKINDS,EQ,7.05,7.15,6.98,7.05,7.07,7.05,21523794,152175292.08,13334
2026-09-18,INE385I01010,ALPA,EQ,60.85,60.85,58.51,59.35,60.35,59.64,17399,1031122.05,211
2026-09-18,INE0R4701017,ALPEXSOLAR,SM,912.0,921.0,904.0,916.65,913.0,911.6,32500,29728125.0,224
2026-09-18,INE137C01018,ALPHAGEO,BE,306.95,306.95,290.0,292.1,292.5,294.95,4155,1224339.4,130
2026-09-18,INE1JCQ01037,ALPINETEX,EQ,52.05,54.0,52.05,52.66,52.12,52.9,133099,7052695.8,2003
2026-09-18,INE058F01019,ALUFLUOR,EQ,494.85,542.5,494.85,537.15,538.0,492.2,28768,15214706.15,1472
2026-09-18,INE0STM01017,ALUWIND,SM,49.95,51.05,49.5,49.85,49.85,49.2,16500,831450.0,11
2026-09-18,INE121R01077,AMAGI,EQ,574.35,575.45,559.2,569.5,571.0,574.35,232661,131942044.75,9301
2026-09-18,INE841D01013,AMAL,EQ,735.0,749.0,707.0,722.4,716.0,723.0,25482,18388293.45,1278
2026-09-18,INE084K01015,AMANTA,BE,189.0,189.95,186.16,189.95,189.95,189.95,51926,9829247.41,160
2026-09-18,INE885A01032,ARE&M,EQ,795.3,804.9,790.3,796.0,796.0,795.3,760908,606933075.4,41968
2026-09-18,INE484D01012,AMARJOTHI,EQ,148.95,149.95,146.0,147.07,148.84,148.88,1260,184329.63,38
2026-09-18,INE293601014,AMBAAUTO,SM,98.0,98.0,96.0,96.0,96.0,98.35,3000,291000.0,3
2026-09-18,INE432A01017,AMBALALSA,BE,41.48,41.48,39.22,39.97,39.6,41.28,84610,3360281.08,174
2026-09-18,INE371P01015,AMBER,EQ,7080.5,7164.5,7075.0,7125.0,7125.0,7046.0,75972,541618342.5,14601
2026-09-18,INE792B01012,AMBICAAGAR,EQ,25.14,25.62,24.7,24.89,24.8,25.14,5850,145615.9,58
2026-09-18,INE540G01014,AMBIKCO,EQ,1585.0,1609.0,1570.0,1602.0,1604.0,1568.8,8106,12916110.6,1421
2026-09-18,INE079A01024,AMBUJACEM,EQ,384.55,396.0,383.9,388.3,388.3,383.25,2583375,1008007703.3,29542
2026-09-18,INE005I01014,AMDIND,BE,66.0,66.0,63.26,63.26,63.26,66.58,18035,1144048.2,126
2026-09-18,INE0KT901015,AMEYA,SM,135.8,142.55,135.8,142.55,142.55,135.8,20000,2803750.0,17
2026-09-18,INE275D01022,AMNPLST,EQ,164.95,190.0,164.95,171.51,170.99,163.0,9478,1655646.11,643
2026-09-18,INE05TO01019,AEROPLANE,EQ,193.0,203.25,192.12,201.49,202.01,193.7,778122,155808700.52,5213
2026-09-18,INE606A01024,AMJLAND,EQ,36.44,37.69,36.3,37.18,37.29,36.48,691,25624.4,47
2026-09-18,INE098F01031,AMRUTANJAN,EQ,490.25,497.0,489.35,493.8,495.0,491.0,19221,9482349.4,1254
2026-09-18,INE549H01021,ARSSBL,EQ,503.6,503.6,497.95,502.05,502.0,500.55,65352,32737711.3,2332
2026-09-18,INE463V01026,ANANDRATHI,EQ,2201.1,2268.4,2201.1,2229.4,2225.0,2207.4,880377,1969331008.6,65784
2026-09-18,INE242C01024,ANANTRAJ,EQ,595.0,607.5,595.0,606.15,606.0,596.9,1464027,881961412.35,23819
2026-09-18,INE1UA823019,ANANTAM,IV,107.5,107.5,106.07,106.44,106.49,106.49,24430,2601565.6,58
2026-09-18,INE1J5V01013,ANAWIL,SM,430.0,450.0,430.0,445.4,445.1,430.4,158800,70547340.0,328
2026-09-18,INE0VG001016,AMCL,SM,395.0,443.0,380.0,384.4,380.0,380.0,36000,14249840.0,79
2026-09-18,INE666E01020,ACL,EQ,42.8,42.99,41.52,42.66,42.9,41.98,6820,289714.6,340
2026-09-18,INE435A01051,ANDHRAPAP,EQ,71.6,74.99,71.38,74.62,74.48,71.88,950746,70128682.47,10316
2026-09-18,INE715B01021,ANDHRSUGAR,EQ,93.59,94.53,91.75,94.1,94.04,93.59,257513,23951175.82,9304
2026-09-18,INE449C01025,ANDREWYU,EQ,25.98,26.66,25.75,26.27,26.01,26.08,49555,1303547.54,410
2026-09-18,INE732I01021,ANGELONE,EQ,295.0,301.75,295.0,299.1,299.1,295.0,3531096,1058091057.35,31620
2026-09-18,INE635Y01015,AISL,SM,54.1,55.0,54.1,55.0,55.0,54.1,1800,97920.0,2
2026-09-18,INE087B01017,ANIKINDS,EQ,42.25,44.98,42.25,44.59,44.59,44.1,6672,295513.11,54
2026-09-18,INE071F01012,APCL,EQ,99.5,99.5,96.94,97.85,98.0,96.37,14530,1428445.69,112
2026-09-18,INE106I01010,ANKITMETAL,BZ,1.73,1.73,1.73,1.73,1.73,1.7,6003,10385.19,9
2026-09-18,INE0Y8W01025,AHCL,EQ,22.68,24.78,22.11,22.9,23.1,21.84,145565213,3429870539.41,576160
2026-09-18,INE0LR101013,ANLON,SM,717.0,763.9,714.0,742.2,736.0,696.9,21600,16025000.0,50
2026-09-18,INE02AR01019,ANMOL,BE,14.77,15.1,14.04,14.23,14.49,14.77,67425,975972.08,171
2026-09-18,INE0MGM01017,ANNAPURNA,EQ,137.65,138.06,130.0,132.55,132.0,136.08,45381,6028287.4,1062
2026-09-18,INE103001017,ANNU,EQ,49.05,52.4,49.05,50.46,50.5,49.28,1339255,68291390.83,11172
2026-09-18,INE0VTV01012,ANONDITA,SM,1125.0,1125.05,1082.0,1090.55,1096.0,1124.0,82200,91333440.0,274
2026-09-18,INE030C01015,ANSALBU,EQ,82.99,82.99,78.0,78.97,82.9,83.0,110,8828.14,5
2026-09-18,INE436A01026,ANSALAPI,BZ,3.59,3.59,3.55,3.59,3.59,3.52,18299,65671.29,19
2026-09-18,INE414B01021,ANTGRAPHIC,EQ,0.72,0.74,0.7,0.71,0.71,0.71,304156,217187.45,184
2026-09-18,INE818A01017,ANTELOPUS,EQ,1131.55,1142.15,1090.25,1104.85,1112.0,1130.85,555265,614361835.05,26445
2026-09-18,INE0CZ201020,ANTHEM,EQ,934.0,952.9,916.55,928.5,941.0,927.4,5490000,5098565353.05,75546
2026-09-18,INE01BK01022,AWHCL,EQ,385.0,385.3,362.3,364.9,366.0,379.6,403982,149495397.8,17820
2026-09-18,INE489G01022,ANUHPHR,EQ,94.14,95.07,92.0,93.48,93.0,93.68,95805,8938410.3,2405
2026-09-18,INE930P01018,ANURAS,EQ,1179.1,1219.0,1179.1,1207.7,1208.0,1181.3,465185,559772903.7,14336
2026-09-18,INE0SI601032,ANYA,SM,15.0,18.3,15.0,17.85,18.3,15.25,155000,2579750.0,27
2026-09-18,INF1J2R01114,AONEGOLD,EQ,14.28,14.33,14.15,14.3,14.27,14.04,691851,9885296.28,1765
2026-09-18,INF1J2R01056,AONELIQUID,EQ,1077.55,1077.59,1077.55,1077.58,1077.57,1077.17,55374,59670317.62,73
2026-09-18,INF1J2R01064,AONENIFTY,EQ,9.38,9.82,9.38,9.65,9.66,9.63,163521,1577192.43,1002
2026-09-18,INF1J2R01171,AONESILVER,EQ,8.95,8.99,8.79,8.96,8.97,8.66,807684,7181551.78,1222
2026-09-18,INF1J2R01148,AONETMMQ50,EQ,9.92,10.24,9.92,10.19,10.15,10.12,109369,1113839.23,264
2026-09-18,INF1J2R01015,AONETOTAL,EQ,11.39,11.83,11.39,11.68,11.65,11.62,71974,839361.27,823
2026-09-18,INE372A01015,APARINDS,EQ,17800.0,19080.0,17745.0,18858.0,18791.0,17801.0,271798,5027847551.0,72422
2026-09-18,INE116A01032,APCOTEXIND,EQ,598.4,612.85,596.1,604.85,609.0,599.4,77596,47078881.75,4293
2026-09-18,INE0T4V01015,APEXECO,ST,257.0,262.5,252.5,262.5,262.5,250.0,17600,4588840.0,20
2026-09-18,INE346W01013,APEX,EQ,351.2,354.1,342.0,345.35,345.75,350.95,103075,35647363.75,4301
2026-09-18,INE702C01027,APLAPOLLO,EQ,2154.9,2270.1,2146.3,2270.1,2270.1,2148.5,1115754,2462755690.3,40097
2026-09-18,INE0TLC07069,930APMD29,N0,103500.0,103600.0,103400.0,103600.0,103600.0,103500.0,35,3620600.0,8
2026-09-18,INE437A01024,APOLLOHOSP,EQ,8800.0,8944.5,8798.0,8944.5,8944.5,8768.5,344265,3050091016.5,32846
2026-09-18,INE713T01028,APOLLO,EQ,380.2,391.8,368.5,370.7,370.7,378.25,9146349,3468387130.45,91156
2026-09-18,INE126J01016,APOLLOPIPE,EQ,525.05,549.5,522.35,543.6,541.0,525.85,313076,167267411.2,7727
2026-09-18,INE451F01024,APOLSINHOT,EQ,1212.1,1240.0,1211.0,1214.9,1213.1,1211.1,374,455298.7,46
2026-09-18,INE438A01022,APOLLOTYRE,EQ,414.75,418.75,407.9,409.3,408.15,412.15,2365364,969542692.35,46689
2026-09-18,INE217S01014,APOORVA,EQ,31.2,31.2,29.0,31.05,31.1,29.75,1516,47027.75,41
2026-09-18,INE0LQG01010,APRAMEYA,SM,113.95,113.95,113.95,113.95,113.95,113.45,500,56975.0,1
2026-09-18,INE0M2307388,915APSBC31,N0,104000.0,104000.0,104000.0,104000.0,104000.0,104000.0,1,104000.0,1
2026-09-18,INE1OOJ01011,APSISAERO,ST,564.85,564.85,564.85,564.85,564.85,576.35,13200,7456020.0,9
2026-09-18,INE266F01018,APTECHT,BE,87.67,92.05,87.01,92.05,92.05,87.67,85360,7751996.11,536
2026-09-18,INE852O01025,APTUS,EQ,239.2,243.6,233.12,237.68,236.69,239.16,3101354,734940951.99,38600
2026-09-18,INE416A01051,AQYLON,EQ,19.18,19.18,17.94,17.98,18.07,18.88,38267346,688048654.6,2528
2026-09-18,INE08NJ01024,ARABIAN,SM,85.0,89.5,85.0,85.5,85.5,82.0,6000,520000.0,3
2026-09-18,INE0YDV01010,ARCIIL,SM,34.95,36.75,34.5,34.5,34.5,34.95,8000,280300.0,5
2026-09-18,INE128X01021,ACI,EQ,463.65,473.0,458.0,467.15,465.15,462.4,327739,152851729.0,18379
2026-09-18,INE0CHO01012,ADL,EQ,75.4,75.4,70.0,70.06,70.0,72.03,261,18380.28,26
2026-09-18,INE877I01016,ARCHIDPLY,EQ,102.24,105.5,102.21,104.8,105.0,101.48,14610,1527990.0,243
2026-09-18,INE731A01020,ARCHIES,EQ,12.4,12.4,12.01,12.29,12.21,12.25,10999,134719.79,138
2026-09-18,INE372M01010,ARCL,EQ,260.46,272.98,250.0,262.0,262.0,260.57,3408,877388.12,70
2026-09-18,INE0XNF01022,ARDEE,EQ,49.0,49.52,48.36,49.28,49.1,48.97,1819919,89188168.02,8273
2026-09-18,INE784R01023,ARFIN,EQ,87.91,94.23,87.88,89.62,89.5,87.88,2628465,240908238.7,16915
2026-09-18,INE0L2Y01011,ARHAM,SM,206.05,209.95,205.55,208.0,207.0,209.35,11000,2278550.0,11
2026-09-18,INE298I01015,ARIES,BE,471.65,488.05,465.15,472.05,473.5,477.6,7855,3742510.1,171
2026-09-18,INE0NCC01015,ARIHANTACA,SM,500.0,500.0,500.0,500.0,500.0,500.0,3200,1600000.0,5
2026-09-18,INE420B01036,ARIHANTCAP,EQ,80.71,81.99,79.31,80.29,80.6,81.21,109582,8780456.16,1386
2026-09-18,INE413D01011,ARIHANT,EQ,900.0,947.4,900.0,936.35,903.1,896.7,2240,2074967.9,434
2026-09-18,INE643K01018,ARIHANTSUP,EQ,231.0,231.0,222.0,227.2,229.8,228.95,4595,1036098.0,113
2026-09-18,INE0H9P01028,ARIS,EQ,129.6,136.5,129.1,133.33,133.3,127.27,3619098,485959106.7,28219
2026-09-18,INE0QRL01017,ARKADE,EQ,117.0,122.0,117.0,118.85,118.5,117.22,162908,19420175.69,2479
2026-09-18,INE109C01017,ARMANFIN,EQ,1939.7,1976.0,1938.9,1961.0,1960.0,1956.4,11273,22109809.5,2414
2026-09-18,INE0TZX01019,ARMOUR,ST,16.2,16.2,15.8,15.85,15.85,16.6,16000,254600.0,8
2026-09-18,INE210C01013,AROGRANITE,EQ,23.22,23.69,23.15,23.15,23.15,23.1,673,15611.55,18
2026-09-18,INE570D01018,ARROWGREEN,EQ,899.0,924.0,877.9,889.25,887.0,902.5,50512,45492818.05,3043
2026-09-18,INE968D01022,ARSHIYA,BZ,0.74,0.74,0.71,0.71,0.72,0.74,315671,224371.14,97
2026-09-18,INE738V01013,ARTNIRMAN,EQ,40.78,40.78,39.0,39.0,39.0,40.57,14,561.97,5
2026-09-18,INE757T01025,AEPL,EQ,15.7,16.5,15.7,15.92,15.91,15.78,15668,252252.55,147
2026-09-18,INE025R01021,ARTEMISMED,EQ,334.15,344.95,332.5,338.5,338.6,330.85,335686,114159221.9,11217
2026-09-18,INE006Z01016,ARVEE,EQ,168.1,176.5,168.1,174.06,173.42,172.08,791,138371.45,28
2026-09-18,INE955V01021,ARVINDFASN,EQ,429.0,433.35,422.0,428.1,430.3,425.05,132261,56568226.2,8713
2026-09-18,INE034A01011,ARVIND,EQ,543.2,554.8,542.4,552.6,548.35,541.6,627060,344875895.0,24969
2026-09-18,INE0P4T01013,ARVINDPORT,SM,37.8,37.8,36.4,37.0,36.5,39.6,12000,444975.0,8
2026-09-18,INE034S01021,ARVSMART,EQ,553.45,562.8,540.35,550.1,560.0,553.45,118593,65341103.85,3688
2026-09-18,INE032E01017,ARYAMAN,EQ,634.0,634.0,625.0,629.25,633.5,610.0,138,87444.5,78
2026-09-18,INE439A01020,ASAHIINDIA,EQ,950.7,968.0,950.7,961.05,960.0,950.7,98471,94605387.85,10504
2026-09-18,INE228I01012,ASAHISONG,BE,365.3,380.0,362.05,372.8,373.0,365.15,9338,3491783.95,187
2026-09-18,INE348A01023,ASHAPURMIN,EQ,522.0,527.25,517.0,525.35,525.0,517.6,170804,89364445.2,6928
2026-09-18,INE365D01021,ASHIANA,EQ,351.0,366.7,350.0,354.75,357.3,351.45,53770,19222534.45,1228
2026-09-18,INE094B01013,ASHIKAG,BE,409.7,418.0,401.15,409.65,402.0,408.3,12384,5027975.45,139
2026-09-18,INE440A01010,ASHIMASYN,EQ,16.25,16.4,15.4,15.65,15.57,16.12,194419,3059827.71,646
2026-09-18,INE208A01029,ASHOKLEY,EQ,159.1,163.12,158.51,163.0,163.0,158.62,17546400,2843599602.19,56501
2026-09-18,INE442H01029,ASHOKA,EQ,108.8,114.54,108.2,113.43,114.35,108.8,780308,87374887.31,7885
2026-09-18,INE760Y01011,ASHOKAMET,EQ,14.81,15.25,14.54,15.1,15.1,14.6,58651,879070.76,400
2026-09-18,INE19FR01012,ASHUTOSH,ST,146.7,156.0,146.7,156.0,156.0,148.6,160800,24907260.0,120
2026-09-18,INE1A6Q01010,ASHWINI,SM,167.5,168.0,162.0,163.6,162.5,167.5,7000,1153500.0,7
2026-09-18,INE276G01015,ASIANENE,EQ,490.1,502.0,478.5,492.25,490.1,486.2,232493,113794188.7,9260
2026-09-18,INE022I01019,ASIANTILES,EQ,49.97,51.29,49.21,50.65,50.8,49.97,2493341,125286881.11,7043
2026-09-18,INE926K01017,AHLEAST,EQ,135.12,139.71,132.01,135.59,135.85,134.97,5283,705446.53,52
2026-09-18,INE363A01022,ASIANHOTNR,EQ,376.9,385.0,371.0,374.9,375.0,375.8,25728,9671554.2,434
2026-09-18,INE915K01010,AHLWEST,BE,551.95,551.95,542.3,544.25,544.25,551.95,511,279408.25,13
2026-09-18,INE021A01026,ASIANPAINT,EQ,2455.7,2474.0,2438.0,2451.3,2451.3,2454.0,1000730,2454984278.0,50142
2026-09-18,INE194D01017,ASTAR,EQ,807.3,807.35,760.35,807.35,807.35,672.8,13851,11126141.65,699
2026-09-18,INE822B01017,ASIANTNE,EQ,9.53,9.78,9.2,9.28,9.28,9.34,8933,82933.73,52
2026-09-18,INE491J01022,ASKAUTOLTD,EQ,620.0,659.8,620.0,656.25,657.0,618.9,515555,333597795.35,26418
2026-09-18,INE991I01015,ASPINWALL,EQ,253.5,255.0,250.1,251.55,251.55,255.0,636,160331.25,29
2026-09-18,INE0S7801010,ASPIRE,SM,12.45,12.45,12.45,12.45,12.45,12.45,2000,24900.0,1
2026-09-18,INE961U07010,1050ASPL27,N0,6501.0,6501.0,6501.0,6501.0,6501.0,8000.0,1,6501.0,1
2026-09-18,INE165G01010,ASSAMENT,EQ,780.0,780.0,780.0,780.0,780.0,780.0,1,780.0,1
2026-09-18,INE148G01016,ARCIL,EQ,135.55,138.7,124.5,136.37,136.0,137.02,6345147,844756426.65,76369
2026-09-18,INE073G01016,ASALCBR,EQ,658.05,666.0,649.05,659.55,656.0,656.95,20148,13199565.55,2443
2026-09-18,INE563J01010,ASTEC,EQ,760.0,767.6,717.45,726.7,720.5,755.15,101375,74085102.05,5696
2026-09-18,INE914M01019,ASTERDM,EQ,761.1,769.6,747.0,755.05,753.2,760.65,1616337,1222871139.15,29348
2026-09-18,INE386C01029,ASTRAMICRO,EQ,1611.0,1650.6,1611.0,1631.2,1641.0,1607.8,199551,324690244.7,17381
2026-09-18,INE006I01046,ASTRAL,EQ,1400.0,1427.7,1397.5,1427.7,1427.7,1398.9,1389183,1960852747.3,46516
2026-09-18,INE203A01020,ASTRAZEN,EQ,6678.0,6769.0,6678.0,6751.5,6720.0,6669.0,4635,31227801.0,1152
2026-09-18,INE646X01014,ASTRON,BZ,2.99,3.0,2.89,2.96,2.98,2.97,6523,19424.33,33
2026-09-18,INE0ALR01029,ATALREAL,EQ,14.29,16.02,14.29,14.36,14.29,15.87,18623657,277011625.33,25139
2026-09-18,INE09KD01013,ATAM,EQ,60.0,60.0,56.2,57.58,57.02,59.29,15055,869368.13,366
2026-09-18,INE0V0Q01019,ATCENERGY,ST,20.75,21.5,20.65,21.5,21.5,21.0,8400,177120.0,5
2026-09-18,INE0LEZ01016,ATHERENERG,EQ,1550.0,1640.0,1548.1,1640.0,1640.0,1550.0,5010015,8030179830.4,101482
2026-09-18,IN90NN701011,ATLPP,E1,8.91,9.45,8.8,9.06,8.84,8.95,1412,12592.05,18
2026-09-18,INE0Z4F01028,ATLANTAELE,EQ,1641.8,1699.9,1637.9,1666.1,1677.0,1633.3,104958,174986703.3,12187
2026-09-18,INE285H01022,ATLANTAA,EQ,36.21,37.6,35.4,36.04,35.92,36.21,24208,875419.52,846
2026-09-18,INE446A01025,ATLASCYCLE,EQ,89.05,89.14,87.6,88.19,88.8,89.76,16554,1462048.47,1075
2026-09-18,INE05DH01017,ATMASTCO,SM,130.0,131.9,128.0,128.35,128.0,128.5,7600,988560.0,15
2026-09-18,INE951D01028,ATULAUTO,EQ,441.65,453.0,441.65,446.45,447.5,441.4,52416,23386132.75,2887
2026-09-18,INE100A01010,ATUL,EQ,6133.5,6201.0,6110.5,6170.5,6146.0,6133.5,21266,131022009.0,4263
2026-09-18,INE949L01017,AUBANK,EQ,1040.5,1058.6,1033.3,1058.6,1058.6,1039.3,1251837,1306893139.8,28229
2026-09-18,INE16W401027,AUGMONT,EQ,815.0,884.0,813.0,874.35,875.0,811.1,898791,771656462.35,33798
2026-09-18,INE132H01018,AURIONPRO,EQ,702.0,704.4,680.7,685.6,688.0,705.0,183275,126293379.3,9511
2026-09-18,INE0NUL01018,AUROIMPEX,SM,33.75,33.75,33.75,33.75,33.75,32.15,8000,270000.0,5
2026-09-18,INE406A01037,AUROPHARMA,EQ,1683.2,1734.0,1676.1,1734.0,1734.0,1690.0,1209478,2053085900.8,30644
2026-09-18,INE898S01029,AURUM,EQ,222.5,222.5,218.47,219.78,221.0,221.11,149650,32912237.19,1180
2026-09-18,INE142K01011,AURUS,EQ,4.72,4.96,4.72,4.87,4.78,4.72,15310,74753.12,70
2026-09-18,INE218C01016,AUSOMENT,EQ,148.11,154.0,146.95,152.15,148.19,149.23,9808,1481667.66,161
2026-09-18,INE759F01012,AUSTENG,EQ,130.0,137.0,130.0,131.41,131.6,127.71,2596,342938.92,105
2026-09-18,INE0P0001010,APS,SM,225.1,234.6,225.1,230.5,230.5,230.05,10250,2375112.5,34
2026-09-18,INE206F01022,AIIL,EQ,531.95,562.0,527.5,559.0,561.0,527.2,762508,421392813.65,25530
2026-09-18,INE718H01014,AUTOIND,EQ,79.4,79.41,77.37,78.34,78.1,78.1,88494,6935657.65,1090
2026-09-18,INE451C01013,ACGL,EQ,1798.0,1836.9,1725.1,1737.2,1750.0,1774.0,1004,1774024.5,215
2026-09-18,INE449A01011,AUTOAXLES,EQ,1687.3,1712.9,1661.4,1701.2,1705.0,1679.4,4894,8293731.0,515
2026-09-18,INE900C01027,ASAL,EQ,446.8,452.5,444.6,449.7,447.5,445.85,7762,3476706.35,335
2026-09-18,INE349W01017,AVADHSUGAR,EQ,721.0,739.6,708.0,730.45,735.95,721.0,74170,53523138.9,3919
2026-09-18,INE0LCL01028,AVALON,EQ,2236.2,2618.0,2218.3,2537.7,2602.0,2230.0,4310981,10671810791.2,245026
2026-09-18,INE1KU201016,AVANA,ST,140.0,140.0,139.0,140.0,140.0,137.0,10000,1397900.0,5
2026-09-18,INE758A01072,AVANCE,EQ,0.78,0.83,0.77,0.8,0.81,0.78,2535570,2032094.89,1469
2026-09-18,INE005B01027,AVANTEL,EQ,146.37,148.53,146.3,147.23,147.6,146.37,619077,91192916.0,8865
2026-09-18,INE871C01038,AVANTIFEED,EQ,772.0,778.35,754.0,774.45,773.0,770.85,318512,244346347.7,21382
2026-09-18,INE617I01024,AVATAR,ST,207.55,229.35,207.55,208.15,207.55,218.45,26000,5486900.0,13
2026-09-18,INE192R01011,DMART,EQ,3711.1,3755.8,3680.0,3749.9,3749.9,3711.2,881497,3275303215.8,31216
2026-09-18,INE483S01020,CCAVENUE,EQ,16.39,16.64,15.99,16.08,16.09,16.32,15304318,248638319.45,24196
2026-09-18,INE680Z01018,AVG,BE,170.5,173.9,168.3,170.11,170.0,170.5,2793,479601.3,49
2026-09-18,INE0TFB01017,AVIANSH,SM,103.0,103.0,103.0,103.0,103.0,102.5,1000,103000.0,1
2026-09-18,INE0V9I01017,AVIENCE,SM,334.0,343.0,331.5,342.4,343.0,334.8,13800,4667820.0,21
2026-09-18,INE855F01042,ASMS,BE,6.79,6.8,6.62,6.66,6.69,6.7,166356,1112009.3,295
2026-09-18,INE323B01024,AVONMORE,EQ,12.2,12.5,12.09,12.46,12.35,12.02,98361,1210170.85,1100
2026-09-18,INE0R9401019,AVPINFRA,SM,60.0,60.0,57.25,57.5,57.35,57.8,13600,788120.0,15
2026-09-18,INE652Z01025,AVROIND,EQ,7.9,8.1,7.66,7.94,7.96,7.84,153863,1212065.52,519
2026-09-18,INE488D01021,AVTNPL,EQ,85.5,86.78,85.5,85.7,85.99,85.45,59925,5152079.04,927
2026-09-18,INE108V01019,AWFIS,EQ,264.7,279.0,263.5,275.75,277.5,264.7,539359,146272788.5,11735
2026-09-18,INE699H01024,AWL,EQ,184.04,187.55,183.49,186.98,187.05,184.04,2593357,483175925.75,23194
2026-09-18,INE238A01034,AXISBANK,EQ,1244.0,1257.0,1240.5,1257.0,1257.0,1240.0,5693016,7113514130.8,106154
2026-09-18,INF846KA1598,ENERGYAXIS,EQ,18.94,19.19,18.75,18.96,19.14,18.76,10923,206172.88,46
2026-09-18,INF846K01X63,BNKETFAXIS,EQ,580.87,582.38,578.96,581.87,582.38,580.22,772,448295.1,25
2026-09-18,INF846K016C7,CONSUMAXIS,EQ,118.43,118.6,117.73,118.57,118.57,118.06,851,100435.16,17
2026-09-18,INF846K01W80,GOLDAXIS,EQ,126.6,128.16,126.42,127.67,127.65,125.24,2006311,255826401.66,3615
2026-09-18,INF846K01Z12,HEALTHAXIS,EQ,168.49,169.9,168.36,169.67,169.44,167.94,1483,250466.99,68
2026-09-18,INF846K01Y96,ITAXIS,EQ,323.98,323.98,315.39,316.58,315.5,320.02,2163,684683.87,66
2026-09-18,INF846K01W98,NIFTYAXIS,EQ,258.96,259.39,258.09,259.23,259.33,258.41,8771,2270227.09,152
2026-09-18,INF846K010Q0,SENSEXAXIS,EQ,76.38,77.68,76.38,77.23,76.7,77.44,3257,251845.34,51
2026-09-18,INF846K011K1,SILVERAXIS,EQ,230.05,233.79,230.03,232.82,232.62,225.27,1004472,233244432.78,4363
2026-09-18,INF846KA1119,VALUEAXIS,EQ,32.1,32.25,32.0,32.13,32.25,32.03,39037,1254146.85,214
2026-09-18,INE555B01013,AXISCADES,EQ,1872.0,1879.0,1785.7,1811.2,1807.0,1852.3,286095,525651354.4,21747
2026-09-18,INE02EZ01022,AXITA,EQ,8.02,8.02,7.96,7.99,8.01,7.99,327258,2617341.32,569
2026-09-18,INE767C01012,AXTEL,EQ,444.25,444.25,431.5,440.05,440.0,443.65,7910,3481103.0,190
2026-09-18,INE501X01029,AYE,EQ,181.64,188.52,180.0,185.72,186.15,180.98,854592,158586643.61,19876
2026-09-18,INE193B01039,AYMSYNTEX,EQ,280.05,286.8,278.4,283.15,279.9,281.95,33688,9490915.9,1233
2026-09-18,INE02IJ01035,AZAD,EQ,2605.3,2816.0,2605.3,2790.3,2777.0,2605.3,700873,1924648809.2,51866
2026-09-18,INE566M01017,AZADIND,EQ,85.04,88.49,80.34,82.18,82.54,85.07,36707,3119285.8,708
2026-09-18,INE489D01011,BNALTD,BE,365.0,365.0,365.0,365.0,365.0,370.0,1,365.0,1
2026-09-18,INE01EE01011,BBTCL,EQ,235.89,235.89,227.0,230.53,231.98,230.63,509,118331.43,33
2026-09-18,INE116D01028,BAGFILMS,EQ,4.4,4.56,4.3,4.35,4.43,4.32,58850,257923.69,129
2026-09-18,INE350H01032,BLKASHYAP,EQ,52.55,54.0,52.1,52.74,52.68,52.87,424616,22544421.18,2355
2026-09-18,INE01FR01028,STYLEBAAZA,EQ,385.0,394.0,380.35,386.75,387.55,388.05,591675,229228219.7,11305
2026-09-18,INE0QW501012,BABAFP,SM,22.75,23.1,22.75,23.1,23.1,23.95,3200,73360.0,2
2026-09-18,INE878I01022,BAFNAPH,BE,317.2,317.2,317.2,317.2,317.2,311.0,6714,2129680.8,19
2026-09-18,INE2OVN25015,BAGMANE,RR,110.29,110.69,106.98,107.49,108.3,109.89,5292708,571228160.86,21568
2026-09-18,INE029Q01017,BAHETI,SM,750.0,783.0,750.0,776.1,773.25,743.8,22500,17139187.5,47
2026-09-18,INE020D01022,BAIDFIN,EQ,10.69,11.43,10.45,10.89,10.86,10.55,238710,2635455.52,823
2026-09-18,INE917I01010,BAJAJ-AUTO,EQ,11501.0,11540.0,11406.0,11414.0,11414.0,11500.0,296757,3397066117.0,32564
2026-09-18,INE933K01021,BAJAJCON,EQ,500.0,524.95,495.45,512.15,515.0,502.45,942030,484593929.55,27335
2026-09-18,INE193E01025,BAJAJELEC,EQ,323.3,329.25,321.0,323.05,323.7,325.3,113896,36831429.95,3841
2026-09-18,INE296A01032,BAJFINANCE,EQ,1025.9,1040.3,1019.1,1040.3,1040.3,1015.0,8201656,8451481033.3,121018
2026-09-18,INE918I01026,BAJAJFINSV,EQ,1857.2,1872.6,1852.5,1852.5,1852.5,1859.2,719520,1338028274.7,33704
2026-09-18,INE411U01027,BAJAJHCARE,EQ,329.0,332.65,326.5,330.55,330.0,328.35,42148,13876927.95,1700
2026-09-18,INE306A01021,BAJAJHIND,EQ,19.38,19.8,19.01,19.53,19.6,19.38,14869475,286432354.04,15961
2026-09-18,INE118A01012,BAJAJHLDNG,EQ,11094.0,11363.0,11070.0,11282.0,11282.0,11010.0,56100,631248532.0,12744
2026-09-18,INE377Y01014,BAJAJHFL,EQ,82.83,86.45,82.71,85.58,85.65,82.7,5168608,437512607.81,28378
2026-09-18,INE704G01024,BAJAJST,EQ,358.65,358.8,348.8,352.2,352.8,353.45,4283,1508863.25,393
2026-09-18,INE0KQN01018,BAJEL,EQ,173.0,175.89,170.1,171.91,170.65,173.08,153833,26589860.28,2157
2026-09-18,INE083D01012,BALPHARMA,EQ,102.88,103.94,100.1,100.67,100.21,102.46,24581,2495765.24,444
2026-09-18,INE050E01027,BALAMINES,EQ,2155.0,2196.8,2142.1,2171.5,2169.0,2148.9,97030,210956024.9,10157
2026-09-18,INE0PQ601019,BALAJIPHOS,SM,116.95,116.95,116.95,116.95,116.95,116.95,1000,116950.0,1
2026-09-18,INE794B01026,BALAJITELE,EQ,95.33,96.99,93.6,95.25,96.8,95.97,146529,14000458.54,1908
2026-09-18,INE618N01022,BALAXI,EQ,22.7,23.6,22.7,23.55,23.41,23.04,17900,419545.4,130
2026-09-18,INE787D01026,BALKRISIND,EQ,2170.7,2296.0,2166.0,2265.3,2276.9,2170.8,616772,1386028178.5,53578
2026-09-18,INE875R01011,BALKRISHNA,EQ,16.66,16.93,16.31,16.43,16.74,16.66,8085,133286.69,85
2026-09-18,INE164A01016,BALMLAWRIE,EQ,163.5,169.0,162.84,167.41,168.01,162.47,149297,24691927.39,1842
2026-09-18,INE525F01025,BLIL,EQ,67.7,68.48,66.97,67.1,67.33,67.62,110370,7446672.6,1631
2026-09-18,INE119A01028,BALRAMCHIN,EQ,676.6,679.9,662.0,672.6,677.0,675.7,1086980,728164187.85,24381
2026-09-18,INE011E01029,BALUFORGE,EQ,504.0,525.8,504.0,522.15,523.75,501.6,1043655,541052444.85,27152
2026-09-18,INE655B01011,BANARBEADS,EQ,110.85,114.2,110.85,113.05,113.5,110.54,790,88988.69,51
2026-09-18,INE213C01025,BANCOINDIA,EQ,596.0,608.65,596.0,604.0,603.9,593.05,92889,56102720.2,5902
2026-09-18,INE545U01014,BANDHANBNK,EQ,173.0,178.3,172.5,175.0,175.0,171.5,20360613,3594877836.51,69527
2026-09-18,INF194KB1KJ7,GOLDBND,EQ,153.56,154.0,150.71,153.21,153.09,150.55,44050,6723609.25,308
2026-09-18,INF194KA1U07,IDFNIFTYET,EQ,258.31,259.0,255.75,259.0,259.0,257.03,363,93493.7,25
2026-09-18,INF194KB1KI9,SILVERBND,EQ,232.19,236.0,231.56,235.48,236.0,227.01,25507,5978711.38,193
2026-09-18,INE863I01016,BANG,EQ,33.85,34.85,33.26,33.5,33.4,33.19,35579,1205130.08,236
2026-09-18,INE028A01039,BANKBARODA,EQ,233.56,234.94,231.92,234.94,234.94,232.3,7110561,1660468672.45,37155
2026-09-18,INE084A01016,BANKINDIA,EQ,138.78,140.0,138.02,140.0,140.0,138.17,4269930,594297753.49,22262
2026-09-18,INE457A01014,MAHABANK,EQ,81.6,83.54,81.13,83.54,83.54,80.8,18030197,1491342127.53,41670
2026-09-18,INE862Y01015,BANKA,EQ,77.2,81.0,75.6,79.96,81.0,77.2,1630,126147.04,28
2026-09-18,INE186H01022,BASML,BE,24.15,24.15,23.25,23.47,23.35,23.78,18457,436636.23,95
2026-09-18,INE459A01010,BANARISUG,EQ,3290.9,3329.4,3290.9,3316.7,3315.0,3302.8,629,2086395.4,127
2026-09-18,INE0B9K01025,BANSALWIRE,EQ,310.4,320.0,306.3,310.6,315.0,313.25,81678,25529702.45,3678
2026-09-18,INE629D01020,BANSWRAS,EQ,111.95,112.1,105.99,108.49,110.5,110.32,57722,6254390.23,1165
2026-09-18,INE139I01011,BVCL,EQ,40.69,41.3,40.5,40.76,40.76,40.89,7122,290451.43,128
2026-09-18,INE0QX401014,BARFLEX,SM,60.9,62.0,60.0,62.0,62.0,59.85,12000,729700.0,6
2026-09-18,INF251K01TL6,BBNPNBETF,EQ,55.49,57.02,55.49,56.75,56.75,56.62,372,20968.45,21
2026-09-18,INF251K01SU9,BBNPPGOLD,EQ,148.7,148.7,145.0,147.95,147.85,145.45,5669,831909.9,56
2026-09-18,INE373A01013,BASF,EQ,3617.0,3641.6,3566.5,3605.7,3608.0,3601.6,35931,129181639.7,4647
2026-09-18,INE0OCC01013,BASILIC,SM,179.0,188.0,173.65,178.1,174.0,179.35,14100,2541300.0,33
2026-09-18,INE176A01028,BATAINDIA,EQ,639.95,656.0,624.9,638.3,646.1,636.65,1089830,693472947.0,25782
2026-09-18,INE177C01022,BATLIBOI,EQ,81.8,81.89,78.11,81.09,81.4,78.73,54989,4381493.14,1797
2026-09-18,INE0JFJ01011,BAWEJA,SM,23.5,23.95,22.0,22.1,22.1,23.0,11200,252600.0,14
2026-09-18,INE462A01022,BAYERCROP,EQ,3891.0,3899.1,3761.1,3779.5,3771.0,3893.4,87483,333910525.3,14367
2026-09-18,INE412G01024,BCLIND,EQ,33.12,33.39,32.63,33.06,33.0,33.17,347328,11456882.54,2459
2026-09-18,INE00SW01015,BCPL,EQ,68.95,68.95,65.81,66.92,67.34,67.63,10426,694149.25,344
2026-09-18,INE639X01027,BEACON,SM,78.0,81.0,78.0,81.0,81.0,78.0,4000,315100.0,4
2026-09-18,INE520H01022,BEARDSELL,EQ,24.95,24.95,23.56,23.87,24.5,24.23,11453,276706.72,277
2026-09-18,INE844K01012,BEDMUTHA,EQ,104.98,106.0,102.5,104.74,104.4,104.98,2278,239938.82,31
2026-09-18,INE213D01015,BEEKAY,EQ,421.25,439.35,420.3,430.05,430.0,426.55,1478,633970.25,101
2026-09-18,INE1EEM01017,BLEL,EQ,437.9,444.3,434.2,440.4,441.0,436.1,370777,162435652.5,7821
2026-09-18,INE344T01014,BELLACASA,EQ,259.0,263.23,250.35,262.53,262.5,255.25,9510,2455132.19,738
2026-09-18,INE894V01022,BELRISE,EQ,230.15,242.89,229.62,240.18,242.5,229.37,10829670,2581026993.6,71874
2026-09-18,INE0N7W01012,BLAL,EQ,162.47,164.99,160.01,162.99,163.3,162.37,20633,3348480.36,510
2026-09-18,INE258A01024,BEML,EQ,2030.4,2155.0,2030.4,2135.0,2134.5,2013.3,1380251,2894856554.4,89759
2026-09-18,INE664D01019,BENARAS,EQ,10612.0,10700.0,10551.0,10588.0,10625.0,10800.0,37,394875.0,8
2026-09-18,INE083K01017,BENGALASM,EQ,6213.0,6241.5,6195.0,6199.5,6196.0,6212.5,151,938205.5,79
2026-09-18,INE463A01038,BERGEPAINT,EQ,449.95,461.8,448.6,458.65,458.0,448.6,1220340,557435283.0,41012
2026-09-18,INE052T01021,BESTAGRO,EQ,18.61,18.7,18.25,18.51,18.5,18.42,285469,5292532.51,1548
2026-09-18,INE351Y01019,BETA,EQ,2095.2,2147.9,2025.0,2055.2,2065.0,2095.0,14462,30146986.5,1961
2026-09-18,INE0HQI01014,BEWLTD,SM,49.0,50.5,49.0,49.15,50.0,48.6,56000,2781400.0,63
2026-09-18,INE878K01010,BFINVEST,EQ,437.35,452.4,436.35,445.25,445.7,438.95,25663,11424716.85,1391
2026-09-18,INE243D01012,BFUTILITIE,EQ,523.95,564.75,523.95,542.0,537.0,521.05,206053,112509750.35,8008
2026-09-18,INF0QA701CI0,BANK10BETF,EQ,20.22,20.52,20.22,20.47,20.44,20.27,6250,127511.6,19
2026-09-18,INF0QA701714,BANKBETF,EQ,55.96,57.5,55.96,57.3,57.15,57.1,6890,393574.01,218
2026-09-18,INF0QA701854,LIQUIDBETF,EQ,1099.5,1099.5,1099.48,1099.49,1099.49,1099.06,477228,524707534.22,163
2026-09-18,INF0QA701722,NIFTYBETF,EQ,240.7,241.19,239.23,240.79,240.95,240.35,3374,810934.05,104
2026-09-18,INE661I01014,BGRENERGY,BE,251.0,255.62,251.0,255.62,255.62,243.45,60331,15361727.92,378
2026-09-18,INE0ZRC01017,BHADORA,ST,115.0,123.55,115.0,122.9,122.9,117.7,19200,2315040.0,16
2026-09-18,INE354C01027,BHAGERIA,BE,334.75,334.75,325.0,334.75,334.75,318.85,62603,20928094.7,385
2026-09-18,INE414D01027,BHAGCHEM,EQ,246.8,251.95,245.1,246.85,246.0,247.95,146748,36533086.75,1250
2026-09-18,INE458B01036,BHAGYANGR,EQ,465.0,467.9,438.0,446.7,447.0,446.5,329482,149328647.35,11031
2026-09-18,INE474E01029,BHANDARI,EQ,2.96,3.03,2.96,2.99,2.98,2.98,92258,275382.44,241
2026-09-18,INE922A01025,BEPL,EQ,127.56,130.3,126.62,128.95,128.36,127.47,834218,107250558.68,6728
2026-09-18,INE464A01036,BBL,EQ,2180.3,2219.0,2180.3,2207.9,2219.0,2203.4,15471,34053820.5,3285
2026-09-18,INE05XR01022,BHARATCOAL,EQ,32.24,32.95,32.2,32.69,32.85,32.14,3195446,103748597.42,13133
2026-09-18,INE171Z01026,BDL,EQ,1151.9,1196.6,1151.0,1196.6,1196.6,1151.9,741593,868669119.6,25146
2026-09-18,INE263A01024,BEL,EQ,397.4,399.2,393.3,393.3,393.3,395.45,11862641,4707723128.95,99011
2026-09-18,INE465A01025,BHARATFORG,EQ,1940.1,1994.9,1940.1,1962.1,1962.1,1918.7,1602315,3168274166.8,59994
2026-09-18,INE561C01019,BHARATGEAR,BE,100.2,102.4,100.15,100.51,100.46,101.3,6382,642930.62,109
2026-09-18,INE365Y01019,BPLPHARMA,EQ,1541.2,1564.0,1499.9,1509.7,1500.0,1534.0,843,1292749.2,141
2026-09-18,INE029A01011,BPCL,EQ,308.55,314.2,308.25,314.0,314.0,307.0,9439555,2948502892.7,59458
2026-09-18,INE838B01021,BHARATRAS,EQ,1169.5,1182.1,1155.0,1168.8,1164.4,1164.0,11371,13321172.8,1529
2026-09-18,INE727S01012,BRNL,EQ,16.41,16.75,16.03,16.25,16.62,16.41,29263,477592.92,302
2026-09-18,INE415D01024,BHARATSE,EQ,210.72,215.82,210.26,214.02,214.0,209.22,96601,20603262.45,4512
2026-09-18,INE316L01019,BHARATWIRE,EQ,173.06,174.18,169.97,173.05,172.0,171.69,72882,12538752.4,1927
2026-09-18,INE397D01024,BHARTIARTL,EQ,1843.0,1893.3,1835.3,1893.3,1893.3,1836.0,14189780,26593041077.6,75788
2026-09-18,INE343G01021,BHARTIHEXA,EQ,1482.0,1558.9,1477.8,1540.1,1540.0,1481.1,307475,468605180.8,28580
2026-09-18,INE828A01016,BIL,EQ,1044.4,1079.9,1012.3,1040.85,1057.0,1023.45,9486,9950185.35,892
2026-09-18,INE257A01026,BHEL,EQ,428.4,439.9,427.25,439.9,439.9,429.2,7669374,3329523518.15,56329
2026-09-18,INE274K01012,BTTL,BE,41.5,41.5,39.1,39.64,39.29,41.15,2293,91770.69,32
2026-09-18,INE412U01025,BIGBLOC,EQ,39.8,40.92,39.8,40.4,40.5,39.45,25873,1040330.9,341
2026-09-18,INE00E101023,BIKAJI,EQ,553.0,592.0,550.4,580.25,576.2,552.65,153843,88437769.55,7876
2026-09-18,INE0SQH01013,BIKEWO,ST,114.0,116.6,112.0,116.0,116.6,112.2,86000,9866100.0,40
2026-09-18,INE071A01013,BILVYAPAR,BE,4.15,4.33,4.02,4.29,4.29,4.15,14009,59985.54,25
2026-09-18,INE986A01012,BI,BE,107.62,107.62,104.2,107.62,107.62,102.5,75195,8082760.81,223
2026-09-18,INE0HOQ01053,GROWW,EQ,189.0,195.5,185.7,191.76,193.0,187.44,73111303,13939144333.92,280736
2026-09-18,INE469A01019,BIMETAL,EQ,654.0,654.0,640.0,640.2,640.0,641.3,332,214141.85,21
2026-09-18,INE1BKA01015,BMLL,SM,155.5,157.0,155.5,157.0,157.0,152.05,20000,3125800.0,4
2026-09-18,INE376G01013,BIOCON,EQ,380.05,388.0,379.3,385.0,385.0,380.0,7901211,3038598344.9,26851
2026-09-18,INE829A01014,BIOFILCHEM,EQ,32.7,33.49,32.0,32.83,32.76,32.86,16681,547295.11,473
2026-09-18,INE0XW001014,BIOPOL,SM,46.9,46.9,45.5,45.75,45.5,46.9,10800,496440.0,9
2026-09-18,INE800A01015,BIRLACABLE,EQ,414.85,418.8,390.0,409.5,408.4,401.65,573898,234521702.15,15848
2026-09-18,INE340A01012,BIRLACORPN,EQ,815.0,842.15,804.8,823.6,821.0,811.15,124135,101844999.95,12615
2026-09-18,INE372E01025,BIRLAPREC,BE,58.49,58.6,56.16,57.08,57.0,58.6,71985,4128805.05,525
2026-09-18,INE557A01011,BIRLANU,EQ,1395.0,1400.0,1365.1,1380.1,1399.9,1381.1,5947,8192913.5,831
2026-09-18,INF209KC1134,ABGSEC,EQ,114.2,114.2,113.19,114.2,114.2,113.07,8,911.58,5
2026-09-18,INF209KC1670,ABSL10BANK,EQ,165.5,166.3,165.0,166.04,166.3,164.39,281,46518.44,9
2026-09-18,INF209KB17D5,ABSLBANETF,EQ,57.65,57.92,57.53,57.72,57.91,57.61,10671,615983.99,148
2026-09-18,INF209KB18T9,ABSLLIQUID,EQ,995.0,1004.94,995.0,1000.0,1000.01,1000.0,8812,8812066.52,56
2026-09-18,INF209KC1662,ABSLMSCIN,EQ,28.82,28.93,28.68,28.69,28.93,28.72,608,17459.32,11
2026-09-18,INF209KB16D7,ABSLNN50ET,EQ,74.81,75.99,73.87,75.87,75.99,74.81,7289,550129.32,187
2026-09-18,INF209KB10E8,BSLSENETFG,EQ,75.96,75.96,74.88,75.15,75.05,75.21,4943,370993.79,69
2026-09-18,INF209KB10C2,HEALTHY,EQ,17.43,17.43,17.01,17.14,17.15,17.01,168153,2877983.56,730
2026-09-18,INF209KB14K7,MOMENTUM,EQ,30.8,30.87,30.5,30.79,30.7,30.58,22891,704629.98,144
2026-09-18,INF209KB15K4,NIFTYQLITY,EQ,20.88,20.88,20.5,20.61,20.63,20.6,10693,220422.26,186
2026-09-18,INF209KB19F6,SILVER,EQ,231.24,234.88,231.05,233.88,233.95,226.36,1124622,262114216.87,9392
2026-09-18,INF209KB11D8,TECH,EQ,31.85,32.39,31.3,31.55,31.49,31.99,144353,4545599.16,678
2026-09-18,INF209KB19Z4,ABSLPSE,EQ,10.1,10.1,9.97,10.05,10.08,9.93,46993,470985.42,250
2026-09-18,INE836A01035,BSOFT,EQ,285.0,285.05,278.45,280.4,281.0,283.8,1305483,365864299.75,26401
2026-09-18,INE676A01027,BBOX,EQ,770.0,804.0,764.55,801.15,801.0,766.4,640804,507672358.45,31981
2026-09-18,INE761G01016,BLACKROSE,BE,103.2,107.65,102.8,106.41,107.4,103.21,14457,1505289.47,207
2026-09-18,INE0UIZ01018,BLACKBUCK,EQ,616.0,645.0,609.0,632.4,629.0,611.5,1667349,1055356312.85,55103
2026-09-18,INE791A01024,BLBLIMITED,EQ,16.29,16.29,15.86,16.0,15.86,15.99,122807,1966570.86,281
2026-09-18,INE416D01022,BLISSGVS,BE,690.75,701.0,675.0,681.85,684.85,690.65,168694,115959306.55,2418
2026-09-18,INE0NLT01010,BLSE,EQ,313.95,322.0,313.55,316.5,318.0,314.5,224022,71036610.3,4075
2026-09-18,INE153T01027,BLS,EQ,227.89,230.8,226.0,226.5,227.0,227.74,748096,170274260.45,12039
2026-09-18,INE373T01047,BLUECLOUDS,EQ,19.65,19.65,19.25,19.34,19.4,19.57,493433,9569611.38,1896
2026-09-18,INE472B01011,BLUECOAST,EQ,22.6,22.6,20.99,20.99,20.99,21.68,963,20727.39,19
2026-09-18,INE233B01017,BLUEDART,EQ,4810.5,4851.0,4770.0,4821.0,4811.0,4811.3,10165,48957592.0,3128
2026-09-18,INE0KBH01020,BLUEJET,EQ,570.45,577.85,567.0,575.25,574.3,568.2,207881,119049217.3,11766
2026-09-18,INE0SAK01011,BLUEPEBBLE,ST,80.0,80.0,80.0,80.0,80.0,78.9,400,32000.0,1
2026-09-18,INE472A01039,BLUESTARCO,EQ,1551.2,1571.5,1531.8,1531.8,1531.8,1553.0,798646,1242078494.0,47644
2026-09-18,INE0X3M01010,BLUEWATER,ST,483.0,483.0,472.0,475.0,475.0,464.25,6000,2865000.0,6
2026-09-18,INE304W01038,BLUESTONE,EQ,838.7,863.0,821.0,827.5,832.45,831.2,1018859,855723363.7,43281
2026-09-18,INE0U4101014,BLUSPRING,EQ,123.06,127.14,122.66,123.34,123.16,123.72,141114,17444260.64,1713
2026-09-18,INE965W01036,BMWVENTLTD,EQ,50.77,53.4,50.32,51.9,51.0,50.22,185490,9592515.1,1698
2026-09-18,INE00HZ01011,BNAGROCHEM,EQ,207.0,207.0,200.0,207.0,207.0,207.86,944,194029.9,23
2026-09-18,INE338D01028,BODALCHEM,EQ,184.99,191.23,184.05,191.23,191.23,182.13,1686113,319810081.38,9499
2026-09-18,INE0EEJ01023,BTML,EQ,7.49,7.49,7.14,7.25,7.23,7.25,704020,5200139.2,490
2026-09-18,INE802W01023,BOHRAIND,EQ,13.0,13.88,12.41,12.71,12.71,13.34,36792,469261.03,47
2026-09-18,INE050A01025,BBTC,EQ,1409.7,1534.2,1409.7,1512.1,1512.5,1399.4,2468226,3687137894.2,127160
2026-09-18,INE032A01023,BOMDYEING,EQ,108.0,112.9,108.0,111.3,110.98,107.55,1069497,118505007.84,10633
2026-09-18,INE0I3Y01014,BMETRICS,SM,32.85,34.0,32.85,34.0,34.0,32.85,1600,53480.0,2
2026-09-18,INE032Z01020,BSHSL,EQ,89.25,93.0,86.2,87.87,88.56,88.25,3480,306522.2,165
2026-09-18,INE906B07CB9,830NHAI27,N2,1003.75,1003.9,1002.6,1003.8,1003.8,1003.75,12094,12133389.81,88
2026-09-18,INE020B07HP8,846REC28,N6,1135.0,1135.0,1135.0,1135.0,1135.0,1125.0,150,170250.0,4
2026-09-18,INE053F07728,863IRFC29,NC,1115.0,1115.0,1115.0,1115.0,1115.0,1113.8,33,36795.0,3
2026-09-18,INE053F07686,865IRFC29,,1110.0,1110.0,1104.0,1104.0,1104.0,1102.65,39,43170.0,5
2026-09-18,INE020B07HS2,871REC28,N9,1127.0,1127.0,1127.0,1127.0,1127.0,1125.67,250,281750.0,1
2026-09-18,INE053F07744,888IRFC29,NE,1130.0,1130.0,1130.0,1130.0,1130.0,1130.0,3,3390.0,1
2026-09-18,INE557F07132,901NHB34,N6,6397.0,6400.0,6397.0,6400.0,6400.0,6400.0,55,351955.0,4
2026-09-18,INE020B07IG5,888REC29,NF,1157.0,1157.0,1150.0,1150.0,1150.0,1146.01,165,189885.0,5
2026-09-18,INE0B9A01018,BONLON,EQ,37.82,39.85,37.82,39.13,39.36,37.07,2577,100530.29,86
2026-09-18,INE16SF01016,BORANA,EQ,298.15,304.0,296.0,297.1,296.5,299.5,25153,7519871.45,758
2026-09-18,INE02PY01013,BOROLTD,EQ,256.25,263.1,252.6,259.21,260.0,253.4,133921,34425082.14,2717
2026-09-18,INE666D01022,BORORENEW,EQ,455.0,461.4,447.95,459.5,460.5,449.35,460974,209576395.7,16901
2026-09-18,INE02L001032,BOROSCI,EQ,118.29,121.8,117.0,119.56,120.0,118.29,21927,2609518.32,799
2026-09-18,INE782A01015,BOSCH-HCIL,EQ,1668.3,1705.0,1660.0,1694.0,1699.9,1668.3,36229,61347996.5,3123
2026-09-18,INE323A01026,BOSCHLTD,EQ,47850.0,48650.0,47000.0,47000.0,47000.0,47735.0,27389,1308818590.0,11767
2026-09-18,INE110A01019,BPL,EQ,46.5,46.8,45.5,45.79,45.75,45.85,13947,639081.37,379
2026-09-18,INE0R4Z01018,BRACEPORT,SM,56.85,56.85,52.0,52.0,52.0,52.0,3200,174160.0,2
2026-09-18,INE320I01017,BRAHMINFRA,EQ,163.01,163.01,158.6,162.36,163.0,159.63,20632,3329017.98,250
2026-09-18,INE02RE01045,FIRSTCRY,EQ,169.8,173.0,163.37,172.15,171.51,169.25,6662007,1118535780.67,59111
2026-09-18,INE977Y01011,BCONCEPTS,EQ,157.01,157.03,150.3,153.1,155.0,154.23,5600,852955.65,331
2026-09-18,INE0XUD01014,BRANDMAN,SM,166.0,166.0,162.2,162.2,162.2,164.0,2400,395360.0,3
2026-09-18,INE791I01019,BRIGADE,EQ,621.0,629.3,616.25,621.7,624.9,620.9,666470,415446522.5,19711
2026-09-18,INE03NU01014,BRIGHOTEL,EQ,56.52,56.59,56.15,56.23,56.2,56.52,35906,2021369.08,1437
2026-09-18,INE630D01010,BRIGHTBR,EQ,240.05,254.15,240.0,248.45,250.0,245.0,836,205649.65,32
2026-09-18,INE425B01027,BCG,EQ,9.9,10.39,9.87,10.26,10.33,9.86,9727064,98491843.46,6564
2026-09-18,INE216A01030,BRITANNIA,EQ,4982.0,5026.5,4968.0,4998.0,4998.0,4982.0,346885,1737048256.5,27865
2026-09-18,INE0FDU25010,BIRET,RR,339.75,340.24,338.4,338.57,338.95,338.66,752548,254916596.04,16120
2026-09-18,INE650L01011,BROOKS,EQ,61.24,63.89,61.02,61.53,61.02,61.23,38012,2352124.86,411
2026-09-18,INE118H01025,BSE,EQ,3259.0,3296.0,3241.0,3266.4,3266.4,3259.0,2075360,6763424072.7,85963
2026-09-18,INE594B01012,BSL,EQ,116.8,119.49,116.8,118.26,118.26,117.32,3489,413494.86,70
2026-09-18,INE295F01017,BUTTERFLY,EQ,577.9,589.0,566.75,585.8,589.0,578.85,26618,15340866.9,1348
2026-09-18,INE0SZ301012,BULKCORP,ST,81.95,81.95,81.7,81.7,81.7,86.0,7200,589140.0,6
2026-09-18,INE817H01022,BURNPUR,BE,18.37,18.37,16.8,17.85,17.98,17.5,120881,2166043.76,592
2026-09-18,INE084D01010,CGVAK,EQ,147.0,152.0,144.0,149.8,149.8,146.5,2553,376902.42,81
2026-09-18,INE0SMX01019,CKKRETAIL,SM,170.0,177.0,170.0,170.6,170.0,170.2,88800,15219360.0,68
2026-09-18,INE0QBU01012,CPS,SM,1205.0,1205.0,1125.0,1185.0,1185.0,1152.0,900,1033500.0,5
2026-09-18,INE0BV301023,MAPMYINDIA,EQ,889.8,905.2,885.6,899.4,900.0,889.8,120929,108343583.7,7195
2026-09-18,INE0U7V01015,C2C,SM,212.75,212.75,199.0,204.2,204.0,210.65,85500,17557882.5,395
2026-09-18,INE11XY01018,CMLL,EQ,483.0,484.7,471.0,477.7,475.5,482.7,165073,78512476.15,5416
2026-09-18,INE526B01014,CALSOFT,BE,36.9,39.56,36.8,39.19,39.42,37.69,171438,6634294.42,871
2026-09-18,INE627H01017,CTE,BE,38.59,40.7,38.59,40.7,40.7,38.77,14992,607752.42,45
2026-09-18,INE052I01032,CAMLINFINE,EQ,100.55,101.47,95.65,97.28,97.0,99.63,1375944,134841604.48,9167
2026-09-18,INE278Y01022,CAMPUS,EQ,212.0,212.95,210.51,212.12,212.25,211.98,306540,65016339.21,9696
2026-09-18,INE477A01020,CANFINHOME,EQ,777.6,787.6,769.0,778.5,781.0,774.4,539763,419750130.6,17059
2026-09-18,INE476A01022,CANBK,EQ,123.81,123.89,123.01,123.78,123.78,123.9,11489793,1418262646.98,53655
2026-09-18,INE01TY01017,CANHLIFE,EQ,155.33,156.25,151.79,153.59,152.51,155.36,807851,124051464.26,13878
2026-09-18,INE218I01013,CRAMC,EQ,236.0,237.6,232.6,234.0,234.9,234.35,275239,64583297.75,5189
2026-09-18,INE0QG301017,CANARYS,SM,24.0,26.1,24.0,24.9,25.15,23.75,288000,7275800.0,66
2026-09-18,INE068L01024,CANTABIL,EQ,242.4,246.0,240.2,242.63,243.6,243.0,143791,34998526.34,2430
2026-09-18,INE264T01014,CAPACITE,EQ,191.9,199.02,191.9,195.71,195.8,192.73,235892,46357718.7,4594
2026-09-18,INE0ILV01024,CAPILLARY,EQ,448.95,489.0,443.1,484.05,485.0,448.95,532692,250655248.35,17791
2026-09-18,INE345H01024,CIFL,EQ,19.86,20.49,19.86,19.98,20.0,20.03,45611,912919.82,353
2026-09-18,INE0Z8Z23013,CAPINVIT,IV,76.97,77.49,76.81,76.94,76.93,76.81,179280,13801768.56,2822
2026-09-18,INE646H01017,CAPITALSFB,EQ,276.1,283.4,274.15,278.9,277.45,279.9,8706,2437888.3,543
2026-09-18,INE707C01018,CAPTRUST,BE,18.6,19.4,18.6,19.39,19.4,18.48,64785,1252673.55,119
2026-09-18,INE475E01026,CAPLIPOINT,EQ,2596.5,2780.0,2596.0,2748.6,2770.0,2596.6,308471,838827182.0,31973
2026-09-18,INE180C01042,CGCL,EQ,263.0,273.65,262.0,270.65,271.0,262.35,6367147,1718625116.9,61310
2026-09-18,INE536P01021,CPL,EQ,67.3,68.24,63.5,64.49,63.8,65.39,41073,2715113.58,588
2026-09-18,INE120A01034,CARBORUNIV,EQ,1084.0,1141.3,1078.4,1124.4,1117.0,1083.6,533148,597895215.9,47505
2026-09-18,INE752H01013,CARERATING,EQ,1645.5,1674.7,1614.8,1668.6,1674.7,1643.7,46640,76959985.0,6959
2026-09-18,INE0P6P01016,CPEDU,EQ,174.01,175.9,171.0,171.66,174.75,173.3,5691,982888.71,78
2026-09-18,INE0V7W01012,CARRARO,EQ,522.1,533.0,517.6,524.65,526.7,515.05,169514,89258572.35,8268
2026-09-18,INE290S01011,CARTRADE,EQ,2949.9,3127.7,2946.7,2988.9,2980.0,2938.0,650048,1977698323.2,62496
2026-09-18,INE482D01024,CARYSIL,EQ,1111.2,1138.7,1106.0,1131.3,1130.0,1111.1,62416,70102937.2,6052
2026-09-18,INE0WL201014,CUDML,SM,105.1,108.0,105.1,108.0,108.0,107.45,4000,427100.0,3
2026-09-18,INE172A01027,CASTROLIND,EQ,192.34,197.85,192.0,197.14,196.07,191.72,9615337,1879846216.76,69925
2026-09-18,INE421D01022,CCL,EQ,1065.7,1076.3,1058.2,1065.6,1064.1,1062.3,92827,99108115.1,13371
2026-09-18,INE482A01020,CEATLTD,EQ,3430.0,3529.0,3418.1,3468.9,3465.0,3431.1,113245,394733001.9,17724
2026-09-18,INE11J101017,CEDAAR,ST,10.9,11.2,10.85,11.1,11.2,10.9,20000,219500.0,13
2026-09-18,INE0AG901020,CEIGALL,EQ,391.6,391.8,372.05,373.75,374.35,390.0,307512,116719677.85,6666
2026-09-18,INE016Q01014,CEINSYS,EQ,692.4,715.0,672.05,675.35,675.9,684.3,73862,50981605.3,4885
2026-09-18,INE185H01016,CELEBRITY,EQ,6.9,6.9,6.69,6.83,6.84,6.79,7755,52265.63,45
2026-09-18,INE0O0001013,CELLPOINT,SM,14.45,14.75,14.1,14.65,14.65,14.45,20400,293760.0,17
2026-09-18,INE0OMO01025,CELLECOR,SM,30.0,30.3,29.7,30.0,30.0,30.65,207000,6206550.0,40
2026-09-18,INE0LMW01024,CELLO,EQ,328.0,330.0,320.0,322.45,322.0,327.6,240397,77833683.9,8314
2026-09-18,INE686A01026,CEMPRO,EQ,1265.0,1287.4,1246.6,1263.5,1270.0,1255.1,233345,296365573.0,12658
2026-09-18,INE483A01010,CENTRALBK,EQ,30.42,32.4,30.41,31.73,32.15,30.4,56472458,1782133959.95,47655
2026-09-18,INE736A01011,CDSL,EQ,1348.0,1390.0,1346.5,1390.0,1390.0,1349.4,1694146,2332778788.1,44771
2026-09-18,INE05HV01027,CMPDI,EQ,207.85,217.23,204.69,214.58,215.2,205.69,2923381,615154922.65,42359
2026-09-18,INE660C01027,CENTRUM,EQ,22.69,22.69,21.65,21.94,22.15,22.25,41442,918638.73,336
2026-09-18,INE320B01020,CENTUM,EQ,4398.0,4421.0,4300.0,4333.3,4330.0,4343.4,41693,182693663.5,9036
2026-09-18,INE485A01015,CENTENKA,EQ,570.75,570.75,551.85,561.45,557.0,564.4,33970,19064809.7,2375
2026-09-18,INE281A01026,CENTEXT,EQ,19.0,19.55,19.0,19.16,19.14,19.05,123725,2376797.64,665
2026-09-18,INE348B01021,CENTURYPLY,EQ,725.0,735.0,714.05,722.65,723.0,718.95,83789,60764360.2,4804
2026-09-18,INE739E01017,CERA,EQ,5592.0,5785.0,5592.0,5645.0,5646.5,5592.0,14398,81497850.5,3384
2026-09-18,INE486A01021,CESC,EQ,141.99,142.93,140.71,141.53,141.45,141.56,3878798,548078018.6,24453
2026-09-18,INE067A01029,CGPOWER,EQ,883.65,911.0,881.3,892.0,892.0,880.0,3114673,2808227861.3,51681
2026-09-18,INE427F01016,CHALET,EQ,845.0,874.25,839.55,865.65,865.0,842.3,566679,489165045.15,22231
2026-09-18,INE419D01026,CLSEL,EQ,296.45,299.15,292.25,294.9,297.2,295.55,32143,9486179.8,1436
2026-09-18,INE06PV01010,CMNL,SM,114.9,114.9,111.0,111.25,111.0,114.9,4500,504862.5,6
2026-09-18,INE085A01013,CHAMBLFERT,EQ,414.7,420.0,410.9,414.9,419.0,413.9,470769,195039624.9,13436
2026-09-18,INE11HG01018,CHAMUNDA,SM,44.0,44.0,44.0,44.0,44.0,43.0,3000,132000.0,1
2026-09-18,INE0B2N01016,CHANDAN,SM,200.0,203.0,196.5,202.45,202.45,197.85,32800,6562120.0,40
2026-09-18,INE0PT101017,CHAVDA,SM,120.0,122.5,120.0,120.0,120.0,120.5,7000,843500.0,6
2026-09-18,INE0TGX01019,CHEMBONDCH,BE,275.35,279.5,261.45,272.55,265.0,274.0,8833,2371678.8,179
2026-09-18,INE995D01025,CHEMBOND,EQ,197.03,203.45,185.6,192.77,192.01,196.18,12271,2352606.25,718
2026-09-18,INE03YM01018,CHEMCON,BE,217.0,222.04,214.0,216.36,217.0,214.77,40049,8731972.64,575
2026-09-18,INE298W01016,CHEMCRUX,EQ,82.0,84.19,78.0,80.78,81.2,82.7,4816,386899.55,176
2026-09-18,INE783X01023,CHEMFAB,EQ,355.0,373.5,355.0,369.4,370.0,356.15,2010,738339.0,163
2026-09-18,INE488A01050,CHEMPLASTS,EQ,167.8,175.1,167.09,171.48,172.99,167.8,443500,76069242.88,5907
2026-09-18,INE178A01016,CHENNPETRO,EQ,1414.0,1437.1,1390.1,1416.6,1415.0,1414.1,1081342,1522188716.8,42868
2026-09-18,INE0U1T01012,CHETANA,SM,41.0,41.0,40.0,40.0,40.0,41.0,4800,193600.0,3
2026-09-18,INE974B01016,CHEVIOT,EQ,1174.9,1179.9,1161.8,1174.7,1179.9,1161.5,820,960673.7,119
2026-09-18,INE102B01014,CHOICEIN,EQ,739.95,775.7,738.45,763.85,760.0,738.0,989378,755415628.3,20855
2026-09-18,INF2KCX01012,CHOICEGOLD,EQ,149.5,152.21,149.5,151.99,151.54,149.3,2964,449213.51,85
2026-09-18,INE149A01033,CHOLAHLDNG,EQ,1510.0,1541.0,1482.0,1507.7,1491.5,1499.2,395533,594355067.3,39918
2026-09-18,INE121A01024,CHOLAFIN,EQ,1769.3,1804.4,1766.0,1800.0,1800.0,1764.5,1509978,2698268172.3,38127
2026-09-18,INE536H01010,CIEINDIA,EQ,388.0,391.5,382.9,387.15,385.5,385.7,376545,145478609.3,16747
2026-09-18,INE704H01022,CINELINE,EQ,91.1,93.6,90.0,90.36,90.0,92.95,6895,629383.4,177
2026-09-18,INE039B01026,CINEVISTA,EQ,13.8,14.74,13.8,14.13,14.04,13.94,6423,92446.79,75
2026-09-18,INE059A01026,CIPLA,EQ,1371.7,1394.5,1371.7,1394.5,1394.5,1376.3,1386584,1920252386.4,31702
2026-09-18,INE2Q7823014,CITIUSINVT,IV,115.9,117.0,115.21,115.83,115.96,115.5,21756,2525549.55,140
2026-09-18,INE491A01021,CUB,EQ,231.6,238.95,231.6,235.79,235.89,231.82,2196738,520005208.04,36593
2026-09-18,INE201M01029,CLEDUCATE,EQ,54.99,56.18,54.51,54.81,54.7,54.63,7979,439708.27,181
2026-09-18,INE0UQ601012,CLASSICEIL,SM,49.75,51.95,48.85,51.0,51.0,51.0,24000,1201760.0,14
2026-09-18,INE1QGM01024,CLAYCRAFT,SM,147.05,169.0,144.5,166.7,168.9,147.6,116400,18422820.0,159
2026-09-18,INE647U01026,CLEANMAX,EQ,1296.4,1299.4,1272.0,1279.4,1283.0,1291.1,102176,130936156.6,9948
2026-09-18,INE227W01023,CLEAN,EQ,831.0,872.85,826.7,851.9,852.0,828.15,891352,764630314.15,30830
2026-09-18,INE1EF801010,CSSL,SM,87.0,87.0,86.0,86.0,86.0,87.0,2000,173000.0,2
2026-09-18,INE00WV01027,CMRGREEN,EQ,214.79,234.58,214.79,231.87,232.5,213.26,1840718,424250818.93,30666
2026-09-18,INE925R01014,CMSINFO,EQ,231.15,232.72,228.52,230.93,230.4,231.04,952449,219670353.94,17354
2026-09-18,INE522F01014,COALINDIA,EQ,418.0,419.95,409.65,409.9,409.9,418.0,7700870,3171867519.9,84630
2026-09-18,INE377E01024,COASTCORP,EQ,36.17,39.1,36.01,38.84,38.89,35.46,131467,4970875.76,1571
2026-09-18,INE704P01025,COCHINSHIP,EQ,1335.0,1398.0,1333.0,1398.0,1398.0,1334.3,1456165,2000190740.7,34268
2026-09-18,INE335K01011,COFFEEDAY,EQ,30.86,31.33,30.07,30.52,30.46,30.86,346468,10581254.6,1640
2026-09-18,INE591G01025,COFORGE,EQ,1793.0,1841.0,1754.2,1841.0,1841.0,1793.0,2489460,4446235495.5,82143
2026-09-18,INE03QK01018,COHANCE,EQ,439.95,446.65,429.25,438.0,436.4,439.95,699254,305540663.0,22131
2026-09-18,INE259A01022,COLPAL,EQ,1841.5,1917.8,1836.9,1917.8,1917.8,1840.3,601910,1134137821.0,25550
2026-09-18,INE819A01049,COMFINTE,EQ,6.18,6.18,5.86,5.98,6.0,5.99,71837,428820.17,254
2026-09-18,INE073V01015,COMSYN,EQ,294.0,314.45,293.55,306.55,305.35,293.0,869871,266918102.95,9385
2026-09-18,INE597Z01014,COMMITTED,SM,331.0,331.0,330.0,330.5,330.0,340.0,1600,528800.0,2
2026-09-18,INE823B01015,COMPEAU,EQ,360.0,369.9,360.0,365.0,365.0,360.0,714,258070.8,9
2026-09-18,INE070C01037,COMPINFO,BZ,1.12,1.15,1.05,1.1,1.1,1.1,6048,6565.77,22
2026-09-18,INE453B01029,COMPUSOFT,EQ,12.98,14.6,12.95,13.63,13.52,12.94,299192,4177616.22,1120
2026-09-18,INE596I01020,CAMS,EQ,712.65,723.6,708.05,708.05,708.05,714.95,1128255,806856824.2,39176
2026-09-18,INE338H01029,CONCORDBIO,EQ,1459.5,1519.9,1459.4,1494.4,1500.0,1461.1,170417,255225084.0,13596
2026-09-18,INE037Z01029,CEWATER,EQ,252.8,286.0,252.8,279.25,279.2,256.5,750844,208393409.45,17403
2026-09-18,INE700F01024,CFEL,BE,46.99,47.0,44.0,46.95,47.0,46.22,32553,1474768.77,124
2026-09-18,INE552D01024,CONFIPET,EQ,87.25,92.61,86.71,91.95,91.8,86.76,5542393,505829319.96,37991
2026-09-18,INE0EAS01014,CONNPLEX,SM,250.3,254.4,249.0,251.0,251.0,250.3,33600,8448640.0,38
2026-09-18,INE429I01024,CCCL,EQ,13.69,13.95,13.69,13.76,13.78,13.69,57075,788022.93,280
2026-09-18,INE025A01027,CONSOFINVT,BE,300.6,307.6,300.05,302.2,304.0,300.6,3184,957902.7,41
2026-09-18,INE111A01025,CONCOR,EQ,489.0,504.55,485.1,504.55,504.55,488.15,2242132,1114733774.65,20131
2026-09-18,INE340Z01019,CONTI,SM,10.15,10.15,10.05,10.05,10.05,10.55,9999,100823.25,3
2026-09-18,INE663B01015,CONTROLPR,EQ,610.0,613.7,598.0,600.9,603.0,603.5,28633,17309899.05,1323
2026-09-18,INE0HS001028,COOLCAPS,SM,27.4,27.4,24.1,26.7,26.8,26.0,228750,5927312.5,140
2026-09-18,INE558D01021,CORALFINAC,EQ,33.28,33.28,32.13,32.56,33.0,32.35,23368,760031.14,110
2026-09-18,INE792I01017,CORDSCABLE,EQ,360.0,381.4,355.8,364.15,365.0,355.3,176486,64861756.65,5689
2026-09-18,INE169A01031,COROMANDEL,EQ,1929.8,2019.9,1919.5,1999.5,1972.0,1929.8,302340,600362664.1,34371
2026-09-18,INE02ZQ01018,CORONA,EQ,2175.0,2208.0,2166.6,2201.8,2205.9,2169.6,12123,26562602.7,2230
2026-09-18,INE757A01017,COSMOFIRST,EQ,883.0,884.45,866.05,871.25,874.3,879.9,34649,30267068.9,2572
2026-09-18,INE652F01027,CCHHL,EQ,12.8,13.1,12.6,13.01,13.05,12.86,25484,328845.7,162
2026-09-18,INE695B01025,COUNCODOS,BE,6.45,6.45,6.05,6.32,6.2,6.33,47880,297851.24,140
2026-09-18,INE521J01018,CPCAP,EQ,142.46,152.0,141.01,145.19,145.5,141.05,107712,15753153.66,1871
2026-09-18,INF457M01133,CPSEETF,EQ,92.36,92.99,92.1,92.58,92.6,92.29,392825,36336653.89,4483
2026-09-18,INE00LO01017,CRAFTSMAN,EQ,10890.0,11300.0,10871.0,11138.0,11235.0,10937.0,207605,2314122099.0,26719
2026-09-18,INE145E01017,CRAVATEX,EQ,333.0,339.9,320.0,324.55,323.0,337.25,1798,605952.6,47
2026-09-18,INE0OFK01019,CRAYONS,SM,23.05,24.2,23.05,23.5,23.5,23.05,4000,94950.0,4
2026-09-18,INE230B01021,CREATIVEYE,EQ,5.88,5.88,5.5,5.7,5.69,5.59,11299,64911.43,97
2026-09-18,INE0R7401011,CGRAPHICS,SM,136.5,136.5,133.2,135.4,135.95,137.65,24800,3353160.0,29
2026-09-18,INE985W01018,CNL,EQ,1078.9,1140.1,1077.5,1127.1,1120.9,1078.9,17388,19444957.4,1806
2026-09-18,INE1KPX01025,CREDENT,SM,336.0,362.0,335.0,357.7,359.7,333.0,133200,46542630.0,202
2026-09-18,INE741K01010,CREDITACC,EQ,1370.0,1394.9,1360.0,1387.6,1388.0,1370.8,149069,204966770.0,20731
2026-09-18,INE220Q01020,MUFTI,EQ,75.02,75.02,73.0,73.63,73.99,73.37,39771,2933203.96,709
2026-09-18,INE716D01033,CRSL,BE,2.52,2.52,2.41,2.44,2.47,2.47,184630,455466.94,487
2026-09-18,INE559D01011,CREST,EQ,374.0,385.0,356.35,365.75,365.0,371.0,2310,844260.8,137
2026-09-18,INE203Y01012,CRESTO,EQ,16.35,16.43,15.93,16.39,16.36,15.88,6035,98596.2,61
2026-09-18,INE007A01025,CRISIL,EQ,4560.0,4615.0,4540.0,4577.5,4540.0,4560.0,81962,375076854.6,12384
2026-09-18,INE0S4R01014,CRIZAC,EQ,176.55,177.63,172.0,173.73,173.3,176.56,149317,26072898.91,3834
2026-09-18,INE299U01018,CROMPTON,EQ,226.0,227.12,225.11,227.12,227.12,225.1,1405047,318256946.13,10315
2026-09-18,INE00NH01017,CLSL,ST,78.65,78.65,71.55,71.55,71.55,74.95,8000,608300.0,4
2026-09-18,INE491V01019,CROWN,EQ,109.99,111.99,108.11,108.48,109.8,108.95,8079,889853.45,129
2026-09-18,INE679A01013,CSBBANK,EQ,323.4,340.0,319.95,336.15,336.05,328.35,1075560,360233271.5,27069
2026-09-18,INE718F01018,CSLFINANCE,EQ,216.14,220.31,214.81,218.24,218.5,216.92,12818,2795272.76,467
2026-09-18,INE0ZK601013,CSM,EQ,104.0,114.9,101.5,109.85,111.5,102.64,9116969,992456200.54,65166
2026-09-18,INE0NR623014,CUBEINVIT,IV,156.99,156.99,155.8,156.36,156.2,156.49,530408,82867549.94,13065
2026-09-18,INE144D01012,CUBEXTUB,EQ,86.0,87.0,80.26,85.32,84.81,81.63,247242,20816584.82,3343
2026-09-18,INE298A01020,CUMMINSIND,EQ,5000.0,5119.0,5000.0,5099.5,5099.5,5020.0,502366,2559465927.5,40645
2026-09-18,INE509F01029,CUPID,EQ,280.3,282.0,251.1,265.0,262.9,279.15,27287571,7302894016.95,129748
2026-09-18,INE117B01020,CURAA,BE,69.94,76.0,69.94,76.0,76.0,72.94,168,11755.98,6
2026-09-18,INE1BZN01016,CURIS,ST,207.0,207.05,200.05,200.05,200.05,207.05,9000,1842350.0,7
2026-09-18,INE1CRQ01014,CURRENT,SM,81.3,81.3,81.3,81.3,81.3,81.4,1600,130080.0,1
2026-09-18,INE278G01037,CYBERMEDIA,BE,22.03,23.0,20.93,21.16,21.3,22.03,33593,719382.98,196
2026-09-18,INE075Z01011,CMRSL,SM,68.0,68.0,67.5,67.5,67.5,70.4,1600,108400.0,2
2026-09-18,INE214A01019,CYBERTECH,BE,142.55,144.4,139.0,142.82,143.75,141.22,32580,4652598.19,320
2026-09-18,INE055S01018,CYIENTDLM,EQ,893.45,945.0,890.0,940.7,939.0,893.5,469640,436656914.8,28241
2026-09-18,INE136B01020,CYIENT,EQ,1064.8,1079.5,1047.6,1073.3,1079.0,1064.0,668011,713990474.8,30650
2026-09-18,INE0GN101014,DKEGL,SM,70.0,70.0,70.0,70.0,70.0,63.3,1500,105000.0,1
2026-09-18,INE864X01013,DPWIRES,BE,146.95,149.77,145.11,146.44,147.2,146.95,3010,444982.69,107
2026-09-18,INE250K01012,DLINKINDIA,EQ,427.8,434.8,424.1,430.05,433.9,424.6,46171,19770521.4,2024
2026-09-18,INE266Y01019,DPABHUSHAN,EQ,1330.0,1482.0,1330.0,1448.3,1475.0,1337.0,37904,53627720.0,3119
2026-09-18,INE950I01011,DBCORP,EQ,187.82,189.56,183.6,184.06,184.5,187.82,107079,19893692.35,3110
2026-09-18,INE016A01026,DABUR,EQ,384.6,395.25,382.95,395.25,395.25,384.55,2455500,955620888.5,28526
2026-09-18,INE928C01010,DAICHI,BE,330.0,339.0,323.0,327.95,328.0,328.65,489,160973.75,10
2026-09-18,INE00R701025,DALBHARAT,EQ,1695.0,1805.0,1685.1,1761.4,1804.9,1693.3,374184,650879108.9,26846
2026-09-18,INE495A01022,DALMIASUG,EQ,394.0,398.2,382.4,390.5,389.4,390.5,148278,57639893.95,5974
2026-09-18,INE284H01025,DAMCAPITAL,EQ,137.0,139.0,136.52,137.92,138.1,136.73,176661,24309790.63,2089
2026-09-18,INE497D01022,DAMODARIND,BE,28.14,28.19,27.75,28.12,28.19,27.54,1916,53846.5,11
2026-09-18,INE688Y01022,DANGEE,EQ,2.71,2.75,2.69,2.73,2.74,2.72,22988,62368.88,115
2026-09-18,INE0YU901016,DANISH,SM,940.5,1039.9,940.5,1021.35,1019.4,940.25,76050,76003545.0,378
2026-09-18,INE04Q901010,DCCL,SM,40.5,40.5,40.5,40.5,40.5,40.0,2000,81000.0,1
2026-09-18,INE0IX101010,DATAPATTNS,EQ,4429.7,4550.0,4415.6,4513.3,4540.0,4411.1,606762,2723731036.6,65257
2026-09-18,INE365B01017,DATAMATICS,EQ,763.9,772.0,753.0,765.95,762.25,758.35,43182,32890305.95,2606
2026-09-18,INE179G01029,DAVANGERE,EQ,2.08,2.1,2.03,2.06,2.09,2.06,6216386,12852776.99,2306
2026-09-18,INE921B01025,DBSTOCKBRO,BE,29.22,30.5,29.22,30.35,30.5,29.22,6932,209325.06,52
2026-09-18,INE0A1101019,DCI,EQ,287.8,288.9,277.25,278.95,278.0,282.75,78388,22087922.4,2180
2026-09-18,INE503A01015,DCBBANK,EQ,218.99,223.02,217.0,218.35,219.0,218.51,1445096,317504225.15,21933
2026-09-18,INE0S8401018,DCG,ST,75.9,78.9,75.85,78.5,78.85,79.8,28800,2206440.0,24
2026-09-18,INE891B01012,DCMFINSERV,EQ,5.26,5.26,4.78,5.18,5.22,5.13,5895,30534.79,92
2026-09-18,INE498A01018,DCM,EQ,78.0,79.79,77.01,77.21,77.3,76.36,4286,335893.67,84
2026-09-18,INE08KP01019,DCMNVL,EQ,175.02,182.79,172.52,180.2,181.0,174.84,8381,1500182.86,221
2026-09-18,INE0OFM01015,DSFCL,BE,25.0,26.2,24.31,26.14,25.9,24.98,92554,2337941.18,186
2026-09-18,INE843D01027,DCMSRIND,EQ,38.81,39.68,38.0,38.24,38.52,38.39,225676,8642334.12,1872
2026-09-18,INE0OU201013,DCMSIL,EQ,70.64,72.0,67.99,70.26,70.21,70.29,110121,7685577.55,1420
2026-09-18,INE499A01024,DCMSHRIRAM,EQ,990.0,1005.0,982.4,995.0,1003.0,984.0,69400,68952093.3,4595
2026-09-18,INE500A01029,DCW,EQ,45.18,45.64,45.05,45.18,45.15,45.42,560676,25398972.21,3122
2026-09-18,INE0KL801015,DCXINDIA,EQ,165.29,167.08,161.97,163.1,163.2,164.32,307226,50266263.89,5664
2026-09-18,INE0HR601026,DDEVPLSTIK,EQ,255.8,257.55,252.8,254.95,254.95,255.15,71638,18235139.1,2583
2026-09-18,INE0JWV01011,DENEERS,SM,166.75,177.75,166.75,172.25,172.25,163.75,10200,1765740.0,16
2026-09-18,INE244A01016,DENORA,EQ,787.85,790.55,770.0,782.25,789.0,784.85,1861,1450158.35,291
2026-09-18,INE583C01021,DECCANCE,EQ,567.3,572.45,562.5,567.45,564.1,569.2,36914,20878231.55,964
2026-09-18,INE945F01025,DECNGOLD,EQ,219.47,220.74,216.0,217.21,218.0,217.85,714192,155638407.22,10029
2026-09-18,INE0S7C01019,DECCANTRAN,SM,19.8,20.05,19.8,20.0,20.0,19.8,3600,71820.0,3
2026-09-18,INE841L01016,DEEDEV,EQ,636.95,668.75,636.8,668.75,668.75,636.95,288664,192321123.15,5731
2026-09-18,INE586O01011,DEEM,ST,38.1,40.95,38.1,40.95,40.95,39.0,6000,242850.0,6
2026-09-18,INE0FHS01024,DEEPINDS,EQ,734.7,747.6,732.55,743.35,747.0,734.7,137404,101845609.8,6480
2026-09-18,INE00IY01012,DEEP,EQ,49.0,49.0,46.11,46.72,47.65,47.23,24429,1164288.34,452
2026-09-18,INE1M2N01020,DEEPA,EQ,175.3,191.49,171.38,188.31,188.5,173.34,7608515,1407556957.01,75067
2026-09-18,INE0OPA01027,DBEIL,EQ,7.3,7.3,6.95,7.12,7.19,7.05,686235,4839210.96,445
2026-09-18,INE501A01019,DEEPAKFERT,EQ,1324.1,1350.0,1313.2,1343.2,1343.0,1324.6,209549,279872653.5,15172
2026-09-18,INE288B01029,DEEPAKNTR,EQ,1606.9,1623.5,1577.2,1586.3,1582.7,1604.8,426779,679919643.7,26484
2026-09-18,INE0SK801018,DELAPLEX,SM,98.2,98.25,90.0,90.6,91.45,98.25,22800,2103000.0,36
2026-09-18,INE148O01028,DELHIVERY,EQ,426.1,433.55,425.85,428.0,428.0,425.95,1686221,724313920.3,31130
2026-09-18,INE726L01027,DELPHIFX,BE,5.29,5.29,4.96,4.96,4.96,5.22,300320,1507130.94,389
2026-09-18,INE0XRN01019,DELTIC,SM,33.1,34.0,33.0,33.2,33.05,34.25,12000,399300.0,11
2026-09-18,INE124G01033,DELTACORP,EQ,56.5,58.85,56.03,58.34,58.5,56.15,1668878,96344539.08,10523
2026-09-18,INE393A01011,DELTAMAGNT,EQ,56.9,56.9,53.5,54.95,55.9,55.2,898,49795.1,94
2026-09-18,INE947J01015,DEN,EQ,26.45,26.75,26.31,26.62,26.75,26.45,72184,1915417.64,715
2026-09-18,INE0R4L01018,DENTA,EQ,279.3,281.95,276.55,279.35,280.65,278.4,61071,17065070.95,2549
2026-09-18,INE0VOV01021,DEVX,EQ,33.0,33.69,31.21,32.21,32.01,33.31,103136,3338085.15,1223
2026-09-18,INE060X01034,DEVIT,EQ,23.31,23.9,23.05,23.13,23.07,23.43,15846,368784.25,214
2026-09-18,INE872J01023,DEVYANI,EQ,139.43,141.49,138.19,140.62,140.75,138.51,2466888,345298131.69,31750
2026-09-18,INE260R01016,DHABRIYA,BE,470.0,490.65,460.0,488.75,490.65,467.3,6986,3313054.25,152
2026-09-18,INE0I3401014,DBOL,EQ,115.22,117.3,109.74,116.27,116.0,115.81,181653,20547321.98,3727
2026-09-18,INE041A01016,DHAMPURSUG,EQ,152.45,160.0,148.61,156.22,157.12,151.72,762354,116970169.45,10680
2026-09-18,INE680A01011,DHANBANK,EQ,28.88,29.75,28.85,29.47,29.74,28.88,262185,7666572.81,1493
2026-09-18,INE0V9V01010,DHANLAXMI,SM,24.0,24.0,24.0,24.0,24.0,24.5,2000,48000.0,1
2026-09-18,INE0M3I01029,DHANSA,ST,29.2,31.15,29.2,30.2,30.25,30.7,8000,239600.0,4
2026-09-18,INE435G01025,DHANUKA,EQ,980.05,990.0,970.05,973.3,970.05,982.25,13511,13254986.95,1478
2026-09-18,INE2HJL01019,DHARARAIL,ST,140.25,142.0,140.25,142.0,142.0,143.55,7000,983850.0,6
2026-09-18,INE278R01034,DHARAN,BZ,0.14,0.14,0.13,0.14,0.14,0.13,4858146,679984.42,587
2026-09-18,INE0YRN01025,DHARIWAL,SM,23.65,24.9,23.15,24.35,24.7,24.35,264000,6196650.0,68
2026-09-18,INE00OQ01016,DHARMAJ,EQ,274.0,286.9,272.0,276.15,277.0,271.1,40591,11303878.3,2154
2026-09-18,INE715T01031,DHATRE,EQ,4.4,4.4,4.08,4.18,4.19,4.12,31872,135567.31,173
2026-09-18,INE01NH01023,DHOOTTRANS,EQ,1575.0,1603.8,1558.0,1590.7,1595.1,1579.8,1187578,1883190153.6,55142
2026-09-18,INE506Z01015,DHRUV,EQ,21.0,22.77,21.0,21.4,21.35,21.69,14049,310546.01,89
2026-09-18,INE320L01011,DHUNINV,EQ,998.8,1008.0,980.0,1001.95,1002.0,981.75,799,794203.2,92
2026-09-18,INE341R01014,DTIL,BE,141.0,141.0,137.9,138.42,138.0,138.98,3024,419274.16,26
2026-09-18,INE477B01010,DVL,EQ,280.45,293.25,280.45,290.0,291.55,278.8,11439,3309770.85,452
2026-09-18,INE591D01014,DIAMINESQ,EQ,258.0,259.86,252.03,256.77,259.8,255.04,2884,738575.89,88
2026-09-18,INE989C01038,DIACABS,BE,375.0,375.0,362.1,366.8,366.25,376.05,759461,279165448.45,9714
2026-09-18,INE303A01010,DICIND,EQ,630.5,642.0,618.0,632.5,628.3,628.45,7309,4616807.55,362
2026-09-18,INE184O01015,DIFFNKG,EQ,438.0,452.0,436.2,445.8,448.0,435.85,86835,38571188.4,4741
2026-09-18,INE03JI01017,DGCONTENT,EQ,23.8,24.55,23.71,24.49,24.5,24.0,19907,485930.67,67
2026-09-18,INE0PSC01024,DIGIDRIVE,EQ,17.24,17.78,17.11,17.43,17.3,17.48,22287,387256.98,136
2026-09-18,INE0QJ901011,DIGIKORE,SM,38.5,39.6,36.3,37.35,37.95,39.45,68400,2566500.0,75
2026-09-18,INE927C01020,DIGISPICE,EQ,16.26,17.09,16.15,16.99,16.91,16.28,300569,5058823.81,627
2026-09-18,INE0U4701011,DIGITIDE,EQ,85.0,85.94,83.0,83.45,83.0,84.82,146398,12300359.11,1732
2026-09-18,INE731U01028,DIGJAMLMTD,BE,58.5,61.6,58.5,61.6,61.6,58.67,18535,1104690.51,104
2026-09-18,INE016M01021,DNAMEDIA,EQ,2.44,2.5,2.25,2.47,2.38,2.31,39981,96246.34,149
2026-09-18,INE917M01012,DBL,EQ,408.35,428.5,408.35,425.5,424.25,408.35,638580,270298696.4,16524
2026-09-18,INE131C01011,DISAQ,EQ,12165.0,12165.0,11716.0,12062.0,12062.0,11923.0,137,1642920.0,84
2026-09-18,INE836F01026,DISHTV,EQ,2.62,2.65,2.52,2.56,2.55,2.59,2364283,6136761.57,1721
2026-09-18,INE385W01011,DCAL,EQ,162.0,171.69,157.6,170.52,170.75,162.11,727114,120166242.63,12243
2026-09-18,INE753U01022,DIVGIITTS,EQ,1122.2,1141.7,1118.7,1130.2,1124.0,1122.2,45303,51120566.1,4352
2026-09-18,INE361B01024,DIVISLAB,EQ,9346.5,9445.0,9328.5,9375.0,9375.0,9323.0,691534,6484478304.0,96421
2026-09-18,INE0NA501011,DIVINEHIRA,ST,105.0,107.0,100.6,102.5,104.85,104.95,8400,869340.0,6
2026-09-18,INE0SCO01019,DPEL,SM,643.1,650.0,638.0,648.5,647.1,642.65,37000,23874700.0,65
2026-09-18,INE935N01020,DIXON,EQ,13290.0,13383.0,13005.0,13005.0,13005.0,13290.0,371296,4890560779.0,38430
2026-09-18,INE0B1K01014,DJML,EQ,79.09,81.3,77.01,77.65,77.5,78.28,19162,1490255.77,485
2026-09-18,INE271C01023,DLF,EQ,640.0,653.7,640.0,644.35,644.35,640.0,2890331,1876181855.7,62039
2026-09-18,INE505A01010,DMCC,EQ,263.0,284.0,261.3,280.65,279.15,261.7,122609,33922231.1,4432
2026-09-18,INE0OGG01015,DHTL,SM,28.0,28.0,27.95,27.95,27.95,29.4,12800,357840.0,6
2026-09-18,INE021O01019,DODLA,EQ,1054.0,1095.0,1048.5,1083.6,1095.0,1049.6,28490,30406508.4,4073
2026-09-18,INE966A01022,DOLATALGO,EQ,67.99,68.38,67.05,67.32,68.34,67.86,98529,6652669.6,976
2026-09-18,INE325C01035,DOLLAR,EQ,268.0,278.0,266.85,273.25,274.0,267.0,161698,44279963.0,4387
2026-09-18,INE0JHH01011,DOLLEX,EQ,37.95,38.5,36.85,37.2,37.0,37.05,14860,559903.2,98
2026-09-18,INE920A01037,DOLPHIN,EQ,678.0,684.75,659.0,665.5,669.0,673.7,27025,18090355.95,1331
2026-09-18,INE321T01012,DOMS,EQ,2121.6,2122.9,2097.4,2105.3,2113.0,2121.6,20153,42452862.2,3495
2026-09-18,INE668D01028,DONEAR,EQ,82.0,84.18,82.0,83.79,83.99,82.81,7103,590793.47,135
2026-09-18,INE360C01024,DPSCLTD,BE,7.1,7.18,6.85,7.16,7.18,7.1,84580,596308.61,331
2026-09-18,INE943P01029,AGARWALEYE,EQ,500.25,503.0,495.2,500.45,502.9,500.15,105331,52553862.85,9809
2026-09-18,INE934C01018,DRAGARWQ,EQ,5339.5,5380.0,5251.0,5371.5,5379.0,5255.0,708,3762050.0,276
2026-09-18,INE600L01024,LALPATHLAB,EQ,1930.1,1959.4,1885.0,1896.9,1892.5,1924.7,477275,911592169.3,55242
2026-09-18,INE089A01031,DRREDDY,EQ,1182.6,1207.5,1182.1,1185.0,1185.0,1175.0,3002566,3579322394.6,81367
2026-09-18,INE03RS01027,DRCSYSTEMS,EQ,12.81,12.81,12.31,12.63,12.64,12.59,12957,162998.8,217
2026-09-18,INE0JS101016,DREAMFOLKS,EQ,65.98,65.98,64.32,64.76,64.8,65.17,30395,1970956.57,782
2026-09-18,INE506A01018,DREDGECORP,EQ,985.6,1006.0,985.0,992.3,991.6,988.0,36676,36483893.5,3220
2026-09-18,INE0P7201019,DRONE,SM,32.8,33.5,32.8,32.95,32.95,32.75,14000,465275.0,16
2026-09-18,INE891A01022,DSKULKARNI,BE,22.71,22.71,22.71,22.71,22.71,22.27,161,3656.31,5
2026-09-18,INE055C01020,KEEPLEARN,EQ,1.95,1.95,1.84,1.86,1.84,1.84,16221,30305.8,79
2026-09-18,INF740KA1EU7,LIQUIDETF,EQ,999.99,1000.01,999.99,1000.0,999.99,999.99,89967,89966985.87,155
2026-09-18,INF740KA1YH2,BANK10ADD,EQ,16.54,16.66,16.52,16.62,16.65,16.52,3296,54734.05,69
2026-09-18,INF740KA1RX3,BANKADD,EQ,57.53,57.88,57.42,57.63,57.62,57.45,10688,615407.75,51
2026-09-18,INF740KA1ZP2,GOLDADD,EQ,14.73,14.93,14.72,14.86,14.87,14.63,7975560,118632426.73,3749
2026-09-18,INF740KA1SX1,ITADD,EQ,30.6,30.65,30.36,30.5,30.63,30.93,25542,778993.15,173
2026-09-18,INF740KA1QK2,EQUAL50ADD,EQ,333.64,334.5,333.05,334.35,334.0,333.34,6164,2059384.67,182
2026-09-18,INF740KA1CL0,NIFTYADD,EQ,246.45,247.02,245.3,246.79,246.6,245.65,4027,992334.4,75
2026-09-18,INF740KA1SY9,PSUBANKADD,EQ,83.39,84.44,83.39,84.28,84.44,83.39,13145,1105320.77,174
2026-09-18,INF740KA1TA7,PVTBANKADD,EQ,27.73,27.99,27.68,27.86,27.74,27.72,106460,2956640.23,127
2026-09-18,INF740KA1ZF3,MIDQ50ADD,EQ,24.25,24.56,24.23,24.46,24.56,24.19,38319,932593.21,94
2026-09-18,INF740KA1SZ6,SENSEXADD,EQ,76.18,77.3,75.91,77.29,77.29,76.96,737,56648.27,30
2026-09-18,INF740KA1ZQ0,SILVERADD,EQ,22.1,22.71,22.1,22.6,22.59,21.84,4445826,100271967.12,6420
2026-09-18,INF740KA1WU9,FLEXIADD,EQ,9.72,9.85,9.71,9.79,9.81,9.73,103179,1006353.19,311
2026-09-18,INF740KA1ZA4,FMCGADD,EQ,46.18,46.18,45.75,46.02,46.09,45.96,16877,775994.4,88
2026-09-18,INF740KA1ZG1,HEALTHADD,EQ,16.8,16.86,16.72,16.8,16.86,16.65,37211,625070.43,74
2026-09-18,INF740KA1UM0,LIQUIDADD,EQ,1145.45,1145.85,1145.21,1145.47,1145.48,1145.02,335850,384705640.62,304
2026-09-18,INF740KA1ZH9,MIDBANKADD,EQ,17.22,17.75,17.15,17.24,17.26,17.14,12233,210841.03,20
2026-09-18,INF740KA1WW5,MIDCAPADD,EQ,22.77,24.93,22.77,23.75,24.0,22.67,1040,24463.95,24
2026-09-18,INF740KA1WV7,MSCIADD,EQ,28.74,28.8,28.74,28.8,28.8,28.63,758,21790.92,3
2026-09-18,INF740KA1VE5,NEXT30ADD,EQ,42.17,42.36,42.06,42.36,42.36,41.97,7416,313455.33,56
2026-09-18,INF740KA1XU7,NEXT50ADD,EQ,72.14,72.57,71.98,72.45,72.45,71.41,13052,944716.0,39
2026-09-18,INF740KA1WX3,SMALLADD,EQ,18.45,18.49,18.11,18.32,18.29,18.11,36311,665585.95,83
2026-09-18,INF740KA1UR9,TOP10ADD,EQ,84.9,85.12,84.6,84.8,84.89,85.42,953150,80929299.05,846
2026-09-18,INE0LZO01015,DUCOL,SM,126.0,130.45,126.0,130.2,130.4,127.35,17600,2274480.0,18
2026-09-18,INE741L01018,DUCON,EQ,1.22,1.29,1.15,1.23,1.24,1.27,6489613,7971627.85,1756
2026-09-18,INE0HPK01020,DUGLOBAL,SM,21.5,24.7,21.5,21.95,21.8,23.45,65000,1460250.0,25
2026-09-18,INE0OUW01013,DURLAX,SM,57.95,64.0,57.0,63.3,62.5,57.15,284000,16888400.0,100
2026-09-18,INE366A01041,DWARKESH,EQ,40.52,41.51,39.86,41.15,41.32,40.53,1861792,75675274.92,7316
2026-09-18,INE417B01040,DSSL,EQ,1042.4,1042.4,1010.5,1013.4,1012.9,1008.6,13842,14062619.3,1939
2026-09-18,INE221B01012,DYNAMATECH,EQ,11819.0,12215.0,11743.0,12061.0,12056.0,11819.0,12437,150201619.0,4409
2026-09-18,INE600Y01019,DYCL,EQ,443.9,464.0,443.55,457.4,457.6,442.35,419341,191004486.3,13915
2026-09-18,INE0DZ701010,DYNAMIC,ST,143.4,146.85,139.1,142.6,143.0,139.9,24000,3466750.0,47
2026-09-18,INE256H01015,DYNPRO,EQ,230.05,232.0,228.0,229.89,231.0,227.85,4824,1107329.56,150
2026-09-18,INE0KFF01017,EFACTOR,SM,164.95,165.0,164.95,165.0,165.0,162.3,3200,527980.0,8
2026-09-18,INE1CEJ01017,E2ERAIL,SM,350.0,362.0,337.1,344.65,337.1,346.45,136800,48363920.0,144
2026-09-18,INE255Z01027,E2E,BE,607.05,620.0,599.0,607.65,608.9,604.4,595972,362671568.75,7146
2026-09-18,INE595R01023,EASTWEST,EQ,2.23,2.27,2.1,2.25,2.26,2.21,56253,123132.46,174
2026-09-18,INE962C01035,EASTSILK,BE,61.5,64.11,61.5,64.07,64.0,61.06,1041,66477.65,14
2026-09-18,INE07O001026,EASEMYTRIP,EQ,5.81,5.81,5.71,5.76,5.75,5.79,13670746,78668800.82,8187
2026-09-18,INE432F01032,EBIX,BE,19.24,19.3,18.66,19.03,19.2,19.24,5798,110906.48,64
2026-09-18,INE528S07110,888ECL28,N1,987.0,989.97,986.15,986.17,986.15,987.1,96,94713.47,5
2026-09-18,INE528S07128,925ECL28,N2,1029.9,1029.9,1025.0,1025.37,1029.9,1014.1,125,128443.5,4
2026-09-18,INE738I01010,ECLERX,EQ,1919.4,1938.8,1898.7,1915.6,1920.0,1923.0,177527,340156681.8,16588
2026-09-18,INE316A01038,ECORECO,EQ,442.8,445.95,424.0,432.1,430.0,435.85,8812,3828405.0,796
2026-09-18,INE0VBS01016,ECOLINE,ST,166.0,173.3,166.0,173.3,173.3,166.15,15000,2544300.0,15
2026-09-18,INE06HJ01020,ECOSMOBLTY,EQ,107.45,108.5,106.5,108.12,108.0,106.89,30641,3293557.49,955
2026-09-18,INF754K01OB1,BBETF0432,EQ,1340.79,1343.44,1335.89,1337.8,1336.7,1340.89,437,585232.77,42
2026-09-18,INF754K01XH9,EBANK10,EQ,16.59,16.59,16.57,16.57,16.57,16.28,109,1808.13,2
2026-09-18,INF754K01TE4,EBANKNIFTY,EQ,56.83,56.98,56.53,56.96,56.96,56.74,1676,95090.18,17
2026-09-18,INF754K01KO2,EBBETF0430,EQ,1639.4,1639.4,1604.01,1610.9,1613.1,1607.25,3456,5559808.01,265
2026-09-18,INF754K01LE1,EBBETF0431,EQ,1438.47,1439.97,1429.21,1431.44,1431.15,1432.11,2826,4049369.38,68
2026-09-18,INF754K01QX0,EBBETF0433,EQ,1304.2,1309.0,1301.08,1303.19,1303.05,1304.44,2911,3800237.95,130
2026-09-18,INF754K01TX4,ECAPINSURE,EQ,23.78,24.01,23.48,23.61,23.53,23.54,24238,571092.43,161
2026-09-18,INF754K01SE6,EGOLD,EQ,151.65,153.15,151.65,152.8,152.5,150.45,71864,10963108.1,853
2026-09-18,INF754K01VW2,ELIQUID,EQ,1048.39,1048.4,1048.39,1048.4,1048.4,1047.99,9883,10361304.37,10
2026-09-18,INF754K01VV4,ELM250,EQ,16.36,16.45,16.01,16.15,16.14,16.27,73569,1193502.18,281
2026-09-18,INF754K01XI7,ELMDIV,EQ,35.39,35.5,35.39,35.5,35.5,35.22,4,141.89,2
2026-09-18,INF754K01XG1,EMETAL,EQ,12.99,13.1,12.87,13.05,13.1,12.99,6609,85492.42,39
2026-09-18,INF754K01TF1,EMULTIMQ,EQ,41.28,41.55,40.94,41.35,41.44,41.29,9268,383602.86,169
2026-09-18,INF754K01XF3,ENEXT50,EQ,70.89,72.41,70.89,71.6,71.6,70.89,406,28908.64,10
2026-09-18,INF754K01VX0,ENIFTY,EQ,24.07,24.07,23.45,23.6,23.61,23.49,4415,103662.05,69
2026-09-18,INF754K01VY8,ESENSEX,EQ,75.39,75.51,74.84,75.51,75.51,75.15,1311,98205.72,11
2026-09-18,INF754K01SF3,ESILVER,EQ,228.98,235.1,228.98,234.3,233.47,226.68,255075,59715569.43,2677
2026-09-18,INE532F01054,EDELWEISS,EQ,128.42,136.9,128.42,136.25,136.0,128.34,9148549,1227441594.17,48024
2026-09-18,INE886D01026,EFCIL,EQ,179.89,180.5,176.85,178.67,179.5,177.95,216644,38591235.52,2480
2026-09-18,INE0U9101019,EFFWA,SM,360.4,368.95,345.0,362.1,362.1,360.4,28800,10343720.0,43
2026-09-18,INE066A01021,EICHERMOT,EQ,7523.5,7569.0,7477.0,7516.0,7516.0,7493.5,419526,3154428334.0,28876
2026-09-18,INE126A01031,EIDPARRY,EQ,694.65,708.15,682.75,700.7,700.4,703.1,854169,594063905.25,41072
2026-09-18,INE276C01014,EIHAHOTELS,EQ,294.95,307.8,294.05,303.5,302.0,294.95,37838,11415085.75,1499
2026-09-18,INE230A01023,EIHOTEL,EQ,304.0,321.15,299.95,317.9,317.2,299.9,1308371,411507743.85,32093
2026-09-18,INE158B01016,EIMCOELECO,EQ,2247.0,2292.8,2240.0,2248.4,2240.0,2247.4,15042,33941225.9,1931
2026-09-18,INE0CPR01018,EKI,EQ,67.51,69.89,67.5,68.34,68.3,68.36,6068,415217.72,253
2026-09-18,INE280B01018,ELANTAS,EQ,13747.0,14400.0,13561.0,14228.0,14171.0,13686.0,3136,44105519.0,1607
2026-09-18,INE927X01018,ELCIDIN,EQ,109735.0,109735.0,103820.0,105130.0,103820.0,106270.0,13,1386355.0,13
2026-09-18,INE668G01021,ELDEHSG,EQ,788.0,789.95,770.25,781.7,780.0,767.1,209,163779.85,41
2026-09-18,INE205B01031,ELECON,EQ,414.6,424.95,414.0,421.2,417.5,414.6,301790,126634240.2,14095
2026-09-18,INE0Q1W01012,EFORCE,SM,18.8,19.45,18.3,18.3,18.3,18.8,6000,112380.0,5
2026-09-18,INE02YR01019,EMIL,EQ,186.85,202.86,185.1,196.28,195.9,185.07,15751870,3109581343.04,153469
2026-09-18,INE086A01029,ELECTCAST,EQ,74.25,75.3,72.9,73.38,73.4,74.07,1797787,132254044.04,15307
2026-09-18,INE822G01016,ELECTHERM,EQ,932.0,947.0,920.0,925.5,933.0,932.65,12959,12014390.3,310
2026-09-18,INE0R9101015,ELGNZ,SM,83.05,86.7,82.75,85.85,83.05,85.5,23000,1952950.0,15
2026-09-18,INE285A01027,ELGIEQUIP,EQ,593.9,613.3,593.3,609.55,606.55,593.3,398074,241287640.2,20986
2026-09-18,INE819L01012,ELGIRUBCO,EQ,60.81,62.38,60.81,61.6,61.75,60.81,74237,4579396.23,632
2026-09-18,INE050401020,ELIN,EQ,89.51,90.29,87.9,88.53,88.5,89.88,71187,6308835.16,1260
2026-09-18,INE669R01026,ELITECON,EQ,7.37,8.13,7.37,7.99,8.0,7.75,15604333,122569974.81,15798
2026-09-18,INE236E01022,ELLEN,EQ,371.0,387.0,370.7,373.1,374.0,371.0,733301,276866155.7,15591
2026-09-18,INE579B01039,ELPROINTL,EQ,172.86,174.58,170.97,172.53,172.05,173.26,15621,2689677.09,1881
2026-09-18,INE0ZOL01023,EMAPARTNER,SM,82.0,84.5,82.0,84.5,84.5,82.0,20000,1656550.0,9
2026-09-18,INE548C01032,EMAMILTD,EQ,380.0,380.05,366.55,368.45,368.9,376.1,3703471,1374355000.0,74331
2026-09-18,INE830C01026,EMAMIPAP,BE,111.97,117.56,106.38,116.7,117.1,111.97,59907,6753983.59,324
2026-09-18,INE778K01012,EMAMIREAL,EQ,69.4,69.4,66.15,67.18,66.42,67.87,3888,260307.08,87
2026-09-18,INE069I01010,EMBDL,EQ,55.0,55.0,53.5,53.88,53.7,54.91,2229839,120309801.96,8889
2026-09-18,INE041025011,EMBASSY,RR,439.46,446.6,437.5,441.07,439.26,439.46,5129525,2257471895.16,28060
2026-09-18,INE168P01015,EMCURE,EQ,1915.9,2100.7,1915.1,2003.8,2083.0,1909.8,1744754,3490805014.8,51792
2026-09-18,INE0RHD01013,ETML,SM,80.0,82.0,80.0,81.6,81.6,80.0,3600,292320.0,3
2026-09-18,INE296H01011,EMKAY,EQ,248.95,253.75,244.95,248.9,249.0,248.95,11664,2899625.8,358
2026-09-18,INE0PXC01024,ETL,SM,1050.0,1057.5,1050.0,1057.25,1057.0,1040.0,750,789675.0,5
2026-09-18,INE753K01015,EMMBI,BE,87.25,89.76,86.1,88.91,89.0,87.91,2806,245801.17,58
2026-09-18,INE1C6T01020,EMMVEE,EQ,328.65,333.0,326.6,328.0,329.0,325.5,974170,320927556.0,26528
2026-09-18,INE515H01014,EMPIND,EQ,1043.8,1064.8,1043.4,1057.1,1056.0,1065.3,968,1022832.8,104
2026-09-18,INE507F01023,EMPOWER,EQ,2.38,2.38,2.38,2.38,2.38,2.5,1202346,2861583.48,1105
2026-09-18,INE0OV601013,EMSLIMITED,EQ,364.5,371.25,362.0,366.65,365.2,364.5,104833,38334421.2,3238
2026-09-18,INE01QM01018,EMUDHRA,EQ,633.25,638.1,601.1,613.45,620.0,633.35,1272884,781594015.9,35360
2026-09-18,INE433T01015,ENCOMPAS,SM,260.0,260.0,227.0,238.85,234.5,259.9,56400,13721060.0,66
2026-09-18,INE913H01037,ENDURANCE,EQ,2680.8,2743.6,2680.8,2732.0,2741.0,2690.8,88695,241635409.4,17705
2026-09-18,INE306C01019,ENERGYDEV,EQ,14.66,15.01,14.5,14.68,14.51,14.66,18897,279861.23,266
2026-09-18,INE0S1L01013,EMMIL,SM,117.5,117.5,113.75,114.9,115.5,115.0,6250,719262.5,20
2026-09-18,INE0S3X01014,ENFUSE,SM,142.0,142.0,142.0,142.0,142.0,142.0,1800,255600.0,3
2026-09-18,INE510A01028,ENGINERSIN,EQ,265.0,268.5,263.5,266.35,267.0,263.75,1732303,461245106.7,27786
2026-09-18,INE130L01014,ENKEIWHEL,EQ,388.0,404.9,385.4,395.1,392.15,392.6,827,324421.65,83
2026-09-18,INE0R9I01021,ENSER,SM,15.2,15.2,14.05,14.1,14.1,15.0,35000,509750.0,7
2026-09-18,INE010601016,ENTERO,BL,1695.0,1695.0,1695.0,1695.0,1695.0,1258.0,1390000,2356050000.0,2
2026-09-18,INE010601016,ENTERO,EQ,1669.9,1737.8,1669.9,1732.3,1729.8,1666.6,244661,418123025.4,22667
2026-09-18,INE265F01028,ENIL,EQ,100.0,102.8,99.5,101.9,100.4,100.85,13770,1385278.25,300
2026-09-18,INE0LLY01014,EIEL,EQ,201.0,202.0,196.06,200.01,201.8,199.64,574560,114227221.94,9796
2026-09-18,INE0SUH01015,ENVIRO,SM,69.0,69.0,65.05,66.0,65.05,67.65,28000,1889850.0,20
2026-09-18,INE0G5901015,EPACK,EQ,181.01,183.01,178.4,178.84,178.77,180.82,161343,28937552.95,3132
2026-09-18,INE0MLS01022,EPACKPEB,EQ,225.0,231.61,224.41,226.26,226.5,222.26,315915,72030602.04,6805
2026-09-18,INE071N01016,EPIGRAL,EQ,1101.9,1119.4,1093.1,1105.3,1108.0,1101.4,25007,27607142.9,2774
2026-09-18,INE255A01020,EPL,EQ,234.0,241.1,233.75,239.35,240.0,231.4,2325889,555641147.6,30272
2026-09-18,INE11HF01010,EEPL,ST,138.0,138.0,133.0,133.0,133.0,136.0,10000,1356600.0,10
2026-09-18,INE1KEC01023,EPWINDIA,ST,242.0,252.0,240.0,240.15,240.0,240.0,18000,4454760.0,13
2026-09-18,INE217G01035,EQUIPPP,BE,24.0,24.6,23.26,24.51,24.6,24.39,53053,1299482.83,27
2026-09-18,INE063P01018,EQUITASBNK,EQ,72.05,74.9,71.89,74.09,73.99,72.13,2395159,176267023.81,9514
2026-09-18,INE406M01024,ERIS,EQ,1315.1,1355.1,1303.1,1321.3,1312.6,1310.7,143139,189539443.7,12093
2026-09-18,INE284A01012,ESABINDIA,EQ,5618.5,5659.5,5600.5,5627.5,5601.0,5618.5,3207,18053097.5,1268
2026-09-18,INE818W01011,ESAFSFB,BE,38.27,39.5,38.27,39.19,38.93,38.44,206115,8043236.32,1227
2026-09-18,INE0RQZ01017,ESCONET,ST,203.3,224.0,203.3,214.5,214.0,213.95,43200,9011940.0,80
2026-09-18,INE042A01014,ESCORTS,EQ,2830.0,2836.8,2769.4,2798.2,2799.9,2830.0,81690,228957566.7,10890
2026-09-18,INE0DRI01029,ESDS,EQ,1565.0,1594.0,1564.55,1564.55,1564.55,1646.85,582208,913528264.9,9293
2026-09-18,INE818W08149,113ESFB31,N0,100050.0,100050.0,100050.0,100050.0,100050.0,100050.0,5,500250.0,1
2026-09-18,INE818W08164,1165ESFB32,N0,102500.0,102500.0,102500.0,102500.0,102500.0,99001.0,2,205000.0,2
2026-09-18,INE0SBP01018,ESPRIT,SM,62.25,64.25,62.25,64.1,64.25,60.5,11200,710080.0,7
2026-09-18,INE122M01019,ESSARSHPNG,EQ,16.46,16.53,16.06,16.19,16.25,16.14,112302,1827096.24,545
2026-09-18,INE0ITO01014,ESFL,SM,123.5,125.0,123.5,124.85,125.0,124.25,7200,894006.0,16
2026-09-18,INE778B01029,ESTER,EQ,87.56,88.9,86.6,87.67,88.9,86.76,36137,3155853.26,691
2026-09-18,INE758T01015,ETERNAL,EQ,328.5,329.75,325.7,326.85,326.85,322.35,17696853,5798400032.1,98817
2026-09-18,INE04TZ01018,ETHOSLTD,EQ,2655.0,2682.6,2612.6,2661.5,2662.0,2651.0,27302,72470536.6,6994
2026-09-18,INE0KCE01017,EUREKAFORB,EQ,393.4,395.25,383.0,385.3,385.95,391.1,438600,169228090.75,19601
2026-09-18,INE546V01010,EIFFL,BE,259.45,262.1,259.45,262.1,262.1,264.7,7949,2065949.05,23
2026-09-18,INE505V01016,EUROBOND,EQ,150.0,154.0,147.03,148.05,148.01,148.49,4198,625244.37,92
2026-09-18,INE198501012,EUROPRATIK,EQ,232.0,235.7,229.1,231.75,231.0,234.85,211870,49188797.3,4387
2026-09-18,INE022C01012,EUROTEXIND,BE,11.74,11.74,11.74,11.74,11.74,11.74,975,11446.5,2
2026-09-18,INE128A01029,EVEREADY,EQ,334.1,341.5,328.5,331.0,331.1,334.1,178458,59360558.75,4210
2026-09-18,INE295A01018,EVERESTIND,BE,400.0,420.0,395.0,412.5,410.5,400.0,5429,2217078.85,122
2026-09-18,INE184H01027,EKC,EQ,100.1,101.88,99.21,101.07,100.91,101.01,92899,9336794.44,1766
2026-09-18,INE369A01029,EXCELINDUS,EQ,963.8,979.9,945.1,958.2,961.0,963.8,12412,11872095.8,1047
2026-09-18,INE0Y4801011,EXCELLENT,ST,195.0,195.0,195.0,195.0,195.0,205.0,3200,624000.0,2
2026-09-18,INE606N01019,EXCELSOFT,EQ,80.0,80.19,77.24,78.08,78.45,79.8,372636,29278771.28,3235
2026-09-18,INE777F01014,EXICOM,EQ,160.0,165.2,160.0,163.68,164.25,160.09,730474,119205674.38,8853
2026-09-18,INE302A01020,EXIDEIND,EQ,419.35,444.7,419.35,435.85,433.35,418.6,5570954,2422763789.9,87157
2026-09-18,INE19I001020,EXIMROUTES,SM,102.0,106.05,94.05,94.75,94.3,103.0,12800,1228840.0,15
2026-09-18,INE201K01015,EXPLEOSOL,EQ,898.05,900.9,875.0,881.95,877.65,898.05,20658,18349125.8,1548
2026-09-18,INE0GFE01026,EXXARO,EQ,6.2,6.39,6.2,6.25,6.25,6.26,115668,724263.31,345
2026-09-18,INE0HF201011,FABTECH,EQ,147.4,148.98,146.92,147.93,148.1,146.92,41486,6134262.89,492
2026-09-18,INE188A01015,FACT,EQ,764.95,767.65,753.05,764.2,764.0,759.8,66764,50802089.8,4702
2026-09-18,INE0DNW01011,FAIRCHEMOR,BE,624.0,640.0,601.3,634.0,624.85,622.9,7851,4892280.55,500
2026-09-18,INE0PQK01013,FALCONTECH,SM,11.95,13.75,11.7,13.05,13.0,11.5,13200,162840.0,11
2026-09-18,INE1Q2D01019,FASCINATE,SM,43.7,47.85,43.45,47.85,47.85,45.6,270400,12647960.0,206
2026-09-18,INE963C01033,FAZE3Q,EQ,442.0,448.0,438.0,442.95,439.0,442.15,11314,5004455.3,678
2026-09-18,INE512B01022,FCSSOFT,EQ,1.42,1.43,1.41,1.41,1.41,1.42,856983,1212826.31,899
2026-09-18,INE258B01022,FDC,EQ,353.15,354.15,347.7,352.5,354.15,352.15,115044,40395802.9,3947
2026-09-18,INE007N01010,FEDFINA,EQ,152.27,156.0,151.82,155.25,155.0,152.27,792266,122157687.19,13741
2026-09-18,INE417D01020,FEDDERSHOL,EQ,52.8,53.39,52.7,52.9,52.7,52.29,4766815,252698317.84,19372
2026-09-18,INE171A01029,FEDERALBNK,EQ,332.8,335.4,325.4,332.75,332.75,332.75,14568034,4813960296.3,130568
2026-09-18,INE529A01010,FMGOETZE,EQ,447.5,455.0,444.45,446.15,444.6,447.5,117700,52895498.35,4058
2026-09-18,INE901X01013,FELIX,SM,203.5,207.75,201.0,206.15,207.5,203.95,21500,4384775.0,40
2026-09-18,INE225B01021,FERMENTA,EQ,465.7,478.9,465.7,474.15,473.5,465.7,26096,12314071.35,1441
2026-09-18,INE296C01020,FIBERWEB,EQ,26.49,26.57,25.8,26.1,26.45,26.4,9330,243788.21,148
2026-09-18,INE0LQQ01019,FIDEL,SM,155.85,165.3,155.85,161.55,163.0,157.4,39000,6270350.0,35
2026-09-18,INE737H01014,FIEMIND,EQ,1907.0,1963.9,1907.0,1937.3,1931.0,1900.9,71600,139213484.5,10107
2026-09-18,INE185E01021,FILATFASH,EQ,0.19,0.19,0.17,0.17,0.18,0.18,16682906,3013503.16,2044
2026-09-18,INE816B01035,FILATEX,EQ,90.32,94.5,87.73,93.83,93.42,90.35,6299414,579753932.68,40939
2026-09-18,INE0EDU01014,FINBUD,SM,124.85,125.0,122.1,122.3,122.2,124.9,15000,1851550.0,14
2026-09-18,INE686Y01026,FINEORG,EQ,5219.5,5271.0,5160.0,5199.0,5175.0,5202.0,45907,238864083.5,10012
2026-09-18,INE045J01034,FCL,EQ,53.31,57.75,52.9,57.02,57.18,52.99,26160940,1456098995.77,78801
2026-09-18,INE734I01027,FINKURVE,EQ,74.93,76.9,72.14,73.1,72.88,75.05,35407,2607781.61,609
2026-09-18,INE02NC01014,FINOPB,EQ,135.87,137.7,135.0,135.48,135.1,136.43,82685,11244878.09,1519
2026-09-18,INE235A01022,FINCABLES,EQ,1399.0,1434.7,1390.2,1411.2,1413.9,1395.8,1061919,1499017072.8,53814
2026-09-18,INE183A01024,FINPIPE,EQ,154.0,156.0,153.03,154.63,154.0,154.43,484153,74901053.52,13954
2026-09-18,INE684F01012,FSL,EQ,272.0,275.5,269.4,273.45,272.0,273.1,1243136,339817778.25,24556
2026-09-18,INE771F01041,FISCHER,EQ,33.31,33.76,32.71,33.15,33.41,33.3,361136,11960669.57,2290
2026-09-18,INE128S01021,FIVESTAR,EQ,527.5,545.9,524.0,538.45,534.7,530.95,741259,396026802.9,34441
2026-09-18,INE00Y201027,FLAIR,EQ,239.99,240.0,232.2,235.23,235.9,237.13,44067,10375992.16,1451
2026-09-18,INE060J01017,FLEXITUFF,BE,2.58,2.58,2.58,2.58,2.58,2.46,3818,9850.44,12
2026-09-18,INE0VCK01011,FLYSBS,SM,666.6,685.0,663.0,670.4,668.0,651.3,53800,36311400.0,227
2026-09-18,INE0SQZ01015,FWSTC,SM,160.95,169.5,154.0,161.45,161.8,152.4,63600,10280250.0,75
2026-09-18,INE593W01028,FOCUS,BE,59.6,61.72,58.61,60.64,61.0,59.31,33288,2002854.05,170
2026-09-18,INE0Q4701019,FONEBOX,SM,132.2,132.2,132.0,132.2,132.2,125.95,33000,4362350.0,26
2026-09-18,INE976E01023,FOODSIN,EQ,53.55,55.29,53.12,54.57,54.45,54.79,62580,3388366.92,839
2026-09-18,INE0U2501017,FORCAS,ST,218.5,218.5,205.0,213.95,213.95,209.3,9600,2017520.0,5
2026-09-18,INE451A01017,FORCEMOT,EQ,17622.0,17882.0,17488.0,17488.0,17488.0,17650.0,63130,1118962342.0,15422
2026-09-18,INE0YKW01013,FORGEAUTO,SM,100.0,100.0,95.65,99.95,100.0,100.0,8400,834720.0,6
2026-09-18,INE061F01013,FORTIS,EQ,884.7,899.7,884.7,886.0,886.0,886.1,1928099,1720131096.2,32005
2026-09-18,INE519A01011,FOSECOIND,EQ,6787.5,6974.5,6622.5,6677.5,6725.0,6765.5,44756,303071493.5,12932
2026-09-18,INE212S01015,FRACTAL,EQ,755.0,768.0,744.9,764.35,763.9,750.75,203930,154626965.1,15306
2026-09-18,INE194R01017,FREDUN,EQ,1300.2,1324.0,1288.1,1303.5,1304.9,1278.2,65181,85033694.3,4708
2026-09-18,INE0SFW01015,FRESHARA,ST,448.4,452.0,437.2,450.95,450.95,443.95,10800,4806480.0,17
2026-09-18,INE385O01018,FROG,SM,303.0,303.0,268.0,281.7,280.0,299.4,35600,10008400.0,69
2026-09-18,INE572D01014,FRONTSP,EQ,1199.0,1226.9,1178.0,1198.4,1204.0,1197.4,15604,18717873.4,1931
2026-09-18,INE388Y01029,NYKAA,EQ,324.15,332.15,322.7,332.15,332.15,323.75,4424240,1443104619.9,79300
2026-09-18,INE12UR01024,UTLSOLAR,EQ,413.0,422.0,412.6,418.65,418.0,408.95,120238,50036969.55,6289
2026-09-18,INE139R01012,FUSION,EQ,184.02,186.02,181.82,185.12,185.0,184.45,511372,94079421.01,8611
2026-09-18,INE452O01016,FLFL,BZ,1.08,1.16,1.08,1.15,1.16,1.11,78664,89747.76,92
2026-09-18,INE623B01027,FEL,BZ,0.36,0.37,0.36,0.36,0.37,0.36,458221,168266.49,83
2026-09-18,IN9623B01058,FELDVR,BZ,1.96,2.05,1.96,2.05,2.05,1.96,1748,3482.46,12
2026-09-18,INE360L01017,FMNL,EQ,8.75,9.35,8.53,9.24,9.34,8.91,103859,927535.88,298
2026-09-18,INE075D01018,GMBREW,EQ,937.05,964.95,934.0,953.95,951.0,937.05,70274,67018834.6,4061
2026-09-18,INE201P01022,GRINFRA,EQ,823.15,837.8,815.1,825.9,823.4,829.05,47000,38839717.4,2892
2026-09-18,INE586X01012,GTECJAINX,EQ,26.78,28.38,26.0,26.86,26.85,27.33,8169,225592.87,70
2026-09-18,INE524A01029,GABRIEL,EQ,1290.1,1336.0,1290.0,1321.8,1329.4,1283.7,293065,387137469.9,25624
2026-09-18,INE224E01028,GATECH,BE,0.73,0.73,0.73,0.73,0.73,0.7,5680142,4146503.66,1255
2026-09-18,INE224E01036,GATECHDVR,BE,0.5,0.5,0.48,0.48,0.49,0.48,334623,163938.04,173
2026-09-18,INE129A01019,GAIL,EQ,172.0,174.65,172.0,173.9,173.9,172.0,8527161,1479932716.03,65543
2026-09-18,INE18UN01038,GAJA,EQ,145.84,145.84,142.0,142.5,143.0,145.03,198526,28393907.35,2969
2026-09-18,INE0QTE01018,GAJANAND,SM,7.8,7.8,7.8,7.8,7.8,7.75,3000,23400.0,1
2026-09-18,INE0RE001014,GALAPREC,EQ,1005.9,1024.9,1001.5,1011.2,1002.0,998.9,12068,12220542.8,1394
2026-09-18,INE600K01018,GALAXYSURF,EQ,2271.0,2271.1,2201.0,2215.2,2221.5,2257.0,22064,49136806.9,4167
2026-09-18,INE297H01019,GALLANTT,EQ,545.85,553.95,541.0,547.15,545.6,537.7,73721,40433156.6,5324
2026-09-18,INE717W01049,GANDHAR,EQ,268.2,277.2,268.0,276.2,275.0,269.4,670870,183492001.65,10761
2026-09-18,INE524B01027,GANDHITUBE,EQ,897.0,904.0,865.0,899.2,895.0,894.0,7643,6777396.95,496
2026-09-18,INE388A01029,GANESHBE,BE,126.4,130.89,125.21,126.86,127.1,125.2,164083,21121391.94,664
2026-09-18,INE652V01016,GANESHCP,EQ,165.97,171.24,163.51,169.2,169.98,164.47,98944,16547859.07,2366
2026-09-18,INE0R8C01018,GGBL,SM,206.55,209.5,204.0,205.4,204.7,207.9,27000,5567130.0,85
2026-09-18,INE460C01014,GANESHHOU,EQ,758.0,758.0,735.25,741.45,735.25,751.65,25397,18879500.0,1442
2026-09-18,INE0TVT01024,GANESHIN,ST,93.05,94.5,93.0,93.1,93.1,92.25,41600,3895240.0,19
2026-09-18,INE845D01014,GANECOS,EQ,992.0,1015.0,982.2,1002.0,1000.0,990.6,99501,99548960.4,8802
2026-09-18,INE0ZI101018,GANGABATH,SM,19.8,20.55,19.25,20.55,20.55,20.05,12000,238950.0,4
2026-09-18,INE691Z01023,GANGAFORGE,EQ,1.57,1.58,1.55,1.55,1.57,1.57,1827820,2862408.97,942
2026-09-18,INE335W01016,GANGESSECU,EQ,116.79,117.0,114.15,114.15,114.15,113.05,669,77401.05,19
2026-09-18,INE382Z01011,GRSE,EQ,2349.0,2430.0,2345.0,2411.8,2402.0,2339.8,531793,1276389611.9,42232
2026-09-18,INE0JVO01026,GARUDA,EQ,175.8,176.84,174.16,175.53,175.3,174.82,180277,31647275.48,3289
2026-09-18,INE291A01017,GRWRHITECH,EQ,6520.0,6761.5,6520.0,6724.5,6757.5,6502.5,29770,198878261.5,7578
2026-09-18,INE276A01018,GARFIBRES,EQ,799.7,840.0,791.3,819.0,835.0,799.7,56698,46114980.05,3341
2026-09-18,INE079J01017,GATEWAY,EQ,53.33,53.33,52.65,52.87,52.99,52.75,660523,34942469.63,3695
2026-09-18,INE0P8B01020,GAUDIUMIVF,EQ,118.96,118.96,114.23,116.22,116.15,114.79,155323,18077642.34,1601
2026-09-18,INE287Z01012,GAYAHWS,EQ,1.87,1.95,1.82,1.9,1.94,1.89,253808,482358.36,403
2026-09-18,INE336H01023,GAYAPROJ,EQ,23.78,24.8,23.57,24.72,24.6,23.62,1572098,38689811.77,3070
2026-09-18,INE0LVM01018,GRCL,SM,572.5,572.5,572.5,572.5,572.5,572.5,500,286250.0,1
2026-09-18,INE878A01011,GVPIL,EQ,631.0,656.1,628.85,656.1,656.1,624.9,128144,83310866.85,3551
2026-09-18,INE200A01026,GVT&D,EQ,4389.8,4433.9,4357.5,4385.0,4385.0,4341.0,809572,3552376124.2,54674
2026-09-18,INE916G01016,GEECEE,BE,373.0,373.0,360.3,371.85,371.85,370.95,727,264535.15,21
2026-09-18,INE669X01032,GEEKAYWIRE,EQ,34.0,35.0,33.06,33.25,33.36,33.46,814069,27796408.49,4380
2026-09-18,INE06XZ01023,GEMAROMA,EQ,152.4,155.3,147.65,149.1,149.26,151.9,145529,21766742.41,1857
2026-09-18,INE481Y01014,GICRE,EQ,340.75,353.25,340.55,351.0,350.2,339.8,1183930,413000548.45,19599
2026-09-18,INE854S01022,GENCON,EQ,39.81,41.5,39.12,40.01,39.52,39.56,237077,9533763.34,584
2026-09-18,INE727B01026,GENESYS,EQ,286.0,296.0,281.25,285.19,285.9,284.42,496070,143395740.21,10293
2026-09-18,INE06H201014,GENSOL,BZ,16.44,17.3,16.44,17.1,17.01,16.69,30824,524818.62,380
2026-09-18,INE949P01018,GENUSPAPER,EQ,11.18,11.45,11.18,11.41,11.45,11.18,40231,454388.03,197
2026-09-18,INE955D01029,GENUSPOWER,EQ,305.0,315.65,304.6,310.75,310.4,303.15,3184194,989679841.95,34829
2026-09-18,INE1W0N01014,GENXAI,SM,76.0,76.6,76.0,76.5,76.5,75.3,6000,458520.0,5
2026-09-18,INE007B01023,GEOJITFSL,EQ,80.12,83.5,79.56,81.99,81.43,80.12,713593,58690074.41,5414
2026-09-18,INE538A01037,GFLLIMITED,EQ,56.02,56.98,55.16,56.43,56.6,55.7,23959,1345088.33,271
2026-09-18,INE539A01019,GHCL,EQ,422.0,428.0,418.3,421.7,419.8,420.1,157583,66510363.05,4930
2026-09-18,INE0PA801013,GHCLTEXTIL,EQ,125.4,125.6,122.5,124.51,124.25,124.33,222126,27530192.38,6704
2026-09-18,INE289B01019,GICHSGFIN,EQ,136.3,141.0,135.62,139.35,139.74,135.97,89007,12271847.12,1008
2026-09-18,INE047B01011,GILLANDERS,EQ,103.0,106.0,98.6,104.52,106.0,103.87,1721,178352.28,52
2026-09-18,INE322A01010,GILLETTE,EQ,7340.0,7340.0,7031.5,7073.0,7052.0,7307.0,52262,372220832.0,12190
2026-09-18,INE424C01010,GINNIFILA,BE,41.7,42.5,41.0,42.35,42.48,41.65,15490,646245.68,66
2026-09-18,INE614Z01017,GIRIRAJ,SM,85.0,85.05,77.3,77.3,77.3,81.0,2250,184450.0,7
2026-09-18,INE1AG301022,GKENERGY,EQ,119.92,123.0,118.22,119.77,120.0,118.98,561130,67299060.15,6120
2026-09-18,INE265D01015,GKB,EQ,62.6,69.89,62.6,67.44,67.6,65.13,10541,695094.56,59
2026-09-18,INE528A01020,GKWLIMITED,EQ,1604.9,1604.9,1566.0,1587.1,1598.6,1604.9,208,329799.6,30
2026-09-18,INE068V01023,GLAND,EQ,2907.2,2978.0,2904.0,2961.9,2950.0,2907.8,492452,1456289749.3,44319
2026-09-18,INE644Q01039,GLASSWALL,EQ,267.98,304.2,258.35,269.51,273.6,257.82,73819973,20744894148.35,707345
2026-09-18,INE159A01016,GLAXO,EQ,2800.0,2900.0,2800.0,2838.8,2899.0,2799.9,125265,354763654.6,13872
2026-09-18,INE935A01035,GLENMARK,EQ,2409.8,2447.4,2396.8,2447.4,2447.4,2416.0,545520,1320067761.9,27902
2026-09-18,INE291W01037,GLOBAL,EQ,127.8,131.0,125.06,130.16,130.5,127.17,143869,18530909.01,1846
2026-09-18,INE474Q01031,MEDANTA,EQ,1448.7,1520.0,1430.0,1499.4,1507.0,1424.0,703445,1046280160.3,87992
2026-09-18,INE0PS501019,GLOBALPET,SM,163.0,163.0,163.0,163.0,163.0,163.0,750,122250.0,1
2026-09-18,INE0JSX01015,GSLSU,EQ,27.27,28.78,27.27,28.04,28.11,28.17,24429,682845.32,259
2026-09-18,INE792H01019,GLOBALVECT,EQ,127.7,132.78,125.0,131.58,131.99,125.52,6742,869791.83,257
2026-09-18,INE0URU01010,GLOBALE,EQ,10.95,11.85,10.93,11.0,11.0,11.5,8037,90671.86,31
2026-09-18,INE0V3U01015,GLOBECIVIL,EQ,43.8,43.8,42.0,42.26,42.2,42.46,21470,906096.58,344
2026-09-18,INE581X01021,GLOBE,EQ,1.79,2.1,1.75,2.07,2.04,1.78,2740470,5353553.18,1072
2026-09-18,INE947T01022,GICL,BE,25.14,25.14,23.6,24.58,24.0,24.64,144572,3539101.82,193
2026-09-18,INE00WS01056,GSTL,SM,11.2,11.9,11.2,11.9,11.9,11.45,3000,34300.0,3
2026-09-18,INE615I01010,GLOBUSSPR,EQ,837.45,841.35,815.3,819.75,817.05,830.75,68570,56356399.5,3930
2026-09-18,INE350Z01018,GLOSTERLTD,EQ,578.5,587.0,578.2,586.2,587.0,578.0,325,189517.6,34
2026-09-18,INE0TQE01026,GLOTTIS,EQ,57.71,59.7,57.71,59.48,59.5,58.0,24282,1437836.11,422
2026-09-18,INE541A01023,GMMPFAUDLR,EQ,1370.0,1475.0,1370.0,1467.0,1458.0,1363.4,1207844,1744558950.7,77124
2026-09-18,INE776C01039,GMRAIRPORT,EQ,95.51,99.3,95.41,99.3,99.3,95.04,21945461,2141954813.63,61411
2026-09-18,INE0CU601026,GMRP&UI,EQ,92.11,94.88,91.0,92.31,91.8,92.13,1263129,117084622.36,10354
2026-09-18,INE934S01014,GNA,EQ,539.95,588.8,539.95,558.55,560.0,536.55,2062341,1166429167.9,50701
2026-09-18,INE18JU01028,EBGNG,EQ,668.25,711.25,664.55,703.05,705.2,661.65,1067215,742306184.3,43981
2026-09-18,INE03JT01014,GODIGIT,EQ,255.5,255.9,235.8,239.0,236.7,255.5,3424067,826982883.0,65691
2026-09-18,INE0BJS01011,GOCOLORS,EQ,309.8,310.75,304.1,306.0,308.9,308.1,44609,13704259.1,1320
2026-09-18,INE426D01013,GOACARBON,EQ,387.0,387.0,375.0,377.6,376.1,378.3,21751,8289892.55,1305
2026-09-18,INE077F01035,GOCLCORP,EQ,458.15,461.4,442.15,446.1,448.0,456.15,522016,235044890.65,18067
2026-09-18,INE497S01012,GODAVARIB,EQ,242.41,243.0,238.55,241.01,242.98,243.31,80755,19440537.66,2357
2026-09-18,INE177H01039,GPIL,EQ,238.39,239.42,232.3,233.47,234.55,238.39,1620482,380195797.73,16039
2026-09-18,INE260B01028,GODFRYPHLP,EQ,1948.0,2018.0,1943.7,2018.0,2018.0,1943.0,404029,805384962.1,26408
2026-09-18,INE850D01014,GODREJAGRO,EQ,656.3,670.0,645.7,661.6,665.2,653.6,161090,106027403.9,7008
2026-09-18,INE102D01028,GODREJCP,EQ,875.3,886.0,870.45,880.0,880.0,873.0,1410736,1241702262.6,20456
2026-09-18,INE233A01035,GODREJIND,EQ,1127.3,1132.4,1095.1,1107.4,1108.0,1127.3,114004,125942864.0,9700
2026-09-18,INE484J01027,GODREJPROP,EQ,1686.9,1721.3,1686.6,1691.1,1691.1,1678.2,659676,1121483467.5,31213
2026-09-18,IN0020260058,620GS2029,GS,99.85,99.85,99.85,99.85,99.85,99.85,1,99.85,1
2026-09-18,IN0020260066,657GS2033A,GS,99.9,100.0,99.9,100.0,100.0,97.6,3000,299990.0,3
2026-09-18,IN0020240183,675GS2029,GS,101.75,101.75,101.75,101.75,101.75,101.2,99,10073.25,1
2026-09-18,IN0020240100,697GR2034,GS,98.0,98.0,98.0,98.0,98.0,98.0,1,98.0,1
2026-09-18,IN0020240142,709GS2074,GS,95.0,95.4,94.5,95.4,95.4,94.53,6672,634872.15,22
2026-09-18,IN0020210186,574GS2026,GS,101.95,101.95,101.95,101.95,101.95,101.95,1,101.95,1
2026-09-18,IN0020200294,585GS2030,GS,97.56,97.56,97.56,97.56,97.56,97.55,1000000,97560000.0,1
2026-09-18,IN0020250067,601GS2030,GS,98.4,98.4,98.4,98.4,98.4,98.4,100,9840.0,2
2026-09-18,IN0020210095,610GS2031,GS,99.99,99.99,99.99,99.99,99.99,99.99,1,99.99,1
2026-09-18,IN0020200245,622GS2035,GS,93.43,95.07,93.43,95.07,95.07,94.2,52,4875.89,4
2026-09-18,IN0020250141,636GS2031,GS,98.5,99.3,98.5,99.3,99.3,99.09,1602,157878.6,5
2026-09-18,IN0020250091,648GS2035,GS,97.71,99.5,97.71,99.0,99.0,98.3,3640,361881.0,4
2026-09-18,IN0020260074,653GS2031,GS,97.83,99.0,97.83,99.0,99.0,100.98,302,29547.0,3
2026-09-18,IN0020210152,667GS2035,GS,107.62,107.62,105.0,106.85,106.85,105.0,1000006,106850640.48,5
2026-09-18,IN0020250042,668GS2040,GS,97.0,97.9,94.57,97.9,97.9,96.5,1498,144524.26,15
2026-09-18,IN0020200401,676GS2061,GS,90.0,90.0,89.09,89.15,89.15,89.49,24608,2193669.55,46
2026-09-18,IN0020250018,690GS2065,GS,93.63,93.63,92.91,93.59,93.59,92.7,236,22068.37,5
2026-09-18,IN0020260025,694GS2036,GS,101.0,101.99,101.0,101.99,101.99,101.03,2040,207923.4,3
2026-09-18,IN0020210202,695GS2061,GS,93.0,93.0,92.0,92.0,92.0,92.9,1627,151212.55,8
2026-09-18,IN0020210194,699GS2051,GS,96.0,96.0,95.85,95.85,95.85,95.9,13,1246.75,6
2026-09-18,IN0020240043,702GS2027,GS,102.5,102.5,102.5,102.5,102.5,102.23,1,102.5,1
2026-09-18,IN0020240076,702GS2031,GS,103.65,103.65,103.65,103.65,103.65,103.64,1000,103650.0,1
2026-09-18,IN0020240050,704GS2029,GS,102.9,103.49,102.23,103.47,103.49,102.57,6900,712156.0,4
2026-09-18,IN0020230010,706GS2028,GS,108.05,108.05,103.41,103.41,103.41,104.1,101,10449.05,2
2026-09-18,IN0020260041,706GS2041,GS,101.45,101.45,100.85,100.85,100.85,101.95,5,506.05,4
2026-09-18,IN0020240118,709GS2054,GS,96.0,96.0,94.0,95.38,95.38,94.7,16267,1535372.29,13
2026-09-18,IN0020240019,71GS2034,GS,104.6,104.6,103.0,104.47,104.47,102.89,10103,1050811.62,7
2026-09-18,IN0020230036,717GS2030,GS,104.8,104.8,104.3,104.8,104.8,104.79,45270,4739648.5,9
2026-09-18,IN0020230085,718GS2033,GS,102.0,103.0,101.6,102.95,103.0,102.0,55902,5708639.0,45
2026-09-18,IN0020230077,718GS2037,GS,102.5,103.47,102.0,102.39,102.39,102.0,29704,3041780.87,12
2026-09-18,IN0020250075,724GS2055,GS,96.97,96.97,96.6,96.6,96.6,96.55,4575,443617.0,5
2026-09-18,IN0020230044,725GS2063,GS,96.5,96.8,96.26,96.5,96.5,96.49,8866,855095.04,18
2026-09-18,IN0020220060,726GS2032,GS,103.4,103.4,103.4,103.4,103.4,101.8,100,10340.0,1
2026-09-18,IN0020220151,726GS2033,GS,101.48,102.0,101.48,102.0,102.0,102.5,1048,106883.52,4
2026-09-18,IN0020230051,73GS2053,GS,98.0,98.6,98.0,98.55,98.5,98.0,194888,19123808.0,81
2026-09-18,IN0020230135,732GS2030,GS,103.55,104.0,103.55,104.0,104.0,103.61,2100,218355.0,3
2026-09-18,IN0020240035,734GS2064,GS,98.9,98.9,98.4,98.84,98.87,98.48,24664,2436368.31,45
2026-09-18,IN0020220086,736GS2052,GS,98.75,98.75,96.0,98.69,98.69,99.25,6086,598981.1,24
2026-09-18,IN0020230101,737GS2028,GS,104.3,104.3,104.3,104.3,104.3,104.01,100,10430.0,1
2026-09-18,IN0020220094,74GS2062,GS,99.0,101.5,98.0,98.21,98.4,101.99,2823,278882.5,11
2026-09-18,IN0020220102,741GS2036,GS,104.49,104.49,104.49,104.49,104.49,104.1,100,10449.0,1
2026-09-18,IN0020250117,743GS2076,GS,98.9,99.24,98.6,99.2,99.2,98.45,23389,2318831.99,31
2026-09-18,IN0020230127,746GS2073,GS,102.5,102.5,101.34,101.34,101.34,101.99,3,305.33,3
2026-09-18,IN0020260017,750GS2056,GS,102.5,102.95,102.5,102.95,102.95,102.95,101,10352.95,2
2026-09-18,IN0020220029,754GS2036,GS,105.01,105.61,105.01,105.53,105.55,105.3,305760,32241999.64,121
2026-09-18,IN0020260082,763GS2056,GS,99.15,100.5,99.15,100.4,100.4,100.15,3109,311625.2,11
2026-09-18,IN0020260033,771GS2066,GS,103.0,103.5,102.5,103.49,103.49,103.5,15969,1652212.5,20
2026-09-18,IN0020200153,577GS2030,GS,96.5,96.5,96.5,96.5,96.5,96.94,100,9650.0,2
2026-09-18,IN0020200054,716GS2050,GS,102.34,102.34,98.76,99.7,98.76,101.23,5000,498507.4,6
2026-09-18,IN0020220037,738GS2027,GS,102.41,102.8,102.41,102.53,102.77,102.4,28707,2942302.53,14
2026-09-18,IN0020050012,74GS2035,GS,101.01,102.5,101.0,102.5,102.5,103.4,1300,132280.0,4
2026-09-18,IN0020190024,762GS2039,GS,101.9,102.0,101.9,102.0,102.0,107.25,100,10195.0,2
2026-09-18,IN0020150077,772GS2055,GS,102.31,103.5,102.31,103.5,103.5,102.5,822,84587.91,2
2026-09-18,IN0020020106,795GS2032,GS,107.8,107.8,107.8,107.8,107.8,105.45,2,215.6,2
2026-09-18,IN0020140052,824GS2033,GS,110.35,110.35,110.35,110.35,110.35,111.35,1,110.35,1
2026-09-18,IN0020060078,824GS2027,GS,102.0,102.0,101.6,101.7,101.7,101.7,3658,371754.8,4
2026-09-18,IN0020100031,83GS2040,GS,109.5,110.25,108.93,109.75,109.75,110.84,1490,163213.27,8
2026-09-18,IN0020110063,883GS2041,GS,111.2,111.2,111.2,111.2,111.2,115.25,111,12343.2,1
2026-09-18,IN0020110055,897GS2030,GS,113.0,113.0,113.0,113.0,113.0,111.6,1,113.0,1
2026-09-18,IN0020130053,92GS2030,GS,113.99,114.5,113.21,114.25,114.25,114.0,14818,1692756.27,21
2026-09-18,IN002026Y147,182D070127,TB,98.5,98.5,98.5,98.5,98.5,97.9,100,9850.0,1
2026-09-18,IN002026Z193,364D120827,TB,94.63,94.63,94.63,94.63,94.63,94.63,100,9463.0,1
2026-09-18,IN002026X131,91D011026,TB,99.8,99.84,99.8,99.84,99.84,99.8,21500,2146060.0,8
2026-09-18,IN002026X222,91D031226,TB,98.45,99.5,98.45,98.5,98.5,98.85,500,49338.0,5
2026-09-18,IN002026X156,91D151026,TB,99.5,99.5,99.5,99.5,99.5,99.5,500,49750.0,5
2026-09-18,IN002026X206,91D191126,TB,98.9,98.9,98.9,98.9,98.9,98.92,2300,227470.0,1
2026-09-18,INE887G01027,GOKEX,EQ,732.1,743.9,723.1,727.75,728.0,727.55,166162,121481653.8,10230
2026-09-18,INE314T01033,GOKULAGRO,EQ,219.0,226.98,219.0,224.24,223.35,218.17,245236,54584624.82,8186
2026-09-18,INE020J01029,GOKUL,EQ,40.48,40.9,39.69,40.43,40.0,39.74,137161,5490526.34,550
2026-09-18,INE973A01010,GOLDENTOBC,BZ,24.0,24.99,24.0,24.61,24.61,24.07,982,24045.0,50
2026-09-18,INE025B01025,GOLDIAM,EQ,325.9,329.2,322.1,326.75,326.7,325.6,282706,92075326.45,6488
2026-09-18,INE405Y01021,GOLDSTAR,SM,9.2,9.45,9.15,9.15,9.15,9.0,438750,4138875.0,17
2026-09-18,INE127I01024,GOODLUCK,EQ,509.9,523.5,509.9,517.25,517.0,509.75,363708,188724348.3,10306
2026-09-18,INE533A01012,GOODYEAR,EQ,704.6,716.55,702.0,704.85,706.5,706.15,5290,3735608.9,602
2026-09-18,INE0L9R01028,GOPAL,EQ,252.25,257.4,248.25,256.75,257.4,252.25,121271,30546695.25,3528
2026-09-18,INE705X01026,GOYALALUM,EQ,5.85,5.99,5.3,5.77,5.8,5.9,189846,1076493.97,1082
2026-09-18,INE0QFE01017,GOYALSALT,SM,102.0,102.0,100.05,100.05,100.05,103.0,4800,482130.0,8
2026-09-18,INE0S7E01015,GPECO,SM,400.15,408.0,394.0,396.65,399.0,400.15,8200,3283850.0,36
2026-09-18,INE586G01017,GULFPETRO,BE,60.6,64.0,60.15,61.89,62.5,61.77,62023,3846670.05,348
2026-09-18,INE486R01017,GPTHEALTH,EQ,164.3,170.4,163.61,166.21,165.1,163.61,319398,53549327.96,8351
2026-09-18,INE390G01014,GPTINFRA,EQ,119.17,123.32,116.35,118.96,119.2,113.56,3008060,360210246.94,21726
2026-09-18,INE361K01017,GRADIENTE,BE,2.36,2.4,2.25,2.38,2.38,2.36,414891,955670.19,309
2026-09-18,INE12E301017,GCHOTELS,ST,113.4,115.05,113.0,115.05,115.05,109.6,35400,4062960.0,33
2026-09-18,INE534A01028,GFSTEELS,BE,25.44,25.44,25.44,25.44,25.44,24.23,4818,122569.92,24
2026-09-18,INE926B01016,GRANDOAK,EQ,35.48,35.48,33.55,34.23,34.95,34.07,2900,99569.85,113
2026-09-18,INE101D01020,GRANULES,EQ,874.0,890.4,865.9,875.5,870.1,870.4,1200729,1054166951.1,41555
2026-09-18,INE371A01025,GRAPHITE,EQ,815.0,838.0,810.0,830.85,830.0,814.1,2312208,1916247994.9,57695
2026-09-18,INE047A01021,GRASIM,EQ,3175.0,3209.2,3174.5,3209.2,3209.2,3173.1,682793,2181249956.4,28832
2026-09-18,INE266D01021,GRAUWEIL,EQ,83.0,88.53,82.25,86.62,86.7,79.09,14617872,1269894440.28,89051
2026-09-18,INE214F01026,GRAVISSHO,BE,38.25,38.25,38.25,38.25,38.25,40.26,3609,138044.25,30
2026-09-18,INE024L01027,GRAVITA,EQ,1611.6,1636.0,1585.7,1598.4,1604.0,1611.6,377745,605889626.4,26438
2026-09-18,INE224A01026,GREAVESCOT,EQ,192.1,200.13,192.1,197.35,197.49,191.72,1549231,305918015.52,23234
2026-09-18,INE0O7P01015,GREENCHEF,SM,70.0,74.0,70.0,73.5,74.0,71.7,22400,1621920.0,25
2026-09-18,INE544R01021,GREENLAM,EQ,236.0,238.19,228.96,231.51,232.0,236.73,75198,17416586.69,2039
2026-09-18,INE08ZM01014,GREENPANEL,EQ,158.5,159.9,154.48,157.83,156.33,158.4,701624,109677963.46,8812
2026-09-18,INE461C01038,GREENPLY,EQ,291.25,296.95,288.55,292.85,291.0,293.2,221495,64854450.65,3890
2026-09-18,INE199P01028,GCSL,EQ,588.6,620.5,588.6,618.55,617.2,594.35,622465,380067079.2,7554
2026-09-18,INE536A01023,GRINDWELL,EQ,1862.0,1914.0,1862.0,1895.6,1910.0,1862.2,41705,79031348.8,8004
2026-09-18,INE192H01020,GRMOVER,EQ,80.0,82.38,79.76,81.64,81.5,80.13,1123465,91546858.38,5557
2026-09-18,INE1TY801010,GJL,ST,277.5,306.65,277.5,303.4,306.65,292.05,8800,2649560.0,11
2026-09-18,INF666M01PH7,CEMNTGROWW,EQ,14.09,14.3,14.01,14.22,14.15,13.99,45103,639567.74,267
2026-09-18,INF666M01MM4,GROWWCAPM,EQ,11.29,11.29,11.1,11.24,11.26,11.12,516604,5792577.72,648
2026-09-18,INF666M01NP5,GROWWCHEM,EQ,29.37,29.37,28.76,29.3,29.34,29.06,29833,872746.37,246
2026-09-18,INF666M01IO8,GROWWDEFNC,EQ,93.38,94.35,92.31,93.86,94.18,92.31,167199,15665781.26,2464
2026-09-18,INF666M01IH2,GROWWEV,EQ,32.18,32.18,31.69,31.94,32.0,31.69,137774,4384725.77,1388
2026-09-18,INF666M01OE7,GROWWGOLD,EQ,14.81,14.99,14.81,14.94,14.94,14.69,1882882,28084620.9,2798
2026-09-18,INF666M01OD9,GROWWHOSPI,EQ,52.22,53.16,52.14,53.01,53.0,52.22,266394,14088600.97,911
2026-09-18,INF666M01IP5,GROWWLIQID,EQ,110.81,110.82,110.81,110.81,110.82,110.77,102618,11371333.66,137
2026-09-18,INF666M01LB9,GROWWLOVOL,EQ,10.08,10.24,10.08,10.12,10.13,10.08,13538,137007.55,99
2026-09-18,INF666M01MV5,GROWWMC150,EQ,226.64,228.98,226.44,228.5,228.5,226.57,165,37541.85,11
2026-09-18,INF666M01NI0,GROWWMETAL,EQ,12.2,12.44,12.2,12.37,12.38,12.2,443476,5482985.83,1346
2026-09-18,INF666M01KJ4,GROWWMOM50,EQ,10.8,10.96,10.77,10.88,10.94,10.77,144864,1573356.82,410
2026-09-18,INF666M01JV1,GROWWN200,EQ,11.04,11.22,10.91,11.12,11.15,11.04,14116,156069.49,203
2026-09-18,INF666M01LI4,GROWWNET,EQ,10.68,11.05,10.68,10.92,11.02,10.73,446972,4865671.41,598
2026-09-18,INF666M01LL8,GROWWNIFTY,EQ,9.65,9.65,9.4,9.48,9.53,9.42,375003,3544158.38,3052
2026-09-18,INF666M01LZ8,GROWWNXT50,EQ,71.46,72.75,71.46,72.64,72.75,71.56,1327,95840.22,69
2026-09-18,INF666M01LM6,GROWWPOWER,EQ,11.06,11.26,10.98,11.21,11.24,11.07,1720753,19239069.17,1794
2026-09-18,INF666M01NQ3,GROWWPSE,EQ,96.57,98.8,94.6,98.36,98.79,96.57,2729,265287.17,136
2026-09-18,INF666M01OG2,GROWWPSUBK,EQ,81.11,84.6,81.11,83.61,84.0,82.61,12152,1011940.23,120
2026-09-18,INF666M01JJ6,GROWWRAIL,EQ,27.12,27.59,26.95,27.44,27.59,26.99,641865,17541655.4,2348
2026-09-18,INF666M01MN2,GROWWRLTY,EQ,9.49,9.56,9.39,9.54,9.55,9.39,2189718,20829243.83,433
2026-09-18,INF666M01MO0,GROWWSC250,EQ,10.69,10.69,10.38,10.54,10.58,10.38,183371,1925056.46,1029
2026-09-18,INF666M01OF4,GROWWSLVR,EQ,22.5,23.06,22.5,22.92,23.0,22.17,2841992,65012241.99,4083
2026-09-18,INF666M01OT5,PVTBKGROWW,EQ,27.11,27.7,27.11,27.7,27.7,27.33,4283,117212.4,55
2026-09-18,INF666M01PG9,SMALLGROWW,EQ,47.1,49.21,47.1,48.51,48.5,48.11,17667,863335.54,104
2026-09-18,INE137I01015,GRPLTD,EQ,2018.3,2021.5,1974.2,2008.2,2007.9,1971.9,1162,2324263.6,151
2026-09-18,INE0SQY01018,GSMFOILS,SM,94.6,94.6,85.6,85.6,85.6,90.1,539500,49056425.0,668
2026-09-18,INE713R01022,GSPCROP,EQ,482.0,493.85,479.0,482.1,480.0,484.05,277176,134293146.2,5230
2026-09-18,INE871H01011,GSS,EQ,10.28,10.6,10.08,10.37,10.43,10.02,31000,321049.54,208
2026-09-18,INE221H01019,GTLINFRA,EQ,1.14,1.17,1.13,1.15,1.16,1.14,29685116,34131319.57,9732
2026-09-18,INE043A01012,GTL,EQ,7.02,7.15,7.02,7.09,7.12,7.06,57543,406406.73,324
2026-09-18,INE869I01013,GTPL,EQ,57.68,57.9,56.8,56.96,56.8,56.62,73098,4175926.24,938
2026-09-18,INE742B01025,GUFICBIO,EQ,422.3,439.9,422.3,436.0,439.9,425.5,58865,25598439.85,3045
2026-09-18,INE162A01010,GIPCL,EQ,186.0,189.06,185.26,188.35,188.46,186.12,253911,47643506.86,5004
2026-09-18,INE113A01013,GNFC,EQ,578.85,594.35,574.0,588.9,587.1,584.85,1359872,796832456.1,32647
2026-09-18,INE026A01025,GSFC,EQ,153.05,153.72,150.35,151.92,152.44,152.27,1280620,194315622.19,10337
2026-09-18,INE826C01016,GUJAPOLLO,EQ,333.95,354.95,324.0,350.1,352.55,324.0,36321,12340359.3,1199
2026-09-18,INE186A01019,GUJALKALI,EQ,661.55,668.8,631.1,638.7,640.0,673.75,217900,139851685.7,10852
2026-09-18,INE036B01030,GAEL,EQ,160.1,160.6,156.25,156.95,156.4,159.41,962051,152330484.78,23022
2026-09-18,INE844O01030,GUJENERGY,EQ,239.95,251.0,238.4,244.64,244.0,239.43,6160841,1507315683.14,62578
2026-09-18,INE09N301011,FLUOROCHEM,EQ,4490.0,4613.9,4490.0,4586.7,4599.0,4471.8,225937,1031545593.3,17132
2026-09-18,INE0V0W01025,GKSL,EQ,178.14,186.0,178.13,181.25,182.0,177.82,273151,50001116.14,6196
2026-09-18,INE540A01017,GLFL,EQ,5.35,5.35,5.03,5.06,5.18,5.11,320,1634.01,10
2026-09-18,INE131A01031,GMDCLTD,EQ,551.0,559.8,551.0,556.45,557.5,549.15,635840,353087899.45,21302
2026-09-18,INE207H01018,GNRL,EQ,101.6,103.99,96.69,98.43,97.98,101.05,205527,20463203.42,6526
2026-09-18,INE517F01014,GPPL,EQ,162.9,163.2,158.35,160.35,160.5,162.59,1713766,273742222.79,20461
2026-09-18,INE610B01024,GUJRAFFIA,EQ,40.91,41.8,40.05,40.25,40.2,40.91,3547,143629.23,67
2026-09-18,INE942C01045,GUJTHEM,EQ,420.15,440.0,418.5,427.4,429.1,420.15,580582,251433087.15,16778
2026-09-18,INE635Q01029,GULFOILLUB,EQ,1070.9,1073.1,1061.3,1070.1,1073.0,1064.0,30222,32317506.5,3972
2026-09-18,INE255D01024,GULPOLY,EQ,171.25,172.0,168.17,169.99,171.0,171.05,99834,16956678.19,2287
2026-09-18,INE1CCX01012,GURUNANAK,SM,36.15,36.15,36.15,36.15,36.15,37.0,1600,57840.0,1
2026-09-18,INE251H01024,GVKPIL,BE,2.41,2.41,2.41,2.41,2.41,2.37,321527,774880.07,173
2026-09-18,INE382T01030,GVPTECH,BE,7.5,7.5,7.25,7.34,7.45,7.4,44713,329131.15,227
2026-09-18,INE724A01017,GYFTR,EQ,177.51,182.49,168.18,171.05,169.0,176.12,223375,38268025.63,2821
2026-09-18,INE640B01021,HBESD,EQ,70.0,74.5,69.3,73.57,73.59,71.61,1323,94975.16,33
2026-09-18,INE926X01010,HGINFRA,EQ,460.65,466.3,441.2,442.45,444.1,460.65,172786,77706252.15,10566
2026-09-18,INE115S01010,HALDER,EQ,286.2,293.1,277.0,280.95,279.85,297.15,482,137675.75,64
2026-09-18,INE506D01020,HALDYNGL,BE,143.5,143.5,141.05,142.58,143.0,140.41,28774,4090252.86,169
2026-09-18,INE320X01016,HALEOSLABS,EQ,1493.5,1524.9,1470.0,1497.6,1499.0,1493.0,777,1160704.8,90
2026-09-18,INE299D01022,HAMPTON,EQ,8.99,8.99,7.93,8.22,8.15,8.26,115275,947454.43,140
2026-09-18,INE596H01014,HGM,EQ,49.33,49.33,47.4,48.51,48.7,47.79,546,26546.47,22
2026-09-18,INE419U01012,HAPPSTMNDS,EQ,329.0,329.8,319.0,321.55,321.15,327.9,860696,278237797.6,17204
2026-09-18,INE330T01021,HAPPYFORGE,EQ,2177.8,2180.9,2140.0,2148.3,2140.0,2143.2,61172,131999844.2,9926
2026-09-18,INE1GFG01011,HAPPY,SM,76.0,82.0,76.0,79.9,79.9,77.7,42000,3341300.0,21
2026-09-18,INE626Z01029,HARDWYN,EQ,9.12,9.24,9.02,9.16,9.23,9.07,693563,6328363.7,627
2026-09-18,INE00EV01017,HARIOMPIPE,EQ,354.95,369.95,348.9,362.9,363.9,349.65,170163,61625035.9,6899
2026-09-18,INE400G01011,HRYNSHP,EQ,97.55,101.25,96.1,97.19,96.3,97.5,1604,155490.34,78
2026-09-18,INE544A01019,HARRMALAYA,EQ,183.45,183.45,178.0,178.49,178.18,180.71,10216,1838249.32,353
2026-09-18,INE0JUS01029,HARSHA,EQ,435.25,451.0,435.25,440.45,442.7,433.85,92889,41192353.85,4359
2026-09-18,INE982F01036,HATHWAY,EQ,10.02,10.1,9.91,9.98,10.04,10.02,1165234,11658942.55,1812
2026-09-18,INE473B01035,HATSUN,EQ,1186.9,1186.9,1125.1,1139.1,1139.9,1181.6,78526,89957833.9,10386
2026-09-18,INE176B01034,HAVELLS,EQ,1086.0,1132.4,1086.0,1132.4,1132.4,1092.0,745375,825560776.6,26029
2026-09-18,INE979B01015,HAWKINCOOK,EQ,8364.5,8364.5,8250.0,8286.0,8250.0,8251.5,937,7775030.5,478
2026-09-18,INE550F01049,HAZOOR,EQ,18.55,19.9,17.75,19.3,19.49,18.55,2904804,55635282.1,7086
2026-09-18,INE638B01025,HBPOR,EQ,61.5,62.93,60.68,61.0,61.0,61.49,788,48367.15,34
2026-09-18,INE550B01022,HBSL,EQ,53.33,53.33,52.0,52.68,53.0,53.33,1597,83763.55,36
2026-09-18,INE292B01021,HBLENGINE,EQ,754.0,768.0,751.0,760.0,757.95,756.75,1898943,1443078746.3,45457
2026-09-18,INE236A01020,HCL-INSYS,EQ,10.2,10.6,10.05,10.47,10.55,10.08,494275,5123390.79,1247
2026-09-18,INE860A01027,HCLTECH,EQ,1258.3,1260.8,1235.6,1249.3,1249.3,1258.3,2886447,3593799548.9,68284
2026-09-18,INE756I01012,HDBFS,EQ,678.0,701.55,674.15,698.4,697.0,681.45,780230,539824432.0,25117
2026-09-18,INE127D01025,HDFCAMC,EQ,2405.6,2439.0,2401.2,2425.0,2425.0,2387.7,1040790,2523946181.2,60151
2026-09-18,INE040A01034,HDFCBANK,EQ,715.25,733.8,715.25,731.0,731.0,713.0,39400710,28683851493.85,281343
2026-09-18,INF179KC1981,HDFCGOLD,EQ,130.0,131.06,129.67,130.64,130.6,128.68,3837028,500884779.42,8616
2026-09-18,INE795G01014,HDFCLIFE,EQ,557.1,564.95,550.95,550.95,550.95,557.0,5599030,3126717366.2,70994
2026-09-18,INF179KC1EZ4,HDFCBSE500,EQ,36.31,37.61,36.31,36.91,36.8,36.67,202980,7483504.71,259
2026-09-18,INF179KC1DJ0,HDFCGROWTH,EQ,115.6,115.64,114.3,114.77,115.06,115.6,17188,1971136.83,195
2026-09-18,INF179KC1JG3,HDFCLIQUID,EQ,1078.61,1078.63,1078.61,1078.63,1078.63,1078.18,10808,11657662.9,62
2026-09-18,INF179KC1HU8,HDFCLOWVOL,EQ,19.6,20.29,19.6,19.9,19.9,20.0,5708,113708.81,90
2026-09-18,INF179KC1HT0,HDFCMID150,EQ,23.3,23.3,22.92,23.12,23.15,22.84,361504,8332153.34,1126
2026-09-18,INF179KC1HV6,HDFCMOMENT,EQ,30.4,30.83,30.4,30.72,30.7,30.36,113697,3489689.0,474
2026-09-18,INF179KC1HS2,HDFCNEXT50,EQ,73.05,73.99,73.05,73.88,73.99,73.05,38062,2800584.6,410
2026-09-18,INF179KC1HR4,HDFCNIF100,EQ,25.34,25.4,25.26,25.35,25.32,25.29,50524,1280098.47,221
2026-09-18,INF179KC1HY0,HDFCNIFBAN,EQ,57.86,58.15,57.81,57.99,58.08,57.81,31923,1850480.65,350
2026-09-18,INF179KC1IA8,HDFCNIFIT,EQ,31.27,31.27,30.6,30.69,30.76,31.12,256307,7873823.73,476
2026-09-18,INF179KC1965,HDFCNIFTY,EQ,264.61,264.62,262.62,263.56,263.75,263.02,1788313,470346598.73,3285
2026-09-18,INF179KC1KT4,HDFCNIMEG,EQ,128.33,130.05,128.33,129.9,129.39,128.33,15389,1997788.06,84
2026-09-18,INF179KC1HZ7,HDFCPVTBAN,EQ,28.01,28.01,27.74,27.83,27.8,27.74,50848,1415526.48,258
2026-09-18,INF179KC1DL6,HDFCQUAL,EQ,56.55,57.05,56.55,56.72,57.0,56.92,11934,677989.44,77
2026-09-18,INF179KC1HX2,HDFCSENSEX,EQ,84.77,85.2,84.35,84.78,85.0,84.77,51347,4341990.8,537
2026-09-18,INF179KC1DI2,HDFCSILVER,EQ,221.28,225.17,221.1,223.95,224.25,216.47,3863924,862353781.07,14553
2026-09-18,INF179KC1FB2,HDFCSML250,EQ,182.87,184.95,181.9,184.55,184.85,181.9,1274357,234494021.43,19415
2026-09-18,INF179KC1DK8,HDFCVALUE,EQ,121.91,124.5,121.52,121.96,121.95,121.91,7148,873573.01,93
2026-09-18,INF179KC1HW4,HDFCPSUBK,EQ,83.75,84.18,83.47,84.13,83.8,83.64,41351,3462351.61,215
2026-09-18,INE759V01019,HEADSUP,EQ,7.24,7.24,6.61,6.71,6.9,6.97,14036,94433.76,220
2026-09-18,INE019J01013,HEALTHX,EQ,319.0,319.0,294.0,300.0,305.0,300.0,1400,419377.2,105
2026-09-18,INE075I01017,HCG,EQ,693.45,715.0,693.2,708.25,705.5,687.15,82273,58257324.5,8721
2026-09-18,INE558R01013,HECPROJECT,EQ,116.84,121.42,114.31,119.77,120.98,116.84,8152,971684.35,153
2026-09-18,INE545A01024,HEG,BE,226.3,237.05,226.25,237.05,237.05,225.8,930482,219822009.6,3895
2026-09-18,INE578A01017,HEIDELBERG,EQ,141.83,149.0,141.16,145.92,147.84,141.57,145888,21045554.9,2329
2026-09-18,INE0AJG01018,HEMIPROP,EQ,120.15,122.29,120.0,120.77,120.05,120.81,245577,29736014.36,2402
2026-09-18,INE694N01015,HERANBA,EQ,166.95,168.88,163.79,167.02,166.6,165.78,35651,5912341.96,1230
2026-09-18,INE978A01027,HERITGFOOD,EQ,406.25,421.0,402.5,418.1,420.8,405.45,567662,233495575.85,12022
2026-09-18,INE158A01026,HEROMOTOCO,EQ,5325.0,5362.5,5285.5,5285.5,5285.5,5325.0,688654,3654932065.5,42269
2026-09-18,INE782E01017,HESTERBIO,EQ,2245.0,2275.5,2162.8,2195.6,2182.0,2245.8,5041,11125936.8,748
2026-09-18,INE750M01017,HEXATRADEX,EQ,158.7,172.0,155.31,158.29,157.3,156.61,2261,365570.55,79
2026-09-18,INE0JUI01012,HEXAGON,BE,64.42,67.0,63.5,66.26,66.45,64.29,200000,12986469.32,714
2026-09-18,INE093A01041,HEXT,EQ,525.25,527.2,516.45,524.55,521.0,526.45,191368,100252049.3,11116
2026-09-18,INE548A01028,HFCL,BE,213.9,219.4,208.5,215.71,214.7,209.45,6279766,1351642356.42,33133
2026-09-18,INE957N08151,920HFL30,N0,104599.05,104599.05,104599.05,104599.05,104599.05,104524.0,1,104599.05,1
2026-09-18,INE0PIC01017,HIGREEN,SM,119.9,119.9,114.0,116.9,116.0,117.7,36000,4199600.0,38
2026-09-18,INE106T01025,HITECH,EQ,74.2,76.7,73.66,76.14,75.91,73.74,751081,56489123.6,4939
2026-09-18,INE00RL01028,HILINFRA,EQ,43.07,46.74,43.07,43.92,43.87,43.07,415937,18729019.24,2802
2026-09-18,INE475B01022,HIKAL,EQ,225.29,232.34,224.6,226.04,227.5,225.29,382596,87376608.33,7854
2026-09-18,INE788H01017,HILTON,EQ,16.81,17.73,16.16,16.38,16.35,17.01,395977,6593852.8,2438
2026-09-18,INE019C01026,HSCL,EQ,656.5,678.85,654.1,675.35,678.0,653.35,2687060,1799787102.65,43156
2026-09-18,INE049A01027,HIMATSEIDE,EQ,63.7,65.44,62.94,64.66,64.06,63.65,578349,37143712.62,5968
2026-09-18,INE227B01019,HINDALUMI,EQ,95.5,96.0,92.05,94.27,93.0,93.7,1778,167206.91,97
2026-09-18,INE038A01020,HINDALCO,EQ,982.9,999.3,979.4,986.5,986.5,980.5,8310236,8206664716.5,77966
2026-09-18,INE642Y01029,HINDCON,EQ,23.73,24.64,23.4,23.81,24.21,23.73,32398,776453.67,177
2026-09-18,INE05X901010,HPIL,EQ,118.01,123.99,118.0,118.99,119.0,117.86,737,88921.53,32
2026-09-18,INE170I01016,HGS,EQ,383.0,383.0,378.05,379.4,378.9,386.35,19544,7432911.15,842
2026-09-18,INE074C01013,HINDADH,EQ,376.0,379.7,372.0,374.9,377.5,376.8,2455,920349.65,38
2026-09-18,INE066F01020,HAL,EQ,4804.9,4890.0,4780.0,4800.3,4800.3,4788.0,972849,4705232063.3,53601
2026-09-18,INE310C01029,HINDCOMPOS,EQ,371.95,390.0,365.65,378.65,375.2,369.9,7703,2911805.7,511
2026-09-18,INE549A01026,HCC,EQ,21.72,21.9,21.37,21.77,21.78,21.56,16759566,362666811.04,19314
2026-09-18,INE531E01026,HINDCOPPER,EQ,490.7,499.25,487.05,497.4,496.25,485.5,9888264,4889742024.05,103229
2026-09-18,INE254N01026,HNDFDS,EQ,620.0,629.0,613.0,625.7,626.0,620.35,57146,35679074.9,3861
2026-09-18,INE871K01015,HMVL,BE,77.01,81.2,73.48,81.09,81.2,77.34,129194,9819525.3,430
2026-09-18,INE345A01011,HINDOILEXP,EQ,182.3,182.78,178.35,180.29,179.19,180.95,525134,95005791.81,9735
2026-09-18,INE094A01015,HINDPETRO,EQ,352.4,359.0,350.5,359.0,359.0,350.6,6539998,2320277235.7,35412
2026-09-18,INE030A01027,HINDUNILVR,EQ,1950.0,1959.6,1932.0,1932.0,1932.0,1942.2,1994635,3883927606.8,50307
2026-09-18,INE267A01025,HINDZINC,EQ,578.3,596.0,578.3,596.0,596.0,572.3,7197021,4223343438.3,62424
2026-09-18,INE05AN01011,HINDWAREAP,EQ,176.58,178.84,171.0,172.08,172.0,176.95,124952,21678804.36,3225
2026-09-18,INE835D01023,HIRECT,EQ,1225.0,1279.0,1214.2,1242.8,1237.3,1211.9,50557,63379134.9,4332
2026-09-18,INE598C01011,HISARMETAL,EQ,153.1,158.0,153.1,154.53,154.23,155.38,148,22912.07,33
2026-09-18,INE07Y701011,POWERINDIA,EQ,31490.0,32700.0,31450.0,32700.0,32700.0,31230.0,125521,4026772205.0,30037
2026-09-18,INE120D01012,HITECHCORP,BE,334.0,334.0,325.0,328.4,328.95,331.8,1007,328940.35,36
2026-09-18,INE461D01028,HLEGLAS,EQ,415.95,457.2,413.0,446.9,447.0,415.65,1020903,454599689.3,25295
2026-09-18,INE102A01024,HLVLTD,EQ,6.78,6.85,6.65,6.75,6.74,6.66,114147,771116.85,462
2026-09-18,INE0ECP01024,HMAAGRO,EQ,23.0,24.36,22.86,23.77,23.86,23.08,3564052,84297130.09,10216
2026-09-18,INE262A01018,HMT,BZ,61.49,61.5,60.6,61.32,61.5,60.82,9036,554468.82,64
2026-09-18,INE0S6S01017,HOACFOODS,ST,842.45,842.45,842.45,842.45,842.45,859.6,10125,8529806.25,20
2026-09-18,INE0LXA01019,HOLMARC,SM,110.0,110.0,110.0,110.0,110.0,110.0,1500,165000.0,2
2026-09-18,INE481N01025,HOMEFIRST,EQ,1165.0,1265.0,1158.2,1241.3,1246.6,1173.3,873253,1067548331.8,42163
2026-09-18,INE0N7F01017,HOMESFY,SM,116.0,116.0,116.0,116.0,116.0,111.3,1800,208800.0,2
2026-09-18,INE0J5401028,HONASA,EQ,458.1,481.5,458.1,479.55,476.0,460.1,1065010,506605759.25,28643
2026-09-18,INE634A01018,HONDAPOWER,EQ,1959.9,1975.0,1902.0,1930.3,1905.1,1934.1,4755,9221417.8,602
2026-09-18,INE671A01010,HONAUT,EQ,33915.0,36485.0,33885.0,35445.0,35260.0,33915.0,15555,551310670.0,8171
2026-09-18,INE685T01010,HORIZONIND,EQ,51.9,54.5,51.89,54.23,54.25,52.17,2786457,149675841.82,12343
2026-09-18,INE191I01012,HDIL,BZ,1.47,1.48,1.44,1.45,1.45,1.47,182234,265884.1,179
2026-09-18,INE0GSL01024,HPAL,EQ,34.83,35.4,34.61,34.76,34.61,34.83,28109,981504.61,320
2026-09-18,INE0VA601019,HPTL,SM,434.05,434.05,425.0,428.05,434.05,413.4,15600,6712830.0,18
2026-09-18,INE495S01016,HPL,EQ,280.35,286.85,279.4,284.3,284.0,280.4,113357,32105411.55,4232
2026-09-18,INE0R3501012,HRHNEXT,SM,25.0,26.55,25.0,26.55,26.55,25.55,10500,271800.0,3
2026-09-18,INF336L01RX2,HSBCGOLD,EQ,131.01,133.5,130.94,132.91,132.79,130.65,13418,1771053.26,77
2026-09-18,INE031A01017,HUDCO,EQ,170.2,176.5,169.71,174.92,176.24,169.55,3438429,598498373.88,43245
2026-09-18,INE501G01024,HTMEDIA,EQ,24.12,24.7,23.26,23.69,23.9,24.0,100997,2404607.42,537
2026-09-18,INE703H01016,HUBTOWN,EQ,175.0,180.0,174.66,177.69,178.03,173.76,745087,131748010.93,7409
2026-09-18,INE275B01026,HUHTAMAKI,EQ,247.1,248.0,241.0,245.0,247.4,243.6,136211,33173898.75,4801
2026-09-18,INE0TO501019,HVAX,SM,694.15,707.85,677.5,680.85,677.5,674.15,7950,5573617.5,27
2026-09-18,INE0LEG01024,HTEL,EQ,73.75,79.38,71.26,76.77,77.0,72.05,3939738,299595361.08,36584
2026-09-18,INE965B01022,HYBRIDFIN,BE,16.21,16.81,16.21,16.29,16.29,16.23,7980,132555.4,35
2026-09-18,INE0V6F01027,HYUNDAI,EQ,2176.0,2208.8,2155.5,2208.8,2208.8,2160.0,764325,1667978543.9,40796
2026-09-18,INE204A01010,IGPL,EQ,554.55,562.15,542.0,550.15,542.0,554.55,52110,28933966.4,1799
2026-09-18,INE684B01029,ISTLTD,EQ,661.05,687.8,655.5,663.85,667.0,683.9,583,388342.35,77
2026-09-18,INE0XE501015,ICELCO,SM,125.95,125.95,122.0,124.2,124.9,121.5,39600,4893180.0,28
2026-09-18,INE613B01010,ICDSLTD,BE,58.8,58.8,55.86,56.16,57.04,58.8,5950,336420.04,66
2026-09-18,INE520Y01019,ICEMAKE,EQ,668.0,694.0,668.0,685.6,682.0,668.9,53006,36123281.0,2403
2026-09-18,INE090A01021,ICICIBANK,EQ,1351.9,1359.8,1338.9,1338.9,1338.9,1347.6,7509409,10085608639.0,140838
2026-09-18,INE765G01017,ICICIGI,EQ,1485.7,1486.8,1458.1,1458.1,1458.1,1486.7,925599,1363321699.5,26992
2026-09-18,INF109KC19U5,LOWVOLIETF,EQ,21.59,21.59,21.32,21.41,21.54,21.36,4231155,90372021.62,13533
2026-09-18,INE726G01019,ICICIPRULI,EQ,494.0,501.45,491.1,492.0,492.0,490.5,2240637,1112606694.9,48255
2026-09-18,INF109KC10W0,MIDSELIETF,EQ,19.8,19.8,19.44,19.63,19.75,19.43,169980,3327014.42,602
2026-09-18,INF109KC16V9,NIF100IETF,EQ,27.3,27.52,27.26,27.4,27.5,27.3,41367,1131684.73,1041
2026-09-18,INF109K012R6,NIFTYIETF,EQ,268.5,268.5,264.37,265.13,265.01,264.67,397456,105272247.68,13076
2026-09-18,INF346A01034,SENSEXIETF,EQ,854.94,862.49,854.93,858.7,857.0,855.42,5572,4780565.01,317
2026-09-18,INE346A01027,ICICIAMC,EQ,3085.2,3286.0,3073.7,3206.7,3274.7,3098.0,1632087,5200072612.8,66799
2026-09-18,INF109KC1NT3,GOLDIETF,EQ,129.82,131.62,129.82,131.16,130.94,128.97,4606964,603251090.52,23463
2026-09-18,INF109KC11V0,NV20IETF,EQ,13.22,13.29,13.14,13.2,13.24,13.22,328699,4328935.07,1656
2026-09-18,INF109KB15Y7,ICICIB22,EQ,113.12,113.12,111.97,112.46,112.12,112.0,154083,17311074.18,2156
2026-09-18,INF109K1A021,CASHIETF,EQ,1079.83,1080.28,1078.82,1080.26,1080.26,1079.83,122070,131868809.27,101
2026-09-18,INF109K1A153,EVIETF,EQ,31.92,32.95,31.73,32.04,32.95,31.71,133816,4278157.52,502
2026-09-18,INF109KC18O0,GSEC10IETF,EQ,263.97,263.97,263.97,263.97,263.97,263.89,2,527.94,2
2026-09-18,INF109KC1V59,BSE500IETF,EQ,38.4,38.84,38.26,38.76,38.62,38.45,58159,2246028.87,948
2026-09-18,INF109KC14A8,GSEC5IETF,EQ,65.64,66.4,65.64,66.4,66.4,66.14,563,37227.62,25
2026-09-18,INF109KC17V7,ALPL30IETF,EQ,27.01,27.19,26.98,27.04,27.19,27.01,241054,6522573.49,724
2026-09-18,INF109KC10V2,AUTOIETF,EQ,28.3,28.4,28.22,28.35,28.36,28.3,993774,28133042.74,1483
2026-09-18,INF109KC18U7,PVTBANIETF,EQ,27.58,27.83,27.55,27.7,27.83,27.58,2501679,69091207.21,1224
2026-09-18,INF109KC19O8,COMMOIETF,EQ,97.15,97.93,97.15,97.5,97.42,97.15,21581,2105114.5,1213
2026-09-18,INF109KC1V42,CONSUMIETF,EQ,119.0,119.7,118.68,119.09,119.62,119.86,4906,583565.23,160
2026-09-18,INF109KC19V3,FMCGIETF,EQ,49.49,49.49,48.87,49.28,49.49,49.12,1479012,72627449.88,3295
2026-09-18,INF109KC16E5,INFRAIETF,EQ,92.74,93.3,92.6,92.96,92.85,92.3,203080,18849872.11,2413
2026-09-18,INF109KC1KT9,LIQUIDIETF,EQ,1000.0,1000.01,999.99,999.99,1000.0,999.99,841690,841689143.04,183
2026-09-18,INF109KC11W8,MIDCAPIETF,EQ,23.55,23.81,23.45,23.7,23.78,23.41,934043,22039958.76,1857
2026-09-18,INF109KC17C7,MOM30IETF,EQ,30.95,31.19,30.79,31.08,31.15,30.75,375419,11654724.16,1232
2026-09-18,INF109KC1NS5,NEXT50IETF,EQ,76.81,76.81,74.82,76.39,76.5,75.3,466182,35411282.15,3561
2026-09-18,INF109KC1Q72,HEALTHIETF,EQ,170.0,171.44,169.81,170.91,171.44,170.03,124667,21269405.25,980
2026-09-18,INF109KC18V5,QUAL30IETF,EQ,20.33,20.79,20.3,20.35,20.48,20.38,136727,2779984.39,208
2026-09-18,INF109KC1Y56,SILVERIETF,EQ,231.22,234.96,230.97,233.89,234.0,226.19,3751667,874397911.62,16593
2026-09-18,INF109KC16I6,ITIETF,EQ,32.46,32.46,31.83,32.0,32.05,32.46,825230,26429479.29,1974
2026-09-18,INF109K1A567,INSUREIETF,EQ,15.13,15.21,15.09,15.11,15.2,15.09,308060,4670400.2,128
2026-09-18,INF109KC15I8,BANKIETF,EQ,58.0,58.03,57.68,57.9,57.8,57.8,95206,5510984.65,952
2026-09-18,INF109KC19W1,METALIETF,EQ,13.29,13.29,12.97,13.08,13.08,12.97,3650778,47725360.69,7253
2026-09-18,INF109KC18W3,OILIETF,EQ,11.03,11.19,11.01,11.14,11.14,11.02,690859,7682197.62,1485
2026-09-18,INF109KC10S8,PSUBNKIETF,EQ,84.0,84.69,83.75,84.34,84.69,83.83,111967,9431301.01,674
2026-09-18,INF109K1A476,SMALLIETF,EQ,18.17,18.38,18.17,18.35,18.35,18.09,36738,670405.09,84
2026-09-18,INF109K1A344,TOP15IETF,EQ,9.53,9.6,9.46,9.49,9.54,9.56,237198,2246656.66,391
2026-09-18,INF109KC16X5,VAL30IETF,EQ,14.81,14.92,14.77,14.88,14.8,14.88,91576,1360801.25,365
2026-09-18,INF109KC17L8,FINIETF,EQ,32.17,32.46,32.06,32.28,32.4,31.93,140103,4510322.31,836
2026-09-18,INE725G01011,ICRA,EQ,4642.6,4642.6,4525.1,4544.7,4539.9,4584.6,33473,152408413.0,10275
2026-09-18,INE008A01015,IDBI,EQ,82.3,84.89,81.8,83.06,83.17,81.89,20869049,1738485342.66,55592
2026-09-18,INE349Y01013,IDEAFORGE,EQ,721.0,734.8,713.55,729.6,731.6,717.95,103895,75095625.45,7799
2026-09-18,INE0T9I01011,IDEALTECHO,SM,104.9,104.9,95.0,95.0,95.0,92.8,6000,587950.0,6
2026-09-18,INE092T01019,IDFCFIRSTB,EQ,86.0,87.17,85.92,85.92,85.92,86.33,27340008,2367379249.45,71701
2026-09-18,INE076C01018,IFBAGRO,EQ,867.7,899.0,855.1,888.0,883.0,865.15,3866,3402002.85,489
2026-09-18,INE559A01017,IFBIND,EQ,1208.1,1234.9,1208.1,1225.1,1234.8,1217.9,22497,27469346.7,2266
2026-09-18,INE039A01010,IFCI,EQ,77.56,77.97,75.4,76.51,76.46,77.09,60473703,4615748681.72,137547
2026-09-18,INE133Y01011,IFGLEXPOR,EQ,198.62,205.49,197.42,199.03,200.0,197.64,28261,5660199.62,1017
2026-09-18,INE01XO07017,1225IFL27,N0,6239.9,6240.0,6239.9,6240.0,6240.0,6100.0,5,31199.8,4
2026-09-18,INE01XO07025,1225IFL28,N0,7500.0,7500.0,7500.0,7500.0,7500.0,7056.0,4,30000.0,2
2026-09-18,INE188B01013,IGARASHI,EQ,433.7,439.9,428.6,432.35,431.65,428.8,77496,33517305.25,2778
2026-09-18,INE530B07633,865IIFL31,Y6,979.99,979.99,979.99,979.99,979.99,971.01,240,235197.6,1
2026-09-18,INE530B07617,870IIFL28,Y7,1041.03,1041.03,1041.03,1041.03,1041.03,1020.2,94,97856.82,1
2026-09-18,INE530B07609,9IIFL31,Y9,1010.0,1030.0,1010.0,1010.1,1010.1,1010.0,333,338347.6,28
2026-09-18,INE530B07534,930IIFL27,NX,1022.0,1022.0,1022.0,1022.0,1022.0,1115.0,1,1022.0,1
2026-09-18,INE489L01022,IIFLCAPS,EQ,336.9,346.85,336.8,345.1,345.45,336.95,1665584,571554888.2,13438
2026-09-18,INE530B01024,IIFL,EQ,602.0,614.25,598.5,600.2,600.0,596.55,2243955,1358963327.0,46070
2026-09-18,INE530B07625,IIFL60326,YB,1006.2,1006.2,1006.2,1006.2,1006.2,1005.0,100,100620.0,1
2026-09-18,INE0LOJ01019,IKIO,EQ,206.62,217.9,205.68,210.25,210.45,205.83,516858,109750903.58,11992
2026-09-18,INE369I01014,IL&FSENGG,BZ,39.0,40.95,38.6,40.56,40.95,39.0,77426,3089439.17,105
2026-09-18,INE050B01023,IVC,EQ,7.79,8.0,7.79,7.9,7.92,7.85,144297,1138486.82,713
2026-09-18,INE975G01012,IL&FSTRANS,BZ,1.95,1.95,1.86,1.91,1.92,1.91,25002,47855.52,57
2026-09-18,INE172N01012,IMAGICAA,EQ,51.43,54.79,51.19,52.82,53.3,51.18,1607686,86079612.51,8130
2026-09-18,INE691G01015,IMPEXFERRO,BZ,5.58,5.58,5.58,5.58,5.58,5.48,29142,162612.36,37
2026-09-18,INE452L01012,INCREDIBLE,EQ,34.45,34.45,32.12,32.37,33.39,33.31,3415,111455.11,105
2026-09-18,INE547E01014,IMPAL,EQ,1084.0,1112.8,1058.5,1065.6,1065.0,1077.7,1932,2070146.6,198
2026-09-18,INE915B01019,INDSWFTLAB,EQ,377.55,385.15,368.0,373.25,372.9,378.25,399757,150057370.05,9177
2026-09-18,INE611L01021,INDTERRAIN,EQ,28.86,29.98,28.12,28.91,29.0,28.9,57089,1656984.77,320
2026-09-18,INE841B01017,INDBANK,EQ,25.7,26.26,25.35,25.56,25.45,25.66,27153,697330.11,559
2026-09-18,INE0O9T01021,BAJAJINDEF,EQ,220.24,221.59,214.6,214.94,214.6,221.0,29344,6331342.5,795
2026-09-18,INE065X01017,INDGN,EQ,595.55,611.7,590.5,600.1,593.0,591.75,469267,280129022.05,18885
2026-09-18,INE560A01023,INDIAGLYCO,EQ,250.1,282.0,250.1,263.7,263.5,248.7,1678037,451526248.7,41091
2026-09-18,INE092B01025,INDNIPPON,EQ,1272.0,1279.6,1250.0,1260.0,1250.0,1262.1,32358,40917840.4,3862
2026-09-18,INE0D6701023,IPL,EQ,139.38,140.04,134.1,134.67,134.9,138.69,496519,67552844.32,5756
2026-09-18,INE922K01024,INDIASHLTR,EQ,673.0,685.0,668.9,681.85,681.7,670.2,62948,42663900.2,3381
2026-09-18,INE353K01014,ITDC,EQ,662.7,667.4,655.6,658.3,659.0,662.7,46546,30655517.35,3521
2026-09-18,INE126M01010,IBULLSLTD,EQ,30.0,31.0,29.51,30.39,30.6,29.65,34084914,1035824076.89,25529
2026-09-18,INE933S01016,INDIAMART,EQ,1651.4,1667.0,1622.4,1646.3,1650.0,1662.7,709316,1165553360.8,33856
2026-09-18,INE562A01011,INDIANB,EQ,845.0,848.85,835.0,839.8,839.8,840.5,1400080,1177442356.4,29330
2026-09-18,INE061A01014,INDIANCARD,EQ,209.0,214.0,209.0,210.0,210.0,209.0,144,30235.53,12
2026-09-18,INE0RRU01016,IEML,ST,40.55,43.4,40.0,42.95,43.4,41.35,70000,2950975.0,110
2026-09-18,INE022Q01020,IEX,EQ,113.0,115.46,113.0,115.46,115.46,113.4,2248423,257206765.68,16066
2026-09-18,INE323C01030,INDIANHUME,EQ,356.3,370.0,355.25,365.3,364.5,354.85,81339,29600266.4,3043
2026-09-18,INE919H01018,IMFA,EQ,1264.1,1290.5,1249.0,1252.2,1249.0,1273.7,49098,61938623.8,4929
2026-09-18,INE242A01010,IOC,EQ,135.02,137.0,134.6,137.0,137.0,134.27,11505787,1566116028.58,45169
2026-09-18,INE565A01014,IOB,EQ,32.18,32.32,32.0,32.17,32.25,32.1,1954679,62839767.54,12843
2026-09-18,INE0DHF01018,IPHL,SM,70.5,71.05,70.5,71.05,71.05,71.05,4800,339120.0,4
2026-09-18,INE335Y01020,IRCTC,EQ,458.0,480.0,457.15,476.75,477.0,457.0,1670118,787226441.85,46146
2026-09-18,INE053F01010,IRFC,EQ,79.32,81.5,79.32,81.5,81.5,79.31,14377921,1159119354.53,49309
2026-09-18,INE202E01016,IREDA,EQ,109.79,114.32,109.21,114.32,114.32,108.99,5072770,566212304.07,28813
2026-09-18,INE586E01020,IWP,EQ,35.95,35.95,33.62,34.73,34.72,34.71,9946,343942.25,206
2026-09-18,INE09VQ01012,INDIGOPNTS,EQ,1108.9,1108.9,1080.0,1099.7,1104.5,1098.9,43988,48097117.4,5701
2026-09-18,INE219X23014,INDIGRID,IV,173.12,174.3,173.0,173.49,173.45,173.12,1489506,258403683.13,19907
2026-09-18,INE06ST01018,INDIQUBE,EQ,200.0,202.87,190.9,192.85,191.25,202.45,81977,16012849.58,2435
2026-09-18,INE760F01028,INDOAMIN,BE,124.5,128.5,121.7,126.55,126.0,123.57,36333,4567089.87,277
2026-09-18,INE803D01021,INDOBORAX,EQ,466.75,481.65,466.75,472.6,472.25,466.75,40484,19125778.6,2386
2026-09-18,INE483B01026,ICIL,EQ,436.7,449.0,435.0,447.35,443.85,435.5,300607,133708004.7,11785
2026-09-18,INE622H01018,INDOFARM,EQ,135.9,137.74,135.02,136.78,136.51,135.07,92008,12523715.52,1168
2026-09-18,INE156A01020,INDORAMA,EQ,89.87,93.49,87.43,91.05,91.6,89.19,1163975,106297476.75,11322
2026-09-18,INE332H01014,INDOTECH,EQ,3429.0,3459.0,3350.0,3394.7,3355.0,3411.4,8364,28578174.8,1591
2026-09-18,INE337M01021,INDOTHAI,EQ,33.56,36.5,33.56,33.56,33.56,35.32,3760631,129133670.27,8454
2026-09-18,INE250Z01010,INDOUS,EQ,78.92,81.2,76.5,78.0,78.0,79.34,5215,409990.37,309
2026-09-18,INE084101034,INDOMIM,EQ,999.0,1064.0,990.5,1055.9,1062.0,993.2,3925761,4069794029.6,136840
2026-09-18,INE567A01028,NIPPOBATRY,EQ,327.0,327.0,315.2,319.8,320.0,315.2,1463,467188.45,110
2026-09-18,INE873D01024,INDOCO,EQ,254.44,259.65,247.0,249.01,248.99,254.44,205516,52265535.55,5672
2026-09-18,INE05J901018,IGCL,EQ,66.22,68.75,65.15,67.05,67.5,66.22,121706,8096483.49,1943
2026-09-18,INE716F01012,INDOKEM,EQ,643.15,668.0,602.0,620.0,615.05,643.15,13991,8887938.0,838
2026-09-18,INE866K01023,WAAREEINDO,EQ,260.1,271.7,253.3,267.95,268.0,258.8,293556,78840971.4,3946
2026-09-18,INE896L01010,INDOSTAR,EQ,232.69,244.9,227.59,241.05,240.55,229.49,121475,28960367.03,2439
2026-09-18,INE227G01018,INDOWIND,EQ,9.15,9.15,8.82,8.92,8.82,8.93,72495,653031.02,364
2026-09-18,INE203G01027,IGL,EQ,148.5,151.79,148.1,148.56,148.25,148.67,4539547,675867533.06,47438
2026-09-18,INE681B01017,INDRAMEDCO,EQ,360.55,366.9,360.05,362.9,361.7,363.65,134873,49100090.0,4687
2026-09-18,INE0NHL23019,INDUSINVIT,IV,131.94,132.37,131.52,132.05,131.98,131.94,66874,8835327.45,3818
2026-09-18,INE121J01017,INDUSTOWER,EQ,380.9,382.5,375.9,375.9,375.9,381.35,4696284,1773670936.3,41285
2026-09-18,INE095A01012,INDUSINDBK,EQ,963.8,969.3,955.3,966.3,966.3,958.2,6250679,6028003899.5,41220
2026-09-18,INE620D01011,INDPRUD,EQ,6304.5,6304.5,6150.0,6227.5,6210.5,6273.5,64,394956.5,13
2026-09-18,INE886A01014,IITL,EQ,149.9,149.96,142.0,143.37,143.0,148.03,110592,16306148.96,893
2026-09-18,INE0MRE01011,INFINIUM,SM,276.9,276.9,265.0,265.0,265.0,278.5,3000,801850.0,6
2026-09-18,INE0MYZ01012,INFLUX,SM,286.75,290.0,271.0,273.7,274.0,283.95,29400,8233230.0,49
2026-09-18,INE663F01032,NAUKRI,EQ,1265.0,1284.0,1251.2,1251.2,1251.2,1265.0,1486135,1883581536.3,40888
2026-09-18,INE344S01016,INFOBEAN,EQ,151.16,152.4,150.01,151.27,151.02,150.41,99135,14965815.72,1834
2026-09-18,INE0NNZ01013,INFOLLION,SM,156.5,159.95,155.0,156.5,156.0,156.5,2800,439380.0,7
2026-09-18,INE669A01022,INFOMEDIA,EQ,5.56,5.56,4.91,5.28,5.4,5.29,35771,184575.85,80
2026-09-18,INE009A01021,INFY,EQ,1061.9,1061.9,1038.0,1051.4,1051.4,1058.6,22124953,23185450968.9,133181
2026-09-18,INE177A01018,INGERRAND,EQ,4226.0,4275.9,4135.0,4155.7,4150.0,4225.2,41603,174527390.1,7246
2026-09-18,INE0S1D01010,INNOMET,ST,284.0,284.0,280.0,281.05,281.05,283.75,28800,8147610.0,32
2026-09-18,INE0DUT01020,INNOVACAP,EQ,1150.0,1183.6,1150.0,1179.8,1172.5,1149.5,32076,37548305.9,4402
2026-09-18,INE403Y01018,INNOVANA,EQ,300.2,306.0,297.3,303.25,306.0,298.95,35756,10779059.55,526
2026-09-18,INE0ADB01012,INNOVISION,EQ,254.35,254.8,251.6,253.1,252.45,254.45,8009,2025730.85,431
2026-09-18,INE510W01014,INOXGREEN,EQ,174.64,175.93,170.07,171.32,171.0,174.64,536646,92338921.62,4979
2026-09-18,INE616N01034,INOXINDIA,EQ,2030.0,2104.6,2016.0,2098.8,2099.7,2014.8,229005,476283112.5,24799
2026-09-18,INE066P01011,INOXWIND,EQ,74.33,76.8,74.29,76.8,76.8,74.1,10976663,828971968.37,23509
2026-09-18,INE070I01018,INSECTICID,EQ,597.55,608.25,597.35,605.6,608.0,598.85,5335,3213916.8,449
2026-09-18,INE0LGX01024,INA,EQ,88.66,93.5,87.81,91.7,92.9,87.38,561788,50813798.05,3556
2026-09-18,INE0NDX01019,INSPIRE,SM,9.7,9.7,9.0,9.0,9.0,9.25,4000,37400.0,2
2026-09-18,INE020G01017,INSPIRISYS,EQ,85.79,85.79,82.05,83.16,84.0,84.44,2161,181634.67,51
2026-09-18,INE418N01035,ESSENTIA,EQ,1.03,1.04,1.02,1.03,1.04,1.02,1591457,1638675.42,678
2026-09-18,INE306R01017,INTELLECT,EQ,651.7,656.9,641.4,647.45,646.4,651.3,290091,188090692.2,14097
2026-09-18,INE781A01025,INTENTECH,EQ,77.46,80.0,76.92,78.14,78.35,77.45,11763,915537.41,217
2026-09-18,INE00M901018,INTERARCH,EQ,1701.0,1719.9,1684.1,1705.8,1705.0,1692.2,35940,61172586.2,3353
2026-09-18,INE646L01027,INDIGO,EQ,4925.0,4970.0,4881.0,4920.0,4920.0,4845.0,732347,3612183364.0,49212
2026-09-18,INE0OPC01015,INM,SM,162.9,162.9,162.9,162.9,162.9,152.05,600,97740.0,1
2026-09-18,INE575C01027,INTLCONV,EQ,76.49,77.48,76.26,76.6,76.27,76.49,17876,1374292.6,745
2026-09-18,INE0Q9301021,IGIL,EQ,318.8,337.9,316.95,330.95,330.45,314.9,2435441,797835723.4,62142
2026-09-18,INE566K01011,ISFT,EQ,98.97,98.97,88.53,95.16,93.65,90.26,414668,39191669.97,7216
2026-09-18,INE878H01024,INVENTURE,EQ,0.89,0.9,0.89,0.89,0.89,0.89,358172,320253.47,294
2026-09-18,INE115Q01022,IKS,EQ,1721.0,1795.5,1721.0,1779.9,1794.0,1728.9,451923,804344724.1,25285
2026-09-18,INF205KA1BP1,IVZINGOLD,EQ,132.55,134.0,131.9,133.75,133.95,131.1,33465,4469444.2,443
2026-09-18,INF205KA1CC7,IVZINNIFTY,EQ,274.2,274.2,266.9,267.76,267.76,267.52,209,55884.69,21
2026-09-18,INE155E01016,INVPRECQ,BE,1375.0,1375.9,1350.0,1357.0,1357.0,1349.0,1269,1735828.0,43
2026-09-18,INE0XJ501010,INVICTA,SM,64.4,68.1,64.4,68.1,68.1,66.0,6400,427920.0,4
2026-09-18,INE485C01029,IOLCP,EQ,198.5,206.0,195.7,203.15,203.14,197.49,4695376,945062571.65,52561
2026-09-18,INE570A01022,IONEXCHANG,EQ,424.35,446.8,423.25,442.3,441.15,424.35,491666,215320936.95,17145
2026-09-18,INE558A01019,IPRINGLTD,EQ,138.5,141.99,137.1,139.95,140.0,137.0,2570,358027.37,79
2026-09-18,INE571A01038,IPCALAB,EQ,1972.3,2038.0,1964.0,2009.6,1999.0,1970.3,527501,1056837264.9,35647
2026-09-18,INE821I01022,IRB,EQ,18.99,18.99,18.38,18.48,18.43,18.85,21372707,397280075.44,33159
2026-09-18,INE183W23014,IRBINVIT,IV,63.85,65.25,63.85,65.12,64.8,63.85,1394444,90383018.54,5839
2026-09-18,INE962Y01021,IRCON,EQ,107.9,110.75,107.0,109.85,109.97,107.86,2642536,288790214.91,32436
2026-09-18,INE01GN01025,IRISDOREME,EQ,62.85,66.3,61.0,64.58,64.98,62.55,2408240,152755487.05,6183
2026-09-18,INE864K01010,IRIS,EQ,240.1,241.8,235.91,238.09,237.05,237.13,5209,1240717.32,353
2026-09-18,INE07U701015,IRMENERGY,EQ,278.15,278.15,268.0,270.2,270.25,269.1,69769,18831212.4,2516
2026-09-18,INE413U07475,920ISF28,N0,9579.5,9775.0,9500.0,9500.09,9500.09,9775.0,98,940580.64,15
2026-09-18,INE413U07442,925ISF28,N0,9800.0,9812.0,9800.0,9812.0,9812.0,9800.0,23,225604.0,4
2026-09-18,INE413U07426,950ISF27C,N0,9950.0,9950.0,9950.0,9950.0,9950.0,9929.1,2,19900.0,1
2026-09-18,INE858B01029,ISGEC,EQ,773.45,790.0,769.15,786.25,790.0,769.6,50228,39239136.85,4347
2026-09-18,INE561M01018,ISHANCH,EQ,50.0,53.25,49.5,51.04,50.5,49.43,41286,2126499.85,555
2026-09-18,INE0R7R01018,ITALIANE,SM,29.6,29.75,29.6,29.75,29.75,31.0,4000,118700.0,2
2026-09-18,INE379A01028,ITCHOTELS,EQ,154.99,159.5,154.4,158.8,158.9,154.33,2982731,471945859.76,33775
2026-09-18,INE154A01025,ITC,EQ,266.6,266.6,262.3,262.3,262.3,266.2,14399150,3805581978.0,103894
2026-09-18,INE248A01017,ITI,EQ,254.8,257.45,252.0,256.3,256.0,255.3,79274,20273303.0,3023
2026-09-18,INE478D01014,ITL,EQ,358.0,371.7,355.0,356.85,361.95,362.5,1046,375639.55,103
2026-09-18,INE056801025,IVALUE,EQ,229.0,229.16,218.1,222.03,221.7,228.08,132240,29594548.67,2857
2026-09-18,INE043C01018,IVP,BE,210.71,219.5,210.71,215.04,216.0,214.71,9157,1991587.87,95
2026-09-18,INE1AII01014,IWARE,ST,405.0,405.0,390.0,390.6,390.0,409.75,20400,8063610.0,31
2026-09-18,INE848A01014,IZMO,EQ,923.0,944.6,913.6,934.35,936.0,913.25,130243,121236980.8,8369
2026-09-18,INE168A01041,J&KBANK,EQ,147.6,149.7,145.0,146.58,146.25,147.28,3653479,539953532.16,36501
2026-09-18,INE0MB501011,JGCHEM,EQ,593.25,619.95,592.2,612.4,613.1,588.15,346503,211681710.2,14280
2026-09-18,INE199G01027,JAGRAN,EQ,62.5,62.5,61.5,62.36,62.5,61.96,110739,6872820.17,1380
2026-09-18,INE048B01035,JAGSNPHARM,EQ,228.78,230.49,226.0,228.42,227.95,227.24,48985,11159915.57,1670
2026-09-18,INE091G01026,JAIBALAJI,EQ,63.55,65.24,63.2,64.48,65.09,63.81,524099,33780915.75,3484
2026-09-18,INE070D01027,JAICORPLTD,EQ,93.2,94.8,93.2,94.42,94.25,93.17,148952,13994982.25,2280
2026-09-18,IN9175A01010,JISLDVREQS,EQ,21.29,21.97,20.55,20.94,21.15,21.18,12202,254252.9,190
2026-09-18,INE175A01038,JISLJALEQS,EQ,31.0,31.9,29.24,30.42,30.5,30.2,5621238,171796215.29,18818
2026-09-18,INE0YD401026,JAINREC,EQ,275.0,278.55,272.0,276.25,276.35,274.05,555155,152768067.35,11386
2026-09-18,INE02KC01010,JAINAM,SM,216.0,216.0,216.0,216.0,216.0,216.0,1000,216000.0,2
2026-09-18,INE0XIL01012,JAINIK,ST,199.0,199.0,199.0,199.0,199.0,199.5,2400,477600.0,2
2026-09-18,INE351F01018,JPPOWER,EQ,15.25,15.49,15.17,15.37,15.35,15.26,37304111,572526100.55,964557
2026-09-18,INE349X01015,JALAN,ST,1.7,1.7,1.7,1.7,1.7,1.75,6000,10200.0,2
2026-09-18,INE039C01032,JAMNAAUTO,EQ,126.6,128.0,122.4,125.03,125.6,126.96,2670217,331158605.36,25285
2026-09-18,INE953L01027,JSFB,EQ,516.7,534.1,514.4,527.3,529.95,520.1,1405254,741358004.55,23760
2026-09-18,INE00YJ01010,JARO,EQ,476.55,477.0,462.15,465.4,465.6,471.05,98491,46019816.4,2605
2026-09-18,INE039O01029,JASH,EQ,514.0,527.5,508.9,521.15,524.0,514.0,166601,86364513.3,7173
2026-09-18,INE0SMY01017,JAYBEE,SM,83.95,85.35,82.05,82.3,82.1,81.35,10500,876450.0,20
2026-09-18,INE571B01036,JAYBARMARU,EQ,114.7,114.7,109.9,111.15,110.51,113.4,160918,17979715.92,5595
2026-09-18,INE0J6801010,KORE,ST,165.0,172.0,164.5,169.85,170.0,172.9,11500,1940362.5,18
2026-09-18,INE785A01026,JAYAGROGN,EQ,228.3,229.5,225.02,227.39,227.27,225.41,6086,1383129.44,312
2026-09-18,INE854B01010,JAYNECOIND,EQ,89.08,89.75,88.6,89.26,89.7,88.94,1630439,145247540.71,10171
2026-09-18,INE1AE401014,JAYESH,SM,127.0,127.0,127.0,127.0,127.0,130.85,1000,127000.0,1
2026-09-18,INE903A01025,JAYKAY,EQ,158.32,169.75,153.55,167.18,168.0,157.06,966066,157503987.81,17388
2026-09-18,INE364A01020,JAYSREETEA,EQ,90.9,91.79,88.5,89.38,89.6,89.74,31481,2832626.43,484
2026-09-18,INE927D01051,JBMA,EQ,593.65,605.0,593.65,599.1,601.0,593.6,200524,120313980.6,10167
2026-09-18,INE0J5801029,JSLL,EQ,494.4,513.0,494.0,510.4,509.1,490.75,341598,172312507.85,10414
2026-09-18,INE354A01013,JENBURPH,EQ,985.0,997.0,972.6,979.9,983.6,983.4,1916,1876668.5,71
2026-09-18,INE982V01025,JETFREIGHT,EQ,19.4,22.5,18.4,22.14,22.22,19.43,1486253,31359105.88,5306
2026-09-18,INE0RXB01022,JEYYAM,ST,21.5,21.5,21.0,21.05,21.15,20.75,24000,508200.0,10
2026-09-18,INE0LA901015,JFLLIFE,SM,10.45,10.45,10.45,10.45,10.45,10.15,6000,62700.0,1
2026-09-18,INE544H01014,JHS,EQ,8.84,8.84,8.41,8.54,8.7,8.59,41482,358654.1,187
2026-09-18,INE03DD01011,RETAIL,EQ,16.66,18.38,16.66,17.69,17.7,16.83,18976,333611.34,186
2026-09-18,INE147P01019,JPOLYINVST,EQ,987.8,988.5,977.0,980.75,977.0,982.25,1447,1422725.65,322
2026-09-18,INE742C01031,JINDRILL,EQ,584.0,599.95,575.25,594.85,595.95,582.7,269661,158591892.25,11069
2026-09-18,INE796G01012,JINDALPHOT,EQ,1129.7,1135.0,1109.8,1125.6,1134.9,1129.4,7243,8139023.9,409
2026-09-18,INE197D01010,JINDALPOLY,EQ,726.95,735.95,708.9,718.45,725.0,726.0,16484,11833736.1,1154
2026-09-18,INE324A01032,JINDALSAW,EQ,293.0,294.8,288.05,289.5,290.4,291.2,2085677,605696855.1,29449
2026-09-18,INE220G01021,JSL,EQ,724.5,754.95,724.5,750.95,753.0,724.45,2671236,1993355631.25,95087
2026-09-18,INE749A01030,JINDALSTEL,EQ,1128.9,1140.2,1119.5,1119.5,1119.5,1128.4,1056818,1191235318.1,44507
2026-09-18,INE247D01039,JINDWORLD,EQ,49.4,51.5,47.78,49.7,49.89,49.0,11061999,557097192.41,28016
2026-09-18,INE1FF001016,JKIPL,EQ,96.17,99.78,95.1,98.6,97.04,96.2,4652,452247.7,178
2026-09-18,INE758E01017,JIOFIN,EQ,230.0,232.0,229.89,229.89,229.89,229.3,11847025,2734591597.58,61484
2026-09-18,INF22M001184,NIFTYJBLK,EQ,12.23,12.23,11.94,11.98,12.05,11.94,100363,1200857.63,617
2026-09-18,INE863T01013,JITFINFRA,EQ,292.0,293.65,280.4,284.75,280.4,286.4,18410,5275446.1,660
2026-09-18,INE0N5H01017,JIWANRAM,SM,4.0,4.05,4.0,4.05,4.05,4.0,24000,96300.0,4
2026-09-18,INE823G01014,JKCEMENT,EQ,5010.0,5139.0,4990.0,5064.5,5084.5,5027.0,60794,308023784.0,13301
2026-09-18,INE786A01032,JKLAKSHMI,EQ,510.4,535.0,510.1,530.2,533.1,510.4,278231,145669012.8,12044
2026-09-18,INE789E01012,JKPAPER,EQ,417.0,433.0,416.95,430.6,429.0,418.05,572207,244624860.35,15697
2026-09-18,INE573A01042,JKTYRE,EQ,352.25,352.3,344.4,349.35,349.5,348.55,621396,216122776.1,15324
2026-09-18,INE576I01022,JKIL,EQ,477.6,488.3,474.8,486.55,486.45,475.55,65328,31600500.45,2943
2026-09-18,INE780C01023,JMFINANCIL,EQ,122.75,126.79,122.4,126.3,126.0,122.51,5637377,706472347.62,50393
2026-09-18,INE0OAF01028,JNKINDIA,EQ,412.2,424.0,410.4,413.9,411.2,411.95,58911,24588133.0,2669
2026-09-18,INE839G01010,JOCIL,EQ,147.41,152.35,141.05,145.95,144.16,147.04,6159,893681.11,226
2026-09-18,INE515A01019,COCKERILL,EQ,8029.0,8220.0,8006.5,8164.0,8145.0,8029.0,3914,31744717.5,1243
2026-09-18,INE718I01012,JSWCEMENT,EQ,117.2,118.1,116.23,117.44,117.35,116.64,1513300,177522261.94,50852
2026-09-18,INE133A01011,JSWDULUX,EQ,3099.9,3235.9,3057.1,3188.8,3175.6,3074.0,21480,67582701.8,5316
2026-09-18,INE121E01018,JSWENERGY,EQ,512.0,526.0,509.0,526.0,526.0,512.0,3397652,1755760215.2,21587
2026-09-18,INE824G01012,JSWHL,EQ,11146.0,11504.0,10931.0,11282.0,11498.0,11146.0,3808,42463223.0,1320
2026-09-18,INE880J01026,JSWINFRA,EQ,329.9,356.95,326.1,348.25,349.65,326.65,25470641,8836628918.8,116853
2026-09-18,INE019A01038,JSWSTEEL,EQ,1270.1,1278.7,1262.7,1275.6,1275.6,1253.4,2378010,3026014842.8,41729
2026-09-18,INE643A01035,JTEKTINDIA,EQ,118.9,121.94,117.15,117.77,117.7,118.87,217543,25823629.2,2703
2026-09-18,INE391J01032,JTLIND,EQ,88.01,92.25,86.15,87.67,88.0,87.32,2943629,260932056.58,16955
2026-09-18,INE03CC01015,JUBLCPL,EQ,2013.3,2043.2,1980.0,2000.1,2020.0,2020.4,6169,12346090.9,958
2026-09-18,INE797F01020,JUBLFOOD,EQ,483.95,502.0,480.3,500.0,500.0,480.2,2900829,1437728291.6,44981
2026-09-18,INE0BY001018,JUBLINGREA,EQ,638.5,642.6,612.0,624.9,626.0,633.25,923659,572891149.5,29775
2026-09-18,INE700A01033,JUBLPHARMA,EQ,1012.1,1086.0,1012.1,1065.4,1075.0,1012.1,308313,323074307.25,18021
2026-09-18,INE412C01023,JMA,EQ,89.55,93.0,89.55,90.21,90.01,90.29,11223,1022285.69,237
2026-09-18,INE05C901015,JNPR,EQ,259.8,267.0,256.5,265.15,265.0,257.2,720178,190301325.5,25538
2026-09-18,INE696F01016,JUNIPER,EQ,217.0,226.48,215.46,224.33,225.3,215.44,274539,60969279.54,5137
2026-09-18,INE682M01020,JLHL,EQ,279.0,285.65,276.2,280.05,277.35,277.75,240514,67444937.45,5412
2026-09-18,INE209L01016,JWL,EQ,232.5,233.99,228.16,230.13,230.3,231.23,1093397,252137391.83,19626
2026-09-18,INE599M01018,JUSTDIAL,EQ,674.05,684.4,660.2,669.0,667.5,674.05,174274,116858282.55,6941
2026-09-18,INE668F01031,JYOTHYLAB,EQ,193.5,196.6,192.69,195.07,195.55,193.84,713471,139046563.07,13332
2026-09-18,INE980O01024,JYOTICNC,EQ,980.85,1065.0,979.0,1049.7,1053.55,980.85,3979254,4142490970.1,147814
2026-09-18,INE1M3T01017,JYOTIGLOBL,SM,46.1,47.95,46.0,46.0,46.0,48.0,24000,1127000.0,11
2026-09-18,INE577D01013,JYOTIRES,EQ,837.9,856.45,832.7,841.0,841.0,837.9,2378,1997256.0,364
2026-09-18,INE197A01024,JYOTISTRUC,EQ,9.18,9.42,9.09,9.29,9.35,9.11,4504436,41533749.81,3554
2026-09-18,INE533C01018,KJMCFIN,EQ,62.0,63.49,60.51,63.2,60.55,61.02,620,38891.42,27
2026-09-18,INE879K01018,KMCSHIL,EQ,157.0,158.33,148.0,150.26,153.49,156.74,467949,71852178.23,7797
2026-09-18,INE157H01023,KMSUGAR,EQ,28.99,29.28,28.16,28.62,28.6,28.44,136758,3908384.8,921
2026-09-18,INE127T01021,KPEL,EQ,212.7,220.99,212.7,216.88,216.91,212.48,216598,47000456.07,5591
2026-09-18,INE0DEZ01013,K2INFRA,ST,43.65,44.7,43.25,43.3,43.3,43.65,16200,707310.0,25
2026-09-18,INE900B01029,KABRAEXTRU,EQ,640.25,690.0,639.7,681.6,685.0,632.75,233883,157236763.55,10156
2026-09-18,INE0XOW01017,KKJEWELS,SM,100.9,101.5,100.9,101.5,101.5,98.15,3000,303350.0,3
2026-09-18,INE217B01036,KAJARIACER,EQ,1211.1,1216.9,1197.0,1202.7,1204.9,1217.2,194896,234414347.8,14235
2026-09-18,INE437B01014,KAKATCEM,EQ,107.4,109.9,107.0,107.33,107.0,108.23,1116,119812.35,38
2026-09-18,INE0T0L01014,KALANA,SM,18.5,18.5,18.5,18.5,18.5,18.5,2000,37000.0,1
2026-09-18,INE227J01012,KALPATARU,EQ,259.75,279.95,257.2,274.45,279.7,257.2,59103,15864805.45,1143
2026-09-18,INE220B01022,KPIL,EQ,1404.9,1457.0,1402.0,1445.5,1450.1,1399.3,224766,322880886.5,18983
2026-09-18,INE303R01014,KALYANKJIL,EQ,585.0,588.5,580.0,581.85,581.85,581.45,5379085,3145480117.6,54728
2026-09-18,INE314G01014,KALYANIFRG,BE,1010.45,1010.45,964.75,975.25,967.0,1015.5,3446,3357866.45,290
2026-09-18,INE029L01018,KICL,EQ,4825.0,5028.0,4825.0,5009.5,4971.0,4822.0,2638,13123505.0,377
2026-09-18,INE907A01026,KSL,EQ,975.0,983.4,951.55,955.05,951.55,970.55,67867,65314182.55,4950
2026-09-18,INE411F01010,KAMAHOLD,EQ,2288.7,2288.7,2244.1,2249.9,2250.0,2278.8,5489,12353529.2,726
2026-09-18,INE344D01018,KAMANWALA,EQ,17.8,17.8,16.51,16.51,16.51,16.5,414,6851.36,9
2026-09-18,INE967C01018,KAMATHOTEL,EQ,220.1,232.38,220.1,229.3,230.0,219.45,48978,11092640.33,1176
2026-09-18,INE390H01020,KAMDHENU,BE,39.0,41.05,39.0,41.05,41.05,39.5,947462,38351917.14,1381
2026-09-18,INE0BTI01037,KAMOPAINTS,EQ,4.45,4.45,4.25,4.39,4.39,4.35,124231,543857.52,454
2026-09-18,INE879E01037,KANANIIND,EQ,1.43,1.44,1.4,1.42,1.42,1.41,132727,188177.9,263
2026-09-18,INE081G01019,KANCHI,EQ,389.0,394.5,383.1,386.65,389.95,389.0,439,170100.35,71
2026-09-18,INE398L01017,KANCOTEA,EQ,55.62,55.62,55.62,55.62,55.62,55.62,1,55.62,1
2026-09-18,INE877D01025,KANOHAR,EQ,825.0,855.0,780.1,786.8,784.0,817.0,7345005,5977693885.65,215510
2026-09-18,INE138C01024,KANORICHEM,BE,180.25,188.0,176.46,184.11,186.0,185.74,60692,11067871.46,552
2026-09-18,INE694E01014,KANPRPLA,EQ,262.35,262.35,243.9,246.1,245.0,259.75,26773,6687251.45,1005
2026-09-18,INE531A01024,KANSAINER,EQ,183.73,185.1,181.6,183.96,182.65,184.2,672383,123643514.47,10651
2026-09-18,INE542Z01028,KAPSTON,EQ,583.8,589.95,575.85,584.3,589.95,577.3,40257,23521708.0,1732
2026-09-18,INE590T01012,KARAMTARA,EQ,369.0,377.9,331.3,355.55,350.0,352.0,29625649,10468499995.65,335456
2026-09-18,INE725L01011,KARMAENG,EQ,40.2,43.0,39.96,41.27,40.97,39.91,18883,771858.06,412
2026-09-18,INE614B01018,KTKBANK,EQ,315.05,317.75,312.2,313.8,314.65,313.9,1649339,519690259.0,35133
2026-09-18,INE0MGA01012,KARNIKA,SM,120.45,120.5,118.6,120.0,120.0,120.45,13000,1558150.0,12
2026-09-18,INE036D01028,KARURVYSYA,EQ,334.35,339.85,329.5,332.15,332.8,331.5,3218547,1075729253.65,53736
2026-09-18,INE0SVY01018,KATARIA,SM,150.0,150.0,148.0,148.85,149.85,149.25,7800,1163310.0,12
2026-09-18,INE234I01028,KAUSHALYA,BE,831.0,854.0,831.0,833.1,833.1,847.0,126,105899.75,23
2026-09-18,INE0Q2V01012,KLL,SM,27.5,32.45,26.75,32.4,32.45,27.05,264800,8357800.0,146
2026-09-18,INE455I01029,KSCL,EQ,703.35,709.7,685.0,696.35,693.9,703.35,71585,50021938.85,3909
2026-09-18,INE641C01019,KAVDEFENCE,BE,70.7,74.98,68.06,72.71,73.25,71.64,225971,16262424.26,1403
2026-09-18,INE0RCG01017,KCEIL,SM,76.0,76.0,74.3,74.3,74.3,76.5,11500,867150.0,23
2026-09-18,INE587G01015,KAYA,BE,326.0,341.0,326.0,341.0,341.0,324.8,13887,4712742.8,156
2026-09-18,INE918Z01012,KAYNES,EQ,3528.0,3605.9,3475.0,3515.0,3515.0,3520.0,1266788,4485326280.8,87489
2026-09-18,INE13ZD01013,KAYTEX,SM,56.9,57.0,56.65,56.7,56.7,55.4,4000,227320.0,5
2026-09-18,INE0J1E01027,KCK,ST,14.35,14.5,14.3,14.5,14.5,14.45,32500,469500.0,11
2026-09-18,INE805C01028,KCP,EQ,158.12,166.0,156.29,161.95,164.0,157.92,136817,21903629.05,1826
2026-09-18,INE790B01024,KCPSUGIND,BE,29.44,29.85,28.5,29.3,29.5,28.89,53094,1542921.81,238
2026-09-18,INE348N01042,KDGREEN,EQ,48.47,50.0,48.01,49.35,49.94,49.46,44221,2183629.49,536
2026-09-18,INE291D01011,KDDL,EQ,3851.0,3875.0,3820.0,3858.4,3870.2,3837.6,7233,27855339.8,1938
2026-09-18,INE389H01022,KEC,EQ,404.0,409.15,396.65,404.25,407.9,401.95,1338287,537369748.6,38522
2026-09-18,INE878B01027,KEI,EQ,4560.0,4650.0,4532.0,4650.0,4650.0,4560.0,573397,2629888237.5,35095
2026-09-18,INE164B01030,KELLTONTEC,EQ,13.99,13.99,13.4,13.61,13.6,13.57,1105458,15125285.31,2317
2026-09-18,INE15DO01012,KEN,SM,44.0,50.15,43.7,43.95,44.15,41.8,102000,4789260.0,76
2026-09-18,INE717A01029,KENNAMET,EQ,4321.6,4399.0,4231.0,4281.5,4290.0,4321.6,23629,101401221.1,6454
2026-09-18,INE202H01019,KERNEX,EQ,1731.9,1743.5,1700.0,1732.5,1734.0,1722.6,104121,179371230.5,9536
2026-09-18,INE087A01019,KESORAMIND,BE,12.3,12.5,11.88,11.94,12.05,12.34,423814,5142073.73,636
2026-09-18,INE401H01017,KKCL,EQ,489.65,490.9,481.6,485.6,486.0,489.65,9200,4469654.6,894
2026-09-18,INE681C01015,KEYFINSERV,EQ,247.95,247.95,240.0,245.95,246.0,246.25,123,30123.75,27
2026-09-18,INE263M01029,RUSTOMJEE,EQ,343.0,356.2,341.7,353.75,356.0,340.95,78181,27553913.9,3017
2026-09-18,INE138Y01010,KFINTECH,EQ,900.0,930.0,894.95,930.0,930.0,897.0,539201,492486084.3,17834
2026-09-18,INE834I01025,KHADIM,BE,125.84,125.84,125.2,125.84,125.84,123.38,43755,5505911.04,113
2026-09-18,INE731C01018,KHAITANLTD,EQ,153.4,156.0,149.0,152.13,152.95,154.95,3145,475198.04,155
2026-09-18,INE745B01028,KHAICHEM,EQ,50.52,51.5,49.36,49.94,49.7,49.97,135895,6833481.36,1401
2026-09-18,INE060B01014,KHANDSE,EQ,18.35,18.35,17.89,18.09,18.22,17.58,894,16178.33,18
2026-09-18,INE338F01015,KLBRENG-B,EQ,462.35,474.5,455.0,471.0,467.9,460.1,93229,43318547.1,3241
2026-09-18,INE729D01010,KILITCH,BE,189.9,192.0,189.9,191.45,192.0,188.67,13725,2621362.81,151
2026-09-18,INE473D01015,KINGFA,EQ,5907.0,5950.0,5799.0,5828.0,5821.0,5855.5,6576,38524192.0,2583
2026-09-18,INE880L01014,KIOCL,EQ,337.7,344.75,336.0,340.65,341.5,337.7,77819,26475057.45,3538
2026-09-18,INE555P01013,KIRANVYPAR,EQ,218.0,218.0,202.5,207.34,208.99,207.0,1367,283303.15,102
2026-09-18,INE415I01015,KIRIINDUS,EQ,539.0,541.9,528.2,531.75,530.0,535.45,384478,205410133.1,8529
2026-09-18,INE732A01036,KIRLOSBROS,EQ,1757.1,1838.6,1757.1,1811.4,1806.1,1770.8,50634,91633600.7,7110
2026-09-18,INE134B01017,KECL,EQ,119.4,123.54,118.88,122.78,122.25,119.42,66064,8047598.24,1509
2026-09-18,INE884B01025,KIRLFER,EQ,479.75,489.0,474.0,480.65,483.5,474.35,201207,97099476.0,8350
2026-09-18,INE250A01039,KIRLOSIND,EQ,3780.6,3845.9,3680.0,3699.8,3698.1,3780.6,21797,81007115.2,3528
2026-09-18,INE146L01010,KIRLOSENG,EQ,2106.8,2169.9,2106.7,2160.1,2155.0,2120.6,473818,1016222040.8,38813
2026-09-18,INE811A01038,KIRLPNU,EQ,695.0,701.85,686.3,698.65,700.0,693.85,252323,175861985.15,13592
2026-09-18,INE602G01020,KITEX,EQ,121.3,121.3,119.2,119.5,119.35,120.58,262500,31428926.64,3172
2026-09-18,INE0KNW01016,KNAGRI,EQ,204.0,205.78,192.81,196.06,198.72,202.24,10201,2025665.54,266
2026-09-18,INE17QZ01016,KNACK,EQ,184.9,187.97,182.0,182.6,182.1,184.16,753950,139058137.89,5636
2026-09-18,INE0CJD01029,KMEW,EQ,2842.3,2920.5,2830.0,2885.6,2882.0,2828.1,56943,163687398.4,9120
2026-09-18,INE1JAR25012,KRT,RR,113.75,114.0,112.7,113.61,113.73,113.55,4321212,490532088.41,10015
2026-09-18,INE634I01029,KNRCON,EQ,122.0,125.8,121.11,124.8,124.5,120.86,3109057,384352549.38,26136
2026-09-18,INE0Q7P01013,KODYTECH,ST,1520.85,1527.0,1500.0,1516.8,1517.0,1491.0,5700,8585510.0,46
2026-09-18,INE080B01012,KOHINOOR,EQ,31.2,33.0,30.43,30.55,30.79,31.2,72393,2264832.73,1309
2026-09-18,INE760A01029,KOKUYOCMLN,EQ,76.23,78.2,76.11,77.79,78.15,76.21,18695,1445152.95,385
2026-09-18,INE094I01018,KOLTEPATIL,EQ,433.1,438.05,423.0,431.75,432.0,433.1,117469,50637363.75,5288
2026-09-18,INE0QEI01011,KONSTELEC,ST,58.15,59.55,58.1,59.05,58.55,60.4,4000,234350.0,4
2026-09-18,INE0KZ301010,KONTOR,SM,53.85,55.0,53.85,54.25,55.0,51.0,1800,97680.0,3
2026-09-18,INE082A01010,KOPRAN,EQ,267.59,282.1,261.1,277.6,276.0,268.59,2434887,667269174.49,40599
2026-09-18,INE0O4R01018,KDL,SM,78.75,78.75,78.75,78.75,78.75,87.5,28650,2256187.5,115
2026-09-18,INF174KA1HJ8,GOLD1,EQ,126.8,128.17,126.64,127.68,127.52,125.62,1925096,245559548.52,9631
2026-09-18,INE237A01036,KOTAKBANK,EQ,415.5,419.2,412.5,412.5,412.5,416.5,15461137,6432887442.05,112998
2026-09-18,INF174K014P6,NIFTY1,EQ,261.71,261.71,258.81,259.67,259.36,259.12,68356,17738994.22,1138
2026-09-18,INF174KA1A86,PSUBANK,EQ,82.9,83.49,82.61,83.0,83.46,82.63,73566,6097205.33,467
2026-09-18,INF174KA1XV0,CHEMICAL,EQ,28.55,29.58,28.55,29.43,29.42,29.13,279002,8169750.61,799
2026-09-18,INF174KA1IA5,ALPHA,EQ,54.18,54.18,52.86,53.72,53.79,52.86,2753171,147554613.56,3802
2026-09-18,INF174KA1ZF8,CONS,EQ,11.86,11.89,11.78,11.88,11.89,11.81,3928,46483.74,109
2026-09-18,INF174KA1GC5,IT,EQ,31.67,32.8,31.67,31.94,31.98,32.49,639140,20420963.25,1433
2026-09-18,INF174KA1LV5,LIQUID1,EQ,1122.94,1125.1,1122.94,1123.38,1123.39,1122.94,588053,660608272.94,519
2026-09-18,INF174KA1IY5,LOWVOL1,EQ,20.14,20.5,20.14,20.37,20.45,20.34,30084,614594.93,9968
2026-09-18,INF174KA1ZC5,MIDCAP,EQ,18.39,18.39,18.1,18.29,18.25,18.13,96964,1767661.36,700
2026-09-18,INF174KA1JF2,MNC,EQ,32.29,32.75,31.89,32.69,32.5,32.29,79748,2598588.21,305
2026-09-18,INF174KA1ZD3,SILVER1,EQ,22.37,22.89,22.37,22.79,22.82,21.98,10493440,238255856.33,7028
2026-09-18,INF174KA1ZE1,NV20,EQ,13.84,13.84,13.46,13.58,13.59,13.51,58601,791431.54,187
2026-09-18,INF174KA1VW2,MID150,EQ,23.2,23.22,22.93,23.18,23.18,22.93,222934,5152508.62,193
2026-09-18,INF174KA1XS6,MOMENTUM30,EQ,30.42,30.63,30.31,30.5,30.63,30.06,14003,427035.81,52
2026-09-18,INF174KA1VD2,MSCIINDIA,EQ,29.11,29.58,29.03,29.27,29.32,28.96,9841,287485.3,99
2026-09-18,INF174KA1YO3,NEXT50ETF,EQ,72.03,73.0,72.03,72.85,72.95,71.69,4546,329592.66,85
2026-09-18,INF174KA1UW4,NIFTY100EW,EQ,34.78,34.8,34.19,34.31,34.2,34.13,68217,2339574.74,179
2026-09-18,INF174KA1A94,PVTBANK,EQ,27.3,27.43,27.3,27.32,27.32,27.23,2060,56289.63,15
2026-09-18,INF174KA1WT6,QUALITY30,EQ,20.01,20.04,19.91,19.92,19.92,19.96,11801,235971.26,58
2026-09-18,INF174KA1ZB7,BANKNIFTY1,EQ,58.29,58.64,58.29,58.54,58.56,58.29,106721,6243802.34,556
2026-09-18,INE972A01020,KOTIC,EQ,135.69,152.0,131.6,144.41,143.51,135.69,87682,12798705.04,2013
2026-09-18,INE720A01015,KOTHARIPET,EQ,132.64,137.98,132.63,136.47,135.56,132.64,101963,13840281.86,1590
2026-09-18,INE823A01017,KOTHARIPRO,EQ,64.44,64.99,62.2,63.11,64.0,64.09,4933,312890.85,396
2026-09-18,INE419A01022,KOTARISUG,BE,27.0,28.14,26.02,26.97,26.95,27.38,88916,2343255.99,374
2026-09-18,INE0J0B01017,KOTYARK,BE,31.3,31.74,30.75,31.17,31.3,31.28,80587,2513207.2,262
2026-09-18,INE177F01017,KOVAI,EQ,6071.5,6290.0,6071.5,6226.0,6290.0,6112.0,3229,19947293.0,1109
2026-09-18,INE542W01025,KPIGREEN,EQ,280.0,287.0,276.65,284.45,285.8,278.75,1041400,294440849.75,20370
2026-09-18,INE04I401011,KPITTECH,EQ,559.3,559.5,532.0,532.0,532.0,559.3,3944020,2143954116.1,57117
2026-09-18,INE930H01031,KPRMILL,EQ,1090.0,1154.4,1086.4,1141.4,1145.0,1095.4,265730,299538899.4,22217
2026-09-18,INE001B01026,KRBL,EQ,393.45,398.0,390.3,392.45,394.3,395.4,358622,140924284.65,8195
2026-09-18,INE268B01013,KREBSBIO,EQ,56.94,62.8,55.8,57.31,56.54,55.48,54497,3193094.32,763
2026-09-18,INE524L01026,KRIDHANINF,EQ,1.88,1.89,1.82,1.83,1.82,1.82,6829,12636.17,62
2026-09-18,INE506W01020,KRISHANA,EQ,183.0,185.0,178.34,179.89,179.38,182.04,358867,65124766.6,5817
2026-09-18,INE0NR701018,KRISHCA,SM,162.0,164.0,160.0,164.0,164.0,161.85,8500,1380450.0,16
2026-09-18,INE0GGO01015,KRISHIVAL,EQ,417.5,420.75,411.55,419.3,420.75,409.45,7573,3147598.9,361
2026-09-18,INE0J5601015,KRISHNADEF,EQ,1018.6,1033.0,1005.3,1030.0,1030.4,1010.3,49863,50915777.5,4892
2026-09-18,INE967H01025,KIMS,EQ,793.4,819.0,784.0,809.85,809.65,791.85,1242321,999545080.75,57725
2026-09-18,INE479D01038,KRITI,EQ,62.99,62.99,58.91,59.44,60.47,59.95,30068,1805136.61,220
2026-09-18,INE798K01010,KRITINUT,EQ,84.47,84.47,80.61,81.34,82.75,80.45,6156,508351.77,145
2026-09-18,INE00Z501029,KRITIKA,EQ,5.13,5.25,5.13,5.2,5.21,5.17,65954,342322.25,332
2026-09-18,INE1MTV01019,KRMAYURVED,SM,321.8,323.9,311.55,312.2,312.8,317.3,93000,29640150.0,77
2026-09-18,INE0Q3J01015,KRN,EQ,1434.0,1455.0,1404.8,1446.2,1444.0,1392.8,245619,351716919.7,18287
2026-09-18,INE0ATZ01017,KRONOX,BE,173.45,175.18,171.7,172.79,173.95,173.57,26861,4650754.4,344
2026-09-18,INE0O6601022,KROSS,EQ,244.77,248.77,237.36,239.19,238.8,242.05,1324987,322236460.61,30196
2026-09-18,INE08LI01020,KRSNAA,EQ,541.05,547.7,533.0,541.15,545.0,541.05,121588,65397978.8,4851
2026-09-18,INE0QN801017,KRYSTAL,EQ,675.95,685.0,640.25,646.35,651.4,674.9,46393,30839066.55,2120
2026-09-18,INE999A01023,KSB,EQ,780.0,819.6,778.35,813.1,818.0,777.8,277580,223413170.1,23049
2026-09-18,INE953E01022,KSE,EQ,179.6,180.0,176.0,178.37,178.7,177.33,5194,928270.63,325
2026-09-18,INE987S01020,KSHINTL,EQ,1044.4,1076.0,1034.15,1046.95,1054.65,1045.55,274277,287288546.65,27300
2026-09-18,INE013801027,KSHITIJPOL,EQ,4.2,4.21,4.2,4.2,4.21,4.01,6675034,28081428.46,2979
2026-09-18,INE0D6I01023,KSOLVES,EQ,260.0,262.8,250.4,251.6,251.1,259.75,55291,13992898.9,2441
2026-09-18,INE1SPP01016,KSR,BE,44.3,44.5,42.09,43.2,43.0,44.3,26765,1148292.08,115
2026-09-18,INE529I01021,KUANTUM,EQ,76.75,79.68,76.0,78.77,79.0,76.07,286124,22092891.31,2473
2026-09-18,INE0ISX01025,KUSUMGAR,EQ,551.95,594.0,551.95,591.2,591.0,551.5,504398,294108165.25,22116
2026-09-18,INE552U01010,KPL,EQ,3471.2,3564.9,3430.1,3471.2,3480.0,3452.1,28652,99681015.1,5429
2026-09-18,INE2KCE01013,KWIL,EQ,40.15,41.45,39.48,41.22,41.25,39.91,11630941,471605577.53,42188
2026-09-18,INE341H01023,LKPSEC,EQ,15.65,15.65,14.75,15.01,15.01,15.06,9134,136098.9,114
2026-09-18,INE498L01015,LTF,EQ,303.0,314.3,302.5,312.8,312.8,302.3,4647669,1439221834.6,32961
2026-09-18,INE010V01017,LTTS,EQ,3340.9,3367.9,3286.8,3347.5,3337.0,3324.3,103280,344257960.0,17588
2026-09-18,INE059D01020,LAOPALA,EQ,157.59,164.98,157.12,162.6,163.5,156.13,310800,50290876.26,6482
2026-09-18,INE519D01015,LADDERUP,BE,60.05,63.24,59.84,59.84,59.84,62.98,3727,225178.11,63
2026-09-18,INE548Z01017,LAGNAM,EQ,73.0,73.0,68.1,72.34,72.48,70.24,15924,1132899.42,245
2026-09-18,INE515C01023,LAHOTIOV,EQ,39.32,40.48,39.2,39.26,39.25,39.31,5598,220418.36,54
2026-09-18,INE850E01012,LFIC,EQ,135.4,136.02,130.21,132.74,136.0,135.41,2724,359522.85,114
2026-09-18,INE938C01019,LAKSHMIMIL,EQ,7654.0,7654.0,7654.0,7654.0,7654.0,7968.5,1,7654.0,1
2026-09-18,INE651C01018,LAKPRE,BZ,5.15,5.15,4.9,4.9,4.9,5.15,7141,35019.14,19
2026-09-18,INE0VZS01015,LAKSHYA,SM,86.5,93.25,86.5,93.25,93.25,84.8,35200,3198560.0,31
2026-09-18,INE0K9O01026,LALITHAA,EQ,280.0,304.9,277.0,304.9,304.9,290.4,8505145,2500177194.85,65823
2026-09-18,INE112F01022,LAMBODHARA,EQ,120.0,121.2,118.6,120.21,120.87,118.74,6550,784616.0,217
2026-09-18,INE0R0201012,LAMOSAIC,ST,52.8,52.8,49.7,50.2,51.85,52.3,45000,2307630.0,38
2026-09-18,INE359U01028,LANCER,EQ,12.6,12.6,12.0,12.11,12.15,12.39,346283,4222017.1,997
2026-09-18,INE572G01025,LANCORHOL,BE,36.19,36.96,33.62,35.0,36.9,35.2,149561,5494902.87,176
2026-09-18,INE559R01029,LANDMARK,EQ,488.75,515.0,482.9,504.5,503.4,492.1,67669,33638340.35,2945
2026-09-18,INE197J01017,LPDC,EQ,6.3,7.32,6.14,7.07,7.24,6.1,456816,3167028.37,717
2026-09-18,INE688J01023,LANDSMILL,EQ,0.57,0.58,0.56,0.56,0.57,0.56,1697340,955366.27,886
2026-09-18,INE018A01030,LT,EQ,3846.0,3898.0,3846.0,3885.0,3885.0,3836.2,1547690,6002333556.7,67258
2026-09-18,INE17IR01028,LASERPOWER,EQ,270.5,284.0,270.4,280.75,278.6,269.0,1116298,310863330.1,20403
2026-09-18,INE0I7C01011,LATENTVIEW,EQ,256.05,256.5,253.6,255.35,255.95,255.0,254240,64864189.05,5820
2026-09-18,INE262Z01023,LATTEYS,EQ,20.34,21.2,20.34,20.69,20.7,20.76,40204,829023.29,188
2026-09-18,INE947Q01028,LAURUSLABS,EQ,1962.0,1982.0,1954.0,1954.0,1954.0,1948.1,2655873,5225295182.5,42063
2026-09-18,INE801V01019,LAXMICOT,EQ,13.0,13.28,12.6,12.72,12.85,13.08,5476,70334.59,131
2026-09-18,INE0WO601020,LAXMIDENTL,EQ,199.49,202.0,197.0,197.95,200.02,198.23,29411,5849620.07,1670
2026-09-18,INE258Y01016,LGHL,EQ,188.95,188.95,180.0,181.12,182.68,185.56,25458,4698454.41,320
2026-09-18,INE06WU01026,LAXMIINDIA,EQ,124.96,127.5,123.5,126.98,127.4,123.61,133652,16855014.42,2192
2026-09-18,INE576O01020,LXCHEM,EQ,180.0,182.84,177.22,178.24,178.28,179.23,922831,165787405.72,13691
2026-09-18,INE938A01021,LCCINFOTEC,EQ,3.44,3.44,3.44,3.44,3.44,3.28,47268,162601.92,24
2026-09-18,INE1FPN01026,LCCPROJECT,EQ,159.63,163.7,153.09,155.78,156.6,170.1,11654009,1810169808.57,69636
2026-09-18,INE0G1L01025,LEMERITE,EQ,18.35,19.54,17.81,18.35,18.25,18.74,249153,4633994.13,569
2026-09-18,INE0HV901016,IXIGO,EQ,159.6,167.84,159.6,165.65,165.1,160.06,3132025,520709732.72,28034
2026-09-18,INE0H4B01011,LRRPL,SM,90.0,90.0,90.0,90.0,90.0,90.0,1500,135000.0,1
2026-09-18,INE00GO01025,LEAPIND,EQ,137.25,143.02,135.34,140.47,140.9,136.31,2759097,384020062.46,34617
2026-09-18,INE791B01014,LEENEE,BE,7.92,8.2,7.6,7.8,7.8,7.92,2347,18329.56,27
2026-09-18,INE0AQ201015,THELEELA,EQ,530.0,549.7,527.05,540.55,537.25,530.0,124085,66934806.15,9408
2026-09-18,INE970X01018,LEMONTREE,EQ,104.12,106.9,104.12,106.47,106.9,104.06,2070198,218616787.89,20084
2026-09-18,INE956O01016,LENSKART,EQ,683.0,725.0,677.55,707.2,721.4,679.95,25690503,18102428547.9,188825
2026-09-18,INE500X01013,LEXUS,EQ,13.75,13.9,12.36,13.0,13.24,13.27,39290,512973.53,214
2026-09-18,INE337A01034,LGBBROSLTD,EQ,1718.1,1764.9,1698.6,1730.4,1715.9,1718.5,25696,44255607.9,3438
2026-09-18,INE324D01010,LGEINDIA,EQ,1660.0,1706.9,1658.9,1696.9,1694.7,1652.9,1337344,2263286081.6,60479
2026-09-18,INE908V01012,LIBAS,EQ,12.25,12.9,11.3,12.1,11.68,12.0,272411,3362499.47,572
2026-09-18,INE557B01019,LIBERTSHOE,EQ,215.98,224.0,215.98,221.28,221.85,216.0,20763,4565881.56,648
2026-09-18,INE115A01026,LICHSGFIN,EQ,548.6,552.0,543.6,548.15,548.15,545.9,2234836,1223439124.5,25303
2026-09-18,INF767K01SM1,LICMFGOLD,EQ,137.25,138.1,136.45,137.65,137.6,135.3,332691,45658411.2,886
2026-09-18,INF767K01OS7,LICNETFN50,EQ,260.84,263.39,260.84,263.39,263.39,261.77,69,18119.23,17
2026-09-18,INF767K01OT5,LICNETFSEN,EQ,838.75,849.9,833.11,838.84,838.84,841.79,52,43599.14,7
2026-09-18,INF767K01PC8,LICNFNHGP,EQ,274.18,274.18,268.0,268.0,268.0,271.47,361,97306.94,12
2026-09-18,INF767K01MV5,LICNETFGSC,EQ,29.49,29.49,29.02,29.28,29.29,29.26,6406,187607.52,77
2026-09-18,INF767K01RN1,LICNMID100,EQ,61.69,63.7,61.69,63.34,63.7,62.0,17461,1087798.54,114
2026-09-18,INE0J1Y01017,LICI,EQ,400.0,407.7,398.8,407.7,407.7,400.0,6937082,2784021694.4,64504
2026-09-18,INE060901027,LIKHITHA,EQ,222.0,230.39,219.0,220.78,221.5,222.63,62548,13973422.92,1157
2026-09-18,INE802B01027,LINC,EQ,91.95,93.38,91.0,91.81,93.0,91.26,5818,533472.65,336
2026-09-18,INE405C01035,LINCOLN,EQ,597.05,612.35,597.05,604.85,601.05,600.7,18250,11032468.1,1568
2026-09-18,INE473A01011,LINDEINDIA,EQ,6139.0,6250.0,6116.0,6241.5,6250.0,6094.5,20753,128926572.0,5603
2026-09-18,INE093R01011,LLOYDSENGG,EQ,80.2,82.63,80.2,82.43,82.55,80.2,2821471,230937276.3,16260
2026-09-18,INE080I01025,LLOYDSENT,EQ,66.75,69.79,66.75,68.84,68.69,67.0,1584258,108711897.76,9085
2026-09-18,INE0DTQ01028,LLOYDS,SM,56.0,57.9,55.5,57.9,57.9,57.95,15000,843750.0,8
2026-09-18,INE281B01032,LLOYDSME,EQ,1807.8,1831.5,1799.5,1826.7,1828.0,1799.3,342148,623598541.6,21354
2026-09-18,INE269B01029,LMW,EQ,18249.0,18509.0,17605.0,17759.0,17609.0,18170.0,8747,156625378.0,3577
2026-09-18,INE670K01029,LODHA,EQ,1110.2,1148.8,1108.6,1144.7,1144.7,1103.1,4727259,5344997093.6,65424
2026-09-18,INE0QJW01029,LCL,EQ,527.45,547.05,527.35,538.6,537.1,524.95,322072,173697475.4,16497
2026-09-18,INE397H01017,LOKESHMACH,EQ,333.2,352.2,332.9,344.8,343.0,343.3,15887,5490962.85,911
2026-09-18,INE846D01012,LORDSCHLO,EQ,134.0,137.49,132.1,136.06,136.42,132.78,10327,1404439.83,369
2026-09-18,INE740X01023,LAL,EQ,8.96,8.96,8.65,8.86,8.94,8.54,223610,1940107.37,134
2026-09-18,INE026D01011,LOTUSCHO,EQ,564.35,580.0,560.0,575.1,567.0,568.85,1912,1086116.3,389
2026-09-18,INE947I01017,LOTUSEYE,EQ,113.12,115.2,113.0,115.1,115.1,113.12,7112,815715.81,71
2026-09-18,INE597L01014,LOVABLE,EQ,71.5,71.5,69.0,69.67,70.4,70.38,3538,247227.14,178
2026-09-18,INE970D01010,LOYALTEX,EQ,207.0,210.8,197.09,201.35,201.35,207.0,447,92007.51,49
2026-09-18,INE818H01020,LTFOODS,EQ,420.9,426.45,416.1,423.2,421.65,421.9,459122,193521668.1,14573
2026-09-18,INE214T01019,LTM,EQ,4245.0,4300.0,4155.0,4275.1,4275.1,4265.3,500645,2124112232.0,32519
2026-09-18,INE872H01027,LUMAXTECH,EQ,2011.3,2118.4,2003.6,2102.7,2106.0,2018.0,190451,398748882.4,27196
2026-09-18,INE162B01018,LUMAXIND,EQ,5740.0,5917.0,5738.5,5851.0,5865.0,5724.0,10193,59713353.0,3423
2026-09-18,INE185Q01025,LUMINO,EQ,109.4,112.9,107.2,111.52,110.45,107.14,21880189,2423782289.5,98774
2026-09-18,INE326A01037,LUPIN,EQ,2088.1,2114.7,2075.0,2083.0,2083.0,2098.1,1194290,2495000402.4,43537
2026-09-18,INE150G01020,LUXIND,EQ,1049.5,1169.9,1049.5,1139.2,1126.0,1042.5,279753,314973576.9,18842
2026-09-18,INE933A01014,LYKALABS,BE,83.34,83.34,83.34,83.34,83.34,81.71,23845,1987242.3,55
2026-09-18,INE08N601015,MBEL,EQ,252.85,257.4,251.1,252.25,252.3,251.4,88783,22498146.6,4409
2026-09-18,INE227F01010,MKEXIM,EQ,67.9,69.87,65.75,67.43,69.0,67.23,49723,3387159.78,600
2026-09-18,INE964W01021,MKPL,EQ,4.07,4.17,3.96,3.97,4.0,4.07,125960,506659.94,529
2026-09-18,INE813V01022,MCL,EQ,55.0,56.24,55.0,55.94,55.4,54.74,39011,2166150.05,688
2026-09-18,INE774D01024,M&MFIN,EQ,349.85,356.95,347.1,353.3,350.1,345.7,3129493,1103340294.0,70916
2026-09-18,INE0SGC01015,MVKAGRO,SM,245.5,245.5,244.3,244.3,244.3,257.15,69300,16948950.0,122
2026-09-18,INE215I01027,MAANALU,EQ,105.85,105.94,103.61,104.77,104.05,102.89,32914,3451803.29,683
2026-09-18,INE435D01014,MCCHRLS-B,EQ,680.0,680.0,648.0,655.0,655.0,659.75,6059,3982733.6,48
2026-09-18,INE155Z01011,MACPOWER,EQ,1930.1,2149.0,1930.1,2104.5,2100.0,1921.6,237776,496235264.1,21662
2026-09-18,INE631R01026,MADHAVIPL,EQ,7.59,8.15,7.59,7.8,7.81,7.59,146481,1151636.7,472
2026-09-18,INE925C01016,MADHAV,EQ,35.9,37.79,35.1,35.46,35.4,34.5,25672,940955.26,253
2026-09-18,INE378D01032,MADHUCON,BE,3.87,4.07,3.69,4.07,4.07,3.88,49270,193346.34,80
2026-09-18,INE1P5601010,MADHURKNIT,SM,46.3,51.55,45.5,51.1,51.3,46.9,285600,14190660.0,187
2026-09-18,INE0P6701019,MADHUSUDAN,ST,236.95,236.95,229.05,233.45,233.45,237.0,17000,3963250.0,15
2026-09-18,INE900L01028,MBAPL,EQ,164.6,165.77,158.5,159.82,159.89,163.9,852099,138018471.66,7707
2026-09-18,INE414A01015,MADRASFERT,EQ,61.4,61.64,60.8,61.28,61.64,61.16,22335,1367623.65,381
2026-09-18,INE270B01035,MAFATIND,EQ,120.9,122.39,119.2,119.56,119.45,120.9,45441,5451259.38,1111
2026-09-18,INE347W01011,MAGADSUGAR,EQ,509.85,512.7,497.6,504.75,503.0,508.15,25380,12747022.55,1396
2026-09-18,INE613C01026,MCLOUD,EQ,25.19,25.5,25.06,25.3,25.39,25.19,881659,22295261.3,2827
2026-09-18,INE387I01016,MAGNUM,EQ,19.53,19.98,18.81,19.19,19.35,19.53,75187,1450477.0,341
2026-09-18,INE0O1S01012,MAGSON,SM,179.0,180.0,179.0,180.0,180.0,179.0,43000,7739000.0,5
2026-09-18,INE843B01013,MAHAPEXLTD,EQ,54.2,58.8,54.02,54.72,54.5,55.26,2016,110878.64,67
2026-09-18,INE0US801024,MFML,EQ,18.66,19.49,18.21,18.83,18.61,18.66,2179,41698.94,54
2026-09-18,INE112D01035,MHLXMIRU,BE,153.9,154.0,146.31,153.97,154.0,152.88,11934,1821100.94,81
2026-09-18,INE451L01014,MAHASTEEL,BE,1180.0,1199.9,1141.9,1141.9,1141.9,1201.9,2857,3275905.0,233
2026-09-18,INE002S01010,MGL,EQ,1067.1,1087.5,1066.2,1081.7,1078.5,1071.2,196402,211958543.3,12066
2026-09-18,INE153A01019,MTNL,EQ,23.78,24.15,23.52,23.8,23.65,23.77,778801,18566893.29,2977
2026-09-18,INE288A01013,MAHSCOOTER,EQ,13217.0,13850.0,13151.0,13729.0,13750.0,13151.0,8261,112205637.0,3246
2026-09-18,INE271B01025,MAHSEAMLES,EQ,724.0,725.9,712.15,717.55,717.0,720.2,177765,127772285.7,10724
2026-09-18,INE632Q01018,MRIL,ST,82.8,85.3,78.4,84.2,85.3,81.25,169600,14188480.0,82
2026-09-18,INE263W01010,MAHESHWARI,EQ,68.3,71.49,68.28,68.7,68.28,70.0,2620,183331.16,42
2026-09-18,INE101A01026,M&M,EQ,3082.0,3098.2,3052.0,3052.0,3052.0,3076.5,2973119,9120610734.4,80912
2026-09-18,INE215D01010,MAHEPC,EQ,103.38,103.8,101.55,102.64,102.87,101.99,11732,1204742.19,220
2026-09-18,INE998I01010,MHRIL,EQ,195.0,201.0,194.81,199.29,199.5,195.17,169999,33776624.75,2885
2026-09-18,INE813A01018,MAHLIFE,EQ,364.0,371.0,356.85,366.4,368.5,363.7,140424,51212961.8,8113
2026-09-18,INE766P01016,MAHLOG,EQ,393.95,394.75,387.4,392.75,391.0,389.55,101788,39884384.65,4540
2026-09-18,INE683C01011,MAITHANALL,EQ,1034.7,1040.6,1006.1,1009.1,1009.2,1027.45,55436,56341455.95,3435
2026-09-18,INE201B01022,MAJESAUT,BE,366.8,366.8,360.0,363.1,366.5,359.6,1399,509732.65,76
2026-09-18,INE987A01010,MAKERSL,EQ,182.0,195.13,178.2,190.88,190.98,185.13,1211,226513.75,76
2026-09-18,INE389C01015,MALLCOM,EQ,954.7,974.0,954.7,968.9,973.9,949.95,1230,1187635.0,193
2026-09-18,INE383H01017,MALUPAPER,EQ,31.9,33.08,31.6,32.16,32.2,31.97,17439,566806.78,397
2026-09-18,INE0TO701015,MAMATA,EQ,392.2,405.2,392.2,403.75,402.0,393.9,39826,16059296.55,1642
2026-09-18,INE830Q01018,MANAKCOAT,EQ,129.7,130.6,127.5,129.22,128.02,129.69,281064,36315809.45,3277
2026-09-18,INE993A01026,MANINDS,EQ,825.0,860.5,822.35,851.55,860.5,823.0,1165509,981817924.25,40394
2026-09-18,INE949H01023,MANINFRA,EQ,126.0,127.64,124.8,125.64,126.0,125.71,2921365,369380444.6,9535
2026-09-18,INE859Q01017,MANAKALUCO,EQ,36.3,36.7,35.57,35.87,36.65,35.81,30354,1088485.57,363
2026-09-18,INE015D01022,MANAKSIA,EQ,63.57,65.28,62.81,64.26,64.6,64.05,42702,2742493.65,751
2026-09-18,INE824Q01011,MANAKSTEEL,BE,104.46,108.0,104.46,107.58,108.0,104.46,16755,1796505.47,188
2026-09-18,INE201A01024,MANALIPETC,EQ,82.3,83.47,80.95,82.92,83.44,82.3,884970,73015789.29,7275
2026-09-18,INE522D01027,MANAPPURAM,EQ,319.0,319.9,310.0,319.15,319.15,316.05,3822669,1213361451.6,34723
2026-09-18,INE0U4H20011,MPEL-RE,ST,1.8,1.8,1.8,1.8,1.8,1.65,41600,74880.0,5
2026-09-18,INE0U4H01011,MPEL,ST,22.25,22.25,22.2,22.25,22.25,21.2,19200,426720.0,12
2026-09-18,INE939X01013,MANBA,EQ,135.1,136.9,132.1,133.76,134.98,133.76,78068,10472443.37,726
2026-09-18,INE0R3T01013,MANDEEP,SM,17.8,17.8,17.8,17.8,17.8,17.85,2000,35600.0,1
2026-09-18,INE545L01039,MANCREDIT,EQ,219.5,224.9,217.44,223.39,224.9,218.0,137124,30331100.27,2054
2026-09-18,INE0PKD01011,MEIL,EQ,272.55,274.75,270.0,271.85,271.5,270.3,23180,6302768.55,605
2026-09-18,INE00C401011,MAL,ST,41.8,42.25,39.9,42.25,42.25,41.8,25600,1046640.0,14
2026-09-18,INE347A01017,MANGLMCEM,EQ,1036.6,1041.0,1024.0,1030.8,1034.5,1035.2,36083,37236566.6,1454
2026-09-18,INE584F01014,MANGALAM,EQ,34.4,34.95,32.5,34.26,34.45,31.97,167646,5738942.13,1459
2026-09-18,INE0APB01032,MGEL,EQ,15.6,15.99,15.47,15.64,15.61,15.52,241973,3780276.34,489
2026-09-18,INE370D01013,MANORG,EQ,450.0,458.85,450.0,456.95,457.7,448.9,8980,4090819.7,446
2026-09-18,INE829S01016,MSL,EQ,137.1,145.0,136.22,141.43,136.22,136.22,649,92106.04,49
2026-09-18,INE0JYY01029,MWL,EQ,40.17,44.0,40.12,42.52,42.04,40.18,3022051,129269594.73,14018
2026-09-18,INE1ERK01013,MANILAM,SM,40.0,40.0,40.0,40.0,40.0,39.9,2000,80000.0,1
2026-09-18,INE459N01021,MANIPALHOS,EQ,725.0,742.5,725.0,738.95,736.55,721.55,838917,618415767.25,24461
2026-09-18,INE241U01028,MPIMANIPAL,EQ,348.9,349.95,329.0,341.35,345.0,345.15,1721733,583080728.5,35353
2026-09-18,INE634S01028,MANKIND,EQ,2300.0,2329.5,2287.7,2300.7,2300.7,2300.0,484552,1120840629.8,27649
2026-09-18,INE0KNT01012,MVGJL,EQ,217.0,224.36,212.2,214.47,214.8,215.37,509506,111615871.99,12280
2026-09-18,INE784W01015,MANOMAY,EQ,225.0,231.0,224.29,229.68,230.1,223.55,182888,41817741.85,5213
2026-09-18,INE00VM01036,MANORAMA,EQ,1953.9,1984.0,1924.1,1966.9,1962.5,1939.1,97087,191117150.7,11829
2026-09-18,INE867A01022,MANUGRAPH,EQ,15.04,18.22,15.04,18.09,17.81,15.19,591694,10604893.07,2217
2026-09-18,INE882A01013,MARALOVER,EQ,60.7,60.7,58.38,59.36,59.05,59.59,3430,203609.52,78
2026-09-18,INE182D01020,MARATHON,EQ,414.15,419.8,405.25,409.0,412.0,414.15,86215,35408764.25,2549
2026-09-18,INE0TD401015,MARC,SM,155.25,156.0,155.25,155.9,155.9,156.0,10800,1682520.0,6
2026-09-18,INE0QP001012,MARCO,SM,29.7,29.7,29.5,29.7,29.7,29.45,7500,222150.0,5
2026-09-18,INE196A01026,MARICO,EQ,820.05,822.45,803.9,803.9,803.9,817.0,2848872,2312650814.6,41994
2026-09-18,INE01JE01028,MARINE,EQ,373.15,382.0,372.95,379.2,379.4,373.15,395698,149604964.15,16355
2026-09-18,INE0FW001016,MARKOLINES,EQ,172.85,173.98,169.0,169.71,169.1,172.84,68615,11669899.27,734
2026-09-18,INE750C01026,MARKSANS,EQ,321.35,325.85,318.65,320.15,321.45,319.7,975318,313174317.5,22161
2026-09-18,INE415B01044,MARSONS,EQ,122.45,132.58,121.76,128.62,128.9,121.67,5689077,734565135.39,41074
2026-09-18,INE0X7G01013,MARUSHIKA,SM,119.95,119.95,117.0,117.0,117.0,119.3,10800,1271940.0,9
2026-09-18,INE585B01010,MARUTI,EQ,12350.0,12458.0,12103.0,12103.0,12103.0,12338.0,659773,8053400911.0,56186
2026-09-18,INE575Z01010,MDL,SM,60.0,60.0,60.0,60.0,60.0,60.0,22000,1320000.0,13
2026-09-18,INE348L01012,MASFIN,EQ,287.4,290.1,281.0,288.95,287.1,286.9,360227,103207964.4,10963
2026-09-18,INE885F01015,MASKINVEST,EQ,143.85,143.85,140.01,143.55,143.85,137.0,345,49586.01,17
2026-09-18,INE0SH001010,MASON,SM,118.5,121.55,109.25,110.65,110.4,119.0,69500,7912600.0,111
2026-09-18,INE759A01021,MASTEK,EQ,1642.9,1642.9,1575.1,1588.2,1588.0,1630.1,200770,320510552.7,27729
2026-09-18,INE0OJM01017,MASTER,SM,395.0,400.0,395.0,400.0,400.0,400.0,1000,397500.0,2
2026-09-18,INE677D01037,MASTERTR,EQ,87.2,90.3,87.2,89.74,89.41,87.47,309406,27574456.66,2425
2026-09-18,INE866R01028,MATRIMONY,EQ,533.0,538.1,528.45,535.55,535.0,530.8,5229,2792661.35,365
2026-09-18,INE132901013,MGSL,SM,67.55,70.0,63.75,65.45,65.95,69.25,43200,2847900.0,36
2026-09-18,INE636A01039,MAWANASUG,EQ,126.91,130.44,123.5,128.21,128.3,125.54,108075,13660982.01,2173
2026-09-18,INE03EI01018,MAXESTATES,EQ,575.0,595.0,575.0,594.0,594.0,577.6,201561,118674621.3,3937
2026-09-18,INE180A01020,MFSL,EQ,1538.6,1573.6,1538.0,1559.0,1559.0,1554.0,898566,1404260982.3,52959
2026-09-18,INE027H01010,MAXHEALTH,EQ,1037.0,1059.9,1034.9,1049.3,1049.3,1037.0,2098416,2205015479.5,36056
2026-09-18,INE0CG601016,MAXIND,EQ,142.62,155.0,141.0,152.69,151.2,140.19,216930,32511934.86,3715
2026-09-18,INE0ECC01022,MAXPOSURE,SM,40.5,40.5,39.7,39.95,39.95,38.6,5000,200150.0,5
2026-09-18,INE10A501018,MAXVOLT,SM,379.5,386.4,363.0,377.0,375.0,374.15,19200,7235960.0,47
2026-09-18,INE0ZTO01018,MAYASHEEL,SM,35.0,36.0,34.0,35.35,36.0,36.65,66000,2333700.0,7
2026-09-18,INE040D01038,MAYURUNIQ,EQ,757.4,757.4,740.0,743.4,744.95,750.0,37518,28045547.45,2662
2026-09-18,INE249Z01020,MAZDOCK,EQ,2209.0,2280.0,2205.1,2280.0,2280.0,2210.0,850778,1911591766.4,35660
2026-09-18,INE885E01042,MAZDA,BE,260.0,276.0,258.0,266.25,268.0,263.45,166595,43637829.25,329
2026-09-18,INE912H01013,MBLINFRA,EQ,22.19,22.35,21.8,22.29,22.31,22.19,22105,486684.21,100
2026-09-18,INE942G01012,MCLEODRUSS,EQ,42.22,44.33,42.22,44.33,44.33,42.22,84730,3704034.95,537
2026-09-18,INE748A01024,MBECL,BE,401.59,401.59,401.59,401.59,401.59,382.47,1893,760209.87,71
2026-09-18,INE456Z01021,MEDIASSIST,EQ,323.0,326.55,317.75,324.85,325.8,321.15,105999,34313569.4,3583
2026-09-18,INE442D01010,MEDICAPQ,BE,24.25,25.82,24.0,25.82,25.82,24.81,3778,95029.42,38
2026-09-18,INE200D01020,MMWL,EQ,13.39,13.39,12.76,12.89,12.9,13.04,11336,147591.16,97
2026-09-18,INE646B01010,MEDICAMEQ,BE,344.7,344.7,328.05,328.05,328.05,346.3,29506,9746860.0,503
2026-09-18,INE0PE401018,MEDIORG,SM,21.65,21.65,21.65,21.65,21.65,22.75,2000,43300.0,1
2026-09-18,INE630Y01024,MEDICO,EQ,36.36,36.57,34.71,34.89,34.84,36.34,312783,10969255.84,1596
2026-09-18,INE804L01022,MEDPLUS,EQ,655.0,665.2,654.0,659.65,656.35,654.0,87557,57615471.4,5035
2026-09-18,INE0VDM01015,MEESHO,EQ,208.48,220.0,208.16,214.44,219.63,207.31,83376786,17846317033.71,212582
2026-09-18,INE0G1D01014,MEGAFLEX,SM,94.1,95.0,94.1,94.55,95.0,96.25,2000,189100.0,2
2026-09-18,INE00EM01016,MEGASTAR,EQ,280.0,283.9,280.0,281.8,280.05,278.75,17638,4958489.7,60
2026-09-18,INE531R01010,MEGATHERM,SM,261.0,261.0,251.0,253.75,254.8,261.0,15600,3965960.0,28
2026-09-18,INE0CT101020,MOL,EQ,60.0,63.8,59.6,63.05,63.3,59.93,1434815,89379294.35,12560
2026-09-18,INE898Q01015,MIIL,EQ,699.5,714.85,689.95,711.35,714.75,689.0,83235,58635167.75,2313
2026-09-18,INE071D01033,MENONBE,BE,311.75,320.0,310.0,316.85,319.4,305.05,88392,27957162.6,943
2026-09-18,INE650G01029,MENNPIS,BE,74.78,75.0,72.03,73.79,73.31,74.59,26549,1952148.36,192
2026-09-18,INE776I01010,MEP,BZ,0.65,0.65,0.63,0.63,0.63,0.64,69757,44003.93,56
2026-09-18,INE689O01013,MERCANTILE,EQ,23.48,23.96,22.17,22.7,23.02,22.47,2852,64751.49,66
2026-09-18,INE763M01028,MERCURYEV,EQ,41.74,41.74,39.11,39.91,39.7,40.84,456747,18373109.99,3485
2026-09-18,INE1II801013,METALIC,ST,139.95,143.65,139.95,143.65,143.65,136.85,56000,8006560.0,31
2026-09-18,INE317I01021,METROBRAND,EQ,955.0,955.0,927.0,940.85,950.9,950.45,918435,864149130.2,46652
2026-09-18,INE085D01033,METROGLOBL,EQ,134.5,134.5,132.01,132.01,132.01,134.5,59,7818.47,3
2026-09-18,INE112L01020,METROPOLIS,EQ,589.9,602.05,582.0,597.45,596.0,586.3,223299,133080239.35,12531
2026-09-18,INE287C01037,MICEL,BE,33.39,33.39,33.37,33.37,33.37,34.05,94790,3163347.64,820
2026-09-18,INE0PZK01014,MICROPRO,SM,18.35,18.35,18.35,18.35,18.35,18.4,1600,29360.0,1
2026-09-18,INE0XAD01024,MIDWESTLTD,EQ,980.0,990.8,973.1,980.8,981.6,976.2,10017,9823566.2,918
2026-09-18,INE588G01021,MLKFOOD,EQ,83.0,86.0,77.11,79.82,79.5,79.12,3524,283036.07,202
2026-09-18,INE00IT01020,MILKYMIST,EQ,276.13,283.98,271.5,274.07,275.3,274.76,5036730,1399202522.01,50902
2026-09-18,INE097E01028,MINALIND,BE,5.15,5.15,5.15,5.15,5.15,5.25,7728,39799.2,50
2026-09-18,INE842C01021,MINDACORP,EQ,685.0,696.35,681.4,691.45,693.25,681.25,90197,62369632.55,10617
2026-09-18,INE0CCU25019,MINDSPACE,RR,499.0,508.4,497.49,505.58,504.57,499.08,902294,455969515.7,20604
2026-09-18,INE110B01017,MINDTECK,EQ,160.36,160.36,156.81,158.33,157.0,156.84,19042,3012745.31,645
2026-09-18,INF769K01KU7,ALPHAETF,EQ,26.2,26.46,26.16,26.33,26.39,26.02,696150,18328691.17,603
2026-09-18,INF769K01KR3,BANKETF,EQ,571.2,576.4,571.2,574.99,574.25,572.55,12315,7070798.63,1271
2026-09-18,INF769K01LZ4,BANKPSU,EQ,83.49,83.96,83.35,83.89,83.82,83.41,13954,1167267.64,64
2026-09-18,INF769K01NS5,CONSUMER,EQ,11.74,11.83,11.74,11.8,11.79,11.73,73605,867210.35,249
2026-09-18,INF769K01QC2,DEFENCE,EQ,78.09,78.96,78.0,78.72,78.49,77.67,216860,17049276.95,705
2026-09-18,INF769K01PY8,DIVIDEND,EQ,34.77,34.89,34.69,34.85,34.83,34.81,2339,81253.61,71
2026-09-18,INF769K01PR2,ENERGY,EQ,38.08,38.2,37.21,38.14,38.14,37.6,124531,4734212.55,683
2026-09-18,INF769K01OA1,EQUAL200,EQ,13.48,13.6,13.48,13.6,13.6,13.43,2868,38829.72,44
2026-09-18,INF769K01OO2,EQUAL50,EQ,323.08,323.77,322.59,323.77,323.77,323.05,2038,658655.34,12
2026-09-18,INF769K01LQ3,EVINDIA,EQ,32.48,32.48,31.78,32.0,31.93,31.84,100432,3207805.95,1133
2026-09-18,INF769K01QA6,HEALTHCARE,EQ,21.98,22.03,21.7,21.84,21.87,21.6,22617,494273.6,146
2026-09-18,INF769K01RJ5,HYBRIDETF,EQ,9.94,10.0,9.94,10.0,10.0,9.94,38244,381480.29,36
2026-09-18,INF769K01QB4,INFRA,EQ,11.9,11.9,11.72,11.85,11.85,11.67,16540,195148.72,120
2026-09-18,INF769K01PB6,INTERNET,EQ,14.56,14.74,14.56,14.72,14.68,14.45,297012,4347331.3,250
2026-09-18,INF769K01KV5,ITETF,EQ,30.95,31.0,30.35,30.47,30.6,30.84,500010,15246043.84,1002
2026-09-18,INF769K01RK3,LARGEMID50,EQ,35.53,35.56,35.36,35.55,35.55,35.31,1014,36044.75,11
2026-09-18,INF769K01KS1,LIQUID,EQ,999.99,1000.0,999.99,999.99,1000.0,999.99,107563,107562558.92,175
2026-09-18,INF769K01MY5,LIQUIDPLUS,EQ,1103.9,1103.92,1103.9,1103.91,1103.92,1103.47,480177,530070179.18,303
2026-09-18,INF769K01GS9,ESG,EQ,40.11,40.29,40.01,40.24,40.22,39.92,5616,225498.3,62
2026-09-18,INF769K01HF4,MAFANG,EQ,238.66,254.0,238.66,248.07,249.89,237.77,1209212,300862249.13,20249
2026-09-18,INF769K01HI8,BFSI,EQ,27.03,27.03,26.38,26.58,26.59,26.38,75368,1998953.8,503
2026-09-18,INF769K01JP9,GOLDETF,EQ,147.29,149.02,147.29,148.57,148.43,146.44,2707257,401796319.04,6195
2026-09-18,INF769K01KF8,GSEC10YEAR,EQ,30.35,30.35,30.19,30.31,30.31,30.35,279,8439.81,11
2026-09-18,INF769K01HS7,MAHKTECH,EQ,21.75,22.9,21.7,21.8,21.93,21.84,1637716,35938921.37,7434
2026-09-18,INF769K01IC9,MIDCAPETF,EQ,23.13,23.43,23.1,23.37,23.43,23.1,1444353,33656030.69,4084
2026-09-18,INF769K01IB1,MAKEINDIA,EQ,161.95,162.78,161.75,162.62,162.35,161.14,56042,9085800.26,339
2026-09-18,INF769K01EG9,NIFTYETF,EQ,254.8,255.02,253.61,254.51,254.61,253.4,142854,36331140.37,598
2026-09-18,INF769K01JU9,LOWVOL,EQ,199.5,199.96,199.5,199.64,199.64,199.88,1007,201127.96,5
2026-09-18,INF769K01FN2,NEXT50,EQ,739.38,748.53,736.14,745.6,745.45,735.76,22861,17003450.46,2378
2026-09-18,INF769K01KG6,SILVERAG,EQ,224.0,229.08,224.0,228.18,227.86,220.74,239735,54506940.14,3110
2026-09-18,INF769K01HP3,MASPTOP50,EQ,108.0,124.59,106.42,124.48,124.59,103.83,4373919,519678257.62,29229
2026-09-18,INF769K01LY7,METAL,EQ,13.32,13.32,13.0,13.15,13.18,13.0,3215331,42250390.25,5716
2026-09-18,INF769K01LJ8,MIDSMALL,EQ,51.87,51.87,50.73,51.4,51.5,50.85,137961,7080318.94,3205
2026-09-18,INF769K01RC0,MOMMIDCAP,EQ,12.78,12.93,12.78,12.9,12.9,12.74,1400681,18046621.6,962
2026-09-18,INF769K01LX9,MULTICAP,EQ,16.0,16.53,16.0,16.48,16.48,16.33,43331,711942.25,334
2026-09-18,INF769K01ON4,SELECTIPO,EQ,48.66,48.66,47.67,48.44,48.65,47.48,24458,1178482.05,78
2026-09-18,INF769K01KT9,SENSEXETF,EQ,77.29,77.5,76.85,77.16,77.15,76.91,10598,816275.86,175
2026-09-18,INF769K01PQ4,SMALL250,EQ,18.15,18.45,18.12,18.38,18.38,18.1,280548,5135760.58,530
2026-09-18,INF769K01LC3,SMALLCAP,EQ,49.17,50.37,48.19,49.09,49.06,48.18,1265660,61893138.41,2857
2026-09-18,INF769K01PZ5,TOP20,EQ,8.64,8.65,8.6,8.62,8.62,8.64,220953,1904528.95,163
2026-09-18,INF769K01QV2,VALUE,EQ,15.84,15.85,15.75,15.8,15.8,15.76,8366,132229.94,56
2026-09-18,INE771A01026,MIRZAINT,EQ,29.6,29.98,28.71,29.14,29.0,29.54,204304,5934841.68,2038
2026-09-18,INE099Z01011,MIDHANI,EQ,411.0,421.5,408.85,417.3,418.0,407.85,1297036,541157208.75,35704
2026-09-18,INE828O01033,MITCON,EQ,79.03,81.59,79.0,80.01,80.05,80.23,386,30906.49,38
2026-09-18,INE997Y01027,MITTAL,EQ,0.76,0.84,0.74,0.77,0.77,0.76,4600938,3537425.65,724
2026-09-18,INE227C01017,MMFL,EQ,618.9,632.95,618.9,628.55,627.3,618.6,41604,26135293.2,2432
2026-09-18,INE511Y01018,MMP,EQ,472.7,482.8,461.5,466.85,467.0,465.7,94696,44750377.55,3417
2026-09-18,INE123F01029,MMTC,EQ,60.14,60.99,60.02,60.27,60.3,60.14,733798,44269989.71,5300
2026-09-18,INE1YNB01019,MOBILISE,SM,108.95,108.95,108.95,108.95,108.95,113.6,3200,348640.0,2
2026-09-18,INE794W01014,MODTHREAD,EQ,49.21,50.35,47.0,47.99,47.99,50.35,5222,250054.62,90
2026-09-18,INE537F01012,MODINATUR,EQ,339.95,374.0,339.95,359.05,355.0,337.95,10638,3865486.9,555
2026-09-18,INE832A01018,MODIRUBBER,EQ,123.0,123.4,119.16,120.24,120.05,123.9,577,69337.61,41
2026-09-18,INE0L0L01012,MODIS,EQ,351.1,353.85,342.0,352.4,350.0,349.05,19609,6832205.55,510
2026-09-18,INE737D01021,MODISONLTD,BE,445.0,467.2,442.0,457.6,450.0,449.5,46210,21180332.7,1160
2026-09-18,INE450S01011,MHHL,SM,30.6,30.6,30.6,30.6,30.6,32.2,1500,45900.0,1
2026-09-18,INE954E01012,MOHITIND,EQ,23.99,23.99,23.0,23.62,23.65,23.2,21043,493031.68,80
2026-09-18,INE154B01023,MOHITE,EQ,2.44,2.54,2.4,2.45,2.43,2.44,64284,158329.69,143
2026-09-18,INE490G01020,MOIL,EQ,244.0,245.1,240.98,243.88,244.0,243.06,344649,83800174.25,7032
2026-09-18,INE514Y01020,MOKSH,EQ,9.99,10.3,9.95,10.17,10.17,9.95,406146,4109816.03,247
2026-09-18,INE869T01028,MOLBIO,EQ,1297.1,1314.8,1262.2,1288.3,1287.9,1285.3,1435104,1848263893.0,56261
2026-09-18,INE893J01029,MOLDTKPAC,EQ,661.85,666.05,655.5,658.3,658.2,661.85,42442,28009300.3,2831
2026-09-18,INE835B01035,MOLDTECH,BE,193.9,196.84,188.51,192.75,193.6,194.15,42547,8201220.26,371
2026-09-18,INE903D01011,MONARCH,EQ,369.5,370.0,363.2,366.15,365.9,367.8,96830,35430708.3,2325
2026-09-18,INE296Q01012,MONEYBOXX,EQ,54.49,54.49,54.49,54.49,54.49,51.9,24084,1312337.16,38
2026-09-18,INE1DV401010,MONOLITH,SM,1310.0,1349.0,1264.0,1295.0,1295.0,1296.1,26750,34790750.0,96
2026-09-18,INE950M01013,MONTECARLO,EQ,558.7,561.8,547.5,553.05,553.0,554.7,129704,71651325.85,4674
2026-09-18,INE083A01026,MOREPENLAB,EQ,120.6,123.45,118.14,120.9,120.8,120.56,16816327,2028617945.31,66306
2026-09-18,INE0N7S01028,MOS,ST,5.45,5.6,5.1,5.5,5.6,5.35,19316000,103126200.0,849
2026-09-18,INE935B01025,MOSCHIP,EQ,210.0,211.15,207.91,208.89,209.3,208.06,1271753,265965102.76,18765
2026-09-18,INE0FS801015,MSUMI,EQ,36.1,36.2,35.38,35.67,35.95,36.07,31085866,1110403929.02,76641
2026-09-18,INF247L01023,MOM100,EQ,66.99,67.3,66.41,66.95,66.75,66.41,152423,10189084.11,1896
2026-09-18,INF247L01AP3,MON100,EQ,328.44,330.99,325.01,330.33,330.34,322.43,750532,247065849.27,17015
2026-09-18,INE338I01027,MOTILALOFS,EQ,988.7,1010.0,988.7,1010.0,1010.0,988.7,739629,744170707.9,13569
2026-09-18,INF247L01536,MOM50,EQ,243.85,252.85,243.82,247.42,246.24,243.83,1236,302744.59,81
2026-09-18,INF247L01AK4,MOGSEC,EQ,63.74,65.42,63.74,65.12,65.42,65.38,764,49716.95,44
2026-09-18,INF247L01FR8,MOALPHA50,EQ,55.45,55.88,55.29,55.74,55.6,55.06,4637,257457.15,46
2026-09-18,INF247L01GV8,MOBANK10,EQ,16.55,16.66,16.49,16.66,16.66,16.57,1608,26639.73,34
2026-09-18,INF247L01EV3,MOCAPITAL,EQ,53.64,53.69,53.05,53.58,53.68,53.1,811785,43397305.69,3025
2026-09-18,INF247L01DJ0,MODEFENCE,EQ,103.05,103.6,102.21,103.28,103.1,101.87,1229387,126764031.33,7319
2026-09-18,INF247L01GH7,MOENERGY,EQ,37.25,38.15,36.78,38.0,37.99,37.53,38962,1475826.42,435
2026-09-18,INF247L01FY4,MOGOLD,EQ,150.95,151.7,149.85,151.35,151.5,148.95,22815,3444811.9,534
2026-09-18,INF247L01BB1,MOHEALTH,EQ,52.31,52.43,51.66,52.09,52.36,51.88,230100,11992939.21,628
2026-09-18,INF247L01FL1,MOINFRA,EQ,57.88,58.47,57.88,58.26,58.26,57.6,772,44888.46,27
2026-09-18,INF247L01GI5,MOIPO,EQ,48.97,49.65,47.92,48.99,48.58,49.84,22647,1095193.29,140
2026-09-18,INF247L01BL0,MOLOWVOL,EQ,36.52,36.52,35.31,35.58,35.61,35.63,1878,66731.34,40
2026-09-18,INF247L01DK8,MOMENTUM50,EQ,53.2,54.1,53.16,53.97,54.03,53.14,348067,18738676.65,12630
2026-09-18,INF247L01HG7,MOMETAL,EQ,12.95,13.08,12.94,13.04,13.08,12.81,4082,53193.07,30
2026-09-18,INF247L01FK3,MOMGF,EQ,159.12,159.64,159.12,159.63,159.63,158.77,599,95539.47,20
2026-09-18,INF247L01FQ0,MOMIDMTM,EQ,64.4,64.4,63.41,63.9,63.7,63.14,51049,3256391.39,339
2026-09-18,INF247L01GK1,MOMNC,EQ,31.56,31.61,31.43,31.54,31.44,31.46,55646,1753148.47,22
2026-09-18,INF247L01BK2,MOMOMENTUM,EQ,60.84,61.83,60.84,61.55,61.83,60.84,70539,4336990.4,271
2026-09-18,INF247L01FC0,MON50EQUAL,EQ,32.45,32.5,32.29,32.37,32.5,32.4,2913,94372.74,46
2026-09-18,INF247L01FD8,MONEXT50,EQ,71.73,72.46,71.6,72.35,72.46,71.27,2915,209844.2,48
2026-09-18,INF247L01GG9,MONIFTY100,EQ,24.54,25.4,24.54,24.83,24.83,24.54,5007,123611.29,64
2026-09-18,INF247L01BU1,MONIFTY500,EQ,23.79,23.79,23.28,23.45,23.5,23.32,206084,4816666.11,1059
2026-09-18,INF247L01AU3,MONQ50,EQ,349.99,396.3,330.26,396.3,396.3,330.25,2229451,869696756.09,24329
2026-09-18,INF247L01HH5,MOOILGAS,EQ,11.0,11.04,10.9,10.98,10.95,10.9,3726,40965.52,37
2026-09-18,INF247L01FO5,MOPSE,EQ,100.87,100.87,97.92,98.73,98.69,101.1,4247,417051.55,69
2026-09-18,INF247L01BH8,MOQUALITY,EQ,193.44,195.06,193.05,194.5,195.06,193.52,690,133866.93,21
2026-09-18,INF247L01CI4,MOREALTY,EQ,84.26,85.47,83.9,85.27,85.4,83.85,283299,24110656.72,1659
2026-09-18,INF247L01GJ3,MOSERVICE,EQ,30.12,30.35,30.05,30.35,30.35,30.0,490,14798.68,18
2026-09-18,INF247L01FZ1,MOSILVER,EQ,229.57,232.3,228.63,231.3,231.8,223.98,54487,12541394.09,1582
2026-09-18,INF247L01CH6,MOSMALL250,EQ,17.94,18.6,17.71,18.41,18.45,18.17,921766,16870361.77,1756
2026-09-18,INF247L01FP2,MOTOUR,EQ,77.98,78.34,76.18,77.95,78.34,76.53,34945,2701289.43,150
2026-09-18,INF247L01BE5,MOVALUE,EQ,110.36,111.48,109.04,110.91,110.95,110.36,33264,3676826.49,454
2026-09-18,INE0FRK01020,MOTISONS,EQ,18.25,19.12,17.95,18.3,18.19,17.94,114189016,2105908272.96,189115
2026-09-18,INE861B01023,MOTOGENFIN,EQ,24.84,27.84,24.84,26.19,26.15,24.96,68884,1813868.8,492
2026-09-18,INE493H01014,MPDL,BE,28.69,30.0,28.69,30.0,30.0,30.18,349,10052.11,3
2026-09-18,INE356A01018,MPHASIS,EQ,2322.9,2327.9,2275.0,2300.4,2300.4,2320.0,650262,1490188252.1,32409
2026-09-18,INE943D01017,MPSLTD,EQ,2583.0,2689.9,2560.1,2667.3,2658.1,2571.5,8970,23521067.9,1707
2026-09-18,INE883A01011,MRF,EQ,124900.0,126500.0,123815.0,125670.0,124890.0,124585.0,8232,1028719420.0,5588
2026-09-18,INE103A01014,MRPL,EQ,164.36,167.1,162.64,165.38,165.5,163.77,4824765,794325680.73,37798
2026-09-18,INE495P01020,BECTORFOOD,EQ,222.55,224.5,217.34,221.55,223.07,220.81,1369086,301904121.91,26747
2026-09-18,INE752G01015,MSPL,EQ,33.75,34.5,33.36,34.15,34.11,33.75,596227,20286636.99,2076
2026-09-18,INE255X01014,MSTCLTD,EQ,715.2,741.45,701.0,724.05,725.0,715.25,213012,153635809.6,9357
2026-09-18,INE472M01018,MTEDUCARE,BE,1.74,1.79,1.63,1.69,1.7,1.71,94189,165410.13,64
2026-09-18,INE864I01014,MTARTECH,BE,7061.0,7250.0,6900.0,7202.0,7200.0,7060.0,88193,633134948.5,14852
2026-09-18,INE08KJ01020,MUFIN,EQ,132.99,136.0,132.5,133.45,133.0,132.2,1191673,160217585.8,6752
2026-09-18,INE304A01026,MUKANDLTD,EQ,134.2,136.5,133.52,134.78,134.2,134.2,48572,6546671.0,756
2026-09-18,INE596B01017,MUKESHB,EQ,133.0,133.0,133.0,133.0,133.0,133.0,1,133.0,1
2026-09-18,INE0CG401037,MUKKA,BE,28.56,28.76,26.87,26.93,26.88,28.28,640411,17471198.75,2197
2026-09-18,INE374B01019,MUKTAARTS,BE,56.28,57.92,54.31,57.92,57.92,56.0,605,33232.3,10
2026-09-18,INE745G01043,MCX,EQ,3257.5,3314.9,3230.1,3260.0,3260.0,3265.2,2197423,7170418921.7,101492
2026-09-18,INE1K8Y01018,MUNISH,SM,95.75,96.75,90.5,92.65,96.75,95.75,12000,1119480.0,10
2026-09-18,INE672B01032,MUNJALAU,EQ,104.24,105.84,103.46,103.99,104.3,104.81,237389,24769549.84,7345
2026-09-18,INE577A01027,MUNJALSHOW,EQ,124.0,126.74,123.21,125.8,126.15,123.93,20341,2553783.94,481
2026-09-18,INE692B01014,MURUDCERA,EQ,29.0,29.0,27.82,28.26,28.29,28.65,14737,416066.47,376
2026-09-18,INE919I01024,RADIOCITY,EQ,6.2,6.2,6.0,6.01,6.06,6.05,16349,98472.51,91
2026-09-18,INE296G01013,MUTHOOTCAP,EQ,231.62,239.98,231.62,234.28,233.12,235.03,14019,3328041.69,403
2026-09-18,INE414G01012,MUTHOOTFIN,EQ,2796.6,2852.0,2784.3,2841.1,2841.1,2770.2,654610,1855052061.6,53732
2026-09-18,INE046W01019,MUTHOOTMF,EQ,188.3,189.9,187.23,189.28,189.59,188.04,137823,26005990.11,2477
2026-09-18,INE0OWZ01020,MVELECTRO,EQ,795.0,842.0,776.0,832.75,826.7,796.0,2320560,1892931824.3,66573
2026-09-18,INE0RVQ01016,MYMUDRA,SM,64.45,64.5,64.4,64.5,64.5,66.0,4800,309300.0,4
2026-09-18,INE741A01011,MYSORPETRO,BE,129.39,131.79,124.1,129.99,129.98,128.02,2567,328178.14,52
2026-09-18,INE740D01017,NRAIL,EQ,620.2,640.8,601.5,625.2,624.0,628.5,18686,11540990.75,1384
2026-09-18,INE104101014,NRVANDANA,SM,71.0,71.0,70.0,70.0,70.0,71.55,33000,2337000.0,8
2026-09-18,INE920C01017,NTCIND,EQ,132.03,136.0,132.03,132.85,134.0,132.03,747,99516.92,36
2026-09-18,INE365I01020,NBIFIN,EQ,1960.0,1979.0,1946.0,1970.8,1979.0,1960.1,5088,9913305.9,37
2026-09-18,INE295D01020,NACLIND,EQ,148.33,148.88,143.1,146.75,148.05,148.88,691786,100520149.88,12923
2026-09-18,INE756C01015,NDGL,EQ,2664.0,2690.0,2600.0,2649.5,2690.0,2653.4,359,946978.7,37
2026-09-18,INE245I01016,NAGREEKCAP,EQ,29.0,29.0,27.3,28.19,28.0,27.92,45262,1286114.04,260
2026-09-18,INE123B01028,NAGREEKEXP,EQ,21.3,21.95,20.94,21.13,21.22,21.54,14284,301444.19,231
2026-09-18,INE049I01012,NAHARCAP,EQ,257.95,257.95,245.0,247.5,250.9,250.0,2151,536092.9,97
2026-09-18,INE289A01011,NAHARINDUS,EQ,131.5,136.9,130.5,131.29,130.6,133.47,6308,834667.29,235
2026-09-18,INE308A01027,NAHARPOLY,EQ,224.0,228.45,223.0,227.02,227.5,222.28,2119,478052.4,122
2026-09-18,INE290A01027,NAHARSPING,EQ,278.85,281.35,268.05,269.2,272.0,275.8,12712,3448759.0,627
2026-09-18,INE236Y01012,NGIL,EQ,36.33,38.43,35.94,38.04,38.43,34.94,33418,1258926.1,245
2026-09-18,INE023A01030,NSIL,EQ,5400.0,5550.0,5400.0,5507.5,5518.0,5436.0,2466,13581589.0,336
2026-09-18,INE0RJM01010,NAMAN,SM,38.1,38.1,38.1,38.1,38.1,38.0,1600,60960.0,2
2026-09-18,INE08NZ01012,NAMOEWASTE,ST,267.3,274.0,263.8,270.95,269.0,267.3,28800,7738720.0,32
2026-09-18,INE875G01048,NDL,EQ,2.82,2.9,2.75,2.78,2.81,2.82,967406,2698046.04,1398
2026-09-18,INE696V01013,JAIPURKURT,EQ,24.7,25.3,24.21,24.85,24.9,24.74,3279,80827.65,96
2026-09-18,INE410P01011,NH,EQ,1859.0,1940.0,1859.0,1928.5,1927.0,1868.6,271767,520794585.9,29854
2026-09-18,INE117Z01029,NARMADA,EQ,13.86,14.0,13.67,13.72,13.71,13.86,201618,2775310.02,580
2026-09-18,INE987B01026,NATCOPHARM,EQ,819.0,822.65,806.9,813.4,813.45,818.25,489351,398057003.95,32884
2026-09-18,INE448G01010,NATHBIOGEN,EQ,148.14,149.0,146.5,147.34,147.01,148.14,54186,8019636.48,139
2026-09-18,INE139A01034,NATIONALUM,EQ,359.8,363.2,350.5,350.5,350.5,355.7,5809441,2067005817.55,45661
2026-09-18,INE870D01012,NFL,EQ,66.99,67.41,66.5,66.79,66.99,66.84,382639,25559689.11,2565
2026-09-18,INE0H7R23014,NHIT,IV,171.0,171.0,171.0,171.0,171.0,171.0,150000,25650000.0,3
2026-09-18,INE166R01015,NATIONSTD,EQ,112.35,112.99,109.0,109.94,110.0,111.8,6114,679089.0,219
2026-09-18,INE936B01015,NATCAPSUQ,BE,176.0,176.0,170.0,171.58,172.7,178.58,12419,2132668.67,161
2026-09-18,INE725A01030,NAVA,EQ,548.05,571.75,548.05,562.3,562.2,546.6,664236,375985595.3,25503
2026-09-18,INE048G01026,NAVINFLUOR,EQ,8257.0,8682.5,8231.5,8590.0,8612.0,8220.0,298599,2533552790.5,49461
2026-09-18,INE278M01019,NAVKARCORP,EQ,87.8,89.25,87.26,88.91,89.01,87.56,302437,26690114.95,2987
2026-09-18,INE268H01044,NAVKARURB,BE,0.83,0.84,0.79,0.83,0.84,0.83,436782,357902.98,305
2026-09-18,INE060A01024,NAVNETEDUL,EQ,124.9,128.44,124.06,126.89,126.8,124.89,73795,9315926.48,2506
2026-09-18,INE418L01047,NAZARA,EQ,364.5,377.0,364.5,369.35,368.65,362.55,3038750,1126057258.45,31145
2026-09-18,INE095N01031,NBCC,EQ,82.4,84.27,82.4,82.4,82.4,82.13,5214690,433363557.45,23793
2026-09-18,INE868B01028,NCC,EQ,135.98,138.92,134.84,137.13,136.45,135.6,2320130,316935372.96,24548
2026-09-18,INE732C01016,NCLIND,EQ,172.46,175.0,172.45,174.66,175.0,172.98,30414,5286408.68,362
2026-09-18,INE353A01023,NDLVENTURE,EQ,123.0,125.38,116.0,123.0,123.49,120.03,18292,2258007.63,398
2026-09-18,INE07OG01012,NDRAUTO,EQ,700.0,729.7,700.0,726.0,727.0,701.0,29831,21384414.35,2356
2026-09-18,INE0Q7Q23015,NDRINVIT,IV,145.5,145.5,145.5,145.5,145.5,145.0,25000,3637500.0,1
2026-09-18,INE155G01029,NDTV,EQ,71.0,73.38,70.9,71.72,71.95,71.04,77022,5545637.82,1212
2026-09-18,INE023H01027,NECLIFE,EQ,11.19,11.3,10.85,10.98,11.0,11.02,93255,1023252.49,378
2026-09-18,INE0N1401016,NEELAM,SM,7.0,7.0,7.0,7.0,7.0,6.75,6000,42000.0,1
2026-09-18,INE605D01012,NEAGI,EQ,3308.0,3308.0,3308.0,3308.0,3308.0,3308.0,1,3308.0,1
2026-09-18,INE189I01024,NELCAST,EQ,107.72,110.09,105.75,108.34,107.4,108.04,86630,9373283.61,1510
2026-09-18,INE045B01015,NELCO,EQ,969.55,1019.5,965.3,1011.85,1005.85,965.25,682119,686138440.25,25945
2026-09-18,INE21UM01018,NEOCHEM,SM,112.5,112.5,106.1,108.0,108.0,105.45,14400,1552860.0,12
2026-09-18,INE136S01016,NEOGEN,EQ,2435.0,2498.2,2376.2,2488.4,2477.0,2395.6,355984,873839522.5,39806
2026-09-18,INE0SUN01013,NEPHROCARE,SM,95.55,95.55,91.65,93.75,93.95,91.65,13600,1278840.0,29
2026-09-18,INE428V01029,NEPHROPLUS,EQ,742.0,746.95,735.1,743.35,746.0,735.1,75741,56239461.0,7981
2026-09-18,INE156901014,NEPTUNE,SM,177.0,179.5,176.3,177.9,179.5,176.5,1500,266400.0,3
2026-09-18,INE317F01035,NESCO,EQ,1088.3,1124.1,1076.0,1111.3,1122.0,1081.5,41377,45361671.8,2886
2026-09-18,INE239A01024,NESTLEIND,EQ,1372.1,1390.0,1332.8,1372.4,1372.4,1370.6,3264904,4456265187.6,70103
2026-09-18,INE0NT901020,NETWEB,EQ,4612.0,4703.5,4587.0,4664.5,4652.5,4578.5,1136499,5281359123.0,87276
2026-09-18,INE0FFK01017,NPST,EQ,1857.1,1899.5,1803.1,1828.5,1820.0,1854.9,139085,257529678.2,12093
2026-09-18,INE870H01013,NETWORK18,EQ,26.49,27.17,26.39,27.0,26.89,26.46,5331335,143267622.82,9795
2026-09-18,INE333I01044,NEUEON,BE,11.62,11.7,11.25,11.29,11.5,11.57,9328,106409.32,57
2026-09-18,INE794A01010,NEULANDLAB,EQ,22700.0,23030.0,22440.0,22840.0,22700.0,22665.0,75518,1716497060.0,21626
2026-09-18,INE619B01017,NEWGEN,EQ,493.4,499.3,487.1,497.3,497.0,489.5,622017,307301675.85,17627
2026-09-18,INE0PW501021,NEWJAISA,ST,19.1,19.1,17.3,18.0,18.0,18.2,144000,2551275.0,19
2026-09-18,INE747B01016,NEXTMEDIA,EQ,3.88,3.88,3.79,3.82,3.79,3.88,1241,4735.63,34
2026-09-18,INE0NDH25011,NXST,RR,166.84,167.55,165.95,166.35,167.55,166.25,919152,152980861.02,7953
2026-09-18,INE0T1501010,NFPSAMPOOR,SM,21.25,22.4,21.25,21.5,22.4,20.4,62000,1331600.0,11
2026-09-18,INE887E01022,NGLFINE,EQ,2728.8,2780.0,2670.1,2768.2,2765.0,2715.3,11325,30910145.8,1203
2026-09-18,INE557F07181,893NHB29,N6,5578.0,5578.0,5578.0,5578.0,5578.0,5578.0,4,22312.0,1
2026-09-18,INE848E01016,NHPC,EQ,75.2,76.95,75.09,76.95,76.95,75.2,18275311,1392137940.83,35982
2026-09-18,INE149O01018,NIBE,EQ,1252.9,1305.0,1228.3,1287.0,1288.0,1250.1,46108,58143584.5,3837
2026-09-18,INE653C01022,NICCOPAR,EQ,82.99,82.99,78.0,80.45,80.45,82.0,5480,440380.89,39
2026-09-18,INE0J6L01013,NIDAN,SM,13.5,13.5,13.4,13.4,13.4,13.0,5000,67300.0,5
2026-09-18,INE342G01023,NIITMTS,EQ,225.5,225.66,214.49,217.16,216.98,224.6,402242,87769501.13,10783
2026-09-18,INE161A01038,NIITLTD,EQ,87.88,94.3,86.8,91.57,92.0,87.31,391257,35419969.65,4484
2026-09-18,INE937C01029,NILAINFRA,EQ,6.64,6.69,6.41,6.63,6.6,6.56,201803,1318725.98,539
2026-09-18,INE00S901012,NILASPACES,EQ,12.48,12.72,12.13,12.3,12.3,12.48,1810089,22270905.07,2520
2026-09-18,INE445D01013,NILE,EQ,1493.0,1493.0,1455.0,1462.2,1469.2,1456.0,1434,2098568.0,309
2026-09-18,INE310A01015,NILKAMAL,EQ,1904.6,1934.0,1844.2,1887.5,1884.0,1917.2,25774,48783416.9,3682
2026-09-18,INE875B01015,NIMBSPROJ,EQ,192.89,192.91,178.02,185.46,192.9,183.73,10487,1986422.81,172
2026-09-18,INE395U01014,NINSYS,EQ,714.5,714.5,702.1,707.5,707.0,707.9,807,572012.25,196
2026-09-18,INF204KB15I9,BANKBEES,EQ,583.0,584.89,581.78,583.58,584.0,581.64,369452,215460440.36,4904
2026-09-18,INF204KA1LD7,CONSUMBEES,EQ,128.26,128.66,127.42,128.32,128.66,126.99,39495,5054170.1,663
2026-09-18,INF204KA1MS3,DIVOPPBEES,EQ,75.25,75.25,74.44,74.71,74.88,74.88,25029,1868726.61,882
2026-09-18,INF204KB18I3,NV20BEES,EQ,135.72,136.11,134.86,135.32,135.35,135.72,22134,2994328.36,270
2026-09-18,INF204KB17I5,GOLDBEES,EQ,125.51,126.95,125.47,126.48,126.4,124.43,28783409,3636517040.31,80392
2026-09-18,INF204KB19I1,HNGSNGBEES,EQ,467.6,467.6,461.4,463.3,464.0,462.97,56641,26238293.03,3270
2026-09-18,INF732E01268,INFRABEES,EQ,933.6,938.0,931.37,935.62,938.0,928.63,5322,4978322.26,378
2026-09-18,INF204KB15V2,ITBEES,EQ,33.1,33.1,31.81,31.94,32.0,32.39,13607369,434737000.38,22645
2026-09-18,INF732E01045,JUNIORBEES,EQ,778.3,782.0,766.15,781.11,782.0,771.94,180919,140886130.76,6249
2026-09-18,INF732E01037,LIQUIDBEES,EQ,999.99,1000.01,999.99,999.99,1000.0,999.99,6909810,6909781265.71,4044
2026-09-18,INF204KB1882,LTGILTBEES,EQ,29.68,29.9,29.67,29.78,29.9,29.68,1009925,30060310.41,676
2026-09-18,INF204KB1V68,MID150BEES,EQ,234.88,236.88,233.43,236.52,236.85,233.43,453893,106937922.49,5489
2026-09-18,INF204K014N5,NIF100BEES,EQ,259.46,261.1,259.45,260.72,261.1,259.43,7950,2069595.14,558
2026-09-18,INF204KB14I2,NIFTYBEES,EQ,267.89,267.89,265.94,266.53,266.75,266.08,3645562,970826883.69,43071
2026-09-18,INF204KB16I7,PSUBNKBEES,EQ,93.3,93.3,92.25,92.65,92.8,92.38,675075,62438933.46,4325
2026-09-18,INF732E01128,SHARIABEES,EQ,439.9,443.95,437.25,438.88,442.0,439.9,4350,1907823.16,377
2026-09-18,INE298J01013,NAM-INDIA,EQ,1128.3,1156.1,1124.1,1155.0,1155.0,1119.0,1528510,1753997129.0,50588
2026-09-18,INF204KC1FU1,LIQGRWBEES,EQ,1055.79,1056.19,1055.79,1056.18,1056.19,1055.78,101609,107318115.11,203
2026-09-18,INF204KC1GH6,MANUFGBEES,EQ,160.83,160.83,159.55,160.16,160.65,160.03,3663,586825.74,72
2026-09-18,INF204KC1337,AUTOBEES,EQ,282.41,283.66,281.55,282.71,282.78,282.4,85935,24268389.19,1665
2026-09-18,INF204KC1089,PHARMABEES,EQ,27.88,27.88,27.36,27.5,27.49,27.36,3520516,96807586.82,7483
2026-09-18,INF204KC1402,SILVERBEES,EQ,221.1,225.0,221.1,224.07,224.25,216.64,28477957,6357287890.41,81286
2026-09-18,INF204KC1EZ3,SNXT30BEES,EQ,42.33,42.38,42.02,42.14,42.18,41.91,494,20825.51,40
2026-09-18,INE368I01016,NIRAJ,EQ,27.06,28.73,27.06,27.74,27.72,27.92,7255,201442.9,71
2026-09-18,INE326T01011,NIRAJISPAT,BE,285.0,285.0,285.0,285.0,285.0,285.0,30,8550.0,2
2026-09-18,INE910A01012,NIRLON,EQ,600.0,604.95,596.05,600.4,600.5,601.05,1961,1178119.05,271
2026-09-18,INE0OK701014,NIRMAN,SM,26.6,27.0,26.25,26.8,27.0,26.7,7500,198870.0,21
2026-09-18,INE858F01012,NITCO,EQ,85.95,88.46,85.12,87.0,88.05,85.94,417793,36166487.56,3059
2026-09-18,INE229H01012,NITINSPIN,EQ,617.0,634.9,613.05,619.2,620.5,616.85,58258,36170080.6,3915
2026-09-18,INE439T01012,NITIRAJ,EQ,233.0,236.7,227.5,232.01,233.49,234.07,3238,756785.91,101
2026-09-18,INE265B01019,NITTAGELA,EQ,1794.1,1794.1,1690.2,1711.4,1724.0,1766.1,5804,10070437.4,766
2026-09-18,INE995S01015,NIVABUPA,EQ,79.85,80.45,79.01,79.59,79.02,79.6,1273196,101433394.64,8596
2026-09-18,INE589A01014,NLCINDIA,EQ,264.2,269.7,262.55,268.8,268.1,262.3,2578554,690256009.2,41438
2026-09-18,INE579F24032,805NMC31,N3,129.0,129.0,129.0,129.0,129.0,129.0,7,903.0,1
2026-09-18,INE584A01023,NMDC,EQ,81.38,81.7,79.15,79.15,79.15,80.8,18919633,1516381139.54,42430
2026-09-18,INE0NNS01018,NSLNISP,EQ,41.8,43.04,41.33,42.6,42.4,41.64,6294350,266957221.53,23031
2026-09-18,INE163A01018,NOCIL,EQ,187.3,196.87,186.34,194.56,195.2,186.36,1732771,331912874.09,16253
2026-09-18,INE781B01015,NOIDATOLL,EQ,3.94,4.04,3.87,4.0,4.02,3.96,26530,104942.62,222
2026-09-18,INE369C01017,NORBTEAEXP,EQ,64.13,66.9,64.13,65.5,65.5,64.73,1847,120338.73,46
2026-09-18,INE553C01016,NECCLTD,BE,19.25,19.35,18.13,18.97,19.33,18.82,39219,740874.76,175
2026-09-18,INE850M01015,NORTHARC,EQ,311.9,315.5,308.55,313.6,313.6,310.55,1062365,331739200.55,25678
2026-09-18,INE02H701025,NOVAAGRI,EQ,22.7,23.39,22.11,22.9,23.08,22.49,38579,878871.09,292
2026-09-18,INE234A01025,NOVARTIND,EQ,2082.2,2154.9,2006.0,2046.8,2040.0,2082.2,76794,159620136.0,7664
2026-09-18,INE349A01021,NRBBEARING,EQ,474.0,534.9,472.6,525.5,529.5,472.2,9738086,5095157064.75,172806
2026-09-18,INE047O01014,NIBL,EQ,30.36,31.68,29.5,30.97,31.0,30.65,10685,331346.23,283
2026-09-18,INE0ONG01011,NTPCGREEN,EQ,88.5,88.95,86.91,88.55,88.42,87.58,4164366,366365884.76,51916
2026-09-18,INE733E01010,NTPC,EQ,329.8,330.85,323.65,323.65,323.65,329.6,9448827,3086192636.65,71362
2026-09-18,INE096B01018,NUCLEUS,EQ,700.0,709.0,683.0,686.25,685.0,691.4,14849,10251574.6,1144
2026-09-18,INE0JM501013,NRL,BE,136.73,143.98,132.9,143.67,143.98,137.13,210713,29480274.32,782
2026-09-18,INE0DSF01015,NURECA,BE,330.0,348.95,327.15,345.95,348.6,332.35,28818,9994201.5,471
2026-09-18,INE531F01023,NUVAMA,EQ,1700.0,1720.0,1689.5,1713.7,1710.0,1687.4,265082,453045979.5,20056
2026-09-18,INE118D01016,NUVOCO,EQ,318.05,333.5,318.05,328.6,328.8,319.0,629989,206083730.4,21754
2026-09-18,INE0SF023016,NXT-INFRA,IV,98.0,100.0,98.0,100.0,100.0,95.5,200000,19950000.0,2
2026-09-18,INE426Z01016,OBCL,EQ,55.82,58.0,55.1,57.02,57.34,55.82,5689,323609.47,65
2026-09-18,INE093I01010,OBEROIRLTY,EQ,1730.1,1785.0,1721.0,1785.0,1785.0,1740.7,766762,1346652502.5,29849
2026-09-18,INE0YHV01011,OBSCP,SM,895.0,935.0,886.2,930.25,925.3,899.25,33200,30638580.0,79
2026-09-18,INE0PK601023,OCCLLTD,BE,156.5,159.0,150.6,154.09,154.5,154.65,17991,2776544.66,260
2026-09-18,INE054301028,ODIGMA,EQ,20.95,21.44,20.95,21.0,21.05,21.0,20873,439726.49,297
2026-09-18,INE839E01023,ODYCORP,EQ,7.18,7.18,6.25,7.07,7.13,6.86,41164,278095.85,106
2026-09-18,INE213A01029,ONGC,EQ,232.43,234.32,231.75,232.8,232.8,232.43,11146237,2597488315.17,58575
2026-09-18,INE591A01010,OILCOUNTUB,BE,65.54,65.54,65.54,65.54,65.54,64.26,44331,2905453.74,50
2026-09-18,INE274J01014,OIL,EQ,479.0,482.8,472.0,475.7,475.7,477.4,3703547,1769383232.9,32811
2026-09-18,INE0LXG01040,OLAELEC,EQ,36.8,37.0,36.02,36.39,36.49,36.79,48738061,1770540375.54,94953
2026-09-18,INE260D01016,OLECTRA,EQ,1183.0,1206.4,1183.0,1198.8,1198.6,1186.2,174712,209245602.3,11276
2026-09-18,INE1BZC01019,OMFREIGHT,BE,86.0,87.79,84.0,85.16,85.55,85.8,4094,350422.26,85
2026-09-18,INE239D01028,OMINFRAL,EQ,80.91,80.91,77.9,78.33,78.88,79.44,54641,4303812.96,1336
2026-09-18,INE25E901019,OMPOWER,EQ,167.53,175.4,167.11,172.37,172.15,166.7,71555,12244727.81,1187
2026-09-18,INE090B01011,OMAXAUTO,EQ,175.09,185.01,174.04,182.16,183.0,175.79,85580,15474872.55,1770
2026-09-18,INE800H01010,OMAXE,EQ,120.96,123.0,116.41,117.31,117.6,120.76,744348,89362032.72,8261
2026-09-18,INE338Y01016,OMFURN,SM,51.05,51.5,51.0,51.5,51.5,53.0,8400,429120.0,3
2026-09-18,INE0UH301010,OMNI,EQ,569.95,588.0,544.8,556.15,554.4,568.65,6045799,3388478710.65,81316
2026-09-18,INE00ER01015,ONDOOR,SM,255.5,270.0,255.5,268.7,270.0,267.2,10200,2725545.0,22
2026-09-18,INE982J01020,PAYTM,EQ,1795.4,1849.9,1765.0,1849.9,1849.9,1763.0,4640337,8348515415.2,113705
2026-09-18,INE670O01013,ONEGLOBAL,EQ,550.45,550.45,525.05,538.75,539.05,530.45,3309,1768613.4,302
2026-09-18,INE0HLU01028,MOBIKWIK,EQ,200.7,213.75,200.5,212.48,213.0,198.64,5135376,1068466840.89,53481
2026-09-18,INE840Y01029,ONEPOINT,EQ,59.14,60.2,58.66,59.64,59.58,59.14,579627,34570954.04,2916
2026-09-18,INE0OPS01011,OLIL,SM,443.9,444.5,427.0,443.35,444.5,432.35,23600,10264560.0,24
2026-09-18,INE912L01015,ONELIFECAP,BE,32.91,34.1,32.91,34.02,34.07,32.91,21388,715681.34,67
2026-09-18,INE12F801023,KISSHT,EQ,358.0,373.0,347.0,356.05,356.5,359.95,4153061,1473338402.8,116558
2026-09-18,INE013P01021,ONESOURCE,EQ,1575.0,1634.8,1575.0,1594.9,1592.4,1580.0,335793,538182785.2,29590
2026-09-18,INE831A01028,ONIDA,EQ,32.28,33.4,32.23,32.89,32.6,32.29,453556,14936286.44,1764
2026-09-18,INE173M01012,ONIXSOLAR,EQ,357.4,357.4,357.4,357.4,357.4,376.2,6099,2179782.6,80
2026-09-18,INE809I01019,ONMOBILE,BE,51.31,51.31,48.75,48.81,48.75,51.31,98825,4856376.56,699
2026-09-18,INE229A01017,ONWARDTEC,EQ,289.9,297.0,286.05,287.2,287.0,291.75,13769,4004867.5,749
2026-09-18,INE0WVU01018,ONYX,ST,38.0,38.0,37.25,37.25,37.25,38.0,26000,985500.0,4
2026-09-18,INE350C01017,OPTIEMUS,EQ,614.0,622.7,585.6,590.1,589.0,610.0,190406,113624646.2,11867
2026-09-18,INE031G01022,OPTIFIN,EQ,14.99,14.99,13.8,14.01,14.38,15.13,61040,861083.15,255
2026-09-18,INE1JZB01022,OPTIMYSTIX,SM,137.0,140.1,134.0,139.45,140.0,139.0,17600,2430440.0,20
2026-09-18,INE15B101011,OPTIVALUE,ST,180.0,193.1,180.0,193.1,193.1,183.95,52800,10100880.0,29
2026-09-18,INE881D01027,OFSS,EQ,11648.0,11896.0,11515.0,11896.0,11896.0,11620.0,162844,1903730061.0,19585
2026-09-18,INE231G01010,ORBTEXP,BE,224.0,234.4,224.0,229.82,228.51,224.97,1710,392224.78,58
2026-09-18,INE215B01022,ORCHASP,EQ,1.41,1.43,1.37,1.4,1.41,1.37,375577,523865.98,366
2026-09-18,INE191A01027,ORCHPHARMA,EQ,958.05,999.0,958.05,989.7,993.6,958.05,56527,55458659.55,3312
2026-09-18,INE0OUT01027,ORIANA,SM,276.5,281.9,265.0,271.75,272.9,1348.85,169875,46122431.25,351
2026-09-18,INE730A01022,ORICONENT,EQ,51.06,53.88,51.06,52.75,53.01,51.26,17128,900925.42,334
2026-09-18,INE607D01018,ORIENTBELL,EQ,394.05,396.0,383.0,393.25,395.45,387.25,10141,3968140.85,739
2026-09-18,INE876N01018,ORIENTCEM,EQ,122.03,126.2,121.83,124.55,124.15,122.09,2828940,351603908.75,15931
2026-09-18,INE569C01020,ORIENTCER,EQ,46.89,46.9,45.62,46.52,46.8,46.11,53405,2475252.8,811
2026-09-18,INE142Z01019,ORIENTELEC,EQ,170.68,170.68,166.25,167.36,166.3,168.83,123188,20673092.6,3243
2026-09-18,INE999K01014,GREENPOWER,EQ,9.4,9.4,9.0,9.05,9.13,9.05,3333043,30405190.84,3833
2026-09-18,INE750A01020,ORIENTHOT,EQ,142.0,144.69,140.15,143.45,143.31,141.01,1243314,178133025.83,6393
2026-09-18,INE592A01026,ORIENTPPR,EQ,17.3,17.51,16.99,17.2,17.1,17.25,191461,3297548.17,857
2026-09-18,INE609C01024,ORIENTLTD,BE,79.55,84.99,79.55,80.82,81.0,82.99,1086,88219.32,18
2026-09-18,INE0PPK01015,ORIENTTECH,EQ,236.47,239.24,235.01,236.35,236.15,236.47,156550,37145017.91,2655
2026-09-18,INE959C01023,OAL,EQ,513.8,528.9,510.0,514.15,512.5,513.5,22259,11552233.8,1282
2026-09-18,INE457G01029,ORIRAIL,EQ,119.23,120.41,116.3,117.09,117.53,117.94,33351,3923464.58,988
2026-09-18,INE998H01012,ORIENTALTL,EQ,4.98,5.03,4.93,4.96,4.95,4.98,55364,274774.82,323
2026-09-18,INE725E01024,ORISSAMINE,EQ,4020.0,4051.0,3800.1,3821.2,3824.0,3896.4,28276,109762500.9,4922
2026-09-18,INE16NZ01023,ORKLAINDIA,EQ,576.3,604.25,575.0,595.65,602.0,578.25,71578,42262561.75,3735
2026-09-18,INE749B01020,ORTINGLOBE,EQ,15.7,16.68,15.67,15.83,16.44,16.45,8090,128814.08,50
2026-09-18,INE0RMF01018,OSELDEVICE,SM,369.0,369.0,361.55,363.9,364.0,368.5,13200,4809270.0,53
2026-09-18,INE06IR01021,OSIAHYPER,BE,2.24,2.27,2.16,2.24,2.19,2.22,225631,505138.0,328
2026-09-18,INE142A01012,OSWALAGRO,EQ,35.99,35.99,33.22,33.88,33.65,33.91,56597,1924659.25,622
2026-09-18,INE143A01010,OSWALGREEN,EQ,19.2,19.95,18.76,19.44,19.37,19.04,107196,2060718.67,752
2026-09-18,INE0BYP01024,OSWALPUMPS,EQ,274.8,280.7,270.45,278.1,279.1,273.3,271449,74530677.65,5538
2026-09-18,INE0R8M01017,OWAIS,ST,77.95,79.5,76.4,76.4,76.4,77.95,22700,1758165.0,46
2026-09-18,INE501F01018,PBMPOLY,EQ,67.0,67.0,60.08,65.0,65.0,60.0,146,9769.08,6
2026-09-18,INE953R01016,PNGJL,EQ,606.9,610.0,596.75,604.75,609.3,601.15,323988,195728914.25,14336
2026-09-18,INE035S01028,POEL,EQ,139.1,142.42,136.5,137.16,138.0,137.82,20393,2838628.04,746
2026-09-18,INE0XUS01020,PSRAJ,SM,99.95,104.0,96.9,100.45,99.35,96.0,70000,7065625.0,18
2026-09-18,INE179A01014,PGHH,EQ,7673.5,7680.0,7432.0,7486.0,7450.0,7613.0,66505,502718987.5,14520
2026-09-18,INE0KN801013,PROPEQUITY,SM,195.0,195.0,191.1,192.0,192.0,196.1,2400,463860.0,3
2026-09-18,INE0S3G01027,PACEDIGITK,EQ,155.26,158.38,154.5,156.17,156.37,153.31,521729,81375901.35,8674
2026-09-18,INE883C01025,PACIFICI,EQ,147.99,147.99,147.99,147.99,147.99,148.5,1,147.99,1
2026-09-18,INE761H01022,PAGEIND,EQ,34990.0,36400.0,34900.0,36400.0,36400.0,35020.0,32020,1143656470.0,11085
2026-09-18,INE420C01059,PAISALO,EQ,91.0,91.0,88.75,89.51,89.3,88.73,25898908,2320036208.77,48589
2026-09-18,INE551D01018,PAKKA,EQ,75.55,79.8,75.55,78.56,78.99,77.12,45964,3611477.41,985
2026-09-18,INE471W01019,PALASHSECU,EQ,86.11,88.5,86.1,86.11,86.11,86.03,305,26657.03,20
2026-09-18,INE218G01033,PALREDTEC,EQ,46.01,46.13,46.01,46.1,46.1,46.01,161,7418.55,6
2026-09-18,INE922B01023,PANACEABIO,EQ,373.0,375.8,359.9,367.9,368.0,372.0,119782,43852357.7,4233
2026-09-18,INE895W01019,PANACHE,BE,515.0,522.2,515.0,522.2,522.2,512.0,3474,1803757.5,38
2026-09-18,INE305C01029,PANAMAPET,EQ,455.7,472.4,455.7,470.2,469.0,459.75,166705,77759002.25,6040
2026-09-18,INE798F01010,PANCHMAHQ,EQ,295.0,301.0,295.0,296.4,301.0,295.0,38,11227.95,10
2026-09-18,INE258R01028,PANORAMA,EQ,52.3,54.0,52.0,53.26,53.5,52.63,171382,9077747.76,955
2026-09-18,INE697V01011,PANSARI,EQ,280.0,285.0,262.9,284.95,284.0,290.0,1081,305331.5,36
2026-09-18,INE04LG01015,PAR,BE,134.39,139.94,134.0,136.6,138.0,133.54,29278,4024164.71,349
2026-09-18,INE088F01024,PARADEEP,EQ,154.0,156.56,153.06,155.62,155.64,153.81,2314244,358937598.26,26625
2026-09-18,INE883N01014,PARAGMILK,EQ,265.5,272.4,263.5,268.5,268.0,264.6,1521408,407882326.25,17741
2026-09-18,INE0N4G01012,PARAGON,SM,53.1,55.0,53.1,53.65,53.6,55.5,6000,324420.0,5
2026-09-18,INE0S2W01018,PARAMATRIX,SM,57.0,57.0,57.0,57.0,57.0,57.5,1200,68400.0,1
2026-09-18,INE074B01023,PARACABLES,EQ,60.75,62.5,60.75,62.02,62.25,60.7,1236571,76411466.64,6813
2026-09-18,INE0TG801013,PARAMOUNT,SM,40.25,40.3,40.25,40.3,40.3,42.35,7200,289860.0,6
2026-09-18,INE045601023,PARAS,EQ,1375.0,1397.7,1366.4,1372.7,1380.0,1370.9,613001,844486905.6,30224
2026-09-18,INE162C01024,PARASPETRO,EQ,2.16,2.23,2.13,2.14,2.15,2.13,180581,391533.9,239
2026-09-18,INE00U801010,PARIN,SM,700.0,704.0,690.0,704.0,704.0,703.95,3750,2617000.0,15
2026-09-18,INE119201023,PARKHOSPS,EQ,279.4,284.3,271.2,282.05,282.0,277.9,1071510,299994222.5,19506
2026-09-18,INE988S01028,PARKHOTELS,EQ,108.0,109.89,106.6,107.38,107.6,107.2,147877,15955459.06,2409
2026-09-18,INE383L01019,PARNAXLAB,EQ,130.0,130.0,124.0,128.2,128.95,123.79,1756,225985.91,26
2026-09-18,INE561H01026,PARSVNATH,BE,1.84,1.84,1.84,1.84,1.84,1.81,20372,37484.48,38
2026-09-18,INE1H7V01011,PARTH,SM,490.0,530.0,482.65,522.95,516.5,491.8,49200,24444380.0,67
2026-09-18,INE06ZX01015,PARTYCRUS,SM,96.95,98.0,96.95,97.3,98.0,94.5,3000,291950.0,3
2026-09-18,INE124Y01028,PASHUPATI,EQ,84.9,84.9,79.5,80.26,80.55,81.37,350867,28306773.43,4817
2026-09-18,INE818B01023,PASUPTAC,EQ,70.65,71.89,69.2,69.98,69.77,70.31,130798,9187224.52,1092
2026-09-18,INE619A01035,PATANJALI,EQ,353.05,367.0,353.05,367.0,367.0,354.45,1999903,723113022.7,86273
2026-09-18,INE244B07243,1025PATE28,N0,100000.0,100000.0,100000.0,100000.0,100000.0,100000.0,1,100000.0,1
2026-09-18,INE244B01030,PATELENG,EQ,25.96,26.29,25.48,25.62,25.62,25.96,2871181,74018735.28,8259
2026-09-18,INE529D01014,PATINTLOG,BE,14.15,14.25,13.71,14.0,14.08,13.89,72909,1021872.39,177
2026-09-18,INE0R8B01010,PATELRMART,EQ,204.89,206.9,203.42,205.77,206.85,202.84,19068,3915457.28,836
2026-09-18,INE17GV01016,PATILAUTOM,SM,315.0,328.0,314.0,325.9,326.95,315.55,67800,21863880.0,109
2026-09-18,INE291E01019,PML,EQ,494.95,498.95,491.0,496.15,498.75,495.05,41,20209.5,13
2026-09-18,INE111F01024,PAUSHAKLTD,EQ,719.9,730.75,708.0,716.35,719.95,719.95,16660,12012290.7,1552
2026-09-18,INE07S101038,PAVNAIND,EQ,15.0,15.88,14.96,15.67,15.5,14.95,69294,1069049.83,285
2026-09-18,INE417T01026,POLICYBZR,EQ,1770.0,1798.0,1743.0,1743.0,1743.0,1765.0,1368411,2425320838.1,62972
2026-09-18,INE785M01021,PCJEWELLER,EQ,12.51,13.04,12.37,12.72,12.7,12.35,332313201,4214359296.96,184887
2026-09-18,INE602A01031,PCBL,EQ,332.0,338.0,328.75,336.7,337.0,329.4,1255857,419458088.15,24641
2026-09-18,INE111Q01021,PDSL,EQ,346.95,353.3,345.3,351.15,353.0,345.45,69980,24521967.5,3710
2026-09-18,INE940H01022,PGIL,EQ,1134.1,1157.2,1122.2,1146.1,1140.9,1143.1,101084,115762548.9,10877
2026-09-18,INE844A01013,PEARLPOLY,EQ,17.36,17.36,16.16,17.09,17.14,16.73,9783,164168.72,60
2026-09-18,INE0VG601013,PELATRO,SM,370.0,384.95,370.0,384.95,384.95,365.15,2700,1024680.0,9
2026-09-18,INE138A01028,PENINLAND,EQ,15.86,16.0,15.1,15.36,15.35,15.55,101308,1559954.36,566
2026-09-18,INE932A01024,PENIND,EQ,170.45,172.4,168.58,171.43,171.91,170.44,219229,37378235.49,4353
2026-09-18,INE0ORS01017,PENTAGON,ST,91.0,91.35,87.1,91.35,91.35,87.0,7000,634450.0,6
2026-09-18,INE925S01012,PERFECT,SZ,1.7,1.7,1.6,1.6,1.6,1.65,15000,24900.0,5
2026-09-18,INE418E01018,PERMAGN,EQ,829.0,855.95,820.0,848.15,851.0,828.7,6294,5268593.25,453
2026-09-18,INE262H01021,PERSISTENT,EQ,5476.0,5500.0,5389.0,5416.0,5416.0,5473.0,494682,2680064863.5,35687
2026-09-18,INE998U01015,PCCL,SM,439.0,445.0,437.0,445.0,445.0,439.65,5200,2303600.0,7
2026-09-18,INE347G01014,PETRONET,EQ,284.85,292.6,284.1,292.6,292.6,283.45,3218273,929601340.4,36040
2026-09-18,INE182A01018,PFIZER,EQ,4054.9,4054.9,3972.7,4002.4,3995.0,4014.8,42189,168808457.2,9571
2026-09-18,INE457L01029,PGEL,EQ,529.35,541.45,529.15,529.15,529.15,529.35,570498,304929097.7,11710
2026-09-18,INE0MLZ01019,PHANTOMFX,SM,100.0,103.5,94.05,95.5,94.05,99.45,18300,1806495.0,45
2026-09-18,INE245B01011,PHOENXINTL,EQ,28.91,29.48,28.0,29.0,29.0,28.77,1414,40805.1,38
2026-09-18,INE0FPO01018,PHOGLOBAL,SM,15.25,15.25,14.9,14.9,14.9,14.5,4000,60300.0,2
2026-09-18,INE0LP301011,PWL,EQ,128.0,137.5,128.0,136.6,136.0,127.8,20005965,2696352892.08,112263
2026-09-18,INE603J01030,PIIND,EQ,2307.0,2366.8,2302.5,2366.8,2366.8,2307.0,558327,1309494875.7,16124
2026-09-18,INE546C01010,PICCADIL,EQ,600.55,606.9,585.95,589.4,591.0,600.55,174176,103332194.75,9053
2026-09-18,INE0YAL01017,PPSL,SM,2.95,3.0,2.95,3.0,3.0,2.9,45000,133500.0,10
2026-09-18,INE318A01026,PIDILITIND,EQ,1559.9,1598.9,1559.9,1572.1,1572.1,1551.5,1142486,1811619190.7,49363
2026-09-18,INE600A01035,PILITA,EQ,7.85,7.85,7.37,7.48,7.5,7.75,128245,959487.06,558
2026-09-18,INE417C01014,PILANIINVS,EQ,4086.0,4119.9,4050.0,4067.0,4083.7,4082.2,1314,5346964.9,414
2026-09-18,INE15B701018,PINELABS,EQ,185.0,198.65,183.16,192.04,194.15,184.48,66808323,12726171244.44,214104
2026-09-18,INE156C01018,PIONEEREMB,EQ,21.5,22.0,20.25,21.95,21.99,21.39,13799,297577.18,129
2026-09-18,INE746D01014,PIONRINV,BE,76.11,79.55,76.11,79.55,79.55,78.71,430,33020.5,7
2026-09-18,INE202B01038,PIRAMALFIN,EQ,2260.0,2324.5,2246.8,2300.2,2319.0,2253.8,529289,1209411374.8,44731
2026-09-18,INE0DK501011,PPLPHARMA,EQ,204.45,210.1,204.45,208.16,209.0,204.71,2926602,608876786.45,34004
2026-09-18,INE450D01021,PITTIENG,EQ,1144.0,1178.8,1138.7,1146.1,1165.0,1131.1,157561,182072824.3,11797
2026-09-18,INE751B01018,PIXTRANS,EQ,1724.6,1749.0,1723.1,1741.1,1742.0,1724.6,4141,7192634.7,969
2026-09-18,INE083C01022,PLASTIBLEN,EQ,187.5,187.92,185.75,186.63,186.0,184.45,5737,1072016.0,245
2026-09-18,INE0PT501018,PLATIND,EQ,211.13,215.5,210.24,214.05,213.9,211.11,53556,11380430.61,1510
2026-09-18,INE0INJ01017,PLAZACABLE,EQ,62.2,63.0,61.0,61.06,61.0,62.31,75948,4654099.83,872
2026-09-18,INE859A01011,PNBGILTS,EQ,79.3,80.0,77.96,79.18,79.45,78.5,317177,25023531.56,2580
2026-09-18,INE572E01012,PNBHOUSING,EQ,1105.2,1138.3,1103.0,1133.1,1133.1,1103.5,1328599,1491949243.7,30992
2026-09-18,INE195J01029,PNCINFRA,EQ,139.66,141.21,135.71,138.87,138.25,139.55,2445538,338592109.63,27210
2026-09-18,INE392B01011,PNC,EQ,16.02,17.89,16.02,16.86,16.77,16.63,122675,2106587.08,615
2026-09-18,INE1RDG01013,PNGSREVA,EQ,491.8,507.05,491.1,495.75,495.0,489.4,49612,24606341.95,2755
2026-09-18,INE371C01013,PODDARMENT,EQ,270.6,284.4,270.6,284.15,284.4,276.05,1124,315710.25,65
2026-09-18,INE637C01025,POKARNA,EQ,742.0,760.0,740.0,746.85,757.0,737.5,86007,64356005.0,5263
2026-09-18,INE205C01021,POLYMED,EQ,1705.7,1748.0,1704.5,1726.0,1720.1,1712.7,150328,259479972.3,14900
2026-09-18,INE455K01017,POLYCAB,EQ,8256.0,8400.0,8235.0,8400.0,8400.0,8208.5,417221,3475854222.5,36251
2026-09-18,INE633B01018,POLYPLEX,EQ,1091.5,1093.9,1071.2,1079.3,1081.0,1084.9,65825,71115370.5,2841
2026-09-18,INE517M01028,POLYSIL,SM,66.15,66.15,66.15,66.15,66.15,69.6,4500,297675.0,8
2026-09-18,INE914G01029,POLYSPIN,EQ,28.25,29.65,28.25,29.6,29.6,29.38,1363,38910.39,14
2026-09-18,INE063E01061,POCL,EQ,470.0,476.0,461.1,469.95,476.0,470.25,298950,139805453.35,9568
2026-09-18,INE838E01017,PONNIERODE,EQ,356.4,361.25,351.6,356.6,354.05,353.15,9320,3328542.45,751
2026-09-18,INE511C01022,POONAWALLA,EQ,434.0,492.0,434.0,479.4,485.0,432.8,7163603,3355165095.25,142153
2026-09-18,INE772T01024,PVSL,EQ,99.5,105.79,98.0,98.77,98.55,98.73,24445,2431064.9,754
2026-09-18,INE0S3H01017,POSITRON,SM,182.1,195.8,182.1,192.55,195.8,185.6,9900,1877025.0,31
2026-09-18,INE134E01011,PFC,EQ,345.0,347.1,342.55,342.55,342.55,344.95,11369930,3927782361.7,55268
2026-09-18,INE752E01010,POWERGRID,EQ,264.6,270.3,263.4,270.3,270.3,263.75,17896733,4774837717.8,83513
2026-09-18,INE557Z01018,PIGL,EQ,99.76,102.77,99.11,99.49,99.16,99.76,20728,2073583.26,371
2026-09-18,INE211R01019,POWERMECH,EQ,2345.2,2392.0,2336.6,2371.4,2374.2,2339.0,37848,89673387.8,6093
2026-09-18,INE0GGX23010,PGINVIT,IV,101.77,101.99,101.24,101.37,101.35,101.6,1353682,137285955.44,8338
2026-09-18,INE921L01032,POWERICA,EQ,558.8,581.0,558.8,576.3,575.2,556.7,141360,81222329.8,5098
2026-09-18,INE095I01015,PPAP,BE,235.0,244.95,233.0,240.6,240.2,235.85,7134,1718900.9,123
2026-09-18,INE0I0M01023,PRABHA,EQ,220.1,236.88,220.1,233.01,233.0,220.77,262939,60831279.41,5351
2026-09-18,INE770A01010,PRADPME,BE,450.0,464.5,447.75,453.5,462.9,451.0,3004,1371905.45,37
2026-09-18,INE074A01025,PRAJIND,EQ,317.1,320.0,314.15,316.05,315.15,317.1,412461,130399051.45,9863
2026-09-18,INE505C01016,PRAENG,EQ,22.94,22.94,22.26,22.69,22.75,22.27,11386,259275.91,142
2026-09-18,INE603A01013,PRAKASH,EQ,117.6,119.49,116.93,118.51,118.0,116.98,371984,43940087.75,3897
2026-09-18,INE050001010,PPL,BE,271.95,278.0,268.0,268.6,268.0,271.95,9993,2712679.45,179
2026-09-18,INE696K01024,PRAKASHSTL,EQ,3.78,3.84,3.5,3.65,3.66,3.77,85881,317958.92,323
2026-09-18,INE0O7A01017,PRAMARA,SM,85.35,86.7,83.5,84.3,84.3,84.5,29500,2502350.0,38
2026-09-18,INE2JG601017,PRAMODINI,SM,116.8,120.0,116.45,118.2,118.3,115.6,177600,21024060.0,78
2026-09-18,INE0H4201019,PRANAV,EQ,110.51,111.59,106.08,107.55,107.41,111.16,5313844,575614446.23,39659
2026-09-18,INE455U01024,PRASOLCHEM,EQ,679.0,734.9,675.3,703.4,702.0,678.8,1150866,817300248.3,53347
2026-09-18,INE393P01035,DIAMONDYD,EQ,1107.0,1122.0,1079.2,1088.1,1084.0,1100.4,15018,16460790.3,1204
2026-09-18,INE0QA601016,PRATHAM,SM,120.0,121.75,120.0,121.5,121.5,122.0,5600,680800.0,7
2026-09-18,INE722B01019,PRAVEG,EQ,250.9,253.35,246.0,247.45,246.75,252.05,37176,9247483.35,1312
2026-09-18,INE546Y01022,PRAXIS,EQ,4.25,4.29,3.91,4.09,4.07,4.11,101700,416634.03,290
2026-09-18,INE484I01029,PRECAM,EQ,113.83,117.6,113.44,116.41,116.2,113.34,69491,8007903.1,2049
2026-09-18,INE0HKW01018,PRECISION,ST,6.3,6.3,6.1,6.1,6.1,6.25,4000,24800.0,2
2026-09-18,INE372C01037,PRECWIRE,EQ,450.0,488.9,448.55,478.4,481.0,449.25,1840592,880454666.7,67629
2026-09-18,INE283A01014,PRECOT,EQ,654.9,693.8,654.55,659.65,661.5,655.15,1317,871446.95,97
2026-09-18,INE001E01012,PREMCO,EQ,397.9,404.0,396.25,400.1,400.0,398.85,209,83908.75,50
2026-09-18,INE0BS701011,PREMIERENE,EQ,880.0,905.8,878.3,902.0,902.0,880.0,3106714,2781046065.0,54929
2026-09-18,INE863B01029,PREMEXPLN,EQ,668.4,670.9,668.1,668.25,668.2,668.15,60147,40228314.7,1424
2026-09-18,INE342A01018,PREMIER,BE,2.68,2.78,2.56,2.78,2.78,2.66,24991,65597.38,33
2026-09-18,INE309M01020,PREMIERPOL,EQ,82.55,84.9,80.05,81.43,80.66,82.33,131946,10789244.25,2311
2026-09-18,INE0CFG01012,PRLIND,SM,41.25,42.2,41.25,41.5,41.5,41.7,18000,752750.0,14
2026-09-18,INE0M1F01011,PREMIUM,SM,38.6,38.6,38.6,38.6,38.6,39.95,3000,115800.0,1
2026-09-18,INE0R1601012,PRESSTONIC,SM,29.95,30.55,29.7,29.95,30.0,29.7,12800,383600.0,13
2026-09-18,INE811K01011,PRESTIGE,EQ,1447.0,1471.6,1435.1,1435.1,1435.1,1440.1,562624,818084803.1,22307
2026-09-18,INE726V01018,PRICOLLTD,EQ,752.5,778.0,752.05,767.5,769.8,752.5,280279,215636380.7,15642
2026-09-18,INE0CQA01020,PRIMECAB,ST,166.0,170.95,163.0,163.9,163.0,164.85,32000,5330080.0,19
2026-09-18,INE367G01038,PFOCUS,EQ,335.0,347.25,334.9,344.35,344.25,334.95,5344944,1828499996.85,47963
2026-09-18,INE032B01021,PRIMESECU,EQ,296.5,301.0,289.0,296.85,298.9,294.05,24904,7374135.05,641
2026-09-18,INE607A01022,PRIMO,EQ,21.46,21.95,21.25,21.35,21.25,21.28,58854,1261076.68,373
2026-09-18,INE689W01016,PRINCEPIPE,EQ,259.7,274.9,257.55,269.8,270.4,258.7,268881,71905867.15,7278
2026-09-18,INE15EH01014,PRIORITY,BE,219.89,232.22,217.1,232.06,232.22,221.17,229769,52567152.23,1694
2026-09-18,INE010A01011,PRSMJOHNSN,EQ,113.44,118.48,113.18,117.05,116.75,113.44,685410,80012161.19,11077
2026-09-18,INE286N01028,PRISMX,EQ,0.55,0.56,0.53,0.55,0.56,0.54,63127,34636.84,103
2026-09-18,INE974Z01015,PRITI,EQ,34.49,34.49,33.0,33.43,33.0,32.97,3423,113708.04,140
2026-09-18,INE583R01029,PRITIKAUTO,BE,14.45,14.99,14.45,14.82,14.85,14.63,71658,1063381.29,254
2026-09-18,INE0MJQ01020,PRITIKA,SM,71.2,71.8,64.0,65.0,65.0,64.5,50000,3466800.0,12
2026-09-18,INE959A01019,PRIVISCL,EQ,3474.0,3503.9,3435.4,3444.9,3445.0,3490.8,27058,93862056.1,7510
2026-09-18,INE0V9N01017,PRIZOR,ST,1106.9,1106.9,1106.9,1106.9,1106.9,1129.45,6800,7526920.0,17
2026-09-18,INE0VJT01017,PROFX,SM,71.1,71.1,71.1,71.1,71.1,71.1,1600,113760.0,1
2026-09-18,INE199A01012,PGHL,EQ,5455.0,5529.0,5434.0,5503.5,5520.0,5434.5,5754,31538048.0,1956
2026-09-18,INE1FFX01018,PROPSHOP,SM,73.0,75.0,71.85,74.5,75.0,71.7,128000,9474400.0,57
2026-09-18,INE0BX301013,PROSTARM,EQ,130.5,132.33,128.5,129.53,128.5,131.01,162723,21143977.41,2661
2026-09-18,INE004A01022,PROTEAN,EQ,492.0,495.0,487.3,490.3,489.5,488.95,138117,67746692.75,4805
2026-09-18,INE0ONE01016,PROV,SM,1875.0,1954.0,1875.0,1951.35,1954.0,1849.0,2560,4934140.0,31
2026-09-18,INE195N01013,PROZONER,EQ,53.59,53.98,52.1,53.17,53.5,53.6,159033,8412225.77,1229
2026-09-18,INE00F201020,PRUDENT,EQ,3309.7,3544.1,3309.7,3501.6,3486.2,3320.2,57792,201489082.6,10722
2026-09-18,INE024D01016,PRUDMOULI,BE,14.68,14.75,14.1,14.27,14.47,14.67,1006,14348.95,19
2026-09-18,INE488V01015,PSPPROJECT,EQ,819.2,820.0,799.0,810.1,809.95,812.2,59163,47834750.9,3008
2026-09-18,INE560K01014,PFS,EQ,26.58,26.79,26.07,26.17,26.12,26.34,503737,13208015.65,2462
2026-09-18,INE877F01012,PTC,EQ,156.45,157.0,153.8,156.23,155.94,155.93,1628957,252837352.32,22155
2026-09-18,INE596F01018,PTCIL,EQ,22835.0,23395.0,22700.0,22805.0,22750.0,22670.0,28545,657903055.0,12588
2026-09-18,INE034D01049,PTL,EQ,38.49,38.75,38.1,38.33,38.3,38.09,49373,1891065.35,940
2026-09-18,INE865T01018,PDMJEPAPER,EQ,103.5,103.94,100.43,101.59,101.28,102.41,236098,24131165.39,3796
2026-09-18,INE608A01012,PSB,EQ,21.9,22.24,21.65,22.1,22.2,21.86,1335054,29298068.53,5256
2026-09-18,INE277B01014,PUNJABCHEM,EQ,1063.4,1090.9,1058.0,1075.7,1073.0,1062.7,8955,9615754.4,668
2026-09-18,INE160A01022,PNB,EQ,117.0,117.5,116.5,117.27,117.27,116.47,16061334,1880931611.16,42674
2026-09-18,INE323I01011,PURVA,EQ,218.85,219.32,211.21,213.43,211.7,218.23,298969,64248003.16,6326
2026-09-18,INE0I1B01016,PERNIASPOP,EQ,554.4,554.4,537.0,546.45,547.0,554.5,102495,55707210.0,4434
2026-09-18,INE0P5R01014,PURPLEUTED,ST,457.0,459.5,430.05,450.0,450.0,441.95,22500,10141562.5,70
2026-09-18,INE0R6C01012,PURVFLEXI,SM,43.9,44.4,43.9,44.4,44.4,43.9,4800,211520.0,5
2026-09-18,INE154801018,PUSHPA,SM,104.0,108.0,104.0,108.0,108.0,104.0,61000,6416700.0,61
2026-09-18,INE362A01016,PVP,EQ,58.2,59.8,57.7,59.28,59.18,57.05,618141,36382349.46,3753
2026-09-18,INE191H01014,PVRINOX,EQ,1277.5,1339.8,1270.0,1324.7,1328.8,1272.7,1050636,1378059704.9,42876
2026-09-18,INE0MIS01010,PYRAMID,EQ,155.69,157.0,153.64,154.49,153.64,154.56,17225,2673430.63,394
2026-09-18,INE1G2W01011,QLINE,SM,727.0,729.95,695.0,696.95,700.0,722.1,37200,26347600.0,86
2026-09-18,INE0FMW01018,QMSMEDI,BE,171.99,177.36,168.92,177.36,177.36,168.92,86775,15270460.68,276
2026-09-18,INE0GOJ01027,QUADPRO,ST,3.25,3.25,3.25,3.25,3.25,3.1,12000,39000.0,1
2026-09-18,INE0LRY01011,QUADFUTURE,EQ,519.7,554.4,516.2,528.2,525.5,521.5,1647848,886266342.3,45515
2026-09-18,INE1XJ401012,QUALIANCE,ST,192.35,192.35,192.35,192.35,192.35,202.45,17000,3269950.0,15
2026-09-18,INE0SII01026,QPOWER,EQ,1498.0,1544.0,1489.9,1536.1,1535.0,1489.8,298373,453755958.0,19548
2026-09-18,INF082J01408,QGOLDHALF,EQ,125.99,127.18,125.75,126.67,126.64,124.65,110831,14009309.51,773
2026-09-18,INF082J01499,QNIFTY,EQ,259.9,259.9,255.0,257.62,257.6,257.24,1691,434953.95,131
2026-09-18,INF966L01EI5,SILVER001,EQ,23.5,23.79,23.01,23.78,23.79,22.94,53082,1252935.55,72
2026-09-18,INE615P01015,QUESS,EQ,355.0,355.1,345.1,351.65,353.2,353.0,799867,280533807.05,23556
2026-09-18,INE0TNW01017,QUESTLAB,SM,75.3,77.9,74.05,74.25,74.5,77.3,25200,1896780.0,20
2026-09-18,INE306L01010,QUICKHEAL,EQ,153.98,158.89,151.2,152.46,152.64,152.37,136800,21138467.67,3048
2026-09-18,INE0K4D01020,QUICKTOUCH,SM,17.0,17.0,17.0,17.0,17.0,16.2,1500,25500.0,3
2026-09-18,INE641R01017,QUINT,EQ,67.52,70.02,58.56,70.02,70.02,63.66,668824,46136335.14,3241
2026-09-18,INE0NQ801033,RKSWAMY,EQ,90.25,90.69,88.21,89.4,88.63,88.06,15782,1410881.94,543
2026-09-18,INE219Y01026,RMDRIP,BE,23.0,23.44,21.99,22.19,22.5,23.01,508940,11529883.89,656
2026-09-18,INE951M01037,RRIL,EQ,16.04,16.28,15.36,15.55,15.58,15.96,36153,562380.8,254
2026-09-18,INE777K01022,RRKABEL,EQ,2390.0,2457.0,2382.6,2450.8,2439.6,2390.5,373286,908345004.9,34850
2026-09-18,INE616F01022,RSDFIN,BE,90.0,97.4,88.42,92.87,92.87,93.0,596,54400.09,21
2026-09-18,INE411H01032,RSYSTEMS,EQ,246.4,247.0,241.47,242.15,241.95,245.78,107484,26162710.83,2840
2026-09-18,INE005C01017,RTSPOWR,EQ,89.95,89.95,85.05,87.28,87.5,86.79,1654,144002.03,31
2026-09-18,INE012Q01039,RNBDENIMS,BE,9.4,9.6,8.92,8.96,8.92,9.38,298753,2696897.81,546
2026-09-18,INE165B01029,RSSOFTWARE,EQ,29.7,30.69,29.7,30.26,30.2,30.0,5384,162775.28,72
2026-09-18,INE324L01013,RPPINFRA,EQ,54.48,54.99,53.45,53.81,53.59,54.79,44911,2423689.47,925
2026-09-18,INE2PB023011,RIIT,IV,119.99,120.25,119.0,119.99,120.0,119.98,291718,35000565.76,1862
2026-09-18,INE084Q01012,RACE,EQ,96.92,97.42,96.66,96.8,96.67,96.77,11689,1134358.83,69
2026-09-18,INE02OY01016,RILINFRA,SM,32.95,33.5,32.4,32.45,32.4,32.75,7300,240275.0,44
2026-09-18,INE704B01017,RACLGEAR,EQ,1844.0,1844.0,1750.0,1760.9,1763.0,1829.0,49043,87709515.6,6644
2026-09-18,INE874F01027,RADAAN,EQ,2.9,2.9,2.75,2.8,2.8,2.8,12431,34824.57,43
2026-09-18,INE583V01021,RADHIKAJWE,BE,68.75,71.52,66.0,71.24,71.52,68.12,703327,48398352.48,3981
2026-09-18,INE855R01021,RADIANTCMS,EQ,36.0,36.69,35.26,35.42,35.42,36.26,252590,9050372.58,2181
2026-09-18,INE944F01028,RADICO,EQ,4381.0,4535.4,4381.0,4535.4,4535.4,4380.0,371544,1668131281.9,24186
2026-09-18,INE430U01019,RADIOWALLA,ST,25.2,26.45,25.2,26.45,26.45,25.2,3200,82640.0,2
2026-09-18,INE912T01018,RPEL,EQ,1646.1,1678.6,1615.1,1652.4,1642.0,1654.3,80692,132803501.0,9101
2026-09-18,INE415G01027,RVNL,EQ,201.8,214.29,200.78,214.29,214.29,201.7,9469057,1967516274.43,59534
2026-09-18,INE0DD101019,RAILTEL,EQ,260.5,266.9,258.3,265.0,266.0,259.25,631938,166211809.15,14849
2026-09-18,INE855B01025,RAIN,EQ,203.0,209.0,202.41,206.92,206.7,203.02,2370944,490799203.82,18207
2026-09-18,INE961O01016,RAINBOW,EQ,1473.4,1494.9,1447.4,1454.7,1454.6,1473.4,99805,146241294.0,14928
2026-09-18,INE294G01026,ROML,EQ,41.0,42.23,41.0,41.35,41.36,41.42,1373,56619.36,29
2026-09-18,INE533D01032,RAJRILTD,BE,21.0,21.46,20.71,20.82,21.19,21.07,5414,113175.02,63
2026-09-18,INE952H01027,RAJTV,EQ,8.73,8.78,8.4,8.6,8.6,8.56,26834,233565.74,132
2026-09-18,INE296E01026,RAJPALAYAM,EQ,787.7,798.85,765.2,790.65,792.0,771.25,350,275950.4,40
2026-09-18,INE610C01014,ARENTERP,EQ,35.3,35.3,33.02,33.02,33.02,34.2,287,9956.48,24
2026-09-18,INE343B01030,RAJESHEXPO,BZ,73.5,76.99,69.76,70.83,69.76,73.43,1392319,99172610.55,10033
2026-09-18,INE0BZQ20011,RCDL-RE,ST,2.2,2.75,2.2,2.45,2.65,2.45,966000,2333250.0,70
2026-09-18,INE0BZQ01011,RCDL,SM,13.75,13.75,13.4,13.45,13.45,14.1,33000,445500.0,11
2026-09-18,INE00KV01022,RAJMET,EQ,3.15,3.16,3.09,3.15,3.12,3.12,227668,712805.06,595
2026-09-18,INE535F01024,RAJOOENG,BE,53.98,54.18,51.3,52.99,53.1,53.3,145991,7708891.21,565
2026-09-18,INE0VHU01019,RAJPUTANA,SM,197.0,203.0,195.25,199.35,198.0,200.0,7000,1388350.0,14
2026-09-18,INE0PCU01012,RAJINDLTD,SM,62.6,62.6,61.05,61.5,61.5,60.35,18000,1111425.0,12
2026-09-18,INE313L01016,RSL,EQ,183.33,185.34,178.75,181.21,183.0,180.63,149175,27145161.46,4017
2026-09-18,INE451D01029,RAJRATAN,EQ,440.3,461.25,440.3,452.6,457.55,438.1,152140,69045391.9,8905
2026-09-18,INE760W01023,RPPL,BE,21.51,21.6,20.24,20.24,20.24,21.3,68559,1393468.84,139
2026-09-18,INE562B01019,RAJSREESUG,EQ,31.99,32.24,31.4,31.87,32.0,31.99,21536,682729.22,309
2026-09-18,INE613A01020,RALLIS,EQ,204.0,204.74,202.0,203.8,204.0,204.14,510589,103825154.11,14743
2026-09-18,INE207E01023,RAMRAT,EQ,561.0,564.8,552.65,554.75,552.85,557.6,145032,80849850.4,9123
2026-09-18,INE809A01032,RAMAPHO,EQ,116.7,121.88,116.7,120.87,121.0,116.9,11362,1368052.35,371
2026-09-18,INE230R01035,RAMASTEEL,BE,4.19,4.31,4.04,4.28,4.28,4.11,4510946,19120557.23,4221
2026-09-18,INE614A01028,RAMCOIND,EQ,320.9,334.8,316.0,332.1,333.25,320.9,174010,56657226.75,3823
2026-09-18,INE246B01019,RAMCOSYS,EQ,563.0,570.0,557.0,567.25,567.0,564.85,51781,29231690.15,2403
2026-09-18,INE0RJH01010,RBS,SM,84.5,84.5,83.0,83.0,83.0,83.5,2400,200400.0,3
2026-09-18,INE399G01023,RKFORGE,EQ,709.0,728.0,705.45,724.1,724.75,705.45,469398,339015476.65,16474
2026-09-18,INE874I01013,RAMKY,EQ,319.4,324.8,317.0,319.35,318.0,320.7,46321,14830996.75,1135
2026-09-18,INE625B01014,RANASUG,EQ,14.61,14.74,14.26,14.43,14.36,14.7,403187,5836213.69,1455
2026-09-18,INE050H01012,RML,EQ,1281.8,1340.0,1248.2,1324.5,1330.5,1281.8,89211,115631087.4,8436
2026-09-18,INE384A01010,RANEHOLDIN,EQ,1618.9,1620.0,1530.9,1598.4,1598.8,1626.3,45929,72665495.1,3726
2026-09-18,INE0QX901013,RAPIDFLEET,SM,215.5,215.65,208.6,209.25,208.6,212.15,12000,2556630.0,17
2026-09-18,INE0MVO01012,RAPPID,SM,368.5,374.0,329.0,365.9,372.0,368.5,22800,8093790.0,35
2026-09-18,INE0J1F01024,RPTECH,EQ,806.8,817.0,790.25,798.05,796.5,806.8,162620,130378675.0,13168
2026-09-18,INE027A01015,RCF,EQ,109.9,110.28,107.6,109.08,109.15,109.84,961339,104360164.37,9521
2026-09-18,INE0CLI01024,RATEGAIN,EQ,865.8,873.85,850.1,858.4,852.0,865.45,539083,463121688.7,23894
2026-09-18,INE703B01027,RATNAMANI,EQ,2702.6,2897.4,2701.6,2859.1,2864.9,2702.6,64084,180362020.8,10210
2026-09-18,INE05CZ01011,RATNAVEER,EQ,305.75,331.95,297.8,299.25,300.5,303.85,9860141,3067080345.0,92768
2026-09-18,INE834M01019,RTNINDIA,EQ,26.4,26.75,26.33,26.54,26.51,26.37,1216905,32241147.61,5732
2026-09-18,INE399K01017,RTNPOWER,EQ,7.06,7.19,7.01,7.14,7.18,7.06,19172063,136000389.94,12229
2026-09-18,INE722J01012,RKDL,EQ,18.21,18.7,18.21,18.49,18.45,18.3,14459,268149.4,76
2026-09-18,INE09E501017,RVHL,EQ,39.66,40.37,38.31,39.48,39.5,38.7,1514,59601.4,34
2026-09-18,INE206N01018,RELTD,EQ,148.0,148.92,144.91,147.59,146.0,146.16,88630,13037065.73,1466
2026-09-18,INE02ID01020,RAYMONDLSL,EQ,659.9,665.95,645.05,648.35,648.0,657.25,123035,80436196.8,6238
2026-09-18,INE301A01014,RAYMOND,EQ,982.0,1008.65,970.0,978.0,973.45,978.2,2069600,2049480803.6,68707
2026-09-18,INE1SY401010,RAYMONDREL,EQ,587.0,602.35,584.8,588.3,588.0,584.55,381357,226357542.05,11882
2026-09-18,INE1FCO01014,MOMSBELIEF,BE,216.04,226.0,213.72,223.73,225.0,216.04,90045,19855819.33,710
2026-09-18,INE976G01028,RBLBANK,EQ,406.15,415.9,405.0,415.9,415.9,404.15,3792806,1557295512.75,60924
2026-09-18,INE0NA301016,RBMINFRA,SM,289.2,292.0,274.0,275.45,276.0,284.65,19400,5411250.0,89
2026-09-18,INE0PEQ01016,RBZJEWEL,BE,169.99,175.0,164.0,173.0,174.0,169.4,55458,9457891.86,691
2026-09-18,INE0AK901016,RRECL,EQ,130.01,147.0,130.0,138.89,138.89,144.0,1174,160961.95,44
2026-09-18,INE10QL01011,READYMIX,SM,70.0,70.0,70.0,70.0,70.0,70.0,1000,70000.0,1
2026-09-18,INE020B01018,RECLTD,EQ,311.0,313.4,309.05,312.0,312.0,310.5,4686436,1460489170.25,32055
2026-09-18,INE891D01026,REDINGTON,EQ,405.0,413.2,396.25,399.85,399.6,400.1,10809796,4354392145.05,105223
2026-09-18,INE0LXT01019,REDTAPE,EQ,118.65,119.49,115.91,117.35,117.9,118.65,428381,50216970.54,7533
2026-09-18,INE056I01025,REFEX,EQ,270.0,277.6,269.95,271.85,272.0,271.75,220185,60148756.45,4626
2026-09-18,INE0TNX01015,REFRACTORY,SM,31.7,31.7,31.0,31.65,31.65,30.2,66000,2089950.0,39
2026-09-18,INE0MHO01029,REGAAL,EQ,79.9,86.16,79.89,84.03,83.4,80.08,391644,32066114.06,2348
2026-09-18,INE277C01012,REGENCERAM,EQ,34.7,34.7,32.0,32.55,33.99,35.13,3522,117424.97,93
2026-09-18,INE131B01039,RELAXO,EQ,314.25,315.0,289.25,291.25,293.95,313.7,2052973,603339982.4,53333
2026-09-18,INF204KC1030,GILT5YBEES,EQ,65.95,65.96,65.75,65.8,65.84,65.81,117989,7768416.56,344
2026-09-18,INE375Y01018,RELIABLE,EQ,137.44,142.0,135.61,140.2,141.95,136.41,7570,1047415.78,277
2026-09-18,INE750D01016,RELCHEMQ,EQ,120.0,123.8,116.0,119.7,118.0,119.21,4528,538333.42,189
2026-09-18,INE330H01018,RCOM,BE,0.92,0.93,0.92,0.92,0.92,0.96,2091623,1924302.25,1758
2026-09-18,INE217K01011,RHFL,BZ,1.74,1.78,1.7,1.74,1.75,1.75,846709,1457326.45,848
2026-09-18,INE046A01015,RIIL,EQ,703.0,709.0,700.05,703.15,701.0,700.25,22641,15928884.35,1382
2026-09-18,INE002A01018,RELIANCE,EQ,1245.0,1247.3,1226.4,1226.4,1226.4,1243.9,15122715,18672832117.4,162092
2026-09-18,INE036A01016,RELINFRA,BE,51.01,51.5,49.99,49.99,49.99,51.01,505392,25329244.92,1529
2026-09-18,INE614G01033,RPOWER,EQ,21.05,21.32,20.9,21.13,21.17,21.05,21881312,462232543.0,31766
2026-09-18,INF205KA1CB9,IVZBANKNF,EQ,55.99,56.37,55.99,56.06,56.06,55.99,12191,684250.2,9
2026-09-18,INF205KA1CA1,IVZSENSEX,EQ,74.5,74.6,74.4,74.56,74.56,74.6,2023,150655.66,12
2026-09-18,INE621H01010,RELIGARE,EQ,250.7,255.0,247.91,253.02,252.95,249.89,365894,92256836.84,6606
2026-09-18,INE474C01023,REMSONSIND,EQ,95.06,103.0,94.81,98.66,98.15,95.06,290021,28835074.9,4135
2026-09-18,INE0O5T01011,REMUS,SM,998.0,1007.0,977.0,979.05,981.0,972.1,8500,8433060.0,71
2026-09-18,INE722H01024,RGL,EQ,155.7,158.6,152.3,153.4,154.8,156.49,352268,54565287.82,4881
2026-09-18,INE0VZX01015,RNPL,SM,58.05,58.25,58.05,58.25,58.25,55.5,4800,279120.0,4
2026-09-18,INE08T701025,RENTOMOJO,EQ,570.0,581.95,492.1,512.75,512.15,534.25,35242382,18775412235.1,534821
2026-09-18,INE612J01015,REPCOHOME,EQ,348.9,356.9,345.1,354.5,354.0,346.3,65528,23055432.55,1852
2026-09-18,INE461B01014,REPRO,EQ,297.05,307.5,296.0,305.25,307.0,296.95,5649,1695273.45,263
2026-09-18,INE688D01026,RESPONIND,EQ,159.08,160.93,157.0,159.18,159.7,163.4,195728,31207706.15,3502
2026-09-18,INE07T201019,RBA,EQ,96.29,96.49,94.0,95.12,95.0,96.12,9653090,917725593.44,33786
2026-09-18,INE0DAB01012,RVTH,EQ,670.05,724.9,670.0,697.3,698.0,666.75,995,703709.25,151
2026-09-18,INE0V2V01015,RFBL,ST,76.35,84.3,76.35,84.3,84.3,80.35,15000,1208700.0,4
2026-09-18,INE0KKN01029,RHETAN,EQ,19.57,19.57,19.57,19.57,19.57,20.59,614120,12018328.4,1367
2026-09-18,INE743M01012,RHIM,EQ,365.95,371.5,365.0,368.7,371.0,365.95,154535,56940840.55,6659
2026-09-18,INE209B01025,RICOAUTO,EQ,128.04,131.19,127.02,130.58,130.45,128.04,724126,94021520.67,7769
2026-09-18,INE302D01024,RIR,EQ,203.0,213.94,196.2,198.93,197.5,197.63,14823429,3054092785.45,135548
2026-09-18,INE0N2P01017,RISHABH,EQ,778.35,783.8,759.55,764.7,763.95,778.35,72318,55820145.0,3795
2026-09-18,INE01EG01016,RITCO,EQ,300.0,300.0,289.65,291.45,289.65,299.3,43385,12683913.85,1311
2026-09-18,INE320J01015,RITES,EQ,205.5,211.2,204.3,207.23,206.98,207.93,523244,108174782.15,13921
2026-09-18,INE786W01010,RKEC,EQ,18.53,18.99,18.03,18.13,18.27,18.49,36623,672723.69,250
2026-09-18,INE655V01019,RMC,EQ,232.29,234.21,223.21,228.18,227.06,229.16,36568,8348538.36,1278
2026-09-18,INE0SA001017,RNFI,SM,319.0,324.0,318.25,319.3,319.2,317.1,7800,2497470.0,12
2026-09-18,INE508K01013,RHL,EQ,178.5,182.75,169.02,179.55,180.0,173.74,8021,1431097.01,158
2026-09-18,INE0PTR01012,ROCKINGDCE,SM,224.0,234.0,224.0,234.0,234.0,224.75,1500,343000.0,5
2026-09-18,INE645S01024,ROLEXRINGS,EQ,170.86,172.99,169.02,172.08,172.5,169.82,832907,142620559.1,9843
2026-09-18,INE927A01040,ROLLT,BE,5.55,5.71,5.18,5.71,5.71,5.44,1509760,8498969.94,938
2026-09-18,INE02A801020,ROSSARI,EQ,445.0,445.0,434.55,437.95,439.5,440.75,57950,25367780.0,4771
2026-09-18,INE847C01020,ROSSELLIND,EQ,54.38,55.65,50.43,52.64,53.0,54.38,144635,7611064.21,2009
2026-09-18,INE0OJW01016,ROSSTECH,EQ,1370.0,1464.9,1350.0,1374.3,1373.0,1357.2,911139,1285705602.3,70777
2026-09-18,INE535D01037,ROTO,EQ,63.45,65.6,62.37,62.68,62.83,63.35,207373,13097244.43,2375
2026-09-18,INE450U01017,ROUTE,EQ,490.3,490.7,457.6,464.4,463.0,492.6,1118251,523664284.1,34777
2026-09-18,INE0PDJ01013,ROXHITECH,SM,44.2,44.2,44.0,44.0,44.0,43.65,6400,282080.0,3
2026-09-18,INE283H01019,ROHLTD,EQ,303.4,308.15,298.0,304.9,302.3,297.45,14584,4428815.5,583
2026-09-18,INE105J01010,RPGLIFE,EQ,2824.5,2882.9,2742.2,2802.4,2809.0,2824.5,17373,48729138.2,3251
2026-09-18,INE425Y01011,RPSGVENT,EQ,839.95,854.95,832.75,843.45,846.0,832.5,24246,20446743.0,1238
2026-09-18,INE611A01016,RSWM,BE,215.95,222.95,211.0,220.4,221.0,213.63,118034,25706260.24,504
2026-09-18,INE642C01025,RUBFILA,EQ,65.77,68.3,65.01,67.36,67.8,65.72,53768,3581104.3,795
2026-09-18,INE506V01022,RUBICON,EQ,1778.9,1827.5,1736.2,1751.1,1742.0,1778.3,470413,836292823.6,36179
2026-09-18,INE413B01023,RUCHINFRA,EQ,5.27,5.27,5.1,5.2,5.2,5.14,58791,303360.97,144
2026-09-18,INE803H01014,RUCHIRA,EQ,108.9,109.44,108.0,108.84,108.1,107.45,25087,2728379.16,719
2026-09-18,INE027T01023,RUDRA,EQ,20.9,21.0,20.0,20.68,20.45,20.36,180289,3706580.45,391
2026-09-18,INE364Z01019,REPL,BE,60.33,60.33,57.0,58.12,58.0,57.47,3161,185896.81,36
2026-09-18,INE0R7301013,RULKA,SM,109.7,111.1,107.0,108.1,108.1,107.0,13800,1514820.0,25
2026-09-18,INE895B01021,RUPA,EQ,134.36,138.0,133.72,137.16,137.85,134.97,129316,17498321.8,4557
2026-09-18,INE573K01025,RUSHIL,EQ,15.83,18.3,15.35,17.26,17.06,15.57,1882573,32071591.93,3318
2026-09-18,INE137M01017,SAB,EQ,174.15,174.15,174.15,174.15,174.15,174.18,29,5050.35,1
2026-09-18,INE0BSN01013,SATECH,SM,39.75,39.75,37.3,38.9,38.9,40.0,15000,576250.0,15
2026-09-18,INE807K01035,SCHAND,EQ,136.14,136.68,133.5,133.87,133.5,134.88,21577,2909957.09,1230
2026-09-18,INE0X6F01017,SDREAMS,SM,77.5,79.7,77.5,79.35,79.7,77.55,5000,391200.0,3
2026-09-18,INE500L01026,SHK,EQ,138.67,143.12,132.4,137.04,136.3,138.67,865394,119226023.88,5982
2026-09-18,INE0F3301020,SJLOGISTIC,SM,310.0,319.0,307.15,314.0,314.0,311.0,20500,6469225.0,58
2026-09-18,INE159L01013,SVGLOBAL,EQ,127.5,153.91,126.4,147.92,153.9,128.26,6683,949670.94,142
2026-09-18,INE902B01017,S&SPOWER,EQ,325.35,334.6,318.0,319.0,322.0,318.7,2414,786707.35,96
2026-09-18,INE212I01016,SPAL,EQ,998.2,1012.9,981.0,994.3,990.0,1003.1,23776,23676780.2,3117
2026-09-18,INE658G01014,SALSTEEL,EQ,80.01,82.26,80.01,82.26,82.26,78.35,251942,20572638.08,1567
2026-09-18,INE0PSK01027,SAAKSHI,ST,357.0,374.9,357.0,372.9,372.35,357.05,28200,10469970.0,40
2026-09-18,INE13B501022,SAATVIKGL,EQ,404.05,413.55,400.0,411.8,412.0,404.5,95137,38600230.2,2578
2026-09-18,INE1ARD01016,SACHEEROME,SM,525.75,542.9,525.0,536.85,528.0,522.2,20700,11046630.0,60
2026-09-18,INE226H01026,SADBHAV,EQ,7.61,7.89,7.57,7.73,7.72,7.52,118102,908382.44,285
2026-09-18,INE764L01010,SADBHIN,EQ,2.5,2.58,2.45,2.54,2.55,2.48,75422,190927.67,165
2026-09-18,INE888C01040,SADHNANIQ,BE,2.8,2.8,2.75,2.75,2.75,2.8,623198,1718253.8,267
2026-09-18,INE0K5H01010,SADHAV,SM,109.95,109.95,107.3,107.3,107.3,108.5,3600,390330.0,6
2026-09-18,INE429E01023,SAFARI,EQ,1506.6,1525.6,1465.0,1501.0,1501.0,1511.4,111608,166347151.4,18927
2026-09-18,INE17D601016,SAFEENTP,SM,250.75,252.3,249.05,249.4,249.05,252.3,12000,3004175.0,24
2026-09-18,INE229C01021,SAGCEM,EQ,149.59,154.18,149.59,151.79,153.39,149.41,55093,8378977.86,932
2026-09-18,INE976T01013,SAGARDEEP,EQ,23.51,24.49,23.51,23.62,23.62,23.5,2092,50704.24,39
2026-09-18,INE0W2G01015,SAGILITY,EQ,44.59,46.23,44.59,45.66,45.66,44.56,17450697,799649000.78,29729
2026-09-18,INE0P4701011,SAHAJSOLAR,SM,92.0,94.1,90.0,91.6,91.6,93.3,26400,2441700.0,57
2026-09-18,INE0LEX01011,SAHANA,SM,870.0,874.0,835.05,848.75,850.0,849.1,15150,12935400.0,70
2026-09-18,INE0RBQ01018,SAHASRA,SM,323.0,336.1,318.0,336.1,336.1,320.1,111200,37025340.0,192
2026-09-18,INE280H01015,SAHYADRI,EQ,366.6,369.05,360.45,365.35,368.95,359.25,3344,1220073.15,230
2026-09-18,INE531X01018,SAICAPI,EQ,155.8,158.4,154.4,158.4,158.4,158.99,140,21979.57,13
2026-09-18,INE570L01029,SAILIFE,EQ,1553.4,1613.9,1550.3,1600.5,1608.5,1545.7,867960,1375447610.1,55104
2026-09-18,INE0H9F01037,SAIPARENT,EQ,514.2,520.0,510.0,510.75,511.6,510.25,34306,17631017.35,1968
2026-09-18,INE438K01021,KALAMANDIR,EQ,77.06,78.93,76.56,78.26,78.38,76.79,532981,41375171.92,4196
2026-09-18,INE068B01017,SEKURITIND,EQ,109.99,114.0,108.39,113.44,113.9,108.72,52095,5854389.53,848
2026-09-18,INE00MT01022,SAJHOTELS,ST,35.2,35.2,35.15,35.15,35.15,35.15,4000,140700.0,2
2026-09-18,INE732S01012,SAKAR,EQ,1148.0,1190.5,1148.0,1179.8,1187.0,1129.55,147455,173657207.75,7987
2026-09-18,INE667G01023,SAKSOFT,EQ,143.1,143.65,140.2,141.14,141.0,142.92,197325,27901864.22,3686
2026-09-18,INE623A01011,SAKHTISUG,EQ,18.5,18.89,17.84,18.37,18.46,18.44,134585,2477646.42,742
2026-09-18,INE190H01024,SAKUMA,EQ,1.56,1.57,1.5,1.51,1.54,1.54,991276,1518753.26,871
2026-09-18,INE170V01027,SALASAR,EQ,4.89,4.95,4.85,4.89,4.91,4.89,2915338,14255356.54,2740
2026-09-18,INE498E01010,SALONA,EQ,266.05,269.0,255.0,263.4,266.0,266.05,1102,286664.6,60
2026-09-18,INE457F01013,SALZERELEC,EQ,551.95,558.45,543.1,550.45,550.0,550.95,37733,20756963.15,2349
2026-09-18,INE304D01012,SAMBANDAM,EQ,101.5,106.0,100.0,100.0,100.0,101.51,1107,113153.5,35
2026-09-18,INE699B01027,SAMBHAAV,EQ,6.13,6.13,5.72,6.09,6.12,6.0,46601,278875.91,154
2026-09-18,INE12NJ01018,SAMBHV,EQ,129.08,150.99,129.08,147.57,150.11,129.09,28285913,4085233547.63,156604
2026-09-18,INE0PZA01015,SAIFL,SM,4.4,4.4,4.3,4.4,4.4,4.4,84000,367800.0,17
2026-09-18,INE08U801020,SAMHI,EQ,157.0,163.5,157.0,161.98,162.11,156.67,928386,149663804.69,22330
2026-09-18,INE148I01020,SAMMAANCAP,EQ,142.5,144.5,142.4,143.92,143.5,142.22,3658484,525505593.08,18608
2026-09-18,INE735M01018,SAMPANN,EQ,24.32,25.38,23.9,24.67,24.95,24.26,30068,733162.65,187
2026-09-18,INE775A01035,MOTHERSON,EQ,161.87,165.37,161.84,162.57,162.57,161.87,19068300,3120812076.71,53827
2026-09-18,INE0JPD01013,SANATHAN,EQ,468.95,489.0,467.5,480.85,478.5,461.95,107246,51534627.45,4148
2026-09-18,INE583B01015,SANDESH,EQ,1042.6,1042.6,1020.4,1025.8,1022.4,1037.4,106,109487.2,39
2026-09-18,INE278H01035,SANDHAR,EQ,594.7,607.5,590.15,601.25,600.5,588.25,100399,60268032.75,5549
2026-09-18,INE149K01016,SANDUMA,EQ,183.2,186.25,183.0,185.4,185.85,182.53,462946,85489007.58,8513
2026-09-18,INE495C01010,SANGAMIND,EQ,581.3,584.95,573.85,580.0,583.5,583.05,9168,5308294.55,860
2026-09-18,INE0OVI01010,SANGANI,SM,49.5,49.5,48.0,48.75,48.0,49.9,3000,146250.0,2
2026-09-18,INE989A01032,SANGHVIMOV,EQ,419.65,434.0,412.05,430.7,433.2,419.65,254315,108316479.6,8369
2026-09-18,INE753W01010,SANGINITA,BE,71.06,71.06,71.06,71.06,71.06,69.67,31071,2207905.26,85
2026-09-18,INE0UOS01011,SANOFICONR,EQ,3999.0,4078.0,3992.0,4033.4,4078.0,3989.5,4359,17561348.9,1457
2026-09-18,INE058A01010,SANOFI,EQ,3093.3,3115.0,3080.0,3087.4,3080.0,3085.0,12855,39757014.0,2419
2026-09-18,INE953O01021,SANSERA,EQ,4042.0,4300.0,4017.5,4259.9,4262.0,4017.5,287946,1213353881.4,37283
2026-09-18,INE08NE01025,SANSTAR,EQ,115.55,117.0,115.0,115.7,116.0,115.54,168121,19494988.35,2597
2026-09-18,INE890C01046,SANWARIA,BZ,0.19,0.2,0.18,0.18,0.19,0.19,914603,173568.11,188
2026-09-18,INE806T01020,SAPPHIRE,EQ,233.29,236.25,228.0,230.11,230.0,233.24,997329,230710884.58,21984
2026-09-18,INE0PUC01020,SARTELE,SM,80.65,81.0,73.0,75.15,75.0,79.05,69500,5315575.0,107
2026-09-18,INE967G01019,ZSARACOM,EQ,10400.0,10400.0,10400.0,10400.0,10400.0,10338.0,4,41600.0,4
2026-09-18,INE0PQ101010,SSDL,EQ,62.08,62.85,60.2,61.35,61.36,62.08,27910,1720574.8,455
2026-09-18,INE385C01021,SARDAEN,EQ,510.0,513.6,503.0,505.95,507.0,506.95,328485,166613499.95,12795
2026-09-18,INE979A01025,SAREGAMA,EQ,489.25,506.6,489.25,499.9,499.05,489.25,387575,194299190.25,15681
2026-09-18,INE453D01025,SARLAPOLY,EQ,97.36,98.25,96.47,97.48,97.99,96.49,23691,2305518.61,346
2026-09-18,INE017W01010,SMLT,EQ,62.88,62.88,59.98,61.42,61.42,59.98,3265,199431.0,84
2026-09-18,INE324X01026,SARVESHWAR,EQ,3.73,3.79,3.67,3.74,3.71,3.72,983863,3654107.83,1484
2026-09-18,INE231F01020,SASKEN,EQ,1704.4,1746.9,1701.1,1719.6,1720.0,1722.1,12687,21903066.3,2328
2026-09-18,INE0NB801022,SATKARTAR,SM,143.0,146.9,142.0,142.9,142.5,139.15,32800,4724200.0,38
2026-09-18,INE0RFP01011,SSEGL,SM,423.0,423.0,411.3,413.2,413.0,419.0,67600,28100500.0,200
2026-09-18,INE170E01023,SATIA,EQ,67.41,68.98,66.5,68.46,68.0,67.63,108564,7351005.47,1661
2026-09-18,INE836B01017,SATIN,EQ,218.47,221.0,217.37,219.32,219.5,219.82,162662,35699747.94,1695
2026-09-18,INE14DW01018,SATTVAENGG,SM,58.35,61.15,57.05,61.15,61.15,60.2,20800,1219200.0,13
2026-09-18,INE626A01014,SAURASHCEM,EQ,51.91,53.99,51.8,53.51,53.76,51.91,57241,3050929.32,1674
2026-09-18,INE035D01020,SOTL,EQ,693.0,720.0,686.05,708.05,708.0,691.4,236215,166952250.45,12006
2026-09-18,INE0UCN01017,SAVY,SM,140.0,140.0,139.65,139.65,139.65,137.7,2400,335580.0,2
2026-09-18,INE10VS01016,SAWALIYA,SM,166.0,166.0,161.0,161.85,161.0,164.4,43200,7044390.0,18
2026-09-18,INE318C01014,SAYAJIHOTL,EQ,314.1,319.0,314.1,319.0,319.0,319.1,52,16338.1,2
2026-09-18,INE327G01032,SAYAJIIND,EQ,108.1,116.75,108.0,115.0,115.0,113.0,510,55871.5,108
2026-09-18,INE04AK01028,SBC,EQ,48.45,49.8,48.32,49.24,48.99,48.25,15020726,736985089.07,9590
2026-09-18,INE423Y01016,SBFC,EQ,93.58,94.19,91.89,92.36,92.49,93.32,1954335,181160641.22,13838
2026-09-18,INE018E01016,SBICARD,EQ,635.95,651.15,630.7,651.15,651.15,636.95,3242132,2073695340.7,55472
2026-09-18,INE640G01020,SBIFUNDS,EQ,540.95,567.95,537.25,561.35,558.0,540.95,1779360,988888525.8,33217
2026-09-18,INE123W01016,SBILIFE,EQ,1751.3,1770.0,1731.0,1731.0,1731.0,1766.9,929365,1627744031.4,21719
2026-09-18,INF200KA16D8,SETFGOLD,EQ,129.2,130.84,129.2,130.52,130.29,128.39,3938423,513478841.78,9546
2026-09-18,INF200KA1FS1,SETFNIF50,EQ,252.88,252.88,250.92,251.95,252.0,251.29,842918,212215663.76,6454
2026-09-18,INF200KA1580,SETFNIFBK,EQ,577.83,580.29,576.44,579.47,579.84,576.31,5777,3340809.68,988
2026-09-18,INF200KA1598,SETFNN50,EQ,763.08,777.5,762.3,774.62,776.78,765.01,16704,12890334.08,794
2026-09-18,INF200KA13Z8,LIQUIDSBI,EQ,1000.01,1000.01,999.99,999.99,999.99,1000.01,2584,2583980.02,15
2026-09-18,INF200KB1712,SBIBPB,EQ,47.5,48.49,47.5,48.21,48.17,47.77,61295,2950415.03,281
2026-09-18,INF200KA1X17,SBIETFCON,EQ,119.77,119.77,118.18,118.45,119.0,118.54,2418,286505.01,89
2026-09-18,INF200KA1S14,SBIETFIT,EQ,325.23,325.23,317.36,319.25,320.16,323.24,11162,3558086.14,354
2026-09-18,INF200KA1S22,SBIETFPB,EQ,283.6,283.6,277.93,279.97,280.0,278.65,2346,655631.13,92
2026-09-18,INF200KA1WX6,SBIETFQLTY,EQ,214.38,215.31,213.87,215.27,215.31,214.83,1393,298960.0,45
2026-09-18,INF200KB1969,SBILIQETF,EQ,1056.63,1056.63,1056.61,1056.62,1056.63,1056.2,725607,766690807.26,293
2026-09-18,INF200KB1AJ0,SBIMIDMOM,EQ,63.07,63.54,62.86,63.33,63.54,62.65,79500,5034440.96,110
2026-09-18,INF200KB1282,SBINEQWETF,EQ,31.92,32.93,31.92,32.2,32.17,32.57,90497,2918839.1,259
2026-09-18,INF200KB1AK8,SBINMID150,EQ,22.74,23.09,22.65,22.94,23.02,22.74,17739,404157.32,111
2026-09-18,INF200KB1217,SBISILVER,EQ,226.86,230.64,226.76,229.44,229.7,222.1,1587770,363243534.77,8793
2026-09-18,INF200KB1AY9,SBISMLETF,EQ,18.0,18.56,18.0,18.38,18.39,18.16,15195,277040.84,177
2026-09-18,INF200KB1AX1,SBIVALETF,EQ,14.51,14.52,14.28,14.41,14.52,14.44,23970,345328.82,85
2026-09-18,INF200KA1JT1,SETF10GILT,EQ,263.0,263.0,261.7,262.26,262.99,261.38,2805,734781.8,32
2026-09-18,INE099G01011,SCANSTL,BE,53.95,53.96,51.5,52.97,52.9,53.96,39615,2073771.67,118
2026-09-18,INE513A01022,SCHAEFFLER,EQ,4016.0,4260.0,4010.1,4217.6,4247.0,3991.0,171857,716074290.5,29729
2026-09-18,INE839M01018,SCHNEIDER,EQ,1206.6,1244.5,1206.6,1213.5,1217.2,1201.9,316226,386911023.3,31593
2026-09-18,INE148I07XX3,SCL01825,N6,1092.0,1092.0,1065.5,1065.5,1065.5,1092.0,56,60887.0,2
2026-09-18,INE148I07XG8,865SCL27,N4,986.0,996.9,981.2,981.2,981.2,996.9,94,93081.1,5
2026-09-18,INE148I07YI2,879SCL30,N0,98000.0,98000.0,98000.0,98000.0,98000.0,98000.0,4,392000.0,1
2026-09-18,INE090501011,SCODATUBES,EQ,125.33,130.77,125.33,128.51,129.5,123.97,98767,12679280.84,1915
2026-09-18,IN1020220563,775AP29,SG,101.65,101.65,101.64,101.64,101.64,101.65,500,50824.0,2
2026-09-18,IN1220230214,742AS34,SG,97.5,97.5,97.5,97.5,97.5,97.5,100,9750.0,1
2026-09-18,IN1420220098,755GA32,SG,99.0,99.0,99.0,99.0,99.0,100.0,1900,188100.0,1
2026-09-18,IN1920220119,76KA32,SG,98.99,98.99,98.99,98.99,98.99,99.92,100,9899.0,1
2026-09-18,IN2220230162,77MH34A,SG,99.47,99.47,99.47,99.47,99.47,97.74,200,19894.0,2
2026-09-18,IN2820220142,765PN42,SG,95.25,95.25,95.25,95.25,95.25,100.0,1000,95250.0,2
2026-09-18,IN2920190450,708RJ30,SG,96.8,96.8,96.8,96.8,96.8,101.0,100,9680.0,1
2026-09-18,IN2920260048,781RJ49,SG,98.0,98.0,98.0,98.0,98.0,98.0,200,19600.0,1
2026-09-18,IN2920260022,806RJ57,SG,98.89,100.0,98.89,100.0,100.0,95.92,200,19889.0,2
2026-09-18,IN3120220261,757TN33,SG,98.45,98.45,98.45,98.45,98.45,94.15,100,9845.0,1
2026-09-18,IN4520260030,754TS33,SG,99.57,99.57,99.57,99.57,99.57,100.0,400,39828.0,1
2026-09-18,IN3320230276,746UP34,SG,95.0,95.0,95.0,95.0,95.0,94.08,100,9500.0,1
2026-09-18,IN3320260034,774UP38,SG,96.6,96.6,96.6,96.6,96.6,99.75,1900,183540.0,1
2026-09-18,INE497B01018,SEAMECLTD,EQ,1757.0,1757.0,1712.1,1726.3,1725.0,1738.5,27243,47051574.2,3565
2026-09-18,INE477L07AS8,IIFLHF29,NE,1510.0,1513.1,1402.7,1459.54,1402.7,1457.83,48,70058.9,15
2026-09-18,INE413U07277,10ISFL26,N3,1069.8,1069.8,1069.8,1069.8,1069.8,1061.1,70,74886.0,1
2026-09-18,INE413U07269,1003ISFL28,N4,999.0,1009.99,999.0,1009.77,1009.99,1011.0,364,364980.9,11
2026-09-18,INE148I07SS3,1015SCFL29,YY,1035.0,1045.08,1035.0,1045.08,1045.08,1035.0,85,88075.8,2
2026-09-18,INE148I07TR3,1015SCL29,ZL,1034.75,1034.75,1034.75,1034.75,1034.75,1026.75,17,17590.75,1
2026-09-18,INE148I07OH5,1015SCL28A,AL,656.0,656.0,499.5,511.56,600.0,547.0,58,30514.0,5
2026-09-18,INE583D07521,1025UCL26A,N1,997.0,997.0,995.0,995.0,995.0,999.7,16,15922.0,5
2026-09-18,INE148I07SQ7,1025SCL34,Z8,1010.0,1010.0,1010.0,1010.0,1010.0,990.0,10,10100.0,1
2026-09-18,INE148I07PV3,888SCL25E,N4,1077.6,1077.6,800.0,800.0,800.0,898.0,172,142499.6,4
2026-09-18,INE148I07RB1,965SCL25F,NZ,840.0,840.0,840.0,840.0,840.0,825.0,117,98280.0,2
2026-09-18,INE244L07283,1030SFIL28,NM,547.0,547.0,547.0,547.0,547.0,550.0,48,26256.0,1
2026-09-18,INE244L07556,1003SFIL28,NX,401.01,401.01,401.01,401.01,401.01,401.01,30,12030.3,1
2026-09-18,INE342T07460,1065NFL27,NC,1030.0,1030.0,1030.0,1030.0,1030.0,1015.0,10,10300.0,1
2026-09-18,INE342T07445,1119NFL27,ND,1052.8,1053.1,1052.8,1052.88,1052.88,1052.0,287,302190.56,4
2026-09-18,INE0H7R07017,79NHIT35,N1,310.75,310.75,310.5,310.5,310.5,310.0,440,136638.0,13
2026-09-18,INE0H7R07033,79NHIT47,N3,421.99,422.0,421.99,422.0,422.0,420.0,6,2531.97,2
2026-09-18,INE219X07280,797IGT31,NL,1000.0,1000.0,1000.0,1000.0,1000.0,1014.5,1,1000.0,1
2026-09-18,INE219X07264,82IGT31,NJ,1035.0,1042.99,1033.65,1042.99,1042.99,1035.0,333,346372.4,12
2026-09-18,INE530B07161,842IIFL26,NL,997.0,997.0,996.6,996.6,996.6,999.25,566,564225.6,8
2026-09-18,INE477L07AQ2,843IHFL29,NC,985.0,985.0,985.0,985.0,985.0,976.0,122,120170.0,2
2026-09-18,INE530B07310,865IIFL28,NS,990.0,992.0,990.0,990.0,990.0,990.0,96,95116.7,7
2026-09-18,INE338I07164,897MOFSL29,N4,1020.0,1030.0,1020.0,1030.0,1030.0,1021.0,239,244895.0,9
2026-09-18,INE516Y07428,9PFL31A,,1035.0,1035.0,1035.0,1035.0,1035.0,1034.0,250,258750.0,4
2026-09-18,INE530B07260,9IIFL28A,NT,1041.6,1041.6,1040.0,1040.0,1040.0,1041.25,1000,1040685.0,4
2026-09-18,INE148I07QK4,948SCL26A,NN,360.0,360.0,360.0,360.0,360.0,332.0,1,360.0,1
2026-09-18,INE148I07RJ4,948SCL26B,Y8,996.12,996.12,996.12,996.12,996.12,996.12,55,54786.6,3
2026-09-18,INE148I07UC3,948SCL27D,N1,999.0,999.0,999.0,999.0,999.0,951.5,50,49950.0,1
2026-09-18,INE423A07336,956AEL29,N6,1042.0,1050.0,1040.0,1050.0,1050.0,1044.5,109,113620.0,6
2026-09-18,INE413U07327,957IIFLS27,,1003.0,1003.0,1003.0,1003.0,1003.0,1005.0,9,9027.0,1
2026-09-18,INE423A07328,965AEL27,N4,1011.99,1011.99,1011.0,1011.0,1011.0,1010.01,78,78932.25,3
2026-09-18,INE741K07579,970CAGL28,ND,1017.0,1020.0,1011.0,1020.0,1020.0,1018.0,1253,1266920.2,25
2026-09-18,INE148I07RN6,990SCL26B,Y7,1072.0,1072.0,1072.0,1072.0,1072.0,1072.0,25,26800.0,2
2026-09-18,INE148I07SG8,990SCL27,YT,1044.2,1044.2,1044.2,1044.2,1044.2,1044.03,220,229724.0,4
2026-09-18,INE423A07344,99AEL29,N7,1048.0,1054.0,1048.0,1052.08,1054.0,1050.0,414,435155.62,16
2026-09-18,INE477L07BA4,IHFL261224,N1,1150.8,1150.8,1150.8,1150.8,1150.8,1132.2,14,16111.2,2
2026-09-18,INE00QS24043,IMC1,N1,251.5,251.5,251.0,251.4,251.4,251.9,116,29155.6,4
2026-09-18,INE00QS24027,IMC1,N2,251.5,251.5,251.5,251.5,251.5,251.5,21,5281.5,1
2026-09-18,INE00QS24035,IMC1,N3,251.0,251.9,250.0,251.9,251.9,250.75,370,92966.9,7
2026-09-18,INE804IA7014,1015ECL29,NR,1019.0,1019.0,1018.0,1018.99,1018.99,1018.9,171,174148.49,7
2026-09-18,INE804IA7022,1060ECL29,NS,1051.0,1132.0,1051.0,1132.0,1132.0,1075.0,165,181515.0,2
2026-09-18,INE033L07GU2,84TCHF28,,1065.4,1065.45,1065.4,1065.41,1065.45,1062.0,150,159812.5,2
2026-09-18,INE721A07NU1,903SFL28,YI,1034.0,1034.0,1034.0,1034.0,1034.0,1030.92,50,51700.0,5
2026-09-18,INE721A07OC7,930SFL28,YP,1045.0,1045.0,1045.0,1045.0,1045.0,1045.0,200,209000.0,2
2026-09-18,INE804I078Y8,943ECL28,NJ,998.01,1010.0,998.01,1009.94,1010.0,1002.0,158,159297.08,7
2026-09-18,INE721A07OF0,97SFL28,YS,1100.0,1100.0,1100.0,1100.0,1100.0,1100.0,10,11000.0,1
2026-09-18,INE721A07OQ7,97SFL29,YZ,1020.0,1090.0,1020.0,1090.0,1090.0,1090.56,2,2110.0,2
2026-09-18,INE804I079Y6,985ECL28,NK,1005.5,1008.0,1005.5,1005.54,1005.51,1009.99,1189,1195769.97,18
2026-09-18,INE0BTM01013,SECMARK,EQ,145.0,146.4,132.41,144.1,144.9,139.95,2367,341310.66,35
2026-09-18,INE650K01021,SECURKLOUD,EQ,17.0,17.2,16.7,16.84,17.0,17.17,5429,92092.11,94
2026-09-18,INE00XB01019,SEDEMAC,EQ,3110.6,3234.1,3110.0,3147.8,3145.0,3110.6,190154,604242119.5,23393
2026-09-18,INE955I01044,SEJALLTD,EQ,690.0,715.75,669.85,714.4,715.75,681.7,36648,25839980.75,1220
2026-09-18,INE0IJF01013,SELLOWRAP,SM,65.1,65.1,65.0,65.0,65.0,67.5,3200,208160.0,2
2026-09-18,INE617A01013,SEMAC,EQ,270.0,280.0,262.4,273.7,273.7,270.0,315,85872.95,24
2026-09-18,INE602W01027,SENCO,EQ,344.5,352.8,341.1,348.0,346.3,342.35,606311,210880570.05,18175
2026-09-18,INE0RB801010,SENORES,EQ,1423.6,1441.9,1391.7,1402.6,1399.9,1402.6,325710,458907239.8,22493
2026-09-18,INE964H01014,SEPC,EQ,5.26,5.29,5.08,5.23,5.23,5.22,12309907,63676433.33,5490
2026-09-18,INE027E07BC8,865LTF26,NN,1064.5,1072.99,1061.0,1061.0,1061.0,1064.5,349,371316.99,15
2026-09-18,INE027E07998,898LTF29,N7,1065.0,1067.0,1055.0,1060.0,1060.0,1060.0,203,214301.0,25
2026-09-18,INE027E07AL1,905LTF27,NF,1055.0,1055.0,1044.0,1049.36,1050.0,1044.7,293,307828.05,13
2026-09-18,INE306N07LM5,865TCAPS27,N8,1015.0,1108.0,1015.0,1108.0,1108.0,1015.0,3,3231.0,3
2026-09-18,INE244L07184,92SFIL28,ND,1010.55,1010.55,1010.55,1010.55,1010.55,1000.65,131,132382.05,4
2026-09-18,INE0P1Q01015,SERVICE,SM,66.05,66.05,66.05,66.05,66.05,66.0,4000,264200.0,1
2026-09-18,INE782X01033,SERVOTECH,EQ,72.27,73.66,71.91,72.8,72.98,72.27,396912,28759601.01,3756
2026-09-18,INE04VU01023,STYL,EQ,366.0,369.95,355.0,360.35,358.15,365.85,182909,66375492.85,6743
2026-09-18,INE630A01024,SESHAPAPER,EQ,248.0,251.7,245.04,249.77,248.26,247.82,27629,6864649.11,874
2026-09-18,INE878E01021,SETCO,BE,17.1,17.1,16.71,17.06,17.07,16.99,13053,221569.81,112
2026-09-18,INE023M01027,SETUINFRA,BZ,0.61,0.61,0.6,0.6,0.6,0.61,29424,17803.91,30
2026-09-18,INE573R01012,SEYAIND,BE,12.93,13.12,12.63,13.12,13.12,12.87,10679,138411.06,43
2026-09-18,INE618R01015,SGFIN,EQ,624.9,638.05,621.05,630.95,631.0,619.9,75511,47572666.75,4194
2026-09-18,INE385F01024,SGMART,EQ,719.0,747.4,710.0,733.55,730.1,712.25,192112,140799963.95,12970
2026-09-18,INE967B01028,SGLRES,EQ,2.49,2.6,2.37,2.43,2.53,2.49,279185,675220.12,154
2026-09-18,INE12UN01015,SHADOWFAX,EQ,252.5,253.4,247.5,251.55,250.55,251.65,1172675,293177756.5,25776
2026-09-18,INE640C01011,SHAHALLOYS,BE,95.99,95.99,91.0,92.5,92.5,92.47,11671,1085761.01,98
2026-09-18,INE482J01021,SHAH,EQ,3.32,3.32,3.26,3.28,3.3,3.3,392673,1290834.51,537
2026-09-18,INE151G01028,SHAILY,EQ,3119.5,3209.7,3107.3,3149.8,3128.4,3107.2,156212,492079918.1,16520
2026-09-18,INE908D01010,SHAKTIPUMP,EQ,465.7,470.65,458.75,460.95,461.9,464.1,460443,213491447.75,15720
2026-09-18,INE597J01018,SHALBY,EQ,138.0,141.4,133.92,137.66,137.0,138.5,149630,20510133.05,2587
2026-09-18,INE861D01011,SAHLIBHFI,EQ,76.4,79.7,75.0,76.56,77.4,78.52,17392,1350190.33,455
2026-09-18,INE849C01026,SHALPAINTS,BE,81.99,82.31,80.0,80.9,81.19,80.68,37865,3073403.99,197
2026-09-18,INE01NE01012,SRD,EQ,40.29,40.29,39.1,39.15,39.16,39.54,8341,330758.06,108
2026-09-18,INE274V01019,SHANKARA,EQ,148.3,150.0,148.3,149.26,149.5,149.29,461337,68796940.73,518
2026-09-18,INE24OJ01011,BUILDPRO,EQ,1254.9,1270.0,1198.5,1253.8,1269.4,1244.9,123781,152139524.1,5618
2026-09-18,INE1WFC01025,SHANKESH,EQ,90.7,95.25,89.01,93.06,93.05,88.96,4370436,407155107.1,27312
2026-09-18,INE0Q9Q01017,SHANTHALA,SM,16.1,16.1,15.7,15.7,15.7,15.55,2400,38160.0,2
2026-09-18,INE631A01022,SHANTIGEAR,EQ,681.3,705.0,667.35,700.05,701.9,677.6,90105,61971035.35,4382
2026-09-18,INE440T01028,SEIL,EQ,195.24,195.24,188.05,192.19,188.05,193.07,257466,49498206.99,1843
2026-09-18,INE06ZD01017,SHANTIGOLD,EQ,242.44,264.11,242.44,251.27,250.4,242.44,2818320,723498222.14,37509
2026-09-18,INE1ZEE01019,SHANTIINOR,ST,175.8,183.95,170.0,181.3,180.0,176.1,134400,24149920.0,77
2026-09-18,INE933X01016,SHANTI,EQ,5.81,6.39,5.81,6.19,6.12,6.29,7260,45215.08,54
2026-09-18,INE220Z01013,SHINDL,EQ,164.5,164.5,160.38,161.64,161.16,161.05,430082,69555386.8,793
2026-09-18,INE221J01015,SHARDACROP,EQ,742.9,753.0,737.15,743.1,742.55,741.7,119733,89040585.8,7911
2026-09-18,INE597I01028,SHARDAMOTR,EQ,935.0,971.95,930.0,967.05,968.0,948.35,121973,116884517.05,10060
2026-09-18,INE037B01020,SHARDUL,BE,54.45,55.25,54.45,55.0,55.24,54.17,11561,635295.14,47
2026-09-18,INE932X01026,SHAREINDIA,EQ,221.0,233.35,216.0,228.15,226.23,218.44,24957936,5656549946.21,218985
2026-09-18,INE460Q01014,SCML,SM,76.0,78.0,68.65,77.55,78.0,75.75,138000,9788100.0,91
2026-09-18,INE0YJV01017,SHEEL,ST,60.0,60.0,60.0,60.0,60.0,60.0,4000,240000.0,2
2026-09-18,INE916U01025,SFL,EQ,679.0,682.0,651.7,657.3,659.5,673.0,213905,141865582.65,11909
2026-09-18,INE501Y01019,SCPL,BE,638.0,647.95,618.5,622.1,620.0,625.85,4602,2875809.2,145
2026-09-18,INE04VX01019,SHEETAL,SM,359.0,359.0,359.0,359.0,359.0,359.0,500,179500.0,1
2026-09-18,INE268L01046,SHEKHAWATI,BE,20.79,22.07,20.6,21.48,21.85,21.02,268145,5828806.82,393
2026-09-18,INE363M01019,SHEMAROO,BE,120.0,120.0,115.5,116.39,116.3,115.5,3624,422689.43,34
2026-09-18,INE0MM001019,SHERA,SM,184.0,186.0,180.0,186.0,186.0,179.8,27000,4929500.0,26
2026-09-18,INE011D01013,SHERVANI,EQ,360.0,360.0,349.95,352.5,352.5,332.0,54,19369.35,9
2026-09-18,INE024F01011,SHILCTECH,EQ,4072.6,4172.9,3976.9,4067.9,4082.0,4103.4,16065,66080393.3,3863
2026-09-18,INE960A01017,SHILGRAVQ,EQ,160.0,162.99,154.5,154.69,154.5,158.0,2494,386946.03,63
2026-09-18,INE790G01031,SHILPAMED,EQ,958.35,1033.1,951.9,1021.1,1028.0,958.35,1766385,1769989511.0,64447
2026-09-18,INE0PB301013,SCILAL,EQ,38.01,38.38,36.2,36.83,37.04,38.19,1140340,42193652.84,10363
2026-09-18,INE109A01011,SCI,EQ,271.0,278.0,269.05,277.05,276.65,270.0,1560763,426957010.05,27104
2026-09-18,INE0FOO01011,SHIPROCKET,EQ,122.2,122.93,120.5,121.59,121.59,120.93,2264860,275177865.03,16969
2026-09-18,INE719F01016,SHIVAUM,EQ,470.3,477.0,468.25,468.3,468.25,468.05,3232,1531260.1,30
2026-09-18,INE555C01029,SHIVACEM,EQ,15.49,15.69,15.3,15.45,15.45,15.3,35784,551203.51,373
2026-09-18,INE960E01019,SHIVAAGRO,EQ,39.89,42.0,37.16,41.79,41.8,38.71,861,36085.27,36
2026-09-18,INE644Y01017,SHIVAMILLS,EQ,58.6,61.95,58.1,61.58,61.95,60.2,1536,92817.32,22
2026-09-18,INE705C01020,SHIVATEX,EQ,181.0,181.0,163.21,168.51,165.01,174.17,4948,839232.54,140
2026-09-18,INE0T7B01010,SPCL,SM,65.0,67.5,64.4,65.55,64.55,64.4,30600,2018460.0,42
2026-09-18,INE386D01027,SBCL,EQ,1091.8,1109.8,1084.1,1096.2,1091.0,1091.8,106816,117135887.0,12993
2026-09-18,INE788J01021,SHIVALIK,EQ,368.3,378.9,359.0,372.1,378.9,369.3,87050,32110233.5,4851
2026-09-18,INE637H01024,SHIVAMAUTO,EQ,16.7,19.42,16.7,19.42,19.42,16.19,291980,5616469.6,728
2026-09-18,INE1DLF01018,SHIVASHRIT,SM,118.0,119.85,112.6,115.45,115.0,115.2,85000,9821750.0,55
2026-09-18,INE498B01024,SHOPERSTOP,EQ,405.9,415.0,395.25,399.75,399.0,413.3,72761,29418735.15,3374
2026-09-18,INE311M01018,SHRADDHA,EQ,150.73,153.7,146.7,147.14,147.05,150.73,11255,1666012.84,179
2026-09-18,INE715Y01031,SHRADHA,EQ,31.0,32.15,29.81,30.0,30.59,31.15,21953,666010.22,234
2026-09-18,INE712K01011,SHREEPUSHK,EQ,510.0,518.0,500.1,514.3,515.0,512.5,44521,22646530.95,2788
2026-09-18,INE185C01017,SAPPL,EQ,285.0,289.9,265.3,276.15,281.0,278.75,1212,330344.3,48
2026-09-18,INE070A01015,SHREECEM,EQ,22200.0,23000.0,22100.0,22600.0,22600.0,21960.0,62133,1402790820.0,22013
2026-09-18,INE232A01011,SHREDIGCEM,EQ,67.42,69.0,67.37,68.51,69.0,67.42,55328,3765312.22,754
2026-09-18,INE414Y01015,SGRL,EQ,677.95,722.65,675.0,697.75,702.0,678.2,18488,13025055.0,1406
2026-09-18,INE0S4Y01010,SHREEKARNI,SM,370.0,370.0,370.0,370.0,370.0,374.95,150,55500.0,1
2026-09-18,INE02S501018,SHREEOSFM,SM,52.0,52.4,51.3,52.4,52.4,51.0,4000,207200.0,4
2026-09-18,INE19GK01015,SRTL,EQ,37.9,38.39,36.5,38.02,38.15,37.98,36125,1362190.05,329
2026-09-18,INE879A01019,SHREERAMA,EQ,44.35,46.39,44.15,44.53,44.6,44.36,43261,1958094.1,923
2026-09-18,INE278B01020,RAMANEWS,EQ,30.4,31.9,30.4,31.33,31.45,30.94,27396,851562.56,416
2026-09-18,INE087H01022,RENUKA,EQ,22.85,23.32,22.35,23.06,22.99,22.81,10903563,247683513.4,16606
2026-09-18,INE0S2G01011,BALAJEE,EQ,25.01,25.5,24.82,25.31,25.5,25.03,22788,573072.73,245
2026-09-18,INE00CE01017,SVLL,EQ,818.45,825.0,801.0,815.85,814.0,818.35,1039,844164.1,47
2026-09-18,INE0K3301012,SHREEDHAR,ST,160.25,161.0,160.0,161.0,161.0,153.35,14000,2250500.0,7
2026-09-18,INE1FL101016,SHETHJI,SM,195.1,195.1,190.1,190.85,190.15,195.05,14000,2676300.0,10
2026-09-18,INE1B6101010,SHREEJISPG,EQ,689.95,709.8,674.2,708.05,707.3,691.0,854162,594314931.25,9805
2026-09-18,INE00IK01029,OSWALSEEDS,EQ,14.0,14.35,13.55,13.72,13.61,13.87,109264,1518863.86,458
2026-09-18,INE632X01030,SHRENIK,BZ,0.29,0.3,0.28,0.29,0.3,0.29,253750,74030.41,139
2026-09-18,INE231C01019,SHREYANIND,EQ,128.01,132.0,125.65,131.13,130.1,128.01,3183,412871.02,113
2026-09-18,INE0DM401012,SHRIAHIMSA,SM,462.95,475.0,462.95,468.75,471.0,454.2,8400,3953970.0,14
2026-09-18,INE402H01015,SHBAJRG,EQ,153.99,155.0,152.15,155.0,155.0,152.08,3122,483373.99,70
2026-09-18,INE564J01026,SHRJAGP,EQ,643.55,657.75,630.0,637.65,638.0,642.5,176,112944.75,21
2026-09-18,INE1V4601019,SHRIKANHA,SM,22.45,22.5,22.45,22.5,22.5,21.9,4800,107920.0,3
2026-09-18,INE997I01012,SHRIKRISH,EQ,34.02,39.99,34.02,36.98,37.0,34.04,1595,58790.77,32
2026-09-18,INE0OMF01015,SHRITECH,SM,60.5,60.5,60.5,60.5,60.5,60.3,2000,121000.0,1
2026-09-18,INE1B3L01017,SHRINGARMS,EQ,214.0,216.75,208.75,210.67,208.79,211.74,569905,121466106.71,3743
2026-09-18,INF680P01422,LIQUIDSHRI,EQ,1122.13,1122.15,1122.13,1122.13,1122.15,1121.72,5249,5890100.38,22
2026-09-18,INE721A01047,SHRIRAMFIN,EQ,1004.9,1019.0,1000.5,1010.0,1010.0,995.0,4870631,4926141200.9,95650
2026-09-18,INE217L01019,SHRIRAMPPS,EQ,73.15,73.15,70.81,71.22,71.05,72.91,365988,26147580.26,3524
2026-09-18,INE0UL701015,SHUBHSHREE,SM,350.0,350.0,350.0,350.0,350.0,350.0,3000,1050000.0,10
2026-09-18,INE551C01044,SHUKRAPHAR,EQ,54.76,57.89,54.29,55.93,55.74,54.24,3423614,191670563.09,9607
2026-09-18,INE979R01011,SHYAMCENT,BE,4.75,5.12,4.75,5.06,5.12,4.97,422226,2090219.04,91
2026-09-18,INE1CRP01016,SHYAMDHANI,ST,53.4,53.4,52.25,52.5,52.5,53.0,8000,421400.0,4
2026-09-18,INE810G01011,SHYAMMETL,EQ,1087.0,1109.0,1079.0,1100.0,1106.6,1077.0,1196160,1314338991.1,24578
2026-09-18,INE635A01023,SHYAMTEL,EQ,11.14,11.4,11.13,11.4,11.4,11.09,2221,24722.2,6
2026-09-18,INE176J01011,SICAGEN,EQ,52.74,53.69,52.0,52.77,53.6,52.22,7433,390026.46,117
2026-09-18,INE075B01020,SICALLOG,BE,91.35,94.7,89.05,91.07,90.01,91.65,16434,1508357.49,98
2026-09-18,INE0SVO01019,SIDDHICOTS,SM,26.95,27.2,26.95,27.2,27.2,26.5,7200,194760.0,6
2026-09-18,INE0A1E01018,SIDDHIKA,SM,228.0,228.0,214.7,214.8,215.0,226.0,20000,4343250.0,26
2026-09-18,INE1NPP01017,ENRIN,EQ,3116.0,3250.0,3110.0,3228.0,3245.0,3109.1,740325,2368720017.7,61825
2026-09-18,INE003A01024,SIEMENS,EQ,3781.4,3913.9,3770.0,3913.9,3913.9,3763.5,666502,2553516081.6,35942
2026-09-18,INE0D0K01022,SIGACHI,EQ,29.35,32.15,29.32,29.6,29.65,29.33,16377369,497242025.93,55643
2026-09-18,INE933B01012,SIGMAADV,BE,848.0,888.3,831.1,866.1,867.45,857.4,255004,219768517.75,5814
2026-09-18,INE0A0S01028,SIGMA,EQ,47.0,47.3,46.25,47.03,47.0,46.24,50131,2354135.59,940
2026-09-18,INE903U01023,SIGNATURE,EQ,755.0,761.0,744.0,756.95,760.0,755.3,248406,186821241.4,8171
2026-09-18,INE529F01035,SIGIND,BE,71.3,71.3,69.0,69.99,70.0,67.96,11347,792683.68,182
2026-09-18,INE0RDE01010,SIGNORIA,ST,145.0,145.0,145.0,145.0,145.0,151.0,1000,145000.0,1
2026-09-18,INE0KGZ01021,SIGNPOST,EQ,265.05,277.5,260.6,271.5,266.6,262.15,44887,11971362.05,1853
2026-09-18,INE438E01032,SIKA,EQ,1030.7,1063.7,1010.25,1021.5,1039.0,1027.05,36899,38183808.35,3204
2026-09-18,INE112X01025,SIKKO,BE,5.8,6.0,5.75,5.92,6.0,5.99,462737,2713675.33,474
2026-09-18,INE923A01015,SILINV,EQ,437.95,455.0,434.0,446.9,446.8,438.4,588,262880.55,55
2026-09-18,INE01II01013,SILGO,EQ,69.46,71.99,69.46,70.8,70.33,70.18,50168,3525651.52,427
2026-09-18,INE0STN01015,SILKFLEX,SM,267.0,280.35,266.3,280.35,280.35,267.0,23000,6372550.0,20
2026-09-18,INE0SN801015,SILKY,SM,69.0,71.95,61.0,65.35,66.5,71.9,24800,1598880.0,20
2026-09-18,INE625X01026,SILVERTUC,EQ,149.08,149.09,144.4,146.28,147.4,149.08,310512,45679204.72,5099
2026-09-18,INE748T01016,SIMBHALS,BZ,6.67,6.67,6.67,6.67,6.67,6.8,4036,26920.12,24
2026-09-18,INE1K4J01018,SIMCA,ST,262.0,275.0,262.0,269.5,275.0,263.9,33600,8901660.0,16
2026-09-18,INE059B01024,SIMPLEXINF,EQ,253.3,268.0,249.1,251.4,250.3,252.4,211797,54188739.95,5177
2026-09-18,INE167H01014,SIMPLXREA,EQ,132.0,132.0,120.6,124.2,132.0,126.25,5,628.8,4
2026-09-18,INE985A01022,SINCLAIR,EQ,78.87,84.39,78.55,81.93,82.39,77.56,60387,4893720.13,1006
2026-09-18,INE325D01025,SINDHUTRAD,EQ,23.54,24.94,22.62,24.72,24.51,23.27,5339301,128048297.61,5141
2026-09-18,INE638A01035,SINGERIND,EQ,76.92,77.99,75.3,76.28,76.07,76.86,58206,4430357.37,316
2026-09-18,INE129Z01016,SINTERCOM,EQ,76.41,78.59,75.0,77.1,78.0,76.03,403,31019.99,27
2026-09-18,INE792Z01011,SIRCA,EQ,410.25,413.0,404.0,406.25,405.0,406.55,247257,100703388.75,4779
2026-09-18,INE285J01028,SIS,EQ,419.8,430.95,419.0,428.25,427.7,419.8,164393,70396434.55,6190
2026-09-18,INE965H01011,SITINET,BZ,0.27,0.28,0.27,0.28,0.28,0.27,223470,62485.92,175
2026-09-18,INE076B01028,SIYSIL,EQ,512.55,535.85,512.55,527.4,535.0,514.45,52367,27401754.0,2909
2026-09-18,INE284S01014,SJS,EQ,2297.2,2460.0,2280.2,2422.8,2450.0,2266.0,992502,2395557168.2,38512
2026-09-18,INE002L01015,SJVN,EQ,64.84,65.23,63.7,63.95,63.83,64.75,4062726,260655512.36,27865
2026-09-18,INE2J8701016,SKFINDUS,EQ,2969.9,3218.7,2942.0,2984.2,2950.0,2940.3,1293995,3870460073.5,63743
2026-09-18,INE640A01023,SKFINDIA,EQ,1541.0,1639.8,1515.0,1552.6,1534.9,1541.0,324766,509489472.8,29013
2026-09-18,INE439E01022,SKIPPER,EQ,537.0,570.0,532.1,566.2,563.1,532.55,1433300,801206863.4,48097
2026-09-18,INE411D01023,SKMEGGPROD,EQ,232.9,235.9,228.1,229.75,229.2,231.9,106551,24602770.05,2822
2026-09-18,INE0KZA01016,SKP,SM,158.5,160.95,157.6,160.95,160.95,157.6,2500,398275.0,5
2026-09-18,INE01IU01018,SKYGOLD,EQ,794.0,806.75,779.85,783.7,785.3,793.3,566838,448421406.15,21057
2026-09-18,INE0VFE01017,SKYTECH,SM,22.8,25.2,22.8,25.2,25.2,24.0,440000,10551040.0,148
2026-09-18,INE0PX301025,SKYWAYS,EQ,126.9,135.35,122.55,124.43,124.7,117.98,92941309,12026363621.77,477808
2026-09-18,INE0SMA01017,SLONE,ST,170.0,173.0,164.35,169.65,173.0,173.0,4400,738260.0,11
2026-09-18,INE14GK01016,SMARTEN,ST,53.0,55.0,52.1,54.0,55.0,53.45,12000,632160.0,6
2026-09-18,INE178C01020,SMARTLINK,BE,213.62,220.45,213.62,220.45,220.45,214.41,1400,305209.62,45
2026-09-18,INE0NAZ01010,SMARTWORKS,EQ,519.85,560.95,519.85,547.35,558.45,519.9,274681,150180500.75,4688
2026-09-18,INE05NX24023,8SMC29,N1,511.02,513.0,511.02,513.0,513.0,513.0,190,97440.3,2
2026-09-18,INE05NX24031,8SMC30,N2,506.88,509.0,506.88,508.11,508.11,506.88,232,117615.5,4
2026-09-18,INE103C01036,SMCGLOBAL,EQ,82.0,83.7,80.21,80.94,80.7,82.87,467005,38203946.49,4640
2026-09-18,INE294B01019,SMLMAH,EQ,6248.0,6484.0,6221.0,6292.5,6310.0,6220.5,53178,337312911.0,8311
2026-09-18,INE812G01025,SMSPHARMA,EQ,415.8,446.2,415.8,442.95,442.1,413.75,1745125,762966916.75,54253
2026-09-18,INE1OIC01018,SNEHAA,SM,44.1,44.5,44.1,44.5,44.5,44.1,2000,88600.0,2
2026-09-18,INE734N01019,SNOWMAN,EQ,34.9,35.4,34.0,35.25,35.25,34.72,155817,5418315.55,1488
2026-09-18,INE671H01015,SOBHA,EQ,1192.7,1225.8,1190.5,1215.2,1215.0,1189.4,120571,146292232.6,8956
2026-09-18,INE728Z01015,SOFTTECH,EQ,525.7,525.7,515.0,525.7,525.7,500.7,35070,18402954.8,393
2026-09-18,INE343H01029,SOLARINDS,EQ,18850.0,19080.0,18555.0,18555.0,18555.0,18815.0,202858,3830774775.0,43973
2026-09-18,INE624Z01016,SOLARA,EQ,741.7,750.4,730.0,742.05,744.0,741.7,260108,192514798.9,11434
2026-09-18,INE0TY101024,SOLARWORLD,EQ,134.37,136.39,132.2,133.56,135.0,133.78,125558,16823963.27,3126
2026-09-18,INE880Y01017,SOLEX,EQ,681.35,719.0,673.6,695.1,699.0,671.3,122265,85591390.25,9644
2026-09-18,INE480C01038,SDBL,EQ,68.0,69.14,67.5,68.06,68.5,67.8,396617,27090752.73,3300
2026-09-18,INE314C01013,SOMATEX,EQ,82.77,82.99,79.3,80.95,81.4,82.77,13997,1133095.47,195
2026-09-18,INE355A01028,SOMANYCERA,EQ,560.75,579.25,557.95,572.6,576.85,565.85,103703,59157516.15,4260
2026-09-18,INE323J01019,SOMICONVEY,EQ,97.59,97.59,94.0,94.25,94.38,94.6,11529,1096432.39,313
2026-09-18,INE073K01018,SONACOMS,EQ,780.2,812.0,780.2,808.0,808.0,777.9,4201864,3382346357.8,68185
2026-09-18,INE0Q6H01012,SONAMAC,SM,31.05,32.5,31.05,31.25,31.25,32.15,9000,282900.0,6
2026-09-18,INE321M01017,SONAL,EQ,87.25,87.25,84.01,84.07,84.01,83.12,270,23110.32,27
2026-09-18,INE00LM01029,SONAMLTD,BE,68.18,71.1,68.0,70.27,71.0,68.18,28662,1984106.04,94
2026-09-18,INE269A01021,SONATSOFTW,EQ,282.0,282.05,272.2,274.0,273.8,281.65,672020,185328756.0,14199
2026-09-18,INE0JZA01018,SONUINFRA,ST,47.5,48.85,45.4,47.1,45.4,47.7,27000,1241325.0,13
2026-09-18,INE980Y01015,SOUTHWEST,EQ,199.0,202.5,193.44,196.11,195.4,200.07,197258,38846323.77,4945
2026-09-18,INE970N01027,SPCENET,EQ,3.2,3.26,3.1,3.13,3.16,3.19,702541,2226914.26,639
2026-09-18,INE572J01011,SPANDANA,EQ,227.02,231.3,227.0,229.25,228.1,227.02,74230,16997099.16,2099
2026-09-18,INE1CW901027,SPEB,SM,87.0,87.0,87.0,87.0,87.0,89.15,2000,174000.0,1
2026-09-18,INE247M01014,SPECIALITY,BE,136.0,145.5,136.0,144.89,144.95,139.36,33415,4794794.1,231
2026-09-18,INE01EO01010,SPECTRUM,BE,2990.0,3145.0,2955.0,3039.6,3065.0,3050.4,4924,14938453.2,560
2026-09-18,INE0OL001018,SPECTSTM,SM,60.05,60.05,60.0,60.0,60.0,60.0,2400,144040.0,3
2026-09-18,INE020801028,SPENCERS,EQ,28.5,29.4,27.62,28.38,28.5,28.17,28173,799249.05,258
2026-09-18,INE147A01011,SPIC,EQ,67.3,69.09,67.25,68.7,69.0,66.92,616680,42106873.77,3722
2026-09-18,INE978G01016,SPLIL,EQ,29.65,30.79,29.65,30.3,30.3,29.95,1395,42029.07,26
2026-09-18,INE937A01023,SPMLINFRA,EQ,170.0,174.56,167.15,168.23,168.4,170.67,101537,17256390.7,1583
2026-09-18,INE885H01029,SPORTKING,EQ,201.35,204.69,201.0,203.85,204.45,200.53,135881,27601881.59,5860
2026-09-18,INE0QR801013,SPPPOLY,SM,12.95,12.95,12.8,12.8,12.8,12.5,4000,51500.0,2
2026-09-18,INE526E01018,SHRIPISTON,EQ,4394.0,4598.0,4394.0,4576.6,4587.6,4385.4,151917,689674643.5,24280
2026-09-18,INE19QH01010,SPUNWEB,SM,99.0,99.0,99.0,99.0,99.0,100.9,2400,237600.0,2
2026-09-18,INE917H01012,SRHHYPOLTD,EQ,521.0,525.05,519.8,523.1,519.8,517.6,26767,14000002.5,708
2026-09-18,INE099F01013,SREEL,BE,294.03,300.79,282.15,283.47,282.31,294.03,18201,5230033.41,493
2026-09-18,INE647A01010,SRF,EQ,2536.6,2569.9,2512.0,2512.0,2512.0,2536.0,401209,1019430256.5,24715
2026-09-18,INE559N01010,SRGHFL,EQ,132.05,132.85,127.05,128.15,129.0,126.65,45678,5939720.85,651
2026-09-18,INE293B01029,HAVISHA,EQ,1.38,1.38,1.31,1.33,1.34,1.32,14206,18872.93,71
2026-09-18,INE009C01019,SRIKPRIND,BE,27.8,28.9,26.8,27.98,26.81,27.83,5520,155833.14,48
2026-09-18,INE0V9Q01010,LOTUSDEV,BE,210.1,216.0,209.05,215.13,214.0,213.39,557967,119356120.96,3798
2026-09-18,INE0TPJ01019,SPCON,SM,169.0,198.0,169.0,181.35,198.0,170.0,6000,1058400.0,5
2026-09-18,INE0ON201012,SSFL,ST,281.6,303.0,281.25,303.0,303.0,296.05,6000,1749200.0,12
2026-09-18,INE0NPI01014,SRIVASAVI,ST,72.75,73.05,71.2,73.05,73.05,72.75,4000,288300.0,4
2026-09-18,INE0R6Z01013,SRM,EQ,425.65,429.25,420.65,423.85,424.8,425.75,14465,6128456.7,1296
2026-09-18,INE0RYC01010,STALLION,BE,220.8,222.0,215.0,220.49,220.89,218.7,214149,46850820.23,1513
2026-09-18,INE0M4D01010,SETL,EQ,393.25,414.0,393.25,402.35,400.0,401.45,987119,398043045.5,19204
2026-09-18,INE173A01025,SIL,EQ,16.21,16.95,16.06,16.13,16.19,16.63,54990,895072.88,534
2026-09-18,INE01A001028,STANLEY,EQ,137.01,138.99,137.01,137.45,137.13,137.63,31819,4380900.93,542
2026-09-18,INE460H01021,STARCEMENT,EQ,188.9,195.79,188.9,194.25,193.2,188.33,271084,52165317.41,5629
2026-09-18,INE575P01011,STARHEALTH,EQ,558.0,559.65,542.1,547.05,545.2,560.55,2515581,1379221116.65,64945
2026-09-18,INE733A01018,STARPAPER,EQ,156.01,159.5,155.01,158.82,158.0,155.92,5933,931334.51,160
2026-09-18,INE992I01013,STARTECK,EQ,240.0,261.5,236.1,240.0,240.0,237.45,201,49564.5,16
2026-09-18,INE062A01020,SBIN,EQ,992.0,996.2,985.1,996.2,996.2,988.7,5699456,5653267297.2,94490
2026-09-18,INE0FRO01022,STEAMHOUSE,EQ,100.7,106.0,95.01,97.98,98.4,102.55,23967427,2410991191.61,119123
2026-09-18,INE114A01011,SAIL,EQ,176.5,179.8,176.03,177.33,177.33,175.01,11881802,2113150071.06,43432
2026-09-18,INE395H01011,STEELCITY,EQ,85.5,86.59,85.0,85.39,86.0,85.77,2941,251879.24,99
2026-09-18,INE503B01021,STEELXIND,EQ,11.18,11.9,11.18,11.74,11.64,11.2,6471920,74603978.23,5982
2026-09-18,INE205F01016,STLSTRINF,EQ,26.0,26.9,23.12,23.47,23.13,25.15,28554,696656.77,366
2026-09-18,INE802C01033,SSWL,EQ,351.65,378.8,350.15,372.4,371.1,348.25,1835082,681749756.65,41261
2026-09-18,INE124E01038,STEELCAS,EQ,306.85,323.0,306.85,319.9,320.8,303.45,92629,29453998.4,2932
2026-09-18,INE577L01016,STEL,EQ,657.0,658.15,631.95,654.2,657.0,631.9,12670,8214030.55,847
2026-09-18,INE334A01023,STERTOOLS,BE,210.55,214.99,209.95,213.21,212.0,211.65,12067,2561391.09,233
2026-09-18,INE089C01029,STLTECH,BE,852.0,852.0,805.55,818.8,815.0,827.45,1735063,1425136231.8,40624
2026-09-18,INE353H01010,SGL,EQ,9.68,9.79,9.17,9.35,9.67,9.68,7236,68469.08,97
2026-09-18,INE1VXE01018,STLNETWORK,EQ,42.95,42.95,42.95,42.95,42.95,40.91,1250147,53693813.65,1463
2026-09-18,INE00IN01015,STOVEKRAFT,EQ,833.65,840.45,825.25,829.3,825.5,833.65,75158,62529072.45,4675
2026-09-18,INE1XWN01017,STRIDERS,SM,58.0,58.0,49.95,52.15,53.0,58.0,120000,6195120.0,48
2026-09-18,INE939A01011,STAR,EQ,1202.6,1229.4,1200.0,1219.8,1220.0,1200.2,282913,343657825.2,21652
2026-09-18,INE00M201021,SWSOLAR,EQ,180.0,180.97,174.4,176.06,174.5,179.22,1209329,214698690.16,11583
2026-09-18,INE00Q601028,STUDDS,EQ,408.8,410.1,402.75,407.1,409.2,404.35,21853,8876594.2,1261
2026-09-18,INE17VO01028,STUDIOLSD,SM,8.95,9.2,8.8,9.2,9.2,9.2,32000,287700.0,10
2026-09-18,INE239C01020,STYLAMIND,EQ,3238.2,3308.0,3236.6,3295.5,3301.0,3238.2,12878,42347884.8,3122
2026-09-18,INE189B01011,STYRENIX,EQ,2065.9,2095.4,2050.7,2067.9,2057.1,2065.9,22964,47641218.3,2864
2026-09-18,INE0RYR01018,SUBAHOTELS,SM,92.95,94.0,91.05,92.0,92.0,91.5,20400,1884960.0,16
2026-09-18,INE754A01055,SUBEXLTD,EQ,20.09,20.68,19.68,20.11,20.14,19.9,8841874,178400068.19,18218
2026-09-18,INE287B01021,SUBROS,EQ,685.1,739.0,685.1,720.3,717.95,689.6,73793,52909000.45,4803
2026-09-18,INE659A01023,SUDARSCHEM,EQ,1203.8,1278.0,1199.4,1263.5,1277.1,1205.4,318843,401805918.6,19327
2026-09-18,INE492A01029,SUDARCOLOR,EQ,379.45,382.9,376.55,379.6,379.0,377.6,2802,1061840.0,114
2026-09-18,INE0QPI01025,SUDEEPPHRM,EQ,1107.2,1160.6,1107.2,1155.0,1150.0,1105.4,217226,249113954.4,15643
2026-09-18,INE450E01029,SUKHJITS,EQ,161.8,162.98,160.36,161.95,160.9,160.71,16431,2658439.53,405
2026-09-18,INE142Q01026,SULA,EQ,135.9,136.99,134.1,134.49,134.7,135.9,213274,28753249.19,4223
2026-09-18,INE11Z001019,SUMAX,SM,120.0,122.75,114.0,114.5,114.0,119.5,79200,9204300.0,65
2026-09-18,INE886B01012,SUMEDHA,EQ,44.16,46.39,42.52,44.4,44.4,44.61,1646,73094.76,20
2026-09-18,INE235C01036,SUMEETINDS,EQ,9.35,9.66,9.3,9.56,9.58,9.35,1016943,9639009.33,1382
2026-09-18,INE748Z01013,SUMIT,EQ,50.0,50.0,47.03,49.43,49.88,48.66,5452,271425.23,99
2026-09-18,INE258G01013,SUMICHEM,EQ,456.55,469.0,455.75,460.85,459.9,455.45,605290,280027911.95,42349
2026-09-18,INE519C01017,SUMMITSEC,EQ,1392.0,1419.9,1389.0,1412.0,1415.9,1384.8,1257,1763959.9,200
2026-09-18,INE232I01014,SPARC,EQ,193.16,198.6,192.39,193.92,194.5,193.16,682997,133068268.95,10489
2026-09-18,INE044A01036,SUNPHARMA,EQ,1866.1,1877.2,1837.3,1837.3,1837.3,1867.3,2896860,5358855632.9,99771
2026-09-18,INE424H01027,SUNTV,EQ,469.8,470.4,449.05,451.7,449.8,468.4,943160,428755598.95,32202
2026-09-18,INE0Q3R01026,SUNCLAY,EQ,1270.9,1279.2,1251.0,1254.6,1266.9,1252.8,2172,2732725.4,246
2026-09-18,INE660A01013,SUNDARMFIN,EQ,4634.5,4790.0,4630.0,4730.6,4749.0,4662.8,179114,844462741.9,29074
2026-09-18,INE108E01023,SUNDARAM,EQ,1.18,1.21,1.16,1.16,1.16,1.18,522850,615285.74,288
2026-09-18,INE073D01013,SUNDRMBRAK,BE,685.0,720.0,685.0,696.1,696.1,692.1,365,258324.45,15
2026-09-18,INE387A01021,SUNDRMFAST,EQ,1229.0,1240.6,1221.5,1228.2,1222.2,1226.7,237526,291811418.3,16550
2026-09-18,INE0CTB01014,SOCL,SM,28.5,28.5,28.5,28.5,28.5,28.5,1600,45600.0,1
2026-09-18,INE209A01019,SUNDROP,EQ,671.4,671.5,660.1,663.4,665.95,657.4,1428,948876.6,255
2026-09-18,INE947A01014,SUNFLAG,EQ,346.8,354.0,343.0,345.1,343.5,343.7,219245,76164970.45,5714
2026-09-18,INE0O3O01017,SEL,SM,350.0,360.0,332.5,354.3,360.0,350.0,3000,1029200.0,13
2026-09-18,INE671C01016,SUNLOC,EQ,73.49,73.49,73.49,73.49,73.49,73.49,1,73.49,1
2026-09-18,INE0U2N01013,SUNLITE,SM,645.0,665.0,642.05,644.9,645.0,629.65,12300,8034300.0,40
2026-09-18,INE671K01027,SUNRAKSHAK,EQ,369.65,369.95,363.5,368.5,366.0,362.1,3601,1317987.9,206
2026-09-18,INE0PLZ01012,SUNREST,SM,37.75,37.75,37.15,37.35,37.15,37.75,6400,239680.0,4
2026-09-18,INE199E01014,SUNSHIEL,EQ,1242.0,1242.0,1218.8,1233.3,1236.0,1215.7,2481,3052675.5,306
2026-09-18,INE1B3O01011,SUNSHINE,EQ,399.0,413.5,390.65,398.3,396.5,394.0,1408607,564432596.25,24977
2026-09-18,INE0SGZ01016,SUNTECH,SM,35.2,36.8,35.2,36.8,36.8,36.8,8000,290080.0,5
2026-09-18,INE805D01034,SUNTECK,EQ,281.2,298.0,280.8,294.05,296.0,281.25,126393,36676294.3,3491
2026-09-18,INE662A01027,SUPERSPIN,BE,7.19,7.52,7.12,7.26,7.26,7.19,17270,127306.62,53
2026-09-18,INE460D01038,SUPTANERY,BE,8.5,9.21,8.35,9.21,9.21,8.78,157913,1378872.11,332
2026-09-18,INE712B01010,SUPERHOUSE,EQ,171.95,171.95,160.1,165.1,165.01,167.58,7472,1238770.56,242
2026-09-18,INE843L01012,SIEL,EQ,30.08,33.07,30.0,30.0,30.0,31.5,233,7044.05,10
2026-09-18,INE399C01030,SUPRAJIT,EQ,484.75,502.7,482.25,499.05,501.5,484.75,184177,91481631.4,8872
2026-09-18,INE319Z01021,SUPREMEENG,BZ,3.58,3.58,3.58,3.58,3.58,3.51,420602,1505755.16,113
2026-09-18,INE822E01011,SUPREME,EQ,32.22,33.3,31.68,32.0,31.99,32.21,10410,339360.35,184
2026-09-18,INE195A01028,SUPREMEIND,EQ,3347.4,3580.3,3347.4,3580.3,3580.3,3344.4,469754,1630593677.5,32586
2026-09-18,INE550H01011,SUPREMEINF,EQ,84.49,84.49,79.35,79.88,80.89,82.65,32459,2600690.61,285
2026-09-18,INE663A01033,SPLPETRO,EQ,811.4,872.0,804.9,865.7,864.0,807.0,1234723,1054367602.35,52549
2026-09-18,INE0QHG01026,SUPREMEPWR,SM,212.95,215.9,205.15,207.35,207.6,210.85,37500,7930400.0,59
2026-09-18,INE07RO01027,SUPRIYA,EQ,900.65,920.0,895.75,906.3,910.0,900.65,130367,118330048.35,8911
2026-09-18,INE843S01025,SURAJEST,EQ,178.25,195.62,176.7,192.25,192.79,177.39,641088,121900997.59,10893
2026-09-18,INE713C01016,SURAJLTD,EQ,201.89,201.89,197.03,200.79,200.79,201.9,436,87239.65,17
2026-09-18,INE877V01027,SURAKSHA,EQ,328.95,338.0,327.55,335.1,335.15,328.95,117799,39443881.85,3463
2026-09-18,INE272L01022,SURANASOL,EQ,24.9,25.95,24.86,25.5,25.7,25.03,59455,1515054.68,609
2026-09-18,INE130B01031,SURANAT&P,EQ,15.75,17.2,15.75,16.39,16.4,15.85,133228,2212993.31,683
2026-09-18,INE05ST01028,SBGLP,EQ,26.52,26.59,21.33,22.23,22.0,25.78,587657,13979933.18,3377
2026-09-18,INE335A01020,SURYAROSNI,EQ,210.95,212.84,209.05,210.62,210.01,209.97,604194,127289362.35,8444
2026-09-18,INE713B01026,SURYALAXMI,EQ,58.07,58.87,57.0,57.76,57.2,57.79,2230,128716.62,25
2026-09-18,INE132C01027,SURYALA,EQ,405.0,405.0,395.0,395.0,395.0,400.25,39,15415.0,4
2026-09-18,INE428Q01011,SURYODAY,EQ,146.95,147.31,145.3,146.63,145.5,146.51,147616,21609747.35,2798
2026-09-18,INE645H01027,SUTLEJTEX,BE,38.5,39.0,37.5,38.12,38.8,38.61,39942,1528153.39,146
2026-09-18,INE495B01038,SUVEN,EQ,353.8,353.8,338.0,341.55,344.5,349.85,261686,90060301.4,9848
2026-09-18,INE018401013,SUVIDHAA,EQ,2.2,2.3,2.2,2.22,2.22,2.2,49615,110233.22,143
2026-09-18,INE442P01014,SUYOG,EQ,671.5,671.5,645.2,649.4,650.0,664.25,25191,16465200.35,1758
2026-09-18,INE040H01021,SUZLON,EQ,42.9,43.75,42.67,43.14,43.14,42.54,63471191,2748999979.84,68918
2026-09-18,INE308E01029,SVPGLOB,EQ,3.47,3.51,3.27,3.49,3.5,3.35,18472,63498.62,98
2026-09-18,INE665A01038,SWANCORP,EQ,287.8,297.0,287.3,294.95,294.5,289.8,1412160,413142189.6,17943
2026-09-18,INE542F01020,SWANDEF,BE,2720.8,2764.0,2660.0,2746.4,2754.0,2720.8,30702,83983512.5,1120
2026-09-18,INE277A01016,SWARAJENG,EQ,3552.4,3635.0,3542.1,3625.1,3629.0,3552.9,6970,24995781.8,1420
2026-09-18,INE0GMR01016,SWARAJ,BE,273.05,287.0,273.05,273.05,273.05,287.4,404231,110548702.1,602
2026-09-18,INE967A01012,SWARNSAR,EQ,38.72,38.98,37.66,38.96,38.97,38.72,862,32698.73,14
2026-09-18,INE0DGC01025,SWASTIK,ST,16.9,16.9,16.55,16.6,16.6,16.4,6000,99780.0,5
2026-09-18,INE409B01013,SWELECTES,EQ,560.0,560.0,550.0,556.8,554.0,552.75,8473,4711801.05,716
2026-09-18,INE00H001014,SWIGGY,EQ,277.0,280.0,273.05,273.05,273.05,276.5,20140282,5554789892.3,54307
2026-09-18,INE010C01025,SWISSMLTRY,BE,14.95,15.39,14.51,14.78,14.79,14.76,58881,878283.31,268
2026-09-18,INE899I01028,SYMBIOTEC,EQ,1050.0,1106.9,1048.0,1095.1,1097.7,1045.6,1099366,1187730126.05,59275
2026-09-18,INE225D01027,SYMPHONY,EQ,581.8,604.8,580.1,598.65,593.0,584.9,71400,42332914.2,3258
2026-09-18,INE312C01025,SYNCOMF,EQ,18.8,20.25,18.8,20.04,20.09,18.78,10260532,203644881.8,18764
2026-09-18,INE00QT01015,SGIL,EQ,582.45,606.35,582.45,589.3,586.0,592.35,2487,1481510.6,206
2026-09-18,INE398R01022,SYNGENE,EQ,379.1,384.0,366.65,369.05,368.05,380.2,2498133,929435361.8,61803
2026-09-18,INE0BTR01012,SYNOPTICS,ST,46.4,46.4,46.4,46.4,46.4,44.6,600,27840.0,1
2026-09-18,INE0DYJ01015,SYRMA,EQ,1614.1,1764.0,1612.0,1728.9,1720.0,1617.7,10474149,18063071612.4,322333
2026-09-18,INE0O7R01011,SYSTANGO,SM,221.0,222.65,216.2,222.65,222.65,220.0,12800,2800900.0,30
2026-09-18,INE356B01024,SYSTMTXC,BE,74.12,74.12,74.12,74.12,74.12,72.67,3449,255639.88,31
2026-09-18,INE284B01028,TGVSL,EQ,103.0,103.5,102.1,102.59,102.9,102.58,44012,4523198.8,547
2026-09-18,INE592B01024,TTL,EQ,7.25,7.5,7.1,7.24,7.25,7.07,235464,1736840.46,500
2026-09-18,INE524T01011,TAALTECH,EQ,5359.9,5483.8,5250.1,5416.3,5409.0,5349.2,11685,63159075.7,2775
2026-09-18,INE0SOY01013,TAC,ST,494.0,508.4,482.05,490.9,493.7,493.95,21600,10538300.0,85
2026-09-18,INE123C01018,TAINWALCHM,EQ,208.0,215.0,208.0,213.11,211.5,210.04,2239,477741.39,47
2026-09-18,INE586B01026,TAJGVK,EQ,335.0,336.05,331.0,334.7,333.8,333.4,51856,17298306.05,2150
2026-09-18,INE142I01023,TAKE,EQ,16.16,16.5,15.96,15.96,15.96,16.79,236867,3800336.53,563
2026-09-18,INE187D01029,TALBROAUTO,EQ,442.0,480.8,437.5,476.7,478.0,435.2,1960823,919000081.45,46426
2026-09-18,INE864J01012,TAMBOLIIN,BE,306.75,306.75,290.0,301.45,302.0,292.45,5703,1712186.15,54
2026-09-18,INE668A01016,TMB,EQ,894.5,905.45,889.05,895.75,889.1,891.45,242023,217141137.45,15832
2026-09-18,INE107A01015,TNPL,EQ,144.64,149.45,144.1,148.34,149.0,144.64,256191,37747255.06,5079
2026-09-18,INE148A01019,TNPETRO,EQ,128.85,129.96,122.84,125.73,125.35,127.34,848214,106122213.26,12015
2026-09-18,INE141D01018,TNTELE,EQ,8.72,9.1,8.71,8.86,8.76,8.84,7387,65108.71,67
2026-09-18,INE692C01020,TANAA,EQ,266.05,274.0,263.25,266.35,267.0,266.05,9722,2589184.3,550
2026-09-18,INE0Z7N01017,TANKUP,ST,1647.2,1647.2,1645.0,1645.95,1645.95,1614.95,1250,2057825.0,5
2026-09-18,INE483C01032,TANLA,EQ,498.5,499.05,486.8,489.25,488.95,495.15,400725,196833352.55,11880
2026-09-18,INE0M7001010,TAPIFRUIT,SM,44.25,44.25,44.25,44.25,44.25,46.55,750,33187.5,1
2026-09-18,INE555Z01020,TARACHAND,EQ,47.8,48.5,46.51,47.69,48.0,46.8,34465,1627586.63,330
2026-09-18,INE747K01017,TARAPUR,EQ,12.46,12.87,12.1,12.55,12.63,12.46,25602,318461.05,246
2026-09-18,INE0EK901012,TARC,EQ,131.18,134.99,129.01,133.09,132.75,130.69,537993,71290949.09,5215
2026-09-18,INE924H01018,TARMAT,EQ,59.6,59.6,57.24,57.76,57.6,56.56,3487,201860.02,129
2026-09-18,INE144Z01023,TARSONS,EQ,311.25,317.8,303.55,306.1,304.15,307.8,133321,41511041.9,4251
2026-09-18,INE488B01017,TASTYBITE,EQ,10049.0,10095.0,9816.0,9901.0,9950.0,9944.0,1518,15103614.0,601
2026-09-18,INE976I01016,TATACAP,EQ,345.0,355.0,344.3,351.35,351.95,343.65,2404143,840990567.4,89652
2026-09-18,INE092A01019,TATACHEM,EQ,729.0,741.35,687.1,693.25,689.4,779.3,14086032,9998846605.5,241197
2026-09-18,INE151A01013,TATACOMM,EQ,1794.8,1805.0,1743.3,1780.1,1770.0,1791.6,713124,1265730574.1,59784
2026-09-18,INE467B01029,TCS,EQ,2177.2,2177.3,2101.2,2105.0,2105.0,2190.0,6875428,14561828863.3,188367
2026-09-18,INE192A01025,TATACONSUM,EQ,1016.2,1018.7,996.0,996.0,996.0,1013.7,2076522,2083107651.9,41806
2026-09-18,INE670A01012,TATAELXSI,EQ,3399.0,3399.0,3266.7,3266.7,3266.7,3381.8,297430,989443697.6,25429
2026-09-18,INE672A01026,TATAINVEST,EQ,688.0,707.85,682.55,702.35,700.95,719.3,2361598,1644782667.9,72355
2026-09-18,INE1TAE01010,TMCV,BL,438.0,438.0,438.0,438.0,438.0,450.0,706512,309452256.0,1
2026-09-18,INE1TAE01010,TMCV,EQ,436.0,445.0,430.2,442.9,440.35,436.1,13129939,5764126296.65,116435
2026-09-18,INE155A01022,TMPV,EQ,309.6,310.0,301.5,303.8,303.8,314.5,18037112,5495202206.5,104010
2026-09-18,INE245A01021,TATAPOWER,EQ,364.8,374.8,360.9,374.8,374.8,369.0,5102671,1883191056.95,39748
2026-09-18,INE081A01020,TATASTEEL,EQ,186.4,187.96,185.54,185.54,185.54,187.29,29014128,5406705963.82,107372
2026-09-18,INE142M01025,TATATECH,EQ,761.4,761.4,716.1,722.45,719.0,758.75,2215517,1615119697.5,72102
2026-09-18,INE517B01013,TTML,EQ,36.2,36.33,35.56,35.73,35.8,36.64,1516686,54421971.47,7338
2026-09-18,INF277K015R5,NETF,EQ,251.55,255.25,251.55,254.15,254.0,254.1,868,220964.52,109
2026-09-18,INF277K010X4,NPBET,EQ,283.11,283.45,283.0,283.0,283.0,282.79,8,2266.47,4
2026-09-18,INF277KA1364,TNIDETF,EQ,88.38,89.33,87.48,88.34,88.0,88.37,57856,5095997.42,450
2026-09-18,INF277KA1976,TATAGOLD,EQ,14.73,14.91,14.73,14.85,14.84,14.62,55967837,829557743.91,59085
2026-09-18,INF277KA1984,TATSILV,EQ,22.48,22.87,22.47,22.74,22.76,21.99,58813645,1332447291.75,46662
2026-09-18,INE0GK401011,TATVA,EQ,1712.0,1787.8,1702.5,1770.2,1761.0,1709.6,91966,161004196.0,8619
2026-09-18,INE0XWS01018,TAURIAN,ST,508.0,517.25,503.0,517.25,517.25,492.65,28800,14760520.0,35
2026-09-18,INE053F07835,753IRFC30,NJ,1139.74,1139.74,1137.21,1137.57,1137.21,1139.79,7,7963.0,2
2026-09-18,INE053F07900,764IRFC31,NO,1149.0,1150.95,1149.0,1150.95,1150.95,1146.01,235,270161.25,4
2026-09-18,INE906B07EP5,769NHAI31,NE,1080.02,1080.02,1077.3,1079.42,1079.6,1076.69,739,797502.96,16
2026-09-18,INE906B07EJ8,76NHAI31,,1112.0,1114.0,1109.15,1110.72,1110.0,1109.08,804,892282.43,16
2026-09-18,INE0N2D01013,TBI,SM,78.0,83.2,78.0,82.45,83.2,77.15,28800,2359530.0,41
2026-09-18,INE673O01025,TBOTEK,EQ,1650.0,1728.7,1643.7,1710.6,1715.0,1647.7,212106,362346936.6,23751
2026-09-18,INE887D01024,TCC,EQ,51.36,51.86,49.3,49.85,50.0,51.25,705212,35282191.59,3718
2026-09-18,INE586V01016,TCIEXP,EQ,494.9,497.35,481.05,485.35,481.25,490.75,20352,9939713.05,1200
2026-09-18,INE911B01018,TCIFINANCE,EQ,15.24,15.8,14.56,15.58,15.73,14.62,64732,980725.92,276
2026-09-18,INE822C01015,TCPLPACK,EQ,3860.6,3901.7,3826.0,3844.2,3832.0,3863.4,1645,6346602.5,574
2026-09-18,INE419M01035,TDPOWERSYS,EQ,726.0,770.0,725.15,763.75,768.0,722.1,3139171,2365331800.0,100287
2026-09-18,INE289C01025,TEAMGTY,EQ,235.0,242.9,235.0,238.5,238.5,235.0,2034,478188.62,12
2026-09-18,INE985S01024,TEAMLEASE,EQ,1226.7,1238.5,1200.6,1219.0,1202.4,1226.7,21622,26396136.0,2460
2026-09-18,INE065J01024,TPHQ,BE,0.55,0.55,0.53,0.55,0.55,0.53,926974,505395.07,258
2026-09-18,INE2OL601013,TEAMTECH,ST,125.65,131.9,125.65,131.9,131.9,125.65,26000,3399000.0,13
2026-09-18,INE669C01036,TECHM,EQ,1558.3,1561.2,1523.1,1537.1,1537.1,1561.0,3113722,4784198014.3,53691
2026-09-18,INE0Y5H01014,TECHD,SM,580.0,590.05,564.5,582.85,580.05,580.65,13200,7617120.0,43
2026-09-18,INE0JQS01019,TECHERA,SM,160.5,160.5,155.35,159.1,159.1,160.5,33600,5286040.0,37
2026-09-18,INE285K01026,TECHNOE,EQ,990.3,1039.0,989.6,1030.45,1035.75,984.7,286285,291071110.45,20071
2026-09-18,INE545H01011,TIIL,EQ,3059.9,3118.0,3025.5,3054.1,3054.1,3049.7,34329,105191528.6,7180
2026-09-18,INE1D0W01018,TECHNOCRAF,EQ,441.05,459.2,436.0,440.8,439.0,439.15,859607,380731413.15,13289
2026-09-18,INE314H01012,TECHNVISN,EQ,3941.5,4351.0,3941.0,4349.0,4350.0,4144.0,752,3139284.0,133
2026-09-18,INE014B01011,TECILCHEM,EQ,9.76,10.0,9.23,9.77,9.6,9.76,3009,29376.5,45
2026-09-18,INE0K6601012,TGL,ST,15.25,15.25,15.25,15.25,15.25,15.55,8200,125050.0,21
2026-09-18,INE011K01018,TEGA,EQ,1888.2,1970.0,1887.3,1943.0,1948.0,1920.0,1144337,2224367341.1,60109
2026-09-18,INE0R1301019,TEJA,SM,228.0,235.5,228.0,235.0,228.0,224.4,101400,23728890.0,60
2026-09-18,INE17WC01013,TEJASCARGO,SM,406.0,406.0,406.0,406.0,406.0,420.0,400,162400.0,1
2026-09-18,INE010J01012,TEJASNET,EQ,525.8,527.7,514.8,518.3,520.0,524.25,1522105,790921239.4,32899
2026-09-18,INE869Y01028,TEMBO,EQ,57.0,57.0,55.9,56.19,56.6,56.57,302439,17007465.99,1830
2026-09-18,INE1KZI01025,TEMPSENS,EQ,542.8,552.4,524.5,531.6,529.8,541.55,1265503,678901581.35,30384
2026-09-18,INE19RI01016,TENNIND,EQ,515.5,524.9,511.95,517.9,518.0,514.05,1072952,557183281.0,28501
2026-09-18,INE482B01010,TERASOFT,EQ,231.95,243.35,226.05,236.6,238.0,225.45,26937,6332297.0,1829
2026-09-18,INE435C01024,TEXINFRA,EQ,114.88,115.89,112.67,113.54,113.58,115.13,245506,27844648.07,1625
2026-09-18,INE621L01012,TEXRAIL,EQ,112.0,116.0,111.76,114.66,115.19,111.69,2196519,251208010.3,14672
2026-09-18,INE141K01013,TEXMOPIPES,EQ,62.7,64.4,60.82,61.49,61.5,62.24,315163,19823303.32,2623
2026-09-18,INE733E07JV4,753NTPC30E,NC,1111.0,1111.0,1105.0,1106.0,1106.0,1102.13,163,180570.0,4
2026-09-18,INE797H01018,TGBHOTELS,EQ,9.37,9.89,9.37,9.41,9.41,9.37,5102,48400.46,67
2026-09-18,INE0QJL01014,TCL,SM,123.8,138.55,122.0,132.3,131.55,125.05,79200,10596920.0,89
2026-09-18,INE077P01034,THACKER,EQ,1030.0,1030.0,1000.0,1030.0,1030.0,949.0,21,21180.0,7
2026-09-18,INE403F01017,THAKDEV,EQ,127.51,127.51,127.51,127.51,127.51,128.15,6,765.06,1
2026-09-18,INE085J01014,THANGAMAYL,EQ,4844.0,5051.5,4794.5,5044.5,5051.5,4811.0,386791,1945766039.5,19522
2026-09-18,INE294Z01018,ANUP,EQ,1646.6,1683.0,1613.7,1638.3,1637.5,1646.6,35387,58391748.8,3993
2026-09-18,INE319B01014,BYKE,BE,30.99,30.99,29.56,30.25,30.28,29.99,11206,336554.87,65
2026-09-18,INE017A01032,GESHIP,EQ,1425.0,1439.7,1413.7,1432.1,1427.0,1425.1,465939,664650580.9,24960
2026-09-18,INE646C01018,GROBTEA,EQ,925.0,925.0,921.0,921.9,921.0,930.0,139,128224.0,16
2026-09-18,INE127B01011,HITECHGEAR,BE,540.0,541.0,530.0,540.0,540.0,540.7,1332,714023.45,54
2026-09-18,INE383A01012,INDIACEM,EQ,349.45,356.15,342.6,344.8,343.1,351.7,229613,80097449.7,11125
2026-09-18,INE053A01029,INDHOTEL,EQ,725.85,743.0,722.6,732.75,732.75,726.65,3256156,2396789604.25,51152
2026-09-18,INE924D01017,THEINVEST,EQ,95.99,96.0,91.85,94.27,94.05,95.52,2967,278325.99,93
2026-09-18,INE470Y01017,NIACL,EQ,196.76,196.76,186.0,187.66,186.99,197.05,9375719,1770179364.52,72532
2026-09-18,INE431F01018,PKTEA,BE,921.25,966.5,904.0,910.0,910.0,921.25,10797,10028194.6,352
2026-09-18,INE211B01039,PHOENIXLTD,EQ,1880.0,1923.2,1877.9,1877.9,1877.9,1872.2,421506,800180215.3,15702
2026-09-18,INE331A01037,RAMCOCEM,EQ,857.5,881.95,857.5,869.75,868.0,858.95,212951,185648243.1,15167
2026-09-18,INE301D01026,RUBYMILLS,EQ,458.1,479.0,438.1,467.1,477.0,457.6,40821,18408060.15,1363
2026-09-18,INE683A01023,SOUTHBANK,EQ,46.0,46.54,45.78,46.07,46.09,45.88,8637328,398938507.54,32025
2026-09-18,INE655A01013,STCINDIA,EQ,112.3,113.15,111.1,111.54,111.4,111.4,9715,1085345.24,182
2026-09-18,INE071E01023,UGARSUGAR,EQ,53.72,58.39,52.85,56.79,56.6,53.41,1345153,74983351.09,9171
2026-09-18,INE215F01023,WIPL,EQ,171.39,171.39,164.7,165.21,166.8,167.18,1593,263288.94,27
2026-09-18,INE121N01019,THEJO,EQ,2183.4,2223.6,2157.1,2199.7,2208.0,2183.4,6505,14322075.1,863
2026-09-18,INE083B01024,THEMISMED,EQ,118.82,126.58,118.82,123.97,125.99,119.85,78797,9646725.67,2183
2026-09-18,INE152A01029,THERMAX,EQ,3569.5,3599.0,3522.4,3551.9,3540.0,3569.5,238396,847168325.9,41974
2026-09-18,INE338A01024,TIRUMALCHM,EQ,155.56,163.49,155.51,158.54,158.6,155.56,657447,105151703.93,7745
2026-09-18,INE332A01027,THOMASCOOK,EQ,103.42,107.38,103.2,106.04,107.2,103.42,997099,105153135.71,5706
2026-09-18,INE480M01011,THOMASCOTT,EQ,239.0,239.0,230.0,236.55,238.0,234.9,23906,5581295.15,929
2026-09-18,INE594H01019,THYROCARE,EQ,561.0,568.0,553.85,555.8,555.3,559.25,244576,136965897.3,14018
2026-09-18,INE906O01029,TIGERLOGS,EQ,27.19,27.4,25.95,26.13,26.25,26.66,77418,2047876.5,992
2026-09-18,INE440L01017,TIJARIA,BE,7.74,8.1,7.34,7.4,7.72,7.72,80102,608655.89,145
2026-09-18,INE806C01018,TIL,BE,252.0,261.94,250.0,257.51,257.5,249.94,145867,37535898.77,699
2026-09-18,INE133E01013,TI,EQ,551.0,575.6,550.55,568.7,565.0,543.85,1687493,956355938.45,58572
2026-09-18,INE508G01029,TIMETECHNO,EQ,176.25,180.67,176.05,179.24,179.99,174.54,3604165,643009464.88,33662
2026-09-18,INE0IJY01014,TIMESCAN,SM,39.45,39.45,39.45,39.45,39.45,37.6,2000,78900.0,1
2026-09-18,INE064A01026,TIMEX,EQ,613.05,729.0,613.05,714.2,720.0,611.1,6651306,4639459095.7,169625
2026-09-18,INE325A01013,TIMKEN,EQ,3172.6,3269.0,3091.0,3124.2,3135.0,3185.1,132715,416974105.8,25475
2026-09-18,INE015C01016,TINNARUBR,EQ,1000.0,1030.0,1000.0,1018.75,1021.8,1000.75,22220,22617687.75,2580
2026-09-18,INE0LQS01015,TIPSFILMS,EQ,333.95,334.0,318.1,320.35,319.0,318.5,1585,508962.4,133
2026-09-18,INE716B01029,TIPSMUSIC,EQ,656.5,667.0,644.15,657.7,654.15,656.6,502106,330252462.15,21538
2026-09-18,INE319Y01024,TIRUPATIFL,BE,64.1,67.7,63.8,67.68,67.7,64.48,328776,22004047.08,938
2026-09-18,INE615H01020,TITAGARH,EQ,827.15,849.9,827.15,837.65,840.0,827.15,475698,399124969.0,21220
2026-09-18,INE280A01028,TITAN,EQ,4851.0,4864.5,4772.0,4798.5,4798.5,4841.0,1066023,5126009308.5,53201
2026-09-18,INE932C01012,TOKYOPLAST,EQ,77.79,77.79,74.11,75.67,75.83,75.6,400,29976.42,18
2026-09-18,INE0RWQ01014,TOLINS,EQ,88.5,88.75,87.52,88.02,88.69,88.22,21237,1869516.02,905
2026-09-18,INE685A01028,TORNTPHARM,EQ,4874.5,4928.0,4827.0,4840.0,4840.0,4875.0,486733,2363738924.0,32946
2026-09-18,INE813H01021,TORNTPOWER,EQ,1277.0,1285.7,1232.0,1258.8,1245.2,1276.4,462594,583832536.5,27556
2026-09-18,INE336X01012,TOTAL,BE,69.57,69.57,69.0,69.33,69.25,71.0,36948,2567024.15,66
2026-09-18,INE486Y01013,TOUCHWOOD,EQ,62.44,63.78,59.6,60.93,61.0,61.52,403,24737.68,44
2026-09-18,INE305A01023,TFCILTD,EQ,139.7,141.02,139.0,139.62,140.04,139.06,12165117,1697255043.83,22033
2026-09-18,INE457P01020,TOYAMSL,EQ,0.77,0.77,0.77,0.77,0.77,0.74,458115,352748.55,128
2026-09-18,INE413G01022,TPLPLASTEH,EQ,65.09,65.9,64.14,65.34,65.05,64.49,111552,7254359.42,953
2026-09-18,INE0HMF01019,TRACXN,EQ,30.65,31.49,30.51,31.0,30.85,30.84,73768,2277172.94,714
2026-09-18,INE763I01026,TARIL,EQ,278.1,285.25,278.1,279.85,280.5,276.0,1238672,348481893.45,23363
2026-09-18,INE330E01023,TRANSCOR,EQ,25.04,25.49,23.0,23.79,23.0,25.04,3513,83854.96,63
2026-09-18,INE0O3901029,TREL,EQ,30.06,31.51,29.01,29.66,29.5,29.77,611021,18580429.37,6840
2026-09-18,INE687A01016,TRANSPEK,BE,1350.2,1370.0,1325.1,1359.4,1369.9,1350.1,864,1172296.8,35
2026-09-18,INE688A01022,TCI,EQ,826.55,838.8,821.55,829.8,829.5,826.55,20300,16818001.05,4256
2026-09-18,INE454P01035,TRANSRAILL,EQ,411.9,413.5,407.45,408.75,409.45,410.2,228722,93740174.65,8358
2026-09-18,INE0NVI01020,TRANSTEEL,SM,84.0,85.0,79.95,80.2,80.0,85.0,72000,5889750.0,56
2026-09-18,INE804H01012,TFL,EQ,11.83,12.09,11.83,11.99,12.0,11.81,56,671.69,6
2026-09-18,INE757B01015,TRANSWORLD,BE,166.0,166.99,165.99,166.39,166.39,164.2,3282,545448.97,21
2026-09-18,INE103V01028,TRAVELFOOD,EQ,1232.0,1276.8,1217.4,1256.1,1247.0,1232.0,42342,52616278.6,4972
2026-09-18,INE040M01013,TREEHOUSE,EQ,5.99,6.17,5.87,5.87,5.87,5.87,37165,219750.75,107
2026-09-18,INE00CA01015,TREJHARA,EQ,136.9,136.9,131.0,132.37,133.0,135.75,19780,2650764.28,434
2026-09-18,INE849A01020,TRENT,EQ,2789.3,2824.0,2776.1,2824.0,2824.0,2789.0,925467,2595173060.0,34022
2026-09-18,INE391D01019,TRF,EQ,221.7,223.7,214.0,215.25,214.0,219.49,8388,1815693.36,403
2026-09-18,INE760L01018,TBZ,EQ,603.55,603.55,585.1,603.55,603.55,574.85,1436925,864170239.35,7378
2026-09-18,INE064C01022,TRIDENT,EQ,23.08,24.01,23.03,23.22,23.15,23.08,5955453,139001106.29,15401
2026-09-18,INE0QD201012,TECHLABS,SM,122.15,126.1,121.15,122.65,123.0,127.45,19375,2394156.25,104
2026-09-18,INE0LWY01029,TRIDHYA,ST,7.0,7.0,7.0,7.0,7.0,7.15,6000,42000.0,2
2026-09-18,INE948A01012,TRIGYN,EQ,54.6,55.78,52.94,53.56,55.01,55.18,19459,1049789.11,510
2026-09-18,INE440G01017,TRITONV,EQ,1076.0,1114.9,1070.0,1084.3,1070.0,1076.0,1647,1797700.1,278
2026-09-18,INE256C01024,TRIVENI,EQ,234.9,241.0,234.9,238.8,241.0,232.45,661400,157249423.85,12567
2026-09-18,INE152M01016,TRITURBINE,EQ,554.4,572.0,550.35,567.8,570.25,556.8,501922,282804461.95,51193
2026-09-18,INE0SYV01018,TROM,SM,54.1,54.1,53.5,53.5,53.5,53.5,1800,96690.0,3
2026-09-18,INE0MWH01014,TRUALT,EQ,425.0,437.65,420.5,421.7,420.55,423.95,220451,94510600.45,5360
2026-09-18,INE615R01029,TRU,EQ,4.0,4.3,4.0,4.21,4.29,4.09,85524,357889.35,157
2026-09-18,INE0SWN01019,TRUST,SM,27.5,27.5,25.7,26.05,26.05,26.7,58800,1567560.0,40
2026-09-18,INE16VK01010,TSC,ST,48.05,49.0,48.0,49.0,49.0,50.5,12000,582100.0,5
2026-09-18,INE202Z01029,TSFINV,EQ,446.8,459.9,445.5,455.65,458.75,445.95,153537,69793335.5,5990
2026-09-18,INE1C3207065,935TSI30,N0,103690.0,103690.0,103690.0,103690.0,103690.0,103690.0,1,103690.0,1
2026-09-18,INE1C3207081,935TSIIC28,N0,102000.0,102000.0,102000.0,102000.0,102000.0,102000.0,2,204000.0,2
2026-09-18,INE910C01018,TTKHLTCARE,EQ,1053.0,1089.8,1041.6,1050.0,1063.9,1049.0,41244,43512318.4,7876
2026-09-18,INE690A01028,TTKPRESTIG,EQ,545.0,546.5,525.0,530.85,529.0,543.6,114198,60771990.05,7901
2026-09-18,INE974X01010,TIINDIA,EQ,2598.9,2637.8,2571.5,2600.0,2600.0,2598.8,293372,762289011.4,27173
2026-09-18,INE0OXV01027,TUNWAL,SM,25.3,25.65,25.3,25.65,25.65,25.45,18000,457900.0,9
2026-09-18,INE0OC301013,TURTLEMINT,EQ,133.65,137.0,131.15,134.12,133.61,131.67,832911,111577562.71,14184
2026-09-18,INE400A01014,TUTIALKA,EQ,55.68,57.0,55.67,56.56,56.95,56.57,3984,225997.38,56
2026-09-18,INE038F01029,TVTODAY,EQ,107.5,110.0,106.68,109.29,109.3,107.72,47797,5166055.71,890
2026-09-18,INE871L01013,TVVISION,BE,2.59,2.67,2.47,2.53,2.63,2.59,59660,151409.35,100
2026-09-18,INE236G01019,TVSELECT,EQ,403.75,408.9,398.5,403.15,405.0,403.75,26441,10643361.7,1149
2026-09-18,INE105A01035,TVSHLTD,EQ,12911.0,13079.0,12540.0,12812.0,12875.0,12884.0,45028,575964794.0,11299
2026-09-18,INE494B01023,TVSMOTOR,EQ,4125.0,4195.0,4122.1,4171.3,4171.3,4101.7,1304681,5445299202.3,56060
2026-09-18,INE421C01016,TVSSRICHAK,EQ,4867.0,4959.5,4796.0,4844.5,4850.0,4886.0,4438,21616058.5,1323
2026-09-18,INE395N01027,TVSSCS,EQ,130.1,138.15,130.1,133.85,134.05,130.09,2452803,331209182.91,27410
2026-09-18,INE388G01026,TICL,BE,6.09,6.1,5.81,5.85,5.87,6.11,292004,1702813.79,381
2026-09-18,INE726E01014,UPHOT,EQ,1478.5,1500.0,1478.5,1500.0,1500.0,1480.0,121,179049.3,13
2026-09-18,INE152C01025,UYFINCORP,BE,19.95,19.95,19.2,19.29,19.22,19.28,31026,601694.68,133
2026-09-18,INE139B01016,UCAL,BE,136.0,142.0,136.0,138.15,139.9,140.06,3186,440946.36,61
2026-09-18,INE583D07588,1025UCL27A,NG,1000.0,1000.0,1000.0,1000.0,1000.0,1002.0,48,48000.0,1
2026-09-18,INE583D07570,1039UCL26,NE,1047.8,1047.8,1047.8,1047.8,1047.8,1049.0,46,48198.8,1
2026-09-18,INE691A01018,UCOBANK,EQ,23.59,23.94,23.53,23.75,23.85,23.59,3517779,83189161.22,15953
2026-09-18,INE551B01012,UDAYJEW,EQ,158.7,161.95,151.99,152.2,151.99,158.62,58089,8953463.44,714
2026-09-18,INE0N0Y01013,USK,EQ,19.81,20.87,19.81,20.07,20.24,20.32,20541,413427.97,178
2026-09-18,INE516A01017,UFLEX,EQ,652.95,669.9,652.0,659.45,657.0,652.95,69585,45787030.15,2228
2026-09-18,INE527H01019,UFO,EQ,62.0,62.0,60.3,60.95,61.25,61.29,14004,855663.65,286
2026-09-18,INE583D01011,UGROCAP,EQ,83.74,84.47,82.96,83.74,83.05,83.49,98903,8257602.01,1086
2026-09-18,INE899L01030,UEL,EQ,199.98,205.0,190.27,203.73,202.9,196.19,52048,10457976.76,1531
2026-09-18,INE551W01018,UJJIVANSFB,EQ,64.05,65.3,63.88,65.02,64.95,63.97,4749884,307758306.63,23120
2026-09-18,INE405A01021,ULTRAMAR,EQ,412.1,430.0,412.1,424.4,425.2,412.5,78947,33240290.85,2506
2026-09-18,INE481G01011,ULTRACEMCO,EQ,10890.0,11060.0,10819.0,11014.0,11014.0,10764.0,458848,5043799996.0,47737
2026-09-18,INE0GIU01018,UMAEXPORTS,BE,20.25,20.82,20.02,20.02,20.02,20.42,25019,504500.35,66
2026-09-18,INE398B01018,UMIYA-MRO,EQ,99.0,99.0,96.15,98.01,97.24,97.95,4684,456990.62,154
2026-09-18,INE033L08270,TCHF30,NB,1092.0,1092.0,1092.0,1092.0,1092.0,1050.0,2,2184.0,2
2026-09-18,INE351A01035,UNICHEMLAB,EQ,536.85,547.0,536.85,545.7,545.05,538.45,26772,14564105.9,2010
2026-09-18,INE00U401027,UNIECOM,EQ,85.0,85.0,82.5,83.21,83.25,84.45,166409,13912259.58,2694
2026-09-18,INE0PRF01011,UNIHEALTH,SM,675.2,695.0,675.2,680.0,680.0,667.55,10500,7178300.0,19
2026-09-18,INE481Z01011,UNIINFO,EQ,11.52,11.52,10.83,11.23,11.23,11.38,2207,24229.42,24
2026-09-18,INE0B2801011,UNILEX,SM,27.0,27.0,26.5,27.0,27.0,27.0,4800,128800.0,3
2026-09-18,INE0U3I01011,UNIMECH,EQ,1578.5,1612.0,1568.4,1591.3,1600.0,1570.6,189186,302058342.5,15880
2026-09-18,INE692A01016,UNIONBANK,EQ,178.5,178.92,176.56,176.56,176.56,178.09,6401370,1137867319.01,37548
2026-09-18,INF582M01KS4,UNIONGOLD,EQ,147.0,150.4,146.95,149.65,149.55,146.95,5577,831854.05,297
2026-09-18,INE244O01017,UNIPARTS,EQ,878.0,885.4,824.95,831.5,831.1,878.05,220753,187674544.45,18351
2026-09-18,INE037A01022,UNIENTER,EQ,91.9,92.48,89.9,90.71,90.02,91.9,4951,450443.8,78
2026-09-18,INE694A01020,UNITECH,EQ,4.27,4.36,4.19,4.31,4.31,4.27,4618701,19735746.9,2858
2026-09-18,INE686F01025,UBL,EQ,1219.9,1258.0,1219.9,1251.5,1251.6,1216.8,276273,343339145.7,28351
2026-09-18,INE961D01019,UNIDT,EQ,232.0,232.0,222.98,224.01,224.0,228.07,13543,3073304.66,405
2026-09-18,INE382M01027,UFBL,BE,690.9,715.0,685.4,692.45,694.0,690.9,24810,17320333.5,750
2026-09-18,INE0SMR01011,UHTL,ST,188.25,188.25,188.25,188.25,188.25,184.6,6000,1129500.0,3
2026-09-18,INE458F01011,UNITEDTEA,EQ,437.5,439.3,430.0,431.65,432.0,429.05,1441,622701.4,75
2026-09-18,INE368U01029,UNITEDPOLY,EQ,45.0,46.05,43.2,45.85,46.0,44.36,640093,29061366.36,1484
2026-09-18,INE854D01024,UNITDSPR,EQ,1382.0,1405.0,1371.0,1371.0,1371.0,1390.0,842151,1162925230.9,15153
2026-09-18,INE562X01013,UNIVASTU,BE,152.26,152.26,152.25,152.26,152.26,145.01,51713,7873811.48,217
2026-09-18,INE279A01012,UNIVCABLES,EQ,1450.9,1494.9,1437.4,1477.0,1482.7,1438.8,96755,141840065.9,9185
2026-09-18,INE03V001013,UNIVPHOTO,BE,624.75,624.75,583.3,584.0,583.5,614.0,2579,1535169.25,87
2026-09-18,INE405E01023,UNOMINDA,EQ,1213.2,1284.0,1206.8,1284.0,1284.0,1205.0,1277954,1589968270.1,26289
2026-09-18,INE530B08094,10IIFL28A,NE,1042.0,1042.0,1042.0,1042.0,1042.0,1048.97,500,521000.0,9
2026-09-18,INE530B08102,96IIFL28A,NF,1000.0,1000.7,997.5,999.12,999.11,1000.43,1179,1178450.94,22
2026-09-18,INE477L08147,10IIFL28,N4,1002.3,1005.0,1002.3,1005.0,1005.0,1007.99,750,752455.51,19
2026-09-18,INE477L08154,96IIFL28,N5,997.0,1000.0,997.0,999.75,999.75,999.99,2672,2668548.17,29
2026-09-18,INE866I08279,10IIFL29,N6,1025.0,1025.0,1025.0,1025.0,1025.0,1015.0,199,203975.0,6
2026-09-18,INE866I08295,105IIFL29,N7,1090.0,1090.0,1090.0,1090.0,1090.0,1184.0,20,21800.0,2
2026-09-18,INE306N08292,910TCAP28,,1040.0,1040.0,1034.99,1034.99,1034.99,1033.71,139,144451.65,4
2026-09-18,INE851I01011,UDS,EQ,191.0,191.57,187.02,189.82,189.0,188.25,72939,13770483.1,2083
2026-09-18,INE628A01036,UPL,EQ,554.0,580.0,553.4,580.0,580.0,554.75,3779171,2149428729.4,32505
2026-09-18,INE0CBM01019,USASEEDS,SM,90.0,90.0,90.0,90.0,90.0,91.0,428,38520.0,1
2026-09-18,INE568Z01015,URAVIDEF,BE,109.5,109.5,108.0,108.0,108.0,109.9,292,31566.0,15
2026-09-18,INE0CAZ01013,URBANCO,EQ,163.89,172.42,162.55,169.11,168.0,162.81,11152442,1887409758.46,80044
2026-09-18,INE0O0201019,URBAN,SM,120.75,121.3,120.6,120.95,120.6,120.5,9600,1160760.0,12
2026-09-18,INE550C01020,URJA,EQ,9.4,9.4,9.02,9.15,9.18,9.1,538147,4931030.32,1749
2026-09-18,INE0LS001014,USHAFIN,SM,50.0,51.5,49.2,51.0,51.0,48.2,24000,1203280.0,13
2026-09-18,INE240C01028,UMESLTD,EQ,4.1,4.44,3.76,4.39,4.4,4.08,63578,264890.53,262
2026-09-18,INE228A01035,USHAMART,EQ,496.0,511.0,494.0,507.2,507.4,495.65,1588391,803035638.05,28255
2026-09-18,INE094J01016,UTIAMC,EQ,908.0,908.0,889.65,895.0,895.0,898.25,109250,97798740.45,7638
2026-09-18,INF789F1AG76,NIF500BETA,EQ,36.66,36.7,36.51,36.66,36.7,36.48,29211,1068828.51,16
2026-09-18,INF789F1AH42,SECLEDBETA,EQ,15.0,15.5,14.21,14.25,14.27,14.16,20683,298525.11,73
2026-09-18,INF789F1AUV1,BANKBETA,EQ,58.17,58.46,58.08,58.37,58.18,58.07,39047,2276812.84,262
2026-09-18,INF789F1AZF3,GILT10BETA,EQ,26.14,26.67,26.14,26.66,26.66,26.65,641,16839.19,13
2026-09-18,INF789F1AZE6,GILT5BETA,EQ,65.28,66.6,65.28,66.59,66.59,66.59,117,7672.07,4
2026-09-18,INF789F1AZD8,ITBETA,EQ,302.28,310.64,301.55,302.55,310.64,309.39,798,241322.14,53
2026-09-18,INF789F1AYX9,MIDCAPBETA,EQ,229.24,230.9,228.95,230.9,230.9,227.67,5959,1366721.39,33
2026-09-18,INF789F1AUW9,NEXT50BETA,EQ,77.77,78.09,77.03,77.88,77.43,77.1,122825,9531815.98,555
2026-09-18,INF789F1AZC0,NIFTYBETA,EQ,259.0,261.99,258.35,259.77,261.99,258.92,2607269,676118302.48,523
2026-09-18,INF789FB1X58,SENSEXBETA,EQ,825.01,838.0,821.0,832.87,838.0,830.88,1251,1032424.47,96
2026-09-18,INF789F1AYK6,SILVERBETA,EQ,221.68,227.34,221.68,226.15,226.15,218.54,562410,126797366.44,5294
2026-09-18,INF789F1AUU3,SNXT50BETA,EQ,93.36,94.4,91.63,92.86,92.71,92.9,2181,203070.91,78
2026-09-18,INF789F1AUX7,GOLDBETA,EQ,127.35,129.05,127.35,128.6,128.45,126.85,806701,103537303.0,2182
2026-09-18,INE1V1R01014,UTKAL,SM,46.5,48.4,46.5,48.1,48.4,46.1,54000,2593300.0,18
2026-09-18,INE735W01017,UTKARSHBNK,EQ,14.11,14.38,13.96,14.17,14.23,14.05,5303916,74716989.01,4749
2026-09-18,INE06IJ01010,UTSSAV,SM,640.05,661.0,621.9,653.25,653.25,649.3,31200,20209140.0,47
2026-09-18,INE786F01031,UTTAMSUGAR,EQ,254.95,261.7,249.7,260.25,261.0,252.4,127683,32590730.7,3119
2026-09-18,INE0GXK01018,VMARCIND,SM,342.4,349.9,342.4,346.75,347.5,342.35,124500,43147650.0,82
2026-09-18,INE222F01029,VTMLTD,EQ,48.44,48.44,46.12,47.5,47.5,48.34,35040,1677168.01,376
2026-09-18,INE951I01027,VGUARD,EQ,330.0,337.65,323.4,325.4,325.1,330.15,650488,213555462.2,16953
2026-09-18,INE0QXL01015,VLINFRA,SM,25.95,25.95,25.9,25.9,25.9,26.2,7500,194550.0,4
2026-09-18,INE945H01021,V2RETAIL,EQ,210.01,215.81,210.0,214.03,213.95,210.4,643385,137612720.99,16359
2026-09-18,INE956G01038,WABAG,EQ,2085.0,2148.8,2065.4,2132.6,2140.7,2074.8,535595,1132880663.2,28904
2026-09-18,INE693D01018,VADILENT,EQ,10400.0,10575.0,10400.0,10540.0,10575.0,10575.0,10,104770.0,8
2026-09-18,INE694D01016,VADILALIND,EQ,7065.0,7389.0,7040.0,7362.0,7351.0,7101.0,19386,140799067.0,5348
2026-09-18,INE884A01027,VAIBHAVGBL,EQ,212.35,213.0,206.92,209.9,211.7,211.35,254747,53337488.52,5944
2026-09-18,INE0JR301013,MADHAVBAUG,ST,151.4,155.9,151.4,155.9,155.9,159.35,6000,914980.0,13
2026-09-18,INE972X01022,VAISHALI,EQ,9.0,9.14,8.73,8.79,8.96,8.78,189226,1692288.61,386
2026-09-18,INE051B01021,VAKRANGEE,EQ,5.25,5.34,5.25,5.3,5.27,5.25,1102478,5840587.84,1371
2026-09-18,INE0JWS01017,VALIANTLAB,BE,127.15,128.88,121.0,123.26,124.36,122.75,155553,19806488.53,828
2026-09-18,INE565V01010,VALIANTORG,BE,420.0,428.85,413.0,426.65,427.6,408.45,161458,68969078.7,1691
2026-09-18,INE879I01012,DBREALTY,EQ,95.69,97.3,94.0,95.68,96.34,94.73,1389676,132504755.0,9511
2026-09-18,INE1E7Y01018,VALUE360,SM,68.5,68.5,65.3,65.55,65.3,69.1,6000,396780.0,5
2026-09-18,INE116G01013,VARDHACRLC,BE,43.15,45.29,43.15,44.5,44.5,43.14,112090,5032333.77,339
2026-09-18,INE701A01023,VHL,EQ,3400.0,3426.7,3362.0,3377.1,3366.2,3403.5,287,970169.4,94
2026-09-18,INE835A01029,VARDMNPOLY,EQ,5.99,5.99,5.62,5.69,5.7,5.83,430537,2470858.99,707
2026-09-18,INE050M01012,VSSL,EQ,406.95,411.0,397.95,404.7,406.0,406.05,154256,62296491.85,7788
2026-09-18,INE825A01020,VTL,EQ,558.5,580.5,558.2,578.05,578.05,561.3,361599,205536607.7,17709
2026-09-18,INE665L01035,VARROC,EQ,852.25,877.05,840.55,861.55,864.1,846.15,223364,193529997.75,14409
2026-09-18,INE200M01039,VBL,EQ,416.9,425.4,416.25,421.95,421.95,415.45,7581873,3196409977.15,48874
2026-09-18,INE273D01027,VGL,EQ,66.35,68.01,66.0,66.27,66.3,65.85,45684,3038123.7,277
2026-09-18,INE0N5801013,DENTALKART,SM,395.05,427.5,394.0,420.4,424.0,395.5,20000,8347550.0,73
2026-09-18,INE893I01013,VASCONEQ,EQ,30.4,30.94,29.5,30.35,30.3,30.51,305184,9271244.47,1694
2026-09-18,INE590L01019,VASWANI,EQ,44.7,48.47,44.4,46.47,48.47,44.61,52340,2370603.74,455
2026-09-18,INE098201036,VCL,BE,1.67,1.68,1.61,1.61,1.65,1.67,674666,1094537.67,192
2026-09-18,INE04HY08011,125VCCL31,N0,98000.0,98000.0,97700.0,97700.0,97700.0,98000.0,5,489700.0,5
2026-09-18,INE0U2M01015,VDEAL,SM,115.0,115.0,114.0,115.0,115.0,113.0,15000,1724340.0,19
2026-09-18,INE825V01034,MANYAVAR,EQ,570.0,570.6,536.0,544.25,548.05,567.6,2133812,1166380921.85,54334
2026-09-18,INE1CDF01017,VAML,EQ,407.4,419.0,407.35,416.5,415.1,404.3,9307238,3853636680.55,102337
2026-09-18,INE1CLE01013,VISL,EQ,32.37,32.37,30.37,30.91,30.87,31.82,23212486,725369066.18,62848
2026-09-18,INE205A01025,VEDL,EQ,258.0,267.6,258.0,267.6,267.6,257.45,8484152,2233940986.55,55843
2026-09-18,INE704J01044,VOGL,EQ,35.08,35.16,34.01,34.26,34.25,34.83,21433547,736686269.44,67275
2026-09-18,INE694L01019,VEDPOWER,EQ,31.19,31.6,30.44,31.17,31.1,31.01,12482165,385559723.62,46311
2026-09-18,INE359B01010,VEDAVAAG,EQ,22.0,23.25,20.35,22.21,22.36,21.0,105589,2361457.89,559
2026-09-18,INE484C01030,VEEDOL,EQ,1381.6,1397.0,1371.0,1377.7,1371.6,1385.3,9305,12848569.2,835
2026-09-18,INE1JTV01015,VEEGALAND,BE,154.0,154.0,146.3,146.3,146.3,140.0,5227484,789251879.59,28489
2026-09-18,INE0KTW01013,VEEKAYEM,SM,99.3,102.4,99.1,102.2,102.2,104.3,9000,911675.0,9
2026-09-18,INE232E01013,VELJAN,BE,1996.8,2009.0,1931.1,1941.4,1935.0,1978.3,608,1198670.8,96
2026-09-18,INE398A01010,VENKEYS,EQ,1675.0,1675.0,1616.4,1646.8,1648.0,1655.6,50193,82443118.4,4622
2026-09-18,INE781S01027,VENTIVE,EQ,564.55,564.9,555.0,557.35,556.5,561.75,25567,14271497.7,1363
2026-09-18,INE0JA001018,VENUSPIPES,EQ,2123.1,2309.1,2120.0,2282.9,2263.4,2131.7,1274312,2842338584.6,107748
2026-09-18,INE411B01019,VENUSREM,BE,1527.0,1594.9,1527.0,1582.2,1572.1,1549.8,11202,17588031.2,480
2026-09-18,INE0IQ001011,VERANDA,EQ,216.98,225.0,212.8,221.76,224.0,214.57,279852,61222075.3,3107
2026-09-18,INE0KXY23015,VERTIS,IV,113.5,114.5,113.5,114.5,114.5,115.0,50000,5700000.0,2
2026-09-18,INE188Y01031,VERTOZ,EQ,36.72,37.95,36.2,37.04,37.18,37.12,17377,644458.16,370
2026-09-18,INE386A01023,VESUVIUS,EQ,402.0,414.3,400.9,405.95,405.0,400.0,129439,52460434.15,5850
2026-09-18,INE918N01018,VETO,BE,133.8,139.15,131.15,139.15,139.15,132.53,189474,26099209.84,1144
2026-09-18,INE0QTF01015,VSTL,EQ,114.82,114.82,112.1,113.54,113.6,114.82,5909,668033.21,186
2026-09-18,INE761Q01015,VGCL,EQ,48.01,50.39,48.0,48.42,48.9,48.01,2553,124014.3,68
2026-09-18,INE048C01025,VHLTD,BE,125.48,127.99,125.48,126.31,125.81,132.08,90680,11452540.79,219
2026-09-18,INE0F8901022,VICTORYEV,SM,14.9,14.9,14.9,14.9,14.9,14.6,3000,44700.0,1
2026-09-18,INE632C01026,VIDHIING,EQ,346.0,350.5,340.0,344.55,346.8,348.3,23643,8198684.1,988
2026-09-18,INE14UN01029,VIDYAWIRES,EQ,85.34,87.39,85.11,86.87,87.1,85.34,527832,45518358.28,4902
2026-09-18,INE1DM601016,VIGOR,SM,99.05,99.05,99.05,99.05,99.05,99.0,1600,158480.0,1
2026-09-18,INE362D01010,VIJSOLX,EQ,638.0,647.95,627.05,631.5,630.0,637.85,282,177609.0,27
2026-09-18,INE043W01024,VIJAYA,EQ,1510.0,1569.0,1491.0,1558.9,1560.0,1506.1,278137,430215716.4,29691
2026-09-18,INE0WL901019,VIJAYPD,SM,64.0,64.0,63.0,63.0,63.0,63.0,4000,254000.0,2
2026-09-18,INE159N01027,VIJIFIN,BE,14.45,15.0,14.45,15.0,15.0,14.71,2801457,41335169.55,1220
2026-09-18,INE806A01020,VIKASECO,EQ,1.05,1.05,1.04,1.04,1.05,1.04,1026403,1073121.63,757
2026-09-18,INE161L01027,VIKASLIFE,EQ,1.22,1.24,1.21,1.21,1.22,1.22,1457205,1777201.54,7590
2026-09-18,INE078V01014,VIKRAMSOLR,EQ,164.24,165.91,163.05,165.42,165.68,163.37,864171,142080487.87,9253
2026-09-18,INE01R501028,VIKRAN,EQ,56.25,56.68,55.79,56.31,56.48,56.0,526119,29560085.96,2952
2026-09-18,INE0AZY01017,VILAS,SM,341.0,376.75,341.0,372.4,370.0,331.6,124750,45014225.0,427
2026-09-18,INE0L4V01013,VILINBIO,ST,59.0,59.0,58.0,58.0,58.0,60.0,8000,468000.0,2
2026-09-18,INE579C01029,VIMTALABS,EQ,604.0,610.0,599.05,603.1,604.85,599.6,91341,55166348.6,5653
2026-09-18,INE410B01037,VINATIORGA,EQ,1254.0,1255.4,1228.3,1234.9,1240.0,1249.7,178913,221566319.7,8456
2026-09-18,INE707A01012,VINDHYATEL,EQ,2640.0,2687.9,2601.0,2660.0,2674.7,2632.5,35119,93275117.4,5271
2026-09-18,INE505Y01010,VINEETLAB,EQ,36.9,37.37,35.41,36.78,36.92,35.97,115604,4192916.67,718
2026-09-18,INE27V201011,VMOBILE,SM,60.15,60.2,57.25,60.2,60.2,59.55,6400,379240.0,7
2026-09-18,INE01KI01027,VINNY,EQ,0.99,0.99,0.95,0.96,0.97,0.97,264396,254709.51,198
2026-09-18,INE1A5U01014,VINOD,ST,84.85,84.85,84.85,84.85,84.85,89.3,1200,101820.0,1
2026-09-18,INE0OSJ01014,VINSYS,ST,581.0,590.0,577.0,580.0,580.0,582.0,11250,6610250.0,14
2026-09-18,INE498Q01014,VINCOFE,EQ,173.25,177.73,172.7,174.19,174.6,175.96,1635637,284755055.07,15587
2026-09-18,INE0OLS01010,VINYAS,SM,1452.5,1471.85,1425.0,1432.35,1430.5,1451.3,3900,5623460.0,38
2026-09-18,INE250B01029,VINYLINDIA,EQ,218.7,226.0,214.1,222.68,225.0,214.17,6877,1526872.71,321
2026-09-18,INE450G01024,VIPCLOTHNG,EQ,20.73,21.35,20.6,20.8,20.85,20.6,75380,1570621.94,702
2026-09-18,INE054A01027,VIPIND,EQ,305.0,310.85,292.35,299.1,300.05,304.25,1206004,359717381.15,20889
2026-09-18,INE946H01037,VIPULLTD,BE,12.47,12.47,12.25,12.25,12.25,12.23,217274,2704990.87,97
2026-09-18,INE467D01017,VIRAT,EQ,394.9,404.8,375.35,390.85,398.95,382.25,11453,4465114.1,773
2026-09-18,INE539B01017,VIRINCHI,EQ,13.61,14.5,13.61,14.17,14.23,13.92,62548,872251.55,305
2026-09-18,INE0VRH01015,VGINFOTECH,SM,136.5,140.8,136.5,140.1,139.5,137.3,11000,1528150.0,11
2026-09-18,INE247C01023,VIRTUALG,BE,0.49,0.49,0.47,0.47,0.48,0.49,200774,95008.54,151
2026-09-18,INE0I0T01010,VOEPL,EQ,499.0,510.15,491.55,506.75,508.0,491.95,30038,15163746.45,1504
2026-09-18,INE286H01012,VISACHROME,EQ,29.11,31.78,28.8,30.09,30.39,30.27,54826,1639953.4,411
2026-09-18,INE370E01029,VIVIDHA,EQ,0.52,0.53,0.51,0.51,0.52,0.51,328242,171336.75,145
2026-09-18,INE392A01021,VISAKAIND,EQ,91.0,97.95,91.0,97.36,97.09,90.81,612789,58590569.83,6462
2026-09-18,INE0BHK01012,VISAMAN,SM,41.65,41.65,38.85,38.85,38.85,40.85,2000,80500.0,2
2026-09-18,INE0OWX01025,VISDEM,SM,86.0,94.95,83.0,85.45,85.95,87.6,24000,2066820.0,20
2026-09-18,INE755Q01025,VISHAL,EQ,18.12,18.49,18.05,18.22,18.15,18.12,14567,266765.9,186
2026-09-18,INE01EA01019,VMM,EQ,101.24,102.65,100.23,102.65,102.65,101.24,10785733,1093910821.4,46067
2026-09-18,INE270I01022,VISHNU,EQ,715.5,728.0,709.2,722.15,725.0,709.1,81466,58799522.9,4719
2026-09-18,INE0AE001013,VPRPL,EQ,33.78,36.0,32.9,34.72,34.71,33.35,1120320,38737803.5,3603
2026-09-18,INE0PQ001012,VISHNUINFR,SM,150.0,158.0,149.9,150.55,149.9,156.85,12000,1838150.0,14
2026-09-18,INE430N01022,VISHWARAJ,EQ,5.25,5.35,5.25,5.31,5.35,5.25,173856,921492.8,393
2026-09-18,INE0S2E01016,VISHWAS,ST,40.0,40.0,39.8,39.8,39.8,41.85,8000,318720.0,5
2026-09-18,INE0TR001017,VIESL,SM,395.0,395.0,388.0,393.0,393.0,401.0,3200,1251200.0,4
2026-09-18,INE0L4K01016,VITAL,EQ,57.25,57.25,55.4,55.4,55.99,55.19,4769,265751.37,19
2026-09-18,INE0MEG01014,VIVIANA,EQ,732.15,743.75,711.45,718.8,719.8,724.7,13641,9851462.35,775
2026-09-18,INE24H301028,VIVIDEL,SM,1894.0,1915.0,1861.0,1869.3,1862.15,1892.8,12720,24192528.0,52
2026-09-18,INE526G01021,VIVIMEDLAB,BE,5.71,5.78,5.58,5.58,5.58,5.69,16758,93581.67,30
2026-09-18,INE380K01017,VIVOBIOT,EQ,17.19,17.19,16.11,16.77,16.79,16.85,7955,131766.15,65
2026-09-18,INE807F01027,VIYASH,EQ,245.9,251.15,245.65,249.65,249.9,244.5,1418518,352613916.55,18125
2026-09-18,INE03HW01020,VLEGOV,EQ,10.25,10.47,10.07,10.19,10.15,10.45,22497,229780.11,319
2026-09-18,INE709A01018,VLSFINANCE,EQ,238.0,241.98,237.56,238.2,237.58,239.67,5611,1340644.94,231
2026-09-18,INE665J01013,VMART,EQ,789.75,828.0,781.2,808.15,825.0,790.05,87125,69854345.45,8571
2026-09-18,INE0SJA01013,VMSTMT,EQ,50.5,50.9,47.51,49.64,49.62,50.3,133668,6637142.7,802
2026-09-18,INE669E01016,IDEA,EQ,14.34,14.37,13.92,13.92,13.92,14.22,350366817,4961495774.51,545606
2026-09-18,INE285C01015,VOITHPAPR,EQ,1461.2,1475.8,1451.0,1457.5,1457.1,1468.5,161,235530.2,16
2026-09-18,INE241X01014,VOLERCAR,SM,233.0,233.0,233.0,233.0,233.0,225.0,800,186400.0,1
2026-09-18,INE540H01012,VOLTAMP,EQ,10798.0,10964.0,10784.0,10879.0,10898.0,10735.0,19415,211211339.0,6740
2026-09-18,INE226A01021,VOLTAS,EQ,1136.0,1145.3,1110.9,1110.9,1110.9,1135.0,597381,671702482.1,21120
2026-09-18,INE0S2V01010,VRAJ,EQ,124.0,128.1,123.87,127.74,128.0,123.99,20078,2536823.36,466
2026-09-18,INE366I01010,VRLLOG,EQ,286.15,295.0,286.15,293.6,292.05,287.9,140025,40716271.9,4861
2026-09-18,INE710A01016,VSTIND,EQ,206.0,214.7,202.5,208.92,208.4,204.11,257715,53481082.37,5877
2026-09-18,INE764D01017,VSTTILLERS,EQ,4248.2,4322.6,4086.8,4240.0,4254.0,4201.1,17107,71674435.1,4255
2026-09-18,INE855A01019,WHBRADY,EQ,489.0,489.0,465.3,476.05,473.0,487.0,124,59211.9,34
2026-09-18,INE765D01022,WPIL,EQ,444.6,445.0,430.5,433.7,432.15,442.4,38917,16889302.35,2095
2026-09-18,INE100D01014,WSI,EQ,58.79,58.79,57.02,58.59,58.67,56.6,15648,910140.14,270
2026-09-18,INE377N01017,WAAREEENER,EQ,2490.1,2560.7,2486.1,2560.7,2560.7,2473.0,1224265,3099786779.4,47013
2026-09-18,INE299N01021,WAAREERTL,EQ,811.65,825.95,811.65,819.65,820.5,811.05,93649,76670031.2,7794
2026-09-18,INE0E7301029,WAKEFIT,EQ,146.11,148.9,144.6,146.85,146.5,145.59,179739,26200828.54,2879
2026-09-18,INE711A01022,WALCHANNAG,EQ,200.0,203.75,198.02,202.71,203.5,199.84,396972,79992699.91,7005
2026-09-18,INE0G2G01015,WALPAR,SM,22.15,22.15,21.3,22.0,22.0,22.4,22000,476400.0,10
2026-09-18,INE107F01022,WANBURY,EQ,226.1,228.0,221.25,222.75,223.5,223.65,113160,25385176.05,2855
2026-09-18,INE945P01024,WARDINMOBI,EQ,5.77,5.79,5.6,5.72,5.74,5.68,205536,1173961.34,634
2026-09-18,INE054C01015,WATERBASE,EQ,45.67,46.9,45.51,45.96,45.92,45.39,12534,576431.3,246
2026-09-18,INE0LZF01039,CORDELIA,EQ,109.68,115.16,109.68,115.15,115.1,109.68,2435983,279672941.02,10968
2026-09-18,INE0A3007065,1075WCA28,N0,9879.79,9879.79,9879.79,9879.79,9879.79,9801.0,7,69158.53,2
2026-09-18,INE082W01014,WEWIN,EQ,43.1,43.1,41.01,43.0,43.1,42.89,3103,133276.45,53
2026-09-18,INF2F0001370,TWCGOLDETF,EQ,151.45,152.93,151.32,152.54,152.55,149.93,2610,397795.53,301
2026-09-18,INE658T01017,WEALTH,EQ,842.1,857.7,830.0,841.55,841.0,842.1,2275,1920199.15,198
2026-09-18,INE855C01023,WEBELSOLAR,EQ,72.99,74.49,71.65,72.94,73.05,71.74,1657255,120856994.2,8870
2026-09-18,INE080A01014,WEIZMANIND,EQ,71.27,71.5,71.27,71.48,71.5,71.24,282,20103.62,5
2026-09-18,INE191B01025,WELCORP,EQ,2472.6,2678.7,2472.6,2660.1,2660.0,2460.3,4629365,12092947371.5,195502
2026-09-18,INE625G01013,WELENT,EQ,783.8,837.75,774.65,823.35,820.0,778.7,1675361,1331357705.15,18732
2026-09-18,INE389K01018,WELINV,BE,2286.3,2320.0,2230.6,2320.0,2320.0,2275.0,24,55236.5,7
2026-09-18,INE192B01031,WELSPUNLIV,EQ,212.25,216.0,211.46,214.66,214.02,212.25,3513969,752587965.72,34964
2026-09-18,INE731F01037,WELSPLSOL,EQ,53.88,56.23,52.99,55.65,55.73,53.93,558795,30704925.17,5225
2026-09-18,INE274C01019,WENDT,EQ,8799.0,8945.0,8622.5,8767.5,8711.0,8765.0,16282,142713045.5,4027
2026-09-18,INE976A01021,WSTCSTPAPR,EQ,716.0,772.0,713.95,768.3,768.8,716.45,592182,443499796.25,27644
2026-09-18,INE0CJF01024,WCIL,EQ,95.8,99.99,93.95,96.86,95.4,95.21,535857,52375811.76,5019
2026-09-18,INE274F01020,WESTLIFE,EQ,544.2,566.0,544.2,564.4,564.0,549.05,64581,36349314.8,3569
2026-09-18,INE085001019,WEWORK,EQ,682.0,692.55,676.6,681.2,682.15,682.85,191510,130591463.9,11267
2026-09-18,INE715A01015,WHEELS,EQ,2130.0,2235.0,2116.6,2175.7,2178.0,2124.6,311417,676129655.1,24614
2026-09-18,INE716A01013,WHIRLPOOL,EQ,727.4,732.1,706.0,717.7,732.0,727.4,1683148,1206939012.1,40173
2026-09-18,INE210A01017,WILLAMAGOR,EQ,25.25,25.25,23.41,24.36,24.0,24.11,939,22763.91,68
2026-09-18,INE0H5O01029,WINDLAS,EQ,1119.85,1136.6,1104.35,1109.45,1110.2,1117.6,71125,79452803.6,6540
2026-09-18,INE052A01021,WINDMACHIN,EQ,300.05,303.2,293.7,300.05,301.0,300.05,137585,41234628.95,1608
2026-09-18,INE0S9101013,WINNY,SM,32.45,32.45,32.45,32.45,32.45,30.95,1000,32450.0,2
2026-09-18,INE0S3D01016,WINSOL,SM,113.0,113.0,112.75,112.75,112.75,110.7,800,90300.0,2
2026-09-18,INE075A01022,WIPRO,EQ,166.9,166.9,163.3,166.83,166.83,166.4,23606474,3900410009.34,110936
2026-09-18,INE623Y01011,WTICAB,SM,102.5,103.95,102.5,103.45,103.3,101.75,5000,516625.0,9
2026-09-18,INE049B01025,WOCKPHARMA,EQ,2072.3,2109.3,2047.3,2086.1,2087.0,2072.3,557349,1160083924.4,34910
2026-09-18,INE0OO201011,WOL3D,SM,131.0,133.0,131.0,133.0,133.0,135.0,3000,395050.0,3
2026-09-18,INE0Q9601016,WOMANCART,ST,104.2,106.05,103.8,106.05,106.05,101.0,24000,2532740.0,56
2026-09-18,INE02WG01024,WEL,EQ,70.4,72.94,68.01,72.94,72.94,69.47,546636,39129355.77,2567
2026-09-18,INE066O01014,WONDERLA,EQ,516.65,529.8,516.05,527.85,525.0,516.65,72202,37954268.85,3225
2026-09-18,INE196Y01018,WORTHPERI,EQ,144.21,155.0,144.21,147.52,147.1,146.27,6705,994683.77,134
2026-09-18,INE692G01013,XCHANGING,EQ,62.4,62.95,61.65,62.16,62.91,61.8,62678,3884498.58,724
2026-09-18,INE01P501012,XELPMOC,EQ,75.99,75.99,73.1,74.39,74.7,74.08,4134,306569.64,205
2026-09-18,INE445C01015,XPROINDIA,EQ,1231.0,1251.2,1213.0,1223.0,1218.9,1236.1,20472,25170167.8,1770
2026-09-18,INE547B01028,XTGLOBAL,EQ,29.45,30.0,28.6,29.54,29.65,29.45,27319,804816.42,178
2026-09-18,INE0NG701011,XTRANET,EQ,305.49,330.0,303.11,312.16,311.0,302.42,2792260,881977679.28,52894
2026-09-18,INE0U0J01015,YAAP,SM,127.6,128.2,125.25,126.3,126.5,125.1,13000,1651200.0,13
2026-09-18,INE0TO601017,YASHOPTICS,SM,136.0,136.0,129.55,133.9,129.55,132.0,27200,3636960.0,24
2026-09-18,INE616Z01012,YASHO,EQ,4003.0,4065.0,3970.0,4002.0,4009.9,4003.0,16899,67734396.6,3625
2026-09-18,INE08S201019,YCCL,SM,8.55,8.55,8.55,8.55,8.55,8.4,3000,25650.0,1
2026-09-18,INE0JO301016,YATHARTH,EQ,1098.0,1184.0,1082.4,1139.5,1134.0,1072.4,6484052,7388500648.7,238220
2026-09-18,INE0JR601024,YATRA,EQ,103.7,106.5,103.7,104.83,104.43,104.16,437182,46013787.16,3851
2026-09-18,INE528G01035,YESBANK,EQ,23.2,23.38,22.72,22.72,22.72,23.13,73563796,1693928532.32,93303
2026-09-18,INE290E01011,YOGI,EQ,163.99,164.0,163.9,163.98,164.0,163.0,15,2459.75,7
2026-09-18,INE09FA01019,YUDIZ,SM,22.0,23.1,22.0,23.1,23.1,22.05,1600,36080.0,2
2026-09-18,INE384C01016,YUKEN,EQ,1123.1,1149.0,1078.4,1139.2,1127.0,1123.1,26377,29444306.05,3368
2026-09-18,INE116C01012,ZFSTEERING,EQ,689.0,704.7,685.8,697.85,696.5,694.6,3521,2453664.1,306
2026-09-18,INE0ISZ01012,ZTECH,SM,397.0,415.0,393.0,412.25,415.0,406.85,20100,8137170.0,62
2026-09-18,INE07K301024,ZAGGLE,EQ,181.24,182.24,177.25,178.56,178.5,181.38,983830,176462462.89,11828
2026-09-18,INE0PPS01018,ZEAL,SM,75.3,82.5,75.3,80.0,80.0,75.0,7200,584790.0,12
2026-09-18,INE256A01028,ZEEL,EQ,78.31,79.97,76.76,78.62,78.79,78.31,21977996,1719635815.15,73084
2026-09-18,INE565L01011,ZEELEARN,EQ,7.3,7.3,6.6,6.86,6.8,6.85,361589,2458189.88,899
2026-09-18,INE966H01019,ZEEMEDIA,EQ,7.3,7.44,7.29,7.32,7.35,7.4,1273163,9362090.26,1184
2026-09-18,INE251B01027,ZENTEC,EQ,1690.0,1706.0,1680.0,1687.4,1682.0,1681.7,196201,331591716.2,15696
2026-09-18,INE0QWN01013,ZENITHDRUG,SM,43.5,44.05,43.25,43.25,43.25,43.45,4000,175040.0,5
2026-09-18,INE058B01018,ZENITHEXPO,EQ,196.95,203.95,196.95,203.95,203.95,196.95,2,400.9,2
2026-09-18,INE318D01020,ZENITHSTL,EQ,5.48,5.69,5.48,5.58,5.63,5.56,27022,151872.64,218
2026-09-18,INE520A01027,ZENSARTECH,EQ,442.4,443.85,433.0,436.45,437.0,441.85,1100244,479908422.7,21028
2026-09-18,INF0R8F01042,GOLDCASE,EQ,23.86,24.2,23.86,24.07,24.06,23.69,8804176,211748216.87,7761
2026-09-18,INF0R8F01034,LIQUIDCASE,EQ,116.01,116.01,115.99,116.0,116.0,115.95,13211859,1532610727.62,13210
2026-09-18,INF0R8F01133,LTGILTCASE,EQ,30.88,30.88,30.1,30.29,30.29,30.27,228742,6931068.07,159
2026-09-18,INF0R8F01059,MID150CASE,EQ,11.6,11.6,11.21,11.51,11.55,11.37,622348,7135667.98,2930
2026-09-18,INF0R8F01166,NIFTYCASE,EQ,9.59,9.59,9.35,9.37,9.4,9.36,503818,4726539.75,1514
2026-09-18,INF0R8F01091,SILVERCASE,EQ,23.48,23.82,23.46,23.73,23.75,22.95,12962915,306729009.38,8305
2026-09-18,INF0R8F01141,SML100CASE,EQ,11.35,11.36,11.14,11.32,11.35,11.13,1176113,13267290.53,1273
2026-09-18,INF0R8F01067,TOP100CASE,EQ,10.05,10.47,10.05,10.3,10.27,10.26,253788,2611314.02,856
2026-09-18,INE342J01019,ZFCVINDIA,EQ,2450.0,2451.4,2361.0,2387.0,2378.0,2445.2,351520,843274778.7,35683
2026-09-18,INE518E01015,ZIMLAB,EQ,137.77,139.79,130.2,135.51,133.35,137.92,127424,17097002.17,1991
2026-09-18,INE206B01013,ZODIACLOTH,EQ,69.12,70.88,69.1,69.52,69.52,69.1,674,46750.57,23
2026-09-18,INE761Y01019,ZODIAC,EQ,226.5,226.5,220.1,222.25,221.85,220.25,6000,1331650.05,495
2026-09-18,INE358U01012,ZOTA,EQ,1124.9,1155.0,1124.9,1144.5,1140.0,1118.8,56557,64653280.6,3191
2026-09-18,INE840M01016,ZUARI,EQ,216.05,221.35,215.45,220.77,220.5,216.03,66310,14496230.9,2326
2026-09-18,INE217A01012,ZUARIIND,EQ,262.15,265.0,257.05,262.45,260.35,259.3,26424,6878947.6,1041
2026-09-18,INE010B01027,ZYDUSLIFE,EQ,1150.7,1167.3,1147.7,1160.0,1160.0,1135.1,2789186,3228915177.2,56206
2026-09-18,INE768C01028,ZYDUSWELL,EQ,548.0,552.9,512.0,522.25,528.0,546.15,723768,381392081.35,43609
